Header Size:	 78	 	 
Pulse Version:	 42	 	 
Decimal Symbol:	,	 	 
Date Format:	dd-MM-yyyy	 	 
Time Format:	HH:mm:ss:mmm	 	 
Data Type:	Complex	 	 
Slice:	False	 	 
Z-Axis type:	Linear	 	 
Z-Axis size:	1	 	 
Z-Axis unit:	 	 	 
Z-Axis first value:	  0,0000000000e+00	 	 
Z-Axis delta:	  1,0000000000e+00	 	 
X-Axis type:	Linear	 	 
X-Axis size:	6401	 	 
X-Axis unit:	Hz	 	 
X-Axis first value:	  0,0000000000e+00	 	 
X-Axis delta:	  2,0000000000e+00	 	 
	 	 	 
AmplitudeUnit:	Pa/V	 	 
Analyzer:	FFT_Spectrum_Averaging	 	 
AnalyzerName:	FFT Analyzer2	 	 
	 	 	 
	 	 	 
Bipolar:	True	 	 
CenterFrequency:	  6,4000000000e+03	 	 
	 	 	 
	 	 	 
	 	 	 
	 	 	 
	 	 	 
	 	 	 
	 	 	 
	 	 	 
Domain:	1	 	 
Function:	Frequency Response	 	 
	 	 	 
InputRange:	  1,0000000000e+01	 	 
	 	 	 
	 	 	 
MultiBufferName:	Input	 	 
NBW:	  1,5000000000e+00	 	 
	 	 	 
OverlapFailed:	False	 	 
Overrun:	False	 	 
Power:	False	 	 
	 	 	 
Ratio:	True	 	 
RecordLength:	  5,0000000000e-01	 	 
ReducedSize:	True	 	 
Ref_Signal:	Signal 1	 	 
	 	 	 
	 	 	 
RefSignalUnit:	V	 	 
	 	 	 
	 	 	 
Signal:	Signal 31	 	 
	 	 	 
SignalUnit:	Pa	 	 
	 	 	 
	 	 	 
	 	 	 
Title:	Frequency Response H1(Signal 31,Signal 1) - Input	 	 
Title1:	Working : Input : Input : FFT Analyzer2	 	 
	 	 	 
	 	 	 
	 	 	 
ZoomOn:	True	 	 
	 	 	 
TemplateName:	Working	 	 
MeasurementName:	Input	 	 
MeasurementSlice:	False	 	 
	 	 	 
	 	 	 
	 	 	 
EnvelopeOn:	False	 	 
	 	 	 
	 	 	 
	 	 	 
Z-index:	 	1	 
Date:	 	14-07-2026	 
Time:	 	17:50:37:961	 
Relative time:	 	  0,00000e+00	 
Z-axis:	 	  0,0000000000e+00	 
1	  0,0000000000e+00	  2,46314e-05	 -2,62574e-08
2	  2,0000000000e+00	 -6,49983e-04	 -5,47064e-04
3	  4,0000000000e+00	 -1,82635e-03	 -2,57100e-03
4	  6,0000000000e+00	 -4,68974e-03	  3,57096e-04
5	  8,0000000000e+00	  6,42827e-04	  6,71910e-03
6	  1,0000000000e+01	 -1,12482e-02	  3,75874e-03
7	  1,2000000000e+01	  6,58914e-03	 -7,79758e-03
8	  1,4000000000e+01	  6,19178e-03	 -1,04262e-02
9	  1,6000000000e+01	  2,14011e-03	 -6,11811e-03
10	  1,8000000000e+01	  9,12746e-04	 -6,76635e-03
11	  2,0000000000e+01	  2,09291e-02	 -4,23586e-03
12	  2,2000000000e+01	  3,24156e-02	 -1,15570e-02
13	  2,4000000000e+01	  1,28526e-02	 -4,90134e-03
14	  2,6000000000e+01	 -8,10865e-04	  1,19511e-02
15	  2,8000000000e+01	 -3,54967e-03	 -9,06314e-03
16	  3,0000000000e+01	 -5,64307e-03	 -1,39228e-02
17	  3,2000000000e+01	  6,99097e-03	 -5,95904e-03
18	  3,4000000000e+01	  8,74002e-03	 -7,92203e-03
19	  3,6000000000e+01	 -1,91174e-03	 -4,45899e-03
20	  3,8000000000e+01	 -1,04276e-02	 -1,55272e-02
21	  4,0000000000e+01	 -1,18442e-02	 -2,35150e-02
22	  4,2000000000e+01	 -1,04961e-02	 -1,23866e-02
23	  4,4000000000e+01	 -3,13576e-02	 -1,31345e-02
24	  4,6000000000e+01	 -3,06876e-02	 -1,51136e-02
25	  4,8000000000e+01	 -2,18745e-02	 -2,05652e-02
26	  5,0000000000e+01	 -3,15805e-02	 -1,72033e-02
27	  5,2000000000e+01	 -3,97608e-02	 -1,67777e-02
28	  5,4000000000e+01	 -3,99969e-02	 -1,28978e-02
29	  5,6000000000e+01	 -5,05297e-02	 -1,01324e-02
30	  5,8000000000e+01	 -6,29223e-02	 -1,21895e-02
31	  6,0000000000e+01	 -6,15642e-02	 -3,67274e-03
32	  6,2000000000e+01	 -7,47530e-02	  4,53807e-03
33	  6,4000000000e+01	 -8,35883e-02	  6,27382e-03
34	  6,6000000000e+01	 -7,86191e-02	  1,44248e-02
35	  6,8000000000e+01	 -7,16371e-02	  1,62955e-02
36	  7,0000000000e+01	 -7,83859e-02	  1,29181e-02
37	  7,2000000000e+01	 -8,43538e-02	  2,28571e-02
38	  7,4000000000e+01	 -8,59807e-02	  2,39277e-02
39	  7,6000000000e+01	 -8,87878e-02	  3,53368e-02
40	  7,8000000000e+01	 -9,51928e-02	  4,38820e-02
41	  8,0000000000e+01	 -9,63081e-02	  5,25477e-02
42	  8,2000000000e+01	 -9,88165e-02	  6,12982e-02
43	  8,4000000000e+01	 -1,01835e-01	  6,90737e-02
44	  8,6000000000e+01	 -9,99743e-02	  7,79162e-02
45	  8,8000000000e+01	 -1,01506e-01	  8,60793e-02
46	  9,0000000000e+01	 -1,02064e-01	  9,40352e-02
47	  9,2000000000e+01	 -1,02090e-01	  1,02855e-01
48	  9,4000000000e+01	 -1,00224e-01	  1,07929e-01
49	  9,6000000000e+01	 -1,01170e-01	  1,06511e-01
50	  9,8000000000e+01	 -1,08431e-01	  1,17033e-01
51	  1,0000000000e+02	 -1,04172e-01	  1,34842e-01
52	  1,0200000000e+02	 -9,92386e-02	  1,47595e-01
53	  1,0400000000e+02	 -1,00468e-01	  1,57633e-01
54	  1,0600000000e+02	 -9,74213e-02	  1,66288e-01
55	  1,0800000000e+02	 -8,28105e-02	  1,83094e-01
56	  1,1000000000e+02	 -7,35293e-02	  1,92254e-01
57	  1,1200000000e+02	 -7,44647e-02	  1,94332e-01
58	  1,1400000000e+02	 -7,45148e-02	  2,06026e-01
59	  1,1600000000e+02	 -7,15549e-02	  2,18761e-01
60	  1,1800000000e+02	 -6,21568e-02	  2,29583e-01
61	  1,2000000000e+02	 -5,29204e-02	  2,33494e-01
62	  1,2200000000e+02	 -3,76521e-02	  2,48699e-01
63	  1,2400000000e+02	 -2,86122e-02	  2,64183e-01
64	  1,2600000000e+02	 -2,14618e-02	  2,74680e-01
65	  1,2800000000e+02	 -1,03146e-02	  2,83127e-01
66	  1,3000000000e+02	  1,05447e-02	  2,93114e-01
67	  1,3200000000e+02	  2,44267e-02	  2,98730e-01
68	  1,3400000000e+02	  3,58476e-02	  3,06628e-01
69	  1,3600000000e+02	  5,15705e-02	  3,14789e-01
70	  1,3800000000e+02	  6,58505e-02	  3,15911e-01
71	  1,4000000000e+02	  8,64994e-02	  3,14243e-01
72	  1,4200000000e+02	  9,96438e-02	  3,19266e-01
73	  1,4400000000e+02	  1,24746e-01	  3,27604e-01
74	  1,4600000000e+02	  1,42225e-01	  3,24947e-01
75	  1,4800000000e+02	  1,57540e-01	  3,22242e-01
76	  1,5000000000e+02	  1,72680e-01	  3,19026e-01
77	  1,5200000000e+02	  1,85902e-01	  3,16530e-01
78	  1,5400000000e+02	  2,03149e-01	  3,10160e-01
79	  1,5600000000e+02	  2,21857e-01	  3,00843e-01
80	  1,5800000000e+02	  2,29303e-01	  2,97681e-01
81	  1,6000000000e+02	  2,38915e-01	  2,88849e-01
82	  1,6200000000e+02	  2,60651e-01	  2,81493e-01
83	  1,6400000000e+02	  2,74779e-01	  2,71649e-01
84	  1,6600000000e+02	  2,87707e-01	  2,62250e-01
85	  1,6800000000e+02	  3,01735e-01	  2,52222e-01
86	  1,7000000000e+02	  3,05284e-01	  2,43498e-01
87	  1,7200000000e+02	  3,18730e-01	  2,32309e-01
88	  1,7400000000e+02	  3,31260e-01	  2,24150e-01
89	  1,7600000000e+02	  3,36979e-01	  2,14033e-01
90	  1,7800000000e+02	  3,46271e-01	  2,01082e-01
91	  1,8000000000e+02	  3,57206e-01	  1,90574e-01
92	  1,8200000000e+02	  3,66508e-01	  1,79582e-01
93	  1,8400000000e+02	  3,73432e-01	  1,70299e-01
94	  1,8600000000e+02	  3,77155e-01	  1,57463e-01
95	  1,8800000000e+02	  3,82194e-01	  1,39166e-01
96	  1,9000000000e+02	  3,85234e-01	  1,19871e-01
97	  1,9200000000e+02	  3,97963e-01	  1,06694e-01
98	  1,9400000000e+02	  4,01716e-01	  9,55263e-02
99	  1,9600000000e+02	  4,01107e-01	  8,68853e-02
100	  1,9800000000e+02	  4,02595e-01	  7,59428e-02
101	  2,0000000000e+02	  4,03369e-01	  6,47252e-02
102	  2,0200000000e+02	  4,05685e-01	  5,26779e-02
103	  2,0400000000e+02	  4,10814e-01	  3,64305e-02
104	  2,0600000000e+02	  4,09797e-01	  2,41434e-02
105	  2,0800000000e+02	  4,06284e-01	  1,95852e-02
106	  2,1000000000e+02	  4,07031e-01	  8,56604e-03
107	  2,1200000000e+02	  4,05772e-01	 -1,06686e-02
108	  2,1400000000e+02	  4,05864e-01	 -1,90117e-02
109	  2,1600000000e+02	  4,09109e-01	 -2,77098e-02
110	  2,1800000000e+02	  4,04075e-01	 -3,77572e-02
111	  2,2000000000e+02	  4,03028e-01	 -4,63391e-02
112	  2,2200000000e+02	  4,01001e-01	 -6,04716e-02
113	  2,2400000000e+02	  4,01342e-01	 -7,19788e-02
114	  2,2600000000e+02	  3,98409e-01	 -7,66906e-02
115	  2,2800000000e+02	  3,96621e-01	 -8,46643e-02
116	  2,3000000000e+02	  3,91973e-01	 -9,57215e-02
117	  2,3200000000e+02	  3,86900e-01	 -1,06514e-01
118	  2,3400000000e+02	  3,85976e-01	 -1,19254e-01
119	  2,3600000000e+02	  3,82723e-01	 -1,27015e-01
120	  2,3800000000e+02	  3,78448e-01	 -1,34879e-01
121	  2,4000000000e+02	  3,71018e-01	 -1,42577e-01
122	  2,4200000000e+02	  3,62315e-01	 -1,46927e-01
123	  2,4400000000e+02	  3,53583e-01	 -1,55655e-01
124	  2,4600000000e+02	  3,49982e-01	 -1,63358e-01
125	  2,4800000000e+02	  3,47906e-01	 -1,69643e-01
126	  2,5000000000e+02	  3,42453e-01	 -1,73421e-01
127	  2,5200000000e+02	  3,37507e-01	 -1,76701e-01
128	  2,5400000000e+02	  3,34988e-01	 -1,83540e-01
129	  2,5600000000e+02	  3,34397e-01	 -1,93736e-01
130	  2,5800000000e+02	  3,28162e-01	 -1,97305e-01
131	  2,6000000000e+02	  3,25796e-01	 -2,00223e-01
132	  2,6200000000e+02	  3,21403e-01	 -2,08757e-01
133	  2,6400000000e+02	  3,22024e-01	 -2,15454e-01
134	  2,6600000000e+02	  3,19013e-01	 -2,21902e-01
135	  2,6800000000e+02	  3,12831e-01	 -2,27083e-01
136	  2,7000000000e+02	  3,09334e-01	 -2,30426e-01
137	  2,7200000000e+02	  3,04155e-01	 -2,33586e-01
138	  2,7400000000e+02	  2,93621e-01	 -2,43302e-01
139	  2,7600000000e+02	  2,89398e-01	 -2,47123e-01
140	  2,7800000000e+02	  2,89764e-01	 -2,52986e-01
141	  2,8000000000e+02	  2,83393e-01	 -2,64563e-01
142	  2,8200000000e+02	  2,73961e-01	 -2,70304e-01
143	  2,8400000000e+02	  2,71941e-01	 -2,70953e-01
144	  2,8600000000e+02	  2,62793e-01	 -2,75217e-01
145	  2,8800000000e+02	  2,57574e-01	 -2,81040e-01
146	  2,9000000000e+02	  2,53322e-01	 -2,85012e-01
147	  2,9200000000e+02	  2,45236e-01	 -2,86834e-01
148	  2,9400000000e+02	  2,42490e-01	 -2,92523e-01
149	  2,9600000000e+02	  2,37694e-01	 -2,95828e-01
150	  2,9800000000e+02	  2,32168e-01	 -2,95834e-01
151	  3,0000000000e+02	  2,28136e-01	 -3,00912e-01
152	  3,0200000000e+02	  2,22633e-01	 -3,04282e-01
153	  3,0400000000e+02	  2,14881e-01	 -3,10082e-01
154	  3,0600000000e+02	  2,07109e-01	 -3,12347e-01
155	  3,0800000000e+02	  2,01292e-01	 -3,14015e-01
156	  3,1000000000e+02	  1,97460e-01	 -3,19266e-01
157	  3,1200000000e+02	  1,92545e-01	 -3,20739e-01
158	  3,1400000000e+02	  1,85217e-01	 -3,25272e-01
159	  3,1600000000e+02	  1,75286e-01	 -3,27880e-01
160	  3,1800000000e+02	  1,73143e-01	 -3,30916e-01
161	  3,2000000000e+02	  1,65563e-01	 -3,33367e-01
162	  3,2200000000e+02	  1,59049e-01	 -3,31437e-01
163	  3,2400000000e+02	  1,48347e-01	 -3,35218e-01
164	  3,2600000000e+02	  1,42254e-01	 -3,33923e-01
165	  3,2800000000e+02	  1,39687e-01	 -3,33732e-01
166	  3,3000000000e+02	  1,29600e-01	 -3,33820e-01
167	  3,3200000000e+02	  1,24543e-01	 -3,37042e-01
168	  3,3400000000e+02	  1,19686e-01	 -3,34511e-01
169	  3,3600000000e+02	  1,12453e-01	 -3,35465e-01
170	  3,3800000000e+02	  1,12245e-01	 -3,37803e-01
171	  3,4000000000e+02	  1,08179e-01	 -3,36683e-01
172	  3,4200000000e+02	  1,01627e-01	 -3,35311e-01
173	  3,4400000000e+02	  9,78462e-02	 -3,35648e-01
174	  3,4600000000e+02	  9,29517e-02	 -3,34653e-01
175	  3,4800000000e+02	  8,82349e-02	 -3,31211e-01
176	  3,5000000000e+02	  8,68229e-02	 -3,36182e-01
177	  3,5200000000e+02	  8,40962e-02	 -3,38013e-01
178	  3,5400000000e+02	  8,13581e-02	 -3,40592e-01
179	  3,5600000000e+02	  7,61987e-02	 -3,38738e-01
180	  3,5800000000e+02	  6,90090e-02	 -3,41519e-01
181	  3,6000000000e+02	  6,69593e-02	 -3,44161e-01
182	  3,6200000000e+02	  6,13740e-02	 -3,46862e-01
183	  3,6400000000e+02	  5,54277e-02	 -3,43545e-01
184	  3,6600000000e+02	  4,69432e-02	 -3,42764e-01
185	  3,6800000000e+02	  4,57955e-02	 -3,40030e-01
186	  3,7000000000e+02	  4,19180e-02	 -3,43743e-01
187	  3,7200000000e+02	  3,88095e-02	 -3,45060e-01
188	  3,7400000000e+02	  3,37792e-02	 -3,47519e-01
189	  3,7600000000e+02	  3,09457e-02	 -3,47531e-01
190	  3,7800000000e+02	  2,88413e-02	 -3,45302e-01
191	  3,8000000000e+02	  2,40217e-02	 -3,44623e-01
192	  3,8200000000e+02	  1,55044e-02	 -3,45894e-01
193	  3,8400000000e+02	  7,25465e-03	 -3,47117e-01
194	  3,8600000000e+02	  6,35703e-03	 -3,44455e-01
195	  3,8800000000e+02	  9,52767e-04	 -3,44820e-01
196	  3,9000000000e+02	 -5,49477e-03	 -3,43135e-01
197	  3,9200000000e+02	 -7,59511e-03	 -3,42450e-01
198	  3,9400000000e+02	 -1,11221e-02	 -3,45677e-01
199	  3,9600000000e+02	 -1,67491e-02	 -3,46797e-01
200	  3,9800000000e+02	 -2,27536e-02	 -3,47329e-01
201	  4,0000000000e+02	 -2,67738e-02	 -3,44456e-01
202	  4,0200000000e+02	 -3,14355e-02	 -3,45645e-01
203	  4,0400000000e+02	 -3,51336e-02	 -3,47101e-01
204	  4,0600000000e+02	 -4,21340e-02	 -3,48811e-01
205	  4,0800000000e+02	 -4,75962e-02	 -3,50999e-01
206	  4,1000000000e+02	 -4,98592e-02	 -3,47272e-01
207	  4,1200000000e+02	 -5,30961e-02	 -3,46409e-01
208	  4,1400000000e+02	 -5,96173e-02	 -3,47033e-01
209	  4,1600000000e+02	 -6,24781e-02	 -3,46340e-01
210	  4,1800000000e+02	 -6,72609e-02	 -3,47490e-01
211	  4,2000000000e+02	 -7,71423e-02	 -3,45313e-01
212	  4,2200000000e+02	 -8,44372e-02	 -3,39905e-01
213	  4,2400000000e+02	 -9,11173e-02	 -3,41313e-01
214	  4,2600000000e+02	 -9,33552e-02	 -3,38369e-01
215	  4,2800000000e+02	 -9,83727e-02	 -3,32089e-01
216	  4,3000000000e+02	 -1,01674e-01	 -3,31562e-01
217	  4,3200000000e+02	 -1,07748e-01	 -3,28314e-01
218	  4,3400000000e+02	 -1,10593e-01	 -3,20446e-01
219	  4,3600000000e+02	 -1,16227e-01	 -3,22887e-01
220	  4,3800000000e+02	 -1,16469e-01	 -3,19114e-01
221	  4,4000000000e+02	 -1,21925e-01	 -3,16047e-01
222	  4,4200000000e+02	 -1,28404e-01	 -3,16761e-01
223	  4,4400000000e+02	 -1,32012e-01	 -3,14593e-01
224	  4,4600000000e+02	 -1,33643e-01	 -3,11451e-01
225	  4,4800000000e+02	 -1,36581e-01	 -3,10087e-01
226	  4,5000000000e+02	 -1,39635e-01	 -3,06733e-01
227	  4,5200000000e+02	 -1,45676e-01	 -3,03663e-01
228	  4,5400000000e+02	 -1,48687e-01	 -3,02363e-01
229	  4,5600000000e+02	 -1,51878e-01	 -2,98109e-01
230	  4,5800000000e+02	 -1,51495e-01	 -2,96955e-01
231	  4,6000000000e+02	 -1,53320e-01	 -2,96951e-01
232	  4,6200000000e+02	 -1,57373e-01	 -2,94052e-01
233	  4,6400000000e+02	 -1,60055e-01	 -2,89089e-01
234	  4,6600000000e+02	 -1,59991e-01	 -2,86605e-01
235	  4,6800000000e+02	 -1,67586e-01	 -2,83451e-01
236	  4,7000000000e+02	 -1,71164e-01	 -2,82034e-01
237	  4,7200000000e+02	 -1,73173e-01	 -2,79898e-01
238	  4,7400000000e+02	 -1,74349e-01	 -2,79848e-01
239	  4,7600000000e+02	 -1,77359e-01	 -2,78296e-01
240	  4,7800000000e+02	 -1,80812e-01	 -2,76551e-01
241	  4,8000000000e+02	 -1,85368e-01	 -2,74543e-01
242	  4,8200000000e+02	 -1,88233e-01	 -2,68962e-01
243	  4,8400000000e+02	 -1,88633e-01	 -2,67881e-01
244	  4,8600000000e+02	 -1,92831e-01	 -2,65130e-01
245	  4,8800000000e+02	 -1,97448e-01	 -2,59663e-01
246	  4,9000000000e+02	 -1,99892e-01	 -2,61132e-01
247	  4,9200000000e+02	 -2,04309e-01	 -2,65098e-01
248	  4,9400000000e+02	 -2,06151e-01	 -2,61171e-01
249	  4,9600000000e+02	 -2,06982e-01	 -2,59456e-01
250	  4,9800000000e+02	 -2,08621e-01	 -2,57087e-01
251	  5,0000000000e+02	 -2,11900e-01	 -2,53105e-01
252	  5,0200000000e+02	 -2,15213e-01	 -2,52280e-01
253	  5,0400000000e+02	 -2,17675e-01	 -2,52963e-01
254	  5,0600000000e+02	 -2,16607e-01	 -2,51424e-01
255	  5,0800000000e+02	 -2,26124e-01	 -2,51222e-01
256	  5,1000000000e+02	 -2,31656e-01	 -2,49111e-01
257	  5,1200000000e+02	 -2,35073e-01	 -2,44821e-01
258	  5,1400000000e+02	 -2,40783e-01	 -2,41138e-01
259	  5,1600000000e+02	 -2,44982e-01	 -2,37849e-01
260	  5,1800000000e+02	 -2,47268e-01	 -2,29676e-01
261	  5,2000000000e+02	 -2,53995e-01	 -2,28958e-01
262	  5,2200000000e+02	 -2,58439e-01	 -2,26987e-01
263	  5,2400000000e+02	 -2,58567e-01	 -2,21996e-01
264	  5,2600000000e+02	 -2,59892e-01	 -2,20107e-01
265	  5,2800000000e+02	 -2,63155e-01	 -2,13910e-01
266	  5,3000000000e+02	 -2,67144e-01	 -2,07047e-01
267	  5,3200000000e+02	 -2,68048e-01	 -2,03367e-01
268	  5,3400000000e+02	 -2,64387e-01	 -1,99328e-01
269	  5,3600000000e+02	 -2,66002e-01	 -1,96112e-01
270	  5,3800000000e+02	 -2,73717e-01	 -1,96346e-01
271	  5,4000000000e+02	 -2,76719e-01	 -1,89212e-01
272	  5,4200000000e+02	 -2,77544e-01	 -1,86302e-01
273	  5,4400000000e+02	 -2,77495e-01	 -1,86462e-01
274	  5,4600000000e+02	 -2,76700e-01	 -1,81893e-01
275	  5,4800000000e+02	 -2,79369e-01	 -1,74567e-01
276	  5,5000000000e+02	 -2,83355e-01	 -1,72429e-01
277	  5,5200000000e+02	 -2,87927e-01	 -1,72363e-01
278	  5,5400000000e+02	 -2,87249e-01	 -1,66179e-01
279	  5,5600000000e+02	 -2,86593e-01	 -1,62745e-01
280	  5,5800000000e+02	 -2,91223e-01	 -1,59242e-01
281	  5,6000000000e+02	 -2,92188e-01	 -1,55884e-01
282	  5,6200000000e+02	 -2,94441e-01	 -1,51402e-01
283	  5,6400000000e+02	 -2,96776e-01	 -1,51388e-01
284	  5,6600000000e+02	 -2,95254e-01	 -1,47607e-01
285	  5,6800000000e+02	 -2,94188e-01	 -1,42403e-01
286	  5,7000000000e+02	 -2,99838e-01	 -1,39961e-01
287	  5,7200000000e+02	 -3,02336e-01	 -1,40177e-01
288	  5,7400000000e+02	 -3,01852e-01	 -1,38367e-01
289	  5,7600000000e+02	 -3,02108e-01	 -1,34408e-01
290	  5,7800000000e+02	 -3,02030e-01	 -1,32862e-01
291	  5,8000000000e+02	 -3,07982e-01	 -1,29769e-01
292	  5,8200000000e+02	 -3,13103e-01	 -1,26218e-01
293	  5,8400000000e+02	 -3,13341e-01	 -1,21080e-01
294	  5,8600000000e+02	 -3,13919e-01	 -1,18390e-01
295	  5,8800000000e+02	 -3,17616e-01	 -1,17595e-01
296	  5,9000000000e+02	 -3,17666e-01	 -1,14251e-01
297	  5,9200000000e+02	 -3,17772e-01	 -1,07643e-01
298	  5,9400000000e+02	 -3,23370e-01	 -1,01386e-01
299	  5,9600000000e+02	 -3,24760e-01	 -9,79252e-02
300	  5,9800000000e+02	 -3,25875e-01	 -9,32653e-02
301	  6,0000000000e+02	 -3,30774e-01	 -8,63127e-02
302	  6,0200000000e+02	 -3,32727e-01	 -8,32052e-02
303	  6,0400000000e+02	 -3,33404e-01	 -8,08185e-02
304	  6,0600000000e+02	 -3,32474e-01	 -7,65413e-02
305	  6,0800000000e+02	 -3,35094e-01	 -6,87034e-02
306	  6,1000000000e+02	 -3,36696e-01	 -6,25219e-02
307	  6,1200000000e+02	 -3,35147e-01	 -5,63018e-02
308	  6,1400000000e+02	 -3,35871e-01	 -5,52552e-02
309	  6,1600000000e+02	 -3,32250e-01	 -5,22786e-02
310	  6,1800000000e+02	 -3,36067e-01	 -4,39784e-02
311	  6,2000000000e+02	 -3,32441e-01	 -3,64239e-02
312	  6,2200000000e+02	 -3,29365e-01	 -3,39284e-02
313	  6,2400000000e+02	 -3,26673e-01	 -3,17646e-02
314	  6,2600000000e+02	 -3,26070e-01	 -2,78215e-02
315	  6,2800000000e+02	 -3,27860e-01	 -2,42831e-02
316	  6,3000000000e+02	 -3,29965e-01	 -1,92437e-02
317	  6,3200000000e+02	 -3,32285e-01	 -1,60120e-02
318	  6,3400000000e+02	 -3,31394e-01	 -1,45016e-02
319	  6,3600000000e+02	 -3,30602e-01	 -8,41021e-03
320	  6,3800000000e+02	 -3,30403e-01	 -2,83104e-03
321	  6,4000000000e+02	 -3,31964e-01	  1,97299e-03
322	  6,4200000000e+02	 -3,28509e-01	  2,54520e-03
323	  6,4400000000e+02	 -3,28575e-01	  4,82634e-03
324	  6,4600000000e+02	 -3,28130e-01	  1,29884e-02
325	  6,4800000000e+02	 -3,29086e-01	  1,86068e-02
326	  6,5000000000e+02	 -3,29505e-01	  2,14154e-02
327	  6,5200000000e+02	 -3,30197e-01	  2,32686e-02
328	  6,5400000000e+02	 -3,27764e-01	  3,02405e-02
329	  6,5600000000e+02	 -3,26473e-01	  3,68771e-02
330	  6,5800000000e+02	 -3,23882e-01	  4,26801e-02
331	  6,6000000000e+02	 -3,17259e-01	  4,95582e-02
332	  6,6200000000e+02	 -3,12108e-01	  5,36684e-02
333	  6,6400000000e+02	 -3,08036e-01	  5,21858e-02
334	  6,6600000000e+02	 -3,08377e-01	  5,43307e-02
335	  6,6800000000e+02	 -3,06619e-01	  5,77212e-02
336	  6,7000000000e+02	 -3,01271e-01	  5,39147e-02
337	  6,7200000000e+02	 -2,96337e-01	  5,01770e-02
338	  6,7400000000e+02	 -2,92106e-01	  5,28039e-02
339	  6,7600000000e+02	 -2,91104e-01	  5,21784e-02
340	  6,7800000000e+02	 -2,95317e-01	  5,61434e-02
341	  6,8000000000e+02	 -2,98705e-01	  5,70645e-02
342	  6,8200000000e+02	 -3,00023e-01	  5,35320e-02
343	  6,8400000000e+02	 -3,04039e-01	  5,62622e-02
344	  6,8600000000e+02	 -3,04096e-01	  5,81662e-02
345	  6,8800000000e+02	 -3,03109e-01	  6,07811e-02
346	  6,9000000000e+02	 -3,08813e-01	  6,49273e-02
347	  6,9200000000e+02	 -3,09191e-01	  6,90690e-02
348	  6,9400000000e+02	 -3,06279e-01	  7,14654e-02
349	  6,9600000000e+02	 -3,06709e-01	  7,68771e-02
350	  6,9800000000e+02	 -3,05195e-01	  8,00209e-02
351	  7,0000000000e+02	 -3,07489e-01	  8,42233e-02
352	  7,0200000000e+02	 -3,07551e-01	  8,86795e-02
353	  7,0400000000e+02	 -3,07840e-01	  9,33040e-02
354	  7,0600000000e+02	 -3,09149e-01	  9,59206e-02
355	  7,0800000000e+02	 -3,07865e-01	  9,65383e-02
356	  7,1000000000e+02	 -3,04835e-01	  1,03295e-01
357	  7,1200000000e+02	 -3,03946e-01	  1,07907e-01
358	  7,1400000000e+02	 -3,05739e-01	  1,11667e-01
359	  7,1600000000e+02	 -3,00088e-01	  1,14756e-01
360	  7,1800000000e+02	 -3,00640e-01	  1,18138e-01
361	  7,2000000000e+02	 -3,03843e-01	  1,20820e-01
362	  7,2200000000e+02	 -3,01687e-01	  1,25920e-01
363	  7,2400000000e+02	 -2,98681e-01	  1,29096e-01
364	  7,2600000000e+02	 -3,00860e-01	  1,30246e-01
365	  7,2800000000e+02	 -2,98502e-01	  1,34557e-01
366	  7,3000000000e+02	 -2,94248e-01	  1,41402e-01
367	  7,3200000000e+02	 -2,96604e-01	  1,48908e-01
368	  7,3400000000e+02	 -2,93856e-01	  1,50885e-01
369	  7,3600000000e+02	 -2,89311e-01	  1,51801e-01
370	  7,3800000000e+02	 -2,90601e-01	  1,53847e-01
371	  7,4000000000e+02	 -2,89247e-01	  1,58564e-01
372	  7,4200000000e+02	 -2,85243e-01	  1,64529e-01
373	  7,4400000000e+02	 -2,83503e-01	  1,69833e-01
374	  7,4600000000e+02	 -2,81568e-01	  1,69735e-01
375	  7,4800000000e+02	 -2,81661e-01	  1,70687e-01
376	  7,5000000000e+02	 -2,82513e-01	  1,75793e-01
377	  7,5200000000e+02	 -2,78352e-01	  1,83523e-01
378	  7,5400000000e+02	 -2,78012e-01	  1,84927e-01
379	  7,5600000000e+02	 -2,75751e-01	  1,85510e-01
380	  7,5800000000e+02	 -2,71161e-01	  1,89683e-01
381	  7,6000000000e+02	 -2,67878e-01	  1,91645e-01
382	  7,6200000000e+02	 -2,67681e-01	  1,94331e-01
383	  7,6400000000e+02	 -2,71869e-01	  1,99412e-01
384	  7,6600000000e+02	 -2,69839e-01	  2,03603e-01
385	  7,6800000000e+02	 -2,67903e-01	  2,07674e-01
386	  7,7000000000e+02	 -2,65496e-01	  2,09490e-01
387	  7,7200000000e+02	 -2,59654e-01	  2,14427e-01
388	  7,7400000000e+02	 -2,54657e-01	  2,18565e-01
389	  7,7600000000e+02	 -2,54785e-01	  2,21479e-01
390	  7,7800000000e+02	 -2,53520e-01	  2,26748e-01
391	  7,8000000000e+02	 -2,49283e-01	  2,30092e-01
392	  7,8200000000e+02	 -2,43913e-01	  2,35263e-01
393	  7,8400000000e+02	 -2,38698e-01	  2,37754e-01
394	  7,8600000000e+02	 -2,34685e-01	  2,40697e-01
395	  7,8800000000e+02	 -2,33383e-01	  2,43524e-01
396	  7,9000000000e+02	 -2,30358e-01	  2,47064e-01
397	  7,9200000000e+02	 -2,27491e-01	  2,51739e-01
398	  7,9400000000e+02	 -2,22658e-01	  2,52044e-01
399	  7,9600000000e+02	 -2,22117e-01	  2,53323e-01
400	  7,9800000000e+02	 -2,15878e-01	  2,55302e-01
401	  8,0000000000e+02	 -2,11259e-01	  2,54048e-01
402	  8,0200000000e+02	 -2,09954e-01	  2,53871e-01
403	  8,0400000000e+02	 -2,07515e-01	  2,56662e-01
404	  8,0600000000e+02	 -2,06774e-01	  2,57273e-01
405	  8,0800000000e+02	 -1,99970e-01	  2,58801e-01
406	  8,1000000000e+02	 -2,00432e-01	  2,60580e-01
407	  8,1200000000e+02	 -2,01456e-01	  2,62092e-01
408	  8,1400000000e+02	 -1,93543e-01	  2,67166e-01
409	  8,1600000000e+02	 -1,89307e-01	  2,68303e-01
410	  8,1800000000e+02	 -1,89738e-01	  2,69337e-01
411	  8,2000000000e+02	 -1,84812e-01	  2,71296e-01
412	  8,2200000000e+02	 -1,80434e-01	  2,73181e-01
413	  8,2400000000e+02	 -1,79957e-01	  2,77360e-01
414	  8,2600000000e+02	 -1,76225e-01	  2,79839e-01
415	  8,2800000000e+02	 -1,73151e-01	  2,78530e-01
416	  8,3000000000e+02	 -1,75417e-01	  2,79576e-01
417	  8,3200000000e+02	 -1,69882e-01	  2,84753e-01
418	  8,3400000000e+02	 -1,65176e-01	  2,84353e-01
419	  8,3600000000e+02	 -1,62562e-01	  2,87179e-01
420	  8,3800000000e+02	 -1,60563e-01	  2,90078e-01
421	  8,4000000000e+02	 -1,57232e-01	  2,90085e-01
422	  8,4200000000e+02	 -1,54369e-01	  2,91861e-01
423	  8,4400000000e+02	 -1,51879e-01	  2,92643e-01
424	  8,4600000000e+02	 -1,50168e-01	  2,94337e-01
425	  8,4800000000e+02	 -1,52058e-01	  3,00488e-01
426	  8,5000000000e+02	 -1,46652e-01	  3,02086e-01
427	  8,5200000000e+02	 -1,39344e-01	  3,02681e-01
428	  8,5400000000e+02	 -1,38799e-01	  3,05520e-01
429	  8,5600000000e+02	 -1,36360e-01	  3,11023e-01
430	  8,5800000000e+02	 -1,32050e-01	  3,14382e-01
431	  8,6000000000e+02	 -1,28533e-01	  3,17155e-01
432	  8,6200000000e+02	 -1,25922e-01	  3,19106e-01
433	  8,6400000000e+02	 -1,22258e-01	  3,19223e-01
434	  8,6600000000e+02	 -1,17145e-01	  3,22969e-01
435	  8,6800000000e+02	 -1,12930e-01	  3,25973e-01
436	  8,7000000000e+02	 -1,07291e-01	  3,27682e-01
437	  8,7200000000e+02	 -1,03522e-01	  3,27474e-01
438	  8,7400000000e+02	 -1,00737e-01	  3,29250e-01
439	  8,7600000000e+02	 -9,64977e-02	  3,30929e-01
440	  8,7800000000e+02	 -9,10142e-02	  3,31012e-01
441	  8,8000000000e+02	 -8,12339e-02	  3,34892e-01
442	  8,8200000000e+02	 -7,78937e-02	  3,36778e-01
443	  8,8400000000e+02	 -6,98901e-02	  3,36263e-01
444	  8,8600000000e+02	 -6,74001e-02	  3,35590e-01
445	  8,8800000000e+02	 -6,44494e-02	  3,36745e-01
446	  8,9000000000e+02	 -5,74738e-02	  3,37889e-01
447	  8,9200000000e+02	 -5,31023e-02	  3,39304e-01
448	  8,9400000000e+02	 -5,13214e-02	  3,37485e-01
449	  8,9600000000e+02	 -4,56214e-02	  3,37177e-01
450	  8,9800000000e+02	 -3,87039e-02	  3,36365e-01
451	  9,0000000000e+02	 -3,32020e-02	  3,32257e-01
452	  9,0200000000e+02	 -3,22464e-02	  3,29260e-01
453	  9,0400000000e+02	 -2,61761e-02	  3,27063e-01
454	  9,0600000000e+02	 -2,20792e-02	  3,28233e-01
455	  9,0800000000e+02	 -2,13055e-02	  3,28506e-01
456	  9,1000000000e+02	 -2,00057e-02	  3,26424e-01
457	  9,1200000000e+02	 -1,66922e-02	  3,26163e-01
458	  9,1400000000e+02	 -1,47392e-02	  3,24316e-01
459	  9,1600000000e+02	 -1,18337e-02	  3,24337e-01
460	  9,1800000000e+02	 -7,63018e-03	  3,22335e-01
461	  9,2000000000e+02	 -4,85992e-03	  3,25848e-01
462	  9,2200000000e+02	 -1,51390e-03	  3,25610e-01
463	  9,2400000000e+02	  8,56000e-04	  3,25683e-01
464	  9,2600000000e+02	  3,95681e-03	  3,21735e-01
465	  9,2800000000e+02	  5,97120e-03	  3,25249e-01
466	  9,3000000000e+02	  7,95020e-03	  3,26291e-01
467	  9,3200000000e+02	  9,82107e-03	  3,25977e-01
468	  9,3400000000e+02	  1,23779e-02	  3,24081e-01
469	  9,3600000000e+02	  1,21372e-02	  3,23802e-01
470	  9,3800000000e+02	  1,42299e-02	  3,20581e-01
471	  9,4000000000e+02	  1,80262e-02	  3,25502e-01
472	  9,4200000000e+02	  2,30937e-02	  3,29617e-01
473	  9,4400000000e+02	  2,91510e-02	  3,29185e-01
474	  9,4600000000e+02	  2,91530e-02	  3,31325e-01
475	  9,4800000000e+02	  2,83629e-02	  3,32533e-01
476	  9,5000000000e+02	  3,37514e-02	  3,33244e-01
477	  9,5200000000e+02	  4,09941e-02	  3,33340e-01
478	  9,5400000000e+02	  4,40662e-02	  3,33777e-01
479	  9,5600000000e+02	  4,42843e-02	  3,32744e-01
480	  9,5800000000e+02	  4,97849e-02	  3,33013e-01
481	  9,6000000000e+02	  5,38519e-02	  3,35784e-01
482	  9,6200000000e+02	  5,50007e-02	  3,33223e-01
483	  9,6400000000e+02	  6,18342e-02	  3,38323e-01
484	  9,6600000000e+02	  6,80738e-02	  3,41911e-01
485	  9,6800000000e+02	  7,31947e-02	  3,37716e-01
486	  9,7000000000e+02	  7,84508e-02	  3,37790e-01
487	  9,7200000000e+02	  8,75273e-02	  3,37638e-01
488	  9,7400000000e+02	  9,19847e-02	  3,34881e-01
489	  9,7600000000e+02	  9,68362e-02	  3,32362e-01
490	  9,7800000000e+02	  1,01432e-01	  3,28046e-01
491	  9,8000000000e+02	  1,03630e-01	  3,25963e-01
492	  9,8200000000e+02	  1,06333e-01	  3,25931e-01
493	  9,8400000000e+02	  1,12028e-01	  3,23036e-01
494	  9,8600000000e+02	  1,17791e-01	  3,21929e-01
495	  9,8800000000e+02	  1,23402e-01	  3,20019e-01
496	  9,9000000000e+02	  1,26437e-01	  3,17754e-01
497	  9,9200000000e+02	  1,27470e-01	  3,15087e-01
498	  9,9400000000e+02	  1,32702e-01	  3,13332e-01
499	  9,9600000000e+02	  1,37099e-01	  3,12310e-01
500	  9,9800000000e+02	  1,41934e-01	  3,09057e-01
501	  1,0000000000e+03	  1,46282e-01	  3,06713e-01
502	  1,0020000000e+03	  1,46865e-01	  3,04507e-01
503	  1,0040000000e+03	  1,49511e-01	  3,03171e-01
504	  1,0060000000e+03	  1,53529e-01	  2,99829e-01
505	  1,0080000000e+03	  1,53824e-01	  2,96072e-01
506	  1,0100000000e+03	  1,58024e-01	  2,95648e-01
507	  1,0120000000e+03	  1,62529e-01	  2,91964e-01
508	  1,0140000000e+03	  1,65952e-01	  2,90676e-01
509	  1,0160000000e+03	  1,66932e-01	  2,89512e-01
510	  1,0180000000e+03	  1,70207e-01	  2,88215e-01
511	  1,0200000000e+03	  1,73033e-01	  2,84299e-01
512	  1,0220000000e+03	  1,73872e-01	  2,80066e-01
513	  1,0240000000e+03	  1,76615e-01	  2,77638e-01
514	  1,0260000000e+03	  1,81449e-01	  2,77181e-01
515	  1,0280000000e+03	  1,83887e-01	  2,74989e-01
516	  1,0300000000e+03	  1,83064e-01	  2,75601e-01
517	  1,0320000000e+03	  1,87195e-01	  2,70411e-01
518	  1,0340000000e+03	  1,89186e-01	  2,66547e-01
519	  1,0360000000e+03	  1,92783e-01	  2,65957e-01
520	  1,0380000000e+03	  1,95989e-01	  2,64636e-01
521	  1,0400000000e+03	  1,98095e-01	  2,62733e-01
522	  1,0420000000e+03	  2,00944e-01	  2,59741e-01
523	  1,0440000000e+03	  2,03395e-01	  2,57340e-01
524	  1,0460000000e+03	  2,06870e-01	  2,55550e-01
525	  1,0480000000e+03	  2,12972e-01	  2,50801e-01
526	  1,0500000000e+03	  2,13263e-01	  2,52501e-01
527	  1,0520000000e+03	  2,15133e-01	  2,49430e-01
528	  1,0540000000e+03	  2,18621e-01	  2,48055e-01
529	  1,0560000000e+03	  2,20618e-01	  2,42997e-01
530	  1,0580000000e+03	  2,23786e-01	  2,41976e-01
531	  1,0600000000e+03	  2,26805e-01	  2,37372e-01
532	  1,0620000000e+03	  2,30648e-01	  2,33863e-01
533	  1,0640000000e+03	  2,28254e-01	  2,31231e-01
534	  1,0660000000e+03	  2,29812e-01	  2,29315e-01
535	  1,0680000000e+03	  2,36198e-01	  2,28788e-01
536	  1,0700000000e+03	  2,40345e-01	  2,26418e-01
537	  1,0720000000e+03	  2,42290e-01	  2,20813e-01
538	  1,0740000000e+03	  2,46142e-01	  2,18803e-01
539	  1,0760000000e+03	  2,47166e-01	  2,18487e-01
540	  1,0780000000e+03	  2,47765e-01	  2,17028e-01
541	  1,0800000000e+03	  2,46170e-01	  2,13296e-01
542	  1,0820000000e+03	  2,47286e-01	  2,06884e-01
543	  1,0840000000e+03	  2,49585e-01	  2,04178e-01
544	  1,0860000000e+03	  2,51494e-01	  2,00062e-01
545	  1,0880000000e+03	  2,54330e-01	  1,97585e-01
546	  1,0900000000e+03	  2,54195e-01	  1,97382e-01
547	  1,0920000000e+03	  2,58472e-01	  1,90698e-01
548	  1,0940000000e+03	  2,60744e-01	  1,88922e-01
549	  1,0960000000e+03	  2,53955e-01	  1,88374e-01
550	  1,0980000000e+03	  2,52719e-01	  1,85158e-01
551	  1,1000000000e+03	  2,56660e-01	  1,83171e-01
552	  1,1020000000e+03	  2,59312e-01	  1,78638e-01
553	  1,1040000000e+03	  2,61442e-01	  1,78479e-01
554	  1,1060000000e+03	  2,60664e-01	  1,78302e-01
555	  1,1080000000e+03	  2,59013e-01	  1,75390e-01
556	  1,1100000000e+03	  2,61470e-01	  1,74158e-01
557	  1,1120000000e+03	  2,59267e-01	  1,73224e-01
558	  1,1140000000e+03	  2,58767e-01	  1,73669e-01
559	  1,1160000000e+03	  2,61713e-01	  1,68772e-01
560	  1,1180000000e+03	  2,64860e-01	  1,68263e-01
561	  1,1200000000e+03	  2,64269e-01	  1,70406e-01
562	  1,1220000000e+03	  2,65747e-01	  1,69132e-01
563	  1,1240000000e+03	  2,68399e-01	  1,69216e-01
564	  1,1260000000e+03	  2,72847e-01	  1,68664e-01
565	  1,1280000000e+03	  2,77356e-01	  1,69024e-01
566	  1,1300000000e+03	  2,81049e-01	  1,66348e-01
567	  1,1320000000e+03	  2,81217e-01	  1,65824e-01
568	  1,1340000000e+03	  2,81891e-01	  1,63555e-01
569	  1,1360000000e+03	  2,87207e-01	  1,59958e-01
570	  1,1380000000e+03	  2,88433e-01	  1,59785e-01
571	  1,1400000000e+03	  2,92312e-01	  1,58499e-01
572	  1,1420000000e+03	  2,93741e-01	  1,55032e-01
573	  1,1440000000e+03	  2,94148e-01	  1,54349e-01
574	  1,1460000000e+03	  2,99251e-01	  1,55015e-01
575	  1,1480000000e+03	  2,99930e-01	  1,53828e-01
576	  1,1500000000e+03	  3,00016e-01	  1,51895e-01
577	  1,1520000000e+03	  3,07632e-01	  1,49907e-01
578	  1,1540000000e+03	  3,10364e-01	  1,46427e-01
579	  1,1560000000e+03	  3,10996e-01	  1,44131e-01
580	  1,1580000000e+03	  3,14493e-01	  1,45100e-01
581	  1,1600000000e+03	  3,22384e-01	  1,43977e-01
582	  1,1620000000e+03	  3,25446e-01	  1,44510e-01
583	  1,1640000000e+03	  3,30211e-01	  1,43819e-01
584	  1,1660000000e+03	  3,38687e-01	  1,43381e-01
585	  1,1680000000e+03	  3,48045e-01	  1,40395e-01
586	  1,1700000000e+03	  3,55618e-01	  1,36479e-01
587	  1,1720000000e+03	  3,63253e-01	  1,29149e-01
588	  1,1740000000e+03	  3,69864e-01	  1,15444e-01
589	  1,1760000000e+03	  3,70067e-01	  1,06744e-01
590	  1,1780000000e+03	  3,73876e-01	  9,84569e-02
591	  1,1800000000e+03	  3,76618e-01	  9,24309e-02
592	  1,1820000000e+03	  3,78121e-01	  8,52043e-02
593	  1,1840000000e+03	  3,82799e-01	  7,93296e-02
594	  1,1860000000e+03	  3,80904e-01	  7,20522e-02
595	  1,1880000000e+03	  3,78325e-01	  6,09294e-02
596	  1,1900000000e+03	  3,81537e-01	  5,32897e-02
597	  1,1920000000e+03	  3,81343e-01	  4,88612e-02
598	  1,1940000000e+03	  3,79326e-01	  4,53313e-02
599	  1,1960000000e+03	  3,79050e-01	  3,89075e-02
600	  1,1980000000e+03	  3,80844e-01	  3,34103e-02
601	  1,2000000000e+03	  3,81113e-01	  2,87322e-02
602	  1,2020000000e+03	  3,79624e-01	  2,49749e-02
603	  1,2040000000e+03	  3,78798e-01	  1,95704e-02
604	  1,2060000000e+03	  3,76294e-01	  1,71469e-02
605	  1,2080000000e+03	  3,79883e-01	  1,09779e-02
606	  1,2100000000e+03	  3,81614e-01	  7,47641e-03
607	  1,2120000000e+03	  3,76326e-01	  1,22688e-03
608	  1,2140000000e+03	  3,77295e-01	 -4,15675e-03
609	  1,2160000000e+03	  3,80209e-01	 -9,37219e-03
610	  1,2180000000e+03	  3,81191e-01	 -1,37733e-02
611	  1,2200000000e+03	  3,82398e-01	 -1,62585e-02
612	  1,2220000000e+03	  3,86025e-01	 -2,24458e-02
613	  1,2240000000e+03	  3,83130e-01	 -2,60991e-02
614	  1,2260000000e+03	  3,83840e-01	 -2,95026e-02
615	  1,2280000000e+03	  3,84961e-01	 -3,76230e-02
616	  1,2300000000e+03	  3,89234e-01	 -4,29195e-02
617	  1,2320000000e+03	  3,87374e-01	 -5,04842e-02
618	  1,2340000000e+03	  3,81399e-01	 -5,69292e-02
619	  1,2360000000e+03	  3,82087e-01	 -6,39236e-02
620	  1,2380000000e+03	  3,82558e-01	 -6,98971e-02
621	  1,2400000000e+03	  3,81811e-01	 -7,67681e-02
622	  1,2420000000e+03	  3,81934e-01	 -8,34632e-02
623	  1,2440000000e+03	  3,82466e-01	 -8,88721e-02
624	  1,2460000000e+03	  3,78398e-01	 -9,54652e-02
625	  1,2480000000e+03	  3,77037e-01	 -1,00177e-01
626	  1,2500000000e+03	  3,74517e-01	 -1,06864e-01
627	  1,2520000000e+03	  3,68547e-01	 -1,13865e-01
628	  1,2540000000e+03	  3,64737e-01	 -1,15250e-01
629	  1,2560000000e+03	  3,61779e-01	 -1,18428e-01
630	  1,2580000000e+03	  3,59581e-01	 -1,23897e-01
631	  1,2600000000e+03	  3,55205e-01	 -1,30591e-01
632	  1,2620000000e+03	  3,50192e-01	 -1,37539e-01
633	  1,2640000000e+03	  3,46943e-01	 -1,40644e-01
634	  1,2660000000e+03	  3,46566e-01	 -1,43776e-01
635	  1,2680000000e+03	  3,43373e-01	 -1,44879e-01
636	  1,2700000000e+03	  3,36257e-01	 -1,47668e-01
637	  1,2720000000e+03	  3,33625e-01	 -1,52877e-01
638	  1,2740000000e+03	  3,28574e-01	 -1,55424e-01
639	  1,2760000000e+03	  3,28137e-01	 -1,58297e-01
640	  1,2780000000e+03	  3,28385e-01	 -1,59779e-01
641	  1,2800000000e+03	  3,24644e-01	 -1,59535e-01
642	  1,2820000000e+03	  3,22349e-01	 -1,61986e-01
643	  1,2840000000e+03	  3,21761e-01	 -1,66297e-01
644	  1,2860000000e+03	  3,18906e-01	 -1,71511e-01
645	  1,2880000000e+03	  3,16070e-01	 -1,76669e-01
646	  1,2900000000e+03	  3,11870e-01	 -1,74968e-01
647	  1,2920000000e+03	  3,11475e-01	 -1,75344e-01
648	  1,2940000000e+03	  3,11901e-01	 -1,81040e-01
649	  1,2960000000e+03	  3,08254e-01	 -1,88805e-01
650	  1,2980000000e+03	  3,05886e-01	 -1,88749e-01
651	  1,3000000000e+03	  3,04411e-01	 -1,91433e-01
652	  1,3020000000e+03	  3,02233e-01	 -1,95958e-01
653	  1,3040000000e+03	  2,96556e-01	 -1,96880e-01
654	  1,3060000000e+03	  3,00952e-01	 -1,98286e-01
655	  1,3080000000e+03	  2,99567e-01	 -1,99849e-01
656	  1,3100000000e+03	  2,95122e-01	 -2,06742e-01
657	  1,3120000000e+03	  2,92499e-01	 -2,13088e-01
658	  1,3140000000e+03	  2,90451e-01	 -2,16550e-01
659	  1,3160000000e+03	  2,88933e-01	 -2,19335e-01
660	  1,3180000000e+03	  2,85964e-01	 -2,24253e-01
661	  1,3200000000e+03	  2,85629e-01	 -2,25031e-01
662	  1,3220000000e+03	  2,83327e-01	 -2,28312e-01
663	  1,3240000000e+03	  2,79807e-01	 -2,31632e-01
664	  1,3260000000e+03	  2,74391e-01	 -2,34190e-01
665	  1,3280000000e+03	  2,69070e-01	 -2,38130e-01
666	  1,3300000000e+03	  2,65627e-01	 -2,42370e-01
667	  1,3320000000e+03	  2,62031e-01	 -2,45997e-01
668	  1,3340000000e+03	  2,62409e-01	 -2,46888e-01
669	  1,3360000000e+03	  2,57658e-01	 -2,49537e-01
670	  1,3380000000e+03	  2,54605e-01	 -2,50878e-01
671	  1,3400000000e+03	  2,50551e-01	 -2,52990e-01
672	  1,3420000000e+03	  2,49058e-01	 -2,55345e-01
673	  1,3440000000e+03	  2,46976e-01	 -2,55455e-01
674	  1,3460000000e+03	  2,39708e-01	 -2,58034e-01
675	  1,3480000000e+03	  2,38495e-01	 -2,61825e-01
676	  1,3500000000e+03	  2,33944e-01	 -2,62703e-01
677	  1,3520000000e+03	  2,30623e-01	 -2,66475e-01
678	  1,3540000000e+03	  2,29944e-01	 -2,67486e-01
679	  1,3560000000e+03	  2,27129e-01	 -2,69879e-01
680	  1,3580000000e+03	  2,23527e-01	 -2,73384e-01
681	  1,3600000000e+03	  2,18994e-01	 -2,74340e-01
682	  1,3620000000e+03	  2,17024e-01	 -2,75373e-01
683	  1,3640000000e+03	  2,18635e-01	 -2,78739e-01
684	  1,3660000000e+03	  2,13532e-01	 -2,82794e-01
685	  1,3680000000e+03	  2,10016e-01	 -2,85686e-01
686	  1,3700000000e+03	  2,06351e-01	 -2,84995e-01
687	  1,3720000000e+03	  2,04027e-01	 -2,84882e-01
688	  1,3740000000e+03	  2,02648e-01	 -2,88130e-01
689	  1,3760000000e+03	  2,00779e-01	 -2,90710e-01
690	  1,3780000000e+03	  1,98467e-01	 -2,94719e-01
691	  1,3800000000e+03	  1,96937e-01	 -2,97429e-01
692	  1,3820000000e+03	  1,90235e-01	 -2,98125e-01
693	  1,3840000000e+03	  1,84461e-01	 -3,00869e-01
694	  1,3860000000e+03	  1,84218e-01	 -3,01073e-01
695	  1,3880000000e+03	  1,82230e-01	 -3,03219e-01
696	  1,3900000000e+03	  1,76992e-01	 -3,10261e-01
697	  1,3920000000e+03	  1,76653e-01	 -3,12690e-01
698	  1,3940000000e+03	  1,72059e-01	 -3,12721e-01
699	  1,3960000000e+03	  1,68831e-01	 -3,16237e-01
700	  1,3980000000e+03	  1,64817e-01	 -3,21030e-01
701	  1,4000000000e+03	  1,63243e-01	 -3,21745e-01
702	  1,4020000000e+03	  1,60137e-01	 -3,24437e-01
703	  1,4040000000e+03	  1,48971e-01	 -3,31932e-01
704	  1,4060000000e+03	  1,46631e-01	 -3,33949e-01
705	  1,4080000000e+03	  1,44647e-01	 -3,36521e-01
706	  1,4100000000e+03	  1,39093e-01	 -3,35230e-01
707	  1,4120000000e+03	  1,34238e-01	 -3,39329e-01
708	  1,4140000000e+03	  1,30767e-01	 -3,41962e-01
709	  1,4160000000e+03	  1,27149e-01	 -3,43614e-01
710	  1,4180000000e+03	  1,19558e-01	 -3,43543e-01
711	  1,4200000000e+03	  1,10565e-01	 -3,42678e-01
712	  1,4220000000e+03	  1,02240e-01	 -3,48475e-01
713	  1,4240000000e+03	  9,83423e-02	 -3,48170e-01
714	  1,4260000000e+03	  9,54558e-02	 -3,46590e-01
715	  1,4280000000e+03	  8,71862e-02	 -3,46006e-01
716	  1,4300000000e+03	  8,39257e-02	 -3,47089e-01
717	  1,4320000000e+03	  7,78692e-02	 -3,44706e-01
718	  1,4340000000e+03	  7,22200e-02	 -3,40839e-01
719	  1,4360000000e+03	  7,19685e-02	 -3,39297e-01
720	  1,4380000000e+03	  6,74679e-02	 -3,37648e-01
721	  1,4400000000e+03	  6,36281e-02	 -3,36689e-01
722	  1,4420000000e+03	  6,12762e-02	 -3,32904e-01
723	  1,4440000000e+03	  5,58066e-02	 -3,31152e-01
724	  1,4460000000e+03	  5,38263e-02	 -3,33074e-01
725	  1,4480000000e+03	  5,33331e-02	 -3,31214e-01
726	  1,4500000000e+03	  5,25105e-02	 -3,30425e-01
727	  1,4520000000e+03	  4,89933e-02	 -3,30981e-01
728	  1,4540000000e+03	  4,66588e-02	 -3,29717e-01
729	  1,4560000000e+03	  4,28742e-02	 -3,29563e-01
730	  1,4580000000e+03	  3,81345e-02	 -3,29389e-01
731	  1,4600000000e+03	  3,88809e-02	 -3,29783e-01
732	  1,4620000000e+03	  3,76720e-02	 -3,29327e-01
733	  1,4640000000e+03	  3,50917e-02	 -3,31744e-01
734	  1,4660000000e+03	  3,51628e-02	 -3,33934e-01
735	  1,4680000000e+03	  3,24648e-02	 -3,31340e-01
736	  1,4700000000e+03	  3,24378e-02	 -3,32154e-01
737	  1,4720000000e+03	  3,05372e-02	 -3,35362e-01
738	  1,4740000000e+03	  2,82416e-02	 -3,35044e-01
739	  1,4760000000e+03	  2,51192e-02	 -3,36712e-01
740	  1,4780000000e+03	  1,92730e-02	 -3,41343e-01
741	  1,4800000000e+03	  1,49560e-02	 -3,43261e-01
742	  1,4820000000e+03	  1,12922e-02	 -3,45232e-01
743	  1,4840000000e+03	  1,10607e-02	 -3,45865e-01
744	  1,4860000000e+03	  7,58630e-03	 -3,47798e-01
745	  1,4880000000e+03	  4,64665e-03	 -3,50574e-01
746	  1,4900000000e+03	 -3,74781e-03	 -3,53574e-01
747	  1,4920000000e+03	 -8,62449e-03	 -3,56760e-01
748	  1,4940000000e+03	 -1,21381e-02	 -3,57739e-01
749	  1,4960000000e+03	 -2,03992e-02	 -3,56450e-01
750	  1,4980000000e+03	 -2,65255e-02	 -3,57551e-01
751	  1,5000000000e+03	 -3,19207e-02	 -3,56047e-01
752	  1,5020000000e+03	 -3,55660e-02	 -3,54318e-01
753	  1,5040000000e+03	 -4,05104e-02	 -3,56049e-01
754	  1,5060000000e+03	 -4,48468e-02	 -3,55720e-01
755	  1,5080000000e+03	 -5,02776e-02	 -3,53441e-01
756	  1,5100000000e+03	 -5,89803e-02	 -3,51783e-01
757	  1,5120000000e+03	 -6,21560e-02	 -3,50336e-01
758	  1,5140000000e+03	 -6,49652e-02	 -3,52394e-01
759	  1,5160000000e+03	 -6,65503e-02	 -3,49573e-01
760	  1,5180000000e+03	 -7,15743e-02	 -3,44809e-01
761	  1,5200000000e+03	 -7,65963e-02	 -3,42337e-01
762	  1,5220000000e+03	 -8,05879e-02	 -3,41467e-01
763	  1,5240000000e+03	 -8,38747e-02	 -3,37735e-01
764	  1,5260000000e+03	 -9,07252e-02	 -3,38685e-01
765	  1,5280000000e+03	 -9,24348e-02	 -3,41078e-01
766	  1,5300000000e+03	 -9,48044e-02	 -3,38888e-01
767	  1,5320000000e+03	 -9,76471e-02	 -3,35625e-01
768	  1,5340000000e+03	 -1,03423e-01	 -3,33308e-01
769	  1,5360000000e+03	 -1,04846e-01	 -3,32319e-01
770	  1,5380000000e+03	 -1,11202e-01	 -3,29700e-01
771	  1,5400000000e+03	 -1,14312e-01	 -3,27887e-01
772	  1,5420000000e+03	 -1,18613e-01	 -3,27662e-01
773	  1,5440000000e+03	 -1,23563e-01	 -3,27356e-01
774	  1,5460000000e+03	 -1,25936e-01	 -3,26955e-01
775	  1,5480000000e+03	 -1,28990e-01	 -3,23720e-01
776	  1,5500000000e+03	 -1,29875e-01	 -3,21566e-01
777	  1,5520000000e+03	 -1,28040e-01	 -3,21170e-01
778	  1,5540000000e+03	 -1,32201e-01	 -3,21153e-01
779	  1,5560000000e+03	 -1,37448e-01	 -3,16347e-01
780	  1,5580000000e+03	 -1,40754e-01	 -3,17319e-01
781	  1,5600000000e+03	 -1,45733e-01	 -3,14177e-01
782	  1,5620000000e+03	 -1,46986e-01	 -3,10426e-01
783	  1,5640000000e+03	 -1,51348e-01	 -3,08916e-01
784	  1,5660000000e+03	 -1,54352e-01	 -3,06288e-01
785	  1,5680000000e+03	 -1,57370e-01	 -3,04163e-01
786	  1,5700000000e+03	 -1,59732e-01	 -3,00088e-01
787	  1,5720000000e+03	 -1,65387e-01	 -2,99462e-01
788	  1,5740000000e+03	 -1,67196e-01	 -2,99529e-01
789	  1,5760000000e+03	 -1,70809e-01	 -2,99932e-01
790	  1,5780000000e+03	 -1,72715e-01	 -2,95839e-01
791	  1,5800000000e+03	 -1,75716e-01	 -2,93510e-01
792	  1,5820000000e+03	 -1,82559e-01	 -2,95003e-01
793	  1,5840000000e+03	 -1,86963e-01	 -2,94101e-01
794	  1,5860000000e+03	 -1,88633e-01	 -2,93127e-01
795	  1,5880000000e+03	 -1,90828e-01	 -2,87657e-01
796	  1,5900000000e+03	 -1,94534e-01	 -2,82818e-01
797	  1,5920000000e+03	 -1,99392e-01	 -2,79761e-01
798	  1,5940000000e+03	 -2,03541e-01	 -2,76502e-01
799	  1,5960000000e+03	 -2,04108e-01	 -2,75270e-01
800	  1,5980000000e+03	 -2,05897e-01	 -2,73720e-01
801	  1,6000000000e+03	 -2,09489e-01	 -2,72089e-01
802	  1,6020000000e+03	 -2,12838e-01	 -2,68392e-01
803	  1,6040000000e+03	 -2,16616e-01	 -2,61907e-01
804	  1,6060000000e+03	 -2,17103e-01	 -2,60340e-01
805	  1,6080000000e+03	 -2,17566e-01	 -2,65526e-01
806	  1,6100000000e+03	 -2,22019e-01	 -2,59065e-01
807	  1,6120000000e+03	 -2,25524e-01	 -2,54366e-01
808	  1,6140000000e+03	 -2,28114e-01	 -2,51109e-01
809	  1,6160000000e+03	 -2,28339e-01	 -2,48863e-01
810	  1,6180000000e+03	 -2,28542e-01	 -2,46596e-01
811	  1,6200000000e+03	 -2,34181e-01	 -2,42560e-01
812	  1,6220000000e+03	 -2,37233e-01	 -2,42608e-01
813	  1,6240000000e+03	 -2,34560e-01	 -2,41124e-01
814	  1,6260000000e+03	 -2,38919e-01	 -2,34281e-01
815	  1,6280000000e+03	 -2,39729e-01	 -2,33939e-01
816	  1,6300000000e+03	 -2,42479e-01	 -2,32973e-01
817	  1,6320000000e+03	 -2,44627e-01	 -2,28984e-01
818	  1,6340000000e+03	 -2,47691e-01	 -2,28109e-01
819	  1,6360000000e+03	 -2,53910e-01	 -2,27573e-01
820	  1,6380000000e+03	 -2,59548e-01	 -2,25331e-01
821	  1,6400000000e+03	 -2,57735e-01	 -2,19368e-01
822	  1,6420000000e+03	 -2,59876e-01	 -2,15826e-01
823	  1,6440000000e+03	 -2,65411e-01	 -2,13742e-01
824	  1,6460000000e+03	 -2,67552e-01	 -2,13623e-01
825	  1,6480000000e+03	 -2,67913e-01	 -2,12138e-01
826	  1,6500000000e+03	 -2,71118e-01	 -2,07571e-01
827	  1,6520000000e+03	 -2,74255e-01	 -2,05732e-01
828	  1,6540000000e+03	 -2,76916e-01	 -2,03379e-01
829	  1,6560000000e+03	 -2,77741e-01	 -2,00476e-01
830	  1,6580000000e+03	 -2,78445e-01	 -1,97579e-01
831	  1,6600000000e+03	 -2,83570e-01	 -1,93166e-01
832	  1,6620000000e+03	 -2,87139e-01	 -1,88899e-01
833	  1,6640000000e+03	 -2,89168e-01	 -1,84329e-01
834	  1,6660000000e+03	 -2,91384e-01	 -1,84554e-01
835	  1,6680000000e+03	 -2,93726e-01	 -1,81230e-01
836	  1,6700000000e+03	 -2,96866e-01	 -1,75152e-01
837	  1,6720000000e+03	 -2,97707e-01	 -1,70007e-01
838	  1,6740000000e+03	 -3,00175e-01	 -1,67026e-01
839	  1,6760000000e+03	 -3,00181e-01	 -1,65544e-01
840	  1,6780000000e+03	 -3,03252e-01	 -1,61990e-01
841	  1,6800000000e+03	 -3,04523e-01	 -1,58537e-01
842	  1,6820000000e+03	 -3,04720e-01	 -1,55906e-01
843	  1,6840000000e+03	 -3,04509e-01	 -1,48287e-01
844	  1,6860000000e+03	 -3,04834e-01	 -1,45512e-01
845	  1,6880000000e+03	 -3,03601e-01	 -1,41523e-01
846	  1,6900000000e+03	 -3,05819e-01	 -1,40638e-01
847	  1,6920000000e+03	 -3,09191e-01	 -1,39465e-01
848	  1,6940000000e+03	 -3,09318e-01	 -1,31931e-01
849	  1,6960000000e+03	 -3,11338e-01	 -1,28580e-01
850	  1,6980000000e+03	 -3,13220e-01	 -1,25320e-01
851	  1,7000000000e+03	 -3,14197e-01	 -1,23758e-01
852	  1,7020000000e+03	 -3,15286e-01	 -1,23176e-01
853	  1,7040000000e+03	 -3,19709e-01	 -1,18617e-01
854	  1,7060000000e+03	 -3,21008e-01	 -1,14141e-01
855	  1,7080000000e+03	 -3,19651e-01	 -1,10941e-01
856	  1,7100000000e+03	 -3,22038e-01	 -1,07705e-01
857	  1,7120000000e+03	 -3,21194e-01	 -1,02724e-01
858	  1,7140000000e+03	 -3,19899e-01	 -9,79838e-02
859	  1,7160000000e+03	 -3,22968e-01	 -9,63989e-02
860	  1,7180000000e+03	 -3,22128e-01	 -9,18291e-02
861	  1,7200000000e+03	 -3,21747e-01	 -8,96273e-02
862	  1,7220000000e+03	 -3,20278e-01	 -9,02829e-02
863	  1,7240000000e+03	 -3,23164e-01	 -8,69493e-02
864	  1,7260000000e+03	 -3,23908e-01	 -8,02873e-02
865	  1,7280000000e+03	 -3,22931e-01	 -8,11195e-02
866	  1,7300000000e+03	 -3,25727e-01	 -7,74262e-02
867	  1,7320000000e+03	 -3,25220e-01	 -7,45299e-02
868	  1,7340000000e+03	 -3,27411e-01	 -7,20789e-02
869	  1,7360000000e+03	 -3,31561e-01	 -7,06820e-02
870	  1,7380000000e+03	 -3,32777e-01	 -6,83943e-02
871	  1,7400000000e+03	 -3,31586e-01	 -6,41154e-02
872	  1,7420000000e+03	 -3,33896e-01	 -6,31986e-02
873	  1,7440000000e+03	 -3,36381e-01	 -6,08240e-02
874	  1,7460000000e+03	 -3,37367e-01	 -5,57912e-02
875	  1,7480000000e+03	 -3,42771e-01	 -5,30664e-02
876	  1,7500000000e+03	 -3,46110e-01	 -4,87620e-02
877	  1,7520000000e+03	 -3,48354e-01	 -4,40414e-02
878	  1,7540000000e+03	 -3,47821e-01	 -3,71381e-02
879	  1,7560000000e+03	 -3,45079e-01	 -3,39478e-02
880	  1,7580000000e+03	 -3,44780e-01	 -2,66469e-02
881	  1,7600000000e+03	 -3,49878e-01	 -2,37655e-02
882	  1,7620000000e+03	 -3,52516e-01	 -2,03635e-02
883	  1,7640000000e+03	 -3,53748e-01	 -1,46865e-02
884	  1,7660000000e+03	 -3,54736e-01	 -1,32801e-02
885	  1,7680000000e+03	 -3,53634e-01	 -1,04180e-02
886	  1,7700000000e+03	 -3,54614e-01	 -4,90467e-03
887	  1,7720000000e+03	 -3,53477e-01	  3,55135e-03
888	  1,7740000000e+03	 -3,55401e-01	  8,94171e-03
889	  1,7760000000e+03	 -3,55926e-01	  1,25765e-02
890	  1,7780000000e+03	 -3,55729e-01	  1,58988e-02
891	  1,7800000000e+03	 -3,56272e-01	  1,95742e-02
892	  1,7820000000e+03	 -3,54780e-01	  2,40085e-02
893	  1,7840000000e+03	 -3,53670e-01	  3,23276e-02
894	  1,7860000000e+03	 -3,53638e-01	  3,82222e-02
895	  1,7880000000e+03	 -3,54309e-01	  4,25197e-02
896	  1,7900000000e+03	 -3,52117e-01	  5,04214e-02
897	  1,7920000000e+03	 -3,49694e-01	  5,34986e-02
898	  1,7940000000e+03	 -3,45443e-01	  5,94905e-02
899	  1,7960000000e+03	 -3,42493e-01	  6,32006e-02
900	  1,7980000000e+03	 -3,42575e-01	  6,71529e-02
901	  1,8000000000e+03	 -3,38530e-01	  6,90156e-02
902	  1,8020000000e+03	 -3,36339e-01	  7,41662e-02
903	  1,8040000000e+03	 -3,39198e-01	  7,56999e-02
904	  1,8060000000e+03	 -3,37188e-01	  7,70775e-02
905	  1,8080000000e+03	 -3,35775e-01	  7,87939e-02
906	  1,8100000000e+03	 -3,33746e-01	  8,35979e-02
907	  1,8120000000e+03	 -3,32754e-01	  8,56547e-02
908	  1,8140000000e+03	 -3,34061e-01	  8,95946e-02
909	  1,8160000000e+03	 -3,29335e-01	  9,16196e-02
910	  1,8180000000e+03	 -3,28758e-01	  9,97918e-02
911	  1,8200000000e+03	 -3,30251e-01	  1,07168e-01
912	  1,8220000000e+03	 -3,27960e-01	  1,07360e-01
913	  1,8240000000e+03	 -3,23251e-01	  1,07367e-01
914	  1,8260000000e+03	 -3,23378e-01	  1,08730e-01
915	  1,8280000000e+03	 -3,22014e-01	  1,11891e-01
916	  1,8300000000e+03	 -3,20399e-01	  1,15573e-01
917	  1,8320000000e+03	 -3,22233e-01	  1,20100e-01
918	  1,8340000000e+03	 -3,22198e-01	  1,21638e-01
919	  1,8360000000e+03	 -3,22367e-01	  1,23447e-01
920	  1,8380000000e+03	 -3,21325e-01	  1,27311e-01
921	  1,8400000000e+03	 -3,19189e-01	  1,34415e-01
922	  1,8420000000e+03	 -3,14387e-01	  1,35745e-01
923	  1,8440000000e+03	 -3,11494e-01	  1,36348e-01
924	  1,8460000000e+03	 -3,15571e-01	  1,40989e-01
925	  1,8480000000e+03	 -3,11639e-01	  1,46630e-01
926	  1,8500000000e+03	 -3,09113e-01	  1,50338e-01
927	  1,8520000000e+03	 -3,10317e-01	  1,52978e-01
928	  1,8540000000e+03	 -3,09587e-01	  1,58316e-01
929	  1,8560000000e+03	 -3,07909e-01	  1,61652e-01
930	  1,8580000000e+03	 -3,07361e-01	  1,64404e-01
931	  1,8600000000e+03	 -3,05545e-01	  1,70172e-01
932	  1,8620000000e+03	 -3,01365e-01	  1,74578e-01
933	  1,8640000000e+03	 -3,00299e-01	  1,76576e-01
934	  1,8660000000e+03	 -3,00510e-01	  1,75838e-01
935	  1,8680000000e+03	 -2,98754e-01	  1,86633e-01
936	  1,8700000000e+03	 -2,91365e-01	  1,91289e-01
937	  1,8720000000e+03	 -2,89498e-01	  1,95711e-01
938	  1,8740000000e+03	 -2,85947e-01	  1,95771e-01
939	  1,8760000000e+03	 -2,80958e-01	  1,98468e-01
940	  1,8780000000e+03	 -2,80635e-01	  2,04250e-01
941	  1,8800000000e+03	 -2,81214e-01	  2,05666e-01
942	  1,8820000000e+03	 -2,77203e-01	  2,10416e-01
943	  1,8840000000e+03	 -2,71379e-01	  2,14620e-01
944	  1,8860000000e+03	 -2,65353e-01	  2,17380e-01
945	  1,8880000000e+03	 -2,64276e-01	  2,17401e-01
946	  1,8900000000e+03	 -2,63679e-01	  2,21920e-01
947	  1,8920000000e+03	 -2,60222e-01	  2,23359e-01
948	  1,8940000000e+03	 -2,58479e-01	  2,24103e-01
949	  1,8960000000e+03	 -2,55426e-01	  2,25725e-01
950	  1,8980000000e+03	 -2,55038e-01	  2,23506e-01
951	  1,9000000000e+03	 -2,48653e-01	  2,28164e-01
952	  1,9020000000e+03	 -2,43973e-01	  2,30488e-01
953	  1,9040000000e+03	 -2,46797e-01	  2,34943e-01
954	  1,9060000000e+03	 -2,43803e-01	  2,34373e-01
955	  1,9080000000e+03	 -2,38589e-01	  2,37601e-01
956	  1,9100000000e+03	 -2,36743e-01	  2,41414e-01
957	  1,9120000000e+03	 -2,34487e-01	  2,44731e-01
958	  1,9140000000e+03	 -2,32235e-01	  2,47222e-01
959	  1,9160000000e+03	 -2,30443e-01	  2,48313e-01
960	  1,9180000000e+03	 -2,24498e-01	  2,51760e-01
961	  1,9200000000e+03	 -2,19539e-01	  2,53235e-01
962	  1,9220000000e+03	 -2,21774e-01	  2,54682e-01
963	  1,9240000000e+03	 -2,21063e-01	  2,60399e-01
964	  1,9260000000e+03	 -2,16620e-01	  2,63152e-01
965	  1,9280000000e+03	 -2,12453e-01	  2,62145e-01
966	  1,9300000000e+03	 -2,08729e-01	  2,61422e-01
967	  1,9320000000e+03	 -2,09016e-01	  2,68521e-01
968	  1,9340000000e+03	 -2,09311e-01	  2,69686e-01
969	  1,9360000000e+03	 -2,11534e-01	  2,69808e-01
970	  1,9380000000e+03	 -2,09150e-01	  2,70964e-01
971	  1,9400000000e+03	 -2,01700e-01	  2,75408e-01
972	  1,9420000000e+03	 -2,01321e-01	  2,78530e-01
973	  1,9440000000e+03	 -1,98938e-01	  2,80089e-01
974	  1,9460000000e+03	 -1,92552e-01	  2,86470e-01
975	  1,9480000000e+03	 -1,89786e-01	  2,88835e-01
976	  1,9500000000e+03	 -1,91778e-01	  2,93215e-01
977	  1,9520000000e+03	 -1,85762e-01	  2,94613e-01
978	  1,9540000000e+03	 -1,82015e-01	  2,95437e-01
979	  1,9560000000e+03	 -1,78242e-01	  3,00603e-01
980	  1,9580000000e+03	 -1,75034e-01	  3,03731e-01
981	  1,9600000000e+03	 -1,71213e-01	  3,04784e-01
982	  1,9620000000e+03	 -1,66809e-01	  3,07933e-01
983	  1,9640000000e+03	 -1,62370e-01	  3,09250e-01
984	  1,9660000000e+03	 -1,58811e-01	  3,11494e-01
985	  1,9680000000e+03	 -1,58209e-01	  3,16508e-01
986	  1,9700000000e+03	 -1,54770e-01	  3,19908e-01
987	  1,9720000000e+03	 -1,48827e-01	  3,24464e-01
988	  1,9740000000e+03	 -1,47103e-01	  3,24383e-01
989	  1,9760000000e+03	 -1,43264e-01	  3,25036e-01
990	  1,9780000000e+03	 -1,34667e-01	  3,28809e-01
991	  1,9800000000e+03	 -1,31359e-01	  3,32170e-01
992	  1,9820000000e+03	 -1,25970e-01	  3,32353e-01
993	  1,9840000000e+03	 -1,22817e-01	  3,32710e-01
994	  1,9860000000e+03	 -1,17925e-01	  3,33205e-01
995	  1,9880000000e+03	 -1,10840e-01	  3,34071e-01
996	  1,9900000000e+03	 -1,08977e-01	  3,36949e-01
997	  1,9920000000e+03	 -1,05551e-01	  3,39741e-01
998	  1,9940000000e+03	 -1,00345e-01	  3,38391e-01
999	  1,9960000000e+03	 -9,47369e-02	  3,39333e-01
1000	  1,9980000000e+03	 -8,92779e-02	  3,39513e-01
1001	  2,0000000000e+03	 -8,38965e-02	  3,39898e-01
1002	  2,0020000000e+03	 -7,88732e-02	  3,41647e-01
1003	  2,0040000000e+03	 -7,46966e-02	  3,39699e-01
1004	  2,0060000000e+03	 -6,83645e-02	  3,40949e-01
1005	  2,0080000000e+03	 -6,60120e-02	  3,41573e-01
1006	  2,0100000000e+03	 -6,37603e-02	  3,44643e-01
1007	  2,0120000000e+03	 -5,93451e-02	  3,43768e-01
1008	  2,0140000000e+03	 -5,48135e-02	  3,42459e-01
1009	  2,0160000000e+03	 -4,93966e-02	  3,42366e-01
1010	  2,0180000000e+03	 -4,85206e-02	  3,42086e-01
1011	  2,0200000000e+03	 -4,81072e-02	  3,43385e-01
1012	  2,0220000000e+03	 -4,31539e-02	  3,43750e-01
1013	  2,0240000000e+03	 -4,06274e-02	  3,44645e-01
1014	  2,0260000000e+03	 -3,65537e-02	  3,45979e-01
1015	  2,0280000000e+03	 -2,98693e-02	  3,42924e-01
1016	  2,0300000000e+03	 -2,60541e-02	  3,44428e-01
1017	  2,0320000000e+03	 -2,52463e-02	  3,44316e-01
1018	  2,0340000000e+03	 -1,96475e-02	  3,44693e-01
1019	  2,0360000000e+03	 -1,24749e-02	  3,46777e-01
1020	  2,0380000000e+03	 -8,11586e-03	  3,48779e-01
1021	  2,0400000000e+03	 -6,00280e-03	  3,46809e-01
1022	  2,0420000000e+03	  8,74338e-04	  3,46492e-01
1023	  2,0440000000e+03	  3,99139e-03	  3,48776e-01
1024	  2,0460000000e+03	  8,26667e-03	  3,49219e-01
1025	  2,0480000000e+03	  1,78535e-02	  3,49824e-01
1026	  2,0500000000e+03	  2,30213e-02	  3,48438e-01
1027	  2,0520000000e+03	  2,82129e-02	  3,44332e-01
1028	  2,0540000000e+03	  3,25008e-02	  3,42053e-01
1029	  2,0560000000e+03	  3,71351e-02	  3,40536e-01
1030	  2,0580000000e+03	  4,02157e-02	  3,39967e-01
1031	  2,0600000000e+03	  4,05461e-02	  3,38850e-01
1032	  2,0620000000e+03	  4,65780e-02	  3,37794e-01
1033	  2,0640000000e+03	  4,94026e-02	  3,38463e-01
1034	  2,0660000000e+03	  5,46264e-02	  3,35281e-01
1035	  2,0680000000e+03	  5,51427e-02	  3,31878e-01
1036	  2,0700000000e+03	  5,98528e-02	  3,31064e-01
1037	  2,0720000000e+03	  6,86062e-02	  3,28482e-01
1038	  2,0740000000e+03	  7,25487e-02	  3,30372e-01
1039	  2,0760000000e+03	  7,49083e-02	  3,31879e-01
1040	  2,0780000000e+03	  7,67598e-02	  3,25813e-01
1041	  2,0800000000e+03	  8,01015e-02	  3,23545e-01
1042	  2,0820000000e+03	  8,32922e-02	  3,22394e-01
1043	  2,0840000000e+03	  8,74278e-02	  3,18247e-01
1044	  2,0860000000e+03	  9,26857e-02	  3,17197e-01
1045	  2,0880000000e+03	  9,67319e-02	  3,11452e-01
1046	  2,0900000000e+03	  1,01914e-01	  3,11339e-01
1047	  2,0920000000e+03	  1,04423e-01	  3,10949e-01
1048	  2,0940000000e+03	  1,08868e-01	  3,04103e-01
1049	  2,0960000000e+03	  1,11205e-01	  3,04255e-01
1050	  2,0980000000e+03	  1,13102e-01	  3,03109e-01
1051	  2,1000000000e+03	  1,11768e-01	  2,97684e-01
1052	  2,1020000000e+03	  1,10078e-01	  2,92029e-01
1053	  2,1040000000e+03	  1,13713e-01	  2,89452e-01
1054	  2,1060000000e+03	  1,14591e-01	  2,90891e-01
1055	  2,1080000000e+03	  1,18514e-01	  2,89286e-01
1056	  2,1100000000e+03	  1,21825e-01	  2,87156e-01
1057	  2,1120000000e+03	  1,21761e-01	  2,89165e-01
1058	  2,1140000000e+03	  1,23968e-01	  2,83522e-01
1059	  2,1160000000e+03	  1,29524e-01	  2,79235e-01
1060	  2,1180000000e+03	  1,30083e-01	  2,81232e-01
1061	  2,1200000000e+03	  1,30124e-01	  2,81566e-01
1062	  2,1220000000e+03	  1,31750e-01	  2,79690e-01
1063	  2,1240000000e+03	  1,33145e-01	  2,75280e-01
1064	  2,1260000000e+03	  1,36900e-01	  2,77815e-01
1065	  2,1280000000e+03	  1,36744e-01	  2,77716e-01
1066	  2,1300000000e+03	  1,38216e-01	  2,74486e-01
1067	  2,1320000000e+03	  1,44789e-01	  2,73305e-01
1068	  2,1340000000e+03	  1,49719e-01	  2,71335e-01
1069	  2,1360000000e+03	  1,51846e-01	  2,73334e-01
1070	  2,1380000000e+03	  1,53337e-01	  2,68472e-01
1071	  2,1400000000e+03	  1,56328e-01	  2,66878e-01
1072	  2,1420000000e+03	  1,60314e-01	  2,65888e-01
1073	  2,1440000000e+03	  1,61711e-01	  2,67684e-01
1074	  2,1460000000e+03	  1,64086e-01	  2,66436e-01
1075	  2,1480000000e+03	  1,69532e-01	  2,63755e-01
1076	  2,1500000000e+03	  1,74514e-01	  2,58727e-01
1077	  2,1520000000e+03	  1,74852e-01	  2,55888e-01
1078	  2,1540000000e+03	  1,73630e-01	  2,53849e-01
1079	  2,1560000000e+03	  1,75074e-01	  2,51005e-01
1080	  2,1580000000e+03	  1,78005e-01	  2,51196e-01
1081	  2,1600000000e+03	  1,77804e-01	  2,50004e-01
1082	  2,1620000000e+03	  1,77596e-01	  2,48477e-01
1083	  2,1640000000e+03	  1,79794e-01	  2,46357e-01
1084	  2,1660000000e+03	  1,84557e-01	  2,45201e-01
1085	  2,1680000000e+03	  1,88969e-01	  2,46368e-01
1086	  2,1700000000e+03	  1,93288e-01	  2,39591e-01
1087	  2,1720000000e+03	  1,96960e-01	  2,30605e-01
1088	  2,1740000000e+03	  1,99173e-01	  2,29870e-01
1089	  2,1760000000e+03	  2,00652e-01	  2,29250e-01
1090	  2,1780000000e+03	  2,01284e-01	  2,25704e-01
1091	  2,1800000000e+03	  1,99400e-01	  2,22177e-01
1092	  2,1820000000e+03	  1,98343e-01	  2,22614e-01
1093	  2,1840000000e+03	  2,03039e-01	  2,22469e-01
1094	  2,1860000000e+03	  2,03959e-01	  2,22291e-01
1095	  2,1880000000e+03	  2,03275e-01	  2,17966e-01
1096	  2,1900000000e+03	  1,98905e-01	  2,15043e-01
1097	  2,1920000000e+03	  2,03357e-01	  2,18876e-01
1098	  2,1940000000e+03	  2,06896e-01	  2,16706e-01
1099	  2,1960000000e+03	  2,09792e-01	  2,15883e-01
1100	  2,1980000000e+03	  2,18322e-01	  2,15343e-01
1101	  2,2000000000e+03	  2,19246e-01	  2,15230e-01
1102	  2,2020000000e+03	  2,19869e-01	  2,13657e-01
1103	  2,2040000000e+03	  2,23114e-01	  2,13299e-01
1104	  2,2060000000e+03	  2,21208e-01	  2,08261e-01
1105	  2,2080000000e+03	  2,25754e-01	  2,05577e-01
1106	  2,2100000000e+03	  2,28894e-01	  2,04596e-01
1107	  2,2120000000e+03	  2,33481e-01	  2,06317e-01
1108	  2,2140000000e+03	  2,35217e-01	  2,01758e-01
1109	  2,2160000000e+03	  2,38155e-01	  1,99282e-01
1110	  2,2180000000e+03	  2,39648e-01	  1,97184e-01
1111	  2,2200000000e+03	  2,40687e-01	  1,93451e-01
1112	  2,2220000000e+03	  2,41953e-01	  1,91090e-01
1113	  2,2240000000e+03	  2,50076e-01	  1,90932e-01
1114	  2,2260000000e+03	  2,55479e-01	  1,87386e-01
1115	  2,2280000000e+03	  2,56675e-01	  1,82399e-01
1116	  2,2300000000e+03	  2,52640e-01	  1,80900e-01
1117	  2,2320000000e+03	  2,52539e-01	  1,78182e-01
1118	  2,2340000000e+03	  2,56322e-01	  1,70425e-01
1119	  2,2360000000e+03	  2,57937e-01	  1,69773e-01
1120	  2,2380000000e+03	  2,60812e-01	  1,71184e-01
1121	  2,2400000000e+03	  2,64062e-01	  1,67371e-01
1122	  2,2420000000e+03	  2,64754e-01	  1,63036e-01
1123	  2,2440000000e+03	  2,65702e-01	  1,60450e-01
1124	  2,2460000000e+03	  2,68079e-01	  1,60708e-01
1125	  2,2480000000e+03	  2,75353e-01	  1,54865e-01
1126	  2,2500000000e+03	  2,72801e-01	  1,48224e-01
1127	  2,2520000000e+03	  2,69968e-01	  1,47581e-01
1128	  2,2540000000e+03	  2,74114e-01	  1,46392e-01
1129	  2,2560000000e+03	  2,74968e-01	  1,43349e-01
1130	  2,2580000000e+03	  2,70027e-01	  1,42779e-01
1131	  2,2600000000e+03	  2,73608e-01	  1,39319e-01
1132	  2,2620000000e+03	  2,74019e-01	  1,34811e-01
1133	  2,2640000000e+03	  2,74464e-01	  1,31117e-01
1134	  2,2660000000e+03	  2,78205e-01	  1,29856e-01
1135	  2,2680000000e+03	  2,79863e-01	  1,25879e-01
1136	  2,2700000000e+03	  2,82541e-01	  1,25694e-01
1137	  2,2720000000e+03	  2,86604e-01	  1,26169e-01
1138	  2,2740000000e+03	  2,87883e-01	  1,24196e-01
1139	  2,2760000000e+03	  2,88445e-01	  1,19001e-01
1140	  2,2780000000e+03	  2,89767e-01	  1,15120e-01
1141	  2,2800000000e+03	  2,91863e-01	  1,12647e-01
1142	  2,2820000000e+03	  2,94565e-01	  1,09576e-01
1143	  2,2840000000e+03	  2,93951e-01	  1,06762e-01
1144	  2,2860000000e+03	  2,94092e-01	  1,04906e-01
1145	  2,2880000000e+03	  2,94215e-01	  1,00571e-01
1146	  2,2900000000e+03	  2,97084e-01	  9,68614e-02
1147	  2,2920000000e+03	  2,98806e-01	  9,15267e-02
1148	  2,2940000000e+03	  3,00326e-01	  8,97623e-02
1149	  2,2960000000e+03	  3,00655e-01	  9,08344e-02
1150	  2,2980000000e+03	  2,99656e-01	  8,87357e-02
1151	  2,3000000000e+03	  3,02519e-01	  8,34821e-02
1152	  2,3020000000e+03	  3,01596e-01	  7,99472e-02
1153	  2,3040000000e+03	  3,04202e-01	  7,77586e-02
1154	  2,3060000000e+03	  3,05046e-01	  7,29320e-02
1155	  2,3080000000e+03	  3,08501e-01	  6,85924e-02
1156	  2,3100000000e+03	  3,07758e-01	  6,35214e-02
1157	  2,3120000000e+03	  3,09868e-01	  6,31151e-02
1158	  2,3140000000e+03	  3,09448e-01	  6,11682e-02
1159	  2,3160000000e+03	  3,10421e-01	  5,84007e-02
1160	  2,3180000000e+03	  3,13675e-01	  5,20690e-02
1161	  2,3200000000e+03	  3,12371e-01	  4,61232e-02
1162	  2,3220000000e+03	  3,11278e-01	  4,32792e-02
1163	  2,3240000000e+03	  3,06390e-01	  4,02643e-02
1164	  2,3260000000e+03	  3,06885e-01	  3,78517e-02
1165	  2,3280000000e+03	  3,07212e-01	  3,68266e-02
1166	  2,3300000000e+03	  3,08124e-01	  3,57600e-02
1167	  2,3320000000e+03	  3,08483e-01	  3,43209e-02
1168	  2,3340000000e+03	  3,12109e-01	  3,03132e-02
1169	  2,3360000000e+03	  3,15775e-01	  2,96263e-02
1170	  2,3380000000e+03	  3,11146e-01	  3,00247e-02
1171	  2,3400000000e+03	  3,12880e-01	  2,62137e-02
1172	  2,3420000000e+03	  3,14012e-01	  2,18057e-02
1173	  2,3440000000e+03	  3,18831e-01	  2,04760e-02
1174	  2,3460000000e+03	  3,21320e-01	  1,67275e-02
1175	  2,3480000000e+03	  3,23829e-01	  1,38312e-02
1176	  2,3500000000e+03	  3,25683e-01	  7,18052e-03
1177	  2,3520000000e+03	  3,23955e-01	  3,44915e-03
1178	  2,3540000000e+03	  3,22015e-01	  1,38936e-03
1179	  2,3560000000e+03	  3,23767e-01	 -1,40847e-03
1180	  2,3580000000e+03	  3,26046e-01	 -6,27376e-03
1181	  2,3600000000e+03	  3,24562e-01	 -8,80608e-03
1182	  2,3620000000e+03	  3,26084e-01	 -1,27892e-02
1183	  2,3640000000e+03	  3,26447e-01	 -1,93903e-02
1184	  2,3660000000e+03	  3,25360e-01	 -2,16170e-02
1185	  2,3680000000e+03	  3,27073e-01	 -2,57873e-02
1186	  2,3700000000e+03	  3,27824e-01	 -3,13248e-02
1187	  2,3720000000e+03	  3,23197e-01	 -3,40791e-02
1188	  2,3740000000e+03	  3,22578e-01	 -3,81370e-02
1189	  2,3760000000e+03	  3,22202e-01	 -4,23792e-02
1190	  2,3780000000e+03	  3,19801e-01	 -4,65552e-02
1191	  2,3800000000e+03	  3,18686e-01	 -4,92555e-02
1192	  2,3820000000e+03	  3,19204e-01	 -4,95099e-02
1193	  2,3840000000e+03	  3,20285e-01	 -5,15903e-02
1194	  2,3860000000e+03	  3,23399e-01	 -5,63152e-02
1195	  2,3880000000e+03	  3,24971e-01	 -6,02678e-02
1196	  2,3900000000e+03	  3,21316e-01	 -6,25587e-02
1197	  2,3920000000e+03	  3,23446e-01	 -6,69374e-02
1198	  2,3940000000e+03	  3,25798e-01	 -7,04574e-02
1199	  2,3960000000e+03	  3,30441e-01	 -7,65339e-02
1200	  2,3980000000e+03	  3,28721e-01	 -7,95333e-02
1201	  2,4000000000e+03	  3,28016e-01	 -8,09377e-02
1202	  2,4020000000e+03	  3,26151e-01	 -8,33449e-02
1203	  2,4040000000e+03	  3,25597e-01	 -8,91004e-02
1204	  2,4060000000e+03	  3,24693e-01	 -9,17898e-02
1205	  2,4080000000e+03	  3,23090e-01	 -9,75769e-02
1206	  2,4100000000e+03	  3,26886e-01	 -1,02232e-01
1207	  2,4120000000e+03	  3,27783e-01	 -1,06268e-01
1208	  2,4140000000e+03	  3,22148e-01	 -1,08174e-01
1209	  2,4160000000e+03	  3,21978e-01	 -1,12708e-01
1210	  2,4180000000e+03	  3,21313e-01	 -1,18926e-01
1211	  2,4200000000e+03	  3,17527e-01	 -1,24598e-01
1212	  2,4220000000e+03	  3,18315e-01	 -1,26740e-01
1213	  2,4240000000e+03	  3,21500e-01	 -1,33470e-01
1214	  2,4260000000e+03	  3,21787e-01	 -1,39713e-01
1215	  2,4280000000e+03	  3,21392e-01	 -1,42198e-01
1216	  2,4300000000e+03	  3,17885e-01	 -1,45019e-01
1217	  2,4320000000e+03	  3,16882e-01	 -1,46074e-01
1218	  2,4340000000e+03	  3,16581e-01	 -1,49689e-01
1219	  2,4360000000e+03	  3,15378e-01	 -1,56667e-01
1220	  2,4380000000e+03	  3,13568e-01	 -1,65801e-01
1221	  2,4400000000e+03	  3,09352e-01	 -1,70184e-01
1222	  2,4420000000e+03	  3,06760e-01	 -1,72407e-01
1223	  2,4440000000e+03	  3,05649e-01	 -1,76205e-01
1224	  2,4460000000e+03	  3,01861e-01	 -1,83290e-01
1225	  2,4480000000e+03	  2,98280e-01	 -1,91605e-01
1226	  2,4500000000e+03	  2,93970e-01	 -1,92158e-01
1227	  2,4520000000e+03	  2,92485e-01	 -1,97522e-01
1228	  2,4540000000e+03	  2,89937e-01	 -1,99102e-01
1229	  2,4560000000e+03	  2,87030e-01	 -1,97315e-01
1230	  2,4580000000e+03	  2,81737e-01	 -1,99385e-01
1231	  2,4600000000e+03	  2,77067e-01	 -2,02328e-01
1232	  2,4620000000e+03	  2,71630e-01	 -2,04493e-01
1233	  2,4640000000e+03	  2,71995e-01	 -2,07605e-01
1234	  2,4660000000e+03	  2,73985e-01	 -2,13285e-01
1235	  2,4680000000e+03	  2,71524e-01	 -2,17353e-01
1236	  2,4700000000e+03	  2,66596e-01	 -2,18075e-01
1237	  2,4720000000e+03	  2,62098e-01	 -2,19214e-01
1238	  2,4740000000e+03	  2,61130e-01	 -2,22957e-01
1239	  2,4760000000e+03	  2,58903e-01	 -2,28412e-01
1240	  2,4780000000e+03	  2,53621e-01	 -2,29933e-01
1241	  2,4800000000e+03	  2,51518e-01	 -2,31683e-01
1242	  2,4820000000e+03	  2,52369e-01	 -2,36356e-01
1243	  2,4840000000e+03	  2,47594e-01	 -2,39482e-01
1244	  2,4860000000e+03	  2,43638e-01	 -2,43421e-01
1245	  2,4880000000e+03	  2,39570e-01	 -2,44356e-01
1246	  2,4900000000e+03	  2,39293e-01	 -2,47874e-01
1247	  2,4920000000e+03	  2,39350e-01	 -2,50465e-01
1248	  2,4940000000e+03	  2,36079e-01	 -2,50577e-01
1249	  2,4960000000e+03	  2,30151e-01	 -2,53422e-01
1250	  2,4980000000e+03	  2,25757e-01	 -2,54880e-01
1251	  2,5000000000e+03	  2,23602e-01	 -2,58931e-01
1252	  2,5020000000e+03	  2,21003e-01	 -2,60822e-01
1253	  2,5040000000e+03	  2,21507e-01	 -2,58590e-01
1254	  2,5060000000e+03	  2,18481e-01	 -2,61984e-01
1255	  2,5080000000e+03	  2,13507e-01	 -2,64282e-01
1256	  2,5100000000e+03	  2,09666e-01	 -2,67169e-01
1257	  2,5120000000e+03	  2,07357e-01	 -2,71439e-01
1258	  2,5140000000e+03	  2,06810e-01	 -2,71607e-01
1259	  2,5160000000e+03	  2,08840e-01	 -2,73528e-01
1260	  2,5180000000e+03	  2,03469e-01	 -2,76793e-01
1261	  2,5200000000e+03	  2,01785e-01	 -2,83196e-01
1262	  2,5220000000e+03	  1,96617e-01	 -2,81367e-01
1263	  2,5240000000e+03	  1,91740e-01	 -2,81785e-01
1264	  2,5260000000e+03	  1,91745e-01	 -2,82545e-01
1265	  2,5280000000e+03	  1,90361e-01	 -2,86806e-01
1266	  2,5300000000e+03	  1,90051e-01	 -2,87296e-01
1267	  2,5320000000e+03	  1,87942e-01	 -2,91775e-01
1268	  2,5340000000e+03	  1,82117e-01	 -2,96651e-01
1269	  2,5360000000e+03	  1,82288e-01	 -3,03622e-01
1270	  2,5380000000e+03	  1,77860e-01	 -3,04324e-01
1271	  2,5400000000e+03	  1,72152e-01	 -3,02887e-01
1272	  2,5420000000e+03	  1,71283e-01	 -3,05449e-01
1273	  2,5440000000e+03	  1,67141e-01	 -3,10541e-01
1274	  2,5460000000e+03	  1,64587e-01	 -3,13772e-01
1275	  2,5480000000e+03	  1,60504e-01	 -3,15882e-01
1276	  2,5500000000e+03	  1,56391e-01	 -3,18594e-01
1277	  2,5520000000e+03	  1,51973e-01	 -3,22299e-01
1278	  2,5540000000e+03	  1,48291e-01	 -3,25453e-01
1279	  2,5560000000e+03	  1,43896e-01	 -3,25836e-01
1280	  2,5580000000e+03	  1,39413e-01	 -3,26639e-01
1281	  2,5600000000e+03	  1,39404e-01	 -3,30570e-01
1282	  2,5620000000e+03	  1,37637e-01	 -3,32405e-01
1283	  2,5640000000e+03	  1,35173e-01	 -3,34362e-01
1284	  2,5660000000e+03	  1,30836e-01	 -3,37568e-01
1285	  2,5680000000e+03	  1,25250e-01	 -3,40758e-01
1286	  2,5700000000e+03	  1,17887e-01	 -3,43343e-01
1287	  2,5720000000e+03	  1,13917e-01	 -3,44470e-01
1288	  2,5740000000e+03	  1,11848e-01	 -3,45868e-01
1289	  2,5760000000e+03	  1,08830e-01	 -3,43731e-01
1290	  2,5780000000e+03	  1,02550e-01	 -3,48192e-01
1291	  2,5800000000e+03	  9,70447e-02	 -3,55665e-01
1292	  2,5820000000e+03	  9,40109e-02	 -3,55327e-01
1293	  2,5840000000e+03	  9,15203e-02	 -3,53359e-01
1294	  2,5860000000e+03	  8,53108e-02	 -3,55016e-01
1295	  2,5880000000e+03	  7,91976e-02	 -3,56532e-01
1296	  2,5900000000e+03	  7,20689e-02	 -3,58877e-01
1297	  2,5920000000e+03	  7,20976e-02	 -3,63004e-01
1298	  2,5940000000e+03	  6,56980e-02	 -3,66176e-01
1299	  2,5960000000e+03	  6,01300e-02	 -3,65810e-01
1300	  2,5980000000e+03	  5,74847e-02	 -3,63812e-01
1301	  2,6000000000e+03	  5,27926e-02	 -3,64108e-01
1302	  2,6020000000e+03	  4,60223e-02	 -3,67377e-01
1303	  2,6040000000e+03	  4,03373e-02	 -3,68431e-01
1304	  2,6060000000e+03	  3,71414e-02	 -3,69335e-01
1305	  2,6080000000e+03	  3,40070e-02	 -3,65413e-01
1306	  2,6100000000e+03	  3,06275e-02	 -3,64899e-01
1307	  2,6120000000e+03	  2,51539e-02	 -3,66119e-01
1308	  2,6140000000e+03	  1,88897e-02	 -3,67497e-01
1309	  2,6160000000e+03	  1,42956e-02	 -3,70485e-01
1310	  2,6180000000e+03	  1,17934e-02	 -3,71376e-01
1311	  2,6200000000e+03	  7,00486e-03	 -3,71544e-01
1312	  2,6220000000e+03	  1,32524e-04	 -3,70594e-01
1313	  2,6240000000e+03	 -6,40167e-03	 -3,71631e-01
1314	  2,6260000000e+03	 -1,06853e-02	 -3,73106e-01
1315	  2,6280000000e+03	 -1,28271e-02	 -3,70411e-01
1316	  2,6300000000e+03	 -1,80488e-02	 -3,72543e-01
1317	  2,6320000000e+03	 -2,78810e-02	 -3,73495e-01
1318	  2,6340000000e+03	 -3,36912e-02	 -3,68430e-01
1319	  2,6360000000e+03	 -3,97263e-02	 -3,69677e-01
1320	  2,6380000000e+03	 -4,07122e-02	 -3,72185e-01
1321	  2,6400000000e+03	 -4,56844e-02	 -3,69768e-01
1322	  2,6420000000e+03	 -5,41267e-02	 -3,68327e-01
1323	  2,6440000000e+03	 -5,54015e-02	 -3,66272e-01
1324	  2,6460000000e+03	 -5,70061e-02	 -3,63356e-01
1325	  2,6480000000e+03	 -6,05168e-02	 -3,61446e-01
1326	  2,6500000000e+03	 -6,59916e-02	 -3,64673e-01
1327	  2,6520000000e+03	 -7,20492e-02	 -3,68797e-01
1328	  2,6540000000e+03	 -7,37559e-02	 -3,67748e-01
1329	  2,6560000000e+03	 -8,09700e-02	 -3,64745e-01
1330	  2,6580000000e+03	 -8,73677e-02	 -3,62286e-01
1331	  2,6600000000e+03	 -9,23207e-02	 -3,64423e-01
1332	  2,6620000000e+03	 -9,63544e-02	 -3,65328e-01
1333	  2,6640000000e+03	 -1,04835e-01	 -3,66460e-01
1334	  2,6660000000e+03	 -1,15236e-01	 -3,63014e-01
1335	  2,6680000000e+03	 -1,22178e-01	 -3,58173e-01
1336	  2,6700000000e+03	 -1,26834e-01	 -3,54830e-01
1337	  2,6720000000e+03	 -1,26625e-01	 -3,50589e-01
1338	  2,6740000000e+03	 -1,27989e-01	 -3,47542e-01
1339	  2,6760000000e+03	 -1,32757e-01	 -3,45063e-01
1340	  2,6780000000e+03	 -1,35155e-01	 -3,41034e-01
1341	  2,6800000000e+03	 -1,39053e-01	 -3,37319e-01
1342	  2,6820000000e+03	 -1,43752e-01	 -3,36186e-01
1343	  2,6840000000e+03	 -1,48090e-01	 -3,34480e-01
1344	  2,6860000000e+03	 -1,49775e-01	 -3,29181e-01
1345	  2,6880000000e+03	 -1,52959e-01	 -3,27177e-01
1346	  2,6900000000e+03	 -1,58451e-01	 -3,27498e-01
1347	  2,6920000000e+03	 -1,62961e-01	 -3,29538e-01
1348	  2,6940000000e+03	 -1,66625e-01	 -3,26813e-01
1349	  2,6960000000e+03	 -1,71133e-01	 -3,23273e-01
1350	  2,6980000000e+03	 -1,75307e-01	 -3,20455e-01
1351	  2,7000000000e+03	 -1,78070e-01	 -3,17124e-01
1352	  2,7020000000e+03	 -1,83114e-01	 -3,17798e-01
1353	  2,7040000000e+03	 -1,87282e-01	 -3,14964e-01
1354	  2,7060000000e+03	 -1,90103e-01	 -3,15873e-01
1355	  2,7080000000e+03	 -1,91046e-01	 -3,15693e-01
1356	  2,7100000000e+03	 -1,97344e-01	 -3,10626e-01
1357	  2,7120000000e+03	 -2,03215e-01	 -3,04745e-01
1358	  2,7140000000e+03	 -2,06927e-01	 -3,02386e-01
1359	  2,7160000000e+03	 -2,08950e-01	 -3,02201e-01
1360	  2,7180000000e+03	 -2,12746e-01	 -3,01080e-01
1361	  2,7200000000e+03	 -2,16720e-01	 -2,98987e-01
1362	  2,7220000000e+03	 -2,18659e-01	 -2,94697e-01
1363	  2,7240000000e+03	 -2,20764e-01	 -2,90843e-01
1364	  2,7260000000e+03	 -2,30164e-01	 -2,85784e-01
1365	  2,7280000000e+03	 -2,34210e-01	 -2,81188e-01
1366	  2,7300000000e+03	 -2,35124e-01	 -2,80630e-01
1367	  2,7320000000e+03	 -2,37982e-01	 -2,78333e-01
1368	  2,7340000000e+03	 -2,40463e-01	 -2,74508e-01
1369	  2,7360000000e+03	 -2,41550e-01	 -2,67067e-01
1370	  2,7380000000e+03	 -2,45098e-01	 -2,63672e-01
1371	  2,7400000000e+03	 -2,46720e-01	 -2,63986e-01
1372	  2,7420000000e+03	 -2,51639e-01	 -2,60233e-01
1373	  2,7440000000e+03	 -2,59337e-01	 -2,56060e-01
1374	  2,7460000000e+03	 -2,59190e-01	 -2,53203e-01
1375	  2,7480000000e+03	 -2,61296e-01	 -2,46069e-01
1376	  2,7500000000e+03	 -2,64541e-01	 -2,39535e-01
1377	  2,7520000000e+03	 -2,67744e-01	 -2,42714e-01
1378	  2,7540000000e+03	 -2,67204e-01	 -2,40241e-01
1379	  2,7560000000e+03	 -2,66817e-01	 -2,35086e-01
1380	  2,7580000000e+03	 -2,71137e-01	 -2,31355e-01
1381	  2,7600000000e+03	 -2,73839e-01	 -2,28690e-01
1382	  2,7620000000e+03	 -2,74234e-01	 -2,26988e-01
1383	  2,7640000000e+03	 -2,78778e-01	 -2,21767e-01
1384	  2,7660000000e+03	 -2,87735e-01	 -2,19082e-01
1385	  2,7680000000e+03	 -2,93577e-01	 -2,10730e-01
1386	  2,7700000000e+03	 -2,93799e-01	 -2,05143e-01
1387	  2,7720000000e+03	 -2,94419e-01	 -2,03234e-01
1388	  2,7740000000e+03	 -2,95092e-01	 -1,97089e-01
1389	  2,7760000000e+03	 -2,95717e-01	 -1,92502e-01
1390	  2,7780000000e+03	 -2,97839e-01	 -1,87224e-01
1391	  2,7800000000e+03	 -2,95099e-01	 -1,86363e-01
1392	  2,7820000000e+03	 -2,95752e-01	 -1,84505e-01
1393	  2,7840000000e+03	 -2,98348e-01	 -1,80468e-01
1394	  2,7860000000e+03	 -3,00089e-01	 -1,76630e-01
1395	  2,7880000000e+03	 -3,04420e-01	 -1,71444e-01
1396	  2,7900000000e+03	 -3,06300e-01	 -1,66271e-01
1397	  2,7920000000e+03	 -3,08966e-01	 -1,67000e-01
1398	  2,7940000000e+03	 -3,06092e-01	 -1,65056e-01
1399	  2,7960000000e+03	 -3,04314e-01	 -1,61779e-01
1400	  2,7980000000e+03	 -3,06109e-01	 -1,57119e-01
1401	  2,8000000000e+03	 -3,11117e-01	 -1,54828e-01
1402	  2,8020000000e+03	 -3,12589e-01	 -1,48283e-01
1403	  2,8040000000e+03	 -3,14627e-01	 -1,43895e-01
1404	  2,8060000000e+03	 -3,18972e-01	 -1,41772e-01
1405	  2,8080000000e+03	 -3,22162e-01	 -1,39503e-01
1406	  2,8100000000e+03	 -3,25446e-01	 -1,40305e-01
1407	  2,8120000000e+03	 -3,30382e-01	 -1,37352e-01
1408	  2,8140000000e+03	 -3,32144e-01	 -1,30032e-01
1409	  2,8160000000e+03	 -3,30212e-01	 -1,24050e-01
1410	  2,8180000000e+03	 -3,31162e-01	 -1,20689e-01
1411	  2,8200000000e+03	 -3,33296e-01	 -1,16563e-01
1412	  2,8220000000e+03	 -3,35281e-01	 -1,11033e-01
1413	  2,8240000000e+03	 -3,37167e-01	 -1,05149e-01
1414	  2,8260000000e+03	 -3,37588e-01	 -9,89221e-02
1415	  2,8280000000e+03	 -3,40282e-01	 -9,47665e-02
1416	  2,8300000000e+03	 -3,38773e-01	 -8,96968e-02
1417	  2,8320000000e+03	 -3,37467e-01	 -8,54264e-02
1418	  2,8340000000e+03	 -3,35994e-01	 -8,09427e-02
1419	  2,8360000000e+03	 -3,36132e-01	 -7,35438e-02
1420	  2,8380000000e+03	 -3,36512e-01	 -7,34796e-02
1421	  2,8400000000e+03	 -3,37411e-01	 -7,33149e-02
1422	  2,8420000000e+03	 -3,37476e-01	 -6,91184e-02
1423	  2,8440000000e+03	 -3,38169e-01	 -6,72132e-02
1424	  2,8460000000e+03	 -3,42730e-01	 -6,34242e-02
1425	  2,8480000000e+03	 -3,44449e-01	 -5,63124e-02
1426	  2,8500000000e+03	 -3,44374e-01	 -5,19421e-02
1427	  2,8520000000e+03	 -3,45252e-01	 -4,53759e-02
1428	  2,8540000000e+03	 -3,43679e-01	 -4,00686e-02
1429	  2,8560000000e+03	 -3,40496e-01	 -3,64633e-02
1430	  2,8580000000e+03	 -3,42289e-01	 -3,14922e-02
1431	  2,8600000000e+03	 -3,38853e-01	 -2,44467e-02
1432	  2,8620000000e+03	 -3,37936e-01	 -2,19434e-02
1433	  2,8640000000e+03	 -3,38452e-01	 -2,02467e-02
1434	  2,8660000000e+03	 -3,36550e-01	 -1,72453e-02
1435	  2,8680000000e+03	 -3,37422e-01	 -1,63913e-02
1436	  2,8700000000e+03	 -3,39565e-01	 -1,31931e-02
1437	  2,8720000000e+03	 -3,39926e-01	 -8,79804e-03
1438	  2,8740000000e+03	 -3,41521e-01	 -8,20301e-03
1439	  2,8760000000e+03	 -3,44518e-01	 -4,50792e-04
1440	  2,8780000000e+03	 -3,41582e-01	  6,00721e-03
1441	  2,8800000000e+03	 -3,40320e-01	  6,62974e-03
1442	  2,8820000000e+03	 -3,42093e-01	  1,08751e-02
1443	  2,8840000000e+03	 -3,44625e-01	  1,56793e-02
1444	  2,8860000000e+03	 -3,49825e-01	  2,11105e-02
1445	  2,8880000000e+03	 -3,46830e-01	  2,73427e-02
1446	  2,8900000000e+03	 -3,45615e-01	  3,65007e-02
1447	  2,8920000000e+03	 -3,43955e-01	  4,29251e-02
1448	  2,8940000000e+03	 -3,40450e-01	  4,55008e-02
1449	  2,8960000000e+03	 -3,38110e-01	  5,08054e-02
1450	  2,8980000000e+03	 -3,38250e-01	  5,12780e-02
1451	  2,9000000000e+03	 -3,38525e-01	  5,61010e-02
1452	  2,9020000000e+03	 -3,36121e-01	  6,17752e-02
1453	  2,9040000000e+03	 -3,35346e-01	  6,61735e-02
1454	  2,9060000000e+03	 -3,32326e-01	  6,93087e-02
1455	  2,9080000000e+03	 -3,35623e-01	  7,37723e-02
1456	  2,9100000000e+03	 -3,30914e-01	  7,98349e-02
1457	  2,9120000000e+03	 -3,25148e-01	  8,35270e-02
1458	  2,9140000000e+03	 -3,23916e-01	  8,67725e-02
1459	  2,9160000000e+03	 -3,22632e-01	  9,04921e-02
1460	  2,9180000000e+03	 -3,25450e-01	  9,69433e-02
1461	  2,9200000000e+03	 -3,23287e-01	  9,93660e-02
1462	  2,9220000000e+03	 -3,21943e-01	  1,00672e-01
1463	  2,9240000000e+03	 -3,20365e-01	  1,05093e-01
1464	  2,9260000000e+03	 -3,16129e-01	  1,11669e-01
1465	  2,9280000000e+03	 -3,14816e-01	  1,15710e-01
1466	  2,9300000000e+03	 -3,11995e-01	  1,19676e-01
1467	  2,9320000000e+03	 -3,11611e-01	  1,20810e-01
1468	  2,9340000000e+03	 -3,11471e-01	  1,23016e-01
1469	  2,9360000000e+03	 -3,06346e-01	  1,30150e-01
1470	  2,9380000000e+03	 -3,08803e-01	  1,35997e-01
1471	  2,9400000000e+03	 -3,03474e-01	  1,41690e-01
1472	  2,9420000000e+03	 -2,99869e-01	  1,47993e-01
1473	  2,9440000000e+03	 -2,96810e-01	  1,50261e-01
1474	  2,9460000000e+03	 -2,91781e-01	  1,55294e-01
1475	  2,9480000000e+03	 -2,88268e-01	  1,57199e-01
1476	  2,9500000000e+03	 -2,85919e-01	  1,59525e-01
1477	  2,9520000000e+03	 -2,83067e-01	  1,62767e-01
1478	  2,9540000000e+03	 -2,79619e-01	  1,64481e-01
1479	  2,9560000000e+03	 -2,79649e-01	  1,66548e-01
1480	  2,9580000000e+03	 -2,77103e-01	  1,68543e-01
1481	  2,9600000000e+03	 -2,73995e-01	  1,72796e-01
1482	  2,9620000000e+03	 -2,74698e-01	  1,77552e-01
1483	  2,9640000000e+03	 -2,68991e-01	  1,79211e-01
1484	  2,9660000000e+03	 -2,65251e-01	  1,82855e-01
1485	  2,9680000000e+03	 -2,62327e-01	  1,86361e-01
1486	  2,9700000000e+03	 -2,61924e-01	  1,87330e-01
1487	  2,9720000000e+03	 -2,58055e-01	  1,88634e-01
1488	  2,9740000000e+03	 -2,52260e-01	  1,92048e-01
1489	  2,9760000000e+03	 -2,48298e-01	  1,97216e-01
1490	  2,9780000000e+03	 -2,40155e-01	  2,00000e-01
1491	  2,9800000000e+03	 -2,38313e-01	  2,00583e-01
1492	  2,9820000000e+03	 -2,36401e-01	  2,02583e-01
1493	  2,9840000000e+03	 -2,30610e-01	  2,04841e-01
1494	  2,9860000000e+03	 -2,28208e-01	  2,07258e-01
1495	  2,9880000000e+03	 -2,26627e-01	  2,09578e-01
1496	  2,9900000000e+03	 -2,28023e-01	  2,10713e-01
1497	  2,9920000000e+03	 -2,25036e-01	  2,09960e-01
1498	  2,9940000000e+03	 -2,19916e-01	  2,10858e-01
1499	  2,9960000000e+03	 -2,16484e-01	  2,14904e-01
1500	  2,9980000000e+03	 -2,11885e-01	  2,15214e-01
1501	  3,0000000000e+03	 -2,06841e-01	  2,18045e-01
1502	  3,0020000000e+03	 -2,04469e-01	  2,20839e-01
1503	  3,0040000000e+03	 -2,01391e-01	  2,24274e-01
1504	  3,0060000000e+03	 -1,99718e-01	  2,23602e-01
1505	  3,0080000000e+03	 -2,00297e-01	  2,21159e-01
1506	  3,0100000000e+03	 -1,98159e-01	  2,21648e-01
1507	  3,0120000000e+03	 -1,91406e-01	  2,25693e-01
1508	  3,0140000000e+03	 -1,88765e-01	  2,26920e-01
1509	  3,0160000000e+03	 -1,86232e-01	  2,29227e-01
1510	  3,0180000000e+03	 -1,83484e-01	  2,31646e-01
1511	  3,0200000000e+03	 -1,78591e-01	  2,33229e-01
1512	  3,0220000000e+03	 -1,70744e-01	  2,34753e-01
1513	  3,0240000000e+03	 -1,70328e-01	  2,34275e-01
1514	  3,0260000000e+03	 -1,68808e-01	  2,34440e-01
1515	  3,0280000000e+03	 -1,64134e-01	  2,36502e-01
1516	  3,0300000000e+03	 -1,65708e-01	  2,38973e-01
1517	  3,0320000000e+03	 -1,63743e-01	  2,36447e-01
1518	  3,0340000000e+03	 -1,59877e-01	  2,35148e-01
1519	  3,0360000000e+03	 -1,56046e-01	  2,35405e-01
1520	  3,0380000000e+03	 -1,55217e-01	  2,38758e-01
1521	  3,0400000000e+03	 -1,52757e-01	  2,45119e-01
1522	  3,0420000000e+03	 -1,51382e-01	  2,42786e-01
1523	  3,0440000000e+03	 -1,48770e-01	  2,44497e-01
1524	  3,0460000000e+03	 -1,42319e-01	  2,45930e-01
1525	  3,0480000000e+03	 -1,39651e-01	  2,50407e-01
1526	  3,0500000000e+03	 -1,36579e-01	  2,49886e-01
1527	  3,0520000000e+03	 -1,33341e-01	  2,52082e-01
1528	  3,0540000000e+03	 -1,31620e-01	  2,54697e-01
1529	  3,0560000000e+03	 -1,26414e-01	  2,54103e-01
1530	  3,0580000000e+03	 -1,21814e-01	  2,54862e-01
1531	  3,0600000000e+03	 -1,19863e-01	  2,55858e-01
1532	  3,0620000000e+03	 -1,16547e-01	  2,54036e-01
1533	  3,0640000000e+03	 -1,15669e-01	  2,53847e-01
1534	  3,0660000000e+03	 -1,15179e-01	  2,54585e-01
1535	  3,0680000000e+03	 -1,10094e-01	  2,54758e-01
1536	  3,0700000000e+03	 -1,07499e-01	  2,51282e-01
1537	  3,0720000000e+03	 -1,04181e-01	  2,52572e-01
1538	  3,0740000000e+03	 -1,02766e-01	  2,54840e-01
1539	  3,0760000000e+03	 -9,81117e-02	  2,57094e-01
1540	  3,0780000000e+03	 -9,44121e-02	  2,59235e-01
1541	  3,0800000000e+03	 -9,37291e-02	  2,60498e-01
1542	  3,0820000000e+03	 -8,82409e-02	  2,60166e-01
1543	  3,0840000000e+03	 -8,46693e-02	  2,60807e-01
1544	  3,0860000000e+03	 -8,19914e-02	  2,62360e-01
1545	  3,0880000000e+03	 -8,08473e-02	  2,58726e-01
1546	  3,0900000000e+03	 -7,83271e-02	  2,59260e-01
1547	  3,0920000000e+03	 -7,48006e-02	  2,58685e-01
1548	  3,0940000000e+03	 -7,42157e-02	  2,58805e-01
1549	  3,0960000000e+03	 -7,31200e-02	  2,59340e-01
1550	  3,0980000000e+03	 -6,96341e-02	  2,53420e-01
1551	  3,1000000000e+03	 -6,62987e-02	  2,53463e-01
1552	  3,1020000000e+03	 -6,47905e-02	  2,57372e-01
1553	  3,1040000000e+03	 -6,23896e-02	  2,59938e-01
1554	  3,1060000000e+03	 -5,88519e-02	  2,58842e-01
1555	  3,1080000000e+03	 -5,45779e-02	  2,59506e-01
1556	  3,1100000000e+03	 -5,15312e-02	  2,60640e-01
1557	  3,1120000000e+03	 -5,16317e-02	  2,59220e-01
1558	  3,1140000000e+03	 -4,85317e-02	  2,58819e-01
1559	  3,1160000000e+03	 -4,32513e-02	  2,55706e-01
1560	  3,1180000000e+03	 -4,47674e-02	  2,57002e-01
1561	  3,1200000000e+03	 -4,41947e-02	  2,59016e-01
1562	  3,1220000000e+03	 -4,01099e-02	  2,58052e-01
1563	  3,1240000000e+03	 -3,51143e-02	  2,58806e-01
1564	  3,1260000000e+03	 -3,64107e-02	  2,61723e-01
1565	  3,1280000000e+03	 -3,22365e-02	  2,59141e-01
1566	  3,1300000000e+03	 -3,14569e-02	  2,58472e-01
1567	  3,1320000000e+03	 -2,60263e-02	  2,63436e-01
1568	  3,1340000000e+03	 -2,44387e-02	  2,62106e-01
1569	  3,1360000000e+03	 -2,17210e-02	  2,58612e-01
1570	  3,1380000000e+03	 -1,88106e-02	  2,57249e-01
1571	  3,1400000000e+03	 -1,59358e-02	  2,56623e-01
1572	  3,1420000000e+03	 -1,29376e-02	  2,55918e-01
1573	  3,1440000000e+03	 -1,23762e-02	  2,57861e-01
1574	  3,1460000000e+03	 -1,10897e-02	  2,56672e-01
1575	  3,1480000000e+03	 -1,22807e-02	  2,55841e-01
1576	  3,1500000000e+03	 -9,73179e-03	  2,57437e-01
1577	  3,1520000000e+03	 -4,94129e-03	  2,58789e-01
1578	  3,1540000000e+03	 -4,56270e-03	  2,60210e-01
1579	  3,1560000000e+03	  6,06012e-04	  2,60854e-01
1580	  3,1580000000e+03	  8,14714e-04	  2,62731e-01
1581	  3,1600000000e+03	  6,18870e-04	  2,62932e-01
1582	  3,1620000000e+03	  6,55871e-03	  2,60731e-01
1583	  3,1640000000e+03	  1,03809e-02	  2,61406e-01
1584	  3,1660000000e+03	  1,11867e-02	  2,62121e-01
1585	  3,1680000000e+03	  1,36829e-02	  2,62839e-01
1586	  3,1700000000e+03	  1,76866e-02	  2,65903e-01
1587	  3,1720000000e+03	  1,85002e-02	  2,65493e-01
1588	  3,1740000000e+03	  2,07836e-02	  2,66436e-01
1589	  3,1760000000e+03	  2,55693e-02	  2,65371e-01
1590	  3,1780000000e+03	  2,60179e-02	  2,65886e-01
1591	  3,1800000000e+03	  2,66221e-02	  2,63228e-01
1592	  3,1820000000e+03	  2,84783e-02	  2,64751e-01
1593	  3,1840000000e+03	  3,34965e-02	  2,65575e-01
1594	  3,1860000000e+03	  3,68817e-02	  2,65967e-01
1595	  3,1880000000e+03	  4,11349e-02	  2,66709e-01
1596	  3,1900000000e+03	  4,57992e-02	  2,67443e-01
1597	  3,1920000000e+03	  4,74755e-02	  2,66474e-01
1598	  3,1940000000e+03	  5,25684e-02	  2,66931e-01
1599	  3,1960000000e+03	  5,96415e-02	  2,64762e-01
1600	  3,1980000000e+03	  6,30236e-02	  2,62931e-01
1601	  3,2000000000e+03	  6,49851e-02	  2,63993e-01
1602	  3,2020000000e+03	  7,16168e-02	  2,61558e-01
1603	  3,2040000000e+03	  7,56952e-02	  2,58035e-01
1604	  3,2060000000e+03	  7,68530e-02	  2,59598e-01
1605	  3,2080000000e+03	  8,02411e-02	  2,60077e-01
1606	  3,2100000000e+03	  8,21284e-02	  2,56006e-01
1607	  3,2120000000e+03	  8,24575e-02	  2,52966e-01
1608	  3,2140000000e+03	  8,20975e-02	  2,53981e-01
1609	  3,2160000000e+03	  8,85344e-02	  2,52996e-01
1610	  3,2180000000e+03	  9,47004e-02	  2,50475e-01
1611	  3,2200000000e+03	  9,99379e-02	  2,46269e-01
1612	  3,2220000000e+03	  1,02393e-01	  2,44003e-01
1613	  3,2240000000e+03	  1,04858e-01	  2,38340e-01
1614	  3,2260000000e+03	  1,05254e-01	  2,38602e-01
1615	  3,2280000000e+03	  1,04193e-01	  2,35447e-01
1616	  3,2300000000e+03	  1,06304e-01	  2,34740e-01
1617	  3,2320000000e+03	  1,06469e-01	  2,35731e-01
1618	  3,2340000000e+03	  1,02671e-01	  2,33924e-01
1619	  3,2360000000e+03	  1,05037e-01	  2,33083e-01
1620	  3,2380000000e+03	  1,08549e-01	  2,32044e-01
1621	  3,2400000000e+03	  1,12999e-01	  2,33039e-01
1622	  3,2420000000e+03	  1,15313e-01	  2,34636e-01
1623	  3,2440000000e+03	  1,17778e-01	  2,32264e-01
1624	  3,2460000000e+03	  1,20512e-01	  2,31208e-01
1625	  3,2480000000e+03	  1,26882e-01	  2,28978e-01
1626	  3,2500000000e+03	  1,28529e-01	  2,24411e-01
1627	  3,2520000000e+03	  1,28658e-01	  2,23391e-01
1628	  3,2540000000e+03	  1,30170e-01	  2,24876e-01
1629	  3,2560000000e+03	  1,33228e-01	  2,22271e-01
1630	  3,2580000000e+03	  1,35102e-01	  2,21151e-01
1631	  3,2600000000e+03	  1,38724e-01	  2,20839e-01
1632	  3,2620000000e+03	  1,41814e-01	  2,21855e-01
1633	  3,2640000000e+03	  1,43041e-01	  2,22363e-01
1634	  3,2660000000e+03	  1,46230e-01	  2,20912e-01
1635	  3,2680000000e+03	  1,50561e-01	  2,21106e-01
1636	  3,2700000000e+03	  1,53733e-01	  2,18940e-01
1637	  3,2720000000e+03	  1,60761e-01	  2,15804e-01
1638	  3,2740000000e+03	  1,62739e-01	  2,15313e-01
1639	  3,2760000000e+03	  1,62691e-01	  2,12466e-01
1640	  3,2780000000e+03	  1,63008e-01	  2,11036e-01
1641	  3,2800000000e+03	  1,68385e-01	  2,08372e-01
1642	  3,2820000000e+03	  1,70798e-01	  2,03894e-01
1643	  3,2840000000e+03	  1,72077e-01	  2,02255e-01
1644	  3,2860000000e+03	  1,74505e-01	  1,99022e-01
1645	  3,2880000000e+03	  1,77104e-01	  1,95977e-01
1646	  3,2900000000e+03	  1,82942e-01	  1,91671e-01
1647	  3,2920000000e+03	  1,84526e-01	  1,87760e-01
1648	  3,2940000000e+03	  1,86218e-01	  1,85915e-01
1649	  3,2960000000e+03	  1,91330e-01	  1,84819e-01
1650	  3,2980000000e+03	  1,91032e-01	  1,81879e-01
1651	  3,3000000000e+03	  1,93540e-01	  1,78959e-01
1652	  3,3020000000e+03	  1,96884e-01	  1,77716e-01
1653	  3,3040000000e+03	  1,98477e-01	  1,76854e-01
1654	  3,3060000000e+03	  2,00543e-01	  1,69033e-01
1655	  3,3080000000e+03	  2,05533e-01	  1,65479e-01
1656	  3,3100000000e+03	  2,06855e-01	  1,67973e-01
1657	  3,3120000000e+03	  2,07005e-01	  1,64806e-01
1658	  3,3140000000e+03	  2,07358e-01	  1,60375e-01
1659	  3,3160000000e+03	  2,07911e-01	  1,60119e-01
1660	  3,3180000000e+03	  2,06994e-01	  1,58290e-01
1661	  3,3200000000e+03	  2,07162e-01	  1,55578e-01
1662	  3,3220000000e+03	  2,09323e-01	  1,52739e-01
1663	  3,3240000000e+03	  2,11575e-01	  1,47552e-01
1664	  3,3260000000e+03	  2,14268e-01	  1,44512e-01
1665	  3,3280000000e+03	  2,17782e-01	  1,44080e-01
1666	  3,3300000000e+03	  2,20439e-01	  1,41342e-01
1667	  3,3320000000e+03	  2,20218e-01	  1,38253e-01
1668	  3,3340000000e+03	  2,19448e-01	  1,37929e-01
1669	  3,3360000000e+03	  2,21817e-01	  1,32598e-01
1670	  3,3380000000e+03	  2,23009e-01	  1,28822e-01
1671	  3,3400000000e+03	  2,25220e-01	  1,25784e-01
1672	  3,3420000000e+03	  2,28793e-01	  1,23736e-01
1673	  3,3440000000e+03	  2,30194e-01	  1,20741e-01
1674	  3,3460000000e+03	  2,30802e-01	  1,16213e-01
1675	  3,3480000000e+03	  2,31543e-01	  1,10430e-01
1676	  3,3500000000e+03	  2,33284e-01	  1,08264e-01
1677	  3,3520000000e+03	  2,34394e-01	  1,07318e-01
1678	  3,3540000000e+03	  2,34197e-01	  1,01657e-01
1679	  3,3560000000e+03	  2,33176e-01	  9,68240e-02
1680	  3,3580000000e+03	  2,32356e-01	  9,11848e-02
1681	  3,3600000000e+03	  2,31030e-01	  8,88146e-02
1682	  3,3620000000e+03	  2,34046e-01	  8,70839e-02
1683	  3,3640000000e+03	  2,36000e-01	  8,49183e-02
1684	  3,3660000000e+03	  2,37942e-01	  8,30510e-02
1685	  3,3680000000e+03	  2,34499e-01	  8,01930e-02
1686	  3,3700000000e+03	  2,35759e-01	  7,77971e-02
1687	  3,3720000000e+03	  2,35271e-01	  7,32055e-02
1688	  3,3740000000e+03	  2,33095e-01	  6,75683e-02
1689	  3,3760000000e+03	  2,32746e-01	  6,83669e-02
1690	  3,3780000000e+03	  2,31245e-01	  6,61252e-02
1691	  3,3800000000e+03	  2,31969e-01	  6,23902e-02
1692	  3,3820000000e+03	  2,30927e-01	  5,93216e-02
1693	  3,3840000000e+03	  2,32230e-01	  5,80192e-02
1694	  3,3860000000e+03	  2,31186e-01	  5,46059e-02
1695	  3,3880000000e+03	  2,29489e-01	  5,41976e-02
1696	  3,3900000000e+03	  2,29003e-01	  5,45771e-02
1697	  3,3920000000e+03	  2,29797e-01	  5,36199e-02
1698	  3,3940000000e+03	  2,29957e-01	  4,89998e-02
1699	  3,3960000000e+03	  2,28721e-01	  4,92484e-02
1700	  3,3980000000e+03	  2,31355e-01	  4,81914e-02
1701	  3,4000000000e+03	  2,34768e-01	  4,54978e-02
1702	  3,4020000000e+03	  2,31203e-01	  4,58322e-02
1703	  3,4040000000e+03	  2,29049e-01	  3,99758e-02
1704	  3,4060000000e+03	  2,28848e-01	  3,57331e-02
1705	  3,4080000000e+03	  2,32622e-01	  3,70012e-02
1706	  3,4100000000e+03	  2,32834e-01	  3,68190e-02
1707	  3,4120000000e+03	  2,31506e-01	  3,51687e-02
1708	  3,4140000000e+03	  2,34539e-01	  3,20922e-02
1709	  3,4160000000e+03	  2,34999e-01	  3,15901e-02
1710	  3,4180000000e+03	  2,33570e-01	  2,97793e-02
1711	  3,4200000000e+03	  2,36590e-01	  2,57512e-02
1712	  3,4220000000e+03	  2,37734e-01	  1,90683e-02
1713	  3,4240000000e+03	  2,37986e-01	  1,62729e-02
1714	  3,4260000000e+03	  2,36677e-01	  1,38711e-02
1715	  3,4280000000e+03	  2,39370e-01	  1,20349e-02
1716	  3,4300000000e+03	  2,38377e-01	  5,56781e-03
1717	  3,4320000000e+03	  2,36181e-01	  1,24017e-03
1718	  3,4340000000e+03	  2,31673e-01	  4,32563e-03
1719	  3,4360000000e+03	  2,32144e-01	  1,19191e-03
1720	  3,4380000000e+03	  2,36256e-01	  1,22902e-04
1721	  3,4400000000e+03	  2,37547e-01	 -1,77817e-03
1722	  3,4420000000e+03	  2,36754e-01	 -4,95864e-03
1723	  3,4440000000e+03	  2,38640e-01	 -9,56199e-03
1724	  3,4460000000e+03	  2,39166e-01	 -1,47540e-02
1725	  3,4480000000e+03	  2,35486e-01	 -1,66978e-02
1726	  3,4500000000e+03	  2,35183e-01	 -1,48284e-02
1727	  3,4520000000e+03	  2,33318e-01	 -1,86661e-02
1728	  3,4540000000e+03	  2,30458e-01	 -2,58161e-02
1729	  3,4560000000e+03	  2,29658e-01	 -2,81381e-02
1730	  3,4580000000e+03	  2,30021e-01	 -2,82915e-02
1731	  3,4600000000e+03	  2,29563e-01	 -2,84373e-02
1732	  3,4620000000e+03	  2,26191e-01	 -3,14733e-02
1733	  3,4640000000e+03	  2,26252e-01	 -3,35532e-02
1734	  3,4660000000e+03	  2,30054e-01	 -3,50446e-02
1735	  3,4680000000e+03	  2,26827e-01	 -3,64881e-02
1736	  3,4700000000e+03	  2,23359e-01	 -3,62408e-02
1737	  3,4720000000e+03	  2,26492e-01	 -4,14234e-02
1738	  3,4740000000e+03	  2,27868e-01	 -4,55511e-02
1739	  3,4760000000e+03	  2,27578e-01	 -4,96135e-02
1740	  3,4780000000e+03	  2,27804e-01	 -4,60376e-02
1741	  3,4800000000e+03	  2,27671e-01	 -4,95406e-02
1742	  3,4820000000e+03	  2,25638e-01	 -5,76825e-02
1743	  3,4840000000e+03	  2,24375e-01	 -6,01387e-02
1744	  3,4860000000e+03	  2,22799e-01	 -6,06445e-02
1745	  3,4880000000e+03	  2,20793e-01	 -6,16481e-02
1746	  3,4900000000e+03	  2,22507e-01	 -6,73682e-02
1747	  3,4920000000e+03	  2,22546e-01	 -7,18516e-02
1748	  3,4940000000e+03	  2,24124e-01	 -7,27110e-02
1749	  3,4960000000e+03	  2,21836e-01	 -7,51946e-02
1750	  3,4980000000e+03	  2,21444e-01	 -7,61838e-02
1751	  3,5000000000e+03	  2,20262e-01	 -7,77054e-02
1752	  3,5020000000e+03	  2,19208e-01	 -8,35414e-02
1753	  3,5040000000e+03	  2,17562e-01	 -8,24041e-02
1754	  3,5060000000e+03	  2,15456e-01	 -8,66424e-02
1755	  3,5080000000e+03	  2,12073e-01	 -9,22573e-02
1756	  3,5100000000e+03	  2,08564e-01	 -9,25982e-02
1757	  3,5120000000e+03	  2,06693e-01	 -9,04444e-02
1758	  3,5140000000e+03	  2,06149e-01	 -9,28579e-02
1759	  3,5160000000e+03	  2,07049e-01	 -9,66223e-02
1760	  3,5180000000e+03	  2,05134e-01	 -9,97366e-02
1761	  3,5200000000e+03	  2,03811e-01	 -1,00828e-01
1762	  3,5220000000e+03	  2,00335e-01	 -9,74718e-02
1763	  3,5240000000e+03	  1,98449e-01	 -1,01233e-01
1764	  3,5260000000e+03	  1,96991e-01	 -1,03079e-01
1765	  3,5280000000e+03	  2,01696e-01	 -1,04097e-01
1766	  3,5300000000e+03	  2,01531e-01	 -1,06439e-01
1767	  3,5320000000e+03	  2,02593e-01	 -1,09226e-01
1768	  3,5340000000e+03	  1,97008e-01	 -1,13150e-01
1769	  3,5360000000e+03	  1,93817e-01	 -1,14490e-01
1770	  3,5380000000e+03	  1,93857e-01	 -1,13419e-01
1771	  3,5400000000e+03	  1,93388e-01	 -1,12466e-01
1772	  3,5420000000e+03	  1,90832e-01	 -1,16291e-01
1773	  3,5440000000e+03	  1,92161e-01	 -1,14726e-01
1774	  3,5460000000e+03	  1,93124e-01	 -1,15897e-01
1775	  3,5480000000e+03	  1,93176e-01	 -1,20231e-01
1776	  3,5500000000e+03	  1,92767e-01	 -1,25386e-01
1777	  3,5520000000e+03	  1,91990e-01	 -1,27281e-01
1778	  3,5540000000e+03	  1,90164e-01	 -1,29945e-01
1779	  3,5560000000e+03	  1,92790e-01	 -1,34496e-01
1780	  3,5580000000e+03	  1,89379e-01	 -1,35954e-01
1781	  3,5600000000e+03	  1,86335e-01	 -1,39471e-01
1782	  3,5620000000e+03	  1,85675e-01	 -1,41774e-01
1783	  3,5640000000e+03	  1,84005e-01	 -1,44318e-01
1784	  3,5660000000e+03	  1,85873e-01	 -1,48933e-01
1785	  3,5680000000e+03	  1,80624e-01	 -1,51762e-01
1786	  3,5700000000e+03	  1,80366e-01	 -1,54419e-01
1787	  3,5720000000e+03	  1,77582e-01	 -1,57061e-01
1788	  3,5740000000e+03	  1,69375e-01	 -1,63705e-01
1789	  3,5760000000e+03	  1,70793e-01	 -1,65387e-01
1790	  3,5780000000e+03	  1,68842e-01	 -1,63752e-01
1791	  3,5800000000e+03	  1,66212e-01	 -1,64499e-01
1792	  3,5820000000e+03	  1,64188e-01	 -1,63074e-01
1793	  3,5840000000e+03	  1,60216e-01	 -1,66616e-01
1794	  3,5860000000e+03	  1,56235e-01	 -1,69340e-01
1795	  3,5880000000e+03	  1,52656e-01	 -1,72576e-01
1796	  3,5900000000e+03	  1,51104e-01	 -1,73706e-01
1797	  3,5920000000e+03	  1,49986e-01	 -1,76251e-01
1798	  3,5940000000e+03	  1,47697e-01	 -1,79635e-01
1799	  3,5960000000e+03	  1,47251e-01	 -1,80977e-01
1800	  3,5980000000e+03	  1,42968e-01	 -1,83502e-01
1801	  3,6000000000e+03	  1,39882e-01	 -1,86215e-01
1802	  3,6020000000e+03	  1,37290e-01	 -1,86281e-01
1803	  3,6040000000e+03	  1,33251e-01	 -1,84214e-01
1804	  3,6060000000e+03	  1,32806e-01	 -1,85253e-01
1805	  3,6080000000e+03	  1,34555e-01	 -1,86169e-01
1806	  3,6100000000e+03	  1,30314e-01	 -1,86960e-01
1807	  3,6120000000e+03	  1,22440e-01	 -1,90302e-01
1808	  3,6140000000e+03	  1,20729e-01	 -1,91374e-01
1809	  3,6160000000e+03	  1,20330e-01	 -1,90744e-01
1810	  3,6180000000e+03	  1,18257e-01	 -1,92803e-01
1811	  3,6200000000e+03	  1,15464e-01	 -1,95398e-01
1812	  3,6220000000e+03	  1,14390e-01	 -1,97765e-01
1813	  3,6240000000e+03	  1,10953e-01	 -1,96702e-01
1814	  3,6260000000e+03	  1,07219e-01	 -1,93457e-01
1815	  3,6280000000e+03	  1,05327e-01	 -1,94504e-01
1816	  3,6300000000e+03	  1,02576e-01	 -1,98612e-01
1817	  3,6320000000e+03	  1,00464e-01	 -1,94237e-01
1818	  3,6340000000e+03	  9,70662e-02	 -1,94153e-01
1819	  3,6360000000e+03	  9,55061e-02	 -1,95854e-01
1820	  3,6380000000e+03	  9,57848e-02	 -1,94430e-01
1821	  3,6400000000e+03	  9,28299e-02	 -2,00461e-01
1822	  3,6420000000e+03	  8,76580e-02	 -2,02904e-01
1823	  3,6440000000e+03	  8,90743e-02	 -2,04279e-01
1824	  3,6460000000e+03	  8,47489e-02	 -2,03805e-01
1825	  3,6480000000e+03	  7,75553e-02	 -2,06306e-01
1826	  3,6500000000e+03	  7,79675e-02	 -2,06113e-01
1827	  3,6520000000e+03	  7,73514e-02	 -2,04807e-01
1828	  3,6540000000e+03	  7,52634e-02	 -2,07351e-01
1829	  3,6560000000e+03	  7,17366e-02	 -2,06683e-01
1830	  3,6580000000e+03	  6,78059e-02	 -2,06233e-01
1831	  3,6600000000e+03	  6,64140e-02	 -2,06205e-01
1832	  3,6620000000e+03	  6,49408e-02	 -2,06751e-01
1833	  3,6640000000e+03	  6,68668e-02	 -2,08353e-01
1834	  3,6660000000e+03	  6,54504e-02	 -2,09047e-01
1835	  3,6680000000e+03	  6,16266e-02	 -2,10895e-01
1836	  3,6700000000e+03	  5,68904e-02	 -2,11032e-01
1837	  3,6720000000e+03	  5,73054e-02	 -2,09173e-01
1838	  3,6740000000e+03	  5,49888e-02	 -2,11333e-01
1839	  3,6760000000e+03	  5,25530e-02	 -2,13195e-01
1840	  3,6780000000e+03	  5,09742e-02	 -2,12017e-01
1841	  3,6800000000e+03	  4,81522e-02	 -2,11056e-01
1842	  3,6820000000e+03	  4,44828e-02	 -2,13141e-01
1843	  3,6840000000e+03	  4,24861e-02	 -2,13510e-01
1844	  3,6860000000e+03	  4,10558e-02	 -2,14040e-01
1845	  3,6880000000e+03	  3,86629e-02	 -2,14261e-01
1846	  3,6900000000e+03	  3,84418e-02	 -2,16100e-01
1847	  3,6920000000e+03	  3,50406e-02	 -2,15363e-01
1848	  3,6940000000e+03	  3,06222e-02	 -2,17716e-01
1849	  3,6960000000e+03	  2,81332e-02	 -2,18760e-01
1850	  3,6980000000e+03	  2,73883e-02	 -2,17778e-01
1851	  3,7000000000e+03	  2,20180e-02	 -2,17575e-01
1852	  3,7020000000e+03	  1,90233e-02	 -2,18590e-01
1853	  3,7040000000e+03	  1,90354e-02	 -2,17043e-01
1854	  3,7060000000e+03	  1,37326e-02	 -2,17281e-01
1855	  3,7080000000e+03	  9,34780e-03	 -2,19925e-01
1856	  3,7100000000e+03	  5,54903e-03	 -2,21593e-01
1857	  3,7120000000e+03	  2,94328e-03	 -2,20925e-01
1858	  3,7140000000e+03	  1,50581e-03	 -2,19498e-01
1859	  3,7160000000e+03	 -7,16497e-04	 -2,22936e-01
1860	  3,7180000000e+03	 -3,70694e-03	 -2,24385e-01
1861	  3,7200000000e+03	 -1,04157e-02	 -2,22723e-01
1862	  3,7220000000e+03	 -1,29080e-02	 -2,21036e-01
1863	  3,7240000000e+03	 -1,36901e-02	 -2,21389e-01
1864	  3,7260000000e+03	 -1,53133e-02	 -2,21291e-01
1865	  3,7280000000e+03	 -1,93322e-02	 -2,17234e-01
1866	  3,7300000000e+03	 -2,41507e-02	 -2,21109e-01
1867	  3,7320000000e+03	 -2,78248e-02	 -2,20330e-01
1868	  3,7340000000e+03	 -3,09483e-02	 -2,15979e-01
1869	  3,7360000000e+03	 -3,30243e-02	 -2,15606e-01
1870	  3,7380000000e+03	 -3,40739e-02	 -2,18461e-01
1871	  3,7400000000e+03	 -3,70526e-02	 -2,18849e-01
1872	  3,7420000000e+03	 -4,12989e-02	 -2,16016e-01
1873	  3,7440000000e+03	 -4,41748e-02	 -2,10218e-01
1874	  3,7460000000e+03	 -4,45656e-02	 -2,09557e-01
1875	  3,7480000000e+03	 -4,86745e-02	 -2,09263e-01
1876	  3,7500000000e+03	 -5,45300e-02	 -2,08664e-01
1877	  3,7520000000e+03	 -5,51504e-02	 -2,04511e-01
1878	  3,7540000000e+03	 -5,68391e-02	 -2,01773e-01
1879	  3,7560000000e+03	 -5,98319e-02	 -1,98222e-01
1880	  3,7580000000e+03	 -6,19819e-02	 -1,98444e-01
1881	  3,7600000000e+03	 -6,32875e-02	 -1,99859e-01
1882	  3,7620000000e+03	 -6,47546e-02	 -1,99248e-01
1883	  3,7640000000e+03	 -6,74530e-02	 -1,98105e-01
1884	  3,7660000000e+03	 -6,91685e-02	 -1,97400e-01
1885	  3,7680000000e+03	 -7,07773e-02	 -1,96012e-01
1886	  3,7700000000e+03	 -7,28165e-02	 -1,90475e-01
1887	  3,7720000000e+03	 -7,50195e-02	 -1,89200e-01
1888	  3,7740000000e+03	 -7,60124e-02	 -1,86175e-01
1889	  3,7760000000e+03	 -7,71980e-02	 -1,85958e-01
1890	  3,7780000000e+03	 -8,12257e-02	 -1,86942e-01
1891	  3,7800000000e+03	 -8,35616e-02	 -1,87608e-01
1892	  3,7820000000e+03	 -8,40677e-02	 -1,86446e-01
1893	  3,7840000000e+03	 -8,65767e-02	 -1,84595e-01
1894	  3,7860000000e+03	 -8,57739e-02	 -1,83613e-01
1895	  3,7880000000e+03	 -8,84802e-02	 -1,79883e-01
1896	  3,7900000000e+03	 -9,11346e-02	 -1,77262e-01
1897	  3,7920000000e+03	 -9,51198e-02	 -1,79204e-01
1898	  3,7940000000e+03	 -9,82194e-02	 -1,77953e-01
1899	  3,7960000000e+03	 -9,88632e-02	 -1,76517e-01
1900	  3,7980000000e+03	 -9,69930e-02	 -1,77902e-01
1901	  3,8000000000e+03	 -1,02729e-01	 -1,76121e-01
1902	  3,8020000000e+03	 -1,05609e-01	 -1,72213e-01
1903	  3,8040000000e+03	 -1,06392e-01	 -1,68154e-01
1904	  3,8060000000e+03	 -1,07907e-01	 -1,63451e-01
1905	  3,8080000000e+03	 -1,08503e-01	 -1,62419e-01
1906	  3,8100000000e+03	 -1,10903e-01	 -1,63289e-01
1907	  3,8120000000e+03	 -1,10388e-01	 -1,60041e-01
1908	  3,8140000000e+03	 -1,11262e-01	 -1,59479e-01
1909	  3,8160000000e+03	 -1,11594e-01	 -1,57673e-01
1910	  3,8180000000e+03	 -1,14344e-01	 -1,58222e-01
1911	  3,8200000000e+03	 -1,17630e-01	 -1,55988e-01
1912	  3,8220000000e+03	 -1,16218e-01	 -1,52273e-01
1913	  3,8240000000e+03	 -1,15683e-01	 -1,52411e-01
1914	  3,8260000000e+03	 -1,21870e-01	 -1,50608e-01
1915	  3,8280000000e+03	 -1,24012e-01	 -1,49990e-01
1916	  3,8300000000e+03	 -1,23717e-01	 -1,49811e-01
1917	  3,8320000000e+03	 -1,25707e-01	 -1,47086e-01
1918	  3,8340000000e+03	 -1,29032e-01	 -1,44667e-01
1919	  3,8360000000e+03	 -1,30718e-01	 -1,42178e-01
1920	  3,8380000000e+03	 -1,30965e-01	 -1,38923e-01
1921	  3,8400000000e+03	 -1,29362e-01	 -1,39908e-01
1922	  3,8420000000e+03	 -1,33002e-01	 -1,37767e-01
1923	  3,8440000000e+03	 -1,33796e-01	 -1,34892e-01
1924	  3,8460000000e+03	 -1,37163e-01	 -1,35383e-01
1925	  3,8480000000e+03	 -1,39235e-01	 -1,33769e-01
1926	  3,8500000000e+03	 -1,40081e-01	 -1,29921e-01
1927	  3,8520000000e+03	 -1,42109e-01	 -1,28905e-01
1928	  3,8540000000e+03	 -1,44552e-01	 -1,23575e-01
1929	  3,8560000000e+03	 -1,43713e-01	 -1,23772e-01
1930	  3,8580000000e+03	 -1,45068e-01	 -1,21906e-01
1931	  3,8600000000e+03	 -1,44757e-01	 -1,19430e-01
1932	  3,8620000000e+03	 -1,46006e-01	 -1,15303e-01
1933	  3,8640000000e+03	 -1,47573e-01	 -1,13052e-01
1934	  3,8660000000e+03	 -1,50119e-01	 -1,16084e-01
1935	  3,8680000000e+03	 -1,50930e-01	 -1,12009e-01
1936	  3,8700000000e+03	 -1,51207e-01	 -1,08357e-01
1937	  3,8720000000e+03	 -1,49364e-01	 -1,05050e-01
1938	  3,8740000000e+03	 -1,49911e-01	 -1,01157e-01
1939	  3,8760000000e+03	 -1,53205e-01	 -1,02322e-01
1940	  3,8780000000e+03	 -1,55294e-01	 -1,02106e-01
1941	  3,8800000000e+03	 -1,54049e-01	 -9,68094e-02
1942	  3,8820000000e+03	 -1,48771e-01	 -9,34900e-02
1943	  3,8840000000e+03	 -1,48418e-01	 -9,31815e-02
1944	  3,8860000000e+03	 -1,53442e-01	 -8,97104e-02
1945	  3,8880000000e+03	 -1,54391e-01	 -8,59681e-02
1946	  3,8900000000e+03	 -1,55787e-01	 -8,50140e-02
1947	  3,8920000000e+03	 -1,54018e-01	 -8,16471e-02
1948	  3,8940000000e+03	 -1,52910e-01	 -7,90345e-02
1949	  3,8960000000e+03	 -1,51852e-01	 -8,05482e-02
1950	  3,8980000000e+03	 -1,51403e-01	 -8,03121e-02
1951	  3,9000000000e+03	 -1,49498e-01	 -7,66099e-02
1952	  3,9020000000e+03	 -1,50016e-01	 -7,28864e-02
1953	  3,9040000000e+03	 -1,49877e-01	 -7,39589e-02
1954	  3,9060000000e+03	 -1,47934e-01	 -7,31768e-02
1955	  3,9080000000e+03	 -1,48013e-01	 -7,10125e-02
1956	  3,9100000000e+03	 -1,48994e-01	 -6,69422e-02
1957	  3,9120000000e+03	 -1,48878e-01	 -6,73442e-02
1958	  3,9140000000e+03	 -1,50205e-01	 -6,59066e-02
1959	  3,9160000000e+03	 -1,53878e-01	 -6,72901e-02
1960	  3,9180000000e+03	 -1,55542e-01	 -6,59220e-02
1961	  3,9200000000e+03	 -1,49888e-01	 -5,94564e-02
1962	  3,9220000000e+03	 -1,47742e-01	 -5,97445e-02
1963	  3,9240000000e+03	 -1,47847e-01	 -5,96067e-02
1964	  3,9260000000e+03	 -1,48402e-01	 -5,95771e-02
1965	  3,9280000000e+03	 -1,47730e-01	 -5,84706e-02
1966	  3,9300000000e+03	 -1,45982e-01	 -5,87357e-02
1967	  3,9320000000e+03	 -1,45270e-01	 -5,92791e-02
1968	  3,9340000000e+03	 -1,46007e-01	 -5,73954e-02
1969	  3,9360000000e+03	 -1,47779e-01	 -5,77301e-02
1970	  3,9380000000e+03	 -1,47891e-01	 -5,50743e-02
1971	  3,9400000000e+03	 -1,50368e-01	 -5,70796e-02
1972	  3,9420000000e+03	 -1,52913e-01	 -5,67142e-02
1973	  3,9440000000e+03	 -1,51027e-01	 -5,18605e-02
1974	  3,9460000000e+03	 -1,51547e-01	 -5,62334e-02
1975	  3,9480000000e+03	 -1,54711e-01	 -5,62185e-02
1976	  3,9500000000e+03	 -1,54485e-01	 -5,07109e-02
1977	  3,9520000000e+03	 -1,55473e-01	 -5,07669e-02
1978	  3,9540000000e+03	 -1,56064e-01	 -5,08869e-02
1979	  3,9560000000e+03	 -1,58245e-01	 -5,00965e-02
1980	  3,9580000000e+03	 -1,59045e-01	 -4,83992e-02
1981	  3,9600000000e+03	 -1,58575e-01	 -4,69105e-02
1982	  3,9620000000e+03	 -1,60793e-01	 -4,87521e-02
1983	  3,9640000000e+03	 -1,63760e-01	 -4,44950e-02
1984	  3,9660000000e+03	 -1,66356e-01	 -4,03151e-02
1985	  3,9680000000e+03	 -1,66270e-01	 -3,95886e-02
1986	  3,9700000000e+03	 -1,64065e-01	 -3,76073e-02
1987	  3,9720000000e+03	 -1,66763e-01	 -3,45142e-02
1988	  3,9740000000e+03	 -1,68919e-01	 -3,05162e-02
1989	  3,9760000000e+03	 -1,67778e-01	 -2,75132e-02
1990	  3,9780000000e+03	 -1,69079e-01	 -2,64456e-02
1991	  3,9800000000e+03	 -1,70183e-01	 -2,78713e-02
1992	  3,9820000000e+03	 -1,67657e-01	 -3,14481e-02
1993	  3,9840000000e+03	 -1,67556e-01	 -2,58739e-02
1994	  3,9860000000e+03	 -1,69148e-01	 -2,09622e-02
1995	  3,9880000000e+03	 -1,69931e-01	 -2,15554e-02
1996	  3,9900000000e+03	 -1,72707e-01	 -2,01036e-02
1997	  3,9920000000e+03	 -1,75051e-01	 -1,38959e-02
1998	  3,9940000000e+03	 -1,74132e-01	 -1,11806e-02
1999	  3,9960000000e+03	 -1,70878e-01	 -9,05330e-03
2000	  3,9980000000e+03	 -1,71557e-01	 -8,03762e-03
2001	  4,0000000000e+03	 -1,72565e-01	 -7,39061e-03
2002	  4,0020000000e+03	 -1,69687e-01	 -4,09926e-03
2003	  4,0040000000e+03	 -1,71170e-01	 -1,79308e-03
2004	  4,0060000000e+03	 -1,74196e-01	  2,76434e-03
2005	  4,0080000000e+03	 -1,70559e-01	  3,97041e-03
2006	  4,0100000000e+03	 -1,70692e-01	  4,27282e-03
2007	  4,0120000000e+03	 -1,71427e-01	  5,72391e-03
2008	  4,0140000000e+03	 -1,70604e-01	  1,18540e-02
2009	  4,0160000000e+03	 -1,69609e-01	  1,43375e-02
2010	  4,0180000000e+03	 -1,66114e-01	  1,69450e-02
2011	  4,0200000000e+03	 -1,67118e-01	  2,10896e-02
2012	  4,0220000000e+03	 -1,70275e-01	  2,37602e-02
2013	  4,0240000000e+03	 -1,68230e-01	  2,50630e-02
2014	  4,0260000000e+03	 -1,63492e-01	  2,48905e-02
2015	  4,0280000000e+03	 -1,62120e-01	  2,42210e-02
2016	  4,0300000000e+03	 -1,59110e-01	  2,32938e-02
2017	  4,0320000000e+03	 -1,58307e-01	  2,39731e-02
2018	  4,0340000000e+03	 -1,58128e-01	  2,64086e-02
2019	  4,0360000000e+03	 -1,57831e-01	  3,02097e-02
2020	  4,0380000000e+03	 -1,55069e-01	  2,88361e-02
2021	  4,0400000000e+03	 -1,56308e-01	  2,97379e-02
2022	  4,0420000000e+03	 -1,55579e-01	  2,97368e-02
2023	  4,0440000000e+03	 -1,53834e-01	  3,04266e-02
2024	  4,0460000000e+03	 -1,54044e-01	  3,10229e-02
2025	  4,0480000000e+03	 -1,53121e-01	  3,18507e-02
2026	  4,0500000000e+03	 -1,55924e-01	  3,62672e-02
2027	  4,0520000000e+03	 -1,55427e-01	  3,82204e-02
2028	  4,0540000000e+03	 -1,54697e-01	  3,58776e-02
2029	  4,0560000000e+03	 -1,53262e-01	  3,54299e-02
2030	  4,0580000000e+03	 -1,56384e-01	  3,72409e-02
2031	  4,0600000000e+03	 -1,56449e-01	  3,95377e-02
2032	  4,0620000000e+03	 -1,55024e-01	  4,11143e-02
2033	  4,0640000000e+03	 -1,56927e-01	  4,15365e-02
2034	  4,0660000000e+03	 -1,57543e-01	  4,13463e-02
2035	  4,0680000000e+03	 -1,58254e-01	  4,23273e-02
2036	  4,0700000000e+03	 -1,57183e-01	  4,29502e-02
2037	  4,0720000000e+03	 -1,58815e-01	  4,63336e-02
2038	  4,0740000000e+03	 -1,61433e-01	  4,59988e-02
2039	  4,0760000000e+03	 -1,61413e-01	  4,72085e-02
2040	  4,0780000000e+03	 -1,62810e-01	  4,73384e-02
2041	  4,0800000000e+03	 -1,63321e-01	  4,83378e-02
2042	  4,0820000000e+03	 -1,64294e-01	  4,98646e-02
2043	  4,0840000000e+03	 -1,62910e-01	  5,61055e-02
2044	  4,0860000000e+03	 -1,65744e-01	  6,11038e-02
2045	  4,0880000000e+03	 -1,66030e-01	  6,21446e-02
2046	  4,0900000000e+03	 -1,67664e-01	  6,85054e-02
2047	  4,0920000000e+03	 -1,67211e-01	  7,26603e-02
2048	  4,0940000000e+03	 -1,62450e-01	  7,60814e-02
2049	  4,0960000000e+03	 -1,62891e-01	  8,01940e-02
2050	  4,0980000000e+03	 -1,63581e-01	  8,12450e-02
2051	  4,1000000000e+03	 -1,62350e-01	  8,25548e-02
2052	  4,1020000000e+03	 -1,59946e-01	  8,48558e-02
2053	  4,1040000000e+03	 -1,60290e-01	  8,81901e-02
2054	  4,1060000000e+03	 -1,60956e-01	  9,17098e-02
2055	  4,1080000000e+03	 -1,55194e-01	  9,41232e-02
2056	  4,1100000000e+03	 -1,56654e-01	  9,82323e-02
2057	  4,1120000000e+03	 -1,54521e-01	  9,77457e-02
2058	  4,1140000000e+03	 -1,52022e-01	  1,01192e-01
2059	  4,1160000000e+03	 -1,51995e-01	  1,05790e-01
2060	  4,1180000000e+03	 -1,49411e-01	  1,09257e-01
2061	  4,1200000000e+03	 -1,48846e-01	  1,11018e-01
2062	  4,1220000000e+03	 -1,44155e-01	  1,12994e-01
2063	  4,1240000000e+03	 -1,42083e-01	  1,18164e-01
2064	  4,1260000000e+03	 -1,39933e-01	  1,22625e-01
2065	  4,1280000000e+03	 -1,36330e-01	  1,19745e-01
2066	  4,1300000000e+03	 -1,35215e-01	  1,19533e-01
2067	  4,1320000000e+03	 -1,30618e-01	  1,21429e-01
2068	  4,1340000000e+03	 -1,25642e-01	  1,22826e-01
2069	  4,1360000000e+03	 -1,25467e-01	  1,25064e-01
2070	  4,1380000000e+03	 -1,21755e-01	  1,28098e-01
2071	  4,1400000000e+03	 -1,19327e-01	  1,28046e-01
2072	  4,1420000000e+03	 -1,14978e-01	  1,26058e-01
2073	  4,1440000000e+03	 -1,14063e-01	  1,33825e-01
2074	  4,1460000000e+03	 -1,11967e-01	  1,35701e-01
2075	  4,1480000000e+03	 -1,06815e-01	  1,30912e-01
2076	  4,1500000000e+03	 -1,05644e-01	  1,30891e-01
2077	  4,1520000000e+03	 -1,05475e-01	  1,33960e-01
2078	  4,1540000000e+03	 -1,04863e-01	  1,32967e-01
2079	  4,1560000000e+03	 -1,01574e-01	  1,34833e-01
2080	  4,1580000000e+03	 -1,00426e-01	  1,35415e-01
2081	  4,1600000000e+03	 -9,86572e-02	  1,37758e-01
2082	  4,1620000000e+03	 -9,74021e-02	  1,35516e-01
2083	  4,1640000000e+03	 -9,66228e-02	  1,36536e-01
2084	  4,1660000000e+03	 -9,35719e-02	  1,35892e-01
2085	  4,1680000000e+03	 -9,18173e-02	  1,36947e-01
2086	  4,1700000000e+03	 -9,02496e-02	  1,38464e-01
2087	  4,1720000000e+03	 -8,87711e-02	  1,40689e-01
2088	  4,1740000000e+03	 -8,66852e-02	  1,41560e-01
2089	  4,1760000000e+03	 -8,72662e-02	  1,39368e-01
2090	  4,1780000000e+03	 -8,68590e-02	  1,43033e-01
2091	  4,1800000000e+03	 -8,80393e-02	  1,45948e-01
2092	  4,1820000000e+03	 -8,43374e-02	  1,45974e-01
2093	  4,1840000000e+03	 -8,40154e-02	  1,46463e-01
2094	  4,1860000000e+03	 -8,15767e-02	  1,46560e-01
2095	  4,1880000000e+03	 -7,74697e-02	  1,47570e-01
2096	  4,1900000000e+03	 -7,30131e-02	  1,50763e-01
2097	  4,1920000000e+03	 -7,34745e-02	  1,51989e-01
2098	  4,1940000000e+03	 -7,07707e-02	  1,51917e-01
2099	  4,1960000000e+03	 -6,50206e-02	  1,55084e-01
2100	  4,1980000000e+03	 -6,38377e-02	  1,58791e-01
2101	  4,2000000000e+03	 -6,15325e-02	  1,58517e-01
2102	  4,2020000000e+03	 -5,93350e-02	  1,57499e-01
2103	  4,2040000000e+03	 -5,42703e-02	  1,56377e-01
2104	  4,2060000000e+03	 -5,51267e-02	  1,54465e-01
2105	  4,2080000000e+03	 -5,62762e-02	  1,55067e-01
2106	  4,2100000000e+03	 -5,40022e-02	  1,57374e-01
2107	  4,2120000000e+03	 -4,90388e-02	  1,54925e-01
2108	  4,2140000000e+03	 -4,63055e-02	  1,52100e-01
2109	  4,2160000000e+03	 -4,39508e-02	  1,53449e-01
2110	  4,2180000000e+03	 -4,19421e-02	  1,57359e-01
2111	  4,2200000000e+03	 -3,95778e-02	  1,56796e-01
2112	  4,2220000000e+03	 -3,86724e-02	  1,56731e-01
2113	  4,2240000000e+03	 -3,71529e-02	  1,59691e-01
2114	  4,2260000000e+03	 -3,31647e-02	  1,56367e-01
2115	  4,2280000000e+03	 -3,02099e-02	  1,55318e-01
2116	  4,2300000000e+03	 -2,89436e-02	  1,55336e-01
2117	  4,2320000000e+03	 -2,80299e-02	  1,56415e-01
2118	  4,2340000000e+03	 -2,69539e-02	  1,58909e-01
2119	  4,2360000000e+03	 -2,48062e-02	  1,58355e-01
2120	  4,2380000000e+03	 -2,19316e-02	  1,56738e-01
2121	  4,2400000000e+03	 -1,74278e-02	  1,57039e-01
2122	  4,2420000000e+03	 -1,96571e-02	  1,58116e-01
2123	  4,2440000000e+03	 -2,07529e-02	  1,56889e-01
2124	  4,2460000000e+03	 -1,87364e-02	  1,59038e-01
2125	  4,2480000000e+03	 -1,52115e-02	  1,59197e-01
2126	  4,2500000000e+03	 -8,07856e-03	  1,58891e-01
2127	  4,2520000000e+03	 -7,01553e-03	  1,62524e-01
2128	  4,2540000000e+03	 -7,82675e-03	  1,63732e-01
2129	  4,2560000000e+03	 -3,22333e-03	  1,63637e-01
2130	  4,2580000000e+03	 -6,13684e-04	  1,62594e-01
2131	  4,2600000000e+03	  2,30626e-03	  1,61023e-01
2132	  4,2620000000e+03	  6,19153e-03	  1,61356e-01
2133	  4,2640000000e+03	  8,33471e-03	  1,58365e-01
2134	  4,2660000000e+03	  1,23258e-02	  1,58531e-01
2135	  4,2680000000e+03	  1,42754e-02	  1,57034e-01
2136	  4,2700000000e+03	  1,62881e-02	  1,56546e-01
2137	  4,2720000000e+03	  1,61525e-02	  1,52397e-01
2138	  4,2740000000e+03	  1,87604e-02	  1,49379e-01
2139	  4,2760000000e+03	  2,27903e-02	  1,50763e-01
2140	  4,2780000000e+03	  2,58152e-02	  1,51320e-01
2141	  4,2800000000e+03	  2,77995e-02	  1,47939e-01
2142	  4,2820000000e+03	  2,75129e-02	  1,46730e-01
2143	  4,2840000000e+03	  2,98950e-02	  1,46598e-01
2144	  4,2860000000e+03	  3,12368e-02	  1,43473e-01
2145	  4,2880000000e+03	  3,32018e-02	  1,41825e-01
2146	  4,2900000000e+03	  3,27975e-02	  1,40394e-01
2147	  4,2920000000e+03	  3,56025e-02	  1,38656e-01
2148	  4,2940000000e+03	  3,76099e-02	  1,35584e-01
2149	  4,2960000000e+03	  3,46642e-02	  1,34297e-01
2150	  4,2980000000e+03	  3,65970e-02	  1,35012e-01
2151	  4,3000000000e+03	  4,12826e-02	  1,33838e-01
2152	  4,3020000000e+03	  4,27150e-02	  1,33030e-01
2153	  4,3040000000e+03	  4,38257e-02	  1,30839e-01
2154	  4,3060000000e+03	  4,70374e-02	  1,28491e-01
2155	  4,3080000000e+03	  5,00542e-02	  1,28327e-01
2156	  4,3100000000e+03	  4,75174e-02	  1,30347e-01
2157	  4,3120000000e+03	  4,36412e-02	  1,29382e-01
2158	  4,3140000000e+03	  4,32678e-02	  1,28244e-01
2159	  4,3160000000e+03	  4,63895e-02	  1,25999e-01
2160	  4,3180000000e+03	  4,92545e-02	  1,25491e-01
2161	  4,3200000000e+03	  5,02654e-02	  1,25366e-01
2162	  4,3220000000e+03	  4,96794e-02	  1,26809e-01
2163	  4,3240000000e+03	  5,04844e-02	  1,28878e-01
2164	  4,3260000000e+03	  5,39546e-02	  1,26259e-01
2165	  4,3280000000e+03	  5,42295e-02	  1,24496e-01
2166	  4,3300000000e+03	  5,65859e-02	  1,23764e-01
2167	  4,3320000000e+03	  6,04680e-02	  1,23714e-01
2168	  4,3340000000e+03	  5,93898e-02	  1,24015e-01
2169	  4,3360000000e+03	  5,94511e-02	  1,23071e-01
2170	  4,3380000000e+03	  6,08864e-02	  1,24168e-01
2171	  4,3400000000e+03	  6,28693e-02	  1,21460e-01
2172	  4,3420000000e+03	  6,42112e-02	  1,18124e-01
2173	  4,3440000000e+03	  6,75238e-02	  1,18231e-01
2174	  4,3460000000e+03	  6,94308e-02	  1,20749e-01
2175	  4,3480000000e+03	  7,19220e-02	  1,18658e-01
2176	  4,3500000000e+03	  7,34197e-02	  1,13793e-01
2177	  4,3520000000e+03	  7,24206e-02	  1,10922e-01
2178	  4,3540000000e+03	  7,29583e-02	  1,11013e-01
2179	  4,3560000000e+03	  7,55483e-02	  1,09448e-01
2180	  4,3580000000e+03	  7,61420e-02	  1,08691e-01
2181	  4,3600000000e+03	  7,61600e-02	  1,05168e-01
2182	  4,3620000000e+03	  7,88138e-02	  1,05740e-01
2183	  4,3640000000e+03	  7,90387e-02	  1,04414e-01
2184	  4,3660000000e+03	  7,89343e-02	  1,03892e-01
2185	  4,3680000000e+03	  8,17214e-02	  1,01876e-01
2186	  4,3700000000e+03	  8,43854e-02	  1,02834e-01
2187	  4,3720000000e+03	  8,69094e-02	  9,94391e-02
2188	  4,3740000000e+03	  8,70826e-02	  9,97157e-02
2189	  4,3760000000e+03	  8,67083e-02	  1,01312e-01
2190	  4,3780000000e+03	  8,83825e-02	  9,59508e-02
2191	  4,3800000000e+03	  8,92281e-02	  9,29598e-02
2192	  4,3820000000e+03	  8,98838e-02	  9,03918e-02
2193	  4,3840000000e+03	  9,02903e-02	  9,00948e-02
2194	  4,3860000000e+03	  9,16879e-02	  8,77136e-02
2195	  4,3880000000e+03	  9,32652e-02	  8,68168e-02
2196	  4,3900000000e+03	  9,12962e-02	  8,43796e-02
2197	  4,3920000000e+03	  9,32907e-02	  8,25274e-02
2198	  4,3940000000e+03	  9,60339e-02	  8,30347e-02
2199	  4,3960000000e+03	  9,75283e-02	  8,04623e-02
2200	  4,3980000000e+03	  9,78661e-02	  7,88841e-02
2201	  4,4000000000e+03	  9,55392e-02	  7,88986e-02
2202	  4,4020000000e+03	  9,31562e-02	  7,77951e-02
2203	  4,4040000000e+03	  9,56806e-02	  7,45274e-02
2204	  4,4060000000e+03	  9,66161e-02	  7,07561e-02
2205	  4,4080000000e+03	  9,87847e-02	  6,89153e-02
2206	  4,4100000000e+03	  9,93980e-02	  6,73315e-02
2207	  4,4120000000e+03	  9,93495e-02	  6,44958e-02
2208	  4,4140000000e+03	  9,93111e-02	  6,67208e-02
2209	  4,4160000000e+03	  1,03004e-01	  6,44124e-02
2210	  4,4180000000e+03	  1,07663e-01	  6,20789e-02
2211	  4,4200000000e+03	  1,07548e-01	  6,19598e-02
2212	  4,4220000000e+03	  1,03738e-01	  6,07449e-02
2213	  4,4240000000e+03	  9,93863e-02	  5,38567e-02
2214	  4,4260000000e+03	  1,00509e-01	  5,09758e-02
2215	  4,4280000000e+03	  1,02136e-01	  5,10621e-02
2216	  4,4300000000e+03	  1,00270e-01	  4,88350e-02
2217	  4,4320000000e+03	  1,00406e-01	  4,14858e-02
2218	  4,4340000000e+03	  1,01693e-01	  4,45735e-02
2219	  4,4360000000e+03	  9,98974e-02	  4,78022e-02
2220	  4,4380000000e+03	  9,93930e-02	  4,36671e-02
2221	  4,4400000000e+03	  9,68475e-02	  4,11456e-02
2222	  4,4420000000e+03	  9,86274e-02	  4,11017e-02
2223	  4,4440000000e+03	  1,00368e-01	  4,07181e-02
2224	  4,4460000000e+03	  9,64784e-02	  3,97326e-02
2225	  4,4480000000e+03	  9,48755e-02	  4,20185e-02
2226	  4,4500000000e+03	  9,79168e-02	  4,28042e-02
2227	  4,4520000000e+03	  1,00059e-01	  4,02650e-02
2228	  4,4540000000e+03	  9,81276e-02	  3,89826e-02
2229	  4,4560000000e+03	  9,98591e-02	  3,43795e-02
2230	  4,4580000000e+03	  1,00000e-01	  3,03724e-02
2231	  4,4600000000e+03	  9,74031e-02	  2,98125e-02
2232	  4,4620000000e+03	  9,97624e-02	  2,96364e-02
2233	  4,4640000000e+03	  9,92597e-02	  2,90572e-02
2234	  4,4660000000e+03	  9,42941e-02	  2,61082e-02
2235	  4,4680000000e+03	  9,65391e-02	  2,97004e-02
2236	  4,4700000000e+03	  9,81294e-02	  2,78284e-02
2237	  4,4720000000e+03	  1,01061e-01	  2,47548e-02
2238	  4,4740000000e+03	  9,95944e-02	  2,70258e-02
2239	  4,4760000000e+03	  9,55275e-02	  2,67053e-02
2240	  4,4780000000e+03	  9,78771e-02	  2,31111e-02
2241	  4,4800000000e+03	  1,00201e-01	  1,68148e-02
2242	  4,4820000000e+03	  9,79517e-02	  1,88032e-02
2243	  4,4840000000e+03	  9,97388e-02	  1,84123e-02
2244	  4,4860000000e+03	  1,02274e-01	  1,56677e-02
2245	  4,4880000000e+03	  9,92823e-02	  1,45991e-02
2246	  4,4900000000e+03	  9,55181e-02	  1,22903e-02
2247	  4,4920000000e+03	  9,34662e-02	  1,07704e-02
2248	  4,4940000000e+03	  9,58174e-02	  6,68306e-03
2249	  4,4960000000e+03	  9,24999e-02	  4,68648e-03
2250	  4,4980000000e+03	  9,04094e-02	  6,09443e-03
2251	  4,5000000000e+03	  9,58542e-02	  5,16257e-03
2252	  4,5020000000e+03	  9,36610e-02	  7,36374e-03
2253	  4,5040000000e+03	  9,01212e-02	  7,49408e-03
2254	  4,5060000000e+03	  9,00838e-02	  7,95741e-03
2255	  4,5080000000e+03	  9,02432e-02	  6,17591e-03
2256	  4,5100000000e+03	  9,07119e-02	  4,61628e-03
2257	  4,5120000000e+03	  9,02382e-02	  9,69102e-04
2258	  4,5140000000e+03	  9,13628e-02	 -1,58159e-03
2259	  4,5160000000e+03	  9,44264e-02	 -2,43497e-03
2260	  4,5180000000e+03	  9,08782e-02	 -1,69778e-03
2261	  4,5200000000e+03	  8,96403e-02	 -1,33284e-03
2262	  4,5220000000e+03	  8,99041e-02	 -2,88786e-03
2263	  4,5240000000e+03	  8,65823e-02	 -2,64185e-03
2264	  4,5260000000e+03	  8,48022e-02	 -2,13724e-03
2265	  4,5280000000e+03	  8,21831e-02	 -4,37858e-03
2266	  4,5300000000e+03	  8,24102e-02	 -7,73673e-03
2267	  4,5320000000e+03	  8,32009e-02	 -9,15409e-03
2268	  4,5340000000e+03	  8,31513e-02	 -8,92814e-03
2269	  4,5360000000e+03	  8,12189e-02	 -1,26027e-02
2270	  4,5380000000e+03	  8,22478e-02	 -1,28005e-02
2271	  4,5400000000e+03	  8,39394e-02	 -1,25613e-02
2272	  4,5420000000e+03	  8,20896e-02	 -1,38568e-02
2273	  4,5440000000e+03	  7,95173e-02	 -1,80199e-02
2274	  4,5460000000e+03	  7,71477e-02	 -1,61019e-02
2275	  4,5480000000e+03	  7,80463e-02	 -1,72417e-02
2276	  4,5500000000e+03	  7,66142e-02	 -1,51149e-02
2277	  4,5520000000e+03	  7,57287e-02	 -1,66902e-02
2278	  4,5540000000e+03	  7,43374e-02	 -1,92121e-02
2279	  4,5560000000e+03	  7,50655e-02	 -1,64296e-02
2280	  4,5580000000e+03	  7,23866e-02	 -1,73397e-02
2281	  4,5600000000e+03	  7,26907e-02	 -2,06270e-02
2282	  4,5620000000e+03	  7,29050e-02	 -2,23771e-02
2283	  4,5640000000e+03	  7,16942e-02	 -2,09467e-02
2284	  4,5660000000e+03	  7,07080e-02	 -2,32197e-02
2285	  4,5680000000e+03	  6,74049e-02	 -2,77541e-02
2286	  4,5700000000e+03	  6,25812e-02	 -2,54761e-02
2287	  4,5720000000e+03	  6,01601e-02	 -2,02519e-02
2288	  4,5740000000e+03	  6,18030e-02	 -1,87179e-02
2289	  4,5760000000e+03	  6,36772e-02	 -1,88296e-02
2290	  4,5780000000e+03	  6,35739e-02	 -2,05071e-02
2291	  4,5800000000e+03	  6,25235e-02	 -2,09010e-02
2292	  4,5820000000e+03	  6,49071e-02	 -2,18335e-02
2293	  4,5840000000e+03	  6,48185e-02	 -2,14946e-02
2294	  4,5860000000e+03	  6,45895e-02	 -2,13350e-02
2295	  4,5880000000e+03	  6,39680e-02	 -2,45495e-02
2296	  4,5900000000e+03	  6,29265e-02	 -2,59074e-02
2297	  4,5920000000e+03	  6,13765e-02	 -2,47910e-02
2298	  4,5940000000e+03	  5,98115e-02	 -2,27231e-02
2299	  4,5960000000e+03	  5,96684e-02	 -2,11923e-02
2300	  4,5980000000e+03	  5,99058e-02	 -2,37309e-02
2301	  4,6000000000e+03	  5,83221e-02	 -2,47967e-02
2302	  4,6020000000e+03	  6,02139e-02	 -2,55426e-02
2303	  4,6040000000e+03	  6,29299e-02	 -2,33637e-02
2304	  4,6060000000e+03	  5,94900e-02	 -2,60512e-02
2305	  4,6080000000e+03	  5,84338e-02	 -2,56759e-02
2306	  4,6100000000e+03	  5,96220e-02	 -2,54488e-02
2307	  4,6120000000e+03	  6,13971e-02	 -2,40705e-02
2308	  4,6140000000e+03	  5,87724e-02	 -2,51902e-02
2309	  4,6160000000e+03	  5,66444e-02	 -2,85823e-02
2310	  4,6180000000e+03	  5,88321e-02	 -2,36634e-02
2311	  4,6200000000e+03	  5,47349e-02	 -2,37788e-02
2312	  4,6220000000e+03	  5,21067e-02	 -2,52439e-02
2313	  4,6240000000e+03	  5,26894e-02	 -2,45750e-02
2314	  4,6260000000e+03	  5,18991e-02	 -2,41988e-02
2315	  4,6280000000e+03	  5,39153e-02	 -2,54158e-02
2316	  4,6300000000e+03	  5,59460e-02	 -2,25032e-02
2317	  4,6320000000e+03	  5,76859e-02	 -2,19459e-02
2318	  4,6340000000e+03	  5,81548e-02	 -2,45390e-02
2319	  4,6360000000e+03	  5,48821e-02	 -2,72677e-02
2320	  4,6380000000e+03	  5,24847e-02	 -2,76614e-02
2321	  4,6400000000e+03	  5,58319e-02	 -2,67230e-02
2322	  4,6420000000e+03	  5,28474e-02	 -2,71297e-02
2323	  4,6440000000e+03	  5,11926e-02	 -2,79340e-02
2324	  4,6460000000e+03	  5,06369e-02	 -2,86021e-02
2325	  4,6480000000e+03	  5,06186e-02	 -3,23322e-02
2326	  4,6500000000e+03	  5,06066e-02	 -3,24224e-02
2327	  4,6520000000e+03	  5,10835e-02	 -3,12395e-02
2328	  4,6540000000e+03	  4,79738e-02	 -3,04514e-02
2329	  4,6560000000e+03	  4,55558e-02	 -2,92778e-02
2330	  4,6580000000e+03	  4,62307e-02	 -3,16401e-02
2331	  4,6600000000e+03	  4,36457e-02	 -3,29949e-02
2332	  4,6620000000e+03	  4,14958e-02	 -3,28576e-02
2333	  4,6640000000e+03	  4,39535e-02	 -3,19262e-02
2334	  4,6660000000e+03	  4,17660e-02	 -3,10121e-02
2335	  4,6680000000e+03	  4,21825e-02	 -3,35298e-02
2336	  4,6700000000e+03	  4,07839e-02	 -3,25491e-02
2337	  4,6720000000e+03	  4,16068e-02	 -3,35883e-02
2338	  4,6740000000e+03	  4,25475e-02	 -3,03002e-02
2339	  4,6760000000e+03	  4,11241e-02	 -2,98901e-02
2340	  4,6780000000e+03	  4,05136e-02	 -2,94490e-02
2341	  4,6800000000e+03	  3,92576e-02	 -2,86267e-02
2342	  4,6820000000e+03	  3,76422e-02	 -3,00404e-02
2343	  4,6840000000e+03	  3,82905e-02	 -2,79871e-02
2344	  4,6860000000e+03	  3,88584e-02	 -2,72689e-02
2345	  4,6880000000e+03	  3,65499e-02	 -2,66607e-02
2346	  4,6900000000e+03	  3,57645e-02	 -3,01520e-02
2347	  4,6920000000e+03	  3,66537e-02	 -3,05576e-02
2348	  4,6940000000e+03	  3,53658e-02	 -2,64088e-02
2349	  4,6960000000e+03	  3,15557e-02	 -2,34783e-02
2350	  4,6980000000e+03	  3,42823e-02	 -2,42073e-02
2351	  4,7000000000e+03	  3,67489e-02	 -2,70224e-02
2352	  4,7020000000e+03	  3,76471e-02	 -2,49159e-02
2353	  4,7040000000e+03	  3,79950e-02	 -2,44607e-02
2354	  4,7060000000e+03	  3,91421e-02	 -2,48211e-02
2355	  4,7080000000e+03	  3,75686e-02	 -2,62033e-02
2356	  4,7100000000e+03	  3,63353e-02	 -2,37288e-02
2357	  4,7120000000e+03	  3,78655e-02	 -2,10675e-02
2358	  4,7140000000e+03	  3,74528e-02	 -2,18180e-02
2359	  4,7160000000e+03	  3,78507e-02	 -2,39080e-02
2360	  4,7180000000e+03	  3,98793e-02	 -2,27081e-02
2361	  4,7200000000e+03	  4,27330e-02	 -2,09895e-02
2362	  4,7220000000e+03	  4,32232e-02	 -2,10843e-02
2363	  4,7240000000e+03	  3,95397e-02	 -2,43902e-02
2364	  4,7260000000e+03	  4,11203e-02	 -2,79750e-02
2365	  4,7280000000e+03	  4,07694e-02	 -2,77693e-02
2366	  4,7300000000e+03	  4,13404e-02	 -3,03608e-02
2367	  4,7320000000e+03	  4,26374e-02	 -2,88629e-02
2368	  4,7340000000e+03	  4,38280e-02	 -2,89596e-02
2369	  4,7360000000e+03	  4,33156e-02	 -2,81655e-02
2370	  4,7380000000e+03	  4,38849e-02	 -2,85067e-02
2371	  4,7400000000e+03	  4,56671e-02	 -2,73646e-02
2372	  4,7420000000e+03	  4,42213e-02	 -2,88649e-02
2373	  4,7440000000e+03	  4,34240e-02	 -3,07245e-02
2374	  4,7460000000e+03	  4,42978e-02	 -2,91872e-02
2375	  4,7480000000e+03	  4,17282e-02	 -3,01375e-02
2376	  4,7500000000e+03	  3,64251e-02	 -3,16811e-02
2377	  4,7520000000e+03	  3,92510e-02	 -3,12540e-02
2378	  4,7540000000e+03	  4,12794e-02	 -3,12117e-02
2379	  4,7560000000e+03	  4,16059e-02	 -2,95937e-02
2380	  4,7580000000e+03	  4,34516e-02	 -3,26062e-02
2381	  4,7600000000e+03	  4,41740e-02	 -3,38760e-02
2382	  4,7620000000e+03	  4,41978e-02	 -3,42790e-02
2383	  4,7640000000e+03	  3,91985e-02	 -3,86695e-02
2384	  4,7660000000e+03	  4,15328e-02	 -3,96074e-02
2385	  4,7680000000e+03	  4,23191e-02	 -3,99570e-02
2386	  4,7700000000e+03	  4,29312e-02	 -4,09344e-02
2387	  4,7720000000e+03	  4,02011e-02	 -4,25280e-02
2388	  4,7740000000e+03	  3,94526e-02	 -4,22159e-02
2389	  4,7760000000e+03	  4,04419e-02	 -4,36959e-02
2390	  4,7780000000e+03	  3,97868e-02	 -4,72334e-02
2391	  4,7800000000e+03	  4,24851e-02	 -4,70222e-02
2392	  4,7820000000e+03	  4,13212e-02	 -4,45932e-02
2393	  4,7840000000e+03	  3,76658e-02	 -4,52747e-02
2394	  4,7860000000e+03	  3,66482e-02	 -4,73309e-02
2395	  4,7880000000e+03	  3,43233e-02	 -4,74934e-02
2396	  4,7900000000e+03	  3,52038e-02	 -4,73609e-02
2397	  4,7920000000e+03	  3,62242e-02	 -4,39978e-02
2398	  4,7940000000e+03	  3,59475e-02	 -4,43902e-02
2399	  4,7960000000e+03	  3,47734e-02	 -4,33635e-02
2400	  4,7980000000e+03	  3,34331e-02	 -4,39054e-02
2401	  4,8000000000e+03	  3,31996e-02	 -4,63704e-02
2402	  4,8020000000e+03	  3,26701e-02	 -4,68951e-02
2403	  4,8040000000e+03	  2,79266e-02	 -4,72842e-02
2404	  4,8060000000e+03	  2,53146e-02	 -4,55266e-02
2405	  4,8080000000e+03	  2,55936e-02	 -4,78694e-02
2406	  4,8100000000e+03	  2,66377e-02	 -4,64474e-02
2407	  4,8120000000e+03	  2,73327e-02	 -4,37055e-02
2408	  4,8140000000e+03	  2,58725e-02	 -4,92823e-02
2409	  4,8160000000e+03	  2,78664e-02	 -5,16947e-02
2410	  4,8180000000e+03	  2,87501e-02	 -4,93674e-02
2411	  4,8200000000e+03	  2,55420e-02	 -4,76402e-02
2412	  4,8220000000e+03	  2,43096e-02	 -4,76862e-02
2413	  4,8240000000e+03	  2,38481e-02	 -4,84403e-02
2414	  4,8260000000e+03	  2,58338e-02	 -4,61427e-02
2415	  4,8280000000e+03	  2,56233e-02	 -4,66882e-02
2416	  4,8300000000e+03	  2,44570e-02	 -4,84731e-02
2417	  4,8320000000e+03	  2,33329e-02	 -4,81886e-02
2418	  4,8340000000e+03	  2,08725e-02	 -4,98397e-02
2419	  4,8360000000e+03	  2,14723e-02	 -4,95135e-02
2420	  4,8380000000e+03	  2,25095e-02	 -4,82315e-02
2421	  4,8400000000e+03	  2,27626e-02	 -4,70437e-02
2422	  4,8420000000e+03	  2,23377e-02	 -4,76158e-02
2423	  4,8440000000e+03	  2,15058e-02	 -5,19109e-02
2424	  4,8460000000e+03	  2,10128e-02	 -5,25411e-02
2425	  4,8480000000e+03	  1,90730e-02	 -5,09466e-02
2426	  4,8500000000e+03	  1,62614e-02	 -5,03806e-02
2427	  4,8520000000e+03	  1,56717e-02	 -4,92909e-02
2428	  4,8540000000e+03	  1,62224e-02	 -5,02448e-02
2429	  4,8560000000e+03	  1,50331e-02	 -4,88864e-02
2430	  4,8580000000e+03	  1,33939e-02	 -4,87347e-02
2431	  4,8600000000e+03	  1,48305e-02	 -5,07281e-02
2432	  4,8620000000e+03	  1,25964e-02	 -5,04444e-02
2433	  4,8640000000e+03	  1,10391e-02	 -5,04242e-02
2434	  4,8660000000e+03	  9,93097e-03	 -4,95505e-02
2435	  4,8680000000e+03	  8,88115e-03	 -5,00409e-02
2436	  4,8700000000e+03	  7,74085e-03	 -5,12062e-02
2437	  4,8720000000e+03	  8,64397e-03	 -4,79104e-02
2438	  4,8740000000e+03	  6,93481e-03	 -4,88444e-02
2439	  4,8760000000e+03	  9,49154e-03	 -4,70355e-02
2440	  4,8780000000e+03	  1,13567e-02	 -4,43494e-02
2441	  4,8800000000e+03	  1,32092e-02	 -4,93726e-02
2442	  4,8820000000e+03	  1,20311e-02	 -4,86231e-02
2443	  4,8840000000e+03	  6,92199e-03	 -4,82760e-02
2444	  4,8860000000e+03	  9,76587e-03	 -5,10634e-02
2445	  4,8880000000e+03	  8,59456e-03	 -5,12567e-02
2446	  4,8900000000e+03	  4,58427e-03	 -5,07544e-02
2447	  4,8920000000e+03	  5,78340e-03	 -5,07744e-02
2448	  4,8940000000e+03	  7,58218e-03	 -5,05515e-02
2449	  4,8960000000e+03	  7,80723e-03	 -4,98845e-02
2450	  4,8980000000e+03	  4,32098e-03	 -5,10542e-02
2451	  4,9000000000e+03	  3,16252e-03	 -5,16848e-02
2452	  4,9020000000e+03	  3,71260e-03	 -5,35518e-02
2453	  4,9040000000e+03	  2,23760e-03	 -5,46635e-02
2454	  4,9060000000e+03	 -6,98168e-05	 -5,16776e-02
2455	  4,9080000000e+03	 -3,20282e-03	 -4,92721e-02
2456	  4,9100000000e+03	 -2,66780e-03	 -4,75561e-02
2457	  4,9120000000e+03	 -2,45923e-03	 -4,73731e-02
2458	  4,9140000000e+03	 -4,28931e-03	 -4,75771e-02
2459	  4,9160000000e+03	 -6,15473e-03	 -4,68790e-02
2460	  4,9180000000e+03	 -8,33163e-03	 -4,94460e-02
2461	  4,9200000000e+03	 -7,22897e-03	 -5,01640e-02
2462	  4,9220000000e+03	 -2,99257e-03	 -4,73901e-02
2463	  4,9240000000e+03	 -8,99084e-03	 -4,51026e-02
2464	  4,9260000000e+03	 -1,16177e-02	 -4,30083e-02
2465	  4,9280000000e+03	 -1,02774e-02	 -4,33831e-02
2466	  4,9300000000e+03	 -1,11887e-02	 -4,38276e-02
2467	  4,9320000000e+03	 -1,19806e-02	 -4,16376e-02
2468	  4,9340000000e+03	 -1,10365e-02	 -3,90229e-02
2469	  4,9360000000e+03	 -1,29919e-02	 -4,06246e-02
2470	  4,9380000000e+03	 -1,55491e-02	 -3,94654e-02
2471	  4,9400000000e+03	 -9,99628e-03	 -4,19670e-02
2472	  4,9420000000e+03	 -1,10347e-02	 -3,72383e-02
2473	  4,9440000000e+03	 -1,11858e-02	 -3,60393e-02
2474	  4,9460000000e+03	 -9,48854e-03	 -3,81586e-02
2475	  4,9480000000e+03	 -8,27868e-03	 -3,68140e-02
2476	  4,9500000000e+03	 -5,76472e-03	 -3,68501e-02
2477	  4,9520000000e+03	 -5,23033e-03	 -3,46475e-02
2478	  4,9540000000e+03	 -9,83366e-03	 -3,61919e-02
2479	  4,9560000000e+03	 -1,07814e-02	 -3,90575e-02
2480	  4,9580000000e+03	 -8,91723e-03	 -3,63172e-02
2481	  4,9600000000e+03	 -6,74190e-03	 -3,32914e-02
2482	  4,9620000000e+03	 -7,86018e-03	 -3,27363e-02
2483	  4,9640000000e+03	 -1,09752e-02	 -3,18203e-02
2484	  4,9660000000e+03	 -1,12073e-02	 -3,09832e-02
2485	  4,9680000000e+03	 -8,96070e-03	 -3,14516e-02
2486	  4,9700000000e+03	 -7,34860e-03	 -3,18926e-02
2487	  4,9720000000e+03	 -7,51511e-03	 -3,35413e-02
2488	  4,9740000000e+03	 -7,11755e-03	 -3,62388e-02
2489	  4,9760000000e+03	 -5,54147e-03	 -3,39089e-02
2490	  4,9780000000e+03	 -8,82530e-03	 -3,35368e-02
2491	  4,9800000000e+03	 -9,62434e-03	 -3,41360e-02
2492	  4,9820000000e+03	 -7,42910e-03	 -3,00191e-02
2493	  4,9840000000e+03	 -9,07598e-03	 -3,01964e-02
2494	  4,9860000000e+03	 -1,06270e-02	 -3,32930e-02
2495	  4,9880000000e+03	 -9,62558e-03	 -3,01954e-02
2496	  4,9900000000e+03	 -6,56361e-03	 -2,79430e-02
2497	  4,9920000000e+03	 -4,73841e-03	 -2,51057e-02
2498	  4,9940000000e+03	 -8,11843e-03	 -2,70898e-02
2499	  4,9960000000e+03	 -8,32179e-03	 -2,88769e-02
2500	  4,9980000000e+03	 -5,95168e-03	 -2,94499e-02
2501	  5,0000000000e+03	 -7,04396e-03	 -2,94683e-02
2502	  5,0020000000e+03	 -5,60232e-03	 -3,10181e-02
2503	  5,0040000000e+03	 -5,35184e-03	 -2,91277e-02
2504	  5,0060000000e+03	 -8,17827e-03	 -3,20060e-02
2505	  5,0080000000e+03	 -8,15072e-03	 -3,14280e-02
2506	  5,0100000000e+03	 -6,79162e-03	 -3,04663e-02
2507	  5,0120000000e+03	 -6,65530e-03	 -3,01654e-02
2508	  5,0140000000e+03	 -9,94676e-03	 -3,26436e-02
2509	  5,0160000000e+03	 -1,03736e-02	 -3,19136e-02
2510	  5,0180000000e+03	 -9,15125e-03	 -3,18850e-02
2511	  5,0200000000e+03	 -8,79560e-03	 -3,15599e-02
2512	  5,0220000000e+03	 -9,33836e-03	 -3,01224e-02
2513	  5,0240000000e+03	 -1,06202e-02	 -2,75915e-02
2514	  5,0260000000e+03	 -8,54160e-03	 -2,82393e-02
2515	  5,0280000000e+03	 -7,88132e-03	 -2,60654e-02
2516	  5,0300000000e+03	 -8,79487e-03	 -2,37077e-02
2517	  5,0320000000e+03	 -7,19594e-03	 -2,54394e-02
2518	  5,0340000000e+03	 -8,25957e-03	 -2,45725e-02
2519	  5,0360000000e+03	 -7,87926e-03	 -2,60052e-02
2520	  5,0380000000e+03	 -7,75187e-03	 -2,48087e-02
2521	  5,0400000000e+03	 -6,06653e-03	 -2,85886e-02
2522	  5,0420000000e+03	 -4,95958e-03	 -3,00590e-02
2523	  5,0440000000e+03	 -5,51278e-03	 -2,89842e-02
2524	  5,0460000000e+03	 -5,10487e-03	 -2,82944e-02
2525	  5,0480000000e+03	 -6,22331e-03	 -2,87221e-02
2526	  5,0500000000e+03	 -4,72602e-03	 -2,81799e-02
2527	  5,0520000000e+03	 -3,91176e-03	 -2,70710e-02
2528	  5,0540000000e+03	 -2,78828e-03	 -2,91269e-02
2529	  5,0560000000e+03	 -3,55026e-03	 -2,96463e-02
2530	  5,0580000000e+03	 -3,90797e-03	 -2,75210e-02
2531	  5,0600000000e+03	 -6,01789e-03	 -2,41326e-02
2532	  5,0620000000e+03	 -5,16666e-03	 -2,58488e-02
2533	  5,0640000000e+03	 -6,10633e-03	 -2,48755e-02
2534	  5,0660000000e+03	 -8,66279e-03	 -2,54082e-02
2535	  5,0680000000e+03	 -5,42789e-03	 -2,66795e-02
2536	  5,0700000000e+03	 -3,52755e-03	 -2,80633e-02
2537	  5,0720000000e+03	 -3,13992e-03	 -2,67827e-02
2538	  5,0740000000e+03	 -4,79073e-03	 -2,68416e-02
2539	  5,0760000000e+03	 -3,96028e-03	 -3,11887e-02
2540	  5,0780000000e+03	 -2,35674e-03	 -2,81675e-02
2541	  5,0800000000e+03	 -2,67994e-03	 -2,44502e-02
2542	  5,0820000000e+03	 -2,29145e-03	 -2,60593e-02
2543	  5,0840000000e+03	 -5,00656e-03	 -2,75362e-02
2544	  5,0860000000e+03	 -6,83344e-03	 -3,11087e-02
2545	  5,0880000000e+03	 -6,00215e-03	 -2,98029e-02
2546	  5,0900000000e+03	 -5,98966e-03	 -2,74868e-02
2547	  5,0920000000e+03	 -5,84821e-03	 -3,04014e-02
2548	  5,0940000000e+03	 -6,65714e-03	 -3,32085e-02
2549	  5,0960000000e+03	 -5,84658e-03	 -2,83528e-02
2550	  5,0980000000e+03	 -5,16287e-03	 -2,69231e-02
2551	  5,1000000000e+03	 -2,09478e-03	 -2,84417e-02
2552	  5,1020000000e+03	 -2,49146e-03	 -3,27652e-02
2553	  5,1040000000e+03	 -6,41367e-03	 -3,28750e-02
2554	  5,1060000000e+03	 -6,99588e-03	 -3,33846e-02
2555	  5,1080000000e+03	 -4,24067e-03	 -3,14379e-02
2556	  5,1100000000e+03	 -2,39193e-03	 -3,16325e-02
2557	  5,1120000000e+03	 -4,40666e-03	 -3,27821e-02
2558	  5,1140000000e+03	 -4,72006e-03	 -3,39037e-02
2559	  5,1160000000e+03	 -6,89232e-03	 -3,36320e-02
2560	  5,1180000000e+03	 -6,19887e-03	 -3,34230e-02
2561	  5,1200000000e+03	 -5,76571e-03	 -3,65579e-02
2562	  5,1220000000e+03	 -3,32262e-03	 -3,86462e-02
2563	  5,1240000000e+03	 -4,83778e-04	 -3,51626e-02
2564	  5,1260000000e+03	 -3,24538e-03	 -3,55930e-02
2565	  5,1280000000e+03	 -6,33823e-03	 -3,62509e-02
2566	  5,1300000000e+03	 -7,04887e-03	 -3,82725e-02
2567	  5,1320000000e+03	 -8,32346e-03	 -3,59796e-02
2568	  5,1340000000e+03	 -1,26638e-02	 -3,44365e-02
2569	  5,1360000000e+03	 -1,17878e-02	 -3,62857e-02
2570	  5,1380000000e+03	 -1,04254e-02	 -3,70240e-02
2571	  5,1400000000e+03	 -9,84225e-03	 -3,69500e-02
2572	  5,1420000000e+03	 -1,16864e-02	 -3,57066e-02
2573	  5,1440000000e+03	 -1,38537e-02	 -3,65529e-02
2574	  5,1460000000e+03	 -1,21197e-02	 -3,66274e-02
2575	  5,1480000000e+03	 -1,24655e-02	 -3,74874e-02
2576	  5,1500000000e+03	 -1,52229e-02	 -3,86542e-02
2577	  5,1520000000e+03	 -1,50765e-02	 -3,49536e-02
2578	  5,1540000000e+03	 -1,42565e-02	 -3,49761e-02
2579	  5,1560000000e+03	 -1,49772e-02	 -3,69485e-02
2580	  5,1580000000e+03	 -1,38949e-02	 -3,79093e-02
2581	  5,1600000000e+03	 -1,33877e-02	 -4,11747e-02
2582	  5,1620000000e+03	 -1,36207e-02	 -3,63597e-02
2583	  5,1640000000e+03	 -1,19727e-02	 -3,61497e-02
2584	  5,1660000000e+03	 -1,26388e-02	 -3,71953e-02
2585	  5,1680000000e+03	 -1,40436e-02	 -3,78003e-02
2586	  5,1700000000e+03	 -1,67347e-02	 -3,73741e-02
2587	  5,1720000000e+03	 -1,69807e-02	 -3,74009e-02
2588	  5,1740000000e+03	 -1,76614e-02	 -3,38324e-02
2589	  5,1760000000e+03	 -2,15848e-02	 -3,57989e-02
2590	  5,1780000000e+03	 -2,28387e-02	 -3,75861e-02
2591	  5,1800000000e+03	 -1,87076e-02	 -3,59298e-02
2592	  5,1820000000e+03	 -1,65819e-02	 -3,52505e-02
2593	  5,1840000000e+03	 -1,76482e-02	 -3,63997e-02
2594	  5,1860000000e+03	 -1,61751e-02	 -3,98027e-02
2595	  5,1880000000e+03	 -1,55302e-02	 -3,93904e-02
2596	  5,1900000000e+03	 -1,84435e-02	 -3,41722e-02
2597	  5,1920000000e+03	 -2,14144e-02	 -3,28756e-02
2598	  5,1940000000e+03	 -1,93571e-02	 -3,40961e-02
2599	  5,1960000000e+03	 -1,98928e-02	 -3,49062e-02
2600	  5,1980000000e+03	 -2,21592e-02	 -3,26731e-02
2601	  5,2000000000e+03	 -2,35022e-02	 -3,38266e-02
2602	  5,2020000000e+03	 -2,36538e-02	 -3,51208e-02
2603	  5,2040000000e+03	 -2,47486e-02	 -3,73318e-02
2604	  5,2060000000e+03	 -2,27231e-02	 -3,55712e-02
2605	  5,2080000000e+03	 -1,82454e-02	 -3,45478e-02
2606	  5,2100000000e+03	 -2,10552e-02	 -3,52784e-02
2607	  5,2120000000e+03	 -2,19456e-02	 -3,27391e-02
2608	  5,2140000000e+03	 -2,05281e-02	 -3,27662e-02
2609	  5,2160000000e+03	 -2,25467e-02	 -3,74963e-02
2610	  5,2180000000e+03	 -2,18314e-02	 -3,83434e-02
2611	  5,2200000000e+03	 -2,06067e-02	 -3,34360e-02
2612	  5,2220000000e+03	 -2,15351e-02	 -3,28040e-02
2613	  5,2240000000e+03	 -2,01587e-02	 -3,37491e-02
2614	  5,2260000000e+03	 -1,90651e-02	 -3,27952e-02
2615	  5,2280000000e+03	 -2,18225e-02	 -3,31629e-02
2616	  5,2300000000e+03	 -2,28997e-02	 -3,36914e-02
2617	  5,2320000000e+03	 -2,23968e-02	 -3,56364e-02
2618	  5,2340000000e+03	 -2,07021e-02	 -3,62466e-02
2619	  5,2360000000e+03	 -2,00645e-02	 -3,55046e-02
2620	  5,2380000000e+03	 -2,35059e-02	 -3,56102e-02
2621	  5,2400000000e+03	 -2,24206e-02	 -3,63602e-02
2622	  5,2420000000e+03	 -2,18264e-02	 -3,43404e-02
2623	  5,2440000000e+03	 -2,23238e-02	 -3,41328e-02
2624	  5,2460000000e+03	 -2,42718e-02	 -3,87150e-02
2625	  5,2480000000e+03	 -2,41192e-02	 -3,94901e-02
2626	  5,2500000000e+03	 -2,53351e-02	 -3,81085e-02
2627	  5,2520000000e+03	 -2,75225e-02	 -3,67860e-02
2628	  5,2540000000e+03	 -2,73589e-02	 -3,82338e-02
2629	  5,2560000000e+03	 -2,80476e-02	 -3,86393e-02
2630	  5,2580000000e+03	 -2,66046e-02	 -3,52392e-02
2631	  5,2600000000e+03	 -2,45620e-02	 -3,68494e-02
2632	  5,2620000000e+03	 -2,55530e-02	 -4,05624e-02
2633	  5,2640000000e+03	 -2,87840e-02	 -4,24961e-02
2634	  5,2660000000e+03	 -2,96514e-02	 -4,25901e-02
2635	  5,2680000000e+03	 -3,25560e-02	 -3,94296e-02
2636	  5,2700000000e+03	 -3,40605e-02	 -3,75816e-02
2637	  5,2720000000e+03	 -3,51973e-02	 -4,02827e-02
2638	  5,2740000000e+03	 -3,30193e-02	 -3,74045e-02
2639	  5,2760000000e+03	 -3,18323e-02	 -3,81691e-02
2640	  5,2780000000e+03	 -3,44324e-02	 -3,72565e-02
2641	  5,2800000000e+03	 -3,48718e-02	 -3,89447e-02
2642	  5,2820000000e+03	 -3,45919e-02	 -4,02919e-02
2643	  5,2840000000e+03	 -3,50828e-02	 -3,90731e-02
2644	  5,2860000000e+03	 -3,46190e-02	 -3,85286e-02
2645	  5,2880000000e+03	 -4,12310e-02	 -4,11632e-02
2646	  5,2900000000e+03	 -4,14983e-02	 -3,77265e-02
2647	  5,2920000000e+03	 -3,83942e-02	 -3,81592e-02
2648	  5,2940000000e+03	 -3,96306e-02	 -3,95330e-02
2649	  5,2960000000e+03	 -4,09320e-02	 -3,94952e-02
2650	  5,2980000000e+03	 -3,99146e-02	 -3,64398e-02
2651	  5,3000000000e+03	 -4,27034e-02	 -3,27943e-02
2652	  5,3020000000e+03	 -4,67316e-02	 -3,44398e-02
2653	  5,3040000000e+03	 -4,58607e-02	 -3,60092e-02
2654	  5,3060000000e+03	 -4,55117e-02	 -3,67733e-02
2655	  5,3080000000e+03	 -4,66718e-02	 -3,46916e-02
2656	  5,3100000000e+03	 -4,54043e-02	 -3,31382e-02
2657	  5,3120000000e+03	 -4,68997e-02	 -3,14508e-02
2658	  5,3140000000e+03	 -4,86931e-02	 -3,39652e-02
2659	  5,3160000000e+03	 -4,90724e-02	 -3,19105e-02
2660	  5,3180000000e+03	 -4,69155e-02	 -2,97928e-02
2661	  5,3200000000e+03	 -4,71006e-02	 -3,19480e-02
2662	  5,3220000000e+03	 -4,95751e-02	 -3,24156e-02
2663	  5,3240000000e+03	 -4,89980e-02	 -3,02682e-02
2664	  5,3260000000e+03	 -4,83734e-02	 -3,03600e-02
2665	  5,3280000000e+03	 -4,94784e-02	 -3,03926e-02
2666	  5,3300000000e+03	 -5,05983e-02	 -3,00520e-02
2667	  5,3320000000e+03	 -5,27915e-02	 -2,75474e-02
2668	  5,3340000000e+03	 -4,82459e-02	 -2,58171e-02
2669	  5,3360000000e+03	 -4,93077e-02	 -2,57842e-02
2670	  5,3380000000e+03	 -5,13166e-02	 -2,69473e-02
2671	  5,3400000000e+03	 -5,14982e-02	 -2,66366e-02
2672	  5,3420000000e+03	 -5,08869e-02	 -2,47269e-02
2673	  5,3440000000e+03	 -5,07040e-02	 -2,59528e-02
2674	  5,3460000000e+03	 -5,36264e-02	 -2,65574e-02
2675	  5,3480000000e+03	 -5,49781e-02	 -2,58155e-02
2676	  5,3500000000e+03	 -5,42080e-02	 -2,55943e-02
2677	  5,3520000000e+03	 -5,26530e-02	 -2,36426e-02
2678	  5,3540000000e+03	 -5,29307e-02	 -2,22993e-02
2679	  5,3560000000e+03	 -5,51435e-02	 -2,37784e-02
2680	  5,3580000000e+03	 -5,78682e-02	 -2,47039e-02
2681	  5,3600000000e+03	 -5,59022e-02	 -2,17990e-02
2682	  5,3620000000e+03	 -5,53384e-02	 -1,84210e-02
2683	  5,3640000000e+03	 -5,76665e-02	 -1,73162e-02
2684	  5,3660000000e+03	 -6,25108e-02	 -1,83052e-02
2685	  5,3680000000e+03	 -6,12398e-02	 -1,70841e-02
2686	  5,3700000000e+03	 -5,96819e-02	 -1,86005e-02
2687	  5,3720000000e+03	 -5,93217e-02	 -1,78640e-02
2688	  5,3740000000e+03	 -5,74094e-02	 -1,42210e-02
2689	  5,3760000000e+03	 -5,95931e-02	 -1,27944e-02
2690	  5,3780000000e+03	 -5,80874e-02	 -1,68802e-02
2691	  5,3800000000e+03	 -6,00287e-02	 -1,57326e-02
2692	  5,3820000000e+03	 -6,07933e-02	 -1,56437e-02
2693	  5,3840000000e+03	 -5,99320e-02	 -1,16543e-02
2694	  5,3860000000e+03	 -5,90818e-02	 -9,48142e-03
2695	  5,3880000000e+03	 -6,17771e-02	 -9,29394e-03
2696	  5,3900000000e+03	 -6,25284e-02	 -1,04537e-02
2697	  5,3920000000e+03	 -6,35918e-02	 -1,13207e-02
2698	  5,3940000000e+03	 -6,46522e-02	 -1,08090e-02
2699	  5,3960000000e+03	 -6,44602e-02	 -1,13075e-02
2700	  5,3980000000e+03	 -6,39725e-02	 -9,98136e-03
2701	  5,4000000000e+03	 -6,26018e-02	 -7,64247e-03
2702	  5,4020000000e+03	 -6,33896e-02	 -7,49460e-03
2703	  5,4040000000e+03	 -6,32733e-02	 -7,38164e-03
2704	  5,4060000000e+03	 -6,48649e-02	 -7,66507e-03
2705	  5,4080000000e+03	 -6,82409e-02	 -6,38617e-03
2706	  5,4100000000e+03	 -6,92788e-02	 -6,12602e-03
2707	  5,4120000000e+03	 -6,80696e-02	 -3,71851e-03
2708	  5,4140000000e+03	 -6,63080e-02	 -8,90112e-04
2709	  5,4160000000e+03	 -6,60215e-02	 -7,75532e-04
2710	  5,4180000000e+03	 -6,56625e-02	 -4,55614e-03
2711	  5,4200000000e+03	 -6,69190e-02	 -4,76729e-03
2712	  5,4220000000e+03	 -6,78102e-02	 -4,93170e-03
2713	  5,4240000000e+03	 -6,97863e-02	 -4,65888e-03
2714	  5,4260000000e+03	 -6,82322e-02	 -3,04348e-03
2715	  5,4280000000e+03	 -6,73869e-02	 -5,06694e-04
2716	  5,4300000000e+03	 -6,63358e-02	  2,26344e-03
2717	  5,4320000000e+03	 -6,53159e-02	  4,59841e-03
2718	  5,4340000000e+03	 -6,80825e-02	  5,24227e-03
2719	  5,4360000000e+03	 -6,79004e-02	  5,06660e-03
2720	  5,4380000000e+03	 -6,67012e-02	  4,27678e-03
2721	  5,4400000000e+03	 -6,62299e-02	  1,03844e-02
2722	  5,4420000000e+03	 -6,58981e-02	  1,09773e-02
2723	  5,4440000000e+03	 -6,85522e-02	  1,24037e-02
2724	  5,4460000000e+03	 -6,68263e-02	  1,25250e-02
2725	  5,4480000000e+03	 -6,55947e-02	  1,18937e-02
2726	  5,4500000000e+03	 -6,87479e-02	  1,49354e-02
2727	  5,4520000000e+03	 -6,56552e-02	  1,32491e-02
2728	  5,4540000000e+03	 -6,59216e-02	  1,22198e-02
2729	  5,4560000000e+03	 -6,68362e-02	  1,42037e-02
2730	  5,4580000000e+03	 -6,66536e-02	  1,43738e-02
2731	  5,4600000000e+03	 -6,62181e-02	  1,48978e-02
2732	  5,4620000000e+03	 -6,17664e-02	  1,96302e-02
2733	  5,4640000000e+03	 -6,20705e-02	  2,02413e-02
2734	  5,4660000000e+03	 -6,44500e-02	  2,01265e-02
2735	  5,4680000000e+03	 -6,41802e-02	  1,83621e-02
2736	  5,4700000000e+03	 -6,07090e-02	  1,81487e-02
2737	  5,4720000000e+03	 -5,95053e-02	  1,79574e-02
2738	  5,4740000000e+03	 -6,24576e-02	  1,97425e-02
2739	  5,4760000000e+03	 -6,12666e-02	  1,83125e-02
2740	  5,4780000000e+03	 -6,39550e-02	  2,03061e-02
2741	  5,4800000000e+03	 -6,59991e-02	  2,17755e-02
2742	  5,4820000000e+03	 -6,44502e-02	  2,29864e-02
2743	  5,4840000000e+03	 -6,42330e-02	  1,98373e-02
2744	  5,4860000000e+03	 -6,45170e-02	  1,96289e-02
2745	  5,4880000000e+03	 -6,22351e-02	  2,27545e-02
2746	  5,4900000000e+03	 -6,21896e-02	  2,56543e-02
2747	  5,4920000000e+03	 -6,73705e-02	  2,62206e-02
2748	  5,4940000000e+03	 -6,85682e-02	  2,71015e-02
2749	  5,4960000000e+03	 -6,80071e-02	  2,97636e-02
2750	  5,4980000000e+03	 -6,58118e-02	  2,99750e-02
2751	  5,5000000000e+03	 -6,45954e-02	  3,06943e-02
2752	  5,5020000000e+03	 -6,64888e-02	  3,14537e-02
2753	  5,5040000000e+03	 -6,30213e-02	  3,12126e-02
2754	  5,5060000000e+03	 -5,98481e-02	  3,08134e-02
2755	  5,5080000000e+03	 -6,23272e-02	  3,34813e-02
2756	  5,5100000000e+03	 -5,95400e-02	  3,11130e-02
2757	  5,5120000000e+03	 -5,79798e-02	  3,11530e-02
2758	  5,5140000000e+03	 -5,95347e-02	  3,10277e-02
2759	  5,5160000000e+03	 -6,17974e-02	  3,23439e-02
2760	  5,5180000000e+03	 -6,44377e-02	  3,42241e-02
2761	  5,5200000000e+03	 -6,17256e-02	  3,72598e-02
2762	  5,5220000000e+03	 -5,83718e-02	  3,67996e-02
2763	  5,5240000000e+03	 -5,80933e-02	  3,74648e-02
2764	  5,5260000000e+03	 -6,28799e-02	  3,63026e-02
2765	  5,5280000000e+03	 -6,11477e-02	  3,71860e-02
2766	  5,5300000000e+03	 -5,72927e-02	  3,83679e-02
2767	  5,5320000000e+03	 -5,72412e-02	  4,05282e-02
2768	  5,5340000000e+03	 -5,61280e-02	  4,23008e-02
2769	  5,5360000000e+03	 -5,45111e-02	  4,26550e-02
2770	  5,5380000000e+03	 -5,57231e-02	  4,18532e-02
2771	  5,5400000000e+03	 -5,35984e-02	  4,33578e-02
2772	  5,5420000000e+03	 -5,50458e-02	  4,23685e-02
2773	  5,5440000000e+03	 -5,63083e-02	  4,43960e-02
2774	  5,5460000000e+03	 -5,39705e-02	  4,37025e-02
2775	  5,5480000000e+03	 -5,56855e-02	  4,38271e-02
2776	  5,5500000000e+03	 -5,53775e-02	  4,44841e-02
2777	  5,5520000000e+03	 -5,25001e-02	  4,46307e-02
2778	  5,5540000000e+03	 -5,54280e-02	  4,51258e-02
2779	  5,5560000000e+03	 -5,58780e-02	  4,69299e-02
2780	  5,5580000000e+03	 -5,21417e-02	  4,94272e-02
2781	  5,5600000000e+03	 -5,15780e-02	  5,24615e-02
2782	  5,5620000000e+03	 -5,00862e-02	  4,87247e-02
2783	  5,5640000000e+03	 -5,04355e-02	  4,76694e-02
2784	  5,5660000000e+03	 -5,07648e-02	  4,79230e-02
2785	  5,5680000000e+03	 -5,22608e-02	  5,07199e-02
2786	  5,5700000000e+03	 -5,23002e-02	  5,15812e-02
2787	  5,5720000000e+03	 -5,13708e-02	  5,01436e-02
2788	  5,5740000000e+03	 -4,85826e-02	  4,82335e-02
2789	  5,5760000000e+03	 -4,60462e-02	  5,07017e-02
2790	  5,5780000000e+03	 -4,61741e-02	  5,24581e-02
2791	  5,5800000000e+03	 -4,37239e-02	  5,03690e-02
2792	  5,5820000000e+03	 -3,97456e-02	  5,46094e-02
2793	  5,5840000000e+03	 -4,37609e-02	  5,74743e-02
2794	  5,5860000000e+03	 -4,61117e-02	  5,69288e-02
2795	  5,5880000000e+03	 -4,35775e-02	  5,64720e-02
2796	  5,5900000000e+03	 -4,43713e-02	  5,19535e-02
2797	  5,5920000000e+03	 -4,45081e-02	  5,29342e-02
2798	  5,5940000000e+03	 -4,63194e-02	  5,68057e-02
2799	  5,5960000000e+03	 -4,44510e-02	  5,84108e-02
2800	  5,5980000000e+03	 -4,21156e-02	  5,91308e-02
2801	  5,6000000000e+03	 -4,40568e-02	  5,96228e-02
2802	  5,6020000000e+03	 -4,24242e-02	  5,56755e-02
2803	  5,6040000000e+03	 -4,18401e-02	  5,57117e-02
2804	  5,6060000000e+03	 -4,36293e-02	  5,79956e-02
2805	  5,6080000000e+03	 -4,35631e-02	  5,88054e-02
2806	  5,6100000000e+03	 -4,31417e-02	  5,74572e-02
2807	  5,6120000000e+03	 -3,92184e-02	  6,22885e-02
2808	  5,6140000000e+03	 -4,03746e-02	  6,40474e-02
2809	  5,6160000000e+03	 -4,03785e-02	  6,36001e-02
2810	  5,6180000000e+03	 -3,85483e-02	  6,00147e-02
2811	  5,6200000000e+03	 -4,02037e-02	  6,17668e-02
2812	  5,6220000000e+03	 -3,76361e-02	  6,44484e-02
2813	  5,6240000000e+03	 -3,70089e-02	  6,43928e-02
2814	  5,6260000000e+03	 -3,86315e-02	  6,32445e-02
2815	  5,6280000000e+03	 -3,83233e-02	  6,71840e-02
2816	  5,6300000000e+03	 -3,79920e-02	  6,90854e-02
2817	  5,6320000000e+03	 -3,52584e-02	  7,08322e-02
2818	  5,6340000000e+03	 -3,52690e-02	  6,73563e-02
2819	  5,6360000000e+03	 -3,42080e-02	  6,66208e-02
2820	  5,6380000000e+03	 -3,40643e-02	  6,74096e-02
2821	  5,6400000000e+03	 -3,39295e-02	  6,74867e-02
2822	  5,6420000000e+03	 -3,37539e-02	  6,64849e-02
2823	  5,6440000000e+03	 -3,32872e-02	  6,51805e-02
2824	  5,6460000000e+03	 -3,10150e-02	  6,84903e-02
2825	  5,6480000000e+03	 -3,01594e-02	  6,77828e-02
2826	  5,6500000000e+03	 -3,18515e-02	  6,82502e-02
2827	  5,6520000000e+03	 -3,21420e-02	  7,17796e-02
2828	  5,6540000000e+03	 -3,12845e-02	  7,61938e-02
2829	  5,6560000000e+03	 -2,76135e-02	  7,33421e-02
2830	  5,6580000000e+03	 -2,46735e-02	  7,28899e-02
2831	  5,6600000000e+03	 -2,61513e-02	  7,41486e-02
2832	  5,6620000000e+03	 -2,30892e-02	  7,61534e-02
2833	  5,6640000000e+03	 -2,46670e-02	  7,14098e-02
2834	  5,6660000000e+03	 -2,45787e-02	  7,29382e-02
2835	  5,6680000000e+03	 -2,39185e-02	  7,84181e-02
2836	  5,6700000000e+03	 -2,34507e-02	  7,78988e-02
2837	  5,6720000000e+03	 -2,36349e-02	  7,67383e-02
2838	  5,6740000000e+03	 -2,15829e-02	  7,49890e-02
2839	  5,6760000000e+03	 -2,00997e-02	  7,50307e-02
2840	  5,6780000000e+03	 -1,93992e-02	  7,43924e-02
2841	  5,6800000000e+03	 -2,15971e-02	  7,64749e-02
2842	  5,6820000000e+03	 -2,58343e-02	  7,92939e-02
2843	  5,6840000000e+03	 -2,06500e-02	  8,20518e-02
2844	  5,6860000000e+03	 -1,96976e-02	  8,15076e-02
2845	  5,6880000000e+03	 -2,34400e-02	  8,05978e-02
2846	  5,6900000000e+03	 -2,15266e-02	  7,94551e-02
2847	  5,6920000000e+03	 -1,83196e-02	  8,25189e-02
2848	  5,6940000000e+03	 -1,73079e-02	  8,50902e-02
2849	  5,6960000000e+03	 -1,55260e-02	  8,43306e-02
2850	  5,6980000000e+03	 -1,02159e-02	  8,48734e-02
2851	  5,7000000000e+03	 -8,49117e-03	  8,44122e-02
2852	  5,7020000000e+03	 -1,07012e-02	  8,52916e-02
2853	  5,7040000000e+03	 -1,01904e-02	  8,69642e-02
2854	  5,7060000000e+03	 -5,44785e-03	  8,56045e-02
2855	  5,7080000000e+03	 -3,29986e-03	  8,75231e-02
2856	  5,7100000000e+03	 -3,88432e-03	  8,98465e-02
2857	  5,7120000000e+03	 -3,32468e-03	  9,08495e-02
2858	  5,7140000000e+03	 -2,87282e-03	  8,76399e-02
2859	  5,7160000000e+03	 -1,12582e-03	  8,90800e-02
2860	  5,7180000000e+03	 -1,36953e-03	  8,88052e-02
2861	  5,7200000000e+03	 -2,80251e-03	  8,83984e-02
2862	  5,7220000000e+03	  4,09065e-03	  8,67167e-02
2863	  5,7240000000e+03	  3,48800e-03	  8,65109e-02
2864	  5,7260000000e+03	  2,62653e-03	  8,61810e-02
2865	  5,7280000000e+03	  3,58600e-03	  8,21284e-02
2866	  5,7300000000e+03	  7,12206e-03	  8,58439e-02
2867	  5,7320000000e+03	  6,53296e-03	  8,73848e-02
2868	  5,7340000000e+03	  5,43830e-03	  8,80654e-02
2869	  5,7360000000e+03	  7,60883e-03	  8,96476e-02
2870	  5,7380000000e+03	  1,11237e-02	  8,97499e-02
2871	  5,7400000000e+03	  7,55991e-03	  8,92847e-02
2872	  5,7420000000e+03	  1,27978e-02	  8,98744e-02
2873	  5,7440000000e+03	  1,32742e-02	  9,15275e-02
2874	  5,7460000000e+03	  1,28893e-02	  9,08219e-02
2875	  5,7480000000e+03	  1,37607e-02	  8,95367e-02
2876	  5,7500000000e+03	  1,71868e-02	  8,83041e-02
2877	  5,7520000000e+03	  1,74148e-02	  8,79352e-02
2878	  5,7540000000e+03	  1,70822e-02	  8,79318e-02
2879	  5,7560000000e+03	  1,85132e-02	  8,99868e-02
2880	  5,7580000000e+03	  1,94742e-02	  9,01280e-02
2881	  5,7600000000e+03	  2,00811e-02	  8,72067e-02
2882	  5,7620000000e+03	  2,08447e-02	  8,84323e-02
2883	  5,7640000000e+03	  1,97517e-02	  8,99290e-02
2884	  5,7660000000e+03	  2,02691e-02	  8,95317e-02
2885	  5,7680000000e+03	  2,76108e-02	  8,89924e-02
2886	  5,7700000000e+03	  2,56230e-02	  8,91702e-02
2887	  5,7720000000e+03	  2,75374e-02	  9,10332e-02
2888	  5,7740000000e+03	  2,99254e-02	  8,87745e-02
2889	  5,7760000000e+03	  3,35393e-02	  8,80083e-02
2890	  5,7780000000e+03	  3,37188e-02	  9,02273e-02
2891	  5,7800000000e+03	  3,39026e-02	  9,55917e-02
2892	  5,7820000000e+03	  3,74942e-02	  9,32029e-02
2893	  5,7840000000e+03	  3,83239e-02	  9,19218e-02
2894	  5,7860000000e+03	  3,74887e-02	  8,86269e-02
2895	  5,7880000000e+03	  3,85967e-02	  8,93233e-02
2896	  5,7900000000e+03	  4,06687e-02	  8,77492e-02
2897	  5,7920000000e+03	  3,82425e-02	  8,62695e-02
2898	  5,7940000000e+03	  4,00227e-02	  8,69993e-02
2899	  5,7960000000e+03	  4,30133e-02	  8,60677e-02
2900	  5,7980000000e+03	  4,47966e-02	  8,63345e-02
2901	  5,8000000000e+03	  4,54393e-02	  8,83449e-02
2902	  5,8020000000e+03	  4,66534e-02	  8,81055e-02
2903	  5,8040000000e+03	  4,63267e-02	  8,83083e-02
2904	  5,8060000000e+03	  4,73331e-02	  8,75026e-02
2905	  5,8080000000e+03	  5,11080e-02	  8,64620e-02
2906	  5,8100000000e+03	  5,39985e-02	  8,50865e-02
2907	  5,8120000000e+03	  5,74974e-02	  8,27450e-02
2908	  5,8140000000e+03	  5,72710e-02	  8,16502e-02
2909	  5,8160000000e+03	  5,83963e-02	  8,44059e-02
2910	  5,8180000000e+03	  5,95466e-02	  8,46624e-02
2911	  5,8200000000e+03	  6,00919e-02	  8,23248e-02
2912	  5,8220000000e+03	  6,10460e-02	  7,92740e-02
2913	  5,8240000000e+03	  6,30124e-02	  7,86534e-02
2914	  5,8260000000e+03	  6,45300e-02	  7,98942e-02
2915	  5,8280000000e+03	  6,75904e-02	  7,81725e-02
2916	  5,8300000000e+03	  6,99252e-02	  7,46801e-02
2917	  5,8320000000e+03	  6,89285e-02	  7,37866e-02
2918	  5,8340000000e+03	  7,24115e-02	  7,40275e-02
2919	  5,8360000000e+03	  7,10268e-02	  7,40077e-02
2920	  5,8380000000e+03	  7,05408e-02	  7,35357e-02
2921	  5,8400000000e+03	  7,06572e-02	  7,51722e-02
2922	  5,8420000000e+03	  7,27990e-02	  7,35396e-02
2923	  5,8440000000e+03	  7,49862e-02	  6,74470e-02
2924	  5,8460000000e+03	  7,45331e-02	  6,50120e-02
2925	  5,8480000000e+03	  7,77250e-02	  6,62964e-02
2926	  5,8500000000e+03	  7,83730e-02	  6,31739e-02
2927	  5,8520000000e+03	  7,52504e-02	  6,10462e-02
2928	  5,8540000000e+03	  7,88004e-02	  6,04634e-02
2929	  5,8560000000e+03	  7,91369e-02	  5,96064e-02
2930	  5,8580000000e+03	  8,07608e-02	  5,78787e-02
2931	  5,8600000000e+03	  8,16773e-02	  5,55701e-02
2932	  5,8620000000e+03	  8,27900e-02	  5,52776e-02
2933	  5,8640000000e+03	  7,83690e-02	  5,55428e-02
2934	  5,8660000000e+03	  7,94527e-02	  5,81589e-02
2935	  5,8680000000e+03	  8,29006e-02	  5,83186e-02
2936	  5,8700000000e+03	  8,37708e-02	  5,56626e-02
2937	  5,8720000000e+03	  8,68381e-02	  5,36386e-02
2938	  5,8740000000e+03	  8,83060e-02	  5,31644e-02
2939	  5,8760000000e+03	  8,93679e-02	  5,24336e-02
2940	  5,8780000000e+03	  9,02548e-02	  5,12946e-02
2941	  5,8800000000e+03	  8,64062e-02	  4,78841e-02
2942	  5,8820000000e+03	  8,60585e-02	  4,76471e-02
2943	  5,8840000000e+03	  8,99518e-02	  4,56366e-02
2944	  5,8860000000e+03	  8,85542e-02	  4,11741e-02
2945	  5,8880000000e+03	  8,87639e-02	  4,09005e-02
2946	  5,8900000000e+03	  9,29565e-02	  4,12039e-02
2947	  5,8920000000e+03	  9,49161e-02	  3,79317e-02
2948	  5,8940000000e+03	  8,94665e-02	  3,53161e-02
2949	  5,8960000000e+03	  8,64834e-02	  3,58712e-02
2950	  5,8980000000e+03	  8,75032e-02	  3,42941e-02
2951	  5,9000000000e+03	  9,10141e-02	  3,24022e-02
2952	  5,9020000000e+03	  9,38143e-02	  2,99219e-02
2953	  5,9040000000e+03	  9,30920e-02	  2,81919e-02
2954	  5,9060000000e+03	  9,29701e-02	  2,75268e-02
2955	  5,9080000000e+03	  9,17998e-02	  2,53760e-02
2956	  5,9100000000e+03	  9,19494e-02	  2,63758e-02
2957	  5,9120000000e+03	  9,06430e-02	  2,35329e-02
2958	  5,9140000000e+03	  8,87960e-02	  2,48784e-02
2959	  5,9160000000e+03	  9,08646e-02	  2,45172e-02
2960	  5,9180000000e+03	  8,97816e-02	  2,57579e-02
2961	  5,9200000000e+03	  9,02236e-02	  2,28088e-02
2962	  5,9220000000e+03	  9,28689e-02	  2,20425e-02
2963	  5,9240000000e+03	  9,23505e-02	  2,17794e-02
2964	  5,9260000000e+03	  9,25032e-02	  1,99165e-02
2965	  5,9280000000e+03	  9,48510e-02	  1,81543e-02
2966	  5,9300000000e+03	  9,31000e-02	  1,76124e-02
2967	  5,9320000000e+03	  9,22281e-02	  1,76564e-02
2968	  5,9340000000e+03	  8,73323e-02	  1,77358e-02
2969	  5,9360000000e+03	  8,97438e-02	  1,49781e-02
2970	  5,9380000000e+03	  9,05576e-02	  1,35063e-02
2971	  5,9400000000e+03	  9,30616e-02	  1,56703e-02
2972	  5,9420000000e+03	  9,31266e-02	  1,46222e-02
2973	  5,9440000000e+03	  9,16440e-02	  1,02236e-02
2974	  5,9460000000e+03	  9,24557e-02	  9,27086e-03
2975	  5,9480000000e+03	  9,14660e-02	  1,03638e-02
2976	  5,9500000000e+03	  9,34697e-02	  9,00234e-03
2977	  5,9520000000e+03	  9,85845e-02	  6,44661e-03
2978	  5,9540000000e+03	  9,65699e-02	  6,52767e-03
2979	  5,9560000000e+03	  9,62550e-02	  1,06923e-02
2980	  5,9580000000e+03	  9,76491e-02	  8,72261e-03
2981	  5,9600000000e+03	  9,46094e-02	  9,25126e-04
2982	  5,9620000000e+03	  9,12952e-02	 -3,70966e-03
2983	  5,9640000000e+03	  9,28301e-02	 -2,92528e-04
2984	  5,9660000000e+03	  9,41115e-02	 -2,58429e-03
2985	  5,9680000000e+03	  9,39123e-02	 -2,58417e-03
2986	  5,9700000000e+03	  9,55838e-02	 -8,18201e-04
2987	  5,9720000000e+03	  9,66139e-02	 -3,38987e-03
2988	  5,9740000000e+03	  9,25292e-02	 -2,46168e-03
2989	  5,9760000000e+03	  9,38901e-02	 -6,35754e-03
2990	  5,9780000000e+03	  9,32983e-02	 -6,47360e-03
2991	  5,9800000000e+03	  9,24186e-02	 -8,80723e-03
2992	  5,9820000000e+03	  9,59096e-02	 -7,94234e-03
2993	  5,9840000000e+03	  9,77168e-02	 -7,89586e-03
2994	  5,9860000000e+03	  9,65169e-02	 -1,24793e-02
2995	  5,9880000000e+03	  9,51711e-02	 -1,38732e-02
2996	  5,9900000000e+03	  9,50906e-02	 -1,59864e-02
2997	  5,9920000000e+03	  9,48932e-02	 -1,58981e-02
2998	  5,9940000000e+03	  9,34474e-02	 -1,65083e-02
2999	  5,9960000000e+03	  9,40210e-02	 -1,56433e-02
3000	  5,9980000000e+03	  9,26454e-02	 -1,92711e-02
3001	  6,0000000000e+03	  9,17641e-02	 -2,37920e-02
3002	  6,0020000000e+03	  9,12815e-02	 -2,29990e-02
3003	  6,0040000000e+03	  9,40140e-02	 -2,18073e-02
3004	  6,0060000000e+03	  9,52752e-02	 -2,58595e-02
3005	  6,0080000000e+03	  9,48962e-02	 -2,61279e-02
3006	  6,0100000000e+03	  9,26253e-02	 -2,49507e-02
3007	  6,0120000000e+03	  9,25335e-02	 -2,56139e-02
3008	  6,0140000000e+03	  9,15549e-02	 -2,58857e-02
3009	  6,0160000000e+03	  9,17375e-02	 -2,68217e-02
3010	  6,0180000000e+03	  8,85937e-02	 -3,29425e-02
3011	  6,0200000000e+03	  8,85482e-02	 -3,71481e-02
3012	  6,0220000000e+03	  9,08384e-02	 -3,41743e-02
3013	  6,0240000000e+03	  9,19714e-02	 -3,42590e-02
3014	  6,0260000000e+03	  8,92888e-02	 -3,63541e-02
3015	  6,0280000000e+03	  8,69326e-02	 -4,00280e-02
3016	  6,0300000000e+03	  8,50753e-02	 -4,18597e-02
3017	  6,0320000000e+03	  8,66856e-02	 -3,99658e-02
3018	  6,0340000000e+03	  8,71846e-02	 -3,92431e-02
3019	  6,0360000000e+03	  8,84365e-02	 -3,94049e-02
3020	  6,0380000000e+03	  8,61775e-02	 -4,04105e-02
3021	  6,0400000000e+03	  8,48121e-02	 -4,23261e-02
3022	  6,0420000000e+03	  8,47211e-02	 -4,28625e-02
3023	  6,0440000000e+03	  8,68944e-02	 -4,27690e-02
3024	  6,0460000000e+03	  8,30887e-02	 -4,47598e-02
3025	  6,0480000000e+03	  8,31127e-02	 -4,72886e-02
3026	  6,0500000000e+03	  8,43702e-02	 -4,93066e-02
3027	  6,0520000000e+03	  8,63440e-02	 -5,12632e-02
3028	  6,0540000000e+03	  8,67435e-02	 -5,16795e-02
3029	  6,0560000000e+03	  8,51783e-02	 -5,38055e-02
3030	  6,0580000000e+03	  8,20218e-02	 -5,52500e-02
3031	  6,0600000000e+03	  8,06249e-02	 -5,62872e-02
3032	  6,0620000000e+03	  8,07007e-02	 -5,49855e-02
3033	  6,0640000000e+03	  8,13264e-02	 -5,58069e-02
3034	  6,0660000000e+03	  8,02630e-02	 -5,72741e-02
3035	  6,0680000000e+03	  7,49392e-02	 -6,34134e-02
3036	  6,0700000000e+03	  7,46967e-02	 -6,20939e-02
3037	  6,0720000000e+03	  7,69110e-02	 -5,99058e-02
3038	  6,0740000000e+03	  7,53260e-02	 -6,09825e-02
3039	  6,0760000000e+03	  7,26605e-02	 -6,17111e-02
3040	  6,0780000000e+03	  7,13853e-02	 -6,37561e-02
3041	  6,0800000000e+03	  7,05217e-02	 -6,36983e-02
3042	  6,0820000000e+03	  6,79009e-02	 -6,77017e-02
3043	  6,0840000000e+03	  6,91043e-02	 -6,75511e-02
3044	  6,0860000000e+03	  6,58070e-02	 -7,04970e-02
3045	  6,0880000000e+03	  6,50320e-02	 -7,42895e-02
3046	  6,0900000000e+03	  6,71773e-02	 -7,33303e-02
3047	  6,0920000000e+03	  6,51105e-02	 -7,04772e-02
3048	  6,0940000000e+03	  6,41992e-02	 -7,03143e-02
3049	  6,0960000000e+03	  6,27328e-02	 -7,03283e-02
3050	  6,0980000000e+03	  5,97152e-02	 -6,87360e-02
3051	  6,1000000000e+03	  6,02314e-02	 -7,05461e-02
3052	  6,1020000000e+03	  5,83979e-02	 -7,22337e-02
3053	  6,1040000000e+03	  5,89037e-02	 -7,62649e-02
3054	  6,1060000000e+03	  5,93971e-02	 -7,51999e-02
3055	  6,1080000000e+03	  5,57323e-02	 -7,35228e-02
3056	  6,1100000000e+03	  5,31437e-02	 -7,60186e-02
3057	  6,1120000000e+03	  5,12494e-02	 -7,85071e-02
3058	  6,1140000000e+03	  4,84665e-02	 -7,92897e-02
3059	  6,1160000000e+03	  4,83281e-02	 -7,79759e-02
3060	  6,1180000000e+03	  4,87748e-02	 -7,93488e-02
3061	  6,1200000000e+03	  4,90955e-02	 -7,73320e-02
3062	  6,1220000000e+03	  4,50741e-02	 -7,69049e-02
3063	  6,1240000000e+03	  4,56701e-02	 -7,88703e-02
3064	  6,1260000000e+03	  4,26613e-02	 -7,89053e-02
3065	  6,1280000000e+03	  4,40533e-02	 -8,18165e-02
3066	  6,1300000000e+03	  4,45678e-02	 -8,33003e-02
3067	  6,1320000000e+03	  4,07017e-02	 -8,03294e-02
3068	  6,1340000000e+03	  4,12717e-02	 -8,05870e-02
3069	  6,1360000000e+03	  4,00338e-02	 -8,61117e-02
3070	  6,1380000000e+03	  3,87710e-02	 -8,28731e-02
3071	  6,1400000000e+03	  3,74605e-02	 -8,29195e-02
3072	  6,1420000000e+03	  3,60918e-02	 -8,36822e-02
3073	  6,1440000000e+03	  3,71079e-02	 -8,09764e-02
3074	  6,1460000000e+03	  3,38733e-02	 -8,58700e-02
3075	  6,1480000000e+03	  3,38677e-02	 -8,62579e-02
3076	  6,1500000000e+03	  3,18439e-02	 -8,20890e-02
3077	  6,1520000000e+03	  2,83327e-02	 -8,14005e-02
3078	  6,1540000000e+03	  2,63545e-02	 -8,42454e-02
3079	  6,1560000000e+03	  2,66455e-02	 -8,01151e-02
3080	  6,1580000000e+03	  2,56000e-02	 -8,01117e-02
3081	  6,1600000000e+03	  2,29856e-02	 -8,02522e-02
3082	  6,1620000000e+03	  2,39207e-02	 -7,89235e-02
3083	  6,1640000000e+03	  2,64695e-02	 -7,94504e-02
3084	  6,1660000000e+03	  2,67468e-02	 -7,90812e-02
3085	  6,1680000000e+03	  2,56692e-02	 -7,87259e-02
3086	  6,1700000000e+03	  2,38828e-02	 -7,98119e-02
3087	  6,1720000000e+03	  2,08130e-02	 -7,81244e-02
3088	  6,1740000000e+03	  2,01650e-02	 -7,96472e-02
3089	  6,1760000000e+03	  2,16038e-02	 -8,06784e-02
3090	  6,1780000000e+03	  2,41138e-02	 -7,93940e-02
3091	  6,1800000000e+03	  2,28026e-02	 -8,08980e-02
3092	  6,1820000000e+03	  2,05792e-02	 -8,09611e-02
3093	  6,1840000000e+03	  2,13356e-02	 -8,10941e-02
3094	  6,1860000000e+03	  2,15519e-02	 -8,18190e-02
3095	  6,1880000000e+03	  2,00084e-02	 -8,21896e-02
3096	  6,1900000000e+03	  1,83617e-02	 -8,35901e-02
3097	  6,1920000000e+03	  1,97734e-02	 -8,14686e-02
3098	  6,1940000000e+03	  1,86752e-02	 -8,61489e-02
3099	  6,1960000000e+03	  1,62396e-02	 -8,63605e-02
3100	  6,1980000000e+03	  1,20959e-02	 -8,50591e-02
3101	  6,2000000000e+03	  9,81349e-03	 -8,28250e-02
3102	  6,2020000000e+03	  8,75660e-03	 -8,64713e-02
3103	  6,2040000000e+03	  9,22239e-03	 -8,84393e-02
3104	  6,2060000000e+03	  6,42662e-03	 -8,91320e-02
3105	  6,2080000000e+03	  7,46503e-03	 -8,98073e-02
3106	  6,2100000000e+03	  7,06747e-03	 -8,78045e-02
3107	  6,2120000000e+03	  6,19341e-03	 -8,56321e-02
3108	  6,2140000000e+03	  8,09732e-03	 -8,65295e-02
3109	  6,2160000000e+03	  3,71704e-03	 -8,50525e-02
3110	  6,2180000000e+03	 -7,80612e-04	 -8,42346e-02
3111	  6,2200000000e+03	  2,08508e-04	 -8,67420e-02
3112	  6,2220000000e+03	 -9,68890e-04	 -8,98622e-02
3113	  6,2240000000e+03	 -5,40760e-03	 -8,76021e-02
3114	  6,2260000000e+03	 -5,51284e-03	 -8,53497e-02
3115	  6,2280000000e+03	 -3,46673e-03	 -8,51345e-02
3116	  6,2300000000e+03	 -6,04526e-03	 -8,48978e-02
3117	  6,2320000000e+03	 -8,24019e-03	 -8,91824e-02
3118	  6,2340000000e+03	 -9,44144e-03	 -9,05008e-02
3119	  6,2360000000e+03	 -9,95165e-03	 -9,19762e-02
3120	  6,2380000000e+03	 -1,43803e-02	 -8,93979e-02
3121	  6,2400000000e+03	 -1,50288e-02	 -8,85373e-02
3122	  6,2420000000e+03	 -1,24065e-02	 -8,90992e-02
3123	  6,2440000000e+03	 -1,29221e-02	 -8,73860e-02
3124	  6,2460000000e+03	 -1,64307e-02	 -8,60957e-02
3125	  6,2480000000e+03	 -1,61960e-02	 -8,53169e-02
3126	  6,2500000000e+03	 -1,52135e-02	 -8,57096e-02
3127	  6,2520000000e+03	 -1,82958e-02	 -8,38465e-02
3128	  6,2540000000e+03	 -1,80026e-02	 -8,21726e-02
3129	  6,2560000000e+03	 -2,17981e-02	 -8,41659e-02
3130	  6,2580000000e+03	 -2,30783e-02	 -8,42041e-02
3131	  6,2600000000e+03	 -2,53296e-02	 -8,18014e-02
3132	  6,2620000000e+03	 -2,45478e-02	 -8,00943e-02
3133	  6,2640000000e+03	 -2,45977e-02	 -7,84483e-02
3134	  6,2660000000e+03	 -2,53922e-02	 -7,87988e-02
3135	  6,2680000000e+03	 -2,90560e-02	 -8,19771e-02
3136	  6,2700000000e+03	 -3,31976e-02	 -8,00226e-02
3137	  6,2720000000e+03	 -3,39812e-02	 -7,49606e-02
3138	  6,2740000000e+03	 -3,34145e-02	 -7,21815e-02
3139	  6,2760000000e+03	 -3,02767e-02	 -7,56206e-02
3140	  6,2780000000e+03	 -3,11033e-02	 -7,51223e-02
3141	  6,2800000000e+03	 -3,72525e-02	 -7,54928e-02
3142	  6,2820000000e+03	 -3,77846e-02	 -7,52751e-02
3143	  6,2840000000e+03	 -3,43062e-02	 -7,53562e-02
3144	  6,2860000000e+03	 -3,48554e-02	 -7,34899e-02
3145	  6,2880000000e+03	 -3,73116e-02	 -7,52371e-02
3146	  6,2900000000e+03	 -3,94271e-02	 -7,26202e-02
3147	  6,2920000000e+03	 -4,14666e-02	 -6,92953e-02
3148	  6,2940000000e+03	 -4,28692e-02	 -6,98218e-02
3149	  6,2960000000e+03	 -4,33256e-02	 -7,03000e-02
3150	  6,2980000000e+03	 -4,42172e-02	 -6,78594e-02
3151	  6,3000000000e+03	 -4,64564e-02	 -6,87822e-02
3152	  6,3020000000e+03	 -4,69253e-02	 -6,65494e-02
3153	  6,3040000000e+03	 -4,60512e-02	 -6,67714e-02
3154	  6,3060000000e+03	 -4,69148e-02	 -6,78847e-02
3155	  6,3080000000e+03	 -4,65042e-02	 -6,51415e-02
3156	  6,3100000000e+03	 -4,67824e-02	 -6,51028e-02
3157	  6,3120000000e+03	 -4,63520e-02	 -6,39840e-02
3158	  6,3140000000e+03	 -4,70002e-02	 -6,09197e-02
3159	  6,3160000000e+03	 -4,83095e-02	 -6,07556e-02
3160	  6,3180000000e+03	 -5,10420e-02	 -5,96310e-02
3161	  6,3200000000e+03	 -5,33012e-02	 -5,90618e-02
3162	  6,3220000000e+03	 -5,16036e-02	 -5,82723e-02
3163	  6,3240000000e+03	 -5,16625e-02	 -5,94957e-02
3164	  6,3260000000e+03	 -5,25537e-02	 -5,71919e-02
3165	  6,3280000000e+03	 -5,58787e-02	 -5,78631e-02
3166	  6,3300000000e+03	 -5,31749e-02	 -6,22779e-02
3167	  6,3320000000e+03	 -5,16403e-02	 -6,21249e-02
3168	  6,3340000000e+03	 -4,96438e-02	 -5,72728e-02
3169	  6,3360000000e+03	 -5,27667e-02	 -5,94986e-02
3170	  6,3380000000e+03	 -5,39399e-02	 -5,55438e-02
3171	  6,3400000000e+03	 -5,68690e-02	 -5,38790e-02
3172	  6,3420000000e+03	 -5,77058e-02	 -5,26994e-02
3173	  6,3440000000e+03	 -5,62705e-02	 -5,07794e-02
3174	  6,3460000000e+03	 -5,47158e-02	 -4,97378e-02
3175	  6,3480000000e+03	 -5,78262e-02	 -5,02908e-02
3176	  6,3500000000e+03	 -6,11212e-02	 -5,09127e-02
3177	  6,3520000000e+03	 -5,87123e-02	 -5,07119e-02
3178	  6,3540000000e+03	 -5,88440e-02	 -5,13656e-02
3179	  6,3560000000e+03	 -5,94268e-02	 -4,44874e-02
3180	  6,3580000000e+03	 -6,07794e-02	 -4,55964e-02
3181	  6,3600000000e+03	 -6,06212e-02	 -4,74094e-02
3182	  6,3620000000e+03	 -5,81253e-02	 -4,38176e-02
3183	  6,3640000000e+03	 -6,12286e-02	 -4,38965e-02
3184	  6,3660000000e+03	 -6,14918e-02	 -4,53036e-02
3185	  6,3680000000e+03	 -6,18980e-02	 -4,62881e-02
3186	  6,3700000000e+03	 -6,63343e-02	 -4,36255e-02
3187	  6,3720000000e+03	 -6,85079e-02	 -4,06994e-02
3188	  6,3740000000e+03	 -6,67186e-02	 -3,85500e-02
3189	  6,3760000000e+03	 -6,18729e-02	 -3,60737e-02
3190	  6,3780000000e+03	 -6,26511e-02	 -3,40838e-02
3191	  6,3800000000e+03	 -6,55052e-02	 -3,12171e-02
3192	  6,3820000000e+03	 -6,64380e-02	 -3,03865e-02
3193	  6,3840000000e+03	 -6,69857e-02	 -3,27916e-02
3194	  6,3860000000e+03	 -6,77220e-02	 -3,48924e-02
3195	  6,3880000000e+03	 -6,73303e-02	 -3,35597e-02
3196	  6,3900000000e+03	 -6,78544e-02	 -3,20297e-02
3197	  6,3920000000e+03	 -6,45875e-02	 -3,21141e-02
3198	  6,3940000000e+03	 -6,50517e-02	 -2,92306e-02
3199	  6,3960000000e+03	 -6,57274e-02	 -3,10691e-02
3200	  6,3980000000e+03	 -6,77790e-02	 -2,85036e-02
3201	  6,4000000000e+03	 -6,54244e-02	 -2,65197e-02
3202	  6,4020000000e+03	 -6,60740e-02	 -2,43018e-02
3203	  6,4040000000e+03	 -6,49056e-02	 -2,42095e-02
3204	  6,4060000000e+03	 -6,63402e-02	 -2,17020e-02
3205	  6,4080000000e+03	 -6,70763e-02	 -2,15790e-02
3206	  6,4100000000e+03	 -6,27915e-02	 -2,32057e-02
3207	  6,4120000000e+03	 -6,54414e-02	 -1,97394e-02
3208	  6,4140000000e+03	 -6,65733e-02	 -1,95988e-02
3209	  6,4160000000e+03	 -6,89152e-02	 -2,15092e-02
3210	  6,4180000000e+03	 -6,92219e-02	 -1,71074e-02
3211	  6,4200000000e+03	 -6,78240e-02	 -1,29200e-02
3212	  6,4220000000e+03	 -6,50162e-02	 -1,19712e-02
3213	  6,4240000000e+03	 -6,63720e-02	 -1,25564e-02
3214	  6,4260000000e+03	 -6,70131e-02	 -1,07378e-02
3215	  6,4280000000e+03	 -6,64331e-02	 -1,19742e-02
3216	  6,4300000000e+03	 -6,47315e-02	 -1,16782e-02
3217	  6,4320000000e+03	 -6,67551e-02	 -8,37978e-03
3218	  6,4340000000e+03	 -6,82032e-02	 -1,07058e-02
3219	  6,4360000000e+03	 -6,88214e-02	 -1,16359e-02
3220	  6,4380000000e+03	 -6,35627e-02	 -1,04749e-02
3221	  6,4400000000e+03	 -6,31176e-02	 -1,11684e-02
3222	  6,4420000000e+03	 -6,36376e-02	 -1,12340e-02
3223	  6,4440000000e+03	 -6,41281e-02	 -1,28466e-02
3224	  6,4460000000e+03	 -6,48390e-02	 -9,73815e-03
3225	  6,4480000000e+03	 -6,32617e-02	 -7,80655e-03
3226	  6,4500000000e+03	 -6,46011e-02	 -9,49718e-03
3227	  6,4520000000e+03	 -6,38407e-02	 -7,36936e-03
3228	  6,4540000000e+03	 -5,98861e-02	 -2,76906e-03
3229	  6,4560000000e+03	 -6,08839e-02	 -3,27301e-03
3230	  6,4580000000e+03	 -6,27909e-02	 -5,45752e-03
3231	  6,4600000000e+03	 -6,15539e-02	 -1,38065e-03
3232	  6,4620000000e+03	 -6,31674e-02	 -1,91826e-03
3233	  6,4640000000e+03	 -6,29109e-02	 -3,02180e-03
3234	  6,4660000000e+03	 -5,99673e-02	 -2,99676e-03
3235	  6,4680000000e+03	 -5,95766e-02	 -2,94174e-03
3236	  6,4700000000e+03	 -5,93781e-02	 -1,31409e-03
3237	  6,4720000000e+03	 -6,28037e-02	  9,87451e-04
3238	  6,4740000000e+03	 -6,51300e-02	  6,47298e-05
3239	  6,4760000000e+03	 -6,21343e-02	  2,02994e-03
3240	  6,4780000000e+03	 -6,04029e-02	  1,92054e-03
3241	  6,4800000000e+03	 -6,23774e-02	  1,31705e-03
3242	  6,4820000000e+03	 -6,29425e-02	  2,97358e-03
3243	  6,4840000000e+03	 -6,42858e-02	  3,36802e-03
3244	  6,4860000000e+03	 -6,25641e-02	  2,60295e-03
3245	  6,4880000000e+03	 -6,20777e-02	  5,12330e-03
3246	  6,4900000000e+03	 -6,40616e-02	  7,12147e-03
3247	  6,4920000000e+03	 -6,35680e-02	  1,05086e-02
3248	  6,4940000000e+03	 -6,10447e-02	  1,17790e-02
3249	  6,4960000000e+03	 -5,90134e-02	  9,58686e-03
3250	  6,4980000000e+03	 -5,73897e-02	  8,63440e-03
3251	  6,5000000000e+03	 -6,15575e-02	  1,12060e-02
3252	  6,5020000000e+03	 -6,26757e-02	  8,96712e-03
3253	  6,5040000000e+03	 -6,13169e-02	  1,09715e-02
3254	  6,5060000000e+03	 -6,10995e-02	  1,40366e-02
3255	  6,5080000000e+03	 -5,88453e-02	  1,36209e-02
3256	  6,5100000000e+03	 -5,77892e-02	  1,38605e-02
3257	  6,5120000000e+03	 -5,73197e-02	  1,45031e-02
3258	  6,5140000000e+03	 -5,56962e-02	  1,46989e-02
3259	  6,5160000000e+03	 -5,50051e-02	  1,73261e-02
3260	  6,5180000000e+03	 -5,59455e-02	  1,59554e-02
3261	  6,5200000000e+03	 -5,55605e-02	  1,53523e-02
3262	  6,5220000000e+03	 -5,35317e-02	  1,59011e-02
3263	  6,5240000000e+03	 -5,36796e-02	  1,59726e-02
3264	  6,5260000000e+03	 -5,34191e-02	  1,83775e-02
3265	  6,5280000000e+03	 -5,36633e-02	  2,21578e-02
3266	  6,5300000000e+03	 -5,24101e-02	  2,39787e-02
3267	  6,5320000000e+03	 -5,10823e-02	  2,67413e-02
3268	  6,5340000000e+03	 -5,22564e-02	  2,27808e-02
3269	  6,5360000000e+03	 -5,49740e-02	  2,10599e-02
3270	  6,5380000000e+03	 -5,36737e-02	  2,30677e-02
3271	  6,5400000000e+03	 -4,88100e-02	  2,23695e-02
3272	  6,5420000000e+03	 -5,06304e-02	  2,10944e-02
3273	  6,5440000000e+03	 -5,10207e-02	  2,16491e-02
3274	  6,5460000000e+03	 -5,16835e-02	  2,07104e-02
3275	  6,5480000000e+03	 -5,05523e-02	  2,35162e-02
3276	  6,5500000000e+03	 -4,86852e-02	  2,51643e-02
3277	  6,5520000000e+03	 -5,01687e-02	  2,25196e-02
3278	  6,5540000000e+03	 -5,01817e-02	  2,21615e-02
3279	  6,5560000000e+03	 -4,96792e-02	  2,34097e-02
3280	  6,5580000000e+03	 -4,94771e-02	  2,20731e-02
3281	  6,5600000000e+03	 -4,62775e-02	  2,59004e-02
3282	  6,5620000000e+03	 -4,36022e-02	  2,80735e-02
3283	  6,5640000000e+03	 -4,37260e-02	  2,48325e-02
3284	  6,5660000000e+03	 -4,61280e-02	  2,52326e-02
3285	  6,5680000000e+03	 -4,92680e-02	  2,26576e-02
3286	  6,5700000000e+03	 -4,60104e-02	  2,45629e-02
3287	  6,5720000000e+03	 -4,70204e-02	  2,72762e-02
3288	  6,5740000000e+03	 -4,76567e-02	  2,99693e-02
3289	  6,5760000000e+03	 -4,60108e-02	  2,89620e-02
3290	  6,5780000000e+03	 -4,63268e-02	  3,05496e-02
3291	  6,5800000000e+03	 -4,67798e-02	  3,33503e-02
3292	  6,5820000000e+03	 -4,55372e-02	  3,27262e-02
3293	  6,5840000000e+03	 -4,43259e-02	  3,09264e-02
3294	  6,5860000000e+03	 -4,45478e-02	  2,97951e-02
3295	  6,5880000000e+03	 -4,16530e-02	  3,09433e-02
3296	  6,5900000000e+03	 -4,28014e-02	  3,08393e-02
3297	  6,5920000000e+03	 -4,34526e-02	  3,19309e-02
3298	  6,5940000000e+03	 -4,51663e-02	  3,47646e-02
3299	  6,5960000000e+03	 -4,42519e-02	  3,59840e-02
3300	  6,5980000000e+03	 -4,12527e-02	  3,32919e-02
3301	  6,6000000000e+03	 -4,15821e-02	  3,44719e-02
3302	  6,6020000000e+03	 -4,15239e-02	  3,47463e-02
3303	  6,6040000000e+03	 -4,16022e-02	  3,55397e-02
3304	  6,6060000000e+03	 -3,72422e-02	  3,61888e-02
3305	  6,6080000000e+03	 -3,69879e-02	  3,50126e-02
3306	  6,6100000000e+03	 -3,76385e-02	  3,58090e-02
3307	  6,6120000000e+03	 -4,01156e-02	  3,81488e-02
3308	  6,6140000000e+03	 -3,77958e-02	  3,91606e-02
3309	  6,6160000000e+03	 -3,50933e-02	  3,82476e-02
3310	  6,6180000000e+03	 -3,71698e-02	  3,82149e-02
3311	  6,6200000000e+03	 -3,68881e-02	  3,80826e-02
3312	  6,6220000000e+03	 -3,59918e-02	  4,02736e-02
3313	  6,6240000000e+03	 -3,70878e-02	  4,17098e-02
3314	  6,6260000000e+03	 -3,52206e-02	  4,14203e-02
3315	  6,6280000000e+03	 -3,27214e-02	  4,28810e-02
3316	  6,6300000000e+03	 -3,32185e-02	  4,23102e-02
3317	  6,6320000000e+03	 -2,98563e-02	  4,16173e-02
3318	  6,6340000000e+03	 -2,74839e-02	  4,09428e-02
3319	  6,6360000000e+03	 -2,59006e-02	  4,39228e-02
3320	  6,6380000000e+03	 -2,64970e-02	  4,63559e-02
3321	  6,6400000000e+03	 -2,70959e-02	  4,62926e-02
3322	  6,6420000000e+03	 -2,61686e-02	  4,21274e-02
3323	  6,6440000000e+03	 -2,64856e-02	  4,21290e-02
3324	  6,6460000000e+03	 -2,37137e-02	  4,11088e-02
3325	  6,6480000000e+03	 -2,32247e-02	  4,12940e-02
3326	  6,6500000000e+03	 -2,15116e-02	  4,14538e-02
3327	  6,6520000000e+03	 -2,40297e-02	  4,17044e-02
3328	  6,6540000000e+03	 -2,42058e-02	  4,29563e-02
3329	  6,6560000000e+03	 -1,89255e-02	  4,28843e-02
3330	  6,6580000000e+03	 -1,86988e-02	  4,54720e-02
3331	  6,6600000000e+03	 -1,93178e-02	  4,46597e-02
3332	  6,6620000000e+03	 -1,94971e-02	  4,16443e-02
3333	  6,6640000000e+03	 -1,82018e-02	  4,17387e-02
3334	  6,6660000000e+03	 -1,75000e-02	  4,22400e-02
3335	  6,6680000000e+03	 -1,49198e-02	  4,36991e-02
3336	  6,6700000000e+03	 -1,34355e-02	  4,61922e-02
3337	  6,6720000000e+03	 -1,62903e-02	  4,54644e-02
3338	  6,6740000000e+03	 -1,60253e-02	  4,56404e-02
3339	  6,6760000000e+03	 -1,28121e-02	  4,32358e-02
3340	  6,6780000000e+03	 -1,30434e-02	  4,07392e-02
3341	  6,6800000000e+03	 -1,43590e-02	  3,89958e-02
3342	  6,6820000000e+03	 -1,32385e-02	  3,95563e-02
3343	  6,6840000000e+03	 -1,26982e-02	  4,04148e-02
3344	  6,6860000000e+03	 -1,25981e-02	  3,81065e-02
3345	  6,6880000000e+03	 -1,28897e-02	  3,81303e-02
3346	  6,6900000000e+03	 -1,54449e-02	  3,74252e-02
3347	  6,6920000000e+03	 -1,43475e-02	  3,91690e-02
3348	  6,6940000000e+03	 -1,27798e-02	  4,11675e-02
3349	  6,6960000000e+03	 -1,19885e-02	  4,08414e-02
3350	  6,6980000000e+03	 -1,27631e-02	  4,12430e-02
3351	  6,7000000000e+03	 -1,25754e-02	  4,09492e-02
3352	  6,7020000000e+03	 -1,11016e-02	  4,01500e-02
3353	  6,7040000000e+03	 -8,47882e-03	  3,78074e-02
3354	  6,7060000000e+03	 -6,96632e-03	  4,08867e-02
3355	  6,7080000000e+03	 -5,11526e-03	  4,35925e-02
3356	  6,7100000000e+03	 -9,13911e-03	  3,97124e-02
3357	  6,7120000000e+03	 -1,01524e-02	  3,78635e-02
3358	  6,7140000000e+03	 -6,34051e-03	  3,94110e-02
3359	  6,7160000000e+03	 -6,44161e-03	  3,86541e-02
3360	  6,7180000000e+03	 -5,37915e-03	  4,14325e-02
3361	  6,7200000000e+03	 -5,69991e-03	  4,10937e-02
3362	  6,7220000000e+03	 -6,78945e-03	  3,96429e-02
3363	  6,7240000000e+03	 -5,30883e-03	  4,13323e-02
3364	  6,7260000000e+03	 -4,28221e-03	  3,98676e-02
3365	  6,7280000000e+03	 -3,36915e-03	  3,87744e-02
3366	  6,7300000000e+03	 -2,03098e-03	  3,85641e-02
3367	  6,7320000000e+03	 -1,26426e-03	  3,57626e-02
3368	  6,7340000000e+03	 -2,95464e-03	  3,64802e-02
3369	  6,7360000000e+03	 -3,19927e-03	  3,58496e-02
3370	  6,7380000000e+03	 -2,37745e-03	  3,70047e-02
3371	  6,7400000000e+03	 -4,30575e-03	  3,54251e-02
3372	  6,7420000000e+03	 -1,37047e-03	  3,59638e-02
3373	  6,7440000000e+03	 -1,04298e-03	  3,86134e-02
3374	  6,7460000000e+03	 -1,00626e-03	  3,76485e-02
3375	  6,7480000000e+03	  1,19134e-03	  4,06733e-02
3376	  6,7500000000e+03	  2,81640e-03	  4,04072e-02
3377	  6,7520000000e+03	  2,99966e-03	  3,83063e-02
3378	  6,7540000000e+03	  3,25068e-04	  3,67315e-02
3379	  6,7560000000e+03	 -1,39448e-03	  3,53004e-02
3380	  6,7580000000e+03	  3,02679e-05	  3,45791e-02
3381	  6,7600000000e+03	  1,68190e-03	  3,73724e-02
3382	  6,7620000000e+03	  2,68668e-03	  3,63495e-02
3383	  6,7640000000e+03	  3,50779e-03	  3,58405e-02
3384	  6,7660000000e+03	  2,74854e-03	  3,70530e-02
3385	  6,7680000000e+03	  3,65962e-03	  3,40343e-02
3386	  6,7700000000e+03	  7,56716e-03	  3,28545e-02
3387	  6,7720000000e+03	  8,15517e-03	  3,11673e-02
3388	  6,7740000000e+03	  8,54574e-03	  3,16258e-02
3389	  6,7760000000e+03	  6,13142e-03	  2,99257e-02
3390	  6,7780000000e+03	  6,78050e-03	  2,76218e-02
3391	  6,7800000000e+03	  7,82901e-03	  3,08164e-02
3392	  6,7820000000e+03	  6,91690e-03	  3,32132e-02
3393	  6,7840000000e+03	  6,76919e-03	  3,30787e-02
3394	  6,7860000000e+03	  7,67129e-03	  3,12425e-02
3395	  6,7880000000e+03	  9,90383e-03	  2,86076e-02
3396	  6,7900000000e+03	  1,11971e-02	  2,89693e-02
3397	  6,7920000000e+03	  1,11830e-02	  2,75318e-02
3398	  6,7940000000e+03	  1,01332e-02	  2,89191e-02
3399	  6,7960000000e+03	  9,13521e-03	  3,03868e-02
3400	  6,7980000000e+03	  8,12835e-03	  2,87834e-02
3401	  6,8000000000e+03	  9,96408e-03	  2,79876e-02
3402	  6,8020000000e+03	  8,45564e-03	  2,81942e-02
3403	  6,8040000000e+03	  8,44368e-03	  2,65978e-02
3404	  6,8060000000e+03	  9,93852e-03	  2,66258e-02
3405	  6,8080000000e+03	  9,31442e-03	  2,89075e-02
3406	  6,8100000000e+03	  1,13225e-02	  2,76460e-02
3407	  6,8120000000e+03	  1,11662e-02	  2,46750e-02
3408	  6,8140000000e+03	  8,76388e-03	  2,23315e-02
3409	  6,8160000000e+03	  1,17938e-02	  2,40032e-02
3410	  6,8180000000e+03	  9,03189e-03	  2,36220e-02
3411	  6,8200000000e+03	  4,30550e-03	  2,51579e-02
3412	  6,8220000000e+03	  5,56184e-03	  2,02307e-02
3413	  6,8240000000e+03	  1,00392e-02	  2,05139e-02
3414	  6,8260000000e+03	  9,39860e-03	  2,45825e-02
3415	  6,8280000000e+03	  9,05495e-03	  2,41535e-02
3416	  6,8300000000e+03	  8,40134e-03	  2,27794e-02
3417	  6,8320000000e+03	  8,50183e-03	  2,13130e-02
3418	  6,8340000000e+03	  1,08809e-02	  1,78835e-02
3419	  6,8360000000e+03	  1,05288e-02	  1,94944e-02
3420	  6,8380000000e+03	  1,09270e-02	  2,15353e-02
3421	  6,8400000000e+03	  1,06639e-02	  2,03939e-02
3422	  6,8420000000e+03	  9,81339e-03	  2,19424e-02
3423	  6,8440000000e+03	  9,68362e-03	  2,36539e-02
3424	  6,8460000000e+03	  8,15613e-03	  1,90643e-02
3425	  6,8480000000e+03	  9,58150e-03	  1,87045e-02
3426	  6,8500000000e+03	  8,38385e-03	  1,89382e-02
3427	  6,8520000000e+03	  9,32044e-03	  1,92296e-02
3428	  6,8540000000e+03	  9,48804e-03	  1,93155e-02
3429	  6,8560000000e+03	  7,38052e-03	  1,99044e-02
3430	  6,8580000000e+03	  6,10854e-03	  2,24292e-02
3431	  6,8600000000e+03	  8,56299e-03	  2,18016e-02
3432	  6,8620000000e+03	  1,03789e-02	  2,09982e-02
3433	  6,8640000000e+03	  6,73484e-03	  2,18745e-02
3434	  6,8660000000e+03	  6,31912e-03	  1,97360e-02
3435	  6,8680000000e+03	  9,12568e-03	  2,01085e-02
3436	  6,8700000000e+03	  1,00857e-02	  2,04834e-02
3437	  6,8720000000e+03	  8,58687e-03	  2,14990e-02
3438	  6,8740000000e+03	  8,11838e-03	  2,33983e-02
3439	  6,8760000000e+03	  9,12039e-03	  2,18108e-02
3440	  6,8780000000e+03	  8,12387e-03	  1,85015e-02
3441	  6,8800000000e+03	  8,72739e-03	  2,10943e-02
3442	  6,8820000000e+03	  8,76962e-03	  1,93305e-02
3443	  6,8840000000e+03	  6,78283e-03	  2,12288e-02
3444	  6,8860000000e+03	  7,29631e-03	  2,32610e-02
3445	  6,8880000000e+03	  1,08714e-02	  2,07219e-02
3446	  6,8900000000e+03	  1,05398e-02	  2,08164e-02
3447	  6,8920000000e+03	  9,32780e-03	  1,96738e-02
3448	  6,8940000000e+03	  1,09232e-02	  1,71860e-02
3449	  6,8960000000e+03	  9,26351e-03	  1,66864e-02
3450	  6,8980000000e+03	  8,67331e-03	  1,87180e-02
3451	  6,9000000000e+03	  9,26291e-03	  1,68101e-02
3452	  6,9020000000e+03	  8,50302e-03	  1,82997e-02
3453	  6,9040000000e+03	  7,30530e-03	  1,67045e-02
3454	  6,9060000000e+03	  1,09592e-02	  1,51986e-02
3455	  6,9080000000e+03	  1,41947e-02	  1,37389e-02
3456	  6,9100000000e+03	  1,16795e-02	  1,39407e-02
3457	  6,9120000000e+03	  1,02988e-02	  1,75238e-02
3458	  6,9140000000e+03	  1,00115e-02	  1,62487e-02
3459	  6,9160000000e+03	  1,06194e-02	  1,68924e-02
3460	  6,9180000000e+03	  1,29397e-02	  1,87925e-02
3461	  6,9200000000e+03	  9,30723e-03	  1,75172e-02
3462	  6,9220000000e+03	  5,46486e-03	  1,43692e-02
3463	  6,9240000000e+03	  9,77456e-03	  1,65894e-02
3464	  6,9260000000e+03	  1,15097e-02	  1,69330e-02
3465	  6,9280000000e+03	  7,93390e-03	  1,69987e-02
3466	  6,9300000000e+03	  6,89176e-03	  1,57439e-02
3467	  6,9320000000e+03	  1,00774e-02	  1,35995e-02
3468	  6,9340000000e+03	  9,34797e-03	  1,42734e-02
3469	  6,9360000000e+03	  9,24850e-03	  1,77295e-02
3470	  6,9380000000e+03	  1,11548e-02	  1,56506e-02
3471	  6,9400000000e+03	  1,14435e-02	  1,37929e-02
3472	  6,9420000000e+03	  1,36289e-02	  1,61734e-02
3473	  6,9440000000e+03	  1,48367e-02	  1,87175e-02
3474	  6,9460000000e+03	  1,32086e-02	  1,85953e-02
3475	  6,9480000000e+03	  1,41240e-02	  1,65469e-02
3476	  6,9500000000e+03	  1,33022e-02	  1,47206e-02
3477	  6,9520000000e+03	  8,32202e-03	  1,37669e-02
3478	  6,9540000000e+03	  7,13982e-03	  1,52300e-02
3479	  6,9560000000e+03	  7,78051e-03	  1,85814e-02
3480	  6,9580000000e+03	  8,41185e-03	  1,72816e-02
3481	  6,9600000000e+03	  1,10586e-02	  1,62389e-02
3482	  6,9620000000e+03	  1,14133e-02	  1,81244e-02
3483	  6,9640000000e+03	  1,34033e-02	  1,66078e-02
3484	  6,9660000000e+03	  1,33046e-02	  1,47166e-02
3485	  6,9680000000e+03	  1,18579e-02	  1,30044e-02
3486	  6,9700000000e+03	  1,18532e-02	  1,26594e-02
3487	  6,9720000000e+03	  9,32416e-03	  1,50982e-02
3488	  6,9740000000e+03	  9,76915e-03	  1,62867e-02
3489	  6,9760000000e+03	  1,10120e-02	  1,37987e-02
3490	  6,9780000000e+03	  1,22413e-02	  1,19874e-02
3491	  6,9800000000e+03	  1,39630e-02	  1,23716e-02
3492	  6,9820000000e+03	  1,37732e-02	  1,38761e-02
3493	  6,9840000000e+03	  1,49390e-02	  1,25892e-02
3494	  6,9860000000e+03	  1,21577e-02	  1,40268e-02
3495	  6,9880000000e+03	  1,28740e-02	  1,30180e-02
3496	  6,9900000000e+03	  1,46674e-02	  1,07477e-02
3497	  6,9920000000e+03	  1,42459e-02	  1,29763e-02
3498	  6,9940000000e+03	  1,39601e-02	  1,37991e-02
3499	  6,9960000000e+03	  1,16440e-02	  1,47071e-02
3500	  6,9980000000e+03	  1,19991e-02	  1,12899e-02
3501	  7,0000000000e+03	  7,85921e-03	  1,12279e-02
3502	  7,0020000000e+03	  9,49436e-03	  1,55213e-02
3503	  7,0040000000e+03	  1,33664e-02	  1,88553e-02
3504	  7,0060000000e+03	  1,04965e-02	  1,73264e-02
3505	  7,0080000000e+03	  1,07188e-02	  1,81893e-02
3506	  7,0100000000e+03	  1,40097e-02	  1,57192e-02
3507	  7,0120000000e+03	  1,74201e-02	  1,34604e-02
3508	  7,0140000000e+03	  1,40246e-02	  1,20581e-02
3509	  7,0160000000e+03	  1,30829e-02	  1,39738e-02
3510	  7,0180000000e+03	  1,44855e-02	  1,67076e-02
3511	  7,0200000000e+03	  1,56719e-02	  1,97354e-02
3512	  7,0220000000e+03	  1,40673e-02	  1,75761e-02
3513	  7,0240000000e+03	  1,38601e-02	  1,17152e-02
3514	  7,0260000000e+03	  1,09405e-02	  1,17827e-02
3515	  7,0280000000e+03	  1,11588e-02	  1,54082e-02
3516	  7,0300000000e+03	  1,09443e-02	  1,50576e-02
3517	  7,0320000000e+03	  1,17071e-02	  1,39001e-02
3518	  7,0340000000e+03	  1,18209e-02	  1,24786e-02
3519	  7,0360000000e+03	  1,48850e-02	  1,22502e-02
3520	  7,0380000000e+03	  1,38510e-02	  1,37959e-02
3521	  7,0400000000e+03	  1,39062e-02	  1,37208e-02
3522	  7,0420000000e+03	  1,44530e-02	  1,26238e-02
3523	  7,0440000000e+03	  1,29535e-02	  1,02679e-02
3524	  7,0460000000e+03	  1,38267e-02	  1,12149e-02
3525	  7,0480000000e+03	  1,37777e-02	  1,26632e-02
3526	  7,0500000000e+03	  1,29672e-02	  1,19860e-02
3527	  7,0520000000e+03	  1,47468e-02	  9,55084e-03
3528	  7,0540000000e+03	  1,68442e-02	  8,75934e-03
3529	  7,0560000000e+03	  1,32219e-02	  1,16272e-02
3530	  7,0580000000e+03	  1,29401e-02	  1,53519e-02
3531	  7,0600000000e+03	  1,63706e-02	  1,43506e-02
3532	  7,0620000000e+03	  7,27382e-03	  1,06276e-02
3533	  7,0640000000e+03	  1,19933e-02	  1,28762e-02
3534	  7,0660000000e+03	  1,64641e-02	  1,18017e-02
3535	  7,0680000000e+03	  1,63355e-02	  9,27887e-03
3536	  7,0700000000e+03	  1,78851e-02	  9,39096e-03
3537	  7,0720000000e+03	  1,66590e-02	  1,09229e-02
3538	  7,0740000000e+03	  1,37050e-02	  1,09193e-02
3539	  7,0760000000e+03	  1,44974e-02	  1,02489e-02
3540	  7,0780000000e+03	  1,88420e-02	  8,08260e-03
3541	  7,0800000000e+03	  1,95533e-02	  9,97469e-03
3542	  7,0820000000e+03	  1,66470e-02	  1,32422e-02
3543	  7,0840000000e+03	  1,45983e-02	  1,60623e-02
3544	  7,0860000000e+03	  1,05069e-02	  1,51993e-02
3545	  7,0880000000e+03	  1,22048e-02	  1,30618e-02
3546	  7,0900000000e+03	  1,43444e-02	  1,27011e-02
3547	  7,0920000000e+03	  1,56462e-02	  1,32154e-02
3548	  7,0940000000e+03	  1,59290e-02	  1,37673e-02
3549	  7,0960000000e+03	  1,89961e-02	  1,06882e-02
3550	  7,0980000000e+03	  1,87937e-02	  1,22752e-02
3551	  7,1000000000e+03	  1,57488e-02	  1,13347e-02
3552	  7,1020000000e+03	  1,39058e-02	  1,26462e-02
3553	  7,1040000000e+03	  1,21583e-02	  9,74702e-03
3554	  7,1060000000e+03	  1,27435e-02	  8,24553e-03
3555	  7,1080000000e+03	  1,57785e-02	  1,12718e-02
3556	  7,1100000000e+03	  1,35162e-02	  7,21753e-03
3557	  7,1120000000e+03	  1,50209e-02	  6,57570e-03
3558	  7,1140000000e+03	  1,53462e-02	  8,95680e-03
3559	  7,1160000000e+03	  1,78630e-02	  9,53944e-03
3560	  7,1180000000e+03	  1,84697e-02	  1,07708e-02
3561	  7,1200000000e+03	  1,56426e-02	  8,00346e-03
3562	  7,1220000000e+03	  1,23179e-02	  5,96759e-03
3563	  7,1240000000e+03	  1,26090e-02	  3,27256e-03
3564	  7,1260000000e+03	  1,67973e-02	  5,25859e-03
3565	  7,1280000000e+03	  1,96454e-02	  7,09539e-03
3566	  7,1300000000e+03	  1,70849e-02	  8,11997e-03
3567	  7,1320000000e+03	  1,65581e-02	  7,99133e-03
3568	  7,1340000000e+03	  1,20534e-02	  6,72818e-03
3569	  7,1360000000e+03	  1,27243e-02	  8,50135e-03
3570	  7,1380000000e+03	  1,40372e-02	  1,01715e-02
3571	  7,1400000000e+03	  1,17821e-02	  1,05405e-02
3572	  7,1420000000e+03	  1,01863e-02	  7,88423e-03
3573	  7,1440000000e+03	  1,42888e-02	  7,48959e-03
3574	  7,1460000000e+03	  1,99707e-02	  7,57953e-03
3575	  7,1480000000e+03	  1,68488e-02	  5,01741e-03
3576	  7,1500000000e+03	  1,43839e-02	  3,21234e-03
3577	  7,1520000000e+03	  1,42416e-02	  6,58624e-03
3578	  7,1540000000e+03	  1,25770e-02	  6,91149e-03
3579	  7,1560000000e+03	  1,34832e-02	  5,47347e-03
3580	  7,1580000000e+03	  1,50768e-02	  4,62020e-03
3581	  7,1600000000e+03	  1,65384e-02	  3,44412e-03
3582	  7,1620000000e+03	  1,68413e-02	  6,45147e-03
3583	  7,1640000000e+03	  1,01995e-02	  7,19349e-03
3584	  7,1660000000e+03	  6,39650e-03	  7,88204e-03
3585	  7,1680000000e+03	  1,23304e-02	  6,05475e-03
3586	  7,1700000000e+03	  1,48796e-02	  7,24709e-03
3587	  7,1720000000e+03	  1,26983e-02	  8,31508e-03
3588	  7,1740000000e+03	  1,11004e-02	  6,41623e-03
3589	  7,1760000000e+03	  1,10501e-02	  5,42709e-03
3590	  7,1780000000e+03	  1,35986e-02	  5,02911e-03
3591	  7,1800000000e+03	  1,40693e-02	  1,01069e-02
3592	  7,1820000000e+03	  1,19133e-02	  8,10115e-03
3593	  7,1840000000e+03	  1,32943e-02	  9,64594e-03
3594	  7,1860000000e+03	  1,29134e-02	  7,22450e-03
3595	  7,1880000000e+03	  1,07036e-02	  7,85048e-03
3596	  7,1900000000e+03	  1,21943e-02	  1,18313e-02
3597	  7,1920000000e+03	  1,13755e-02	  1,01212e-02
3598	  7,1940000000e+03	  1,23987e-02	  1,38177e-02
3599	  7,1960000000e+03	  1,37763e-02	  1,60277e-02
3600	  7,1980000000e+03	  1,35784e-02	  1,31842e-02
3601	  7,2000000000e+03	  1,10387e-02	  9,90354e-03
3602	  7,2020000000e+03	  9,52805e-03	  1,01613e-02
3603	  7,2040000000e+03	  9,16256e-03	  1,07563e-02
3604	  7,2060000000e+03	  1,06130e-02	  1,15854e-02
3605	  7,2080000000e+03	  1,38516e-02	  9,79572e-03
3606	  7,2100000000e+03	  1,30200e-02	  8,78983e-03
3607	  7,2120000000e+03	  1,22355e-02	  1,27886e-02
3608	  7,2140000000e+03	  1,35554e-02	  1,33872e-02
3609	  7,2160000000e+03	  1,38594e-02	  1,19236e-02
3610	  7,2180000000e+03	  1,74357e-02	  1,07558e-02
3611	  7,2200000000e+03	  1,86988e-02	  8,38598e-03
3612	  7,2220000000e+03	  1,74567e-02	  9,22400e-03
3613	  7,2240000000e+03	  1,57255e-02	  6,77317e-03
3614	  7,2260000000e+03	  1,92916e-02	  1,32709e-02
3615	  7,2280000000e+03	  2,29579e-02	  1,51642e-02
3616	  7,2300000000e+03	  1,90970e-02	  1,55762e-02
3617	  7,2320000000e+03	  1,79897e-02	  1,29322e-02
3618	  7,2340000000e+03	  1,70497e-02	  1,24757e-02
3619	  7,2360000000e+03	  1,66560e-02	  1,61021e-02
3620	  7,2380000000e+03	  1,85832e-02	  1,26262e-02
3621	  7,2400000000e+03	  2,00982e-02	  1,17783e-02
3622	  7,2420000000e+03	  1,94005e-02	  9,68275e-03
3623	  7,2440000000e+03	  1,75248e-02	  1,04640e-02
3624	  7,2460000000e+03	  1,92171e-02	  1,03290e-02
3625	  7,2480000000e+03	  1,83675e-02	  9,09753e-03
3626	  7,2500000000e+03	  2,14575e-02	  1,09037e-02
3627	  7,2520000000e+03	  2,12696e-02	  1,38104e-02
3628	  7,2540000000e+03	  2,16023e-02	  1,19717e-02
3629	  7,2560000000e+03	  2,13457e-02	  1,02393e-02
3630	  7,2580000000e+03	  2,07315e-02	  1,06758e-02
3631	  7,2600000000e+03	  2,02360e-02	  1,16542e-02
3632	  7,2620000000e+03	  2,10158e-02	  1,17574e-02
3633	  7,2640000000e+03	  2,31326e-02	  1,15744e-02
3634	  7,2660000000e+03	  2,29743e-02	  1,22552e-02
3635	  7,2680000000e+03	  2,40010e-02	  1,10344e-02
3636	  7,2700000000e+03	  2,68810e-02	  9,86107e-03
3637	  7,2720000000e+03	  2,16915e-02	  1,28356e-02
3638	  7,2740000000e+03	  2,14153e-02	  1,35702e-02
3639	  7,2760000000e+03	  2,76743e-02	  1,15472e-02
3640	  7,2780000000e+03	  2,64773e-02	  8,75620e-03
3641	  7,2800000000e+03	  2,80729e-02	  9,33485e-03
3642	  7,2820000000e+03	  2,93448e-02	  9,70597e-03
3643	  7,2840000000e+03	  2,70263e-02	  9,40994e-03
3644	  7,2860000000e+03	  2,92015e-02	  7,42259e-03
3645	  7,2880000000e+03	  2,81323e-02	  8,06303e-03
3646	  7,2900000000e+03	  2,94666e-02	  7,68752e-03
3647	  7,2920000000e+03	  2,67343e-02	  8,36712e-03
3648	  7,2940000000e+03	  2,46450e-02	  5,15781e-03
3649	  7,2960000000e+03	  2,55942e-02	  4,51440e-03
3650	  7,2980000000e+03	  2,72950e-02	  6,64809e-03
3651	  7,3000000000e+03	  2,57252e-02	  5,57163e-03
3652	  7,3020000000e+03	  2,76191e-02	  6,51475e-03
3653	  7,3040000000e+03	  2,90233e-02	  8,57847e-03
3654	  7,3060000000e+03	  2,74465e-02	  6,92535e-03
3655	  7,3080000000e+03	  2,88517e-02	  4,58017e-03
3656	  7,3100000000e+03	  2,81347e-02	  5,65662e-03
3657	  7,3120000000e+03	  2,81317e-02	  8,81128e-03
3658	  7,3140000000e+03	  2,79320e-02	  8,23813e-03
3659	  7,3160000000e+03	  2,67042e-02	  9,57414e-03
3660	  7,3180000000e+03	  2,45884e-02	  8,85687e-03
3661	  7,3200000000e+03	  2,73706e-02	  8,99207e-03
3662	  7,3220000000e+03	  2,66912e-02	  4,83035e-03
3663	  7,3240000000e+03	  2,80799e-02	  2,28385e-03
3664	  7,3260000000e+03	  3,15037e-02	  1,98892e-03
3665	  7,3280000000e+03	  2,98238e-02	  2,81873e-03
3666	  7,3300000000e+03	  3,15600e-02	  4,30026e-03
3667	  7,3320000000e+03	  3,22660e-02	  1,56740e-03
3668	  7,3340000000e+03	  3,18532e-02	  2,59628e-06
3669	  7,3360000000e+03	  3,18727e-02	 -2,28962e-03
3670	  7,3380000000e+03	  3,13311e-02	 -1,44165e-03
3671	  7,3400000000e+03	  3,18673e-02	  6,36688e-04
3672	  7,3420000000e+03	  3,17728e-02	  3,68468e-03
3673	  7,3440000000e+03	  2,88735e-02	  5,03748e-03
3674	  7,3460000000e+03	  3,21282e-02	  2,54177e-03
3675	  7,3480000000e+03	  3,21434e-02	  1,33932e-03
3676	  7,3500000000e+03	  3,28567e-02	 -1,87082e-04
3677	  7,3520000000e+03	  3,10983e-02	 -5,07485e-03
3678	  7,3540000000e+03	  3,01325e-02	 -2,90923e-03
3679	  7,3560000000e+03	  3,42996e-02	 -3,70327e-03
3680	  7,3580000000e+03	  3,62898e-02	 -2,09738e-03
3681	  7,3600000000e+03	  3,64081e-02	 -4,58707e-03
3682	  7,3620000000e+03	  3,33163e-02	 -6,10902e-03
3683	  7,3640000000e+03	  3,10927e-02	 -5,13241e-03
3684	  7,3660000000e+03	  3,49990e-02	 -3,51594e-03
3685	  7,3680000000e+03	  3,54198e-02	 -4,07392e-03
3686	  7,3700000000e+03	  3,41626e-02	 -6,76271e-03
3687	  7,3720000000e+03	  3,42182e-02	 -7,75668e-03
3688	  7,3740000000e+03	  3,59614e-02	 -1,00198e-02
3689	  7,3760000000e+03	  3,51479e-02	 -8,97513e-03
3690	  7,3780000000e+03	  3,44998e-02	 -9,89381e-03
3691	  7,3800000000e+03	  3,39186e-02	 -9,93837e-03
3692	  7,3820000000e+03	  3,58732e-02	 -6,94901e-03
3693	  7,3840000000e+03	  3,48943e-02	 -8,98893e-03
3694	  7,3860000000e+03	  3,19552e-02	 -1,01898e-02
3695	  7,3880000000e+03	  3,16488e-02	 -7,78631e-03
3696	  7,3900000000e+03	  3,24406e-02	 -6,55673e-03
3697	  7,3920000000e+03	  3,01108e-02	 -6,13548e-03
3698	  7,3940000000e+03	  3,29535e-02	 -1,13187e-02
3699	  7,3960000000e+03	  3,31985e-02	 -1,07541e-02
3700	  7,3980000000e+03	  3,40366e-02	 -1,16293e-02
3701	  7,4000000000e+03	  3,45381e-02	 -9,33137e-03
3702	  7,4020000000e+03	  3,23373e-02	 -9,57643e-03
3703	  7,4040000000e+03	  3,34885e-02	 -1,14042e-02
3704	  7,4060000000e+03	  3,56111e-02	 -1,52941e-02
3705	  7,4080000000e+03	  3,52561e-02	 -1,93767e-02
3706	  7,4100000000e+03	  3,21545e-02	 -1,67689e-02
3707	  7,4120000000e+03	  3,17664e-02	 -1,54025e-02
3708	  7,4140000000e+03	  3,11375e-02	 -1,60855e-02
3709	  7,4160000000e+03	  3,52087e-02	 -1,66763e-02
3710	  7,4180000000e+03	  3,56189e-02	 -1,58270e-02
3711	  7,4200000000e+03	  3,37698e-02	 -1,76634e-02
3712	  7,4220000000e+03	  3,24305e-02	 -2,10586e-02
3713	  7,4240000000e+03	  3,24653e-02	 -1,78086e-02
3714	  7,4260000000e+03	  3,10671e-02	 -1,85518e-02
3715	  7,4280000000e+03	  3,15852e-02	 -2,12542e-02
3716	  7,4300000000e+03	  3,36099e-02	 -2,24721e-02
3717	  7,4320000000e+03	  3,36154e-02	 -2,28259e-02
3718	  7,4340000000e+03	  3,33477e-02	 -1,97123e-02
3719	  7,4360000000e+03	  2,92585e-02	 -1,98745e-02
3720	  7,4380000000e+03	  3,25730e-02	 -1,97177e-02
3721	  7,4400000000e+03	  3,63929e-02	 -2,04741e-02
3722	  7,4420000000e+03	  3,81006e-02	 -2,17508e-02
3723	  7,4440000000e+03	  3,48746e-02	 -2,18045e-02
3724	  7,4460000000e+03	  3,31921e-02	 -2,29574e-02
3725	  7,4480000000e+03	  3,01207e-02	 -2,61157e-02
3726	  7,4500000000e+03	  2,83661e-02	 -2,47497e-02
3727	  7,4520000000e+03	  3,32222e-02	 -2,24294e-02
3728	  7,4540000000e+03	  3,31847e-02	 -2,34832e-02
3729	  7,4560000000e+03	  2,93649e-02	 -2,34627e-02
3730	  7,4580000000e+03	  3,00699e-02	 -2,35637e-02
3731	  7,4600000000e+03	  3,28237e-02	 -2,70813e-02
3732	  7,4620000000e+03	  2,94323e-02	 -3,07469e-02
3733	  7,4640000000e+03	  2,70064e-02	 -2,99345e-02
3734	  7,4660000000e+03	  2,89737e-02	 -2,76758e-02
3735	  7,4680000000e+03	  2,75868e-02	 -2,82171e-02
3736	  7,4700000000e+03	  2,86396e-02	 -2,90198e-02
3737	  7,4720000000e+03	  3,06084e-02	 -2,91342e-02
3738	  7,4740000000e+03	  2,86111e-02	 -2,92972e-02
3739	  7,4760000000e+03	  2,75664e-02	 -2,93973e-02
3740	  7,4780000000e+03	  2,56522e-02	 -3,39887e-02
3741	  7,4800000000e+03	  2,76125e-02	 -3,53427e-02
3742	  7,4820000000e+03	  2,95627e-02	 -3,20523e-02
3743	  7,4840000000e+03	  2,68972e-02	 -3,00438e-02
3744	  7,4860000000e+03	  2,43706e-02	 -3,39134e-02
3745	  7,4880000000e+03	  2,43482e-02	 -3,32246e-02
3746	  7,4900000000e+03	  2,51089e-02	 -3,29180e-02
3747	  7,4920000000e+03	  2,63584e-02	 -3,58408e-02
3748	  7,4940000000e+03	  2,63784e-02	 -3,69055e-02
3749	  7,4960000000e+03	  2,37145e-02	 -3,67004e-02
3750	  7,4980000000e+03	  2,24549e-02	 -3,56851e-02
3751	  7,5000000000e+03	  2,24248e-02	 -3,68397e-02
3752	  7,5020000000e+03	  2,07255e-02	 -3,99155e-02
3753	  7,5040000000e+03	  1,99154e-02	 -3,65993e-02
3754	  7,5060000000e+03	  2,09457e-02	 -3,54422e-02
3755	  7,5080000000e+03	  1,99630e-02	 -3,62889e-02
3756	  7,5100000000e+03	  2,00460e-02	 -3,82610e-02
3757	  7,5120000000e+03	  2,10243e-02	 -3,85083e-02
3758	  7,5140000000e+03	  1,87257e-02	 -4,07295e-02
3759	  7,5160000000e+03	  1,87366e-02	 -4,06109e-02
3760	  7,5180000000e+03	  1,52314e-02	 -4,01557e-02
3761	  7,5200000000e+03	  1,14317e-02	 -3,88343e-02
3762	  7,5220000000e+03	  1,40500e-02	 -3,57690e-02
3763	  7,5240000000e+03	  1,51835e-02	 -3,46461e-02
3764	  7,5260000000e+03	  1,54050e-02	 -3,55562e-02
3765	  7,5280000000e+03	  1,40901e-02	 -3,92920e-02
3766	  7,5300000000e+03	  1,07027e-02	 -4,02149e-02
3767	  7,5320000000e+03	  8,01745e-03	 -3,95953e-02
3768	  7,5340000000e+03	  5,20401e-03	 -4,08962e-02
3769	  7,5360000000e+03	  6,37759e-03	 -4,05018e-02
3770	  7,5380000000e+03	  8,86502e-03	 -4,05676e-02
3771	  7,5400000000e+03	  6,21429e-03	 -3,89522e-02
3772	  7,5420000000e+03	  7,15965e-03	 -4,22458e-02
3773	  7,5440000000e+03	  5,41617e-03	 -4,00059e-02
3774	  7,5460000000e+03	  6,41437e-03	 -3,84502e-02
3775	  7,5480000000e+03	  6,12229e-03	 -3,91547e-02
3776	  7,5500000000e+03	  4,92131e-03	 -4,10246e-02
3777	  7,5520000000e+03	  1,20758e-03	 -4,37647e-02
3778	  7,5540000000e+03	  1,71692e-03	 -4,31151e-02
3779	  7,5560000000e+03	  1,41862e-03	 -4,34481e-02
3780	  7,5580000000e+03	  2,81117e-03	 -4,41723e-02
3781	  7,5600000000e+03	  5,73121e-03	 -4,29499e-02
3782	  7,5620000000e+03	  4,32261e-03	 -4,23936e-02
3783	  7,5640000000e+03	  5,13491e-03	 -3,95667e-02
3784	  7,5660000000e+03	  2,50902e-03	 -4,07574e-02
3785	  7,5680000000e+03	  2,57727e-03	 -4,38502e-02
3786	  7,5700000000e+03	  2,04726e-03	 -4,27057e-02
3787	  7,5720000000e+03	 -2,37715e-04	 -4,10405e-02
3788	  7,5740000000e+03	  1,27975e-03	 -3,98184e-02
3789	  7,5760000000e+03	 -1,18742e-03	 -4,09174e-02
3790	  7,5780000000e+03	 -5,61121e-03	 -4,11152e-02
3791	  7,5800000000e+03	 -4,03653e-03	 -4,08032e-02
3792	  7,5820000000e+03	 -3,09061e-03	 -4,16970e-02
3793	  7,5840000000e+03	 -3,41749e-03	 -4,20474e-02
3794	  7,5860000000e+03	 -4,49547e-03	 -4,15756e-02
3795	  7,5880000000e+03	 -5,66810e-03	 -4,07655e-02
3796	  7,5900000000e+03	 -9,14268e-03	 -3,92433e-02
3797	  7,5920000000e+03	 -1,11747e-02	 -4,07771e-02
3798	  7,5940000000e+03	 -1,19331e-02	 -4,04196e-02
3799	  7,5960000000e+03	 -7,69313e-03	 -4,06575e-02
3800	  7,5980000000e+03	 -9,58669e-03	 -3,87749e-02
3801	  7,6000000000e+03	 -1,18992e-02	 -3,61924e-02
3802	  7,6020000000e+03	 -9,63441e-03	 -3,31825e-02
3803	  7,6040000000e+03	 -8,91221e-03	 -3,44860e-02
3804	  7,6060000000e+03	 -1,12636e-02	 -3,47970e-02
3805	  7,6080000000e+03	 -1,19554e-02	 -3,15039e-02
3806	  7,6100000000e+03	 -1,05277e-02	 -3,35773e-02
3807	  7,6120000000e+03	 -1,24517e-02	 -3,32962e-02
3808	  7,6140000000e+03	 -1,17140e-02	 -3,26162e-02
3809	  7,6160000000e+03	 -1,10975e-02	 -3,10107e-02
3810	  7,6180000000e+03	 -1,32033e-02	 -3,23646e-02
3811	  7,6200000000e+03	 -1,03578e-02	 -3,40423e-02
3812	  7,6220000000e+03	 -9,03987e-03	 -3,35416e-02
3813	  7,6240000000e+03	 -8,53136e-03	 -3,41686e-02
3814	  7,6260000000e+03	 -1,01228e-02	 -3,42088e-02
3815	  7,6280000000e+03	 -1,29829e-02	 -3,26109e-02
3816	  7,6300000000e+03	 -1,56192e-02	 -3,02456e-02
3817	  7,6320000000e+03	 -1,29875e-02	 -3,12466e-02
3818	  7,6340000000e+03	 -1,25986e-02	 -3,10682e-02
3819	  7,6360000000e+03	 -1,55423e-02	 -3,04588e-02
3820	  7,6380000000e+03	 -1,42205e-02	 -3,23310e-02
3821	  7,6400000000e+03	 -1,31140e-02	 -3,13003e-02
3822	  7,6420000000e+03	 -1,59331e-02	 -3,21292e-02
3823	  7,6440000000e+03	 -1,57840e-02	 -3,01414e-02
3824	  7,6460000000e+03	 -1,53488e-02	 -3,00024e-02
3825	  7,6480000000e+03	 -1,60417e-02	 -2,94545e-02
3826	  7,6500000000e+03	 -1,45549e-02	 -2,80485e-02
3827	  7,6520000000e+03	 -1,39535e-02	 -2,80812e-02
3828	  7,6540000000e+03	 -1,49512e-02	 -2,90283e-02
3829	  7,6560000000e+03	 -1,40549e-02	 -2,95214e-02
3830	  7,6580000000e+03	 -1,42437e-02	 -2,98499e-02
3831	  7,6600000000e+03	 -1,80538e-02	 -2,87129e-02
3832	  7,6620000000e+03	 -1,90233e-02	 -2,93946e-02
3833	  7,6640000000e+03	 -1,87424e-02	 -3,00482e-02
3834	  7,6660000000e+03	 -1,74896e-02	 -2,76344e-02
3835	  7,6680000000e+03	 -1,87991e-02	 -3,06136e-02
3836	  7,6700000000e+03	 -2,28592e-02	 -2,99214e-02
3837	  7,6720000000e+03	 -2,02274e-02	 -2,89791e-02
3838	  7,6740000000e+03	 -1,87979e-02	 -2,42269e-02
3839	  7,6760000000e+03	 -1,82829e-02	 -2,27838e-02
3840	  7,6780000000e+03	 -1,89512e-02	 -2,27813e-02
3841	  7,6800000000e+03	 -1,93917e-02	 -2,52020e-02
3842	  7,6820000000e+03	 -1,67592e-02	 -2,53318e-02
3843	  7,6840000000e+03	 -1,89623e-02	 -2,42746e-02
3844	  7,6860000000e+03	 -2,06015e-02	 -2,03160e-02
3845	  7,6880000000e+03	 -1,74276e-02	 -2,05476e-02
3846	  7,6900000000e+03	 -1,42905e-02	 -2,17446e-02
3847	  7,6920000000e+03	 -1,40772e-02	 -2,07348e-02
3848	  7,6940000000e+03	 -1,71415e-02	 -2,27583e-02
3849	  7,6960000000e+03	 -1,55744e-02	 -2,36561e-02
3850	  7,6980000000e+03	 -1,44134e-02	 -2,38049e-02
3851	  7,7000000000e+03	 -1,48477e-02	 -2,45670e-02
3852	  7,7020000000e+03	 -1,53810e-02	 -2,35427e-02
3853	  7,7040000000e+03	 -1,49364e-02	 -2,28782e-02
3854	  7,7060000000e+03	 -1,44787e-02	 -2,18326e-02
3855	  7,7080000000e+03	 -1,51707e-02	 -2,06829e-02
3856	  7,7100000000e+03	 -1,63869e-02	 -2,18404e-02
3857	  7,7120000000e+03	 -1,78673e-02	 -2,27819e-02
3858	  7,7140000000e+03	 -1,71842e-02	 -2,09896e-02
3859	  7,7160000000e+03	 -1,66931e-02	 -2,19523e-02
3860	  7,7180000000e+03	 -1,54583e-02	 -2,05045e-02
3861	  7,7200000000e+03	 -1,60321e-02	 -2,02079e-02
3862	  7,7220000000e+03	 -1,73579e-02	 -2,18284e-02
3863	  7,7240000000e+03	 -1,85621e-02	 -1,94159e-02
3864	  7,7260000000e+03	 -1,75579e-02	 -1,73386e-02
3865	  7,7280000000e+03	 -1,66582e-02	 -1,97494e-02
3866	  7,7300000000e+03	 -1,88776e-02	 -1,90484e-02
3867	  7,7320000000e+03	 -2,19708e-02	 -1,97418e-02
3868	  7,7340000000e+03	 -2,26207e-02	 -1,97763e-02
3869	  7,7360000000e+03	 -1,99952e-02	 -2,16665e-02
3870	  7,7380000000e+03	 -1,89563e-02	 -2,05772e-02
3871	  7,7400000000e+03	 -1,83415e-02	 -2,05203e-02
3872	  7,7420000000e+03	 -2,15797e-02	 -2,03527e-02
3873	  7,7440000000e+03	 -2,09259e-02	 -1,98061e-02
3874	  7,7460000000e+03	 -1,83432e-02	 -2,20901e-02
3875	  7,7480000000e+03	 -1,79643e-02	 -2,32602e-02
3876	  7,7500000000e+03	 -1,82463e-02	 -2,63168e-02
3877	  7,7520000000e+03	 -2,10196e-02	 -2,68807e-02
3878	  7,7540000000e+03	 -2,04422e-02	 -2,34115e-02
3879	  7,7560000000e+03	 -2,31722e-02	 -1,69057e-02
3880	  7,7580000000e+03	 -2,18366e-02	 -2,02718e-02
3881	  7,7600000000e+03	 -1,97184e-02	 -2,11514e-02
3882	  7,7620000000e+03	 -2,08601e-02	 -2,02509e-02
3883	  7,7640000000e+03	 -2,41464e-02	 -1,80478e-02
3884	  7,7660000000e+03	 -2,41672e-02	 -1,94545e-02
3885	  7,7680000000e+03	 -2,15313e-02	 -1,60897e-02
3886	  7,7700000000e+03	 -2,09480e-02	 -1,45603e-02
3887	  7,7720000000e+03	 -1,93990e-02	 -1,77045e-02
3888	  7,7740000000e+03	 -1,84007e-02	 -1,81104e-02
3889	  7,7760000000e+03	 -2,21713e-02	 -1,78047e-02
3890	  7,7780000000e+03	 -2,11184e-02	 -1,74013e-02
3891	  7,7800000000e+03	 -2,04854e-02	 -1,64990e-02
3892	  7,7820000000e+03	 -2,24061e-02	 -1,98123e-02
3893	  7,7840000000e+03	 -2,30192e-02	 -1,71994e-02
3894	  7,7860000000e+03	 -2,30770e-02	 -1,71938e-02
3895	  7,7880000000e+03	 -2,39986e-02	 -1,81539e-02
3896	  7,7900000000e+03	 -2,29952e-02	 -1,33063e-02
3897	  7,7920000000e+03	 -2,46440e-02	 -9,85500e-03
3898	  7,7940000000e+03	 -2,50559e-02	 -1,03215e-02
3899	  7,7960000000e+03	 -2,60074e-02	 -1,52905e-02
3900	  7,7980000000e+03	 -2,63951e-02	 -1,55584e-02
3901	  7,8000000000e+03	 -2,21366e-02	 -1,21166e-02
3902	  7,8020000000e+03	 -2,37303e-02	 -1,29923e-02
3903	  7,8040000000e+03	 -2,71735e-02	 -1,63326e-02
3904	  7,8060000000e+03	 -2,90539e-02	 -1,48770e-02
3905	  7,8080000000e+03	 -2,79681e-02	 -1,58677e-02
3906	  7,8100000000e+03	 -2,72039e-02	 -1,23761e-02
3907	  7,8120000000e+03	 -2,83139e-02	 -1,01567e-02
3908	  7,8140000000e+03	 -2,74082e-02	 -1,30259e-02
3909	  7,8160000000e+03	 -2,95988e-02	 -1,34879e-02
3910	  7,8180000000e+03	 -2,48037e-02	 -1,46661e-02
3911	  7,8200000000e+03	 -2,50903e-02	 -1,21453e-02
3912	  7,8220000000e+03	 -2,68942e-02	 -9,39936e-03
3913	  7,8240000000e+03	 -2,36594e-02	 -1,04721e-02
3914	  7,8260000000e+03	 -2,23495e-02	 -1,18526e-02
3915	  7,8280000000e+03	 -2,50149e-02	 -9,39929e-03
3916	  7,8300000000e+03	 -2,69984e-02	 -7,92853e-03
3917	  7,8320000000e+03	 -2,84879e-02	 -6,93634e-03
3918	  7,8340000000e+03	 -2,57928e-02	 -9,09079e-03
3919	  7,8360000000e+03	 -2,63553e-02	 -8,18382e-03
3920	  7,8380000000e+03	 -2,88216e-02	 -8,00693e-03
3921	  7,8400000000e+03	 -2,82646e-02	 -6,99316e-03
3922	  7,8420000000e+03	 -2,90313e-02	 -7,15533e-03
3923	  7,8440000000e+03	 -2,77602e-02	 -6,15486e-03
3924	  7,8460000000e+03	 -2,55855e-02	 -5,23325e-03
3925	  7,8480000000e+03	 -2,67166e-02	 -4,42441e-03
3926	  7,8500000000e+03	 -2,81966e-02	 -4,47802e-03
3927	  7,8520000000e+03	 -2,72720e-02	 -6,01831e-03
3928	  7,8540000000e+03	 -2,64065e-02	 -7,28933e-03
3929	  7,8560000000e+03	 -2,43388e-02	 -7,21950e-03
3930	  7,8580000000e+03	 -2,49078e-02	 -8,47265e-03
3931	  7,8600000000e+03	 -2,71746e-02	 -5,03278e-03
3932	  7,8620000000e+03	 -2,74140e-02	 -2,81993e-03
3933	  7,8640000000e+03	 -2,69665e-02	 -3,96728e-03
3934	  7,8660000000e+03	 -2,28725e-02	 -2,92759e-03
3935	  7,8680000000e+03	 -2,22069e-02	 -4,36516e-03
3936	  7,8700000000e+03	 -2,19753e-02	 -4,15854e-03
3937	  7,8720000000e+03	 -2,11934e-02	 -2,54446e-03
3938	  7,8740000000e+03	 -2,41321e-02	 -5,56709e-03
3939	  7,8760000000e+03	 -2,20381e-02	 -7,85593e-03
3940	  7,8780000000e+03	 -2,23264e-02	 -7,17808e-03
3941	  7,8800000000e+03	 -2,14362e-02	 -4,18650e-03
3942	  7,8820000000e+03	 -2,48753e-02	 -1,31704e-03
3943	  7,8840000000e+03	 -2,54803e-02	 -3,09593e-03
3944	  7,8860000000e+03	 -2,40517e-02	 -2,31617e-03
3945	  7,8880000000e+03	 -2,74528e-02	 -2,08996e-03
3946	  7,8900000000e+03	 -2,63192e-02	  9,61760e-05
3947	  7,8920000000e+03	 -2,53378e-02	 -6,33221e-04
3948	  7,8940000000e+03	 -2,29504e-02	 -5,65546e-04
3949	  7,8960000000e+03	 -2,23797e-02	 -1,55236e-03
3950	  7,8980000000e+03	 -2,29415e-02	 -5,13585e-03
3951	  7,9000000000e+03	 -2,58528e-02	 -4,74934e-03
3952	  7,9020000000e+03	 -2,40431e-02	 -2,31535e-03
3953	  7,9040000000e+03	 -2,27607e-02	 -2,89878e-03
3954	  7,9060000000e+03	 -2,46556e-02	 -1,17616e-03
3955	  7,9080000000e+03	 -2,52995e-02	 -1,56080e-03
3956	  7,9100000000e+03	 -2,63442e-02	 -1,46188e-03
3957	  7,9120000000e+03	 -2,42538e-02	 -4,55774e-04
3958	  7,9140000000e+03	 -2,11762e-02	  1,49534e-03
3959	  7,9160000000e+03	 -2,10367e-02	 -3,69470e-04
3960	  7,9180000000e+03	 -2,09714e-02	 -1,68943e-03
3961	  7,9200000000e+03	 -2,43878e-02	 -3,67741e-04
3962	  7,9220000000e+03	 -2,27327e-02	  2,19605e-03
3963	  7,9240000000e+03	 -2,15487e-02	  4,23153e-03
3964	  7,9260000000e+03	 -2,54027e-02	  1,57600e-03
3965	  7,9280000000e+03	 -2,69426e-02	 -2,58951e-04
3966	  7,9300000000e+03	 -2,39911e-02	  6,61869e-05
3967	  7,9320000000e+03	 -2,17832e-02	 -2,67191e-04
3968	  7,9340000000e+03	 -2,53674e-02	  2,72622e-03
3969	  7,9360000000e+03	 -2,48636e-02	  2,21919e-03
3970	  7,9380000000e+03	 -2,51587e-02	  1,87185e-03
3971	  7,9400000000e+03	 -2,31608e-02	  8,92279e-04
3972	  7,9420000000e+03	 -2,11212e-02	 -6,95486e-04
3973	  7,9440000000e+03	 -2,03310e-02	 -1,77139e-03
3974	  7,9460000000e+03	 -2,18432e-02	  1,08339e-03
3975	  7,9480000000e+03	 -2,25965e-02	  2,87259e-03
3976	  7,9500000000e+03	 -2,32791e-02	  3,71418e-03
3977	  7,9520000000e+03	 -2,43098e-02	  3,27266e-03
3978	  7,9540000000e+03	 -2,50885e-02	  5,17211e-03
3979	  7,9560000000e+03	 -2,36366e-02	  3,67484e-03
3980	  7,9580000000e+03	 -1,98969e-02	  3,74909e-03
3981	  7,9600000000e+03	 -2,06454e-02	  4,57136e-03
3982	  7,9620000000e+03	 -2,10147e-02	  2,96706e-03
3983	  7,9640000000e+03	 -2,26763e-02	  2,28323e-03
3984	  7,9660000000e+03	 -2,28338e-02	  2,36838e-03
3985	  7,9680000000e+03	 -2,22011e-02	  2,48427e-03
3986	  7,9700000000e+03	 -2,37350e-02	  4,63862e-03
3987	  7,9720000000e+03	 -2,54339e-02	  3,76921e-03
3988	  7,9740000000e+03	 -2,51061e-02	  2,94513e-03
3989	  7,9760000000e+03	 -2,21866e-02	  2,87917e-03
3990	  7,9780000000e+03	 -2,20170e-02	  3,76787e-03
3991	  7,9800000000e+03	 -2,15645e-02	  5,46300e-03
3992	  7,9820000000e+03	 -2,13335e-02	  6,02242e-03
3993	  7,9840000000e+03	 -2,12732e-02	  4,04931e-03
3994	  7,9860000000e+03	 -1,79072e-02	  5,13502e-03
3995	  7,9880000000e+03	 -1,83381e-02	  4,73024e-03
3996	  7,9900000000e+03	 -1,87773e-02	  8,38292e-04
3997	  7,9920000000e+03	 -2,17713e-02	  5,03024e-03
3998	  7,9940000000e+03	 -2,08420e-02	  6,26822e-03
3999	  7,9960000000e+03	 -1,87778e-02	  3,27186e-03
4000	  7,9980000000e+03	 -1,96282e-02	  3,31180e-03
4001	  8,0000000000e+03	 -2,13255e-02	  1,20263e-03
4002	  8,0020000000e+03	 -2,25840e-02	  1,83070e-03
4003	  8,0040000000e+03	 -2,30654e-02	  4,75070e-03
4004	  8,0060000000e+03	 -2,15533e-02	  3,43343e-03
4005	  8,0080000000e+03	 -2,28356e-02	  2,64498e-04
4006	  8,0100000000e+03	 -2,35026e-02	  8,71275e-04
4007	  8,0120000000e+03	 -2,49942e-02	  2,21816e-03
4008	  8,0140000000e+03	 -2,40513e-02	  1,15835e-03
4009	  8,0160000000e+03	 -2,25179e-02	  2,22509e-03
4010	  8,0180000000e+03	 -2,76254e-02	  3,20614e-03
4011	  8,0200000000e+03	 -2,59870e-02	  6,59496e-03
4012	  8,0220000000e+03	 -2,42346e-02	  9,77332e-03
4013	  8,0240000000e+03	 -2,59838e-02	  8,10150e-03
4014	  8,0260000000e+03	 -2,51336e-02	  5,51492e-03
4015	  8,0280000000e+03	 -2,55616e-02	  3,40618e-03
4016	  8,0300000000e+03	 -2,29025e-02	  3,23008e-03
4017	  8,0320000000e+03	 -2,15745e-02	  6,27799e-03
4018	  8,0340000000e+03	 -2,33616e-02	  8,28558e-03
4019	  8,0360000000e+03	 -2,19971e-02	  6,09774e-03
4020	  8,0380000000e+03	 -2,33146e-02	  2,24778e-03
4021	  8,0400000000e+03	 -2,30307e-02	  2,85287e-03
4022	  8,0420000000e+03	 -2,28764e-02	  6,45193e-03
4023	  8,0440000000e+03	 -2,31002e-02	  4,96069e-03
4024	  8,0460000000e+03	 -2,48032e-02	  4,91245e-03
4025	  8,0480000000e+03	 -2,74898e-02	  4,90070e-03
4026	  8,0500000000e+03	 -2,80902e-02	  6,01594e-03
4027	  8,0520000000e+03	 -2,61284e-02	  6,56172e-03
4028	  8,0540000000e+03	 -2,43739e-02	  3,76175e-03
4029	  8,0560000000e+03	 -2,35562e-02	  5,30654e-03
4030	  8,0580000000e+03	 -2,48504e-02	  5,49680e-03
4031	  8,0600000000e+03	 -2,42789e-02	  8,69090e-03
4032	  8,0620000000e+03	 -2,50538e-02	  9,66545e-03
4033	  8,0640000000e+03	 -2,62352e-02	  9,05597e-03
4034	  8,0660000000e+03	 -2,58933e-02	  1,07691e-02
4035	  8,0680000000e+03	 -2,40058e-02	  1,20353e-02
4036	  8,0700000000e+03	 -2,60132e-02	  8,31379e-03
4037	  8,0720000000e+03	 -2,67751e-02	  1,02268e-02
4038	  8,0740000000e+03	 -2,57537e-02	  1,06556e-02
4039	  8,0760000000e+03	 -2,30503e-02	  9,41124e-03
4040	  8,0780000000e+03	 -2,32530e-02	  1,11015e-02
4041	  8,0800000000e+03	 -2,78955e-02	  7,75482e-03
4042	  8,0820000000e+03	 -2,99158e-02	  1,02931e-02
4043	  8,0840000000e+03	 -2,76499e-02	  1,44390e-02
4044	  8,0860000000e+03	 -2,71620e-02	  1,31237e-02
4045	  8,0880000000e+03	 -2,44386e-02	  1,15061e-02
4046	  8,0900000000e+03	 -2,03729e-02	  8,79594e-03
4047	  8,0920000000e+03	 -2,20326e-02	  9,52525e-03
4048	  8,0940000000e+03	 -1,88644e-02	  1,10142e-02
4049	  8,0960000000e+03	 -2,26547e-02	  1,18445e-02
4050	  8,0980000000e+03	 -2,59185e-02	  1,27882e-02
4051	  8,1000000000e+03	 -2,67571e-02	  1,19166e-02
4052	  8,1020000000e+03	 -2,52071e-02	  1,25706e-02
4053	  8,1040000000e+03	 -2,27485e-02	  1,15739e-02
4054	  8,1060000000e+03	 -2,08174e-02	  1,05979e-02
4055	  8,1080000000e+03	 -2,33528e-02	  9,94272e-03
4056	  8,1100000000e+03	 -2,33846e-02	  8,29546e-03
4057	  8,1120000000e+03	 -2,26560e-02	  1,09296e-02
4058	  8,1140000000e+03	 -2,30456e-02	  1,15465e-02
4059	  8,1160000000e+03	 -2,29906e-02	  8,91733e-03
4060	  8,1180000000e+03	 -2,50392e-02	  8,99723e-03
4061	  8,1200000000e+03	 -2,37022e-02	  8,14101e-03
4062	  8,1220000000e+03	 -2,64931e-02	  1,20602e-02
4063	  8,1240000000e+03	 -2,60433e-02	  1,37890e-02
4064	  8,1260000000e+03	 -2,50124e-02	  1,10235e-02
4065	  8,1280000000e+03	 -2,84331e-02	  1,16554e-02
4066	  8,1300000000e+03	 -2,87811e-02	  1,44095e-02
4067	  8,1320000000e+03	 -2,65133e-02	  1,67673e-02
4068	  8,1340000000e+03	 -2,88471e-02	  1,40183e-02
4069	  8,1360000000e+03	 -2,97773e-02	  1,47865e-02
4070	  8,1380000000e+03	 -2,71116e-02	  1,66936e-02
4071	  8,1400000000e+03	 -2,68777e-02	  1,32147e-02
4072	  8,1420000000e+03	 -2,88874e-02	  1,64099e-02
4073	  8,1440000000e+03	 -2,76079e-02	  1,86477e-02
4074	  8,1460000000e+03	 -2,62580e-02	  1,90600e-02
4075	  8,1480000000e+03	 -2,61416e-02	  1,93159e-02
4076	  8,1500000000e+03	 -2,80568e-02	  1,80006e-02
4077	  8,1520000000e+03	 -2,94093e-02	  1,55851e-02
4078	  8,1540000000e+03	 -2,88562e-02	  1,66809e-02
4079	  8,1560000000e+03	 -2,95873e-02	  1,73883e-02
4080	  8,1580000000e+03	 -3,06733e-02	  1,76680e-02
4081	  8,1600000000e+03	 -2,78329e-02	  1,97831e-02
4082	  8,1620000000e+03	 -2,61245e-02	  2,05454e-02
4083	  8,1640000000e+03	 -2,61805e-02	  2,15468e-02
4084	  8,1660000000e+03	 -2,81432e-02	  2,10312e-02
4085	  8,1680000000e+03	 -2,85744e-02	  1,87952e-02
4086	  8,1700000000e+03	 -2,54898e-02	  2,36517e-02
4087	  8,1720000000e+03	 -2,66753e-02	  2,56790e-02
4088	  8,1740000000e+03	 -2,78041e-02	  2,39762e-02
4089	  8,1760000000e+03	 -2,85354e-02	  2,31845e-02
4090	  8,1780000000e+03	 -2,64523e-02	  2,25595e-02
4091	  8,1800000000e+03	 -2,64752e-02	  2,27207e-02
4092	  8,1820000000e+03	 -2,32529e-02	  2,30571e-02
4093	  8,1840000000e+03	 -2,39551e-02	  2,59844e-02
4094	  8,1860000000e+03	 -2,37302e-02	  2,58998e-02
4095	  8,1880000000e+03	 -2,47049e-02	  2,70838e-02
4096	  8,1900000000e+03	 -2,84763e-02	  2,82368e-02
4097	  8,1920000000e+03	 -2,82483e-02	  2,85079e-02
4098	  8,1940000000e+03	 -2,57153e-02	  2,98913e-02
4099	  8,1960000000e+03	 -2,62903e-02	  3,27803e-02
4100	  8,1980000000e+03	 -2,50407e-02	  3,06312e-02
4101	  8,2000000000e+03	 -2,57256e-02	  3,10786e-02
4102	  8,2020000000e+03	 -2,46466e-02	  3,23732e-02
4103	  8,2040000000e+03	 -2,71691e-02	  3,36891e-02
4104	  8,2060000000e+03	 -2,68204e-02	  3,35030e-02
4105	  8,2080000000e+03	 -2,12927e-02	  3,26312e-02
4106	  8,2100000000e+03	 -2,17638e-02	  3,25871e-02
4107	  8,2120000000e+03	 -2,54282e-02	  3,20408e-02
4108	  8,2140000000e+03	 -2,54010e-02	  3,50849e-02
4109	  8,2160000000e+03	 -2,46694e-02	  3,38448e-02
4110	  8,2180000000e+03	 -2,40124e-02	  3,32622e-02
4111	  8,2200000000e+03	 -2,21539e-02	  3,41665e-02
4112	  8,2220000000e+03	 -2,07630e-02	  3,63232e-02
4113	  8,2240000000e+03	 -2,13874e-02	  3,64520e-02
4114	  8,2260000000e+03	 -2,22971e-02	  3,73099e-02
4115	  8,2280000000e+03	 -1,97694e-02	  3,61664e-02
4116	  8,2300000000e+03	 -1,93874e-02	  3,64892e-02
4117	  8,2320000000e+03	 -1,73986e-02	  4,02342e-02
4118	  8,2340000000e+03	 -1,86604e-02	  3,90965e-02
4119	  8,2360000000e+03	 -1,93016e-02	  3,67401e-02
4120	  8,2380000000e+03	 -2,30851e-02	  3,63058e-02
4121	  8,2400000000e+03	 -2,10523e-02	  3,97158e-02
4122	  8,2420000000e+03	 -1,58863e-02	  3,85647e-02
4123	  8,2440000000e+03	 -1,77537e-02	  3,59976e-02
4124	  8,2460000000e+03	 -1,71476e-02	  3,77767e-02
4125	  8,2480000000e+03	 -1,68739e-02	  3,78093e-02
4126	  8,2500000000e+03	 -2,02828e-02	  3,80229e-02
4127	  8,2520000000e+03	 -1,84112e-02	  4,16858e-02
4128	  8,2540000000e+03	 -1,49033e-02	  4,67368e-02
4129	  8,2560000000e+03	 -1,57038e-02	  4,46873e-02
4130	  8,2580000000e+03	 -1,59488e-02	  4,30465e-02
4131	  8,2600000000e+03	 -1,37178e-02	  4,43476e-02
4132	  8,2620000000e+03	 -1,24529e-02	  4,35560e-02
4133	  8,2640000000e+03	 -1,50802e-02	  4,46230e-02
4134	  8,2660000000e+03	 -1,47894e-02	  4,46438e-02
4135	  8,2680000000e+03	 -1,12883e-02	  4,09956e-02
4136	  8,2700000000e+03	 -1,06142e-02	  4,36840e-02
4137	  8,2720000000e+03	 -9,51429e-03	  4,54253e-02
4138	  8,2740000000e+03	 -1,05617e-02	  4,66878e-02
4139	  8,2760000000e+03	 -1,21371e-02	  4,56622e-02
4140	  8,2780000000e+03	 -1,14667e-02	  4,72106e-02
4141	  8,2800000000e+03	 -1,07434e-02	  4,72813e-02
4142	  8,2820000000e+03	 -6,45004e-03	  4,77839e-02
4143	  8,2840000000e+03	 -6,76699e-03	  4,82493e-02
4144	  8,2860000000e+03	 -7,23589e-03	  4,97613e-02
4145	  8,2880000000e+03	 -5,85863e-03	  4,74064e-02
4146	  8,2900000000e+03	 -3,94183e-03	  4,63664e-02
4147	  8,2920000000e+03	 -1,95747e-03	  4,89986e-02
4148	  8,2940000000e+03	 -6,99369e-04	  4,80114e-02
4149	  8,2960000000e+03	  5,33335e-04	  4,94320e-02
4150	  8,2980000000e+03	 -5,86359e-04	  4,93574e-02
4151	  8,3000000000e+03	 -1,92674e-03	  4,72534e-02
4152	  8,3020000000e+03	 -2,37297e-03	  5,02751e-02
4153	  8,3040000000e+03	  9,27654e-04	  5,00410e-02
4154	  8,3060000000e+03	  1,22005e-03	  5,11721e-02
4155	  8,3080000000e+03	  1,93927e-03	  5,15604e-02
4156	  8,3100000000e+03	  1,99352e-03	  4,87732e-02
4157	  8,3120000000e+03	  3,04194e-03	  4,92890e-02
4158	  8,3140000000e+03	  3,86292e-03	  4,65010e-02
4159	  8,3160000000e+03	  4,05166e-03	  4,93588e-02
4160	  8,3180000000e+03	  2,43759e-03	  4,71908e-02
4161	  8,3200000000e+03	  5,87364e-03	  5,00212e-02
4162	  8,3220000000e+03	  7,21373e-03	  4,76219e-02
4163	  8,3240000000e+03	  9,37224e-03	  4,63724e-02
4164	  8,3260000000e+03	  8,62229e-03	  5,07719e-02
4165	  8,3280000000e+03	  9,10584e-03	  4,96436e-02
4166	  8,3300000000e+03	  7,56135e-03	  4,61874e-02
4167	  8,3320000000e+03	  7,98179e-03	  4,84617e-02
4168	  8,3340000000e+03	  9,22474e-03	  4,95828e-02
4169	  8,3360000000e+03	  9,20530e-03	  4,90387e-02
4170	  8,3380000000e+03	  1,26723e-02	  4,98627e-02
4171	  8,3400000000e+03	  1,42836e-02	  4,91649e-02
4172	  8,3420000000e+03	  1,55828e-02	  5,03857e-02
4173	  8,3440000000e+03	  1,52954e-02	  4,94029e-02
4174	  8,3460000000e+03	  1,20231e-02	  4,84825e-02
4175	  8,3480000000e+03	  1,34077e-02	  4,81494e-02
4176	  8,3500000000e+03	  1,43356e-02	  4,70941e-02
4177	  8,3520000000e+03	  1,51921e-02	  4,51976e-02
4178	  8,3540000000e+03	  2,25777e-02	  4,57603e-02
4179	  8,3560000000e+03	  1,96900e-02	  4,54454e-02
4180	  8,3580000000e+03	  2,16020e-02	  4,62148e-02
4181	  8,3600000000e+03	  2,40226e-02	  4,69266e-02
4182	  8,3620000000e+03	  2,40947e-02	  4,91974e-02
4183	  8,3640000000e+03	  2,30355e-02	  4,31856e-02
4184	  8,3660000000e+03	  2,42031e-02	  3,91129e-02
4185	  8,3680000000e+03	  2,54785e-02	  4,41984e-02
4186	  8,3700000000e+03	  2,55400e-02	  4,30530e-02
4187	  8,3720000000e+03	  2,26860e-02	  4,22968e-02
4188	  8,3740000000e+03	  2,30252e-02	  4,23368e-02
4189	  8,3760000000e+03	  2,32106e-02	  4,14112e-02
4190	  8,3780000000e+03	  2,30531e-02	  4,15501e-02
4191	  8,3800000000e+03	  2,60833e-02	  3,99060e-02
4192	  8,3820000000e+03	  2,87334e-02	  4,05618e-02
4193	  8,3840000000e+03	  2,73104e-02	  4,38111e-02
4194	  8,3860000000e+03	  2,64160e-02	  4,55152e-02
4195	  8,3880000000e+03	  2,96410e-02	  4,18247e-02
4196	  8,3900000000e+03	  2,89681e-02	  4,19171e-02
4197	  8,3920000000e+03	  2,99253e-02	  4,13329e-02
4198	  8,3940000000e+03	  2,88940e-02	  4,25453e-02
4199	  8,3960000000e+03	  2,91581e-02	  3,98300e-02
4200	  8,3980000000e+03	  3,27966e-02	  4,15839e-02
4201	  8,4000000000e+03	  3,51700e-02	  4,05452e-02
4202	  8,4020000000e+03	  3,10452e-02	  3,50432e-02
4203	  8,4040000000e+03	  3,14377e-02	  3,39766e-02
4204	  8,4060000000e+03	  3,04593e-02	  3,73217e-02
4205	  8,4080000000e+03	  3,37083e-02	  3,96387e-02
4206	  8,4100000000e+03	  3,64091e-02	  3,52580e-02
4207	  8,4120000000e+03	  3,74748e-02	  3,43960e-02
4208	  8,4140000000e+03	  3,62283e-02	  3,72646e-02
4209	  8,4160000000e+03	  3,71082e-02	  3,51360e-02
4210	  8,4180000000e+03	  3,66284e-02	  3,30211e-02
4211	  8,4200000000e+03	  3,77636e-02	  3,19466e-02
4212	  8,4220000000e+03	  3,60378e-02	  2,96651e-02
4213	  8,4240000000e+03	  3,55743e-02	  2,99165e-02
4214	  8,4260000000e+03	  3,72539e-02	  2,68160e-02
4215	  8,4280000000e+03	  3,99777e-02	  2,49502e-02
4216	  8,4300000000e+03	  4,31929e-02	  2,65234e-02
4217	  8,4320000000e+03	  4,22669e-02	  3,15616e-02
4218	  8,4340000000e+03	  4,21252e-02	  2,99622e-02
4219	  8,4360000000e+03	  4,41516e-02	  2,75285e-02
4220	  8,4380000000e+03	  4,34323e-02	  2,90717e-02
4221	  8,4400000000e+03	  4,19676e-02	  2,90436e-02
4222	  8,4420000000e+03	  4,06096e-02	  2,70001e-02
4223	  8,4440000000e+03	  4,42240e-02	  2,53213e-02
4224	  8,4460000000e+03	  4,51038e-02	  2,58975e-02
4225	  8,4480000000e+03	  4,31817e-02	  2,45226e-02
4226	  8,4500000000e+03	  4,73897e-02	  2,45064e-02
4227	  8,4520000000e+03	  4,63333e-02	  2,48121e-02
4228	  8,4540000000e+03	  4,30815e-02	  2,23482e-02
4229	  8,4560000000e+03	  4,08554e-02	  2,38315e-02
4230	  8,4580000000e+03	  4,21174e-02	  2,22234e-02
4231	  8,4600000000e+03	  4,52105e-02	  1,79983e-02
4232	  8,4620000000e+03	  4,55130e-02	  1,64098e-02
4233	  8,4640000000e+03	  4,80884e-02	  1,58753e-02
4234	  8,4660000000e+03	  4,78907e-02	  1,49592e-02
4235	  8,4680000000e+03	  4,59924e-02	  1,52987e-02
4236	  8,4700000000e+03	  4,48560e-02	  1,74029e-02
4237	  8,4720000000e+03	  4,52007e-02	  1,69681e-02
4238	  8,4740000000e+03	  4,77441e-02	  1,46755e-02
4239	  8,4760000000e+03	  4,85569e-02	  1,23189e-02
4240	  8,4780000000e+03	  4,53134e-02	  1,36880e-02
4241	  8,4800000000e+03	  4,65759e-02	  1,47061e-02
4242	  8,4820000000e+03	  4,61620e-02	  1,34221e-02
4243	  8,4840000000e+03	  4,73524e-02	  1,19345e-02
4244	  8,4860000000e+03	  4,61957e-02	  1,28432e-02
4245	  8,4880000000e+03	  4,62627e-02	  1,17874e-02
4246	  8,4900000000e+03	  4,97493e-02	  1,04185e-02
4247	  8,4920000000e+03	  4,98337e-02	  7,33360e-03
4248	  8,4940000000e+03	  5,21456e-02	  7,02843e-03
4249	  8,4960000000e+03	  4,79860e-02	  6,46361e-03
4250	  8,4980000000e+03	  4,70988e-02	  8,44852e-03
4251	  8,5000000000e+03	  4,67641e-02	  5,78485e-03
4252	  8,5020000000e+03	  4,52967e-02	  1,12625e-03
4253	  8,5040000000e+03	  4,66472e-02	  1,36081e-03
4254	  8,5060000000e+03	  4,61843e-02	  9,39303e-04
4255	  8,5080000000e+03	  4,56296e-02	  2,04815e-05
4256	  8,5100000000e+03	  4,38169e-02	  8,94758e-04
4257	  8,5120000000e+03	  4,34404e-02	 -1,63062e-03
4258	  8,5140000000e+03	  4,38670e-02	 -1,97764e-03
4259	  8,5160000000e+03	  4,38775e-02	 -3,07062e-03
4260	  8,5180000000e+03	  4,29724e-02	 -3,14845e-03
4261	  8,5200000000e+03	  4,22083e-02	 -2,58454e-03
4262	  8,5220000000e+03	  4,22204e-02	 -1,40415e-03
4263	  8,5240000000e+03	  4,34385e-02	 -3,54027e-03
4264	  8,5260000000e+03	  4,29844e-02	 -5,25280e-03
4265	  8,5280000000e+03	  4,25042e-02	 -3,32328e-03
4266	  8,5300000000e+03	  4,29933e-02	 -1,69757e-03
4267	  8,5320000000e+03	  4,21514e-02	 -5,93657e-03
4268	  8,5340000000e+03	  4,13168e-02	 -4,66887e-03
4269	  8,5360000000e+03	  4,53037e-02	 -1,61116e-03
4270	  8,5380000000e+03	  4,54784e-02	 -3,53393e-03
4271	  8,5400000000e+03	  4,39956e-02	 -4,68822e-03
4272	  8,5420000000e+03	  4,18365e-02	 -3,60364e-03
4273	  8,5440000000e+03	  3,95964e-02	 -6,05588e-03
4274	  8,5460000000e+03	  4,05329e-02	 -1,11740e-02
4275	  8,5480000000e+03	  4,46013e-02	 -9,28191e-03
4276	  8,5500000000e+03	  4,37487e-02	 -1,06477e-02
4277	  8,5520000000e+03	  4,03985e-02	 -1,26365e-02
4278	  8,5540000000e+03	  3,84729e-02	 -9,18184e-03
4279	  8,5560000000e+03	  3,90666e-02	 -9,75615e-03
4280	  8,5580000000e+03	  3,96911e-02	 -9,27680e-03
4281	  8,5600000000e+03	  3,84775e-02	 -1,32411e-02
4282	  8,5620000000e+03	  3,62989e-02	 -1,36899e-02
4283	  8,5640000000e+03	  3,72345e-02	 -1,46448e-02
4284	  8,5660000000e+03	  3,92731e-02	 -1,57580e-02
4285	  8,5680000000e+03	  4,15111e-02	 -1,32516e-02
4286	  8,5700000000e+03	  3,89287e-02	 -9,86841e-03
4287	  8,5720000000e+03	  3,85816e-02	 -9,76380e-03
4288	  8,5740000000e+03	  3,85464e-02	 -1,12686e-02
4289	  8,5760000000e+03	  3,56615e-02	 -1,45776e-02
4290	  8,5780000000e+03	  3,50460e-02	 -1,60328e-02
4291	  8,5800000000e+03	  3,66472e-02	 -1,49557e-02
4292	  8,5820000000e+03	  3,57775e-02	 -1,42608e-02
4293	  8,5840000000e+03	  3,42646e-02	 -1,50950e-02
4294	  8,5860000000e+03	  3,42461e-02	 -1,70139e-02
4295	  8,5880000000e+03	  3,47807e-02	 -1,61111e-02
4296	  8,5900000000e+03	  3,52123e-02	 -1,54766e-02
4297	  8,5920000000e+03	  3,29448e-02	 -1,78808e-02
4298	  8,5940000000e+03	  3,29205e-02	 -1,62716e-02
4299	  8,5960000000e+03	  3,40517e-02	 -1,56444e-02
4300	  8,5980000000e+03	  3,18426e-02	 -1,72242e-02
4301	  8,6000000000e+03	  3,30469e-02	 -1,54866e-02
4302	  8,6020000000e+03	  3,53234e-02	 -1,64176e-02
4303	  8,6040000000e+03	  3,60863e-02	 -1,69114e-02
4304	  8,6060000000e+03	  3,57112e-02	 -1,71726e-02
4305	  8,6080000000e+03	  3,29999e-02	 -1,86290e-02
4306	  8,6100000000e+03	  3,16362e-02	 -2,00757e-02
4307	  8,6120000000e+03	  3,05255e-02	 -2,32928e-02
4308	  8,6140000000e+03	  3,28727e-02	 -2,29229e-02
4309	  8,6160000000e+03	  3,07111e-02	 -1,99194e-02
4310	  8,6180000000e+03	  3,02893e-02	 -1,98376e-02
4311	  8,6200000000e+03	  2,85270e-02	 -2,40947e-02
4312	  8,6220000000e+03	  2,95194e-02	 -2,46369e-02
4313	  8,6240000000e+03	  2,88031e-02	 -2,39885e-02
4314	  8,6260000000e+03	  2,91089e-02	 -2,25676e-02
4315	  8,6280000000e+03	  2,78474e-02	 -2,38839e-02
4316	  8,6300000000e+03	  2,62557e-02	 -2,39689e-02
4317	  8,6320000000e+03	  2,62808e-02	 -2,50852e-02
4318	  8,6340000000e+03	  2,42392e-02	 -2,29411e-02
4319	  8,6360000000e+03	  2,58249e-02	 -2,19913e-02
4320	  8,6380000000e+03	  2,48369e-02	 -2,25444e-02
4321	  8,6400000000e+03	  2,27959e-02	 -2,03081e-02
4322	  8,6420000000e+03	  2,32214e-02	 -1,97261e-02
4323	  8,6440000000e+03	  2,55733e-02	 -2,00895e-02
4324	  8,6460000000e+03	  2,50162e-02	 -2,32029e-02
4325	  8,6480000000e+03	  2,39519e-02	 -2,41728e-02
4326	  8,6500000000e+03	  2,48183e-02	 -2,37329e-02
4327	  8,6520000000e+03	  2,35916e-02	 -2,24314e-02
4328	  8,6540000000e+03	  2,03195e-02	 -2,09126e-02
4329	  8,6560000000e+03	  2,09526e-02	 -2,44350e-02
4330	  8,6580000000e+03	  2,33463e-02	 -2,70512e-02
4331	  8,6600000000e+03	  2,09659e-02	 -2,95474e-02
4332	  8,6620000000e+03	  1,80485e-02	 -2,62335e-02
4333	  8,6640000000e+03	  1,83562e-02	 -2,34851e-02
4334	  8,6660000000e+03	  2,00348e-02	 -2,31566e-02
4335	  8,6680000000e+03	  2,06332e-02	 -2,25518e-02
4336	  8,6700000000e+03	  1,94878e-02	 -2,19888e-02
4337	  8,6720000000e+03	  2,06442e-02	 -2,31786e-02
4338	  8,6740000000e+03	  1,93443e-02	 -2,59541e-02
4339	  8,6760000000e+03	  1,85243e-02	 -2,71655e-02
4340	  8,6780000000e+03	  1,93936e-02	 -2,67912e-02
4341	  8,6800000000e+03	  1,88178e-02	 -2,91967e-02
4342	  8,6820000000e+03	  1,92207e-02	 -3,03787e-02
4343	  8,6840000000e+03	  2,00022e-02	 -2,80946e-02
4344	  8,6860000000e+03	  1,94608e-02	 -2,41324e-02
4345	  8,6880000000e+03	  1,42853e-02	 -2,53813e-02
4346	  8,6900000000e+03	  1,54770e-02	 -2,98745e-02
4347	  8,6920000000e+03	  1,44577e-02	 -2,80047e-02
4348	  8,6940000000e+03	  1,49959e-02	 -2,69905e-02
4349	  8,6960000000e+03	  1,36533e-02	 -3,08208e-02
4350	  8,6980000000e+03	  1,07231e-02	 -3,11291e-02
4351	  8,7000000000e+03	  1,07159e-02	 -2,75703e-02
4352	  8,7020000000e+03	  1,29779e-02	 -2,78342e-02
4353	  8,7040000000e+03	  1,60062e-02	 -2,74964e-02
4354	  8,7060000000e+03	  1,04468e-02	 -2,81256e-02
4355	  8,7080000000e+03	  1,02844e-02	 -3,01956e-02
4356	  8,7100000000e+03	  1,07556e-02	 -2,69604e-02
4357	  8,7120000000e+03	  1,06993e-02	 -2,61141e-02
4358	  8,7140000000e+03	  1,05947e-02	 -2,85895e-02
4359	  8,7160000000e+03	  9,05235e-03	 -2,60441e-02
4360	  8,7180000000e+03	  8,92708e-03	 -2,84002e-02
4361	  8,7200000000e+03	  9,72380e-03	 -2,81330e-02
4362	  8,7220000000e+03	  8,22725e-03	 -2,77444e-02
4363	  8,7240000000e+03	  5,51647e-03	 -2,95538e-02
4364	  8,7260000000e+03	  7,42732e-03	 -2,92234e-02
4365	  8,7280000000e+03	  7,71651e-03	 -2,57319e-02
4366	  8,7300000000e+03	  9,24954e-03	 -2,91551e-02
4367	  8,7320000000e+03	  7,01408e-03	 -3,18130e-02
4368	  8,7340000000e+03	  6,62239e-03	 -3,09954e-02
4369	  8,7360000000e+03	  7,95668e-03	 -3,17081e-02
4370	  8,7380000000e+03	  6,73933e-03	 -3,03545e-02
4371	  8,7400000000e+03	  6,17508e-03	 -2,88557e-02
4372	  8,7420000000e+03	  5,98917e-03	 -2,72363e-02
4373	  8,7440000000e+03	  1,40397e-03	 -2,80592e-02
4374	  8,7460000000e+03	  5,10845e-04	 -2,86216e-02
4375	  8,7480000000e+03	 -1,34517e-03	 -3,05174e-02
4376	  8,7500000000e+03	 -9,11033e-04	 -2,79499e-02
4377	  8,7520000000e+03	  1,18702e-03	 -2,67338e-02
4378	  8,7540000000e+03	  1,38002e-03	 -2,50158e-02
4379	  8,7560000000e+03	 -8,82294e-04	 -2,94017e-02
4380	  8,7580000000e+03	 -3,15759e-03	 -2,92585e-02
4381	  8,7600000000e+03	 -1,31133e-03	 -2,35067e-02
4382	  8,7620000000e+03	 -8,75554e-04	 -2,10852e-02
4383	  8,7640000000e+03	 -2,87779e-03	 -2,21161e-02
4384	  8,7660000000e+03	 -4,25107e-03	 -2,55984e-02
4385	  8,7680000000e+03	 -6,73765e-03	 -2,68187e-02
4386	  8,7700000000e+03	 -3,99017e-03	 -2,33534e-02
4387	  8,7720000000e+03	 -5,27056e-03	 -2,19415e-02
4388	  8,7740000000e+03	 -8,52614e-03	 -2,41576e-02
4389	  8,7760000000e+03	 -9,08351e-03	 -2,30981e-02
4390	  8,7780000000e+03	 -8,29200e-03	 -2,05947e-02
4391	  8,7800000000e+03	 -7,92860e-03	 -1,74053e-02
4392	  8,7820000000e+03	 -1,02144e-02	 -1,18028e-02
4393	  8,7840000000e+03	 -9,48884e-03	 -1,78365e-02
4394	  8,7860000000e+03	 -8,63137e-03	 -1,93224e-02
4395	  8,7880000000e+03	 -1,02473e-02	 -1,55067e-02
4396	  8,7900000000e+03	 -9,55660e-03	 -1,54814e-02
4397	  8,7920000000e+03	 -7,13406e-03	 -1,52687e-02
4398	  8,7940000000e+03	 -6,14995e-03	 -1,45514e-02
4399	  8,7960000000e+03	 -6,65292e-03	 -1,16402e-02
4400	  8,7980000000e+03	 -6,03868e-03	 -1,09362e-02
4401	  8,8000000000e+03	 -6,30319e-03	 -1,51860e-02
4402	  8,8020000000e+03	 -7,40431e-03	 -1,42857e-02
4403	  8,8040000000e+03	 -7,21624e-03	 -1,11160e-02
4404	  8,8060000000e+03	 -5,66572e-03	 -1,16680e-02
4405	  8,8080000000e+03	 -7,62968e-03	 -1,17840e-02
4406	  8,8100000000e+03	 -8,96857e-03	 -1,40429e-02
4407	  8,8120000000e+03	 -5,19695e-03	 -1,07118e-02
4408	  8,8140000000e+03	 -4,10536e-03	 -1,00592e-02
4409	  8,8160000000e+03	 -4,13156e-03	 -1,19061e-02
4410	  8,8180000000e+03	 -5,62763e-03	 -1,13020e-02
4411	  8,8200000000e+03	 -6,71442e-03	 -8,97725e-03
4412	  8,8220000000e+03	 -7,06433e-03	 -8,85618e-03
4413	  8,8240000000e+03	 -7,62229e-03	 -1,18038e-02
4414	  8,8260000000e+03	 -6,63801e-03	 -1,00597e-02
4415	  8,8280000000e+03	 -5,69408e-03	 -7,15339e-03
4416	  8,8300000000e+03	 -5,06556e-03	 -8,70792e-03
4417	  8,8320000000e+03	 -5,75616e-03	 -6,91263e-03
4418	  8,8340000000e+03	 -8,30273e-03	 -8,02511e-03
4419	  8,8360000000e+03	 -7,96483e-03	 -1,04439e-02
4420	  8,8380000000e+03	 -7,13720e-03	 -7,71890e-03
4421	  8,8400000000e+03	 -7,11191e-03	 -6,29320e-03
4422	  8,8420000000e+03	 -5,49768e-03	 -3,43166e-03
4423	  8,8440000000e+03	 -4,54983e-03	 -4,93623e-03
4424	  8,8460000000e+03	 -5,45227e-03	 -8,75098e-03
4425	  8,8480000000e+03	 -4,02891e-03	 -6,76850e-03
4426	  8,8500000000e+03	  1,54539e-03	 -2,41702e-03
4427	  8,8520000000e+03	  3,04947e-03	 -4,03439e-03
4428	  8,8540000000e+03	  1,40377e-03	 -1,97185e-03
4429	  8,8560000000e+03	  7,50901e-04	 -1,93865e-03
4430	  8,8580000000e+03	  1,06719e-03	 -2,65643e-03
4431	  8,8600000000e+03	 -4,68252e-04	 -4,20157e-03
4432	  8,8620000000e+03	 -2,34467e-03	 -2,87976e-04
4433	  8,8640000000e+03	 -1,14760e-03	  1,68375e-04
4434	  8,8660000000e+03	  2,96872e-03	 -2,88851e-03
4435	  8,8680000000e+03	  1,84636e-03	 -2,65720e-03
4436	  8,8700000000e+03	  1,80328e-03	 -5,39819e-04
4437	  8,8720000000e+03	  4,84980e-03	 -2,38412e-03
4438	  8,8740000000e+03	  3,46428e-03	 -2,52486e-03
4439	  8,8760000000e+03	  2,61336e-04	 -7,19393e-04
4440	  8,8780000000e+03	  1,14532e-03	 -2,55630e-03
4441	  8,8800000000e+03	  5,15344e-03	 -3,75635e-03
4442	  8,8820000000e+03	  3,41272e-03	 -2,71065e-03
4443	  8,8840000000e+03	  3,19807e-03	 -3,86397e-03
4444	  8,8860000000e+03	  5,73650e-03	  1,11782e-03
4445	  8,8880000000e+03	  6,53425e-03	 -4,29970e-04
4446	  8,8900000000e+03	  4,65047e-03	 -6,60977e-04
4447	  8,8920000000e+03	  1,19985e-03	  8,17841e-04
4448	  8,8940000000e+03	  4,21744e-03	  2,81566e-03
4449	  8,8960000000e+03	  8,93212e-03	  2,89699e-03
4450	  8,8980000000e+03	  1,01714e-02	  3,74585e-03
4451	  8,9000000000e+03	  8,86380e-03	  1,86694e-03
4452	  8,9020000000e+03	  7,10978e-03	  2,09099e-03
4453	  8,9040000000e+03	  8,48163e-03	 -2,87944e-04
4454	  8,9060000000e+03	  9,73977e-03	 -5,34594e-04
4455	  8,9080000000e+03	  9,37165e-03	 -1,53910e-03
4456	  8,9100000000e+03	  1,04583e-02	 -1,96930e-03
4457	  8,9120000000e+03	  1,19610e-02	  1,05087e-03
4458	  8,9140000000e+03	  1,27113e-02	  1,24627e-03
4459	  8,9160000000e+03	  1,47768e-02	 -1,14474e-03
4460	  8,9180000000e+03	  1,47926e-02	 -5,84851e-04
4461	  8,9200000000e+03	  1,20901e-02	 -1,52769e-03
4462	  8,9220000000e+03	  1,20155e-02	 -3,31004e-04
4463	  8,9240000000e+03	  1,30700e-02	 -2,22552e-03
4464	  8,9260000000e+03	  1,48923e-02	 -2,20963e-03
4465	  8,9280000000e+03	  1,52364e-02	 -4,23095e-03
4466	  8,9300000000e+03	  1,06814e-02	 -6,08791e-03
4467	  8,9320000000e+03	  1,46872e-02	 -5,99940e-03
4468	  8,9340000000e+03	  1,52470e-02	 -7,94696e-03
4469	  8,9360000000e+03	  1,72938e-02	 -9,33333e-03
4470	  8,9380000000e+03	  1,78792e-02	 -7,78285e-03
4471	  8,9400000000e+03	  1,92058e-02	 -6,54298e-03
4472	  8,9420000000e+03	  1,89309e-02	 -8,26752e-03
4473	  8,9440000000e+03	  1,79839e-02	 -1,16456e-02
4474	  8,9460000000e+03	  1,74077e-02	 -1,19499e-02
4475	  8,9480000000e+03	  1,58602e-02	 -1,05637e-02
4476	  8,9500000000e+03	  1,61001e-02	 -8,63843e-03
4477	  8,9520000000e+03	  1,71504e-02	 -8,01115e-03
4478	  8,9540000000e+03	  1,70010e-02	 -1,05991e-02
4479	  8,9560000000e+03	  1,49111e-02	 -1,34840e-02
4480	  8,9580000000e+03	  1,51331e-02	 -1,31846e-02
4481	  8,9600000000e+03	  1,84488e-02	 -1,53245e-02
4482	  8,9620000000e+03	  1,88557e-02	 -1,86270e-02
4483	  8,9640000000e+03	  1,91811e-02	 -1,76936e-02
4484	  8,9660000000e+03	  2,03125e-02	 -1,32127e-02
4485	  8,9680000000e+03	  1,72509e-02	 -1,49993e-02
4486	  8,9700000000e+03	  1,59152e-02	 -1,53252e-02
4487	  8,9720000000e+03	  1,65679e-02	 -1,36385e-02
4488	  8,9740000000e+03	  1,93260e-02	 -1,18191e-02
4489	  8,9760000000e+03	  2,03075e-02	 -1,32243e-02
4490	  8,9780000000e+03	  1,67108e-02	 -1,49454e-02
4491	  8,9800000000e+03	  1,36764e-02	 -1,64856e-02
4492	  8,9820000000e+03	  1,61666e-02	 -1,87420e-02
4493	  8,9840000000e+03	  1,54784e-02	 -1,92080e-02
4494	  8,9860000000e+03	  1,80329e-02	 -1,94250e-02
4495	  8,9880000000e+03	  1,90288e-02	 -2,06520e-02
4496	  8,9900000000e+03	  1,61599e-02	 -2,13808e-02
4497	  8,9920000000e+03	  1,55012e-02	 -2,10115e-02
4498	  8,9940000000e+03	  1,54487e-02	 -1,88452e-02
4499	  8,9960000000e+03	  1,55484e-02	 -1,94508e-02
4500	  8,9980000000e+03	  1,56162e-02	 -2,27468e-02
4501	  9,0000000000e+03	  1,63104e-02	 -2,46192e-02
4502	  9,0020000000e+03	  1,72367e-02	 -2,34757e-02
4503	  9,0040000000e+03	  1,59140e-02	 -2,45918e-02
4504	  9,0060000000e+03	  1,60374e-02	 -2,49342e-02
4505	  9,0080000000e+03	  1,46643e-02	 -2,45368e-02
4506	  9,0100000000e+03	  1,36119e-02	 -2,71491e-02
4507	  9,0120000000e+03	  1,20997e-02	 -2,68561e-02
4508	  9,0140000000e+03	  1,23769e-02	 -2,62495e-02
4509	  9,0160000000e+03	  1,30131e-02	 -2,53053e-02
4510	  9,0180000000e+03	  1,40086e-02	 -2,72344e-02
4511	  9,0200000000e+03	  1,31855e-02	 -2,98976e-02
4512	  9,0220000000e+03	  1,14973e-02	 -2,95423e-02
4513	  9,0240000000e+03	  1,18315e-02	 -2,96352e-02
4514	  9,0260000000e+03	  1,16881e-02	 -2,80717e-02
4515	  9,0280000000e+03	  1,31556e-02	 -2,76135e-02
4516	  9,0300000000e+03	  9,19113e-03	 -2,69653e-02
4517	  9,0320000000e+03	  9,02380e-03	 -2,48854e-02
4518	  9,0340000000e+03	  9,87196e-03	 -2,54530e-02
4519	  9,0360000000e+03	  7,15132e-03	 -2,94235e-02
4520	  9,0380000000e+03	  6,50968e-03	 -3,12503e-02
4521	  9,0400000000e+03	  6,60548e-03	 -3,15275e-02
4522	  9,0420000000e+03	  8,17804e-03	 -2,82241e-02
4523	  9,0440000000e+03	  9,60089e-03	 -2,67467e-02
4524	  9,0460000000e+03	  8,93679e-03	 -2,79966e-02
4525	  9,0480000000e+03	  8,41072e-03	 -2,85807e-02
4526	  9,0500000000e+03	  1,09051e-02	 -3,05199e-02
4527	  9,0520000000e+03	  1,19022e-02	 -3,25496e-02
4528	  9,0540000000e+03	  1,10937e-02	 -3,27431e-02
4529	  9,0560000000e+03	  1,13034e-02	 -3,10683e-02
4530	  9,0580000000e+03	  8,48920e-03	 -3,17955e-02
4531	  9,0600000000e+03	  7,03632e-03	 -3,12172e-02
4532	  9,0620000000e+03	  7,30939e-03	 -3,23762e-02
4533	  9,0640000000e+03	  8,88919e-03	 -3,21505e-02
4534	  9,0660000000e+03	  9,42589e-03	 -3,24374e-02
4535	  9,0680000000e+03	  6,69590e-03	 -3,45149e-02
4536	  9,0700000000e+03	  5,61367e-03	 -3,36772e-02
4537	  9,0720000000e+03	  7,17306e-03	 -3,65372e-02
4538	  9,0740000000e+03	  5,00855e-03	 -3,42375e-02
4539	  9,0760000000e+03	  6,47071e-03	 -3,41627e-02
4540	  9,0780000000e+03	  5,00831e-03	 -3,81072e-02
4541	  9,0800000000e+03	  1,79417e-03	 -3,82565e-02
4542	  9,0820000000e+03	  1,81070e-04	 -3,57783e-02
4543	  9,0840000000e+03	  9,82982e-04	 -3,45415e-02
4544	  9,0860000000e+03	  1,39246e-03	 -3,54044e-02
4545	  9,0880000000e+03	 -6,49778e-04	 -3,61189e-02
4546	  9,0900000000e+03	 -3,16587e-03	 -3,94793e-02
4547	  9,0920000000e+03	 -1,87561e-03	 -3,78021e-02
4548	  9,0940000000e+03	 -3,45459e-03	 -3,52479e-02
4549	  9,0960000000e+03	 -4,56037e-03	 -3,44511e-02
4550	  9,0980000000e+03	 -6,81858e-03	 -3,91367e-02
4551	  9,1000000000e+03	 -4,98104e-03	 -3,57938e-02
4552	  9,1020000000e+03	 -4,82482e-03	 -3,91096e-02
4553	  9,1040000000e+03	 -3,12246e-03	 -4,13578e-02
4554	  9,1060000000e+03	  2,84091e-03	 -4,10241e-02
4555	  9,1080000000e+03	 -1,14122e-03	 -4,04083e-02
4556	  9,1100000000e+03	 -5,32516e-03	 -4,11464e-02
4557	  9,1120000000e+03	 -5,08399e-03	 -4,09209e-02
4558	  9,1140000000e+03	 -5,15364e-03	 -4,25212e-02
4559	  9,1160000000e+03	 -7,56004e-03	 -4,45569e-02
4560	  9,1180000000e+03	 -9,71668e-03	 -4,00615e-02
4561	  9,1200000000e+03	 -1,03025e-02	 -3,93617e-02
4562	  9,1220000000e+03	 -7,43752e-03	 -3,93224e-02
4563	  9,1240000000e+03	 -9,06578e-03	 -3,59389e-02
4564	  9,1260000000e+03	 -1,33873e-02	 -3,65355e-02
4565	  9,1280000000e+03	 -1,30439e-02	 -3,76096e-02
4566	  9,1300000000e+03	 -1,31544e-02	 -3,77116e-02
4567	  9,1320000000e+03	 -1,43518e-02	 -3,76318e-02
4568	  9,1340000000e+03	 -1,54433e-02	 -3,94084e-02
4569	  9,1360000000e+03	 -1,36576e-02	 -3,78170e-02
4570	  9,1380000000e+03	 -1,32608e-02	 -3,87656e-02
4571	  9,1400000000e+03	 -1,48718e-02	 -3,86367e-02
4572	  9,1420000000e+03	 -1,65597e-02	 -3,92554e-02
4573	  9,1440000000e+03	 -1,67236e-02	 -3,75569e-02
4574	  9,1460000000e+03	 -1,65673e-02	 -3,78284e-02
4575	  9,1480000000e+03	 -1,53660e-02	 -4,04359e-02
4576	  9,1500000000e+03	 -1,65885e-02	 -3,76251e-02
4577	  9,1520000000e+03	 -1,62947e-02	 -3,94768e-02
4578	  9,1540000000e+03	 -1,39453e-02	 -4,29429e-02
4579	  9,1560000000e+03	 -1,54404e-02	 -3,83671e-02
4580	  9,1580000000e+03	 -2,10325e-02	 -3,87581e-02
4581	  9,1600000000e+03	 -2,06973e-02	 -4,01270e-02
4582	  9,1620000000e+03	 -2,19076e-02	 -3,94782e-02
4583	  9,1640000000e+03	 -2,09212e-02	 -4,25892e-02
4584	  9,1660000000e+03	 -2,43454e-02	 -4,13287e-02
4585	  9,1680000000e+03	 -2,44328e-02	 -3,71597e-02
4586	  9,1700000000e+03	 -2,23028e-02	 -3,60055e-02
4587	  9,1720000000e+03	 -2,54179e-02	 -3,75710e-02
4588	  9,1740000000e+03	 -2,40824e-02	 -3,43862e-02
4589	  9,1760000000e+03	 -2,43364e-02	 -3,63461e-02
4590	  9,1780000000e+03	 -2,68634e-02	 -3,54000e-02
4591	  9,1800000000e+03	 -2,81762e-02	 -3,64707e-02
4592	  9,1820000000e+03	 -3,19639e-02	 -3,07913e-02
4593	  9,1840000000e+03	 -3,10691e-02	 -3,27221e-02
4594	  9,1860000000e+03	 -2,68070e-02	 -3,52251e-02
4595	  9,1880000000e+03	 -2,74439e-02	 -3,13247e-02
4596	  9,1900000000e+03	 -3,06511e-02	 -3,23405e-02
4597	  9,1920000000e+03	 -3,17511e-02	 -3,50912e-02
4598	  9,1940000000e+03	 -2,95996e-02	 -2,98307e-02
4599	  9,1960000000e+03	 -2,89523e-02	 -2,94787e-02
4600	  9,1980000000e+03	 -2,99478e-02	 -2,98250e-02
4601	  9,2000000000e+03	 -2,90824e-02	 -2,82912e-02
4602	  9,2020000000e+03	 -3,00252e-02	 -2,88318e-02
4603	  9,2040000000e+03	 -3,06665e-02	 -2,85712e-02
4604	  9,2060000000e+03	 -3,04408e-02	 -2,86814e-02
4605	  9,2080000000e+03	 -2,97755e-02	 -2,90575e-02
4606	  9,2100000000e+03	 -2,93595e-02	 -2,98747e-02
4607	  9,2120000000e+03	 -3,25410e-02	 -2,83145e-02
4608	  9,2140000000e+03	 -3,22824e-02	 -2,94168e-02
4609	  9,2160000000e+03	 -3,19382e-02	 -3,11961e-02
4610	  9,2180000000e+03	 -3,39421e-02	 -2,87142e-02
4611	  9,2200000000e+03	 -3,48334e-02	 -2,85103e-02
4612	  9,2220000000e+03	 -3,10101e-02	 -2,95499e-02
4613	  9,2240000000e+03	 -3,26943e-02	 -2,88252e-02
4614	  9,2260000000e+03	 -3,34781e-02	 -2,92092e-02
4615	  9,2280000000e+03	 -3,19674e-02	 -2,72959e-02
4616	  9,2300000000e+03	 -3,35559e-02	 -2,55156e-02
4617	  9,2320000000e+03	 -3,38769e-02	 -2,53384e-02
4618	  9,2340000000e+03	 -3,58632e-02	 -2,48726e-02
4619	  9,2360000000e+03	 -3,81157e-02	 -2,86599e-02
4620	  9,2380000000e+03	 -3,85082e-02	 -2,87617e-02
4621	  9,2400000000e+03	 -4,03884e-02	 -3,03487e-02
4622	  9,2420000000e+03	 -4,00088e-02	 -2,69232e-02
4623	  9,2440000000e+03	 -4,07318e-02	 -2,01417e-02
4624	  9,2460000000e+03	 -4,05712e-02	 -2,15191e-02
4625	  9,2480000000e+03	 -3,98047e-02	 -2,38731e-02
4626	  9,2500000000e+03	 -4,14491e-02	 -2,53543e-02
4627	  9,2520000000e+03	 -4,15927e-02	 -2,21169e-02
4628	  9,2540000000e+03	 -4,29257e-02	 -2,05686e-02
4629	  9,2560000000e+03	 -4,57056e-02	 -1,96787e-02
4630	  9,2580000000e+03	 -4,58561e-02	 -1,88314e-02
4631	  9,2600000000e+03	 -4,58792e-02	 -1,82226e-02
4632	  9,2620000000e+03	 -4,65962e-02	 -1,48512e-02
4633	  9,2640000000e+03	 -4,40740e-02	 -1,59146e-02
4634	  9,2660000000e+03	 -4,24116e-02	 -1,54512e-02
4635	  9,2680000000e+03	 -4,29117e-02	 -1,84420e-02
4636	  9,2700000000e+03	 -4,47415e-02	 -1,83637e-02
4637	  9,2720000000e+03	 -4,64577e-02	 -1,50712e-02
4638	  9,2740000000e+03	 -4,65244e-02	 -1,34443e-02
4639	  9,2760000000e+03	 -4,28234e-02	 -1,15326e-02
4640	  9,2780000000e+03	 -4,34789e-02	 -1,14376e-02
4641	  9,2800000000e+03	 -4,72953e-02	 -1,24535e-02
4642	  9,2820000000e+03	 -4,77678e-02	 -1,24247e-02
4643	  9,2840000000e+03	 -4,47617e-02	 -1,00556e-02
4644	  9,2860000000e+03	 -4,45101e-02	 -8,62115e-03
4645	  9,2880000000e+03	 -4,34743e-02	 -6,72334e-03
4646	  9,2900000000e+03	 -4,19142e-02	 -5,58038e-03
4647	  9,2920000000e+03	 -4,20789e-02	 -3,66460e-03
4648	  9,2940000000e+03	 -4,24319e-02	 -4,37410e-03
4649	  9,2960000000e+03	 -4,32688e-02	 -6,24066e-03
4650	  9,2980000000e+03	 -4,51844e-02	 -7,88816e-03
4651	  9,3000000000e+03	 -4,61847e-02	 -3,13941e-03
4652	  9,3020000000e+03	 -4,57815e-02	 -1,83781e-03
4653	  9,3040000000e+03	 -4,22952e-02	 -1,01146e-03
4654	  9,3060000000e+03	 -4,16384e-02	 -3,56739e-03
4655	  9,3080000000e+03	 -4,37309e-02	 -4,06902e-03
4656	  9,3100000000e+03	 -4,30669e-02	 -5,99762e-03
4657	  9,3120000000e+03	 -4,08683e-02	 -5,89158e-03
4658	  9,3140000000e+03	 -4,09515e-02	 -4,56833e-03
4659	  9,3160000000e+03	 -4,25603e-02	 -5,68557e-03
4660	  9,3180000000e+03	 -4,10733e-02	 -4,69457e-03
4661	  9,3200000000e+03	 -4,03457e-02	 -9,79749e-04
4662	  9,3220000000e+03	 -4,29423e-02	 -2,75498e-03
4663	  9,3240000000e+03	 -3,83453e-02	 -1,89400e-03
4664	  9,3260000000e+03	 -3,73919e-02	 -2,93179e-03
4665	  9,3280000000e+03	 -3,97203e-02	 -4,83267e-03
4666	  9,3300000000e+03	 -4,25222e-02	 -1,51241e-03
4667	  9,3320000000e+03	 -4,29418e-02	  4,93873e-04
4668	  9,3340000000e+03	 -3,93501e-02	 -1,62700e-04
4669	  9,3360000000e+03	 -3,85980e-02	 -2,69124e-03
4670	  9,3380000000e+03	 -4,22873e-02	 -2,06729e-03
4671	  9,3400000000e+03	 -4,17852e-02	 -2,44217e-03
4672	  9,3420000000e+03	 -4,02313e-02	 -2,21841e-03
4673	  9,3440000000e+03	 -4,24576e-02	 -2,87069e-03
4674	  9,3460000000e+03	 -4,48696e-02	 -2,85460e-03
4675	  9,3480000000e+03	 -4,36662e-02	 -4,72026e-03
4676	  9,3500000000e+03	 -4,34485e-02	 -5,14789e-03
4677	  9,3520000000e+03	 -4,37881e-02	 -4,69842e-03
4678	  9,3540000000e+03	 -4,25644e-02	 -5,33072e-03
4679	  9,3560000000e+03	 -4,19016e-02	 -4,62772e-03
4680	  9,3580000000e+03	 -4,37616e-02	 -3,91725e-03
4681	  9,3600000000e+03	 -4,48328e-02	 -2,99535e-03
4682	  9,3620000000e+03	 -4,56766e-02	 -9,20093e-05
4683	  9,3640000000e+03	 -4,58665e-02	  4,64727e-03
4684	  9,3660000000e+03	 -4,70080e-02	  4,11496e-03
4685	  9,3680000000e+03	 -4,27106e-02	 -1,42864e-04
4686	  9,3700000000e+03	 -4,35856e-02	  1,81342e-03
4687	  9,3720000000e+03	 -4,45104e-02	  1,65249e-03
4688	  9,3740000000e+03	 -4,68128e-02	  4,08185e-03
4689	  9,3760000000e+03	 -4,39435e-02	  3,28226e-03
4690	  9,3780000000e+03	 -4,48174e-02	  4,04170e-03
4691	  9,3800000000e+03	 -4,92649e-02	  2,54502e-03
4692	  9,3820000000e+03	 -4,82692e-02	  4,78041e-03
4693	  9,3840000000e+03	 -4,81200e-02	  6,92133e-03
4694	  9,3860000000e+03	 -4,99997e-02	  4,96503e-03
4695	  9,3880000000e+03	 -4,88725e-02	  1,45698e-03
4696	  9,3900000000e+03	 -4,80756e-02	  3,61817e-03
4697	  9,3920000000e+03	 -4,58487e-02	  4,89274e-03
4698	  9,3940000000e+03	 -4,67291e-02	  8,15187e-03
4699	  9,3960000000e+03	 -4,83025e-02	  1,12091e-02
4700	  9,3980000000e+03	 -4,84238e-02	  8,89728e-03
4701	  9,4000000000e+03	 -4,82520e-02	  9,13774e-03
4702	  9,4020000000e+03	 -4,72752e-02	  1,14851e-02
4703	  9,4040000000e+03	 -4,89362e-02	  1,16312e-02
4704	  9,4060000000e+03	 -4,70893e-02	  1,30714e-02
4705	  9,4080000000e+03	 -4,80474e-02	  1,07414e-02
4706	  9,4100000000e+03	 -4,77914e-02	  1,20315e-02
4707	  9,4120000000e+03	 -4,64435e-02	  1,34381e-02
4708	  9,4140000000e+03	 -4,66693e-02	  1,35288e-02
4709	  9,4160000000e+03	 -4,66929e-02	  1,55900e-02
4710	  9,4180000000e+03	 -4,45314e-02	  1,58269e-02
4711	  9,4200000000e+03	 -4,49268e-02	  1,72863e-02
4712	  9,4220000000e+03	 -4,51648e-02	  1,88742e-02
4713	  9,4240000000e+03	 -4,76854e-02	  1,86842e-02
4714	  9,4260000000e+03	 -4,63435e-02	  2,04389e-02
4715	  9,4280000000e+03	 -4,70539e-02	  2,04493e-02
4716	  9,4300000000e+03	 -4,35933e-02	  1,82862e-02
4717	  9,4320000000e+03	 -4,21330e-02	  1,61986e-02
4718	  9,4340000000e+03	 -4,31252e-02	  1,67862e-02
4719	  9,4360000000e+03	 -4,26408e-02	  1,65774e-02
4720	  9,4380000000e+03	 -4,48994e-02	  1,82524e-02
4721	  9,4400000000e+03	 -4,22767e-02	  1,83542e-02
4722	  9,4420000000e+03	 -4,09393e-02	  1,85947e-02
4723	  9,4440000000e+03	 -4,09201e-02	  1,88392e-02
4724	  9,4460000000e+03	 -4,17145e-02	  2,16388e-02
4725	  9,4480000000e+03	 -4,02961e-02	  2,38037e-02
4726	  9,4500000000e+03	 -4,24633e-02	  2,32970e-02
4727	  9,4520000000e+03	 -4,37160e-02	  1,90468e-02
4728	  9,4540000000e+03	 -4,02950e-02	  2,28423e-02
4729	  9,4560000000e+03	 -4,48570e-02	  2,43977e-02
4730	  9,4580000000e+03	 -4,63138e-02	  2,38023e-02
4731	  9,4600000000e+03	 -4,45437e-02	  2,16844e-02
4732	  9,4620000000e+03	 -4,18754e-02	  2,49113e-02
4733	  9,4640000000e+03	 -4,24407e-02	  2,63943e-02
4734	  9,4660000000e+03	 -4,41244e-02	  2,23185e-02
4735	  9,4680000000e+03	 -4,23553e-02	  2,24802e-02
4736	  9,4700000000e+03	 -4,27585e-02	  2,40939e-02
4737	  9,4720000000e+03	 -4,32035e-02	  2,27076e-02
4738	  9,4740000000e+03	 -4,41913e-02	  2,38008e-02
4739	  9,4760000000e+03	 -4,60830e-02	  2,41001e-02
4740	  9,4780000000e+03	 -4,08337e-02	  2,53935e-02
4741	  9,4800000000e+03	 -4,24198e-02	  2,50412e-02
4742	  9,4820000000e+03	 -4,46305e-02	  2,24251e-02
4743	  9,4840000000e+03	 -4,55838e-02	  2,46428e-02
4744	  9,4860000000e+03	 -4,71209e-02	  3,08770e-02
4745	  9,4880000000e+03	 -4,48658e-02	  3,12439e-02
4746	  9,4900000000e+03	 -4,45776e-02	  2,81491e-02
4747	  9,4920000000e+03	 -4,43681e-02	  2,66776e-02
4748	  9,4940000000e+03	 -4,37807e-02	  3,10891e-02
4749	  9,4960000000e+03	 -4,27670e-02	  3,34606e-02
4750	  9,4980000000e+03	 -4,38674e-02	  3,42977e-02
4751	  9,5000000000e+03	 -4,13658e-02	  3,24320e-02
4752	  9,5020000000e+03	 -4,12871e-02	  3,63527e-02
4753	  9,5040000000e+03	 -3,90567e-02	  3,77389e-02
4754	  9,5060000000e+03	 -3,81183e-02	  3,85971e-02
4755	  9,5080000000e+03	 -4,11800e-02	  3,59399e-02
4756	  9,5100000000e+03	 -4,18807e-02	  3,55835e-02
4757	  9,5120000000e+03	 -3,88575e-02	  3,82794e-02
4758	  9,5140000000e+03	 -3,89876e-02	  4,07498e-02
4759	  9,5160000000e+03	 -4,00839e-02	  3,86481e-02
4760	  9,5180000000e+03	 -4,00504e-02	  3,74480e-02
4761	  9,5200000000e+03	 -3,78960e-02	  4,07474e-02
4762	  9,5220000000e+03	 -3,44056e-02	  4,22053e-02
4763	  9,5240000000e+03	 -3,40719e-02	  4,28445e-02
4764	  9,5260000000e+03	 -3,88324e-02	  4,03564e-02
4765	  9,5280000000e+03	 -4,19654e-02	  3,87358e-02
4766	  9,5300000000e+03	 -3,85417e-02	  3,85417e-02
4767	  9,5320000000e+03	 -3,84349e-02	  3,97808e-02
4768	  9,5340000000e+03	 -3,98748e-02	  4,25470e-02
4769	  9,5360000000e+03	 -4,05519e-02	  4,45741e-02
4770	  9,5380000000e+03	 -3,94713e-02	  4,21980e-02
4771	  9,5400000000e+03	 -3,67069e-02	  4,05559e-02
4772	  9,5420000000e+03	 -3,66512e-02	  4,27637e-02
4773	  9,5440000000e+03	 -3,66907e-02	  4,40114e-02
4774	  9,5460000000e+03	 -3,69748e-02	  4,55219e-02
4775	  9,5480000000e+03	 -3,70529e-02	  4,88547e-02
4776	  9,5500000000e+03	 -3,66191e-02	  4,91286e-02
4777	  9,5520000000e+03	 -3,34808e-02	  4,79313e-02
4778	  9,5540000000e+03	 -3,60428e-02	  4,96163e-02
4779	  9,5560000000e+03	 -3,76575e-02	  4,92932e-02
4780	  9,5580000000e+03	 -3,48003e-02	  4,85701e-02
4781	  9,5600000000e+03	 -3,21003e-02	  4,93181e-02
4782	  9,5620000000e+03	 -3,14120e-02	  5,22258e-02
4783	  9,5640000000e+03	 -3,02916e-02	  5,40884e-02
4784	  9,5660000000e+03	 -3,08073e-02	  5,17500e-02
4785	  9,5680000000e+03	 -3,05732e-02	  4,94240e-02
4786	  9,5700000000e+03	 -2,83355e-02	  4,80691e-02
4787	  9,5720000000e+03	 -3,19343e-02	  5,06816e-02
4788	  9,5740000000e+03	 -3,41908e-02	  5,40356e-02
4789	  9,5760000000e+03	 -3,18599e-02	  5,27020e-02
4790	  9,5780000000e+03	 -3,12659e-02	  5,21034e-02
4791	  9,5800000000e+03	 -2,99358e-02	  5,45495e-02
4792	  9,5820000000e+03	 -2,84260e-02	  6,00039e-02
4793	  9,5840000000e+03	 -2,91955e-02	  5,99549e-02
4794	  9,5860000000e+03	 -2,73254e-02	  5,66870e-02
4795	  9,5880000000e+03	 -2,77480e-02	  5,50428e-02
4796	  9,5900000000e+03	 -2,77560e-02	  5,64509e-02
4797	  9,5920000000e+03	 -2,64986e-02	  5,95643e-02
4798	  9,5940000000e+03	 -2,42270e-02	  5,75647e-02
4799	  9,5960000000e+03	 -2,36166e-02	  5,43707e-02
4800	  9,5980000000e+03	 -2,41357e-02	  5,77627e-02
4801	  9,6000000000e+03	 -2,27974e-02	  6,16195e-02
4802	  9,6020000000e+03	 -2,16950e-02	  6,26389e-02
4803	  9,6040000000e+03	 -2,23916e-02	  6,08157e-02
4804	  9,6060000000e+03	 -2,18822e-02	  6,43799e-02
4805	  9,6080000000e+03	 -1,95235e-02	  6,24397e-02
4806	  9,6100000000e+03	 -1,90263e-02	  5,93972e-02
4807	  9,6120000000e+03	 -1,73567e-02	  6,32656e-02
4808	  9,6140000000e+03	 -1,85448e-02	  6,68098e-02
4809	  9,6160000000e+03	 -2,09350e-02	  6,54216e-02
4810	  9,6180000000e+03	 -2,01799e-02	  6,42810e-02
4811	  9,6200000000e+03	 -1,82147e-02	  6,39714e-02
4812	  9,6220000000e+03	 -1,61170e-02	  6,91170e-02
4813	  9,6240000000e+03	 -1,74135e-02	  6,99807e-02
4814	  9,6260000000e+03	 -1,53839e-02	  6,82798e-02
4815	  9,6280000000e+03	 -1,37523e-02	  7,18668e-02
4816	  9,6300000000e+03	 -1,58464e-02	  7,08491e-02
4817	  9,6320000000e+03	 -1,12333e-02	  7,04016e-02
4818	  9,6340000000e+03	 -9,89460e-03	  7,34068e-02
4819	  9,6360000000e+03	 -8,88283e-03	  7,18936e-02
4820	  9,6380000000e+03	 -7,59553e-03	  7,53173e-02
4821	  9,6400000000e+03	 -9,25998e-03	  7,64294e-02
4822	  9,6420000000e+03	 -7,38885e-03	  7,20784e-02
4823	  9,6440000000e+03	 -3,43327e-03	  7,26989e-02
4824	  9,6460000000e+03	 -3,58345e-03	  7,18057e-02
4825	  9,6480000000e+03	 -2,18848e-03	  7,37290e-02
4826	  9,6500000000e+03	 -3,66505e-03	  7,51712e-02
4827	  9,6520000000e+03	 -6,93662e-04	  7,73875e-02
4828	  9,6540000000e+03	  2,30969e-03	  7,76718e-02
4829	  9,6560000000e+03	  2,15329e-03	  7,87337e-02
4830	  9,6580000000e+03	  4,64614e-04	  8,00174e-02
4831	  9,6600000000e+03	  4,43097e-03	  7,88297e-02
4832	  9,6620000000e+03	  4,84145e-03	  7,52990e-02
4833	  9,6640000000e+03	  4,84315e-03	  7,72522e-02
4834	  9,6660000000e+03	  6,16947e-03	  7,97141e-02
4835	  9,6680000000e+03	  9,67791e-03	  7,89826e-02
4836	  9,6700000000e+03	  1,10477e-02	  7,76088e-02
4837	  9,6720000000e+03	  1,40044e-02	  7,82016e-02
4838	  9,6740000000e+03	  1,58260e-02	  7,89340e-02
4839	  9,6760000000e+03	  1,47981e-02	  7,44625e-02
4840	  9,6780000000e+03	  1,45223e-02	  7,40070e-02
4841	  9,6800000000e+03	  1,66227e-02	  7,42124e-02
4842	  9,6820000000e+03	  1,79240e-02	  7,38329e-02
4843	  9,6840000000e+03	  2,08030e-02	  7,23822e-02
4844	  9,6860000000e+03	  2,16546e-02	  7,26980e-02
4845	  9,6880000000e+03	  1,96699e-02	  7,28359e-02
4846	  9,6900000000e+03	  1,99886e-02	  7,24677e-02
4847	  9,6920000000e+03	  2,12457e-02	  7,20583e-02
4848	  9,6940000000e+03	  2,44224e-02	  7,19913e-02
4849	  9,6960000000e+03	  2,77939e-02	  7,44554e-02
4850	  9,6980000000e+03	  2,60169e-02	  7,14395e-02
4851	  9,7000000000e+03	  2,63735e-02	  6,87132e-02
4852	  9,7020000000e+03	  2,86714e-02	  6,69982e-02
4853	  9,7040000000e+03	  3,16116e-02	  6,64061e-02
4854	  9,7060000000e+03	  3,08817e-02	  6,90782e-02
4855	  9,7080000000e+03	  3,35032e-02	  7,00576e-02
4856	  9,7100000000e+03	  3,55865e-02	  7,03721e-02
4857	  9,7120000000e+03	  3,42702e-02	  6,81274e-02
4858	  9,7140000000e+03	  3,42683e-02	  6,68112e-02
4859	  9,7160000000e+03	  3,75118e-02	  6,72222e-02
4860	  9,7180000000e+03	  3,82846e-02	  6,87932e-02
4861	  9,7200000000e+03	  3,96159e-02	  6,95479e-02
4862	  9,7220000000e+03	  3,83974e-02	  6,72257e-02
4863	  9,7240000000e+03	  3,90489e-02	  6,53782e-02
4864	  9,7260000000e+03	  4,36456e-02	  6,46911e-02
4865	  9,7280000000e+03	  4,58455e-02	  6,75303e-02
4866	  9,7300000000e+03	  4,40720e-02	  6,80041e-02
4867	  9,7320000000e+03	  4,43003e-02	  6,68399e-02
4868	  9,7340000000e+03	  4,79256e-02	  6,04206e-02
4869	  9,7360000000e+03	  4,85049e-02	  5,85275e-02
4870	  9,7380000000e+03	  4,68662e-02	  6,28642e-02
4871	  9,7400000000e+03	  4,79023e-02	  6,17812e-02
4872	  9,7420000000e+03	  5,05045e-02	  6,15298e-02
4873	  9,7440000000e+03	  5,09234e-02	  6,06667e-02
4874	  9,7460000000e+03	  4,96082e-02	  5,56767e-02
4875	  9,7480000000e+03	  4,93796e-02	  5,40177e-02
4876	  9,7500000000e+03	  4,97602e-02	  5,38907e-02
4877	  9,7520000000e+03	  5,17231e-02	  5,53339e-02
4878	  9,7540000000e+03	  5,20246e-02	  5,48452e-02
4879	  9,7560000000e+03	  5,49339e-02	  5,28374e-02
4880	  9,7580000000e+03	  5,41726e-02	  5,34116e-02
4881	  9,7600000000e+03	  5,48247e-02	  5,13727e-02
4882	  9,7620000000e+03	  5,42522e-02	  4,72504e-02
4883	  9,7640000000e+03	  5,22710e-02	  4,77713e-02
4884	  9,7660000000e+03	  5,26272e-02	  4,75170e-02
4885	  9,7680000000e+03	  5,77523e-02	  4,93476e-02
4886	  9,7700000000e+03	  5,81577e-02	  5,06423e-02
4887	  9,7720000000e+03	  5,66000e-02	  5,10097e-02
4888	  9,7740000000e+03	  5,65013e-02	  4,87949e-02
4889	  9,7760000000e+03	  5,83444e-02	  4,81242e-02
4890	  9,7780000000e+03	  5,90334e-02	  4,65426e-02
4891	  9,7800000000e+03	  6,23279e-02	  3,99170e-02
4892	  9,7820000000e+03	  6,25498e-02	  4,35034e-02
4893	  9,7840000000e+03	  6,39228e-02	  4,40399e-02
4894	  9,7860000000e+03	  6,70921e-02	  4,24057e-02
4895	  9,7880000000e+03	  6,31856e-02	  3,86148e-02
4896	  9,7900000000e+03	  6,44256e-02	  3,59575e-02
4897	  9,7920000000e+03	  6,26307e-02	  3,64488e-02
4898	  9,7940000000e+03	  6,45840e-02	  3,61578e-02
4899	  9,7960000000e+03	  6,56449e-02	  3,38422e-02
4900	  9,7980000000e+03	  6,54101e-02	  3,36565e-02
4901	  9,8000000000e+03	  6,72979e-02	  3,45494e-02
4902	  9,8020000000e+03	  6,70324e-02	  3,21230e-02
4903	  9,8040000000e+03	  6,74965e-02	  3,17857e-02
4904	  9,8060000000e+03	  6,61979e-02	  2,83953e-02
4905	  9,8080000000e+03	  6,72012e-02	  2,65199e-02
4906	  9,8100000000e+03	  6,53113e-02	  2,67154e-02
4907	  9,8120000000e+03	  6,42439e-02	  2,39023e-02
4908	  9,8140000000e+03	  6,62440e-02	  2,17172e-02
4909	  9,8160000000e+03	  6,31304e-02	  2,22692e-02
4910	  9,8180000000e+03	  6,37141e-02	  1,87212e-02
4911	  9,8200000000e+03	  6,61221e-02	  1,62021e-02
4912	  9,8220000000e+03	  6,33483e-02	  1,73444e-02
4913	  9,8240000000e+03	  6,40491e-02	  1,19715e-02
4914	  9,8260000000e+03	  6,61603e-02	  1,50897e-02
4915	  9,8280000000e+03	  6,72267e-02	  2,10747e-02
4916	  9,8300000000e+03	  6,67989e-02	  1,63421e-02
4917	  9,8320000000e+03	  6,53178e-02	  1,51154e-02
4918	  9,8340000000e+03	  6,46345e-02	  1,52352e-02
4919	  9,8360000000e+03	  6,46385e-02	  1,16969e-02
4920	  9,8380000000e+03	  6,18288e-02	  9,20365e-03
4921	  9,8400000000e+03	  5,75653e-02	  1,19366e-02
4922	  9,8420000000e+03	  5,90824e-02	  7,41193e-03
4923	  9,8440000000e+03	  5,83407e-02	  4,59954e-03
4924	  9,8460000000e+03	  5,74564e-02	  7,71829e-03
4925	  9,8480000000e+03	  6,07606e-02	  9,09041e-03
4926	  9,8500000000e+03	  6,09190e-02	  7,35794e-03
4927	  9,8520000000e+03	  5,90679e-02	  5,68895e-03
4928	  9,8540000000e+03	  5,89097e-02	  5,01315e-03
4929	  9,8560000000e+03	  5,97662e-02	  6,55818e-03
4930	  9,8580000000e+03	  5,91091e-02	  4,52261e-03
4931	  9,8600000000e+03	  5,89220e-02	  3,32726e-03
4932	  9,8620000000e+03	  5,83725e-02	  4,17685e-03
4933	  9,8640000000e+03	  6,04799e-02	  5,23864e-03
4934	  9,8660000000e+03	  5,96440e-02	  4,30661e-03
4935	  9,8680000000e+03	  5,77576e-02	  4,63403e-03
4936	  9,8700000000e+03	  5,73404e-02	  2,63859e-03
4937	  9,8720000000e+03	  5,54782e-02	 -1,18586e-04
4938	  9,8740000000e+03	  5,75873e-02	  2,16930e-03
4939	  9,8760000000e+03	  5,83115e-02	  8,59585e-04
4940	  9,8780000000e+03	  5,74881e-02	 -1,05357e-04
4941	  9,8800000000e+03	  5,60654e-02	  2,49850e-05
4942	  9,8820000000e+03	  5,31476e-02	  8,44229e-04
4943	  9,8840000000e+03	  5,40084e-02	 -1,17994e-04
4944	  9,8860000000e+03	  5,03319e-02	 -9,72355e-04
4945	  9,8880000000e+03	  5,10436e-02	 -7,98123e-04
4946	  9,8900000000e+03	  5,30273e-02	 -3,93693e-04
4947	  9,8920000000e+03	  5,24232e-02	 -1,71246e-03
4948	  9,8940000000e+03	  4,93547e-02	 -3,96857e-03
4949	  9,8960000000e+03	  4,76271e-02	 -3,24930e-03
4950	  9,8980000000e+03	  4,81760e-02	 -7,07837e-03
4951	  9,9000000000e+03	  5,02744e-02	 -4,86288e-03
4952	  9,9020000000e+03	  5,61017e-02	 -4,57882e-03
4953	  9,9040000000e+03	  5,02471e-02	 -2,99916e-03
4954	  9,9060000000e+03	  4,91117e-02	 -6,52916e-03
4955	  9,9080000000e+03	  5,04681e-02	 -8,39005e-03
4956	  9,9100000000e+03	  4,85461e-02	 -3,79096e-03
4957	  9,9120000000e+03	  4,75976e-02	 -7,74847e-05
4958	  9,9140000000e+03	  4,82325e-02	 -1,03289e-03
4959	  9,9160000000e+03	  4,76372e-02	 -1,82466e-03
4960	  9,9180000000e+03	  4,53479e-02	 -2,48031e-03
4961	  9,9200000000e+03	  5,04935e-02	 -3,83041e-03
4962	  9,9220000000e+03	  5,08722e-02	 -5,18399e-03
4963	  9,9240000000e+03	  4,85387e-02	 -8,93075e-03
4964	  9,9260000000e+03	  5,28409e-02	 -1,11376e-02
4965	  9,9280000000e+03	  5,31747e-02	 -7,75637e-03
4966	  9,9300000000e+03	  4,95239e-02	 -7,34583e-03
4967	  9,9320000000e+03	  4,72799e-02	 -8,64487e-03
4968	  9,9340000000e+03	  4,97726e-02	 -6,94571e-03
4969	  9,9360000000e+03	  4,99485e-02	 -9,57382e-03
4970	  9,9380000000e+03	  4,81573e-02	 -1,23804e-02
4971	  9,9400000000e+03	  4,59416e-02	 -1,10539e-02
4972	  9,9420000000e+03	  4,63783e-02	 -1,21758e-02
4973	  9,9440000000e+03	  4,57835e-02	 -1,07154e-02
4974	  9,9460000000e+03	  4,68763e-02	 -1,13083e-02
4975	  9,9480000000e+03	  4,79205e-02	 -1,11807e-02
4976	  9,9500000000e+03	  4,42744e-02	 -8,72630e-03
4977	  9,9520000000e+03	  4,45285e-02	 -9,01785e-03
4978	  9,9540000000e+03	  4,28869e-02	 -1,32928e-02
4979	  9,9560000000e+03	  4,35890e-02	 -1,39924e-02
4980	  9,9580000000e+03	  4,26946e-02	 -1,26112e-02
4981	  9,9600000000e+03	  4,17387e-02	 -1,14171e-02
4982	  9,9620000000e+03	  4,02419e-02	 -1,24234e-02
4983	  9,9640000000e+03	  4,17957e-02	 -1,59267e-02
4984	  9,9660000000e+03	  4,21023e-02	 -1,50067e-02
4985	  9,9680000000e+03	  3,96053e-02	 -1,32044e-02
4986	  9,9700000000e+03	  3,80554e-02	 -1,41785e-02
4987	  9,9720000000e+03	  3,88368e-02	 -1,10616e-02
4988	  9,9740000000e+03	  4,23439e-02	 -1,13550e-02
4989	  9,9760000000e+03	  3,89699e-02	 -1,10166e-02
4990	  9,9780000000e+03	  3,49769e-02	 -1,37875e-02
4991	  9,9800000000e+03	  3,47695e-02	 -1,47010e-02
4992	  9,9820000000e+03	  3,69711e-02	 -1,23971e-02
4993	  9,9840000000e+03	  3,75012e-02	 -1,01267e-02
4994	  9,9860000000e+03	  3,59877e-02	 -1,02252e-02
4995	  9,9880000000e+03	  3,52282e-02	 -1,18558e-02
4996	  9,9900000000e+03	  3,48015e-02	 -1,10472e-02
4997	  9,9920000000e+03	  3,36177e-02	 -8,89033e-03
4998	  9,9940000000e+03	  3,40576e-02	 -7,89260e-03
4999	  9,9960000000e+03	  3,33208e-02	 -8,55068e-03
5000	  9,9980000000e+03	  3,67326e-02	 -7,39493e-03
5001	  1,0000000000e+04	  3,52926e-02	 -5,55578e-03
5002	  1,0002000000e+04	  3,45337e-02	 -5,46910e-03
5003	  1,0004000000e+04	  3,55479e-02	 -5,30629e-03
5004	  1,0006000000e+04	  3,36946e-02	 -4,39971e-03
5005	  1,0008000000e+04	  3,19784e-02	 -4,25786e-03
5006	  1,0010000000e+04	  3,36627e-02	 -6,17971e-03
5007	  1,0012000000e+04	  3,65872e-02	 -4,40981e-03
5008	  1,0014000000e+04	  3,61099e-02	 -1,18101e-03
5009	  1,0016000000e+04	  3,56902e-02	 -1,24694e-03
5010	  1,0018000000e+04	  3,83746e-02	  1,11053e-03
5011	  1,0020000000e+04	  4,16083e-02	  5,55240e-04
5012	  1,0022000000e+04	  4,11157e-02	  1,79014e-04
5013	  1,0024000000e+04	  3,62498e-02	  1,13802e-03
5014	  1,0026000000e+04	  3,54305e-02	  1,86867e-03
5015	  1,0028000000e+04	  3,91757e-02	 -4,80905e-04
5016	  1,0030000000e+04	  4,27300e-02	 -3,23641e-03
5017	  1,0032000000e+04	  4,70817e-02	 -2,05183e-03
5018	  1,0034000000e+04	  4,75262e-02	 -1,32876e-03
5019	  1,0036000000e+04	  4,60741e-02	 -6,78893e-06
5020	  1,0038000000e+04	  4,78476e-02	 -3,37108e-03
5021	  1,0040000000e+04	  4,91977e-02	 -5,77408e-03
5022	  1,0042000000e+04	  4,80372e-02	 -4,19127e-03
5023	  1,0044000000e+04	  4,84080e-02	 -5,12095e-03
5024	  1,0046000000e+04	  5,06928e-02	 -4,10869e-03
5025	  1,0048000000e+04	  5,19531e-02	 -6,19436e-03
5026	  1,0050000000e+04	  5,30168e-02	 -7,49128e-03
5027	  1,0052000000e+04	  5,60266e-02	 -5,13649e-03
5028	  1,0054000000e+04	  5,33578e-02	 -4,26067e-03
5029	  1,0056000000e+04	  5,25715e-02	 -6,28948e-03
5030	  1,0058000000e+04	  5,29577e-02	 -9,18983e-03
5031	  1,0060000000e+04	  5,20528e-02	 -9,79924e-03
5032	  1,0062000000e+04	  5,32343e-02	 -5,04605e-03
5033	  1,0064000000e+04	  5,36826e-02	 -8,03710e-03
5034	  1,0066000000e+04	  5,29787e-02	 -1,07098e-02
5035	  1,0068000000e+04	  5,36626e-02	 -1,30895e-02
5036	  1,0070000000e+04	  5,60265e-02	 -1,20623e-02
5037	  1,0072000000e+04	  5,74746e-02	 -1,12323e-02
5038	  1,0074000000e+04	  5,67698e-02	 -1,31661e-02
5039	  1,0076000000e+04	  5,82154e-02	 -1,61899e-02
5040	  1,0078000000e+04	  5,64131e-02	 -1,50254e-02
5041	  1,0080000000e+04	  5,34960e-02	 -1,50517e-02
5042	  1,0082000000e+04	  5,76257e-02	 -1,65934e-02
5043	  1,0084000000e+04	  6,02076e-02	 -1,55544e-02
5044	  1,0086000000e+04	  5,65945e-02	 -1,54464e-02
5045	  1,0088000000e+04	  5,78876e-02	 -1,67080e-02
5046	  1,0090000000e+04	  5,49443e-02	 -1,50405e-02
5047	  1,0092000000e+04	  5,31235e-02	 -1,61419e-02
5048	  1,0094000000e+04	  5,34069e-02	 -1,84494e-02
5049	  1,0096000000e+04	  5,67306e-02	 -1,53703e-02
5050	  1,0098000000e+04	  5,75778e-02	 -1,70913e-02
5051	  1,0100000000e+04	  5,62444e-02	 -1,84931e-02
5052	  1,0102000000e+04	  5,72986e-02	 -2,02180e-02
5053	  1,0104000000e+04	  5,88354e-02	 -1,71359e-02
5054	  1,0106000000e+04	  5,79497e-02	 -1,55402e-02
5055	  1,0108000000e+04	  5,67721e-02	 -1,78845e-02
5056	  1,0110000000e+04	  5,85887e-02	 -1,94497e-02
5057	  1,0112000000e+04	  5,94933e-02	 -1,81039e-02
5058	  1,0114000000e+04	  6,16501e-02	 -1,86264e-02
5059	  1,0116000000e+04	  5,96204e-02	 -1,89936e-02
5060	  1,0118000000e+04	  5,87073e-02	 -1,90244e-02
5061	  1,0120000000e+04	  6,28644e-02	 -2,31974e-02
5062	  1,0122000000e+04	  6,33830e-02	 -2,40904e-02
5063	  1,0124000000e+04	  6,32201e-02	 -2,23165e-02
5064	  1,0126000000e+04	  6,24711e-02	 -2,29862e-02
5065	  1,0128000000e+04	  6,32875e-02	 -2,47326e-02
5066	  1,0130000000e+04	  6,60633e-02	 -2,42820e-02
5067	  1,0132000000e+04	  6,62511e-02	 -2,60199e-02
5068	  1,0134000000e+04	  6,76134e-02	 -2,92742e-02
5069	  1,0136000000e+04	  6,86278e-02	 -2,64045e-02
5070	  1,0138000000e+04	  6,82200e-02	 -2,52470e-02
5071	  1,0140000000e+04	  6,68845e-02	 -2,66974e-02
5072	  1,0142000000e+04	  6,67226e-02	 -2,73814e-02
5073	  1,0144000000e+04	  6,82409e-02	 -2,72479e-02
5074	  1,0146000000e+04	  6,97257e-02	 -2,95820e-02
5075	  1,0148000000e+04	  6,97697e-02	 -2,92472e-02
5076	  1,0150000000e+04	  6,90705e-02	 -3,25130e-02
5077	  1,0152000000e+04	  7,35230e-02	 -3,49776e-02
5078	  1,0154000000e+04	  7,30458e-02	 -3,77466e-02
5079	  1,0156000000e+04	  7,23140e-02	 -3,75800e-02
5080	  1,0158000000e+04	  7,32761e-02	 -3,83439e-02
5081	  1,0160000000e+04	  7,54630e-02	 -3,95264e-02
5082	  1,0162000000e+04	  7,81749e-02	 -4,25846e-02
5083	  1,0164000000e+04	  7,74897e-02	 -4,32075e-02
5084	  1,0166000000e+04	  7,74408e-02	 -4,32887e-02
5085	  1,0168000000e+04	  7,60976e-02	 -4,74387e-02
5086	  1,0170000000e+04	  7,39842e-02	 -4,80285e-02
5087	  1,0172000000e+04	  7,27162e-02	 -5,03453e-02
5088	  1,0174000000e+04	  6,97346e-02	 -5,21722e-02
5089	  1,0176000000e+04	  6,91857e-02	 -5,20932e-02
5090	  1,0178000000e+04	  7,17431e-02	 -5,36416e-02
5091	  1,0180000000e+04	  7,34599e-02	 -5,54700e-02
5092	  1,0182000000e+04	  7,46890e-02	 -5,38936e-02
5093	  1,0184000000e+04	  7,48599e-02	 -5,68963e-02
5094	  1,0186000000e+04	  7,05489e-02	 -6,24532e-02
5095	  1,0188000000e+04	  6,84786e-02	 -6,06697e-02
5096	  1,0190000000e+04	  7,11206e-02	 -6,31784e-02
5097	  1,0192000000e+04	  7,34218e-02	 -6,64840e-02
5098	  1,0194000000e+04	  7,03176e-02	 -6,59880e-02
5099	  1,0196000000e+04	  6,72496e-02	 -6,69940e-02
5100	  1,0198000000e+04	  6,82443e-02	 -6,80045e-02
5101	  1,0200000000e+04	  6,60856e-02	 -7,01505e-02
5102	  1,0202000000e+04	  6,58157e-02	 -6,92273e-02
5103	  1,0204000000e+04	  6,58819e-02	 -7,02217e-02
5104	  1,0206000000e+04	  6,45230e-02	 -7,18802e-02
5105	  1,0208000000e+04	  6,46004e-02	 -7,45622e-02
5106	  1,0210000000e+04	  6,25892e-02	 -7,56501e-02
5107	  1,0212000000e+04	  6,48777e-02	 -7,82521e-02
5108	  1,0214000000e+04	  6,19679e-02	 -7,66189e-02
5109	  1,0216000000e+04	  6,02972e-02	 -8,02957e-02
5110	  1,0218000000e+04	  6,06342e-02	 -8,13454e-02
5111	  1,0220000000e+04	  5,72617e-02	 -7,97392e-02
5112	  1,0222000000e+04	  5,80931e-02	 -8,25681e-02
5113	  1,0224000000e+04	  5,92492e-02	 -8,77406e-02
5114	  1,0226000000e+04	  6,06528e-02	 -8,81068e-02
5115	  1,0228000000e+04	  6,08621e-02	 -8,46888e-02
5116	  1,0230000000e+04	  5,91724e-02	 -8,17195e-02
5117	  1,0232000000e+04	  5,65010e-02	 -8,43345e-02
5118	  1,0234000000e+04	  5,56951e-02	 -8,74061e-02
5119	  1,0236000000e+04	  5,88623e-02	 -8,74871e-02
5120	  1,0238000000e+04	  5,58979e-02	 -8,86345e-02
5121	  1,0240000000e+04	  5,39720e-02	 -9,23387e-02
5122	  1,0242000000e+04	  5,13444e-02	 -9,60737e-02
5123	  1,0244000000e+04	  4,99389e-02	 -9,83062e-02
5124	  1,0246000000e+04	  5,19700e-02	 -9,67045e-02
5125	  1,0248000000e+04	  5,04562e-02	 -9,88018e-02
5126	  1,0250000000e+04	  4,88434e-02	 -1,01360e-01
5127	  1,0252000000e+04	  4,75326e-02	 -1,00282e-01
5128	  1,0254000000e+04	  4,65824e-02	 -9,82045e-02
5129	  1,0256000000e+04	  4,53662e-02	 -1,01328e-01
5130	  1,0258000000e+04	  4,38419e-02	 -1,04413e-01
5131	  1,0260000000e+04	  4,63384e-02	 -1,07045e-01
5132	  1,0262000000e+04	  4,84683e-02	 -1,06783e-01
5133	  1,0264000000e+04	  4,68356e-02	 -1,06824e-01
5134	  1,0266000000e+04	  4,25184e-02	 -1,06573e-01
5135	  1,0268000000e+04	  4,15110e-02	 -1,07861e-01
5136	  1,0270000000e+04	  4,01696e-02	 -1,11190e-01
5137	  1,0272000000e+04	  3,92580e-02	 -1,12851e-01
5138	  1,0274000000e+04	  4,12610e-02	 -1,14049e-01
5139	  1,0276000000e+04	  4,13782e-02	 -1,16270e-01
5140	  1,0278000000e+04	  3,99439e-02	 -1,17038e-01
5141	  1,0280000000e+04	  3,68804e-02	 -1,18426e-01
5142	  1,0282000000e+04	  3,46997e-02	 -1,18730e-01
5143	  1,0284000000e+04	  3,50897e-02	 -1,21992e-01
5144	  1,0286000000e+04	  3,43664e-02	 -1,26007e-01
5145	  1,0288000000e+04	  3,35226e-02	 -1,24969e-01
5146	  1,0290000000e+04	  3,26696e-02	 -1,21806e-01
5147	  1,0292000000e+04	  3,24098e-02	 -1,25951e-01
5148	  1,0294000000e+04	  3,01788e-02	 -1,29009e-01
5149	  1,0296000000e+04	  2,65384e-02	 -1,29845e-01
5150	  1,0298000000e+04	  2,41354e-02	 -1,32103e-01
5151	  1,0300000000e+04	  2,30364e-02	 -1,33253e-01
5152	  1,0302000000e+04	  2,32942e-02	 -1,30812e-01
5153	  1,0304000000e+04	  1,77503e-02	 -1,36517e-01
5154	  1,0306000000e+04	  1,60017e-02	 -1,38253e-01
5155	  1,0308000000e+04	  1,38397e-02	 -1,40138e-01
5156	  1,0310000000e+04	  1,48393e-02	 -1,37412e-01
5157	  1,0312000000e+04	  1,37343e-02	 -1,38627e-01
5158	  1,0314000000e+04	  1,08804e-02	 -1,39563e-01
5159	  1,0316000000e+04	  6,86723e-03	 -1,38506e-01
5160	  1,0318000000e+04	  3,70476e-03	 -1,42028e-01
5161	  1,0320000000e+04	  2,00684e-03	 -1,44094e-01
5162	  1,0322000000e+04	 -4,08468e-03	 -1,43454e-01
5163	  1,0324000000e+04	 -4,81379e-03	 -1,43192e-01
5164	  1,0326000000e+04	 -6,59675e-03	 -1,43790e-01
5165	  1,0328000000e+04	 -8,48941e-03	 -1,48599e-01
5166	  1,0330000000e+04	 -1,20431e-02	 -1,45941e-01
5167	  1,0332000000e+04	 -1,33452e-02	 -1,46558e-01
5168	  1,0334000000e+04	 -1,24457e-02	 -1,46177e-01
5169	  1,0336000000e+04	 -1,36276e-02	 -1,43941e-01
5170	  1,0338000000e+04	 -1,86211e-02	 -1,42846e-01
5171	  1,0340000000e+04	 -2,16991e-02	 -1,44839e-01
5172	  1,0342000000e+04	 -2,67499e-02	 -1,48151e-01
5173	  1,0344000000e+04	 -2,68499e-02	 -1,48780e-01
5174	  1,0346000000e+04	 -2,72912e-02	 -1,47792e-01
5175	  1,0348000000e+04	 -2,94953e-02	 -1,47532e-01
5176	  1,0350000000e+04	 -3,41558e-02	 -1,46675e-01
5177	  1,0352000000e+04	 -3,67669e-02	 -1,49795e-01
5178	  1,0354000000e+04	 -3,65010e-02	 -1,52941e-01
5179	  1,0356000000e+04	 -3,42056e-02	 -1,51858e-01
5180	  1,0358000000e+04	 -3,99854e-02	 -1,53548e-01
5181	  1,0360000000e+04	 -4,57374e-02	 -1,51762e-01
5182	  1,0362000000e+04	 -5,10883e-02	 -1,50992e-01
5183	  1,0364000000e+04	 -5,19311e-02	 -1,47165e-01
5184	  1,0366000000e+04	 -5,33744e-02	 -1,50047e-01
5185	  1,0368000000e+04	 -5,81783e-02	 -1,55352e-01
5186	  1,0370000000e+04	 -5,93572e-02	 -1,50250e-01
5187	  1,0372000000e+04	 -5,90528e-02	 -1,48104e-01
5188	  1,0374000000e+04	 -6,52113e-02	 -1,43926e-01
5189	  1,0376000000e+04	 -7,08367e-02	 -1,45839e-01
5190	  1,0378000000e+04	 -6,75156e-02	 -1,43838e-01
5191	  1,0380000000e+04	 -6,92339e-02	 -1,42946e-01
5192	  1,0382000000e+04	 -7,53384e-02	 -1,45186e-01
5193	  1,0384000000e+04	 -7,60057e-02	 -1,44706e-01
5194	  1,0386000000e+04	 -8,11660e-02	 -1,43548e-01
5195	  1,0388000000e+04	 -8,36651e-02	 -1,42642e-01
5196	  1,0390000000e+04	 -8,27283e-02	 -1,40258e-01
5197	  1,0392000000e+04	 -8,30361e-02	 -1,43140e-01
5198	  1,0394000000e+04	 -8,54799e-02	 -1,42506e-01
5199	  1,0396000000e+04	 -8,80995e-02	 -1,41750e-01
5200	  1,0398000000e+04	 -9,05898e-02	 -1,43007e-01
5201	  1,0400000000e+04	 -9,05036e-02	 -1,39495e-01
5202	  1,0402000000e+04	 -9,33939e-02	 -1,35755e-01
5203	  1,0404000000e+04	 -9,90064e-02	 -1,35941e-01
5204	  1,0406000000e+04	 -1,02974e-01	 -1,39321e-01
5205	  1,0408000000e+04	 -1,06562e-01	 -1,36602e-01
5206	  1,0410000000e+04	 -1,10783e-01	 -1,37149e-01
5207	  1,0412000000e+04	 -1,13255e-01	 -1,34508e-01
5208	  1,0414000000e+04	 -1,13277e-01	 -1,32395e-01
5209	  1,0416000000e+04	 -1,14850e-01	 -1,35375e-01
5210	  1,0418000000e+04	 -1,19011e-01	 -1,31532e-01
5211	  1,0420000000e+04	 -1,20751e-01	 -1,29512e-01
5212	  1,0422000000e+04	 -1,22139e-01	 -1,29294e-01
5213	  1,0424000000e+04	 -1,25877e-01	 -1,27498e-01
5214	  1,0426000000e+04	 -1,30680e-01	 -1,27053e-01
5215	  1,0428000000e+04	 -1,32554e-01	 -1,24726e-01
5216	  1,0430000000e+04	 -1,32831e-01	 -1,19523e-01
5217	  1,0432000000e+04	 -1,36353e-01	 -1,20001e-01
5218	  1,0434000000e+04	 -1,41952e-01	 -1,20184e-01
5219	  1,0436000000e+04	 -1,44199e-01	 -1,17986e-01
5220	  1,0438000000e+04	 -1,41842e-01	 -1,16885e-01
5221	  1,0440000000e+04	 -1,45572e-01	 -1,12859e-01
5222	  1,0442000000e+04	 -1,50761e-01	 -1,11239e-01
5223	  1,0444000000e+04	 -1,49893e-01	 -1,08486e-01
5224	  1,0446000000e+04	 -1,51514e-01	 -1,06031e-01
5225	  1,0448000000e+04	 -1,53067e-01	 -1,04550e-01
5226	  1,0450000000e+04	 -1,56946e-01	 -1,02935e-01
5227	  1,0452000000e+04	 -1,59308e-01	 -9,81947e-02
5228	  1,0454000000e+04	 -1,61948e-01	 -9,54757e-02
5229	  1,0456000000e+04	 -1,64736e-01	 -9,43700e-02
5230	  1,0458000000e+04	 -1,70072e-01	 -9,37138e-02
5231	  1,0460000000e+04	 -1,73696e-01	 -9,05940e-02
5232	  1,0462000000e+04	 -1,75553e-01	 -8,40013e-02
5233	  1,0464000000e+04	 -1,75541e-01	 -8,26203e-02
5234	  1,0466000000e+04	 -1,73749e-01	 -8,50198e-02
5235	  1,0468000000e+04	 -1,73422e-01	 -7,86091e-02
5236	  1,0470000000e+04	 -1,72824e-01	 -7,32745e-02
5237	  1,0472000000e+04	 -1,78234e-01	 -7,04550e-02
5238	  1,0474000000e+04	 -1,81482e-01	 -6,82925e-02
5239	  1,0476000000e+04	 -1,79154e-01	 -6,64032e-02
5240	  1,0478000000e+04	 -1,81691e-01	 -6,53623e-02
5241	  1,0480000000e+04	 -1,84732e-01	 -6,02696e-02
5242	  1,0482000000e+04	 -1,83193e-01	 -5,44624e-02
5243	  1,0484000000e+04	 -1,83572e-01	 -5,17052e-02
5244	  1,0486000000e+04	 -1,87653e-01	 -4,71551e-02
5245	  1,0488000000e+04	 -1,88611e-01	 -4,62787e-02
5246	  1,0490000000e+04	 -1,87441e-01	 -4,26991e-02
5247	  1,0492000000e+04	 -1,87552e-01	 -4,11678e-02
5248	  1,0494000000e+04	 -1,89571e-01	 -3,66840e-02
5249	  1,0496000000e+04	 -1,91001e-01	 -3,26284e-02
5250	  1,0498000000e+04	 -1,87796e-01	 -2,94271e-02
5251	  1,0500000000e+04	 -1,87770e-01	 -2,82114e-02
5252	  1,0502000000e+04	 -1,89533e-01	 -2,54840e-02
5253	  1,0504000000e+04	 -1,88081e-01	 -2,19514e-02
5254	  1,0506000000e+04	 -1,90495e-01	 -1,99726e-02
5255	  1,0508000000e+04	 -1,89180e-01	 -1,49982e-02
5256	  1,0510000000e+04	 -1,91035e-01	 -1,31109e-02
5257	  1,0512000000e+04	 -1,92316e-01	 -1,10173e-02
5258	  1,0514000000e+04	 -1,92507e-01	 -5,16631e-03
5259	  1,0516000000e+04	 -1,91903e-01	 -3,48006e-03
5260	  1,0518000000e+04	 -1,90765e-01	 -2,42283e-04
5261	  1,0520000000e+04	 -1,91073e-01	  3,49228e-03
5262	  1,0522000000e+04	 -1,93059e-01	  6,31741e-03
5263	  1,0524000000e+04	 -1,96056e-01	  3,78955e-03
5264	  1,0526000000e+04	 -1,93118e-01	  2,62030e-03
5265	  1,0528000000e+04	 -1,94892e-01	  1,38159e-02
5266	  1,0530000000e+04	 -1,94743e-01	  1,75102e-02
5267	  1,0532000000e+04	 -1,93428e-01	  1,74137e-02
5268	  1,0534000000e+04	 -1,94654e-01	  2,21235e-02
5269	  1,0536000000e+04	 -1,92693e-01	  2,13246e-02
5270	  1,0538000000e+04	 -1,91787e-01	  2,41735e-02
5271	  1,0540000000e+04	 -1,91081e-01	  2,93708e-02
5272	  1,0542000000e+04	 -1,90923e-01	  3,45152e-02
5273	  1,0544000000e+04	 -1,91912e-01	  3,62222e-02
5274	  1,0546000000e+04	 -1,91630e-01	  3,46835e-02
5275	  1,0548000000e+04	 -1,90983e-01	  3,79441e-02
5276	  1,0550000000e+04	 -1,92618e-01	  4,46906e-02
5277	  1,0552000000e+04	 -1,91189e-01	  4,90071e-02
5278	  1,0554000000e+04	 -1,87206e-01	  5,36761e-02
5279	  1,0556000000e+04	 -1,84114e-01	  5,52066e-02
5280	  1,0558000000e+04	 -1,83440e-01	  5,84875e-02
5281	  1,0560000000e+04	 -1,86653e-01	  6,37680e-02
5282	  1,0562000000e+04	 -1,87234e-01	  6,19480e-02
5283	  1,0564000000e+04	 -1,84394e-01	  6,30788e-02
5284	  1,0566000000e+04	 -1,83033e-01	  7,00850e-02
5285	  1,0568000000e+04	 -1,80806e-01	  7,25112e-02
5286	  1,0570000000e+04	 -1,80125e-01	  7,46041e-02
5287	  1,0572000000e+04	 -1,75614e-01	  7,52665e-02
5288	  1,0574000000e+04	 -1,75352e-01	  7,65544e-02
5289	  1,0576000000e+04	 -1,75282e-01	  7,96866e-02
5290	  1,0578000000e+04	 -1,74676e-01	  8,75317e-02
5291	  1,0580000000e+04	 -1,73432e-01	  9,16805e-02
5292	  1,0582000000e+04	 -1,70026e-01	  9,37655e-02
5293	  1,0584000000e+04	 -1,66505e-01	  9,48722e-02
5294	  1,0586000000e+04	 -1,64850e-01	  9,89086e-02
5295	  1,0588000000e+04	 -1,61359e-01	  1,01500e-01
5296	  1,0590000000e+04	 -1,59743e-01	  1,03587e-01
5297	  1,0592000000e+04	 -1,55661e-01	  1,02751e-01
5298	  1,0594000000e+04	 -1,57156e-01	  1,04844e-01
5299	  1,0596000000e+04	 -1,57679e-01	  1,07694e-01
5300	  1,0598000000e+04	 -1,54078e-01	  1,09890e-01
5301	  1,0600000000e+04	 -1,51594e-01	  1,09554e-01
5302	  1,0602000000e+04	 -1,49226e-01	  1,12085e-01
5303	  1,0604000000e+04	 -1,47470e-01	  1,12246e-01
5304	  1,0606000000e+04	 -1,43607e-01	  1,20060e-01
5305	  1,0608000000e+04	 -1,41273e-01	  1,23972e-01
5306	  1,0610000000e+04	 -1,39350e-01	  1,23071e-01
5307	  1,0612000000e+04	 -1,37597e-01	  1,21175e-01
5308	  1,0614000000e+04	 -1,37107e-01	  1,22879e-01
5309	  1,0616000000e+04	 -1,30999e-01	  1,24685e-01
5310	  1,0618000000e+04	 -1,26567e-01	  1,24142e-01
5311	  1,0620000000e+04	 -1,27440e-01	  1,25637e-01
5312	  1,0622000000e+04	 -1,25853e-01	  1,28935e-01
5313	  1,0624000000e+04	 -1,23098e-01	  1,31133e-01
5314	  1,0626000000e+04	 -1,22949e-01	  1,31095e-01
5315	  1,0628000000e+04	 -1,18705e-01	  1,32358e-01
5316	  1,0630000000e+04	 -1,15787e-01	  1,31793e-01
5317	  1,0632000000e+04	 -1,15867e-01	  1,36147e-01
5318	  1,0634000000e+04	 -1,11900e-01	  1,35357e-01
5319	  1,0636000000e+04	 -1,06356e-01	  1,36012e-01
5320	  1,0638000000e+04	 -1,04045e-01	  1,40324e-01
5321	  1,0640000000e+04	 -1,04395e-01	  1,40410e-01
5322	  1,0642000000e+04	 -1,04132e-01	  1,36879e-01
5323	  1,0644000000e+04	 -1,02671e-01	  1,38726e-01
5324	  1,0646000000e+04	 -9,90148e-02	  1,39275e-01
5325	  1,0648000000e+04	 -9,16857e-02	  1,41081e-01
5326	  1,0650000000e+04	 -9,20744e-02	  1,39230e-01
5327	  1,0652000000e+04	 -8,90184e-02	  1,37267e-01
5328	  1,0654000000e+04	 -8,71167e-02	  1,35988e-01
5329	  1,0656000000e+04	 -8,81957e-02	  1,37943e-01
5330	  1,0658000000e+04	 -8,57733e-02	  1,37417e-01
5331	  1,0660000000e+04	 -8,26241e-02	  1,34740e-01
5332	  1,0662000000e+04	 -8,09106e-02	  1,35052e-01
5333	  1,0664000000e+04	 -7,69587e-02	  1,38254e-01
5334	  1,0666000000e+04	 -7,59513e-02	  1,38554e-01
5335	  1,0668000000e+04	 -7,74543e-02	  1,38700e-01
5336	  1,0670000000e+04	 -7,52844e-02	  1,36437e-01
5337	  1,0672000000e+04	 -7,62285e-02	  1,35644e-01
5338	  1,0674000000e+04	 -7,49673e-02	  1,36547e-01
5339	  1,0676000000e+04	 -7,24811e-02	  1,36449e-01
5340	  1,0678000000e+04	 -6,96029e-02	  1,34217e-01
5341	  1,0680000000e+04	 -7,11178e-02	  1,33592e-01
5342	  1,0682000000e+04	 -6,69054e-02	  1,31320e-01
5343	  1,0684000000e+04	 -6,54558e-02	  1,28696e-01
5344	  1,0686000000e+04	 -6,93124e-02	  1,29030e-01
5345	  1,0688000000e+04	 -7,07744e-02	  1,25358e-01
5346	  1,0690000000e+04	 -6,97624e-02	  1,25253e-01
5347	  1,0692000000e+04	 -7,17994e-02	  1,22648e-01
5348	  1,0694000000e+04	 -7,35717e-02	  1,19099e-01
5349	  1,0696000000e+04	 -6,72007e-02	  1,19707e-01
5350	  1,0698000000e+04	 -6,77602e-02	  1,22194e-01
5351	  1,0700000000e+04	 -7,14823e-02	  1,21072e-01
5352	  1,0702000000e+04	 -7,17492e-02	  1,23820e-01
5353	  1,0704000000e+04	 -7,48412e-02	  1,20488e-01
5354	  1,0706000000e+04	 -8,03578e-02	  1,21343e-01
5355	  1,0708000000e+04	 -8,13903e-02	  1,22401e-01
5356	  1,0710000000e+04	 -8,20327e-02	  1,21363e-01
5357	  1,0712000000e+04	 -8,57019e-02	  1,22329e-01
5358	  1,0714000000e+04	 -8,83814e-02	  1,26747e-01
5359	  1,0716000000e+04	 -9,33690e-02	  1,30965e-01
5360	  1,0718000000e+04	 -9,77211e-02	  1,33532e-01
5361	  1,0720000000e+04	 -9,68716e-02	  1,31785e-01
5362	  1,0722000000e+04	 -9,79304e-02	  1,36771e-01
5363	  1,0724000000e+04	 -9,89733e-02	  1,40519e-01
5364	  1,0726000000e+04	 -1,01542e-01	  1,47862e-01
5365	  1,0728000000e+04	 -1,03975e-01	  1,54999e-01
5366	  1,0730000000e+04	 -1,08452e-01	  1,60506e-01
5367	  1,0732000000e+04	 -1,05680e-01	  1,66261e-01
5368	  1,0734000000e+04	 -1,05132e-01	  1,70052e-01
5369	  1,0736000000e+04	 -1,05594e-01	  1,78658e-01
5370	  1,0738000000e+04	 -1,04040e-01	  1,87983e-01
5371	  1,0740000000e+04	 -1,02539e-01	  1,91111e-01
5372	  1,0742000000e+04	 -1,01188e-01	  1,95032e-01
5373	  1,0744000000e+04	 -9,31346e-02	  2,02660e-01
5374	  1,0746000000e+04	 -9,16568e-02	  2,07534e-01
5375	  1,0748000000e+04	 -8,81246e-02	  2,15318e-01
5376	  1,0750000000e+04	 -8,53163e-02	  2,21045e-01
5377	  1,0752000000e+04	 -8,08973e-02	  2,24404e-01
5378	  1,0754000000e+04	 -7,50314e-02	  2,30269e-01
5379	  1,0756000000e+04	 -7,00173e-02	  2,36086e-01
5380	  1,0758000000e+04	 -6,32285e-02	  2,39151e-01
5381	  1,0760000000e+04	 -5,37949e-02	  2,41740e-01
5382	  1,0762000000e+04	 -4,76441e-02	  2,45896e-01
5383	  1,0764000000e+04	 -4,45978e-02	  2,48583e-01
5384	  1,0766000000e+04	 -3,59422e-02	  2,53403e-01
5385	  1,0768000000e+04	 -2,86202e-02	  2,56221e-01
5386	  1,0770000000e+04	 -2,35236e-02	  2,59800e-01
5387	  1,0772000000e+04	 -1,91664e-02	  2,59675e-01
5388	  1,0774000000e+04	 -1,21545e-02	  2,58543e-01
5389	  1,0776000000e+04	 -4,18803e-03	  2,59714e-01
5390	  1,0778000000e+04	  9,08710e-04	  2,60068e-01
5391	  1,0780000000e+04	  8,43127e-03	  2,60020e-01
5392	  1,0782000000e+04	  1,52513e-02	  2,59103e-01
5393	  1,0784000000e+04	  1,94092e-02	  2,57412e-01
5394	  1,0786000000e+04	  2,51188e-02	  2,58951e-01
5395	  1,0788000000e+04	  2,96251e-02	  2,56595e-01
5396	  1,0790000000e+04	  3,27699e-02	  2,58728e-01
5397	  1,0792000000e+04	  4,19639e-02	  2,59242e-01
5398	  1,0794000000e+04	  5,10836e-02	  2,57508e-01
5399	  1,0796000000e+04	  5,36115e-02	  2,55055e-01
5400	  1,0798000000e+04	  6,00974e-02	  2,53736e-01
5401	  1,0800000000e+04	  6,89093e-02	  2,55171e-01
5402	  1,0802000000e+04	  7,09536e-02	  2,55485e-01
5403	  1,0804000000e+04	  7,45667e-02	  2,54551e-01
5404	  1,0806000000e+04	  7,97519e-02	  2,52444e-01
5405	  1,0808000000e+04	  8,54418e-02	  2,51544e-01
5406	  1,0810000000e+04	  8,96022e-02	  2,52086e-01
5407	  1,0812000000e+04	  9,54136e-02	  2,48394e-01
5408	  1,0814000000e+04	  9,88076e-02	  2,44631e-01
5409	  1,0816000000e+04	  1,03295e-01	  2,42992e-01
5410	  1,0818000000e+04	  1,10486e-01	  2,39601e-01
5411	  1,0820000000e+04	  1,17977e-01	  2,35639e-01
5412	  1,0822000000e+04	  1,21420e-01	  2,34673e-01
5413	  1,0824000000e+04	  1,25679e-01	  2,30911e-01
5414	  1,0826000000e+04	  1,30188e-01	  2,25249e-01
5415	  1,0828000000e+04	  1,36278e-01	  2,23988e-01
5416	  1,0830000000e+04	  1,40955e-01	  2,21289e-01
5417	  1,0832000000e+04	  1,43946e-01	  2,18687e-01
5418	  1,0834000000e+04	  1,45208e-01	  2,12905e-01
5419	  1,0836000000e+04	  1,47059e-01	  2,09232e-01
5420	  1,0838000000e+04	  1,51352e-01	  2,08163e-01
5421	  1,0840000000e+04	  1,55646e-01	  2,05057e-01
5422	  1,0842000000e+04	  1,57355e-01	  2,01281e-01
5423	  1,0844000000e+04	  1,58348e-01	  1,96802e-01
5424	  1,0846000000e+04	  1,58903e-01	  1,93997e-01
5425	  1,0848000000e+04	  1,63872e-01	  1,88884e-01
5426	  1,0850000000e+04	  1,67377e-01	  1,84634e-01
5427	  1,0852000000e+04	  1,72500e-01	  1,84294e-01
5428	  1,0854000000e+04	  1,73525e-01	  1,82790e-01
5429	  1,0856000000e+04	  1,74806e-01	  1,79769e-01
5430	  1,0858000000e+04	  1,75325e-01	  1,74563e-01
5431	  1,0860000000e+04	  1,77412e-01	  1,71517e-01
5432	  1,0862000000e+04	  1,86652e-01	  1,72259e-01
5433	  1,0864000000e+04	  1,85171e-01	  1,66341e-01
5434	  1,0866000000e+04	  1,87170e-01	  1,64587e-01
5435	  1,0868000000e+04	  1,88664e-01	  1,62226e-01
5436	  1,0870000000e+04	  1,92513e-01	  1,59659e-01
5437	  1,0872000000e+04	  1,97619e-01	  1,57564e-01
5438	  1,0874000000e+04	  1,99683e-01	  1,53701e-01
5439	  1,0876000000e+04	  2,02286e-01	  1,52195e-01
5440	  1,0878000000e+04	  2,02604e-01	  1,49605e-01
5441	  1,0880000000e+04	  2,07344e-01	  1,44509e-01
5442	  1,0882000000e+04	  2,11898e-01	  1,40182e-01
5443	  1,0884000000e+04	  2,16297e-01	  1,39326e-01
5444	  1,0886000000e+04	  2,20233e-01	  1,39491e-01
5445	  1,0888000000e+04	  2,23013e-01	  1,33335e-01
5446	  1,0890000000e+04	  2,20101e-01	  1,28678e-01
5447	  1,0892000000e+04	  2,25831e-01	  1,23599e-01
5448	  1,0894000000e+04	  2,26989e-01	  1,19979e-01
5449	  1,0896000000e+04	  2,32904e-01	  1,15790e-01
5450	  1,0898000000e+04	  2,36340e-01	  1,10113e-01
5451	  1,0900000000e+04	  2,34949e-01	  1,04219e-01
5452	  1,0902000000e+04	  2,35986e-01	  9,66559e-02
5453	  1,0904000000e+04	  2,36304e-01	  9,62500e-02
5454	  1,0906000000e+04	  2,37606e-01	  9,20870e-02
5455	  1,0908000000e+04	  2,43051e-01	  8,44011e-02
5456	  1,0910000000e+04	  2,44299e-01	  7,96821e-02
5457	  1,0912000000e+04	  2,43172e-01	  7,27594e-02
5458	  1,0914000000e+04	  2,39902e-01	  6,79651e-02
5459	  1,0916000000e+04	  2,40894e-01	  6,40434e-02
5460	  1,0918000000e+04	  2,42321e-01	  5,98378e-02
5461	  1,0920000000e+04	  2,42282e-01	  5,56778e-02
5462	  1,0922000000e+04	  2,41460e-01	  4,89189e-02
5463	  1,0924000000e+04	  2,44664e-01	  4,15787e-02
5464	  1,0926000000e+04	  2,41941e-01	  3,85492e-02
5465	  1,0928000000e+04	  2,41653e-01	  3,48495e-02
5466	  1,0930000000e+04	  2,40545e-01	  3,04845e-02
5467	  1,0932000000e+04	  2,40242e-01	  2,82092e-02
5468	  1,0934000000e+04	  2,37856e-01	  2,13344e-02
5469	  1,0936000000e+04	  2,36542e-01	  1,70882e-02
5470	  1,0938000000e+04	  2,39015e-01	  1,54261e-02
5471	  1,0940000000e+04	  2,37626e-01	  1,20252e-02
5472	  1,0942000000e+04	  2,38631e-01	  6,47800e-03
5473	  1,0944000000e+04	  2,38544e-01	  4,61866e-03
5474	  1,0946000000e+04	  2,37226e-01	  1,46956e-03
5475	  1,0948000000e+04	  2,36934e-01	 -4,88525e-03
5476	  1,0950000000e+04	  2,33863e-01	 -6,99180e-03
5477	  1,0952000000e+04	  2,33179e-01	 -7,83375e-03
5478	  1,0954000000e+04	  2,31912e-01	 -1,16140e-02
5479	  1,0956000000e+04	  2,29350e-01	 -1,69922e-02
5480	  1,0958000000e+04	  2,29500e-01	 -2,11458e-02
5481	  1,0960000000e+04	  2,31818e-01	 -2,30042e-02
5482	  1,0962000000e+04	  2,33838e-01	 -2,47035e-02
5483	  1,0964000000e+04	  2,28867e-01	 -2,93443e-02
5484	  1,0966000000e+04	  2,24712e-01	 -3,35882e-02
5485	  1,0968000000e+04	  2,24937e-01	 -3,89315e-02
5486	  1,0970000000e+04	  2,23815e-01	 -4,33863e-02
5487	  1,0972000000e+04	  2,23146e-01	 -4,58719e-02
5488	  1,0974000000e+04	  2,23186e-01	 -4,76983e-02
5489	  1,0976000000e+04	  2,22223e-01	 -5,08347e-02
5490	  1,0978000000e+04	  2,19963e-01	 -5,59020e-02
5491	  1,0980000000e+04	  2,18934e-01	 -6,00586e-02
5492	  1,0982000000e+04	  2,14566e-01	 -6,46969e-02
5493	  1,0984000000e+04	  2,14203e-01	 -6,66535e-02
5494	  1,0986000000e+04	  2,11864e-01	 -7,03163e-02
5495	  1,0988000000e+04	  2,11568e-01	 -7,25523e-02
5496	  1,0990000000e+04	  2,12674e-01	 -7,52593e-02
5497	  1,0992000000e+04	  2,09157e-01	 -8,14051e-02
5498	  1,0994000000e+04	  2,08726e-01	 -8,10210e-02
5499	  1,0996000000e+04	  2,06393e-01	 -8,73054e-02
5500	  1,0998000000e+04	  2,01473e-01	 -8,92760e-02
5501	  1,1000000000e+04	  1,95908e-01	 -9,00630e-02
5502	  1,1002000000e+04	  1,96003e-01	 -9,29989e-02
5503	  1,1004000000e+04	  1,96853e-01	 -9,51290e-02
5504	  1,1006000000e+04	  1,94423e-01	 -9,95905e-02
5505	  1,1008000000e+04	  1,90312e-01	 -1,02147e-01
5506	  1,1010000000e+04	  1,89667e-01	 -1,01960e-01
5507	  1,1012000000e+04	  1,84685e-01	 -1,03232e-01
5508	  1,1014000000e+04	  1,84434e-01	 -1,06395e-01
5509	  1,1016000000e+04	  1,83468e-01	 -1,11867e-01
5510	  1,1018000000e+04	  1,82327e-01	 -1,18332e-01
5511	  1,1020000000e+04	  1,81652e-01	 -1,20703e-01
5512	  1,1022000000e+04	  1,80269e-01	 -1,22911e-01
5513	  1,1024000000e+04	  1,75268e-01	 -1,24295e-01
5514	  1,1026000000e+04	  1,74537e-01	 -1,28541e-01
5515	  1,1028000000e+04	  1,73215e-01	 -1,32894e-01
5516	  1,1030000000e+04	  1,71311e-01	 -1,35398e-01
5517	  1,1032000000e+04	  1,71169e-01	 -1,38009e-01
5518	  1,1034000000e+04	  1,68184e-01	 -1,42206e-01
5519	  1,1036000000e+04	  1,60088e-01	 -1,44855e-01
5520	  1,1038000000e+04	  1,56647e-01	 -1,48805e-01
5521	  1,1040000000e+04	  1,56009e-01	 -1,49935e-01
5522	  1,1042000000e+04	  1,49448e-01	 -1,51199e-01
5523	  1,1044000000e+04	  1,44790e-01	 -1,53819e-01
5524	  1,1046000000e+04	  1,38421e-01	 -1,56127e-01
5525	  1,1048000000e+04	  1,34999e-01	 -1,61262e-01
5526	  1,1050000000e+04	  1,34454e-01	 -1,65316e-01
5527	  1,1052000000e+04	  1,29957e-01	 -1,68056e-01
5528	  1,1054000000e+04	  1,22962e-01	 -1,65267e-01
5529	  1,1056000000e+04	  1,18133e-01	 -1,66635e-01
5530	  1,1058000000e+04	  1,11862e-01	 -1,70347e-01
5531	  1,1060000000e+04	  1,10183e-01	 -1,71249e-01
5532	  1,1062000000e+04	  1,06357e-01	 -1,70009e-01
5533	  1,1064000000e+04	  1,02569e-01	 -1,70412e-01
5534	  1,1066000000e+04	  9,82977e-02	 -1,73621e-01
5535	  1,1068000000e+04	  9,38069e-02	 -1,72217e-01
5536	  1,1070000000e+04	  9,11066e-02	 -1,71310e-01
5537	  1,1072000000e+04	  8,79297e-02	 -1,69998e-01
5538	  1,1074000000e+04	  8,32661e-02	 -1,70669e-01
5539	  1,1076000000e+04	  7,79601e-02	 -1,70579e-01
5540	  1,1078000000e+04	  7,57739e-02	 -1,68772e-01
5541	  1,1080000000e+04	  7,27794e-02	 -1,69928e-01
5542	  1,1082000000e+04	  7,05436e-02	 -1,70881e-01
5543	  1,1084000000e+04	  6,77327e-02	 -1,73135e-01
5544	  1,1086000000e+04	  6,39252e-02	 -1,72895e-01
5545	  1,1088000000e+04	  6,07879e-02	 -1,73637e-01
5546	  1,1090000000e+04	  5,45951e-02	 -1,73018e-01
5547	  1,1092000000e+04	  5,34896e-02	 -1,69700e-01
5548	  1,1094000000e+04	  4,82942e-02	 -1,69120e-01
5549	  1,1096000000e+04	  4,52927e-02	 -1,66881e-01
5550	  1,1098000000e+04	  4,33741e-02	 -1,66782e-01
5551	  1,1100000000e+04	  3,78510e-02	 -1,68447e-01
5552	  1,1102000000e+04	  3,63064e-02	 -1,69156e-01
5553	  1,1104000000e+04	  3,20338e-02	 -1,66652e-01
5554	  1,1106000000e+04	  2,79295e-02	 -1,66141e-01
5555	  1,1108000000e+04	  2,24523e-02	 -1,64065e-01
5556	  1,1110000000e+04	  2,10427e-02	 -1,63399e-01
5557	  1,1112000000e+04	  2,09029e-02	 -1,62865e-01
5558	  1,1114000000e+04	  1,88179e-02	 -1,60718e-01
5559	  1,1116000000e+04	  1,80260e-02	 -1,59062e-01
5560	  1,1118000000e+04	  1,51289e-02	 -1,59394e-01
5561	  1,1120000000e+04	  1,34690e-02	 -1,55482e-01
5562	  1,1122000000e+04	  1,01386e-02	 -1,58575e-01
5563	  1,1124000000e+04	  4,62796e-03	 -1,56801e-01
5564	  1,1126000000e+04	  4,28481e-03	 -1,54443e-01
5565	  1,1128000000e+04	  4,66944e-03	 -1,50316e-01
5566	  1,1130000000e+04	  2,51386e-03	 -1,52849e-01
5567	  1,1132000000e+04	 -6,67027e-04	 -1,50310e-01
5568	  1,1134000000e+04	 -2,01807e-03	 -1,46769e-01
5569	  1,1136000000e+04	 -3,04746e-03	 -1,45720e-01
5570	  1,1138000000e+04	 -5,80256e-03	 -1,40868e-01
5571	  1,1140000000e+04	 -9,77614e-03	 -1,38272e-01
5572	  1,1142000000e+04	 -1,19138e-02	 -1,39934e-01
5573	  1,1144000000e+04	 -1,19926e-02	 -1,40909e-01
5574	  1,1146000000e+04	 -1,55387e-02	 -1,36111e-01
5575	  1,1148000000e+04	 -1,60013e-02	 -1,35945e-01
5576	  1,1150000000e+04	 -1,95141e-02	 -1,38240e-01
5577	  1,1152000000e+04	 -2,16199e-02	 -1,31705e-01
5578	  1,1154000000e+04	 -2,00178e-02	 -1,28987e-01
5579	  1,1156000000e+04	 -1,79218e-02	 -1,28913e-01
5580	  1,1158000000e+04	 -1,82313e-02	 -1,25581e-01
5581	  1,1160000000e+04	 -2,32919e-02	 -1,26902e-01
5582	  1,1162000000e+04	 -2,78401e-02	 -1,28172e-01
5583	  1,1164000000e+04	 -3,21367e-02	 -1,25519e-01
5584	  1,1166000000e+04	 -2,63940e-02	 -1,23182e-01
5585	  1,1168000000e+04	 -2,70168e-02	 -1,19865e-01
5586	  1,1170000000e+04	 -3,11797e-02	 -1,18565e-01
5587	  1,1172000000e+04	 -3,04032e-02	 -1,17877e-01
5588	  1,1174000000e+04	 -3,08200e-02	 -1,17425e-01
5589	  1,1176000000e+04	 -3,50447e-02	 -1,18120e-01
5590	  1,1178000000e+04	 -3,59657e-02	 -1,15210e-01
5591	  1,1180000000e+04	 -3,83497e-02	 -1,14739e-01
5592	  1,1182000000e+04	 -3,88448e-02	 -1,13313e-01
5593	  1,1184000000e+04	 -3,80452e-02	 -1,10735e-01
5594	  1,1186000000e+04	 -3,89572e-02	 -1,08305e-01
5595	  1,1188000000e+04	 -4,13119e-02	 -1,08426e-01
5596	  1,1190000000e+04	 -4,12867e-02	 -1,08396e-01
5597	  1,1192000000e+04	 -4,05378e-02	 -1,05843e-01
5598	  1,1194000000e+04	 -4,26715e-02	 -1,02274e-01
5599	  1,1196000000e+04	 -4,47646e-02	 -9,72359e-02
5600	  1,1198000000e+04	 -4,57783e-02	 -9,64865e-02
5601	  1,1200000000e+04	 -4,47703e-02	 -9,80101e-02
5602	  1,1202000000e+04	 -4,53064e-02	 -9,71463e-02
5603	  1,1204000000e+04	 -4,69119e-02	 -9,43044e-02
5604	  1,1206000000e+04	 -4,81829e-02	 -9,07026e-02
5605	  1,1208000000e+04	 -4,73223e-02	 -9,50722e-02
5606	  1,1210000000e+04	 -4,71992e-02	 -9,20918e-02
5607	  1,1212000000e+04	 -4,64001e-02	 -8,85958e-02
5608	  1,1214000000e+04	 -4,53145e-02	 -9,03022e-02
5609	  1,1216000000e+04	 -4,64812e-02	 -9,01123e-02
5610	  1,1218000000e+04	 -4,99321e-02	 -8,83452e-02
5611	  1,1220000000e+04	 -5,17362e-02	 -8,58716e-02
5612	  1,1222000000e+04	 -5,25510e-02	 -8,00128e-02
5613	  1,1224000000e+04	 -5,20684e-02	 -7,80610e-02
5614	  1,1226000000e+04	 -5,20956e-02	 -7,68662e-02
5615	  1,1228000000e+04	 -5,45234e-02	 -7,96833e-02
5616	  1,1230000000e+04	 -5,22896e-02	 -8,22657e-02
5617	  1,1232000000e+04	 -5,13130e-02	 -7,91975e-02
5618	  1,1234000000e+04	 -5,33053e-02	 -7,64202e-02
5619	  1,1236000000e+04	 -5,13879e-02	 -7,41103e-02
5620	  1,1238000000e+04	 -5,39545e-02	 -7,18818e-02
5621	  1,1240000000e+04	 -5,69482e-02	 -7,28588e-02
5622	  1,1242000000e+04	 -5,72436e-02	 -7,30844e-02
5623	  1,1244000000e+04	 -5,24412e-02	 -6,94486e-02
5624	  1,1246000000e+04	 -5,07672e-02	 -6,64426e-02
5625	  1,1248000000e+04	 -5,19018e-02	 -6,67873e-02
5626	  1,1250000000e+04	 -5,26753e-02	 -6,51308e-02
5627	  1,1252000000e+04	 -5,47928e-02	 -6,38075e-02
5628	  1,1254000000e+04	 -5,42456e-02	 -6,52427e-02
5629	  1,1256000000e+04	 -5,13799e-02	 -6,03105e-02
5630	  1,1258000000e+04	 -5,38363e-02	 -5,81276e-02
5631	  1,1260000000e+04	 -5,53430e-02	 -5,75232e-02
5632	  1,1262000000e+04	 -5,68756e-02	 -5,75334e-02
5633	  1,1264000000e+04	 -5,53513e-02	 -5,79243e-02
5634	  1,1266000000e+04	 -5,53719e-02	 -5,75064e-02
5635	  1,1268000000e+04	 -5,79281e-02	 -5,41847e-02
5636	  1,1270000000e+04	 -5,52257e-02	 -5,31169e-02
5637	  1,1272000000e+04	 -5,28459e-02	 -5,15098e-02
5638	  1,1274000000e+04	 -5,22951e-02	 -5,30072e-02
5639	  1,1276000000e+04	 -5,36622e-02	 -5,54038e-02
5640	  1,1278000000e+04	 -5,51193e-02	 -5,37109e-02
5641	  1,1280000000e+04	 -5,53148e-02	 -5,16223e-02
5642	  1,1282000000e+04	 -5,41946e-02	 -4,97222e-02
5643	  1,1284000000e+04	 -5,09860e-02	 -5,09341e-02
5644	  1,1286000000e+04	 -5,30342e-02	 -5,27894e-02
5645	  1,1288000000e+04	 -5,42476e-02	 -5,20350e-02
5646	  1,1290000000e+04	 -5,19291e-02	 -5,14555e-02
5647	  1,1292000000e+04	 -5,23307e-02	 -4,76413e-02
5648	  1,1294000000e+04	 -5,31130e-02	 -4,66843e-02
5649	  1,1296000000e+04	 -5,70947e-02	 -4,76609e-02
5650	  1,1298000000e+04	 -5,80369e-02	 -4,74469e-02
5651	  1,1300000000e+04	 -5,73656e-02	 -4,55896e-02
5652	  1,1302000000e+04	 -5,77215e-02	 -4,17536e-02
5653	  1,1304000000e+04	 -5,89787e-02	 -3,99237e-02
5654	  1,1306000000e+04	 -5,99718e-02	 -3,96704e-02
5655	  1,1308000000e+04	 -6,01560e-02	 -4,07253e-02
5656	  1,1310000000e+04	 -6,04676e-02	 -3,94772e-02
5657	  1,1312000000e+04	 -5,95244e-02	 -3,97451e-02
5658	  1,1314000000e+04	 -5,90151e-02	 -3,55057e-02
5659	  1,1316000000e+04	 -5,95464e-02	 -3,41845e-02
5660	  1,1318000000e+04	 -6,05855e-02	 -3,37043e-02
5661	  1,1320000000e+04	 -6,20224e-02	 -3,23374e-02
5662	  1,1322000000e+04	 -6,14256e-02	 -3,07675e-02
5663	  1,1324000000e+04	 -5,80170e-02	 -2,77120e-02
5664	  1,1326000000e+04	 -5,76984e-02	 -2,71285e-02
5665	  1,1328000000e+04	 -5,46586e-02	 -2,51721e-02
5666	  1,1330000000e+04	 -5,49149e-02	 -2,17489e-02
5667	  1,1332000000e+04	 -5,69655e-02	 -2,05243e-02
5668	  1,1334000000e+04	 -5,73984e-02	 -1,78261e-02
5669	  1,1336000000e+04	 -5,60253e-02	 -1,33770e-02
5670	  1,1338000000e+04	 -5,25432e-02	 -1,13496e-02
5671	  1,1340000000e+04	 -4,74830e-02	 -1,42310e-02
5672	  1,1342000000e+04	 -4,65984e-02	 -1,41129e-02
5673	  1,1344000000e+04	 -4,57690e-02	 -1,24335e-02
5674	  1,1346000000e+04	 -4,27472e-02	 -1,14628e-02
5675	  1,1348000000e+04	 -4,38181e-02	 -1,06858e-02
5676	  1,1350000000e+04	 -4,24363e-02	 -9,45081e-03
5677	  1,1352000000e+04	 -4,18307e-02	 -1,20728e-02
5678	  1,1354000000e+04	 -4,05741e-02	 -1,07796e-02
5679	  1,1356000000e+04	 -3,86962e-02	 -1,00577e-02
5680	  1,1358000000e+04	 -3,90400e-02	 -1,00351e-02
5681	  1,1360000000e+04	 -3,72310e-02	 -1,03571e-02
5682	  1,1362000000e+04	 -3,46769e-02	 -9,77206e-03
5683	  1,1364000000e+04	 -3,58425e-02	 -1,47929e-02
5684	  1,1366000000e+04	 -3,44675e-02	 -1,85223e-02
5685	  1,1368000000e+04	 -3,33080e-02	 -1,60816e-02
5686	  1,1370000000e+04	 -3,29249e-02	 -1,47790e-02
5687	  1,1372000000e+04	 -3,37961e-02	 -1,43843e-02
5688	  1,1374000000e+04	 -2,96622e-02	 -1,25820e-02
5689	  1,1376000000e+04	 -2,86723e-02	 -1,31793e-02
5690	  1,1378000000e+04	 -2,98932e-02	 -1,38601e-02
5691	  1,1380000000e+04	 -2,69872e-02	 -1,49714e-02
5692	  1,1382000000e+04	 -2,68043e-02	 -1,72389e-02
5693	  1,1384000000e+04	 -2,67136e-02	 -1,71727e-02
5694	  1,1386000000e+04	 -2,62644e-02	 -1,48127e-02
5695	  1,1388000000e+04	 -2,68445e-02	 -1,30207e-02
5696	  1,1390000000e+04	 -2,45069e-02	 -1,38838e-02
5697	  1,1392000000e+04	 -2,30463e-02	 -1,81024e-02
5698	  1,1394000000e+04	 -2,58090e-02	 -1,49847e-02
5699	  1,1396000000e+04	 -2,35527e-02	 -1,63960e-02
5700	  1,1398000000e+04	 -2,17286e-02	 -1,71916e-02
5701	  1,1400000000e+04	 -2,32797e-02	 -1,48230e-02
5702	  1,1402000000e+04	 -2,21414e-02	 -1,62942e-02
5703	  1,1404000000e+04	 -2,17840e-02	 -1,92363e-02
5704	  1,1406000000e+04	 -2,30856e-02	 -1,73825e-02
5705	  1,1408000000e+04	 -2,26629e-02	 -1,89410e-02
5706	  1,1410000000e+04	 -1,90631e-02	 -2,25594e-02
5707	  1,1412000000e+04	 -1,71250e-02	 -2,02421e-02
5708	  1,1414000000e+04	 -2,00946e-02	 -1,94878e-02
5709	  1,1416000000e+04	 -2,24707e-02	 -1,99598e-02
5710	  1,1418000000e+04	 -2,16386e-02	 -2,15188e-02
5711	  1,1420000000e+04	 -1,83677e-02	 -2,27308e-02
5712	  1,1422000000e+04	 -1,78248e-02	 -2,43559e-02
5713	  1,1424000000e+04	 -1,84867e-02	 -2,59524e-02
5714	  1,1426000000e+04	 -1,96886e-02	 -2,55152e-02
5715	  1,1428000000e+04	 -2,10246e-02	 -2,75453e-02
5716	  1,1430000000e+04	 -1,98922e-02	 -2,82107e-02
5717	  1,1432000000e+04	 -1,83079e-02	 -2,81011e-02
5718	  1,1434000000e+04	 -1,96084e-02	 -2,89030e-02
5719	  1,1436000000e+04	 -1,99318e-02	 -2,89524e-02
5720	  1,1438000000e+04	 -2,09094e-02	 -3,11919e-02
5721	  1,1440000000e+04	 -2,14875e-02	 -2,78129e-02
5722	  1,1442000000e+04	 -2,00131e-02	 -2,66778e-02
5723	  1,1444000000e+04	 -1,79334e-02	 -3,01375e-02
5724	  1,1446000000e+04	 -2,00528e-02	 -3,25285e-02
5725	  1,1448000000e+04	 -2,53659e-02	 -3,07210e-02
5726	  1,1450000000e+04	 -2,46392e-02	 -3,00762e-02
5727	  1,1452000000e+04	 -2,96964e-02	 -3,28078e-02
5728	  1,1454000000e+04	 -2,81074e-02	 -3,15417e-02
5729	  1,1456000000e+04	 -2,23239e-02	 -3,21233e-02
5730	  1,1458000000e+04	 -2,55378e-02	 -3,33167e-02
5731	  1,1460000000e+04	 -2,56367e-02	 -3,20068e-02
5732	  1,1462000000e+04	 -2,95034e-02	 -3,09168e-02
5733	  1,1464000000e+04	 -2,80620e-02	 -3,20791e-02
5734	  1,1466000000e+04	 -2,30714e-02	 -3,35138e-02
5735	  1,1468000000e+04	 -2,47720e-02	 -3,25976e-02
5736	  1,1470000000e+04	 -2,56988e-02	 -3,25753e-02
5737	  1,1472000000e+04	 -2,72485e-02	 -3,42131e-02
5738	  1,1474000000e+04	 -2,47070e-02	 -3,22895e-02
5739	  1,1476000000e+04	 -2,29909e-02	 -3,06984e-02
5740	  1,1478000000e+04	 -2,23665e-02	 -3,17169e-02
5741	  1,1480000000e+04	 -2,49863e-02	 -3,33272e-02
5742	  1,1482000000e+04	 -2,69251e-02	 -3,18991e-02
5743	  1,1484000000e+04	 -2,62045e-02	 -3,22941e-02
5744	  1,1486000000e+04	 -2,71731e-02	 -3,23249e-02
5745	  1,1488000000e+04	 -2,60122e-02	 -3,33700e-02
5746	  1,1490000000e+04	 -2,76214e-02	 -3,46274e-02
5747	  1,1492000000e+04	 -2,34447e-02	 -3,38121e-02
5748	  1,1494000000e+04	 -2,27569e-02	 -3,41968e-02
5749	  1,1496000000e+04	 -2,67421e-02	 -3,72046e-02
5750	  1,1498000000e+04	 -2,74623e-02	 -4,13779e-02
5751	  1,1500000000e+04	 -2,69656e-02	 -4,02301e-02
5752	  1,1502000000e+04	 -2,73757e-02	 -4,01699e-02
5753	  1,1504000000e+04	 -3,14516e-02	 -4,32826e-02
5754	  1,1506000000e+04	 -3,44137e-02	 -4,41983e-02
5755	  1,1508000000e+04	 -3,50291e-02	 -4,57551e-02
5756	  1,1510000000e+04	 -3,61436e-02	 -4,48559e-02
5757	  1,1512000000e+04	 -3,82335e-02	 -4,24125e-02
5758	  1,1514000000e+04	 -3,53326e-02	 -4,27519e-02
5759	  1,1516000000e+04	 -3,72002e-02	 -4,29545e-02
5760	  1,1518000000e+04	 -3,87845e-02	 -4,59307e-02
5761	  1,1520000000e+04	 -3,85855e-02	 -4,54198e-02
5762	  1,1522000000e+04	 -4,02724e-02	 -4,35524e-02
5763	  1,1524000000e+04	 -4,12420e-02	 -4,70239e-02
5764	  1,1526000000e+04	 -4,09084e-02	 -4,49483e-02
5765	  1,1528000000e+04	 -4,43568e-02	 -4,56031e-02
5766	  1,1530000000e+04	 -4,65300e-02	 -4,51270e-02
5767	  1,1532000000e+04	 -4,81886e-02	 -4,38049e-02
5768	  1,1534000000e+04	 -5,36711e-02	 -4,64704e-02
5769	  1,1536000000e+04	 -5,06887e-02	 -4,74840e-02
5770	  1,1538000000e+04	 -5,13578e-02	 -4,44542e-02
5771	  1,1540000000e+04	 -5,35082e-02	 -4,34394e-02
5772	  1,1542000000e+04	 -5,49043e-02	 -4,37259e-02
5773	  1,1544000000e+04	 -5,41553e-02	 -4,29288e-02
5774	  1,1546000000e+04	 -5,24680e-02	 -4,08205e-02
5775	  1,1548000000e+04	 -5,77808e-02	 -3,97243e-02
5776	  1,1550000000e+04	 -6,18714e-02	 -4,15320e-02
5777	  1,1552000000e+04	 -6,22196e-02	 -4,35364e-02
5778	  1,1554000000e+04	 -6,13267e-02	 -4,11982e-02
5779	  1,1556000000e+04	 -6,15116e-02	 -3,97487e-02
5780	  1,1558000000e+04	 -6,30700e-02	 -3,55880e-02
5781	  1,1560000000e+04	 -6,47340e-02	 -3,32187e-02
5782	  1,1562000000e+04	 -6,80074e-02	 -3,22366e-02
5783	  1,1564000000e+04	 -6,80154e-02	 -3,17395e-02
5784	  1,1566000000e+04	 -6,69776e-02	 -3,09542e-02
5785	  1,1568000000e+04	 -6,88665e-02	 -2,97738e-02
5786	  1,1570000000e+04	 -6,87349e-02	 -2,71220e-02
5787	  1,1572000000e+04	 -6,76640e-02	 -2,65098e-02
5788	  1,1574000000e+04	 -6,93704e-02	 -2,43881e-02
5789	  1,1576000000e+04	 -6,60678e-02	 -2,23298e-02
5790	  1,1578000000e+04	 -6,74014e-02	 -2,10905e-02
5791	  1,1580000000e+04	 -7,03422e-02	 -2,06450e-02
5792	  1,1582000000e+04	 -7,20045e-02	 -2,08293e-02
5793	  1,1584000000e+04	 -6,80545e-02	 -2,11985e-02
5794	  1,1586000000e+04	 -6,87814e-02	 -1,76466e-02
5795	  1,1588000000e+04	 -6,78678e-02	 -1,85785e-02
5796	  1,1590000000e+04	 -6,64670e-02	 -1,93333e-02
5797	  1,1592000000e+04	 -6,73917e-02	 -1,61833e-02
5798	  1,1594000000e+04	 -6,81041e-02	 -1,69081e-02
5799	  1,1596000000e+04	 -6,61324e-02	 -1,71422e-02
5800	  1,1598000000e+04	 -6,28518e-02	 -1,48906e-02
5801	  1,1600000000e+04	 -6,33928e-02	 -1,14723e-02
5802	  1,1602000000e+04	 -6,53504e-02	 -1,63215e-02
5803	  1,1604000000e+04	 -6,45975e-02	 -1,78761e-02
5804	  1,1606000000e+04	 -6,55593e-02	 -1,67964e-02
5805	  1,1608000000e+04	 -6,56199e-02	 -1,81757e-02
5806	  1,1610000000e+04	 -6,63181e-02	 -1,81743e-02
5807	  1,1612000000e+04	 -6,55621e-02	 -1,75630e-02
5808	  1,1614000000e+04	 -6,86289e-02	 -1,60405e-02
5809	  1,1616000000e+04	 -6,84312e-02	 -1,36384e-02
5810	  1,1618000000e+04	 -6,70914e-02	 -1,49849e-02
5811	  1,1620000000e+04	 -6,78823e-02	 -1,52883e-02
5812	  1,1622000000e+04	 -7,05096e-02	 -1,72776e-02
5813	  1,1624000000e+04	 -6,98785e-02	 -1,76410e-02
5814	  1,1626000000e+04	 -7,19027e-02	 -1,07207e-02
5815	  1,1628000000e+04	 -6,96807e-02	 -6,02722e-03
5816	  1,1630000000e+04	 -7,16541e-02	 -9,61495e-03
5817	  1,1632000000e+04	 -7,14452e-02	 -1,03977e-02
5818	  1,1634000000e+04	 -7,46414e-02	 -6,94109e-03
5819	  1,1636000000e+04	 -7,41820e-02	 -6,37285e-03
5820	  1,1638000000e+04	 -7,21676e-02	 -5,50198e-03
5821	  1,1640000000e+04	 -7,10729e-02	 -7,13011e-03
5822	  1,1642000000e+04	 -7,23051e-02	 -5,55129e-03
5823	  1,1644000000e+04	 -7,45589e-02	 -3,79164e-03
5824	  1,1646000000e+04	 -7,36272e-02	 -2,70888e-03
5825	  1,1648000000e+04	 -7,48199e-02	 -7,73847e-05
5826	  1,1650000000e+04	 -7,34150e-02	 -8,17433e-05
5827	  1,1652000000e+04	 -7,35094e-02	  1,16500e-03
5828	  1,1654000000e+04	 -7,37639e-02	 -1,23084e-04
5829	  1,1656000000e+04	 -7,33185e-02	  3,18882e-04
5830	  1,1658000000e+04	 -7,25209e-02	  2,79943e-03
5831	  1,1660000000e+04	 -7,31181e-02	  3,64753e-03
5832	  1,1662000000e+04	 -7,35607e-02	  2,10379e-03
5833	  1,1664000000e+04	 -7,42581e-02	  2,26035e-03
5834	  1,1666000000e+04	 -7,52501e-02	  3,40502e-03
5835	  1,1668000000e+04	 -7,85260e-02	  5,40606e-03
5836	  1,1670000000e+04	 -7,69369e-02	  6,73491e-03
5837	  1,1672000000e+04	 -7,63804e-02	  6,81021e-03
5838	  1,1674000000e+04	 -7,87346e-02	  7,82167e-03
5839	  1,1676000000e+04	 -7,86461e-02	  8,89167e-03
5840	  1,1678000000e+04	 -8,08141e-02	  8,70649e-03
5841	  1,1680000000e+04	 -7,87906e-02	  1,28857e-02
5842	  1,1682000000e+04	 -7,77274e-02	  1,34468e-02
5843	  1,1684000000e+04	 -7,86367e-02	  1,54738e-02
5844	  1,1686000000e+04	 -7,97597e-02	  2,20779e-02
5845	  1,1688000000e+04	 -7,88780e-02	  2,04293e-02
5846	  1,1690000000e+04	 -7,88705e-02	  1,89412e-02
5847	  1,1692000000e+04	 -7,82722e-02	  2,02122e-02
5848	  1,1694000000e+04	 -7,60733e-02	  2,44987e-02
5849	  1,1696000000e+04	 -7,56572e-02	  2,52129e-02
5850	  1,1698000000e+04	 -7,61917e-02	  2,52698e-02
5851	  1,1700000000e+04	 -7,38629e-02	  2,51559e-02
5852	  1,1702000000e+04	 -7,26801e-02	  2,79858e-02
5853	  1,1704000000e+04	 -7,34911e-02	  2,71889e-02
5854	  1,1706000000e+04	 -7,29034e-02	  2,49499e-02
5855	  1,1708000000e+04	 -7,02918e-02	  2,70738e-02
5856	  1,1710000000e+04	 -6,98836e-02	  2,53265e-02
5857	  1,1712000000e+04	 -7,07286e-02	  2,67338e-02
5858	  1,1714000000e+04	 -6,89156e-02	  2,60305e-02
5859	  1,1716000000e+04	 -6,90306e-02	  2,66872e-02
5860	  1,1718000000e+04	 -6,84537e-02	  3,07944e-02
5861	  1,1720000000e+04	 -6,80610e-02	  2,92756e-02
5862	  1,1722000000e+04	 -6,76816e-02	  2,61945e-02
5863	  1,1724000000e+04	 -6,82580e-02	  2,90023e-02
5864	  1,1726000000e+04	 -6,90672e-02	  3,16836e-02
5865	  1,1728000000e+04	 -6,72147e-02	  3,15232e-02
5866	  1,1730000000e+04	 -6,67328e-02	  3,00113e-02
5867	  1,1732000000e+04	 -6,69841e-02	  3,05527e-02
5868	  1,1734000000e+04	 -6,63099e-02	  3,43298e-02
5869	  1,1736000000e+04	 -6,81384e-02	  3,03576e-02
5870	  1,1738000000e+04	 -6,46017e-02	  3,14794e-02
5871	  1,1740000000e+04	 -6,42771e-02	  3,24049e-02
5872	  1,1742000000e+04	 -6,41969e-02	  3,51814e-02
5873	  1,1744000000e+04	 -6,17845e-02	  3,44383e-02
5874	  1,1746000000e+04	 -6,09195e-02	  3,80500e-02
5875	  1,1748000000e+04	 -6,11029e-02	  3,67942e-02
5876	  1,1750000000e+04	 -6,29277e-02	  3,68792e-02
5877	  1,1752000000e+04	 -6,07915e-02	  3,94073e-02
5878	  1,1754000000e+04	 -6,07939e-02	  3,63179e-02
5879	  1,1756000000e+04	 -6,15210e-02	  3,28163e-02
5880	  1,1758000000e+04	 -6,35791e-02	  3,50492e-02
5881	  1,1760000000e+04	 -6,08367e-02	  3,64319e-02
5882	  1,1762000000e+04	 -6,31806e-02	  3,77389e-02
5883	  1,1764000000e+04	 -6,55188e-02	  3,87644e-02
5884	  1,1766000000e+04	 -6,15472e-02	  3,61622e-02
5885	  1,1768000000e+04	 -6,29529e-02	  3,64647e-02
5886	  1,1770000000e+04	 -6,52279e-02	  3,63694e-02
5887	  1,1772000000e+04	 -6,32228e-02	  3,69847e-02
5888	  1,1774000000e+04	 -6,29745e-02	  3,77348e-02
5889	  1,1776000000e+04	 -6,28239e-02	  3,92070e-02
5890	  1,1778000000e+04	 -6,31270e-02	  3,82013e-02
5891	  1,1780000000e+04	 -6,73291e-02	  4,06158e-02
5892	  1,1782000000e+04	 -6,56841e-02	  3,76395e-02
5893	  1,1784000000e+04	 -6,32205e-02	  3,99494e-02
5894	  1,1786000000e+04	 -5,81630e-02	  4,21961e-02
5895	  1,1788000000e+04	 -5,79335e-02	  4,20557e-02
5896	  1,1790000000e+04	 -6,15944e-02	  4,38412e-02
5897	  1,1792000000e+04	 -6,37778e-02	  4,50501e-02
5898	  1,1794000000e+04	 -6,27369e-02	  4,53882e-02
5899	  1,1796000000e+04	 -6,08876e-02	  4,73303e-02
5900	  1,1798000000e+04	 -6,25252e-02	  4,58027e-02
5901	  1,1800000000e+04	 -6,19611e-02	  4,55810e-02
5902	  1,1802000000e+04	 -6,37857e-02	  4,72295e-02
5903	  1,1804000000e+04	 -6,48940e-02	  4,82803e-02
5904	  1,1806000000e+04	 -6,10179e-02	  5,05928e-02
5905	  1,1808000000e+04	 -5,62013e-02	  5,13056e-02
5906	  1,1810000000e+04	 -5,88427e-02	  5,09687e-02
5907	  1,1812000000e+04	 -6,10527e-02	  5,16853e-02
5908	  1,1814000000e+04	 -6,01576e-02	  5,32329e-02
5909	  1,1816000000e+04	 -5,95359e-02	  5,36346e-02
5910	  1,1818000000e+04	 -5,91449e-02	  5,17632e-02
5911	  1,1820000000e+04	 -5,67376e-02	  5,33283e-02
5912	  1,1822000000e+04	 -5,59203e-02	  5,61564e-02
5913	  1,1824000000e+04	 -5,62672e-02	  5,30224e-02
5914	  1,1826000000e+04	 -5,59278e-02	  5,55537e-02
5915	  1,1828000000e+04	 -5,48321e-02	  5,86157e-02
5916	  1,1830000000e+04	 -5,65882e-02	  5,92335e-02
5917	  1,1832000000e+04	 -5,51676e-02	  6,09676e-02
5918	  1,1834000000e+04	 -5,59451e-02	  5,84247e-02
5919	  1,1836000000e+04	 -5,64553e-02	  5,63143e-02
5920	  1,1838000000e+04	 -5,68826e-02	  6,21461e-02
5921	  1,1840000000e+04	 -5,78587e-02	  6,27962e-02
5922	  1,1842000000e+04	 -5,33924e-02	  6,07658e-02
5923	  1,1844000000e+04	 -5,10599e-02	  6,21761e-02
5924	  1,1846000000e+04	 -5,29336e-02	  6,54447e-02
5925	  1,1848000000e+04	 -5,42878e-02	  6,75573e-02
5926	  1,1850000000e+04	 -5,54908e-02	  6,73484e-02
5927	  1,1852000000e+04	 -5,29987e-02	  6,68306e-02
5928	  1,1854000000e+04	 -5,00374e-02	  6,79116e-02
5929	  1,1856000000e+04	 -5,09167e-02	  6,83294e-02
5930	  1,1858000000e+04	 -4,88428e-02	  6,75334e-02
5931	  1,1860000000e+04	 -4,85520e-02	  6,97931e-02
5932	  1,1862000000e+04	 -4,58465e-02	  6,90029e-02
5933	  1,1864000000e+04	 -4,77482e-02	  7,10513e-02
5934	  1,1866000000e+04	 -4,86027e-02	  6,85050e-02
5935	  1,1868000000e+04	 -4,71404e-02	  7,10061e-02
5936	  1,1870000000e+04	 -4,47147e-02	  7,32570e-02
5937	  1,1872000000e+04	 -4,23988e-02	  7,30768e-02
5938	  1,1874000000e+04	 -4,13953e-02	  6,82173e-02
5939	  1,1876000000e+04	 -4,26323e-02	  6,94065e-02
5940	  1,1878000000e+04	 -4,01923e-02	  7,09758e-02
5941	  1,1880000000e+04	 -4,03250e-02	  7,06420e-02
5942	  1,1882000000e+04	 -3,94315e-02	  7,16209e-02
5943	  1,1884000000e+04	 -4,01122e-02	  7,21202e-02
5944	  1,1886000000e+04	 -4,16323e-02	  7,12666e-02
5945	  1,1888000000e+04	 -4,36696e-02	  7,10030e-02
5946	  1,1890000000e+04	 -4,08056e-02	  6,95333e-02
5947	  1,1892000000e+04	 -4,17415e-02	  6,96197e-02
5948	  1,1894000000e+04	 -4,39771e-02	  7,05633e-02
5949	  1,1896000000e+04	 -4,62719e-02	  7,28415e-02
5950	  1,1898000000e+04	 -4,46784e-02	  7,22236e-02
5951	  1,1900000000e+04	 -4,52263e-02	  7,02994e-02
5952	  1,1902000000e+04	 -4,35252e-02	  7,36613e-02
5953	  1,1904000000e+04	 -4,23727e-02	  7,79221e-02
5954	  1,1906000000e+04	 -4,14963e-02	  8,01359e-02
5955	  1,1908000000e+04	 -4,18856e-02	  8,08415e-02
5956	  1,1910000000e+04	 -4,18506e-02	  8,01272e-02
5957	  1,1912000000e+04	 -4,30803e-02	  8,15393e-02
5958	  1,1914000000e+04	 -4,33401e-02	  8,66552e-02
5959	  1,1916000000e+04	 -4,12111e-02	  8,89029e-02
5960	  1,1918000000e+04	 -4,33441e-02	  8,98167e-02
5961	  1,1920000000e+04	 -4,16179e-02	  9,08908e-02
5962	  1,1922000000e+04	 -3,99953e-02	  8,89884e-02
5963	  1,1924000000e+04	 -3,88153e-02	  9,06207e-02
5964	  1,1926000000e+04	 -3,57017e-02	  9,03640e-02
5965	  1,1928000000e+04	 -3,47138e-02	  9,13694e-02
5966	  1,1930000000e+04	 -3,10927e-02	  9,33959e-02
5967	  1,1932000000e+04	 -3,37741e-02	  9,45777e-02
5968	  1,1934000000e+04	 -3,12017e-02	  9,58136e-02
5969	  1,1936000000e+04	 -2,64130e-02	  9,51463e-02
5970	  1,1938000000e+04	 -2,87130e-02	  9,76505e-02
5971	  1,1940000000e+04	 -2,54004e-02	  9,92503e-02
5972	  1,1942000000e+04	 -2,14959e-02	  1,00920e-01
5973	  1,1944000000e+04	 -1,88609e-02	  9,80421e-02
5974	  1,1946000000e+04	 -1,69938e-02	  9,78893e-02
5975	  1,1948000000e+04	 -1,73099e-02	  1,00299e-01
5976	  1,1950000000e+04	 -1,43848e-02	  1,01086e-01
5977	  1,1952000000e+04	 -9,53332e-03	  1,03097e-01
5978	  1,1954000000e+04	 -9,79462e-03	  9,78372e-02
5979	  1,1956000000e+04	 -1,21853e-02	  9,52553e-02
5980	  1,1958000000e+04	 -8,86132e-03	  9,42173e-02
5981	  1,1960000000e+04	 -7,05731e-03	  9,73981e-02
5982	  1,1962000000e+04	 -1,07819e-02	  9,82021e-02
5983	  1,1964000000e+04	 -1,15467e-02	  9,65613e-02
5984	  1,1966000000e+04	 -1,00520e-02	  9,71209e-02
5985	  1,1968000000e+04	 -7,19116e-03	  9,95839e-02
5986	  1,1970000000e+04	 -7,47531e-03	  9,77215e-02
5987	  1,1972000000e+04	 -6,59581e-03	  9,46510e-02
5988	  1,1974000000e+04	 -5,37964e-03	  9,30677e-02
5989	  1,1976000000e+04	 -6,17750e-03	  9,28130e-02
5990	  1,1978000000e+04	 -6,01581e-03	  9,31491e-02
5991	  1,1980000000e+04	 -4,66954e-03	  9,27831e-02
5992	  1,1982000000e+04	  1,36812e-03	  9,40194e-02
5993	  1,1984000000e+04	  9,29531e-04	  9,53556e-02
5994	  1,1986000000e+04	 -3,76153e-03	  9,62277e-02
5995	  1,1988000000e+04	 -3,74157e-03	  9,69426e-02
5996	  1,1990000000e+04	 -8,47346e-03	  9,84372e-02
5997	  1,1992000000e+04	 -5,31801e-03	  9,75619e-02
5998	  1,1994000000e+04	 -7,93287e-04	  9,84163e-02
5999	  1,1996000000e+04	  5,26625e-04	  1,01071e-01
6000	  1,1998000000e+04	 -5,59505e-04	  9,83302e-02
6001	  1,2000000000e+04	 -8,45939e-04	  9,67423e-02
6002	  1,2002000000e+04	 -5,66060e-06	  9,86635e-02
6003	  1,2004000000e+04	 -4,93761e-04	  1,00731e-01
6004	  1,2006000000e+04	  1,93672e-03	  9,98282e-02
6005	  1,2008000000e+04	  4,16710e-03	  9,81650e-02
6006	  1,2010000000e+04	  5,59021e-03	  1,00943e-01
6007	  1,2012000000e+04	  6,69929e-03	  1,04001e-01
6008	  1,2014000000e+04	  6,95755e-03	  1,01005e-01
6009	  1,2016000000e+04	  6,78644e-03	  9,90451e-02
6010	  1,2018000000e+04	  3,78146e-03	  1,03105e-01
6011	  1,2020000000e+04	  6,77108e-03	  1,06769e-01
6012	  1,2022000000e+04	  9,88591e-03	  1,05670e-01
6013	  1,2024000000e+04	  1,15653e-02	  1,02353e-01
6014	  1,2026000000e+04	  1,21026e-02	  1,02202e-01
6015	  1,2028000000e+04	  1,28218e-02	  1,03055e-01
6016	  1,2030000000e+04	  1,57045e-02	  1,04652e-01
6017	  1,2032000000e+04	  1,80718e-02	  1,05294e-01
6018	  1,2034000000e+04	  1,84062e-02	  1,05217e-01
6019	  1,2036000000e+04	  1,67717e-02	  1,05259e-01
6020	  1,2038000000e+04	  1,71460e-02	  1,04884e-01
6021	  1,2040000000e+04	  1,78305e-02	  1,05283e-01
6022	  1,2042000000e+04	  1,96887e-02	  1,04322e-01
6023	  1,2044000000e+04	  1,96171e-02	  1,07802e-01
6024	  1,2046000000e+04	  1,76321e-02	  1,08997e-01
6025	  1,2048000000e+04	  2,26123e-02	  1,08309e-01
6026	  1,2050000000e+04	  2,35121e-02	  1,12099e-01
6027	  1,2052000000e+04	  2,44285e-02	  1,14356e-01
6028	  1,2054000000e+04	  2,70666e-02	  1,15745e-01
6029	  1,2056000000e+04	  2,58739e-02	  1,12280e-01
6030	  1,2058000000e+04	  2,69656e-02	  1,12005e-01
6031	  1,2060000000e+04	  3,13036e-02	  1,11475e-01
6032	  1,2062000000e+04	  3,41773e-02	  1,15128e-01
6033	  1,2064000000e+04	  3,42843e-02	  1,15148e-01
6034	  1,2066000000e+04	  3,50961e-02	  1,16797e-01
6035	  1,2068000000e+04	  3,81228e-02	  1,17031e-01
6036	  1,2070000000e+04	  4,02273e-02	  1,11902e-01
6037	  1,2072000000e+04	  4,07257e-02	  1,11132e-01
6038	  1,2074000000e+04	  3,82120e-02	  1,13489e-01
6039	  1,2076000000e+04	  3,88361e-02	  1,12796e-01
6040	  1,2078000000e+04	  4,19216e-02	  1,10683e-01
6041	  1,2080000000e+04	  4,61929e-02	  1,11687e-01
6042	  1,2082000000e+04	  4,70401e-02	  1,12197e-01
6043	  1,2084000000e+04	  4,96960e-02	  1,10534e-01
6044	  1,2086000000e+04	  5,44308e-02	  1,10749e-01
6045	  1,2088000000e+04	  5,40944e-02	  1,11157e-01
6046	  1,2090000000e+04	  5,45786e-02	  1,12158e-01
6047	  1,2092000000e+04	  5,43379e-02	  1,12410e-01
6048	  1,2094000000e+04	  5,63885e-02	  1,08187e-01
6049	  1,2096000000e+04	  5,82715e-02	  1,06558e-01
6050	  1,2098000000e+04	  5,67662e-02	  1,07903e-01
6051	  1,2100000000e+04	  6,34012e-02	  1,09820e-01
6052	  1,2102000000e+04	  6,66132e-02	  1,09101e-01
6053	  1,2104000000e+04	  6,47654e-02	  1,05479e-01
6054	  1,2106000000e+04	  6,61673e-02	  1,05207e-01
6055	  1,2108000000e+04	  6,74649e-02	  1,06540e-01
6056	  1,2110000000e+04	  6,68377e-02	  1,06360e-01
6057	  1,2112000000e+04	  6,87570e-02	  1,06757e-01
6058	  1,2114000000e+04	  7,19454e-02	  1,08376e-01
6059	  1,2116000000e+04	  7,00686e-02	  1,10204e-01
6060	  1,2118000000e+04	  6,88650e-02	  1,09807e-01
6061	  1,2120000000e+04	  7,40935e-02	  1,07377e-01
6062	  1,2122000000e+04	  7,64249e-02	  1,07246e-01
6063	  1,2124000000e+04	  7,29826e-02	  1,06692e-01
6064	  1,2126000000e+04	  7,39583e-02	  1,08060e-01
6065	  1,2128000000e+04	  7,49677e-02	  1,09786e-01
6066	  1,2130000000e+04	  7,45119e-02	  1,08442e-01
6067	  1,2132000000e+04	  8,19828e-02	  1,10667e-01
6068	  1,2134000000e+04	  8,36011e-02	  1,08644e-01
6069	  1,2136000000e+04	  8,21372e-02	  1,06813e-01
6070	  1,2138000000e+04	  8,72062e-02	  1,09305e-01
6071	  1,2140000000e+04	  9,12161e-02	  1,09127e-01
6072	  1,2142000000e+04	  9,02722e-02	  1,08429e-01
6073	  1,2144000000e+04	  9,04252e-02	  1,04853e-01
6074	  1,2146000000e+04	  9,24645e-02	  1,05028e-01
6075	  1,2148000000e+04	  9,51512e-02	  1,07588e-01
6076	  1,2150000000e+04	  9,71294e-02	  1,05293e-01
6077	  1,2152000000e+04	  1,00987e-01	  1,02798e-01
6078	  1,2154000000e+04	  1,01589e-01	  1,01131e-01
6079	  1,2156000000e+04	  1,01816e-01	  1,01685e-01
6080	  1,2158000000e+04	  1,04829e-01	  1,02174e-01
6081	  1,2160000000e+04	  1,08377e-01	  9,86948e-02
6082	  1,2162000000e+04	  1,10582e-01	  9,74226e-02
6083	  1,2164000000e+04	  1,09671e-01	  9,85203e-02
6084	  1,2166000000e+04	  1,11513e-01	  9,59353e-02
6085	  1,2168000000e+04	  1,13774e-01	  9,34408e-02
6086	  1,2170000000e+04	  1,13839e-01	  9,22138e-02
6087	  1,2172000000e+04	  1,15439e-01	  8,90192e-02
6088	  1,2174000000e+04	  1,19350e-01	  8,76781e-02
6089	  1,2176000000e+04	  1,20994e-01	  8,99356e-02
6090	  1,2178000000e+04	  1,19586e-01	  8,86517e-02
6091	  1,2180000000e+04	  1,17244e-01	  8,99902e-02
6092	  1,2182000000e+04	  1,19660e-01	  8,78248e-02
6093	  1,2184000000e+04	  1,20530e-01	  9,01712e-02
6094	  1,2186000000e+04	  1,27996e-01	  8,94883e-02
6095	  1,2188000000e+04	  1,29422e-01	  8,80720e-02
6096	  1,2190000000e+04	  1,24814e-01	  8,64961e-02
6097	  1,2192000000e+04	  1,27266e-01	  8,96406e-02
6098	  1,2194000000e+04	  1,29590e-01	  8,84744e-02
6099	  1,2196000000e+04	  1,30125e-01	  8,66229e-02
6100	  1,2198000000e+04	  1,33657e-01	  8,82032e-02
6101	  1,2200000000e+04	  1,37051e-01	  8,57995e-02
6102	  1,2202000000e+04	  1,39517e-01	  8,51770e-02
6103	  1,2204000000e+04	  1,41988e-01	  8,10010e-02
6104	  1,2206000000e+04	  1,44460e-01	  7,69753e-02
6105	  1,2208000000e+04	  1,50603e-01	  7,75331e-02
6106	  1,2210000000e+04	  1,52521e-01	  7,66654e-02
6107	  1,2212000000e+04	  1,54351e-01	  7,81359e-02
6108	  1,2214000000e+04	  1,53984e-01	  7,75915e-02
6109	  1,2216000000e+04	  1,54128e-01	  7,04124e-02
6110	  1,2218000000e+04	  1,59985e-01	  7,04240e-02
6111	  1,2220000000e+04	  1,64169e-01	  6,87193e-02
6112	  1,2222000000e+04	  1,65778e-01	  6,31813e-02
6113	  1,2224000000e+04	  1,67567e-01	  6,15559e-02
6114	  1,2226000000e+04	  1,68317e-01	  5,70275e-02
6115	  1,2228000000e+04	  1,67072e-01	  5,49252e-02
6116	  1,2230000000e+04	  1,70215e-01	  5,19861e-02
6117	  1,2232000000e+04	  1,72868e-01	  4,96730e-02
6118	  1,2234000000e+04	  1,73112e-01	  4,65654e-02
6119	  1,2236000000e+04	  1,77390e-01	  4,58085e-02
6120	  1,2238000000e+04	  1,79461e-01	  4,32359e-02
6121	  1,2240000000e+04	  1,82886e-01	  3,82089e-02
6122	  1,2242000000e+04	  1,81348e-01	  3,30462e-02
6123	  1,2244000000e+04	  1,78848e-01	  3,21030e-02
6124	  1,2246000000e+04	  1,79620e-01	  3,17755e-02
6125	  1,2248000000e+04	  1,82089e-01	  3,24728e-02
6126	  1,2250000000e+04	  1,83627e-01	  2,97902e-02
6127	  1,2252000000e+04	  1,84293e-01	  2,22044e-02
6128	  1,2254000000e+04	  1,84860e-01	  2,42654e-02
6129	  1,2256000000e+04	  1,82883e-01	  1,95555e-02
6130	  1,2258000000e+04	  1,83070e-01	  1,34412e-02
6131	  1,2260000000e+04	  1,87488e-01	  9,76479e-03
6132	  1,2262000000e+04	  1,86825e-01	  6,01201e-03
6133	  1,2264000000e+04	  1,86235e-01	  6,24945e-03
6134	  1,2266000000e+04	  1,87473e-01	 -1,10705e-03
6135	  1,2268000000e+04	  1,88161e-01	 -2,04304e-03
6136	  1,2270000000e+04	  1,87121e-01	 -2,14836e-03
6137	  1,2272000000e+04	  1,81384e-01	 -6,31484e-03
6138	  1,2274000000e+04	  1,84078e-01	 -8,73645e-03
6139	  1,2276000000e+04	  1,84566e-01	 -1,00585e-02
6140	  1,2278000000e+04	  1,85554e-01	 -1,37326e-02
6141	  1,2280000000e+04	  1,86101e-01	 -1,36299e-02
6142	  1,2282000000e+04	  1,82862e-01	 -1,77376e-02
6143	  1,2284000000e+04	  1,84147e-01	 -2,23269e-02
6144	  1,2286000000e+04	  1,81483e-01	 -1,99687e-02
6145	  1,2288000000e+04	  1,79360e-01	 -2,07554e-02
6146	  1,2290000000e+04	  1,80353e-01	 -2,28220e-02
6147	  1,2292000000e+04	  1,79936e-01	 -2,46359e-02
6148	  1,2294000000e+04	  1,79795e-01	 -2,77671e-02
6149	  1,2296000000e+04	  1,79208e-01	 -2,59401e-02
6150	  1,2298000000e+04	  1,79096e-01	 -2,26795e-02
6151	  1,2300000000e+04	  1,80742e-01	 -2,71954e-02
6152	  1,2302000000e+04	  1,82326e-01	 -3,23735e-02
6153	  1,2304000000e+04	  1,81368e-01	 -3,53365e-02
6154	  1,2306000000e+04	  1,82521e-01	 -3,46775e-02
6155	  1,2308000000e+04	  1,86000e-01	 -3,51445e-02
6156	  1,2310000000e+04	  1,89300e-01	 -3,83154e-02
6157	  1,2312000000e+04	  1,90172e-01	 -4,02664e-02
6158	  1,2314000000e+04	  1,91199e-01	 -4,02680e-02
6159	  1,2316000000e+04	  1,89817e-01	 -4,26492e-02
6160	  1,2318000000e+04	  1,90495e-01	 -4,70610e-02
6161	  1,2320000000e+04	  1,95879e-01	 -4,93739e-02
6162	  1,2322000000e+04	  1,93132e-01	 -5,58553e-02
6163	  1,2324000000e+04	  1,94520e-01	 -5,80075e-02
6164	  1,2326000000e+04	  1,96647e-01	 -6,12496e-02
6165	  1,2328000000e+04	  2,00999e-01	 -6,49740e-02
6166	  1,2330000000e+04	  2,00588e-01	 -6,62660e-02
6167	  1,2332000000e+04	  1,99402e-01	 -7,03776e-02
6168	  1,2334000000e+04	  1,97832e-01	 -7,74508e-02
6169	  1,2336000000e+04	  1,97164e-01	 -8,06087e-02
6170	  1,2338000000e+04	  1,97509e-01	 -8,16962e-02
6171	  1,2340000000e+04	  1,97111e-01	 -8,25440e-02
6172	  1,2342000000e+04	  1,95717e-01	 -8,80497e-02
6173	  1,2344000000e+04	  1,94834e-01	 -9,14856e-02
6174	  1,2346000000e+04	  1,95061e-01	 -9,94570e-02
6175	  1,2348000000e+04	  1,94330e-01	 -1,01911e-01
6176	  1,2350000000e+04	  1,92945e-01	 -1,05615e-01
6177	  1,2352000000e+04	  1,91621e-01	 -1,08157e-01
6178	  1,2354000000e+04	  1,89136e-01	 -1,11428e-01
6179	  1,2356000000e+04	  1,88968e-01	 -1,15889e-01
6180	  1,2358000000e+04	  1,87348e-01	 -1,19255e-01
6181	  1,2360000000e+04	  1,86848e-01	 -1,24647e-01
6182	  1,2362000000e+04	  1,85305e-01	 -1,26170e-01
6183	  1,2364000000e+04	  1,82292e-01	 -1,27738e-01
6184	  1,2366000000e+04	  1,81526e-01	 -1,29965e-01
6185	  1,2368000000e+04	  1,79240e-01	 -1,33831e-01
6186	  1,2370000000e+04	  1,77534e-01	 -1,38862e-01
6187	  1,2372000000e+04	  1,77387e-01	 -1,39432e-01
6188	  1,2374000000e+04	  1,78172e-01	 -1,45003e-01
6189	  1,2376000000e+04	  1,77317e-01	 -1,46609e-01
6190	  1,2378000000e+04	  1,73306e-01	 -1,49637e-01
6191	  1,2380000000e+04	  1,66265e-01	 -1,51525e-01
6192	  1,2382000000e+04	  1,66776e-01	 -1,55764e-01
6193	  1,2384000000e+04	  1,65684e-01	 -1,57753e-01
6194	  1,2386000000e+04	  1,62356e-01	 -1,61253e-01
6195	  1,2388000000e+04	  1,62403e-01	 -1,65618e-01
6196	  1,2390000000e+04	  1,59950e-01	 -1,66625e-01
6197	  1,2392000000e+04	  1,58286e-01	 -1,70850e-01
6198	  1,2394000000e+04	  1,53439e-01	 -1,75022e-01
6199	  1,2396000000e+04	  1,50461e-01	 -1,75063e-01
6200	  1,2398000000e+04	  1,48404e-01	 -1,77059e-01
6201	  1,2400000000e+04	  1,43416e-01	 -1,80916e-01
6202	  1,2402000000e+04	  1,42960e-01	 -1,84099e-01
6203	  1,2404000000e+04	  1,42984e-01	 -1,89205e-01
6204	  1,2406000000e+04	  1,41922e-01	 -1,91821e-01
6205	  1,2408000000e+04	  1,38717e-01	 -1,90190e-01
6206	  1,2410000000e+04	  1,35971e-01	 -1,91499e-01
6207	  1,2412000000e+04	  1,32576e-01	 -1,95521e-01
6208	  1,2414000000e+04	  1,32041e-01	 -2,00680e-01
6209	  1,2416000000e+04	  1,27592e-01	 -2,00769e-01
6210	  1,2418000000e+04	  1,22642e-01	 -2,02886e-01
6211	  1,2420000000e+04	  1,20580e-01	 -2,03669e-01
6212	  1,2422000000e+04	  1,21630e-01	 -2,08019e-01
6213	  1,2424000000e+04	  1,16841e-01	 -2,11210e-01
6214	  1,2426000000e+04	  1,10719e-01	 -2,13433e-01
6215	  1,2428000000e+04	  1,08954e-01	 -2,15655e-01
6216	  1,2430000000e+04	  1,11060e-01	 -2,17017e-01
6217	  1,2432000000e+04	  1,11079e-01	 -2,20243e-01
6218	  1,2434000000e+04	  1,07296e-01	 -2,21445e-01
6219	  1,2436000000e+04	  1,04974e-01	 -2,26279e-01
6220	  1,2438000000e+04	  9,95131e-02	 -2,26515e-01
6221	  1,2440000000e+04	  9,47527e-02	 -2,29167e-01
6222	  1,2442000000e+04	  9,22275e-02	 -2,30599e-01
6223	  1,2444000000e+04	  8,63677e-02	 -2,36260e-01
6224	  1,2446000000e+04	  8,28246e-02	 -2,36838e-01
6225	  1,2448000000e+04	  7,95061e-02	 -2,39396e-01
6226	  1,2450000000e+04	  7,53405e-02	 -2,44134e-01
6227	  1,2452000000e+04	  7,29228e-02	 -2,46953e-01
6228	  1,2454000000e+04	  7,06093e-02	 -2,46349e-01
6229	  1,2456000000e+04	  6,54225e-02	 -2,46830e-01
6230	  1,2458000000e+04	  5,88367e-02	 -2,51148e-01
6231	  1,2460000000e+04	  5,45287e-02	 -2,52420e-01
6232	  1,2462000000e+04	  5,01416e-02	 -2,50966e-01
6233	  1,2464000000e+04	  4,50554e-02	 -2,50542e-01
6234	  1,2466000000e+04	  4,29901e-02	 -2,55161e-01
6235	  1,2468000000e+04	  3,80990e-02	 -2,55676e-01
6236	  1,2470000000e+04	  3,35134e-02	 -2,55571e-01
6237	  1,2472000000e+04	  2,95745e-02	 -2,57548e-01
6238	  1,2474000000e+04	  2,49368e-02	 -2,58112e-01
6239	  1,2476000000e+04	  1,76924e-02	 -2,59167e-01
6240	  1,2478000000e+04	  1,36202e-02	 -2,58877e-01
6241	  1,2480000000e+04	  1,28513e-02	 -2,58071e-01
6242	  1,2482000000e+04	  7,87695e-03	 -2,59968e-01
6243	  1,2484000000e+04	  2,50325e-03	 -2,61031e-01
6244	  1,2486000000e+04	 -1,04994e-03	 -2,60677e-01
6245	  1,2488000000e+04	 -5,83415e-03	 -2,60773e-01
6246	  1,2490000000e+04	 -1,14295e-02	 -2,60964e-01
6247	  1,2492000000e+04	 -1,80587e-02	 -2,62168e-01
6248	  1,2494000000e+04	 -2,51976e-02	 -2,63329e-01
6249	  1,2496000000e+04	 -2,65524e-02	 -2,60307e-01
6250	  1,2498000000e+04	 -2,59752e-02	 -2,57890e-01
6251	  1,2500000000e+04	 -2,98829e-02	 -2,59734e-01
6252	  1,2502000000e+04	 -3,57996e-02	 -2,62906e-01
6253	  1,2504000000e+04	 -4,30800e-02	 -2,62876e-01
6254	  1,2506000000e+04	 -4,85233e-02	 -2,60748e-01
6255	  1,2508000000e+04	 -5,12440e-02	 -2,57053e-01
6256	  1,2510000000e+04	 -5,63788e-02	 -2,55708e-01
6257	  1,2512000000e+04	 -6,22706e-02	 -2,56218e-01
6258	  1,2514000000e+04	 -6,61283e-02	 -2,54145e-01
6259	  1,2516000000e+04	 -7,26848e-02	 -2,52694e-01
6260	  1,2518000000e+04	 -7,74918e-02	 -2,52619e-01
6261	  1,2520000000e+04	 -7,99101e-02	 -2,53022e-01
6262	  1,2522000000e+04	 -8,16697e-02	 -2,47528e-01
6263	  1,2524000000e+04	 -8,57025e-02	 -2,42836e-01
6264	  1,2526000000e+04	 -8,99932e-02	 -2,41572e-01
6265	  1,2528000000e+04	 -9,81558e-02	 -2,37642e-01
6266	  1,2530000000e+04	 -1,02297e-01	 -2,36521e-01
6267	  1,2532000000e+04	 -1,04370e-01	 -2,33277e-01
6268	  1,2534000000e+04	 -1,03594e-01	 -2,30706e-01
6269	  1,2536000000e+04	 -1,07034e-01	 -2,29422e-01
6270	  1,2538000000e+04	 -1,09030e-01	 -2,28293e-01
6271	  1,2540000000e+04	 -1,11399e-01	 -2,24521e-01
6272	  1,2542000000e+04	 -1,14890e-01	 -2,26100e-01
6273	  1,2544000000e+04	 -1,20598e-01	 -2,23982e-01
6274	  1,2546000000e+04	 -1,25279e-01	 -2,19687e-01
6275	  1,2548000000e+04	 -1,27390e-01	 -2,17558e-01
6276	  1,2550000000e+04	 -1,28893e-01	 -2,14398e-01
6277	  1,2552000000e+04	 -1,31299e-01	 -2,09652e-01
6278	  1,2554000000e+04	 -1,35635e-01	 -2,07068e-01
6279	  1,2556000000e+04	 -1,36899e-01	 -2,06518e-01
6280	  1,2558000000e+04	 -1,40063e-01	 -2,04297e-01
6281	  1,2560000000e+04	 -1,46792e-01	 -2,04097e-01
6282	  1,2562000000e+04	 -1,48429e-01	 -2,04364e-01
6283	  1,2564000000e+04	 -1,47143e-01	 -2,02151e-01
6284	  1,2566000000e+04	 -1,49725e-01	 -1,95535e-01
6285	  1,2568000000e+04	 -1,55101e-01	 -1,92916e-01
6286	  1,2570000000e+04	 -1,57151e-01	 -1,92878e-01
6287	  1,2572000000e+04	 -1,58441e-01	 -1,90924e-01
6288	  1,2574000000e+04	 -1,63873e-01	 -1,88256e-01
6289	  1,2576000000e+04	 -1,64891e-01	 -1,85979e-01
6290	  1,2578000000e+04	 -1,67513e-01	 -1,80085e-01
6291	  1,2580000000e+04	 -1,71770e-01	 -1,81051e-01
6292	  1,2582000000e+04	 -1,75584e-01	 -1,77530e-01
6293	  1,2584000000e+04	 -1,77840e-01	 -1,71593e-01
6294	  1,2586000000e+04	 -1,76016e-01	 -1,68992e-01
6295	  1,2588000000e+04	 -1,74055e-01	 -1,65376e-01
6296	  1,2590000000e+04	 -1,75681e-01	 -1,60897e-01
6297	  1,2592000000e+04	 -1,79192e-01	 -1,58432e-01
6298	  1,2594000000e+04	 -1,84150e-01	 -1,56534e-01
6299	  1,2596000000e+04	 -1,87228e-01	 -1,55259e-01
6300	  1,2598000000e+04	 -1,88289e-01	 -1,54513e-01
6301	  1,2600000000e+04	 -1,90637e-01	 -1,49274e-01
6302	  1,2602000000e+04	 -1,90908e-01	 -1,46654e-01
6303	  1,2604000000e+04	 -1,92320e-01	 -1,44912e-01
6304	  1,2606000000e+04	 -1,92122e-01	 -1,40113e-01
6305	  1,2608000000e+04	 -1,97325e-01	 -1,36843e-01
6306	  1,2610000000e+04	 -2,01407e-01	 -1,36316e-01
6307	  1,2612000000e+04	 -2,01225e-01	 -1,34302e-01
6308	  1,2614000000e+04	 -2,04724e-01	 -1,30014e-01
6309	  1,2616000000e+04	 -2,09281e-01	 -1,26082e-01
6310	  1,2618000000e+04	 -2,10632e-01	 -1,21296e-01
6311	  1,2620000000e+04	 -2,08745e-01	 -1,19535e-01
6312	  1,2622000000e+04	 -2,09288e-01	 -1,17809e-01
6313	  1,2624000000e+04	 -2,13387e-01	 -1,15463e-01
6314	  1,2626000000e+04	 -2,11062e-01	 -1,12940e-01
6315	  1,2628000000e+04	 -2,12747e-01	 -1,05124e-01
6316	  1,2630000000e+04	 -2,15305e-01	 -1,03327e-01
6317	  1,2632000000e+04	 -2,17443e-01	 -1,01954e-01
6318	  1,2634000000e+04	 -2,19337e-01	 -9,41048e-02
6319	  1,2636000000e+04	 -2,18166e-01	 -8,97016e-02
6320	  1,2638000000e+04	 -2,22373e-01	 -8,54777e-02
6321	  1,2640000000e+04	 -2,22207e-01	 -8,38240e-02
6322	  1,2642000000e+04	 -2,26335e-01	 -8,27901e-02
6323	  1,2644000000e+04	 -2,25956e-01	 -7,81773e-02
6324	  1,2646000000e+04	 -2,26476e-01	 -7,46432e-02
6325	  1,2648000000e+04	 -2,28162e-01	 -6,92835e-02
6326	  1,2650000000e+04	 -2,25626e-01	 -6,59080e-02
6327	  1,2652000000e+04	 -2,25739e-01	 -6,50856e-02
6328	  1,2654000000e+04	 -2,26363e-01	 -5,87324e-02
6329	  1,2656000000e+04	 -2,25727e-01	 -5,20493e-02
6330	  1,2658000000e+04	 -2,25422e-01	 -4,94294e-02
6331	  1,2660000000e+04	 -2,24309e-01	 -4,77377e-02
6332	  1,2662000000e+04	 -2,25850e-01	 -4,59443e-02
6333	  1,2664000000e+04	 -2,25945e-01	 -4,17803e-02
6334	  1,2666000000e+04	 -2,25533e-01	 -3,73039e-02
6335	  1,2668000000e+04	 -2,23282e-01	 -3,47215e-02
6336	  1,2670000000e+04	 -2,23149e-01	 -2,68415e-02
6337	  1,2672000000e+04	 -2,24669e-01	 -2,43363e-02
6338	  1,2674000000e+04	 -2,22440e-01	 -2,06875e-02
6339	  1,2676000000e+04	 -2,24011e-01	 -2,06619e-02
6340	  1,2678000000e+04	 -2,20107e-01	 -1,61748e-02
6341	  1,2680000000e+04	 -2,19788e-01	 -1,30437e-02
6342	  1,2682000000e+04	 -2,18983e-01	 -1,01364e-02
6343	  1,2684000000e+04	 -2,16572e-01	 -6,47319e-03
6344	  1,2686000000e+04	 -2,16054e-01	 -3,14396e-03
6345	  1,2688000000e+04	 -2,14540e-01	 -2,26891e-03
6346	  1,2690000000e+04	 -2,14309e-01	  1,56786e-03
6347	  1,2692000000e+04	 -2,15640e-01	  4,23879e-03
6348	  1,2694000000e+04	 -2,13650e-01	  8,88927e-03
6349	  1,2696000000e+04	 -2,10868e-01	  1,18408e-02
6350	  1,2698000000e+04	 -2,08829e-01	  1,00077e-02
6351	  1,2700000000e+04	 -2,04862e-01	  6,34189e-03
6352	  1,2702000000e+04	 -2,00967e-01	  1,13474e-02
6353	  1,2704000000e+04	 -2,03953e-01	  1,38858e-02
6354	  1,2706000000e+04	 -2,05417e-01	  1,50230e-02
6355	  1,2708000000e+04	 -2,02448e-01	  1,83646e-02
6356	  1,2710000000e+04	 -1,98273e-01	  2,00141e-02
6357	  1,2712000000e+04	 -2,02126e-01	  2,10494e-02
6358	  1,2714000000e+04	 -1,99913e-01	  2,11490e-02
6359	  1,2716000000e+04	 -1,98309e-01	  2,53195e-02
6360	  1,2718000000e+04	 -1,98009e-01	  2,35815e-02
6361	  1,2720000000e+04	 -1,97691e-01	  2,71315e-02
6362	  1,2722000000e+04	 -1,98860e-01	  3,07317e-02
6363	  1,2724000000e+04	 -1,99980e-01	  2,92053e-02
6364	  1,2726000000e+04	 -1,96816e-01	  3,29889e-02
6365	  1,2728000000e+04	 -1,94050e-01	  3,55588e-02
6366	  1,2730000000e+04	 -1,95422e-01	  3,52632e-02
6367	  1,2732000000e+04	 -1,91587e-01	  3,63180e-02
6368	  1,2734000000e+04	 -1,90734e-01	  3,56342e-02
6369	  1,2736000000e+04	 -1,91532e-01	  3,89251e-02
6370	  1,2738000000e+04	 -1,92462e-01	  4,16153e-02
6371	  1,2740000000e+04	 -1,92394e-01	  4,34824e-02
6372	  1,2742000000e+04	 -1,94965e-01	  4,29323e-02
6373	  1,2744000000e+04	 -1,93901e-01	  4,41560e-02
6374	  1,2746000000e+04	 -1,89153e-01	  4,77387e-02
6375	  1,2748000000e+04	 -1,90870e-01	  4,77557e-02
6376	  1,2750000000e+04	 -1,92957e-01	  5,11532e-02
6377	  1,2752000000e+04	 -1,90710e-01	  5,29648e-02
6378	  1,2754000000e+04	 -1,92817e-01	  5,33875e-02
6379	  1,2756000000e+04	 -1,92993e-01	  5,67015e-02
6380	  1,2758000000e+04	 -1,89857e-01	  5,81339e-02
6381	  1,2760000000e+04	 -1,89414e-01	  5,91532e-02
6382	  1,2762000000e+04	 -1,95897e-01	  6,35609e-02
6383	  1,2764000000e+04	 -1,95322e-01	  6,98861e-02
6384	  1,2766000000e+04	 -1,95273e-01	  7,43500e-02
6385	  1,2768000000e+04	 -1,90696e-01	  7,36778e-02
6386	  1,2770000000e+04	 -1,90388e-01	  7,56057e-02
6387	  1,2772000000e+04	 -1,85976e-01	  7,48300e-02
6388	  1,2774000000e+04	 -1,84926e-01	  7,89531e-02
6389	  1,2776000000e+04	 -1,87562e-01	  8,21024e-02
6390	  1,2778000000e+04	 -1,86486e-01	  8,69882e-02
6391	  1,2780000000e+04	 -1,83690e-01	  9,06265e-02
6392	  1,2782000000e+04	 -1,84079e-01	  9,35293e-02
6393	  1,2784000000e+04	 -1,80833e-01	  9,61245e-02
6394	  1,2786000000e+04	 -1,82250e-01	  9,55008e-02
6395	  1,2788000000e+04	 -1,81268e-01	  9,98402e-02
6396	  1,2790000000e+04	 -1,76137e-01	  1,06172e-01
6397	  1,2792000000e+04	 -1,70443e-01	  1,05896e-01
6398	  1,2794000000e+04	 -1,71657e-01	  1,05572e-01
6399	  1,2796000000e+04	 -1,67851e-01	  1,07805e-01
6400	  1,2798000000e+04	 -1,69342e-01	  1,10838e-01
6401	  1,2800000000e+04	 -1,69254e-01	  1,08700e-01
TagsBegin:	 	 	 
OverLoad:	 	False	 
AverageNumber: []	 	  2,00000e+02	 
OverLoadRatio: []	 	  1,19209e-07	 
TagsEnd:	 	 	 
TagScalesBegin:	 	 	 
TagScalesEnd:	 	 	 
