Header Size:	 78	 	 
Pulse Version:	 42	 	 
Decimal Symbol:	,	 	 
Date Format:	dd-MM-yyyy	 	 
Time Format:	HH:mm:ss:mmm	 	 
Data Type:	Complex	 	 
Slice:	False	 	 
Z-Axis type:	Linear	 	 
Z-Axis size:	1	 	 
Z-Axis unit:	 	 	 
Z-Axis first value:	  0,0000000000e+00	 	 
Z-Axis delta:	  1,0000000000e+00	 	 
X-Axis type:	Linear	 	 
X-Axis size:	6401	 	 
X-Axis unit:	Hz	 	 
X-Axis first value:	  0,0000000000e+00	 	 
X-Axis delta:	  2,0000000000e+00	 	 
	 	 	 
AmplitudeUnit:	Pa/V	 	 
Analyzer:	FFT_Spectrum_Averaging	 	 
AnalyzerName:	FFT Analyzer4	 	 
	 	 	 
	 	 	 
Bipolar:	True	 	 
CenterFrequency:	  6,4000000000e+03	 	 
	 	 	 
	 	 	 
	 	 	 
	 	 	 
	 	 	 
	 	 	 
	 	 	 
	 	 	 
Domain:	1	 	 
Function:	Frequency Response	 	 
	 	 	 
InputRange:	  1,0000000000e+01	 	 
	 	 	 
	 	 	 
MultiBufferName:	Input	 	 
NBW:	  1,5000000000e+00	 	 
	 	 	 
OverlapFailed:	False	 	 
Overrun:	False	 	 
Power:	False	 	 
	 	 	 
Ratio:	True	 	 
RecordLength:	  5,0000000000e-01	 	 
ReducedSize:	True	 	 
Ref_Signal:	Signal 1	 	 
	 	 	 
	 	 	 
RefSignalUnit:	V	 	 
	 	 	 
	 	 	 
Signal:	Signal 53	 	 
	 	 	 
SignalUnit:	Pa	 	 
	 	 	 
	 	 	 
	 	 	 
Title:	Frequency Response H1(Signal 53,Signal 1) - Input	 	 
Title1:	Working : Input : Input : FFT Analyzer4	 	 
	 	 	 
	 	 	 
	 	 	 
ZoomOn:	True	 	 
	 	 	 
TemplateName:	Working	 	 
MeasurementName:	Input	 	 
MeasurementSlice:	False	 	 
	 	 	 
	 	 	 
	 	 	 
EnvelopeOn:	False	 	 
	 	 	 
	 	 	 
	 	 	 
Z-index:	 	1	 
Date:	 	14-07-2026	 
Time:	 	19:05:40:147	 
Relative time:	 	  0,00000e+00	 
Z-axis:	 	  0,0000000000e+00	 
1	  0,0000000000e+00	 -3,88511e-04	 -6,81051e-08
2	  2,0000000000e+00	  3,71034e-03	  3,45983e-03
3	  4,0000000000e+00	  2,74686e-03	 -3,77655e-03
4	  6,0000000000e+00	 -1,35467e-02	 -1,13867e-02
5	  8,0000000000e+00	 -2,00788e-02	  9,83008e-03
6	  1,0000000000e+01	  1,70247e-02	 -3,15968e-02
7	  1,2000000000e+01	 -6,62492e-03	  3,42261e-02
8	  1,4000000000e+01	  3,72124e-02	  5,75546e-02
9	  1,6000000000e+01	 -1,78920e-02	 -1,28338e-02
10	  1,8000000000e+01	 -4,32175e-02	  3,80745e-04
11	  2,0000000000e+01	 -7,19809e-02	  5,13839e-02
12	  2,2000000000e+01	 -5,33392e-03	  7,99919e-02
13	  2,4000000000e+01	  8,80818e-02	  3,33792e-02
14	  2,6000000000e+01	  9,87810e-02	  9,35579e-02
15	  2,8000000000e+01	  4,91130e-02	  3,09826e-03
16	  3,0000000000e+01	  2,94582e-02	 -3,36431e-02
17	  3,2000000000e+01	 -4,22026e-03	  4,62278e-02
18	  3,4000000000e+01	 -5,81174e-03	  4,47567e-02
19	  3,6000000000e+01	  8,61226e-03	  4,12014e-02
20	  3,8000000000e+01	 -2,87399e-02	  6,06210e-02
21	  4,0000000000e+01	  3,05975e-02	 -4,68383e-02
22	  4,2000000000e+01	 -2,16084e-02	 -6,44949e-02
23	  4,4000000000e+01	 -2,85423e-02	 -1,00088e-02
24	  4,6000000000e+01	  1,59219e-02	  3,77158e-03
25	  4,8000000000e+01	  2,51354e-02	 -1,32475e-02
26	  5,0000000000e+01	 -3,12655e-02	 -5,36268e-02
27	  5,2000000000e+01	 -4,85561e-02	 -5,47486e-02
28	  5,4000000000e+01	 -2,76309e-02	 -6,73735e-02
29	  5,6000000000e+01	 -2,36158e-02	 -2,83917e-02
30	  5,8000000000e+01	 -2,45399e-02	 -2,51410e-02
31	  6,0000000000e+01	 -5,21758e-02	 -3,35720e-02
32	  6,2000000000e+01	 -2,40780e-02	 -7,18788e-03
33	  6,4000000000e+01	 -3,81204e-02	  1,70287e-02
34	  6,6000000000e+01	 -8,20143e-02	 -3,11008e-03
35	  6,8000000000e+01	 -1,03405e-01	  2,34926e-02
36	  7,0000000000e+01	 -6,90306e-02	  5,74098e-02
37	  7,2000000000e+01	 -8,13152e-02	  3,51142e-02
38	  7,4000000000e+01	 -6,91955e-02	  5,41096e-02
39	  7,6000000000e+01	 -4,63325e-02	  6,52641e-02
40	  7,8000000000e+01	 -7,23691e-02	  6,92913e-02
41	  8,0000000000e+01	 -5,51016e-02	  5,64895e-02
42	  8,2000000000e+01	 -2,32710e-02	  2,81190e-02
43	  8,4000000000e+01	 -5,41352e-02	  5,24322e-02
44	  8,6000000000e+01	 -5,14041e-02	  9,66474e-02
45	  8,8000000000e+01	 -6,36557e-02	  6,99293e-02
46	  9,0000000000e+01	 -6,78561e-02	  6,27545e-02
47	  9,2000000000e+01	 -4,53666e-02	  6,37548e-02
48	  9,4000000000e+01	 -4,70065e-02	  8,67245e-02
49	  9,6000000000e+01	 -5,04165e-02	  1,15503e-01
50	  9,8000000000e+01	 -1,47995e-02	  1,14852e-01
51	  1,0000000000e+02	 -3,42213e-03	  1,52667e-01
52	  1,0200000000e+02	  1,37779e-02	  1,51858e-01
53	  1,0400000000e+02	 -1,40830e-02	  1,42912e-01
54	  1,0600000000e+02	 -4,19047e-02	  1,61845e-01
55	  1,0800000000e+02	 -4,92177e-02	  1,58661e-01
56	  1,1000000000e+02	 -6,95838e-02	  1,62474e-01
57	  1,1200000000e+02	 -6,28113e-02	  1,74067e-01
58	  1,1400000000e+02	 -2,75869e-02	  1,82726e-01
59	  1,1600000000e+02	 -1,42579e-02	  1,67294e-01
60	  1,1800000000e+02	 -3,14952e-02	  1,73860e-01
61	  1,2000000000e+02	  2,74497e-02	  1,83626e-01
62	  1,2200000000e+02	  2,36875e-02	  1,97500e-01
63	  1,2400000000e+02	  2,53999e-02	  1,87687e-01
64	  1,2600000000e+02	  4,84414e-02	  1,79890e-01
65	  1,2800000000e+02	  6,34192e-02	  2,18110e-01
66	  1,3000000000e+02	  7,84702e-02	  2,32540e-01
67	  1,3200000000e+02	  8,95868e-02	  2,04353e-01
68	  1,3400000000e+02	  9,35344e-02	  2,04093e-01
69	  1,3600000000e+02	  1,18074e-01	  2,05289e-01
70	  1,3800000000e+02	  1,24887e-01	  2,21483e-01
71	  1,4000000000e+02	  1,47306e-01	  2,28550e-01
72	  1,4200000000e+02	  1,46952e-01	  1,95768e-01
73	  1,4400000000e+02	  1,58179e-01	  1,82435e-01
74	  1,4600000000e+02	  1,89281e-01	  1,83457e-01
75	  1,4800000000e+02	  2,03881e-01	  2,04242e-01
76	  1,5000000000e+02	  2,21411e-01	  1,87872e-01
77	  1,5200000000e+02	  2,36917e-01	  1,78876e-01
78	  1,5400000000e+02	  2,56492e-01	  1,98841e-01
79	  1,5600000000e+02	  2,48896e-01	  1,84267e-01
80	  1,5800000000e+02	  2,53944e-01	  1,47162e-01
81	  1,6000000000e+02	  2,42256e-01	  1,23530e-01
82	  1,6200000000e+02	  2,55366e-01	  1,04045e-01
83	  1,6400000000e+02	  2,58157e-01	  9,77052e-02
84	  1,6600000000e+02	  2,83674e-01	  1,05625e-01
85	  1,6800000000e+02	  2,63714e-01	  1,00425e-01
86	  1,7000000000e+02	  2,76213e-01	  7,05951e-02
87	  1,7200000000e+02	  2,93197e-01	  7,93092e-02
88	  1,7400000000e+02	  3,13424e-01	  6,33629e-02
89	  1,7600000000e+02	  3,22547e-01	  6,12318e-02
90	  1,7800000000e+02	  3,10357e-01	  4,00742e-02
91	  1,8000000000e+02	  3,07888e-01	  1,87078e-02
92	  1,8200000000e+02	  3,06344e-01	  4,87790e-02
93	  1,8400000000e+02	  3,24364e-01	  1,93321e-02
94	  1,8600000000e+02	  3,05609e-01	  1,08926e-02
95	  1,8800000000e+02	  2,95091e-01	  1,10173e-02
96	  1,9000000000e+02	  3,11102e-01	 -2,40724e-02
97	  1,9200000000e+02	  3,20250e-01	 -3,68374e-02
98	  1,9400000000e+02	  3,28963e-01	 -3,06912e-02
99	  1,9600000000e+02	  3,05910e-01	 -5,88481e-02
100	  1,9800000000e+02	  2,98782e-01	 -9,37736e-02
101	  2,0000000000e+02	  2,78155e-01	 -9,54130e-02
102	  2,0200000000e+02	  2,75054e-01	 -9,71262e-02
103	  2,0400000000e+02	  2,92171e-01	 -1,18237e-01
104	  2,0600000000e+02	  2,85283e-01	 -1,41668e-01
105	  2,0800000000e+02	  2,80511e-01	 -1,52458e-01
106	  2,1000000000e+02	  2,88402e-01	 -1,28277e-01
107	  2,1200000000e+02	  2,78698e-01	 -1,29322e-01
108	  2,1400000000e+02	  2,80188e-01	 -1,37512e-01
109	  2,1600000000e+02	  3,01203e-01	 -1,45409e-01
110	  2,1800000000e+02	  2,87662e-01	 -1,68048e-01
111	  2,2000000000e+02	  2,46590e-01	 -1,72143e-01
112	  2,2200000000e+02	  2,25138e-01	 -1,75072e-01
113	  2,2400000000e+02	  2,31564e-01	 -1,57140e-01
114	  2,2600000000e+02	  2,18875e-01	 -1,80120e-01
115	  2,2800000000e+02	  2,04963e-01	 -1,99389e-01
116	  2,3000000000e+02	  1,99791e-01	 -2,02101e-01
117	  2,3200000000e+02	  2,09608e-01	 -1,87342e-01
118	  2,3400000000e+02	  2,16483e-01	 -1,94977e-01
119	  2,3600000000e+02	  2,19329e-01	 -1,96889e-01
120	  2,3800000000e+02	  1,96673e-01	 -2,07982e-01
121	  2,4000000000e+02	  1,94684e-01	 -2,16658e-01
122	  2,4200000000e+02	  1,84941e-01	 -2,13927e-01
123	  2,4400000000e+02	  1,96518e-01	 -2,42845e-01
124	  2,4600000000e+02	  1,92107e-01	 -2,54073e-01
125	  2,4800000000e+02	  1,85866e-01	 -2,46767e-01
126	  2,5000000000e+02	  1,76264e-01	 -2,42487e-01
127	  2,5200000000e+02	  1,70395e-01	 -2,24179e-01
128	  2,5400000000e+02	  1,63465e-01	 -2,15567e-01
129	  2,5600000000e+02	  1,51709e-01	 -2,38380e-01
130	  2,5800000000e+02	  1,48514e-01	 -2,46434e-01
131	  2,6000000000e+02	  1,39001e-01	 -2,48999e-01
132	  2,6200000000e+02	  1,38925e-01	 -2,46906e-01
133	  2,6400000000e+02	  1,35999e-01	 -2,63968e-01
134	  2,6600000000e+02	  1,36290e-01	 -2,72694e-01
135	  2,6800000000e+02	  1,32070e-01	 -2,56700e-01
136	  2,7000000000e+02	  1,13252e-01	 -2,53588e-01
137	  2,7200000000e+02	  1,06912e-01	 -2,69708e-01
138	  2,7400000000e+02	  1,02455e-01	 -2,69430e-01
139	  2,7600000000e+02	  1,02328e-01	 -2,73509e-01
140	  2,7800000000e+02	  9,25151e-02	 -2,82343e-01
141	  2,8000000000e+02	  9,18611e-02	 -2,94384e-01
142	  2,8200000000e+02	  9,20171e-02	 -2,95314e-01
143	  2,8400000000e+02	  8,89818e-02	 -2,87381e-01
144	  2,8600000000e+02	  8,29827e-02	 -2,95266e-01
145	  2,8800000000e+02	  6,81374e-02	 -2,97999e-01
146	  2,9000000000e+02	  6,01871e-02	 -2,84885e-01
147	  2,9200000000e+02	  3,66810e-02	 -3,08856e-01
148	  2,9400000000e+02	  2,33045e-02	 -2,97247e-01
149	  2,9600000000e+02	  2,27775e-02	 -2,78672e-01
150	  2,9800000000e+02	  2,44840e-02	 -2,97896e-01
151	  3,0000000000e+02	  2,83510e-02	 -2,91455e-01
152	  3,0200000000e+02	  2,67916e-02	 -2,88930e-01
153	  3,0400000000e+02	  3,60871e-03	 -2,79296e-01
154	  3,0600000000e+02	  8,54911e-04	 -2,70806e-01
155	  3,0800000000e+02	 -9,63362e-03	 -2,69430e-01
156	  3,1000000000e+02	 -1,09562e-02	 -2,63448e-01
157	  3,1200000000e+02	 -7,20548e-03	 -2,77142e-01
158	  3,1400000000e+02	 -2,00541e-02	 -2,94758e-01
159	  3,1600000000e+02	 -2,85493e-02	 -2,82926e-01
160	  3,1800000000e+02	 -3,97670e-02	 -2,77613e-01
161	  3,2000000000e+02	 -4,82791e-02	 -2,46170e-01
162	  3,2200000000e+02	 -4,85863e-02	 -2,46544e-01
163	  3,2400000000e+02	 -5,46133e-02	 -2,62415e-01
164	  3,2600000000e+02	 -5,96373e-02	 -2,77459e-01
165	  3,2800000000e+02	 -6,31925e-02	 -2,64754e-01
166	  3,3000000000e+02	 -6,03799e-02	 -2,69868e-01
167	  3,3200000000e+02	 -6,58949e-02	 -2,58297e-01
168	  3,3400000000e+02	 -5,13135e-02	 -2,59974e-01
169	  3,3600000000e+02	 -5,05124e-02	 -2,60269e-01
170	  3,3800000000e+02	 -7,81661e-02	 -2,64741e-01
171	  3,4000000000e+02	 -7,98582e-02	 -2,80497e-01
172	  3,4200000000e+02	 -6,52314e-02	 -2,66820e-01
173	  3,4400000000e+02	 -7,55413e-02	 -2,62564e-01
174	  3,4600000000e+02	 -8,91731e-02	 -2,49737e-01
175	  3,4800000000e+02	 -8,29571e-02	 -2,57575e-01
176	  3,5000000000e+02	 -9,26830e-02	 -2,62282e-01
177	  3,5200000000e+02	 -9,99508e-02	 -2,41504e-01
178	  3,5400000000e+02	 -1,17814e-01	 -2,20396e-01
179	  3,5600000000e+02	 -1,09584e-01	 -2,24895e-01
180	  3,5800000000e+02	 -1,07341e-01	 -2,48060e-01
181	  3,6000000000e+02	 -1,15387e-01	 -2,50005e-01
182	  3,6200000000e+02	 -1,18554e-01	 -2,50555e-01
183	  3,6400000000e+02	 -1,18330e-01	 -2,32836e-01
184	  3,6600000000e+02	 -1,20165e-01	 -2,30282e-01
185	  3,6800000000e+02	 -1,29773e-01	 -2,21151e-01
186	  3,7000000000e+02	 -1,19822e-01	 -2,26096e-01
187	  3,7200000000e+02	 -1,15769e-01	 -2,30139e-01
188	  3,7400000000e+02	 -1,32540e-01	 -2,27519e-01
189	  3,7600000000e+02	 -1,58138e-01	 -2,21927e-01
190	  3,7800000000e+02	 -1,77489e-01	 -2,11778e-01
191	  3,8000000000e+02	 -1,68239e-01	 -2,16410e-01
192	  3,8200000000e+02	 -1,55853e-01	 -2,12083e-01
193	  3,8400000000e+02	 -1,52654e-01	 -1,99934e-01
194	  3,8600000000e+02	 -1,61630e-01	 -1,89579e-01
195	  3,8800000000e+02	 -1,63277e-01	 -1,87554e-01
196	  3,9000000000e+02	 -1,85424e-01	 -2,02327e-01
197	  3,9200000000e+02	 -1,94993e-01	 -1,95248e-01
198	  3,9400000000e+02	 -1,86487e-01	 -1,87891e-01
199	  3,9600000000e+02	 -1,78426e-01	 -1,96628e-01
200	  3,9800000000e+02	 -1,87311e-01	 -1,96324e-01
201	  4,0000000000e+02	 -1,88305e-01	 -1,90061e-01
202	  4,0200000000e+02	 -1,94346e-01	 -1,77287e-01
203	  4,0400000000e+02	 -1,98194e-01	 -1,83936e-01
204	  4,0600000000e+02	 -1,90941e-01	 -1,82646e-01
205	  4,0800000000e+02	 -1,84406e-01	 -1,77318e-01
206	  4,1000000000e+02	 -1,94807e-01	 -1,73099e-01
207	  4,1200000000e+02	 -1,96487e-01	 -1,59799e-01
208	  4,1400000000e+02	 -2,22728e-01	 -1,58705e-01
209	  4,1600000000e+02	 -2,06789e-01	 -1,53184e-01
210	  4,1800000000e+02	 -1,95151e-01	 -1,43516e-01
211	  4,2000000000e+02	 -2,05780e-01	 -1,41980e-01
212	  4,2200000000e+02	 -2,04292e-01	 -1,54975e-01
213	  4,2400000000e+02	 -2,10805e-01	 -1,55285e-01
214	  4,2600000000e+02	 -2,16486e-01	 -1,53717e-01
215	  4,2800000000e+02	 -2,28041e-01	 -1,40768e-01
216	  4,3000000000e+02	 -2,24838e-01	 -1,34585e-01
217	  4,3200000000e+02	 -2,12411e-01	 -1,35502e-01
218	  4,3400000000e+02	 -2,26783e-01	 -1,30034e-01
219	  4,3600000000e+02	 -2,30539e-01	 -1,33942e-01
220	  4,3800000000e+02	 -2,31261e-01	 -1,33270e-01
221	  4,4000000000e+02	 -2,29232e-01	 -1,20892e-01
222	  4,4200000000e+02	 -2,24795e-01	 -1,07672e-01
223	  4,4400000000e+02	 -2,36959e-01	 -1,22544e-01
224	  4,4600000000e+02	 -2,52420e-01	 -1,09684e-01
225	  4,4800000000e+02	 -2,50551e-01	 -9,44377e-02
226	  4,5000000000e+02	 -2,36325e-01	 -1,05550e-01
227	  4,5200000000e+02	 -2,46351e-01	 -9,34108e-02
228	  4,5400000000e+02	 -2,53404e-01	 -8,68736e-02
229	  4,5600000000e+02	 -2,57963e-01	 -8,48572e-02
230	  4,5800000000e+02	 -2,58759e-01	 -8,27882e-02
231	  4,6000000000e+02	 -2,47508e-01	 -8,80376e-02
232	  4,6200000000e+02	 -2,41334e-01	 -8,82995e-02
233	  4,6400000000e+02	 -2,43065e-01	 -6,20512e-02
234	  4,6600000000e+02	 -2,57808e-01	 -5,73343e-02
235	  4,6800000000e+02	 -2,55998e-01	 -6,15762e-02
236	  4,7000000000e+02	 -2,63590e-01	 -3,94864e-02
237	  4,7200000000e+02	 -2,52002e-01	 -3,30329e-02
238	  4,7400000000e+02	 -2,51815e-01	 -3,50096e-02
239	  4,7600000000e+02	 -2,66012e-01	 -3,26014e-02
240	  4,7800000000e+02	 -2,55889e-01	 -1,75718e-02
241	  4,8000000000e+02	 -2,49590e-01	 -9,73934e-03
242	  4,8200000000e+02	 -2,72297e-01	 -1,59418e-02
243	  4,8400000000e+02	 -2,79364e-01	 -1,42302e-02
244	  4,8600000000e+02	 -2,74399e-01	 -1,38105e-02
245	  4,8800000000e+02	 -2,74503e-01	 -3,22563e-03
246	  4,9000000000e+02	 -2,47398e-01	 -4,90010e-03
247	  4,9200000000e+02	 -2,34574e-01	 -1,53917e-02
248	  4,9400000000e+02	 -2,34793e-01	 -1,08787e-02
249	  4,9600000000e+02	 -2,39037e-01	 -5,51191e-04
250	  4,9800000000e+02	 -2,54619e-01	  1,18682e-02
251	  5,0000000000e+02	 -2,66014e-01	  1,54166e-02
252	  5,0200000000e+02	 -2,54146e-01	  2,01827e-02
253	  5,0400000000e+02	 -2,51803e-01	  2,00126e-02
254	  5,0600000000e+02	 -2,43095e-01	  2,95497e-02
255	  5,0800000000e+02	 -2,50459e-01	  3,12097e-02
256	  5,1000000000e+02	 -2,50867e-01	  3,15444e-02
257	  5,1200000000e+02	 -2,52962e-01	  4,04675e-02
258	  5,1400000000e+02	 -2,46112e-01	  4,32831e-02
259	  5,1600000000e+02	 -2,50362e-01	  5,38724e-02
260	  5,1800000000e+02	 -2,58600e-01	  3,69720e-02
261	  5,2000000000e+02	 -2,39355e-01	  4,87364e-02
262	  5,2200000000e+02	 -2,41259e-01	  5,57793e-02
263	  5,2400000000e+02	 -2,54853e-01	  4,33791e-02
264	  5,2600000000e+02	 -2,40277e-01	  4,37114e-02
265	  5,2800000000e+02	 -2,43521e-01	  4,88375e-02
266	  5,3000000000e+02	 -2,44602e-01	  5,73404e-02
267	  5,3200000000e+02	 -2,40783e-01	  6,85476e-02
268	  5,3400000000e+02	 -2,50500e-01	  6,31092e-02
269	  5,3600000000e+02	 -2,40043e-01	  7,00017e-02
270	  5,3800000000e+02	 -2,34848e-01	  7,45768e-02
271	  5,4000000000e+02	 -2,42822e-01	  7,04810e-02
272	  5,4200000000e+02	 -2,31207e-01	  6,95081e-02
273	  5,4400000000e+02	 -2,25928e-01	  7,40975e-02
274	  5,4600000000e+02	 -2,33534e-01	  8,20422e-02
275	  5,4800000000e+02	 -2,43501e-01	  9,41987e-02
276	  5,5000000000e+02	 -2,40758e-01	  1,17564e-01
277	  5,5200000000e+02	 -2,51976e-01	  1,20986e-01
278	  5,5400000000e+02	 -2,44863e-01	  1,27117e-01
279	  5,5600000000e+02	 -2,32343e-01	  1,26869e-01
280	  5,5800000000e+02	 -2,19802e-01	  1,07726e-01
281	  5,6000000000e+02	 -2,18869e-01	  1,18530e-01
282	  5,6200000000e+02	 -2,23777e-01	  1,33066e-01
283	  5,6400000000e+02	 -2,23856e-01	  1,32629e-01
284	  5,6600000000e+02	 -2,25469e-01	  1,45020e-01
285	  5,6800000000e+02	 -2,17321e-01	  1,39416e-01
286	  5,7000000000e+02	 -2,21130e-01	  1,39121e-01
287	  5,7200000000e+02	 -2,22440e-01	  1,44249e-01
288	  5,7400000000e+02	 -2,20797e-01	  1,40508e-01
289	  5,7600000000e+02	 -2,28711e-01	  1,45485e-01
290	  5,7800000000e+02	 -2,21042e-01	  1,43651e-01
291	  5,8000000000e+02	 -2,12139e-01	  1,44176e-01
292	  5,8200000000e+02	 -2,08293e-01	  1,46192e-01
293	  5,8400000000e+02	 -2,00665e-01	  1,44334e-01
294	  5,8600000000e+02	 -1,92898e-01	  1,54301e-01
295	  5,8800000000e+02	 -2,00841e-01	  1,62329e-01
296	  5,9000000000e+02	 -1,89551e-01	  1,74778e-01
297	  5,9200000000e+02	 -1,81800e-01	  1,82592e-01
298	  5,9400000000e+02	 -1,88779e-01	  1,80692e-01
299	  5,9600000000e+02	 -1,87711e-01	  1,87545e-01
300	  5,9800000000e+02	 -1,82738e-01	  1,91090e-01
301	  6,0000000000e+02	 -1,82577e-01	  1,91979e-01
302	  6,0200000000e+02	 -1,83695e-01	  1,92614e-01
303	  6,0400000000e+02	 -1,73108e-01	  2,04946e-01
304	  6,0600000000e+02	 -1,63522e-01	  2,09020e-01
305	  6,0800000000e+02	 -1,54399e-01	  2,05937e-01
306	  6,1000000000e+02	 -1,51585e-01	  2,02968e-01
307	  6,1200000000e+02	 -1,37698e-01	  2,12792e-01
308	  6,1400000000e+02	 -1,40060e-01	  2,16361e-01
309	  6,1600000000e+02	 -1,44808e-01	  2,19810e-01
310	  6,1800000000e+02	 -1,37619e-01	  2,19194e-01
311	  6,2000000000e+02	 -1,34078e-01	  2,26184e-01
312	  6,2200000000e+02	 -1,20097e-01	  2,26999e-01
313	  6,2400000000e+02	 -1,19888e-01	  2,22396e-01
314	  6,2600000000e+02	 -1,27328e-01	  2,09185e-01
315	  6,2800000000e+02	 -1,21782e-01	  2,03080e-01
316	  6,3000000000e+02	 -1,17495e-01	  2,10582e-01
317	  6,3200000000e+02	 -1,22313e-01	  2,08365e-01
318	  6,3400000000e+02	 -1,12814e-01	  2,11160e-01
319	  6,3600000000e+02	 -9,42702e-02	  2,15544e-01
320	  6,3800000000e+02	 -1,06872e-01	  2,06884e-01
321	  6,4000000000e+02	 -9,39020e-02	  2,06927e-01
322	  6,4200000000e+02	 -8,82271e-02	  2,14577e-01
323	  6,4400000000e+02	 -9,17476e-02	  2,24150e-01
324	  6,4600000000e+02	 -8,71420e-02	  2,19266e-01
325	  6,4800000000e+02	 -8,45145e-02	  2,29426e-01
326	  6,5000000000e+02	 -8,82380e-02	  2,35936e-01
327	  6,5200000000e+02	 -7,00783e-02	  2,23859e-01
328	  6,5400000000e+02	 -7,14910e-02	  2,15668e-01
329	  6,5600000000e+02	 -7,38137e-02	  2,07205e-01
330	  6,5800000000e+02	 -6,89913e-02	  2,12991e-01
331	  6,6000000000e+02	 -7,30151e-02	  2,08640e-01
332	  6,6200000000e+02	 -6,98283e-02	  2,04852e-01
333	  6,6400000000e+02	 -7,89102e-02	  2,10059e-01
334	  6,6600000000e+02	 -7,91870e-02	  2,09673e-01
335	  6,6800000000e+02	 -8,16896e-02	  1,98321e-01
336	  6,7000000000e+02	 -8,08151e-02	  1,88264e-01
337	  6,7200000000e+02	 -8,77879e-02	  2,09795e-01
338	  6,7400000000e+02	 -8,00926e-02	  2,26234e-01
339	  6,7600000000e+02	 -7,72102e-02	  2,17604e-01
340	  6,7800000000e+02	 -9,66729e-02	  2,17712e-01
341	  6,8000000000e+02	 -9,69368e-02	  2,24828e-01
342	  6,8200000000e+02	 -8,31042e-02	  2,44870e-01
343	  6,8400000000e+02	 -7,79641e-02	  2,56497e-01
344	  6,8600000000e+02	 -8,61139e-02	  2,57402e-01
345	  6,8800000000e+02	 -7,87932e-02	  2,52015e-01
346	  6,9000000000e+02	 -7,02714e-02	  2,55270e-01
347	  6,9200000000e+02	 -6,34126e-02	  2,69241e-01
348	  6,9400000000e+02	 -5,33194e-02	  2,70992e-01
349	  6,9600000000e+02	 -4,65177e-02	  2,80972e-01
350	  6,9800000000e+02	 -4,31828e-02	  2,75731e-01
351	  7,0000000000e+02	 -3,52461e-02	  2,67849e-01
352	  7,0200000000e+02	 -2,96009e-02	  2,59124e-01
353	  7,0400000000e+02	 -1,72562e-02	  2,72216e-01
354	  7,0600000000e+02	 -1,00384e-02	  2,79761e-01
355	  7,0800000000e+02	 -1,72865e-02	  2,76632e-01
356	  7,1000000000e+02	 -1,41888e-02	  2,66133e-01
357	  7,1200000000e+02	  6,99238e-03	  2,56907e-01
358	  7,1400000000e+02	  1,66366e-02	  2,62483e-01
359	  7,1600000000e+02	  8,46536e-03	  2,64677e-01
360	  7,1800000000e+02	  8,51698e-03	  2,68329e-01
361	  7,2000000000e+02	  2,28624e-02	  2,72955e-01
362	  7,2200000000e+02	  3,04325e-02	  2,71492e-01
363	  7,2400000000e+02	  3,15759e-02	  2,60695e-01
364	  7,2600000000e+02	  2,75470e-02	  2,64783e-01
365	  7,2800000000e+02	  2,51879e-02	  2,67664e-01
366	  7,3000000000e+02	  2,95096e-02	  2,64127e-01
367	  7,3200000000e+02	  3,70822e-02	  2,65005e-01
368	  7,3400000000e+02	  3,53833e-02	  2,69629e-01
369	  7,3600000000e+02	  4,21015e-02	  2,66540e-01
370	  7,3800000000e+02	  5,22018e-02	  2,61082e-01
371	  7,4000000000e+02	  5,18418e-02	  2,61249e-01
372	  7,4200000000e+02	  5,07048e-02	  2,58349e-01
373	  7,4400000000e+02	  6,49511e-02	  2,60696e-01
374	  7,4600000000e+02	  5,39312e-02	  2,55437e-01
375	  7,4800000000e+02	  5,65353e-02	  2,62477e-01
376	  7,5000000000e+02	  6,84551e-02	  2,58694e-01
377	  7,5200000000e+02	  6,87895e-02	  2,53476e-01
378	  7,5400000000e+02	  7,92183e-02	  2,51779e-01
379	  7,5600000000e+02	  9,16618e-02	  2,47002e-01
380	  7,5800000000e+02	  8,44380e-02	  2,55627e-01
381	  7,6000000000e+02	  9,34181e-02	  2,63785e-01
382	  7,6200000000e+02	  9,45324e-02	  2,60477e-01
383	  7,6400000000e+02	  1,02186e-01	  2,65010e-01
384	  7,6600000000e+02	  1,03481e-01	  2,61053e-01
385	  7,6800000000e+02	  1,07046e-01	  2,55419e-01
386	  7,7000000000e+02	  1,16958e-01	  2,55312e-01
387	  7,7200000000e+02	  1,19276e-01	  2,65374e-01
388	  7,7400000000e+02	  1,29196e-01	  2,57847e-01
389	  7,7600000000e+02	  1,29478e-01	  2,46624e-01
390	  7,7800000000e+02	  1,40635e-01	  2,45055e-01
391	  7,8000000000e+02	  1,37605e-01	  2,43725e-01
392	  7,8200000000e+02	  1,37911e-01	  2,38032e-01
393	  7,8400000000e+02	  1,36901e-01	  2,37144e-01
394	  7,8600000000e+02	  1,30158e-01	  2,44095e-01
395	  7,8800000000e+02	  1,44134e-01	  2,42973e-01
396	  7,9000000000e+02	  1,53654e-01	  2,36803e-01
397	  7,9200000000e+02	  1,59644e-01	  2,28649e-01
398	  7,9400000000e+02	  1,75612e-01	  2,21447e-01
399	  7,9600000000e+02	  1,77481e-01	  2,30303e-01
400	  7,9800000000e+02	  1,66982e-01	  2,21559e-01
401	  8,0000000000e+02	  1,79705e-01	  2,18977e-01
402	  8,0200000000e+02	  1,93150e-01	  2,18569e-01
403	  8,0400000000e+02	  1,90124e-01	  2,06582e-01
404	  8,0600000000e+02	  1,96624e-01	  1,96990e-01
405	  8,0800000000e+02	  2,08534e-01	  2,04163e-01
406	  8,1000000000e+02	  2,06091e-01	  1,98811e-01
407	  8,1200000000e+02	  2,02041e-01	  2,03753e-01
408	  8,1400000000e+02	  2,04772e-01	  2,00113e-01
409	  8,1600000000e+02	  2,08309e-01	  1,90376e-01
410	  8,1800000000e+02	  2,04333e-01	  1,87222e-01
411	  8,2000000000e+02	  2,08607e-01	  1,88337e-01
412	  8,2200000000e+02	  2,13455e-01	  1,79043e-01
413	  8,2400000000e+02	  2,19373e-01	  1,73771e-01
414	  8,2600000000e+02	  2,15326e-01	  1,60469e-01
415	  8,2800000000e+02	  2,20776e-01	  1,57765e-01
416	  8,3000000000e+02	  2,12423e-01	  1,56350e-01
417	  8,3200000000e+02	  2,21861e-01	  1,51459e-01
418	  8,3400000000e+02	  2,28284e-01	  1,46529e-01
419	  8,3600000000e+02	  2,21353e-01	  1,38189e-01
420	  8,3800000000e+02	  2,26199e-01	  1,45707e-01
421	  8,4000000000e+02	  2,24351e-01	  1,54859e-01
422	  8,4200000000e+02	  2,23915e-01	  1,48488e-01
423	  8,4400000000e+02	  2,25686e-01	  1,36426e-01
424	  8,4600000000e+02	  2,30610e-01	  1,31741e-01
425	  8,4800000000e+02	  2,37656e-01	  1,29214e-01
426	  8,5000000000e+02	  2,30110e-01	  1,23787e-01
427	  8,5200000000e+02	  2,33189e-01	  1,27626e-01
428	  8,5400000000e+02	  2,43333e-01	  1,13203e-01
429	  8,5600000000e+02	  2,52860e-01	  1,09632e-01
430	  8,5800000000e+02	  2,54473e-01	  1,24460e-01
431	  8,6000000000e+02	  2,46112e-01	  1,18302e-01
432	  8,6200000000e+02	  2,43802e-01	  1,16779e-01
433	  8,6400000000e+02	  2,48764e-01	  1,12685e-01
434	  8,6600000000e+02	  2,59302e-01	  1,16817e-01
435	  8,6800000000e+02	  2,57130e-01	  1,19498e-01
436	  8,7000000000e+02	  2,54690e-01	  1,08367e-01
437	  8,7200000000e+02	  2,62452e-01	  1,06350e-01
438	  8,7400000000e+02	  2,68458e-01	  1,03172e-01
439	  8,7600000000e+02	  2,66395e-01	  9,21315e-02
440	  8,7800000000e+02	  2,71041e-01	  8,49001e-02
441	  8,8000000000e+02	  2,71764e-01	  8,28271e-02
442	  8,8200000000e+02	  2,65667e-01	  7,36422e-02
443	  8,8400000000e+02	  2,65644e-01	  6,80767e-02
444	  8,8600000000e+02	  2,63741e-01	  6,85711e-02
445	  8,8800000000e+02	  2,62689e-01	  6,63772e-02
446	  8,9000000000e+02	  2,69832e-01	  6,65693e-02
447	  8,9200000000e+02	  2,78099e-01	  5,67570e-02
448	  8,9400000000e+02	  2,81209e-01	  4,63081e-02
449	  8,9600000000e+02	  2,77091e-01	  5,09934e-02
450	  8,9800000000e+02	  2,89044e-01	  5,28268e-02
451	  9,0000000000e+02	  2,91003e-01	  3,13672e-02
452	  9,0200000000e+02	  2,84909e-01	  2,84910e-02
453	  9,0400000000e+02	  2,92534e-01	  3,10171e-02
454	  9,0600000000e+02	  3,02429e-01	  2,45047e-02
455	  9,0800000000e+02	  2,95369e-01	  1,15525e-02
456	  9,1000000000e+02	  2,85701e-01	  1,12671e-02
457	  9,1200000000e+02	  2,82330e-01	 -3,71216e-03
458	  9,1400000000e+02	  2,81090e-01	 -8,54120e-03
459	  9,1600000000e+02	  2,82753e-01	 -6,71426e-03
460	  9,1800000000e+02	  2,84495e-01	 -6,23580e-03
461	  9,2000000000e+02	  2,85519e-01	 -1,26922e-02
462	  9,2200000000e+02	  2,80055e-01	 -1,28460e-02
463	  9,2400000000e+02	  2,70806e-01	 -1,84505e-02
464	  9,2600000000e+02	  2,75072e-01	 -2,23154e-02
465	  9,2800000000e+02	  2,73120e-01	 -2,45723e-02
466	  9,3000000000e+02	  2,67667e-01	 -3,49481e-02
467	  9,3200000000e+02	  2,73280e-01	 -3,52008e-02
468	  9,3400000000e+02	  2,68753e-01	 -3,90994e-02
469	  9,3600000000e+02	  2,69409e-01	 -4,12772e-02
470	  9,3800000000e+02	  2,68232e-01	 -4,70130e-02
471	  9,4000000000e+02	  2,70333e-01	 -5,40680e-02
472	  9,4200000000e+02	  2,58874e-01	 -6,11245e-02
473	  9,4400000000e+02	  2,67739e-01	 -6,14261e-02
474	  9,4600000000e+02	  2,67356e-01	 -5,88033e-02
475	  9,4800000000e+02	  2,58015e-01	 -5,79711e-02
476	  9,5000000000e+02	  2,55786e-01	 -6,23928e-02
477	  9,5200000000e+02	  2,57764e-01	 -6,77375e-02
478	  9,5400000000e+02	  2,59625e-01	 -7,66583e-02
479	  9,5600000000e+02	  2,59543e-01	 -7,90443e-02
480	  9,5800000000e+02	  2,61463e-01	 -7,68636e-02
481	  9,6000000000e+02	  2,57185e-01	 -7,37953e-02
482	  9,6200000000e+02	  2,46065e-01	 -7,91431e-02
483	  9,6400000000e+02	  2,39710e-01	 -9,29291e-02
484	  9,6600000000e+02	  2,48260e-01	 -1,00522e-01
485	  9,6800000000e+02	  2,60862e-01	 -9,71792e-02
486	  9,7000000000e+02	  2,64243e-01	 -1,05638e-01
487	  9,7200000000e+02	  2,60176e-01	 -1,03143e-01
488	  9,7400000000e+02	  2,55859e-01	 -1,04729e-01
489	  9,7600000000e+02	  2,45962e-01	 -1,14915e-01
490	  9,7800000000e+02	  2,41067e-01	 -1,18592e-01
491	  9,8000000000e+02	  2,50468e-01	 -1,18678e-01
492	  9,8200000000e+02	  2,53557e-01	 -1,19811e-01
493	  9,8400000000e+02	  2,51780e-01	 -1,34338e-01
494	  9,8600000000e+02	  2,56613e-01	 -1,27014e-01
495	  9,8800000000e+02	  2,55045e-01	 -1,30893e-01
496	  9,9000000000e+02	  2,52145e-01	 -1,37946e-01
497	  9,9200000000e+02	  2,52504e-01	 -1,33650e-01
498	  9,9400000000e+02	  2,42580e-01	 -1,32014e-01
499	  9,9600000000e+02	  2,27112e-01	 -1,47280e-01
500	  9,9800000000e+02	  2,28266e-01	 -1,50843e-01
501	  1,0000000000e+03	  2,30870e-01	 -1,51173e-01
502	  1,0020000000e+03	  2,29181e-01	 -1,63823e-01
503	  1,0040000000e+03	  2,27628e-01	 -1,72117e-01
504	  1,0060000000e+03	  2,28924e-01	 -1,71633e-01
505	  1,0080000000e+03	  2,28845e-01	 -1,62453e-01
506	  1,0100000000e+03	  2,27768e-01	 -1,64119e-01
507	  1,0120000000e+03	  2,21830e-01	 -1,66395e-01
508	  1,0140000000e+03	  2,10727e-01	 -1,79344e-01
509	  1,0160000000e+03	  2,08850e-01	 -1,86780e-01
510	  1,0180000000e+03	  2,07835e-01	 -1,91436e-01
511	  1,0200000000e+03	  2,06480e-01	 -1,96391e-01
512	  1,0220000000e+03	  2,04714e-01	 -2,02612e-01
513	  1,0240000000e+03	  2,08341e-01	 -2,06043e-01
514	  1,0260000000e+03	  2,03052e-01	 -2,03605e-01
515	  1,0280000000e+03	  1,86874e-01	 -2,08054e-01
516	  1,0300000000e+03	  1,85129e-01	 -2,12215e-01
517	  1,0320000000e+03	  1,83122e-01	 -2,14045e-01
518	  1,0340000000e+03	  1,90933e-01	 -2,25057e-01
519	  1,0360000000e+03	  1,92623e-01	 -2,24079e-01
520	  1,0380000000e+03	  1,79319e-01	 -2,23371e-01
521	  1,0400000000e+03	  1,69463e-01	 -2,29425e-01
522	  1,0420000000e+03	  1,66148e-01	 -2,34936e-01
523	  1,0440000000e+03	  1,54827e-01	 -2,42193e-01
524	  1,0460000000e+03	  1,55850e-01	 -2,35868e-01
525	  1,0480000000e+03	  1,58019e-01	 -2,35193e-01
526	  1,0500000000e+03	  1,61627e-01	 -2,31515e-01
527	  1,0520000000e+03	  1,50872e-01	 -2,34830e-01
528	  1,0540000000e+03	  1,49389e-01	 -2,38544e-01
529	  1,0560000000e+03	  1,45891e-01	 -2,39570e-01
530	  1,0580000000e+03	  1,43107e-01	 -2,42965e-01
531	  1,0600000000e+03	  1,36865e-01	 -2,53930e-01
532	  1,0620000000e+03	  1,28494e-01	 -2,57428e-01
533	  1,0640000000e+03	  1,23306e-01	 -2,50927e-01
534	  1,0660000000e+03	  1,34415e-01	 -2,47355e-01
535	  1,0680000000e+03	  1,28508e-01	 -2,51029e-01
536	  1,0700000000e+03	  1,10728e-01	 -2,50542e-01
537	  1,0720000000e+03	  1,13587e-01	 -2,50731e-01
538	  1,0740000000e+03	  1,18885e-01	 -2,52262e-01
539	  1,0760000000e+03	  1,10578e-01	 -2,57951e-01
540	  1,0780000000e+03	  1,07151e-01	 -2,62664e-01
541	  1,0800000000e+03	  9,77846e-02	 -2,57657e-01
542	  1,0820000000e+03	  9,16334e-02	 -2,60932e-01
543	  1,0840000000e+03	  8,37721e-02	 -2,56933e-01
544	  1,0860000000e+03	  8,89193e-02	 -2,58313e-01
545	  1,0880000000e+03	  8,19169e-02	 -2,53816e-01
546	  1,0900000000e+03	  6,77672e-02	 -2,56210e-01
547	  1,0920000000e+03	  6,35104e-02	 -2,59948e-01
548	  1,0940000000e+03	  6,27537e-02	 -2,52053e-01
549	  1,0960000000e+03	  6,44727e-02	 -2,51179e-01
550	  1,0980000000e+03	  7,20915e-02	 -2,67629e-01
551	  1,1000000000e+03	  7,50990e-02	 -2,68675e-01
552	  1,1020000000e+03	  6,50801e-02	 -2,69400e-01
553	  1,1040000000e+03	  5,31950e-02	 -2,67862e-01
554	  1,1060000000e+03	  4,82653e-02	 -2,60895e-01
555	  1,1080000000e+03	  4,46687e-02	 -2,52532e-01
556	  1,1100000000e+03	  3,90953e-02	 -2,51130e-01
557	  1,1120000000e+03	  2,64405e-02	 -2,51512e-01
558	  1,1140000000e+03	  3,15784e-02	 -2,52158e-01
559	  1,1160000000e+03	  3,92560e-02	 -2,57191e-01
560	  1,1180000000e+03	  3,00646e-02	 -2,56509e-01
561	  1,1200000000e+03	  3,52043e-02	 -2,54090e-01
562	  1,1220000000e+03	  3,62096e-02	 -2,58239e-01
563	  1,1240000000e+03	  3,51627e-02	 -2,62546e-01
564	  1,1260000000e+03	  2,92335e-02	 -2,56702e-01
565	  1,1280000000e+03	  2,06973e-02	 -2,64765e-01
566	  1,1300000000e+03	  2,27403e-02	 -2,63498e-01
567	  1,1320000000e+03	  2,47348e-02	 -2,57487e-01
568	  1,1340000000e+03	  1,69471e-02	 -2,57012e-01
569	  1,1360000000e+03	  1,82325e-02	 -2,58100e-01
570	  1,1380000000e+03	  1,49450e-02	 -2,57947e-01
571	  1,1400000000e+03	  1,73814e-02	 -2,54139e-01
572	  1,1420000000e+03	  2,24685e-02	 -2,62965e-01
573	  1,1440000000e+03	  2,66044e-02	 -2,61234e-01
574	  1,1460000000e+03	  2,52313e-02	 -2,61042e-01
575	  1,1480000000e+03	  3,02355e-02	 -2,68573e-01
576	  1,1500000000e+03	  2,35812e-02	 -2,79158e-01
577	  1,1520000000e+03	  2,28588e-02	 -2,91794e-01
578	  1,1540000000e+03	  1,34882e-02	 -2,90862e-01
579	  1,1560000000e+03	  6,69427e-03	 -2,91812e-01
580	  1,1580000000e+03	 -1,48489e-04	 -3,02362e-01
581	  1,1600000000e+03	  4,38077e-03	 -3,08425e-01
582	  1,1620000000e+03	  6,59308e-04	 -3,12618e-01
583	  1,1640000000e+03	  3,17715e-03	 -3,13560e-01
584	  1,1660000000e+03	 -3,59546e-03	 -3,18109e-01
585	  1,1680000000e+03	 -9,09177e-03	 -3,35006e-01
586	  1,1700000000e+03	 -1,34087e-02	 -3,40909e-01
587	  1,1720000000e+03	 -3,43995e-02	 -3,38580e-01
588	  1,1740000000e+03	 -4,38971e-02	 -3,40614e-01
589	  1,1760000000e+03	 -5,29808e-02	 -3,36278e-01
590	  1,1780000000e+03	 -6,43648e-02	 -3,31560e-01
591	  1,1800000000e+03	 -7,27386e-02	 -3,28659e-01
592	  1,1820000000e+03	 -8,24404e-02	 -3,36654e-01
593	  1,1840000000e+03	 -8,53962e-02	 -3,45402e-01
594	  1,1860000000e+03	 -8,93147e-02	 -3,34105e-01
595	  1,1880000000e+03	 -1,06743e-01	 -3,30658e-01
596	  1,1900000000e+03	 -1,22348e-01	 -3,33169e-01
597	  1,1920000000e+03	 -1,33738e-01	 -3,32801e-01
598	  1,1940000000e+03	 -1,39912e-01	 -3,23997e-01
599	  1,1960000000e+03	 -1,28857e-01	 -3,27878e-01
600	  1,1980000000e+03	 -1,39068e-01	 -3,24048e-01
601	  1,2000000000e+03	 -1,54409e-01	 -3,18417e-01
602	  1,2020000000e+03	 -1,64612e-01	 -3,14326e-01
603	  1,2040000000e+03	 -1,68016e-01	 -3,04998e-01
604	  1,2060000000e+03	 -1,73732e-01	 -2,97946e-01
605	  1,2080000000e+03	 -1,78272e-01	 -2,88469e-01
606	  1,2100000000e+03	 -1,83866e-01	 -2,81096e-01
607	  1,2120000000e+03	 -1,83365e-01	 -2,76886e-01
608	  1,2140000000e+03	 -1,85673e-01	 -2,65968e-01
609	  1,2160000000e+03	 -1,93020e-01	 -2,61813e-01
610	  1,2180000000e+03	 -1,98289e-01	 -2,56659e-01
611	  1,2200000000e+03	 -2,05176e-01	 -2,58980e-01
612	  1,2220000000e+03	 -2,02081e-01	 -2,50662e-01
613	  1,2240000000e+03	 -2,03338e-01	 -2,43250e-01
614	  1,2260000000e+03	 -2,04705e-01	 -2,42269e-01
615	  1,2280000000e+03	 -2,10265e-01	 -2,45996e-01
616	  1,2300000000e+03	 -2,24446e-01	 -2,43795e-01
617	  1,2320000000e+03	 -2,24078e-01	 -2,34416e-01
618	  1,2340000000e+03	 -2,21683e-01	 -2,34888e-01
619	  1,2360000000e+03	 -2,22327e-01	 -2,27969e-01
620	  1,2380000000e+03	 -2,26411e-01	 -2,26926e-01
621	  1,2400000000e+03	 -2,26062e-01	 -2,30431e-01
622	  1,2420000000e+03	 -2,18970e-01	 -2,26713e-01
623	  1,2440000000e+03	 -2,19212e-01	 -2,18740e-01
624	  1,2460000000e+03	 -2,27729e-01	 -2,09935e-01
625	  1,2480000000e+03	 -2,28063e-01	 -2,13283e-01
626	  1,2500000000e+03	 -2,40507e-01	 -2,15506e-01
627	  1,2520000000e+03	 -2,46455e-01	 -2,10027e-01
628	  1,2540000000e+03	 -2,48051e-01	 -2,07972e-01
629	  1,2560000000e+03	 -2,45473e-01	 -2,02662e-01
630	  1,2580000000e+03	 -2,43913e-01	 -1,98396e-01
631	  1,2600000000e+03	 -2,58214e-01	 -1,94992e-01
632	  1,2620000000e+03	 -2,60007e-01	 -1,92770e-01
633	  1,2640000000e+03	 -2,56279e-01	 -1,89298e-01
634	  1,2660000000e+03	 -2,62562e-01	 -1,90768e-01
635	  1,2680000000e+03	 -2,64840e-01	 -1,84980e-01
636	  1,2700000000e+03	 -2,67086e-01	 -1,81397e-01
637	  1,2720000000e+03	 -2,66928e-01	 -1,70523e-01
638	  1,2740000000e+03	 -2,70590e-01	 -1,67042e-01
639	  1,2760000000e+03	 -2,75865e-01	 -1,69133e-01
640	  1,2780000000e+03	 -2,83668e-01	 -1,70178e-01
641	  1,2800000000e+03	 -2,91633e-01	 -1,65174e-01
642	  1,2820000000e+03	 -2,98947e-01	 -1,59918e-01
643	  1,2840000000e+03	 -3,08720e-01	 -1,57637e-01
644	  1,2860000000e+03	 -3,09262e-01	 -1,55990e-01
645	  1,2880000000e+03	 -3,09083e-01	 -1,50741e-01
646	  1,2900000000e+03	 -3,07414e-01	 -1,39666e-01
647	  1,2920000000e+03	 -3,10904e-01	 -1,30188e-01
648	  1,2940000000e+03	 -3,14275e-01	 -1,30941e-01
649	  1,2960000000e+03	 -3,17313e-01	 -1,26462e-01
650	  1,2980000000e+03	 -3,22636e-01	 -1,15706e-01
651	  1,3000000000e+03	 -3,30147e-01	 -1,08385e-01
652	  1,3020000000e+03	 -3,31023e-01	 -1,06884e-01
653	  1,3040000000e+03	 -3,31974e-01	 -1,02772e-01
654	  1,3060000000e+03	 -3,28330e-01	 -9,12727e-02
655	  1,3080000000e+03	 -3,28905e-01	 -7,64492e-02
656	  1,3100000000e+03	 -3,36103e-01	 -7,46523e-02
657	  1,3120000000e+03	 -3,36328e-01	 -7,05330e-02
658	  1,3140000000e+03	 -3,30578e-01	 -6,47468e-02
659	  1,3160000000e+03	 -3,32713e-01	 -6,25698e-02
660	  1,3180000000e+03	 -3,35782e-01	 -5,72414e-02
661	  1,3200000000e+03	 -3,39781e-01	 -4,37924e-02
662	  1,3220000000e+03	 -3,35681e-01	 -3,95153e-02
663	  1,3240000000e+03	 -3,31097e-01	 -3,65752e-02
664	  1,3260000000e+03	 -3,32027e-01	 -3,03808e-02
665	  1,3280000000e+03	 -3,34158e-01	 -2,89151e-02
666	  1,3300000000e+03	 -3,36934e-01	 -2,63475e-02
667	  1,3320000000e+03	 -3,34856e-01	 -1,47672e-02
668	  1,3340000000e+03	 -3,23208e-01	 -7,99998e-03
669	  1,3360000000e+03	 -3,21238e-01	 -9,83669e-03
670	  1,3380000000e+03	 -3,24155e-01	  1,46106e-03
671	  1,3400000000e+03	 -3,31267e-01	  5,92815e-03
672	  1,3420000000e+03	 -3,33586e-01	  1,48737e-02
673	  1,3440000000e+03	 -3,29225e-01	  1,63658e-02
674	  1,3460000000e+03	 -3,28971e-01	  2,09749e-02
675	  1,3480000000e+03	 -3,24756e-01	  1,89242e-02
676	  1,3500000000e+03	 -3,22098e-01	  2,70414e-02
677	  1,3520000000e+03	 -3,21689e-01	  4,00584e-02
678	  1,3540000000e+03	 -3,24765e-01	  4,42999e-02
679	  1,3560000000e+03	 -3,20789e-01	  3,84999e-02
680	  1,3580000000e+03	 -3,15934e-01	  3,98733e-02
681	  1,3600000000e+03	 -3,13635e-01	  5,03605e-02
682	  1,3620000000e+03	 -3,07760e-01	  5,40213e-02
683	  1,3640000000e+03	 -3,07732e-01	  5,75313e-02
684	  1,3660000000e+03	 -3,17409e-01	  5,83616e-02
685	  1,3680000000e+03	 -3,21242e-01	  6,08465e-02
686	  1,3700000000e+03	 -3,19418e-01	  6,04217e-02
687	  1,3720000000e+03	 -3,22459e-01	  6,38771e-02
688	  1,3740000000e+03	 -3,19652e-01	  6,97584e-02
689	  1,3760000000e+03	 -3,20791e-01	  7,51564e-02
690	  1,3780000000e+03	 -3,18109e-01	  7,80217e-02
691	  1,3800000000e+03	 -3,18554e-01	  8,17463e-02
692	  1,3820000000e+03	 -3,23979e-01	  9,01378e-02
693	  1,3840000000e+03	 -3,22211e-01	  9,80478e-02
694	  1,3860000000e+03	 -3,18497e-01	  1,01055e-01
695	  1,3880000000e+03	 -3,13435e-01	  9,96044e-02
696	  1,3900000000e+03	 -3,05438e-01	  1,11676e-01
697	  1,3920000000e+03	 -3,01878e-01	  1,19592e-01
698	  1,3940000000e+03	 -3,01434e-01	  1,24586e-01
699	  1,3960000000e+03	 -3,07873e-01	  1,27517e-01
700	  1,3980000000e+03	 -3,10371e-01	  1,26824e-01
701	  1,4000000000e+03	 -3,10595e-01	  1,32747e-01
702	  1,4020000000e+03	 -3,04361e-01	  1,37401e-01
703	  1,4040000000e+03	 -3,05062e-01	  1,41984e-01
704	  1,4060000000e+03	 -3,06217e-01	  1,56625e-01
705	  1,4080000000e+03	 -2,98424e-01	  1,65950e-01
706	  1,4100000000e+03	 -2,97098e-01	  1,61615e-01
707	  1,4120000000e+03	 -2,96239e-01	  1,61554e-01
708	  1,4140000000e+03	 -2,96109e-01	  1,70828e-01
709	  1,4160000000e+03	 -2,94544e-01	  1,69857e-01
710	  1,4180000000e+03	 -2,96167e-01	  1,74855e-01
711	  1,4200000000e+03	 -2,89308e-01	  1,88224e-01
712	  1,4220000000e+03	 -2,87112e-01	  1,98958e-01
713	  1,4240000000e+03	 -2,86855e-01	  1,94171e-01
714	  1,4260000000e+03	 -2,83344e-01	  1,93567e-01
715	  1,4280000000e+03	 -2,81683e-01	  1,98119e-01
716	  1,4300000000e+03	 -2,71229e-01	  2,04479e-01
717	  1,4320000000e+03	 -2,60215e-01	  2,13535e-01
718	  1,4340000000e+03	 -2,61172e-01	  2,16425e-01
719	  1,4360000000e+03	 -2,58641e-01	  2,17449e-01
720	  1,4380000000e+03	 -2,56449e-01	  2,25324e-01
721	  1,4400000000e+03	 -2,55593e-01	  2,30169e-01
722	  1,4420000000e+03	 -2,49451e-01	  2,36285e-01
723	  1,4440000000e+03	 -2,49946e-01	  2,43071e-01
724	  1,4460000000e+03	 -2,47817e-01	  2,50075e-01
725	  1,4480000000e+03	 -2,41336e-01	  2,53539e-01
726	  1,4500000000e+03	 -2,27256e-01	  2,58847e-01
727	  1,4520000000e+03	 -2,21549e-01	  2,57913e-01
728	  1,4540000000e+03	 -2,23143e-01	  2,55824e-01
729	  1,4560000000e+03	 -2,21538e-01	  2,61505e-01
730	  1,4580000000e+03	 -2,17067e-01	  2,68831e-01
731	  1,4600000000e+03	 -2,11059e-01	  2,63386e-01
732	  1,4620000000e+03	 -2,07968e-01	  2,65488e-01
733	  1,4640000000e+03	 -2,05750e-01	  2,80515e-01
734	  1,4660000000e+03	 -2,07373e-01	  2,88393e-01
735	  1,4680000000e+03	 -1,98725e-01	  2,88252e-01
736	  1,4700000000e+03	 -1,83281e-01	  2,88475e-01
737	  1,4720000000e+03	 -1,79534e-01	  2,81805e-01
738	  1,4740000000e+03	 -1,78641e-01	  2,83049e-01
739	  1,4760000000e+03	 -1,79889e-01	  2,89964e-01
740	  1,4780000000e+03	 -1,70141e-01	  2,90826e-01
741	  1,4800000000e+03	 -1,66775e-01	  2,90418e-01
742	  1,4820000000e+03	 -1,66440e-01	  2,91227e-01
743	  1,4840000000e+03	 -1,62409e-01	  2,94734e-01
744	  1,4860000000e+03	 -1,64257e-01	  2,96942e-01
745	  1,4880000000e+03	 -1,63454e-01	  2,98184e-01
746	  1,4900000000e+03	 -1,56383e-01	  3,01260e-01
747	  1,4920000000e+03	 -1,48829e-01	  2,99154e-01
748	  1,4940000000e+03	 -1,40391e-01	  3,07895e-01
749	  1,4960000000e+03	 -1,44460e-01	  3,21909e-01
750	  1,4980000000e+03	 -1,39183e-01	  3,19500e-01
751	  1,5000000000e+03	 -1,29981e-01	  3,20091e-01
752	  1,5020000000e+03	 -1,32895e-01	  3,24455e-01
753	  1,5040000000e+03	 -1,25799e-01	  3,22938e-01
754	  1,5060000000e+03	 -1,18900e-01	  3,15952e-01
755	  1,5080000000e+03	 -1,09366e-01	  3,17901e-01
756	  1,5100000000e+03	 -1,04929e-01	  3,28116e-01
757	  1,5120000000e+03	 -1,11100e-01	  3,38231e-01
758	  1,5140000000e+03	 -1,07385e-01	  3,33308e-01
759	  1,5160000000e+03	 -9,45537e-02	  3,30033e-01
760	  1,5180000000e+03	 -9,27405e-02	  3,35958e-01
761	  1,5200000000e+03	 -9,04994e-02	  3,38655e-01
762	  1,5220000000e+03	 -7,77762e-02	  3,42655e-01
763	  1,5240000000e+03	 -7,00126e-02	  3,42226e-01
764	  1,5260000000e+03	 -6,70419e-02	  3,46577e-01
765	  1,5280000000e+03	 -6,32120e-02	  3,46742e-01
766	  1,5300000000e+03	 -5,98186e-02	  3,42274e-01
767	  1,5320000000e+03	 -5,11600e-02	  3,40853e-01
768	  1,5340000000e+03	 -4,50348e-02	  3,42721e-01
769	  1,5360000000e+03	 -3,68922e-02	  3,46097e-01
770	  1,5380000000e+03	 -3,42647e-02	  3,48474e-01
771	  1,5400000000e+03	 -3,50787e-02	  3,50109e-01
772	  1,5420000000e+03	 -3,03612e-02	  3,48316e-01
773	  1,5440000000e+03	 -2,34214e-02	  3,46616e-01
774	  1,5460000000e+03	 -1,38526e-02	  3,45990e-01
775	  1,5480000000e+03	 -1,11047e-03	  3,45515e-01
776	  1,5500000000e+03	  9,81649e-04	  3,48028e-01
777	  1,5520000000e+03	 -3,85211e-03	  3,42426e-01
778	  1,5540000000e+03	  3,64352e-03	  3,41765e-01
779	  1,5560000000e+03	  1,49054e-02	  3,50369e-01
780	  1,5580000000e+03	  2,38756e-02	  3,53225e-01
781	  1,5600000000e+03	  2,48557e-02	  3,48594e-01
782	  1,5620000000e+03	  3,04311e-02	  3,41029e-01
783	  1,5640000000e+03	  3,84732e-02	  3,49910e-01
784	  1,5660000000e+03	  4,12107e-02	  3,60415e-01
785	  1,5680000000e+03	  4,48282e-02	  3,60691e-01
786	  1,5700000000e+03	  5,30188e-02	  3,58898e-01
787	  1,5720000000e+03	  6,32200e-02	  3,55249e-01
788	  1,5740000000e+03	  7,42271e-02	  3,50817e-01
789	  1,5760000000e+03	  7,33350e-02	  3,50220e-01
790	  1,5780000000e+03	  7,65975e-02	  3,53261e-01
791	  1,5800000000e+03	  8,26389e-02	  3,44632e-01
792	  1,5820000000e+03	  8,79442e-02	  3,46135e-01
793	  1,5840000000e+03	  9,42459e-02	  3,48149e-01
794	  1,5860000000e+03	  9,70345e-02	  3,44157e-01
795	  1,5880000000e+03	  1,02981e-01	  3,41207e-01
796	  1,5900000000e+03	  1,12867e-01	  3,32351e-01
797	  1,5920000000e+03	  1,17312e-01	  3,30788e-01
798	  1,5940000000e+03	  1,22225e-01	  3,25014e-01
799	  1,5960000000e+03	  1,23294e-01	  3,30358e-01
800	  1,5980000000e+03	  1,27224e-01	  3,27816e-01
801	  1,6000000000e+03	  1,30889e-01	  3,25647e-01
802	  1,6020000000e+03	  1,34833e-01	  3,23073e-01
803	  1,6040000000e+03	  1,37396e-01	  3,19954e-01
804	  1,6060000000e+03	  1,46738e-01	  3,14483e-01
805	  1,6080000000e+03	  1,54829e-01	  3,13531e-01
806	  1,6100000000e+03	  1,62312e-01	  3,16274e-01
807	  1,6120000000e+03	  1,69426e-01	  3,18356e-01
808	  1,6140000000e+03	  1,71828e-01	  3,16292e-01
809	  1,6160000000e+03	  1,74879e-01	  3,05860e-01
810	  1,6180000000e+03	  1,73943e-01	  3,00407e-01
811	  1,6200000000e+03	  1,78023e-01	  3,00246e-01
812	  1,6220000000e+03	  1,88478e-01	  3,04615e-01
813	  1,6240000000e+03	  1,94248e-01	  3,02461e-01
814	  1,6260000000e+03	  1,98755e-01	  2,97293e-01
815	  1,6280000000e+03	  2,00675e-01	  2,93285e-01
816	  1,6300000000e+03	  1,98328e-01	  2,90248e-01
817	  1,6320000000e+03	  2,03978e-01	  2,87771e-01
818	  1,6340000000e+03	  2,10049e-01	  2,83533e-01
819	  1,6360000000e+03	  2,16736e-01	  2,79767e-01
820	  1,6380000000e+03	  2,23812e-01	  2,72880e-01
821	  1,6400000000e+03	  2,30523e-01	  2,65963e-01
822	  1,6420000000e+03	  2,34590e-01	  2,68488e-01
823	  1,6440000000e+03	  2,33437e-01	  2,70036e-01
824	  1,6460000000e+03	  2,38090e-01	  2,60219e-01
825	  1,6480000000e+03	  2,42468e-01	  2,49215e-01
826	  1,6500000000e+03	  2,45362e-01	  2,50806e-01
827	  1,6520000000e+03	  2,51059e-01	  2,45678e-01
828	  1,6540000000e+03	  2,54595e-01	  2,40021e-01
829	  1,6560000000e+03	  2,51464e-01	  2,38024e-01
830	  1,6580000000e+03	  2,58335e-01	  2,34430e-01
831	  1,6600000000e+03	  2,58782e-01	  2,27518e-01
832	  1,6620000000e+03	  2,63477e-01	  2,24735e-01
833	  1,6640000000e+03	  2,66937e-01	  2,19666e-01
834	  1,6660000000e+03	  2,71020e-01	  2,12416e-01
835	  1,6680000000e+03	  2,72108e-01	  2,14196e-01
836	  1,6700000000e+03	  2,71001e-01	  2,11789e-01
837	  1,6720000000e+03	  2,75119e-01	  2,14086e-01
838	  1,6740000000e+03	  2,79780e-01	  2,09762e-01
839	  1,6760000000e+03	  2,75559e-01	  2,04712e-01
840	  1,6780000000e+03	  2,74600e-01	  2,02563e-01
841	  1,6800000000e+03	  2,80674e-01	  2,00839e-01
842	  1,6820000000e+03	  2,86117e-01	  2,01298e-01
843	  1,6840000000e+03	  2,80940e-01	  1,94338e-01
844	  1,6860000000e+03	  2,88198e-01	  1,94375e-01
845	  1,6880000000e+03	  2,95648e-01	  1,92604e-01
846	  1,6900000000e+03	  2,96879e-01	  1,89508e-01
847	  1,6920000000e+03	  3,01724e-01	  1,84389e-01
848	  1,6940000000e+03	  3,15912e-01	  1,79166e-01
849	  1,6960000000e+03	  3,22749e-01	  1,73292e-01
850	  1,6980000000e+03	  3,19852e-01	  1,69735e-01
851	  1,7000000000e+03	  3,21887e-01	  1,65864e-01
852	  1,7020000000e+03	  3,29265e-01	  1,50058e-01
853	  1,7040000000e+03	  3,28973e-01	  1,41528e-01
854	  1,7060000000e+03	  3,34514e-01	  1,40868e-01
855	  1,7080000000e+03	  3,39266e-01	  1,40402e-01
856	  1,7100000000e+03	  3,38285e-01	  1,32822e-01
857	  1,7120000000e+03	  3,37622e-01	  1,25398e-01
858	  1,7140000000e+03	  3,43080e-01	  1,21952e-01
859	  1,7160000000e+03	  3,39047e-01	  1,19133e-01
860	  1,7180000000e+03	  3,40649e-01	  1,11851e-01
861	  1,7200000000e+03	  3,41006e-01	  1,05816e-01
862	  1,7220000000e+03	  3,45792e-01	  9,69656e-02
863	  1,7240000000e+03	  3,50066e-01	  9,61009e-02
864	  1,7260000000e+03	  3,49829e-01	  9,04601e-02
865	  1,7280000000e+03	  3,49494e-01	  8,34881e-02
866	  1,7300000000e+03	  3,46913e-01	  7,60849e-02
867	  1,7320000000e+03	  3,50361e-01	  7,84462e-02
868	  1,7340000000e+03	  3,49278e-01	  7,26373e-02
869	  1,7360000000e+03	  3,51952e-01	  6,25280e-02
870	  1,7380000000e+03	  3,51410e-01	  5,91340e-02
871	  1,7400000000e+03	  3,51361e-01	  5,63227e-02
872	  1,7420000000e+03	  3,60027e-01	  5,18048e-02
873	  1,7440000000e+03	  3,58226e-01	  4,66326e-02
874	  1,7460000000e+03	  3,52874e-01	  4,38744e-02
875	  1,7480000000e+03	  3,55432e-01	  3,82653e-02
876	  1,7500000000e+03	  3,56793e-01	  2,75529e-02
877	  1,7520000000e+03	  3,63860e-01	  2,40855e-02
878	  1,7540000000e+03	  3,62535e-01	  2,30742e-02
879	  1,7560000000e+03	  3,58398e-01	  1,35025e-02
880	  1,7580000000e+03	  3,58815e-01	  3,83364e-03
881	  1,7600000000e+03	  3,66081e-01	  2,69969e-03
882	  1,7620000000e+03	  3,72396e-01	 -2,37243e-03
883	  1,7640000000e+03	  3,66886e-01	 -8,22195e-03
884	  1,7660000000e+03	  3,66122e-01	 -1,27369e-02
885	  1,7680000000e+03	  3,71202e-01	 -2,39111e-02
886	  1,7700000000e+03	  3,73804e-01	 -2,66852e-02
887	  1,7720000000e+03	  3,72279e-01	 -3,08673e-02
888	  1,7740000000e+03	  3,72110e-01	 -4,06884e-02
889	  1,7760000000e+03	  3,73325e-01	 -5,10625e-02
890	  1,7780000000e+03	  3,71051e-01	 -5,00804e-02
891	  1,7800000000e+03	  3,72042e-01	 -5,95922e-02
892	  1,7820000000e+03	  3,68321e-01	 -6,88751e-02
893	  1,7840000000e+03	  3,67755e-01	 -7,17470e-02
894	  1,7860000000e+03	  3,69815e-01	 -7,72377e-02
895	  1,7880000000e+03	  3,71706e-01	 -8,54055e-02
896	  1,7900000000e+03	  3,68806e-01	 -9,13735e-02
897	  1,7920000000e+03	  3,59910e-01	 -9,62326e-02
898	  1,7940000000e+03	  3,55953e-01	 -9,12072e-02
899	  1,7960000000e+03	  3,57456e-01	 -9,77517e-02
900	  1,7980000000e+03	  3,58196e-01	 -9,86789e-02
901	  1,8000000000e+03	  3,54911e-01	 -1,06429e-01
902	  1,8020000000e+03	  3,49112e-01	 -1,12427e-01
903	  1,8040000000e+03	  3,51483e-01	 -1,17832e-01
904	  1,8060000000e+03	  3,57837e-01	 -1,26428e-01
905	  1,8080000000e+03	  3,55123e-01	 -1,32878e-01
906	  1,8100000000e+03	  3,55800e-01	 -1,33773e-01
907	  1,8120000000e+03	  3,61671e-01	 -1,40611e-01
908	  1,8140000000e+03	  3,63453e-01	 -1,50849e-01
909	  1,8160000000e+03	  3,53213e-01	 -1,52563e-01
910	  1,8180000000e+03	  3,49310e-01	 -1,52288e-01
911	  1,8200000000e+03	  3,43849e-01	 -1,63021e-01
912	  1,8220000000e+03	  3,42054e-01	 -1,72051e-01
913	  1,8240000000e+03	  3,43144e-01	 -1,80750e-01
914	  1,8260000000e+03	  3,40108e-01	 -1,87579e-01
915	  1,8280000000e+03	  3,37794e-01	 -1,91051e-01
916	  1,8300000000e+03	  3,33334e-01	 -1,94535e-01
917	  1,8320000000e+03	  3,31112e-01	 -1,95662e-01
918	  1,8340000000e+03	  3,23362e-01	 -2,16014e-01
919	  1,8360000000e+03	  3,17580e-01	 -2,18972e-01
920	  1,8380000000e+03	  3,16011e-01	 -2,22046e-01
921	  1,8400000000e+03	  3,22826e-01	 -2,26518e-01
922	  1,8420000000e+03	  3,18071e-01	 -2,33580e-01
923	  1,8440000000e+03	  3,10663e-01	 -2,44185e-01
924	  1,8460000000e+03	  3,07189e-01	 -2,51183e-01
925	  1,8480000000e+03	  3,00166e-01	 -2,55195e-01
926	  1,8500000000e+03	  2,90435e-01	 -2,60459e-01
927	  1,8520000000e+03	  2,86447e-01	 -2,59007e-01
928	  1,8540000000e+03	  2,86900e-01	 -2,66801e-01
929	  1,8560000000e+03	  2,80752e-01	 -2,78508e-01
930	  1,8580000000e+03	  2,72327e-01	 -2,77688e-01
931	  1,8600000000e+03	  2,68079e-01	 -2,83556e-01
932	  1,8620000000e+03	  2,58507e-01	 -2,85728e-01
933	  1,8640000000e+03	  2,55381e-01	 -2,89856e-01
934	  1,8660000000e+03	  2,49881e-01	 -2,89736e-01
935	  1,8680000000e+03	  2,46444e-01	 -2,87477e-01
936	  1,8700000000e+03	  2,42068e-01	 -2,99240e-01
937	  1,8720000000e+03	  2,38955e-01	 -3,10965e-01
938	  1,8740000000e+03	  2,38802e-01	 -3,12092e-01
939	  1,8760000000e+03	  2,31840e-01	 -3,09452e-01
940	  1,8780000000e+03	  2,25699e-01	 -3,10273e-01
941	  1,8800000000e+03	  2,18778e-01	 -3,15854e-01
942	  1,8820000000e+03	  2,11416e-01	 -3,22035e-01
943	  1,8840000000e+03	  2,00150e-01	 -3,25902e-01
944	  1,8860000000e+03	  2,00829e-01	 -3,31089e-01
945	  1,8880000000e+03	  1,93898e-01	 -3,29131e-01
946	  1,8900000000e+03	  1,82635e-01	 -3,34102e-01
947	  1,8920000000e+03	  1,86554e-01	 -3,37211e-01
948	  1,8940000000e+03	  1,89843e-01	 -3,46032e-01
949	  1,8960000000e+03	  1,79338e-01	 -3,46799e-01
950	  1,8980000000e+03	  1,66396e-01	 -3,46340e-01
951	  1,9000000000e+03	  1,61967e-01	 -3,42992e-01
952	  1,9020000000e+03	  1,49561e-01	 -3,45723e-01
953	  1,9040000000e+03	  1,45205e-01	 -3,45514e-01
954	  1,9060000000e+03	  1,43681e-01	 -3,48407e-01
955	  1,9080000000e+03	  1,46452e-01	 -3,50130e-01
956	  1,9100000000e+03	  1,37006e-01	 -3,54333e-01
957	  1,9120000000e+03	  1,34047e-01	 -3,58969e-01
958	  1,9140000000e+03	  1,35119e-01	 -3,58184e-01
959	  1,9160000000e+03	  1,26218e-01	 -3,56801e-01
960	  1,9180000000e+03	  1,16809e-01	 -3,59779e-01
961	  1,9200000000e+03	  1,13754e-01	 -3,59675e-01
962	  1,9220000000e+03	  1,07038e-01	 -3,61977e-01
963	  1,9240000000e+03	  9,98912e-02	 -3,66548e-01
964	  1,9260000000e+03	  1,00142e-01	 -3,70405e-01
965	  1,9280000000e+03	  9,34163e-02	 -3,67827e-01
966	  1,9300000000e+03	  8,40407e-02	 -3,63258e-01
967	  1,9320000000e+03	  8,24686e-02	 -3,67871e-01
968	  1,9340000000e+03	  8,07606e-02	 -3,75021e-01
969	  1,9360000000e+03	  6,83354e-02	 -3,73581e-01
970	  1,9380000000e+03	  6,31959e-02	 -3,75040e-01
971	  1,9400000000e+03	  5,32885e-02	 -3,76657e-01
972	  1,9420000000e+03	  4,10281e-02	 -3,74496e-01
973	  1,9440000000e+03	  3,75442e-02	 -3,79091e-01
974	  1,9460000000e+03	  3,92869e-02	 -3,78041e-01
975	  1,9480000000e+03	  2,64961e-02	 -3,72073e-01
976	  1,9500000000e+03	  2,29207e-02	 -3,76320e-01
977	  1,9520000000e+03	  2,03239e-02	 -3,80480e-01
978	  1,9540000000e+03	  3,44754e-03	 -3,86208e-01
979	  1,9560000000e+03	  1,66808e-03	 -3,86130e-01
980	  1,9580000000e+03	 -2,44858e-03	 -3,83941e-01
981	  1,9600000000e+03	 -1,15505e-02	 -3,81698e-01
982	  1,9620000000e+03	 -1,41769e-02	 -3,82849e-01
983	  1,9640000000e+03	 -1,79414e-02	 -3,83835e-01
984	  1,9660000000e+03	 -1,84532e-02	 -3,84905e-01
985	  1,9680000000e+03	 -2,68879e-02	 -3,79495e-01
986	  1,9700000000e+03	 -3,27630e-02	 -3,79023e-01
987	  1,9720000000e+03	 -4,18779e-02	 -3,80692e-01
988	  1,9740000000e+03	 -4,45541e-02	 -3,73654e-01
989	  1,9760000000e+03	 -4,90207e-02	 -3,76687e-01
990	  1,9780000000e+03	 -5,61933e-02	 -3,82328e-01
991	  1,9800000000e+03	 -6,97206e-02	 -3,76346e-01
992	  1,9820000000e+03	 -7,72767e-02	 -3,73645e-01
993	  1,9840000000e+03	 -7,82259e-02	 -3,70474e-01
994	  1,9860000000e+03	 -8,59927e-02	 -3,65574e-01
995	  1,9880000000e+03	 -9,42672e-02	 -3,65659e-01
996	  1,9900000000e+03	 -9,49087e-02	 -3,64925e-01
997	  1,9920000000e+03	 -9,98900e-02	 -3,63468e-01
998	  1,9940000000e+03	 -1,05355e-01	 -3,62216e-01
999	  1,9960000000e+03	 -1,15153e-01	 -3,65783e-01
1000	  1,9980000000e+03	 -1,16870e-01	 -3,63611e-01
1001	  2,0000000000e+03	 -1,15054e-01	 -3,58334e-01
1002	  2,0020000000e+03	 -1,21734e-01	 -3,55206e-01
1003	  2,0040000000e+03	 -1,29871e-01	 -3,55727e-01
1004	  2,0060000000e+03	 -1,41165e-01	 -3,58178e-01
1005	  2,0080000000e+03	 -1,40619e-01	 -3,54204e-01
1006	  2,0100000000e+03	 -1,42835e-01	 -3,50542e-01
1007	  2,0120000000e+03	 -1,52013e-01	 -3,42365e-01
1008	  2,0140000000e+03	 -1,61885e-01	 -3,45018e-01
1009	  2,0160000000e+03	 -1,63599e-01	 -3,41834e-01
1010	  2,0180000000e+03	 -1,68818e-01	 -3,32615e-01
1011	  2,0200000000e+03	 -1,72606e-01	 -3,35238e-01
1012	  2,0220000000e+03	 -1,76969e-01	 -3,35813e-01
1013	  2,0240000000e+03	 -1,84933e-01	 -3,35429e-01
1014	  2,0260000000e+03	 -1,89128e-01	 -3,33725e-01
1015	  2,0280000000e+03	 -1,96106e-01	 -3,29375e-01
1016	  2,0300000000e+03	 -2,01452e-01	 -3,20299e-01
1017	  2,0320000000e+03	 -2,08881e-01	 -3,19695e-01
1018	  2,0340000000e+03	 -2,09961e-01	 -3,14583e-01
1019	  2,0360000000e+03	 -2,16630e-01	 -3,08669e-01
1020	  2,0380000000e+03	 -2,20068e-01	 -3,08634e-01
1021	  2,0400000000e+03	 -2,26467e-01	 -3,08790e-01
1022	  2,0420000000e+03	 -2,36989e-01	 -3,04119e-01
1023	  2,0440000000e+03	 -2,40395e-01	 -2,95995e-01
1024	  2,0460000000e+03	 -2,36595e-01	 -2,89024e-01
1025	  2,0480000000e+03	 -2,50084e-01	 -2,94084e-01
1026	  2,0500000000e+03	 -2,49638e-01	 -2,87528e-01
1027	  2,0520000000e+03	 -2,51590e-01	 -2,78230e-01
1028	  2,0540000000e+03	 -2,52736e-01	 -2,73044e-01
1029	  2,0560000000e+03	 -2,52457e-01	 -2,69848e-01
1030	  2,0580000000e+03	 -2,61512e-01	 -2,66432e-01
1031	  2,0600000000e+03	 -2,69352e-01	 -2,59294e-01
1032	  2,0620000000e+03	 -2,73104e-01	 -2,63074e-01
1033	  2,0640000000e+03	 -2,76362e-01	 -2,59323e-01
1034	  2,0660000000e+03	 -2,81250e-01	 -2,54721e-01
1035	  2,0680000000e+03	 -2,89340e-01	 -2,54115e-01
1036	  2,0700000000e+03	 -2,99421e-01	 -2,51619e-01
1037	  2,0720000000e+03	 -3,04332e-01	 -2,42712e-01
1038	  2,0740000000e+03	 -3,01557e-01	 -2,34198e-01
1039	  2,0760000000e+03	 -3,03237e-01	 -2,32580e-01
1040	  2,0780000000e+03	 -3,10203e-01	 -2,28055e-01
1041	  2,0800000000e+03	 -3,09756e-01	 -2,20413e-01
1042	  2,0820000000e+03	 -3,09645e-01	 -2,14041e-01
1043	  2,0840000000e+03	 -3,14174e-01	 -2,12961e-01
1044	  2,0860000000e+03	 -3,22394e-01	 -2,06184e-01
1045	  2,0880000000e+03	 -3,23241e-01	 -2,06347e-01
1046	  2,0900000000e+03	 -3,22745e-01	 -1,94209e-01
1047	  2,0920000000e+03	 -3,25928e-01	 -1,86029e-01
1048	  2,0940000000e+03	 -3,30281e-01	 -1,84581e-01
1049	  2,0960000000e+03	 -3,44816e-01	 -1,77428e-01
1050	  2,0980000000e+03	 -3,44936e-01	 -1,77028e-01
1051	  2,1000000000e+03	 -3,48821e-01	 -1,72995e-01
1052	  2,1020000000e+03	 -3,47845e-01	 -1,64063e-01
1053	  2,1040000000e+03	 -3,47369e-01	 -1,54612e-01
1054	  2,1060000000e+03	 -3,50770e-01	 -1,45103e-01
1055	  2,1080000000e+03	 -3,49641e-01	 -1,43339e-01
1056	  2,1100000000e+03	 -3,50489e-01	 -1,33002e-01
1057	  2,1120000000e+03	 -3,50010e-01	 -1,32247e-01
1058	  2,1140000000e+03	 -3,56700e-01	 -1,30024e-01
1059	  2,1160000000e+03	 -3,61460e-01	 -1,15259e-01
1060	  2,1180000000e+03	 -3,61474e-01	 -1,09602e-01
1061	  2,1200000000e+03	 -3,62548e-01	 -1,07794e-01
1062	  2,1220000000e+03	 -3,61956e-01	 -1,05248e-01
1063	  2,1240000000e+03	 -3,60999e-01	 -9,52911e-02
1064	  2,1260000000e+03	 -3,58905e-01	 -8,81158e-02
1065	  2,1280000000e+03	 -3,56484e-01	 -8,02777e-02
1066	  2,1300000000e+03	 -3,60256e-01	 -6,86882e-02
1067	  2,1320000000e+03	 -3,63278e-01	 -6,38459e-02
1068	  2,1340000000e+03	 -3,66083e-01	 -6,79224e-02
1069	  2,1360000000e+03	 -3,65141e-01	 -6,51934e-02
1070	  2,1380000000e+03	 -3,65913e-01	 -5,50254e-02
1071	  2,1400000000e+03	 -3,64596e-01	 -5,08204e-02
1072	  2,1420000000e+03	 -3,60962e-01	 -4,27895e-02
1073	  2,1440000000e+03	 -3,56888e-01	 -3,90821e-02
1074	  2,1460000000e+03	 -3,57597e-01	 -4,30160e-02
1075	  2,1480000000e+03	 -3,54753e-01	 -3,02776e-02
1076	  2,1500000000e+03	 -3,59924e-01	 -2,24987e-02
1077	  2,1520000000e+03	 -3,63170e-01	 -1,47456e-02
1078	  2,1540000000e+03	 -3,67475e-01	 -7,04269e-03
1079	  2,1560000000e+03	 -3,60892e-01	 -1,33367e-03
1080	  2,1580000000e+03	 -3,61462e-01	 -1,75733e-03
1081	  2,1600000000e+03	 -3,63438e-01	  3,19909e-03
1082	  2,1620000000e+03	 -3,63228e-01	  1,01796e-02
1083	  2,1640000000e+03	 -3,62375e-01	  1,30083e-02
1084	  2,1660000000e+03	 -3,63501e-01	  2,31763e-02
1085	  2,1680000000e+03	 -3,64488e-01	  3,04296e-02
1086	  2,1700000000e+03	 -3,62630e-01	  3,62012e-02
1087	  2,1720000000e+03	 -3,60485e-01	  4,13476e-02
1088	  2,1740000000e+03	 -3,53552e-01	  4,69024e-02
1089	  2,1760000000e+03	 -3,54637e-01	  4,31183e-02
1090	  2,1780000000e+03	 -3,51752e-01	  4,77243e-02
1091	  2,1800000000e+03	 -3,49521e-01	  5,64815e-02
1092	  2,1820000000e+03	 -3,46831e-01	  6,30708e-02
1093	  2,1840000000e+03	 -3,44538e-01	  7,22296e-02
1094	  2,1860000000e+03	 -3,45867e-01	  7,51500e-02
1095	  2,1880000000e+03	 -3,45391e-01	  7,85218e-02
1096	  2,1900000000e+03	 -3,41289e-01	  8,21456e-02
1097	  2,1920000000e+03	 -3,36889e-01	  8,91583e-02
1098	  2,1940000000e+03	 -3,39487e-01	  9,63177e-02
1099	  2,1960000000e+03	 -3,37881e-01	  9,58777e-02
1100	  2,1980000000e+03	 -3,37730e-01	  9,67360e-02
1101	  2,2000000000e+03	 -3,35031e-01	  1,01587e-01
1102	  2,2020000000e+03	 -3,31111e-01	  1,08626e-01
1103	  2,2040000000e+03	 -3,31461e-01	  1,10465e-01
1104	  2,2060000000e+03	 -3,34805e-01	  1,12387e-01
1105	  2,2080000000e+03	 -3,32376e-01	  1,14243e-01
1106	  2,2100000000e+03	 -3,30226e-01	  1,22130e-01
1107	  2,2120000000e+03	 -3,31933e-01	  1,31671e-01
1108	  2,2140000000e+03	 -3,32009e-01	  1,33022e-01
1109	  2,2160000000e+03	 -3,29116e-01	  1,39872e-01
1110	  2,2180000000e+03	 -3,29807e-01	  1,39341e-01
1111	  2,2200000000e+03	 -3,29799e-01	  1,47608e-01
1112	  2,2220000000e+03	 -3,24892e-01	  1,50916e-01
1113	  2,2240000000e+03	 -3,23360e-01	  1,55809e-01
1114	  2,2260000000e+03	 -3,22056e-01	  1,65108e-01
1115	  2,2280000000e+03	 -3,19143e-01	  1,70835e-01
1116	  2,2300000000e+03	 -3,17307e-01	  1,72504e-01
1117	  2,2320000000e+03	 -3,12339e-01	  1,77987e-01
1118	  2,2340000000e+03	 -3,09918e-01	  1,78331e-01
1119	  2,2360000000e+03	 -3,05182e-01	  1,89610e-01
1120	  2,2380000000e+03	 -3,05163e-01	  1,95827e-01
1121	  2,2400000000e+03	 -3,00541e-01	  1,95260e-01
1122	  2,2420000000e+03	 -2,98702e-01	  1,96754e-01
1123	  2,2440000000e+03	 -2,94509e-01	  2,06959e-01
1124	  2,2460000000e+03	 -2,87950e-01	  2,10443e-01
1125	  2,2480000000e+03	 -2,82312e-01	  2,19900e-01
1126	  2,2500000000e+03	 -2,82843e-01	  2,24339e-01
1127	  2,2520000000e+03	 -2,83017e-01	  2,23646e-01
1128	  2,2540000000e+03	 -2,80302e-01	  2,22960e-01
1129	  2,2560000000e+03	 -2,69702e-01	  2,35726e-01
1130	  2,2580000000e+03	 -2,67349e-01	  2,40538e-01
1131	  2,2600000000e+03	 -2,64982e-01	  2,40387e-01
1132	  2,2620000000e+03	 -2,60985e-01	  2,43179e-01
1133	  2,2640000000e+03	 -2,59987e-01	  2,52081e-01
1134	  2,2660000000e+03	 -2,59797e-01	  2,51428e-01
1135	  2,2680000000e+03	 -2,62591e-01	  2,53072e-01
1136	  2,2700000000e+03	 -2,58265e-01	  2,58831e-01
1137	  2,2720000000e+03	 -2,54341e-01	  2,60510e-01
1138	  2,2740000000e+03	 -2,45679e-01	  2,69177e-01
1139	  2,2760000000e+03	 -2,39637e-01	  2,70352e-01
1140	  2,2780000000e+03	 -2,30374e-01	  2,76629e-01
1141	  2,2800000000e+03	 -2,31488e-01	  2,78022e-01
1142	  2,2820000000e+03	 -2,27264e-01	  2,86415e-01
1143	  2,2840000000e+03	 -2,23667e-01	  2,95402e-01
1144	  2,2860000000e+03	 -2,16087e-01	  2,93667e-01
1145	  2,2880000000e+03	 -2,13040e-01	  2,91798e-01
1146	  2,2900000000e+03	 -2,12273e-01	  2,95504e-01
1147	  2,2920000000e+03	 -2,07777e-01	  2,99924e-01
1148	  2,2940000000e+03	 -2,02128e-01	  3,04309e-01
1149	  2,2960000000e+03	 -1,95808e-01	  3,05552e-01
1150	  2,2980000000e+03	 -1,89843e-01	  3,07768e-01
1151	  2,3000000000e+03	 -1,86146e-01	  3,10203e-01
1152	  2,3020000000e+03	 -1,79955e-01	  3,14137e-01
1153	  2,3040000000e+03	 -1,73819e-01	  3,20553e-01
1154	  2,3060000000e+03	 -1,69668e-01	  3,25484e-01
1155	  2,3080000000e+03	 -1,72670e-01	  3,25682e-01
1156	  2,3100000000e+03	 -1,68606e-01	  3,34437e-01
1157	  2,3120000000e+03	 -1,60889e-01	  3,41286e-01
1158	  2,3140000000e+03	 -1,50472e-01	  3,39828e-01
1159	  2,3160000000e+03	 -1,43416e-01	  3,42086e-01
1160	  2,3180000000e+03	 -1,40715e-01	  3,47978e-01
1161	  2,3200000000e+03	 -1,29548e-01	  3,49667e-01
1162	  2,3220000000e+03	 -1,24809e-01	  3,44078e-01
1163	  2,3240000000e+03	 -1,27725e-01	  3,48939e-01
1164	  2,3260000000e+03	 -1,21408e-01	  3,59901e-01
1165	  2,3280000000e+03	 -1,14221e-01	  3,60022e-01
1166	  2,3300000000e+03	 -1,05148e-01	  3,54249e-01
1167	  2,3320000000e+03	 -9,73494e-02	  3,58361e-01
1168	  2,3340000000e+03	 -8,78578e-02	  3,63371e-01
1169	  2,3360000000e+03	 -8,57567e-02	  3,69423e-01
1170	  2,3380000000e+03	 -7,86087e-02	  3,67726e-01
1171	  2,3400000000e+03	 -6,62210e-02	  3,59836e-01
1172	  2,3420000000e+03	 -6,41875e-02	  3,62900e-01
1173	  2,3440000000e+03	 -5,74076e-02	  3,67274e-01
1174	  2,3460000000e+03	 -4,96690e-02	  3,73482e-01
1175	  2,3480000000e+03	 -4,52502e-02	  3,71426e-01
1176	  2,3500000000e+03	 -4,12396e-02	  3,66884e-01
1177	  2,3520000000e+03	 -2,66934e-02	  3,66471e-01
1178	  2,3540000000e+03	 -2,04908e-02	  3,63192e-01
1179	  2,3560000000e+03	 -1,28431e-02	  3,63934e-01
1180	  2,3580000000e+03	 -7,43429e-03	  3,70442e-01
1181	  2,3600000000e+03	 -2,35031e-03	  3,65120e-01
1182	  2,3620000000e+03	 -3,97719e-04	  3,62573e-01
1183	  2,3640000000e+03	  3,40461e-03	  3,62178e-01
1184	  2,3660000000e+03	  1,23416e-02	  3,60052e-01
1185	  2,3680000000e+03	  2,46332e-02	  3,61383e-01
1186	  2,3700000000e+03	  2,67589e-02	  3,59350e-01
1187	  2,3720000000e+03	  3,48268e-02	  3,59233e-01
1188	  2,3740000000e+03	  4,10379e-02	  3,63040e-01
1189	  2,3760000000e+03	  3,74818e-02	  3,58448e-01
1190	  2,3780000000e+03	  4,85583e-02	  3,54875e-01
1191	  2,3800000000e+03	  6,06100e-02	  3,54615e-01
1192	  2,3820000000e+03	  6,31724e-02	  3,47328e-01
1193	  2,3840000000e+03	  6,70506e-02	  3,47766e-01
1194	  2,3860000000e+03	  7,80485e-02	  3,41959e-01
1195	  2,3880000000e+03	  8,04245e-02	  3,42265e-01
1196	  2,3900000000e+03	  8,40079e-02	  3,42133e-01
1197	  2,3920000000e+03	  8,68702e-02	  3,29460e-01
1198	  2,3940000000e+03	  9,09322e-02	  3,21312e-01
1199	  2,3960000000e+03	  9,94636e-02	  3,23008e-01
1200	  2,3980000000e+03	  1,00434e-01	  3,23540e-01
1201	  2,4000000000e+03	  1,01620e-01	  3,20364e-01
1202	  2,4020000000e+03	  1,09395e-01	  3,18870e-01
1203	  2,4040000000e+03	  1,19157e-01	  3,18774e-01
1204	  2,4060000000e+03	  1,20370e-01	  3,13567e-01
1205	  2,4080000000e+03	  1,26608e-01	  3,07620e-01
1206	  2,4100000000e+03	  1,36009e-01	  3,01192e-01
1207	  2,4120000000e+03	  1,38535e-01	  2,98557e-01
1208	  2,4140000000e+03	  1,38019e-01	  2,98973e-01
1209	  2,4160000000e+03	  1,40963e-01	  2,84339e-01
1210	  2,4180000000e+03	  1,41611e-01	  2,80339e-01
1211	  2,4200000000e+03	  1,41841e-01	  2,86861e-01
1212	  2,4220000000e+03	  1,41398e-01	  2,85273e-01
1213	  2,4240000000e+03	  1,48095e-01	  2,80070e-01
1214	  2,4260000000e+03	  1,52787e-01	  2,83086e-01
1215	  2,4280000000e+03	  1,57576e-01	  2,77221e-01
1216	  2,4300000000e+03	  1,55193e-01	  2,68007e-01
1217	  2,4320000000e+03	  1,56390e-01	  2,66164e-01
1218	  2,4340000000e+03	  1,56416e-01	  2,68623e-01
1219	  2,4360000000e+03	  1,61659e-01	  2,68306e-01
1220	  2,4380000000e+03	  1,64910e-01	  2,68231e-01
1221	  2,4400000000e+03	  1,68599e-01	  2,61520e-01
1222	  2,4420000000e+03	  1,68202e-01	  2,64245e-01
1223	  2,4440000000e+03	  1,69917e-01	  2,66543e-01
1224	  2,4460000000e+03	  1,65677e-01	  2,56479e-01
1225	  2,4480000000e+03	  1,71970e-01	  2,48859e-01
1226	  2,4500000000e+03	  1,76039e-01	  2,46911e-01
1227	  2,4520000000e+03	  1,80096e-01	  2,56001e-01
1228	  2,4540000000e+03	  1,86871e-01	  2,53877e-01
1229	  2,4560000000e+03	  1,93628e-01	  2,45542e-01
1230	  2,4580000000e+03	  1,99144e-01	  2,44958e-01
1231	  2,4600000000e+03	  1,95629e-01	  2,45345e-01
1232	  2,4620000000e+03	  1,96590e-01	  2,44147e-01
1233	  2,4640000000e+03	  1,99603e-01	  2,36592e-01
1234	  2,4660000000e+03	  2,07529e-01	  2,35150e-01
1235	  2,4680000000e+03	  2,15545e-01	  2,35607e-01
1236	  2,4700000000e+03	  2,12888e-01	  2,30625e-01
1237	  2,4720000000e+03	  2,18672e-01	  2,22766e-01
1238	  2,4740000000e+03	  2,23398e-01	  2,21671e-01
1239	  2,4760000000e+03	  2,18769e-01	  2,15143e-01
1240	  2,4780000000e+03	  2,25557e-01	  2,11129e-01
1241	  2,4800000000e+03	  2,30639e-01	  2,13685e-01
1242	  2,4820000000e+03	  2,29461e-01	  2,10326e-01
1243	  2,4840000000e+03	  2,30788e-01	  1,99727e-01
1244	  2,4860000000e+03	  2,33465e-01	  1,93225e-01
1245	  2,4880000000e+03	  2,33653e-01	  1,95076e-01
1246	  2,4900000000e+03	  2,38014e-01	  1,89554e-01
1247	  2,4920000000e+03	  2,41752e-01	  1,85326e-01
1248	  2,4940000000e+03	  2,37888e-01	  1,86151e-01
1249	  2,4960000000e+03	  2,36283e-01	  1,80879e-01
1250	  2,4980000000e+03	  2,40557e-01	  1,74634e-01
1251	  2,5000000000e+03	  2,44238e-01	  1,69233e-01
1252	  2,5020000000e+03	  2,42520e-01	  1,67804e-01
1253	  2,5040000000e+03	  2,43388e-01	  1,68368e-01
1254	  2,5060000000e+03	  2,45102e-01	  1,62632e-01
1255	  2,5080000000e+03	  2,49245e-01	  1,60301e-01
1256	  2,5100000000e+03	  2,50603e-01	  1,56119e-01
1257	  2,5120000000e+03	  2,52264e-01	  1,55994e-01
1258	  2,5140000000e+03	  2,51791e-01	  1,53933e-01
1259	  2,5160000000e+03	  2,48195e-01	  1,53174e-01
1260	  2,5180000000e+03	  2,48440e-01	  1,44889e-01
1261	  2,5200000000e+03	  2,52047e-01	  1,40744e-01
1262	  2,5220000000e+03	  2,55699e-01	  1,39853e-01
1263	  2,5240000000e+03	  2,53967e-01	  1,40659e-01
1264	  2,5260000000e+03	  2,50910e-01	  1,39868e-01
1265	  2,5280000000e+03	  2,50883e-01	  1,45410e-01
1266	  2,5300000000e+03	  2,58425e-01	  1,47399e-01
1267	  2,5320000000e+03	  2,65474e-01	  1,40552e-01
1268	  2,5340000000e+03	  2,62097e-01	  1,39626e-01
1269	  2,5360000000e+03	  2,62493e-01	  1,44707e-01
1270	  2,5380000000e+03	  2,63489e-01	  1,38723e-01
1271	  2,5400000000e+03	  2,67428e-01	  1,30744e-01
1272	  2,5420000000e+03	  2,68019e-01	  1,29136e-01
1273	  2,5440000000e+03	  2,70903e-01	  1,26727e-01
1274	  2,5460000000e+03	  2,74244e-01	  1,23679e-01
1275	  2,5480000000e+03	  2,76705e-01	  1,20069e-01
1276	  2,5500000000e+03	  2,84621e-01	  1,19704e-01
1277	  2,5520000000e+03	  2,90499e-01	  1,21920e-01
1278	  2,5540000000e+03	  2,91693e-01	  1,17652e-01
1279	  2,5560000000e+03	  2,96111e-01	  1,13399e-01
1280	  2,5580000000e+03	  3,08555e-01	  1,11645e-01
1281	  2,5600000000e+03	  3,09673e-01	  1,11683e-01
1282	  2,5620000000e+03	  3,12190e-01	  1,06730e-01
1283	  2,5640000000e+03	  3,13545e-01	  1,09093e-01
1284	  2,5660000000e+03	  3,17147e-01	  1,04242e-01
1285	  2,5680000000e+03	  3,19475e-01	  1,00289e-01
1286	  2,5700000000e+03	  3,30175e-01	  9,12325e-02
1287	  2,5720000000e+03	  3,33082e-01	  8,45209e-02
1288	  2,5740000000e+03	  3,34766e-01	  8,11439e-02
1289	  2,5760000000e+03	  3,37407e-01	  7,69678e-02
1290	  2,5780000000e+03	  3,44080e-01	  7,55975e-02
1291	  2,5800000000e+03	  3,52218e-01	  6,44312e-02
1292	  2,5820000000e+03	  3,49268e-01	  5,35568e-02
1293	  2,5840000000e+03	  3,47295e-01	  5,01953e-02
1294	  2,5860000000e+03	  3,54514e-01	  4,70300e-02
1295	  2,5880000000e+03	  3,53249e-01	  3,61271e-02
1296	  2,5900000000e+03	  3,56703e-01	  2,71811e-02
1297	  2,5920000000e+03	  3,57347e-01	  2,09492e-02
1298	  2,5940000000e+03	  3,55887e-01	  1,56599e-02
1299	  2,5960000000e+03	  3,57462e-01	  7,80686e-03
1300	  2,5980000000e+03	  3,58693e-01	  3,79259e-03
1301	  2,6000000000e+03	  3,56362e-01	  2,69040e-04
1302	  2,6020000000e+03	  3,58368e-01	 -1,18806e-02
1303	  2,6040000000e+03	  3,62391e-01	 -2,32769e-02
1304	  2,6060000000e+03	  3,61124e-01	 -3,28394e-02
1305	  2,6080000000e+03	  3,59267e-01	 -3,38731e-02
1306	  2,6100000000e+03	  3,60698e-01	 -4,55218e-02
1307	  2,6120000000e+03	  3,59884e-01	 -5,46184e-02
1308	  2,6140000000e+03	  3,58787e-01	 -6,14883e-02
1309	  2,6160000000e+03	  3,54522e-01	 -6,44491e-02
1310	  2,6180000000e+03	  3,50119e-01	 -6,93852e-02
1311	  2,6200000000e+03	  3,45487e-01	 -7,41670e-02
1312	  2,6220000000e+03	  3,43919e-01	 -7,45314e-02
1313	  2,6240000000e+03	  3,44033e-01	 -8,32902e-02
1314	  2,6260000000e+03	  3,37921e-01	 -9,41563e-02
1315	  2,6280000000e+03	  3,35450e-01	 -1,01860e-01
1316	  2,6300000000e+03	  3,32741e-01	 -1,04548e-01
1317	  2,6320000000e+03	  3,29565e-01	 -1,02964e-01
1318	  2,6340000000e+03	  3,28326e-01	 -1,04734e-01
1319	  2,6360000000e+03	  3,26769e-01	 -1,11922e-01
1320	  2,6380000000e+03	  3,22680e-01	 -1,16056e-01
1321	  2,6400000000e+03	  3,23526e-01	 -1,22528e-01
1322	  2,6420000000e+03	  3,23120e-01	 -1,28459e-01
1323	  2,6440000000e+03	  3,19980e-01	 -1,28518e-01
1324	  2,6460000000e+03	  3,15958e-01	 -1,30026e-01
1325	  2,6480000000e+03	  3,14977e-01	 -1,38989e-01
1326	  2,6500000000e+03	  3,15860e-01	 -1,41778e-01
1327	  2,6520000000e+03	  3,15476e-01	 -1,42897e-01
1328	  2,6540000000e+03	  3,17921e-01	 -1,44755e-01
1329	  2,6560000000e+03	  3,13068e-01	 -1,44556e-01
1330	  2,6580000000e+03	  3,16409e-01	 -1,47178e-01
1331	  2,6600000000e+03	  3,12887e-01	 -1,56073e-01
1332	  2,6620000000e+03	  3,12249e-01	 -1,66656e-01
1333	  2,6640000000e+03	  3,09283e-01	 -1,73619e-01
1334	  2,6660000000e+03	  3,05909e-01	 -1,75337e-01
1335	  2,6680000000e+03	  3,05766e-01	 -1,79925e-01
1336	  2,6700000000e+03	  3,00886e-01	 -1,85968e-01
1337	  2,6720000000e+03	  2,98420e-01	 -1,93921e-01
1338	  2,6740000000e+03	  2,98501e-01	 -1,95578e-01
1339	  2,6760000000e+03	  2,94582e-01	 -1,93854e-01
1340	  2,6780000000e+03	  2,97731e-01	 -2,06556e-01
1341	  2,6800000000e+03	  2,87351e-01	 -2,09480e-01
1342	  2,6820000000e+03	  2,80131e-01	 -2,08604e-01
1343	  2,6840000000e+03	  2,80615e-01	 -2,16551e-01
1344	  2,6860000000e+03	  2,73777e-01	 -2,28508e-01
1345	  2,6880000000e+03	  2,74102e-01	 -2,31095e-01
1346	  2,6900000000e+03	  2,75746e-01	 -2,29576e-01
1347	  2,6920000000e+03	  2,76443e-01	 -2,33371e-01
1348	  2,6940000000e+03	  2,73770e-01	 -2,38592e-01
1349	  2,6960000000e+03	  2,65180e-01	 -2,43303e-01
1350	  2,6980000000e+03	  2,59236e-01	 -2,47543e-01
1351	  2,7000000000e+03	  2,58647e-01	 -2,55038e-01
1352	  2,7020000000e+03	  2,58195e-01	 -2,60467e-01
1353	  2,7040000000e+03	  2,52771e-01	 -2,62739e-01
1354	  2,7060000000e+03	  2,46793e-01	 -2,63501e-01
1355	  2,7080000000e+03	  2,40232e-01	 -2,68608e-01
1356	  2,7100000000e+03	  2,39040e-01	 -2,73384e-01
1357	  2,7120000000e+03	  2,36832e-01	 -2,71006e-01
1358	  2,7140000000e+03	  2,28667e-01	 -2,75532e-01
1359	  2,7160000000e+03	  2,24550e-01	 -2,84074e-01
1360	  2,7180000000e+03	  2,21234e-01	 -2,89755e-01
1361	  2,7200000000e+03	  2,15746e-01	 -2,92613e-01
1362	  2,7220000000e+03	  2,16480e-01	 -3,00800e-01
1363	  2,7240000000e+03	  2,11529e-01	 -3,01537e-01
1364	  2,7260000000e+03	  2,03722e-01	 -3,00825e-01
1365	  2,7280000000e+03	  1,93588e-01	 -3,07532e-01
1366	  2,7300000000e+03	  1,92249e-01	 -3,12356e-01
1367	  2,7320000000e+03	  1,91045e-01	 -3,16042e-01
1368	  2,7340000000e+03	  1,92523e-01	 -3,22717e-01
1369	  2,7360000000e+03	  1,92658e-01	 -3,26398e-01
1370	  2,7380000000e+03	  1,77903e-01	 -3,28630e-01
1371	  2,7400000000e+03	  1,72503e-01	 -3,33976e-01
1372	  2,7420000000e+03	  1,67289e-01	 -3,34098e-01
1373	  2,7440000000e+03	  1,58991e-01	 -3,37724e-01
1374	  2,7460000000e+03	  1,57104e-01	 -3,39981e-01
1375	  2,7480000000e+03	  1,54807e-01	 -3,43071e-01
1376	  2,7500000000e+03	  1,47756e-01	 -3,46981e-01
1377	  2,7520000000e+03	  1,39817e-01	 -3,51008e-01
1378	  2,7540000000e+03	  1,39953e-01	 -3,51512e-01
1379	  2,7560000000e+03	  1,29052e-01	 -3,54578e-01
1380	  2,7580000000e+03	  1,20068e-01	 -3,53015e-01
1381	  2,7600000000e+03	  1,16441e-01	 -3,52079e-01
1382	  2,7620000000e+03	  1,12801e-01	 -3,52431e-01
1383	  2,7640000000e+03	  1,06584e-01	 -3,56838e-01
1384	  2,7660000000e+03	  9,83652e-02	 -3,62953e-01
1385	  2,7680000000e+03	  8,96715e-02	 -3,65170e-01
1386	  2,7700000000e+03	  8,57631e-02	 -3,61504e-01
1387	  2,7720000000e+03	  7,73842e-02	 -3,66868e-01
1388	  2,7740000000e+03	  7,01441e-02	 -3,67166e-01
1389	  2,7760000000e+03	  6,66151e-02	 -3,68505e-01
1390	  2,7780000000e+03	  6,47949e-02	 -3,70702e-01
1391	  2,7800000000e+03	  6,13337e-02	 -3,64704e-01
1392	  2,7820000000e+03	  5,22057e-02	 -3,66990e-01
1393	  2,7840000000e+03	  4,78568e-02	 -3,73528e-01
1394	  2,7860000000e+03	  4,22511e-02	 -3,72418e-01
1395	  2,7880000000e+03	  3,49574e-02	 -3,70623e-01
1396	  2,7900000000e+03	  3,37741e-02	 -3,76432e-01
1397	  2,7920000000e+03	  2,46216e-02	 -3,75791e-01
1398	  2,7940000000e+03	  1,57159e-02	 -3,74139e-01
1399	  2,7960000000e+03	  1,17181e-02	 -3,76925e-01
1400	  2,7980000000e+03	  7,26235e-03	 -3,79180e-01
1401	  2,8000000000e+03	  7,86858e-04	 -3,83840e-01
1402	  2,8020000000e+03	 -6,17562e-03	 -3,83771e-01
1403	  2,8040000000e+03	 -8,94184e-03	 -3,74932e-01
1404	  2,8060000000e+03	 -8,61807e-03	 -3,75973e-01
1405	  2,8080000000e+03	 -1,95790e-02	 -3,76129e-01
1406	  2,8100000000e+03	 -2,26617e-02	 -3,78550e-01
1407	  2,8120000000e+03	 -2,27802e-02	 -3,78025e-01
1408	  2,8140000000e+03	 -2,88515e-02	 -3,81839e-01
1409	  2,8160000000e+03	 -3,15634e-02	 -3,72372e-01
1410	  2,8180000000e+03	 -4,06385e-02	 -3,77230e-01
1411	  2,8200000000e+03	 -5,36488e-02	 -3,85650e-01
1412	  2,8220000000e+03	 -5,99097e-02	 -3,84578e-01
1413	  2,8240000000e+03	 -6,36602e-02	 -3,89329e-01
1414	  2,8260000000e+03	 -6,84760e-02	 -3,90882e-01
1415	  2,8280000000e+03	 -8,36765e-02	 -3,82884e-01
1416	  2,8300000000e+03	 -8,66446e-02	 -3,80455e-01
1417	  2,8320000000e+03	 -9,45196e-02	 -3,85945e-01
1418	  2,8340000000e+03	 -1,02832e-01	 -3,86609e-01
1419	  2,8360000000e+03	 -1,09971e-01	 -3,87012e-01
1420	  2,8380000000e+03	 -1,17332e-01	 -3,85080e-01
1421	  2,8400000000e+03	 -1,20493e-01	 -3,79239e-01
1422	  2,8420000000e+03	 -1,28182e-01	 -3,80502e-01
1423	  2,8440000000e+03	 -1,38125e-01	 -3,84066e-01
1424	  2,8460000000e+03	 -1,40499e-01	 -3,86235e-01
1425	  2,8480000000e+03	 -1,54742e-01	 -3,78172e-01
1426	  2,8500000000e+03	 -1,63266e-01	 -3,78932e-01
1427	  2,8520000000e+03	 -1,68762e-01	 -3,76200e-01
1428	  2,8540000000e+03	 -1,76439e-01	 -3,68591e-01
1429	  2,8560000000e+03	 -1,85750e-01	 -3,64517e-01
1430	  2,8580000000e+03	 -1,91159e-01	 -3,58235e-01
1431	  2,8600000000e+03	 -2,02819e-01	 -3,57799e-01
1432	  2,8620000000e+03	 -2,04140e-01	 -3,58010e-01
1433	  2,8640000000e+03	 -2,02314e-01	 -3,49298e-01
1434	  2,8660000000e+03	 -2,12596e-01	 -3,43430e-01
1435	  2,8680000000e+03	 -2,21442e-01	 -3,44861e-01
1436	  2,8700000000e+03	 -2,24318e-01	 -3,38114e-01
1437	  2,8720000000e+03	 -2,27340e-01	 -3,33855e-01
1438	  2,8740000000e+03	 -2,35919e-01	 -3,27686e-01
1439	  2,8760000000e+03	 -2,47655e-01	 -3,27300e-01
1440	  2,8780000000e+03	 -2,55615e-01	 -3,16811e-01
1441	  2,8800000000e+03	 -2,56782e-01	 -3,11485e-01
1442	  2,8820000000e+03	 -2,63128e-01	 -3,10668e-01
1443	  2,8840000000e+03	 -2,69761e-01	 -3,04065e-01
1444	  2,8860000000e+03	 -2,71979e-01	 -2,99594e-01
1445	  2,8880000000e+03	 -2,78181e-01	 -2,89361e-01
1446	  2,8900000000e+03	 -2,84848e-01	 -2,88621e-01
1447	  2,8920000000e+03	 -2,93031e-01	 -2,84885e-01
1448	  2,8940000000e+03	 -2,99797e-01	 -2,77207e-01
1449	  2,8960000000e+03	 -3,08299e-01	 -2,71724e-01
1450	  2,8980000000e+03	 -3,10643e-01	 -2,60110e-01
1451	  2,9000000000e+03	 -3,12930e-01	 -2,54589e-01
1452	  2,9020000000e+03	 -3,15256e-01	 -2,54296e-01
1453	  2,9040000000e+03	 -3,16457e-01	 -2,49413e-01
1454	  2,9060000000e+03	 -3,23685e-01	 -2,39483e-01
1455	  2,9080000000e+03	 -3,23980e-01	 -2,35896e-01
1456	  2,9100000000e+03	 -3,24868e-01	 -2,25287e-01
1457	  2,9120000000e+03	 -3,27735e-01	 -2,21793e-01
1458	  2,9140000000e+03	 -3,34254e-01	 -2,17325e-01
1459	  2,9160000000e+03	 -3,35669e-01	 -2,07619e-01
1460	  2,9180000000e+03	 -3,40903e-01	 -1,97703e-01
1461	  2,9200000000e+03	 -3,48107e-01	 -1,92510e-01
1462	  2,9220000000e+03	 -3,50653e-01	 -1,84065e-01
1463	  2,9240000000e+03	 -3,52293e-01	 -1,82434e-01
1464	  2,9260000000e+03	 -3,54075e-01	 -1,75094e-01
1465	  2,9280000000e+03	 -3,56517e-01	 -1,68750e-01
1466	  2,9300000000e+03	 -3,52885e-01	 -1,63267e-01
1467	  2,9320000000e+03	 -3,52978e-01	 -1,50663e-01
1468	  2,9340000000e+03	 -3,56678e-01	 -1,48070e-01
1469	  2,9360000000e+03	 -3,56981e-01	 -1,41310e-01
1470	  2,9380000000e+03	 -3,54353e-01	 -1,38301e-01
1471	  2,9400000000e+03	 -3,58868e-01	 -1,33504e-01
1472	  2,9420000000e+03	 -3,57536e-01	 -1,22093e-01
1473	  2,9440000000e+03	 -3,55487e-01	 -1,19059e-01
1474	  2,9460000000e+03	 -3,56177e-01	 -1,11138e-01
1475	  2,9480000000e+03	 -3,57939e-01	 -9,94797e-02
1476	  2,9500000000e+03	 -3,61519e-01	 -9,87580e-02
1477	  2,9520000000e+03	 -3,61257e-01	 -9,19914e-02
1478	  2,9540000000e+03	 -3,61372e-01	 -8,51890e-02
1479	  2,9560000000e+03	 -3,57850e-01	 -8,72956e-02
1480	  2,9580000000e+03	 -3,64003e-01	 -8,04521e-02
1481	  2,9600000000e+03	 -3,64504e-01	 -7,32376e-02
1482	  2,9620000000e+03	 -3,61152e-01	 -7,02892e-02
1483	  2,9640000000e+03	 -3,62081e-01	 -6,06687e-02
1484	  2,9660000000e+03	 -3,63152e-01	 -5,36976e-02
1485	  2,9680000000e+03	 -3,63996e-01	 -5,03709e-02
1486	  2,9700000000e+03	 -3,67742e-01	 -4,32176e-02
1487	  2,9720000000e+03	 -3,68757e-01	 -3,95950e-02
1488	  2,9740000000e+03	 -3,67373e-01	 -4,19845e-02
1489	  2,9760000000e+03	 -3,70197e-01	 -3,61551e-02
1490	  2,9780000000e+03	 -3,68019e-01	 -2,73624e-02
1491	  2,9800000000e+03	 -3,67623e-01	 -2,33249e-02
1492	  2,9820000000e+03	 -3,73124e-01	 -2,49211e-02
1493	  2,9840000000e+03	 -3,73373e-01	 -1,98333e-02
1494	  2,9860000000e+03	 -3,70019e-01	 -1,62918e-02
1495	  2,9880000000e+03	 -3,73041e-01	 -7,07420e-03
1496	  2,9900000000e+03	 -3,76355e-01	  7,55672e-04
1497	  2,9920000000e+03	 -3,76837e-01	  5,86305e-03
1498	  2,9940000000e+03	 -3,78846e-01	  1,75187e-02
1499	  2,9960000000e+03	 -3,78806e-01	  2,90859e-02
1500	  2,9980000000e+03	 -3,77729e-01	  3,84328e-02
1501	  3,0000000000e+03	 -3,78972e-01	  4,69092e-02
1502	  3,0020000000e+03	 -3,76949e-01	  5,16545e-02
1503	  3,0040000000e+03	 -3,72167e-01	  5,70244e-02
1504	  3,0060000000e+03	 -3,68915e-01	  6,39884e-02
1505	  3,0080000000e+03	 -3,72781e-01	  7,11612e-02
1506	  3,0100000000e+03	 -3,61686e-01	  7,73862e-02
1507	  3,0120000000e+03	 -3,54125e-01	  8,40971e-02
1508	  3,0140000000e+03	 -3,56818e-01	  9,78977e-02
1509	  3,0160000000e+03	 -3,56652e-01	  1,01016e-01
1510	  3,0180000000e+03	 -3,53821e-01	  1,04167e-01
1511	  3,0200000000e+03	 -3,49583e-01	  1,14933e-01
1512	  3,0220000000e+03	 -3,45395e-01	  1,24948e-01
1513	  3,0240000000e+03	 -3,44379e-01	  1,25425e-01
1514	  3,0260000000e+03	 -3,35972e-01	  1,22866e-01
1515	  3,0280000000e+03	 -3,37693e-01	  1,25627e-01
1516	  3,0300000000e+03	 -3,37024e-01	  1,33746e-01
1517	  3,0320000000e+03	 -3,34440e-01	  1,37275e-01
1518	  3,0340000000e+03	 -3,32624e-01	  1,45680e-01
1519	  3,0360000000e+03	 -3,25091e-01	  1,47428e-01
1520	  3,0380000000e+03	 -3,22451e-01	  1,55765e-01
1521	  3,0400000000e+03	 -3,17298e-01	  1,59276e-01
1522	  3,0420000000e+03	 -3,16557e-01	  1,62787e-01
1523	  3,0440000000e+03	 -3,14489e-01	  1,69093e-01
1524	  3,0460000000e+03	 -3,08964e-01	  1,77874e-01
1525	  3,0480000000e+03	 -3,06252e-01	  1,77869e-01
1526	  3,0500000000e+03	 -3,02483e-01	  1,83573e-01
1527	  3,0520000000e+03	 -2,95803e-01	  1,88536e-01
1528	  3,0540000000e+03	 -2,88331e-01	  1,93263e-01
1529	  3,0560000000e+03	 -2,83076e-01	  1,93533e-01
1530	  3,0580000000e+03	 -2,81728e-01	  1,92362e-01
1531	  3,0600000000e+03	 -2,81358e-01	  1,92851e-01
1532	  3,0620000000e+03	 -2,74153e-01	  1,97850e-01
1533	  3,0640000000e+03	 -2,67611e-01	  2,04520e-01
1534	  3,0660000000e+03	 -2,67501e-01	  2,09118e-01
1535	  3,0680000000e+03	 -2,61032e-01	  2,10501e-01
1536	  3,0700000000e+03	 -2,61398e-01	  2,11067e-01
1537	  3,0720000000e+03	 -2,58066e-01	  2,16733e-01
1538	  3,0740000000e+03	 -2,52018e-01	  2,22390e-01
1539	  3,0760000000e+03	 -2,51046e-01	  2,26281e-01
1540	  3,0780000000e+03	 -2,47772e-01	  2,28959e-01
1541	  3,0800000000e+03	 -2,43531e-01	  2,26158e-01
1542	  3,0820000000e+03	 -2,38344e-01	  2,29651e-01
1543	  3,0840000000e+03	 -2,31701e-01	  2,30616e-01
1544	  3,0860000000e+03	 -2,33727e-01	  2,33995e-01
1545	  3,0880000000e+03	 -2,30232e-01	  2,37760e-01
1546	  3,0900000000e+03	 -2,23366e-01	  2,34220e-01
1547	  3,0920000000e+03	 -2,19158e-01	  2,35939e-01
1548	  3,0940000000e+03	 -2,17599e-01	  2,42228e-01
1549	  3,0960000000e+03	 -2,17609e-01	  2,47849e-01
1550	  3,0980000000e+03	 -2,09522e-01	  2,54528e-01
1551	  3,1000000000e+03	 -2,04836e-01	  2,56655e-01
1552	  3,1020000000e+03	 -2,00151e-01	  2,58659e-01
1553	  3,1040000000e+03	 -1,97345e-01	  2,60009e-01
1554	  3,1060000000e+03	 -1,93186e-01	  2,59551e-01
1555	  3,1080000000e+03	 -1,95023e-01	  2,62185e-01
1556	  3,1100000000e+03	 -1,92024e-01	  2,67126e-01
1557	  3,1120000000e+03	 -1,83764e-01	  2,72807e-01
1558	  3,1140000000e+03	 -1,78782e-01	  2,79271e-01
1559	  3,1160000000e+03	 -1,76507e-01	  2,79365e-01
1560	  3,1180000000e+03	 -1,71141e-01	  2,81656e-01
1561	  3,1200000000e+03	 -1,67198e-01	  2,81718e-01
1562	  3,1220000000e+03	 -1,60642e-01	  2,81155e-01
1563	  3,1240000000e+03	 -1,53812e-01	  2,84658e-01
1564	  3,1260000000e+03	 -1,48199e-01	  2,90318e-01
1565	  3,1280000000e+03	 -1,42182e-01	  2,93695e-01
1566	  3,1300000000e+03	 -1,41732e-01	  2,95069e-01
1567	  3,1320000000e+03	 -1,40790e-01	  2,98924e-01
1568	  3,1340000000e+03	 -1,39447e-01	  3,05662e-01
1569	  3,1360000000e+03	 -1,31468e-01	  3,04895e-01
1570	  3,1380000000e+03	 -1,27413e-01	  3,01104e-01
1571	  3,1400000000e+03	 -1,14216e-01	  2,98540e-01
1572	  3,1420000000e+03	 -1,07778e-01	  3,02889e-01
1573	  3,1440000000e+03	 -1,00130e-01	  3,07192e-01
1574	  3,1460000000e+03	 -9,31601e-02	  3,06206e-01
1575	  3,1480000000e+03	 -8,91070e-02	  3,05091e-01
1576	  3,1500000000e+03	 -8,83182e-02	  3,10743e-01
1577	  3,1520000000e+03	 -8,71795e-02	  3,14128e-01
1578	  3,1540000000e+03	 -7,93584e-02	  3,14218e-01
1579	  3,1560000000e+03	 -6,87024e-02	  3,10551e-01
1580	  3,1580000000e+03	 -6,61543e-02	  3,11624e-01
1581	  3,1600000000e+03	 -6,27278e-02	  3,13694e-01
1582	  3,1620000000e+03	 -6,24224e-02	  3,15968e-01
1583	  3,1640000000e+03	 -6,05437e-02	  3,11945e-01
1584	  3,1660000000e+03	 -4,97102e-02	  3,08202e-01
1585	  3,1680000000e+03	 -3,89676e-02	  3,12101e-01
1586	  3,1700000000e+03	 -3,32897e-02	  3,14280e-01
1587	  3,1720000000e+03	 -2,41753e-02	  3,07733e-01
1588	  3,1740000000e+03	 -1,83773e-02	  3,06895e-01
1589	  3,1760000000e+03	 -1,53292e-02	  3,03895e-01
1590	  3,1780000000e+03	 -1,02071e-02	  3,09340e-01
1591	  3,1800000000e+03	 -6,21971e-03	  3,09199e-01
1592	  3,1820000000e+03	 -3,29150e-03	  3,05339e-01
1593	  3,1840000000e+03	 -2,55567e-03	  2,98075e-01
1594	  3,1860000000e+03	  3,25998e-03	  2,96129e-01
1595	  3,1880000000e+03	  6,27039e-03	  2,97049e-01
1596	  3,1900000000e+03	  8,48292e-03	  2,97534e-01
1597	  3,1920000000e+03	  1,42000e-02	  2,95607e-01
1598	  3,1940000000e+03	  2,41410e-02	  2,93198e-01
1599	  3,1960000000e+03	  1,97295e-02	  2,92404e-01
1600	  3,1980000000e+03	  2,33188e-02	  2,90351e-01
1601	  3,2000000000e+03	  2,91636e-02	  2,86386e-01
1602	  3,2020000000e+03	  2,88136e-02	  2,82827e-01
1603	  3,2040000000e+03	  3,04797e-02	  2,80529e-01
1604	  3,2060000000e+03	  2,98711e-02	  2,76849e-01
1605	  3,2080000000e+03	  2,69747e-02	  2,75743e-01
1606	  3,2100000000e+03	  4,01565e-02	  2,77688e-01
1607	  3,2120000000e+03	  4,71653e-02	  2,76222e-01
1608	  3,2140000000e+03	  4,62728e-02	  2,74563e-01
1609	  3,2160000000e+03	  4,43968e-02	  2,75873e-01
1610	  3,2180000000e+03	  5,62010e-02	  2,79261e-01
1611	  3,2200000000e+03	  6,08848e-02	  2,75911e-01
1612	  3,2220000000e+03	  5,90462e-02	  2,76922e-01
1613	  3,2240000000e+03	  6,53383e-02	  2,74541e-01
1614	  3,2260000000e+03	  7,04804e-02	  2,75968e-01
1615	  3,2280000000e+03	  7,14350e-02	  2,74053e-01
1616	  3,2300000000e+03	  7,49543e-02	  2,67095e-01
1617	  3,2320000000e+03	  7,79594e-02	  2,59862e-01
1618	  3,2340000000e+03	  7,90033e-02	  2,61074e-01
1619	  3,2360000000e+03	  8,15127e-02	  2,60533e-01
1620	  3,2380000000e+03	  8,62235e-02	  2,69148e-01
1621	  3,2400000000e+03	  8,99931e-02	  2,69639e-01
1622	  3,2420000000e+03	  9,31384e-02	  2,66713e-01
1623	  3,2440000000e+03	  9,93823e-02	  2,63606e-01
1624	  3,2460000000e+03	  1,00867e-01	  2,59341e-01
1625	  3,2480000000e+03	  1,03551e-01	  2,56970e-01
1626	  3,2500000000e+03	  1,04277e-01	  2,57963e-01
1627	  3,2520000000e+03	  1,05598e-01	  2,59202e-01
1628	  3,2540000000e+03	  1,10516e-01	  2,56180e-01
1629	  3,2560000000e+03	  1,10277e-01	  2,54555e-01
1630	  3,2580000000e+03	  1,15396e-01	  2,48970e-01
1631	  3,2600000000e+03	  1,19537e-01	  2,47076e-01
1632	  3,2620000000e+03	  1,23569e-01	  2,41771e-01
1633	  3,2640000000e+03	  1,29723e-01	  2,37808e-01
1634	  3,2660000000e+03	  1,33976e-01	  2,37458e-01
1635	  3,2680000000e+03	  1,35796e-01	  2,41463e-01
1636	  3,2700000000e+03	  1,33888e-01	  2,35976e-01
1637	  3,2720000000e+03	  1,37728e-01	  2,32704e-01
1638	  3,2740000000e+03	  1,37036e-01	  2,30197e-01
1639	  3,2760000000e+03	  1,39763e-01	  2,27954e-01
1640	  3,2780000000e+03	  1,40112e-01	  2,24897e-01
1641	  3,2800000000e+03	  1,44438e-01	  2,21878e-01
1642	  3,2820000000e+03	  1,44171e-01	  2,23376e-01
1643	  3,2840000000e+03	  1,51156e-01	  2,24475e-01
1644	  3,2860000000e+03	  1,52152e-01	  2,16783e-01
1645	  3,2880000000e+03	  1,50177e-01	  2,19927e-01
1646	  3,2900000000e+03	  1,54040e-01	  2,22992e-01
1647	  3,2920000000e+03	  1,61641e-01	  2,16916e-01
1648	  3,2940000000e+03	  1,67023e-01	  2,15607e-01
1649	  3,2960000000e+03	  1,68156e-01	  2,18035e-01
1650	  3,2980000000e+03	  1,69736e-01	  2,15041e-01
1651	  3,3000000000e+03	  1,74284e-01	  2,11238e-01
1652	  3,3020000000e+03	  1,74288e-01	  2,09825e-01
1653	  3,3040000000e+03	  1,78686e-01	  2,07150e-01
1654	  3,3060000000e+03	  1,86244e-01	  2,03740e-01
1655	  3,3080000000e+03	  1,84603e-01	  2,00116e-01
1656	  3,3100000000e+03	  1,89288e-01	  1,98637e-01
1657	  3,3120000000e+03	  1,91338e-01	  1,92122e-01
1658	  3,3140000000e+03	  1,90375e-01	  1,90848e-01
1659	  3,3160000000e+03	  1,95231e-01	  1,91022e-01
1660	  3,3180000000e+03	  1,97252e-01	  1,87293e-01
1661	  3,3200000000e+03	  2,03094e-01	  1,83123e-01
1662	  3,3220000000e+03	  2,05911e-01	  1,82601e-01
1663	  3,3240000000e+03	  2,09588e-01	  1,78782e-01
1664	  3,3260000000e+03	  2,11248e-01	  1,78087e-01
1665	  3,3280000000e+03	  2,15378e-01	  1,77420e-01
1666	  3,3300000000e+03	  2,15012e-01	  1,75976e-01
1667	  3,3320000000e+03	  2,18533e-01	  1,71815e-01
1668	  3,3340000000e+03	  2,27238e-01	  1,69013e-01
1669	  3,3360000000e+03	  2,28682e-01	  1,63138e-01
1670	  3,3380000000e+03	  2,27836e-01	  1,60529e-01
1671	  3,3400000000e+03	  2,31721e-01	  1,53422e-01
1672	  3,3420000000e+03	  2,27946e-01	  1,46518e-01
1673	  3,3440000000e+03	  2,29487e-01	  1,44509e-01
1674	  3,3460000000e+03	  2,32238e-01	  1,42399e-01
1675	  3,3480000000e+03	  2,34759e-01	  1,39345e-01
1676	  3,3500000000e+03	  2,37820e-01	  1,38317e-01
1677	  3,3520000000e+03	  2,36462e-01	  1,39325e-01
1678	  3,3540000000e+03	  2,37815e-01	  1,32251e-01
1679	  3,3560000000e+03	  2,37971e-01	  1,29183e-01
1680	  3,3580000000e+03	  2,38871e-01	  1,24279e-01
1681	  3,3600000000e+03	  2,36904e-01	  1,24881e-01
1682	  3,3620000000e+03	  2,38535e-01	  1,25668e-01
1683	  3,3640000000e+03	  2,42772e-01	  1,17608e-01
1684	  3,3660000000e+03	  2,39351e-01	  1,15420e-01
1685	  3,3680000000e+03	  2,42717e-01	  1,19929e-01
1686	  3,3700000000e+03	  2,44700e-01	  1,19727e-01
1687	  3,3720000000e+03	  2,48750e-01	  1,14103e-01
1688	  3,3740000000e+03	  2,55006e-01	  1,08852e-01
1689	  3,3760000000e+03	  2,53297e-01	  1,06730e-01
1690	  3,3780000000e+03	  2,52632e-01	  1,05268e-01
1691	  3,3800000000e+03	  2,57833e-01	  1,04956e-01
1692	  3,3820000000e+03	  2,59158e-01	  9,51429e-02
1693	  3,3840000000e+03	  2,57219e-01	  9,19002e-02
1694	  3,3860000000e+03	  2,64822e-01	  9,39087e-02
1695	  3,3880000000e+03	  2,68433e-01	  8,65991e-02
1696	  3,3900000000e+03	  2,65552e-01	  7,79706e-02
1697	  3,3920000000e+03	  2,67027e-01	  7,79684e-02
1698	  3,3940000000e+03	  2,70739e-01	  7,89931e-02
1699	  3,3960000000e+03	  2,69452e-01	  7,39386e-02
1700	  3,3980000000e+03	  2,71663e-01	  7,24314e-02
1701	  3,4000000000e+03	  2,78157e-01	  6,56281e-02
1702	  3,4020000000e+03	  2,78092e-01	  6,28269e-02
1703	  3,4040000000e+03	  2,74549e-01	  6,25096e-02
1704	  3,4060000000e+03	  2,76371e-01	  6,02278e-02
1705	  3,4080000000e+03	  2,80704e-01	  5,94228e-02
1706	  3,4100000000e+03	  2,86256e-01	  5,26946e-02
1707	  3,4120000000e+03	  2,89566e-01	  4,62219e-02
1708	  3,4140000000e+03	  2,90044e-01	  4,96571e-02
1709	  3,4160000000e+03	  2,93198e-01	  4,78265e-02
1710	  3,4180000000e+03	  2,94636e-01	  4,21998e-02
1711	  3,4200000000e+03	  2,91700e-01	  3,81545e-02
1712	  3,4220000000e+03	  2,93285e-01	  3,35535e-02
1713	  3,4240000000e+03	  2,94985e-01	  2,58718e-02
1714	  3,4260000000e+03	  2,99298e-01	  1,68704e-02
1715	  3,4280000000e+03	  3,02660e-01	  1,34609e-02
1716	  3,4300000000e+03	  2,99718e-01	  8,62212e-03
1717	  3,4320000000e+03	  3,00237e-01	  3,42974e-03
1718	  3,4340000000e+03	  3,05747e-01	 -1,50381e-03
1719	  3,4360000000e+03	  3,06284e-01	 -2,82295e-03
1720	  3,4380000000e+03	  3,03343e-01	 -1,11722e-02
1721	  3,4400000000e+03	  2,99908e-01	 -1,75833e-02
1722	  3,4420000000e+03	  2,97495e-01	 -2,19534e-02
1723	  3,4440000000e+03	  3,00077e-01	 -2,77090e-02
1724	  3,4460000000e+03	  3,03512e-01	 -3,30050e-02
1725	  3,4480000000e+03	  2,99689e-01	 -3,46207e-02
1726	  3,4500000000e+03	  2,99710e-01	 -4,41312e-02
1727	  3,4520000000e+03	  3,00369e-01	 -5,41733e-02
1728	  3,4540000000e+03	  2,93868e-01	 -5,75144e-02
1729	  3,4560000000e+03	  2,90578e-01	 -6,15988e-02
1730	  3,4580000000e+03	  2,87918e-01	 -6,38031e-02
1731	  3,4600000000e+03	  2,93337e-01	 -6,57085e-02
1732	  3,4620000000e+03	  2,91217e-01	 -7,55139e-02
1733	  3,4640000000e+03	  2,89303e-01	 -8,10473e-02
1734	  3,4660000000e+03	  2,88319e-01	 -8,52636e-02
1735	  3,4680000000e+03	  2,91875e-01	 -9,06625e-02
1736	  3,4700000000e+03	  2,89927e-01	 -8,72988e-02
1737	  3,4720000000e+03	  2,81811e-01	 -8,96964e-02
1738	  3,4740000000e+03	  2,80674e-01	 -9,83171e-02
1739	  3,4760000000e+03	  2,79593e-01	 -9,88633e-02
1740	  3,4780000000e+03	  2,77251e-01	 -9,90100e-02
1741	  3,4800000000e+03	  2,75815e-01	 -1,04908e-01
1742	  3,4820000000e+03	  2,73935e-01	 -1,08145e-01
1743	  3,4840000000e+03	  2,70720e-01	 -1,12687e-01
1744	  3,4860000000e+03	  2,66603e-01	 -1,17426e-01
1745	  3,4880000000e+03	  2,64879e-01	 -1,18006e-01
1746	  3,4900000000e+03	  2,65836e-01	 -1,22957e-01
1747	  3,4920000000e+03	  2,64364e-01	 -1,25677e-01
1748	  3,4940000000e+03	  2,65234e-01	 -1,32541e-01
1749	  3,4960000000e+03	  2,63056e-01	 -1,37531e-01
1750	  3,4980000000e+03	  2,60538e-01	 -1,35200e-01
1751	  3,5000000000e+03	  2,65720e-01	 -1,37624e-01
1752	  3,5020000000e+03	  2,62178e-01	 -1,44509e-01
1753	  3,5040000000e+03	  2,56717e-01	 -1,48130e-01
1754	  3,5060000000e+03	  2,56988e-01	 -1,51688e-01
1755	  3,5080000000e+03	  2,54202e-01	 -1,53051e-01
1756	  3,5100000000e+03	  2,54515e-01	 -1,54641e-01
1757	  3,5120000000e+03	  2,55229e-01	 -1,54826e-01
1758	  3,5140000000e+03	  2,54605e-01	 -1,58735e-01
1759	  3,5160000000e+03	  2,53584e-01	 -1,57187e-01
1760	  3,5180000000e+03	  2,54780e-01	 -1,62592e-01
1761	  3,5200000000e+03	  2,51371e-01	 -1,72301e-01
1762	  3,5220000000e+03	  2,51264e-01	 -1,78305e-01
1763	  3,5240000000e+03	  2,52422e-01	 -1,78111e-01
1764	  3,5260000000e+03	  2,51253e-01	 -1,85007e-01
1765	  3,5280000000e+03	  2,49296e-01	 -1,95008e-01
1766	  3,5300000000e+03	  2,48344e-01	 -1,95718e-01
1767	  3,5320000000e+03	  2,41475e-01	 -1,99151e-01
1768	  3,5340000000e+03	  2,40144e-01	 -2,05896e-01
1769	  3,5360000000e+03	  2,37124e-01	 -2,05652e-01
1770	  3,5380000000e+03	  2,36080e-01	 -2,12803e-01
1771	  3,5400000000e+03	  2,34002e-01	 -2,19017e-01
1772	  3,5420000000e+03	  2,32832e-01	 -2,22174e-01
1773	  3,5440000000e+03	  2,30136e-01	 -2,22885e-01
1774	  3,5460000000e+03	  2,28755e-01	 -2,27728e-01
1775	  3,5480000000e+03	  2,26616e-01	 -2,34857e-01
1776	  3,5500000000e+03	  2,26044e-01	 -2,36655e-01
1777	  3,5520000000e+03	  2,22432e-01	 -2,42661e-01
1778	  3,5540000000e+03	  2,20152e-01	 -2,52039e-01
1779	  3,5560000000e+03	  2,17788e-01	 -2,57435e-01
1780	  3,5580000000e+03	  2,11388e-01	 -2,58165e-01
1781	  3,5600000000e+03	  2,04498e-01	 -2,62846e-01
1782	  3,5620000000e+03	  1,99874e-01	 -2,69888e-01
1783	  3,5640000000e+03	  2,00197e-01	 -2,74205e-01
1784	  3,5660000000e+03	  1,94741e-01	 -2,75661e-01
1785	  3,5680000000e+03	  1,90620e-01	 -2,87618e-01
1786	  3,5700000000e+03	  1,87166e-01	 -2,93137e-01
1787	  3,5720000000e+03	  1,87580e-01	 -2,99878e-01
1788	  3,5740000000e+03	  1,79578e-01	 -3,04727e-01
1789	  3,5760000000e+03	  1,70409e-01	 -3,06780e-01
1790	  3,5780000000e+03	  1,66934e-01	 -3,07795e-01
1791	  3,5800000000e+03	  1,63442e-01	 -3,10191e-01
1792	  3,5820000000e+03	  1,54278e-01	 -3,15156e-01
1793	  3,5840000000e+03	  1,45691e-01	 -3,19569e-01
1794	  3,5860000000e+03	  1,44838e-01	 -3,19628e-01
1795	  3,5880000000e+03	  1,38420e-01	 -3,23764e-01
1796	  3,5900000000e+03	  1,34439e-01	 -3,23106e-01
1797	  3,5920000000e+03	  1,25538e-01	 -3,31502e-01
1798	  3,5940000000e+03	  1,16903e-01	 -3,35765e-01
1799	  3,5960000000e+03	  1,16459e-01	 -3,40629e-01
1800	  3,5980000000e+03	  1,11096e-01	 -3,40538e-01
1801	  3,6000000000e+03	  9,87154e-02	 -3,42248e-01
1802	  3,6020000000e+03	  9,24791e-02	 -3,39750e-01
1803	  3,6040000000e+03	  9,43251e-02	 -3,40607e-01
1804	  3,6060000000e+03	  8,42160e-02	 -3,39511e-01
1805	  3,6080000000e+03	  7,68991e-02	 -3,43971e-01
1806	  3,6100000000e+03	  7,07848e-02	 -3,44624e-01
1807	  3,6120000000e+03	  6,45551e-02	 -3,47626e-01
1808	  3,6140000000e+03	  5,94014e-02	 -3,48064e-01
1809	  3,6160000000e+03	  5,10525e-02	 -3,52639e-01
1810	  3,6180000000e+03	  4,40742e-02	 -3,51366e-01
1811	  3,6200000000e+03	  3,79372e-02	 -3,50507e-01
1812	  3,6220000000e+03	  3,07564e-02	 -3,46387e-01
1813	  3,6240000000e+03	  3,01620e-02	 -3,47558e-01
1814	  3,6260000000e+03	  2,29435e-02	 -3,47693e-01
1815	  3,6280000000e+03	  1,61645e-02	 -3,50373e-01
1816	  3,6300000000e+03	  1,36679e-02	 -3,51982e-01
1817	  3,6320000000e+03	  1,06324e-02	 -3,46509e-01
1818	  3,6340000000e+03	 -5,12795e-05	 -3,48083e-01
1819	  3,6360000000e+03	 -3,70562e-03	 -3,54121e-01
1820	  3,6380000000e+03	 -1,02633e-02	 -3,57953e-01
1821	  3,6400000000e+03	 -1,59942e-02	 -3,56204e-01
1822	  3,6420000000e+03	 -1,95295e-02	 -3,55053e-01
1823	  3,6440000000e+03	 -2,35223e-02	 -3,56684e-01
1824	  3,6460000000e+03	 -3,27831e-02	 -3,57997e-01
1825	  3,6480000000e+03	 -4,47700e-02	 -3,57451e-01
1826	  3,6500000000e+03	 -5,75381e-02	 -3,54581e-01
1827	  3,6520000000e+03	 -5,90807e-02	 -3,53814e-01
1828	  3,6540000000e+03	 -6,14288e-02	 -3,52189e-01
1829	  3,6560000000e+03	 -6,54722e-02	 -3,48992e-01
1830	  3,6580000000e+03	 -7,44636e-02	 -3,50170e-01
1831	  3,6600000000e+03	 -8,03583e-02	 -3,45760e-01
1832	  3,6620000000e+03	 -8,46865e-02	 -3,49080e-01
1833	  3,6640000000e+03	 -9,08233e-02	 -3,50550e-01
1834	  3,6660000000e+03	 -1,00020e-01	 -3,46388e-01
1835	  3,6680000000e+03	 -1,00185e-01	 -3,41091e-01
1836	  3,6700000000e+03	 -1,07553e-01	 -3,43852e-01
1837	  3,6720000000e+03	 -1,19923e-01	 -3,40599e-01
1838	  3,6740000000e+03	 -1,26167e-01	 -3,38339e-01
1839	  3,6760000000e+03	 -1,30285e-01	 -3,39086e-01
1840	  3,6780000000e+03	 -1,33599e-01	 -3,35352e-01
1841	  3,6800000000e+03	 -1,40232e-01	 -3,38532e-01
1842	  3,6820000000e+03	 -1,45615e-01	 -3,32281e-01
1843	  3,6840000000e+03	 -1,50754e-01	 -3,24522e-01
1844	  3,6860000000e+03	 -1,58368e-01	 -3,22741e-01
1845	  3,6880000000e+03	 -1,65570e-01	 -3,17874e-01
1846	  3,6900000000e+03	 -1,69559e-01	 -3,09199e-01
1847	  3,6920000000e+03	 -1,69916e-01	 -3,13593e-01
1848	  3,6940000000e+03	 -1,79768e-01	 -3,14193e-01
1849	  3,6960000000e+03	 -1,86584e-01	 -3,02298e-01
1850	  3,6980000000e+03	 -1,85419e-01	 -2,95870e-01
1851	  3,7000000000e+03	 -1,90777e-01	 -2,96786e-01
1852	  3,7020000000e+03	 -1,98362e-01	 -2,95581e-01
1853	  3,7040000000e+03	 -2,04219e-01	 -2,96156e-01
1854	  3,7060000000e+03	 -2,06541e-01	 -2,89711e-01
1855	  3,7080000000e+03	 -2,12605e-01	 -2,84426e-01
1856	  3,7100000000e+03	 -2,23951e-01	 -2,83371e-01
1857	  3,7120000000e+03	 -2,31928e-01	 -2,73770e-01
1858	  3,7140000000e+03	 -2,35228e-01	 -2,68069e-01
1859	  3,7160000000e+03	 -2,36571e-01	 -2,67398e-01
1860	  3,7180000000e+03	 -2,42534e-01	 -2,68015e-01
1861	  3,7200000000e+03	 -2,50374e-01	 -2,62589e-01
1862	  3,7220000000e+03	 -2,49234e-01	 -2,55214e-01
1863	  3,7240000000e+03	 -2,55614e-01	 -2,44397e-01
1864	  3,7260000000e+03	 -2,61789e-01	 -2,44534e-01
1865	  3,7280000000e+03	 -2,66046e-01	 -2,41075e-01
1866	  3,7300000000e+03	 -2,70871e-01	 -2,37395e-01
1867	  3,7320000000e+03	 -2,70694e-01	 -2,27723e-01
1868	  3,7340000000e+03	 -2,76392e-01	 -2,23193e-01
1869	  3,7360000000e+03	 -2,84348e-01	 -2,18197e-01
1870	  3,7380000000e+03	 -2,87353e-01	 -2,14059e-01
1871	  3,7400000000e+03	 -2,89930e-01	 -2,07190e-01
1872	  3,7420000000e+03	 -2,93574e-01	 -2,05876e-01
1873	  3,7440000000e+03	 -2,93181e-01	 -1,97299e-01
1874	  3,7460000000e+03	 -2,94130e-01	 -1,90684e-01
1875	  3,7480000000e+03	 -2,97278e-01	 -1,81736e-01
1876	  3,7500000000e+03	 -3,00938e-01	 -1,69846e-01
1877	  3,7520000000e+03	 -3,07727e-01	 -1,63360e-01
1878	  3,7540000000e+03	 -3,06368e-01	 -1,60823e-01
1879	  3,7560000000e+03	 -3,07364e-01	 -1,53658e-01
1880	  3,7580000000e+03	 -3,10104e-01	 -1,43733e-01
1881	  3,7600000000e+03	 -3,08913e-01	 -1,40730e-01
1882	  3,7620000000e+03	 -3,08816e-01	 -1,37186e-01
1883	  3,7640000000e+03	 -3,11630e-01	 -1,27868e-01
1884	  3,7660000000e+03	 -3,07568e-01	 -1,20184e-01
1885	  3,7680000000e+03	 -3,08708e-01	 -1,18675e-01
1886	  3,7700000000e+03	 -3,11924e-01	 -1,07101e-01
1887	  3,7720000000e+03	 -3,08146e-01	 -1,02551e-01
1888	  3,7740000000e+03	 -3,09658e-01	 -1,01113e-01
1889	  3,7760000000e+03	 -3,09107e-01	 -9,71980e-02
1890	  3,7780000000e+03	 -3,08413e-01	 -9,04123e-02
1891	  3,7800000000e+03	 -3,11918e-01	 -8,61284e-02
1892	  3,7820000000e+03	 -3,09885e-01	 -8,37727e-02
1893	  3,7840000000e+03	 -3,12435e-01	 -7,74872e-02
1894	  3,7860000000e+03	 -3,07876e-01	 -7,22141e-02
1895	  3,7880000000e+03	 -3,11732e-01	 -7,32172e-02
1896	  3,7900000000e+03	 -3,12338e-01	 -7,14697e-02
1897	  3,7920000000e+03	 -3,09002e-01	 -6,65635e-02
1898	  3,7940000000e+03	 -3,09180e-01	 -6,13926e-02
1899	  3,7960000000e+03	 -3,11482e-01	 -4,88345e-02
1900	  3,7980000000e+03	 -3,12946e-01	 -4,95397e-02
1901	  3,8000000000e+03	 -3,10239e-01	 -4,90729e-02
1902	  3,8020000000e+03	 -3,10806e-01	 -4,19400e-02
1903	  3,8040000000e+03	 -3,10859e-01	 -3,79097e-02
1904	  3,8060000000e+03	 -3,07573e-01	 -3,71801e-02
1905	  3,8080000000e+03	 -3,08138e-01	 -3,40668e-02
1906	  3,8100000000e+03	 -3,10610e-01	 -3,15270e-02
1907	  3,8120000000e+03	 -3,10193e-01	 -2,94019e-02
1908	  3,8140000000e+03	 -3,15264e-01	 -2,39217e-02
1909	  3,8160000000e+03	 -3,14743e-01	 -1,48499e-02
1910	  3,8180000000e+03	 -3,17811e-01	 -1,21821e-02
1911	  3,8200000000e+03	 -3,20745e-01	 -9,04574e-03
1912	  3,8220000000e+03	 -3,19073e-01	 -1,25817e-04
1913	  3,8240000000e+03	 -3,15346e-01	  4,80805e-03
1914	  3,8260000000e+03	 -3,16700e-01	  7,53965e-03
1915	  3,8280000000e+03	 -3,22966e-01	  8,12723e-03
1916	  3,8300000000e+03	 -3,25549e-01	  1,16071e-02
1917	  3,8320000000e+03	 -3,22134e-01	  1,95548e-02
1918	  3,8340000000e+03	 -3,18744e-01	  2,48163e-02
1919	  3,8360000000e+03	 -3,17894e-01	  3,23811e-02
1920	  3,8380000000e+03	 -3,17681e-01	  4,26751e-02
1921	  3,8400000000e+03	 -3,21524e-01	  4,63705e-02
1922	  3,8420000000e+03	 -3,20338e-01	  4,68496e-02
1923	  3,8440000000e+03	 -3,13491e-01	  5,70078e-02
1924	  3,8460000000e+03	 -3,15990e-01	  6,34371e-02
1925	  3,8480000000e+03	 -3,21459e-01	  6,83368e-02
1926	  3,8500000000e+03	 -3,19222e-01	  7,25823e-02
1927	  3,8520000000e+03	 -3,12573e-01	  7,33652e-02
1928	  3,8540000000e+03	 -3,09208e-01	  8,00664e-02
1929	  3,8560000000e+03	 -3,04536e-01	  8,29580e-02
1930	  3,8580000000e+03	 -3,04968e-01	  8,95539e-02
1931	  3,8600000000e+03	 -3,09346e-01	  9,35799e-02
1932	  3,8620000000e+03	 -3,07230e-01	  9,55223e-02
1933	  3,8640000000e+03	 -3,05059e-01	  1,07947e-01
1934	  3,8660000000e+03	 -3,06371e-01	  1,16798e-01
1935	  3,8680000000e+03	 -3,05688e-01	  1,23309e-01
1936	  3,8700000000e+03	 -2,96045e-01	  1,28206e-01
1937	  3,8720000000e+03	 -2,92613e-01	  1,31540e-01
1938	  3,8740000000e+03	 -2,91095e-01	  1,37661e-01
1939	  3,8760000000e+03	 -2,87979e-01	  1,43846e-01
1940	  3,8780000000e+03	 -2,80508e-01	  1,44134e-01
1941	  3,8800000000e+03	 -2,78644e-01	  1,48687e-01
1942	  3,8820000000e+03	 -2,80238e-01	  1,56070e-01
1943	  3,8840000000e+03	 -2,77282e-01	  1,64029e-01
1944	  3,8860000000e+03	 -2,74931e-01	  1,66713e-01
1945	  3,8880000000e+03	 -2,65919e-01	  1,71187e-01
1946	  3,8900000000e+03	 -2,61028e-01	  1,73157e-01
1947	  3,8920000000e+03	 -2,53885e-01	  1,76154e-01
1948	  3,8940000000e+03	 -2,50072e-01	  1,79116e-01
1949	  3,8960000000e+03	 -2,47498e-01	  1,77881e-01
1950	  3,8980000000e+03	 -2,47137e-01	  1,84831e-01
1951	  3,9000000000e+03	 -2,39612e-01	  1,91223e-01
1952	  3,9020000000e+03	 -2,35948e-01	  1,96379e-01
1953	  3,9040000000e+03	 -2,35912e-01	  1,96756e-01
1954	  3,9060000000e+03	 -2,28687e-01	  1,97600e-01
1955	  3,9080000000e+03	 -2,26043e-01	  2,03083e-01
1956	  3,9100000000e+03	 -2,20688e-01	  2,02507e-01
1957	  3,9120000000e+03	 -2,16391e-01	  2,05153e-01
1958	  3,9140000000e+03	 -2,09474e-01	  2,06571e-01
1959	  3,9160000000e+03	 -2,05044e-01	  2,08500e-01
1960	  3,9180000000e+03	 -2,02859e-01	  2,03685e-01
1961	  3,9200000000e+03	 -1,93507e-01	  2,05242e-01
1962	  3,9220000000e+03	 -1,90935e-01	  2,06259e-01
1963	  3,9240000000e+03	 -1,95548e-01	  2,09633e-01
1964	  3,9260000000e+03	 -1,93709e-01	  2,08593e-01
1965	  3,9280000000e+03	 -1,91941e-01	  2,13048e-01
1966	  3,9300000000e+03	 -1,86281e-01	  2,13829e-01
1967	  3,9320000000e+03	 -1,83854e-01	  2,17872e-01
1968	  3,9340000000e+03	 -1,80183e-01	  2,18427e-01
1969	  3,9360000000e+03	 -1,80264e-01	  2,21877e-01
1970	  3,9380000000e+03	 -1,81233e-01	  2,23470e-01
1971	  3,9400000000e+03	 -1,80201e-01	  2,28254e-01
1972	  3,9420000000e+03	 -1,75475e-01	  2,31932e-01
1973	  3,9440000000e+03	 -1,73111e-01	  2,33449e-01
1974	  3,9460000000e+03	 -1,70225e-01	  2,39485e-01
1975	  3,9480000000e+03	 -1,65640e-01	  2,38477e-01
1976	  3,9500000000e+03	 -1,67841e-01	  2,41844e-01
1977	  3,9520000000e+03	 -1,64273e-01	  2,44536e-01
1978	  3,9540000000e+03	 -1,58790e-01	  2,42662e-01
1979	  3,9560000000e+03	 -1,55589e-01	  2,41473e-01
1980	  3,9580000000e+03	 -1,55052e-01	  2,42994e-01
1981	  3,9600000000e+03	 -1,56115e-01	  2,52688e-01
1982	  3,9620000000e+03	 -1,48491e-01	  2,57859e-01
1983	  3,9640000000e+03	 -1,41851e-01	  2,55072e-01
1984	  3,9660000000e+03	 -1,40174e-01	  2,60533e-01
1985	  3,9680000000e+03	 -1,38282e-01	  2,63382e-01
1986	  3,9700000000e+03	 -1,34370e-01	  2,69312e-01
1987	  3,9720000000e+03	 -1,29090e-01	  2,77364e-01
1988	  3,9740000000e+03	 -1,23105e-01	  2,80998e-01
1989	  3,9760000000e+03	 -1,16124e-01	  2,84984e-01
1990	  3,9780000000e+03	 -1,16120e-01	  2,84516e-01
1991	  3,9800000000e+03	 -1,14687e-01	  2,87572e-01
1992	  3,9820000000e+03	 -1,10166e-01	  2,83175e-01
1993	  3,9840000000e+03	 -9,94481e-02	  2,86790e-01
1994	  3,9860000000e+03	 -9,04980e-02	  2,90406e-01
1995	  3,9880000000e+03	 -8,85903e-02	  2,92756e-01
1996	  3,9900000000e+03	 -8,60443e-02	  2,97618e-01
1997	  3,9920000000e+03	 -7,67663e-02	  3,04460e-01
1998	  3,9940000000e+03	 -6,82280e-02	  3,04267e-01
1999	  3,9960000000e+03	 -6,13208e-02	  3,03436e-01
2000	  3,9980000000e+03	 -5,50496e-02	  2,98612e-01
2001	  4,0000000000e+03	 -5,06819e-02	  2,96240e-01
2002	  4,0020000000e+03	 -5,11016e-02	  2,96392e-01
2003	  4,0040000000e+03	 -4,27801e-02	  3,01408e-01
2004	  4,0060000000e+03	 -4,11415e-02	  3,06145e-01
2005	  4,0080000000e+03	 -3,34120e-02	  3,01574e-01
2006	  4,0100000000e+03	 -2,30323e-02	  3,02362e-01
2007	  4,0120000000e+03	 -2,03195e-02	  3,02619e-01
2008	  4,0140000000e+03	 -1,60199e-02	  3,00561e-01
2009	  4,0160000000e+03	 -1,14915e-02	  3,00033e-01
2010	  4,0180000000e+03	 -5,45326e-03	  3,02441e-01
2011	  4,0200000000e+03	  1,90657e-03	  2,97674e-01
2012	  4,0220000000e+03	  5,08370e-03	  2,95316e-01
2013	  4,0240000000e+03	  8,11910e-03	  2,95910e-01
2014	  4,0260000000e+03	  1,25821e-02	  2,95592e-01
2015	  4,0280000000e+03	  1,94023e-02	  2,93915e-01
2016	  4,0300000000e+03	  2,50588e-02	  2,91373e-01
2017	  4,0320000000e+03	  2,72041e-02	  2,92667e-01
2018	  4,0340000000e+03	  2,99040e-02	  2,92247e-01
2019	  4,0360000000e+03	  3,32972e-02	  2,93144e-01
2020	  4,0380000000e+03	  3,74287e-02	  2,90544e-01
2021	  4,0400000000e+03	  4,21654e-02	  2,88293e-01
2022	  4,0420000000e+03	  4,71324e-02	  2,81721e-01
2023	  4,0440000000e+03	  5,04651e-02	  2,79560e-01
2024	  4,0460000000e+03	  5,63792e-02	  2,83545e-01
2025	  4,0480000000e+03	  5,47795e-02	  2,79852e-01
2026	  4,0500000000e+03	  5,85399e-02	  2,76417e-01
2027	  4,0520000000e+03	  5,85391e-02	  2,77565e-01
2028	  4,0540000000e+03	  6,08195e-02	  2,75183e-01
2029	  4,0560000000e+03	  6,88896e-02	  2,80046e-01
2030	  4,0580000000e+03	  7,40114e-02	  2,77523e-01
2031	  4,0600000000e+03	  7,26052e-02	  2,76594e-01
2032	  4,0620000000e+03	  7,96213e-02	  2,76564e-01
2033	  4,0640000000e+03	  9,15782e-02	  2,79538e-01
2034	  4,0660000000e+03	  9,04061e-02	  2,76837e-01
2035	  4,0680000000e+03	  9,10076e-02	  2,78064e-01
2036	  4,0700000000e+03	  9,80073e-02	  2,75090e-01
2037	  4,0720000000e+03	  1,04468e-01	  2,76077e-01
2038	  4,0740000000e+03	  1,08421e-01	  2,70815e-01
2039	  4,0760000000e+03	  1,11986e-01	  2,67726e-01
2040	  4,0780000000e+03	  1,19612e-01	  2,70325e-01
2041	  4,0800000000e+03	  1,21610e-01	  2,65249e-01
2042	  4,0820000000e+03	  1,26684e-01	  2,67589e-01
2043	  4,0840000000e+03	  1,29282e-01	  2,69288e-01
2044	  4,0860000000e+03	  1,35798e-01	  2,65027e-01
2045	  4,0880000000e+03	  1,43575e-01	  2,59103e-01
2046	  4,0900000000e+03	  1,45293e-01	  2,52869e-01
2047	  4,0920000000e+03	  1,45775e-01	  2,54359e-01
2048	  4,0940000000e+03	  1,57006e-01	  2,52559e-01
2049	  4,0960000000e+03	  1,62608e-01	  2,53647e-01
2050	  4,0980000000e+03	  1,59788e-01	  2,48929e-01
2051	  4,1000000000e+03	  1,65677e-01	  2,44184e-01
2052	  4,1020000000e+03	  1,69068e-01	  2,42830e-01
2053	  4,1040000000e+03	  1,71442e-01	  2,40570e-01
2054	  4,1060000000e+03	  1,79217e-01	  2,37174e-01
2055	  4,1080000000e+03	  1,85382e-01	  2,35847e-01
2056	  4,1100000000e+03	  1,90966e-01	  2,36473e-01
2057	  4,1120000000e+03	  1,96248e-01	  2,32238e-01
2058	  4,1140000000e+03	  1,99501e-01	  2,29163e-01
2059	  4,1160000000e+03	  2,06599e-01	  2,27324e-01
2060	  4,1180000000e+03	  2,13372e-01	  2,21603e-01
2061	  4,1200000000e+03	  2,17568e-01	  2,15685e-01
2062	  4,1220000000e+03	  2,20718e-01	  2,08254e-01
2063	  4,1240000000e+03	  2,24487e-01	  2,08489e-01
2064	  4,1260000000e+03	  2,27646e-01	  2,00964e-01
2065	  4,1280000000e+03	  2,25181e-01	  1,97843e-01
2066	  4,1300000000e+03	  2,33877e-01	  1,95596e-01
2067	  4,1320000000e+03	  2,37098e-01	  1,87739e-01
2068	  4,1340000000e+03	  2,42218e-01	  1,83819e-01
2069	  4,1360000000e+03	  2,46772e-01	  1,81182e-01
2070	  4,1380000000e+03	  2,50436e-01	  1,76783e-01
2071	  4,1400000000e+03	  2,50987e-01	  1,73495e-01
2072	  4,1420000000e+03	  2,53761e-01	  1,68229e-01
2073	  4,1440000000e+03	  2,53722e-01	  1,62283e-01
2074	  4,1460000000e+03	  2,57102e-01	  1,56354e-01
2075	  4,1480000000e+03	  2,60959e-01	  1,46563e-01
2076	  4,1500000000e+03	  2,64799e-01	  1,40950e-01
2077	  4,1520000000e+03	  2,68877e-01	  1,34477e-01
2078	  4,1540000000e+03	  2,68060e-01	  1,25005e-01
2079	  4,1560000000e+03	  2,67642e-01	  1,23855e-01
2080	  4,1580000000e+03	  2,73148e-01	  1,18188e-01
2081	  4,1600000000e+03	  2,74910e-01	  1,12372e-01
2082	  4,1620000000e+03	  2,70122e-01	  1,08907e-01
2083	  4,1640000000e+03	  2,70572e-01	  9,91157e-02
2084	  4,1660000000e+03	  2,75093e-01	  8,90678e-02
2085	  4,1680000000e+03	  2,78840e-01	  8,61672e-02
2086	  4,1700000000e+03	  2,75713e-01	  7,84378e-02
2087	  4,1720000000e+03	  2,76852e-01	  7,48901e-02
2088	  4,1740000000e+03	  2,78897e-01	  7,19708e-02
2089	  4,1760000000e+03	  2,77209e-01	  6,38092e-02
2090	  4,1780000000e+03	  2,76644e-01	  6,01936e-02
2091	  4,1800000000e+03	  2,79933e-01	  5,57491e-02
2092	  4,1820000000e+03	  2,75929e-01	  5,11494e-02
2093	  4,1840000000e+03	  2,77548e-01	  4,46230e-02
2094	  4,1860000000e+03	  2,76931e-01	  4,40327e-02
2095	  4,1880000000e+03	  2,72223e-01	  4,04712e-02
2096	  4,1900000000e+03	  2,70453e-01	  2,97956e-02
2097	  4,1920000000e+03	  2,70171e-01	  2,41597e-02
2098	  4,1940000000e+03	  2,70271e-01	  2,16486e-02
2099	  4,1960000000e+03	  2,69058e-01	  1,38215e-02
2100	  4,1980000000e+03	  2,64653e-01	  8,97165e-03
2101	  4,2000000000e+03	  2,65679e-01	  1,01247e-02
2102	  4,2020000000e+03	  2,68790e-01	  1,92371e-03
2103	  4,2040000000e+03	  2,67863e-01	 -4,48801e-03
2104	  4,2060000000e+03	  2,71860e-01	 -7,13975e-03
2105	  4,2080000000e+03	  2,67389e-01	 -1,09539e-02
2106	  4,2100000000e+03	  2,60000e-01	 -1,64731e-02
2107	  4,2120000000e+03	  2,57109e-01	 -2,04351e-02
2108	  4,2140000000e+03	  2,57524e-01	 -2,67674e-02
2109	  4,2160000000e+03	  2,58252e-01	 -2,92187e-02
2110	  4,2180000000e+03	  2,51673e-01	 -2,91119e-02
2111	  4,2200000000e+03	  2,46983e-01	 -3,63464e-02
2112	  4,2220000000e+03	  2,47627e-01	 -3,87578e-02
2113	  4,2240000000e+03	  2,49304e-01	 -3,89247e-02
2114	  4,2260000000e+03	  2,50168e-01	 -4,39011e-02
2115	  4,2280000000e+03	  2,50878e-01	 -4,83878e-02
2116	  4,2300000000e+03	  2,47516e-01	 -5,41206e-02
2117	  4,2320000000e+03	  2,43076e-01	 -6,08149e-02
2118	  4,2340000000e+03	  2,40909e-01	 -6,22113e-02
2119	  4,2360000000e+03	  2,36140e-01	 -6,26814e-02
2120	  4,2380000000e+03	  2,36754e-01	 -6,84233e-02
2121	  4,2400000000e+03	  2,34404e-01	 -6,85099e-02
2122	  4,2420000000e+03	  2,35944e-01	 -7,07392e-02
2123	  4,2440000000e+03	  2,33292e-01	 -7,40851e-02
2124	  4,2460000000e+03	  2,32685e-01	 -7,89410e-02
2125	  4,2480000000e+03	  2,27577e-01	 -8,55273e-02
2126	  4,2500000000e+03	  2,23153e-01	 -8,62338e-02
2127	  4,2520000000e+03	  2,25020e-01	 -9,13482e-02
2128	  4,2540000000e+03	  2,20947e-01	 -9,21401e-02
2129	  4,2560000000e+03	  2,17620e-01	 -9,21776e-02
2130	  4,2580000000e+03	  2,16753e-01	 -9,35072e-02
2131	  4,2600000000e+03	  2,17110e-01	 -9,59668e-02
2132	  4,2620000000e+03	  2,09049e-01	 -9,77037e-02
2133	  4,2640000000e+03	  2,05213e-01	 -1,01211e-01
2134	  4,2660000000e+03	  2,05041e-01	 -1,04838e-01
2135	  4,2680000000e+03	  2,05140e-01	 -1,09119e-01
2136	  4,2700000000e+03	  2,02305e-01	 -1,10818e-01
2137	  4,2720000000e+03	  2,00224e-01	 -1,10721e-01
2138	  4,2740000000e+03	  1,99312e-01	 -1,11466e-01
2139	  4,2760000000e+03	  1,94886e-01	 -1,18110e-01
2140	  4,2780000000e+03	  1,91208e-01	 -1,22810e-01
2141	  4,2800000000e+03	  1,87991e-01	 -1,26695e-01
2142	  4,2820000000e+03	  1,78114e-01	 -1,29947e-01
2143	  4,2840000000e+03	  1,76939e-01	 -1,29786e-01
2144	  4,2860000000e+03	  1,76625e-01	 -1,24942e-01
2145	  4,2880000000e+03	  1,74622e-01	 -1,31669e-01
2146	  4,2900000000e+03	  1,71064e-01	 -1,35966e-01
2147	  4,2920000000e+03	  1,73313e-01	 -1,39680e-01
2148	  4,2940000000e+03	  1,68227e-01	 -1,38659e-01
2149	  4,2960000000e+03	  1,58457e-01	 -1,38041e-01
2150	  4,2980000000e+03	  1,62256e-01	 -1,38096e-01
2151	  4,3000000000e+03	  1,61582e-01	 -1,41644e-01
2152	  4,3020000000e+03	  1,56675e-01	 -1,45063e-01
2153	  4,3040000000e+03	  1,53758e-01	 -1,44446e-01
2154	  4,3060000000e+03	  1,53331e-01	 -1,45198e-01
2155	  4,3080000000e+03	  1,49323e-01	 -1,46796e-01
2156	  4,3100000000e+03	  1,42756e-01	 -1,48120e-01
2157	  4,3120000000e+03	  1,40114e-01	 -1,47941e-01
2158	  4,3140000000e+03	  1,36574e-01	 -1,47032e-01
2159	  4,3160000000e+03	  1,35462e-01	 -1,48504e-01
2160	  4,3180000000e+03	  1,34561e-01	 -1,50919e-01
2161	  4,3200000000e+03	  1,28842e-01	 -1,51145e-01
2162	  4,3220000000e+03	  1,33027e-01	 -1,50788e-01
2163	  4,3240000000e+03	  1,26120e-01	 -1,53659e-01
2164	  4,3260000000e+03	  1,25379e-01	 -1,54908e-01
2165	  4,3280000000e+03	  1,25786e-01	 -1,48558e-01
2166	  4,3300000000e+03	  1,24125e-01	 -1,48300e-01
2167	  4,3320000000e+03	  1,23710e-01	 -1,52773e-01
2168	  4,3340000000e+03	  1,20971e-01	 -1,52347e-01
2169	  4,3360000000e+03	  1,17633e-01	 -1,54445e-01
2170	  4,3380000000e+03	  1,15022e-01	 -1,58474e-01
2171	  4,3400000000e+03	  1,11856e-01	 -1,55955e-01
2172	  4,3420000000e+03	  1,11306e-01	 -1,61305e-01
2173	  4,3440000000e+03	  1,15602e-01	 -1,59255e-01
2174	  4,3460000000e+03	  1,14164e-01	 -1,57421e-01
2175	  4,3480000000e+03	  1,08196e-01	 -1,59211e-01
2176	  4,3500000000e+03	  1,02835e-01	 -1,61038e-01
2177	  4,3520000000e+03	  1,05167e-01	 -1,65004e-01
2178	  4,3540000000e+03	  1,01745e-01	 -1,66431e-01
2179	  4,3560000000e+03	  9,89326e-02	 -1,64203e-01
2180	  4,3580000000e+03	  9,39144e-02	 -1,65483e-01
2181	  4,3600000000e+03	  9,85886e-02	 -1,64659e-01
2182	  4,3620000000e+03	  9,82374e-02	 -1,66806e-01
2183	  4,3640000000e+03	  1,01528e-01	 -1,70666e-01
2184	  4,3660000000e+03	  9,87423e-02	 -1,71912e-01
2185	  4,3680000000e+03	  9,22884e-02	 -1,72564e-01
2186	  4,3700000000e+03	  8,65800e-02	 -1,74417e-01
2187	  4,3720000000e+03	  8,70926e-02	 -1,80026e-01
2188	  4,3740000000e+03	  8,94795e-02	 -1,76530e-01
2189	  4,3760000000e+03	  8,55200e-02	 -1,76957e-01
2190	  4,3780000000e+03	  8,31878e-02	 -1,78153e-01
2191	  4,3800000000e+03	  7,84808e-02	 -1,83093e-01
2192	  4,3820000000e+03	  7,71230e-02	 -1,85200e-01
2193	  4,3840000000e+03	  7,44302e-02	 -1,85779e-01
2194	  4,3860000000e+03	  7,28306e-02	 -1,86420e-01
2195	  4,3880000000e+03	  7,26184e-02	 -1,89160e-01
2196	  4,3900000000e+03	  6,92965e-02	 -1,95931e-01
2197	  4,3920000000e+03	  6,49395e-02	 -1,97483e-01
2198	  4,3940000000e+03	  5,95446e-02	 -1,94953e-01
2199	  4,3960000000e+03	  5,88791e-02	 -1,99321e-01
2200	  4,3980000000e+03	  5,68339e-02	 -2,02038e-01
2201	  4,4000000000e+03	  5,36322e-02	 -2,00761e-01
2202	  4,4020000000e+03	  5,02796e-02	 -1,99228e-01
2203	  4,4040000000e+03	  4,98945e-02	 -2,00119e-01
2204	  4,4060000000e+03	  4,64746e-02	 -2,03825e-01
2205	  4,4080000000e+03	  4,28916e-02	 -2,07662e-01
2206	  4,4100000000e+03	  3,72002e-02	 -2,06661e-01
2207	  4,4120000000e+03	  2,96167e-02	 -2,03509e-01
2208	  4,4140000000e+03	  3,20594e-02	 -2,05855e-01
2209	  4,4160000000e+03	  2,81590e-02	 -2,05281e-01
2210	  4,4180000000e+03	  3,14774e-02	 -2,06868e-01
2211	  4,4200000000e+03	  2,57695e-02	 -2,06101e-01
2212	  4,4220000000e+03	  1,36054e-02	 -2,04815e-01
2213	  4,4240000000e+03	  7,96692e-03	 -2,04731e-01
2214	  4,4260000000e+03	  6,50436e-03	 -2,03913e-01
2215	  4,4280000000e+03	  4,71552e-03	 -2,03992e-01
2216	  4,4300000000e+03	  1,61323e-03	 -2,03561e-01
2217	  4,4320000000e+03	  1,54612e-04	 -2,03539e-01
2218	  4,4340000000e+03	  1,42396e-04	 -2,02571e-01
2219	  4,4360000000e+03	 -4,34842e-03	 -2,04217e-01
2220	  4,4380000000e+03	 -6,65145e-03	 -2,02585e-01
2221	  4,4400000000e+03	 -1,02690e-02	 -1,98952e-01
2222	  4,4420000000e+03	 -1,69454e-02	 -2,03315e-01
2223	  4,4440000000e+03	 -2,01632e-02	 -2,05921e-01
2224	  4,4460000000e+03	 -2,24856e-02	 -2,01555e-01
2225	  4,4480000000e+03	 -2,62336e-02	 -1,98351e-01
2226	  4,4500000000e+03	 -2,79035e-02	 -1,97192e-01
2227	  4,4520000000e+03	 -2,97361e-02	 -2,03156e-01
2228	  4,4540000000e+03	 -3,35382e-02	 -1,98499e-01
2229	  4,4560000000e+03	 -3,82621e-02	 -2,00283e-01
2230	  4,4580000000e+03	 -3,98486e-02	 -1,97174e-01
2231	  4,4600000000e+03	 -4,19087e-02	 -2,03877e-01
2232	  4,4620000000e+03	 -4,74476e-02	 -2,00291e-01
2233	  4,4640000000e+03	 -5,09133e-02	 -1,96712e-01
2234	  4,4660000000e+03	 -5,30493e-02	 -1,95924e-01
2235	  4,4680000000e+03	 -5,78136e-02	 -1,98114e-01
2236	  4,4700000000e+03	 -6,29698e-02	 -1,94705e-01
2237	  4,4720000000e+03	 -6,78952e-02	 -1,94312e-01
2238	  4,4740000000e+03	 -7,24225e-02	 -1,91987e-01
2239	  4,4760000000e+03	 -7,81104e-02	 -1,90637e-01
2240	  4,4780000000e+03	 -7,91958e-02	 -1,92765e-01
2241	  4,4800000000e+03	 -7,81791e-02	 -1,91851e-01
2242	  4,4820000000e+03	 -8,19309e-02	 -1,89470e-01
2243	  4,4840000000e+03	 -8,95227e-02	 -1,86432e-01
2244	  4,4860000000e+03	 -9,33092e-02	 -1,81910e-01
2245	  4,4880000000e+03	 -9,53813e-02	 -1,82607e-01
2246	  4,4900000000e+03	 -9,16733e-02	 -1,83829e-01
2247	  4,4920000000e+03	 -9,62454e-02	 -1,80493e-01
2248	  4,4940000000e+03	 -9,80563e-02	 -1,77349e-01
2249	  4,4960000000e+03	 -9,75595e-02	 -1,73869e-01
2250	  4,4980000000e+03	 -1,01885e-01	 -1,73805e-01
2251	  4,5000000000e+03	 -1,01629e-01	 -1,74894e-01
2252	  4,5020000000e+03	 -1,06278e-01	 -1,73884e-01
2253	  4,5040000000e+03	 -1,14586e-01	 -1,70546e-01
2254	  4,5060000000e+03	 -1,19632e-01	 -1,64616e-01
2255	  4,5080000000e+03	 -1,23434e-01	 -1,60614e-01
2256	  4,5100000000e+03	 -1,25433e-01	 -1,53399e-01
2257	  4,5120000000e+03	 -1,26204e-01	 -1,53132e-01
2258	  4,5140000000e+03	 -1,27262e-01	 -1,55894e-01
2259	  4,5160000000e+03	 -1,29688e-01	 -1,51787e-01
2260	  4,5180000000e+03	 -1,30748e-01	 -1,49347e-01
2261	  4,5200000000e+03	 -1,33910e-01	 -1,45517e-01
2262	  4,5220000000e+03	 -1,34193e-01	 -1,39186e-01
2263	  4,5240000000e+03	 -1,38678e-01	 -1,34922e-01
2264	  4,5260000000e+03	 -1,43481e-01	 -1,33922e-01
2265	  4,5280000000e+03	 -1,44374e-01	 -1,28485e-01
2266	  4,5300000000e+03	 -1,44005e-01	 -1,28470e-01
2267	  4,5320000000e+03	 -1,41548e-01	 -1,29701e-01
2268	  4,5340000000e+03	 -1,45689e-01	 -1,26166e-01
2269	  4,5360000000e+03	 -1,45570e-01	 -1,24271e-01
2270	  4,5380000000e+03	 -1,47450e-01	 -1,17376e-01
2271	  4,5400000000e+03	 -1,47791e-01	 -1,16364e-01
2272	  4,5420000000e+03	 -1,52805e-01	 -1,14832e-01
2273	  4,5440000000e+03	 -1,56448e-01	 -1,11995e-01
2274	  4,5460000000e+03	 -1,55655e-01	 -1,08383e-01
2275	  4,5480000000e+03	 -1,57645e-01	 -1,05912e-01
2276	  4,5500000000e+03	 -1,54979e-01	 -1,08664e-01
2277	  4,5520000000e+03	 -1,53643e-01	 -1,05366e-01
2278	  4,5540000000e+03	 -1,59054e-01	 -1,00175e-01
2279	  4,5560000000e+03	 -1,59161e-01	 -9,44737e-02
2280	  4,5580000000e+03	 -1,60838e-01	 -9,72012e-02
2281	  4,5600000000e+03	 -1,57781e-01	 -9,47867e-02
2282	  4,5620000000e+03	 -1,58967e-01	 -9,21647e-02
2283	  4,5640000000e+03	 -1,61578e-01	 -9,22237e-02
2284	  4,5660000000e+03	 -1,62795e-01	 -8,34615e-02
2285	  4,5680000000e+03	 -1,66348e-01	 -8,25702e-02
2286	  4,5700000000e+03	 -1,60885e-01	 -7,98175e-02
2287	  4,5720000000e+03	 -1,62688e-01	 -7,82378e-02
2288	  4,5740000000e+03	 -1,64428e-01	 -7,35347e-02
2289	  4,5760000000e+03	 -1,64472e-01	 -7,30412e-02
2290	  4,5780000000e+03	 -1,65512e-01	 -6,88745e-02
2291	  4,5800000000e+03	 -1,71352e-01	 -6,39564e-02
2292	  4,5820000000e+03	 -1,70866e-01	 -6,51253e-02
2293	  4,5840000000e+03	 -1,67107e-01	 -6,45970e-02
2294	  4,5860000000e+03	 -1,69478e-01	 -6,08328e-02
2295	  4,5880000000e+03	 -1,70782e-01	 -5,68522e-02
2296	  4,5900000000e+03	 -1,71707e-01	 -5,03444e-02
2297	  4,5920000000e+03	 -1,71722e-01	 -5,02517e-02
2298	  4,5940000000e+03	 -1,70258e-01	 -4,71845e-02
2299	  4,5960000000e+03	 -1,70360e-01	 -4,44866e-02
2300	  4,5980000000e+03	 -1,71495e-01	 -4,09235e-02
2301	  4,6000000000e+03	 -1,71211e-01	 -4,06291e-02
2302	  4,6020000000e+03	 -1,70099e-01	 -3,63882e-02
2303	  4,6040000000e+03	 -1,73122e-01	 -3,25800e-02
2304	  4,6060000000e+03	 -1,68461e-01	 -2,74133e-02
2305	  4,6080000000e+03	 -1,66488e-01	 -2,49241e-02
2306	  4,6100000000e+03	 -1,68463e-01	 -2,60572e-02
2307	  4,6120000000e+03	 -1,68163e-01	 -2,10791e-02
2308	  4,6140000000e+03	 -1,72399e-01	 -1,88189e-02
2309	  4,6160000000e+03	 -1,69901e-01	 -1,23311e-02
2310	  4,6180000000e+03	 -1,68470e-01	 -1,02189e-02
2311	  4,6200000000e+03	 -1,69881e-01	 -8,74846e-03
2312	  4,6220000000e+03	 -1,67867e-01	 -9,27626e-03
2313	  4,6240000000e+03	 -1,68568e-01	 -9,14870e-03
2314	  4,6260000000e+03	 -1,69161e-01	 -7,89861e-03
2315	  4,6280000000e+03	 -1,69023e-01	 -4,37220e-03
2316	  4,6300000000e+03	 -1,71674e-01	  3,44083e-03
2317	  4,6320000000e+03	 -1,69416e-01	  5,38487e-03
2318	  4,6340000000e+03	 -1,68283e-01	  8,82663e-03
2319	  4,6360000000e+03	 -1,64631e-01	  9,33665e-03
2320	  4,6380000000e+03	 -1,60766e-01	  1,43896e-02
2321	  4,6400000000e+03	 -1,56976e-01	  2,12802e-02
2322	  4,6420000000e+03	 -1,55867e-01	  1,91151e-02
2323	  4,6440000000e+03	 -1,60218e-01	  1,73364e-02
2324	  4,6460000000e+03	 -1,61272e-01	  2,37948e-02
2325	  4,6480000000e+03	 -1,59754e-01	  2,55137e-02
2326	  4,6500000000e+03	 -1,61511e-01	  2,51301e-02
2327	  4,6520000000e+03	 -1,59995e-01	  2,72427e-02
2328	  4,6540000000e+03	 -1,59082e-01	  2,94194e-02
2329	  4,6560000000e+03	 -1,58856e-01	  3,25265e-02
2330	  4,6580000000e+03	 -1,57218e-01	  3,67834e-02
2331	  4,6600000000e+03	 -1,52173e-01	  3,65021e-02
2332	  4,6620000000e+03	 -1,48889e-01	  3,60221e-02
2333	  4,6640000000e+03	 -1,48069e-01	  3,67890e-02
2334	  4,6660000000e+03	 -1,50551e-01	  3,33951e-02
2335	  4,6680000000e+03	 -1,51648e-01	  3,85888e-02
2336	  4,6700000000e+03	 -1,54009e-01	  4,34368e-02
2337	  4,6720000000e+03	 -1,53246e-01	  4,33732e-02
2338	  4,6740000000e+03	 -1,52399e-01	  4,68507e-02
2339	  4,6760000000e+03	 -1,44860e-01	  5,07956e-02
2340	  4,6780000000e+03	 -1,42321e-01	  4,95397e-02
2341	  4,6800000000e+03	 -1,46546e-01	  4,99833e-02
2342	  4,6820000000e+03	 -1,50846e-01	  5,70054e-02
2343	  4,6840000000e+03	 -1,47751e-01	  5,96533e-02
2344	  4,6860000000e+03	 -1,45571e-01	  6,50888e-02
2345	  4,6880000000e+03	 -1,44502e-01	  6,26486e-02
2346	  4,6900000000e+03	 -1,41546e-01	  6,32909e-02
2347	  4,6920000000e+03	 -1,42855e-01	  6,48102e-02
2348	  4,6940000000e+03	 -1,45191e-01	  6,47114e-02
2349	  4,6960000000e+03	 -1,42873e-01	  7,20815e-02
2350	  4,6980000000e+03	 -1,39298e-01	  7,63441e-02
2351	  4,7000000000e+03	 -1,36448e-01	  7,80008e-02
2352	  4,7020000000e+03	 -1,37249e-01	  8,24895e-02
2353	  4,7040000000e+03	 -1,32576e-01	  8,55849e-02
2354	  4,7060000000e+03	 -1,28066e-01	  8,97548e-02
2355	  4,7080000000e+03	 -1,27768e-01	  8,82240e-02
2356	  4,7100000000e+03	 -1,26887e-01	  8,57105e-02
2357	  4,7120000000e+03	 -1,26972e-01	  9,11052e-02
2358	  4,7140000000e+03	 -1,27384e-01	  9,40830e-02
2359	  4,7160000000e+03	 -1,19892e-01	  9,52720e-02
2360	  4,7180000000e+03	 -1,14735e-01	  9,59468e-02
2361	  4,7200000000e+03	 -1,13723e-01	  9,76144e-02
2362	  4,7220000000e+03	 -1,12113e-01	  1,00930e-01
2363	  4,7240000000e+03	 -1,10385e-01	  1,01289e-01
2364	  4,7260000000e+03	 -1,09217e-01	  1,07179e-01
2365	  4,7280000000e+03	 -1,06180e-01	  1,05404e-01
2366	  4,7300000000e+03	 -1,01027e-01	  1,01012e-01
2367	  4,7320000000e+03	 -9,71241e-02	  1,05244e-01
2368	  4,7340000000e+03	 -9,71297e-02	  1,09045e-01
2369	  4,7360000000e+03	 -9,73552e-02	  1,02310e-01
2370	  4,7380000000e+03	 -9,45031e-02	  1,00621e-01
2371	  4,7400000000e+03	 -9,16062e-02	  1,05807e-01
2372	  4,7420000000e+03	 -8,73693e-02	  1,08261e-01
2373	  4,7440000000e+03	 -8,80904e-02	  1,12533e-01
2374	  4,7460000000e+03	 -8,64642e-02	  1,13222e-01
2375	  4,7480000000e+03	 -8,62374e-02	  1,07780e-01
2376	  4,7500000000e+03	 -8,72544e-02	  1,05625e-01
2377	  4,7520000000e+03	 -8,60229e-02	  1,09002e-01
2378	  4,7540000000e+03	 -8,05324e-02	  1,16072e-01
2379	  4,7560000000e+03	 -7,77918e-02	  1,15573e-01
2380	  4,7580000000e+03	 -7,91567e-02	  1,13434e-01
2381	  4,7600000000e+03	 -7,53024e-02	  1,18447e-01
2382	  4,7620000000e+03	 -7,72045e-02	  1,15540e-01
2383	  4,7640000000e+03	 -7,20276e-02	  1,09939e-01
2384	  4,7660000000e+03	 -6,77951e-02	  1,12653e-01
2385	  4,7680000000e+03	 -6,60450e-02	  1,11716e-01
2386	  4,7700000000e+03	 -6,59144e-02	  1,16597e-01
2387	  4,7720000000e+03	 -6,26826e-02	  1,17421e-01
2388	  4,7740000000e+03	 -6,25893e-02	  1,17146e-01
2389	  4,7760000000e+03	 -6,32805e-02	  1,16190e-01
2390	  4,7780000000e+03	 -5,82237e-02	  1,14753e-01
2391	  4,7800000000e+03	 -5,64218e-02	  1,17555e-01
2392	  4,7820000000e+03	 -5,26560e-02	  1,16650e-01
2393	  4,7840000000e+03	 -5,19689e-02	  1,15912e-01
2394	  4,7860000000e+03	 -5,35858e-02	  1,16262e-01
2395	  4,7880000000e+03	 -5,22630e-02	  1,18000e-01
2396	  4,7900000000e+03	 -5,31163e-02	  1,22094e-01
2397	  4,7920000000e+03	 -4,96476e-02	  1,20650e-01
2398	  4,7940000000e+03	 -4,72085e-02	  1,19247e-01
2399	  4,7960000000e+03	 -4,56766e-02	  1,17941e-01
2400	  4,7980000000e+03	 -4,21419e-02	  1,16552e-01
2401	  4,8000000000e+03	 -4,59148e-02	  1,18075e-01
2402	  4,8020000000e+03	 -4,23215e-02	  1,14914e-01
2403	  4,8040000000e+03	 -3,89737e-02	  1,19177e-01
2404	  4,8060000000e+03	 -3,87196e-02	  1,20668e-01
2405	  4,8080000000e+03	 -3,33922e-02	  1,23122e-01
2406	  4,8100000000e+03	 -3,47658e-02	  1,24967e-01
2407	  4,8120000000e+03	 -3,46582e-02	  1,22317e-01
2408	  4,8140000000e+03	 -2,70777e-02	  1,21872e-01
2409	  4,8160000000e+03	 -2,51612e-02	  1,18318e-01
2410	  4,8180000000e+03	 -2,75877e-02	  1,18112e-01
2411	  4,8200000000e+03	 -2,72817e-02	  1,19936e-01
2412	  4,8220000000e+03	 -1,94574e-02	  1,18829e-01
2413	  4,8240000000e+03	 -1,92885e-02	  1,14342e-01
2414	  4,8260000000e+03	 -1,73304e-02	  1,14510e-01
2415	  4,8280000000e+03	 -1,71119e-02	  1,12114e-01
2416	  4,8300000000e+03	 -1,62386e-02	  1,14771e-01
2417	  4,8320000000e+03	 -1,74742e-02	  1,13018e-01
2418	  4,8340000000e+03	 -1,82182e-02	  1,09788e-01
2419	  4,8360000000e+03	 -1,44038e-02	  1,09177e-01
2420	  4,8380000000e+03	 -1,18444e-02	  1,12198e-01
2421	  4,8400000000e+03	 -1,03639e-02	  1,19387e-01
2422	  4,8420000000e+03	 -7,14183e-03	  1,21781e-01
2423	  4,8440000000e+03	 -1,04724e-02	  1,19057e-01
2424	  4,8460000000e+03	 -1,05198e-02	  1,11028e-01
2425	  4,8480000000e+03	 -1,11774e-02	  1,14139e-01
2426	  4,8500000000e+03	 -8,25414e-03	  1,16049e-01
2427	  4,8520000000e+03	 -2,20368e-03	  1,14560e-01
2428	  4,8540000000e+03	 -2,85031e-03	  1,16196e-01
2429	  4,8560000000e+03	 -2,83761e-03	  1,15536e-01
2430	  4,8580000000e+03	 -4,13337e-03	  1,13580e-01
2431	  4,8600000000e+03	 -2,76168e-03	  1,14932e-01
2432	  4,8620000000e+03	  4,63927e-04	  1,15657e-01
2433	  4,8640000000e+03	 -1,33200e-03	  1,16759e-01
2434	  4,8660000000e+03	  2,62295e-03	  1,11781e-01
2435	  4,8680000000e+03	  5,63211e-03	  1,12117e-01
2436	  4,8700000000e+03	  7,52382e-03	  1,11753e-01
2437	  4,8720000000e+03	  7,15747e-03	  1,15121e-01
2438	  4,8740000000e+03	  1,05027e-02	  1,14138e-01
2439	  4,8760000000e+03	  1,44020e-02	  1,08507e-01
2440	  4,8780000000e+03	  1,29452e-02	  1,08796e-01
2441	  4,8800000000e+03	  1,54086e-02	  1,10912e-01
2442	  4,8820000000e+03	  1,40504e-02	  1,12592e-01
2443	  4,8840000000e+03	  1,53259e-02	  1,14884e-01
2444	  4,8860000000e+03	  2,09488e-02	  1,14334e-01
2445	  4,8880000000e+03	  2,00478e-02	  1,17348e-01
2446	  4,8900000000e+03	  2,13327e-02	  1,15281e-01
2447	  4,8920000000e+03	  2,33103e-02	  1,13404e-01
2448	  4,8940000000e+03	  2,38608e-02	  1,12363e-01
2449	  4,8960000000e+03	  2,53981e-02	  1,15499e-01
2450	  4,8980000000e+03	  2,79733e-02	  1,17468e-01
2451	  4,9000000000e+03	  3,29515e-02	  1,16584e-01
2452	  4,9020000000e+03	  3,36684e-02	  1,19843e-01
2453	  4,9040000000e+03	  3,31922e-02	  1,14877e-01
2454	  4,9060000000e+03	  3,01099e-02	  1,12241e-01
2455	  4,9080000000e+03	  3,41324e-02	  1,13539e-01
2456	  4,9100000000e+03	  3,91274e-02	  1,10827e-01
2457	  4,9120000000e+03	  3,97044e-02	  1,07272e-01
2458	  4,9140000000e+03	  3,97637e-02	  1,10388e-01
2459	  4,9160000000e+03	  3,86893e-02	  1,16278e-01
2460	  4,9180000000e+03	  4,48273e-02	  1,16966e-01
2461	  4,9200000000e+03	  4,68966e-02	  1,12052e-01
2462	  4,9220000000e+03	  4,66588e-02	  1,08246e-01
2463	  4,9240000000e+03	  4,61736e-02	  1,05633e-01
2464	  4,9260000000e+03	  5,12712e-02	  1,04445e-01
2465	  4,9280000000e+03	  5,13551e-02	  1,03499e-01
2466	  4,9300000000e+03	  5,17729e-02	  1,00755e-01
2467	  4,9320000000e+03	  5,37726e-02	  1,02975e-01
2468	  4,9340000000e+03	  5,48302e-02	  1,03411e-01
2469	  4,9360000000e+03	  5,48662e-02	  1,01429e-01
2470	  4,9380000000e+03	  5,36362e-02	  9,84205e-02
2471	  4,9400000000e+03	  5,49559e-02	  9,79852e-02
2472	  4,9420000000e+03	  5,75055e-02	  9,50666e-02
2473	  4,9440000000e+03	  6,02846e-02	  9,83202e-02
2474	  4,9460000000e+03	  6,58986e-02	  9,77330e-02
2475	  4,9480000000e+03	  6,65053e-02	  9,58139e-02
2476	  4,9500000000e+03	  6,31594e-02	  8,99766e-02
2477	  4,9520000000e+03	  6,63886e-02	  8,85639e-02
2478	  4,9540000000e+03	  6,16920e-02	  9,36474e-02
2479	  4,9560000000e+03	  6,48602e-02	  9,45116e-02
2480	  4,9580000000e+03	  6,42353e-02	  9,53150e-02
2481	  4,9600000000e+03	  6,72763e-02	  8,70528e-02
2482	  4,9620000000e+03	  6,84092e-02	  8,69212e-02
2483	  4,9640000000e+03	  7,04785e-02	  9,23074e-02
2484	  4,9660000000e+03	  7,19531e-02	  9,12711e-02
2485	  4,9680000000e+03	  7,48902e-02	  8,94841e-02
2486	  4,9700000000e+03	  7,90739e-02	  8,75264e-02
2487	  4,9720000000e+03	  7,82653e-02	  8,85525e-02
2488	  4,9740000000e+03	  7,66045e-02	  8,40845e-02
2489	  4,9760000000e+03	  7,82188e-02	  8,15320e-02
2490	  4,9780000000e+03	  8,01291e-02	  7,85452e-02
2491	  4,9800000000e+03	  8,45913e-02	  7,95903e-02
2492	  4,9820000000e+03	  8,36996e-02	  7,62893e-02
2493	  4,9840000000e+03	  8,29953e-02	  7,18286e-02
2494	  4,9860000000e+03	  8,55189e-02	  6,92452e-02
2495	  4,9880000000e+03	  8,87886e-02	  7,28002e-02
2496	  4,9900000000e+03	  9,13108e-02	  7,31693e-02
2497	  4,9920000000e+03	  9,15719e-02	  7,21240e-02
2498	  4,9940000000e+03	  9,72558e-02	  6,94213e-02
2499	  4,9960000000e+03	  1,00983e-01	  6,60583e-02
2500	  4,9980000000e+03	  9,65868e-02	  5,98118e-02
2501	  5,0000000000e+03	  9,54803e-02	  6,12291e-02
2502	  5,0020000000e+03	  9,33889e-02	  6,05969e-02
2503	  5,0040000000e+03	  9,57616e-02	  5,90547e-02
2504	  5,0060000000e+03	  9,79321e-02	  5,89829e-02
2505	  5,0080000000e+03	  9,57767e-02	  5,69039e-02
2506	  5,0100000000e+03	  9,46330e-02	  5,90450e-02
2507	  5,0120000000e+03	  9,86300e-02	  5,20270e-02
2508	  5,0140000000e+03	  1,00330e-01	  4,90689e-02
2509	  5,0160000000e+03	  1,00688e-01	  4,79847e-02
2510	  5,0180000000e+03	  1,01230e-01	  4,91810e-02
2511	  5,0200000000e+03	  9,76147e-02	  4,55547e-02
2512	  5,0220000000e+03	  9,60907e-02	  4,39044e-02
2513	  5,0240000000e+03	  1,03075e-01	  4,42786e-02
2514	  5,0260000000e+03	  1,06220e-01	  4,03895e-02
2515	  5,0280000000e+03	  1,00756e-01	  3,45829e-02
2516	  5,0300000000e+03	  1,00289e-01	  3,14609e-02
2517	  5,0320000000e+03	  9,97096e-02	  3,49259e-02
2518	  5,0340000000e+03	  1,00078e-01	  3,31156e-02
2519	  5,0360000000e+03	  9,86438e-02	  2,88627e-02
2520	  5,0380000000e+03	  1,01489e-01	  3,24304e-02
2521	  5,0400000000e+03	  1,04907e-01	  3,03828e-02
2522	  5,0420000000e+03	  1,05132e-01	  2,74496e-02
2523	  5,0440000000e+03	  1,03815e-01	  2,60305e-02
2524	  5,0460000000e+03	  1,04379e-01	  2,33714e-02
2525	  5,0480000000e+03	  1,06106e-01	  1,89113e-02
2526	  5,0500000000e+03	  1,06891e-01	  2,00557e-02
2527	  5,0520000000e+03	  1,01270e-01	  1,83405e-02
2528	  5,0540000000e+03	  9,93973e-02	  1,54946e-02
2529	  5,0560000000e+03	  1,03409e-01	  1,14197e-02
2530	  5,0580000000e+03	  9,93341e-02	  1,31589e-02
2531	  5,0600000000e+03	  9,75242e-02	  1,30607e-02
2532	  5,0620000000e+03	  9,97517e-02	  1,31662e-02
2533	  5,0640000000e+03	  1,00379e-01	  1,41305e-02
2534	  5,0660000000e+03	  9,73356e-02	  9,26636e-03
2535	  5,0680000000e+03	  9,77207e-02	  1,20083e-03
2536	  5,0700000000e+03	  9,82093e-02	  2,07677e-03
2537	  5,0720000000e+03	  9,26349e-02	  5,36887e-03
2538	  5,0740000000e+03	  9,19791e-02	  3,16899e-03
2539	  5,0760000000e+03	  9,45765e-02	 -2,10141e-03
2540	  5,0780000000e+03	  9,14571e-02	 -2,12606e-03
2541	  5,0800000000e+03	  9,29197e-02	 -2,78043e-03
2542	  5,0820000000e+03	  9,61152e-02	 -9,35345e-04
2543	  5,0840000000e+03	  9,55775e-02	  2,52800e-03
2544	  5,0860000000e+03	  9,18373e-02	  2,63708e-03
2545	  5,0880000000e+03	  9,05749e-02	  1,61154e-03
2546	  5,0900000000e+03	  9,00502e-02	 -2,26544e-03
2547	  5,0920000000e+03	  9,29592e-02	 -3,63224e-03
2548	  5,0940000000e+03	  8,95299e-02	 -6,36593e-03
2549	  5,0960000000e+03	  8,72181e-02	 -7,47101e-03
2550	  5,0980000000e+03	  8,95966e-02	 -5,55162e-03
2551	  5,1000000000e+03	  9,02404e-02	 -8,02778e-03
2552	  5,1020000000e+03	  8,92196e-02	 -7,27138e-03
2553	  5,1040000000e+03	  8,55007e-02	 -6,67837e-03
2554	  5,1060000000e+03	  8,56087e-02	 -9,52642e-03
2555	  5,1080000000e+03	  9,17396e-02	 -1,21456e-02
2556	  5,1100000000e+03	  8,90139e-02	 -1,48647e-02
2557	  5,1120000000e+03	  8,85293e-02	 -1,75513e-02
2558	  5,1140000000e+03	  8,92310e-02	 -1,42762e-02
2559	  5,1160000000e+03	  8,92047e-02	 -1,20682e-02
2560	  5,1180000000e+03	  8,55208e-02	 -1,21182e-02
2561	  5,1200000000e+03	  8,56281e-02	 -1,61953e-02
2562	  5,1220000000e+03	  8,84831e-02	 -2,08206e-02
2563	  5,1240000000e+03	  8,29351e-02	 -2,39084e-02
2564	  5,1260000000e+03	  8,52934e-02	 -1,99908e-02
2565	  5,1280000000e+03	  8,62644e-02	 -2,17067e-02
2566	  5,1300000000e+03	  8,49633e-02	 -2,34530e-02
2567	  5,1320000000e+03	  8,09952e-02	 -2,43819e-02
2568	  5,1340000000e+03	  8,26186e-02	 -2,36430e-02
2569	  5,1360000000e+03	  8,46866e-02	 -2,66494e-02
2570	  5,1380000000e+03	  8,60806e-02	 -2,62987e-02
2571	  5,1400000000e+03	  8,35014e-02	 -2,76417e-02
2572	  5,1420000000e+03	  8,33840e-02	 -2,69814e-02
2573	  5,1440000000e+03	  8,71175e-02	 -2,50851e-02
2574	  5,1460000000e+03	  8,58816e-02	 -3,00210e-02
2575	  5,1480000000e+03	  8,36852e-02	 -2,96480e-02
2576	  5,1500000000e+03	  8,07842e-02	 -2,85956e-02
2577	  5,1520000000e+03	  7,96362e-02	 -3,30714e-02
2578	  5,1540000000e+03	  8,13106e-02	 -3,69864e-02
2579	  5,1560000000e+03	  8,35788e-02	 -3,69945e-02
2580	  5,1580000000e+03	  8,34353e-02	 -3,60960e-02
2581	  5,1600000000e+03	  8,32903e-02	 -3,69349e-02
2582	  5,1620000000e+03	  8,21640e-02	 -3,95913e-02
2583	  5,1640000000e+03	  7,87041e-02	 -4,01190e-02
2584	  5,1660000000e+03	  7,33727e-02	 -3,71061e-02
2585	  5,1680000000e+03	  7,87331e-02	 -3,75773e-02
2586	  5,1700000000e+03	  7,83364e-02	 -4,26157e-02
2587	  5,1720000000e+03	  7,53789e-02	 -4,71270e-02
2588	  5,1740000000e+03	  7,34059e-02	 -4,50310e-02
2589	  5,1760000000e+03	  7,55551e-02	 -4,47836e-02
2590	  5,1780000000e+03	  6,89674e-02	 -4,53181e-02
2591	  5,1800000000e+03	  6,98897e-02	 -4,71149e-02
2592	  5,1820000000e+03	  7,53016e-02	 -4,79834e-02
2593	  5,1840000000e+03	  7,49449e-02	 -4,91161e-02
2594	  5,1860000000e+03	  7,23923e-02	 -5,29117e-02
2595	  5,1880000000e+03	  7,03866e-02	 -5,44061e-02
2596	  5,1900000000e+03	  6,69645e-02	 -5,31745e-02
2597	  5,1920000000e+03	  6,30753e-02	 -5,38054e-02
2598	  5,1940000000e+03	  6,80824e-02	 -5,57570e-02
2599	  5,1960000000e+03	  6,84475e-02	 -5,52343e-02
2600	  5,1980000000e+03	  6,51025e-02	 -5,41052e-02
2601	  5,2000000000e+03	  6,09616e-02	 -5,45782e-02
2602	  5,2020000000e+03	  5,79400e-02	 -5,49046e-02
2603	  5,2040000000e+03	  5,89779e-02	 -5,56893e-02
2604	  5,2060000000e+03	  5,56007e-02	 -5,30375e-02
2605	  5,2080000000e+03	  5,65118e-02	 -5,66630e-02
2606	  5,2100000000e+03	  5,69264e-02	 -5,85784e-02
2607	  5,2120000000e+03	  5,46156e-02	 -5,29134e-02
2608	  5,2140000000e+03	  5,90152e-02	 -5,24796e-02
2609	  5,2160000000e+03	  5,44994e-02	 -5,47681e-02
2610	  5,2180000000e+03	  5,21248e-02	 -5,64651e-02
2611	  5,2200000000e+03	  5,33132e-02	 -5,48299e-02
2612	  5,2220000000e+03	  5,87900e-02	 -5,95023e-02
2613	  5,2240000000e+03	  5,50508e-02	 -6,21663e-02
2614	  5,2260000000e+03	  5,32284e-02	 -5,86450e-02
2615	  5,2280000000e+03	  5,25427e-02	 -5,76983e-02
2616	  5,2300000000e+03	  5,41910e-02	 -6,06463e-02
2617	  5,2320000000e+03	  5,51985e-02	 -6,20721e-02
2618	  5,2340000000e+03	  5,26517e-02	 -6,62531e-02
2619	  5,2360000000e+03	  4,85008e-02	 -6,84339e-02
2620	  5,2380000000e+03	  4,39813e-02	 -6,80985e-02
2621	  5,2400000000e+03	  4,94951e-02	 -6,50015e-02
2622	  5,2420000000e+03	  5,00939e-02	 -6,68313e-02
2623	  5,2440000000e+03	  4,52653e-02	 -6,26923e-02
2624	  5,2460000000e+03	  4,17841e-02	 -6,03804e-02
2625	  5,2480000000e+03	  4,43267e-02	 -6,44890e-02
2626	  5,2500000000e+03	  4,10236e-02	 -6,50396e-02
2627	  5,2520000000e+03	  3,90754e-02	 -6,74080e-02
2628	  5,2540000000e+03	  4,36416e-02	 -7,06225e-02
2629	  5,2560000000e+03	  4,50890e-02	 -6,77331e-02
2630	  5,2580000000e+03	  4,32844e-02	 -6,60628e-02
2631	  5,2600000000e+03	  4,01997e-02	 -6,50768e-02
2632	  5,2620000000e+03	  4,16509e-02	 -6,68737e-02
2633	  5,2640000000e+03	  4,11852e-02	 -7,12186e-02
2634	  5,2660000000e+03	  3,60465e-02	 -7,12846e-02
2635	  5,2680000000e+03	  3,25329e-02	 -6,74938e-02
2636	  5,2700000000e+03	  3,09431e-02	 -6,76083e-02
2637	  5,2720000000e+03	  3,05308e-02	 -6,75673e-02
2638	  5,2740000000e+03	  3,13090e-02	 -6,61170e-02
2639	  5,2760000000e+03	  2,62142e-02	 -6,84209e-02
2640	  5,2780000000e+03	  3,07281e-02	 -7,20787e-02
2641	  5,2800000000e+03	  3,18455e-02	 -7,02038e-02
2642	  5,2820000000e+03	  2,81132e-02	 -7,03298e-02
2643	  5,2840000000e+03	  3,02949e-02	 -7,02770e-02
2644	  5,2860000000e+03	  2,96114e-02	 -7,00251e-02
2645	  5,2880000000e+03	  3,41391e-02	 -6,95817e-02
2646	  5,2900000000e+03	  3,19113e-02	 -7,09119e-02
2647	  5,2920000000e+03	  2,90249e-02	 -7,15986e-02
2648	  5,2940000000e+03	  2,83317e-02	 -7,22787e-02
2649	  5,2960000000e+03	  2,14801e-02	 -7,46362e-02
2650	  5,2980000000e+03	  1,79849e-02	 -7,24922e-02
2651	  5,3000000000e+03	  2,10571e-02	 -7,34693e-02
2652	  5,3020000000e+03	  1,94138e-02	 -7,53591e-02
2653	  5,3040000000e+03	  1,89194e-02	 -7,37866e-02
2654	  5,3060000000e+03	  2,23045e-02	 -7,05121e-02
2655	  5,3080000000e+03	  2,07086e-02	 -6,86143e-02
2656	  5,3100000000e+03	  1,71854e-02	 -7,07576e-02
2657	  5,3120000000e+03	  2,00282e-02	 -6,77413e-02
2658	  5,3140000000e+03	  1,72043e-02	 -7,07173e-02
2659	  5,3160000000e+03	  1,75822e-02	 -7,13387e-02
2660	  5,3180000000e+03	  1,97280e-02	 -6,80338e-02
2661	  5,3200000000e+03	  1,92264e-02	 -6,58069e-02
2662	  5,3220000000e+03	  1,75329e-02	 -6,35804e-02
2663	  5,3240000000e+03	  1,31144e-02	 -5,93594e-02
2664	  5,3260000000e+03	  1,61064e-02	 -6,24393e-02
2665	  5,3280000000e+03	  1,58816e-02	 -6,51083e-02
2666	  5,3300000000e+03	  1,64185e-02	 -6,57473e-02
2667	  5,3320000000e+03	  1,56020e-02	 -6,97507e-02
2668	  5,3340000000e+03	  1,41850e-02	 -7,00057e-02
2669	  5,3360000000e+03	  1,52180e-02	 -7,09725e-02
2670	  5,3380000000e+03	  1,68782e-02	 -6,99026e-02
2671	  5,3400000000e+03	  1,69038e-02	 -7,06241e-02
2672	  5,3420000000e+03	  1,70700e-02	 -7,15551e-02
2673	  5,3440000000e+03	  2,11000e-02	 -7,09915e-02
2674	  5,3460000000e+03	  1,86849e-02	 -7,32225e-02
2675	  5,3480000000e+03	  1,52986e-02	 -7,40939e-02
2676	  5,3500000000e+03	  1,50024e-02	 -7,27392e-02
2677	  5,3520000000e+03	  1,12676e-02	 -7,56820e-02
2678	  5,3540000000e+03	  1,37516e-02	 -7,83769e-02
2679	  5,3560000000e+03	  1,09853e-02	 -7,58624e-02
2680	  5,3580000000e+03	  9,35993e-03	 -7,51231e-02
2681	  5,3600000000e+03	  1,54908e-02	 -7,91610e-02
2682	  5,3620000000e+03	  1,33440e-02	 -7,78567e-02
2683	  5,3640000000e+03	  1,41150e-02	 -8,20877e-02
2684	  5,3660000000e+03	  1,35734e-02	 -8,14238e-02
2685	  5,3680000000e+03	  1,01652e-02	 -7,94502e-02
2686	  5,3700000000e+03	  1,10821e-02	 -7,78637e-02
2687	  5,3720000000e+03	  9,80612e-03	 -7,61608e-02
2688	  5,3740000000e+03	  8,61210e-03	 -8,04479e-02
2689	  5,3760000000e+03	  9,57900e-03	 -8,20033e-02
2690	  5,3780000000e+03	  6,64758e-03	 -8,76386e-02
2691	  5,3800000000e+03	  4,38112e-03	 -8,67112e-02
2692	  5,3820000000e+03	  3,32444e-04	 -8,61862e-02
2693	  5,3840000000e+03	 -2,92788e-04	 -8,79403e-02
2694	  5,3860000000e+03	 -3,71626e-04	 -8,67312e-02
2695	  5,3880000000e+03	 -1,83461e-03	 -8,79105e-02
2696	  5,3900000000e+03	 -1,77800e-03	 -8,84680e-02
2697	  5,3920000000e+03	 -4,18856e-03	 -9,12807e-02
2698	  5,3940000000e+03	 -1,83985e-03	 -8,91905e-02
2699	  5,3960000000e+03	 -7,06419e-03	 -8,87666e-02
2700	  5,3980000000e+03	 -4,89352e-03	 -8,75956e-02
2701	  5,4000000000e+03	 -3,59236e-03	 -9,08114e-02
2702	  5,4020000000e+03	 -5,12776e-03	 -9,46884e-02
2703	  5,4040000000e+03	 -8,99904e-03	 -9,47907e-02
2704	  5,4060000000e+03	 -1,33167e-02	 -9,39463e-02
2705	  5,4080000000e+03	 -9,71132e-03	 -9,02346e-02
2706	  5,4100000000e+03	 -9,71600e-03	 -8,79763e-02
2707	  5,4120000000e+03	 -1,33689e-02	 -9,29396e-02
2708	  5,4140000000e+03	 -1,61222e-02	 -9,53092e-02
2709	  5,4160000000e+03	 -1,66595e-02	 -9,65965e-02
2710	  5,4180000000e+03	 -2,07655e-02	 -9,67890e-02
2711	  5,4200000000e+03	 -2,07809e-02	 -9,75065e-02
2712	  5,4220000000e+03	 -2,28705e-02	 -9,80492e-02
2713	  5,4240000000e+03	 -2,57708e-02	 -9,71883e-02
2714	  5,4260000000e+03	 -2,80281e-02	 -9,70443e-02
2715	  5,4280000000e+03	 -3,07179e-02	 -9,73615e-02
2716	  5,4300000000e+03	 -2,93929e-02	 -9,98347e-02
2717	  5,4320000000e+03	 -3,64664e-02	 -9,96484e-02
2718	  5,4340000000e+03	 -3,54327e-02	 -9,73247e-02
2719	  5,4360000000e+03	 -3,06180e-02	 -9,92345e-02
2720	  5,4380000000e+03	 -3,87958e-02	 -1,01066e-01
2721	  5,4400000000e+03	 -4,29248e-02	 -9,84748e-02
2722	  5,4420000000e+03	 -4,48004e-02	 -9,24810e-02
2723	  5,4440000000e+03	 -4,64325e-02	 -9,85584e-02
2724	  5,4460000000e+03	 -4,81483e-02	 -1,02558e-01
2725	  5,4480000000e+03	 -4,68791e-02	 -1,00735e-01
2726	  5,4500000000e+03	 -5,22509e-02	 -9,63087e-02
2727	  5,4520000000e+03	 -5,51056e-02	 -9,25813e-02
2728	  5,4540000000e+03	 -5,35522e-02	 -9,43990e-02
2729	  5,4560000000e+03	 -6,17234e-02	 -8,89146e-02
2730	  5,4580000000e+03	 -6,63952e-02	 -9,21245e-02
2731	  5,4600000000e+03	 -6,43922e-02	 -9,17731e-02
2732	  5,4620000000e+03	 -6,63901e-02	 -9,17320e-02
2733	  5,4640000000e+03	 -6,80960e-02	 -9,00811e-02
2734	  5,4660000000e+03	 -6,99570e-02	 -8,57463e-02
2735	  5,4680000000e+03	 -6,79233e-02	 -8,54856e-02
2736	  5,4700000000e+03	 -7,04936e-02	 -8,91475e-02
2737	  5,4720000000e+03	 -7,74941e-02	 -8,87017e-02
2738	  5,4740000000e+03	 -7,80285e-02	 -8,57291e-02
2739	  5,4760000000e+03	 -7,67664e-02	 -8,12593e-02
2740	  5,4780000000e+03	 -7,96324e-02	 -7,91090e-02
2741	  5,4800000000e+03	 -8,01205e-02	 -7,62842e-02
2742	  5,4820000000e+03	 -8,15612e-02	 -7,69538e-02
2743	  5,4840000000e+03	 -8,30158e-02	 -8,13161e-02
2744	  5,4860000000e+03	 -8,44961e-02	 -7,93911e-02
2745	  5,4880000000e+03	 -8,83819e-02	 -7,44733e-02
2746	  5,4900000000e+03	 -8,51076e-02	 -7,48649e-02
2747	  5,4920000000e+03	 -8,60447e-02	 -7,02855e-02
2748	  5,4940000000e+03	 -8,83637e-02	 -6,89652e-02
2749	  5,4960000000e+03	 -9,53265e-02	 -6,81475e-02
2750	  5,4980000000e+03	 -9,72368e-02	 -6,79668e-02
2751	  5,5000000000e+03	 -9,75557e-02	 -6,46395e-02
2752	  5,5020000000e+03	 -9,29767e-02	 -6,31821e-02
2753	  5,5040000000e+03	 -9,39584e-02	 -6,12250e-02
2754	  5,5060000000e+03	 -9,89166e-02	 -5,74322e-02
2755	  5,5080000000e+03	 -1,00359e-01	 -5,60751e-02
2756	  5,5100000000e+03	 -1,00986e-01	 -5,47516e-02
2757	  5,5120000000e+03	 -1,03423e-01	 -5,25698e-02
2758	  5,5140000000e+03	 -1,09981e-01	 -4,80225e-02
2759	  5,5160000000e+03	 -1,09443e-01	 -4,89336e-02
2760	  5,5180000000e+03	 -1,06553e-01	 -4,80643e-02
2761	  5,5200000000e+03	 -1,06670e-01	 -4,46824e-02
2762	  5,5220000000e+03	 -1,10093e-01	 -4,20265e-02
2763	  5,5240000000e+03	 -1,14242e-01	 -3,55318e-02
2764	  5,5260000000e+03	 -1,12599e-01	 -3,18082e-02
2765	  5,5280000000e+03	 -1,09847e-01	 -3,09978e-02
2766	  5,5300000000e+03	 -1,11438e-01	 -3,33793e-02
2767	  5,5320000000e+03	 -1,12592e-01	 -3,19487e-02
2768	  5,5340000000e+03	 -1,12129e-01	 -2,87527e-02
2769	  5,5360000000e+03	 -1,11088e-01	 -2,33203e-02
2770	  5,5380000000e+03	 -1,12801e-01	 -2,32345e-02
2771	  5,5400000000e+03	 -1,14864e-01	 -2,51568e-02
2772	  5,5420000000e+03	 -1,12872e-01	 -2,31363e-02
2773	  5,5440000000e+03	 -1,11947e-01	 -1,76969e-02
2774	  5,5460000000e+03	 -1,14006e-01	 -1,39568e-02
2775	  5,5480000000e+03	 -1,13213e-01	 -1,11505e-02
2776	  5,5500000000e+03	 -1,12911e-01	 -1,15807e-02
2777	  5,5520000000e+03	 -1,14962e-01	 -1,19716e-02
2778	  5,5540000000e+03	 -1,15749e-01	 -8,92629e-03
2779	  5,5560000000e+03	 -1,11609e-01	 -1,28784e-03
2780	  5,5580000000e+03	 -1,11866e-01	 -2,77338e-04
2781	  5,5600000000e+03	 -1,12608e-01	 -5,96708e-05
2782	  5,5620000000e+03	 -1,14464e-01	 -2,81493e-05
2783	  5,5640000000e+03	 -1,17060e-01	 -1,91099e-03
2784	  5,5660000000e+03	 -1,15458e-01	  7,11316e-03
2785	  5,5680000000e+03	 -1,12728e-01	  1,01537e-02
2786	  5,5700000000e+03	 -1,09933e-01	  1,11875e-02
2787	  5,5720000000e+03	 -1,11020e-01	  9,38254e-03
2788	  5,5740000000e+03	 -1,10774e-01	  1,30490e-02
2789	  5,5760000000e+03	 -1,06277e-01	  1,77959e-02
2790	  5,5780000000e+03	 -1,04447e-01	  1,98188e-02
2791	  5,5800000000e+03	 -1,04575e-01	  2,03722e-02
2792	  5,5820000000e+03	 -1,02223e-01	  2,72508e-02
2793	  5,5840000000e+03	 -1,05862e-01	  2,92606e-02
2794	  5,5860000000e+03	 -1,06664e-01	  2,37580e-02
2795	  5,5880000000e+03	 -1,02764e-01	  2,83959e-02
2796	  5,5900000000e+03	 -1,04696e-01	  3,19450e-02
2797	  5,5920000000e+03	 -1,06968e-01	  2,96116e-02
2798	  5,5940000000e+03	 -1,02793e-01	  2,90946e-02
2799	  5,5960000000e+03	 -9,95570e-02	  3,40721e-02
2800	  5,5980000000e+03	 -9,88712e-02	  3,53255e-02
2801	  5,6000000000e+03	 -9,85050e-02	  3,62123e-02
2802	  5,6020000000e+03	 -9,88411e-02	  3,79464e-02
2803	  5,6040000000e+03	 -9,84880e-02	  4,07407e-02
2804	  5,6060000000e+03	 -9,71485e-02	  3,97076e-02
2805	  5,6080000000e+03	 -9,29428e-02	  4,04872e-02
2806	  5,6100000000e+03	 -9,39170e-02	  4,14397e-02
2807	  5,6120000000e+03	 -9,48194e-02	  4,25329e-02
2808	  5,6140000000e+03	 -9,18714e-02	  4,43627e-02
2809	  5,6160000000e+03	 -9,13208e-02	  4,39231e-02
2810	  5,6180000000e+03	 -9,21278e-02	  4,52156e-02
2811	  5,6200000000e+03	 -8,77276e-02	  4,78136e-02
2812	  5,6220000000e+03	 -8,71057e-02	  4,71567e-02
2813	  5,6240000000e+03	 -8,75843e-02	  4,97140e-02
2814	  5,6260000000e+03	 -8,20025e-02	  5,60746e-02
2815	  5,6280000000e+03	 -8,16663e-02	  5,70319e-02
2816	  5,6300000000e+03	 -7,98737e-02	  5,44656e-02
2817	  5,6320000000e+03	 -8,35313e-02	  5,58844e-02
2818	  5,6340000000e+03	 -8,33484e-02	  5,70265e-02
2819	  5,6360000000e+03	 -7,89590e-02	  5,71611e-02
2820	  5,6380000000e+03	 -8,08405e-02	  6,12153e-02
2821	  5,6400000000e+03	 -7,59522e-02	  6,09754e-02
2822	  5,6420000000e+03	 -7,41966e-02	  5,88056e-02
2823	  5,6440000000e+03	 -6,89165e-02	  6,35730e-02
2824	  5,6460000000e+03	 -6,92838e-02	  5,79067e-02
2825	  5,6480000000e+03	 -7,32540e-02	  6,10877e-02
2826	  5,6500000000e+03	 -7,29253e-02	  6,37713e-02
2827	  5,6520000000e+03	 -6,89433e-02	  6,61149e-02
2828	  5,6540000000e+03	 -7,04312e-02	  6,87055e-02
2829	  5,6560000000e+03	 -7,06043e-02	  6,80274e-02
2830	  5,6580000000e+03	 -6,79666e-02	  6,91593e-02
2831	  5,6600000000e+03	 -6,57365e-02	  6,82154e-02
2832	  5,6620000000e+03	 -6,18677e-02	  7,17928e-02
2833	  5,6640000000e+03	 -5,78642e-02	  7,10444e-02
2834	  5,6660000000e+03	 -5,80020e-02	  7,22472e-02
2835	  5,6680000000e+03	 -6,04160e-02	  7,11296e-02
2836	  5,6700000000e+03	 -6,03511e-02	  6,92969e-02
2837	  5,6720000000e+03	 -5,92980e-02	  7,48562e-02
2838	  5,6740000000e+03	 -5,76618e-02	  7,13553e-02
2839	  5,6760000000e+03	 -5,21720e-02	  7,53298e-02
2840	  5,6780000000e+03	 -5,46843e-02	  7,93081e-02
2841	  5,6800000000e+03	 -5,76535e-02	  7,88564e-02
2842	  5,6820000000e+03	 -5,76105e-02	  7,43527e-02
2843	  5,6840000000e+03	 -5,24299e-02	  7,92477e-02
2844	  5,6860000000e+03	 -4,97777e-02	  7,34540e-02
2845	  5,6880000000e+03	 -4,78513e-02	  7,31544e-02
2846	  5,6900000000e+03	 -4,61986e-02	  8,17327e-02
2847	  5,6920000000e+03	 -4,61893e-02	  8,25140e-02
2848	  5,6940000000e+03	 -4,87161e-02	  8,23571e-02
2849	  5,6960000000e+03	 -4,56485e-02	  8,40985e-02
2850	  5,6980000000e+03	 -4,44561e-02	  8,09305e-02
2851	  5,7000000000e+03	 -4,48392e-02	  8,47665e-02
2852	  5,7020000000e+03	 -4,28503e-02	  8,48885e-02
2853	  5,7040000000e+03	 -3,89584e-02	  8,61677e-02
2854	  5,7060000000e+03	 -3,67019e-02	  8,48325e-02
2855	  5,7080000000e+03	 -3,55370e-02	  8,27501e-02
2856	  5,7100000000e+03	 -3,38426e-02	  8,31533e-02
2857	  5,7120000000e+03	 -3,09764e-02	  8,34540e-02
2858	  5,7140000000e+03	 -3,22395e-02	  8,53899e-02
2859	  5,7160000000e+03	 -3,10991e-02	  8,37736e-02
2860	  5,7180000000e+03	 -2,92537e-02	  8,27199e-02
2861	  5,7200000000e+03	 -2,65123e-02	  8,37568e-02
2862	  5,7220000000e+03	 -2,67406e-02	  8,59486e-02
2863	  5,7240000000e+03	 -2,67138e-02	  8,48042e-02
2864	  5,7260000000e+03	 -2,59381e-02	  8,38803e-02
2865	  5,7280000000e+03	 -2,54529e-02	  8,81130e-02
2866	  5,7300000000e+03	 -2,24256e-02	  9,08190e-02
2867	  5,7320000000e+03	 -2,13013e-02	  8,93697e-02
2868	  5,7340000000e+03	 -2,02759e-02	  8,60165e-02
2869	  5,7360000000e+03	 -2,11752e-02	  8,95286e-02
2870	  5,7380000000e+03	 -1,65571e-02	  9,15185e-02
2871	  5,7400000000e+03	 -1,13837e-02	  8,76738e-02
2872	  5,7420000000e+03	 -1,13066e-02	  8,45568e-02
2873	  5,7440000000e+03	 -8,26097e-03	  8,29777e-02
2874	  5,7460000000e+03	 -3,69965e-03	  8,35550e-02
2875	  5,7480000000e+03	 -2,89176e-03	  8,54670e-02
2876	  5,7500000000e+03	 -3,95146e-03	  8,87647e-02
2877	  5,7520000000e+03	 -5,64789e-03	  8,75322e-02
2878	  5,7540000000e+03	 -6,37848e-03	  8,85538e-02
2879	  5,7560000000e+03	 -2,94744e-03	  8,67829e-02
2880	  5,7580000000e+03	 -2,34910e-03	  8,44998e-02
2881	  5,7600000000e+03	 -2,89788e-03	  8,21893e-02
2882	  5,7620000000e+03	  1,68105e-03	  8,43462e-02
2883	  5,7640000000e+03	  7,32088e-03	  8,71509e-02
2884	  5,7660000000e+03	  6,62669e-03	  8,38901e-02
2885	  5,7680000000e+03	  7,81763e-03	  8,38039e-02
2886	  5,7700000000e+03	  8,46129e-03	  8,33845e-02
2887	  5,7720000000e+03	  9,01600e-03	  8,02891e-02
2888	  5,7740000000e+03	  1,37401e-02	  8,13000e-02
2889	  5,7760000000e+03	  1,47615e-02	  8,48353e-02
2890	  5,7780000000e+03	  1,28271e-02	  8,49713e-02
2891	  5,7800000000e+03	  1,43531e-02	  8,00667e-02
2892	  5,7820000000e+03	  1,62461e-02	  7,93100e-02
2893	  5,7840000000e+03	  2,02419e-02	  8,12693e-02
2894	  5,7860000000e+03	  2,16372e-02	  8,15397e-02
2895	  5,7880000000e+03	  2,72072e-02	  7,68971e-02
2896	  5,7900000000e+03	  2,85742e-02	  7,69704e-02
2897	  5,7920000000e+03	  2,71123e-02	  7,96374e-02
2898	  5,7940000000e+03	  2,91838e-02	  7,88666e-02
2899	  5,7960000000e+03	  2,81137e-02	  7,34648e-02
2900	  5,7980000000e+03	  3,16144e-02	  7,15222e-02
2901	  5,8000000000e+03	  3,49529e-02	  6,85881e-02
2902	  5,8020000000e+03	  3,47141e-02	  6,76000e-02
2903	  5,8040000000e+03	  3,61176e-02	  6,44275e-02
2904	  5,8060000000e+03	  3,43163e-02	  6,21224e-02
2905	  5,8080000000e+03	  3,62097e-02	  6,02450e-02
2906	  5,8100000000e+03	  3,77563e-02	  6,23012e-02
2907	  5,8120000000e+03	  3,74205e-02	  6,32908e-02
2908	  5,8140000000e+03	  3,93944e-02	  6,20397e-02
2909	  5,8160000000e+03	  4,08838e-02	  6,05693e-02
2910	  5,8180000000e+03	  4,09645e-02	  5,74341e-02
2911	  5,8200000000e+03	  4,06099e-02	  5,34332e-02
2912	  5,8220000000e+03	  4,06549e-02	  5,25225e-02
2913	  5,8240000000e+03	  4,41723e-02	  5,47012e-02
2914	  5,8260000000e+03	  4,49506e-02	  5,43015e-02
2915	  5,8280000000e+03	  3,90927e-02	  5,06164e-02
2916	  5,8300000000e+03	  3,87460e-02	  4,81129e-02
2917	  5,8320000000e+03	  4,11983e-02	  4,44265e-02
2918	  5,8340000000e+03	  4,06004e-02	  4,15195e-02
2919	  5,8360000000e+03	  3,85873e-02	  4,10596e-02
2920	  5,8380000000e+03	  3,94023e-02	  4,08836e-02
2921	  5,8400000000e+03	  3,91876e-02	  3,98235e-02
2922	  5,8420000000e+03	  3,59413e-02	  4,01455e-02
2923	  5,8440000000e+03	  4,12925e-02	  3,95765e-02
2924	  5,8460000000e+03	  3,94020e-02	  3,55150e-02
2925	  5,8480000000e+03	  3,44790e-02	  3,30014e-02
2926	  5,8500000000e+03	  3,05659e-02	  3,48488e-02
2927	  5,8520000000e+03	  3,17470e-02	  3,41427e-02
2928	  5,8540000000e+03	  3,47882e-02	  3,37601e-02
2929	  5,8560000000e+03	  3,78025e-02	  3,24085e-02
2930	  5,8580000000e+03	  3,44711e-02	  3,31283e-02
2931	  5,8600000000e+03	  3,13032e-02	  3,37937e-02
2932	  5,8620000000e+03	  3,19882e-02	  3,32225e-02
2933	  5,8640000000e+03	  3,56973e-02	  3,01277e-02
2934	  5,8660000000e+03	  3,59383e-02	  3,14825e-02
2935	  5,8680000000e+03	  3,34114e-02	  3,13241e-02
2936	  5,8700000000e+03	  3,25907e-02	  2,93587e-02
2937	  5,8720000000e+03	  3,14684e-02	  2,89887e-02
2938	  5,8740000000e+03	  3,04442e-02	  3,17618e-02
2939	  5,8760000000e+03	  3,46722e-02	  2,53185e-02
2940	  5,8780000000e+03	  3,27858e-02	  2,23186e-02
2941	  5,8800000000e+03	  2,61734e-02	  2,41809e-02
2942	  5,8820000000e+03	  2,44198e-02	  2,70134e-02
2943	  5,8840000000e+03	  2,75368e-02	  2,53555e-02
2944	  5,8860000000e+03	  3,04104e-02	  2,52829e-02
2945	  5,8880000000e+03	  3,23656e-02	  2,44799e-02
2946	  5,8900000000e+03	  3,19522e-02	  2,54589e-02
2947	  5,8920000000e+03	  2,74179e-02	  2,56947e-02
2948	  5,8940000000e+03	  2,69058e-02	  2,51638e-02
2949	  5,8960000000e+03	  2,40253e-02	  2,71486e-02
2950	  5,8980000000e+03	  2,38991e-02	  2,65655e-02
2951	  5,9000000000e+03	  2,49356e-02	  2,53121e-02
2952	  5,9020000000e+03	  2,52591e-02	  2,69150e-02
2953	  5,9040000000e+03	  2,15010e-02	  2,61952e-02
2954	  5,9060000000e+03	  1,89953e-02	  2,67252e-02
2955	  5,9080000000e+03	  2,05123e-02	  2,60841e-02
2956	  5,9100000000e+03	  2,03760e-02	  2,68462e-02
2957	  5,9120000000e+03	  2,10718e-02	  3,02073e-02
2958	  5,9140000000e+03	  1,90691e-02	  3,25176e-02
2959	  5,9160000000e+03	  1,71726e-02	  2,87172e-02
2960	  5,9180000000e+03	  1,66143e-02	  2,82456e-02
2961	  5,9200000000e+03	  1,41718e-02	  3,14413e-02
2962	  5,9220000000e+03	  1,36787e-02	  3,04343e-02
2963	  5,9240000000e+03	  1,55528e-02	  3,14923e-02
2964	  5,9260000000e+03	  1,66013e-02	  2,94868e-02
2965	  5,9280000000e+03	  1,77648e-02	  2,97921e-02
2966	  5,9300000000e+03	  1,78614e-02	  3,50473e-02
2967	  5,9320000000e+03	  1,75039e-02	  3,89411e-02
2968	  5,9340000000e+03	  1,62719e-02	  3,70478e-02
2969	  5,9360000000e+03	  1,37849e-02	  3,82058e-02
2970	  5,9380000000e+03	  1,71547e-02	  4,23505e-02
2971	  5,9400000000e+03	  2,12710e-02	  4,39797e-02
2972	  5,9420000000e+03	  2,20808e-02	  4,20866e-02
2973	  5,9440000000e+03	  2,28868e-02	  4,21937e-02
2974	  5,9460000000e+03	  1,81719e-02	  4,44801e-02
2975	  5,9480000000e+03	  1,90033e-02	  4,42444e-02
2976	  5,9500000000e+03	  2,71243e-02	  4,52240e-02
2977	  5,9520000000e+03	  2,62906e-02	  4,58182e-02
2978	  5,9540000000e+03	  2,58873e-02	  4,39370e-02
2979	  5,9560000000e+03	  2,53531e-02	  4,65511e-02
2980	  5,9580000000e+03	  2,40723e-02	  4,75060e-02
2981	  5,9600000000e+03	  2,36953e-02	  4,86320e-02
2982	  5,9620000000e+03	  2,52210e-02	  4,96971e-02
2983	  5,9640000000e+03	  2,76004e-02	  4,78343e-02
2984	  5,9660000000e+03	  2,88375e-02	  4,91453e-02
2985	  5,9680000000e+03	  3,20266e-02	  5,13256e-02
2986	  5,9700000000e+03	  3,11813e-02	  5,06423e-02
2987	  5,9720000000e+03	  3,14312e-02	  5,59716e-02
2988	  5,9740000000e+03	  3,61101e-02	  5,79224e-02
2989	  5,9760000000e+03	  3,70902e-02	  5,36730e-02
2990	  5,9780000000e+03	  3,70912e-02	  5,39992e-02
2991	  5,9800000000e+03	  3,87440e-02	  5,45944e-02
2992	  5,9820000000e+03	  4,26385e-02	  5,18430e-02
2993	  5,9840000000e+03	  4,39943e-02	  5,15697e-02
2994	  5,9860000000e+03	  4,53525e-02	  5,29150e-02
2995	  5,9880000000e+03	  4,68601e-02	  5,53640e-02
2996	  5,9900000000e+03	  4,72356e-02	  5,54544e-02
2997	  5,9920000000e+03	  4,87684e-02	  5,22208e-02
2998	  5,9940000000e+03	  4,62507e-02	  5,01783e-02
2999	  5,9960000000e+03	  4,69826e-02	  4,97411e-02
3000	  5,9980000000e+03	  4,66308e-02	  5,18512e-02
3001	  6,0000000000e+03	  5,06689e-02	  5,32345e-02
3002	  6,0020000000e+03	  5,68372e-02	  5,03824e-02
3003	  6,0040000000e+03	  5,75826e-02	  4,76347e-02
3004	  6,0060000000e+03	  6,02990e-02	  4,75888e-02
3005	  6,0080000000e+03	  5,89944e-02	  4,67728e-02
3006	  6,0100000000e+03	  6,25848e-02	  4,72311e-02
3007	  6,0120000000e+03	  6,52953e-02	  4,61395e-02
3008	  6,0140000000e+03	  6,86892e-02	  4,35970e-02
3009	  6,0160000000e+03	  7,09091e-02	  4,51789e-02
3010	  6,0180000000e+03	  7,02562e-02	  4,81047e-02
3011	  6,0200000000e+03	  6,90568e-02	  4,39974e-02
3012	  6,0220000000e+03	  6,79540e-02	  3,90867e-02
3013	  6,0240000000e+03	  6,95372e-02	  3,97404e-02
3014	  6,0260000000e+03	  7,34450e-02	  3,70897e-02
3015	  6,0280000000e+03	  7,31332e-02	  3,74380e-02
3016	  6,0300000000e+03	  7,69107e-02	  3,95844e-02
3017	  6,0320000000e+03	  7,79653e-02	  3,32193e-02
3018	  6,0340000000e+03	  7,90817e-02	  3,87113e-02
3019	  6,0360000000e+03	  7,90000e-02	  3,70073e-02
3020	  6,0380000000e+03	  7,82182e-02	  3,26873e-02
3021	  6,0400000000e+03	  8,00638e-02	  3,30187e-02
3022	  6,0420000000e+03	  8,18707e-02	  3,22027e-02
3023	  6,0440000000e+03	  8,27300e-02	  2,98085e-02
3024	  6,0460000000e+03	  8,09292e-02	  2,73984e-02
3025	  6,0480000000e+03	  8,59135e-02	  2,79116e-02
3026	  6,0500000000e+03	  8,76083e-02	  2,76281e-02
3027	  6,0520000000e+03	  8,34371e-02	  2,53841e-02
3028	  6,0540000000e+03	  8,20654e-02	  2,21355e-02
3029	  6,0560000000e+03	  8,32855e-02	  1,72464e-02
3030	  6,0580000000e+03	  8,71204e-02	  1,58739e-02
3031	  6,0600000000e+03	  8,99228e-02	  1,64365e-02
3032	  6,0620000000e+03	  9,22177e-02	  1,34160e-02
3033	  6,0640000000e+03	  9,49893e-02	  1,24647e-02
3034	  6,0660000000e+03	  9,59042e-02	  1,41404e-02
3035	  6,0680000000e+03	  9,55497e-02	  1,38294e-02
3036	  6,0700000000e+03	  9,23947e-02	  8,26885e-03
3037	  6,0720000000e+03	  9,05830e-02	  2,27514e-03
3038	  6,0740000000e+03	  9,31092e-02	  2,77766e-04
3039	  6,0760000000e+03	  9,66248e-02	  3,95957e-03
3040	  6,0780000000e+03	  9,80275e-02	  2,15798e-03
3041	  6,0800000000e+03	  9,68470e-02	 -4,53170e-03
3042	  6,0820000000e+03	  9,53787e-02	 -6,54780e-03
3043	  6,0840000000e+03	  9,69267e-02	 -4,64950e-03
3044	  6,0860000000e+03	  9,51581e-02	 -3,87718e-03
3045	  6,0880000000e+03	  9,30781e-02	 -5,53254e-03
3046	  6,0900000000e+03	  8,86888e-02	 -5,62971e-03
3047	  6,0920000000e+03	  8,98749e-02	 -8,31974e-03
3048	  6,0940000000e+03	  9,43201e-02	 -1,00992e-02
3049	  6,0960000000e+03	  9,36532e-02	 -1,16977e-02
3050	  6,0980000000e+03	  9,07337e-02	 -1,47953e-02
3051	  6,1000000000e+03	  9,49097e-02	 -2,13866e-02
3052	  6,1020000000e+03	  9,77143e-02	 -1,88746e-02
3053	  6,1040000000e+03	  9,51791e-02	 -1,48718e-02
3054	  6,1060000000e+03	  9,69012e-02	 -2,03297e-02
3055	  6,1080000000e+03	  9,63688e-02	 -2,19706e-02
3056	  6,1100000000e+03	  9,64620e-02	 -2,43244e-02
3057	  6,1120000000e+03	  9,80241e-02	 -2,84352e-02
3058	  6,1140000000e+03	  9,58015e-02	 -2,75894e-02
3059	  6,1160000000e+03	  9,44835e-02	 -2,43303e-02
3060	  6,1180000000e+03	  9,02455e-02	 -3,00867e-02
3061	  6,1200000000e+03	  9,03676e-02	 -3,23108e-02
3062	  6,1220000000e+03	  9,16219e-02	 -3,29293e-02
3063	  6,1240000000e+03	  9,07136e-02	 -3,68132e-02
3064	  6,1260000000e+03	  8,81249e-02	 -3,79103e-02
3065	  6,1280000000e+03	  8,84003e-02	 -3,69309e-02
3066	  6,1300000000e+03	  9,19319e-02	 -4,48649e-02
3067	  6,1320000000e+03	  9,43300e-02	 -4,65336e-02
3068	  6,1340000000e+03	  9,12076e-02	 -4,59272e-02
3069	  6,1360000000e+03	  9,08175e-02	 -4,43911e-02
3070	  6,1380000000e+03	  9,01802e-02	 -4,41501e-02
3071	  6,1400000000e+03	  9,00693e-02	 -4,89545e-02
3072	  6,1420000000e+03	  9,07069e-02	 -5,45996e-02
3073	  6,1440000000e+03	  8,89956e-02	 -5,21155e-02
3074	  6,1460000000e+03	  8,69219e-02	 -5,57735e-02
3075	  6,1480000000e+03	  8,51434e-02	 -6,24270e-02
3076	  6,1500000000e+03	  8,67660e-02	 -6,37308e-02
3077	  6,1520000000e+03	  8,87434e-02	 -6,51019e-02
3078	  6,1540000000e+03	  8,61960e-02	 -6,90974e-02
3079	  6,1560000000e+03	  8,21306e-02	 -6,72247e-02
3080	  6,1580000000e+03	  7,95979e-02	 -6,69384e-02
3081	  6,1600000000e+03	  8,00019e-02	 -6,84215e-02
3082	  6,1620000000e+03	  7,91833e-02	 -6,89753e-02
3083	  6,1640000000e+03	  7,69492e-02	 -6,96647e-02
3084	  6,1660000000e+03	  7,36190e-02	 -7,53066e-02
3085	  6,1680000000e+03	  7,17553e-02	 -7,97572e-02
3086	  6,1700000000e+03	  6,94526e-02	 -8,06442e-02
3087	  6,1720000000e+03	  6,97162e-02	 -7,83552e-02
3088	  6,1740000000e+03	  6,90843e-02	 -7,87590e-02
3089	  6,1760000000e+03	  7,07696e-02	 -8,11197e-02
3090	  6,1780000000e+03	  6,79299e-02	 -8,04019e-02
3091	  6,1800000000e+03	  6,03714e-02	 -8,17589e-02
3092	  6,1820000000e+03	  5,97922e-02	 -8,23733e-02
3093	  6,1840000000e+03	  6,13803e-02	 -8,27081e-02
3094	  6,1860000000e+03	  6,10958e-02	 -8,56132e-02
3095	  6,1880000000e+03	  6,00361e-02	 -9,09582e-02
3096	  6,1900000000e+03	  6,13736e-02	 -8,92034e-02
3097	  6,1920000000e+03	  5,77801e-02	 -8,78778e-02
3098	  6,1940000000e+03	  5,29542e-02	 -8,62907e-02
3099	  6,1960000000e+03	  5,30101e-02	 -8,72233e-02
3100	  6,1980000000e+03	  5,50079e-02	 -8,96604e-02
3101	  6,2000000000e+03	  5,11550e-02	 -9,12201e-02
3102	  6,2020000000e+03	  5,12551e-02	 -9,31066e-02
3103	  6,2040000000e+03	  5,10818e-02	 -9,53542e-02
3104	  6,2060000000e+03	  4,69889e-02	 -9,80576e-02
3105	  6,2080000000e+03	  4,76998e-02	 -9,60978e-02
3106	  6,2100000000e+03	  4,36488e-02	 -9,54927e-02
3107	  6,2120000000e+03	  4,23086e-02	 -9,58120e-02
3108	  6,2140000000e+03	  4,18029e-02	 -9,82563e-02
3109	  6,2160000000e+03	  3,83398e-02	 -9,86784e-02
3110	  6,2180000000e+03	  3,63473e-02	 -9,87442e-02
3111	  6,2200000000e+03	  3,37465e-02	 -1,01094e-01
3112	  6,2220000000e+03	  2,74428e-02	 -1,01290e-01
3113	  6,2240000000e+03	  3,01635e-02	 -1,01423e-01
3114	  6,2260000000e+03	  2,64227e-02	 -1,01346e-01
3115	  6,2280000000e+03	  2,64886e-02	 -1,02267e-01
3116	  6,2300000000e+03	  2,52694e-02	 -1,07901e-01
3117	  6,2320000000e+03	  2,22695e-02	 -1,07476e-01
3118	  6,2340000000e+03	  1,88351e-02	 -1,01525e-01
3119	  6,2360000000e+03	  1,96133e-02	 -9,87976e-02
3120	  6,2380000000e+03	  1,48018e-02	 -1,01672e-01
3121	  6,2400000000e+03	  1,14678e-02	 -1,02306e-01
3122	  6,2420000000e+03	  1,11228e-02	 -9,98813e-02
3123	  6,2440000000e+03	  1,29995e-02	 -9,83946e-02
3124	  6,2460000000e+03	  1,12780e-02	 -1,02309e-01
3125	  6,2480000000e+03	  7,00855e-03	 -1,03287e-01
3126	  6,2500000000e+03	  4,10617e-03	 -1,02964e-01
3127	  6,2520000000e+03	  2,39319e-03	 -1,03852e-01
3128	  6,2540000000e+03	  1,15981e-03	 -1,04875e-01
3129	  6,2560000000e+03	  9,40024e-04	 -1,08247e-01
3130	  6,2580000000e+03	  2,62586e-03	 -1,07063e-01
3131	  6,2600000000e+03	 -2,50654e-04	 -1,07172e-01
3132	  6,2620000000e+03	 -9,02066e-03	 -1,11601e-01
3133	  6,2640000000e+03	 -1,17553e-02	 -1,08953e-01
3134	  6,2660000000e+03	 -1,34977e-02	 -1,04829e-01
3135	  6,2680000000e+03	 -1,26816e-02	 -1,02870e-01
3136	  6,2700000000e+03	 -1,44516e-02	 -1,03720e-01
3137	  6,2720000000e+03	 -1,93952e-02	 -1,01264e-01
3138	  6,2740000000e+03	 -2,03362e-02	 -1,00251e-01
3139	  6,2760000000e+03	 -1,87209e-02	 -1,00189e-01
3140	  6,2780000000e+03	 -2,14060e-02	 -1,01799e-01
3141	  6,2800000000e+03	 -2,49041e-02	 -9,79482e-02
3142	  6,2820000000e+03	 -2,49556e-02	 -9,61459e-02
3143	  6,2840000000e+03	 -2,47001e-02	 -9,92669e-02
3144	  6,2860000000e+03	 -2,53887e-02	 -1,00432e-01
3145	  6,2880000000e+03	 -2,86395e-02	 -1,01223e-01
3146	  6,2900000000e+03	 -3,23504e-02	 -1,00974e-01
3147	  6,2920000000e+03	 -3,65770e-02	 -9,27201e-02
3148	  6,2940000000e+03	 -3,68947e-02	 -9,37360e-02
3149	  6,2960000000e+03	 -3,99148e-02	 -9,40035e-02
3150	  6,2980000000e+03	 -4,17578e-02	 -9,58410e-02
3151	  6,3000000000e+03	 -4,69809e-02	 -9,65418e-02
3152	  6,3020000000e+03	 -4,49132e-02	 -9,32164e-02
3153	  6,3040000000e+03	 -4,30255e-02	 -9,02629e-02
3154	  6,3060000000e+03	 -4,67687e-02	 -8,80149e-02
3155	  6,3080000000e+03	 -4,70718e-02	 -9,02868e-02
3156	  6,3100000000e+03	 -4,62721e-02	 -9,07852e-02
3157	  6,3120000000e+03	 -4,83184e-02	 -8,59244e-02
3158	  6,3140000000e+03	 -4,90833e-02	 -8,48464e-02
3159	  6,3160000000e+03	 -5,57208e-02	 -8,16592e-02
3160	  6,3180000000e+03	 -5,73619e-02	 -7,81729e-02
3161	  6,3200000000e+03	 -5,75282e-02	 -7,73697e-02
3162	  6,3220000000e+03	 -5,64480e-02	 -7,77597e-02
3163	  6,3240000000e+03	 -5,69917e-02	 -7,74729e-02
3164	  6,3260000000e+03	 -5,95387e-02	 -7,49262e-02
3165	  6,3280000000e+03	 -5,92779e-02	 -7,26754e-02
3166	  6,3300000000e+03	 -6,03168e-02	 -7,18992e-02
3167	  6,3320000000e+03	 -5,88144e-02	 -7,17333e-02
3168	  6,3340000000e+03	 -6,08155e-02	 -7,25350e-02
3169	  6,3360000000e+03	 -6,20020e-02	 -7,08903e-02
3170	  6,3380000000e+03	 -6,32480e-02	 -6,60816e-02
3171	  6,3400000000e+03	 -6,20107e-02	 -6,48440e-02
3172	  6,3420000000e+03	 -5,98196e-02	 -6,60530e-02
3173	  6,3440000000e+03	 -6,46564e-02	 -6,25539e-02
3174	  6,3460000000e+03	 -6,79879e-02	 -6,08631e-02
3175	  6,3480000000e+03	 -6,83991e-02	 -6,14618e-02
3176	  6,3500000000e+03	 -7,29403e-02	 -5,98524e-02
3177	  6,3520000000e+03	 -7,43446e-02	 -6,19950e-02
3178	  6,3540000000e+03	 -7,29313e-02	 -6,05897e-02
3179	  6,3560000000e+03	 -7,01357e-02	 -5,43854e-02
3180	  6,3580000000e+03	 -7,25824e-02	 -5,73172e-02
3181	  6,3600000000e+03	 -7,17457e-02	 -5,69432e-02
3182	  6,3620000000e+03	 -7,03468e-02	 -5,12507e-02
3183	  6,3640000000e+03	 -7,07801e-02	 -5,16386e-02
3184	  6,3660000000e+03	 -6,82037e-02	 -5,13254e-02
3185	  6,3680000000e+03	 -6,71522e-02	 -4,93916e-02
3186	  6,3700000000e+03	 -7,02534e-02	 -4,78135e-02
3187	  6,3720000000e+03	 -7,38441e-02	 -4,65997e-02
3188	  6,3740000000e+03	 -7,64951e-02	 -4,56663e-02
3189	  6,3760000000e+03	 -7,51704e-02	 -4,65378e-02
3190	  6,3780000000e+03	 -7,01784e-02	 -4,58482e-02
3191	  6,3800000000e+03	 -7,01390e-02	 -4,04698e-02
3192	  6,3820000000e+03	 -7,18079e-02	 -4,18084e-02
3193	  6,3840000000e+03	 -6,93614e-02	 -4,65294e-02
3194	  6,3860000000e+03	 -7,04668e-02	 -4,55042e-02
3195	  6,3880000000e+03	 -7,04752e-02	 -4,45876e-02
3196	  6,3900000000e+03	 -7,29021e-02	 -3,98815e-02
3197	  6,3920000000e+03	 -7,37841e-02	 -3,56874e-02
3198	  6,3940000000e+03	 -7,39949e-02	 -3,64377e-02
3199	  6,3960000000e+03	 -7,43464e-02	 -3,89393e-02
3200	  6,3980000000e+03	 -7,44537e-02	 -3,74411e-02
3201	  6,4000000000e+03	 -7,04901e-02	 -3,33964e-02
3202	  6,4020000000e+03	 -7,26026e-02	 -3,05568e-02
3203	  6,4040000000e+03	 -7,50715e-02	 -3,23304e-02
3204	  6,4060000000e+03	 -7,99491e-02	 -3,32956e-02
3205	  6,4080000000e+03	 -8,01732e-02	 -3,21518e-02
3206	  6,4100000000e+03	 -7,77434e-02	 -2,96386e-02
3207	  6,4120000000e+03	 -7,87171e-02	 -3,14604e-02
3208	  6,4140000000e+03	 -7,87009e-02	 -3,02659e-02
3209	  6,4160000000e+03	 -8,01921e-02	 -2,76074e-02
3210	  6,4180000000e+03	 -7,87737e-02	 -2,78854e-02
3211	  6,4200000000e+03	 -7,70202e-02	 -2,83327e-02
3212	  6,4220000000e+03	 -7,91753e-02	 -2,70692e-02
3213	  6,4240000000e+03	 -8,00230e-02	 -2,86057e-02
3214	  6,4260000000e+03	 -7,74730e-02	 -2,36406e-02
3215	  6,4280000000e+03	 -7,99141e-02	 -2,58221e-02
3216	  6,4300000000e+03	 -8,19083e-02	 -2,82145e-02
3217	  6,4320000000e+03	 -8,10561e-02	 -2,36202e-02
3218	  6,4340000000e+03	 -7,99072e-02	 -2,37420e-02
3219	  6,4360000000e+03	 -7,96230e-02	 -1,97551e-02
3220	  6,4380000000e+03	 -8,32111e-02	 -1,55644e-02
3221	  6,4400000000e+03	 -8,48882e-02	 -1,51446e-02
3222	  6,4420000000e+03	 -8,45111e-02	 -2,01052e-02
3223	  6,4440000000e+03	 -8,00673e-02	 -1,91397e-02
3224	  6,4460000000e+03	 -8,32882e-02	 -1,35884e-02
3225	  6,4480000000e+03	 -8,63721e-02	 -1,10575e-02
3226	  6,4500000000e+03	 -8,99482e-02	 -1,08524e-02
3227	  6,4520000000e+03	 -8,90216e-02	 -8,05772e-03
3228	  6,4540000000e+03	 -8,41033e-02	 -6,86084e-03
3229	  6,4560000000e+03	 -8,52369e-02	 -4,06627e-03
3230	  6,4580000000e+03	 -8,67631e-02	 -4,63722e-03
3231	  6,4600000000e+03	 -8,43059e-02	 -3,59125e-03
3232	  6,4620000000e+03	 -9,05499e-02	 -2,50236e-03
3233	  6,4640000000e+03	 -8,98009e-02	 -1,22711e-03
3234	  6,4660000000e+03	 -9,16545e-02	 -2,78957e-03
3235	  6,4680000000e+03	 -9,45036e-02	 -2,63394e-03
3236	  6,4700000000e+03	 -9,00619e-02	 -3,86823e-03
3237	  6,4720000000e+03	 -8,96783e-02	 -3,50416e-06
3238	  6,4740000000e+03	 -8,91220e-02	  4,82351e-03
3239	  6,4760000000e+03	 -8,53802e-02	  6,37232e-03
3240	  6,4780000000e+03	 -8,42465e-02	  1,03152e-02
3241	  6,4800000000e+03	 -8,72438e-02	  7,81845e-03
3242	  6,4820000000e+03	 -9,04601e-02	  9,22781e-03
3243	  6,4840000000e+03	 -8,49209e-02	  1,15228e-02
3244	  6,4860000000e+03	 -8,65095e-02	  1,51705e-02
3245	  6,4880000000e+03	 -8,52543e-02	  1,39825e-02
3246	  6,4900000000e+03	 -8,42931e-02	  1,64135e-02
3247	  6,4920000000e+03	 -8,58989e-02	  1,89801e-02
3248	  6,4940000000e+03	 -8,56321e-02	  1,87895e-02
3249	  6,4960000000e+03	 -8,69099e-02	  1,92356e-02
3250	  6,4980000000e+03	 -8,67407e-02	  2,12613e-02
3251	  6,5000000000e+03	 -8,57826e-02	  2,33932e-02
3252	  6,5020000000e+03	 -8,86865e-02	  2,21147e-02
3253	  6,5040000000e+03	 -8,50586e-02	  2,04989e-02
3254	  6,5060000000e+03	 -8,65379e-02	  2,56161e-02
3255	  6,5080000000e+03	 -8,98608e-02	  2,78208e-02
3256	  6,5100000000e+03	 -8,66932e-02	  3,01972e-02
3257	  6,5120000000e+03	 -8,77804e-02	  3,58341e-02
3258	  6,5140000000e+03	 -8,52968e-02	  3,69960e-02
3259	  6,5160000000e+03	 -8,21636e-02	  3,73257e-02
3260	  6,5180000000e+03	 -8,25977e-02	  3,96806e-02
3261	  6,5200000000e+03	 -8,58711e-02	  4,16865e-02
3262	  6,5220000000e+03	 -8,59784e-02	  4,08807e-02
3263	  6,5240000000e+03	 -8,40437e-02	  4,58454e-02
3264	  6,5260000000e+03	 -8,20978e-02	  4,76408e-02
3265	  6,5280000000e+03	 -7,85821e-02	  4,91658e-02
3266	  6,5300000000e+03	 -7,64226e-02	  5,12886e-02
3267	  6,5320000000e+03	 -7,55187e-02	  5,12650e-02
3268	  6,5340000000e+03	 -7,53323e-02	  5,04801e-02
3269	  6,5360000000e+03	 -7,12758e-02	  5,38651e-02
3270	  6,5380000000e+03	 -7,05549e-02	  5,85991e-02
3271	  6,5400000000e+03	 -7,07335e-02	  5,72663e-02
3272	  6,5420000000e+03	 -6,92341e-02	  5,56617e-02
3273	  6,5440000000e+03	 -6,69452e-02	  5,27489e-02
3274	  6,5460000000e+03	 -6,49929e-02	  5,94942e-02
3275	  6,5480000000e+03	 -6,41821e-02	  6,33806e-02
3276	  6,5500000000e+03	 -6,68919e-02	  6,17915e-02
3277	  6,5520000000e+03	 -6,54390e-02	  6,56173e-02
3278	  6,5540000000e+03	 -6,16221e-02	  6,74148e-02
3279	  6,5560000000e+03	 -6,16680e-02	  6,85329e-02
3280	  6,5580000000e+03	 -5,55374e-02	  6,99140e-02
3281	  6,5600000000e+03	 -5,13177e-02	  7,13667e-02
3282	  6,5620000000e+03	 -4,71875e-02	  7,07478e-02
3283	  6,5640000000e+03	 -4,89907e-02	  6,87429e-02
3284	  6,5660000000e+03	 -5,21817e-02	  6,84716e-02
3285	  6,5680000000e+03	 -5,03807e-02	  6,94211e-02
3286	  6,5700000000e+03	 -4,61750e-02	  7,15555e-02
3287	  6,5720000000e+03	 -4,25092e-02	  7,11161e-02
3288	  6,5740000000e+03	 -4,32421e-02	  7,03785e-02
3289	  6,5760000000e+03	 -3,96001e-02	  7,09765e-02
3290	  6,5780000000e+03	 -4,24265e-02	  6,90350e-02
3291	  6,5800000000e+03	 -4,19189e-02	  6,87719e-02
3292	  6,5820000000e+03	 -3,89630e-02	  7,00592e-02
3293	  6,5840000000e+03	 -3,28653e-02	  6,73638e-02
3294	  6,5860000000e+03	 -3,24706e-02	  6,91332e-02
3295	  6,5880000000e+03	 -3,24016e-02	  7,15120e-02
3296	  6,5900000000e+03	 -2,79715e-02	  7,12542e-02
3297	  6,5920000000e+03	 -2,86597e-02	  7,06438e-02
3298	  6,5940000000e+03	 -2,81564e-02	  6,69072e-02
3299	  6,5960000000e+03	 -2,79682e-02	  7,09104e-02
3300	  6,5980000000e+03	 -2,64085e-02	  7,05780e-02
3301	  6,6000000000e+03	 -2,29175e-02	  6,65619e-02
3302	  6,6020000000e+03	 -2,33817e-02	  6,72356e-02
3303	  6,6040000000e+03	 -2,29403e-02	  6,38636e-02
3304	  6,6060000000e+03	 -2,25957e-02	  6,78708e-02
3305	  6,6080000000e+03	 -1,87657e-02	  6,56891e-02
3306	  6,6100000000e+03	 -1,60985e-02	  6,08858e-02
3307	  6,6120000000e+03	 -1,60043e-02	  6,13714e-02
3308	  6,6140000000e+03	 -1,30698e-02	  6,46507e-02
3309	  6,6160000000e+03	 -1,71396e-02	  6,78602e-02
3310	  6,6180000000e+03	 -1,56178e-02	  6,78915e-02
3311	  6,6200000000e+03	 -1,20875e-02	  6,13299e-02
3312	  6,6220000000e+03	 -1,23977e-02	  6,07352e-02
3313	  6,6240000000e+03	 -1,41206e-02	  6,34203e-02
3314	  6,6260000000e+03	 -1,45312e-02	  6,54807e-02
3315	  6,6280000000e+03	 -1,29709e-02	  6,22657e-02
3316	  6,6300000000e+03	 -1,46126e-02	  6,43529e-02
3317	  6,6320000000e+03	 -1,16435e-02	  6,22517e-02
3318	  6,6340000000e+03	 -1,02210e-02	  6,26846e-02
3319	  6,6360000000e+03	 -1,06503e-02	  6,13808e-02
3320	  6,6380000000e+03	 -1,40826e-02	  5,95831e-02
3321	  6,6400000000e+03	 -9,93978e-03	  5,75652e-02
3322	  6,6420000000e+03	 -1,00235e-02	  5,72455e-02
3323	  6,6440000000e+03	 -8,86592e-03	  5,68996e-02
3324	  6,6460000000e+03	 -8,51654e-03	  5,72232e-02
3325	  6,6480000000e+03	 -1,02326e-02	  5,76400e-02
3326	  6,6500000000e+03	 -1,10337e-02	  6,02580e-02
3327	  6,6520000000e+03	 -7,76329e-03	  5,59130e-02
3328	  6,6540000000e+03	 -5,94426e-03	  5,40828e-02
3329	  6,6560000000e+03	 -6,00404e-03	  5,98276e-02
3330	  6,6580000000e+03	 -1,03794e-02	  5,82283e-02
3331	  6,6600000000e+03	 -7,11951e-03	  5,64792e-02
3332	  6,6620000000e+03	 -3,13374e-03	  5,82824e-02
3333	  6,6640000000e+03	 -3,57309e-03	  5,61553e-02
3334	  6,6660000000e+03	 -2,00627e-03	  5,36109e-02
3335	  6,6680000000e+03	 -7,02559e-04	  5,51487e-02
3336	  6,6700000000e+03	 -1,12447e-03	  5,30306e-02
3337	  6,6720000000e+03	 -2,62242e-03	  5,18296e-02
3338	  6,6740000000e+03	 -3,45535e-03	  5,45664e-02
3339	  6,6760000000e+03	 -4,87209e-03	  5,28464e-02
3340	  6,6780000000e+03	 -3,53485e-03	  5,19573e-02
3341	  6,6800000000e+03	 -2,06049e-03	  5,24808e-02
3342	  6,6820000000e+03	 -2,28540e-03	  5,44056e-02
3343	  6,6840000000e+03	 -2,32195e-03	  5,23574e-02
3344	  6,6860000000e+03	 -3,85671e-03	  5,19863e-02
3345	  6,6880000000e+03	 -4,75861e-03	  5,31160e-02
3346	  6,6900000000e+03	 -3,58507e-03	  5,45424e-02
3347	  6,6920000000e+03	  1,94600e-04	  5,74185e-02
3348	  6,6940000000e+03	 -3,19117e-03	  5,44627e-02
3349	  6,6960000000e+03	 -6,59919e-03	  5,58634e-02
3350	  6,6980000000e+03	 -7,79286e-03	  5,42592e-02
3351	  6,7000000000e+03	 -5,74552e-03	  5,20475e-02
3352	  6,7020000000e+03	 -3,47824e-03	  5,44962e-02
3353	  6,7040000000e+03	 -2,25678e-03	  5,61689e-02
3354	  6,7060000000e+03	 -4,89992e-03	  5,51143e-02
3355	  6,7080000000e+03	 -2,60950e-03	  5,54642e-02
3356	  6,7100000000e+03	 -4,16748e-03	  5,54255e-02
3357	  6,7120000000e+03	 -4,34196e-03	  5,67684e-02
3358	  6,7140000000e+03	 -2,25253e-03	  5,44313e-02
3359	  6,7160000000e+03	  5,41061e-05	  5,61067e-02
3360	  6,7180000000e+03	 -8,88573e-04	  5,65522e-02
3361	  6,7200000000e+03	 -2,95457e-03	  5,51173e-02
3362	  6,7220000000e+03	 -3,37663e-03	  5,88885e-02
3363	  6,7240000000e+03	 -1,47718e-03	  5,61948e-02
3364	  6,7260000000e+03	  7,21822e-05	  5,67730e-02
3365	  6,7280000000e+03	 -2,35041e-05	  6,13936e-02
3366	  6,7300000000e+03	 -4,22167e-03	  6,20364e-02
3367	  6,7320000000e+03	 -4,89408e-03	  6,12943e-02
3368	  6,7340000000e+03	 -3,32011e-03	  6,24582e-02
3369	  6,7360000000e+03	  8,73130e-04	  6,07283e-02
3370	  6,7380000000e+03	  1,83942e-03	  6,04602e-02
3371	  6,7400000000e+03	 -9,77583e-04	  6,24677e-02
3372	  6,7420000000e+03	 -1,31527e-03	  6,23229e-02
3373	  6,7440000000e+03	 -1,90395e-04	  6,20452e-02
3374	  6,7460000000e+03	 -7,27237e-04	  6,74110e-02
3375	  6,7480000000e+03	  1,24152e-04	  6,49237e-02
3376	  6,7500000000e+03	 -2,75471e-04	  6,64453e-02
3377	  6,7520000000e+03	  2,69925e-03	  6,84616e-02
3378	  6,7540000000e+03	  7,70969e-03	  7,05970e-02
3379	  6,7560000000e+03	  8,55583e-03	  7,14585e-02
3380	  6,7580000000e+03	  6,30297e-03	  6,84566e-02
3381	  6,7600000000e+03	  5,80249e-03	  7,14035e-02
3382	  6,7620000000e+03	  1,14564e-02	  7,55097e-02
3383	  6,7640000000e+03	  1,06764e-02	  7,38536e-02
3384	  6,7660000000e+03	  1,32420e-02	  7,52408e-02
3385	  6,7680000000e+03	  1,50385e-02	  7,48254e-02
3386	  6,7700000000e+03	  1,65286e-02	  7,35152e-02
3387	  6,7720000000e+03	  1,70882e-02	  7,29850e-02
3388	  6,7740000000e+03	  1,73720e-02	  7,30586e-02
3389	  6,7760000000e+03	  1,81863e-02	  7,01289e-02
3390	  6,7780000000e+03	  1,76550e-02	  7,34838e-02
3391	  6,7800000000e+03	  2,09412e-02	  7,43906e-02
3392	  6,7820000000e+03	  2,29831e-02	  7,37277e-02
3393	  6,7840000000e+03	  2,60278e-02	  7,40883e-02
3394	  6,7860000000e+03	  2,82964e-02	  7,20296e-02
3395	  6,7880000000e+03	  2,90532e-02	  7,62224e-02
3396	  6,7900000000e+03	  2,99813e-02	  7,88036e-02
3397	  6,7920000000e+03	  3,41225e-02	  8,03391e-02
3398	  6,7940000000e+03	  3,38040e-02	  7,58956e-02
3399	  6,7960000000e+03	  3,25418e-02	  7,40905e-02
3400	  6,7980000000e+03	  3,54579e-02	  7,82020e-02
3401	  6,8000000000e+03	  4,37041e-02	  8,01761e-02
3402	  6,8020000000e+03	  4,62642e-02	  8,03825e-02
3403	  6,8040000000e+03	  4,10266e-02	  8,04548e-02
3404	  6,8060000000e+03	  4,32659e-02	  8,12935e-02
3405	  6,8080000000e+03	  4,28961e-02	  8,02407e-02
3406	  6,8100000000e+03	  4,48898e-02	  8,06409e-02
3407	  6,8120000000e+03	  4,98257e-02	  8,06845e-02
3408	  6,8140000000e+03	  5,00308e-02	  7,93974e-02
3409	  6,8160000000e+03	  5,19431e-02	  7,70885e-02
3410	  6,8180000000e+03	  5,24084e-02	  8,00449e-02
3411	  6,8200000000e+03	  5,59602e-02	  8,33862e-02
3412	  6,8220000000e+03	  5,60889e-02	  7,73044e-02
3413	  6,8240000000e+03	  5,92037e-02	  7,15358e-02
3414	  6,8260000000e+03	  6,74450e-02	  7,31609e-02
3415	  6,8280000000e+03	  6,57567e-02	  7,30209e-02
3416	  6,8300000000e+03	  6,69971e-02	  7,27158e-02
3417	  6,8320000000e+03	  6,97784e-02	  7,44924e-02
3418	  6,8340000000e+03	  7,13360e-02	  7,34331e-02
3419	  6,8360000000e+03	  7,26274e-02	  7,44863e-02
3420	  6,8380000000e+03	  7,50541e-02	  7,09749e-02
3421	  6,8400000000e+03	  7,29924e-02	  6,66091e-02
3422	  6,8420000000e+03	  7,38523e-02	  6,29798e-02
3423	  6,8440000000e+03	  7,67278e-02	  6,26971e-02
3424	  6,8460000000e+03	  7,93144e-02	  6,41007e-02
3425	  6,8480000000e+03	  8,37257e-02	  6,04027e-02
3426	  6,8500000000e+03	  8,58462e-02	  5,87578e-02
3427	  6,8520000000e+03	  8,48545e-02	  5,51836e-02
3428	  6,8540000000e+03	  8,36091e-02	  5,54643e-02
3429	  6,8560000000e+03	  8,86352e-02	  5,76494e-02
3430	  6,8580000000e+03	  8,82544e-02	  5,54792e-02
3431	  6,8600000000e+03	  8,98653e-02	  5,22938e-02
3432	  6,8620000000e+03	  9,35682e-02	  4,81072e-02
3433	  6,8640000000e+03	  9,42574e-02	  4,77195e-02
3434	  6,8660000000e+03	  9,33424e-02	  4,64632e-02
3435	  6,8680000000e+03	  9,71511e-02	  4,52014e-02
3436	  6,8700000000e+03	  1,02116e-01	  4,10189e-02
3437	  6,8720000000e+03	  1,00506e-01	  3,99595e-02
3438	  6,8740000000e+03	  9,83833e-02	  3,88570e-02
3439	  6,8760000000e+03	  9,41601e-02	  3,47010e-02
3440	  6,8780000000e+03	  9,75352e-02	  3,46933e-02
3441	  6,8800000000e+03	  9,86614e-02	  3,85098e-02
3442	  6,8820000000e+03	  9,94878e-02	  3,78976e-02
3443	  6,8840000000e+03	  1,01146e-01	  2,71356e-02
3444	  6,8860000000e+03	  1,03588e-01	  2,15957e-02
3445	  6,8880000000e+03	  1,03067e-01	  1,97438e-02
3446	  6,8900000000e+03	  1,02640e-01	  1,95276e-02
3447	  6,8920000000e+03	  1,02692e-01	  1,94907e-02
3448	  6,8940000000e+03	  1,02653e-01	  1,82942e-02
3449	  6,8960000000e+03	  1,04170e-01	  1,90521e-02
3450	  6,8980000000e+03	  1,06891e-01	  2,01233e-02
3451	  6,9000000000e+03	  1,07666e-01	  1,43060e-02
3452	  6,9020000000e+03	  1,04869e-01	  1,00935e-02
3453	  6,9040000000e+03	  1,05638e-01	  1,12704e-02
3454	  6,9060000000e+03	  1,02187e-01	  5,84573e-03
3455	  6,9080000000e+03	  1,01010e-01	  5,51590e-03
3456	  6,9100000000e+03	  1,04463e-01	  5,02853e-03
3457	  6,9120000000e+03	  1,04780e-01	 -1,72809e-03
3458	  6,9140000000e+03	  1,02655e-01	 -7,07521e-03
3459	  6,9160000000e+03	  1,08093e-01	 -8,24434e-03
3460	  6,9180000000e+03	  1,07778e-01	 -4,64710e-03
3461	  6,9200000000e+03	  1,04172e-01	 -1,03486e-02
3462	  6,9220000000e+03	  1,06981e-01	 -1,08107e-02
3463	  6,9240000000e+03	  1,07978e-01	 -6,40227e-03
3464	  6,9260000000e+03	  1,08550e-01	 -8,37699e-03
3465	  6,9280000000e+03	  1,10372e-01	 -1,27439e-02
3466	  6,9300000000e+03	  1,07472e-01	 -1,42434e-02
3467	  6,9320000000e+03	  1,05735e-01	 -1,73667e-02
3468	  6,9340000000e+03	  1,05154e-01	 -1,93114e-02
3469	  6,9360000000e+03	  1,04873e-01	 -2,41357e-02
3470	  6,9380000000e+03	  1,03037e-01	 -2,64051e-02
3471	  6,9400000000e+03	  1,03611e-01	 -2,77975e-02
3472	  6,9420000000e+03	  1,04207e-01	 -3,08350e-02
3473	  6,9440000000e+03	  1,02262e-01	 -3,39516e-02
3474	  6,9460000000e+03	  1,04017e-01	 -3,28615e-02
3475	  6,9480000000e+03	  1,02603e-01	 -3,53352e-02
3476	  6,9500000000e+03	  9,46067e-02	 -4,10364e-02
3477	  6,9520000000e+03	  9,59546e-02	 -4,33100e-02
3478	  6,9540000000e+03	  9,70574e-02	 -4,71655e-02
3479	  6,9560000000e+03	  9,77832e-02	 -4,37857e-02
3480	  6,9580000000e+03	  9,74399e-02	 -4,44572e-02
3481	  6,9600000000e+03	  9,67399e-02	 -5,05734e-02
3482	  6,9620000000e+03	  9,61567e-02	 -5,27460e-02
3483	  6,9640000000e+03	  9,34166e-02	 -5,25815e-02
3484	  6,9660000000e+03	  8,96589e-02	 -5,36795e-02
3485	  6,9680000000e+03	  8,91471e-02	 -5,58000e-02
3486	  6,9700000000e+03	  8,92088e-02	 -5,91560e-02
3487	  6,9720000000e+03	  8,74366e-02	 -5,97057e-02
3488	  6,9740000000e+03	  9,01075e-02	 -5,89997e-02
3489	  6,9760000000e+03	  8,85469e-02	 -6,26588e-02
3490	  6,9780000000e+03	  8,92662e-02	 -6,56553e-02
3491	  6,9800000000e+03	  8,84323e-02	 -6,57972e-02
3492	  6,9820000000e+03	  8,28744e-02	 -6,79244e-02
3493	  6,9840000000e+03	  8,54509e-02	 -6,78294e-02
3494	  6,9860000000e+03	  8,55662e-02	 -7,07436e-02
3495	  6,9880000000e+03	  8,11398e-02	 -7,20818e-02
3496	  6,9900000000e+03	  7,69556e-02	 -7,32487e-02
3497	  6,9920000000e+03	  7,58093e-02	 -7,38466e-02
3498	  6,9940000000e+03	  7,69155e-02	 -7,46267e-02
3499	  6,9960000000e+03	  7,68476e-02	 -7,72000e-02
3500	  6,9980000000e+03	  7,43202e-02	 -7,73685e-02
3501	  7,0000000000e+03	  7,31973e-02	 -7,76474e-02
3502	  7,0020000000e+03	  7,12216e-02	 -8,23524e-02
3503	  7,0040000000e+03	  6,95910e-02	 -8,24158e-02
3504	  7,0060000000e+03	  6,50953e-02	 -8,13971e-02
3505	  7,0080000000e+03	  6,41431e-02	 -8,21963e-02
3506	  7,0100000000e+03	  6,22151e-02	 -8,68130e-02
3507	  7,0120000000e+03	  6,05405e-02	 -8,83735e-02
3508	  7,0140000000e+03	  6,07906e-02	 -8,84238e-02
3509	  7,0160000000e+03	  6,28627e-02	 -8,96225e-02
3510	  7,0180000000e+03	  5,98099e-02	 -8,79349e-02
3511	  7,0200000000e+03	  5,46297e-02	 -9,08573e-02
3512	  7,0220000000e+03	  5,31569e-02	 -9,07270e-02
3513	  7,0240000000e+03	  5,42912e-02	 -9,12972e-02
3514	  7,0260000000e+03	  5,46970e-02	 -9,34129e-02
3515	  7,0280000000e+03	  5,28673e-02	 -9,78713e-02
3516	  7,0300000000e+03	  4,74604e-02	 -9,86553e-02
3517	  7,0320000000e+03	  4,29571e-02	 -9,86987e-02
3518	  7,0340000000e+03	  4,14035e-02	 -9,93199e-02
3519	  7,0360000000e+03	  4,02492e-02	 -9,97161e-02
3520	  7,0380000000e+03	  4,04699e-02	 -9,90558e-02
3521	  7,0400000000e+03	  3,93538e-02	 -9,55606e-02
3522	  7,0420000000e+03	  3,43417e-02	 -1,00178e-01
3523	  7,0440000000e+03	  3,50998e-02	 -1,02249e-01
3524	  7,0460000000e+03	  3,35561e-02	 -9,97264e-02
3525	  7,0480000000e+03	  3,08962e-02	 -1,02134e-01
3526	  7,0500000000e+03	  2,85573e-02	 -1,04458e-01
3527	  7,0520000000e+03	  2,39121e-02	 -1,03859e-01
3528	  7,0540000000e+03	  1,93513e-02	 -1,01647e-01
3529	  7,0560000000e+03	  2,07436e-02	 -1,03335e-01
3530	  7,0580000000e+03	  1,78493e-02	 -1,06549e-01
3531	  7,0600000000e+03	  1,29457e-02	 -1,09247e-01
3532	  7,0620000000e+03	  1,54197e-02	 -1,06051e-01
3533	  7,0640000000e+03	  1,09278e-02	 -1,03548e-01
3534	  7,0660000000e+03	  7,42799e-03	 -1,06062e-01
3535	  7,0680000000e+03	  6,13251e-03	 -1,03614e-01
3536	  7,0700000000e+03	  9,37172e-03	 -1,05501e-01
3537	  7,0720000000e+03	  1,16290e-02	 -1,06384e-01
3538	  7,0740000000e+03	  1,92281e-03	 -1,04293e-01
3539	  7,0760000000e+03	 -1,77514e-03	 -1,01737e-01
3540	  7,0780000000e+03	 -9,29335e-04	 -1,01987e-01
3541	  7,0800000000e+03	 -1,65142e-03	 -1,00967e-01
3542	  7,0820000000e+03	 -6,11356e-03	 -1,02920e-01
3543	  7,0840000000e+03	 -6,64619e-03	 -1,05572e-01
3544	  7,0860000000e+03	 -9,37974e-03	 -1,03399e-01
3545	  7,0880000000e+03	 -1,65470e-02	 -9,85247e-02
3546	  7,0900000000e+03	 -1,73567e-02	 -9,52288e-02
3547	  7,0920000000e+03	 -1,68089e-02	 -9,61448e-02
3548	  7,0940000000e+03	 -1,90580e-02	 -9,73025e-02
3549	  7,0960000000e+03	 -1,87276e-02	 -9,83464e-02
3550	  7,0980000000e+03	 -2,11152e-02	 -9,96102e-02
3551	  7,1000000000e+03	 -2,48769e-02	 -9,61914e-02
3552	  7,1020000000e+03	 -2,71356e-02	 -9,63416e-02
3553	  7,1040000000e+03	 -2,87742e-02	 -9,45669e-02
3554	  7,1060000000e+03	 -3,10422e-02	 -9,42760e-02
3555	  7,1080000000e+03	 -3,14791e-02	 -9,46937e-02
3556	  7,1100000000e+03	 -3,41180e-02	 -9,70713e-02
3557	  7,1120000000e+03	 -3,28071e-02	 -9,66846e-02
3558	  7,1140000000e+03	 -3,52261e-02	 -9,30855e-02
3559	  7,1160000000e+03	 -4,00944e-02	 -9,23216e-02
3560	  7,1180000000e+03	 -4,45398e-02	 -8,98356e-02
3561	  7,1200000000e+03	 -4,31815e-02	 -8,68341e-02
3562	  7,1220000000e+03	 -4,50067e-02	 -8,56732e-02
3563	  7,1240000000e+03	 -4,72636e-02	 -8,69310e-02
3564	  7,1260000000e+03	 -4,96331e-02	 -8,53389e-02
3565	  7,1280000000e+03	 -4,76967e-02	 -8,53228e-02
3566	  7,1300000000e+03	 -4,78816e-02	 -8,67377e-02
3567	  7,1320000000e+03	 -4,93633e-02	 -8,54010e-02
3568	  7,1340000000e+03	 -5,15034e-02	 -8,30096e-02
3569	  7,1360000000e+03	 -5,44342e-02	 -7,73146e-02
3570	  7,1380000000e+03	 -5,54238e-02	 -7,31480e-02
3571	  7,1400000000e+03	 -5,83398e-02	 -7,27408e-02
3572	  7,1420000000e+03	 -5,96879e-02	 -7,68254e-02
3573	  7,1440000000e+03	 -6,07241e-02	 -7,23103e-02
3574	  7,1460000000e+03	 -5,83210e-02	 -7,04619e-02
3575	  7,1480000000e+03	 -6,15210e-02	 -7,03781e-02
3576	  7,1500000000e+03	 -6,57799e-02	 -7,06251e-02
3577	  7,1520000000e+03	 -6,43730e-02	 -6,35466e-02
3578	  7,1540000000e+03	 -6,18858e-02	 -6,21233e-02
3579	  7,1560000000e+03	 -6,25742e-02	 -6,23464e-02
3580	  7,1580000000e+03	 -6,59865e-02	 -5,90689e-02
3581	  7,1600000000e+03	 -6,92603e-02	 -5,78061e-02
3582	  7,1620000000e+03	 -7,12035e-02	 -5,69395e-02
3583	  7,1640000000e+03	 -7,33267e-02	 -5,48330e-02
3584	  7,1660000000e+03	 -7,10698e-02	 -5,16692e-02
3585	  7,1680000000e+03	 -7,12573e-02	 -4,87188e-02
3586	  7,1700000000e+03	 -7,14535e-02	 -5,15243e-02
3587	  7,1720000000e+03	 -7,03940e-02	 -4,92506e-02
3588	  7,1740000000e+03	 -7,00851e-02	 -4,50982e-02
3589	  7,1760000000e+03	 -6,86660e-02	 -4,47926e-02
3590	  7,1780000000e+03	 -7,04398e-02	 -4,63924e-02
3591	  7,1800000000e+03	 -7,08843e-02	 -4,39187e-02
3592	  7,1820000000e+03	 -7,04152e-02	 -4,06909e-02
3593	  7,1840000000e+03	 -6,96389e-02	 -3,67079e-02
3594	  7,1860000000e+03	 -6,92150e-02	 -3,92533e-02
3595	  7,1880000000e+03	 -6,96581e-02	 -3,66597e-02
3596	  7,1900000000e+03	 -7,16322e-02	 -3,68427e-02
3597	  7,1920000000e+03	 -7,22213e-02	 -3,41268e-02
3598	  7,1940000000e+03	 -7,39948e-02	 -3,19062e-02
3599	  7,1960000000e+03	 -7,12246e-02	 -2,92387e-02
3600	  7,1980000000e+03	 -7,11450e-02	 -2,81818e-02
3601	  7,2000000000e+03	 -7,14983e-02	 -2,90660e-02
3602	  7,2020000000e+03	 -6,69042e-02	 -2,60132e-02
3603	  7,2040000000e+03	 -7,17099e-02	 -2,50900e-02
3604	  7,2060000000e+03	 -7,05140e-02	 -2,30329e-02
3605	  7,2080000000e+03	 -7,18584e-02	 -2,00983e-02
3606	  7,2100000000e+03	 -7,34844e-02	 -2,11694e-02
3607	  7,2120000000e+03	 -6,87104e-02	 -1,91346e-02
3608	  7,2140000000e+03	 -6,60666e-02	 -1,71152e-02
3609	  7,2160000000e+03	 -6,54131e-02	 -1,63342e-02
3610	  7,2180000000e+03	 -6,73194e-02	 -1,65588e-02
3611	  7,2200000000e+03	 -6,76429e-02	 -1,83496e-02
3612	  7,2220000000e+03	 -6,62246e-02	 -1,76567e-02
3613	  7,2240000000e+03	 -6,35335e-02	 -1,47968e-02
3614	  7,2260000000e+03	 -6,60024e-02	 -1,00475e-02
3615	  7,2280000000e+03	 -7,02340e-02	 -8,10692e-03
3616	  7,2300000000e+03	 -6,64244e-02	 -1,21655e-02
3617	  7,2320000000e+03	 -6,64455e-02	 -1,33577e-02
3618	  7,2340000000e+03	 -6,77038e-02	 -1,25585e-02
3619	  7,2360000000e+03	 -6,56186e-02	 -1,32945e-02
3620	  7,2380000000e+03	 -6,82199e-02	 -1,14916e-02
3621	  7,2400000000e+03	 -7,04118e-02	 -7,59496e-03
3622	  7,2420000000e+03	 -6,85993e-02	 -8,43281e-03
3623	  7,2440000000e+03	 -6,51902e-02	 -8,57734e-03
3624	  7,2460000000e+03	 -6,57839e-02	 -2,44189e-03
3625	  7,2480000000e+03	 -6,44047e-02	 -2,46745e-03
3626	  7,2500000000e+03	 -6,55945e-02	 -1,53238e-03
3627	  7,2520000000e+03	 -6,51310e-02	 -1,15024e-03
3628	  7,2540000000e+03	 -6,36360e-02	 -5,40618e-03
3629	  7,2560000000e+03	 -6,69020e-02	 -3,05065e-04
3630	  7,2580000000e+03	 -6,61169e-02	  9,81213e-04
3631	  7,2600000000e+03	 -6,50168e-02	 -4,92434e-04
3632	  7,2620000000e+03	 -6,81177e-02	  2,78808e-04
3633	  7,2640000000e+03	 -6,67574e-02	  1,81523e-03
3634	  7,2660000000e+03	 -6,52918e-02	  5,23403e-03
3635	  7,2680000000e+03	 -6,69279e-02	  3,59941e-03
3636	  7,2700000000e+03	 -6,63934e-02	  2,10995e-03
3637	  7,2720000000e+03	 -6,32737e-02	  6,45255e-03
3638	  7,2740000000e+03	 -6,51279e-02	  7,96229e-03
3639	  7,2760000000e+03	 -6,57177e-02	  7,27557e-03
3640	  7,2780000000e+03	 -6,32448e-02	  6,03344e-03
3641	  7,2800000000e+03	 -6,24474e-02	  6,03858e-03
3642	  7,2820000000e+03	 -6,37140e-02	  1,14296e-02
3643	  7,2840000000e+03	 -6,89565e-02	  1,56251e-02
3644	  7,2860000000e+03	 -7,06267e-02	  1,32730e-02
3645	  7,2880000000e+03	 -6,65747e-02	  1,27696e-02
3646	  7,2900000000e+03	 -6,15365e-02	  1,30727e-02
3647	  7,2920000000e+03	 -5,71548e-02	  1,92494e-02
3648	  7,2940000000e+03	 -6,31278e-02	  1,94180e-02
3649	  7,2960000000e+03	 -6,28156e-02	  2,27881e-02
3650	  7,2980000000e+03	 -6,38548e-02	  2,49250e-02
3651	  7,3000000000e+03	 -6,13870e-02	  2,16983e-02
3652	  7,3020000000e+03	 -5,78733e-02	  2,13113e-02
3653	  7,3040000000e+03	 -5,68539e-02	  2,14755e-02
3654	  7,3060000000e+03	 -5,83041e-02	  2,26287e-02
3655	  7,3080000000e+03	 -5,63858e-02	  2,21946e-02
3656	  7,3100000000e+03	 -5,56320e-02	  2,39672e-02
3657	  7,3120000000e+03	 -5,94914e-02	  2,28846e-02
3658	  7,3140000000e+03	 -5,93619e-02	  2,36990e-02
3659	  7,3160000000e+03	 -5,74969e-02	  2,42210e-02
3660	  7,3180000000e+03	 -5,80693e-02	  2,92744e-02
3661	  7,3200000000e+03	 -5,79156e-02	  3,09627e-02
3662	  7,3220000000e+03	 -5,62607e-02	  3,05156e-02
3663	  7,3240000000e+03	 -5,57945e-02	  2,99011e-02
3664	  7,3260000000e+03	 -5,79247e-02	  3,31124e-02
3665	  7,3280000000e+03	 -5,56768e-02	  3,40407e-02
3666	  7,3300000000e+03	 -5,23516e-02	  3,26208e-02
3667	  7,3320000000e+03	 -4,82501e-02	  3,32502e-02
3668	  7,3340000000e+03	 -4,75785e-02	  3,48329e-02
3669	  7,3360000000e+03	 -4,68004e-02	  3,75207e-02
3670	  7,3380000000e+03	 -4,77067e-02	  3,84675e-02
3671	  7,3400000000e+03	 -4,69538e-02	  3,84980e-02
3672	  7,3420000000e+03	 -4,50118e-02	  4,02722e-02
3673	  7,3440000000e+03	 -4,65267e-02	  4,15610e-02
3674	  7,3460000000e+03	 -4,57711e-02	  3,93601e-02
3675	  7,3480000000e+03	 -3,92716e-02	  3,86331e-02
3676	  7,3500000000e+03	 -3,72797e-02	  4,08493e-02
3677	  7,3520000000e+03	 -3,94032e-02	  3,86771e-02
3678	  7,3540000000e+03	 -3,92260e-02	  3,73063e-02
3679	  7,3560000000e+03	 -4,04729e-02	  4,18670e-02
3680	  7,3580000000e+03	 -3,90005e-02	  4,36499e-02
3681	  7,3600000000e+03	 -3,52130e-02	  4,32885e-02
3682	  7,3620000000e+03	 -3,63343e-02	  4,31681e-02
3683	  7,3640000000e+03	 -3,45048e-02	  4,36977e-02
3684	  7,3660000000e+03	 -3,35486e-02	  4,30565e-02
3685	  7,3680000000e+03	 -3,27028e-02	  4,40144e-02
3686	  7,3700000000e+03	 -3,20141e-02	  4,59083e-02
3687	  7,3720000000e+03	 -3,43281e-02	  4,57529e-02
3688	  7,3740000000e+03	 -3,04591e-02	  4,22242e-02
3689	  7,3760000000e+03	 -2,67888e-02	  3,96703e-02
3690	  7,3780000000e+03	 -2,67154e-02	  4,62304e-02
3691	  7,3800000000e+03	 -2,61326e-02	  4,98323e-02
3692	  7,3820000000e+03	 -2,57608e-02	  5,22238e-02
3693	  7,3840000000e+03	 -2,65412e-02	  4,80927e-02
3694	  7,3860000000e+03	 -2,66892e-02	  4,74388e-02
3695	  7,3880000000e+03	 -2,69410e-02	  4,97657e-02
3696	  7,3900000000e+03	 -2,51013e-02	  4,54908e-02
3697	  7,3920000000e+03	 -2,65482e-02	  4,49865e-02
3698	  7,3940000000e+03	 -2,52075e-02	  4,51254e-02
3699	  7,3960000000e+03	 -2,41976e-02	  4,76265e-02
3700	  7,3980000000e+03	 -1,91123e-02	  4,81840e-02
3701	  7,4000000000e+03	 -1,73471e-02	  4,67290e-02
3702	  7,4020000000e+03	 -2,01394e-02	  4,79220e-02
3703	  7,4040000000e+03	 -2,26528e-02	  5,11991e-02
3704	  7,4060000000e+03	 -1,90456e-02	  4,99256e-02
3705	  7,4080000000e+03	 -1,28051e-02	  4,75667e-02
3706	  7,4100000000e+03	 -8,07436e-03	  5,08915e-02
3707	  7,4120000000e+03	 -7,92735e-03	  5,12913e-02
3708	  7,4140000000e+03	 -1,00255e-02	  4,60465e-02
3709	  7,4160000000e+03	 -7,62451e-03	  4,49837e-02
3710	  7,4180000000e+03	 -8,89574e-03	  4,34110e-02
3711	  7,4200000000e+03	 -1,33986e-02	  4,32556e-02
3712	  7,4220000000e+03	 -9,69463e-03	  4,31523e-02
3713	  7,4240000000e+03	 -8,12113e-03	  4,17399e-02
3714	  7,4260000000e+03	 -1,07029e-02	  4,36306e-02
3715	  7,4280000000e+03	 -1,12589e-02	  4,37621e-02
3716	  7,4300000000e+03	 -1,22855e-02	  4,51556e-02
3717	  7,4320000000e+03	 -8,23331e-03	  4,28614e-02
3718	  7,4340000000e+03	 -6,99131e-03	  3,91906e-02
3719	  7,4360000000e+03	 -5,38756e-03	  4,29521e-02
3720	  7,4380000000e+03	 -5,51311e-03	  3,95540e-02
3721	  7,4400000000e+03	 -4,21716e-03	  3,63277e-02
3722	  7,4420000000e+03	 -3,86347e-03	  4,14314e-02
3723	  7,4440000000e+03	 -2,30925e-03	  4,25653e-02
3724	  7,4460000000e+03	 -8,80165e-04	  4,36552e-02
3725	  7,4480000000e+03	 -7,82912e-04	  3,95733e-02
3726	  7,4500000000e+03	 -5,42680e-04	  3,90904e-02
3727	  7,4520000000e+03	 -5,87712e-04	  3,75257e-02
3728	  7,4540000000e+03	 -1,20191e-03	  3,33851e-02
3729	  7,4560000000e+03	 -1,49883e-03	  3,46829e-02
3730	  7,4580000000e+03	  8,41799e-04	  3,82232e-02
3731	  7,4600000000e+03	  4,63425e-04	  3,85533e-02
3732	  7,4620000000e+03	 -1,94780e-03	  3,63379e-02
3733	  7,4640000000e+03	 -3,38722e-03	  3,99014e-02
3734	  7,4660000000e+03	  8,66277e-05	  3,96078e-02
3735	  7,4680000000e+03	 -1,85504e-03	  3,79354e-02
3736	  7,4700000000e+03	  6,45596e-04	  3,67032e-02
3737	  7,4720000000e+03	 -8,75897e-04	  3,29003e-02
3738	  7,4740000000e+03	  6,76459e-04	  3,46016e-02
3739	  7,4760000000e+03	  2,81638e-03	  3,81356e-02
3740	  7,4780000000e+03	  3,92288e-03	  3,65708e-02
3741	  7,4800000000e+03	  4,33761e-03	  3,65375e-02
3742	  7,4820000000e+03	  7,45983e-03	  3,21630e-02
3743	  7,4840000000e+03	  5,79920e-03	  2,94777e-02
3744	  7,4860000000e+03	  1,26685e-03	  3,21935e-02
3745	  7,4880000000e+03	  1,29409e-04	  3,26078e-02
3746	  7,4900000000e+03	 -6,20735e-04	  3,14069e-02
3747	  7,4920000000e+03	  3,51185e-03	  3,32163e-02
3748	  7,4940000000e+03	  5,78501e-03	  3,72747e-02
3749	  7,4960000000e+03	  5,61805e-03	  3,76482e-02
3750	  7,4980000000e+03	  1,93033e-03	  3,26991e-02
3751	  7,5000000000e+03	  4,51665e-03	  3,02764e-02
3752	  7,5020000000e+03	  3,08505e-03	  3,43761e-02
3753	  7,5040000000e+03	  3,09167e-03	  3,29871e-02
3754	  7,5060000000e+03	  6,69435e-03	  3,20775e-02
3755	  7,5080000000e+03	  3,42551e-03	  3,23824e-02
3756	  7,5100000000e+03	  3,58100e-04	  3,24948e-02
3757	  7,5120000000e+03	  1,33061e-03	  3,60302e-02
3758	  7,5140000000e+03	  5,17546e-04	  3,56185e-02
3759	  7,5160000000e+03	  3,93148e-03	  3,23436e-02
3760	  7,5180000000e+03	  3,35649e-03	  3,35207e-02
3761	  7,5200000000e+03	  2,06601e-03	  3,22943e-02
3762	  7,5220000000e+03	  4,10863e-03	  3,26595e-02
3763	  7,5240000000e+03	  4,77305e-03	  3,20872e-02
3764	  7,5260000000e+03	  1,51669e-03	  3,51693e-02
3765	  7,5280000000e+03	  7,82879e-04	  3,70522e-02
3766	  7,5300000000e+03	  3,13430e-03	  3,90166e-02
3767	  7,5320000000e+03	  4,18555e-03	  3,84941e-02
3768	  7,5340000000e+03	  6,65279e-03	  3,93131e-02
3769	  7,5360000000e+03	  8,10280e-03	  3,92019e-02
3770	  7,5380000000e+03	  5,70859e-03	  3,68994e-02
3771	  7,5400000000e+03	  1,03677e-02	  3,79983e-02
3772	  7,5420000000e+03	  1,41669e-02	  3,53846e-02
3773	  7,5440000000e+03	  9,75179e-03	  3,58203e-02
3774	  7,5460000000e+03	  1,05222e-02	  3,74921e-02
3775	  7,5480000000e+03	  9,23812e-03	  4,01047e-02
3776	  7,5500000000e+03	  7,26801e-03	  4,30948e-02
3777	  7,5520000000e+03	  6,78519e-03	  4,21959e-02
3778	  7,5540000000e+03	  1,04949e-02	  4,11040e-02
3779	  7,5560000000e+03	  1,27279e-02	  4,30365e-02
3780	  7,5580000000e+03	  1,35947e-02	  4,08903e-02
3781	  7,5600000000e+03	  1,37070e-02	  4,16787e-02
3782	  7,5620000000e+03	  1,40123e-02	  4,39277e-02
3783	  7,5640000000e+03	  1,74804e-02	  4,30819e-02
3784	  7,5660000000e+03	  2,12884e-02	  4,25516e-02
3785	  7,5680000000e+03	  1,65962e-02	  4,06030e-02
3786	  7,5700000000e+03	  1,75308e-02	  4,17334e-02
3787	  7,5720000000e+03	  2,06785e-02	  4,30548e-02
3788	  7,5740000000e+03	  2,17393e-02	  4,31523e-02
3789	  7,5760000000e+03	  2,46366e-02	  3,78771e-02
3790	  7,5780000000e+03	  2,61812e-02	  4,03395e-02
3791	  7,5800000000e+03	  2,59648e-02	  4,03540e-02
3792	  7,5820000000e+03	  2,69864e-02	  3,87641e-02
3793	  7,5840000000e+03	  2,76012e-02	  3,96513e-02
3794	  7,5860000000e+03	  3,09976e-02	  3,55223e-02
3795	  7,5880000000e+03	  3,26063e-02	  3,41821e-02
3796	  7,5900000000e+03	  3,29395e-02	  3,30849e-02
3797	  7,5920000000e+03	  3,31953e-02	  3,45041e-02
3798	  7,5940000000e+03	  3,35201e-02	  3,36678e-02
3799	  7,5960000000e+03	  3,47440e-02	  3,25972e-02
3800	  7,5980000000e+03	  3,79757e-02	  3,32370e-02
3801	  7,6000000000e+03	  4,10689e-02	  2,83888e-02
3802	  7,6020000000e+03	  3,61231e-02	  3,24412e-02
3803	  7,6040000000e+03	  3,80278e-02	  3,35692e-02
3804	  7,6060000000e+03	  4,15537e-02	  3,11796e-02
3805	  7,6080000000e+03	  4,15182e-02	  3,24601e-02
3806	  7,6100000000e+03	  4,47723e-02	  3,39384e-02
3807	  7,6120000000e+03	  4,53212e-02	  2,93253e-02
3808	  7,6140000000e+03	  4,42790e-02	  2,67875e-02
3809	  7,6160000000e+03	  4,53966e-02	  2,59914e-02
3810	  7,6180000000e+03	  4,26857e-02	  2,25973e-02
3811	  7,6200000000e+03	  3,90544e-02	  2,17489e-02
3812	  7,6220000000e+03	  4,25554e-02	  2,09966e-02
3813	  7,6240000000e+03	  4,86667e-02	  2,08014e-02
3814	  7,6260000000e+03	  4,84458e-02	  1,75452e-02
3815	  7,6280000000e+03	  4,69489e-02	  1,78699e-02
3816	  7,6300000000e+03	  4,77002e-02	  1,70108e-02
3817	  7,6320000000e+03	  4,59360e-02	  1,63200e-02
3818	  7,6340000000e+03	  4,27264e-02	  1,69481e-02
3819	  7,6360000000e+03	  4,81042e-02	  1,24895e-02
3820	  7,6380000000e+03	  4,60924e-02	  1,12304e-02
3821	  7,6400000000e+03	  4,42427e-02	  8,96933e-03
3822	  7,6420000000e+03	  4,94634e-02	  9,82930e-03
3823	  7,6440000000e+03	  4,96841e-02	  9,95308e-03
3824	  7,6460000000e+03	  4,38159e-02	  9,73139e-03
3825	  7,6480000000e+03	  4,21713e-02	  6,10454e-03
3826	  7,6500000000e+03	  4,44478e-02	  4,11159e-03
3827	  7,6520000000e+03	  4,70054e-02	  4,06787e-03
3828	  7,6540000000e+03	  4,65344e-02	  1,65375e-03
3829	  7,6560000000e+03	  4,63670e-02	 -1,33414e-04
3830	  7,6580000000e+03	  4,70337e-02	 -8,21119e-04
3831	  7,6600000000e+03	  4,69157e-02	 -2,04396e-03
3832	  7,6620000000e+03	  4,70478e-02	 -4,93018e-03
3833	  7,6640000000e+03	  4,70173e-02	 -1,84150e-03
3834	  7,6660000000e+03	  4,25882e-02	 -4,87378e-04
3835	  7,6680000000e+03	  4,45726e-02	 -5,66805e-03
3836	  7,6700000000e+03	  4,46014e-02	 -9,72937e-03
3837	  7,6720000000e+03	  4,40318e-02	 -9,42561e-03
3838	  7,6740000000e+03	  3,95961e-02	 -8,42344e-03
3839	  7,6760000000e+03	  3,92474e-02	 -1,22194e-02
3840	  7,6780000000e+03	  4,05545e-02	 -1,42734e-02
3841	  7,6800000000e+03	  4,19538e-02	 -1,16020e-02
3842	  7,6820000000e+03	  3,61312e-02	 -1,23495e-02
3843	  7,6840000000e+03	  3,59006e-02	 -1,31753e-02
3844	  7,6860000000e+03	  4,09309e-02	 -1,17282e-02
3845	  7,6880000000e+03	  3,98203e-02	 -1,51842e-02
3846	  7,6900000000e+03	  3,93396e-02	 -1,52369e-02
3847	  7,6920000000e+03	  3,76185e-02	 -1,81445e-02
3848	  7,6940000000e+03	  3,94219e-02	 -2,16924e-02
3849	  7,6960000000e+03	  3,80885e-02	 -1,96258e-02
3850	  7,6980000000e+03	  2,97968e-02	 -1,86306e-02
3851	  7,7000000000e+03	  3,22759e-02	 -1,90929e-02
3852	  7,7020000000e+03	  3,32932e-02	 -1,90018e-02
3853	  7,7040000000e+03	  3,17536e-02	 -1,95053e-02
3854	  7,7060000000e+03	  3,22176e-02	 -2,00116e-02
3855	  7,7080000000e+03	  2,90179e-02	 -1,89021e-02
3856	  7,7100000000e+03	  2,91902e-02	 -1,92390e-02
3857	  7,7120000000e+03	  2,79945e-02	 -2,61775e-02
3858	  7,7140000000e+03	  2,66198e-02	 -2,44993e-02
3859	  7,7160000000e+03	  2,43114e-02	 -2,33617e-02
3860	  7,7180000000e+03	  2,25786e-02	 -2,10327e-02
3861	  7,7200000000e+03	  2,39149e-02	 -2,12793e-02
3862	  7,7220000000e+03	  2,61402e-02	 -2,26311e-02
3863	  7,7240000000e+03	  2,42824e-02	 -2,56786e-02
3864	  7,7260000000e+03	  2,13409e-02	 -2,46158e-02
3865	  7,7280000000e+03	  2,48026e-02	 -1,86038e-02
3866	  7,7300000000e+03	  2,24571e-02	 -1,48174e-02
3867	  7,7320000000e+03	  1,89129e-02	 -1,67924e-02
3868	  7,7340000000e+03	  1,75582e-02	 -2,26945e-02
3869	  7,7360000000e+03	  1,53321e-02	 -1,97556e-02
3870	  7,7380000000e+03	  1,33007e-02	 -1,81146e-02
3871	  7,7400000000e+03	  1,43521e-02	 -2,22218e-02
3872	  7,7420000000e+03	  1,49759e-02	 -1,94611e-02
3873	  7,7440000000e+03	  1,58298e-02	 -2,01312e-02
3874	  7,7460000000e+03	  1,72429e-02	 -2,23976e-02
3875	  7,7480000000e+03	  1,62155e-02	 -2,26269e-02
3876	  7,7500000000e+03	  1,38371e-02	 -2,17937e-02
3877	  7,7520000000e+03	  1,69026e-02	 -2,21351e-02
3878	  7,7540000000e+03	  1,60926e-02	 -2,31579e-02
3879	  7,7560000000e+03	  1,43847e-02	 -2,15737e-02
3880	  7,7580000000e+03	  1,24047e-02	 -2,17671e-02
3881	  7,7600000000e+03	  1,02755e-02	 -1,87617e-02
3882	  7,7620000000e+03	  1,19956e-02	 -2,22015e-02
3883	  7,7640000000e+03	  1,06114e-02	 -2,31754e-02
3884	  7,7660000000e+03	  1,05512e-02	 -1,94946e-02
3885	  7,7680000000e+03	  8,02796e-03	 -1,95972e-02
3886	  7,7700000000e+03	  2,62292e-03	 -1,78682e-02
3887	  7,7720000000e+03	  8,07176e-03	 -1,87529e-02
3888	  7,7740000000e+03	  1,04422e-02	 -1,69971e-02
3889	  7,7760000000e+03	  5,84725e-03	 -1,76373e-02
3890	  7,7780000000e+03	  6,69930e-03	 -1,70615e-02
3891	  7,7800000000e+03	  1,02823e-02	 -1,70462e-02
3892	  7,7820000000e+03	  1,23269e-02	 -1,51544e-02
3893	  7,7840000000e+03	  1,33181e-02	 -1,63126e-02
3894	  7,7860000000e+03	  8,86970e-03	 -1,85061e-02
3895	  7,7880000000e+03	  7,93782e-03	 -1,95296e-02
3896	  7,7900000000e+03	  9,82141e-03	 -1,73761e-02
3897	  7,7920000000e+03	  6,00087e-03	 -1,37125e-02
3898	  7,7940000000e+03	  4,51350e-03	 -1,22193e-02
3899	  7,7960000000e+03	  4,74453e-03	 -1,06612e-02
3900	  7,7980000000e+03	  6,68427e-03	 -1,17423e-02
3901	  7,8000000000e+03	  7,84672e-03	 -1,65673e-02
3902	  7,8020000000e+03	  6,97564e-03	 -1,62175e-02
3903	  7,8040000000e+03	  7,65331e-03	 -1,66161e-02
3904	  7,8060000000e+03	  7,18509e-03	 -1,83410e-02
3905	  7,8080000000e+03	  7,48526e-03	 -1,76037e-02
3906	  7,8100000000e+03	  5,20828e-03	 -1,91444e-02
3907	  7,8120000000e+03	  7,89505e-03	 -1,98991e-02
3908	  7,8140000000e+03	  1,18032e-02	 -1,85369e-02
3909	  7,8160000000e+03	  9,03311e-03	 -1,80855e-02
3910	  7,8180000000e+03	  6,68281e-03	 -1,99337e-02
3911	  7,8200000000e+03	  8,94655e-03	 -1,85205e-02
3912	  7,8220000000e+03	  1,05065e-02	 -1,80498e-02
3913	  7,8240000000e+03	  4,69938e-03	 -1,59234e-02
3914	  7,8260000000e+03	  9,08142e-03	 -1,57914e-02
3915	  7,8280000000e+03	  8,54116e-03	 -1,77502e-02
3916	  7,8300000000e+03	  5,34333e-03	 -1,76634e-02
3917	  7,8320000000e+03	  6,01677e-03	 -1,66864e-02
3918	  7,8340000000e+03	  3,74446e-03	 -1,86628e-02
3919	  7,8360000000e+03	  2,75946e-03	 -1,71945e-02
3920	  7,8380000000e+03	  3,09117e-03	 -1,59015e-02
3921	  7,8400000000e+03	  4,94708e-03	 -1,94327e-02
3922	  7,8420000000e+03	  5,78010e-03	 -1,66436e-02
3923	  7,8440000000e+03	  4,65870e-03	 -1,46064e-02
3924	  7,8460000000e+03	  2,74221e-03	 -1,67101e-02
3925	  7,8480000000e+03	 -7,58124e-04	 -1,75527e-02
3926	  7,8500000000e+03	 -2,07602e-04	 -1,92431e-02
3927	  7,8520000000e+03	  4,05274e-03	 -1,95384e-02
3928	  7,8540000000e+03	  5,42993e-03	 -1,69023e-02
3929	  7,8560000000e+03	  5,53165e-03	 -1,88192e-02
3930	  7,8580000000e+03	 -2,91352e-04	 -2,02188e-02
3931	  7,8600000000e+03	 -5,53837e-04	 -1,78964e-02
3932	  7,8620000000e+03	  1,86061e-03	 -2,06064e-02
3933	  7,8640000000e+03	  2,95808e-03	 -2,13897e-02
3934	  7,8660000000e+03	  6,25029e-03	 -1,93640e-02
3935	  7,8680000000e+03	  2,48811e-03	 -1,94604e-02
3936	  7,8700000000e+03	 -2,36878e-03	 -2,22297e-02
3937	  7,8720000000e+03	 -2,27345e-03	 -2,44185e-02
3938	  7,8740000000e+03	  2,03260e-03	 -2,34363e-02
3939	  7,8760000000e+03	  3,60546e-03	 -2,41058e-02
3940	  7,8780000000e+03	 -3,28569e-03	 -2,46275e-02
3941	  7,8800000000e+03	 -3,80511e-03	 -2,19577e-02
3942	  7,8820000000e+03	 -4,70041e-03	 -2,09987e-02
3943	  7,8840000000e+03	 -4,95973e-03	 -2,09643e-02
3944	  7,8860000000e+03	 -3,76809e-03	 -2,48357e-02
3945	  7,8880000000e+03	 -2,82159e-03	 -2,45460e-02
3946	  7,8900000000e+03	 -2,96202e-03	 -1,95819e-02
3947	  7,8920000000e+03	 -5,76639e-03	 -2,38669e-02
3948	  7,8940000000e+03	 -6,67385e-03	 -2,35578e-02
3949	  7,8960000000e+03	 -7,15494e-03	 -1,92620e-02
3950	  7,8980000000e+03	 -9,52630e-03	 -2,24748e-02
3951	  7,9000000000e+03	 -8,87975e-03	 -2,12395e-02
3952	  7,9020000000e+03	 -1,03479e-02	 -2,02408e-02
3953	  7,9040000000e+03	 -7,28886e-03	 -2,29216e-02
3954	  7,9060000000e+03	 -9,21678e-03	 -2,02750e-02
3955	  7,9080000000e+03	 -1,10246e-02	 -1,79236e-02
3956	  7,9100000000e+03	 -1,33099e-02	 -1,64340e-02
3957	  7,9120000000e+03	 -1,31964e-02	 -1,77667e-02
3958	  7,9140000000e+03	 -8,87330e-03	 -1,57611e-02
3959	  7,9160000000e+03	 -8,04730e-03	 -1,23740e-02
3960	  7,9180000000e+03	 -1,15246e-02	 -1,64659e-02
3961	  7,9200000000e+03	 -1,37392e-02	 -1,48686e-02
3962	  7,9220000000e+03	 -1,48267e-02	 -1,64122e-02
3963	  7,9240000000e+03	 -1,76814e-02	 -2,11990e-02
3964	  7,9260000000e+03	 -1,86150e-02	 -1,73100e-02
3965	  7,9280000000e+03	 -1,42570e-02	 -1,36731e-02
3966	  7,9300000000e+03	 -1,10790e-02	 -1,57572e-02
3967	  7,9320000000e+03	 -1,28248e-02	 -1,23962e-02
3968	  7,9340000000e+03	 -1,42925e-02	 -1,09071e-02
3969	  7,9360000000e+03	 -1,69223e-02	 -1,36155e-02
3970	  7,9380000000e+03	 -1,51038e-02	 -1,40877e-02
3971	  7,9400000000e+03	 -1,31437e-02	 -1,63360e-02
3972	  7,9420000000e+03	 -1,59595e-02	 -1,41829e-02
3973	  7,9440000000e+03	 -1,57091e-02	 -1,30234e-02
3974	  7,9460000000e+03	 -1,89503e-02	 -1,38751e-02
3975	  7,9480000000e+03	 -1,90861e-02	 -1,03728e-02
3976	  7,9500000000e+03	 -1,97054e-02	 -7,25006e-03
3977	  7,9520000000e+03	 -2,10325e-02	 -7,68923e-03
3978	  7,9540000000e+03	 -2,18298e-02	 -9,62528e-03
3979	  7,9560000000e+03	 -1,69458e-02	 -5,52533e-03
3980	  7,9580000000e+03	 -1,54177e-02	 -4,35441e-03
3981	  7,9600000000e+03	 -1,83927e-02	 -7,33906e-03
3982	  7,9620000000e+03	 -2,38202e-02	 -8,10681e-03
3983	  7,9640000000e+03	 -2,30178e-02	 -5,89507e-03
3984	  7,9660000000e+03	 -2,24060e-02	 -3,50396e-03
3985	  7,9680000000e+03	 -1,87613e-02	 -2,22476e-04
3986	  7,9700000000e+03	 -1,68788e-02	 -1,31075e-03
3987	  7,9720000000e+03	 -1,53102e-02	 -4,58374e-03
3988	  7,9740000000e+03	 -1,97660e-02	 -2,34654e-03
3989	  7,9760000000e+03	 -2,33648e-02	  8,04872e-04
3990	  7,9780000000e+03	 -2,25858e-02	  3,12136e-03
3991	  7,9800000000e+03	 -1,92448e-02	  1,30679e-04
3992	  7,9820000000e+03	 -1,92591e-02	 -3,26723e-04
3993	  7,9840000000e+03	 -1,92957e-02	  2,99853e-03
3994	  7,9860000000e+03	 -2,24199e-02	  5,84128e-03
3995	  7,9880000000e+03	 -2,22926e-02	  3,64821e-03
3996	  7,9900000000e+03	 -1,95844e-02	  3,94940e-03
3997	  7,9920000000e+03	 -2,40975e-02	  7,84335e-03
3998	  7,9940000000e+03	 -2,38390e-02	  7,45919e-03
3999	  7,9960000000e+03	 -1,92874e-02	  6,80266e-03
4000	  7,9980000000e+03	 -1,88399e-02	  1,11703e-02
4001	  8,0000000000e+03	 -1,75533e-02	  1,36803e-02
4002	  8,0020000000e+03	 -1,34183e-02	  8,39241e-03
4003	  8,0040000000e+03	 -1,48766e-02	  7,14256e-03
4004	  8,0060000000e+03	 -1,32393e-02	  1,28659e-02
4005	  8,0080000000e+03	 -1,46336e-02	  1,56352e-02
4006	  8,0100000000e+03	 -1,28159e-02	  1,15338e-02
4007	  8,0120000000e+03	 -1,19193e-02	  5,33627e-03
4008	  8,0140000000e+03	 -1,08690e-02	  1,00256e-02
4009	  8,0160000000e+03	 -9,38961e-03	  1,60482e-02
4010	  8,0180000000e+03	 -1,09178e-02	  1,39635e-02
4011	  8,0200000000e+03	 -1,10940e-02	  1,19166e-02
4012	  8,0220000000e+03	 -1,12726e-02	  1,23864e-02
4013	  8,0240000000e+03	 -1,16846e-02	  1,29822e-02
4014	  8,0260000000e+03	 -1,23330e-02	  1,26066e-02
4015	  8,0280000000e+03	 -1,57445e-02	  1,61456e-02
4016	  8,0300000000e+03	 -1,62983e-02	  1,79599e-02
4017	  8,0320000000e+03	 -1,47381e-02	  1,27184e-02
4018	  8,0340000000e+03	 -1,20096e-02	  1,51732e-02
4019	  8,0360000000e+03	 -1,22870e-02	  1,67532e-02
4020	  8,0380000000e+03	 -1,26061e-02	  2,08007e-02
4021	  8,0400000000e+03	 -1,17493e-02	  1,74735e-02
4022	  8,0420000000e+03	 -9,14555e-03	  1,69456e-02
4023	  8,0440000000e+03	 -7,01940e-03	  2,29446e-02
4024	  8,0460000000e+03	 -5,15632e-03	  2,74378e-02
4025	  8,0480000000e+03	 -5,12480e-03	  2,41365e-02
4026	  8,0500000000e+03	 -1,31886e-03	  2,07034e-02
4027	  8,0520000000e+03	 -4,00666e-03	  2,21926e-02
4028	  8,0540000000e+03	 -4,46543e-03	  2,39290e-02
4029	  8,0560000000e+03	 -1,32880e-03	  2,42501e-02
4030	  8,0580000000e+03	 -1,10517e-03	  2,13853e-02
4031	  8,0600000000e+03	  2,46702e-03	  1,95323e-02
4032	  8,0620000000e+03	  6,74068e-03	  2,23690e-02
4033	  8,0640000000e+03	  8,94459e-03	  2,25270e-02
4034	  8,0660000000e+03	  1,12041e-02	  2,19753e-02
4035	  8,0680000000e+03	  9,75372e-03	  2,29031e-02
4036	  8,0700000000e+03	  6,98688e-03	  2,05892e-02
4037	  8,0720000000e+03	  4,28770e-03	  1,85367e-02
4038	  8,0740000000e+03	  9,91307e-03	  1,73106e-02
4039	  8,0760000000e+03	  1,36130e-02	  1,72659e-02
4040	  8,0780000000e+03	  1,39604e-02	  1,60816e-02
4041	  8,0800000000e+03	  1,20557e-02	  1,29993e-02
4042	  8,0820000000e+03	  1,30679e-02	  1,73370e-02
4043	  8,0840000000e+03	  1,43091e-02	  1,99655e-02
4044	  8,0860000000e+03	  1,69643e-02	  1,67118e-02
4045	  8,0880000000e+03	  1,67227e-02	  1,57049e-02
4046	  8,0900000000e+03	  1,35179e-02	  1,58729e-02
4047	  8,0920000000e+03	  1,42857e-02	  1,62059e-02
4048	  8,0940000000e+03	  1,66167e-02	  1,11142e-02
4049	  8,0960000000e+03	  1,75696e-02	  7,28007e-03
4050	  8,0980000000e+03	  1,80859e-02	  1,03702e-02
4051	  8,1000000000e+03	  1,90398e-02	  1,07966e-02
4052	  8,1020000000e+03	  1,73374e-02	  1,32139e-02
4053	  8,1040000000e+03	  1,70219e-02	  1,12302e-02
4054	  8,1060000000e+03	  1,92550e-02	  1,24587e-02
4055	  8,1080000000e+03	  1,97926e-02	  1,08644e-02
4056	  8,1100000000e+03	  1,92023e-02	  9,18442e-03
4057	  8,1120000000e+03	  2,13233e-02	  8,46399e-03
4058	  8,1140000000e+03	  2,37888e-02	  5,80553e-03
4059	  8,1160000000e+03	  2,09527e-02	  6,11611e-03
4060	  8,1180000000e+03	  2,34261e-02	  5,39495e-03
4061	  8,1200000000e+03	  2,48402e-02	  5,60955e-03
4062	  8,1220000000e+03	  2,40531e-02	  6,48924e-03
4063	  8,1240000000e+03	  2,21314e-02	  7,18062e-03
4064	  8,1260000000e+03	  2,10746e-02	  4,62215e-03
4065	  8,1280000000e+03	  2,20487e-02	  1,07603e-03
4066	  8,1300000000e+03	  2,50769e-02	 -6,24181e-04
4067	  8,1320000000e+03	  2,38483e-02	 -5,56502e-05
4068	  8,1340000000e+03	  2,47393e-02	 -1,60839e-03
4069	  8,1360000000e+03	  2,51855e-02	  3,53902e-05
4070	  8,1380000000e+03	  2,71145e-02	  7,71681e-04
4071	  8,1400000000e+03	  2,70899e-02	  5,18666e-04
4072	  8,1420000000e+03	  2,44034e-02	  2,24971e-03
4073	  8,1440000000e+03	  2,46034e-02	  1,29928e-03
4074	  8,1460000000e+03	  2,57439e-02	 -1,11329e-03
4075	  8,1480000000e+03	  2,29585e-02	 -7,24859e-03
4076	  8,1500000000e+03	  2,24586e-02	 -7,41147e-03
4077	  8,1520000000e+03	  2,63606e-02	 -4,93648e-03
4078	  8,1540000000e+03	  2,38873e-02	 -6,40452e-03
4079	  8,1560000000e+03	  2,35730e-02	 -5,95400e-03
4080	  8,1580000000e+03	  2,31499e-02	 -7,39785e-03
4081	  8,1600000000e+03	  2,25303e-02	 -1,00405e-02
4082	  8,1620000000e+03	  2,57696e-02	 -1,00439e-02
4083	  8,1640000000e+03	  2,68430e-02	 -1,26737e-02
4084	  8,1660000000e+03	  2,78031e-02	 -1,53320e-02
4085	  8,1680000000e+03	  2,24379e-02	 -1,46852e-02
4086	  8,1700000000e+03	  2,14543e-02	 -1,39322e-02
4087	  8,1720000000e+03	  2,08301e-02	 -1,53933e-02
4088	  8,1740000000e+03	  1,79787e-02	 -1,62367e-02
4089	  8,1760000000e+03	  1,85530e-02	 -1,52579e-02
4090	  8,1780000000e+03	  1,91730e-02	 -1,65746e-02
4091	  8,1800000000e+03	  2,15338e-02	 -1,91557e-02
4092	  8,1820000000e+03	  1,97148e-02	 -1,72599e-02
4093	  8,1840000000e+03	  1,73339e-02	 -1,96014e-02
4094	  8,1860000000e+03	  1,43302e-02	 -2,14763e-02
4095	  8,1880000000e+03	  1,58204e-02	 -2,38741e-02
4096	  8,1900000000e+03	  1,75993e-02	 -2,51226e-02
4097	  8,1920000000e+03	  1,62198e-02	 -2,36257e-02
4098	  8,1940000000e+03	  1,73241e-02	 -2,14732e-02
4099	  8,1960000000e+03	  1,45536e-02	 -2,26431e-02
4100	  8,1980000000e+03	  1,35431e-02	 -2,52822e-02
4101	  8,2000000000e+03	  1,27441e-02	 -2,29638e-02
4102	  8,2020000000e+03	  1,46988e-02	 -2,26114e-02
4103	  8,2040000000e+03	  1,65178e-02	 -2,36095e-02
4104	  8,2060000000e+03	  1,67557e-02	 -2,58531e-02
4105	  8,2080000000e+03	  1,88338e-02	 -2,57915e-02
4106	  8,2100000000e+03	  1,65718e-02	 -2,27980e-02
4107	  8,2120000000e+03	  1,30232e-02	 -2,25605e-02
4108	  8,2140000000e+03	  8,92728e-03	 -2,42436e-02
4109	  8,2160000000e+03	  9,11667e-03	 -2,35216e-02
4110	  8,2180000000e+03	  7,93724e-03	 -2,40086e-02
4111	  8,2200000000e+03	  8,60664e-03	 -2,56423e-02
4112	  8,2220000000e+03	  8,30658e-03	 -2,53299e-02
4113	  8,2240000000e+03	  8,68395e-03	 -2,73058e-02
4114	  8,2260000000e+03	  9,18767e-03	 -2,75764e-02
4115	  8,2280000000e+03	  1,01257e-02	 -2,63863e-02
4116	  8,2300000000e+03	  1,21372e-02	 -2,70802e-02
4117	  8,2320000000e+03	  8,95758e-03	 -2,65625e-02
4118	  8,2340000000e+03	  5,67023e-03	 -2,52746e-02
4119	  8,2360000000e+03	  7,04611e-03	 -2,93996e-02
4120	  8,2380000000e+03	  4,39171e-03	 -3,42164e-02
4121	  8,2400000000e+03	  2,59573e-03	 -3,05255e-02
4122	  8,2420000000e+03	  3,17126e-03	 -2,56804e-02
4123	  8,2440000000e+03	  2,08970e-03	 -2,86668e-02
4124	  8,2460000000e+03	  6,83127e-04	 -2,71815e-02
4125	  8,2480000000e+03	  1,46838e-04	 -2,51757e-02
4126	  8,2500000000e+03	 -1,76139e-03	 -2,54019e-02
4127	  8,2520000000e+03	 -6,82328e-04	 -2,72548e-02
4128	  8,2540000000e+03	  1,66338e-03	 -3,01379e-02
4129	  8,2560000000e+03	  2,65758e-04	 -2,73921e-02
4130	  8,2580000000e+03	 -4,45524e-03	 -2,54352e-02
4131	  8,2600000000e+03	 -4,65533e-03	 -2,92916e-02
4132	  8,2620000000e+03	 -5,89569e-03	 -2,96033e-02
4133	  8,2640000000e+03	 -7,20451e-03	 -2,90538e-02
4134	  8,2660000000e+03	 -1,03321e-02	 -2,81472e-02
4135	  8,2680000000e+03	 -1,37954e-02	 -2,97677e-02
4136	  8,2700000000e+03	 -8,97911e-03	 -3,17617e-02
4137	  8,2720000000e+03	 -1,15398e-02	 -2,94295e-02
4138	  8,2740000000e+03	 -1,40708e-02	 -3,17164e-02
4139	  8,2760000000e+03	 -1,39545e-02	 -3,00786e-02
4140	  8,2780000000e+03	 -1,26533e-02	 -2,66092e-02
4141	  8,2800000000e+03	 -1,32046e-02	 -2,82062e-02
4142	  8,2820000000e+03	 -1,63389e-02	 -2,70787e-02
4143	  8,2840000000e+03	 -1,46415e-02	 -2,54529e-02
4144	  8,2860000000e+03	 -1,48279e-02	 -2,81403e-02
4145	  8,2880000000e+03	 -1,82348e-02	 -2,54080e-02
4146	  8,2900000000e+03	 -1,37926e-02	 -2,47118e-02
4147	  8,2920000000e+03	 -1,27530e-02	 -2,36523e-02
4148	  8,2940000000e+03	 -1,65984e-02	 -2,50411e-02
4149	  8,2960000000e+03	 -1,83391e-02	 -2,11571e-02
4150	  8,2980000000e+03	 -1,92462e-02	 -1,98928e-02
4151	  8,3000000000e+03	 -2,10185e-02	 -2,34749e-02
4152	  8,3020000000e+03	 -1,52295e-02	 -2,45200e-02
4153	  8,3040000000e+03	 -1,71700e-02	 -2,16285e-02
4154	  8,3060000000e+03	 -1,84515e-02	 -2,12711e-02
4155	  8,3080000000e+03	 -1,61174e-02	 -2,15880e-02
4156	  8,3100000000e+03	 -2,06304e-02	 -2,30176e-02
4157	  8,3120000000e+03	 -1,93398e-02	 -2,08659e-02
4158	  8,3140000000e+03	 -1,61405e-02	 -1,76522e-02
4159	  8,3160000000e+03	 -1,85276e-02	 -1,69766e-02
4160	  8,3180000000e+03	 -1,70632e-02	 -1,35053e-02
4161	  8,3200000000e+03	 -2,11033e-02	 -1,36317e-02
4162	  8,3220000000e+03	 -2,17366e-02	 -1,57092e-02
4163	  8,3240000000e+03	 -2,01410e-02	 -1,50292e-02
4164	  8,3260000000e+03	 -1,87835e-02	 -1,44369e-02
4165	  8,3280000000e+03	 -1,95077e-02	 -1,73334e-02
4166	  8,3300000000e+03	 -2,22744e-02	 -1,97682e-02
4167	  8,3320000000e+03	 -2,38106e-02	 -1,72190e-02
4168	  8,3340000000e+03	 -2,27939e-02	 -1,54369e-02
4169	  8,3360000000e+03	 -2,19307e-02	 -1,59306e-02
4170	  8,3380000000e+03	 -2,34623e-02	 -1,39997e-02
4171	  8,3400000000e+03	 -2,01846e-02	 -1,41041e-02
4172	  8,3420000000e+03	 -2,40766e-02	 -1,60332e-02
4173	  8,3440000000e+03	 -2,19230e-02	 -1,54851e-02
4174	  8,3460000000e+03	 -2,24495e-02	 -1,42517e-02
4175	  8,3480000000e+03	 -2,44879e-02	 -1,48399e-02
4176	  8,3500000000e+03	 -2,38850e-02	 -1,28851e-02
4177	  8,3520000000e+03	 -2,43339e-02	 -1,02896e-02
4178	  8,3540000000e+03	 -2,11700e-02	 -5,36020e-03
4179	  8,3560000000e+03	 -2,08971e-02	 -6,31393e-03
4180	  8,3580000000e+03	 -2,13211e-02	 -1,05009e-02
4181	  8,3600000000e+03	 -2,22638e-02	 -9,16186e-03
4182	  8,3620000000e+03	 -2,39151e-02	 -9,03426e-03
4183	  8,3640000000e+03	 -2,19807e-02	 -7,72795e-03
4184	  8,3660000000e+03	 -2,17856e-02	 -8,46546e-03
4185	  8,3680000000e+03	 -2,45591e-02	 -8,68944e-03
4186	  8,3700000000e+03	 -2,73386e-02	 -4,87852e-03
4187	  8,3720000000e+03	 -2,76762e-02	 -7,27311e-03
4188	  8,3740000000e+03	 -2,81848e-02	 -6,99542e-03
4189	  8,3760000000e+03	 -2,72530e-02	 -5,21520e-03
4190	  8,3780000000e+03	 -2,58772e-02	 -6,45811e-03
4191	  8,3800000000e+03	 -2,67142e-02	 -4,55442e-03
4192	  8,3820000000e+03	 -2,57364e-02	 -2,29970e-03
4193	  8,3840000000e+03	 -2,14018e-02	 -5,30004e-03
4194	  8,3860000000e+03	 -2,22609e-02	 -2,50494e-03
4195	  8,3880000000e+03	 -2,95081e-02	 -3,82938e-03
4196	  8,3900000000e+03	 -2,99327e-02	 -7,07141e-03
4197	  8,3920000000e+03	 -2,85700e-02	 -4,09116e-03
4198	  8,3940000000e+03	 -2,72185e-02	 -2,18927e-05
4199	  8,3960000000e+03	 -2,73943e-02	  2,98899e-03
4200	  8,3980000000e+03	 -2,58594e-02	  1,80510e-03
4201	  8,4000000000e+03	 -2,34813e-02	  1,15260e-03
4202	  8,4020000000e+03	 -2,43135e-02	  2,51138e-03
4203	  8,4040000000e+03	 -2,62446e-02	  6,49768e-03
4204	  8,4060000000e+03	 -2,81649e-02	  4,56977e-03
4205	  8,4080000000e+03	 -2,75338e-02	  6,99190e-03
4206	  8,4100000000e+03	 -2,61511e-02	  2,87327e-03
4207	  8,4120000000e+03	 -2,69719e-02	  3,98739e-03
4208	  8,4140000000e+03	 -2,47496e-02	  5,42394e-03
4209	  8,4160000000e+03	 -2,42701e-02	  6,65862e-03
4210	  8,4180000000e+03	 -2,61102e-02	  8,28889e-03
4211	  8,4200000000e+03	 -2,69246e-02	  7,93873e-03
4212	  8,4220000000e+03	 -2,59738e-02	  8,64876e-03
4213	  8,4240000000e+03	 -2,35001e-02	  1,13147e-02
4214	  8,4260000000e+03	 -2,39383e-02	  6,82411e-03
4215	  8,4280000000e+03	 -2,51343e-02	  5,67500e-03
4216	  8,4300000000e+03	 -2,56725e-02	  6,79242e-03
4217	  8,4320000000e+03	 -2,53902e-02	  8,82097e-03
4218	  8,4340000000e+03	 -2,37203e-02	  1,09158e-02
4219	  8,4360000000e+03	 -2,39250e-02	  1,18667e-02
4220	  8,4380000000e+03	 -2,14868e-02	  1,17691e-02
4221	  8,4400000000e+03	 -1,82647e-02	  1,21456e-02
4222	  8,4420000000e+03	 -2,26098e-02	  1,17528e-02
4223	  8,4440000000e+03	 -2,55210e-02	  1,50246e-02
4224	  8,4460000000e+03	 -2,19115e-02	  1,09566e-02
4225	  8,4480000000e+03	 -2,14419e-02	  1,18052e-02
4226	  8,4500000000e+03	 -2,12550e-02	  1,40674e-02
4227	  8,4520000000e+03	 -2,01726e-02	  1,22999e-02
4228	  8,4540000000e+03	 -1,70273e-02	  1,02317e-02
4229	  8,4560000000e+03	 -1,56820e-02	  9,64152e-03
4230	  8,4580000000e+03	 -1,68773e-02	  1,15894e-02
4231	  8,4600000000e+03	 -1,81501e-02	  1,42496e-02
4232	  8,4620000000e+03	 -2,03590e-02	  1,81188e-02
4233	  8,4640000000e+03	 -1,70722e-02	  1,29969e-02
4234	  8,4660000000e+03	 -1,33935e-02	  9,78208e-03
4235	  8,4680000000e+03	 -1,48750e-02	  1,14944e-02
4236	  8,4700000000e+03	 -1,62655e-02	  1,39562e-02
4237	  8,4720000000e+03	 -1,43337e-02	  1,35874e-02
4238	  8,4740000000e+03	 -1,63387e-02	  1,59812e-02
4239	  8,4760000000e+03	 -1,86192e-02	  1,53285e-02
4240	  8,4780000000e+03	 -1,57997e-02	  1,14934e-02
4241	  8,4800000000e+03	 -1,57043e-02	  1,09683e-02
4242	  8,4820000000e+03	 -1,51989e-02	  1,06078e-02
4243	  8,4840000000e+03	 -1,50919e-02	  1,23698e-02
4244	  8,4860000000e+03	 -1,27296e-02	  1,26261e-02
4245	  8,4880000000e+03	 -8,16042e-03	  1,43207e-02
4246	  8,4900000000e+03	 -8,53258e-03	  1,63024e-02
4247	  8,4920000000e+03	 -1,14244e-02	  1,58688e-02
4248	  8,4940000000e+03	 -1,19235e-02	  1,41087e-02
4249	  8,4960000000e+03	 -1,29348e-02	  1,68355e-02
4250	  8,4980000000e+03	 -1,02126e-02	  1,55243e-02
4251	  8,5000000000e+03	 -8,58979e-03	  1,33652e-02
4252	  8,5020000000e+03	 -9,55478e-03	  1,40558e-02
4253	  8,5040000000e+03	 -1,00622e-02	  1,14369e-02
4254	  8,5060000000e+03	 -1,08183e-02	  1,43522e-02
4255	  8,5080000000e+03	 -1,19248e-02	  1,66347e-02
4256	  8,5100000000e+03	 -9,91986e-03	  1,49578e-02
4257	  8,5120000000e+03	 -6,45069e-03	  9,84336e-03
4258	  8,5140000000e+03	 -8,22867e-03	  1,27601e-02
4259	  8,5160000000e+03	 -8,90628e-03	  1,49394e-02
4260	  8,5180000000e+03	 -1,02479e-02	  1,69673e-02
4261	  8,5200000000e+03	 -8,24444e-03	  1,81127e-02
4262	  8,5220000000e+03	 -6,94580e-03	  1,76680e-02
4263	  8,5240000000e+03	 -5,57255e-03	  1,42333e-02
4264	  8,5260000000e+03	 -6,89036e-03	  1,42884e-02
4265	  8,5280000000e+03	 -6,88483e-03	  1,51239e-02
4266	  8,5300000000e+03	 -7,91280e-03	  1,47690e-02
4267	  8,5320000000e+03	 -7,91132e-03	  1,72193e-02
4268	  8,5340000000e+03	 -7,27101e-03	  1,60177e-02
4269	  8,5360000000e+03	 -8,30906e-03	  1,36285e-02
4270	  8,5380000000e+03	 -6,32772e-03	  1,29601e-02
4271	  8,5400000000e+03	 -3,20976e-03	  1,54139e-02
4272	  8,5420000000e+03	 -3,63005e-03	  1,71502e-02
4273	  8,5440000000e+03	 -4,12566e-03	  1,45770e-02
4274	  8,5460000000e+03	 -3,88784e-03	  1,23096e-02
4275	  8,5480000000e+03	 -3,70823e-03	  1,36165e-02
4276	  8,5500000000e+03	 -6,20956e-03	  1,52191e-02
4277	  8,5520000000e+03	 -5,88039e-03	  1,40284e-02
4278	  8,5540000000e+03	 -6,43089e-03	  1,29135e-02
4279	  8,5560000000e+03	 -6,92007e-03	  1,44351e-02
4280	  8,5580000000e+03	 -4,43701e-03	  1,49751e-02
4281	  8,5600000000e+03	 -6,30366e-03	  1,45965e-02
4282	  8,5620000000e+03	 -2,25295e-03	  1,61362e-02
4283	  8,5640000000e+03	 -3,43275e-03	  1,04458e-02
4284	  8,5660000000e+03	 -7,22081e-03	  8,44726e-03
4285	  8,5680000000e+03	 -5,07618e-03	  9,11646e-03
4286	  8,5700000000e+03	 -6,70315e-03	  9,60096e-03
4287	  8,5720000000e+03	 -6,53407e-03	  1,07749e-02
4288	  8,5740000000e+03	 -7,90943e-03	  1,31913e-02
4289	  8,5760000000e+03	 -7,73458e-03	  1,19837e-02
4290	  8,5780000000e+03	 -4,41511e-03	  1,13017e-02
4291	  8,5800000000e+03	 -5,84185e-03	  1,33510e-02
4292	  8,5820000000e+03	 -7,75913e-03	  1,47128e-02
4293	  8,5840000000e+03	 -9,37821e-03	  1,40629e-02
4294	  8,5860000000e+03	 -8,26984e-03	  1,45375e-02
4295	  8,5880000000e+03	 -7,74041e-03	  1,62913e-02
4296	  8,5900000000e+03	 -8,99783e-03	  1,65132e-02
4297	  8,5920000000e+03	 -6,74292e-03	  1,34129e-02
4298	  8,5940000000e+03	 -8,96465e-03	  1,44466e-02
4299	  8,5960000000e+03	 -1,07529e-02	  1,32406e-02
4300	  8,5980000000e+03	 -8,11356e-03	  1,21253e-02
4301	  8,6000000000e+03	 -3,04508e-03	  1,65923e-02
4302	  8,6020000000e+03	 -3,48089e-03	  1,83612e-02
4303	  8,6040000000e+03	 -4,84710e-03	  1,91895e-02
4304	  8,6060000000e+03	 -6,99437e-03	  1,73926e-02
4305	  8,6080000000e+03	 -6,73272e-03	  1,50541e-02
4306	  8,6100000000e+03	 -6,91253e-03	  1,53534e-02
4307	  8,6120000000e+03	 -2,10279e-03	  1,72101e-02
4308	  8,6140000000e+03	  1,52657e-03	  1,53527e-02
4309	  8,6160000000e+03	 -2,12895e-03	  1,45805e-02
4310	  8,6180000000e+03	 -4,36474e-03	  1,54856e-02
4311	  8,6200000000e+03	 -5,70047e-03	  1,51285e-02
4312	  8,6220000000e+03	 -6,92806e-03	  1,69191e-02
4313	  8,6240000000e+03	 -6,76072e-03	  1,77200e-02
4314	  8,6260000000e+03	 -2,99325e-03	  2,02747e-02
4315	  8,6280000000e+03	 -3,26324e-03	  1,70897e-02
4316	  8,6300000000e+03	 -6,78524e-04	  1,27935e-02
4317	  8,6320000000e+03	 -4,76960e-03	  1,46357e-02
4318	  8,6340000000e+03	 -4,98081e-03	  1,84467e-02
4319	  8,6360000000e+03	 -1,00153e-03	  2,02758e-02
4320	  8,6380000000e+03	 -6,94918e-03	  1,90824e-02
4321	  8,6400000000e+03	 -4,31350e-03	  1,69962e-02
4322	  8,6420000000e+03	 -4,05561e-03	  1,81351e-02
4323	  8,6440000000e+03	 -2,55825e-03	  2,02443e-02
4324	  8,6460000000e+03	 -1,16732e-03	  1,87358e-02
4325	  8,6480000000e+03	 -3,87946e-03	  1,78531e-02
4326	  8,6500000000e+03	 -3,54837e-03	  1,91989e-02
4327	  8,6520000000e+03	 -1,64236e-03	  1,91516e-02
4328	  8,6540000000e+03	 -1,03158e-03	  1,84153e-02
4329	  8,6560000000e+03	 -1,41223e-03	  1,99859e-02
4330	  8,6580000000e+03	 -4,90069e-03	  2,10198e-02
4331	  8,6600000000e+03	 -3,98772e-03	  1,87087e-02
4332	  8,6620000000e+03	  1,63700e-04	  1,91372e-02
4333	  8,6640000000e+03	  6,62715e-03	  2,07927e-02
4334	  8,6660000000e+03	  4,57234e-03	  2,07402e-02
4335	  8,6680000000e+03	 -1,01221e-03	  1,94820e-02
4336	  8,6700000000e+03	 -7,33263e-04	  2,15406e-02
4337	  8,6720000000e+03	  2,13450e-04	  1,93156e-02
4338	  8,6740000000e+03	  2,07246e-03	  1,87853e-02
4339	  8,6760000000e+03	  1,30755e-03	  1,83824e-02
4340	  8,6780000000e+03	 -5,87584e-04	  1,73100e-02
4341	  8,6800000000e+03	  2,64209e-03	  1,48655e-02
4342	  8,6820000000e+03	  4,11803e-03	  1,52382e-02
4343	  8,6840000000e+03	  3,93332e-03	  1,91387e-02
4344	  8,6860000000e+03	  5,93162e-03	  2,15267e-02
4345	  8,6880000000e+03	  3,34916e-03	  2,61103e-02
4346	  8,6900000000e+03	  2,71177e-03	  2,58292e-02
4347	  8,6920000000e+03	  4,62538e-03	  2,22418e-02
4348	  8,6940000000e+03	  5,91794e-03	  2,21251e-02
4349	  8,6960000000e+03	  9,27195e-03	  2,19948e-02
4350	  8,6980000000e+03	  5,02475e-03	  2,17012e-02
4351	  8,7000000000e+03	  4,25660e-03	  2,14681e-02
4352	  8,7020000000e+03	  6,31737e-03	  1,67949e-02
4353	  8,7040000000e+03	  8,04670e-03	  1,97702e-02
4354	  8,7060000000e+03	  8,77278e-03	  2,25901e-02
4355	  8,7080000000e+03	  6,58452e-03	  2,05062e-02
4356	  8,7100000000e+03	  9,13236e-03	  2,18642e-02
4357	  8,7120000000e+03	  1,34147e-02	  2,05521e-02
4358	  8,7140000000e+03	  9,23486e-03	  2,01394e-02
4359	  8,7160000000e+03	  1,22208e-02	  1,99501e-02
4360	  8,7180000000e+03	  1,47064e-02	  2,19514e-02
4361	  8,7200000000e+03	  1,42721e-02	  2,17844e-02
4362	  8,7220000000e+03	  1,38235e-02	  1,97207e-02
4363	  8,7240000000e+03	  1,28718e-02	  2,01331e-02
4364	  8,7260000000e+03	  1,41344e-02	  2,27604e-02
4365	  8,7280000000e+03	  1,62204e-02	  2,10400e-02
4366	  8,7300000000e+03	  1,23221e-02	  2,05346e-02
4367	  8,7320000000e+03	  1,21201e-02	  2,05969e-02
4368	  8,7340000000e+03	  1,09960e-02	  1,77290e-02
4369	  8,7360000000e+03	  9,45383e-03	  1,73353e-02
4370	  8,7380000000e+03	  1,22536e-02	  1,59708e-02
4371	  8,7400000000e+03	  1,21517e-02	  1,53413e-02
4372	  8,7420000000e+03	  1,12326e-02	  1,71421e-02
4373	  8,7440000000e+03	  1,08743e-02	  1,76773e-02
4374	  8,7460000000e+03	  1,21749e-02	  1,87847e-02
4375	  8,7480000000e+03	  1,42272e-02	  1,90509e-02
4376	  8,7500000000e+03	  1,65811e-02	  2,04487e-02
4377	  8,7520000000e+03	  1,53717e-02	  1,65978e-02
4378	  8,7540000000e+03	  1,64844e-02	  1,50082e-02
4379	  8,7560000000e+03	  1,49118e-02	  1,51633e-02
4380	  8,7580000000e+03	  1,47428e-02	  1,54929e-02
4381	  8,7600000000e+03	  1,74830e-02	  1,31238e-02
4382	  8,7620000000e+03	  1,89186e-02	  1,38359e-02
4383	  8,7640000000e+03	  1,73084e-02	  1,01614e-02
4384	  8,7660000000e+03	  1,53791e-02	  1,22124e-02
4385	  8,7680000000e+03	  1,91630e-02	  1,46194e-02
4386	  8,7700000000e+03	  2,15497e-02	  1,47604e-02
4387	  8,7720000000e+03	  1,91759e-02	  1,57345e-02
4388	  8,7740000000e+03	  1,74328e-02	  1,23394e-02
4389	  8,7760000000e+03	  1,85579e-02	  1,31088e-02
4390	  8,7780000000e+03	  2,06798e-02	  1,23663e-02
4391	  8,7800000000e+03	  1,87428e-02	  1,14178e-02
4392	  8,7820000000e+03	  1,71419e-02	  1,01076e-02
4393	  8,7840000000e+03	  2,09979e-02	  1,22744e-02
4394	  8,7860000000e+03	  2,20016e-02	  9,29766e-03
4395	  8,7880000000e+03	  1,85014e-02	  9,81320e-03
4396	  8,7900000000e+03	  2,02370e-02	  1,03958e-02
4397	  8,7920000000e+03	  2,20527e-02	  8,07802e-03
4398	  8,7940000000e+03	  1,90119e-02	  6,59203e-03
4399	  8,7960000000e+03	  2,17965e-02	  6,63343e-03
4400	  8,7980000000e+03	  2,23782e-02	  3,73728e-03
4401	  8,8000000000e+03	  2,15791e-02	  1,33101e-03
4402	  8,8020000000e+03	  1,95645e-02	 -8,57283e-04
4403	  8,8040000000e+03	  1,84852e-02	 -1,17643e-04
4404	  8,8060000000e+03	  2,01153e-02	  1,20925e-03
4405	  8,8080000000e+03	  2,16886e-02	  1,70605e-03
4406	  8,8100000000e+03	  2,15230e-02	  1,95963e-03
4407	  8,8120000000e+03	  1,91604e-02	  1,02521e-03
4408	  8,8140000000e+03	  1,99792e-02	  7,64734e-04
4409	  8,8160000000e+03	  1,73278e-02	  3,02173e-04
4410	  8,8180000000e+03	  1,77743e-02	  3,94332e-03
4411	  8,8200000000e+03	  1,93005e-02	  5,92222e-03
4412	  8,8220000000e+03	  2,00447e-02	  1,71221e-03
4413	  8,8240000000e+03	  2,12445e-02	 -1,58671e-03
4414	  8,8260000000e+03	  1,95822e-02	 -2,48771e-03
4415	  8,8280000000e+03	  1,74824e-02	 -2,91520e-03
4416	  8,8300000000e+03	  1,97187e-02	 -2,75197e-03
4417	  8,8320000000e+03	  1,67188e-02	 -2,55689e-03
4418	  8,8340000000e+03	  1,48196e-02	 -2,83508e-03
4419	  8,8360000000e+03	  1,45703e-02	 -3,74143e-03
4420	  8,8380000000e+03	  1,34576e-02	 -3,70596e-03
4421	  8,8400000000e+03	  1,67376e-02	 -5,64522e-03
4422	  8,8420000000e+03	  1,50949e-02	 -4,54473e-03
4423	  8,8440000000e+03	  1,32852e-02	 -3,36792e-03
4424	  8,8460000000e+03	  1,19506e-02	 -5,49674e-03
4425	  8,8480000000e+03	  1,23058e-02	 -7,11985e-03
4426	  8,8500000000e+03	  1,37605e-02	 -2,15974e-03
4427	  8,8520000000e+03	  1,29646e-02	 -3,31710e-03
4428	  8,8540000000e+03	  9,90575e-03	 -2,24396e-03
4429	  8,8560000000e+03	  1,05299e-02	 -3,20182e-03
4430	  8,8580000000e+03	  1,23911e-02	 -6,57706e-03
4431	  8,8600000000e+03	  1,32783e-02	 -6,70415e-03
4432	  8,8620000000e+03	  9,71972e-03	 -7,33675e-03
4433	  8,8640000000e+03	  7,92872e-03	 -5,69442e-03
4434	  8,8660000000e+03	  1,01230e-02	 -5,16811e-03
4435	  8,8680000000e+03	  8,72653e-03	 -7,69590e-03
4436	  8,8700000000e+03	  6,13761e-03	 -5,06924e-03
4437	  8,8720000000e+03	  9,27361e-03	 -5,95914e-03
4438	  8,8740000000e+03	  1,07656e-02	 -9,82914e-03
4439	  8,8760000000e+03	  9,05546e-03	 -1,05067e-02
4440	  8,8780000000e+03	  8,61809e-03	 -7,48592e-03
4441	  8,8800000000e+03	  7,41243e-03	 -7,05897e-03
4442	  8,8820000000e+03	  7,45251e-03	 -6,23696e-03
4443	  8,8840000000e+03	  6,15431e-03	 -4,74172e-03
4444	  8,8860000000e+03	  8,79651e-03	 -4,35265e-03
4445	  8,8880000000e+03	  9,51024e-03	 -4,83704e-03
4446	  8,8900000000e+03	  8,77865e-03	 -5,91578e-03
4447	  8,8920000000e+03	  8,86637e-03	 -1,14169e-02
4448	  8,8940000000e+03	  7,67288e-03	 -1,09888e-02
4449	  8,8960000000e+03	  6,06158e-03	 -1,00522e-02
4450	  8,8980000000e+03	  1,20537e-03	 -9,58884e-03
4451	  8,9000000000e+03	  7,66105e-04	 -6,46924e-03
4452	  8,9020000000e+03	  1,83789e-04	 -3,29765e-03
4453	  8,9040000000e+03	  2,75812e-03	 -3,21440e-03
4454	  8,9060000000e+03	  3,78461e-03	 -4,07786e-03
4455	  8,9080000000e+03	 -3,57271e-05	 -5,60865e-03
4456	  8,9100000000e+03	 -2,13241e-04	 -4,53088e-03
4457	  8,9120000000e+03	  2,06098e-03	 -2,82858e-03
4458	  8,9140000000e+03	  8,84075e-04	 -3,82096e-03
4459	  8,9160000000e+03	  1,56017e-03	 -7,02695e-03
4460	  8,9180000000e+03	 -6,00956e-04	 -4,62885e-03
4461	  8,9200000000e+03	 -2,31436e-03	 -3,24614e-03
4462	  8,9220000000e+03	 -2,42533e-04	 -3,95822e-03
4463	  8,9240000000e+03	  1,75804e-04	 -3,81891e-03
4464	  8,9260000000e+03	 -1,93267e-04	  1,54374e-04
4465	  8,9280000000e+03	  1,23955e-03	 -6,98762e-04
4466	  8,9300000000e+03	  2,50445e-03	 -1,11063e-03
4467	  8,9320000000e+03	  4,83552e-04	  1,99256e-03
4468	  8,9340000000e+03	 -1,04777e-03	  2,72170e-04
4469	  8,9360000000e+03	 -2,96054e-03	  2,68917e-04
4470	  8,9380000000e+03	 -1,84114e-03	  1,92191e-03
4471	  8,9400000000e+03	 -4,21867e-04	  4,14074e-03
4472	  8,9420000000e+03	 -2,88013e-03	  1,07898e-03
4473	  8,9440000000e+03	 -2,90506e-03	 -9,15665e-05
4474	  8,9460000000e+03	 -1,55131e-03	 -3,03205e-05
4475	  8,9480000000e+03	 -1,25218e-03	  3,47948e-03
4476	  8,9500000000e+03	  2,22561e-03	  5,35111e-03
4477	  8,9520000000e+03	 -4,46759e-04	  9,91918e-03
4478	  8,9540000000e+03	 -4,57482e-03	  8,43549e-03
4479	  8,9560000000e+03	 -3,20188e-03	  8,58784e-03
4480	  8,9580000000e+03	  1,50886e-03	  9,62985e-03
4481	  8,9600000000e+03	  2,89134e-03	  7,07566e-03
4482	  8,9620000000e+03	  3,15101e-03	  8,17924e-03
4483	  8,9640000000e+03	  3,20242e-03	  1,46613e-02
4484	  8,9660000000e+03	  3,10798e-03	  1,16252e-02
4485	  8,9680000000e+03	  2,44136e-03	  9,42103e-03
4486	  8,9700000000e+03	  4,45099e-03	  9,10361e-03
4487	  8,9720000000e+03	  5,54193e-03	  1,12198e-02
4488	  8,9740000000e+03	  6,76413e-03	  1,17471e-02
4489	  8,9760000000e+03	  5,75084e-03	  1,06449e-02
4490	  8,9780000000e+03	  7,35111e-03	  1,11924e-02
4491	  8,9800000000e+03	  8,04515e-03	  9,03015e-03
4492	  8,9820000000e+03	  9,98358e-03	  8,50525e-03
4493	  8,9840000000e+03	  1,04893e-02	  1,28048e-02
4494	  8,9860000000e+03	  8,59193e-03	  1,21772e-02
4495	  8,9880000000e+03	  8,68077e-03	  1,12835e-02
4496	  8,9900000000e+03	  1,19117e-02	  1,35512e-02
4497	  8,9920000000e+03	  1,20086e-02	  1,27291e-02
4498	  8,9940000000e+03	  9,59807e-03	  1,11131e-02
4499	  8,9960000000e+03	  6,48602e-03	  9,67990e-03
4500	  8,9980000000e+03	  8,34248e-03	  8,94109e-03
4501	  9,0000000000e+03	  1,19131e-02	  1,05087e-02
4502	  9,0020000000e+03	  1,28035e-02	  1,42755e-02
4503	  9,0040000000e+03	  1,33430e-02	  1,05764e-02
4504	  9,0060000000e+03	  1,45087e-02	  8,68355e-03
4505	  9,0080000000e+03	  1,54651e-02	  1,39281e-02
4506	  9,0100000000e+03	  1,29750e-02	  1,31255e-02
4507	  9,0120000000e+03	  1,40154e-02	  1,12195e-02
4508	  9,0140000000e+03	  1,53335e-02	  1,38370e-02
4509	  9,0160000000e+03	  1,47144e-02	  1,49948e-02
4510	  9,0180000000e+03	  1,75308e-02	  1,56190e-02
4511	  9,0200000000e+03	  1,49479e-02	  1,27763e-02
4512	  9,0220000000e+03	  1,61406e-02	  1,41498e-02
4513	  9,0240000000e+03	  1,98304e-02	  1,33704e-02
4514	  9,0260000000e+03	  1,99283e-02	  1,45731e-02
4515	  9,0280000000e+03	  2,18944e-02	  1,72401e-02
4516	  9,0300000000e+03	  2,46907e-02	  1,52671e-02
4517	  9,0320000000e+03	  2,18221e-02	  1,33691e-02
4518	  9,0340000000e+03	  2,11218e-02	  1,16647e-02
4519	  9,0360000000e+03	  2,27263e-02	  1,20295e-02
4520	  9,0380000000e+03	  2,46087e-02	  1,03452e-02
4521	  9,0400000000e+03	  2,38980e-02	  1,23071e-02
4522	  9,0420000000e+03	  2,49306e-02	  1,17141e-02
4523	  9,0440000000e+03	  2,41866e-02	  9,52413e-03
4524	  9,0460000000e+03	  2,32143e-02	  1,26220e-02
4525	  9,0480000000e+03	  2,55444e-02	  1,05014e-02
4526	  9,0500000000e+03	  2,83413e-02	  6,38515e-03
4527	  9,0520000000e+03	  3,03606e-02	  7,13462e-03
4528	  9,0540000000e+03	  3,25502e-02	  8,59503e-03
4529	  9,0560000000e+03	  3,05562e-02	  1,13167e-02
4530	  9,0580000000e+03	  2,91267e-02	  8,66374e-03
4531	  9,0600000000e+03	  3,00193e-02	  7,90705e-03
4532	  9,0620000000e+03	  3,35771e-02	  9,07963e-03
4533	  9,0640000000e+03	  3,70536e-02	  9,02055e-03
4534	  9,0660000000e+03	  3,68405e-02	  7,46507e-03
4535	  9,0680000000e+03	  3,29440e-02	  5,80231e-03
4536	  9,0700000000e+03	  3,62538e-02	  7,20198e-03
4537	  9,0720000000e+03	  3,70418e-02	  7,51448e-03
4538	  9,0740000000e+03	  3,37876e-02	  2,66935e-03
4539	  9,0760000000e+03	  3,49659e-02	  2,76496e-03
4540	  9,0780000000e+03	  3,68685e-02	 -7,17125e-04
4541	  9,0800000000e+03	  3,78855e-02	 -2,21271e-03
4542	  9,0820000000e+03	  4,25046e-02	 -2,24229e-03
4543	  9,0840000000e+03	  4,31952e-02	 -2,53967e-03
4544	  9,0860000000e+03	  4,33665e-02	 -4,13740e-03
4545	  9,0880000000e+03	  4,26252e-02	 -1,84501e-03
4546	  9,0900000000e+03	  4,06608e-02	 -9,54494e-03
4547	  9,0920000000e+03	  3,92947e-02	 -1,26028e-02
4548	  9,0940000000e+03	  3,70092e-02	 -1,12191e-02
4549	  9,0960000000e+03	  3,97459e-02	 -1,24933e-02
4550	  9,0980000000e+03	  4,30126e-02	 -1,35016e-02
4551	  9,1000000000e+03	  4,13699e-02	 -1,47967e-02
4552	  9,1020000000e+03	  3,90305e-02	 -1,61842e-02
4553	  9,1040000000e+03	  4,08170e-02	 -1,91112e-02
4554	  9,1060000000e+03	  4,18501e-02	 -2,00591e-02
4555	  9,1080000000e+03	  3,71680e-02	 -1,70936e-02
4556	  9,1100000000e+03	  3,86838e-02	 -1,66300e-02
4557	  9,1120000000e+03	  3,59093e-02	 -2,01769e-02
4558	  9,1140000000e+03	  3,62427e-02	 -2,75632e-02
4559	  9,1160000000e+03	  4,17493e-02	 -2,82766e-02
4560	  9,1180000000e+03	  3,89081e-02	 -2,52622e-02
4561	  9,1200000000e+03	  3,26455e-02	 -2,55707e-02
4562	  9,1220000000e+03	  3,85242e-02	 -2,76071e-02
4563	  9,1240000000e+03	  4,05591e-02	 -2,72151e-02
4564	  9,1260000000e+03	  3,81180e-02	 -3,00030e-02
4565	  9,1280000000e+03	  3,76545e-02	 -3,01207e-02
4566	  9,1300000000e+03	  3,30800e-02	 -3,22195e-02
4567	  9,1320000000e+03	  3,16269e-02	 -3,54853e-02
4568	  9,1340000000e+03	  3,53111e-02	 -3,50059e-02
4569	  9,1360000000e+03	  3,64704e-02	 -3,31722e-02
4570	  9,1380000000e+03	  3,24768e-02	 -3,71451e-02
4571	  9,1400000000e+03	  3,21858e-02	 -3,81235e-02
4572	  9,1420000000e+03	  3,21510e-02	 -3,62620e-02
4573	  9,1440000000e+03	  3,28975e-02	 -3,71408e-02
4574	  9,1460000000e+03	  2,99761e-02	 -3,93990e-02
4575	  9,1480000000e+03	  2,69116e-02	 -3,86616e-02
4576	  9,1500000000e+03	  2,59406e-02	 -4,16053e-02
4577	  9,1520000000e+03	  2,06075e-02	 -4,34029e-02
4578	  9,1540000000e+03	  2,18097e-02	 -4,32679e-02
4579	  9,1560000000e+03	  2,39796e-02	 -3,92146e-02
4580	  9,1580000000e+03	  2,11370e-02	 -4,06680e-02
4581	  9,1600000000e+03	  2,02139e-02	 -4,27226e-02
4582	  9,1620000000e+03	  2,50228e-02	 -4,44304e-02
4583	  9,1640000000e+03	  2,50938e-02	 -4,31438e-02
4584	  9,1660000000e+03	  2,23462e-02	 -4,26009e-02
4585	  9,1680000000e+03	  1,55321e-02	 -3,96685e-02
4586	  9,1700000000e+03	  1,48284e-02	 -4,26669e-02
4587	  9,1720000000e+03	  1,80171e-02	 -4,47054e-02
4588	  9,1740000000e+03	  1,77455e-02	 -4,32743e-02
4589	  9,1760000000e+03	  1,54501e-02	 -4,33098e-02
4590	  9,1780000000e+03	  1,41944e-02	 -4,39740e-02
4591	  9,1800000000e+03	  1,00232e-02	 -4,69634e-02
4592	  9,1820000000e+03	  7,17130e-03	 -4,46031e-02
4593	  9,1840000000e+03	  1,13412e-02	 -4,14797e-02
4594	  9,1860000000e+03	  9,92159e-03	 -4,22554e-02
4595	  9,1880000000e+03	  1,04969e-02	 -4,60488e-02
4596	  9,1900000000e+03	  1,23798e-02	 -4,85194e-02
4597	  9,1920000000e+03	  9,91830e-03	 -4,63340e-02
4598	  9,1940000000e+03	  7,67018e-03	 -4,77686e-02
4599	  9,1960000000e+03	  4,70301e-03	 -4,86924e-02
4600	  9,1980000000e+03	  4,34689e-03	 -4,98234e-02
4601	  9,2000000000e+03	  4,84304e-03	 -5,12527e-02
4602	  9,2020000000e+03	  5,44401e-03	 -4,95976e-02
4603	  9,2040000000e+03	  3,10138e-03	 -4,77645e-02
4604	  9,2060000000e+03	  1,63167e-04	 -4,85394e-02
4605	  9,2080000000e+03	  4,01596e-04	 -5,24404e-02
4606	  9,2100000000e+03	  4,75753e-04	 -5,27607e-02
4607	  9,2120000000e+03	  1,08525e-04	 -5,10057e-02
4608	  9,2140000000e+03	  6,72523e-04	 -5,05091e-02
4609	  9,2160000000e+03	 -1,49644e-03	 -5,08018e-02
4610	  9,2180000000e+03	 -1,55062e-03	 -4,74767e-02
4611	  9,2200000000e+03	 -5,93006e-03	 -5,02290e-02
4612	  9,2220000000e+03	 -8,68167e-03	 -4,79707e-02
4613	  9,2240000000e+03	 -7,43793e-03	 -4,57265e-02
4614	  9,2260000000e+03	 -8,15772e-03	 -4,43836e-02
4615	  9,2280000000e+03	 -1,01639e-02	 -4,61830e-02
4616	  9,2300000000e+03	 -7,74007e-03	 -4,83444e-02
4617	  9,2320000000e+03	 -9,54910e-03	 -4,98121e-02
4618	  9,2340000000e+03	 -1,24196e-02	 -4,86598e-02
4619	  9,2360000000e+03	 -1,26899e-02	 -4,48997e-02
4620	  9,2380000000e+03	 -1,62996e-02	 -4,18120e-02
4621	  9,2400000000e+03	 -1,57461e-02	 -4,50892e-02
4622	  9,2420000000e+03	 -1,66740e-02	 -4,72343e-02
4623	  9,2440000000e+03	 -1,73634e-02	 -4,86724e-02
4624	  9,2460000000e+03	 -1,76481e-02	 -5,01200e-02
4625	  9,2480000000e+03	 -1,93625e-02	 -4,74780e-02
4626	  9,2500000000e+03	 -1,50524e-02	 -4,87709e-02
4627	  9,2520000000e+03	 -1,36958e-02	 -4,77983e-02
4628	  9,2540000000e+03	 -1,51515e-02	 -4,62888e-02
4629	  9,2560000000e+03	 -2,00635e-02	 -4,63898e-02
4630	  9,2580000000e+03	 -2,02325e-02	 -4,68344e-02
4631	  9,2600000000e+03	 -1,99222e-02	 -4,78089e-02
4632	  9,2620000000e+03	 -2,21820e-02	 -4,44129e-02
4633	  9,2640000000e+03	 -2,04074e-02	 -4,22042e-02
4634	  9,2660000000e+03	 -2,34110e-02	 -4,73013e-02
4635	  9,2680000000e+03	 -2,61597e-02	 -4,62563e-02
4636	  9,2700000000e+03	 -2,64934e-02	 -3,99427e-02
4637	  9,2720000000e+03	 -3,13248e-02	 -4,06153e-02
4638	  9,2740000000e+03	 -3,31771e-02	 -4,06371e-02
4639	  9,2760000000e+03	 -3,34703e-02	 -4,01834e-02
4640	  9,2780000000e+03	 -3,12658e-02	 -4,05238e-02
4641	  9,2800000000e+03	 -2,85713e-02	 -3,77334e-02
4642	  9,2820000000e+03	 -3,07168e-02	 -3,67217e-02
4643	  9,2840000000e+03	 -3,20503e-02	 -3,46985e-02
4644	  9,2860000000e+03	 -3,25250e-02	 -3,68959e-02
4645	  9,2880000000e+03	 -3,46149e-02	 -3,16055e-02
4646	  9,2900000000e+03	 -3,40971e-02	 -3,17911e-02
4647	  9,2920000000e+03	 -3,53856e-02	 -3,15612e-02
4648	  9,2940000000e+03	 -3,57587e-02	 -3,06720e-02
4649	  9,2960000000e+03	 -3,47990e-02	 -3,13017e-02
4650	  9,2980000000e+03	 -3,20064e-02	 -3,34543e-02
4651	  9,3000000000e+03	 -3,43868e-02	 -3,26039e-02
4652	  9,3020000000e+03	 -3,56157e-02	 -2,97059e-02
4653	  9,3040000000e+03	 -3,76052e-02	 -2,99839e-02
4654	  9,3060000000e+03	 -4,30318e-02	 -3,14405e-02
4655	  9,3080000000e+03	 -3,96564e-02	 -2,80184e-02
4656	  9,3100000000e+03	 -3,89485e-02	 -2,93562e-02
4657	  9,3120000000e+03	 -3,82519e-02	 -2,91984e-02
4658	  9,3140000000e+03	 -3,74292e-02	 -2,52029e-02
4659	  9,3160000000e+03	 -3,82480e-02	 -2,51215e-02
4660	  9,3180000000e+03	 -3,77211e-02	 -2,55868e-02
4661	  9,3200000000e+03	 -3,65571e-02	 -2,55031e-02
4662	  9,3220000000e+03	 -3,84148e-02	 -2,50429e-02
4663	  9,3240000000e+03	 -3,98036e-02	 -2,48916e-02
4664	  9,3260000000e+03	 -3,60053e-02	 -2,33227e-02
4665	  9,3280000000e+03	 -3,88770e-02	 -2,20629e-02
4666	  9,3300000000e+03	 -4,25261e-02	 -1,97892e-02
4667	  9,3320000000e+03	 -4,20878e-02	 -2,09193e-02
4668	  9,3340000000e+03	 -4,06741e-02	 -1,96878e-02
4669	  9,3360000000e+03	 -4,17099e-02	 -1,70777e-02
4670	  9,3380000000e+03	 -4,21883e-02	 -1,59528e-02
4671	  9,3400000000e+03	 -4,49209e-02	 -1,37758e-02
4672	  9,3420000000e+03	 -4,06276e-02	 -1,58771e-02
4673	  9,3440000000e+03	 -4,16035e-02	 -1,76118e-02
4674	  9,3460000000e+03	 -4,35851e-02	 -1,80168e-02
4675	  9,3480000000e+03	 -4,23578e-02	 -1,44049e-02
4676	  9,3500000000e+03	 -4,31752e-02	 -1,32235e-02
4677	  9,3520000000e+03	 -4,19537e-02	 -1,70059e-02
4678	  9,3540000000e+03	 -4,39508e-02	 -1,38204e-02
4679	  9,3560000000e+03	 -4,46921e-02	 -1,47325e-02
4680	  9,3580000000e+03	 -4,23167e-02	 -1,51767e-02
4681	  9,3600000000e+03	 -4,36511e-02	 -1,42297e-02
4682	  9,3620000000e+03	 -4,23710e-02	 -1,10653e-02
4683	  9,3640000000e+03	 -4,16931e-02	 -1,03562e-02
4684	  9,3660000000e+03	 -4,20404e-02	 -1,07196e-02
4685	  9,3680000000e+03	 -4,33219e-02	 -9,85060e-03
4686	  9,3700000000e+03	 -4,31761e-02	 -7,70426e-03
4687	  9,3720000000e+03	 -4,22410e-02	 -6,45471e-03
4688	  9,3740000000e+03	 -4,34176e-02	 -6,46737e-03
4689	  9,3760000000e+03	 -4,40745e-02	 -8,95238e-03
4690	  9,3780000000e+03	 -4,40767e-02	 -9,87216e-03
4691	  9,3800000000e+03	 -4,31876e-02	 -5,94897e-03
4692	  9,3820000000e+03	 -4,43626e-02	 -4,70446e-03
4693	  9,3840000000e+03	 -4,69199e-02	 -3,97342e-03
4694	  9,3860000000e+03	 -4,56555e-02	 -2,93952e-03
4695	  9,3880000000e+03	 -4,41066e-02	 -5,85882e-03
4696	  9,3900000000e+03	 -4,55569e-02	 -4,08873e-03
4697	  9,3920000000e+03	 -4,50410e-02	  2,44681e-03
4698	  9,3940000000e+03	 -4,69506e-02	  1,64444e-03
4699	  9,3960000000e+03	 -4,70463e-02	 -1,78844e-03
4700	  9,3980000000e+03	 -4,72422e-02	 -2,86916e-03
4701	  9,4000000000e+03	 -4,76957e-02	 -3,08275e-05
4702	  9,4020000000e+03	 -4,81137e-02	  4,52386e-03
4703	  9,4040000000e+03	 -4,91925e-02	  4,50588e-03
4704	  9,4060000000e+03	 -4,78124e-02	  2,92016e-03
4705	  9,4080000000e+03	 -4,72488e-02	 -2,13477e-04
4706	  9,4100000000e+03	 -4,57938e-02	  3,96777e-03
4707	  9,4120000000e+03	 -4,71534e-02	  6,45129e-03
4708	  9,4140000000e+03	 -4,84024e-02	  6,65707e-03
4709	  9,4160000000e+03	 -4,91815e-02	  7,86516e-03
4710	  9,4180000000e+03	 -4,89543e-02	  6,46521e-03
4711	  9,4200000000e+03	 -4,79946e-02	  6,67748e-03
4712	  9,4220000000e+03	 -4,49529e-02	  1,12301e-02
4713	  9,4240000000e+03	 -4,47545e-02	  9,82285e-03
4714	  9,4260000000e+03	 -4,78690e-02	  8,31535e-03
4715	  9,4280000000e+03	 -5,22014e-02	  1,21730e-02
4716	  9,4300000000e+03	 -4,73676e-02	  1,40019e-02
4717	  9,4320000000e+03	 -4,38762e-02	  1,62072e-02
4718	  9,4340000000e+03	 -4,40688e-02	  1,74425e-02
4719	  9,4360000000e+03	 -4,77285e-02	  1,50985e-02
4720	  9,4380000000e+03	 -4,48016e-02	  1,64083e-02
4721	  9,4400000000e+03	 -4,51508e-02	  1,70098e-02
4722	  9,4420000000e+03	 -4,49902e-02	  1,64742e-02
4723	  9,4440000000e+03	 -4,04095e-02	  1,89312e-02
4724	  9,4460000000e+03	 -4,09593e-02	  2,23493e-02
4725	  9,4480000000e+03	 -4,12645e-02	  2,14247e-02
4726	  9,4500000000e+03	 -4,08875e-02	  1,82520e-02
4727	  9,4520000000e+03	 -4,13884e-02	  2,13496e-02
4728	  9,4540000000e+03	 -4,23008e-02	  1,97176e-02
4729	  9,4560000000e+03	 -3,97485e-02	  1,73408e-02
4730	  9,4580000000e+03	 -3,51167e-02	  1,85889e-02
4731	  9,4600000000e+03	 -3,57094e-02	  2,05943e-02
4732	  9,4620000000e+03	 -3,64110e-02	  2,32094e-02
4733	  9,4640000000e+03	 -3,76166e-02	  2,26894e-02
4734	  9,4660000000e+03	 -3,70538e-02	  1,97655e-02
4735	  9,4680000000e+03	 -3,62870e-02	  2,13329e-02
4736	  9,4700000000e+03	 -4,04288e-02	  2,38607e-02
4737	  9,4720000000e+03	 -4,13621e-02	  2,17926e-02
4738	  9,4740000000e+03	 -3,79311e-02	  2,15019e-02
4739	  9,4760000000e+03	 -3,40654e-02	  2,12561e-02
4740	  9,4780000000e+03	 -3,46622e-02	  2,09181e-02
4741	  9,4800000000e+03	 -3,43261e-02	  2,65175e-02
4742	  9,4820000000e+03	 -3,18610e-02	  2,90075e-02
4743	  9,4840000000e+03	 -3,23988e-02	  3,22665e-02
4744	  9,4860000000e+03	 -3,21454e-02	  3,14382e-02
4745	  9,4880000000e+03	 -3,20653e-02	  2,83113e-02
4746	  9,4900000000e+03	 -3,10311e-02	  2,95747e-02
4747	  9,4920000000e+03	 -3,00284e-02	  2,71519e-02
4748	  9,4940000000e+03	 -3,10844e-02	  2,53139e-02
4749	  9,4960000000e+03	 -3,05199e-02	  2,74416e-02
4750	  9,4980000000e+03	 -3,08207e-02	  2,86575e-02
4751	  9,5000000000e+03	 -2,96583e-02	  2,77716e-02
4752	  9,5020000000e+03	 -2,82430e-02	  2,92118e-02
4753	  9,5040000000e+03	 -2,69470e-02	  3,00507e-02
4754	  9,5060000000e+03	 -2,21550e-02	  2,79865e-02
4755	  9,5080000000e+03	 -2,47153e-02	  2,96743e-02
4756	  9,5100000000e+03	 -2,47588e-02	  3,14153e-02
4757	  9,5120000000e+03	 -2,61300e-02	  3,18960e-02
4758	  9,5140000000e+03	 -2,57225e-02	  3,37776e-02
4759	  9,5160000000e+03	 -2,57649e-02	  3,46249e-02
4760	  9,5180000000e+03	 -2,11795e-02	  3,18917e-02
4761	  9,5200000000e+03	 -2,25929e-02	  3,13647e-02
4762	  9,5220000000e+03	 -2,34284e-02	  3,11542e-02
4763	  9,5240000000e+03	 -2,26631e-02	  2,96063e-02
4764	  9,5260000000e+03	 -2,28817e-02	  2,93065e-02
4765	  9,5280000000e+03	 -2,51193e-02	  3,01233e-02
4766	  9,5300000000e+03	 -2,20666e-02	  3,04185e-02
4767	  9,5320000000e+03	 -2,12965e-02	  3,21785e-02
4768	  9,5340000000e+03	 -2,12974e-02	  3,45956e-02
4769	  9,5360000000e+03	 -2,01613e-02	  3,05880e-02
4770	  9,5380000000e+03	 -1,91063e-02	  3,58803e-02
4771	  9,5400000000e+03	 -1,95383e-02	  3,47335e-02
4772	  9,5420000000e+03	 -1,70871e-02	  3,22020e-02
4773	  9,5440000000e+03	 -1,84834e-02	  3,07451e-02
4774	  9,5460000000e+03	 -1,71179e-02	  3,42049e-02
4775	  9,5480000000e+03	 -1,64181e-02	  3,53640e-02
4776	  9,5500000000e+03	 -1,78200e-02	  3,25536e-02
4777	  9,5520000000e+03	 -1,99585e-02	  3,21359e-02
4778	  9,5540000000e+03	 -1,84632e-02	  3,21292e-02
4779	  9,5560000000e+03	 -1,84764e-02	  3,07110e-02
4780	  9,5580000000e+03	 -1,58662e-02	  3,17733e-02
4781	  9,5600000000e+03	 -1,83657e-02	  3,40643e-02
4782	  9,5620000000e+03	 -1,74000e-02	  3,27936e-02
4783	  9,5640000000e+03	 -1,56245e-02	  3,34490e-02
4784	  9,5660000000e+03	 -1,23579e-02	  3,30871e-02
4785	  9,5680000000e+03	 -9,79042e-03	  3,22364e-02
4786	  9,5700000000e+03	 -1,13688e-02	  3,30287e-02
4787	  9,5720000000e+03	 -1,40176e-02	  3,32607e-02
4788	  9,5740000000e+03	 -1,49594e-02	  3,34854e-02
4789	  9,5760000000e+03	 -1,52416e-02	  3,29867e-02
4790	  9,5780000000e+03	 -1,75407e-02	  3,42907e-02
4791	  9,5800000000e+03	 -1,52453e-02	  3,36087e-02
4792	  9,5820000000e+03	 -1,36055e-02	  3,46056e-02
4793	  9,5840000000e+03	 -1,57026e-02	  3,55295e-02
4794	  9,5860000000e+03	 -1,20623e-02	  3,38825e-02
4795	  9,5880000000e+03	 -1,22819e-02	  3,41514e-02
4796	  9,5900000000e+03	 -1,27699e-02	  3,15539e-02
4797	  9,5920000000e+03	 -1,13901e-02	  3,33081e-02
4798	  9,5940000000e+03	 -9,26986e-03	  3,55460e-02
4799	  9,5960000000e+03	 -7,60311e-03	  3,06764e-02
4800	  9,5980000000e+03	 -8,47617e-03	  3,51696e-02
4801	  9,6000000000e+03	 -7,88850e-03	  3,58086e-02
4802	  9,6020000000e+03	 -9,56178e-03	  3,30397e-02
4803	  9,6040000000e+03	 -1,17204e-02	  3,29928e-02
4804	  9,6060000000e+03	 -1,38948e-02	  3,15130e-02
4805	  9,6080000000e+03	 -1,05355e-02	  3,46066e-02
4806	  9,6100000000e+03	 -1,02114e-02	  3,40599e-02
4807	  9,6120000000e+03	 -1,06634e-02	  3,01229e-02
4808	  9,6140000000e+03	 -1,20472e-02	  2,78484e-02
4809	  9,6160000000e+03	 -1,26428e-02	  3,03553e-02
4810	  9,6180000000e+03	 -1,09085e-02	  3,38094e-02
4811	  9,6200000000e+03	 -1,06845e-02	  3,41241e-02
4812	  9,6220000000e+03	 -1,13399e-02	  3,02588e-02
4813	  9,6240000000e+03	 -1,00424e-02	  3,13929e-02
4814	  9,6260000000e+03	 -5,93557e-03	  3,24622e-02
4815	  9,6280000000e+03	 -7,52971e-03	  3,19067e-02
4816	  9,6300000000e+03	 -7,86338e-03	  3,45577e-02
4817	  9,6320000000e+03	 -8,33483e-03	  3,34465e-02
4818	  9,6340000000e+03	 -7,47326e-03	  3,68281e-02
4819	  9,6360000000e+03	 -8,94518e-03	  3,54648e-02
4820	  9,6380000000e+03	 -6,85928e-03	  3,57949e-02
4821	  9,6400000000e+03	 -4,34372e-03	  3,71898e-02
4822	  9,6420000000e+03	 -7,93133e-03	  4,25771e-02
4823	  9,6440000000e+03	 -8,29411e-03	  4,21958e-02
4824	  9,6460000000e+03	 -7,47197e-03	  3,92088e-02
4825	  9,6480000000e+03	 -9,50474e-03	  3,64535e-02
4826	  9,6500000000e+03	 -6,76418e-03	  3,66568e-02
4827	  9,6520000000e+03	 -4,96738e-03	  3,84410e-02
4828	  9,6540000000e+03	 -6,62507e-03	  3,80506e-02
4829	  9,6560000000e+03	 -7,82280e-03	  4,05772e-02
4830	  9,6580000000e+03	 -7,11440e-03	  4,45709e-02
4831	  9,6600000000e+03	 -2,02680e-03	  4,56021e-02
4832	  9,6620000000e+03	 -3,70498e-03	  4,24123e-02
4833	  9,6640000000e+03	 -5,05387e-03	  4,35997e-02
4834	  9,6660000000e+03	 -1,94771e-03	  4,80277e-02
4835	  9,6680000000e+03	  1,23799e-03	  4,21322e-02
4836	  9,6700000000e+03	  2,87743e-03	  3,97803e-02
4837	  9,6720000000e+03	  1,88265e-03	  3,91035e-02
4838	  9,6740000000e+03	  1,69724e-03	  4,05051e-02
4839	  9,6760000000e+03	  3,93025e-03	  4,48600e-02
4840	  9,6780000000e+03	  2,83578e-03	  4,75316e-02
4841	  9,6800000000e+03	  8,14492e-05	  4,35300e-02
4842	  9,6820000000e+03	 -1,36977e-04	  4,19838e-02
4843	  9,6840000000e+03	 -3,00733e-04	  4,26482e-02
4844	  9,6860000000e+03	  1,08634e-04	  4,28065e-02
4845	  9,6880000000e+03	 -2,08129e-03	  4,11445e-02
4846	  9,6900000000e+03	 -1,29372e-03	  3,87516e-02
4847	  9,6920000000e+03	 -4,12976e-04	  3,90730e-02
4848	  9,6940000000e+03	 -3,01967e-03	  4,38205e-02
4849	  9,6960000000e+03	 -3,85384e-03	  4,61537e-02
4850	  9,6980000000e+03	  1,71115e-04	  4,76365e-02
4851	  9,7000000000e+03	  1,29413e-03	  4,67179e-02
4852	  9,7020000000e+03	  3,61973e-03	  4,60666e-02
4853	  9,7040000000e+03	  3,24129e-03	  4,43366e-02
4854	  9,7060000000e+03	  1,30719e-03	  4,58208e-02
4855	  9,7080000000e+03	  4,71486e-03	  4,57590e-02
4856	  9,7100000000e+03	  8,24260e-03	  4,55969e-02
4857	  9,7120000000e+03	  9,86095e-03	  4,61805e-02
4858	  9,7140000000e+03	  6,32879e-03	  4,69474e-02
4859	  9,7160000000e+03	  7,30231e-04	  5,06998e-02
4860	  9,7180000000e+03	  2,52991e-03	  4,87361e-02
4861	  9,7200000000e+03	  4,72712e-03	  4,87499e-02
4862	  9,7220000000e+03	  4,84694e-03	  4,67901e-02
4863	  9,7240000000e+03	  4,70887e-03	  4,76782e-02
4864	  9,7260000000e+03	  6,72800e-03	  5,08781e-02
4865	  9,7280000000e+03	  6,16568e-03	  5,46533e-02
4866	  9,7300000000e+03	  4,61657e-03	  5,34071e-02
4867	  9,7320000000e+03	  8,12217e-03	  5,34309e-02
4868	  9,7340000000e+03	  1,09456e-02	  5,59160e-02
4869	  9,7360000000e+03	  1,23642e-02	  5,75400e-02
4870	  9,7380000000e+03	  1,21724e-02	  5,61477e-02
4871	  9,7400000000e+03	  1,23206e-02	  5,79199e-02
4872	  9,7420000000e+03	  1,56389e-02	  5,69865e-02
4873	  9,7440000000e+03	  1,69943e-02	  5,48024e-02
4874	  9,7460000000e+03	  1,60670e-02	  5,27128e-02
4875	  9,7480000000e+03	  1,59067e-02	  5,44340e-02
4876	  9,7500000000e+03	  1,85801e-02	  5,68126e-02
4877	  9,7520000000e+03	  1,97075e-02	  5,71878e-02
4878	  9,7540000000e+03	  2,38857e-02	  5,71656e-02
4879	  9,7560000000e+03	  2,32310e-02	  5,53657e-02
4880	  9,7580000000e+03	  2,36390e-02	  5,51075e-02
4881	  9,7600000000e+03	  2,76802e-02	  5,49801e-02
4882	  9,7620000000e+03	  2,95359e-02	  5,47681e-02
4883	  9,7640000000e+03	  2,91685e-02	  5,76347e-02
4884	  9,7660000000e+03	  2,90876e-02	  5,76662e-02
4885	  9,7680000000e+03	  2,95737e-02	  5,71350e-02
4886	  9,7700000000e+03	  3,42325e-02	  5,60282e-02
4887	  9,7720000000e+03	  3,42095e-02	  5,64307e-02
4888	  9,7740000000e+03	  3,50165e-02	  5,64681e-02
4889	  9,7760000000e+03	  3,63503e-02	  5,48665e-02
4890	  9,7780000000e+03	  3,83822e-02	  5,73142e-02
4891	  9,7800000000e+03	  4,03999e-02	  5,88099e-02
4892	  9,7820000000e+03	  3,81426e-02	  5,67820e-02
4893	  9,7840000000e+03	  3,68793e-02	  5,51725e-02
4894	  9,7860000000e+03	  3,92511e-02	  5,54032e-02
4895	  9,7880000000e+03	  4,23060e-02	  5,55278e-02
4896	  9,7900000000e+03	  4,35495e-02	  5,55801e-02
4897	  9,7920000000e+03	  5,07844e-02	  5,67859e-02
4898	  9,7940000000e+03	  5,29848e-02	  5,56997e-02
4899	  9,7960000000e+03	  5,19700e-02	  5,64463e-02
4900	  9,7980000000e+03	  5,53956e-02	  5,43530e-02
4901	  9,8000000000e+03	  5,51306e-02	  5,26576e-02
4902	  9,8020000000e+03	  5,39812e-02	  5,24680e-02
4903	  9,8040000000e+03	  5,60073e-02	  5,15125e-02
4904	  9,8060000000e+03	  5,82130e-02	  5,20672e-02
4905	  9,8080000000e+03	  5,95534e-02	  4,84416e-02
4906	  9,8100000000e+03	  6,26568e-02	  4,56272e-02
4907	  9,8120000000e+03	  6,36891e-02	  4,87954e-02
4908	  9,8140000000e+03	  6,28374e-02	  4,84930e-02
4909	  9,8160000000e+03	  6,53083e-02	  4,54624e-02
4910	  9,8180000000e+03	  6,67431e-02	  4,27755e-02
4911	  9,8200000000e+03	  6,72040e-02	  4,09599e-02
4912	  9,8220000000e+03	  6,54138e-02	  4,00845e-02
4913	  9,8240000000e+03	  6,98607e-02	  3,80031e-02
4914	  9,8260000000e+03	  6,60608e-02	  3,56656e-02
4915	  9,8280000000e+03	  6,82745e-02	  3,33088e-02
4916	  9,8300000000e+03	  7,10650e-02	  3,31221e-02
4917	  9,8320000000e+03	  7,10139e-02	  2,92009e-02
4918	  9,8340000000e+03	  6,84095e-02	  3,00966e-02
4919	  9,8360000000e+03	  6,76558e-02	  2,86689e-02
4920	  9,8380000000e+03	  6,97185e-02	  2,71599e-02
4921	  9,8400000000e+03	  6,72351e-02	  2,70147e-02
4922	  9,8420000000e+03	  7,17739e-02	  2,58875e-02
4923	  9,8440000000e+03	  7,13732e-02	  2,15231e-02
4924	  9,8460000000e+03	  7,15455e-02	  1,85639e-02
4925	  9,8480000000e+03	  7,38522e-02	  2,56065e-02
4926	  9,8500000000e+03	  7,29048e-02	  2,45987e-02
4927	  9,8520000000e+03	  7,11408e-02	  2,18091e-02
4928	  9,8540000000e+03	  7,28614e-02	  2,26836e-02
4929	  9,8560000000e+03	  7,15571e-02	  1,77232e-02
4930	  9,8580000000e+03	  7,34226e-02	  1,86523e-02
4931	  9,8600000000e+03	  7,45020e-02	  1,91245e-02
4932	  9,8620000000e+03	  7,68723e-02	  1,34644e-02
4933	  9,8640000000e+03	  7,63094e-02	  1,26148e-02
4934	  9,8660000000e+03	  7,45449e-02	  1,47897e-02
4935	  9,8680000000e+03	  7,71247e-02	  1,71668e-02
4936	  9,8700000000e+03	  7,77780e-02	  1,51918e-02
4937	  9,8720000000e+03	  7,89403e-02	  8,68932e-03
4938	  9,8740000000e+03	  8,03555e-02	  6,17065e-03
4939	  9,8760000000e+03	  7,88311e-02	  2,96171e-03
4940	  9,8780000000e+03	  7,65301e-02	  3,67402e-03
4941	  9,8800000000e+03	  7,84486e-02	  3,54768e-03
4942	  9,8820000000e+03	  7,94479e-02	  9,68309e-04
4943	  9,8840000000e+03	  7,76434e-02	  1,15234e-03
4944	  9,8860000000e+03	  7,70452e-02	  2,93866e-03
4945	  9,8880000000e+03	  8,26299e-02	 -3,65017e-04
4946	  9,8900000000e+03	  8,42485e-02	 -2,24240e-03
4947	  9,8920000000e+03	  8,15043e-02	 -4,94138e-03
4948	  9,8940000000e+03	  8,13141e-02	 -4,26510e-03
4949	  9,8960000000e+03	  8,16231e-02	 -4,22147e-03
4950	  9,8980000000e+03	  8,15978e-02	 -6,13911e-03
4951	  9,9000000000e+03	  8,24991e-02	 -7,05873e-03
4952	  9,9020000000e+03	  8,25962e-02	 -5,41450e-03
4953	  9,9040000000e+03	  8,10046e-02	 -7,52011e-03
4954	  9,9060000000e+03	  8,06622e-02	 -1,22415e-02
4955	  9,9080000000e+03	  7,94249e-02	 -1,50601e-02
4956	  9,9100000000e+03	  8,15985e-02	 -1,77068e-02
4957	  9,9120000000e+03	  8,10009e-02	 -1,70480e-02
4958	  9,9140000000e+03	  7,86476e-02	 -1,73610e-02
4959	  9,9160000000e+03	  7,84295e-02	 -1,76955e-02
4960	  9,9180000000e+03	  7,87066e-02	 -2,07387e-02
4961	  9,9200000000e+03	  8,04915e-02	 -2,15677e-02
4962	  9,9220000000e+03	  7,60210e-02	 -2,27713e-02
4963	  9,9240000000e+03	  7,64284e-02	 -2,51455e-02
4964	  9,9260000000e+03	  7,85822e-02	 -2,78398e-02
4965	  9,9280000000e+03	  7,69556e-02	 -2,73655e-02
4966	  9,9300000000e+03	  7,52126e-02	 -3,03001e-02
4967	  9,9320000000e+03	  7,63514e-02	 -3,26625e-02
4968	  9,9340000000e+03	  7,78228e-02	 -3,08735e-02
4969	  9,9360000000e+03	  7,57311e-02	 -2,99259e-02
4970	  9,9380000000e+03	  7,19229e-02	 -3,38810e-02
4971	  9,9400000000e+03	  7,60691e-02	 -3,15961e-02
4972	  9,9420000000e+03	  7,65492e-02	 -3,35592e-02
4973	  9,9440000000e+03	  7,35995e-02	 -4,06623e-02
4974	  9,9460000000e+03	  7,29421e-02	 -3,84317e-02
4975	  9,9480000000e+03	  6,83684e-02	 -3,68145e-02
4976	  9,9500000000e+03	  6,55342e-02	 -3,93464e-02
4977	  9,9520000000e+03	  6,75668e-02	 -4,43679e-02
4978	  9,9540000000e+03	  6,92200e-02	 -4,50010e-02
4979	  9,9560000000e+03	  6,85233e-02	 -4,52031e-02
4980	  9,9580000000e+03	  6,72759e-02	 -4,62651e-02
4981	  9,9600000000e+03	  6,97048e-02	 -4,66785e-02
4982	  9,9620000000e+03	  6,73927e-02	 -4,81926e-02
4983	  9,9640000000e+03	  6,57015e-02	 -4,86758e-02
4984	  9,9660000000e+03	  6,29618e-02	 -4,87041e-02
4985	  9,9680000000e+03	  6,20705e-02	 -4,92373e-02
4986	  9,9700000000e+03	  6,09251e-02	 -4,84250e-02
4987	  9,9720000000e+03	  6,22797e-02	 -5,11550e-02
4988	  9,9740000000e+03	  5,90494e-02	 -5,21375e-02
4989	  9,9760000000e+03	  5,66956e-02	 -5,04876e-02
4990	  9,9780000000e+03	  6,02582e-02	 -5,51950e-02
4991	  9,9800000000e+03	  6,16429e-02	 -5,45008e-02
4992	  9,9820000000e+03	  6,06448e-02	 -5,21562e-02
4993	  9,9840000000e+03	  5,79077e-02	 -5,40292e-02
4994	  9,9860000000e+03	  5,52474e-02	 -5,81907e-02
4995	  9,9880000000e+03	  5,68105e-02	 -5,45861e-02
4996	  9,9900000000e+03	  5,37870e-02	 -5,42684e-02
4997	  9,9920000000e+03	  5,69122e-02	 -5,50696e-02
4998	  9,9940000000e+03	  5,32465e-02	 -5,62632e-02
4999	  9,9960000000e+03	  5,41336e-02	 -5,80828e-02
5000	  9,9980000000e+03	  5,29233e-02	 -5,96882e-02
5001	  1,0000000000e+04	  5,51207e-02	 -6,15962e-02
5002	  1,0002000000e+04	  5,31717e-02	 -6,41568e-02
5003	  1,0004000000e+04	  5,12168e-02	 -6,49264e-02
5004	  1,0006000000e+04	  5,00026e-02	 -6,59082e-02
5005	  1,0008000000e+04	  4,99635e-02	 -6,59498e-02
5006	  1,0010000000e+04	  4,73216e-02	 -6,71067e-02
5007	  1,0012000000e+04	  4,85934e-02	 -6,45874e-02
5008	  1,0014000000e+04	  4,86328e-02	 -6,63667e-02
5009	  1,0016000000e+04	  4,53643e-02	 -6,61965e-02
5010	  1,0018000000e+04	  4,59166e-02	 -6,77742e-02
5011	  1,0020000000e+04	  4,67318e-02	 -6,74682e-02
5012	  1,0022000000e+04	  4,65370e-02	 -6,95850e-02
5013	  1,0024000000e+04	  4,76018e-02	 -7,13727e-02
5014	  1,0026000000e+04	  4,42699e-02	 -7,16680e-02
5015	  1,0028000000e+04	  4,63219e-02	 -7,24042e-02
5016	  1,0030000000e+04	  4,46190e-02	 -7,30710e-02
5017	  1,0032000000e+04	  4,11930e-02	 -7,37183e-02
5018	  1,0034000000e+04	  4,18886e-02	 -7,18038e-02
5019	  1,0036000000e+04	  4,29510e-02	 -7,57281e-02
5020	  1,0038000000e+04	  4,31100e-02	 -7,76467e-02
5021	  1,0040000000e+04	  4,09355e-02	 -7,54162e-02
5022	  1,0042000000e+04	  3,83974e-02	 -7,80493e-02
5023	  1,0044000000e+04	  3,57300e-02	 -7,80245e-02
5024	  1,0046000000e+04	  3,62294e-02	 -7,93598e-02
5025	  1,0048000000e+04	  3,45983e-02	 -8,19865e-02
5026	  1,0050000000e+04	  3,61769e-02	 -8,31878e-02
5027	  1,0052000000e+04	  3,57333e-02	 -8,21371e-02
5028	  1,0054000000e+04	  3,31608e-02	 -8,47825e-02
5029	  1,0056000000e+04	  2,95302e-02	 -8,35572e-02
5030	  1,0058000000e+04	  2,81489e-02	 -8,42365e-02
5031	  1,0060000000e+04	  3,22461e-02	 -8,62131e-02
5032	  1,0062000000e+04	  3,18448e-02	 -8,73287e-02
5033	  1,0064000000e+04	  2,94572e-02	 -8,98981e-02
5034	  1,0066000000e+04	  2,55146e-02	 -9,11568e-02
5035	  1,0068000000e+04	  2,21753e-02	 -9,00808e-02
5036	  1,0070000000e+04	  2,13692e-02	 -8,60211e-02
5037	  1,0072000000e+04	  2,30320e-02	 -8,88184e-02
5038	  1,0074000000e+04	  2,15806e-02	 -9,22399e-02
5039	  1,0076000000e+04	  2,16146e-02	 -8,87941e-02
5040	  1,0078000000e+04	  1,94273e-02	 -9,03975e-02
5041	  1,0080000000e+04	  1,52640e-02	 -9,25849e-02
5042	  1,0082000000e+04	  1,19233e-02	 -9,45917e-02
5043	  1,0084000000e+04	  1,19999e-02	 -9,48701e-02
5044	  1,0086000000e+04	  1,19186e-02	 -9,26087e-02
5045	  1,0088000000e+04	  1,00814e-02	 -9,36891e-02
5046	  1,0090000000e+04	  9,03498e-03	 -9,54150e-02
5047	  1,0092000000e+04	  8,74087e-03	 -9,41259e-02
5048	  1,0094000000e+04	  5,59245e-03	 -9,22374e-02
5049	  1,0096000000e+04	  5,40874e-03	 -9,14038e-02
5050	  1,0098000000e+04	 -9,24249e-04	 -9,50010e-02
5051	  1,0100000000e+04	 -2,66174e-04	 -9,61040e-02
5052	  1,0102000000e+04	  3,48621e-03	 -9,96163e-02
5053	  1,0104000000e+04	  4,31721e-03	 -1,02336e-01
5054	  1,0106000000e+04	  2,33546e-03	 -9,95795e-02
5055	  1,0108000000e+04	  1,99999e-04	 -9,69107e-02
5056	  1,0110000000e+04	 -4,50345e-03	 -9,73404e-02
5057	  1,0112000000e+04	 -6,74807e-03	 -9,84473e-02
5058	  1,0114000000e+04	 -9,88972e-03	 -9,88257e-02
5059	  1,0116000000e+04	 -8,65675e-03	 -9,81893e-02
5060	  1,0118000000e+04	 -1,04183e-02	 -9,77319e-02
5061	  1,0120000000e+04	 -1,38681e-02	 -9,91554e-02
5062	  1,0122000000e+04	 -1,24226e-02	 -9,84032e-02
5063	  1,0124000000e+04	 -1,41286e-02	 -1,00284e-01
5064	  1,0126000000e+04	 -1,67917e-02	 -9,88207e-02
5065	  1,0128000000e+04	 -1,87168e-02	 -1,00223e-01
5066	  1,0130000000e+04	 -1,75820e-02	 -1,03245e-01
5067	  1,0132000000e+04	 -1,94623e-02	 -1,03481e-01
5068	  1,0134000000e+04	 -2,29376e-02	 -1,00423e-01
5069	  1,0136000000e+04	 -2,75136e-02	 -1,01375e-01
5070	  1,0138000000e+04	 -2,86916e-02	 -1,01464e-01
5071	  1,0140000000e+04	 -2,89320e-02	 -1,04035e-01
5072	  1,0142000000e+04	 -2,84534e-02	 -1,04276e-01
5073	  1,0144000000e+04	 -3,07711e-02	 -1,04004e-01
5074	  1,0146000000e+04	 -3,04271e-02	 -1,03831e-01
5075	  1,0148000000e+04	 -3,39424e-02	 -1,01151e-01
5076	  1,0150000000e+04	 -3,77575e-02	 -9,99450e-02
5077	  1,0152000000e+04	 -4,04573e-02	 -1,02418e-01
5078	  1,0154000000e+04	 -4,29685e-02	 -1,03305e-01
5079	  1,0156000000e+04	 -4,80461e-02	 -9,89387e-02
5080	  1,0158000000e+04	 -4,69821e-02	 -9,62486e-02
5081	  1,0160000000e+04	 -4,74363e-02	 -9,80235e-02
5082	  1,0162000000e+04	 -5,14001e-02	 -9,57773e-02
5083	  1,0164000000e+04	 -5,44001e-02	 -9,93715e-02
5084	  1,0166000000e+04	 -5,76521e-02	 -1,02562e-01
5085	  1,0168000000e+04	 -5,84131e-02	 -9,99542e-02
5086	  1,0170000000e+04	 -5,74896e-02	 -9,82041e-02
5087	  1,0172000000e+04	 -5,75645e-02	 -9,83402e-02
5088	  1,0174000000e+04	 -5,90490e-02	 -1,00986e-01
5089	  1,0176000000e+04	 -6,10296e-02	 -9,54279e-02
5090	  1,0178000000e+04	 -6,68522e-02	 -9,55939e-02
5091	  1,0180000000e+04	 -6,70431e-02	 -9,85305e-02
5092	  1,0182000000e+04	 -6,86980e-02	 -9,55689e-02
5093	  1,0184000000e+04	 -7,10462e-02	 -9,47861e-02
5094	  1,0186000000e+04	 -7,39186e-02	 -9,69714e-02
5095	  1,0188000000e+04	 -7,65166e-02	 -9,22343e-02
5096	  1,0190000000e+04	 -7,70007e-02	 -9,06832e-02
5097	  1,0192000000e+04	 -7,88213e-02	 -9,06855e-02
5098	  1,0194000000e+04	 -8,30264e-02	 -8,99334e-02
5099	  1,0196000000e+04	 -8,46490e-02	 -8,72976e-02
5100	  1,0198000000e+04	 -8,78555e-02	 -8,47222e-02
5101	  1,0200000000e+04	 -9,01863e-02	 -8,68581e-02
5102	  1,0202000000e+04	 -8,92565e-02	 -8,57389e-02
5103	  1,0204000000e+04	 -9,31222e-02	 -8,36192e-02
5104	  1,0206000000e+04	 -9,74980e-02	 -8,14988e-02
5105	  1,0208000000e+04	 -9,65541e-02	 -7,89660e-02
5106	  1,0210000000e+04	 -9,94196e-02	 -7,61274e-02
5107	  1,0212000000e+04	 -1,01632e-01	 -7,60493e-02
5108	  1,0214000000e+04	 -1,01971e-01	 -7,17946e-02
5109	  1,0216000000e+04	 -1,02466e-01	 -7,25742e-02
5110	  1,0218000000e+04	 -1,04486e-01	 -7,13730e-02
5111	  1,0220000000e+04	 -1,07031e-01	 -6,82434e-02
5112	  1,0222000000e+04	 -1,08157e-01	 -6,72353e-02
5113	  1,0224000000e+04	 -1,10323e-01	 -6,73164e-02
5114	  1,0226000000e+04	 -1,10237e-01	 -6,49143e-02
5115	  1,0228000000e+04	 -1,12809e-01	 -6,02375e-02
5116	  1,0230000000e+04	 -1,12737e-01	 -5,88535e-02
5117	  1,0232000000e+04	 -1,09292e-01	 -5,62687e-02
5118	  1,0234000000e+04	 -1,13646e-01	 -5,39805e-02
5119	  1,0236000000e+04	 -1,18406e-01	 -5,31685e-02
5120	  1,0238000000e+04	 -1,17633e-01	 -5,07364e-02
5121	  1,0240000000e+04	 -1,21939e-01	 -4,75250e-02
5122	  1,0242000000e+04	 -1,21647e-01	 -4,83881e-02
5123	  1,0244000000e+04	 -1,19875e-01	 -4,83498e-02
5124	  1,0246000000e+04	 -1,20459e-01	 -4,17214e-02
5125	  1,0248000000e+04	 -1,23595e-01	 -3,98516e-02
5126	  1,0250000000e+04	 -1,23734e-01	 -3,85592e-02
5127	  1,0252000000e+04	 -1,24039e-01	 -3,57593e-02
5128	  1,0254000000e+04	 -1,26112e-01	 -2,90092e-02
5129	  1,0256000000e+04	 -1,26709e-01	 -2,83639e-02
5130	  1,0258000000e+04	 -1,26842e-01	 -2,72079e-02
5131	  1,0260000000e+04	 -1,29836e-01	 -2,00981e-02
5132	  1,0262000000e+04	 -1,31257e-01	 -1,34882e-02
5133	  1,0264000000e+04	 -1,27666e-01	 -1,33961e-02
5134	  1,0266000000e+04	 -1,28478e-01	 -1,54169e-02
5135	  1,0268000000e+04	 -1,30275e-01	 -1,28227e-02
5136	  1,0270000000e+04	 -1,30866e-01	 -1,07175e-02
5137	  1,0272000000e+04	 -1,32037e-01	 -8,28736e-03
5138	  1,0274000000e+04	 -1,25672e-01	 -2,95792e-03
5139	  1,0276000000e+04	 -1,23787e-01	  2,04901e-04
5140	  1,0278000000e+04	 -1,24313e-01	  3,18236e-03
5141	  1,0280000000e+04	 -1,25701e-01	  3,74405e-03
5142	  1,0282000000e+04	 -1,27423e-01	  3,78191e-03
5143	  1,0284000000e+04	 -1,26854e-01	  8,23093e-03
5144	  1,0286000000e+04	 -1,24070e-01	  1,10336e-02
5145	  1,0288000000e+04	 -1,23928e-01	  1,01299e-02
5146	  1,0290000000e+04	 -1,26564e-01	  1,26224e-02
5147	  1,0292000000e+04	 -1,26887e-01	  1,60475e-02
5148	  1,0294000000e+04	 -1,24901e-01	  1,86059e-02
5149	  1,0296000000e+04	 -1,23828e-01	  2,01372e-02
5150	  1,0298000000e+04	 -1,22388e-01	  2,13410e-02
5151	  1,0300000000e+04	 -1,20523e-01	  2,58274e-02
5152	  1,0302000000e+04	 -1,23544e-01	  2,59898e-02
5153	  1,0304000000e+04	 -1,23604e-01	  2,62801e-02
5154	  1,0306000000e+04	 -1,20755e-01	  2,70031e-02
5155	  1,0308000000e+04	 -1,21116e-01	  2,83618e-02
5156	  1,0310000000e+04	 -1,20317e-01	  3,10081e-02
5157	  1,0312000000e+04	 -1,21743e-01	  3,53986e-02
5158	  1,0314000000e+04	 -1,18371e-01	  3,54030e-02
5159	  1,0316000000e+04	 -1,18238e-01	  3,81719e-02
5160	  1,0318000000e+04	 -1,15591e-01	  4,05592e-02
5161	  1,0320000000e+04	 -1,15162e-01	  4,35073e-02
5162	  1,0322000000e+04	 -1,18114e-01	  4,68592e-02
5163	  1,0324000000e+04	 -1,13725e-01	  5,04345e-02
5164	  1,0326000000e+04	 -1,10531e-01	  5,22335e-02
5165	  1,0328000000e+04	 -1,07899e-01	  5,36544e-02
5166	  1,0330000000e+04	 -1,06217e-01	  5,60451e-02
5167	  1,0332000000e+04	 -1,10396e-01	  5,71913e-02
5168	  1,0334000000e+04	 -1,10028e-01	  5,59751e-02
5169	  1,0336000000e+04	 -1,06760e-01	  5,67717e-02
5170	  1,0338000000e+04	 -1,06521e-01	  5,68151e-02
5171	  1,0340000000e+04	 -1,05716e-01	  5,72368e-02
5172	  1,0342000000e+04	 -1,05137e-01	  6,04786e-02
5173	  1,0344000000e+04	 -1,03991e-01	  6,43439e-02
5174	  1,0346000000e+04	 -1,00234e-01	  6,94506e-02
5175	  1,0348000000e+04	 -9,95031e-02	  7,04006e-02
5176	  1,0350000000e+04	 -9,89628e-02	  6,72586e-02
5177	  1,0352000000e+04	 -9,75154e-02	  6,95361e-02
5178	  1,0354000000e+04	 -9,61339e-02	  7,18762e-02
5179	  1,0356000000e+04	 -9,49861e-02	  7,23664e-02
5180	  1,0358000000e+04	 -9,49753e-02	  7,63163e-02
5181	  1,0360000000e+04	 -9,32798e-02	  7,51674e-02
5182	  1,0362000000e+04	 -9,05699e-02	  7,49441e-02
5183	  1,0364000000e+04	 -8,84250e-02	  7,72391e-02
5184	  1,0366000000e+04	 -8,65670e-02	  8,23574e-02
5185	  1,0368000000e+04	 -8,52544e-02	  8,14023e-02
5186	  1,0370000000e+04	 -8,25011e-02	  8,10937e-02
5187	  1,0372000000e+04	 -8,04137e-02	  8,42697e-02
5188	  1,0374000000e+04	 -7,75637e-02	  8,64282e-02
5189	  1,0376000000e+04	 -7,76846e-02	  8,68738e-02
5190	  1,0378000000e+04	 -7,48137e-02	  8,90135e-02
5191	  1,0380000000e+04	 -7,16924e-02	  8,53920e-02
5192	  1,0382000000e+04	 -7,54107e-02	  8,48980e-02
5193	  1,0384000000e+04	 -7,23642e-02	  8,89086e-02
5194	  1,0386000000e+04	 -6,72137e-02	  8,96517e-02
5195	  1,0388000000e+04	 -6,51780e-02	  8,93845e-02
5196	  1,0390000000e+04	 -6,75102e-02	  8,92871e-02
5197	  1,0392000000e+04	 -6,78869e-02	  9,11591e-02
5198	  1,0394000000e+04	 -6,44459e-02	  9,25119e-02
5199	  1,0396000000e+04	 -6,50828e-02	  9,45806e-02
5200	  1,0398000000e+04	 -6,38094e-02	  9,40175e-02
5201	  1,0400000000e+04	 -6,43045e-02	  9,52329e-02
5202	  1,0402000000e+04	 -6,19347e-02	  9,42490e-02
5203	  1,0404000000e+04	 -5,80809e-02	  9,36962e-02
5204	  1,0406000000e+04	 -5,37630e-02	  9,66011e-02
5205	  1,0408000000e+04	 -5,12323e-02	  9,72001e-02
5206	  1,0410000000e+04	 -5,05542e-02	  9,50997e-02
5207	  1,0412000000e+04	 -5,02766e-02	  9,92712e-02
5208	  1,0414000000e+04	 -4,84354e-02	  9,83808e-02
5209	  1,0416000000e+04	 -4,57486e-02	  9,96370e-02
5210	  1,0418000000e+04	 -4,56709e-02	  9,86421e-02
5211	  1,0420000000e+04	 -4,38267e-02	  1,00433e-01
5212	  1,0422000000e+04	 -4,15954e-02	  1,00970e-01
5213	  1,0424000000e+04	 -3,94584e-02	  9,98457e-02
5214	  1,0426000000e+04	 -4,09161e-02	  9,63899e-02
5215	  1,0428000000e+04	 -3,87131e-02	  9,93212e-02
5216	  1,0430000000e+04	 -3,74382e-02	  9,95334e-02
5217	  1,0432000000e+04	 -3,55545e-02	  1,00910e-01
5218	  1,0434000000e+04	 -3,51926e-02	  1,00099e-01
5219	  1,0436000000e+04	 -3,45553e-02	  9,96511e-02
5220	  1,0438000000e+04	 -3,24956e-02	  9,78225e-02
5221	  1,0440000000e+04	 -2,52271e-02	  9,56314e-02
5222	  1,0442000000e+04	 -3,05268e-02	  9,74890e-02
5223	  1,0444000000e+04	 -3,01703e-02	  9,94710e-02
5224	  1,0446000000e+04	 -2,91768e-02	  9,58868e-02
5225	  1,0448000000e+04	 -2,69889e-02	  9,75899e-02
5226	  1,0450000000e+04	 -2,61294e-02	  1,00043e-01
5227	  1,0452000000e+04	 -2,29580e-02	  1,00251e-01
5228	  1,0454000000e+04	 -1,96263e-02	  9,95567e-02
5229	  1,0456000000e+04	 -2,15232e-02	  9,87447e-02
5230	  1,0458000000e+04	 -2,42457e-02	  9,97970e-02
5231	  1,0460000000e+04	 -2,13080e-02	  1,00488e-01
5232	  1,0462000000e+04	 -2,17033e-02	  1,01743e-01
5233	  1,0464000000e+04	 -2,18112e-02	  1,04646e-01
5234	  1,0466000000e+04	 -1,94504e-02	  1,03989e-01
5235	  1,0468000000e+04	 -1,75303e-02	  1,00735e-01
5236	  1,0470000000e+04	 -1,67180e-02	  9,96133e-02
5237	  1,0472000000e+04	 -1,59608e-02	  1,01337e-01
5238	  1,0474000000e+04	 -1,76891e-02	  9,98176e-02
5239	  1,0476000000e+04	 -1,44353e-02	  1,01510e-01
5240	  1,0478000000e+04	 -1,21195e-02	  1,04938e-01
5241	  1,0480000000e+04	 -9,81974e-03	  1,03704e-01
5242	  1,0482000000e+04	 -8,36596e-03	  1,02944e-01
5243	  1,0484000000e+04	 -5,78941e-03	  1,05391e-01
5244	  1,0486000000e+04	 -4,55136e-03	  1,04680e-01
5245	  1,0488000000e+04	 -4,55111e-03	  1,03999e-01
5246	  1,0490000000e+04	 -3,02116e-03	  1,06927e-01
5247	  1,0492000000e+04	 -1,40208e-03	  1,10108e-01
5248	  1,0494000000e+04	  3,29138e-03	  1,08696e-01
5249	  1,0496000000e+04	  6,14619e-03	  1,06933e-01
5250	  1,0498000000e+04	  7,33813e-03	  1,06267e-01
5251	  1,0500000000e+04	  8,13371e-03	  1,06747e-01
5252	  1,0502000000e+04	  1,24196e-02	  1,05212e-01
5253	  1,0504000000e+04	  1,00671e-02	  1,04315e-01
5254	  1,0506000000e+04	  1,02664e-02	  1,06052e-01
5255	  1,0508000000e+04	  1,52913e-02	  1,07346e-01
5256	  1,0510000000e+04	  1,69422e-02	  1,07447e-01
5257	  1,0512000000e+04	  1,72907e-02	  1,09911e-01
5258	  1,0514000000e+04	  1,89645e-02	  1,05479e-01
5259	  1,0516000000e+04	  2,15085e-02	  1,01256e-01
5260	  1,0518000000e+04	  2,20961e-02	  1,03421e-01
5261	  1,0520000000e+04	  2,50779e-02	  1,06826e-01
5262	  1,0522000000e+04	  2,47704e-02	  1,07978e-01
5263	  1,0524000000e+04	  2,26528e-02	  1,04634e-01
5264	  1,0526000000e+04	  2,45941e-02	  1,02476e-01
5265	  1,0528000000e+04	  2,44055e-02	  1,03368e-01
5266	  1,0530000000e+04	  2,69203e-02	  1,03115e-01
5267	  1,0532000000e+04	  2,98889e-02	  1,02387e-01
5268	  1,0534000000e+04	  3,38110e-02	  9,93545e-02
5269	  1,0536000000e+04	  3,43433e-02	  1,00669e-01
5270	  1,0538000000e+04	  3,54563e-02	  1,00603e-01
5271	  1,0540000000e+04	  3,81037e-02	  1,00414e-01
5272	  1,0542000000e+04	  3,77789e-02	  9,74296e-02
5273	  1,0544000000e+04	  4,09849e-02	  9,64868e-02
5274	  1,0546000000e+04	  4,16546e-02	  9,48956e-02
5275	  1,0548000000e+04	  4,17178e-02	  9,52824e-02
5276	  1,0550000000e+04	  4,24932e-02	  9,62863e-02
5277	  1,0552000000e+04	  4,12552e-02	  9,68399e-02
5278	  1,0554000000e+04	  4,42661e-02	  9,59871e-02
5279	  1,0556000000e+04	  4,82602e-02	  9,25454e-02
5280	  1,0558000000e+04	  4,86633e-02	  9,17947e-02
5281	  1,0560000000e+04	  4,41367e-02	  9,18801e-02
5282	  1,0562000000e+04	  4,74541e-02	  9,16904e-02
5283	  1,0564000000e+04	  5,02659e-02	  9,23684e-02
5284	  1,0566000000e+04	  5,19248e-02	  9,55926e-02
5285	  1,0568000000e+04	  5,31766e-02	  9,29660e-02
5286	  1,0570000000e+04	  5,31805e-02	  8,93952e-02
5287	  1,0572000000e+04	  5,21466e-02	  8,98371e-02
5288	  1,0574000000e+04	  5,34057e-02	  9,12703e-02
5289	  1,0576000000e+04	  5,79452e-02	  9,16065e-02
5290	  1,0578000000e+04	  6,02612e-02	  9,00105e-02
5291	  1,0580000000e+04	  6,19888e-02	  8,74183e-02
5292	  1,0582000000e+04	  6,41876e-02	  8,68333e-02
5293	  1,0584000000e+04	  6,38496e-02	  8,34459e-02
5294	  1,0586000000e+04	  6,31842e-02	  8,23630e-02
5295	  1,0588000000e+04	  6,43800e-02	  8,07413e-02
5296	  1,0590000000e+04	  6,52869e-02	  8,36006e-02
5297	  1,0592000000e+04	  6,72589e-02	  8,22565e-02
5298	  1,0594000000e+04	  7,14545e-02	  7,88240e-02
5299	  1,0596000000e+04	  6,97940e-02	  7,85630e-02
5300	  1,0598000000e+04	  6,83339e-02	  7,78101e-02
5301	  1,0600000000e+04	  7,01218e-02	  7,43733e-02
5302	  1,0602000000e+04	  7,37746e-02	  7,41821e-02
5303	  1,0604000000e+04	  7,28873e-02	  7,66345e-02
5304	  1,0606000000e+04	  7,44566e-02	  7,67256e-02
5305	  1,0608000000e+04	  7,41597e-02	  7,40513e-02
5306	  1,0610000000e+04	  7,74457e-02	  7,36051e-02
5307	  1,0612000000e+04	  7,92095e-02	  7,43727e-02
5308	  1,0614000000e+04	  7,84421e-02	  7,38977e-02
5309	  1,0616000000e+04	  7,80132e-02	  6,91252e-02
5310	  1,0618000000e+04	  8,03737e-02	  6,82417e-02
5311	  1,0620000000e+04	  8,42934e-02	  6,78081e-02
5312	  1,0622000000e+04	  8,53599e-02	  6,49087e-02
5313	  1,0624000000e+04	  8,32146e-02	  6,33658e-02
5314	  1,0626000000e+04	  8,55892e-02	  6,24141e-02
5315	  1,0628000000e+04	  8,44732e-02	  6,22465e-02
5316	  1,0630000000e+04	  8,32215e-02	  5,95754e-02
5317	  1,0632000000e+04	  8,59783e-02	  5,57675e-02
5318	  1,0634000000e+04	  8,74406e-02	  5,74908e-02
5319	  1,0636000000e+04	  8,60710e-02	  6,07080e-02
5320	  1,0638000000e+04	  8,57047e-02	  5,91261e-02
5321	  1,0640000000e+04	  8,67584e-02	  5,36923e-02
5322	  1,0642000000e+04	  8,71554e-02	  5,25491e-02
5323	  1,0644000000e+04	  8,80173e-02	  5,03495e-02
5324	  1,0646000000e+04	  9,14158e-02	  5,10165e-02
5325	  1,0648000000e+04	  9,52446e-02	  4,63284e-02
5326	  1,0650000000e+04	  9,32221e-02	  4,79468e-02
5327	  1,0652000000e+04	  8,69907e-02	  5,02514e-02
5328	  1,0654000000e+04	  9,02164e-02	  4,62663e-02
5329	  1,0656000000e+04	  9,28943e-02	  4,07980e-02
5330	  1,0658000000e+04	  8,88948e-02	  3,92433e-02
5331	  1,0660000000e+04	  8,83465e-02	  3,82447e-02
5332	  1,0662000000e+04	  9,13167e-02	  3,77059e-02
5333	  1,0664000000e+04	  9,12266e-02	  3,19271e-02
5334	  1,0666000000e+04	  9,29121e-02	  3,12753e-02
5335	  1,0668000000e+04	  9,10242e-02	  3,03714e-02
5336	  1,0670000000e+04	  8,70602e-02	  2,70691e-02
5337	  1,0672000000e+04	  8,47833e-02	  3,04537e-02
5338	  1,0674000000e+04	  8,29523e-02	  3,26283e-02
5339	  1,0676000000e+04	  8,24407e-02	  3,07371e-02
5340	  1,0678000000e+04	  8,18996e-02	  3,09362e-02
5341	  1,0680000000e+04	  8,03166e-02	  3,09253e-02
5342	  1,0682000000e+04	  8,11265e-02	  2,79496e-02
5343	  1,0684000000e+04	  7,87199e-02	  2,54608e-02
5344	  1,0686000000e+04	  8,08809e-02	  2,59059e-02
5345	  1,0688000000e+04	  7,92708e-02	  2,88873e-02
5346	  1,0690000000e+04	  7,23039e-02	  2,94076e-02
5347	  1,0692000000e+04	  7,07191e-02	  2,90910e-02
5348	  1,0694000000e+04	  7,10761e-02	  2,90764e-02
5349	  1,0696000000e+04	  7,18193e-02	  3,18031e-02
5350	  1,0698000000e+04	  7,07830e-02	  3,19139e-02
5351	  1,0700000000e+04	  7,11877e-02	  3,43317e-02
5352	  1,0702000000e+04	  6,99295e-02	  3,50951e-02
5353	  1,0704000000e+04	  7,06838e-02	  3,89269e-02
5354	  1,0706000000e+04	  6,95950e-02	  4,18429e-02
5355	  1,0708000000e+04	  7,00706e-02	  4,62134e-02
5356	  1,0710000000e+04	  7,11847e-02	  4,59313e-02
5357	  1,0712000000e+04	  7,62009e-02	  4,80721e-02
5358	  1,0714000000e+04	  7,76841e-02	  4,78604e-02
5359	  1,0716000000e+04	  7,84469e-02	  5,03775e-02
5360	  1,0718000000e+04	  7,98289e-02	  5,15680e-02
5361	  1,0720000000e+04	  8,01478e-02	  5,21077e-02
5362	  1,0722000000e+04	  8,30937e-02	  5,61159e-02
5363	  1,0724000000e+04	  8,59350e-02	  6,03084e-02
5364	  1,0726000000e+04	  8,73747e-02	  6,05421e-02
5365	  1,0728000000e+04	  8,96560e-02	  6,12831e-02
5366	  1,0730000000e+04	  9,74175e-02	  6,42941e-02
5367	  1,0732000000e+04	  1,01788e-01	  6,35783e-02
5368	  1,0734000000e+04	  1,07213e-01	  6,31435e-02
5369	  1,0736000000e+04	  1,15869e-01	  6,55424e-02
5370	  1,0738000000e+04	  1,21419e-01	  6,60915e-02
5371	  1,0740000000e+04	  1,20568e-01	  6,33546e-02
5372	  1,0742000000e+04	  1,24691e-01	  6,12223e-02
5373	  1,0744000000e+04	  1,28878e-01	  5,95559e-02
5374	  1,0746000000e+04	  1,34077e-01	  5,88425e-02
5375	  1,0748000000e+04	  1,36145e-01	  5,62452e-02
5376	  1,0750000000e+04	  1,40765e-01	  5,59755e-02
5377	  1,0752000000e+04	  1,47374e-01	  5,35160e-02
5378	  1,0754000000e+04	  1,52264e-01	  5,10408e-02
5379	  1,0756000000e+04	  1,55164e-01	  4,99880e-02
5380	  1,0758000000e+04	  1,60922e-01	  4,65520e-02
5381	  1,0760000000e+04	  1,64516e-01	  4,09482e-02
5382	  1,0762000000e+04	  1,67138e-01	  3,81378e-02
5383	  1,0764000000e+04	  1,67314e-01	  3,43760e-02
5384	  1,0766000000e+04	  1,68843e-01	  3,35989e-02
5385	  1,0768000000e+04	  1,70116e-01	  2,68124e-02
5386	  1,0770000000e+04	  1,73535e-01	  2,10319e-02
5387	  1,0772000000e+04	  1,77391e-01	  1,84758e-02
5388	  1,0774000000e+04	  1,81191e-01	  1,35831e-02
5389	  1,0776000000e+04	  1,84663e-01	  7,10571e-03
5390	  1,0778000000e+04	  1,86319e-01	  3,57606e-03
5391	  1,0780000000e+04	  1,86651e-01	 -1,32336e-03
5392	  1,0782000000e+04	  1,88734e-01	 -4,38025e-03
5393	  1,0784000000e+04	  1,89364e-01	 -1,14470e-02
5394	  1,0786000000e+04	  1,89461e-01	 -1,96293e-02
5395	  1,0788000000e+04	  1,91271e-01	 -2,48954e-02
5396	  1,0790000000e+04	  1,95332e-01	 -2,98515e-02
5397	  1,0792000000e+04	  1,94488e-01	 -3,33840e-02
5398	  1,0794000000e+04	  1,92466e-01	 -4,07601e-02
5399	  1,0796000000e+04	  1,92143e-01	 -4,42542e-02
5400	  1,0798000000e+04	  1,94042e-01	 -4,63703e-02
5401	  1,0800000000e+04	  1,92013e-01	 -5,25279e-02
5402	  1,0802000000e+04	  1,87767e-01	 -5,61611e-02
5403	  1,0804000000e+04	  1,89005e-01	 -5,97613e-02
5404	  1,0806000000e+04	  1,87972e-01	 -6,85786e-02
5405	  1,0808000000e+04	  1,86717e-01	 -7,39210e-02
5406	  1,0810000000e+04	  1,84865e-01	 -7,72934e-02
5407	  1,0812000000e+04	  1,83079e-01	 -7,74084e-02
5408	  1,0814000000e+04	  1,83118e-01	 -8,09694e-02
5409	  1,0816000000e+04	  1,81986e-01	 -8,58179e-02
5410	  1,0818000000e+04	  1,80363e-01	 -8,86713e-02
5411	  1,0820000000e+04	  1,79053e-01	 -9,31868e-02
5412	  1,0822000000e+04	  1,76359e-01	 -9,83206e-02
5413	  1,0824000000e+04	  1,72326e-01	 -1,04737e-01
5414	  1,0826000000e+04	  1,71246e-01	 -1,07436e-01
5415	  1,0828000000e+04	  1,66334e-01	 -1,10180e-01
5416	  1,0830000000e+04	  1,65638e-01	 -1,13675e-01
5417	  1,0832000000e+04	  1,69822e-01	 -1,16963e-01
5418	  1,0834000000e+04	  1,67687e-01	 -1,19316e-01
5419	  1,0836000000e+04	  1,61238e-01	 -1,19270e-01
5420	  1,0838000000e+04	  1,60338e-01	 -1,23413e-01
5421	  1,0840000000e+04	  1,62013e-01	 -1,30539e-01
5422	  1,0842000000e+04	  1,59700e-01	 -1,31457e-01
5423	  1,0844000000e+04	  1,55240e-01	 -1,30618e-01
5424	  1,0846000000e+04	  1,55393e-01	 -1,35870e-01
5425	  1,0848000000e+04	  1,54516e-01	 -1,39590e-01
5426	  1,0850000000e+04	  1,51181e-01	 -1,44822e-01
5427	  1,0852000000e+04	  1,50504e-01	 -1,43066e-01
5428	  1,0854000000e+04	  1,48671e-01	 -1,46526e-01
5429	  1,0856000000e+04	  1,47212e-01	 -1,51281e-01
5430	  1,0858000000e+04	  1,44961e-01	 -1,54447e-01
5431	  1,0860000000e+04	  1,40075e-01	 -1,58980e-01
5432	  1,0862000000e+04	  1,39681e-01	 -1,65455e-01
5433	  1,0864000000e+04	  1,35498e-01	 -1,68178e-01
5434	  1,0866000000e+04	  1,30751e-01	 -1,74200e-01
5435	  1,0868000000e+04	  1,29592e-01	 -1,77274e-01
5436	  1,0870000000e+04	  1,27625e-01	 -1,75530e-01
5437	  1,0872000000e+04	  1,22256e-01	 -1,77767e-01
5438	  1,0874000000e+04	  1,19681e-01	 -1,81749e-01
5439	  1,0876000000e+04	  1,18870e-01	 -1,86657e-01
5440	  1,0878000000e+04	  1,16866e-01	 -1,89503e-01
5441	  1,0880000000e+04	  1,12591e-01	 -1,90473e-01
5442	  1,0882000000e+04	  1,08239e-01	 -1,97215e-01
5443	  1,0884000000e+04	  1,02298e-01	 -1,99137e-01
5444	  1,0886000000e+04	  1,01496e-01	 -1,98390e-01
5445	  1,0888000000e+04	  9,84647e-02	 -2,05018e-01
5446	  1,0890000000e+04	  9,23281e-02	 -2,06536e-01
5447	  1,0892000000e+04	  8,98207e-02	 -2,06349e-01
5448	  1,0894000000e+04	  8,50894e-02	 -2,08993e-01
5449	  1,0896000000e+04	  8,09451e-02	 -2,10034e-01
5450	  1,0898000000e+04	  7,85957e-02	 -2,13204e-01
5451	  1,0900000000e+04	  7,56795e-02	 -2,18746e-01
5452	  1,0902000000e+04	  7,02250e-02	 -2,19760e-01
5453	  1,0904000000e+04	  6,83801e-02	 -2,21026e-01
5454	  1,0906000000e+04	  6,35055e-02	 -2,20149e-01
5455	  1,0908000000e+04	  5,64525e-02	 -2,21942e-01
5456	  1,0910000000e+04	  5,40362e-02	 -2,24655e-01
5457	  1,0912000000e+04	  4,84997e-02	 -2,29053e-01
5458	  1,0914000000e+04	  4,03744e-02	 -2,31169e-01
5459	  1,0916000000e+04	  3,49102e-02	 -2,35201e-01
5460	  1,0918000000e+04	  3,42325e-02	 -2,34686e-01
5461	  1,0920000000e+04	  2,89895e-02	 -2,35038e-01
5462	  1,0922000000e+04	  2,50390e-02	 -2,37470e-01
5463	  1,0924000000e+04	  2,34331e-02	 -2,37214e-01
5464	  1,0926000000e+04	  1,84105e-02	 -2,36205e-01
5465	  1,0928000000e+04	  1,02024e-02	 -2,37185e-01
5466	  1,0930000000e+04	  7,64613e-03	 -2,33947e-01
5467	  1,0932000000e+04	  2,43562e-03	 -2,35113e-01
5468	  1,0934000000e+04	 -2,22224e-03	 -2,36955e-01
5469	  1,0936000000e+04	 -1,00887e-02	 -2,38854e-01
5470	  1,0938000000e+04	 -1,65838e-02	 -2,40319e-01
5471	  1,0940000000e+04	 -2,15185e-02	 -2,40579e-01
5472	  1,0942000000e+04	 -2,79771e-02	 -2,39590e-01
5473	  1,0944000000e+04	 -3,08837e-02	 -2,39121e-01
5474	  1,0946000000e+04	 -3,29999e-02	 -2,37714e-01
5475	  1,0948000000e+04	 -3,71392e-02	 -2,34878e-01
5476	  1,0950000000e+04	 -4,62055e-02	 -2,33032e-01
5477	  1,0952000000e+04	 -5,11331e-02	 -2,32525e-01
5478	  1,0954000000e+04	 -5,68935e-02	 -2,31751e-01
5479	  1,0956000000e+04	 -6,02349e-02	 -2,31434e-01
5480	  1,0958000000e+04	 -6,74001e-02	 -2,29031e-01
5481	  1,0960000000e+04	 -7,06105e-02	 -2,28880e-01
5482	  1,0962000000e+04	 -7,21781e-02	 -2,27324e-01
5483	  1,0964000000e+04	 -7,66261e-02	 -2,23467e-01
5484	  1,0966000000e+04	 -7,98156e-02	 -2,19578e-01
5485	  1,0968000000e+04	 -8,22382e-02	 -2,21178e-01
5486	  1,0970000000e+04	 -8,97888e-02	 -2,19884e-01
5487	  1,0972000000e+04	 -9,25824e-02	 -2,14534e-01
5488	  1,0974000000e+04	 -9,29322e-02	 -2,09889e-01
5489	  1,0976000000e+04	 -9,83087e-02	 -2,07606e-01
5490	  1,0978000000e+04	 -1,02807e-01	 -2,06600e-01
5491	  1,0980000000e+04	 -1,08419e-01	 -2,04331e-01
5492	  1,0982000000e+04	 -1,13288e-01	 -2,01738e-01
5493	  1,0984000000e+04	 -1,14660e-01	 -2,01344e-01
5494	  1,0986000000e+04	 -1,13467e-01	 -1,99610e-01
5495	  1,0988000000e+04	 -1,17260e-01	 -2,00345e-01
5496	  1,0990000000e+04	 -1,21790e-01	 -1,95088e-01
5497	  1,0992000000e+04	 -1,22618e-01	 -1,91440e-01
5498	  1,0994000000e+04	 -1,28524e-01	 -1,92418e-01
5499	  1,0996000000e+04	 -1,33879e-01	 -1,89430e-01
5500	  1,0998000000e+04	 -1,34552e-01	 -1,85900e-01
5501	  1,1000000000e+04	 -1,37269e-01	 -1,84047e-01
5502	  1,1002000000e+04	 -1,38358e-01	 -1,81730e-01
5503	  1,1004000000e+04	 -1,42261e-01	 -1,80616e-01
5504	  1,1006000000e+04	 -1,47857e-01	 -1,78690e-01
5505	  1,1008000000e+04	 -1,53483e-01	 -1,77405e-01
5506	  1,1010000000e+04	 -1,55674e-01	 -1,73662e-01
5507	  1,1012000000e+04	 -1,57946e-01	 -1,70913e-01
5508	  1,1014000000e+04	 -1,59715e-01	 -1,67808e-01
5509	  1,1016000000e+04	 -1,64141e-01	 -1,65415e-01
5510	  1,1018000000e+04	 -1,66446e-01	 -1,65078e-01
5511	  1,1020000000e+04	 -1,70653e-01	 -1,61693e-01
5512	  1,1022000000e+04	 -1,70393e-01	 -1,58989e-01
5513	  1,1024000000e+04	 -1,69958e-01	 -1,54540e-01
5514	  1,1026000000e+04	 -1,75126e-01	 -1,49356e-01
5515	  1,1028000000e+04	 -1,79523e-01	 -1,46686e-01
5516	  1,1030000000e+04	 -1,84198e-01	 -1,43945e-01
5517	  1,1032000000e+04	 -1,86228e-01	 -1,39992e-01
5518	  1,1034000000e+04	 -1,86134e-01	 -1,35789e-01
5519	  1,1036000000e+04	 -1,86323e-01	 -1,32463e-01
5520	  1,1038000000e+04	 -1,95527e-01	 -1,27960e-01
5521	  1,1040000000e+04	 -1,98291e-01	 -1,23022e-01
5522	  1,1042000000e+04	 -1,95670e-01	 -1,21966e-01
5523	  1,1044000000e+04	 -1,95441e-01	 -1,17599e-01
5524	  1,1046000000e+04	 -1,99403e-01	 -1,16976e-01
5525	  1,1048000000e+04	 -2,05392e-01	 -1,13977e-01
5526	  1,1050000000e+04	 -2,09480e-01	 -1,08338e-01
5527	  1,1052000000e+04	 -2,12057e-01	 -1,05989e-01
5528	  1,1054000000e+04	 -2,13428e-01	 -1,04722e-01
5529	  1,1056000000e+04	 -2,13503e-01	 -9,92612e-02
5530	  1,1058000000e+04	 -2,14581e-01	 -9,09285e-02
5531	  1,1060000000e+04	 -2,16871e-01	 -8,82079e-02
5532	  1,1062000000e+04	 -2,17241e-01	 -8,53485e-02
5533	  1,1064000000e+04	 -2,14330e-01	 -8,09766e-02
5534	  1,1066000000e+04	 -2,16291e-01	 -7,47248e-02
5535	  1,1068000000e+04	 -2,15824e-01	 -6,99091e-02
5536	  1,1070000000e+04	 -2,19037e-01	 -6,53305e-02
5537	  1,1072000000e+04	 -2,20348e-01	 -6,07032e-02
5538	  1,1074000000e+04	 -2,21219e-01	 -5,47321e-02
5539	  1,1076000000e+04	 -2,24321e-01	 -5,08908e-02
5540	  1,1078000000e+04	 -2,24922e-01	 -4,70137e-02
5541	  1,1080000000e+04	 -2,25395e-01	 -4,29633e-02
5542	  1,1082000000e+04	 -2,26776e-01	 -4,21286e-02
5543	  1,1084000000e+04	 -2,22554e-01	 -3,92056e-02
5544	  1,1086000000e+04	 -2,24340e-01	 -3,22595e-02
5545	  1,1088000000e+04	 -2,25410e-01	 -2,70475e-02
5546	  1,1090000000e+04	 -2,23760e-01	 -2,35844e-02
5547	  1,1092000000e+04	 -2,25127e-01	 -1,83022e-02
5548	  1,1094000000e+04	 -2,25424e-01	 -1,26876e-02
5549	  1,1096000000e+04	 -2,24782e-01	 -7,75757e-03
5550	  1,1098000000e+04	 -2,20546e-01	 -1,02023e-04
5551	  1,1100000000e+04	 -2,16196e-01	  2,37602e-03
5552	  1,1102000000e+04	 -2,16566e-01	  4,65242e-03
5553	  1,1104000000e+04	 -2,15701e-01	  7,98694e-03
5554	  1,1106000000e+04	 -2,17436e-01	  8,24986e-03
5555	  1,1108000000e+04	 -2,13224e-01	  1,20040e-02
5556	  1,1110000000e+04	 -2,10042e-01	  1,93764e-02
5557	  1,1112000000e+04	 -2,09636e-01	  2,15142e-02
5558	  1,1114000000e+04	 -2,10288e-01	  2,62791e-02
5559	  1,1116000000e+04	 -2,03991e-01	  2,97798e-02
5560	  1,1118000000e+04	 -2,01494e-01	  3,14596e-02
5561	  1,1120000000e+04	 -1,99262e-01	  3,28879e-02
5562	  1,1122000000e+04	 -1,95110e-01	  3,10087e-02
5563	  1,1124000000e+04	 -1,93970e-01	  3,34640e-02
5564	  1,1126000000e+04	 -1,94058e-01	  3,97867e-02
5565	  1,1128000000e+04	 -1,90580e-01	  4,33969e-02
5566	  1,1130000000e+04	 -1,88834e-01	  4,16394e-02
5567	  1,1132000000e+04	 -1,86903e-01	  4,10815e-02
5568	  1,1134000000e+04	 -1,84317e-01	  4,07523e-02
5569	  1,1136000000e+04	 -1,83650e-01	  4,28028e-02
5570	  1,1138000000e+04	 -1,85500e-01	  4,68239e-02
5571	  1,1140000000e+04	 -1,84453e-01	  5,00249e-02
5572	  1,1142000000e+04	 -1,78127e-01	  4,95091e-02
5573	  1,1144000000e+04	 -1,73210e-01	  4,92486e-02
5574	  1,1146000000e+04	 -1,75753e-01	  5,06280e-02
5575	  1,1148000000e+04	 -1,76981e-01	  5,12106e-02
5576	  1,1150000000e+04	 -1,76010e-01	  5,05224e-02
5577	  1,1152000000e+04	 -1,74293e-01	  5,42331e-02
5578	  1,1154000000e+04	 -1,72117e-01	  5,59627e-02
5579	  1,1156000000e+04	 -1,71559e-01	  5,59561e-02
5580	  1,1158000000e+04	 -1,71227e-01	  5,38454e-02
5581	  1,1160000000e+04	 -1,69337e-01	  5,53308e-02
5582	  1,1162000000e+04	 -1,72255e-01	  5,82021e-02
5583	  1,1164000000e+04	 -1,71734e-01	  5,93483e-02
5584	  1,1166000000e+04	 -1,70982e-01	  5,82924e-02
5585	  1,1168000000e+04	 -1,72216e-01	  5,51003e-02
5586	  1,1170000000e+04	 -1,69311e-01	  5,79653e-02
5587	  1,1172000000e+04	 -1,68275e-01	  6,09236e-02
5588	  1,1174000000e+04	 -1,70878e-01	  6,33202e-02
5589	  1,1176000000e+04	 -1,70433e-01	  6,19677e-02
5590	  1,1178000000e+04	 -1,69984e-01	  6,33215e-02
5591	  1,1180000000e+04	 -1,70907e-01	  6,65063e-02
5592	  1,1182000000e+04	 -1,72662e-01	  6,73634e-02
5593	  1,1184000000e+04	 -1,78173e-01	  7,02750e-02
5594	  1,1186000000e+04	 -1,76743e-01	  7,08902e-02
5595	  1,1188000000e+04	 -1,76862e-01	  6,96413e-02
5596	  1,1190000000e+04	 -1,76270e-01	  7,37465e-02
5597	  1,1192000000e+04	 -1,77555e-01	  7,58960e-02
5598	  1,1194000000e+04	 -1,79374e-01	  7,83741e-02
5599	  1,1196000000e+04	 -1,82493e-01	  8,04642e-02
5600	  1,1198000000e+04	 -1,81769e-01	  8,41210e-02
5601	  1,1200000000e+04	 -1,82282e-01	  8,61715e-02
5602	  1,1202000000e+04	 -1,82213e-01	  8,73040e-02
5603	  1,1204000000e+04	 -1,79797e-01	  9,18442e-02
5604	  1,1206000000e+04	 -1,80724e-01	  9,73537e-02
5605	  1,1208000000e+04	 -1,80853e-01	  9,92786e-02
5606	  1,1210000000e+04	 -1,81882e-01	  9,86129e-02
5607	  1,1212000000e+04	 -1,82958e-01	  9,84240e-02
5608	  1,1214000000e+04	 -1,83850e-01	  1,09064e-01
5609	  1,1216000000e+04	 -1,84776e-01	  1,12974e-01
5610	  1,1218000000e+04	 -1,86360e-01	  1,10400e-01
5611	  1,1220000000e+04	 -1,85074e-01	  1,15465e-01
5612	  1,1222000000e+04	 -1,84394e-01	  1,19211e-01
5613	  1,1224000000e+04	 -1,85817e-01	  1,18148e-01
5614	  1,1226000000e+04	 -1,85207e-01	  1,23548e-01
5615	  1,1228000000e+04	 -1,81994e-01	  1,31922e-01
5616	  1,1230000000e+04	 -1,82851e-01	  1,37519e-01
5617	  1,1232000000e+04	 -1,83357e-01	  1,39950e-01
5618	  1,1234000000e+04	 -1,81859e-01	  1,46018e-01
5619	  1,1236000000e+04	 -1,84508e-01	  1,49404e-01
5620	  1,1238000000e+04	 -1,83137e-01	  1,53014e-01
5621	  1,1240000000e+04	 -1,78024e-01	  1,58927e-01
5622	  1,1242000000e+04	 -1,73511e-01	  1,63302e-01
5623	  1,1244000000e+04	 -1,74661e-01	  1,67087e-01
5624	  1,1246000000e+04	 -1,74319e-01	  1,73117e-01
5625	  1,1248000000e+04	 -1,72460e-01	  1,77509e-01
5626	  1,1250000000e+04	 -1,66016e-01	  1,82108e-01
5627	  1,1252000000e+04	 -1,62842e-01	  1,83161e-01
5628	  1,1254000000e+04	 -1,68228e-01	  1,91068e-01
5629	  1,1256000000e+04	 -1,66891e-01	  1,93883e-01
5630	  1,1258000000e+04	 -1,57250e-01	  1,99068e-01
5631	  1,1260000000e+04	 -1,54020e-01	  2,03462e-01
5632	  1,1262000000e+04	 -1,51812e-01	  2,07588e-01
5633	  1,1264000000e+04	 -1,48304e-01	  2,09998e-01
5634	  1,1266000000e+04	 -1,45349e-01	  2,15431e-01
5635	  1,1268000000e+04	 -1,43252e-01	  2,19752e-01
5636	  1,1270000000e+04	 -1,38514e-01	  2,21784e-01
5637	  1,1272000000e+04	 -1,33129e-01	  2,25436e-01
5638	  1,1274000000e+04	 -1,27439e-01	  2,26040e-01
5639	  1,1276000000e+04	 -1,25866e-01	  2,30851e-01
5640	  1,1278000000e+04	 -1,27251e-01	  2,32922e-01
5641	  1,1280000000e+04	 -1,22501e-01	  2,35266e-01
5642	  1,1282000000e+04	 -1,17875e-01	  2,40503e-01
5643	  1,1284000000e+04	 -1,14127e-01	  2,44375e-01
5644	  1,1286000000e+04	 -1,09582e-01	  2,49876e-01
5645	  1,1288000000e+04	 -1,06138e-01	  2,51214e-01
5646	  1,1290000000e+04	 -1,01658e-01	  2,54637e-01
5647	  1,1292000000e+04	 -9,58125e-02	  2,55871e-01
5648	  1,1294000000e+04	 -9,05260e-02	  2,57542e-01
5649	  1,1296000000e+04	 -8,54251e-02	  2,58687e-01
5650	  1,1298000000e+04	 -8,43621e-02	  2,60891e-01
5651	  1,1300000000e+04	 -8,47521e-02	  2,66941e-01
5652	  1,1302000000e+04	 -7,75194e-02	  2,68313e-01
5653	  1,1304000000e+04	 -7,13424e-02	  2,70527e-01
5654	  1,1306000000e+04	 -6,67279e-02	  2,72698e-01
5655	  1,1308000000e+04	 -6,19461e-02	  2,76703e-01
5656	  1,1310000000e+04	 -6,12632e-02	  2,76775e-01
5657	  1,1312000000e+04	 -5,67009e-02	  2,78185e-01
5658	  1,1314000000e+04	 -4,84076e-02	  2,79512e-01
5659	  1,1316000000e+04	 -4,14730e-02	  2,82642e-01
5660	  1,1318000000e+04	 -3,71774e-02	  2,86572e-01
5661	  1,1320000000e+04	 -3,28204e-02	  2,89946e-01
5662	  1,1322000000e+04	 -2,79296e-02	  2,92293e-01
5663	  1,1324000000e+04	 -2,22378e-02	  2,95376e-01
5664	  1,1326000000e+04	 -1,43370e-02	  2,96239e-01
5665	  1,1328000000e+04	 -1,00638e-02	  2,94402e-01
5666	  1,1330000000e+04	 -3,51526e-03	  2,98481e-01
5667	  1,1332000000e+04	  5,02950e-03	  2,96442e-01
5668	  1,1334000000e+04	  1,28039e-02	  2,97658e-01
5669	  1,1336000000e+04	  1,84118e-02	  3,00607e-01
5670	  1,1338000000e+04	  2,44104e-02	  3,01742e-01
5671	  1,1340000000e+04	  3,12567e-02	  3,00404e-01
5672	  1,1342000000e+04	  3,80416e-02	  3,03100e-01
5673	  1,1344000000e+04	  4,30898e-02	  3,01018e-01
5674	  1,1346000000e+04	  4,74689e-02	  2,99193e-01
5675	  1,1348000000e+04	  5,78517e-02	  3,00046e-01
5676	  1,1350000000e+04	  6,25881e-02	  3,00451e-01
5677	  1,1352000000e+04	  6,73551e-02	  2,99071e-01
5678	  1,1354000000e+04	  7,52445e-02	  2,98243e-01
5679	  1,1356000000e+04	  8,37620e-02	  2,95809e-01
5680	  1,1358000000e+04	  8,71478e-02	  2,92827e-01
5681	  1,1360000000e+04	  9,40011e-02	  2,89515e-01
5682	  1,1362000000e+04	  1,02356e-01	  2,89643e-01
5683	  1,1364000000e+04	  1,08062e-01	  2,87143e-01
5684	  1,1366000000e+04	  1,11797e-01	  2,83472e-01
5685	  1,1368000000e+04	  1,16547e-01	  2,82271e-01
5686	  1,1370000000e+04	  1,24082e-01	  2,79333e-01
5687	  1,1372000000e+04	  1,30878e-01	  2,76274e-01
5688	  1,1374000000e+04	  1,33963e-01	  2,72180e-01
5689	  1,1376000000e+04	  1,39537e-01	  2,72145e-01
5690	  1,1378000000e+04	  1,45661e-01	  2,71146e-01
5691	  1,1380000000e+04	  1,46949e-01	  2,69804e-01
5692	  1,1382000000e+04	  1,53370e-01	  2,67206e-01
5693	  1,1384000000e+04	  1,60855e-01	  2,60503e-01
5694	  1,1386000000e+04	  1,63929e-01	  2,52550e-01
5695	  1,1388000000e+04	  1,70285e-01	  2,52141e-01
5696	  1,1390000000e+04	  1,78864e-01	  2,51578e-01
5697	  1,1392000000e+04	  1,82448e-01	  2,47387e-01
5698	  1,1394000000e+04	  1,81359e-01	  2,44509e-01
5699	  1,1396000000e+04	  1,83966e-01	  2,39246e-01
5700	  1,1398000000e+04	  1,93446e-01	  2,39437e-01
5701	  1,1400000000e+04	  1,96575e-01	  2,34805e-01
5702	  1,1402000000e+04	  2,00319e-01	  2,32136e-01
5703	  1,1404000000e+04	  2,04911e-01	  2,29996e-01
5704	  1,1406000000e+04	  2,11142e-01	  2,23969e-01
5705	  1,1408000000e+04	  2,13803e-01	  2,19414e-01
5706	  1,1410000000e+04	  2,18968e-01	  2,14191e-01
5707	  1,1412000000e+04	  2,20505e-01	  2,06716e-01
5708	  1,1414000000e+04	  2,24086e-01	  2,04529e-01
5709	  1,1416000000e+04	  2,30858e-01	  2,03254e-01
5710	  1,1418000000e+04	  2,35888e-01	  1,99324e-01
5711	  1,1420000000e+04	  2,35227e-01	  1,94928e-01
5712	  1,1422000000e+04	  2,40880e-01	  1,89368e-01
5713	  1,1424000000e+04	  2,44821e-01	  1,81312e-01
5714	  1,1426000000e+04	  2,49807e-01	  1,76639e-01
5715	  1,1428000000e+04	  2,53471e-01	  1,73773e-01
5716	  1,1430000000e+04	  2,52219e-01	  1,69056e-01
5717	  1,1432000000e+04	  2,57900e-01	  1,63289e-01
5718	  1,1434000000e+04	  2,59477e-01	  1,56032e-01
5719	  1,1436000000e+04	  2,61659e-01	  1,50164e-01
5720	  1,1438000000e+04	  2,66947e-01	  1,45760e-01
5721	  1,1440000000e+04	  2,69317e-01	  1,40087e-01
5722	  1,1442000000e+04	  2,69763e-01	  1,36802e-01
5723	  1,1444000000e+04	  2,71932e-01	  1,31947e-01
5724	  1,1446000000e+04	  2,75910e-01	  1,25026e-01
5725	  1,1448000000e+04	  2,75567e-01	  1,20188e-01
5726	  1,1450000000e+04	  2,74670e-01	  1,14944e-01
5727	  1,1452000000e+04	  2,78675e-01	  1,12001e-01
5728	  1,1454000000e+04	  2,79522e-01	  1,07353e-01
5729	  1,1456000000e+04	  2,79527e-01	  1,00003e-01
5730	  1,1458000000e+04	  2,80269e-01	  9,70170e-02
5731	  1,1460000000e+04	  2,81012e-01	  8,80040e-02
5732	  1,1462000000e+04	  2,84264e-01	  8,30133e-02
5733	  1,1464000000e+04	  2,83929e-01	  8,05384e-02
5734	  1,1466000000e+04	  2,85404e-01	  7,50960e-02
5735	  1,1468000000e+04	  2,86283e-01	  6,98540e-02
5736	  1,1470000000e+04	  2,89202e-01	  6,12974e-02
5737	  1,1472000000e+04	  2,90104e-01	  5,75229e-02
5738	  1,1474000000e+04	  2,88414e-01	  5,51667e-02
5739	  1,1476000000e+04	  2,90668e-01	  5,05187e-02
5740	  1,1478000000e+04	  2,92300e-01	  4,45664e-02
5741	  1,1480000000e+04	  2,90170e-01	  4,10417e-02
5742	  1,1482000000e+04	  2,86427e-01	  3,30886e-02
5743	  1,1484000000e+04	  2,86197e-01	  2,85301e-02
5744	  1,1486000000e+04	  2,90570e-01	  2,59545e-02
5745	  1,1488000000e+04	  2,90406e-01	  2,43117e-02
5746	  1,1490000000e+04	  2,90282e-01	  1,89944e-02
5747	  1,1492000000e+04	  2,92024e-01	  1,19655e-02
5748	  1,1494000000e+04	  2,90076e-01	  5,66142e-03
5749	  1,1496000000e+04	  2,91951e-01	 -5,71506e-03
5750	  1,1498000000e+04	  2,89877e-01	 -7,61467e-03
5751	  1,1500000000e+04	  2,87261e-01	 -9,80431e-03
5752	  1,1502000000e+04	  2,88204e-01	 -1,67275e-02
5753	  1,1504000000e+04	  2,90114e-01	 -2,08727e-02
5754	  1,1506000000e+04	  2,85653e-01	 -2,44133e-02
5755	  1,1508000000e+04	  2,84433e-01	 -3,05226e-02
5756	  1,1510000000e+04	  2,85079e-01	 -3,39925e-02
5757	  1,1512000000e+04	  2,84559e-01	 -3,77764e-02
5758	  1,1514000000e+04	  2,81295e-01	 -4,56899e-02
5759	  1,1516000000e+04	  2,81995e-01	 -5,02141e-02
5760	  1,1518000000e+04	  2,80302e-01	 -5,63270e-02
5761	  1,1520000000e+04	  2,77923e-01	 -6,26145e-02
5762	  1,1522000000e+04	  2,76052e-01	 -6,76469e-02
5763	  1,1524000000e+04	  2,73569e-01	 -7,07371e-02
5764	  1,1526000000e+04	  2,71571e-01	 -7,51416e-02
5765	  1,1528000000e+04	  2,71232e-01	 -7,66703e-02
5766	  1,1530000000e+04	  2,68044e-01	 -8,05070e-02
5767	  1,1532000000e+04	  2,64882e-01	 -8,55269e-02
5768	  1,1534000000e+04	  2,59528e-01	 -9,26631e-02
5769	  1,1536000000e+04	  2,58115e-01	 -9,95406e-02
5770	  1,1538000000e+04	  2,58522e-01	 -1,02083e-01
5771	  1,1540000000e+04	  2,56940e-01	 -1,02346e-01
5772	  1,1542000000e+04	  2,52020e-01	 -1,04868e-01
5773	  1,1544000000e+04	  2,49995e-01	 -1,09008e-01
5774	  1,1546000000e+04	  2,48077e-01	 -1,15422e-01
5775	  1,1548000000e+04	  2,43839e-01	 -1,16925e-01
5776	  1,1550000000e+04	  2,43271e-01	 -1,19234e-01
5777	  1,1552000000e+04	  2,41674e-01	 -1,24276e-01
5778	  1,1554000000e+04	  2,36999e-01	 -1,29749e-01
5779	  1,1556000000e+04	  2,34772e-01	 -1,30343e-01
5780	  1,1558000000e+04	  2,36917e-01	 -1,32209e-01
5781	  1,1560000000e+04	  2,36962e-01	 -1,37853e-01
5782	  1,1562000000e+04	  2,35874e-01	 -1,43064e-01
5783	  1,1564000000e+04	  2,28553e-01	 -1,42768e-01
5784	  1,1566000000e+04	  2,27484e-01	 -1,47055e-01
5785	  1,1568000000e+04	  2,24839e-01	 -1,51017e-01
5786	  1,1570000000e+04	  2,21663e-01	 -1,53081e-01
5787	  1,1572000000e+04	  2,18205e-01	 -1,53925e-01
5788	  1,1574000000e+04	  2,16455e-01	 -1,59734e-01
5789	  1,1576000000e+04	  2,12035e-01	 -1,64009e-01
5790	  1,1578000000e+04	  2,12308e-01	 -1,64454e-01
5791	  1,1580000000e+04	  2,10102e-01	 -1,66708e-01
5792	  1,1582000000e+04	  2,04442e-01	 -1,69940e-01
5793	  1,1584000000e+04	  1,97489e-01	 -1,74138e-01
5794	  1,1586000000e+04	  1,97439e-01	 -1,75343e-01
5795	  1,1588000000e+04	  1,98103e-01	 -1,75216e-01
5796	  1,1590000000e+04	  1,94385e-01	 -1,78418e-01
5797	  1,1592000000e+04	  1,90868e-01	 -1,81400e-01
5798	  1,1594000000e+04	  1,90122e-01	 -1,85702e-01
5799	  1,1596000000e+04	  1,84380e-01	 -1,91668e-01
5800	  1,1598000000e+04	  1,81509e-01	 -1,92578e-01
5801	  1,1600000000e+04	  1,81035e-01	 -1,91874e-01
5802	  1,1602000000e+04	  1,77798e-01	 -1,94494e-01
5803	  1,1604000000e+04	  1,74146e-01	 -1,99667e-01
5804	  1,1606000000e+04	  1,70349e-01	 -2,02107e-01
5805	  1,1608000000e+04	  1,63784e-01	 -2,02715e-01
5806	  1,1610000000e+04	  1,59610e-01	 -2,07845e-01
5807	  1,1612000000e+04	  1,60281e-01	 -2,06094e-01
5808	  1,1614000000e+04	  1,61341e-01	 -2,08230e-01
5809	  1,1616000000e+04	  1,58036e-01	 -2,14431e-01
5810	  1,1618000000e+04	  1,51196e-01	 -2,18692e-01
5811	  1,1620000000e+04	  1,48701e-01	 -2,15050e-01
5812	  1,1622000000e+04	  1,48475e-01	 -2,16702e-01
5813	  1,1624000000e+04	  1,45651e-01	 -2,23018e-01
5814	  1,1626000000e+04	  1,43073e-01	 -2,25189e-01
5815	  1,1628000000e+04	  1,41447e-01	 -2,26280e-01
5816	  1,1630000000e+04	  1,36895e-01	 -2,31716e-01
5817	  1,1632000000e+04	  1,32504e-01	 -2,33608e-01
5818	  1,1634000000e+04	  1,27391e-01	 -2,33631e-01
5819	  1,1636000000e+04	  1,23460e-01	 -2,33460e-01
5820	  1,1638000000e+04	  1,18839e-01	 -2,35964e-01
5821	  1,1640000000e+04	  1,14602e-01	 -2,40539e-01
5822	  1,1642000000e+04	  1,12128e-01	 -2,45369e-01
5823	  1,1644000000e+04	  1,07280e-01	 -2,49009e-01
5824	  1,1646000000e+04	  1,07010e-01	 -2,48814e-01
5825	  1,1648000000e+04	  1,05991e-01	 -2,49416e-01
5826	  1,1650000000e+04	  9,87793e-02	 -2,52227e-01
5827	  1,1652000000e+04	  9,00546e-02	 -2,51546e-01
5828	  1,1654000000e+04	  8,52759e-02	 -2,52816e-01
5829	  1,1656000000e+04	  8,13791e-02	 -2,55813e-01
5830	  1,1658000000e+04	  7,69903e-02	 -2,56640e-01
5831	  1,1660000000e+04	  7,24408e-02	 -2,58304e-01
5832	  1,1662000000e+04	  7,13464e-02	 -2,58820e-01
5833	  1,1664000000e+04	  6,54921e-02	 -2,59983e-01
5834	  1,1666000000e+04	  5,63423e-02	 -2,59288e-01
5835	  1,1668000000e+04	  5,49767e-02	 -2,60390e-01
5836	  1,1670000000e+04	  5,27731e-02	 -2,60872e-01
5837	  1,1672000000e+04	  4,74186e-02	 -2,63324e-01
5838	  1,1674000000e+04	  4,21133e-02	 -2,62808e-01
5839	  1,1676000000e+04	  4,03269e-02	 -2,63480e-01
5840	  1,1678000000e+04	  3,70713e-02	 -2,62165e-01
5841	  1,1680000000e+04	  2,78461e-02	 -2,60093e-01
5842	  1,1682000000e+04	  2,68376e-02	 -2,59665e-01
5843	  1,1684000000e+04	  2,21379e-02	 -2,62038e-01
5844	  1,1686000000e+04	  1,84064e-02	 -2,62606e-01
5845	  1,1688000000e+04	  1,60551e-02	 -2,61630e-01
5846	  1,1690000000e+04	  1,23791e-02	 -2,61778e-01
5847	  1,1692000000e+04	  6,16537e-03	 -2,62192e-01
5848	  1,1694000000e+04	  1,73434e-03	 -2,64192e-01
5849	  1,1696000000e+04	 -1,07086e-03	 -2,61400e-01
5850	  1,1698000000e+04	 -2,06598e-03	 -2,59471e-01
5851	  1,1700000000e+04	 -6,40958e-03	 -2,56868e-01
5852	  1,1702000000e+04	 -1,31997e-02	 -2,55350e-01
5853	  1,1704000000e+04	 -1,92567e-02	 -2,57530e-01
5854	  1,1706000000e+04	 -1,82130e-02	 -2,58725e-01
5855	  1,1708000000e+04	 -2,22406e-02	 -2,60492e-01
5856	  1,1710000000e+04	 -2,34473e-02	 -2,58223e-01
5857	  1,1712000000e+04	 -3,03117e-02	 -2,59108e-01
5858	  1,1714000000e+04	 -3,66752e-02	 -2,58920e-01
5859	  1,1716000000e+04	 -3,91916e-02	 -2,57473e-01
5860	  1,1718000000e+04	 -4,25900e-02	 -2,57011e-01
5861	  1,1720000000e+04	 -4,49686e-02	 -2,57153e-01
5862	  1,1722000000e+04	 -4,82809e-02	 -2,59219e-01
5863	  1,1724000000e+04	 -5,42611e-02	 -2,58646e-01
5864	  1,1726000000e+04	 -5,79940e-02	 -2,55801e-01
5865	  1,1728000000e+04	 -6,02618e-02	 -2,55948e-01
5866	  1,1730000000e+04	 -6,48623e-02	 -2,56783e-01
5867	  1,1732000000e+04	 -6,69538e-02	 -2,53237e-01
5868	  1,1734000000e+04	 -7,41630e-02	 -2,50421e-01
5869	  1,1736000000e+04	 -7,97195e-02	 -2,49977e-01
5870	  1,1738000000e+04	 -7,95518e-02	 -2,49728e-01
5871	  1,1740000000e+04	 -8,18183e-02	 -2,49571e-01
5872	  1,1742000000e+04	 -8,34863e-02	 -2,49076e-01
5873	  1,1744000000e+04	 -9,00978e-02	 -2,47789e-01
5874	  1,1746000000e+04	 -9,56729e-02	 -2,42207e-01
5875	  1,1748000000e+04	 -9,81738e-02	 -2,39623e-01
5876	  1,1750000000e+04	 -1,02904e-01	 -2,40215e-01
5877	  1,1752000000e+04	 -1,02802e-01	 -2,38768e-01
5878	  1,1754000000e+04	 -1,05259e-01	 -2,39660e-01
5879	  1,1756000000e+04	 -1,07733e-01	 -2,39360e-01
5880	  1,1758000000e+04	 -1,15964e-01	 -2,40147e-01
5881	  1,1760000000e+04	 -1,18114e-01	 -2,38597e-01
5882	  1,1762000000e+04	 -1,24819e-01	 -2,33920e-01
5883	  1,1764000000e+04	 -1,29409e-01	 -2,33421e-01
5884	  1,1766000000e+04	 -1,31631e-01	 -2,34487e-01
5885	  1,1768000000e+04	 -1,35997e-01	 -2,34700e-01
5886	  1,1770000000e+04	 -1,42358e-01	 -2,30847e-01
5887	  1,1772000000e+04	 -1,43493e-01	 -2,28156e-01
5888	  1,1774000000e+04	 -1,43443e-01	 -2,24973e-01
5889	  1,1776000000e+04	 -1,50353e-01	 -2,24503e-01
5890	  1,1778000000e+04	 -1,54379e-01	 -2,20578e-01
5891	  1,1780000000e+04	 -1,58200e-01	 -2,17334e-01
5892	  1,1782000000e+04	 -1,63344e-01	 -2,15141e-01
5893	  1,1784000000e+04	 -1,69569e-01	 -2,13550e-01
5894	  1,1786000000e+04	 -1,74647e-01	 -2,13172e-01
5895	  1,1788000000e+04	 -1,79851e-01	 -2,11268e-01
5896	  1,1790000000e+04	 -1,80437e-01	 -2,07104e-01
5897	  1,1792000000e+04	 -1,81372e-01	 -2,02809e-01
5898	  1,1794000000e+04	 -1,85720e-01	 -1,97051e-01
5899	  1,1796000000e+04	 -1,94069e-01	 -1,95024e-01
5900	  1,1798000000e+04	 -1,97701e-01	 -1,90267e-01
5901	  1,1800000000e+04	 -2,00062e-01	 -1,85480e-01
5902	  1,1802000000e+04	 -2,00549e-01	 -1,81654e-01
5903	  1,1804000000e+04	 -2,04873e-01	 -1,78977e-01
5904	  1,1806000000e+04	 -2,08773e-01	 -1,74209e-01
5905	  1,1808000000e+04	 -2,10219e-01	 -1,70191e-01
5906	  1,1810000000e+04	 -2,13051e-01	 -1,64568e-01
5907	  1,1812000000e+04	 -2,15283e-01	 -1,60642e-01
5908	  1,1814000000e+04	 -2,16885e-01	 -1,59635e-01
5909	  1,1816000000e+04	 -2,16710e-01	 -1,56648e-01
5910	  1,1818000000e+04	 -2,21275e-01	 -1,51240e-01
5911	  1,1820000000e+04	 -2,24082e-01	 -1,44000e-01
5912	  1,1822000000e+04	 -2,25614e-01	 -1,39788e-01
5913	  1,1824000000e+04	 -2,29546e-01	 -1,36647e-01
5914	  1,1826000000e+04	 -2,30112e-01	 -1,33736e-01
5915	  1,1828000000e+04	 -2,34434e-01	 -1,30833e-01
5916	  1,1830000000e+04	 -2,34409e-01	 -1,26069e-01
5917	  1,1832000000e+04	 -2,34622e-01	 -1,20025e-01
5918	  1,1834000000e+04	 -2,37846e-01	 -1,19120e-01
5919	  1,1836000000e+04	 -2,36295e-01	 -1,15107e-01
5920	  1,1838000000e+04	 -2,36222e-01	 -1,07083e-01
5921	  1,1840000000e+04	 -2,38686e-01	 -1,03157e-01
5922	  1,1842000000e+04	 -2,42963e-01	 -1,01943e-01
5923	  1,1844000000e+04	 -2,43360e-01	 -9,86762e-02
5924	  1,1846000000e+04	 -2,39930e-01	 -9,18488e-02
5925	  1,1848000000e+04	 -2,39668e-01	 -8,72189e-02
5926	  1,1850000000e+04	 -2,42661e-01	 -8,59545e-02
5927	  1,1852000000e+04	 -2,42526e-01	 -8,30963e-02
5928	  1,1854000000e+04	 -2,44174e-01	 -8,11450e-02
5929	  1,1856000000e+04	 -2,47558e-01	 -7,95788e-02
5930	  1,1858000000e+04	 -2,44663e-01	 -7,77567e-02
5931	  1,1860000000e+04	 -2,46094e-01	 -7,17089e-02
5932	  1,1862000000e+04	 -2,45764e-01	 -6,74230e-02
5933	  1,1864000000e+04	 -2,48195e-01	 -6,10101e-02
5934	  1,1866000000e+04	 -2,50290e-01	 -5,58262e-02
5935	  1,1868000000e+04	 -2,50778e-01	 -5,17080e-02
5936	  1,1870000000e+04	 -2,53471e-01	 -5,06853e-02
5937	  1,1872000000e+04	 -2,55724e-01	 -4,68197e-02
5938	  1,1874000000e+04	 -2,57081e-01	 -4,11813e-02
5939	  1,1876000000e+04	 -2,55588e-01	 -3,74848e-02
5940	  1,1878000000e+04	 -2,58105e-01	 -3,65200e-02
5941	  1,1880000000e+04	 -2,57511e-01	 -3,35309e-02
5942	  1,1882000000e+04	 -2,55771e-01	 -2,78978e-02
5943	  1,1884000000e+04	 -2,53189e-01	 -2,19989e-02
5944	  1,1886000000e+04	 -2,51790e-01	 -1,65643e-02
5945	  1,1888000000e+04	 -2,53405e-01	 -1,36360e-02
5946	  1,1890000000e+04	 -2,54295e-01	 -1,21852e-02
5947	  1,1892000000e+04	 -2,52283e-01	 -6,16098e-03
5948	  1,1894000000e+04	 -2,49512e-01	 -2,34962e-03
5949	  1,1896000000e+04	 -2,51596e-01	 -6,34817e-04
5950	  1,1898000000e+04	 -2,52980e-01	  4,16512e-03
5951	  1,1900000000e+04	 -2,52857e-01	  7,77310e-03
5952	  1,1902000000e+04	 -2,49972e-01	  9,81728e-03
5953	  1,1904000000e+04	 -2,49761e-01	  1,01456e-02
5954	  1,1906000000e+04	 -2,52050e-01	  1,45078e-02
5955	  1,1908000000e+04	 -2,49730e-01	  1,69866e-02
5956	  1,1910000000e+04	 -2,48896e-01	  2,13342e-02
5957	  1,1912000000e+04	 -2,48685e-01	  2,68234e-02
5958	  1,1914000000e+04	 -2,51497e-01	  3,00610e-02
5959	  1,1916000000e+04	 -2,52227e-01	  3,43584e-02
5960	  1,1918000000e+04	 -2,50801e-01	  3,84029e-02
5961	  1,1920000000e+04	 -2,48111e-01	  4,41150e-02
5962	  1,1922000000e+04	 -2,47617e-01	  4,30394e-02
5963	  1,1924000000e+04	 -2,48522e-01	  4,44627e-02
5964	  1,1926000000e+04	 -2,49652e-01	  4,84941e-02
5965	  1,1928000000e+04	 -2,45904e-01	  5,08109e-02
5966	  1,1930000000e+04	 -2,48182e-01	  5,69091e-02
5967	  1,1932000000e+04	 -2,44340e-01	  6,27926e-02
5968	  1,1934000000e+04	 -2,40533e-01	  6,89239e-02
5969	  1,1936000000e+04	 -2,40660e-01	  7,25740e-02
5970	  1,1938000000e+04	 -2,41275e-01	  7,51378e-02
5971	  1,1940000000e+04	 -2,40250e-01	  7,84588e-02
5972	  1,1942000000e+04	 -2,39375e-01	  8,24380e-02
5973	  1,1944000000e+04	 -2,36567e-01	  8,49299e-02
5974	  1,1946000000e+04	 -2,37513e-01	  8,86516e-02
5975	  1,1948000000e+04	 -2,41658e-01	  9,71486e-02
5976	  1,1950000000e+04	 -2,34371e-01	  1,01222e-01
5977	  1,1952000000e+04	 -2,30350e-01	  9,98429e-02
5978	  1,1954000000e+04	 -2,26573e-01	  1,02178e-01
5979	  1,1956000000e+04	 -2,24745e-01	  1,09854e-01
5980	  1,1958000000e+04	 -2,23664e-01	  1,15859e-01
5981	  1,1960000000e+04	 -2,18227e-01	  1,16572e-01
5982	  1,1962000000e+04	 -2,17385e-01	  1,20272e-01
5983	  1,1964000000e+04	 -2,16589e-01	  1,20929e-01
5984	  1,1966000000e+04	 -2,11361e-01	  1,24692e-01
5985	  1,1968000000e+04	 -2,07885e-01	  1,27818e-01
5986	  1,1970000000e+04	 -2,04630e-01	  1,29860e-01
5987	  1,1972000000e+04	 -2,04248e-01	  1,28571e-01
5988	  1,1974000000e+04	 -2,05216e-01	  1,26438e-01
5989	  1,1976000000e+04	 -2,02116e-01	  1,34560e-01
5990	  1,1978000000e+04	 -2,00683e-01	  1,36721e-01
5991	  1,1980000000e+04	 -1,97649e-01	  1,35855e-01
5992	  1,1982000000e+04	 -1,93310e-01	  1,39819e-01
5993	  1,1984000000e+04	 -1,93736e-01	  1,41448e-01
5994	  1,1986000000e+04	 -1,92063e-01	  1,42641e-01
5995	  1,1988000000e+04	 -1,93695e-01	  1,49029e-01
5996	  1,1990000000e+04	 -1,91614e-01	  1,48038e-01
5997	  1,1992000000e+04	 -1,87541e-01	  1,51053e-01
5998	  1,1994000000e+04	 -1,87447e-01	  1,52259e-01
5999	  1,1996000000e+04	 -1,87737e-01	  1,54388e-01
6000	  1,1998000000e+04	 -1,85957e-01	  1,56272e-01
6001	  1,2000000000e+04	 -1,84759e-01	  1,57819e-01
6002	  1,2002000000e+04	 -1,80167e-01	  1,60139e-01
6003	  1,2004000000e+04	 -1,79197e-01	  1,63425e-01
6004	  1,2006000000e+04	 -1,79337e-01	  1,64740e-01
6005	  1,2008000000e+04	 -1,76204e-01	  1,66930e-01
6006	  1,2010000000e+04	 -1,76550e-01	  1,72038e-01
6007	  1,2012000000e+04	 -1,75240e-01	  1,76829e-01
6008	  1,2014000000e+04	 -1,72136e-01	  1,81008e-01
6009	  1,2016000000e+04	 -1,68487e-01	  1,84330e-01
6010	  1,2018000000e+04	 -1,67264e-01	  1,85959e-01
6011	  1,2020000000e+04	 -1,65075e-01	  1,89557e-01
6012	  1,2022000000e+04	 -1,60735e-01	  1,94357e-01
6013	  1,2024000000e+04	 -1,55979e-01	  1,97941e-01
6014	  1,2026000000e+04	 -1,54229e-01	  1,98005e-01
6015	  1,2028000000e+04	 -1,50009e-01	  1,99659e-01
6016	  1,2030000000e+04	 -1,49676e-01	  2,04342e-01
6017	  1,2032000000e+04	 -1,48974e-01	  2,07193e-01
6018	  1,2034000000e+04	 -1,43630e-01	  2,12361e-01
6019	  1,2036000000e+04	 -1,40251e-01	  2,12604e-01
6020	  1,2038000000e+04	 -1,38653e-01	  2,11416e-01
6021	  1,2040000000e+04	 -1,35520e-01	  2,14109e-01
6022	  1,2042000000e+04	 -1,33180e-01	  2,15048e-01
6023	  1,2044000000e+04	 -1,28145e-01	  2,19486e-01
6024	  1,2046000000e+04	 -1,22990e-01	  2,20297e-01
6025	  1,2048000000e+04	 -1,22910e-01	  2,20511e-01
6026	  1,2050000000e+04	 -1,20110e-01	  2,23923e-01
6027	  1,2052000000e+04	 -1,20363e-01	  2,25064e-01
6028	  1,2054000000e+04	 -1,16484e-01	  2,28353e-01
6029	  1,2056000000e+04	 -1,13254e-01	  2,31563e-01
6030	  1,2058000000e+04	 -1,10320e-01	  2,35396e-01
6031	  1,2060000000e+04	 -1,02452e-01	  2,34376e-01
6032	  1,2062000000e+04	 -9,93601e-02	  2,36063e-01
6033	  1,2064000000e+04	 -9,85988e-02	  2,37926e-01
6034	  1,2066000000e+04	 -9,66284e-02	  2,43628e-01
6035	  1,2068000000e+04	 -9,37254e-02	  2,44373e-01
6036	  1,2070000000e+04	 -9,11112e-02	  2,47086e-01
6037	  1,2072000000e+04	 -8,38055e-02	  2,52157e-01
6038	  1,2074000000e+04	 -7,88446e-02	  2,54454e-01
6039	  1,2076000000e+04	 -7,94021e-02	  2,54986e-01
6040	  1,2078000000e+04	 -7,77055e-02	  2,55568e-01
6041	  1,2080000000e+04	 -7,12154e-02	  2,56108e-01
6042	  1,2082000000e+04	 -6,78031e-02	  2,57386e-01
6043	  1,2084000000e+04	 -6,50528e-02	  2,58224e-01
6044	  1,2086000000e+04	 -5,91315e-02	  2,60122e-01
6045	  1,2088000000e+04	 -5,35179e-02	  2,60438e-01
6046	  1,2090000000e+04	 -4,92232e-02	  2,61420e-01
6047	  1,2092000000e+04	 -4,65475e-02	  2,64146e-01
6048	  1,2094000000e+04	 -4,36867e-02	  2,65275e-01
6049	  1,2096000000e+04	 -3,99407e-02	  2,67633e-01
6050	  1,2098000000e+04	 -3,23209e-02	  2,67739e-01
6051	  1,2100000000e+04	 -2,91879e-02	  2,69444e-01
6052	  1,2102000000e+04	 -2,31733e-02	  2,71437e-01
6053	  1,2104000000e+04	 -1,56927e-02	  2,75101e-01
6054	  1,2106000000e+04	 -1,53015e-02	  2,69386e-01
6055	  1,2108000000e+04	 -1,19804e-02	  2,71099e-01
6056	  1,2110000000e+04	 -6,96334e-03	  2,71674e-01
6057	  1,2112000000e+04	 -4,97314e-03	  2,71988e-01
6058	  1,2114000000e+04	  7,11741e-05	  2,70748e-01
6059	  1,2116000000e+04	  5,49245e-03	  2,70799e-01
6060	  1,2118000000e+04	  9,64592e-03	  2,71217e-01
6061	  1,2120000000e+04	  1,19385e-02	  2,71132e-01
6062	  1,2122000000e+04	  1,66149e-02	  2,75035e-01
6063	  1,2124000000e+04	  2,10936e-02	  2,74872e-01
6064	  1,2126000000e+04	  2,68316e-02	  2,74224e-01
6065	  1,2128000000e+04	  3,15392e-02	  2,71527e-01
6066	  1,2130000000e+04	  3,50527e-02	  2,73172e-01
6067	  1,2132000000e+04	  4,01123e-02	  2,74911e-01
6068	  1,2134000000e+04	  4,14386e-02	  2,70234e-01
6069	  1,2136000000e+04	  4,84319e-02	  2,69380e-01
6070	  1,2138000000e+04	  5,51397e-02	  2,70744e-01
6071	  1,2140000000e+04	  5,96477e-02	  2,70611e-01
6072	  1,2142000000e+04	  6,14834e-02	  2,70505e-01
6073	  1,2144000000e+04	  6,63269e-02	  2,71378e-01
6074	  1,2146000000e+04	  6,98698e-02	  2,69612e-01
6075	  1,2148000000e+04	  7,28514e-02	  2,67170e-01
6076	  1,2150000000e+04	  7,90441e-02	  2,66440e-01
6077	  1,2152000000e+04	  8,48884e-02	  2,65998e-01
6078	  1,2154000000e+04	  8,87501e-02	  2,64516e-01
6079	  1,2156000000e+04	  9,55465e-02	  2,61711e-01
6080	  1,2158000000e+04	  9,59543e-02	  2,61171e-01
6081	  1,2160000000e+04	  1,00217e-01	  2,60930e-01
6082	  1,2162000000e+04	  1,05211e-01	  2,59779e-01
6083	  1,2164000000e+04	  1,07051e-01	  2,59189e-01
6084	  1,2166000000e+04	  1,11817e-01	  2,56800e-01
6085	  1,2168000000e+04	  1,18233e-01	  2,54845e-01
6086	  1,2170000000e+04	  1,22592e-01	  2,52041e-01
6087	  1,2172000000e+04	  1,28696e-01	  2,48516e-01
6088	  1,2174000000e+04	  1,31495e-01	  2,45385e-01
6089	  1,2176000000e+04	  1,32687e-01	  2,43983e-01
6090	  1,2178000000e+04	  1,35837e-01	  2,44279e-01
6091	  1,2180000000e+04	  1,42965e-01	  2,43427e-01
6092	  1,2182000000e+04	  1,47367e-01	  2,38738e-01
6093	  1,2184000000e+04	  1,52180e-01	  2,36518e-01
6094	  1,2186000000e+04	  1,53727e-01	  2,35601e-01
6095	  1,2188000000e+04	  1,54001e-01	  2,32493e-01
6096	  1,2190000000e+04	  1,60137e-01	  2,30011e-01
6097	  1,2192000000e+04	  1,65015e-01	  2,28542e-01
6098	  1,2194000000e+04	  1,68873e-01	  2,25715e-01
6099	  1,2196000000e+04	  1,72896e-01	  2,22375e-01
6100	  1,2198000000e+04	  1,77396e-01	  2,22398e-01
6101	  1,2200000000e+04	  1,82813e-01	  2,20909e-01
6102	  1,2202000000e+04	  1,85344e-01	  2,17634e-01
6103	  1,2204000000e+04	  1,86091e-01	  2,14723e-01
6104	  1,2206000000e+04	  1,85199e-01	  2,12178e-01
6105	  1,2208000000e+04	  1,91464e-01	  2,11467e-01
6106	  1,2210000000e+04	  1,99063e-01	  2,09951e-01
6107	  1,2212000000e+04	  2,04363e-01	  2,02843e-01
6108	  1,2214000000e+04	  2,07825e-01	  2,02019e-01
6109	  1,2216000000e+04	  2,14533e-01	  2,00024e-01
6110	  1,2218000000e+04	  2,19776e-01	  1,93088e-01
6111	  1,2220000000e+04	  2,21845e-01	  1,89303e-01
6112	  1,2222000000e+04	  2,26489e-01	  1,85504e-01
6113	  1,2224000000e+04	  2,28861e-01	  1,84651e-01
6114	  1,2226000000e+04	  2,31012e-01	  1,81568e-01
6115	  1,2228000000e+04	  2,35700e-01	  1,75349e-01
6116	  1,2230000000e+04	  2,37487e-01	  1,73665e-01
6117	  1,2232000000e+04	  2,39661e-01	  1,66868e-01
6118	  1,2234000000e+04	  2,44188e-01	  1,60084e-01
6119	  1,2236000000e+04	  2,47530e-01	  1,56039e-01
6120	  1,2238000000e+04	  2,49713e-01	  1,51266e-01
6121	  1,2240000000e+04	  2,51640e-01	  1,46618e-01
6122	  1,2242000000e+04	  2,52752e-01	  1,42643e-01
6123	  1,2244000000e+04	  2,52559e-01	  1,38678e-01
6124	  1,2246000000e+04	  2,57567e-01	  1,35821e-01
6125	  1,2248000000e+04	  2,58576e-01	  1,30238e-01
6126	  1,2250000000e+04	  2,57435e-01	  1,25391e-01
6127	  1,2252000000e+04	  2,60481e-01	  1,24691e-01
6128	  1,2254000000e+04	  2,63863e-01	  1,18427e-01
6129	  1,2256000000e+04	  2,63930e-01	  1,15022e-01
6130	  1,2258000000e+04	  2,65550e-01	  1,09845e-01
6131	  1,2260000000e+04	  2,68414e-01	  1,05159e-01
6132	  1,2262000000e+04	  2,70105e-01	  1,01459e-01
6133	  1,2264000000e+04	  2,71079e-01	  9,75798e-02
6134	  1,2266000000e+04	  2,74349e-01	  9,37337e-02
6135	  1,2268000000e+04	  2,76482e-01	  8,76453e-02
6136	  1,2270000000e+04	  2,78638e-01	  8,06750e-02
6137	  1,2272000000e+04	  2,80060e-01	  7,81947e-02
6138	  1,2274000000e+04	  2,81138e-01	  7,54885e-02
6139	  1,2276000000e+04	  2,79279e-01	  7,24714e-02
6140	  1,2278000000e+04	  2,77574e-01	  6,93887e-02
6141	  1,2280000000e+04	  2,77608e-01	  5,99344e-02
6142	  1,2282000000e+04	  2,80782e-01	  5,32132e-02
6143	  1,2284000000e+04	  2,81854e-01	  5,12834e-02
6144	  1,2286000000e+04	  2,82745e-01	  4,73062e-02
6145	  1,2288000000e+04	  2,83200e-01	  4,22231e-02
6146	  1,2290000000e+04	  2,84416e-01	  3,62455e-02
6147	  1,2292000000e+04	  2,83379e-01	  3,05789e-02
6148	  1,2294000000e+04	  2,81890e-01	  2,71851e-02
6149	  1,2296000000e+04	  2,83646e-01	  2,22286e-02
6150	  1,2298000000e+04	  2,85212e-01	  2,15962e-02
6151	  1,2300000000e+04	  2,81993e-01	  1,73076e-02
6152	  1,2302000000e+04	  2,83120e-01	  1,16873e-02
6153	  1,2304000000e+04	  2,84126e-01	  1,07177e-02
6154	  1,2306000000e+04	  2,85794e-01	  2,72530e-03
6155	  1,2308000000e+04	  2,83943e-01	 -3,06996e-03
6156	  1,2310000000e+04	  2,83098e-01	 -5,87778e-03
6157	  1,2312000000e+04	  2,83139e-01	 -6,65730e-03
6158	  1,2314000000e+04	  2,83208e-01	 -1,64688e-02
6159	  1,2316000000e+04	  2,83829e-01	 -1,75813e-02
6160	  1,2318000000e+04	  2,83776e-01	 -1,93040e-02
6161	  1,2320000000e+04	  2,85128e-01	 -2,33506e-02
6162	  1,2322000000e+04	  2,82712e-01	 -3,00278e-02
6163	  1,2324000000e+04	  2,82691e-01	 -3,41959e-02
6164	  1,2326000000e+04	  2,83054e-01	 -3,79994e-02
6165	  1,2328000000e+04	  2,85868e-01	 -4,44443e-02
6166	  1,2330000000e+04	  2,87650e-01	 -4,86709e-02
6167	  1,2332000000e+04	  2,85269e-01	 -5,19419e-02
6168	  1,2334000000e+04	  2,83186e-01	 -5,82881e-02
6169	  1,2336000000e+04	  2,81428e-01	 -6,25207e-02
6170	  1,2338000000e+04	  2,81251e-01	 -6,46879e-02
6171	  1,2340000000e+04	  2,81568e-01	 -7,04778e-02
6172	  1,2342000000e+04	  2,82721e-01	 -7,86751e-02
6173	  1,2344000000e+04	  2,82403e-01	 -8,31315e-02
6174	  1,2346000000e+04	  2,79985e-01	 -9,02438e-02
6175	  1,2348000000e+04	  2,80797e-01	 -9,79294e-02
6176	  1,2350000000e+04	  2,75074e-01	 -1,00389e-01
6177	  1,2352000000e+04	  2,71573e-01	 -1,06001e-01
6178	  1,2354000000e+04	  2,71413e-01	 -1,09945e-01
6179	  1,2356000000e+04	  2,68625e-01	 -1,14989e-01
6180	  1,2358000000e+04	  2,66016e-01	 -1,19723e-01
6181	  1,2360000000e+04	  2,62737e-01	 -1,23771e-01
6182	  1,2362000000e+04	  2,61377e-01	 -1,28281e-01
6183	  1,2364000000e+04	  2,57034e-01	 -1,30780e-01
6184	  1,2366000000e+04	  2,53522e-01	 -1,37904e-01
6185	  1,2368000000e+04	  2,50307e-01	 -1,41074e-01
6186	  1,2370000000e+04	  2,49328e-01	 -1,47842e-01
6187	  1,2372000000e+04	  2,46214e-01	 -1,49991e-01
6188	  1,2374000000e+04	  2,41557e-01	 -1,52696e-01
6189	  1,2376000000e+04	  2,35867e-01	 -1,52564e-01
6190	  1,2378000000e+04	  2,34228e-01	 -1,56781e-01
6191	  1,2380000000e+04	  2,33836e-01	 -1,61538e-01
6192	  1,2382000000e+04	  2,30095e-01	 -1,62114e-01
6193	  1,2384000000e+04	  2,28444e-01	 -1,66012e-01
6194	  1,2386000000e+04	  2,25828e-01	 -1,66870e-01
6195	  1,2388000000e+04	  2,21824e-01	 -1,72580e-01
6196	  1,2390000000e+04	  2,20780e-01	 -1,77182e-01
6197	  1,2392000000e+04	  2,17002e-01	 -1,78012e-01
6198	  1,2394000000e+04	  2,17709e-01	 -1,77669e-01
6199	  1,2396000000e+04	  2,12902e-01	 -1,83482e-01
6200	  1,2398000000e+04	  2,10636e-01	 -1,87013e-01
6201	  1,2400000000e+04	  2,06874e-01	 -1,88003e-01
6202	  1,2402000000e+04	  2,02224e-01	 -1,91613e-01
6203	  1,2404000000e+04	  2,00363e-01	 -1,95514e-01
6204	  1,2406000000e+04	  1,98830e-01	 -1,97678e-01
6205	  1,2408000000e+04	  1,95306e-01	 -1,95467e-01
6206	  1,2410000000e+04	  1,93212e-01	 -2,01065e-01
6207	  1,2412000000e+04	  1,91710e-01	 -2,08399e-01
6208	  1,2414000000e+04	  1,90055e-01	 -2,09859e-01
6209	  1,2416000000e+04	  1,84613e-01	 -2,10490e-01
6210	  1,2418000000e+04	  1,79679e-01	 -2,12136e-01
6211	  1,2420000000e+04	  1,75775e-01	 -2,16721e-01
6212	  1,2422000000e+04	  1,75822e-01	 -2,19862e-01
6213	  1,2424000000e+04	  1,74636e-01	 -2,22818e-01
6214	  1,2426000000e+04	  1,72426e-01	 -2,27223e-01
6215	  1,2428000000e+04	  1,69228e-01	 -2,29075e-01
6216	  1,2430000000e+04	  1,62956e-01	 -2,30176e-01
6217	  1,2432000000e+04	  1,57742e-01	 -2,34779e-01
6218	  1,2434000000e+04	  1,55153e-01	 -2,37311e-01
6219	  1,2436000000e+04	  1,53501e-01	 -2,38607e-01
6220	  1,2438000000e+04	  1,48598e-01	 -2,43880e-01
6221	  1,2440000000e+04	  1,42623e-01	 -2,44146e-01
6222	  1,2442000000e+04	  1,36593e-01	 -2,44694e-01
6223	  1,2444000000e+04	  1,31746e-01	 -2,48483e-01
6224	  1,2446000000e+04	  1,31610e-01	 -2,50782e-01
6225	  1,2448000000e+04	  1,29851e-01	 -2,49255e-01
6226	  1,2450000000e+04	  1,28471e-01	 -2,52259e-01
6227	  1,2452000000e+04	  1,22035e-01	 -2,56491e-01
6228	  1,2454000000e+04	  1,16402e-01	 -2,59182e-01
6229	  1,2456000000e+04	  1,13686e-01	 -2,56061e-01
6230	  1,2458000000e+04	  1,09098e-01	 -2,59458e-01
6231	  1,2460000000e+04	  1,05011e-01	 -2,62687e-01
6232	  1,2462000000e+04	  9,98965e-02	 -2,64081e-01
6233	  1,2464000000e+04	  9,16123e-02	 -2,66103e-01
6234	  1,2466000000e+04	  9,00964e-02	 -2,69205e-01
6235	  1,2468000000e+04	  8,75493e-02	 -2,71440e-01
6236	  1,2470000000e+04	  8,38815e-02	 -2,72133e-01
6237	  1,2472000000e+04	  7,98639e-02	 -2,71420e-01
6238	  1,2474000000e+04	  7,42319e-02	 -2,69938e-01
6239	  1,2476000000e+04	  6,98333e-02	 -2,71314e-01
6240	  1,2478000000e+04	  6,47165e-02	 -2,74196e-01
6241	  1,2480000000e+04	  5,91288e-02	 -2,71824e-01
6242	  1,2482000000e+04	  5,71411e-02	 -2,72147e-01
6243	  1,2484000000e+04	  5,23728e-02	 -2,71349e-01
6244	  1,2486000000e+04	  4,80732e-02	 -2,73211e-01
6245	  1,2488000000e+04	  4,05010e-02	 -2,74844e-01
6246	  1,2490000000e+04	  3,86875e-02	 -2,74187e-01
6247	  1,2492000000e+04	  3,32987e-02	 -2,72931e-01
6248	  1,2494000000e+04	  3,25202e-02	 -2,76073e-01
6249	  1,2496000000e+04	  3,21757e-02	 -2,78559e-01
6250	  1,2498000000e+04	  2,88069e-02	 -2,74573e-01
6251	  1,2500000000e+04	  2,46281e-02	 -2,74713e-01
6252	  1,2502000000e+04	  2,00755e-02	 -2,75678e-01
6253	  1,2504000000e+04	  1,82523e-02	 -2,75245e-01
6254	  1,2506000000e+04	  1,56622e-02	 -2,78506e-01
6255	  1,2508000000e+04	  9,64118e-03	 -2,77317e-01
6256	  1,2510000000e+04	  6,43219e-03	 -2,79368e-01
6257	  1,2512000000e+04	  3,46056e-03	 -2,81460e-01
6258	  1,2514000000e+04	 -2,03498e-04	 -2,81680e-01
6259	  1,2516000000e+04	 -4,17946e-03	 -2,82381e-01
6260	  1,2518000000e+04	 -8,09392e-03	 -2,85406e-01
6261	  1,2520000000e+04	 -9,34289e-03	 -2,87106e-01
6262	  1,2522000000e+04	 -1,44496e-02	 -2,88251e-01
6263	  1,2524000000e+04	 -1,92729e-02	 -2,87194e-01
6264	  1,2526000000e+04	 -2,35961e-02	 -2,86705e-01
6265	  1,2528000000e+04	 -3,19751e-02	 -2,86490e-01
6266	  1,2530000000e+04	 -3,66866e-02	 -2,88969e-01
6267	  1,2532000000e+04	 -3,83766e-02	 -2,86372e-01
6268	  1,2534000000e+04	 -4,62680e-02	 -2,83716e-01
6269	  1,2536000000e+04	 -5,02483e-02	 -2,84163e-01
6270	  1,2538000000e+04	 -5,39934e-02	 -2,84007e-01
6271	  1,2540000000e+04	 -5,72349e-02	 -2,84339e-01
6272	  1,2542000000e+04	 -5,97054e-02	 -2,83398e-01
6273	  1,2544000000e+04	 -6,51744e-02	 -2,83204e-01
6274	  1,2546000000e+04	 -7,10107e-02	 -2,84768e-01
6275	  1,2548000000e+04	 -7,29782e-02	 -2,81703e-01
6276	  1,2550000000e+04	 -8,03912e-02	 -2,83944e-01
6277	  1,2552000000e+04	 -8,81431e-02	 -2,84118e-01
6278	  1,2554000000e+04	 -9,48628e-02	 -2,81449e-01
6279	  1,2556000000e+04	 -9,67840e-02	 -2,79239e-01
6280	  1,2558000000e+04	 -9,99251e-02	 -2,78198e-01
6281	  1,2560000000e+04	 -1,05080e-01	 -2,78157e-01
6282	  1,2562000000e+04	 -1,09787e-01	 -2,77173e-01
6283	  1,2564000000e+04	 -1,15460e-01	 -2,77750e-01
6284	  1,2566000000e+04	 -1,20598e-01	 -2,75486e-01
6285	  1,2568000000e+04	 -1,23856e-01	 -2,71407e-01
6286	  1,2570000000e+04	 -1,32499e-01	 -2,70727e-01
6287	  1,2572000000e+04	 -1,35751e-01	 -2,69514e-01
6288	  1,2574000000e+04	 -1,39629e-01	 -2,66065e-01
6289	  1,2576000000e+04	 -1,44884e-01	 -2,61269e-01
6290	  1,2578000000e+04	 -1,49363e-01	 -2,58510e-01
6291	  1,2580000000e+04	 -1,51021e-01	 -2,60843e-01
6292	  1,2582000000e+04	 -1,55053e-01	 -2,57692e-01
6293	  1,2584000000e+04	 -1,58793e-01	 -2,55469e-01
6294	  1,2586000000e+04	 -1,63164e-01	 -2,50401e-01
6295	  1,2588000000e+04	 -1,67640e-01	 -2,48222e-01
6296	  1,2590000000e+04	 -1,70789e-01	 -2,43212e-01
6297	  1,2592000000e+04	 -1,79987e-01	 -2,40331e-01
6298	  1,2594000000e+04	 -1,83725e-01	 -2,39497e-01
6299	  1,2596000000e+04	 -1,86050e-01	 -2,38786e-01
6300	  1,2598000000e+04	 -1,90007e-01	 -2,36593e-01
6301	  1,2600000000e+04	 -1,90861e-01	 -2,30705e-01
6302	  1,2602000000e+04	 -1,98784e-01	 -2,25950e-01
6303	  1,2604000000e+04	 -2,03385e-01	 -2,21141e-01
6304	  1,2606000000e+04	 -2,07672e-01	 -2,20791e-01
6305	  1,2608000000e+04	 -2,10952e-01	 -2,21029e-01
6306	  1,2610000000e+04	 -2,12051e-01	 -2,17224e-01
6307	  1,2612000000e+04	 -2,13961e-01	 -2,13343e-01
6308	  1,2614000000e+04	 -2,17968e-01	 -2,12726e-01
6309	  1,2616000000e+04	 -2,19515e-01	 -2,10374e-01
6310	  1,2618000000e+04	 -2,22372e-01	 -2,04738e-01
6311	  1,2620000000e+04	 -2,25195e-01	 -2,01063e-01
6312	  1,2622000000e+04	 -2,29681e-01	 -1,96498e-01
6313	  1,2624000000e+04	 -2,34930e-01	 -1,95511e-01
6314	  1,2626000000e+04	 -2,37834e-01	 -1,89223e-01
6315	  1,2628000000e+04	 -2,40755e-01	 -1,88794e-01
6316	  1,2630000000e+04	 -2,48921e-01	 -1,88508e-01
6317	  1,2632000000e+04	 -2,50806e-01	 -1,82954e-01
6318	  1,2634000000e+04	 -2,53079e-01	 -1,81777e-01
6319	  1,2636000000e+04	 -2,57023e-01	 -1,76432e-01
6320	  1,2638000000e+04	 -2,60296e-01	 -1,72699e-01
6321	  1,2640000000e+04	 -2,68896e-01	 -1,67050e-01
6322	  1,2642000000e+04	 -2,69926e-01	 -1,64461e-01
6323	  1,2644000000e+04	 -2,72343e-01	 -1,59061e-01
6324	  1,2646000000e+04	 -2,78222e-01	 -1,54337e-01
6325	  1,2648000000e+04	 -2,81960e-01	 -1,48726e-01
6326	  1,2650000000e+04	 -2,84953e-01	 -1,46547e-01
6327	  1,2652000000e+04	 -2,86197e-01	 -1,40057e-01
6328	  1,2654000000e+04	 -2,89126e-01	 -1,30063e-01
6329	  1,2656000000e+04	 -2,92173e-01	 -1,25012e-01
6330	  1,2658000000e+04	 -2,95164e-01	 -1,21220e-01
6331	  1,2660000000e+04	 -3,02292e-01	 -1,15597e-01
6332	  1,2662000000e+04	 -3,06004e-01	 -1,09360e-01
6333	  1,2664000000e+04	 -3,04246e-01	 -1,00005e-01
6334	  1,2666000000e+04	 -3,05632e-01	 -9,61223e-02
6335	  1,2668000000e+04	 -3,04898e-01	 -9,31034e-02
6336	  1,2670000000e+04	 -3,07854e-01	 -8,76706e-02
6337	  1,2672000000e+04	 -3,08972e-01	 -7,93297e-02
6338	  1,2674000000e+04	 -3,10796e-01	 -7,21847e-02
6339	  1,2676000000e+04	 -3,10218e-01	 -6,74836e-02
6340	  1,2678000000e+04	 -3,07437e-01	 -6,41666e-02
6341	  1,2680000000e+04	 -3,10093e-01	 -5,72867e-02
6342	  1,2682000000e+04	 -3,11407e-01	 -5,49014e-02
6343	  1,2684000000e+04	 -3,12717e-01	 -4,98346e-02
6344	  1,2686000000e+04	 -3,13018e-01	 -4,58670e-02
6345	  1,2688000000e+04	 -3,12737e-01	 -3,73563e-02
6346	  1,2690000000e+04	 -3,11846e-01	 -3,13944e-02
6347	  1,2692000000e+04	 -3,13110e-01	 -2,34161e-02
6348	  1,2694000000e+04	 -3,14673e-01	 -1,79841e-02
6349	  1,2696000000e+04	 -3,17443e-01	 -1,19224e-02
6350	  1,2698000000e+04	 -3,20451e-01	 -7,38798e-03
6351	  1,2700000000e+04	 -3,21703e-01	 -1,71289e-03
6352	  1,2702000000e+04	 -3,18951e-01	  5,26916e-03
6353	  1,2704000000e+04	 -3,16398e-01	  1,17834e-02
6354	  1,2706000000e+04	 -3,15421e-01	  1,66683e-02
6355	  1,2708000000e+04	 -3,17343e-01	  1,99496e-02
6356	  1,2710000000e+04	 -3,20145e-01	  2,57022e-02
6357	  1,2712000000e+04	 -3,12659e-01	  3,49051e-02
6358	  1,2714000000e+04	 -3,12759e-01	  4,33867e-02
6359	  1,2716000000e+04	 -3,12217e-01	  4,67422e-02
6360	  1,2718000000e+04	 -3,11671e-01	  5,28676e-02
6361	  1,2720000000e+04	 -3,08111e-01	  5,85802e-02
6362	  1,2722000000e+04	 -3,03919e-01	  6,62193e-02
6363	  1,2724000000e+04	 -3,01046e-01	  6,85767e-02
6364	  1,2726000000e+04	 -2,97011e-01	  7,11495e-02
6365	  1,2728000000e+04	 -3,01807e-01	  7,86697e-02
6366	  1,2730000000e+04	 -2,99166e-01	  8,43143e-02
6367	  1,2732000000e+04	 -2,92277e-01	  8,93411e-02
6368	  1,2734000000e+04	 -2,88284e-01	  9,10787e-02
6369	  1,2736000000e+04	 -2,86938e-01	  9,67779e-02
6370	  1,2738000000e+04	 -2,82578e-01	  1,02204e-01
6371	  1,2740000000e+04	 -2,79034e-01	  1,06652e-01
6372	  1,2742000000e+04	 -2,77867e-01	  1,04850e-01
6373	  1,2744000000e+04	 -2,74977e-01	  1,07113e-01
6374	  1,2746000000e+04	 -2,73175e-01	  1,13541e-01
6375	  1,2748000000e+04	 -2,71998e-01	  1,14663e-01
6376	  1,2750000000e+04	 -2,72204e-01	  1,15881e-01
6377	  1,2752000000e+04	 -2,68101e-01	  1,18260e-01
6378	  1,2754000000e+04	 -2,66619e-01	  1,22879e-01
6379	  1,2756000000e+04	 -2,68681e-01	  1,27170e-01
6380	  1,2758000000e+04	 -2,71091e-01	  1,33817e-01
6381	  1,2760000000e+04	 -2,68730e-01	  1,35226e-01
6382	  1,2762000000e+04	 -2,63251e-01	  1,42914e-01
6383	  1,2764000000e+04	 -2,61461e-01	  1,45029e-01
6384	  1,2766000000e+04	 -2,58794e-01	  1,46871e-01
6385	  1,2768000000e+04	 -2,56821e-01	  1,53021e-01
6386	  1,2770000000e+04	 -2,56223e-01	  1,59307e-01
6387	  1,2772000000e+04	 -2,53015e-01	  1,60761e-01
6388	  1,2774000000e+04	 -2,48729e-01	  1,63691e-01
6389	  1,2776000000e+04	 -2,47701e-01	  1,71716e-01
6390	  1,2778000000e+04	 -2,43257e-01	  1,77994e-01
6391	  1,2780000000e+04	 -2,38237e-01	  1,86709e-01
6392	  1,2782000000e+04	 -2,37475e-01	  1,90524e-01
6393	  1,2784000000e+04	 -2,33862e-01	  1,89255e-01
6394	  1,2786000000e+04	 -2,26899e-01	  1,93410e-01
6395	  1,2788000000e+04	 -2,23556e-01	  1,97931e-01
6396	  1,2790000000e+04	 -2,21919e-01	  2,04696e-01
6397	  1,2792000000e+04	 -2,15046e-01	  2,06920e-01
6398	  1,2794000000e+04	 -2,10003e-01	  2,05514e-01
6399	  1,2796000000e+04	 -2,08461e-01	  2,07933e-01
6400	  1,2798000000e+04	 -2,03089e-01	  2,10067e-01
6401	  1,2800000000e+04	 -1,97476e-01	  2,11958e-01
TagsBegin:	 	 	 
OverLoad:	 	False	 
AverageNumber: []	 	  2,00000e+02	 
OverLoadRatio: []	 	  1,19209e-07	 
TagsEnd:	 	 	 
TagScalesBegin:	 	 	 
TagScalesEnd:	 	 	 
