Header Size:	 78	 	 
Pulse Version:	 42	 	 
Decimal Symbol:	,	 	 
Date Format:	dd-MM-yyyy	 	 
Time Format:	HH:mm:ss:mmm	 	 
Data Type:	Complex	 	 
Slice:	False	 	 
Z-Axis type:	Linear	 	 
Z-Axis size:	1	 	 
Z-Axis unit:	 	 	 
Z-Axis first value:	  0,0000000000e+00	 	 
Z-Axis delta:	  1,0000000000e+00	 	 
X-Axis type:	Linear	 	 
X-Axis size:	6401	 	 
X-Axis unit:	Hz	 	 
X-Axis first value:	  0,0000000000e+00	 	 
X-Axis delta:	  2,0000000000e+00	 	 
	 	 	 
AmplitudeUnit:	Pa/V	 	 
Analyzer:	FFT_Spectrum_Averaging	 	 
AnalyzerName:	FFT Analyzer1	 	 
	 	 	 
	 	 	 
Bipolar:	True	 	 
CenterFrequency:	  6,4000000000e+03	 	 
	 	 	 
	 	 	 
	 	 	 
	 	 	 
	 	 	 
	 	 	 
	 	 	 
	 	 	 
Domain:	1	 	 
Function:	Frequency Response	 	 
	 	 	 
InputRange:	  1,0000000000e+01	 	 
	 	 	 
	 	 	 
MultiBufferName:	Input	 	 
NBW:	  1,5000000000e+00	 	 
	 	 	 
OverlapFailed:	False	 	 
Overrun:	False	 	 
Power:	False	 	 
	 	 	 
Ratio:	True	 	 
RecordLength:	  5,0000000000e-01	 	 
ReducedSize:	True	 	 
Ref_Signal:	Signal 1	 	 
	 	 	 
	 	 	 
RefSignalUnit:	V	 	 
	 	 	 
	 	 	 
Signal:	Signal 10	 	 
	 	 	 
SignalUnit:	Pa	 	 
	 	 	 
	 	 	 
	 	 	 
Title:	Frequency Response H1(Signal 10,Signal 1) - Input	 	 
Title1:	Working : Input : Input : FFT Analyzer1	 	 
	 	 	 
	 	 	 
	 	 	 
ZoomOn:	True	 	 
	 	 	 
TemplateName:	Working	 	 
MeasurementName:	Input	 	 
MeasurementSlice:	False	 	 
	 	 	 
	 	 	 
	 	 	 
EnvelopeOn:	False	 	 
	 	 	 
	 	 	 
	 	 	 
Z-index:	 	1	 
Date:	 	14-07-2026	 
Time:	 	19:05:40:147	 
Relative time:	 	  0,00000e+00	 
Z-axis:	 	  0,0000000000e+00	 
1	  0,0000000000e+00	  1,84386e-04	  6,12397e-08
2	  2,0000000000e+00	  2,06492e-03	  1,74777e-03
3	  4,0000000000e+00	  2,70915e-03	  1,73860e-03
4	  6,0000000000e+00	  9,42665e-04	 -2,56883e-05
5	  8,0000000000e+00	  4,35575e-03	 -4,54024e-03
6	  1,0000000000e+01	  2,54249e-02	 -1,96375e-02
7	  1,2000000000e+01	  3,84859e-03	 -2,26172e-02
8	  1,4000000000e+01	 -1,90275e-02	 -6,65486e-03
9	  1,6000000000e+01	 -9,25666e-03	  3,27032e-03
10	  1,8000000000e+01	  4,30378e-03	  8,47718e-03
11	  2,0000000000e+01	  5,02551e-03	  5,39263e-03
12	  2,2000000000e+01	 -5,12875e-03	  4,76072e-03
13	  2,4000000000e+01	  4,46379e-03	 -8,44059e-03
14	  2,6000000000e+01	 -9,02416e-03	 -1,60402e-02
15	  2,8000000000e+01	 -5,91909e-04	 -4,10668e-03
16	  3,0000000000e+01	 -2,55308e-03	 -4,63449e-04
17	  3,2000000000e+01	 -1,34147e-02	 -9,28653e-03
18	  3,4000000000e+01	 -1,16105e-02	 -1,66564e-03
19	  3,6000000000e+01	 -9,51206e-03	 -4,93235e-03
20	  3,8000000000e+01	 -1,01746e-02	 -1,61121e-02
21	  4,0000000000e+01	 -8,48526e-03	 -1,47612e-02
22	  4,2000000000e+01	 -8,30923e-03	 -7,05827e-03
23	  4,4000000000e+01	 -1,47472e-02	 -7,69177e-03
24	  4,6000000000e+01	 -1,34284e-02	 -7,84838e-03
25	  4,8000000000e+01	 -1,98230e-02	  7,81451e-05
26	  5,0000000000e+01	 -3,37555e-02	  2,77447e-02
27	  5,2000000000e+01	 -2,60585e-02	  4,55975e-03
28	  5,4000000000e+01	 -2,42194e-02	  2,91862e-03
29	  5,6000000000e+01	 -3,83600e-02	 -1,18705e-03
30	  5,8000000000e+01	 -4,26847e-02	 -1,02636e-03
31	  6,0000000000e+01	 -4,37146e-02	  3,14378e-03
32	  6,2000000000e+01	 -4,82741e-02	  7,82234e-03
33	  6,4000000000e+01	 -5,08973e-02	  6,60318e-03
34	  6,6000000000e+01	 -5,22312e-02	  1,34021e-02
35	  6,8000000000e+01	 -5,32946e-02	  1,60757e-02
36	  7,0000000000e+01	 -5,38664e-02	  1,75205e-02
37	  7,2000000000e+01	 -4,76882e-02	  2,05231e-02
38	  7,4000000000e+01	 -5,31269e-02	  3,54714e-02
39	  7,6000000000e+01	 -5,07897e-02	  3,98641e-02
40	  7,8000000000e+01	 -5,28915e-02	  4,16189e-02
41	  8,0000000000e+01	 -6,27715e-02	  4,21906e-02
42	  8,2000000000e+01	 -5,36548e-02	  4,44369e-02
43	  8,4000000000e+01	 -5,25103e-02	  5,52220e-02
44	  8,6000000000e+01	 -5,50369e-02	  6,50121e-02
45	  8,8000000000e+01	 -5,43165e-02	  7,72333e-02
46	  9,0000000000e+01	 -5,49051e-02	  7,91682e-02
47	  9,2000000000e+01	 -5,06735e-02	  8,27403e-02
48	  9,4000000000e+01	 -5,65772e-02	  8,77932e-02
49	  9,6000000000e+01	 -5,24044e-02	  9,24138e-02
50	  9,8000000000e+01	 -5,00040e-02	  1,02950e-01
51	  1,0000000000e+02	 -4,43208e-02	  1,08578e-01
52	  1,0200000000e+02	 -4,03585e-02	  1,14325e-01
53	  1,0400000000e+02	 -3,52931e-02	  1,14550e-01
54	  1,0600000000e+02	 -2,79041e-02	  1,23788e-01
55	  1,0800000000e+02	 -2,87204e-02	  1,30550e-01
56	  1,1000000000e+02	 -2,23025e-02	  1,37884e-01
57	  1,1200000000e+02	 -1,33116e-02	  1,45443e-01
58	  1,1400000000e+02	 -4,19385e-03	  1,52675e-01
59	  1,1600000000e+02	 -5,49678e-04	  1,56155e-01
60	  1,1800000000e+02	 -9,37317e-04	  1,58193e-01
61	  1,2000000000e+02	  1,28886e-02	  1,66884e-01
62	  1,2200000000e+02	  2,74947e-02	  1,71537e-01
63	  1,2400000000e+02	  3,00423e-02	  1,76396e-01
64	  1,2600000000e+02	  3,99552e-02	  1,75355e-01
65	  1,2800000000e+02	  4,75201e-02	  1,79217e-01
66	  1,3000000000e+02	  5,62352e-02	  1,87185e-01
67	  1,3200000000e+02	  6,96020e-02	  1,86535e-01
68	  1,3400000000e+02	  8,81829e-02	  1,86391e-01
69	  1,3600000000e+02	  1,00519e-01	  1,90748e-01
70	  1,3800000000e+02	  1,05718e-01	  1,90484e-01
71	  1,4000000000e+02	  1,16991e-01	  1,87530e-01
72	  1,4200000000e+02	  1,29138e-01	  1,87396e-01
73	  1,4400000000e+02	  1,42642e-01	  1,83036e-01
74	  1,4600000000e+02	  1,57497e-01	  1,79958e-01
75	  1,4800000000e+02	  1,76977e-01	  1,73887e-01
76	  1,5000000000e+02	  1,95651e-01	  1,63175e-01
77	  1,5200000000e+02	  1,94844e-01	  1,56840e-01
78	  1,5400000000e+02	  2,04944e-01	  1,52834e-01
79	  1,5600000000e+02	  2,14130e-01	  1,46335e-01
80	  1,5800000000e+02	  2,19587e-01	  1,29668e-01
81	  1,6000000000e+02	  2,29752e-01	  1,22845e-01
82	  1,6200000000e+02	  2,37231e-01	  1,19195e-01
83	  1,6400000000e+02	  2,45678e-01	  1,03820e-01
84	  1,6600000000e+02	  2,46880e-01	  9,09784e-02
85	  1,6800000000e+02	  2,50903e-01	  8,62083e-02
86	  1,7000000000e+02	  2,56983e-01	  7,58219e-02
87	  1,7200000000e+02	  2,63466e-01	  6,13180e-02
88	  1,7400000000e+02	  2,67857e-01	  4,92682e-02
89	  1,7600000000e+02	  2,71265e-01	  3,65747e-02
90	  1,7800000000e+02	  2,71505e-01	  2,71886e-02
91	  1,8000000000e+02	  2,72427e-01	  1,60869e-02
92	  1,8200000000e+02	  2,75450e-01	  9,49295e-03
93	  1,8400000000e+02	  2,76421e-01	 -2,33864e-03
94	  1,8600000000e+02	  2,77613e-01	 -1,57989e-02
95	  1,8800000000e+02	  2,78794e-01	 -2,40632e-02
96	  1,9000000000e+02	  2,78451e-01	 -3,46959e-02
97	  1,9200000000e+02	  2,76880e-01	 -4,61288e-02
98	  1,9400000000e+02	  2,73268e-01	 -5,74104e-02
99	  1,9600000000e+02	  2,70046e-01	 -6,80570e-02
100	  1,9800000000e+02	  2,66524e-01	 -7,94429e-02
101	  2,0000000000e+02	  2,63603e-01	 -8,45259e-02
102	  2,0200000000e+02	  2,61189e-01	 -9,06147e-02
103	  2,0400000000e+02	  2,57212e-01	 -1,03786e-01
104	  2,0600000000e+02	  2,55351e-01	 -1,13509e-01
105	  2,0800000000e+02	  2,48189e-01	 -1,19995e-01
106	  2,1000000000e+02	  2,43405e-01	 -1,24685e-01
107	  2,1200000000e+02	  2,36760e-01	 -1,28461e-01
108	  2,1400000000e+02	  2,33572e-01	 -1,36255e-01
109	  2,1600000000e+02	  2,31310e-01	 -1,45060e-01
110	  2,1800000000e+02	  2,25431e-01	 -1,50341e-01
111	  2,2000000000e+02	  2,21868e-01	 -1,57920e-01
112	  2,2200000000e+02	  2,19330e-01	 -1,62448e-01
113	  2,2400000000e+02	  2,12214e-01	 -1,70054e-01
114	  2,2600000000e+02	  2,06780e-01	 -1,76409e-01
115	  2,2800000000e+02	  2,02772e-01	 -1,80742e-01
116	  2,3000000000e+02	  2,00739e-01	 -1,87692e-01
117	  2,3200000000e+02	  1,95042e-01	 -1,94211e-01
118	  2,3400000000e+02	  1,85174e-01	 -1,96068e-01
119	  2,3600000000e+02	  1,78353e-01	 -2,02922e-01
120	  2,3800000000e+02	  1,72120e-01	 -2,07712e-01
121	  2,4000000000e+02	  1,66679e-01	 -2,09977e-01
122	  2,4200000000e+02	  1,60189e-01	 -2,14132e-01
123	  2,4400000000e+02	  1,51688e-01	 -2,20275e-01
124	  2,4600000000e+02	  1,43882e-01	 -2,23153e-01
125	  2,4800000000e+02	  1,40313e-01	 -2,21836e-01
126	  2,5000000000e+02	  1,40173e-01	 -2,22002e-01
127	  2,5200000000e+02	  1,30421e-01	 -2,28855e-01
128	  2,5400000000e+02	  1,21630e-01	 -2,29899e-01
129	  2,5600000000e+02	  1,17783e-01	 -2,28530e-01
130	  2,5800000000e+02	  1,14525e-01	 -2,30274e-01
131	  2,6000000000e+02	  1,07942e-01	 -2,34548e-01
132	  2,6200000000e+02	  1,05208e-01	 -2,36282e-01
133	  2,6400000000e+02	  9,76043e-02	 -2,38528e-01
134	  2,6600000000e+02	  9,16501e-02	 -2,42653e-01
135	  2,6800000000e+02	  8,88328e-02	 -2,43838e-01
136	  2,7000000000e+02	  8,14962e-02	 -2,46400e-01
137	  2,7200000000e+02	  7,37547e-02	 -2,49836e-01
138	  2,7400000000e+02	  6,75924e-02	 -2,54122e-01
139	  2,7600000000e+02	  6,46430e-02	 -2,58000e-01
140	  2,7800000000e+02	  5,86925e-02	 -2,55855e-01
141	  2,8000000000e+02	  5,30912e-02	 -2,57292e-01
142	  2,8200000000e+02	  4,27821e-02	 -2,60749e-01
143	  2,8400000000e+02	  3,30750e-02	 -2,58096e-01
144	  2,8600000000e+02	  3,16934e-02	 -2,59094e-01
145	  2,8800000000e+02	  2,22858e-02	 -2,58573e-01
146	  2,9000000000e+02	  1,68161e-02	 -2,60498e-01
147	  2,9200000000e+02	  1,05723e-02	 -2,61464e-01
148	  2,9400000000e+02	  5,39483e-03	 -2,60497e-01
149	  2,9600000000e+02	  5,15562e-04	 -2,61740e-01
150	  2,9800000000e+02	 -6,88414e-03	 -2,57421e-01
151	  3,0000000000e+02	 -1,32493e-02	 -2,56142e-01
152	  3,0200000000e+02	 -1,53640e-02	 -2,57712e-01
153	  3,0400000000e+02	 -1,88857e-02	 -2,59182e-01
154	  3,0600000000e+02	 -2,45361e-02	 -2,56022e-01
155	  3,0800000000e+02	 -3,13415e-02	 -2,52544e-01
156	  3,1000000000e+02	 -4,10705e-02	 -2,48639e-01
157	  3,1200000000e+02	 -4,49732e-02	 -2,47926e-01
158	  3,1400000000e+02	 -4,58355e-02	 -2,48542e-01
159	  3,1600000000e+02	 -4,99511e-02	 -2,44551e-01
160	  3,1800000000e+02	 -5,50206e-02	 -2,40401e-01
161	  3,2000000000e+02	 -6,27826e-02	 -2,40822e-01
162	  3,2200000000e+02	 -6,79541e-02	 -2,39989e-01
163	  3,2400000000e+02	 -7,00861e-02	 -2,38211e-01
164	  3,2600000000e+02	 -7,48373e-02	 -2,36993e-01
165	  3,2800000000e+02	 -8,16353e-02	 -2,34796e-01
166	  3,3000000000e+02	 -8,79891e-02	 -2,32516e-01
167	  3,3200000000e+02	 -9,11002e-02	 -2,27505e-01
168	  3,3400000000e+02	 -9,12449e-02	 -2,25851e-01
169	  3,3600000000e+02	 -9,55489e-02	 -2,24547e-01
170	  3,3800000000e+02	 -9,90448e-02	 -2,22031e-01
171	  3,4000000000e+02	 -1,01425e-01	 -2,18796e-01
172	  3,4200000000e+02	 -1,04492e-01	 -2,16028e-01
173	  3,4400000000e+02	 -1,08806e-01	 -2,13709e-01
174	  3,4600000000e+02	 -1,15971e-01	 -2,15310e-01
175	  3,4800000000e+02	 -1,17187e-01	 -2,14787e-01
176	  3,5000000000e+02	 -1,17825e-01	 -2,12362e-01
177	  3,5200000000e+02	 -1,21088e-01	 -2,07424e-01
178	  3,5400000000e+02	 -1,23370e-01	 -2,02398e-01
179	  3,5600000000e+02	 -1,28133e-01	 -2,02193e-01
180	  3,5800000000e+02	 -1,31704e-01	 -2,02985e-01
181	  3,6000000000e+02	 -1,38605e-01	 -1,96863e-01
182	  3,6200000000e+02	 -1,43045e-01	 -1,97577e-01
183	  3,6400000000e+02	 -1,44265e-01	 -1,96726e-01
184	  3,6600000000e+02	 -1,48772e-01	 -1,92814e-01
185	  3,6800000000e+02	 -1,54123e-01	 -1,90455e-01
186	  3,7000000000e+02	 -1,58621e-01	 -1,87109e-01
187	  3,7200000000e+02	 -1,62208e-01	 -1,86170e-01
188	  3,7400000000e+02	 -1,65548e-01	 -1,85908e-01
189	  3,7600000000e+02	 -1,71243e-01	 -1,80328e-01
190	  3,7800000000e+02	 -1,74458e-01	 -1,75099e-01
191	  3,8000000000e+02	 -1,76977e-01	 -1,66955e-01
192	  3,8200000000e+02	 -1,79222e-01	 -1,63947e-01
193	  3,8400000000e+02	 -1,84688e-01	 -1,64198e-01
194	  3,8600000000e+02	 -1,88828e-01	 -1,59705e-01
195	  3,8800000000e+02	 -1,88788e-01	 -1,57335e-01
196	  3,9000000000e+02	 -1,90435e-01	 -1,51496e-01
197	  3,9200000000e+02	 -1,96087e-01	 -1,45244e-01
198	  3,9400000000e+02	 -2,00449e-01	 -1,42166e-01
199	  3,9600000000e+02	 -2,01408e-01	 -1,39053e-01
200	  3,9800000000e+02	 -2,00214e-01	 -1,32900e-01
201	  4,0000000000e+02	 -2,03930e-01	 -1,29196e-01
202	  4,0200000000e+02	 -2,06066e-01	 -1,24450e-01
203	  4,0400000000e+02	 -2,07806e-01	 -1,18315e-01
204	  4,0600000000e+02	 -2,11166e-01	 -1,18005e-01
205	  4,0800000000e+02	 -2,14244e-01	 -1,13057e-01
206	  4,1000000000e+02	 -2,14120e-01	 -1,06771e-01
207	  4,1200000000e+02	 -2,16433e-01	 -1,03600e-01
208	  4,1400000000e+02	 -2,16711e-01	 -9,96808e-02
209	  4,1600000000e+02	 -2,15560e-01	 -9,75847e-02
210	  4,1800000000e+02	 -2,16540e-01	 -9,14326e-02
211	  4,2000000000e+02	 -2,20264e-01	 -8,55962e-02
212	  4,2200000000e+02	 -2,22878e-01	 -7,92917e-02
213	  4,2400000000e+02	 -2,20109e-01	 -7,25965e-02
214	  4,2600000000e+02	 -2,19037e-01	 -6,98054e-02
215	  4,2800000000e+02	 -2,20058e-01	 -6,98289e-02
216	  4,3000000000e+02	 -2,19541e-01	 -6,93318e-02
217	  4,3200000000e+02	 -2,19578e-01	 -6,27485e-02
218	  4,3400000000e+02	 -2,20215e-01	 -5,89636e-02
219	  4,3600000000e+02	 -2,20431e-01	 -5,64289e-02
220	  4,3800000000e+02	 -2,21106e-01	 -5,33626e-02
221	  4,4000000000e+02	 -2,24127e-01	 -5,10684e-02
222	  4,4200000000e+02	 -2,22224e-01	 -4,67205e-02
223	  4,4400000000e+02	 -2,19567e-01	 -4,37269e-02
224	  4,4600000000e+02	 -2,22940e-01	 -4,38432e-02
225	  4,4800000000e+02	 -2,24276e-01	 -4,08673e-02
226	  4,5000000000e+02	 -2,25279e-01	 -3,74843e-02
227	  4,5200000000e+02	 -2,25719e-01	 -3,63698e-02
228	  4,5400000000e+02	 -2,27720e-01	 -3,21411e-02
229	  4,5600000000e+02	 -2,28477e-01	 -2,67216e-02
230	  4,5800000000e+02	 -2,29318e-01	 -2,43593e-02
231	  4,6000000000e+02	 -2,30690e-01	 -2,20379e-02
232	  4,6200000000e+02	 -2,31334e-01	 -1,90933e-02
233	  4,6400000000e+02	 -2,27992e-01	 -1,43999e-02
234	  4,6600000000e+02	 -2,29263e-01	 -1,35596e-02
235	  4,6800000000e+02	 -2,33727e-01	 -8,97949e-03
236	  4,7000000000e+02	 -2,35268e-01	 -4,40113e-03
237	  4,7200000000e+02	 -2,29647e-01	  2,75068e-03
238	  4,7400000000e+02	 -2,26894e-01	  8,72615e-03
239	  4,7600000000e+02	 -2,31713e-01	  1,15341e-02
240	  4,7800000000e+02	 -2,32121e-01	  1,05015e-02
241	  4,8000000000e+02	 -2,31483e-01	  1,14950e-02
242	  4,8200000000e+02	 -2,36508e-01	  1,64846e-02
243	  4,8400000000e+02	 -2,37808e-01	  2,31841e-02
244	  4,8600000000e+02	 -2,39570e-01	  2,70646e-02
245	  4,8800000000e+02	 -2,42349e-01	  3,48442e-02
246	  4,9000000000e+02	 -2,40233e-01	  4,11344e-02
247	  4,9200000000e+02	 -2,41088e-01	  4,32874e-02
248	  4,9400000000e+02	 -2,37837e-01	  4,82803e-02
249	  4,9600000000e+02	 -2,36880e-01	  5,90839e-02
250	  4,9800000000e+02	 -2,34444e-01	  6,45665e-02
251	  5,0000000000e+02	 -2,31804e-01	  6,76353e-02
252	  5,0200000000e+02	 -2,29807e-01	  6,85409e-02
253	  5,0400000000e+02	 -2,26362e-01	  6,92080e-02
254	  5,0600000000e+02	 -2,22454e-01	  7,53017e-02
255	  5,0800000000e+02	 -2,21745e-01	  8,06750e-02
256	  5,1000000000e+02	 -2,19331e-01	  8,72328e-02
257	  5,1200000000e+02	 -2,16240e-01	  9,11204e-02
258	  5,1400000000e+02	 -2,13383e-01	  9,60114e-02
259	  5,1600000000e+02	 -2,13484e-01	  9,98070e-02
260	  5,1800000000e+02	 -2,10644e-01	  1,00581e-01
261	  5,2000000000e+02	 -2,08481e-01	  1,05598e-01
262	  5,2200000000e+02	 -2,05087e-01	  1,09469e-01
263	  5,2400000000e+02	 -2,02808e-01	  1,13545e-01
264	  5,2600000000e+02	 -2,02021e-01	  1,15609e-01
265	  5,2800000000e+02	 -1,94309e-01	  1,16999e-01
266	  5,3000000000e+02	 -1,90709e-01	  1,19650e-01
267	  5,3200000000e+02	 -1,89058e-01	  1,19655e-01
268	  5,3400000000e+02	 -1,87928e-01	  1,21022e-01
269	  5,3600000000e+02	 -1,87418e-01	  1,23411e-01
270	  5,3800000000e+02	 -1,84896e-01	  1,25565e-01
271	  5,4000000000e+02	 -1,81896e-01	  1,26966e-01
272	  5,4200000000e+02	 -1,81232e-01	  1,30769e-01
273	  5,4400000000e+02	 -1,80845e-01	  1,36729e-01
274	  5,4600000000e+02	 -1,79931e-01	  1,38492e-01
275	  5,4800000000e+02	 -1,78527e-01	  1,37051e-01
276	  5,5000000000e+02	 -1,80130e-01	  1,36789e-01
277	  5,5200000000e+02	 -1,76651e-01	  1,39322e-01
278	  5,5400000000e+02	 -1,79925e-01	  1,42725e-01
279	  5,5600000000e+02	 -1,79521e-01	  1,49194e-01
280	  5,5800000000e+02	 -1,74620e-01	  1,51636e-01
281	  5,6000000000e+02	 -1,70668e-01	  1,54544e-01
282	  5,6200000000e+02	 -1,72176e-01	  1,60146e-01
283	  5,6400000000e+02	 -1,69581e-01	  1,62899e-01
284	  5,6600000000e+02	 -1,65898e-01	  1,65647e-01
285	  5,6800000000e+02	 -1,66988e-01	  1,71237e-01
286	  5,7000000000e+02	 -1,63703e-01	  1,77357e-01
287	  5,7200000000e+02	 -1,57595e-01	  1,82917e-01
288	  5,7400000000e+02	 -1,54261e-01	  1,85882e-01
289	  5,7600000000e+02	 -1,51479e-01	  1,89479e-01
290	  5,7800000000e+02	 -1,48779e-01	  1,92351e-01
291	  5,8000000000e+02	 -1,47139e-01	  1,94135e-01
292	  5,8200000000e+02	 -1,43027e-01	  1,97047e-01
293	  5,8400000000e+02	 -1,33818e-01	  2,01270e-01
294	  5,8600000000e+02	 -1,29653e-01	  2,03127e-01
295	  5,8800000000e+02	 -1,26662e-01	  2,06387e-01
296	  5,9000000000e+02	 -1,22450e-01	  2,06909e-01
297	  5,9200000000e+02	 -1,16383e-01	  2,07802e-01
298	  5,9400000000e+02	 -1,13015e-01	  2,08254e-01
299	  5,9600000000e+02	 -1,09271e-01	  2,10840e-01
300	  5,9800000000e+02	 -1,07416e-01	  2,13006e-01
301	  6,0000000000e+02	 -1,01746e-01	  2,13128e-01
302	  6,0200000000e+02	 -9,57559e-02	  2,13658e-01
303	  6,0400000000e+02	 -9,28075e-02	  2,13927e-01
304	  6,0600000000e+02	 -8,83316e-02	  2,16287e-01
305	  6,0800000000e+02	 -8,25697e-02	  2,19432e-01
306	  6,1000000000e+02	 -7,89144e-02	  2,18271e-01
307	  6,1200000000e+02	 -7,48916e-02	  2,15898e-01
308	  6,1400000000e+02	 -7,16476e-02	  2,18305e-01
309	  6,1600000000e+02	 -6,99029e-02	  2,20361e-01
310	  6,1800000000e+02	 -6,67981e-02	  2,17482e-01
311	  6,2000000000e+02	 -6,28182e-02	  2,17332e-01
312	  6,2200000000e+02	 -5,92727e-02	  2,19145e-01
313	  6,2400000000e+02	 -5,65921e-02	  2,18002e-01
314	  6,2600000000e+02	 -5,07707e-02	  2,19290e-01
315	  6,2800000000e+02	 -4,67353e-02	  2,19453e-01
316	  6,3000000000e+02	 -4,72424e-02	  2,16816e-01
317	  6,3200000000e+02	 -4,42779e-02	  2,18216e-01
318	  6,3400000000e+02	 -4,09760e-02	  2,18097e-01
319	  6,3600000000e+02	 -3,89683e-02	  2,17436e-01
320	  6,3800000000e+02	 -3,70862e-02	  2,20692e-01
321	  6,4000000000e+02	 -3,75990e-02	  2,20014e-01
322	  6,4200000000e+02	 -3,15569e-02	  2,24275e-01
323	  6,4400000000e+02	 -2,83751e-02	  2,24492e-01
324	  6,4600000000e+02	 -2,38460e-02	  2,24185e-01
325	  6,4800000000e+02	 -2,15023e-02	  2,26604e-01
326	  6,5000000000e+02	 -1,51292e-02	  2,29958e-01
327	  6,5200000000e+02	 -1,09971e-02	  2,26430e-01
328	  6,5400000000e+02	 -7,42086e-03	  2,24323e-01
329	  6,5600000000e+02	 -5,19689e-03	  2,23390e-01
330	  6,5800000000e+02	  1,97178e-04	  2,21838e-01
331	  6,6000000000e+02	  2,81748e-03	  2,20824e-01
332	  6,6200000000e+02	  9,93648e-03	  2,22032e-01
333	  6,6400000000e+02	  9,08614e-03	  2,20309e-01
334	  6,6600000000e+02	  9,45813e-03	  2,14178e-01
335	  6,6800000000e+02	  1,48935e-02	  2,13103e-01
336	  6,7000000000e+02	  1,28305e-02	  2,14463e-01
337	  6,7200000000e+02	  9,17431e-03	  2,15252e-01
338	  6,7400000000e+02	  1,12269e-02	  2,16619e-01
339	  6,7600000000e+02	  1,57034e-02	  2,15731e-01
340	  6,7800000000e+02	  1,65768e-02	  2,19574e-01
341	  6,8000000000e+02	  2,05318e-02	  2,23566e-01
342	  6,8200000000e+02	  2,13192e-02	  2,24096e-01
343	  6,8400000000e+02	  2,74281e-02	  2,26188e-01
344	  6,8600000000e+02	  3,13334e-02	  2,28795e-01
345	  6,8800000000e+02	  3,43190e-02	  2,31962e-01
346	  6,9000000000e+02	  4,03360e-02	  2,30690e-01
347	  6,9200000000e+02	  4,60813e-02	  2,28958e-01
348	  6,9400000000e+02	  5,17334e-02	  2,27252e-01
349	  6,9600000000e+02	  5,58499e-02	  2,28195e-01
350	  6,9800000000e+02	  5,97708e-02	  2,28327e-01
351	  7,0000000000e+02	  6,58052e-02	  2,26693e-01
352	  7,0200000000e+02	  6,95728e-02	  2,24244e-01
353	  7,0400000000e+02	  7,36521e-02	  2,21719e-01
354	  7,0600000000e+02	  7,58811e-02	  2,20893e-01
355	  7,0800000000e+02	  8,13224e-02	  2,18874e-01
356	  7,1000000000e+02	  8,43728e-02	  2,14044e-01
357	  7,1200000000e+02	  8,62316e-02	  2,12091e-01
358	  7,1400000000e+02	  8,78290e-02	  2,14645e-01
359	  7,1600000000e+02	  9,06043e-02	  2,12930e-01
360	  7,1800000000e+02	  9,51990e-02	  2,11634e-01
361	  7,2000000000e+02	  1,01374e-01	  2,11260e-01
362	  7,2200000000e+02	  1,05562e-01	  2,13579e-01
363	  7,2400000000e+02	  1,07651e-01	  2,09770e-01
364	  7,2600000000e+02	  1,10335e-01	  2,06370e-01
365	  7,2800000000e+02	  1,12204e-01	  2,06751e-01
366	  7,3000000000e+02	  1,16122e-01	  2,05375e-01
367	  7,3200000000e+02	  1,21008e-01	  2,04225e-01
368	  7,3400000000e+02	  1,22730e-01	  2,03303e-01
369	  7,3600000000e+02	  1,26114e-01	  2,02227e-01
370	  7,3800000000e+02	  1,33302e-01	  2,02239e-01
371	  7,4000000000e+02	  1,35397e-01	  1,99910e-01
372	  7,4200000000e+02	  1,37587e-01	  1,98648e-01
373	  7,4400000000e+02	  1,41432e-01	  1,94615e-01
374	  7,4600000000e+02	  1,47376e-01	  1,94693e-01
375	  7,4800000000e+02	  1,48531e-01	  1,93895e-01
376	  7,5000000000e+02	  1,54210e-01	  1,92512e-01
377	  7,5200000000e+02	  1,57738e-01	  1,89404e-01
378	  7,5400000000e+02	  1,59423e-01	  1,86599e-01
379	  7,5600000000e+02	  1,63469e-01	  1,84911e-01
380	  7,5800000000e+02	  1,71010e-01	  1,79568e-01
381	  7,6000000000e+02	  1,77143e-01	  1,74610e-01
382	  7,6200000000e+02	  1,80617e-01	  1,72540e-01
383	  7,6400000000e+02	  1,81625e-01	  1,71760e-01
384	  7,6600000000e+02	  1,81456e-01	  1,69584e-01
385	  7,6800000000e+02	  1,87107e-01	  1,62906e-01
386	  7,7000000000e+02	  1,92020e-01	  1,56752e-01
387	  7,7200000000e+02	  1,96474e-01	  1,53840e-01
388	  7,7400000000e+02	  1,96590e-01	  1,49584e-01
389	  7,7600000000e+02	  1,98133e-01	  1,48870e-01
390	  7,7800000000e+02	  2,02675e-01	  1,44545e-01
391	  7,8000000000e+02	  2,07544e-01	  1,39135e-01
392	  7,8200000000e+02	  2,06586e-01	  1,33210e-01
393	  7,8400000000e+02	  2,07938e-01	  1,29774e-01
394	  7,8600000000e+02	  2,09377e-01	  1,25264e-01
395	  7,8800000000e+02	  2,08900e-01	  1,20824e-01
396	  7,9000000000e+02	  2,10463e-01	  1,16974e-01
397	  7,9200000000e+02	  2,12792e-01	  1,12116e-01
398	  7,9400000000e+02	  2,16937e-01	  1,10197e-01
399	  7,9600000000e+02	  2,18406e-01	  1,07262e-01
400	  7,9800000000e+02	  2,16457e-01	  1,04013e-01
401	  8,0000000000e+02	  2,17713e-01	  9,96966e-02
402	  8,0200000000e+02	  2,19922e-01	  9,58452e-02
403	  8,0400000000e+02	  2,19498e-01	  9,25074e-02
404	  8,0600000000e+02	  2,19586e-01	  8,88576e-02
405	  8,0800000000e+02	  2,20852e-01	  8,61978e-02
406	  8,1000000000e+02	  2,21919e-01	  8,24463e-02
407	  8,1200000000e+02	  2,25677e-01	  8,07777e-02
408	  8,1400000000e+02	  2,27481e-01	  7,95808e-02
409	  8,1600000000e+02	  2,22771e-01	  7,24616e-02
410	  8,1800000000e+02	  2,25339e-01	  6,93459e-02
411	  8,2000000000e+02	  2,29666e-01	  7,06874e-02
412	  8,2200000000e+02	  2,26992e-01	  6,53284e-02
413	  8,2400000000e+02	  2,26587e-01	  6,23837e-02
414	  8,2600000000e+02	  2,31167e-01	  6,24062e-02
415	  8,2800000000e+02	  2,32914e-01	  5,77327e-02
416	  8,3000000000e+02	  2,34526e-01	  5,59745e-02
417	  8,3200000000e+02	  2,35562e-01	  5,37188e-02
418	  8,3400000000e+02	  2,38183e-01	  5,03860e-02
419	  8,3600000000e+02	  2,39806e-01	  4,39191e-02
420	  8,3800000000e+02	  2,40387e-01	  3,43429e-02
421	  8,4000000000e+02	  2,39368e-01	  2,95048e-02
422	  8,4200000000e+02	  2,39574e-01	  2,50492e-02
423	  8,4400000000e+02	  2,43089e-01	  2,47689e-02
424	  8,4600000000e+02	  2,44795e-01	  2,16133e-02
425	  8,4800000000e+02	  2,40858e-01	  1,37260e-02
426	  8,5000000000e+02	  2,42144e-01	  1,00075e-02
427	  8,5200000000e+02	  2,42714e-01	  6,17062e-03
428	  8,5400000000e+02	  2,41592e-01	  2,46654e-03
429	  8,5600000000e+02	  2,43668e-01	 -1,58468e-03
430	  8,5800000000e+02	  2,45681e-01	 -3,98089e-03
431	  8,6000000000e+02	  2,43902e-01	 -9,00353e-03
432	  8,6200000000e+02	  2,42680e-01	 -1,16197e-02
433	  8,6400000000e+02	  2,43084e-01	 -1,63734e-02
434	  8,6600000000e+02	  2,42116e-01	 -2,15161e-02
435	  8,6800000000e+02	  2,42378e-01	 -2,89647e-02
436	  8,7000000000e+02	  2,43669e-01	 -3,43174e-02
437	  8,7200000000e+02	  2,43279e-01	 -3,64268e-02
438	  8,7400000000e+02	  2,40039e-01	 -3,64716e-02
439	  8,7600000000e+02	  2,36309e-01	 -4,24282e-02
440	  8,7800000000e+02	  2,38195e-01	 -4,27613e-02
441	  8,8000000000e+02	  2,36326e-01	 -4,63056e-02
442	  8,8200000000e+02	  2,33752e-01	 -5,27391e-02
443	  8,8400000000e+02	  2,29753e-01	 -5,65583e-02
444	  8,8600000000e+02	  2,28237e-01	 -6,02939e-02
445	  8,8800000000e+02	  2,31039e-01	 -6,18804e-02
446	  8,9000000000e+02	  2,27996e-01	 -6,48044e-02
447	  8,9200000000e+02	  2,27392e-01	 -6,85765e-02
448	  8,9400000000e+02	  2,26898e-01	 -7,09347e-02
449	  8,9600000000e+02	  2,26071e-01	 -7,32687e-02
450	  8,9800000000e+02	  2,24775e-01	 -7,74814e-02
451	  9,0000000000e+02	  2,24332e-01	 -8,03493e-02
452	  9,0200000000e+02	  2,23052e-01	 -8,26137e-02
453	  9,0400000000e+02	  2,24711e-01	 -8,67637e-02
454	  9,0600000000e+02	  2,24243e-01	 -9,06234e-02
455	  9,0800000000e+02	  2,23029e-01	 -9,46963e-02
456	  9,1000000000e+02	  2,21919e-01	 -9,79871e-02
457	  9,1200000000e+02	  2,21016e-01	 -1,01989e-01
458	  9,1400000000e+02	  2,21477e-01	 -1,06043e-01
459	  9,1600000000e+02	  2,18620e-01	 -1,12521e-01
460	  9,1800000000e+02	  2,16094e-01	 -1,18385e-01
461	  9,2000000000e+02	  2,12419e-01	 -1,19970e-01
462	  9,2200000000e+02	  2,09963e-01	 -1,25138e-01
463	  9,2400000000e+02	  2,07497e-01	 -1,29380e-01
464	  9,2600000000e+02	  2,08109e-01	 -1,31644e-01
465	  9,2800000000e+02	  2,05520e-01	 -1,32843e-01
466	  9,3000000000e+02	  1,99880e-01	 -1,36690e-01
467	  9,3200000000e+02	  1,97598e-01	 -1,41078e-01
468	  9,3400000000e+02	  1,94409e-01	 -1,43155e-01
469	  9,3600000000e+02	  1,92037e-01	 -1,44329e-01
470	  9,3800000000e+02	  1,91910e-01	 -1,48748e-01
471	  9,4000000000e+02	  1,89810e-01	 -1,54997e-01
472	  9,4200000000e+02	  1,86411e-01	 -1,59060e-01
473	  9,4400000000e+02	  1,80352e-01	 -1,62156e-01
474	  9,4600000000e+02	  1,75737e-01	 -1,64088e-01
475	  9,4800000000e+02	  1,74894e-01	 -1,66649e-01
476	  9,5000000000e+02	  1,72542e-01	 -1,68077e-01
477	  9,5200000000e+02	  1,69746e-01	 -1,71333e-01
478	  9,5400000000e+02	  1,70075e-01	 -1,71201e-01
479	  9,5600000000e+02	  1,63020e-01	 -1,74016e-01
480	  9,5800000000e+02	  1,58908e-01	 -1,77605e-01
481	  9,6000000000e+02	  1,55029e-01	 -1,79275e-01
482	  9,6200000000e+02	  1,52040e-01	 -1,80812e-01
483	  9,6400000000e+02	  1,48758e-01	 -1,83881e-01
484	  9,6600000000e+02	  1,46886e-01	 -1,84752e-01
485	  9,6800000000e+02	  1,45801e-01	 -1,84944e-01
486	  9,7000000000e+02	  1,43295e-01	 -1,86290e-01
487	  9,7200000000e+02	  1,38983e-01	 -1,85763e-01
488	  9,7400000000e+02	  1,33360e-01	 -1,87549e-01
489	  9,7600000000e+02	  1,32420e-01	 -1,87815e-01
490	  9,7800000000e+02	  1,31849e-01	 -1,88791e-01
491	  9,8000000000e+02	  1,30185e-01	 -1,89672e-01
492	  9,8200000000e+02	  1,26764e-01	 -1,91751e-01
493	  9,8400000000e+02	  1,24042e-01	 -1,94534e-01
494	  9,8600000000e+02	  1,22067e-01	 -1,97434e-01
495	  9,8800000000e+02	  1,20570e-01	 -1,99889e-01
496	  9,9000000000e+02	  1,21795e-01	 -2,01381e-01
497	  9,9200000000e+02	  1,18419e-01	 -2,01672e-01
498	  9,9400000000e+02	  1,15812e-01	 -2,08203e-01
499	  9,9600000000e+02	  1,10904e-01	 -2,13239e-01
500	  9,9800000000e+02	  1,07210e-01	 -2,14941e-01
501	  1,0000000000e+03	  1,04279e-01	 -2,15867e-01
502	  1,0020000000e+03	  1,03195e-01	 -2,17094e-01
503	  1,0040000000e+03	  1,00396e-01	 -2,19864e-01
504	  1,0060000000e+03	  9,80813e-02	 -2,22865e-01
505	  1,0080000000e+03	  9,52704e-02	 -2,25498e-01
506	  1,0100000000e+03	  8,96637e-02	 -2,28207e-01
507	  1,0120000000e+03	  8,57515e-02	 -2,30012e-01
508	  1,0140000000e+03	  7,91436e-02	 -2,30847e-01
509	  1,0160000000e+03	  7,54674e-02	 -2,33288e-01
510	  1,0180000000e+03	  7,10223e-02	 -2,33065e-01
511	  1,0200000000e+03	  6,57147e-02	 -2,36520e-01
512	  1,0220000000e+03	  6,00420e-02	 -2,37843e-01
513	  1,0240000000e+03	  5,41673e-02	 -2,39253e-01
514	  1,0260000000e+03	  5,10220e-02	 -2,40642e-01
515	  1,0280000000e+03	  4,85447e-02	 -2,38209e-01
516	  1,0300000000e+03	  3,82928e-02	 -2,38141e-01
517	  1,0320000000e+03	  3,28271e-02	 -2,38970e-01
518	  1,0340000000e+03	  3,19192e-02	 -2,39064e-01
519	  1,0360000000e+03	  2,80556e-02	 -2,36213e-01
520	  1,0380000000e+03	  2,52592e-02	 -2,33830e-01
521	  1,0400000000e+03	  1,93306e-02	 -2,33877e-01
522	  1,0420000000e+03	  1,41883e-02	 -2,34397e-01
523	  1,0440000000e+03	  1,11432e-02	 -2,35803e-01
524	  1,0460000000e+03	  9,07053e-03	 -2,32377e-01
525	  1,0480000000e+03	  4,69161e-03	 -2,31225e-01
526	  1,0500000000e+03	  1,49277e-04	 -2,29098e-01
527	  1,0520000000e+03	 -3,68871e-03	 -2,28104e-01
528	  1,0540000000e+03	 -5,15905e-03	 -2,26404e-01
529	  1,0560000000e+03	 -7,69481e-03	 -2,25841e-01
530	  1,0580000000e+03	 -9,87685e-03	 -2,26300e-01
531	  1,0600000000e+03	 -1,25257e-02	 -2,24768e-01
532	  1,0620000000e+03	 -1,81762e-02	 -2,21415e-01
533	  1,0640000000e+03	 -2,14054e-02	 -2,19181e-01
534	  1,0660000000e+03	 -1,91063e-02	 -2,20966e-01
535	  1,0680000000e+03	 -2,06508e-02	 -2,21045e-01
536	  1,0700000000e+03	 -2,36099e-02	 -2,19126e-01
537	  1,0720000000e+03	 -2,40327e-02	 -2,19563e-01
538	  1,0740000000e+03	 -2,53218e-02	 -2,22030e-01
539	  1,0760000000e+03	 -2,63891e-02	 -2,21702e-01
540	  1,0780000000e+03	 -2,95021e-02	 -2,19615e-01
541	  1,0800000000e+03	 -3,16141e-02	 -2,19667e-01
542	  1,0820000000e+03	 -3,38045e-02	 -2,20948e-01
543	  1,0840000000e+03	 -3,83151e-02	 -2,20438e-01
544	  1,0860000000e+03	 -4,16316e-02	 -2,22888e-01
545	  1,0880000000e+03	 -4,31908e-02	 -2,24652e-01
546	  1,0900000000e+03	 -4,46387e-02	 -2,21403e-01
547	  1,0920000000e+03	 -5,00622e-02	 -2,20565e-01
548	  1,0940000000e+03	 -5,68563e-02	 -2,20193e-01
549	  1,0960000000e+03	 -5,94902e-02	 -2,20132e-01
550	  1,0980000000e+03	 -6,20265e-02	 -2,18024e-01
551	  1,1000000000e+03	 -6,52239e-02	 -2,15283e-01
552	  1,1020000000e+03	 -6,86156e-02	 -2,16377e-01
553	  1,1040000000e+03	 -7,19702e-02	 -2,16609e-01
554	  1,1060000000e+03	 -7,49398e-02	 -2,16270e-01
555	  1,1080000000e+03	 -7,60590e-02	 -2,11964e-01
556	  1,1100000000e+03	 -8,05233e-02	 -2,07168e-01
557	  1,1120000000e+03	 -8,57095e-02	 -2,04872e-01
558	  1,1140000000e+03	 -8,53476e-02	 -2,06070e-01
559	  1,1160000000e+03	 -8,72423e-02	 -2,05462e-01
560	  1,1180000000e+03	 -9,06341e-02	 -2,02257e-01
561	  1,1200000000e+03	 -8,77489e-02	 -2,02642e-01
562	  1,1220000000e+03	 -8,91250e-02	 -1,98801e-01
563	  1,1240000000e+03	 -9,06966e-02	 -1,95988e-01
564	  1,1260000000e+03	 -9,07923e-02	 -1,99626e-01
565	  1,1280000000e+03	 -9,10881e-02	 -2,00687e-01
566	  1,1300000000e+03	 -9,44475e-02	 -1,97123e-01
567	  1,1320000000e+03	 -9,64904e-02	 -1,96030e-01
568	  1,1340000000e+03	 -9,94318e-02	 -1,97818e-01
569	  1,1360000000e+03	 -1,00212e-01	 -2,01062e-01
570	  1,1380000000e+03	 -9,88785e-02	 -2,03090e-01
571	  1,1400000000e+03	 -1,00266e-01	 -2,05381e-01
572	  1,1420000000e+03	 -1,06173e-01	 -2,02336e-01
573	  1,1440000000e+03	 -1,07795e-01	 -2,05658e-01
574	  1,1460000000e+03	 -1,09311e-01	 -2,06640e-01
575	  1,1480000000e+03	 -1,11432e-01	 -2,06143e-01
576	  1,1500000000e+03	 -1,14389e-01	 -2,07786e-01
577	  1,1520000000e+03	 -1,21184e-01	 -2,08090e-01
578	  1,1540000000e+03	 -1,23325e-01	 -2,10057e-01
579	  1,1560000000e+03	 -1,29742e-01	 -2,11412e-01
580	  1,1580000000e+03	 -1,33667e-01	 -2,11564e-01
581	  1,1600000000e+03	 -1,37690e-01	 -2,15330e-01
582	  1,1620000000e+03	 -1,42552e-01	 -2,13847e-01
583	  1,1640000000e+03	 -1,49609e-01	 -2,17737e-01
584	  1,1660000000e+03	 -1,59429e-01	 -2,20193e-01
585	  1,1680000000e+03	 -1,66330e-01	 -2,20989e-01
586	  1,1700000000e+03	 -1,72888e-01	 -2,18416e-01
587	  1,1720000000e+03	 -1,82547e-01	 -2,15142e-01
588	  1,1740000000e+03	 -1,90587e-01	 -2,12634e-01
589	  1,1760000000e+03	 -1,99987e-01	 -2,07605e-01
590	  1,1780000000e+03	 -2,07002e-01	 -2,03462e-01
591	  1,1800000000e+03	 -2,14740e-01	 -1,98550e-01
592	  1,1820000000e+03	 -2,18893e-01	 -1,93725e-01
593	  1,1840000000e+03	 -2,23507e-01	 -1,85151e-01
594	  1,1860000000e+03	 -2,31095e-01	 -1,79006e-01
595	  1,1880000000e+03	 -2,33134e-01	 -1,73350e-01
596	  1,1900000000e+03	 -2,36541e-01	 -1,67579e-01
597	  1,1920000000e+03	 -2,39777e-01	 -1,62219e-01
598	  1,1940000000e+03	 -2,42283e-01	 -1,55392e-01
599	  1,1960000000e+03	 -2,44427e-01	 -1,49660e-01
600	  1,1980000000e+03	 -2,50318e-01	 -1,42659e-01
601	  1,2000000000e+03	 -2,52097e-01	 -1,38712e-01
602	  1,2020000000e+03	 -2,51092e-01	 -1,33300e-01
603	  1,2040000000e+03	 -2,53034e-01	 -1,26946e-01
604	  1,2060000000e+03	 -2,56191e-01	 -1,19867e-01
605	  1,2080000000e+03	 -2,58077e-01	 -1,12263e-01
606	  1,2100000000e+03	 -2,59085e-01	 -1,08343e-01
607	  1,2120000000e+03	 -2,57046e-01	 -1,06628e-01
608	  1,2140000000e+03	 -2,57435e-01	 -9,99782e-02
609	  1,2160000000e+03	 -2,57144e-01	 -9,08167e-02
610	  1,2180000000e+03	 -2,55759e-01	 -8,70004e-02
611	  1,2200000000e+03	 -2,57466e-01	 -8,61164e-02
612	  1,2220000000e+03	 -2,57906e-01	 -8,43766e-02
613	  1,2240000000e+03	 -2,56568e-01	 -8,38582e-02
614	  1,2260000000e+03	 -2,57219e-01	 -7,84871e-02
615	  1,2280000000e+03	 -2,60169e-01	 -7,47838e-02
616	  1,2300000000e+03	 -2,61909e-01	 -7,24850e-02
617	  1,2320000000e+03	 -2,63982e-01	 -6,81748e-02
618	  1,2340000000e+03	 -2,66149e-01	 -6,43223e-02
619	  1,2360000000e+03	 -2,67455e-01	 -6,30291e-02
620	  1,2380000000e+03	 -2,69233e-01	 -5,95985e-02
621	  1,2400000000e+03	 -2,67864e-01	 -5,50595e-02
622	  1,2420000000e+03	 -2,73413e-01	 -5,24766e-02
623	  1,2440000000e+03	 -2,76475e-01	 -4,40895e-02
624	  1,2460000000e+03	 -2,75650e-01	 -3,88934e-02
625	  1,2480000000e+03	 -2,78489e-01	 -3,48622e-02
626	  1,2500000000e+03	 -2,82239e-01	 -3,04511e-02
627	  1,2520000000e+03	 -2,81439e-01	 -2,56703e-02
628	  1,2540000000e+03	 -2,82478e-01	 -2,27513e-02
629	  1,2560000000e+03	 -2,83712e-01	 -1,56396e-02
630	  1,2580000000e+03	 -2,83428e-01	 -7,34811e-03
631	  1,2600000000e+03	 -2,85044e-01	 -4,13335e-04
632	  1,2620000000e+03	 -2,83616e-01	  4,63141e-03
633	  1,2640000000e+03	 -2,83200e-01	  1,13856e-02
634	  1,2660000000e+03	 -2,84563e-01	  1,69219e-02
635	  1,2680000000e+03	 -2,82993e-01	  2,19887e-02
636	  1,2700000000e+03	 -2,81502e-01	  2,61484e-02
637	  1,2720000000e+03	 -2,80687e-01	  3,25814e-02
638	  1,2740000000e+03	 -2,80449e-01	  4,06486e-02
639	  1,2760000000e+03	 -2,80561e-01	  4,29125e-02
640	  1,2780000000e+03	 -2,78287e-01	  4,69889e-02
641	  1,2800000000e+03	 -2,76728e-01	  5,25819e-02
642	  1,2820000000e+03	 -2,76564e-01	  5,72595e-02
643	  1,2840000000e+03	 -2,73049e-01	  6,29435e-02
644	  1,2860000000e+03	 -2,71014e-01	  6,55001e-02
645	  1,2880000000e+03	 -2,68978e-01	  6,88418e-02
646	  1,2900000000e+03	 -2,65635e-01	  7,46619e-02
647	  1,2920000000e+03	 -2,61441e-01	  7,97957e-02
648	  1,2940000000e+03	 -2,58461e-01	  8,44747e-02
649	  1,2960000000e+03	 -2,55899e-01	  8,64268e-02
650	  1,2980000000e+03	 -2,55022e-01	  8,94644e-02
651	  1,3000000000e+03	 -2,53001e-01	  9,84251e-02
652	  1,3020000000e+03	 -2,50505e-01	  1,01023e-01
653	  1,3040000000e+03	 -2,46062e-01	  9,98532e-02
654	  1,3060000000e+03	 -2,44671e-01	  1,02133e-01
655	  1,3080000000e+03	 -2,45950e-01	  1,07501e-01
656	  1,3100000000e+03	 -2,42292e-01	  1,10549e-01
657	  1,3120000000e+03	 -2,38107e-01	  1,13490e-01
658	  1,3140000000e+03	 -2,36901e-01	  1,15408e-01
659	  1,3160000000e+03	 -2,34835e-01	  1,16588e-01
660	  1,3180000000e+03	 -2,34158e-01	  1,19175e-01
661	  1,3200000000e+03	 -2,32451e-01	  1,22926e-01
662	  1,3220000000e+03	 -2,29054e-01	  1,28110e-01
663	  1,3240000000e+03	 -2,26182e-01	  1,30836e-01
664	  1,3260000000e+03	 -2,26882e-01	  1,33088e-01
665	  1,3280000000e+03	 -2,24578e-01	  1,35161e-01
666	  1,3300000000e+03	 -2,23404e-01	  1,36519e-01
667	  1,3320000000e+03	 -2,24283e-01	  1,35528e-01
668	  1,3340000000e+03	 -2,22149e-01	  1,38932e-01
669	  1,3360000000e+03	 -2,21632e-01	  1,43456e-01
670	  1,3380000000e+03	 -2,22681e-01	  1,44232e-01
671	  1,3400000000e+03	 -2,20073e-01	  1,48049e-01
672	  1,3420000000e+03	 -2,18046e-01	  1,53633e-01
673	  1,3440000000e+03	 -2,17907e-01	  1,60640e-01
674	  1,3460000000e+03	 -2,18402e-01	  1,65267e-01
675	  1,3480000000e+03	 -2,17104e-01	  1,70352e-01
676	  1,3500000000e+03	 -2,13551e-01	  1,75675e-01
677	  1,3520000000e+03	 -2,07526e-01	  1,78780e-01
678	  1,3540000000e+03	 -2,04764e-01	  1,82154e-01
679	  1,3560000000e+03	 -2,05988e-01	  1,87420e-01
680	  1,3580000000e+03	 -2,03913e-01	  1,88519e-01
681	  1,3600000000e+03	 -2,02134e-01	  1,93219e-01
682	  1,3620000000e+03	 -1,96681e-01	  1,95943e-01
683	  1,3640000000e+03	 -1,90971e-01	  1,98386e-01
684	  1,3660000000e+03	 -1,89800e-01	  2,01162e-01
685	  1,3680000000e+03	 -1,88189e-01	  2,04937e-01
686	  1,3700000000e+03	 -1,85187e-01	  2,11345e-01
687	  1,3720000000e+03	 -1,79621e-01	  2,13988e-01
688	  1,3740000000e+03	 -1,72601e-01	  2,16592e-01
689	  1,3760000000e+03	 -1,71789e-01	  2,21244e-01
690	  1,3780000000e+03	 -1,69768e-01	  2,25473e-01
691	  1,3800000000e+03	 -1,63397e-01	  2,29933e-01
692	  1,3820000000e+03	 -1,59613e-01	  2,33876e-01
693	  1,3840000000e+03	 -1,54742e-01	  2,33019e-01
694	  1,3860000000e+03	 -1,51953e-01	  2,33966e-01
695	  1,3880000000e+03	 -1,49761e-01	  2,39752e-01
696	  1,3900000000e+03	 -1,45038e-01	  2,41568e-01
697	  1,3920000000e+03	 -1,40636e-01	  2,42325e-01
698	  1,3940000000e+03	 -1,37304e-01	  2,46482e-01
699	  1,3960000000e+03	 -1,32249e-01	  2,50605e-01
700	  1,3980000000e+03	 -1,28501e-01	  2,49746e-01
701	  1,4000000000e+03	 -1,21790e-01	  2,49755e-01
702	  1,4020000000e+03	 -1,17879e-01	  2,50756e-01
703	  1,4040000000e+03	 -1,13307e-01	  2,51496e-01
704	  1,4060000000e+03	 -1,10378e-01	  2,54843e-01
705	  1,4080000000e+03	 -1,07913e-01	  2,55477e-01
706	  1,4100000000e+03	 -1,04859e-01	  2,57023e-01
707	  1,4120000000e+03	 -1,00301e-01	  2,56483e-01
708	  1,4140000000e+03	 -9,46355e-02	  2,58032e-01
709	  1,4160000000e+03	 -9,22969e-02	  2,58589e-01
710	  1,4180000000e+03	 -9,12846e-02	  2,60550e-01
711	  1,4200000000e+03	 -8,93527e-02	  2,59998e-01
712	  1,4220000000e+03	 -8,40773e-02	  2,63658e-01
713	  1,4240000000e+03	 -7,77306e-02	  2,67158e-01
714	  1,4260000000e+03	 -7,69767e-02	  2,65899e-01
715	  1,4280000000e+03	 -7,07215e-02	  2,69873e-01
716	  1,4300000000e+03	 -6,50541e-02	  2,72626e-01
717	  1,4320000000e+03	 -6,38505e-02	  2,75271e-01
718	  1,4340000000e+03	 -6,15361e-02	  2,79253e-01
719	  1,4360000000e+03	 -5,44791e-02	  2,79597e-01
720	  1,4380000000e+03	 -5,13861e-02	  2,78132e-01
721	  1,4400000000e+03	 -4,72973e-02	  2,77696e-01
722	  1,4420000000e+03	 -3,92530e-02	  2,79711e-01
723	  1,4440000000e+03	 -3,28882e-02	  2,80237e-01
724	  1,4460000000e+03	 -2,90729e-02	  2,81711e-01
725	  1,4480000000e+03	 -2,63167e-02	  2,81597e-01
726	  1,4500000000e+03	 -2,02577e-02	  2,83364e-01
727	  1,4520000000e+03	 -1,39498e-02	  2,82269e-01
728	  1,4540000000e+03	 -9,92595e-03	  2,82036e-01
729	  1,4560000000e+03	 -8,82767e-03	  2,83820e-01
730	  1,4580000000e+03	 -4,43000e-03	  2,82269e-01
731	  1,4600000000e+03	  1,92284e-03	  2,83672e-01
732	  1,4620000000e+03	  5,88497e-03	  2,83117e-01
733	  1,4640000000e+03	  9,36035e-03	  2,84421e-01
734	  1,4660000000e+03	  1,44875e-02	  2,85978e-01
735	  1,4680000000e+03	  2,12562e-02	  2,82032e-01
736	  1,4700000000e+03	  2,65542e-02	  2,80711e-01
737	  1,4720000000e+03	  2,89146e-02	  2,79828e-01
738	  1,4740000000e+03	  3,50853e-02	  2,78535e-01
739	  1,4760000000e+03	  4,01932e-02	  2,80287e-01
740	  1,4780000000e+03	  4,19706e-02	  2,80603e-01
741	  1,4800000000e+03	  4,48082e-02	  2,81986e-01
742	  1,4820000000e+03	  4,94139e-02	  2,79437e-01
743	  1,4840000000e+03	  5,30967e-02	  2,79552e-01
744	  1,4860000000e+03	  5,65322e-02	  2,77448e-01
745	  1,4880000000e+03	  6,18089e-02	  2,75287e-01
746	  1,4900000000e+03	  6,65800e-02	  2,74906e-01
747	  1,4920000000e+03	  7,09984e-02	  2,73051e-01
748	  1,4940000000e+03	  7,34228e-02	  2,72604e-01
749	  1,4960000000e+03	  7,52769e-02	  2,71597e-01
750	  1,4980000000e+03	  8,10599e-02	  2,70926e-01
751	  1,5000000000e+03	  8,46705e-02	  2,70154e-01
752	  1,5020000000e+03	  8,95283e-02	  2,69616e-01
753	  1,5040000000e+03	  9,49835e-02	  2,68852e-01
754	  1,5060000000e+03	  1,02104e-01	  2,66834e-01
755	  1,5080000000e+03	  1,04747e-01	  2,65983e-01
756	  1,5100000000e+03	  1,07603e-01	  2,65132e-01
757	  1,5120000000e+03	  1,12031e-01	  2,65635e-01
758	  1,5140000000e+03	  1,16154e-01	  2,63931e-01
759	  1,5160000000e+03	  1,20693e-01	  2,61740e-01
760	  1,5180000000e+03	  1,24433e-01	  2,60620e-01
761	  1,5200000000e+03	  1,27573e-01	  2,62238e-01
762	  1,5220000000e+03	  1,34215e-01	  2,60928e-01
763	  1,5240000000e+03	  1,37995e-01	  2,59553e-01
764	  1,5260000000e+03	  1,41539e-01	  2,59330e-01
765	  1,5280000000e+03	  1,47379e-01	  2,54791e-01
766	  1,5300000000e+03	  1,56550e-01	  2,50880e-01
767	  1,5320000000e+03	  1,60999e-01	  2,49785e-01
768	  1,5340000000e+03	  1,67422e-01	  2,46038e-01
769	  1,5360000000e+03	  1,70232e-01	  2,43536e-01
770	  1,5380000000e+03	  1,72439e-01	  2,40702e-01
771	  1,5400000000e+03	  1,75556e-01	  2,36633e-01
772	  1,5420000000e+03	  1,79960e-01	  2,32710e-01
773	  1,5440000000e+03	  1,85615e-01	  2,28875e-01
774	  1,5460000000e+03	  1,90323e-01	  2,25465e-01
775	  1,5480000000e+03	  1,95377e-01	  2,19406e-01
776	  1,5500000000e+03	  1,96453e-01	  2,17309e-01
777	  1,5520000000e+03	  1,99546e-01	  2,13292e-01
778	  1,5540000000e+03	  2,04689e-01	  2,08579e-01
779	  1,5560000000e+03	  2,05550e-01	  2,05463e-01
780	  1,5580000000e+03	  2,08742e-01	  2,03859e-01
781	  1,5600000000e+03	  2,10442e-01	  1,98461e-01
782	  1,5620000000e+03	  2,11360e-01	  1,93536e-01
783	  1,5640000000e+03	  2,13691e-01	  1,90533e-01
784	  1,5660000000e+03	  2,15483e-01	  1,88486e-01
785	  1,5680000000e+03	  2,16208e-01	  1,86263e-01
786	  1,5700000000e+03	  2,17741e-01	  1,84153e-01
787	  1,5720000000e+03	  2,19704e-01	  1,78551e-01
788	  1,5740000000e+03	  2,22224e-01	  1,72955e-01
789	  1,5760000000e+03	  2,28840e-01	  1,71716e-01
790	  1,5780000000e+03	  2,31911e-01	  1,71226e-01
791	  1,5800000000e+03	  2,31329e-01	  1,72406e-01
792	  1,5820000000e+03	  2,32658e-01	  1,69214e-01
793	  1,5840000000e+03	  2,37239e-01	  1,65964e-01
794	  1,5860000000e+03	  2,42196e-01	  1,60088e-01
795	  1,5880000000e+03	  2,43250e-01	  1,55947e-01
796	  1,5900000000e+03	  2,43505e-01	  1,54294e-01
797	  1,5920000000e+03	  2,44904e-01	  1,54726e-01
798	  1,5940000000e+03	  2,49289e-01	  1,53031e-01
799	  1,5960000000e+03	  2,52576e-01	  1,50712e-01
800	  1,5980000000e+03	  2,55233e-01	  1,48451e-01
801	  1,6000000000e+03	  2,59445e-01	  1,46058e-01
802	  1,6020000000e+03	  2,64881e-01	  1,43802e-01
803	  1,6040000000e+03	  2,69357e-01	  1,37024e-01
804	  1,6060000000e+03	  2,72512e-01	  1,31159e-01
805	  1,6080000000e+03	  2,74778e-01	  1,28208e-01
806	  1,6100000000e+03	  2,78893e-01	  1,26733e-01
807	  1,6120000000e+03	  2,84440e-01	  1,24119e-01
808	  1,6140000000e+03	  2,88999e-01	  1,16055e-01
809	  1,6160000000e+03	  2,93068e-01	  1,10428e-01
810	  1,6180000000e+03	  2,96152e-01	  1,05203e-01
811	  1,6200000000e+03	  2,99750e-01	  1,00264e-01
812	  1,6220000000e+03	  3,00384e-01	  9,61490e-02
813	  1,6240000000e+03	  3,00690e-01	  8,77911e-02
814	  1,6260000000e+03	  3,07795e-01	  8,20887e-02
815	  1,6280000000e+03	  3,10506e-01	  7,66744e-02
816	  1,6300000000e+03	  3,11445e-01	  6,93430e-02
817	  1,6320000000e+03	  3,13320e-01	  6,24183e-02
818	  1,6340000000e+03	  3,14307e-01	  5,64630e-02
819	  1,6360000000e+03	  3,11595e-01	  5,06634e-02
820	  1,6380000000e+03	  3,10277e-01	  4,25986e-02
821	  1,6400000000e+03	  3,10757e-01	  3,55117e-02
822	  1,6420000000e+03	  3,12604e-01	  3,04950e-02
823	  1,6440000000e+03	  3,12383e-01	  2,72494e-02
824	  1,6460000000e+03	  3,09452e-01	  2,21904e-02
825	  1,6480000000e+03	  3,08653e-01	  1,28165e-02
826	  1,6500000000e+03	  3,08856e-01	  6,51291e-03
827	  1,6520000000e+03	  3,06213e-01	  6,08077e-04
828	  1,6540000000e+03	  3,05422e-01	 -1,45808e-03
829	  1,6560000000e+03	  3,01689e-01	 -5,60883e-03
830	  1,6580000000e+03	  3,00361e-01	 -8,03616e-03
831	  1,6600000000e+03	  3,03194e-01	 -1,53280e-02
832	  1,6620000000e+03	  3,03335e-01	 -2,07226e-02
833	  1,6640000000e+03	  3,01917e-01	 -2,24895e-02
834	  1,6660000000e+03	  3,03535e-01	 -2,77601e-02
835	  1,6680000000e+03	  3,02557e-01	 -3,30372e-02
836	  1,6700000000e+03	  3,02586e-01	 -3,31202e-02
837	  1,6720000000e+03	  3,00343e-01	 -3,63687e-02
838	  1,6740000000e+03	  2,97758e-01	 -4,06420e-02
839	  1,6760000000e+03	  2,98391e-01	 -4,49970e-02
840	  1,6780000000e+03	  2,98198e-01	 -4,90897e-02
841	  1,6800000000e+03	  2,99790e-01	 -5,12347e-02
842	  1,6820000000e+03	  2,98406e-01	 -5,63379e-02
843	  1,6840000000e+03	  2,97531e-01	 -6,23791e-02
844	  1,6860000000e+03	  2,97889e-01	 -6,71418e-02
845	  1,6880000000e+03	  3,00143e-01	 -7,10471e-02
846	  1,6900000000e+03	  2,99145e-01	 -7,61866e-02
847	  1,6920000000e+03	  2,99209e-01	 -7,70091e-02
848	  1,6940000000e+03	  2,99422e-01	 -8,17336e-02
849	  1,6960000000e+03	  2,98015e-01	 -9,00651e-02
850	  1,6980000000e+03	  2,98884e-01	 -9,89379e-02
851	  1,7000000000e+03	  2,95460e-01	 -1,01825e-01
852	  1,7020000000e+03	  2,95725e-01	 -1,05668e-01
853	  1,7040000000e+03	  2,96141e-01	 -1,12895e-01
854	  1,7060000000e+03	  2,93743e-01	 -1,18848e-01
855	  1,7080000000e+03	  2,92832e-01	 -1,24832e-01
856	  1,7100000000e+03	  2,86756e-01	 -1,30624e-01
857	  1,7120000000e+03	  2,83523e-01	 -1,35021e-01
858	  1,7140000000e+03	  2,83716e-01	 -1,42280e-01
859	  1,7160000000e+03	  2,83773e-01	 -1,45185e-01
860	  1,7180000000e+03	  2,80261e-01	 -1,46424e-01
861	  1,7200000000e+03	  2,75242e-01	 -1,52007e-01
862	  1,7220000000e+03	  2,75093e-01	 -1,57868e-01
863	  1,7240000000e+03	  2,71097e-01	 -1,64629e-01
864	  1,7260000000e+03	  2,70688e-01	 -1,67969e-01
865	  1,7280000000e+03	  2,68735e-01	 -1,70192e-01
866	  1,7300000000e+03	  2,63619e-01	 -1,73412e-01
867	  1,7320000000e+03	  2,62234e-01	 -1,78349e-01
868	  1,7340000000e+03	  2,59101e-01	 -1,82058e-01
869	  1,7360000000e+03	  2,54620e-01	 -1,86494e-01
870	  1,7380000000e+03	  2,52673e-01	 -1,92691e-01
871	  1,7400000000e+03	  2,52432e-01	 -1,95181e-01
872	  1,7420000000e+03	  2,51734e-01	 -1,98949e-01
873	  1,7440000000e+03	  2,49175e-01	 -2,03050e-01
874	  1,7460000000e+03	  2,45237e-01	 -2,08064e-01
875	  1,7480000000e+03	  2,41076e-01	 -2,09812e-01
876	  1,7500000000e+03	  2,39869e-01	 -2,15387e-01
877	  1,7520000000e+03	  2,34639e-01	 -2,21307e-01
878	  1,7540000000e+03	  2,33058e-01	 -2,25748e-01
879	  1,7560000000e+03	  2,34048e-01	 -2,32099e-01
880	  1,7580000000e+03	  2,27805e-01	 -2,36360e-01
881	  1,7600000000e+03	  2,25071e-01	 -2,39632e-01
882	  1,7620000000e+03	  2,21289e-01	 -2,44036e-01
883	  1,7640000000e+03	  2,17773e-01	 -2,47879e-01
884	  1,7660000000e+03	  2,10849e-01	 -2,54130e-01
885	  1,7680000000e+03	  2,06667e-01	 -2,58166e-01
886	  1,7700000000e+03	  2,06550e-01	 -2,61594e-01
887	  1,7720000000e+03	  2,03102e-01	 -2,65657e-01
888	  1,7740000000e+03	  1,96120e-01	 -2,71045e-01
889	  1,7760000000e+03	  1,90520e-01	 -2,77607e-01
890	  1,7780000000e+03	  1,81652e-01	 -2,81783e-01
891	  1,7800000000e+03	  1,79328e-01	 -2,82931e-01
892	  1,7820000000e+03	  1,75240e-01	 -2,85502e-01
893	  1,7840000000e+03	  1,66944e-01	 -2,89244e-01
894	  1,7860000000e+03	  1,61881e-01	 -2,93507e-01
895	  1,7880000000e+03	  1,57648e-01	 -2,97808e-01
896	  1,7900000000e+03	  1,50061e-01	 -2,98532e-01
897	  1,7920000000e+03	  1,44835e-01	 -2,99378e-01
898	  1,7940000000e+03	  1,42111e-01	 -3,00635e-01
899	  1,7960000000e+03	  1,32834e-01	 -3,02717e-01
900	  1,7980000000e+03	  1,27985e-01	 -3,05484e-01
901	  1,8000000000e+03	  1,21900e-01	 -3,09710e-01
902	  1,8020000000e+03	  1,18575e-01	 -3,11551e-01
903	  1,8040000000e+03	  1,15691e-01	 -3,12916e-01
904	  1,8060000000e+03	  1,08827e-01	 -3,17455e-01
905	  1,8080000000e+03	  1,02353e-01	 -3,17165e-01
906	  1,8100000000e+03	  9,63929e-02	 -3,16850e-01
907	  1,8120000000e+03	  9,19217e-02	 -3,19347e-01
908	  1,8140000000e+03	  8,69945e-02	 -3,23865e-01
909	  1,8160000000e+03	  8,10656e-02	 -3,23137e-01
910	  1,8180000000e+03	  7,68416e-02	 -3,22194e-01
911	  1,8200000000e+03	  7,20664e-02	 -3,24750e-01
912	  1,8220000000e+03	  6,24559e-02	 -3,26683e-01
913	  1,8240000000e+03	  5,80748e-02	 -3,26670e-01
914	  1,8260000000e+03	  5,37721e-02	 -3,26576e-01
915	  1,8280000000e+03	  4,75245e-02	 -3,26920e-01
916	  1,8300000000e+03	  4,13334e-02	 -3,28101e-01
917	  1,8320000000e+03	  3,72094e-02	 -3,29004e-01
918	  1,8340000000e+03	  3,65933e-02	 -3,28548e-01
919	  1,8360000000e+03	  2,89472e-02	 -3,26533e-01
920	  1,8380000000e+03	  2,29100e-02	 -3,28068e-01
921	  1,8400000000e+03	  1,70230e-02	 -3,27980e-01
922	  1,8420000000e+03	  1,29107e-02	 -3,25388e-01
923	  1,8440000000e+03	  8,69375e-03	 -3,27781e-01
924	  1,8460000000e+03	  4,16629e-03	 -3,29597e-01
925	  1,8480000000e+03	 -2,38201e-05	 -3,26713e-01
926	  1,8500000000e+03	 -6,47659e-03	 -3,26342e-01
927	  1,8520000000e+03	 -1,15554e-02	 -3,27884e-01
928	  1,8540000000e+03	 -1,46447e-02	 -3,31302e-01
929	  1,8560000000e+03	 -1,87662e-02	 -3,30147e-01
930	  1,8580000000e+03	 -2,36894e-02	 -3,28375e-01
931	  1,8600000000e+03	 -2,89367e-02	 -3,32191e-01
932	  1,8620000000e+03	 -3,69832e-02	 -3,33273e-01
933	  1,8640000000e+03	 -4,21937e-02	 -3,35322e-01
934	  1,8660000000e+03	 -4,87486e-02	 -3,34651e-01
935	  1,8680000000e+03	 -5,49913e-02	 -3,33345e-01
936	  1,8700000000e+03	 -6,11342e-02	 -3,34297e-01
937	  1,8720000000e+03	 -6,48464e-02	 -3,33794e-01
938	  1,8740000000e+03	 -7,13090e-02	 -3,32476e-01
939	  1,8760000000e+03	 -7,99611e-02	 -3,32134e-01
940	  1,8780000000e+03	 -8,85385e-02	 -3,31019e-01
941	  1,8800000000e+03	 -9,38014e-02	 -3,26648e-01
942	  1,8820000000e+03	 -1,00176e-01	 -3,27622e-01
943	  1,8840000000e+03	 -1,03909e-01	 -3,27691e-01
944	  1,8860000000e+03	 -1,08091e-01	 -3,24082e-01
945	  1,8880000000e+03	 -1,14462e-01	 -3,22753e-01
946	  1,8900000000e+03	 -1,23028e-01	 -3,20378e-01
947	  1,8920000000e+03	 -1,28397e-01	 -3,16009e-01
948	  1,8940000000e+03	 -1,35008e-01	 -3,15036e-01
949	  1,8960000000e+03	 -1,42314e-01	 -3,14012e-01
950	  1,8980000000e+03	 -1,49240e-01	 -3,11536e-01
951	  1,9000000000e+03	 -1,51273e-01	 -3,06834e-01
952	  1,9020000000e+03	 -1,59176e-01	 -3,02506e-01
953	  1,9040000000e+03	 -1,63356e-01	 -2,99031e-01
954	  1,9060000000e+03	 -1,68519e-01	 -2,95775e-01
955	  1,9080000000e+03	 -1,76773e-01	 -2,91130e-01
956	  1,9100000000e+03	 -1,80374e-01	 -2,86465e-01
957	  1,9120000000e+03	 -1,81209e-01	 -2,83601e-01
958	  1,9140000000e+03	 -1,86177e-01	 -2,79824e-01
959	  1,9160000000e+03	 -1,91076e-01	 -2,76947e-01
960	  1,9180000000e+03	 -1,94749e-01	 -2,72837e-01
961	  1,9200000000e+03	 -1,97587e-01	 -2,69787e-01
962	  1,9220000000e+03	 -2,01489e-01	 -2,67481e-01
963	  1,9240000000e+03	 -2,04956e-01	 -2,62820e-01
964	  1,9260000000e+03	 -2,07590e-01	 -2,57072e-01
965	  1,9280000000e+03	 -2,11872e-01	 -2,54969e-01
966	  1,9300000000e+03	 -2,12702e-01	 -2,51502e-01
967	  1,9320000000e+03	 -2,17437e-01	 -2,47504e-01
968	  1,9340000000e+03	 -2,20203e-01	 -2,44628e-01
969	  1,9360000000e+03	 -2,26139e-01	 -2,39543e-01
970	  1,9380000000e+03	 -2,30145e-01	 -2,35981e-01
971	  1,9400000000e+03	 -2,29869e-01	 -2,35383e-01
972	  1,9420000000e+03	 -2,32817e-01	 -2,34848e-01
973	  1,9440000000e+03	 -2,38272e-01	 -2,30547e-01
974	  1,9460000000e+03	 -2,43554e-01	 -2,28687e-01
975	  1,9480000000e+03	 -2,49327e-01	 -2,25823e-01
976	  1,9500000000e+03	 -2,51482e-01	 -2,23689e-01
977	  1,9520000000e+03	 -2,53512e-01	 -2,21244e-01
978	  1,9540000000e+03	 -2,59251e-01	 -2,15247e-01
979	  1,9560000000e+03	 -2,65034e-01	 -2,13580e-01
980	  1,9580000000e+03	 -2,71545e-01	 -2,10112e-01
981	  1,9600000000e+03	 -2,72924e-01	 -2,07649e-01
982	  1,9620000000e+03	 -2,76577e-01	 -2,05236e-01
983	  1,9640000000e+03	 -2,81918e-01	 -1,97448e-01
984	  1,9660000000e+03	 -2,88935e-01	 -1,92422e-01
985	  1,9680000000e+03	 -2,91676e-01	 -1,90917e-01
986	  1,9700000000e+03	 -2,93379e-01	 -1,88101e-01
987	  1,9720000000e+03	 -2,96081e-01	 -1,81413e-01
988	  1,9740000000e+03	 -3,03885e-01	 -1,73387e-01
989	  1,9760000000e+03	 -3,11068e-01	 -1,68828e-01
990	  1,9780000000e+03	 -3,14151e-01	 -1,63370e-01
991	  1,9800000000e+03	 -3,16263e-01	 -1,58730e-01
992	  1,9820000000e+03	 -3,21875e-01	 -1,52571e-01
993	  1,9840000000e+03	 -3,24461e-01	 -1,46374e-01
994	  1,9860000000e+03	 -3,27411e-01	 -1,40397e-01
995	  1,9880000000e+03	 -3,30633e-01	 -1,31061e-01
996	  1,9900000000e+03	 -3,34234e-01	 -1,24480e-01
997	  1,9920000000e+03	 -3,36304e-01	 -1,16970e-01
998	  1,9940000000e+03	 -3,40380e-01	 -1,08153e-01
999	  1,9960000000e+03	 -3,42655e-01	 -1,03189e-01
1000	  1,9980000000e+03	 -3,40573e-01	 -9,77222e-02
1001	  2,0000000000e+03	 -3,42594e-01	 -9,08366e-02
1002	  2,0020000000e+03	 -3,47299e-01	 -8,25677e-02
1003	  2,0040000000e+03	 -3,47575e-01	 -7,60287e-02
1004	  2,0060000000e+03	 -3,48576e-01	 -6,88344e-02
1005	  2,0080000000e+03	 -3,48368e-01	 -6,23186e-02
1006	  2,0100000000e+03	 -3,47934e-01	 -5,73920e-02
1007	  2,0120000000e+03	 -3,47953e-01	 -4,85142e-02
1008	  2,0140000000e+03	 -3,48797e-01	 -4,09534e-02
1009	  2,0160000000e+03	 -3,45733e-01	 -3,22426e-02
1010	  2,0180000000e+03	 -3,44421e-01	 -2,92241e-02
1011	  2,0200000000e+03	 -3,44589e-01	 -2,30942e-02
1012	  2,0220000000e+03	 -3,43733e-01	 -1,56982e-02
1013	  2,0240000000e+03	 -3,42942e-01	 -1,11015e-02
1014	  2,0260000000e+03	 -3,43121e-01	 -7,61427e-03
1015	  2,0280000000e+03	 -3,45160e-01	 -1,84778e-03
1016	  2,0300000000e+03	 -3,43286e-01	  5,75486e-03
1017	  2,0320000000e+03	 -3,43293e-01	  9,41308e-03
1018	  2,0340000000e+03	 -3,44017e-01	  1,69920e-02
1019	  2,0360000000e+03	 -3,40387e-01	  2,45951e-02
1020	  2,0380000000e+03	 -3,37565e-01	  2,89598e-02
1021	  2,0400000000e+03	 -3,39023e-01	  3,58341e-02
1022	  2,0420000000e+03	 -3,38421e-01	  4,02608e-02
1023	  2,0440000000e+03	 -3,37131e-01	  4,51533e-02
1024	  2,0460000000e+03	 -3,36797e-01	  5,03866e-02
1025	  2,0480000000e+03	 -3,36025e-01	  5,84357e-02
1026	  2,0500000000e+03	 -3,35135e-01	  6,46232e-02
1027	  2,0520000000e+03	 -3,34858e-01	  6,84800e-02
1028	  2,0540000000e+03	 -3,32491e-01	  7,19097e-02
1029	  2,0560000000e+03	 -3,32002e-01	  8,07696e-02
1030	  2,0580000000e+03	 -3,31213e-01	  8,80798e-02
1031	  2,0600000000e+03	 -3,26274e-01	  9,18966e-02
1032	  2,0620000000e+03	 -3,23729e-01	  9,67485e-02
1033	  2,0640000000e+03	 -3,22868e-01	  1,00264e-01
1034	  2,0660000000e+03	 -3,18210e-01	  1,04952e-01
1035	  2,0680000000e+03	 -3,17201e-01	  1,08096e-01
1036	  2,0700000000e+03	 -3,18437e-01	  1,14833e-01
1037	  2,0720000000e+03	 -3,14357e-01	  1,19855e-01
1038	  2,0740000000e+03	 -3,11155e-01	  1,26498e-01
1039	  2,0760000000e+03	 -3,10307e-01	  1,31032e-01
1040	  2,0780000000e+03	 -3,06709e-01	  1,35549e-01
1041	  2,0800000000e+03	 -3,02140e-01	  1,42122e-01
1042	  2,0820000000e+03	 -3,00137e-01	  1,47585e-01
1043	  2,0840000000e+03	 -2,97874e-01	  1,48598e-01
1044	  2,0860000000e+03	 -2,95262e-01	  1,53177e-01
1045	  2,0880000000e+03	 -2,92236e-01	  1,59741e-01
1046	  2,0900000000e+03	 -2,90621e-01	  1,66713e-01
1047	  2,0920000000e+03	 -2,87393e-01	  1,71656e-01
1048	  2,0940000000e+03	 -2,84166e-01	  1,76359e-01
1049	  2,0960000000e+03	 -2,79178e-01	  1,76614e-01
1050	  2,0980000000e+03	 -2,76474e-01	  1,80197e-01
1051	  2,1000000000e+03	 -2,72877e-01	  1,84709e-01
1052	  2,1020000000e+03	 -2,70573e-01	  1,91864e-01
1053	  2,1040000000e+03	 -2,64591e-01	  1,97725e-01
1054	  2,1060000000e+03	 -2,58546e-01	  1,99286e-01
1055	  2,1080000000e+03	 -2,54261e-01	  2,01668e-01
1056	  2,1100000000e+03	 -2,49559e-01	  2,07349e-01
1057	  2,1120000000e+03	 -2,45081e-01	  2,11657e-01
1058	  2,1140000000e+03	 -2,44527e-01	  2,13280e-01
1059	  2,1160000000e+03	 -2,42870e-01	  2,15994e-01
1060	  2,1180000000e+03	 -2,39567e-01	  2,17580e-01
1061	  2,1200000000e+03	 -2,36719e-01	  2,20382e-01
1062	  2,1220000000e+03	 -2,36106e-01	  2,24633e-01
1063	  2,1240000000e+03	 -2,33510e-01	  2,28064e-01
1064	  2,1260000000e+03	 -2,28265e-01	  2,33611e-01
1065	  2,1280000000e+03	 -2,23186e-01	  2,36204e-01
1066	  2,1300000000e+03	 -2,19464e-01	  2,41248e-01
1067	  2,1320000000e+03	 -2,19805e-01	  2,44897e-01
1068	  2,1340000000e+03	 -2,12747e-01	  2,47520e-01
1069	  2,1360000000e+03	 -2,07655e-01	  2,51993e-01
1070	  2,1380000000e+03	 -2,04467e-01	  2,58675e-01
1071	  2,1400000000e+03	 -1,99753e-01	  2,63002e-01
1072	  2,1420000000e+03	 -1,95470e-01	  2,64121e-01
1073	  2,1440000000e+03	 -1,91642e-01	  2,66971e-01
1074	  2,1460000000e+03	 -1,88183e-01	  2,72590e-01
1075	  2,1480000000e+03	 -1,79706e-01	  2,76541e-01
1076	  2,1500000000e+03	 -1,72483e-01	  2,76053e-01
1077	  2,1520000000e+03	 -1,72412e-01	  2,77573e-01
1078	  2,1540000000e+03	 -1,69042e-01	  2,83181e-01
1079	  2,1560000000e+03	 -1,60972e-01	  2,87344e-01
1080	  2,1580000000e+03	 -1,54346e-01	  2,92738e-01
1081	  2,1600000000e+03	 -1,48675e-01	  2,93143e-01
1082	  2,1620000000e+03	 -1,42676e-01	  2,95198e-01
1083	  2,1640000000e+03	 -1,36413e-01	  2,95685e-01
1084	  2,1660000000e+03	 -1,31063e-01	  2,95393e-01
1085	  2,1680000000e+03	 -1,25200e-01	  2,98972e-01
1086	  2,1700000000e+03	 -1,19502e-01	  3,00606e-01
1087	  2,1720000000e+03	 -1,14610e-01	  2,99141e-01
1088	  2,1740000000e+03	 -1,13827e-01	  3,00025e-01
1089	  2,1760000000e+03	 -1,07843e-01	  3,01440e-01
1090	  2,1780000000e+03	 -9,95682e-02	  3,01632e-01
1091	  2,1800000000e+03	 -9,88517e-02	  3,03501e-01
1092	  2,1820000000e+03	 -9,15483e-02	  3,05280e-01
1093	  2,1840000000e+03	 -8,63127e-02	  3,04980e-01
1094	  2,1860000000e+03	 -8,08971e-02	  3,07117e-01
1095	  2,1880000000e+03	 -7,59062e-02	  3,10257e-01
1096	  2,1900000000e+03	 -7,04220e-02	  3,10420e-01
1097	  2,1920000000e+03	 -6,55034e-02	  3,12219e-01
1098	  2,1940000000e+03	 -5,86881e-02	  3,13396e-01
1099	  2,1960000000e+03	 -5,32732e-02	  3,09248e-01
1100	  2,1980000000e+03	 -4,87347e-02	  3,05485e-01
1101	  2,2000000000e+03	 -4,71738e-02	  3,05126e-01
1102	  2,2020000000e+03	 -4,26324e-02	  3,08403e-01
1103	  2,2040000000e+03	 -3,94367e-02	  3,09190e-01
1104	  2,2060000000e+03	 -3,45481e-02	  3,09406e-01
1105	  2,2080000000e+03	 -2,98432e-02	  3,09166e-01
1106	  2,2100000000e+03	 -2,60410e-02	  3,06967e-01
1107	  2,2120000000e+03	 -2,12744e-02	  3,08158e-01
1108	  2,2140000000e+03	 -1,57222e-02	  3,10608e-01
1109	  2,2160000000e+03	 -9,30074e-03	  3,12508e-01
1110	  2,2180000000e+03	 -6,38474e-03	  3,11934e-01
1111	  2,2200000000e+03	 -3,56260e-03	  3,10726e-01
1112	  2,2220000000e+03	  2,85965e-03	  3,13378e-01
1113	  2,2240000000e+03	  7,71759e-03	  3,14204e-01
1114	  2,2260000000e+03	  9,08647e-03	  3,10287e-01
1115	  2,2280000000e+03	  1,44851e-02	  3,08052e-01
1116	  2,2300000000e+03	  2,09299e-02	  3,08822e-01
1117	  2,2320000000e+03	  2,53053e-02	  3,09902e-01
1118	  2,2340000000e+03	  3,03578e-02	  3,12359e-01
1119	  2,2360000000e+03	  3,66569e-02	  3,14305e-01
1120	  2,2380000000e+03	  4,19832e-02	  3,12816e-01
1121	  2,2400000000e+03	  4,67005e-02	  3,11749e-01
1122	  2,2420000000e+03	  5,29635e-02	  3,08885e-01
1123	  2,2440000000e+03	  5,69895e-02	  3,04522e-01
1124	  2,2460000000e+03	  6,28260e-02	  3,04161e-01
1125	  2,2480000000e+03	  6,84539e-02	  3,03912e-01
1126	  2,2500000000e+03	  7,30653e-02	  3,02179e-01
1127	  2,2520000000e+03	  7,92981e-02	  3,02190e-01
1128	  2,2540000000e+03	  8,47192e-02	  2,99374e-01
1129	  2,2560000000e+03	  9,03619e-02	  2,97747e-01
1130	  2,2580000000e+03	  9,34837e-02	  2,98520e-01
1131	  2,2600000000e+03	  9,77142e-02	  2,96397e-01
1132	  2,2620000000e+03	  1,04288e-01	  2,93062e-01
1133	  2,2640000000e+03	  1,10321e-01	  2,91084e-01
1134	  2,2660000000e+03	  1,14114e-01	  2,88829e-01
1135	  2,2680000000e+03	  1,17816e-01	  2,88471e-01
1136	  2,2700000000e+03	  1,23202e-01	  2,84438e-01
1137	  2,2720000000e+03	  1,27212e-01	  2,81480e-01
1138	  2,2740000000e+03	  1,32462e-01	  2,76843e-01
1139	  2,2760000000e+03	  1,35838e-01	  2,74415e-01
1140	  2,2780000000e+03	  1,40822e-01	  2,70917e-01
1141	  2,2800000000e+03	  1,44850e-01	  2,66953e-01
1142	  2,2820000000e+03	  1,46547e-01	  2,64279e-01
1143	  2,2840000000e+03	  1,48101e-01	  2,62535e-01
1144	  2,2860000000e+03	  1,53145e-01	  2,60025e-01
1145	  2,2880000000e+03	  1,56190e-01	  2,57011e-01
1146	  2,2900000000e+03	  1,59189e-01	  2,54756e-01
1147	  2,2920000000e+03	  1,59939e-01	  2,54167e-01
1148	  2,2940000000e+03	  1,62700e-01	  2,49247e-01
1149	  2,2960000000e+03	  1,70456e-01	  2,46134e-01
1150	  2,2980000000e+03	  1,71175e-01	  2,44126e-01
1151	  2,3000000000e+03	  1,74432e-01	  2,38583e-01
1152	  2,3020000000e+03	  1,77180e-01	  2,35897e-01
1153	  2,3040000000e+03	  1,79348e-01	  2,33178e-01
1154	  2,3060000000e+03	  1,83187e-01	  2,34099e-01
1155	  2,3080000000e+03	  1,88673e-01	  2,34322e-01
1156	  2,3100000000e+03	  1,90830e-01	  2,26715e-01
1157	  2,3120000000e+03	  1,94830e-01	  2,24795e-01
1158	  2,3140000000e+03	  1,95903e-01	  2,22297e-01
1159	  2,3160000000e+03	  1,97749e-01	  2,18946e-01
1160	  2,3180000000e+03	  2,02323e-01	  2,14037e-01
1161	  2,3200000000e+03	  2,06896e-01	  2,10774e-01
1162	  2,3220000000e+03	  2,10623e-01	  2,07758e-01
1163	  2,3240000000e+03	  2,12442e-01	  2,07049e-01
1164	  2,3260000000e+03	  2,15175e-01	  2,04831e-01
1165	  2,3280000000e+03	  2,21645e-01	  1,99805e-01
1166	  2,3300000000e+03	  2,23492e-01	  1,96978e-01
1167	  2,3320000000e+03	  2,24752e-01	  1,93064e-01
1168	  2,3340000000e+03	  2,26274e-01	  1,92669e-01
1169	  2,3360000000e+03	  2,29674e-01	  1,88717e-01
1170	  2,3380000000e+03	  2,35913e-01	  1,88416e-01
1171	  2,3400000000e+03	  2,37569e-01	  1,85105e-01
1172	  2,3420000000e+03	  2,39656e-01	  1,77477e-01
1173	  2,3440000000e+03	  2,42446e-01	  1,74137e-01
1174	  2,3460000000e+03	  2,47629e-01	  1,70309e-01
1175	  2,3480000000e+03	  2,50503e-01	  1,65349e-01
1176	  2,3500000000e+03	  2,51246e-01	  1,65822e-01
1177	  2,3520000000e+03	  2,54283e-01	  1,60635e-01
1178	  2,3540000000e+03	  2,55064e-01	  1,56239e-01
1179	  2,3560000000e+03	  2,59491e-01	  1,53300e-01
1180	  2,3580000000e+03	  2,64047e-01	  1,49438e-01
1181	  2,3600000000e+03	  2,68844e-01	  1,47633e-01
1182	  2,3620000000e+03	  2,70644e-01	  1,43938e-01
1183	  2,3640000000e+03	  2,72890e-01	  1,38485e-01
1184	  2,3660000000e+03	  2,77166e-01	  1,32921e-01
1185	  2,3680000000e+03	  2,78200e-01	  1,29162e-01
1186	  2,3700000000e+03	  2,79449e-01	  1,23040e-01
1187	  2,3720000000e+03	  2,83256e-01	  1,16422e-01
1188	  2,3740000000e+03	  2,83496e-01	  1,12370e-01
1189	  2,3760000000e+03	  2,84983e-01	  1,08486e-01
1190	  2,3780000000e+03	  2,85310e-01	  1,04557e-01
1191	  2,3800000000e+03	  2,85150e-01	  9,97855e-02
1192	  2,3820000000e+03	  2,87800e-01	  9,67877e-02
1193	  2,3840000000e+03	  2,89910e-01	  9,00549e-02
1194	  2,3860000000e+03	  2,92439e-01	  8,18546e-02
1195	  2,3880000000e+03	  2,90673e-01	  8,14665e-02
1196	  2,3900000000e+03	  2,93193e-01	  7,56794e-02
1197	  2,3920000000e+03	  2,93497e-01	  7,03702e-02
1198	  2,3940000000e+03	  2,94111e-01	  6,55967e-02
1199	  2,3960000000e+03	  2,94667e-01	  6,25081e-02
1200	  2,3980000000e+03	  2,94144e-01	  5,88890e-02
1201	  2,4000000000e+03	  2,94176e-01	  5,34559e-02
1202	  2,4020000000e+03	  2,95650e-01	  5,28906e-02
1203	  2,4040000000e+03	  2,95564e-01	  4,91819e-02
1204	  2,4060000000e+03	  2,96361e-01	  4,56087e-02
1205	  2,4080000000e+03	  2,98608e-01	  4,15283e-02
1206	  2,4100000000e+03	  3,04050e-01	  3,59552e-02
1207	  2,4120000000e+03	  3,06277e-01	  3,24588e-02
1208	  2,4140000000e+03	  3,04632e-01	  2,84295e-02
1209	  2,4160000000e+03	  3,05657e-01	  2,51313e-02
1210	  2,4180000000e+03	  3,07664e-01	  1,59993e-02
1211	  2,4200000000e+03	  3,06876e-01	  1,01153e-02
1212	  2,4220000000e+03	  3,09701e-01	  5,31147e-03
1213	  2,4240000000e+03	  3,11423e-01	 -1,71248e-04
1214	  2,4260000000e+03	  3,08800e-01	 -6,24673e-03
1215	  2,4280000000e+03	  3,07488e-01	 -1,05009e-02
1216	  2,4300000000e+03	  3,07730e-01	 -1,45944e-02
1217	  2,4320000000e+03	  3,10908e-01	 -1,86572e-02
1218	  2,4340000000e+03	  3,07576e-01	 -1,99151e-02
1219	  2,4360000000e+03	  3,05981e-01	 -2,55662e-02
1220	  2,4380000000e+03	  3,08104e-01	 -3,18004e-02
1221	  2,4400000000e+03	  3,06422e-01	 -3,60574e-02
1222	  2,4420000000e+03	  3,04317e-01	 -3,99978e-02
1223	  2,4440000000e+03	  3,05583e-01	 -4,57875e-02
1224	  2,4460000000e+03	  3,08039e-01	 -5,14237e-02
1225	  2,4480000000e+03	  3,06802e-01	 -5,63291e-02
1226	  2,4500000000e+03	  3,05830e-01	 -6,08504e-02
1227	  2,4520000000e+03	  3,07332e-01	 -6,72840e-02
1228	  2,4540000000e+03	  3,07820e-01	 -7,27472e-02
1229	  2,4560000000e+03	  3,05893e-01	 -7,63137e-02
1230	  2,4580000000e+03	  3,05274e-01	 -7,90839e-02
1231	  2,4600000000e+03	  3,04719e-01	 -8,69978e-02
1232	  2,4620000000e+03	  3,02555e-01	 -9,25182e-02
1233	  2,4640000000e+03	  3,00690e-01	 -9,61460e-02
1234	  2,4660000000e+03	  2,99692e-01	 -1,03646e-01
1235	  2,4680000000e+03	  2,97412e-01	 -1,10080e-01
1236	  2,4700000000e+03	  2,94489e-01	 -1,14031e-01
1237	  2,4720000000e+03	  2,90763e-01	 -1,18781e-01
1238	  2,4740000000e+03	  2,90854e-01	 -1,24215e-01
1239	  2,4760000000e+03	  2,87192e-01	 -1,28126e-01
1240	  2,4780000000e+03	  2,83074e-01	 -1,35108e-01
1241	  2,4800000000e+03	  2,83788e-01	 -1,36288e-01
1242	  2,4820000000e+03	  2,85016e-01	 -1,41302e-01
1243	  2,4840000000e+03	  2,84800e-01	 -1,49841e-01
1244	  2,4860000000e+03	  2,83154e-01	 -1,52173e-01
1245	  2,4880000000e+03	  2,80564e-01	 -1,55217e-01
1246	  2,4900000000e+03	  2,78207e-01	 -1,62734e-01
1247	  2,4920000000e+03	  2,74503e-01	 -1,67276e-01
1248	  2,4940000000e+03	  2,71208e-01	 -1,75514e-01
1249	  2,4960000000e+03	  2,68353e-01	 -1,79909e-01
1250	  2,4980000000e+03	  2,65531e-01	 -1,84229e-01
1251	  2,5000000000e+03	  2,62428e-01	 -1,88392e-01
1252	  2,5020000000e+03	  2,57686e-01	 -1,91797e-01
1253	  2,5040000000e+03	  2,53884e-01	 -1,99180e-01
1254	  2,5060000000e+03	  2,50682e-01	 -2,03985e-01
1255	  2,5080000000e+03	  2,47748e-01	 -2,07714e-01
1256	  2,5100000000e+03	  2,44680e-01	 -2,10748e-01
1257	  2,5120000000e+03	  2,39244e-01	 -2,12873e-01
1258	  2,5140000000e+03	  2,33022e-01	 -2,15651e-01
1259	  2,5160000000e+03	  2,30679e-01	 -2,18479e-01
1260	  2,5180000000e+03	  2,29595e-01	 -2,23140e-01
1261	  2,5200000000e+03	  2,26836e-01	 -2,29457e-01
1262	  2,5220000000e+03	  2,22375e-01	 -2,33530e-01
1263	  2,5240000000e+03	  2,18595e-01	 -2,34447e-01
1264	  2,5260000000e+03	  2,17858e-01	 -2,34920e-01
1265	  2,5280000000e+03	  2,13052e-01	 -2,40061e-01
1266	  2,5300000000e+03	  2,08997e-01	 -2,42300e-01
1267	  2,5320000000e+03	  2,07853e-01	 -2,43864e-01
1268	  2,5340000000e+03	  2,04854e-01	 -2,48104e-01
1269	  2,5360000000e+03	  1,97985e-01	 -2,55443e-01
1270	  2,5380000000e+03	  1,92754e-01	 -2,59992e-01
1271	  2,5400000000e+03	  1,90813e-01	 -2,59915e-01
1272	  2,5420000000e+03	  1,86868e-01	 -2,64195e-01
1273	  2,5440000000e+03	  1,82802e-01	 -2,68302e-01
1274	  2,5460000000e+03	  1,81950e-01	 -2,69822e-01
1275	  2,5480000000e+03	  1,78804e-01	 -2,74826e-01
1276	  2,5500000000e+03	  1,76720e-01	 -2,79094e-01
1277	  2,5520000000e+03	  1,74229e-01	 -2,84309e-01
1278	  2,5540000000e+03	  1,67317e-01	 -2,86912e-01
1279	  2,5560000000e+03	  1,60802e-01	 -2,89717e-01
1280	  2,5580000000e+03	  1,55993e-01	 -2,94870e-01
1281	  2,5600000000e+03	  1,53031e-01	 -2,99369e-01
1282	  2,5620000000e+03	  1,50031e-01	 -2,99503e-01
1283	  2,5640000000e+03	  1,43329e-01	 -3,04407e-01
1284	  2,5660000000e+03	  1,37724e-01	 -3,08454e-01
1285	  2,5680000000e+03	  1,33554e-01	 -3,15519e-01
1286	  2,5700000000e+03	  1,28466e-01	 -3,18142e-01
1287	  2,5720000000e+03	  1,21926e-01	 -3,19872e-01
1288	  2,5740000000e+03	  1,14982e-01	 -3,22748e-01
1289	  2,5760000000e+03	  1,07792e-01	 -3,27797e-01
1290	  2,5780000000e+03	  1,00438e-01	 -3,31776e-01
1291	  2,5800000000e+03	  9,45029e-02	 -3,33997e-01
1292	  2,5820000000e+03	  8,88292e-02	 -3,36910e-01
1293	  2,5840000000e+03	  8,38553e-02	 -3,40282e-01
1294	  2,5860000000e+03	  7,65279e-02	 -3,42436e-01
1295	  2,5880000000e+03	  6,69882e-02	 -3,40597e-01
1296	  2,5900000000e+03	  6,04761e-02	 -3,43836e-01
1297	  2,5920000000e+03	  4,99651e-02	 -3,46440e-01
1298	  2,5940000000e+03	  4,44099e-02	 -3,46182e-01
1299	  2,5960000000e+03	  3,93467e-02	 -3,46729e-01
1300	  2,5980000000e+03	  3,35990e-02	 -3,50173e-01
1301	  2,6000000000e+03	  2,64952e-02	 -3,52540e-01
1302	  2,6020000000e+03	  1,77054e-02	 -3,51337e-01
1303	  2,6040000000e+03	  9,82649e-03	 -3,50839e-01
1304	  2,6060000000e+03	  3,12587e-04	 -3,50301e-01
1305	  2,6080000000e+03	 -8,06512e-03	 -3,46925e-01
1306	  2,6100000000e+03	 -1,33784e-02	 -3,45732e-01
1307	  2,6120000000e+03	 -1,95196e-02	 -3,48132e-01
1308	  2,6140000000e+03	 -2,64643e-02	 -3,46343e-01
1309	  2,6160000000e+03	 -3,31840e-02	 -3,41949e-01
1310	  2,6180000000e+03	 -4,05269e-02	 -3,41848e-01
1311	  2,6200000000e+03	 -4,84111e-02	 -3,39839e-01
1312	  2,6220000000e+03	 -5,27376e-02	 -3,35434e-01
1313	  2,6240000000e+03	 -5,89939e-02	 -3,33503e-01
1314	  2,6260000000e+03	 -6,55430e-02	 -3,31700e-01
1315	  2,6280000000e+03	 -6,95912e-02	 -3,30736e-01
1316	  2,6300000000e+03	 -7,48116e-02	 -3,25646e-01
1317	  2,6320000000e+03	 -7,89971e-02	 -3,25087e-01
1318	  2,6340000000e+03	 -8,45617e-02	 -3,25210e-01
1319	  2,6360000000e+03	 -9,27285e-02	 -3,24065e-01
1320	  2,6380000000e+03	 -9,97420e-02	 -3,22159e-01
1321	  2,6400000000e+03	 -1,03725e-01	 -3,17877e-01
1322	  2,6420000000e+03	 -1,06697e-01	 -3,16560e-01
1323	  2,6440000000e+03	 -1,13715e-01	 -3,15900e-01
1324	  2,6460000000e+03	 -1,21115e-01	 -3,12582e-01
1325	  2,6480000000e+03	 -1,28720e-01	 -3,08656e-01
1326	  2,6500000000e+03	 -1,33738e-01	 -3,06718e-01
1327	  2,6520000000e+03	 -1,40988e-01	 -3,04491e-01
1328	  2,6540000000e+03	 -1,44211e-01	 -3,00506e-01
1329	  2,6560000000e+03	 -1,49049e-01	 -2,94722e-01
1330	  2,6580000000e+03	 -1,52956e-01	 -2,93253e-01
1331	  2,6600000000e+03	 -1,58518e-01	 -2,88676e-01
1332	  2,6620000000e+03	 -1,63687e-01	 -2,86240e-01
1333	  2,6640000000e+03	 -1,67274e-01	 -2,79662e-01
1334	  2,6660000000e+03	 -1,69537e-01	 -2,80940e-01
1335	  2,6680000000e+03	 -1,71783e-01	 -2,78678e-01
1336	  2,6700000000e+03	 -1,77674e-01	 -2,74790e-01
1337	  2,6720000000e+03	 -1,85436e-01	 -2,69845e-01
1338	  2,6740000000e+03	 -1,93402e-01	 -2,67264e-01
1339	  2,6760000000e+03	 -1,99653e-01	 -2,62355e-01
1340	  2,6780000000e+03	 -2,03834e-01	 -2,57830e-01
1341	  2,6800000000e+03	 -2,07943e-01	 -2,52202e-01
1342	  2,6820000000e+03	 -2,08138e-01	 -2,45534e-01
1343	  2,6840000000e+03	 -2,11268e-01	 -2,42525e-01
1344	  2,6860000000e+03	 -2,15026e-01	 -2,39991e-01
1345	  2,6880000000e+03	 -2,17433e-01	 -2,33769e-01
1346	  2,6900000000e+03	 -2,20017e-01	 -2,30885e-01
1347	  2,6920000000e+03	 -2,23443e-01	 -2,25230e-01
1348	  2,6940000000e+03	 -2,27503e-01	 -2,21748e-01
1349	  2,6960000000e+03	 -2,33296e-01	 -2,21791e-01
1350	  2,6980000000e+03	 -2,34796e-01	 -2,17156e-01
1351	  2,7000000000e+03	 -2,38644e-01	 -2,10815e-01
1352	  2,7020000000e+03	 -2,41982e-01	 -2,05393e-01
1353	  2,7040000000e+03	 -2,43376e-01	 -2,02171e-01
1354	  2,7060000000e+03	 -2,47025e-01	 -1,99418e-01
1355	  2,7080000000e+03	 -2,49566e-01	 -1,94001e-01
1356	  2,7100000000e+03	 -2,52736e-01	 -1,89908e-01
1357	  2,7120000000e+03	 -2,57699e-01	 -1,87615e-01
1358	  2,7140000000e+03	 -2,62758e-01	 -1,83797e-01
1359	  2,7160000000e+03	 -2,64647e-01	 -1,77527e-01
1360	  2,7180000000e+03	 -2,70176e-01	 -1,70663e-01
1361	  2,7200000000e+03	 -2,75208e-01	 -1,66634e-01
1362	  2,7220000000e+03	 -2,76038e-01	 -1,61741e-01
1363	  2,7240000000e+03	 -2,76296e-01	 -1,55445e-01
1364	  2,7260000000e+03	 -2,78928e-01	 -1,49638e-01
1365	  2,7280000000e+03	 -2,83533e-01	 -1,46744e-01
1366	  2,7300000000e+03	 -2,84849e-01	 -1,41769e-01
1367	  2,7320000000e+03	 -2,85267e-01	 -1,35328e-01
1368	  2,7340000000e+03	 -2,86784e-01	 -1,30165e-01
1369	  2,7360000000e+03	 -2,90303e-01	 -1,23972e-01
1370	  2,7380000000e+03	 -2,94453e-01	 -1,16854e-01
1371	  2,7400000000e+03	 -2,97475e-01	 -1,12869e-01
1372	  2,7420000000e+03	 -2,99159e-01	 -1,05317e-01
1373	  2,7440000000e+03	 -3,00879e-01	 -9,92426e-02
1374	  2,7460000000e+03	 -3,00998e-01	 -9,38417e-02
1375	  2,7480000000e+03	 -3,00445e-01	 -8,60292e-02
1376	  2,7500000000e+03	 -3,01179e-01	 -7,78591e-02
1377	  2,7520000000e+03	 -3,01815e-01	 -7,08068e-02
1378	  2,7540000000e+03	 -3,02977e-01	 -6,51061e-02
1379	  2,7560000000e+03	 -3,04672e-01	 -5,71586e-02
1380	  2,7580000000e+03	 -3,04363e-01	 -5,20787e-02
1381	  2,7600000000e+03	 -3,03473e-01	 -4,68106e-02
1382	  2,7620000000e+03	 -2,98898e-01	 -3,99411e-02
1383	  2,7640000000e+03	 -2,97774e-01	 -3,68650e-02
1384	  2,7660000000e+03	 -2,93551e-01	 -3,16079e-02
1385	  2,7680000000e+03	 -2,90877e-01	 -2,72399e-02
1386	  2,7700000000e+03	 -2,90327e-01	 -2,23854e-02
1387	  2,7720000000e+03	 -2,90499e-01	 -1,57392e-02
1388	  2,7740000000e+03	 -2,92340e-01	 -1,17791e-02
1389	  2,7760000000e+03	 -2,93034e-01	 -8,36528e-03
1390	  2,7780000000e+03	 -2,88727e-01	 -4,64440e-03
1391	  2,7800000000e+03	 -2,86365e-01	  1,45222e-03
1392	  2,7820000000e+03	 -2,86937e-01	  6,59282e-03
1393	  2,7840000000e+03	 -2,85944e-01	  1,08156e-02
1394	  2,7860000000e+03	 -2,82773e-01	  1,34016e-02
1395	  2,7880000000e+03	 -2,80584e-01	  1,57530e-02
1396	  2,7900000000e+03	 -2,79708e-01	  2,05600e-02
1397	  2,7920000000e+03	 -2,81295e-01	  2,42598e-02
1398	  2,7940000000e+03	 -2,81079e-01	  2,68874e-02
1399	  2,7960000000e+03	 -2,80705e-01	  3,30939e-02
1400	  2,7980000000e+03	 -2,80178e-01	  4,06685e-02
1401	  2,8000000000e+03	 -2,78057e-01	  4,49099e-02
1402	  2,8020000000e+03	 -2,77611e-01	  4,45752e-02
1403	  2,8040000000e+03	 -2,74380e-01	  4,99142e-02
1404	  2,8060000000e+03	 -2,71435e-01	  5,56641e-02
1405	  2,8080000000e+03	 -2,72520e-01	  6,06698e-02
1406	  2,8100000000e+03	 -2,71378e-01	  6,55659e-02
1407	  2,8120000000e+03	 -2,67802e-01	  6,81314e-02
1408	  2,8140000000e+03	 -2,66176e-01	  7,07675e-02
1409	  2,8160000000e+03	 -2,65337e-01	  7,99151e-02
1410	  2,8180000000e+03	 -2,64485e-01	  8,26379e-02
1411	  2,8200000000e+03	 -2,63290e-01	  8,46068e-02
1412	  2,8220000000e+03	 -2,60721e-01	  9,14156e-02
1413	  2,8240000000e+03	 -2,58156e-01	  9,89700e-02
1414	  2,8260000000e+03	 -2,56592e-01	  1,01712e-01
1415	  2,8280000000e+03	 -2,51254e-01	  1,05533e-01
1416	  2,8300000000e+03	 -2,48378e-01	  1,09587e-01
1417	  2,8320000000e+03	 -2,47847e-01	  1,11579e-01
1418	  2,8340000000e+03	 -2,45722e-01	  1,14022e-01
1419	  2,8360000000e+03	 -2,44887e-01	  1,17878e-01
1420	  2,8380000000e+03	 -2,39970e-01	  1,23578e-01
1421	  2,8400000000e+03	 -2,36667e-01	  1,25993e-01
1422	  2,8420000000e+03	 -2,34974e-01	  1,29766e-01
1423	  2,8440000000e+03	 -2,30018e-01	  1,29343e-01
1424	  2,8460000000e+03	 -2,26603e-01	  1,29894e-01
1425	  2,8480000000e+03	 -2,26136e-01	  1,35686e-01
1426	  2,8500000000e+03	 -2,23458e-01	  1,39338e-01
1427	  2,8520000000e+03	 -2,21085e-01	  1,46237e-01
1428	  2,8540000000e+03	 -2,17826e-01	  1,49338e-01
1429	  2,8560000000e+03	 -2,15614e-01	  1,52977e-01
1430	  2,8580000000e+03	 -2,11572e-01	  1,54816e-01
1431	  2,8600000000e+03	 -2,10428e-01	  1,57342e-01
1432	  2,8620000000e+03	 -2,07275e-01	  1,62272e-01
1433	  2,8640000000e+03	 -2,00374e-01	  1,66353e-01
1434	  2,8660000000e+03	 -1,96197e-01	  1,68643e-01
1435	  2,8680000000e+03	 -1,92177e-01	  1,71847e-01
1436	  2,8700000000e+03	 -1,85433e-01	  1,74543e-01
1437	  2,8720000000e+03	 -1,85021e-01	  1,77108e-01
1438	  2,8740000000e+03	 -1,82954e-01	  1,75874e-01
1439	  2,8760000000e+03	 -1,78613e-01	  1,78184e-01
1440	  2,8780000000e+03	 -1,75252e-01	  1,79710e-01
1441	  2,8800000000e+03	 -1,70962e-01	  1,83305e-01
1442	  2,8820000000e+03	 -1,66954e-01	  1,87529e-01
1443	  2,8840000000e+03	 -1,63787e-01	  1,87140e-01
1444	  2,8860000000e+03	 -1,59029e-01	  1,88893e-01
1445	  2,8880000000e+03	 -1,56596e-01	  1,91605e-01
1446	  2,8900000000e+03	 -1,51523e-01	  1,88814e-01
1447	  2,8920000000e+03	 -1,47310e-01	  1,89986e-01
1448	  2,8940000000e+03	 -1,46263e-01	  1,93760e-01
1449	  2,8960000000e+03	 -1,42562e-01	  1,94030e-01
1450	  2,8980000000e+03	 -1,36675e-01	  1,97179e-01
1451	  2,9000000000e+03	 -1,35280e-01	  1,98114e-01
1452	  2,9020000000e+03	 -1,31436e-01	  1,96689e-01
1453	  2,9040000000e+03	 -1,30018e-01	  1,97275e-01
1454	  2,9060000000e+03	 -1,26332e-01	  1,97952e-01
1455	  2,9080000000e+03	 -1,22512e-01	  1,99236e-01
1456	  2,9100000000e+03	 -1,17788e-01	  1,97968e-01
1457	  2,9120000000e+03	 -1,16127e-01	  1,97730e-01
1458	  2,9140000000e+03	 -1,15208e-01	  1,99184e-01
1459	  2,9160000000e+03	 -1,11938e-01	  2,00729e-01
1460	  2,9180000000e+03	 -1,09351e-01	  2,00918e-01
1461	  2,9200000000e+03	 -1,05087e-01	  2,00308e-01
1462	  2,9220000000e+03	 -1,03014e-01	  1,99757e-01
1463	  2,9240000000e+03	 -1,00878e-01	  2,01672e-01
1464	  2,9260000000e+03	 -9,78617e-02	  2,03750e-01
1465	  2,9280000000e+03	 -9,58118e-02	  2,00737e-01
1466	  2,9300000000e+03	 -9,71065e-02	  1,98275e-01
1467	  2,9320000000e+03	 -9,49734e-02	  2,01560e-01
1468	  2,9340000000e+03	 -9,31840e-02	  2,03320e-01
1469	  2,9360000000e+03	 -8,97008e-02	  2,06000e-01
1470	  2,9380000000e+03	 -8,64609e-02	  2,07938e-01
1471	  2,9400000000e+03	 -8,54553e-02	  2,12701e-01
1472	  2,9420000000e+03	 -8,30517e-02	  2,12107e-01
1473	  2,9440000000e+03	 -7,96211e-02	  2,14726e-01
1474	  2,9460000000e+03	 -7,50604e-02	  2,17978e-01
1475	  2,9480000000e+03	 -7,10526e-02	  2,16712e-01
1476	  2,9500000000e+03	 -7,07082e-02	  2,16799e-01
1477	  2,9520000000e+03	 -6,53267e-02	  2,16381e-01
1478	  2,9540000000e+03	 -5,98934e-02	  2,15471e-01
1479	  2,9560000000e+03	 -5,76553e-02	  2,18064e-01
1480	  2,9580000000e+03	 -5,52926e-02	  2,20171e-01
1481	  2,9600000000e+03	 -5,52616e-02	  2,22593e-01
1482	  2,9620000000e+03	 -5,33963e-02	  2,22713e-01
1483	  2,9640000000e+03	 -5,14629e-02	  2,22128e-01
1484	  2,9660000000e+03	 -4,70221e-02	  2,22708e-01
1485	  2,9680000000e+03	 -4,02970e-02	  2,22777e-01
1486	  2,9700000000e+03	 -3,62424e-02	  2,24685e-01
1487	  2,9720000000e+03	 -3,29438e-02	  2,25917e-01
1488	  2,9740000000e+03	 -2,93878e-02	  2,25901e-01
1489	  2,9760000000e+03	 -2,68415e-02	  2,26905e-01
1490	  2,9780000000e+03	 -2,34573e-02	  2,28420e-01
1491	  2,9800000000e+03	 -1,79024e-02	  2,28078e-01
1492	  2,9820000000e+03	 -1,50727e-02	  2,25758e-01
1493	  2,9840000000e+03	 -1,24762e-02	  2,23267e-01
1494	  2,9860000000e+03	 -7,16674e-03	  2,25775e-01
1495	  2,9880000000e+03	 -5,44264e-03	  2,28084e-01
1496	  2,9900000000e+03	 -4,22895e-03	  2,28547e-01
1497	  2,9920000000e+03	  7,20563e-05	  2,29013e-01
1498	  2,9940000000e+03	  1,51009e-03	  2,27437e-01
1499	  2,9960000000e+03	  7,00893e-03	  2,22812e-01
1500	  2,9980000000e+03	  1,01349e-02	  2,24518e-01
1501	  3,0000000000e+03	  1,39688e-02	  2,26071e-01
1502	  3,0020000000e+03	  1,60524e-02	  2,25729e-01
1503	  3,0040000000e+03	  1,78982e-02	  2,27379e-01
1504	  3,0060000000e+03	  2,04967e-02	  2,27029e-01
1505	  3,0080000000e+03	  2,39236e-02	  2,26684e-01
1506	  3,0100000000e+03	  2,61925e-02	  2,28270e-01
1507	  3,0120000000e+03	  3,11611e-02	  2,27953e-01
1508	  3,0140000000e+03	  3,64672e-02	  2,26634e-01
1509	  3,0160000000e+03	  4,11490e-02	  2,24783e-01
1510	  3,0180000000e+03	  4,39275e-02	  2,22163e-01
1511	  3,0200000000e+03	  4,74947e-02	  2,20641e-01
1512	  3,0220000000e+03	  5,20435e-02	  2,20634e-01
1513	  3,0240000000e+03	  5,56210e-02	  2,20465e-01
1514	  3,0260000000e+03	  5,81728e-02	  2,19233e-01
1515	  3,0280000000e+03	  5,77179e-02	  2,19005e-01
1516	  3,0300000000e+03	  6,72221e-02	  2,16421e-01
1517	  3,0320000000e+03	  7,16559e-02	  2,14631e-01
1518	  3,0340000000e+03	  7,30156e-02	  2,15007e-01
1519	  3,0360000000e+03	  7,52203e-02	  2,10661e-01
1520	  3,0380000000e+03	  7,84470e-02	  2,08837e-01
1521	  3,0400000000e+03	  8,06270e-02	  2,06167e-01
1522	  3,0420000000e+03	  8,08514e-02	  2,05068e-01
1523	  3,0440000000e+03	  8,39779e-02	  2,04175e-01
1524	  3,0460000000e+03	  8,49361e-02	  2,03420e-01
1525	  3,0480000000e+03	  8,55454e-02	  2,03377e-01
1526	  3,0500000000e+03	  9,25142e-02	  2,02533e-01
1527	  3,0520000000e+03	  9,61063e-02	  2,04424e-01
1528	  3,0540000000e+03	  9,76070e-02	  1,99802e-01
1529	  3,0560000000e+03	  1,00795e-01	  1,96588e-01
1530	  3,0580000000e+03	  1,05733e-01	  1,98461e-01
1531	  3,0600000000e+03	  1,10227e-01	  1,96321e-01
1532	  3,0620000000e+03	  1,10588e-01	  1,93923e-01
1533	  3,0640000000e+03	  1,12118e-01	  1,93328e-01
1534	  3,0660000000e+03	  1,14460e-01	  1,91977e-01
1535	  3,0680000000e+03	  1,16912e-01	  1,88103e-01
1536	  3,0700000000e+03	  1,19867e-01	  1,87328e-01
1537	  3,0720000000e+03	  1,21393e-01	  1,85310e-01
1538	  3,0740000000e+03	  1,21726e-01	  1,86485e-01
1539	  3,0760000000e+03	  1,29465e-01	  1,83714e-01
1540	  3,0780000000e+03	  1,30970e-01	  1,81613e-01
1541	  3,0800000000e+03	  1,32776e-01	  1,80636e-01
1542	  3,0820000000e+03	  1,37124e-01	  1,79703e-01
1543	  3,0840000000e+03	  1,41020e-01	  1,78951e-01
1544	  3,0860000000e+03	  1,44976e-01	  1,76134e-01
1545	  3,0880000000e+03	  1,45021e-01	  1,73232e-01
1546	  3,0900000000e+03	  1,48671e-01	  1,71459e-01
1547	  3,0920000000e+03	  1,55544e-01	  1,72543e-01
1548	  3,0940000000e+03	  1,60265e-01	  1,68110e-01
1549	  3,0960000000e+03	  1,62079e-01	  1,66434e-01
1550	  3,0980000000e+03	  1,63777e-01	  1,62768e-01
1551	  3,1000000000e+03	  1,67189e-01	  1,56792e-01
1552	  3,1020000000e+03	  1,70491e-01	  1,55090e-01
1553	  3,1040000000e+03	  1,73414e-01	  1,54458e-01
1554	  3,1060000000e+03	  1,75301e-01	  1,50976e-01
1555	  3,1080000000e+03	  1,79268e-01	  1,45097e-01
1556	  3,1100000000e+03	  1,83274e-01	  1,38340e-01
1557	  3,1120000000e+03	  1,85178e-01	  1,33964e-01
1558	  3,1140000000e+03	  1,87320e-01	  1,30415e-01
1559	  3,1160000000e+03	  1,90093e-01	  1,27519e-01
1560	  3,1180000000e+03	  1,93132e-01	  1,23097e-01
1561	  3,1200000000e+03	  1,93211e-01	  1,20704e-01
1562	  3,1220000000e+03	  1,94724e-01	  1,20681e-01
1563	  3,1240000000e+03	  1,96346e-01	  1,13071e-01
1564	  3,1260000000e+03	  1,97344e-01	  1,10377e-01
1565	  3,1280000000e+03	  1,99149e-01	  1,04345e-01
1566	  3,1300000000e+03	  1,98912e-01	  9,88131e-02
1567	  3,1320000000e+03	  1,98744e-01	  9,64805e-02
1568	  3,1340000000e+03	  1,99140e-01	  9,32218e-02
1569	  3,1360000000e+03	  1,99211e-01	  8,90035e-02
1570	  3,1380000000e+03	  1,98511e-01	  8,54637e-02
1571	  3,1400000000e+03	  1,98779e-01	  8,11209e-02
1572	  3,1420000000e+03	  1,99337e-01	  7,76072e-02
1573	  3,1440000000e+03	  1,98057e-01	  7,60555e-02
1574	  3,1460000000e+03	  1,96885e-01	  7,40537e-02
1575	  3,1480000000e+03	  2,00425e-01	  7,02458e-02
1576	  3,1500000000e+03	  1,99913e-01	  6,82291e-02
1577	  3,1520000000e+03	  2,02436e-01	  6,62298e-02
1578	  3,1540000000e+03	  2,04024e-01	  6,52813e-02
1579	  3,1560000000e+03	  2,02064e-01	  6,39285e-02
1580	  3,1580000000e+03	  2,02008e-01	  6,04042e-02
1581	  3,1600000000e+03	  2,03087e-01	  5,43928e-02
1582	  3,1620000000e+03	  2,04369e-01	  5,15352e-02
1583	  3,1640000000e+03	  2,03924e-01	  4,87680e-02
1584	  3,1660000000e+03	  2,03344e-01	  4,51534e-02
1585	  3,1680000000e+03	  2,03035e-01	  4,14046e-02
1586	  3,1700000000e+03	  2,02734e-01	  3,81181e-02
1587	  3,1720000000e+03	  2,01049e-01	  3,62740e-02
1588	  3,1740000000e+03	  2,00740e-01	  3,36371e-02
1589	  3,1760000000e+03	  2,02209e-01	  3,41575e-02
1590	  3,1780000000e+03	  2,02467e-01	  3,47646e-02
1591	  3,1800000000e+03	  2,03970e-01	  2,89032e-02
1592	  3,1820000000e+03	  2,07052e-01	  2,65022e-02
1593	  3,1840000000e+03	  2,08094e-01	  2,74450e-02
1594	  3,1860000000e+03	  2,08655e-01	  2,28638e-02
1595	  3,1880000000e+03	  2,09705e-01	  1,86797e-02
1596	  3,1900000000e+03	  2,08733e-01	  1,57478e-02
1597	  3,1920000000e+03	  2,07646e-01	  1,11449e-02
1598	  3,1940000000e+03	  2,09316e-01	  7,56938e-03
1599	  3,1960000000e+03	  2,07647e-01	  6,89867e-03
1600	  3,1980000000e+03	  2,08752e-01	  4,85220e-03
1601	  3,2000000000e+03	  2,07880e-01	  1,54918e-03
1602	  3,2020000000e+03	  2,09511e-01	 -2,35939e-03
1603	  3,2040000000e+03	  2,06935e-01	 -3,51500e-03
1604	  3,2060000000e+03	  2,04277e-01	 -5,03843e-03
1605	  3,2080000000e+03	  2,08668e-01	 -5,31136e-03
1606	  3,2100000000e+03	  2,07918e-01	 -6,51810e-03
1607	  3,2120000000e+03	  2,07168e-01	 -1,08390e-02
1608	  3,2140000000e+03	  2,09582e-01	 -1,70404e-02
1609	  3,2160000000e+03	  2,10014e-01	 -2,24243e-02
1610	  3,2180000000e+03	  2,09521e-01	 -2,74437e-02
1611	  3,2200000000e+03	  2,09350e-01	 -3,15115e-02
1612	  3,2220000000e+03	  2,12584e-01	 -3,66807e-02
1613	  3,2240000000e+03	  2,10470e-01	 -3,83301e-02
1614	  3,2260000000e+03	  2,07565e-01	 -4,13349e-02
1615	  3,2280000000e+03	  2,04594e-01	 -4,75351e-02
1616	  3,2300000000e+03	  2,07381e-01	 -4,88427e-02
1617	  3,2320000000e+03	  2,06985e-01	 -5,22669e-02
1618	  3,2340000000e+03	  2,06205e-01	 -5,64541e-02
1619	  3,2360000000e+03	  2,05450e-01	 -5,86849e-02
1620	  3,2380000000e+03	  2,02843e-01	 -6,00865e-02
1621	  3,2400000000e+03	  1,99520e-01	 -6,33497e-02
1622	  3,2420000000e+03	  1,98808e-01	 -6,77051e-02
1623	  3,2440000000e+03	  1,98702e-01	 -7,15516e-02
1624	  3,2460000000e+03	  1,96167e-01	 -7,36347e-02
1625	  3,2480000000e+03	  1,93496e-01	 -7,67715e-02
1626	  3,2500000000e+03	  1,91744e-01	 -8,17128e-02
1627	  3,2520000000e+03	  1,87779e-01	 -8,33331e-02
1628	  3,2540000000e+03	  1,87362e-01	 -8,59241e-02
1629	  3,2560000000e+03	  1,83614e-01	 -8,80913e-02
1630	  3,2580000000e+03	  1,79650e-01	 -9,00959e-02
1631	  3,2600000000e+03	  1,80939e-01	 -9,09126e-02
1632	  3,2620000000e+03	  1,77788e-01	 -8,96973e-02
1633	  3,2640000000e+03	  1,74686e-01	 -9,20674e-02
1634	  3,2660000000e+03	  1,74542e-01	 -9,65671e-02
1635	  3,2680000000e+03	  1,74990e-01	 -9,62103e-02
1636	  3,2700000000e+03	  1,74726e-01	 -9,80367e-02
1637	  3,2720000000e+03	  1,74483e-01	 -1,00248e-01
1638	  3,2740000000e+03	  1,72335e-01	 -1,01403e-01
1639	  3,2760000000e+03	  1,69718e-01	 -1,04415e-01
1640	  3,2780000000e+03	  1,69476e-01	 -1,05385e-01
1641	  3,2800000000e+03	  1,70369e-01	 -1,04357e-01
1642	  3,2820000000e+03	  1,70755e-01	 -1,06304e-01
1643	  3,2840000000e+03	  1,69661e-01	 -1,09329e-01
1644	  3,2860000000e+03	  1,64986e-01	 -1,10859e-01
1645	  3,2880000000e+03	  1,65850e-01	 -1,12559e-01
1646	  3,2900000000e+03	  1,69274e-01	 -1,14847e-01
1647	  3,2920000000e+03	  1,69579e-01	 -1,18262e-01
1648	  3,2940000000e+03	  1,71712e-01	 -1,20168e-01
1649	  3,2960000000e+03	  1,68126e-01	 -1,22469e-01
1650	  3,2980000000e+03	  1,66609e-01	 -1,26855e-01
1651	  3,3000000000e+03	  1,65208e-01	 -1,30254e-01
1652	  3,3020000000e+03	  1,65162e-01	 -1,35902e-01
1653	  3,3040000000e+03	  1,65747e-01	 -1,41527e-01
1654	  3,3060000000e+03	  1,60258e-01	 -1,48496e-01
1655	  3,3080000000e+03	  1,57919e-01	 -1,45870e-01
1656	  3,3100000000e+03	  1,57240e-01	 -1,50208e-01
1657	  3,3120000000e+03	  1,54692e-01	 -1,53479e-01
1658	  3,3140000000e+03	  1,50085e-01	 -1,57603e-01
1659	  3,3160000000e+03	  1,47168e-01	 -1,60121e-01
1660	  3,3180000000e+03	  1,46752e-01	 -1,64029e-01
1661	  3,3200000000e+03	  1,46802e-01	 -1,67242e-01
1662	  3,3220000000e+03	  1,45056e-01	 -1,68102e-01
1663	  3,3240000000e+03	  1,42564e-01	 -1,70496e-01
1664	  3,3260000000e+03	  1,42848e-01	 -1,73636e-01
1665	  3,3280000000e+03	  1,39272e-01	 -1,79694e-01
1666	  3,3300000000e+03	  1,34623e-01	 -1,83148e-01
1667	  3,3320000000e+03	  1,29081e-01	 -1,85329e-01
1668	  3,3340000000e+03	  1,27236e-01	 -1,86525e-01
1669	  3,3360000000e+03	  1,23734e-01	 -1,93469e-01
1670	  3,3380000000e+03	  1,17593e-01	 -1,95407e-01
1671	  3,3400000000e+03	  1,11900e-01	 -1,94616e-01
1672	  3,3420000000e+03	  1,10744e-01	 -1,98024e-01
1673	  3,3440000000e+03	  1,07268e-01	 -2,01442e-01
1674	  3,3460000000e+03	  1,02674e-01	 -2,02520e-01
1675	  3,3480000000e+03	  9,97804e-02	 -2,01952e-01
1676	  3,3500000000e+03	  9,80782e-02	 -2,02305e-01
1677	  3,3520000000e+03	  9,22531e-02	 -2,01439e-01
1678	  3,3540000000e+03	  8,80989e-02	 -2,02921e-01
1679	  3,3560000000e+03	  8,53578e-02	 -2,04557e-01
1680	  3,3580000000e+03	  7,93539e-02	 -2,09395e-01
1681	  3,3600000000e+03	  7,71045e-02	 -2,09412e-01
1682	  3,3620000000e+03	  7,53135e-02	 -2,09417e-01
1683	  3,3640000000e+03	  6,94633e-02	 -2,10322e-01
1684	  3,3660000000e+03	  6,86177e-02	 -2,12913e-01
1685	  3,3680000000e+03	  6,76658e-02	 -2,14443e-01
1686	  3,3700000000e+03	  6,35800e-02	 -2,17053e-01
1687	  3,3720000000e+03	  5,67242e-02	 -2,20411e-01
1688	  3,3740000000e+03	  5,41042e-02	 -2,21287e-01
1689	  3,3760000000e+03	  5,01585e-02	 -2,18254e-01
1690	  3,3780000000e+03	  4,48725e-02	 -2,19832e-01
1691	  3,3800000000e+03	  3,92722e-02	 -2,21358e-01
1692	  3,3820000000e+03	  3,64585e-02	 -2,22908e-01
1693	  3,3840000000e+03	  3,57878e-02	 -2,23611e-01
1694	  3,3860000000e+03	  2,95948e-02	 -2,23159e-01
1695	  3,3880000000e+03	  2,55419e-02	 -2,21780e-01
1696	  3,3900000000e+03	  2,28300e-02	 -2,22022e-01
1697	  3,3920000000e+03	  1,93758e-02	 -2,23980e-01
1698	  3,3940000000e+03	  1,64408e-02	 -2,25970e-01
1699	  3,3960000000e+03	  1,32683e-02	 -2,25001e-01
1700	  3,3980000000e+03	  8,86983e-03	 -2,22739e-01
1701	  3,4000000000e+03	  4,06306e-03	 -2,22822e-01
1702	  3,4020000000e+03	  2,00481e-03	 -2,21696e-01
1703	  3,4040000000e+03	 -1,72389e-03	 -2,22098e-01
1704	  3,4060000000e+03	 -4,30997e-03	 -2,26068e-01
1705	  3,4080000000e+03	 -4,86208e-03	 -2,27001e-01
1706	  3,4100000000e+03	 -1,36782e-02	 -2,23482e-01
1707	  3,4120000000e+03	 -1,83467e-02	 -2,22826e-01
1708	  3,4140000000e+03	 -2,34372e-02	 -2,25354e-01
1709	  3,4160000000e+03	 -2,55613e-02	 -2,23383e-01
1710	  3,4180000000e+03	 -2,64534e-02	 -2,20127e-01
1711	  3,4200000000e+03	 -3,10892e-02	 -2,18538e-01
1712	  3,4220000000e+03	 -3,61634e-02	 -2,19812e-01
1713	  3,4240000000e+03	 -4,01139e-02	 -2,17232e-01
1714	  3,4260000000e+03	 -4,42320e-02	 -2,14173e-01
1715	  3,4280000000e+03	 -4,58566e-02	 -2,13699e-01
1716	  3,4300000000e+03	 -4,80547e-02	 -2,13886e-01
1717	  3,4320000000e+03	 -5,24858e-02	 -2,10743e-01
1718	  3,4340000000e+03	 -5,39990e-02	 -2,09540e-01
1719	  3,4360000000e+03	 -5,71781e-02	 -2,09981e-01
1720	  3,4380000000e+03	 -6,07892e-02	 -2,09624e-01
1721	  3,4400000000e+03	 -6,25282e-02	 -2,09828e-01
1722	  3,4420000000e+03	 -6,30487e-02	 -2,11393e-01
1723	  3,4440000000e+03	 -6,66081e-02	 -2,11614e-01
1724	  3,4460000000e+03	 -7,25497e-02	 -2,09082e-01
1725	  3,4480000000e+03	 -7,57184e-02	 -2,07319e-01
1726	  3,4500000000e+03	 -7,94109e-02	 -2,03027e-01
1727	  3,4520000000e+03	 -8,19632e-02	 -2,03344e-01
1728	  3,4540000000e+03	 -8,74633e-02	 -2,01146e-01
1729	  3,4560000000e+03	 -9,11061e-02	 -2,00286e-01
1730	  3,4580000000e+03	 -9,32247e-02	 -2,03160e-01
1731	  3,4600000000e+03	 -9,51229e-02	 -2,05447e-01
1732	  3,4620000000e+03	 -9,96770e-02	 -2,05808e-01
1733	  3,4640000000e+03	 -1,05136e-01	 -2,03294e-01
1734	  3,4660000000e+03	 -1,08508e-01	 -2,02507e-01
1735	  3,4680000000e+03	 -1,10450e-01	 -2,01318e-01
1736	  3,4700000000e+03	 -1,18687e-01	 -1,97509e-01
1737	  3,4720000000e+03	 -1,22753e-01	 -1,93590e-01
1738	  3,4740000000e+03	 -1,24744e-01	 -1,93498e-01
1739	  3,4760000000e+03	 -1,27598e-01	 -1,90481e-01
1740	  3,4780000000e+03	 -1,32448e-01	 -1,83948e-01
1741	  3,4800000000e+03	 -1,35324e-01	 -1,80087e-01
1742	  3,4820000000e+03	 -1,37145e-01	 -1,75375e-01
1743	  3,4840000000e+03	 -1,40513e-01	 -1,72032e-01
1744	  3,4860000000e+03	 -1,40994e-01	 -1,70410e-01
1745	  3,4880000000e+03	 -1,45666e-01	 -1,69683e-01
1746	  3,4900000000e+03	 -1,51464e-01	 -1,68605e-01
1747	  3,4920000000e+03	 -1,52475e-01	 -1,63653e-01
1748	  3,4940000000e+03	 -1,54854e-01	 -1,60067e-01
1749	  3,4960000000e+03	 -1,58845e-01	 -1,55195e-01
1750	  3,4980000000e+03	 -1,59012e-01	 -1,51878e-01
1751	  3,5000000000e+03	 -1,60474e-01	 -1,48961e-01
1752	  3,5020000000e+03	 -1,61605e-01	 -1,46668e-01
1753	  3,5040000000e+03	 -1,64031e-01	 -1,42001e-01
1754	  3,5060000000e+03	 -1,63374e-01	 -1,38977e-01
1755	  3,5080000000e+03	 -1,64083e-01	 -1,36827e-01
1756	  3,5100000000e+03	 -1,65762e-01	 -1,33617e-01
1757	  3,5120000000e+03	 -1,65783e-01	 -1,30697e-01
1758	  3,5140000000e+03	 -1,68053e-01	 -1,28355e-01
1759	  3,5160000000e+03	 -1,69462e-01	 -1,26823e-01
1760	  3,5180000000e+03	 -1,72837e-01	 -1,26478e-01
1761	  3,5200000000e+03	 -1,74472e-01	 -1,26985e-01
1762	  3,5220000000e+03	 -1,75367e-01	 -1,22783e-01
1763	  3,5240000000e+03	 -1,79800e-01	 -1,19519e-01
1764	  3,5260000000e+03	 -1,82827e-01	 -1,15539e-01
1765	  3,5280000000e+03	 -1,82562e-01	 -1,13191e-01
1766	  3,5300000000e+03	 -1,85060e-01	 -1,10256e-01
1767	  3,5320000000e+03	 -1,85926e-01	 -1,07610e-01
1768	  3,5340000000e+03	 -1,86218e-01	 -1,07800e-01
1769	  3,5360000000e+03	 -1,86968e-01	 -1,07371e-01
1770	  3,5380000000e+03	 -1,89708e-01	 -1,03847e-01
1771	  3,5400000000e+03	 -1,92756e-01	 -1,01049e-01
1772	  3,5420000000e+03	 -1,95092e-01	 -9,73642e-02
1773	  3,5440000000e+03	 -1,95990e-01	 -9,55553e-02
1774	  3,5460000000e+03	 -1,99920e-01	 -9,40919e-02
1775	  3,5480000000e+03	 -2,01992e-01	 -8,81716e-02
1776	  3,5500000000e+03	 -2,03979e-01	 -8,58190e-02
1777	  3,5520000000e+03	 -2,08256e-01	 -8,35904e-02
1778	  3,5540000000e+03	 -2,09146e-01	 -7,97865e-02
1779	  3,5560000000e+03	 -2,09143e-01	 -7,49920e-02
1780	  3,5580000000e+03	 -2,12051e-01	 -7,23794e-02
1781	  3,5600000000e+03	 -2,13115e-01	 -7,04983e-02
1782	  3,5620000000e+03	 -2,17129e-01	 -6,68289e-02
1783	  3,5640000000e+03	 -2,19086e-01	 -6,29171e-02
1784	  3,5660000000e+03	 -2,22179e-01	 -5,87214e-02
1785	  3,5680000000e+03	 -2,22454e-01	 -5,33274e-02
1786	  3,5700000000e+03	 -2,24030e-01	 -4,95671e-02
1787	  3,5720000000e+03	 -2,25752e-01	 -4,51747e-02
1788	  3,5740000000e+03	 -2,26775e-01	 -4,31897e-02
1789	  3,5760000000e+03	 -2,30274e-01	 -3,76324e-02
1790	  3,5780000000e+03	 -2,29155e-01	 -3,24384e-02
1791	  3,5800000000e+03	 -2,28710e-01	 -2,73361e-02
1792	  3,5820000000e+03	 -2,28513e-01	 -2,28374e-02
1793	  3,5840000000e+03	 -2,29498e-01	 -1,95277e-02
1794	  3,5860000000e+03	 -2,32422e-01	 -1,60657e-02
1795	  3,5880000000e+03	 -2,33674e-01	 -9,22488e-03
1796	  3,5900000000e+03	 -2,32297e-01	 -4,65982e-03
1797	  3,5920000000e+03	 -2,32842e-01	  8,20906e-04
1798	  3,5940000000e+03	 -2,32562e-01	  7,49737e-03
1799	  3,5960000000e+03	 -2,32077e-01	  1,13257e-02
1800	  3,5980000000e+03	 -2,31789e-01	  1,56787e-02
1801	  3,6000000000e+03	 -2,30354e-01	  1,98487e-02
1802	  3,6020000000e+03	 -2,28277e-01	  2,34240e-02
1803	  3,6040000000e+03	 -2,28663e-01	  2,53222e-02
1804	  3,6060000000e+03	 -2,28053e-01	  2,99049e-02
1805	  3,6080000000e+03	 -2,28066e-01	  3,51233e-02
1806	  3,6100000000e+03	 -2,28315e-01	  4,00190e-02
1807	  3,6120000000e+03	 -2,22974e-01	  4,73562e-02
1808	  3,6140000000e+03	 -2,20743e-01	  5,26464e-02
1809	  3,6160000000e+03	 -2,22211e-01	  5,62202e-02
1810	  3,6180000000e+03	 -2,19334e-01	  6,10081e-02
1811	  3,6200000000e+03	 -2,16361e-01	  6,31048e-02
1812	  3,6220000000e+03	 -2,14498e-01	  6,49159e-02
1813	  3,6240000000e+03	 -2,09494e-01	  6,84216e-02
1814	  3,6260000000e+03	 -2,06414e-01	  7,33555e-02
1815	  3,6280000000e+03	 -2,04577e-01	  7,69489e-02
1816	  3,6300000000e+03	 -2,03450e-01	  8,00976e-02
1817	  3,6320000000e+03	 -2,01212e-01	  8,40343e-02
1818	  3,6340000000e+03	 -2,01109e-01	  8,61599e-02
1819	  3,6360000000e+03	 -1,97323e-01	  8,95616e-02
1820	  3,6380000000e+03	 -1,94489e-01	  9,59660e-02
1821	  3,6400000000e+03	 -1,95821e-01	  1,00275e-01
1822	  3,6420000000e+03	 -1,92265e-01	  1,02029e-01
1823	  3,6440000000e+03	 -1,90369e-01	  1,04539e-01
1824	  3,6460000000e+03	 -1,88630e-01	  1,07156e-01
1825	  3,6480000000e+03	 -1,82535e-01	  1,10288e-01
1826	  3,6500000000e+03	 -1,78087e-01	  1,12852e-01
1827	  3,6520000000e+03	 -1,76022e-01	  1,13150e-01
1828	  3,6540000000e+03	 -1,76979e-01	  1,14966e-01
1829	  3,6560000000e+03	 -1,74785e-01	  1,17036e-01
1830	  3,6580000000e+03	 -1,71147e-01	  1,17418e-01
1831	  3,6600000000e+03	 -1,71447e-01	  1,21738e-01
1832	  3,6620000000e+03	 -1,69214e-01	  1,23727e-01
1833	  3,6640000000e+03	 -1,65592e-01	  1,25092e-01
1834	  3,6660000000e+03	 -1,65668e-01	  1,26692e-01
1835	  3,6680000000e+03	 -1,63568e-01	  1,32330e-01
1836	  3,6700000000e+03	 -1,60128e-01	  1,34846e-01
1837	  3,6720000000e+03	 -1,57973e-01	  1,37036e-01
1838	  3,6740000000e+03	 -1,54372e-01	  1,40963e-01
1839	  3,6760000000e+03	 -1,50149e-01	  1,42840e-01
1840	  3,6780000000e+03	 -1,47977e-01	  1,42432e-01
1841	  3,6800000000e+03	 -1,45495e-01	  1,46310e-01
1842	  3,6820000000e+03	 -1,42518e-01	  1,49792e-01
1843	  3,6840000000e+03	 -1,38158e-01	  1,50808e-01
1844	  3,6860000000e+03	 -1,37469e-01	  1,54300e-01
1845	  3,6880000000e+03	 -1,33841e-01	  1,56732e-01
1846	  3,6900000000e+03	 -1,30151e-01	  1,56078e-01
1847	  3,6920000000e+03	 -1,29113e-01	  1,55014e-01
1848	  3,6940000000e+03	 -1,27330e-01	  1,58925e-01
1849	  3,6960000000e+03	 -1,26096e-01	  1,60861e-01
1850	  3,6980000000e+03	 -1,23177e-01	  1,62956e-01
1851	  3,7000000000e+03	 -1,17411e-01	  1,63884e-01
1852	  3,7020000000e+03	 -1,15696e-01	  1,66641e-01
1853	  3,7040000000e+03	 -1,14685e-01	  1,71607e-01
1854	  3,7060000000e+03	 -1,12782e-01	  1,72962e-01
1855	  3,7080000000e+03	 -1,08393e-01	  1,73533e-01
1856	  3,7100000000e+03	 -1,03367e-01	  1,75400e-01
1857	  3,7120000000e+03	 -1,00130e-01	  1,80005e-01
1858	  3,7140000000e+03	 -9,56608e-02	  1,80808e-01
1859	  3,7160000000e+03	 -8,96360e-02	  1,81516e-01
1860	  3,7180000000e+03	 -8,73655e-02	  1,83710e-01
1861	  3,7200000000e+03	 -8,49730e-02	  1,82798e-01
1862	  3,7220000000e+03	 -8,16700e-02	  1,83372e-01
1863	  3,7240000000e+03	 -7,80095e-02	  1,86226e-01
1864	  3,7260000000e+03	 -7,55336e-02	  1,88187e-01
1865	  3,7280000000e+03	 -7,06929e-02	  1,87210e-01
1866	  3,7300000000e+03	 -6,48795e-02	  1,86699e-01
1867	  3,7320000000e+03	 -6,27064e-02	  1,87380e-01
1868	  3,7340000000e+03	 -5,84410e-02	  1,88056e-01
1869	  3,7360000000e+03	 -5,66462e-02	  1,86962e-01
1870	  3,7380000000e+03	 -5,27653e-02	  1,87681e-01
1871	  3,7400000000e+03	 -4,73081e-02	  1,85626e-01
1872	  3,7420000000e+03	 -4,13574e-02	  1,85538e-01
1873	  3,7440000000e+03	 -4,05577e-02	  1,86811e-01
1874	  3,7460000000e+03	 -4,35807e-02	  1,85744e-01
1875	  3,7480000000e+03	 -4,26109e-02	  1,87428e-01
1876	  3,7500000000e+03	 -3,44053e-02	  1,89081e-01
1877	  3,7520000000e+03	 -3,38391e-02	  1,86760e-01
1878	  3,7540000000e+03	 -3,16870e-02	  1,87038e-01
1879	  3,7560000000e+03	 -2,55705e-02	  1,88971e-01
1880	  3,7580000000e+03	 -2,05504e-02	  1,88825e-01
1881	  3,7600000000e+03	 -1,64890e-02	  1,88348e-01
1882	  3,7620000000e+03	 -1,22085e-02	  1,87729e-01
1883	  3,7640000000e+03	 -9,25713e-03	  1,85974e-01
1884	  3,7660000000e+03	 -5,88154e-03	  1,84972e-01
1885	  3,7680000000e+03	 -3,21029e-03	  1,82454e-01
1886	  3,7700000000e+03	 -1,36711e-03	  1,80392e-01
1887	  3,7720000000e+03	  5,56327e-04	  1,80364e-01
1888	  3,7740000000e+03	  3,00746e-03	  1,80548e-01
1889	  3,7760000000e+03	  7,34497e-03	  1,79339e-01
1890	  3,7780000000e+03	  1,01877e-02	  1,79919e-01
1891	  3,7800000000e+03	  9,95852e-03	  1,80438e-01
1892	  3,7820000000e+03	  1,19739e-02	  1,79496e-01
1893	  3,7840000000e+03	  1,64183e-02	  1,77945e-01
1894	  3,7860000000e+03	  2,12846e-02	  1,78406e-01
1895	  3,7880000000e+03	  2,45813e-02	  1,78831e-01
1896	  3,7900000000e+03	  2,66948e-02	  1,80951e-01
1897	  3,7920000000e+03	  2,85604e-02	  1,77229e-01
1898	  3,7940000000e+03	  3,12685e-02	  1,72619e-01
1899	  3,7960000000e+03	  3,27623e-02	  1,72076e-01
1900	  3,7980000000e+03	  3,62338e-02	  1,70824e-01
1901	  3,8000000000e+03	  3,86555e-02	  1,69605e-01
1902	  3,8020000000e+03	  4,03727e-02	  1,66639e-01
1903	  3,8040000000e+03	  4,35920e-02	  1,66410e-01
1904	  3,8060000000e+03	  4,36543e-02	  1,65846e-01
1905	  3,8080000000e+03	  4,48969e-02	  1,66777e-01
1906	  3,8100000000e+03	  4,71628e-02	  1,65615e-01
1907	  3,8120000000e+03	  5,18742e-02	  1,66227e-01
1908	  3,8140000000e+03	  5,46529e-02	  1,64576e-01
1909	  3,8160000000e+03	  5,65281e-02	  1,64180e-01
1910	  3,8180000000e+03	  6,08354e-02	  1,61919e-01
1911	  3,8200000000e+03	  6,20068e-02	  1,59778e-01
1912	  3,8220000000e+03	  6,58087e-02	  1,58337e-01
1913	  3,8240000000e+03	  6,61216e-02	  1,58789e-01
1914	  3,8260000000e+03	  6,64530e-02	  1,57320e-01
1915	  3,8280000000e+03	  7,17480e-02	  1,58562e-01
1916	  3,8300000000e+03	  7,54054e-02	  1,55559e-01
1917	  3,8320000000e+03	  7,64939e-02	  1,50685e-01
1918	  3,8340000000e+03	  7,95597e-02	  1,51581e-01
1919	  3,8360000000e+03	  8,32637e-02	  1,52041e-01
1920	  3,8380000000e+03	  8,51437e-02	  1,47976e-01
1921	  3,8400000000e+03	  8,68616e-02	  1,47148e-01
1922	  3,8420000000e+03	  9,14731e-02	  1,43890e-01
1923	  3,8440000000e+03	  9,39611e-02	  1,38367e-01
1924	  3,8460000000e+03	  9,57912e-02	  1,36835e-01
1925	  3,8480000000e+03	  9,82920e-02	  1,32675e-01
1926	  3,8500000000e+03	  9,92751e-02	  1,28589e-01
1927	  3,8520000000e+03	  1,02335e-01	  1,27070e-01
1928	  3,8540000000e+03	  1,00290e-01	  1,25994e-01
1929	  3,8560000000e+03	  1,01896e-01	  1,21967e-01
1930	  3,8580000000e+03	  1,04642e-01	  1,19167e-01
1931	  3,8600000000e+03	  1,05892e-01	  1,17027e-01
1932	  3,8620000000e+03	  1,03104e-01	  1,16587e-01
1933	  3,8640000000e+03	  1,03729e-01	  1,14708e-01
1934	  3,8660000000e+03	  1,04833e-01	  1,11160e-01
1935	  3,8680000000e+03	  1,07614e-01	  1,08680e-01
1936	  3,8700000000e+03	  1,09268e-01	  1,09167e-01
1937	  3,8720000000e+03	  1,09678e-01	  1,08467e-01
1938	  3,8740000000e+03	  1,09661e-01	  1,05735e-01
1939	  3,8760000000e+03	  1,08845e-01	  9,91611e-02
1940	  3,8780000000e+03	  1,10550e-01	  9,79618e-02
1941	  3,8800000000e+03	  1,10438e-01	  9,81198e-02
1942	  3,8820000000e+03	  1,09132e-01	  9,65486e-02
1943	  3,8840000000e+03	  1,10222e-01	  9,58708e-02
1944	  3,8860000000e+03	  1,10878e-01	  9,27035e-02
1945	  3,8880000000e+03	  1,10598e-01	  9,20756e-02
1946	  3,8900000000e+03	  1,10285e-01	  9,06152e-02
1947	  3,8920000000e+03	  1,11769e-01	  8,91632e-02
1948	  3,8940000000e+03	  1,14425e-01	  8,82611e-02
1949	  3,8960000000e+03	  1,15031e-01	  8,84161e-02
1950	  3,8980000000e+03	  1,15562e-01	  8,67530e-02
1951	  3,9000000000e+03	  1,17492e-01	  8,39301e-02
1952	  3,9020000000e+03	  1,19005e-01	  8,20849e-02
1953	  3,9040000000e+03	  1,19190e-01	  8,34597e-02
1954	  3,9060000000e+03	  1,17799e-01	  8,39187e-02
1955	  3,9080000000e+03	  1,20124e-01	  8,20882e-02
1956	  3,9100000000e+03	  1,23162e-01	  7,80718e-02
1957	  3,9120000000e+03	  1,22997e-01	  7,39962e-02
1958	  3,9140000000e+03	  1,24495e-01	  7,47539e-02
1959	  3,9160000000e+03	  1,23666e-01	  7,34848e-02
1960	  3,9180000000e+03	  1,24516e-01	  6,88771e-02
1961	  3,9200000000e+03	  1,26905e-01	  6,86982e-02
1962	  3,9220000000e+03	  1,25967e-01	  6,69118e-02
1963	  3,9240000000e+03	  1,28562e-01	  6,65667e-02
1964	  3,9260000000e+03	  1,29773e-01	  6,52159e-02
1965	  3,9280000000e+03	  1,29346e-01	  6,35346e-02
1966	  3,9300000000e+03	  1,29176e-01	  6,28827e-02
1967	  3,9320000000e+03	  1,30864e-01	  6,23067e-02
1968	  3,9340000000e+03	  1,33611e-01	  5,96469e-02
1969	  3,9360000000e+03	  1,34873e-01	  5,58146e-02
1970	  3,9380000000e+03	  1,37081e-01	  5,48229e-02
1971	  3,9400000000e+03	  1,37818e-01	  4,93928e-02
1972	  3,9420000000e+03	  1,36605e-01	  4,80248e-02
1973	  3,9440000000e+03	  1,38006e-01	  4,68293e-02
1974	  3,9460000000e+03	  1,38548e-01	  4,38718e-02
1975	  3,9480000000e+03	  1,36416e-01	  4,24888e-02
1976	  3,9500000000e+03	  1,36639e-01	  4,24260e-02
1977	  3,9520000000e+03	  1,39334e-01	  3,94348e-02
1978	  3,9540000000e+03	  1,38791e-01	  3,84287e-02
1979	  3,9560000000e+03	  1,41624e-01	  3,60544e-02
1980	  3,9580000000e+03	  1,39556e-01	  3,74339e-02
1981	  3,9600000000e+03	  1,39200e-01	  3,51305e-02
1982	  3,9620000000e+03	  1,41540e-01	  2,88213e-02
1983	  3,9640000000e+03	  1,41502e-01	  2,74149e-02
1984	  3,9660000000e+03	  1,41625e-01	  2,22339e-02
1985	  3,9680000000e+03	  1,41225e-01	  1,97147e-02
1986	  3,9700000000e+03	  1,40867e-01	  1,77578e-02
1987	  3,9720000000e+03	  1,44480e-01	  1,40355e-02
1988	  3,9740000000e+03	  1,43153e-01	  1,26267e-02
1989	  3,9760000000e+03	  1,42436e-01	  1,07191e-02
1990	  3,9780000000e+03	  1,42912e-01	  8,46438e-03
1991	  3,9800000000e+03	  1,44525e-01	  5,04916e-03
1992	  3,9820000000e+03	  1,42792e-01	  2,46178e-03
1993	  3,9840000000e+03	  1,42004e-01	 -2,52003e-04
1994	  3,9860000000e+03	  1,43063e-01	 -2,33578e-03
1995	  3,9880000000e+03	  1,39145e-01	 -4,91616e-03
1996	  3,9900000000e+03	  1,37720e-01	 -7,70435e-03
1997	  3,9920000000e+03	  1,38251e-01	 -8,37882e-03
1998	  3,9940000000e+03	  1,37814e-01	 -1,07687e-02
1999	  3,9960000000e+03	  1,36956e-01	 -1,15250e-02
2000	  3,9980000000e+03	  1,35499e-01	 -1,52153e-02
2001	  4,0000000000e+03	  1,34427e-01	 -1,91191e-02
2002	  4,0020000000e+03	  1,32550e-01	 -2,04516e-02
2003	  4,0040000000e+03	  1,31911e-01	 -2,32472e-02
2004	  4,0060000000e+03	  1,30881e-01	 -2,32469e-02
2005	  4,0080000000e+03	  1,28538e-01	 -2,26351e-02
2006	  4,0100000000e+03	  1,26710e-01	 -2,55072e-02
2007	  4,0120000000e+03	  1,25224e-01	 -2,47074e-02
2008	  4,0140000000e+03	  1,23938e-01	 -2,40563e-02
2009	  4,0160000000e+03	  1,22225e-01	 -2,68151e-02
2010	  4,0180000000e+03	  1,19779e-01	 -2,66023e-02
2011	  4,0200000000e+03	  1,21035e-01	 -2,32965e-02
2012	  4,0220000000e+03	  1,23998e-01	 -2,45358e-02
2013	  4,0240000000e+03	  1,24563e-01	 -2,57216e-02
2014	  4,0260000000e+03	  1,22251e-01	 -2,83970e-02
2015	  4,0280000000e+03	  1,22354e-01	 -3,05451e-02
2016	  4,0300000000e+03	  1,23116e-01	 -2,93884e-02
2017	  4,0320000000e+03	  1,26175e-01	 -3,07280e-02
2018	  4,0340000000e+03	  1,24928e-01	 -3,05615e-02
2019	  4,0360000000e+03	  1,25794e-01	 -3,18219e-02
2020	  4,0380000000e+03	  1,28702e-01	 -3,28027e-02
2021	  4,0400000000e+03	  1,28519e-01	 -3,51282e-02
2022	  4,0420000000e+03	  1,30070e-01	 -3,66915e-02
2023	  4,0440000000e+03	  1,30231e-01	 -3,83774e-02
2024	  4,0460000000e+03	  1,30654e-01	 -4,20747e-02
2025	  4,0480000000e+03	  1,29538e-01	 -4,73347e-02
2026	  4,0500000000e+03	  1,30212e-01	 -4,76485e-02
2027	  4,0520000000e+03	  1,30366e-01	 -4,97534e-02
2028	  4,0540000000e+03	  1,27002e-01	 -5,39347e-02
2029	  4,0560000000e+03	  1,28404e-01	 -5,68982e-02
2030	  4,0580000000e+03	  1,27687e-01	 -6,02306e-02
2031	  4,0600000000e+03	  1,26691e-01	 -6,23329e-02
2032	  4,0620000000e+03	  1,24301e-01	 -6,75681e-02
2033	  4,0640000000e+03	  1,21484e-01	 -6,90778e-02
2034	  4,0660000000e+03	  1,17824e-01	 -6,87160e-02
2035	  4,0680000000e+03	  1,18039e-01	 -7,06235e-02
2036	  4,0700000000e+03	  1,17415e-01	 -7,28581e-02
2037	  4,0720000000e+03	  1,16806e-01	 -7,39185e-02
2038	  4,0740000000e+03	  1,16237e-01	 -7,74161e-02
2039	  4,0760000000e+03	  1,13998e-01	 -7,87413e-02
2040	  4,0780000000e+03	  1,13626e-01	 -7,93661e-02
2041	  4,0800000000e+03	  1,11345e-01	 -7,70363e-02
2042	  4,0820000000e+03	  1,08836e-01	 -7,91694e-02
2043	  4,0840000000e+03	  1,05875e-01	 -8,15510e-02
2044	  4,0860000000e+03	  1,04465e-01	 -8,07223e-02
2045	  4,0880000000e+03	  1,03283e-01	 -8,24856e-02
2046	  4,0900000000e+03	  1,00988e-01	 -8,12047e-02
2047	  4,0920000000e+03	  9,95334e-02	 -8,35656e-02
2048	  4,0940000000e+03	  1,02513e-01	 -8,59147e-02
2049	  4,0960000000e+03	  1,01537e-01	 -8,49093e-02
2050	  4,0980000000e+03	  9,79030e-02	 -8,73426e-02
2051	  4,1000000000e+03	  9,42733e-02	 -8,86856e-02
2052	  4,1020000000e+03	  9,37171e-02	 -9,17232e-02
2053	  4,1040000000e+03	  9,63612e-02	 -9,13004e-02
2054	  4,1060000000e+03	  9,35357e-02	 -9,13214e-02
2055	  4,1080000000e+03	  8,96814e-02	 -9,26957e-02
2056	  4,1100000000e+03	  9,07546e-02	 -9,41875e-02
2057	  4,1120000000e+03	  9,12777e-02	 -9,65652e-02
2058	  4,1140000000e+03	  9,00978e-02	 -9,62560e-02
2059	  4,1160000000e+03	  9,14229e-02	 -9,77940e-02
2060	  4,1180000000e+03	  8,82509e-02	 -9,91785e-02
2061	  4,1200000000e+03	  8,79709e-02	 -1,00149e-01
2062	  4,1220000000e+03	  8,73535e-02	 -1,02345e-01
2063	  4,1240000000e+03	  8,54752e-02	 -1,04101e-01
2064	  4,1260000000e+03	  8,48385e-02	 -1,08196e-01
2065	  4,1280000000e+03	  8,11449e-02	 -1,09169e-01
2066	  4,1300000000e+03	  7,69600e-02	 -1,10901e-01
2067	  4,1320000000e+03	  7,30294e-02	 -1,11033e-01
2068	  4,1340000000e+03	  7,26283e-02	 -1,14380e-01
2069	  4,1360000000e+03	  7,44590e-02	 -1,12375e-01
2070	  4,1380000000e+03	  7,10909e-02	 -1,11309e-01
2071	  4,1400000000e+03	  6,80149e-02	 -1,10768e-01
2072	  4,1420000000e+03	  6,72478e-02	 -1,11905e-01
2073	  4,1440000000e+03	  6,63753e-02	 -1,14135e-01
2074	  4,1460000000e+03	  6,55805e-02	 -1,16329e-01
2075	  4,1480000000e+03	  6,65588e-02	 -1,17489e-01
2076	  4,1500000000e+03	  6,24435e-02	 -1,20799e-01
2077	  4,1520000000e+03	  5,87919e-02	 -1,20532e-01
2078	  4,1540000000e+03	  6,08719e-02	 -1,19098e-01
2079	  4,1560000000e+03	  6,00739e-02	 -1,22764e-01
2080	  4,1580000000e+03	  5,72638e-02	 -1,24384e-01
2081	  4,1600000000e+03	  5,59126e-02	 -1,27009e-01
2082	  4,1620000000e+03	  5,65238e-02	 -1,29022e-01
2083	  4,1640000000e+03	  5,69767e-02	 -1,27243e-01
2084	  4,1660000000e+03	  5,46769e-02	 -1,26447e-01
2085	  4,1680000000e+03	  5,36849e-02	 -1,27129e-01
2086	  4,1700000000e+03	  5,24325e-02	 -1,30944e-01
2087	  4,1720000000e+03	  5,00353e-02	 -1,33559e-01
2088	  4,1740000000e+03	  4,69540e-02	 -1,32700e-01
2089	  4,1760000000e+03	  4,21937e-02	 -1,34570e-01
2090	  4,1780000000e+03	  4,12364e-02	 -1,36560e-01
2091	  4,1800000000e+03	  4,03808e-02	 -1,37043e-01
2092	  4,1820000000e+03	  3,75427e-02	 -1,39870e-01
2093	  4,1840000000e+03	  3,44107e-02	 -1,40716e-01
2094	  4,1860000000e+03	  3,22296e-02	 -1,43989e-01
2095	  4,1880000000e+03	  2,73984e-02	 -1,44577e-01
2096	  4,1900000000e+03	  2,72183e-02	 -1,44070e-01
2097	  4,1920000000e+03	  2,49849e-02	 -1,45018e-01
2098	  4,1940000000e+03	  2,00429e-02	 -1,47719e-01
2099	  4,1960000000e+03	  1,76216e-02	 -1,50461e-01
2100	  4,1980000000e+03	  1,49672e-02	 -1,50659e-01
2101	  4,2000000000e+03	  1,39669e-02	 -1,52437e-01
2102	  4,2020000000e+03	  8,33449e-03	 -1,54690e-01
2103	  4,2040000000e+03	  3,23398e-03	 -1,52745e-01
2104	  4,2060000000e+03	 -3,76371e-04	 -1,51136e-01
2105	  4,2080000000e+03	 -2,69150e-03	 -1,49886e-01
2106	  4,2100000000e+03	 -6,90648e-03	 -1,49431e-01
2107	  4,2120000000e+03	 -1,10625e-02	 -1,47000e-01
2108	  4,2140000000e+03	 -1,37913e-02	 -1,43335e-01
2109	  4,2160000000e+03	 -1,54338e-02	 -1,41476e-01
2110	  4,2180000000e+03	 -1,61272e-02	 -1,41523e-01
2111	  4,2200000000e+03	 -2,03412e-02	 -1,41384e-01
2112	  4,2220000000e+03	 -2,20470e-02	 -1,42827e-01
2113	  4,2240000000e+03	 -2,40861e-02	 -1,38734e-01
2114	  4,2260000000e+03	 -2,75579e-02	 -1,36921e-01
2115	  4,2280000000e+03	 -2,82632e-02	 -1,36911e-01
2116	  4,2300000000e+03	 -3,24104e-02	 -1,32688e-01
2117	  4,2320000000e+03	 -3,45681e-02	 -1,29093e-01
2118	  4,2340000000e+03	 -3,60075e-02	 -1,28614e-01
2119	  4,2360000000e+03	 -3,62143e-02	 -1,29396e-01
2120	  4,2380000000e+03	 -3,82261e-02	 -1,31575e-01
2121	  4,2400000000e+03	 -3,99222e-02	 -1,31227e-01
2122	  4,2420000000e+03	 -4,15676e-02	 -1,28161e-01
2123	  4,2440000000e+03	 -4,20785e-02	 -1,26312e-01
2124	  4,2460000000e+03	 -4,21140e-02	 -1,26870e-01
2125	  4,2480000000e+03	 -4,06480e-02	 -1,25000e-01
2126	  4,2500000000e+03	 -4,30350e-02	 -1,25230e-01
2127	  4,2520000000e+03	 -4,38384e-02	 -1,22934e-01
2128	  4,2540000000e+03	 -4,45332e-02	 -1,23961e-01
2129	  4,2560000000e+03	 -4,55606e-02	 -1,26625e-01
2130	  4,2580000000e+03	 -4,70102e-02	 -1,26046e-01
2131	  4,2600000000e+03	 -4,86230e-02	 -1,25699e-01
2132	  4,2620000000e+03	 -5,20915e-02	 -1,24593e-01
2133	  4,2640000000e+03	 -5,70901e-02	 -1,25245e-01
2134	  4,2660000000e+03	 -5,84825e-02	 -1,25644e-01
2135	  4,2680000000e+03	 -5,96537e-02	 -1,24302e-01
2136	  4,2700000000e+03	 -6,32530e-02	 -1,22632e-01
2137	  4,2720000000e+03	 -6,63095e-02	 -1,21175e-01
2138	  4,2740000000e+03	 -6,65396e-02	 -1,21810e-01
2139	  4,2760000000e+03	 -6,81792e-02	 -1,22733e-01
2140	  4,2780000000e+03	 -7,17277e-02	 -1,19767e-01
2141	  4,2800000000e+03	 -7,39351e-02	 -1,17297e-01
2142	  4,2820000000e+03	 -7,77521e-02	 -1,16066e-01
2143	  4,2840000000e+03	 -7,86549e-02	 -1,14209e-01
2144	  4,2860000000e+03	 -8,04088e-02	 -1,12721e-01
2145	  4,2880000000e+03	 -8,41272e-02	 -1,10033e-01
2146	  4,2900000000e+03	 -8,39288e-02	 -1,09603e-01
2147	  4,2920000000e+03	 -8,55418e-02	 -1,07650e-01
2148	  4,2940000000e+03	 -8,79092e-02	 -1,04371e-01
2149	  4,2960000000e+03	 -8,87573e-02	 -1,04928e-01
2150	  4,2980000000e+03	 -8,98191e-02	 -1,05728e-01
2151	  4,3000000000e+03	 -9,19181e-02	 -1,03792e-01
2152	  4,3020000000e+03	 -9,26463e-02	 -9,81245e-02
2153	  4,3040000000e+03	 -9,29205e-02	 -9,62827e-02
2154	  4,3060000000e+03	 -9,19335e-02	 -9,53358e-02
2155	  4,3080000000e+03	 -9,55112e-02	 -9,45785e-02
2156	  4,3100000000e+03	 -9,74126e-02	 -8,93432e-02
2157	  4,3120000000e+03	 -9,85647e-02	 -8,94542e-02
2158	  4,3140000000e+03	 -9,83753e-02	 -8,90458e-02
2159	  4,3160000000e+03	 -9,94833e-02	 -8,54300e-02
2160	  4,3180000000e+03	 -9,83824e-02	 -8,64715e-02
2161	  4,3200000000e+03	 -9,88131e-02	 -8,52153e-02
2162	  4,3220000000e+03	 -9,97231e-02	 -8,34127e-02
2163	  4,3240000000e+03	 -9,95034e-02	 -8,21929e-02
2164	  4,3260000000e+03	 -9,96511e-02	 -8,06793e-02
2165	  4,3280000000e+03	 -9,91899e-02	 -8,03375e-02
2166	  4,3300000000e+03	 -1,02413e-01	 -7,97847e-02
2167	  4,3320000000e+03	 -1,05348e-01	 -7,91049e-02
2168	  4,3340000000e+03	 -1,06925e-01	 -7,90660e-02
2169	  4,3360000000e+03	 -1,06210e-01	 -7,58220e-02
2170	  4,3380000000e+03	 -1,06673e-01	 -7,42289e-02
2171	  4,3400000000e+03	 -1,07532e-01	 -7,36943e-02
2172	  4,3420000000e+03	 -1,10797e-01	 -7,32498e-02
2173	  4,3440000000e+03	 -1,12036e-01	 -7,18838e-02
2174	  4,3460000000e+03	 -1,12550e-01	 -6,70298e-02
2175	  4,3480000000e+03	 -1,14370e-01	 -6,74828e-02
2176	  4,3500000000e+03	 -1,18452e-01	 -6,74330e-02
2177	  4,3520000000e+03	 -1,17980e-01	 -6,48945e-02
2178	  4,3540000000e+03	 -1,20100e-01	 -6,32028e-02
2179	  4,3560000000e+03	 -1,19988e-01	 -6,17573e-02
2180	  4,3580000000e+03	 -1,22275e-01	 -6,13074e-02
2181	  4,3600000000e+03	 -1,24515e-01	 -5,68991e-02
2182	  4,3620000000e+03	 -1,25796e-01	 -5,51506e-02
2183	  4,3640000000e+03	 -1,27637e-01	 -5,44479e-02
2184	  4,3660000000e+03	 -1,28806e-01	 -5,07969e-02
2185	  4,3680000000e+03	 -1,27302e-01	 -4,88524e-02
2186	  4,3700000000e+03	 -1,28000e-01	 -4,72136e-02
2187	  4,3720000000e+03	 -1,30679e-01	 -4,52100e-02
2188	  4,3740000000e+03	 -1,32691e-01	 -4,10832e-02
2189	  4,3760000000e+03	 -1,35080e-01	 -3,77072e-02
2190	  4,3780000000e+03	 -1,35765e-01	 -3,58863e-02
2191	  4,3800000000e+03	 -1,36976e-01	 -3,40726e-02
2192	  4,3820000000e+03	 -1,37210e-01	 -3,35470e-02
2193	  4,3840000000e+03	 -1,37622e-01	 -2,93502e-02
2194	  4,3860000000e+03	 -1,37551e-01	 -2,62718e-02
2195	  4,3880000000e+03	 -1,35142e-01	 -2,59247e-02
2196	  4,3900000000e+03	 -1,35944e-01	 -2,34680e-02
2197	  4,3920000000e+03	 -1,37553e-01	 -2,43182e-02
2198	  4,3940000000e+03	 -1,36493e-01	 -1,84161e-02
2199	  4,3960000000e+03	 -1,36725e-01	 -1,48790e-02
2200	  4,3980000000e+03	 -1,35894e-01	 -1,24151e-02
2201	  4,4000000000e+03	 -1,39261e-01	 -1,06937e-02
2202	  4,4020000000e+03	 -1,36487e-01	 -7,20281e-03
2203	  4,4040000000e+03	 -1,35934e-01	 -8,51287e-03
2204	  4,4060000000e+03	 -1,36058e-01	 -6,56732e-03
2205	  4,4080000000e+03	 -1,37598e-01	 -4,88902e-03
2206	  4,4100000000e+03	 -1,39260e-01	 -6,28311e-04
2207	  4,4120000000e+03	 -1,38759e-01	 -1,92918e-04
2208	  4,4140000000e+03	 -1,39028e-01	  1,64736e-03
2209	  4,4160000000e+03	 -1,36562e-01	 -8,76716e-05
2210	  4,4180000000e+03	 -1,39237e-01	  1,65855e-03
2211	  4,4200000000e+03	 -1,40162e-01	  6,97684e-03
2212	  4,4220000000e+03	 -1,40053e-01	  8,18632e-03
2213	  4,4240000000e+03	 -1,41277e-01	  1,11156e-02
2214	  4,4260000000e+03	 -1,41980e-01	  1,54440e-02
2215	  4,4280000000e+03	 -1,41467e-01	  1,91547e-02
2216	  4,4300000000e+03	 -1,39990e-01	  2,18049e-02
2217	  4,4320000000e+03	 -1,40061e-01	  2,43347e-02
2218	  4,4340000000e+03	 -1,40223e-01	  2,63799e-02
2219	  4,4360000000e+03	 -1,41895e-01	  3,06895e-02
2220	  4,4380000000e+03	 -1,38501e-01	  3,19279e-02
2221	  4,4400000000e+03	 -1,37701e-01	  3,31796e-02
2222	  4,4420000000e+03	 -1,38088e-01	  3,69869e-02
2223	  4,4440000000e+03	 -1,35099e-01	  4,16769e-02
2224	  4,4460000000e+03	 -1,32470e-01	  4,51016e-02
2225	  4,4480000000e+03	 -1,32352e-01	  4,79204e-02
2226	  4,4500000000e+03	 -1,30015e-01	  4,89906e-02
2227	  4,4520000000e+03	 -1,27511e-01	  5,07780e-02
2228	  4,4540000000e+03	 -1,26278e-01	  5,12596e-02
2229	  4,4560000000e+03	 -1,27530e-01	  5,40434e-02
2230	  4,4580000000e+03	 -1,27056e-01	  5,86988e-02
2231	  4,4600000000e+03	 -1,24937e-01	  6,18582e-02
2232	  4,4620000000e+03	 -1,23026e-01	  6,35800e-02
2233	  4,4640000000e+03	 -1,21425e-01	  6,43008e-02
2234	  4,4660000000e+03	 -1,18467e-01	  6,66549e-02
2235	  4,4680000000e+03	 -1,16079e-01	  6,76866e-02
2236	  4,4700000000e+03	 -1,15591e-01	  6,79178e-02
2237	  4,4720000000e+03	 -1,16400e-01	  6,68900e-02
2238	  4,4740000000e+03	 -1,15673e-01	  6,97137e-02
2239	  4,4760000000e+03	 -1,11012e-01	  7,29096e-02
2240	  4,4780000000e+03	 -1,08182e-01	  7,43417e-02
2241	  4,4800000000e+03	 -1,08755e-01	  7,50756e-02
2242	  4,4820000000e+03	 -1,10249e-01	  7,78206e-02
2243	  4,4840000000e+03	 -1,09361e-01	  7,98238e-02
2244	  4,4860000000e+03	 -1,06152e-01	  8,25629e-02
2245	  4,4880000000e+03	 -1,04974e-01	  8,25038e-02
2246	  4,4900000000e+03	 -1,03651e-01	  8,52798e-02
2247	  4,4920000000e+03	 -1,02040e-01	  9,01332e-02
2248	  4,4940000000e+03	 -1,00337e-01	  9,01328e-02
2249	  4,4960000000e+03	 -9,77220e-02	  8,96714e-02
2250	  4,4980000000e+03	 -9,66080e-02	  9,00765e-02
2251	  4,5000000000e+03	 -9,50356e-02	  9,24215e-02
2252	  4,5020000000e+03	 -9,02692e-02	  9,33721e-02
2253	  4,5040000000e+03	 -8,68537e-02	  9,24820e-02
2254	  4,5060000000e+03	 -8,50626e-02	  9,07503e-02
2255	  4,5080000000e+03	 -8,37653e-02	  9,25978e-02
2256	  4,5100000000e+03	 -8,21329e-02	  9,47423e-02
2257	  4,5120000000e+03	 -8,09669e-02	  9,53994e-02
2258	  4,5140000000e+03	 -8,10235e-02	  9,63968e-02
2259	  4,5160000000e+03	 -7,98520e-02	  9,56719e-02
2260	  4,5180000000e+03	 -7,64878e-02	  9,90765e-02
2261	  4,5200000000e+03	 -7,43953e-02	  1,01463e-01
2262	  4,5220000000e+03	 -7,08137e-02	  1,01995e-01
2263	  4,5240000000e+03	 -7,17132e-02	  1,00545e-01
2264	  4,5260000000e+03	 -7,11517e-02	  9,99815e-02
2265	  4,5280000000e+03	 -6,96955e-02	  1,00305e-01
2266	  4,5300000000e+03	 -6,98027e-02	  1,03952e-01
2267	  4,5320000000e+03	 -6,80497e-02	  1,05218e-01
2268	  4,5340000000e+03	 -6,77017e-02	  1,04667e-01
2269	  4,5360000000e+03	 -6,79641e-02	  1,06501e-01
2270	  4,5380000000e+03	 -6,38107e-02	  1,06700e-01
2271	  4,5400000000e+03	 -6,18401e-02	  1,09629e-01
2272	  4,5420000000e+03	 -6,20735e-02	  1,10171e-01
2273	  4,5440000000e+03	 -6,14821e-02	  1,11034e-01
2274	  4,5460000000e+03	 -5,86067e-02	  1,10590e-01
2275	  4,5480000000e+03	 -5,52294e-02	  1,13153e-01
2276	  4,5500000000e+03	 -5,43123e-02	  1,13382e-01
2277	  4,5520000000e+03	 -5,18184e-02	  1,14947e-01
2278	  4,5540000000e+03	 -4,86891e-02	  1,15257e-01
2279	  4,5560000000e+03	 -4,74809e-02	  1,15525e-01
2280	  4,5580000000e+03	 -4,77560e-02	  1,18163e-01
2281	  4,5600000000e+03	 -4,40474e-02	  1,19577e-01
2282	  4,5620000000e+03	 -4,18259e-02	  1,19982e-01
2283	  4,5640000000e+03	 -3,99993e-02	  1,21167e-01
2284	  4,5660000000e+03	 -3,69680e-02	  1,21731e-01
2285	  4,5680000000e+03	 -3,25890e-02	  1,22798e-01
2286	  4,5700000000e+03	 -3,11015e-02	  1,25191e-01
2287	  4,5720000000e+03	 -2,83016e-02	  1,22466e-01
2288	  4,5740000000e+03	 -2,82028e-02	  1,19991e-01
2289	  4,5760000000e+03	 -2,60341e-02	  1,20218e-01
2290	  4,5780000000e+03	 -2,22599e-02	  1,18544e-01
2291	  4,5800000000e+03	 -2,19347e-02	  1,21414e-01
2292	  4,5820000000e+03	 -2,01232e-02	  1,20156e-01
2293	  4,5840000000e+03	 -2,08097e-02	  1,16356e-01
2294	  4,5860000000e+03	 -1,65809e-02	  1,17662e-01
2295	  4,5880000000e+03	 -1,49015e-02	  1,17598e-01
2296	  4,5900000000e+03	 -1,48721e-02	  1,17635e-01
2297	  4,5920000000e+03	 -1,19130e-02	  1,16899e-01
2298	  4,5940000000e+03	 -1,15226e-02	  1,19487e-01
2299	  4,5960000000e+03	 -9,10868e-03	  1,18536e-01
2300	  4,5980000000e+03	 -7,50242e-03	  1,20246e-01
2301	  4,6000000000e+03	 -4,24973e-03	  1,17894e-01
2302	  4,6020000000e+03	 -3,02634e-03	  1,17599e-01
2303	  4,6040000000e+03	 -3,47441e-03	  1,18092e-01
2304	  4,6060000000e+03	 -1,51835e-03	  1,18968e-01
2305	  4,6080000000e+03	 -2,42663e-04	  1,21835e-01
2306	  4,6100000000e+03	  2,64579e-03	  1,22540e-01
2307	  4,6120000000e+03	  6,69134e-03	  1,22301e-01
2308	  4,6140000000e+03	  7,98057e-03	  1,20473e-01
2309	  4,6160000000e+03	  7,83483e-03	  1,19891e-01
2310	  4,6180000000e+03	  9,96723e-03	  1,18449e-01
2311	  4,6200000000e+03	  1,15044e-02	  1,22836e-01
2312	  4,6220000000e+03	  1,42850e-02	  1,22350e-01
2313	  4,6240000000e+03	  1,66869e-02	  1,20689e-01
2314	  4,6260000000e+03	  1,75613e-02	  1,19650e-01
2315	  4,6280000000e+03	  1,95809e-02	  1,18586e-01
2316	  4,6300000000e+03	  1,83911e-02	  1,16257e-01
2317	  4,6320000000e+03	  2,33361e-02	  1,15591e-01
2318	  4,6340000000e+03	  2,72792e-02	  1,14617e-01
2319	  4,6360000000e+03	  2,55475e-02	  1,16705e-01
2320	  4,6380000000e+03	  2,60890e-02	  1,17580e-01
2321	  4,6400000000e+03	  2,75833e-02	  1,15862e-01
2322	  4,6420000000e+03	  2,92160e-02	  1,18726e-01
2323	  4,6440000000e+03	  3,50059e-02	  1,18485e-01
2324	  4,6460000000e+03	  3,73624e-02	  1,16199e-01
2325	  4,6480000000e+03	  3,89973e-02	  1,14567e-01
2326	  4,6500000000e+03	  4,24076e-02	  1,13401e-01
2327	  4,6520000000e+03	  4,49629e-02	  1,11788e-01
2328	  4,6540000000e+03	  4,56048e-02	  1,10247e-01
2329	  4,6560000000e+03	  4,69672e-02	  1,09924e-01
2330	  4,6580000000e+03	  4,98459e-02	  1,12271e-01
2331	  4,6600000000e+03	  5,29002e-02	  1,11451e-01
2332	  4,6620000000e+03	  5,52434e-02	  1,07878e-01
2333	  4,6640000000e+03	  5,80243e-02	  1,07699e-01
2334	  4,6660000000e+03	  5,52325e-02	  1,07515e-01
2335	  4,6680000000e+03	  5,76252e-02	  1,04627e-01
2336	  4,6700000000e+03	  5,81398e-02	  1,03220e-01
2337	  4,6720000000e+03	  6,09302e-02	  1,03758e-01
2338	  4,6740000000e+03	  6,30501e-02	  1,01258e-01
2339	  4,6760000000e+03	  6,56341e-02	  9,88635e-02
2340	  4,6780000000e+03	  6,99571e-02	  9,58041e-02
2341	  4,6800000000e+03	  7,17997e-02	  9,57018e-02
2342	  4,6820000000e+03	  7,20545e-02	  9,38823e-02
2343	  4,6840000000e+03	  7,20740e-02	  9,14709e-02
2344	  4,6860000000e+03	  7,39218e-02	  9,15905e-02
2345	  4,6880000000e+03	  7,54369e-02	  8,82237e-02
2346	  4,6900000000e+03	  7,74048e-02	  8,60367e-02
2347	  4,6920000000e+03	  7,61387e-02	  8,65760e-02
2348	  4,6940000000e+03	  7,67771e-02	  8,22566e-02
2349	  4,6960000000e+03	  7,92271e-02	  7,94358e-02
2350	  4,6980000000e+03	  7,82278e-02	  7,92945e-02
2351	  4,7000000000e+03	  7,74834e-02	  7,86118e-02
2352	  4,7020000000e+03	  8,16504e-02	  7,50742e-02
2353	  4,7040000000e+03	  8,19919e-02	  7,42768e-02
2354	  4,7060000000e+03	  8,25152e-02	  7,26518e-02
2355	  4,7080000000e+03	  8,20065e-02	  7,16881e-02
2356	  4,7100000000e+03	  8,40079e-02	  7,32492e-02
2357	  4,7120000000e+03	  8,43262e-02	  7,49772e-02
2358	  4,7140000000e+03	  8,26984e-02	  7,17591e-02
2359	  4,7160000000e+03	  8,24985e-02	  6,78466e-02
2360	  4,7180000000e+03	  8,42414e-02	  6,86299e-02
2361	  4,7200000000e+03	  8,52909e-02	  6,64922e-02
2362	  4,7220000000e+03	  8,78040e-02	  6,46231e-02
2363	  4,7240000000e+03	  8,76070e-02	  6,50394e-02
2364	  4,7260000000e+03	  9,18581e-02	  6,04965e-02
2365	  4,7280000000e+03	  9,20005e-02	  5,92140e-02
2366	  4,7300000000e+03	  9,26781e-02	  5,71209e-02
2367	  4,7320000000e+03	  9,09124e-02	  5,37390e-02
2368	  4,7340000000e+03	  9,28196e-02	  5,13599e-02
2369	  4,7360000000e+03	  9,36926e-02	  4,97397e-02
2370	  4,7380000000e+03	  9,32500e-02	  4,92507e-02
2371	  4,7400000000e+03	  9,19767e-02	  4,84557e-02
2372	  4,7420000000e+03	  9,31900e-02	  4,88527e-02
2373	  4,7440000000e+03	  9,29118e-02	  4,48478e-02
2374	  4,7460000000e+03	  9,30089e-02	  4,32650e-02
2375	  4,7480000000e+03	  9,43065e-02	  4,32963e-02
2376	  4,7500000000e+03	  9,41587e-02	  4,36674e-02
2377	  4,7520000000e+03	  9,50826e-02	  3,87981e-02
2378	  4,7540000000e+03	  9,38013e-02	  3,90192e-02
2379	  4,7560000000e+03	  9,29483e-02	  3,86188e-02
2380	  4,7580000000e+03	  9,43647e-02	  3,65844e-02
2381	  4,7600000000e+03	  9,66193e-02	  3,24716e-02
2382	  4,7620000000e+03	  9,68009e-02	  3,10299e-02
2383	  4,7640000000e+03	  9,64103e-02	  3,07762e-02
2384	  4,7660000000e+03	  9,81852e-02	  3,00144e-02
2385	  4,7680000000e+03	  9,81512e-02	  2,85131e-02
2386	  4,7700000000e+03	  9,99216e-02	  2,89007e-02
2387	  4,7720000000e+03	  1,01607e-01	  2,70250e-02
2388	  4,7740000000e+03	  1,01077e-01	  2,53639e-02
2389	  4,7760000000e+03	  1,01606e-01	  2,23736e-02
2390	  4,7780000000e+03	  1,01607e-01	  2,04241e-02
2391	  4,7800000000e+03	  9,98182e-02	  1,93597e-02
2392	  4,7820000000e+03	  1,00294e-01	  1,55411e-02
2393	  4,7840000000e+03	  1,00217e-01	  1,29194e-02
2394	  4,7860000000e+03	  9,81555e-02	  1,08020e-02
2395	  4,7880000000e+03	  9,72376e-02	  9,60983e-03
2396	  4,7900000000e+03	  9,64205e-02	  9,71837e-03
2397	  4,7920000000e+03	  9,65351e-02	  8,21757e-03
2398	  4,7940000000e+03	  9,76239e-02	  7,78348e-03
2399	  4,7960000000e+03	  9,70345e-02	  7,83582e-03
2400	  4,7980000000e+03	  9,63062e-02	  3,90004e-03
2401	  4,8000000000e+03	  9,49783e-02	  2,33557e-03
2402	  4,8020000000e+03	  9,20991e-02	  3,18322e-03
2403	  4,8040000000e+03	  9,45247e-02	  7,86769e-04
2404	  4,8060000000e+03	  9,28637e-02	 -4,21863e-03
2405	  4,8080000000e+03	  9,24448e-02	 -7,87103e-03
2406	  4,8100000000e+03	  9,18192e-02	 -6,49622e-03
2407	  4,8120000000e+03	  9,07293e-02	 -7,15079e-03
2408	  4,8140000000e+03	  9,18125e-02	 -5,15128e-03
2409	  4,8160000000e+03	  8,93490e-02	 -7,42819e-03
2410	  4,8180000000e+03	  8,73365e-02	 -7,82115e-03
2411	  4,8200000000e+03	  8,89827e-02	 -9,33173e-03
2412	  4,8220000000e+03	  8,77265e-02	 -1,17818e-02
2413	  4,8240000000e+03	  8,79216e-02	 -1,21140e-02
2414	  4,8260000000e+03	  8,51300e-02	 -1,18099e-02
2415	  4,8280000000e+03	  8,52603e-02	 -1,27656e-02
2416	  4,8300000000e+03	  8,57218e-02	 -1,32021e-02
2417	  4,8320000000e+03	  8,55433e-02	 -1,57744e-02
2418	  4,8340000000e+03	  8,57159e-02	 -1,67749e-02
2419	  4,8360000000e+03	  8,32218e-02	 -1,76150e-02
2420	  4,8380000000e+03	  8,23822e-02	 -1,72644e-02
2421	  4,8400000000e+03	  8,53263e-02	 -1,68160e-02
2422	  4,8420000000e+03	  8,59693e-02	 -1,70188e-02
2423	  4,8440000000e+03	  8,55660e-02	 -1,87685e-02
2424	  4,8460000000e+03	  8,46743e-02	 -1,94975e-02
2425	  4,8480000000e+03	  8,64474e-02	 -2,12863e-02
2426	  4,8500000000e+03	  8,66516e-02	 -2,22735e-02
2427	  4,8520000000e+03	  8,50357e-02	 -2,22900e-02
2428	  4,8540000000e+03	  8,40129e-02	 -2,26664e-02
2429	  4,8560000000e+03	  8,48779e-02	 -2,30101e-02
2430	  4,8580000000e+03	  8,42891e-02	 -2,53966e-02
2431	  4,8600000000e+03	  8,16828e-02	 -2,91188e-02
2432	  4,8620000000e+03	  8,11974e-02	 -2,76122e-02
2433	  4,8640000000e+03	  7,95360e-02	 -2,85942e-02
2434	  4,8660000000e+03	  8,00491e-02	 -3,05060e-02
2435	  4,8680000000e+03	  7,92729e-02	 -3,25087e-02
2436	  4,8700000000e+03	  7,79551e-02	 -3,49343e-02
2437	  4,8720000000e+03	  7,84054e-02	 -3,31624e-02
2438	  4,8740000000e+03	  7,79724e-02	 -3,38487e-02
2439	  4,8760000000e+03	  7,60041e-02	 -3,34404e-02
2440	  4,8780000000e+03	  7,62392e-02	 -3,31034e-02
2441	  4,8800000000e+03	  7,49607e-02	 -3,39966e-02
2442	  4,8820000000e+03	  7,29328e-02	 -3,49304e-02
2443	  4,8840000000e+03	  7,28729e-02	 -3,56874e-02
2444	  4,8860000000e+03	  7,30870e-02	 -3,79754e-02
2445	  4,8880000000e+03	  7,32928e-02	 -3,92914e-02
2446	  4,8900000000e+03	  7,32995e-02	 -4,43109e-02
2447	  4,8920000000e+03	  7,32078e-02	 -4,46540e-02
2448	  4,8940000000e+03	  7,51573e-02	 -4,35089e-02
2449	  4,8960000000e+03	  7,54515e-02	 -4,31541e-02
2450	  4,8980000000e+03	  7,29859e-02	 -4,35592e-02
2451	  4,9000000000e+03	  6,78689e-02	 -4,74195e-02
2452	  4,9020000000e+03	  7,04923e-02	 -4,61278e-02
2453	  4,9040000000e+03	  6,82558e-02	 -4,47912e-02
2454	  4,9060000000e+03	  6,86252e-02	 -4,76324e-02
2455	  4,9080000000e+03	  6,86317e-02	 -4,91057e-02
2456	  4,9100000000e+03	  6,65841e-02	 -4,60272e-02
2457	  4,9120000000e+03	  6,45019e-02	 -4,53160e-02
2458	  4,9140000000e+03	  6,45330e-02	 -4,55027e-02
2459	  4,9160000000e+03	  6,52516e-02	 -4,60379e-02
2460	  4,9180000000e+03	  6,48024e-02	 -4,63583e-02
2461	  4,9200000000e+03	  6,47322e-02	 -4,73309e-02
2462	  4,9220000000e+03	  6,65026e-02	 -4,64708e-02
2463	  4,9240000000e+03	  6,50674e-02	 -4,65187e-02
2464	  4,9260000000e+03	  6,74482e-02	 -4,98274e-02
2465	  4,9280000000e+03	  6,91024e-02	 -4,92161e-02
2466	  4,9300000000e+03	  6,79217e-02	 -5,27233e-02
2467	  4,9320000000e+03	  6,59109e-02	 -5,45841e-02
2468	  4,9340000000e+03	  6,66536e-02	 -5,46405e-02
2469	  4,9360000000e+03	  6,73870e-02	 -5,80515e-02
2470	  4,9380000000e+03	  6,32973e-02	 -5,76095e-02
2471	  4,9400000000e+03	  6,16239e-02	 -5,63711e-02
2472	  4,9420000000e+03	  6,19679e-02	 -5,72719e-02
2473	  4,9440000000e+03	  6,27634e-02	 -6,03973e-02
2474	  4,9460000000e+03	  6,32979e-02	 -6,08850e-02
2475	  4,9480000000e+03	  6,25060e-02	 -6,08246e-02
2476	  4,9500000000e+03	  6,21426e-02	 -6,26033e-02
2477	  4,9520000000e+03	  6,13325e-02	 -6,54850e-02
2478	  4,9540000000e+03	  5,81198e-02	 -6,52494e-02
2479	  4,9560000000e+03	  5,70442e-02	 -6,56666e-02
2480	  4,9580000000e+03	  5,31653e-02	 -6,83298e-02
2481	  4,9600000000e+03	  5,25108e-02	 -6,90262e-02
2482	  4,9620000000e+03	  5,20930e-02	 -7,10859e-02
2483	  4,9640000000e+03	  5,21948e-02	 -7,19499e-02
2484	  4,9660000000e+03	  5,30749e-02	 -7,21784e-02
2485	  4,9680000000e+03	  5,12335e-02	 -7,25229e-02
2486	  4,9700000000e+03	  5,00059e-02	 -7,40204e-02
2487	  4,9720000000e+03	  4,97737e-02	 -7,60661e-02
2488	  4,9740000000e+03	  4,95319e-02	 -7,30527e-02
2489	  4,9760000000e+03	  4,97749e-02	 -7,30779e-02
2490	  4,9780000000e+03	  4,72489e-02	 -7,70391e-02
2491	  4,9800000000e+03	  4,24419e-02	 -7,75802e-02
2492	  4,9820000000e+03	  4,38980e-02	 -8,03020e-02
2493	  4,9840000000e+03	  4,48227e-02	 -8,05301e-02
2494	  4,9860000000e+03	  4,35292e-02	 -8,07896e-02
2495	  4,9880000000e+03	  4,15933e-02	 -8,04050e-02
2496	  4,9900000000e+03	  3,91518e-02	 -8,28426e-02
2497	  4,9920000000e+03	  3,69628e-02	 -8,26460e-02
2498	  4,9940000000e+03	  3,55556e-02	 -8,09949e-02
2499	  4,9960000000e+03	  3,60882e-02	 -8,22843e-02
2500	  4,9980000000e+03	  3,37727e-02	 -8,13684e-02
2501	  5,0000000000e+03	  3,28769e-02	 -8,25997e-02
2502	  5,0020000000e+03	  3,21037e-02	 -8,46196e-02
2503	  5,0040000000e+03	  3,17998e-02	 -8,37003e-02
2504	  5,0060000000e+03	  3,25279e-02	 -8,34327e-02
2505	  5,0080000000e+03	  3,14466e-02	 -8,39444e-02
2506	  5,0100000000e+03	  3,34727e-02	 -8,41519e-02
2507	  5,0120000000e+03	  3,01127e-02	 -8,57110e-02
2508	  5,0140000000e+03	  2,90977e-02	 -8,68656e-02
2509	  5,0160000000e+03	  3,16527e-02	 -8,59622e-02
2510	  5,0180000000e+03	  2,91320e-02	 -8,67469e-02
2511	  5,0200000000e+03	  2,53993e-02	 -8,90942e-02
2512	  5,0220000000e+03	  2,03702e-02	 -9,06843e-02
2513	  5,0240000000e+03	  2,12929e-02	 -9,07296e-02
2514	  5,0260000000e+03	  1,89439e-02	 -9,03968e-02
2515	  5,0280000000e+03	  1,79731e-02	 -9,09222e-02
2516	  5,0300000000e+03	  1,63441e-02	 -8,96411e-02
2517	  5,0320000000e+03	  1,54324e-02	 -8,90095e-02
2518	  5,0340000000e+03	  1,45948e-02	 -9,10491e-02
2519	  5,0360000000e+03	  1,41288e-02	 -8,95668e-02
2520	  5,0380000000e+03	  1,53070e-02	 -9,05728e-02
2521	  5,0400000000e+03	  1,86080e-02	 -9,12520e-02
2522	  5,0420000000e+03	  1,54724e-02	 -9,24486e-02
2523	  5,0440000000e+03	  1,46779e-02	 -9,29703e-02
2524	  5,0460000000e+03	  1,19339e-02	 -9,40196e-02
2525	  5,0480000000e+03	  7,86746e-03	 -9,37541e-02
2526	  5,0500000000e+03	  7,39605e-03	 -9,54694e-02
2527	  5,0520000000e+03	  7,74533e-03	 -9,80359e-02
2528	  5,0540000000e+03	  5,21665e-03	 -9,78016e-02
2529	  5,0560000000e+03	  4,44464e-03	 -9,47132e-02
2530	  5,0580000000e+03	  2,43518e-03	 -9,41719e-02
2531	  5,0600000000e+03	  1,18879e-03	 -9,49090e-02
2532	  5,0620000000e+03	 -2,22009e-03	 -9,38354e-02
2533	  5,0640000000e+03	 -3,35381e-03	 -9,80488e-02
2534	  5,0660000000e+03	 -4,62771e-03	 -1,00966e-01
2535	  5,0680000000e+03	 -5,31342e-03	 -9,78875e-02
2536	  5,0700000000e+03	 -7,23450e-03	 -9,71304e-02
2537	  5,0720000000e+03	 -9,36188e-03	 -9,61687e-02
2538	  5,0740000000e+03	 -1,08286e-02	 -9,65637e-02
2539	  5,0760000000e+03	 -1,38488e-02	 -9,78559e-02
2540	  5,0780000000e+03	 -1,46182e-02	 -9,95147e-02
2541	  5,0800000000e+03	 -1,49243e-02	 -9,92157e-02
2542	  5,0820000000e+03	 -1,76430e-02	 -9,84500e-02
2543	  5,0840000000e+03	 -2,13728e-02	 -9,72605e-02
2544	  5,0860000000e+03	 -2,05299e-02	 -9,55111e-02
2545	  5,0880000000e+03	 -2,22402e-02	 -9,44783e-02
2546	  5,0900000000e+03	 -2,63033e-02	 -9,90528e-02
2547	  5,0920000000e+03	 -2,73665e-02	 -1,00406e-01
2548	  5,0940000000e+03	 -2,44823e-02	 -9,77891e-02
2549	  5,0960000000e+03	 -2,60700e-02	 -9,73171e-02
2550	  5,0980000000e+03	 -2,81481e-02	 -9,73357e-02
2551	  5,1000000000e+03	 -3,02295e-02	 -9,59699e-02
2552	  5,1020000000e+03	 -2,97402e-02	 -9,68829e-02
2553	  5,1040000000e+03	 -3,18843e-02	 -9,66859e-02
2554	  5,1060000000e+03	 -3,55355e-02	 -9,48783e-02
2555	  5,1080000000e+03	 -3,59237e-02	 -9,19837e-02
2556	  5,1100000000e+03	 -3,49922e-02	 -9,36260e-02
2557	  5,1120000000e+03	 -3,57847e-02	 -9,38590e-02
2558	  5,1140000000e+03	 -3,83380e-02	 -9,25658e-02
2559	  5,1160000000e+03	 -4,22596e-02	 -9,15786e-02
2560	  5,1180000000e+03	 -4,35630e-02	 -9,37001e-02
2561	  5,1200000000e+03	 -4,46406e-02	 -9,23270e-02
2562	  5,1220000000e+03	 -4,59900e-02	 -9,42154e-02
2563	  5,1240000000e+03	 -4,83097e-02	 -9,54366e-02
2564	  5,1260000000e+03	 -4,91651e-02	 -9,21340e-02
2565	  5,1280000000e+03	 -5,09954e-02	 -9,14189e-02
2566	  5,1300000000e+03	 -5,11043e-02	 -9,24222e-02
2567	  5,1320000000e+03	 -5,19465e-02	 -8,97298e-02
2568	  5,1340000000e+03	 -5,62018e-02	 -8,94998e-02
2569	  5,1360000000e+03	 -5,97348e-02	 -9,10005e-02
2570	  5,1380000000e+03	 -6,09206e-02	 -9,27829e-02
2571	  5,1400000000e+03	 -6,10442e-02	 -9,16213e-02
2572	  5,1420000000e+03	 -6,35894e-02	 -9,01786e-02
2573	  5,1440000000e+03	 -6,47427e-02	 -8,78123e-02
2574	  5,1460000000e+03	 -6,48484e-02	 -8,70541e-02
2575	  5,1480000000e+03	 -6,85967e-02	 -8,63704e-02
2576	  5,1500000000e+03	 -6,81531e-02	 -8,31936e-02
2577	  5,1520000000e+03	 -7,10328e-02	 -8,24124e-02
2578	  5,1540000000e+03	 -7,32969e-02	 -8,17620e-02
2579	  5,1560000000e+03	 -7,62490e-02	 -7,92264e-02
2580	  5,1580000000e+03	 -7,80207e-02	 -7,79850e-02
2581	  5,1600000000e+03	 -7,98861e-02	 -7,95852e-02
2582	  5,1620000000e+03	 -8,29365e-02	 -7,89163e-02
2583	  5,1640000000e+03	 -8,32865e-02	 -7,88588e-02
2584	  5,1660000000e+03	 -8,35703e-02	 -7,83950e-02
2585	  5,1680000000e+03	 -8,56521e-02	 -7,47712e-02
2586	  5,1700000000e+03	 -8,65414e-02	 -7,12481e-02
2587	  5,1720000000e+03	 -8,78439e-02	 -6,99069e-02
2588	  5,1740000000e+03	 -9,19637e-02	 -6,91241e-02
2589	  5,1760000000e+03	 -9,52549e-02	 -6,54738e-02
2590	  5,1780000000e+03	 -9,52040e-02	 -6,26197e-02
2591	  5,1800000000e+03	 -9,52455e-02	 -6,02852e-02
2592	  5,1820000000e+03	 -9,69432e-02	 -5,90425e-02
2593	  5,1840000000e+03	 -9,83106e-02	 -5,81153e-02
2594	  5,1860000000e+03	 -9,74722e-02	 -5,78229e-02
2595	  5,1880000000e+03	 -1,00624e-01	 -5,45455e-02
2596	  5,1900000000e+03	 -1,01897e-01	 -5,15569e-02
2597	  5,1920000000e+03	 -1,00427e-01	 -4,99977e-02
2598	  5,1940000000e+03	 -1,01670e-01	 -4,56641e-02
2599	  5,1960000000e+03	 -1,01526e-01	 -4,47069e-02
2600	  5,1980000000e+03	 -1,03602e-01	 -4,44642e-02
2601	  5,2000000000e+03	 -1,05100e-01	 -4,45207e-02
2602	  5,2020000000e+03	 -1,05155e-01	 -4,22297e-02
2603	  5,2040000000e+03	 -1,05354e-01	 -3,90623e-02
2604	  5,2060000000e+03	 -1,03382e-01	 -3,90277e-02
2605	  5,2080000000e+03	 -1,02973e-01	 -3,67173e-02
2606	  5,2100000000e+03	 -1,02481e-01	 -3,60116e-02
2607	  5,2120000000e+03	 -1,01587e-01	 -3,60578e-02
2608	  5,2140000000e+03	 -1,03167e-01	 -3,21136e-02
2609	  5,2160000000e+03	 -1,04831e-01	 -3,06672e-02
2610	  5,2180000000e+03	 -1,07347e-01	 -2,95441e-02
2611	  5,2200000000e+03	 -1,06809e-01	 -2,77844e-02
2612	  5,2220000000e+03	 -1,05081e-01	 -2,60597e-02
2613	  5,2240000000e+03	 -1,08728e-01	 -2,49072e-02
2614	  5,2260000000e+03	 -1,09107e-01	 -2,37194e-02
2615	  5,2280000000e+03	 -1,11027e-01	 -2,21782e-02
2616	  5,2300000000e+03	 -1,11562e-01	 -2,17215e-02
2617	  5,2320000000e+03	 -1,13361e-01	 -1,90151e-02
2618	  5,2340000000e+03	 -1,13107e-01	 -1,62631e-02
2619	  5,2360000000e+03	 -1,10771e-01	 -1,36276e-02
2620	  5,2380000000e+03	 -1,12185e-01	 -1,20418e-02
2621	  5,2400000000e+03	 -1,11991e-01	 -1,13110e-02
2622	  5,2420000000e+03	 -1,12326e-01	 -6,98102e-03
2623	  5,2440000000e+03	 -1,16291e-01	 -5,55700e-03
2624	  5,2460000000e+03	 -1,17311e-01	 -3,13929e-03
2625	  5,2480000000e+03	 -1,17162e-01	 -1,31435e-03
2626	  5,2500000000e+03	 -1,17990e-01	  3,61047e-03
2627	  5,2520000000e+03	 -1,16889e-01	  4,66124e-03
2628	  5,2540000000e+03	 -1,16673e-01	  5,81767e-03
2629	  5,2560000000e+03	 -1,16739e-01	  6,81708e-03
2630	  5,2580000000e+03	 -1,18375e-01	  7,43048e-03
2631	  5,2600000000e+03	 -1,16816e-01	  1,29594e-02
2632	  5,2620000000e+03	 -1,14648e-01	  1,70250e-02
2633	  5,2640000000e+03	 -1,16403e-01	  1,68400e-02
2634	  5,2660000000e+03	 -1,13628e-01	  2,07857e-02
2635	  5,2680000000e+03	 -1,10950e-01	  2,33968e-02
2636	  5,2700000000e+03	 -1,10178e-01	  2,44927e-02
2637	  5,2720000000e+03	 -1,10447e-01	  2,47830e-02
2638	  5,2740000000e+03	 -1,10282e-01	  2,38817e-02
2639	  5,2760000000e+03	 -1,10033e-01	  2,67693e-02
2640	  5,2780000000e+03	 -1,09461e-01	  2,80540e-02
2641	  5,2800000000e+03	 -1,07356e-01	  2,99837e-02
2642	  5,2820000000e+03	 -1,08056e-01	  3,17340e-02
2643	  5,2840000000e+03	 -1,07385e-01	  3,71272e-02
2644	  5,2860000000e+03	 -1,07792e-01	  3,90056e-02
2645	  5,2880000000e+03	 -1,06821e-01	  4,16654e-02
2646	  5,2900000000e+03	 -1,03522e-01	  4,18039e-02
2647	  5,2920000000e+03	 -1,02908e-01	  4,25859e-02
2648	  5,2940000000e+03	 -1,02858e-01	  4,69071e-02
2649	  5,2960000000e+03	 -1,04986e-01	  4,71186e-02
2650	  5,2980000000e+03	 -1,02093e-01	  4,81647e-02
2651	  5,3000000000e+03	 -1,01612e-01	  4,88346e-02
2652	  5,3020000000e+03	 -1,01187e-01	  5,06878e-02
2653	  5,3040000000e+03	 -1,00944e-01	  5,17678e-02
2654	  5,3060000000e+03	 -9,88681e-02	  5,23849e-02
2655	  5,3080000000e+03	 -9,72583e-02	  5,44102e-02
2656	  5,3100000000e+03	 -9,66149e-02	  5,57412e-02
2657	  5,3120000000e+03	 -9,50567e-02	  5,74545e-02
2658	  5,3140000000e+03	 -9,17618e-02	  6,11215e-02
2659	  5,3160000000e+03	 -8,91393e-02	  6,21168e-02
2660	  5,3180000000e+03	 -9,01715e-02	  6,56664e-02
2661	  5,3200000000e+03	 -8,82553e-02	  6,74563e-02
2662	  5,3220000000e+03	 -8,97785e-02	  6,77582e-02
2663	  5,3240000000e+03	 -8,99275e-02	  6,81401e-02
2664	  5,3260000000e+03	 -8,88082e-02	  7,08250e-02
2665	  5,3280000000e+03	 -8,58762e-02	  7,22633e-02
2666	  5,3300000000e+03	 -8,17934e-02	  7,30205e-02
2667	  5,3320000000e+03	 -8,16886e-02	  7,53017e-02
2668	  5,3340000000e+03	 -7,99422e-02	  7,50233e-02
2669	  5,3360000000e+03	 -7,86539e-02	  7,53217e-02
2670	  5,3380000000e+03	 -7,71959e-02	  7,79470e-02
2671	  5,3400000000e+03	 -7,50294e-02	  7,90922e-02
2672	  5,3420000000e+03	 -7,33862e-02	  8,06357e-02
2673	  5,3440000000e+03	 -7,36697e-02	  8,40478e-02
2674	  5,3460000000e+03	 -7,49286e-02	  8,49419e-02
2675	  5,3480000000e+03	 -7,11698e-02	  8,34181e-02
2676	  5,3500000000e+03	 -6,72346e-02	  8,11042e-02
2677	  5,3520000000e+03	 -6,48557e-02	  8,33056e-02
2678	  5,3540000000e+03	 -6,33862e-02	  8,67333e-02
2679	  5,3560000000e+03	 -6,24224e-02	  8,80311e-02
2680	  5,3580000000e+03	 -5,82351e-02	  8,60125e-02
2681	  5,3600000000e+03	 -5,89950e-02	  8,62795e-02
2682	  5,3620000000e+03	 -5,86763e-02	  8,79265e-02
2683	  5,3640000000e+03	 -5,74208e-02	  8,97564e-02
2684	  5,3660000000e+03	 -5,60627e-02	  9,21690e-02
2685	  5,3680000000e+03	 -5,54146e-02	  8,96693e-02
2686	  5,3700000000e+03	 -5,27908e-02	  8,79675e-02
2687	  5,3720000000e+03	 -5,08960e-02	  8,98387e-02
2688	  5,3740000000e+03	 -5,11838e-02	  9,13610e-02
2689	  5,3760000000e+03	 -5,01377e-02	  9,18013e-02
2690	  5,3780000000e+03	 -4,88717e-02	  9,31237e-02
2691	  5,3800000000e+03	 -4,61072e-02	  9,66833e-02
2692	  5,3820000000e+03	 -4,39314e-02	  9,69689e-02
2693	  5,3840000000e+03	 -4,29250e-02	  9,55736e-02
2694	  5,3860000000e+03	 -4,13531e-02	  9,59174e-02
2695	  5,3880000000e+03	 -4,20459e-02	  9,70098e-02
2696	  5,3900000000e+03	 -3,79818e-02	  9,67323e-02
2697	  5,3920000000e+03	 -3,61689e-02	  9,77043e-02
2698	  5,3940000000e+03	 -3,47140e-02	  9,99414e-02
2699	  5,3960000000e+03	 -3,17627e-02	  9,99444e-02
2700	  5,3980000000e+03	 -3,15246e-02	  9,66501e-02
2701	  5,4000000000e+03	 -3,01415e-02	  9,68746e-02
2702	  5,4020000000e+03	 -2,83627e-02	  9,85505e-02
2703	  5,4040000000e+03	 -2,77274e-02	  9,99960e-02
2704	  5,4060000000e+03	 -2,41239e-02	  9,85126e-02
2705	  5,4080000000e+03	 -2,05163e-02	  9,89219e-02
2706	  5,4100000000e+03	 -1,94100e-02	  9,95135e-02
2707	  5,4120000000e+03	 -1,99285e-02	  9,96907e-02
2708	  5,4140000000e+03	 -1,96109e-02	  9,94352e-02
2709	  5,4160000000e+03	 -1,60679e-02	  1,03579e-01
2710	  5,4180000000e+03	 -1,34930e-02	  1,02045e-01
2711	  5,4200000000e+03	 -1,24843e-02	  1,01315e-01
2712	  5,4220000000e+03	 -1,13418e-02	  1,00420e-01
2713	  5,4240000000e+03	 -1,22445e-02	  1,01954e-01
2714	  5,4260000000e+03	 -1,05718e-02	  9,94915e-02
2715	  5,4280000000e+03	 -9,78745e-03	  9,89098e-02
2716	  5,4300000000e+03	 -9,46047e-03	  9,99357e-02
2717	  5,4320000000e+03	 -7,67004e-03	  1,01690e-01
2718	  5,4340000000e+03	 -5,16130e-03	  1,01798e-01
2719	  5,4360000000e+03	 -3,36222e-03	  9,84089e-02
2720	  5,4380000000e+03	 -3,34124e-03	  9,62467e-02
2721	  5,4400000000e+03	 -1,61964e-03	  9,62815e-02
2722	  5,4420000000e+03	 -5,22819e-04	  9,84688e-02
2723	  5,4440000000e+03	  6,75787e-04	  1,01193e-01
2724	  5,4460000000e+03	  4,82574e-03	  1,01052e-01
2725	  5,4480000000e+03	  6,97104e-03	  1,01921e-01
2726	  5,4500000000e+03	  7,83734e-03	  1,05489e-01
2727	  5,4520000000e+03	  7,01341e-03	  1,03588e-01
2728	  5,4540000000e+03	  6,08608e-03	  1,01587e-01
2729	  5,4560000000e+03	  1,06584e-02	  1,03459e-01
2730	  5,4580000000e+03	  1,45119e-02	  1,04941e-01
2731	  5,4600000000e+03	  1,53697e-02	  1,07042e-01
2732	  5,4620000000e+03	  1,69480e-02	  1,07157e-01
2733	  5,4640000000e+03	  1,69327e-02	  1,04742e-01
2734	  5,4660000000e+03	  1,75381e-02	  1,03756e-01
2735	  5,4680000000e+03	  2,20829e-02	  1,03160e-01
2736	  5,4700000000e+03	  2,61318e-02	  1,04464e-01
2737	  5,4720000000e+03	  2,55129e-02	  1,03579e-01
2738	  5,4740000000e+03	  2,99748e-02	  1,03904e-01
2739	  5,4760000000e+03	  3,27193e-02	  1,02328e-01
2740	  5,4780000000e+03	  3,40173e-02	  1,03175e-01
2741	  5,4800000000e+03	  3,48374e-02	  1,01302e-01
2742	  5,4820000000e+03	  3,51308e-02	  1,00093e-01
2743	  5,4840000000e+03	  3,67162e-02	  9,98801e-02
2744	  5,4860000000e+03	  4,10022e-02	  9,88977e-02
2745	  5,4880000000e+03	  3,86392e-02	  9,45203e-02
2746	  5,4900000000e+03	  3,84432e-02	  9,28269e-02
2747	  5,4920000000e+03	  4,33625e-02	  9,57286e-02
2748	  5,4940000000e+03	  4,65911e-02	  9,45816e-02
2749	  5,4960000000e+03	  4,72879e-02	  9,24020e-02
2750	  5,4980000000e+03	  4,76451e-02	  9,19655e-02
2751	  5,5000000000e+03	  4,97195e-02	  9,10365e-02
2752	  5,5020000000e+03	  5,10261e-02	  9,21460e-02
2753	  5,5040000000e+03	  5,34869e-02	  9,16840e-02
2754	  5,5060000000e+03	  5,34784e-02	  8,98130e-02
2755	  5,5080000000e+03	  5,30666e-02	  8,94254e-02
2756	  5,5100000000e+03	  5,65737e-02	  8,72923e-02
2757	  5,5120000000e+03	  5,73042e-02	  8,41283e-02
2758	  5,5140000000e+03	  5,66783e-02	  8,19507e-02
2759	  5,5160000000e+03	  5,78996e-02	  8,32027e-02
2760	  5,5180000000e+03	  6,19940e-02	  8,23791e-02
2761	  5,5200000000e+03	  6,68272e-02	  8,10953e-02
2762	  5,5220000000e+03	  6,64471e-02	  8,11600e-02
2763	  5,5240000000e+03	  6,79275e-02	  8,16085e-02
2764	  5,5260000000e+03	  6,98714e-02	  8,02572e-02
2765	  5,5280000000e+03	  7,00741e-02	  7,88194e-02
2766	  5,5300000000e+03	  7,19468e-02	  7,78731e-02
2767	  5,5320000000e+03	  7,20579e-02	  7,58599e-02
2768	  5,5340000000e+03	  7,41463e-02	  7,62934e-02
2769	  5,5360000000e+03	  7,34761e-02	  7,29459e-02
2770	  5,5380000000e+03	  7,73357e-02	  7,11161e-02
2771	  5,5400000000e+03	  7,91558e-02	  6,64496e-02
2772	  5,5420000000e+03	  7,96197e-02	  6,68482e-02
2773	  5,5440000000e+03	  7,89295e-02	  6,61354e-02
2774	  5,5460000000e+03	  7,91529e-02	  6,43175e-02
2775	  5,5480000000e+03	  8,26847e-02	  6,49703e-02
2776	  5,5500000000e+03	  8,44120e-02	  6,19605e-02
2777	  5,5520000000e+03	  8,68998e-02	  5,89258e-02
2778	  5,5540000000e+03	  8,64748e-02	  5,77029e-02
2779	  5,5560000000e+03	  8,54488e-02	  5,50222e-02
2780	  5,5580000000e+03	  8,54708e-02	  5,18837e-02
2781	  5,5600000000e+03	  8,68990e-02	  5,04075e-02
2782	  5,5620000000e+03	  8,87305e-02	  5,09362e-02
2783	  5,5640000000e+03	  8,98846e-02	  5,02441e-02
2784	  5,5660000000e+03	  9,11279e-02	  4,80539e-02
2785	  5,5680000000e+03	  9,11607e-02	  4,53078e-02
2786	  5,5700000000e+03	  9,09761e-02	  4,34480e-02
2787	  5,5720000000e+03	  9,21883e-02	  4,12881e-02
2788	  5,5740000000e+03	  9,21042e-02	  4,05707e-02
2789	  5,5760000000e+03	  9,25430e-02	  4,04404e-02
2790	  5,5780000000e+03	  9,34702e-02	  3,72992e-02
2791	  5,5800000000e+03	  9,38905e-02	  3,52438e-02
2792	  5,5820000000e+03	  9,45495e-02	  3,42386e-02
2793	  5,5840000000e+03	  9,50355e-02	  3,27335e-02
2794	  5,5860000000e+03	  9,60753e-02	  3,14273e-02
2795	  5,5880000000e+03	  9,53255e-02	  2,78396e-02
2796	  5,5900000000e+03	  9,59032e-02	  2,74115e-02
2797	  5,5920000000e+03	  9,72079e-02	  2,65415e-02
2798	  5,5940000000e+03	  9,42274e-02	  2,74749e-02
2799	  5,5960000000e+03	  9,30790e-02	  2,29463e-02
2800	  5,5980000000e+03	  9,30788e-02	  2,37204e-02
2801	  5,6000000000e+03	  9,31892e-02	  2,10305e-02
2802	  5,6020000000e+03	  9,53109e-02	  1,96612e-02
2803	  5,6040000000e+03	  9,59651e-02	  1,74247e-02
2804	  5,6060000000e+03	  9,28688e-02	  1,82000e-02
2805	  5,6080000000e+03	  9,26724e-02	  1,50516e-02
2806	  5,6100000000e+03	  9,65325e-02	  1,12094e-02
2807	  5,6120000000e+03	  9,74863e-02	  1,03933e-02
2808	  5,6140000000e+03	  9,50001e-02	  1,00115e-02
2809	  5,6160000000e+03	  9,52964e-02	  9,86052e-03
2810	  5,6180000000e+03	  9,72174e-02	  7,20995e-03
2811	  5,6200000000e+03	  9,87192e-02	  5,91409e-03
2812	  5,6220000000e+03	  1,00569e-01	  4,11616e-03
2813	  5,6240000000e+03	  9,87666e-02	  4,07137e-03
2814	  5,6260000000e+03	  9,68493e-02	  2,95091e-03
2815	  5,6280000000e+03	  9,73086e-02	  2,54114e-03
2816	  5,6300000000e+03	  9,59957e-02	  4,97143e-04
2817	  5,6320000000e+03	  9,68228e-02	  4,28102e-04
2818	  5,6340000000e+03	  9,52842e-02	 -1,60319e-03
2819	  5,6360000000e+03	  9,41532e-02	 -5,17073e-03
2820	  5,6380000000e+03	  9,57095e-02	 -8,04252e-03
2821	  5,6400000000e+03	  9,39750e-02	 -8,67394e-03
2822	  5,6420000000e+03	  9,64835e-02	 -1,14060e-02
2823	  5,6440000000e+03	  9,85133e-02	 -1,33946e-02
2824	  5,6460000000e+03	  9,69313e-02	 -1,59313e-02
2825	  5,6480000000e+03	  9,77551e-02	 -1,61423e-02
2826	  5,6500000000e+03	  9,71131e-02	 -1,42268e-02
2827	  5,6520000000e+03	  9,67274e-02	 -1,74197e-02
2828	  5,6540000000e+03	  9,53619e-02	 -1,99923e-02
2829	  5,6560000000e+03	  9,60156e-02	 -2,14037e-02
2830	  5,6580000000e+03	  9,54977e-02	 -2,29301e-02
2831	  5,6600000000e+03	  9,28610e-02	 -2,37488e-02
2832	  5,6620000000e+03	  9,12621e-02	 -2,41287e-02
2833	  5,6640000000e+03	  9,21152e-02	 -2,66935e-02
2834	  5,6660000000e+03	  9,28049e-02	 -2,74681e-02
2835	  5,6680000000e+03	  9,47875e-02	 -2,83623e-02
2836	  5,6700000000e+03	  9,20196e-02	 -3,04998e-02
2837	  5,6720000000e+03	  9,05211e-02	 -3,23949e-02
2838	  5,6740000000e+03	  9,13417e-02	 -3,37307e-02
2839	  5,6760000000e+03	  9,34309e-02	 -3,67268e-02
2840	  5,6780000000e+03	  9,08403e-02	 -3,71839e-02
2841	  5,6800000000e+03	  9,05802e-02	 -3,97621e-02
2842	  5,6820000000e+03	  8,94139e-02	 -4,14807e-02
2843	  5,6840000000e+03	  8,79831e-02	 -4,33858e-02
2844	  5,6860000000e+03	  8,68463e-02	 -4,61781e-02
2845	  5,6880000000e+03	  8,61431e-02	 -4,87341e-02
2846	  5,6900000000e+03	  8,46046e-02	 -4,75169e-02
2847	  5,6920000000e+03	  8,31027e-02	 -4,76658e-02
2848	  5,6940000000e+03	  8,17645e-02	 -4,93189e-02
2849	  5,6960000000e+03	  8,09933e-02	 -5,33412e-02
2850	  5,6980000000e+03	  7,85463e-02	 -5,57303e-02
2851	  5,7000000000e+03	  7,80190e-02	 -5,47896e-02
2852	  5,7020000000e+03	  7,85305e-02	 -5,68944e-02
2853	  5,7040000000e+03	  7,65135e-02	 -5,76791e-02
2854	  5,7060000000e+03	  7,46234e-02	 -5,85946e-02
2855	  5,7080000000e+03	  7,64565e-02	 -6,00993e-02
2856	  5,7100000000e+03	  7,70046e-02	 -6,30542e-02
2857	  5,7120000000e+03	  7,40821e-02	 -6,45333e-02
2858	  5,7140000000e+03	  7,04677e-02	 -6,40428e-02
2859	  5,7160000000e+03	  6,83784e-02	 -6,58602e-02
2860	  5,7180000000e+03	  6,95379e-02	 -6,67787e-02
2861	  5,7200000000e+03	  7,01286e-02	 -6,70004e-02
2862	  5,7220000000e+03	  6,77691e-02	 -6,81458e-02
2863	  5,7240000000e+03	  6,55765e-02	 -6,69853e-02
2864	  5,7260000000e+03	  6,26579e-02	 -6,90784e-02
2865	  5,7280000000e+03	  6,15034e-02	 -7,12945e-02
2866	  5,7300000000e+03	  6,04895e-02	 -6,92874e-02
2867	  5,7320000000e+03	  6,07039e-02	 -7,25516e-02
2868	  5,7340000000e+03	  5,74073e-02	 -7,80171e-02
2869	  5,7360000000e+03	  5,74627e-02	 -7,85907e-02
2870	  5,7380000000e+03	  5,62487e-02	 -7,88334e-02
2871	  5,7400000000e+03	  5,39720e-02	 -7,91224e-02
2872	  5,7420000000e+03	  5,27276e-02	 -7,91481e-02
2873	  5,7440000000e+03	  5,04448e-02	 -8,04040e-02
2874	  5,7460000000e+03	  5,00073e-02	 -8,06536e-02
2875	  5,7480000000e+03	  4,92714e-02	 -8,24647e-02
2876	  5,7500000000e+03	  4,76008e-02	 -8,58307e-02
2877	  5,7520000000e+03	  4,48868e-02	 -8,76750e-02
2878	  5,7540000000e+03	  4,33738e-02	 -8,68804e-02
2879	  5,7560000000e+03	  4,44085e-02	 -8,69240e-02
2880	  5,7580000000e+03	  4,32468e-02	 -8,79175e-02
2881	  5,7600000000e+03	  3,81530e-02	 -8,87372e-02
2882	  5,7620000000e+03	  3,51927e-02	 -8,90113e-02
2883	  5,7640000000e+03	  3,45279e-02	 -8,99325e-02
2884	  5,7660000000e+03	  3,25919e-02	 -9,13608e-02
2885	  5,7680000000e+03	  3,03204e-02	 -9,10013e-02
2886	  5,7700000000e+03	  2,96302e-02	 -8,98891e-02
2887	  5,7720000000e+03	  2,69114e-02	 -9,02319e-02
2888	  5,7740000000e+03	  2,19530e-02	 -9,09316e-02
2889	  5,7760000000e+03	  2,17035e-02	 -9,15896e-02
2890	  5,7780000000e+03	  1,92524e-02	 -9,49591e-02
2891	  5,7800000000e+03	  1,51746e-02	 -9,26023e-02
2892	  5,7820000000e+03	  1,26565e-02	 -9,20923e-02
2893	  5,7840000000e+03	  1,01626e-02	 -9,18907e-02
2894	  5,7860000000e+03	  1,09537e-02	 -9,25238e-02
2895	  5,7880000000e+03	  1,21674e-02	 -9,33379e-02
2896	  5,7900000000e+03	  7,42466e-03	 -9,36547e-02
2897	  5,7920000000e+03	  7,36584e-03	 -9,20984e-02
2898	  5,7940000000e+03	  5,01227e-03	 -9,24871e-02
2899	  5,7960000000e+03	  7,82195e-04	 -9,23650e-02
2900	  5,7980000000e+03	 -1,63896e-03	 -9,30960e-02
2901	  5,8000000000e+03	 -2,12702e-03	 -9,11661e-02
2902	  5,8020000000e+03	 -3,94627e-03	 -9,03354e-02
2903	  5,8040000000e+03	 -6,19292e-03	 -9,03263e-02
2904	  5,8060000000e+03	 -8,80095e-03	 -8,91707e-02
2905	  5,8080000000e+03	 -1,10062e-02	 -8,71325e-02
2906	  5,8100000000e+03	 -1,38016e-02	 -8,42579e-02
2907	  5,8120000000e+03	 -1,07748e-02	 -8,17601e-02
2908	  5,8140000000e+03	 -1,35871e-02	 -8,30203e-02
2909	  5,8160000000e+03	 -1,61005e-02	 -8,30042e-02
2910	  5,8180000000e+03	 -1,87316e-02	 -8,16336e-02
2911	  5,8200000000e+03	 -1,98159e-02	 -8,05876e-02
2912	  5,8220000000e+03	 -2,09848e-02	 -8,08250e-02
2913	  5,8240000000e+03	 -2,20124e-02	 -7,83965e-02
2914	  5,8260000000e+03	 -2,32558e-02	 -7,66332e-02
2915	  5,8280000000e+03	 -2,50218e-02	 -7,59680e-02
2916	  5,8300000000e+03	 -2,82410e-02	 -7,35545e-02
2917	  5,8320000000e+03	 -2,81880e-02	 -7,39771e-02
2918	  5,8340000000e+03	 -2,73100e-02	 -7,30148e-02
2919	  5,8360000000e+03	 -2,90053e-02	 -7,11682e-02
2920	  5,8380000000e+03	 -2,85298e-02	 -7,12959e-02
2921	  5,8400000000e+03	 -2,94523e-02	 -6,95080e-02
2922	  5,8420000000e+03	 -2,93542e-02	 -6,87879e-02
2923	  5,8440000000e+03	 -3,07394e-02	 -6,92444e-02
2924	  5,8460000000e+03	 -3,36022e-02	 -6,88919e-02
2925	  5,8480000000e+03	 -3,76038e-02	 -6,69330e-02
2926	  5,8500000000e+03	 -3,57148e-02	 -6,53524e-02
2927	  5,8520000000e+03	 -3,46991e-02	 -6,47044e-02
2928	  5,8540000000e+03	 -3,68896e-02	 -6,44037e-02
2929	  5,8560000000e+03	 -3,80058e-02	 -6,28737e-02
2930	  5,8580000000e+03	 -3,74485e-02	 -5,97976e-02
2931	  5,8600000000e+03	 -3,75644e-02	 -5,88694e-02
2932	  5,8620000000e+03	 -4,06233e-02	 -6,01718e-02
2933	  5,8640000000e+03	 -4,07520e-02	 -5,90651e-02
2934	  5,8660000000e+03	 -4,00214e-02	 -5,74561e-02
2935	  5,8680000000e+03	 -4,14636e-02	 -5,65404e-02
2936	  5,8700000000e+03	 -4,17633e-02	 -5,43534e-02
2937	  5,8720000000e+03	 -4,29165e-02	 -5,39648e-02
2938	  5,8740000000e+03	 -4,29342e-02	 -5,02894e-02
2939	  5,8760000000e+03	 -4,55959e-02	 -4,63508e-02
2940	  5,8780000000e+03	 -4,77939e-02	 -4,72308e-02
2941	  5,8800000000e+03	 -4,45355e-02	 -4,78268e-02
2942	  5,8820000000e+03	 -4,31377e-02	 -4,71169e-02
2943	  5,8840000000e+03	 -4,49179e-02	 -4,41077e-02
2944	  5,8860000000e+03	 -4,28927e-02	 -4,22809e-02
2945	  5,8880000000e+03	 -4,37992e-02	 -4,10007e-02
2946	  5,8900000000e+03	 -4,50178e-02	 -3,99349e-02
2947	  5,8920000000e+03	 -4,48678e-02	 -4,09990e-02
2948	  5,8940000000e+03	 -4,54374e-02	 -3,84666e-02
2949	  5,8960000000e+03	 -4,35239e-02	 -3,95468e-02
2950	  5,8980000000e+03	 -4,39922e-02	 -3,90303e-02
2951	  5,9000000000e+03	 -4,38890e-02	 -3,69331e-02
2952	  5,9020000000e+03	 -4,22185e-02	 -3,45589e-02
2953	  5,9040000000e+03	 -4,22455e-02	 -3,30599e-02
2954	  5,9060000000e+03	 -4,29293e-02	 -3,35238e-02
2955	  5,9080000000e+03	 -4,61227e-02	 -3,43999e-02
2956	  5,9100000000e+03	 -4,52666e-02	 -3,16245e-02
2957	  5,9120000000e+03	 -4,49470e-02	 -3,03866e-02
2958	  5,9140000000e+03	 -4,43292e-02	 -3,19116e-02
2959	  5,9160000000e+03	 -4,35385e-02	 -2,90852e-02
2960	  5,9180000000e+03	 -4,18689e-02	 -2,80040e-02
2961	  5,9200000000e+03	 -4,17001e-02	 -2,69354e-02
2962	  5,9220000000e+03	 -4,36289e-02	 -2,66789e-02
2963	  5,9240000000e+03	 -4,13675e-02	 -2,94171e-02
2964	  5,9260000000e+03	 -3,98992e-02	 -3,01975e-02
2965	  5,9280000000e+03	 -4,18594e-02	 -2,82645e-02
2966	  5,9300000000e+03	 -4,37476e-02	 -2,73424e-02
2967	  5,9320000000e+03	 -4,37085e-02	 -2,89705e-02
2968	  5,9340000000e+03	 -4,21233e-02	 -2,89282e-02
2969	  5,9360000000e+03	 -3,77588e-02	 -2,41527e-02
2970	  5,9380000000e+03	 -3,78121e-02	 -2,44313e-02
2971	  5,9400000000e+03	 -3,88357e-02	 -2,77080e-02
2972	  5,9420000000e+03	 -4,00508e-02	 -2,45941e-02
2973	  5,9440000000e+03	 -3,95392e-02	 -2,15101e-02
2974	  5,9460000000e+03	 -3,69553e-02	 -2,35023e-02
2975	  5,9480000000e+03	 -3,80097e-02	 -2,59065e-02
2976	  5,9500000000e+03	 -4,18452e-02	 -2,65191e-02
2977	  5,9520000000e+03	 -4,19094e-02	 -2,53665e-02
2978	  5,9540000000e+03	 -4,02427e-02	 -2,55729e-02
2979	  5,9560000000e+03	 -3,98316e-02	 -2,42051e-02
2980	  5,9580000000e+03	 -4,03428e-02	 -2,42453e-02
2981	  5,9600000000e+03	 -4,27477e-02	 -2,28186e-02
2982	  5,9620000000e+03	 -4,31630e-02	 -2,32232e-02
2983	  5,9640000000e+03	 -4,36104e-02	 -2,45034e-02
2984	  5,9660000000e+03	 -4,52385e-02	 -2,48533e-02
2985	  5,9680000000e+03	 -4,55828e-02	 -2,61592e-02
2986	  5,9700000000e+03	 -4,48833e-02	 -2,39821e-02
2987	  5,9720000000e+03	 -4,62197e-02	 -2,31639e-02
2988	  5,9740000000e+03	 -4,45648e-02	 -2,38203e-02
2989	  5,9760000000e+03	 -4,48563e-02	 -2,36112e-02
2990	  5,9780000000e+03	 -4,61576e-02	 -2,26856e-02
2991	  5,9800000000e+03	 -4,43430e-02	 -2,04359e-02
2992	  5,9820000000e+03	 -4,54937e-02	 -1,85384e-02
2993	  5,9840000000e+03	 -4,57673e-02	 -1,98142e-02
2994	  5,9860000000e+03	 -4,64180e-02	 -1,94044e-02
2995	  5,9880000000e+03	 -4,55672e-02	 -1,78552e-02
2996	  5,9900000000e+03	 -4,73772e-02	 -1,80140e-02
2997	  5,9920000000e+03	 -4,74055e-02	 -1,79924e-02
2998	  5,9940000000e+03	 -4,60308e-02	 -1,85739e-02
2999	  5,9960000000e+03	 -4,70781e-02	 -1,97320e-02
3000	  5,9980000000e+03	 -4,70604e-02	 -1,71985e-02
3001	  6,0000000000e+03	 -4,75101e-02	 -1,48238e-02
3002	  6,0020000000e+03	 -5,03800e-02	 -1,77426e-02
3003	  6,0040000000e+03	 -4,99754e-02	 -1,66343e-02
3004	  6,0060000000e+03	 -5,13863e-02	 -1,23822e-02
3005	  6,0080000000e+03	 -5,12291e-02	 -9,06709e-03
3006	  6,0100000000e+03	 -5,03439e-02	 -9,68185e-03
3007	  6,0120000000e+03	 -4,97683e-02	 -1,14337e-02
3008	  6,0140000000e+03	 -5,11516e-02	 -1,38120e-02
3009	  6,0160000000e+03	 -5,35791e-02	 -1,23439e-02
3010	  6,0180000000e+03	 -5,31416e-02	 -1,11505e-02
3011	  6,0200000000e+03	 -5,29319e-02	 -1,05288e-02
3012	  6,0220000000e+03	 -5,25142e-02	 -8,89650e-03
3013	  6,0240000000e+03	 -5,31352e-02	 -5,83489e-03
3014	  6,0260000000e+03	 -5,40992e-02	 -6,82925e-03
3015	  6,0280000000e+03	 -5,27088e-02	 -8,21168e-03
3016	  6,0300000000e+03	 -5,59612e-02	 -5,95281e-03
3017	  6,0320000000e+03	 -5,53186e-02	 -7,27101e-03
3018	  6,0340000000e+03	 -5,48969e-02	 -9,83732e-03
3019	  6,0360000000e+03	 -5,29926e-02	 -5,12983e-03
3020	  6,0380000000e+03	 -5,39399e-02	 -4,16489e-04
3021	  6,0400000000e+03	 -5,74690e-02	  1,75833e-03
3022	  6,0420000000e+03	 -5,36005e-02	  1,45432e-03
3023	  6,0440000000e+03	 -5,23055e-02	  6,36554e-04
3024	  6,0460000000e+03	 -5,39517e-02	  1,10216e-04
3025	  6,0480000000e+03	 -5,61789e-02	 -1,06107e-04
3026	  6,0500000000e+03	 -5,80708e-02	  1,93455e-03
3027	  6,0520000000e+03	 -5,69948e-02	  2,25551e-03
3028	  6,0540000000e+03	 -5,63608e-02	  4,60880e-03
3029	  6,0560000000e+03	 -5,14744e-02	  5,21987e-03
3030	  6,0580000000e+03	 -5,31940e-02	  7,19654e-03
3031	  6,0600000000e+03	 -5,44500e-02	  9,13091e-03
3032	  6,0620000000e+03	 -5,42243e-02	  1,12186e-02
3033	  6,0640000000e+03	 -5,47383e-02	  1,09821e-02
3034	  6,0660000000e+03	 -5,40641e-02	  1,17289e-02
3035	  6,0680000000e+03	 -5,29850e-02	  1,41526e-02
3036	  6,0700000000e+03	 -5,61568e-02	  1,47513e-02
3037	  6,0720000000e+03	 -5,73701e-02	  1,57376e-02
3038	  6,0740000000e+03	 -5,44526e-02	  1,72301e-02
3039	  6,0760000000e+03	 -5,38903e-02	  1,64920e-02
3040	  6,0780000000e+03	 -5,22250e-02	  1,65564e-02
3041	  6,0800000000e+03	 -5,07955e-02	  1,82576e-02
3042	  6,0820000000e+03	 -5,45753e-02	  1,91478e-02
3043	  6,0840000000e+03	 -5,39459e-02	  1,80993e-02
3044	  6,0860000000e+03	 -4,96466e-02	  2,18968e-02
3045	  6,0880000000e+03	 -5,13442e-02	  2,35804e-02
3046	  6,0900000000e+03	 -5,21467e-02	  2,53030e-02
3047	  6,0920000000e+03	 -4,96847e-02	  2,49920e-02
3048	  6,0940000000e+03	 -5,11599e-02	  2,49881e-02
3049	  6,0960000000e+03	 -4,94165e-02	  2,69889e-02
3050	  6,0980000000e+03	 -4,69050e-02	  2,91871e-02
3051	  6,1000000000e+03	 -4,75967e-02	  2,80367e-02
3052	  6,1020000000e+03	 -4,73564e-02	  2,78909e-02
3053	  6,1040000000e+03	 -4,56728e-02	  2,86697e-02
3054	  6,1060000000e+03	 -4,62066e-02	  2,96122e-02
3055	  6,1080000000e+03	 -4,73359e-02	  3,16409e-02
3056	  6,1100000000e+03	 -4,34121e-02	  3,15013e-02
3057	  6,1120000000e+03	 -3,87994e-02	  3,10866e-02
3058	  6,1140000000e+03	 -3,91492e-02	  3,25005e-02
3059	  6,1160000000e+03	 -4,05959e-02	  3,32478e-02
3060	  6,1180000000e+03	 -4,08876e-02	  3,52657e-02
3061	  6,1200000000e+03	 -4,15991e-02	  3,39942e-02
3062	  6,1220000000e+03	 -3,71450e-02	  3,33417e-02
3063	  6,1240000000e+03	 -3,50849e-02	  3,10605e-02
3064	  6,1260000000e+03	 -3,44929e-02	  3,38485e-02
3065	  6,1280000000e+03	 -3,86198e-02	  3,70082e-02
3066	  6,1300000000e+03	 -3,97049e-02	  3,52922e-02
3067	  6,1320000000e+03	 -3,78747e-02	  3,79466e-02
3068	  6,1340000000e+03	 -3,50228e-02	  3,93872e-02
3069	  6,1360000000e+03	 -3,41214e-02	  3,66217e-02
3070	  6,1380000000e+03	 -3,46638e-02	  3,89692e-02
3071	  6,1400000000e+03	 -3,30408e-02	  3,85117e-02
3072	  6,1420000000e+03	 -3,07862e-02	  4,03256e-02
3073	  6,1440000000e+03	 -3,08638e-02	  3,88987e-02
3074	  6,1460000000e+03	 -2,98132e-02	  3,75539e-02
3075	  6,1480000000e+03	 -2,99617e-02	  4,00543e-02
3076	  6,1500000000e+03	 -2,97574e-02	  3,93545e-02
3077	  6,1520000000e+03	 -2,86531e-02	  3,92037e-02
3078	  6,1540000000e+03	 -2,68585e-02	  3,83344e-02
3079	  6,1560000000e+03	 -2,60911e-02	  3,53474e-02
3080	  6,1580000000e+03	 -2,60328e-02	  3,51879e-02
3081	  6,1600000000e+03	 -2,34197e-02	  3,51603e-02
3082	  6,1620000000e+03	 -2,45289e-02	  3,65520e-02
3083	  6,1640000000e+03	 -2,28115e-02	  3,84927e-02
3084	  6,1660000000e+03	 -2,05202e-02	  3,86394e-02
3085	  6,1680000000e+03	 -1,74155e-02	  3,99042e-02
3086	  6,1700000000e+03	 -1,56375e-02	  3,99258e-02
3087	  6,1720000000e+03	 -1,71760e-02	  3,82383e-02
3088	  6,1740000000e+03	 -1,88832e-02	  3,85756e-02
3089	  6,1760000000e+03	 -1,63296e-02	  3,97778e-02
3090	  6,1780000000e+03	 -1,53749e-02	  4,16083e-02
3091	  6,1800000000e+03	 -1,64454e-02	  4,09171e-02
3092	  6,1820000000e+03	 -1,48806e-02	  4,03685e-02
3093	  6,1840000000e+03	 -1,20364e-02	  3,85619e-02
3094	  6,1860000000e+03	 -1,10945e-02	  3,83228e-02
3095	  6,1880000000e+03	 -1,01827e-02	  3,89436e-02
3096	  6,1900000000e+03	 -9,51613e-03	  3,98069e-02
3097	  6,1920000000e+03	 -8,98254e-03	  3,75629e-02
3098	  6,1940000000e+03	 -6,48566e-03	  3,64374e-02
3099	  6,1960000000e+03	 -6,49260e-03	  3,69720e-02
3100	  6,1980000000e+03	 -7,07541e-03	  3,63802e-02
3101	  6,2000000000e+03	 -6,18900e-03	  3,55354e-02
3102	  6,2020000000e+03	 -6,92553e-03	  3,55756e-02
3103	  6,2040000000e+03	 -7,33766e-03	  3,40309e-02
3104	  6,2060000000e+03	 -7,82478e-03	  3,10769e-02
3105	  6,2080000000e+03	 -8,12151e-03	  3,04298e-02
3106	  6,2100000000e+03	 -6,25113e-03	  3,10778e-02
3107	  6,2120000000e+03	 -5,35311e-03	  2,85239e-02
3108	  6,2140000000e+03	 -6,87072e-03	  2,86477e-02
3109	  6,2160000000e+03	 -9,41537e-03	  2,94682e-02
3110	  6,2180000000e+03	 -1,04744e-02	  2,89199e-02
3111	  6,2200000000e+03	 -7,24466e-03	  2,88066e-02
3112	  6,2220000000e+03	 -6,04378e-03	  2,79647e-02
3113	  6,2240000000e+03	 -7,50613e-03	  2,90781e-02
3114	  6,2260000000e+03	 -8,03085e-03	  3,06606e-02
3115	  6,2280000000e+03	 -7,05635e-03	  3,03007e-02
3116	  6,2300000000e+03	 -6,61447e-03	  3,16523e-02
3117	  6,2320000000e+03	 -6,93220e-03	  2,84135e-02
3118	  6,2340000000e+03	 -7,22178e-03	  2,74931e-02
3119	  6,2360000000e+03	 -6,54292e-03	  2,83369e-02
3120	  6,2380000000e+03	 -5,18547e-03	  2,81706e-02
3121	  6,2400000000e+03	 -6,70170e-03	  2,94402e-02
3122	  6,2420000000e+03	 -6,90949e-03	  2,96787e-02
3123	  6,2440000000e+03	 -5,66767e-03	  2,93433e-02
3124	  6,2460000000e+03	 -6,78638e-03	  2,94147e-02
3125	  6,2480000000e+03	 -6,34482e-03	  2,97850e-02
3126	  6,2500000000e+03	 -6,94057e-03	  2,70705e-02
3127	  6,2520000000e+03	 -5,12844e-03	  2,80233e-02
3128	  6,2540000000e+03	 -6,82958e-03	  3,13748e-02
3129	  6,2560000000e+03	 -6,34799e-03	  2,95515e-02
3130	  6,2580000000e+03	 -7,23134e-03	  2,99304e-02
3131	  6,2600000000e+03	 -8,30717e-03	  2,97883e-02
3132	  6,2620000000e+03	 -7,32003e-03	  3,01880e-02
3133	  6,2640000000e+03	 -5,77437e-03	  3,02561e-02
3134	  6,2660000000e+03	 -6,96531e-03	  3,04871e-02
3135	  6,2680000000e+03	 -8,78725e-03	  3,18116e-02
3136	  6,2700000000e+03	 -6,54832e-03	  2,95333e-02
3137	  6,2720000000e+03	 -5,41646e-03	  2,82381e-02
3138	  6,2740000000e+03	 -4,82638e-03	  2,91908e-02
3139	  6,2760000000e+03	 -7,60133e-03	  2,95430e-02
3140	  6,2780000000e+03	 -9,34640e-03	  2,79472e-02
3141	  6,2800000000e+03	 -8,13330e-03	  2,65895e-02
3142	  6,2820000000e+03	 -5,59080e-03	  2,76435e-02
3143	  6,2840000000e+03	 -3,61973e-03	  3,18238e-02
3144	  6,2860000000e+03	 -1,92528e-03	  3,28704e-02
3145	  6,2880000000e+03	 -4,58136e-03	  2,92093e-02
3146	  6,2900000000e+03	 -6,13484e-03	  3,20128e-02
3147	  6,2920000000e+03	 -9,34885e-03	  3,56263e-02
3148	  6,2940000000e+03	 -7,45379e-03	  3,30941e-02
3149	  6,2960000000e+03	 -5,39126e-03	  3,14167e-02
3150	  6,2980000000e+03	 -4,64407e-03	  3,33619e-02
3151	  6,3000000000e+03	 -5,72777e-03	  3,58851e-02
3152	  6,3020000000e+03	 -6,52752e-03	  3,41617e-02
3153	  6,3040000000e+03	 -7,64730e-03	  3,52050e-02
3154	  6,3060000000e+03	 -5,16083e-03	  3,53585e-02
3155	  6,3080000000e+03	 -6,35699e-03	  3,67917e-02
3156	  6,3100000000e+03	 -5,46441e-03	  3,75915e-02
3157	  6,3120000000e+03	 -5,94809e-03	  3,77470e-02
3158	  6,3140000000e+03	 -3,48083e-03	  3,60158e-02
3159	  6,3160000000e+03	 -2,33536e-03	  3,38657e-02
3160	  6,3180000000e+03	 -4,56507e-03	  3,55442e-02
3161	  6,3200000000e+03	 -4,53100e-03	  3,75083e-02
3162	  6,3220000000e+03	 -4,28282e-03	  3,80695e-02
3163	  6,3240000000e+03	 -1,94124e-03	  3,87366e-02
3164	  6,3260000000e+03	 -3,33961e-03	  3,79679e-02
3165	  6,3280000000e+03	 -2,69167e-03	  3,82518e-02
3166	  6,3300000000e+03	 -2,82993e-03	  4,08229e-02
3167	  6,3320000000e+03	 -5,74603e-03	  4,22223e-02
3168	  6,3340000000e+03	 -5,61946e-03	  4,03242e-02
3169	  6,3360000000e+03	 -6,04628e-03	  3,89993e-02
3170	  6,3380000000e+03	 -1,37799e-03	  4,00098e-02
3171	  6,3400000000e+03	 -5,65251e-04	  4,11185e-02
3172	  6,3420000000e+03	  6,23811e-04	  4,25153e-02
3173	  6,3440000000e+03	  1,28524e-03	  4,53148e-02
3174	  6,3460000000e+03	 -2,32201e-03	  4,48105e-02
3175	  6,3480000000e+03	 -1,26482e-03	  4,65647e-02
3176	  6,3500000000e+03	  2,87639e-04	  4,70912e-02
3177	  6,3520000000e+03	  3,29962e-03	  4,64155e-02
3178	  6,3540000000e+03	  5,41335e-03	  4,68441e-02
3179	  6,3560000000e+03	  4,92151e-03	  4,59851e-02
3180	  6,3580000000e+03	  4,90077e-03	  4,68322e-02
3181	  6,3600000000e+03	  7,29260e-03	  4,89422e-02
3182	  6,3620000000e+03	  7,74550e-03	  4,70836e-02
3183	  6,3640000000e+03	  7,08363e-03	  4,62240e-02
3184	  6,3660000000e+03	  7,58577e-03	  4,79418e-02
3185	  6,3680000000e+03	  9,80114e-03	  4,81035e-02
3186	  6,3700000000e+03	  1,29219e-02	  4,98211e-02
3187	  6,3720000000e+03	  9,36713e-03	  4,83996e-02
3188	  6,3740000000e+03	  8,33397e-03	  4,85449e-02
3189	  6,3760000000e+03	  1,41149e-02	  4,91733e-02
3190	  6,3780000000e+03	  1,68421e-02	  5,05836e-02
3191	  6,3800000000e+03	  1,49668e-02	  5,07376e-02
3192	  6,3820000000e+03	  1,40269e-02	  5,26366e-02
3193	  6,3840000000e+03	  1,44391e-02	  5,07837e-02
3194	  6,3860000000e+03	  1,66734e-02	  4,89656e-02
3195	  6,3880000000e+03	  1,96620e-02	  4,91500e-02
3196	  6,3900000000e+03	  1,98762e-02	  4,87217e-02
3197	  6,3920000000e+03	  1,86089e-02	  4,79189e-02
3198	  6,3940000000e+03	  1,94314e-02	  4,78446e-02
3199	  6,3960000000e+03	  2,18884e-02	  5,03385e-02
3200	  6,3980000000e+03	  2,35437e-02	  5,48509e-02
3201	  6,4000000000e+03	  2,57113e-02	  5,33745e-02
3202	  6,4020000000e+03	  2,35349e-02	  4,93625e-02
3203	  6,4040000000e+03	  2,31344e-02	  5,12541e-02
3204	  6,4060000000e+03	  2,85304e-02	  5,20650e-02
3205	  6,4080000000e+03	  3,12058e-02	  5,10493e-02
3206	  6,4100000000e+03	  2,95575e-02	  5,17170e-02
3207	  6,4120000000e+03	  2,88147e-02	  5,09097e-02
3208	  6,4140000000e+03	  3,18976e-02	  4,84772e-02
3209	  6,4160000000e+03	  3,40288e-02	  4,60047e-02
3210	  6,4180000000e+03	  3,34241e-02	  4,84626e-02
3211	  6,4200000000e+03	  3,45781e-02	  4,86752e-02
3212	  6,4220000000e+03	  3,53885e-02	  4,69578e-02
3213	  6,4240000000e+03	  3,66288e-02	  4,67875e-02
3214	  6,4260000000e+03	  3,80030e-02	  4,79862e-02
3215	  6,4280000000e+03	  3,65757e-02	  5,01747e-02
3216	  6,4300000000e+03	  3,73320e-02	  5,03997e-02
3217	  6,4320000000e+03	  4,08699e-02	  4,86622e-02
3218	  6,4340000000e+03	  4,22859e-02	  4,59737e-02
3219	  6,4360000000e+03	  4,32209e-02	  4,55534e-02
3220	  6,4380000000e+03	  4,87843e-02	  4,40776e-02
3221	  6,4400000000e+03	  4,61265e-02	  4,39204e-02
3222	  6,4420000000e+03	  4,66574e-02	  4,38912e-02
3223	  6,4440000000e+03	  4,99106e-02	  4,36774e-02
3224	  6,4460000000e+03	  4,98700e-02	  4,71207e-02
3225	  6,4480000000e+03	  5,07635e-02	  4,74059e-02
3226	  6,4500000000e+03	  5,52628e-02	  4,22942e-02
3227	  6,4520000000e+03	  5,58260e-02	  4,26247e-02
3228	  6,4540000000e+03	  5,56709e-02	  4,10807e-02
3229	  6,4560000000e+03	  5,73272e-02	  4,00190e-02
3230	  6,4580000000e+03	  6,11675e-02	  3,81275e-02
3231	  6,4600000000e+03	  6,12097e-02	  3,70182e-02
3232	  6,4620000000e+03	  5,90946e-02	  3,81128e-02
3233	  6,4640000000e+03	  6,25660e-02	  3,73270e-02
3234	  6,4660000000e+03	  6,43583e-02	  3,33280e-02
3235	  6,4680000000e+03	  6,43551e-02	  3,23114e-02
3236	  6,4700000000e+03	  6,45264e-02	  2,94085e-02
3237	  6,4720000000e+03	  6,36668e-02	  2,75976e-02
3238	  6,4740000000e+03	  6,52578e-02	  3,01283e-02
3239	  6,4760000000e+03	  6,62923e-02	  2,82723e-02
3240	  6,4780000000e+03	  6,62899e-02	  2,73235e-02
3241	  6,4800000000e+03	  6,87301e-02	  2,66932e-02
3242	  6,4820000000e+03	  6,84915e-02	  2,58509e-02
3243	  6,4840000000e+03	  6,90529e-02	  2,34962e-02
3244	  6,4860000000e+03	  7,06378e-02	  2,00842e-02
3245	  6,4880000000e+03	  7,24101e-02	  1,78052e-02
3246	  6,4900000000e+03	  7,14919e-02	  1,91758e-02
3247	  6,4920000000e+03	  7,22460e-02	  1,86225e-02
3248	  6,4940000000e+03	  7,25167e-02	  1,51404e-02
3249	  6,4960000000e+03	  7,38301e-02	  1,39977e-02
3250	  6,4980000000e+03	  7,38629e-02	  1,31786e-02
3251	  6,5000000000e+03	  7,42141e-02	  1,00713e-02
3252	  6,5020000000e+03	  7,41241e-02	  9,06879e-03
3253	  6,5040000000e+03	  7,29050e-02	  7,71259e-03
3254	  6,5060000000e+03	  7,20371e-02	  8,05767e-03
3255	  6,5080000000e+03	  7,13343e-02	  5,24738e-03
3256	  6,5100000000e+03	  7,28767e-02	  2,41685e-03
3257	  6,5120000000e+03	  7,44549e-02	  2,17979e-03
3258	  6,5140000000e+03	  7,58637e-02	 -1,91685e-03
3259	  6,5160000000e+03	  7,56378e-02	 -4,52317e-03
3260	  6,5180000000e+03	  7,63829e-02	 -5,67306e-03
3261	  6,5200000000e+03	  7,53304e-02	 -7,32262e-03
3262	  6,5220000000e+03	  7,74004e-02	 -7,28604e-03
3263	  6,5240000000e+03	  7,95121e-02	 -7,25857e-03
3264	  6,5260000000e+03	  7,83270e-02	 -8,12186e-03
3265	  6,5280000000e+03	  7,76157e-02	 -1,02219e-02
3266	  6,5300000000e+03	  7,54689e-02	 -1,34895e-02
3267	  6,5320000000e+03	  7,45572e-02	 -1,45306e-02
3268	  6,5340000000e+03	  7,65441e-02	 -1,67817e-02
3269	  6,5360000000e+03	  7,57377e-02	 -1,57703e-02
3270	  6,5380000000e+03	  7,73497e-02	 -1,77543e-02
3271	  6,5400000000e+03	  7,57056e-02	 -2,11398e-02
3272	  6,5420000000e+03	  7,60129e-02	 -2,50119e-02
3273	  6,5440000000e+03	  7,54754e-02	 -2,84777e-02
3274	  6,5460000000e+03	  7,69868e-02	 -2,71323e-02
3275	  6,5480000000e+03	  7,47070e-02	 -2,94876e-02
3276	  6,5500000000e+03	  7,32974e-02	 -3,03070e-02
3277	  6,5520000000e+03	  7,28296e-02	 -2,81935e-02
3278	  6,5540000000e+03	  7,36330e-02	 -3,20460e-02
3279	  6,5560000000e+03	  7,22513e-02	 -3,59012e-02
3280	  6,5580000000e+03	  7,01380e-02	 -3,87539e-02
3281	  6,5600000000e+03	  7,05208e-02	 -4,16866e-02
3282	  6,5620000000e+03	  6,92488e-02	 -4,19950e-02
3283	  6,5640000000e+03	  6,89731e-02	 -4,23207e-02
3284	  6,5660000000e+03	  6,70469e-02	 -4,34565e-02
3285	  6,5680000000e+03	  6,61154e-02	 -4,25512e-02
3286	  6,5700000000e+03	  6,56580e-02	 -4,46207e-02
3287	  6,5720000000e+03	  6,41886e-02	 -4,77507e-02
3288	  6,5740000000e+03	  5,99492e-02	 -4,78106e-02
3289	  6,5760000000e+03	  5,96735e-02	 -4,96832e-02
3290	  6,5780000000e+03	  6,14971e-02	 -5,05501e-02
3291	  6,5800000000e+03	  6,01044e-02	 -5,03800e-02
3292	  6,5820000000e+03	  5,65928e-02	 -5,37929e-02
3293	  6,5840000000e+03	  5,60591e-02	 -5,48440e-02
3294	  6,5860000000e+03	  5,56210e-02	 -5,36417e-02
3295	  6,5880000000e+03	  5,23011e-02	 -5,41004e-02
3296	  6,5900000000e+03	  5,08659e-02	 -5,59267e-02
3297	  6,5920000000e+03	  4,92842e-02	 -5,81063e-02
3298	  6,5940000000e+03	  4,74434e-02	 -6,05719e-02
3299	  6,5960000000e+03	  4,88179e-02	 -5,89762e-02
3300	  6,5980000000e+03	  4,83325e-02	 -6,15781e-02
3301	  6,6000000000e+03	  4,70215e-02	 -6,42190e-02
3302	  6,6020000000e+03	  4,82553e-02	 -6,27397e-02
3303	  6,6040000000e+03	  4,48249e-02	 -6,43304e-02
3304	  6,6060000000e+03	  4,26977e-02	 -6,45941e-02
3305	  6,6080000000e+03	  4,20751e-02	 -6,58992e-02
3306	  6,6100000000e+03	  4,21249e-02	 -6,50414e-02
3307	  6,6120000000e+03	  4,09355e-02	 -6,65595e-02
3308	  6,6140000000e+03	  3,80123e-02	 -6,55208e-02
3309	  6,6160000000e+03	  3,49332e-02	 -6,71215e-02
3310	  6,6180000000e+03	  3,28916e-02	 -6,75025e-02
3311	  6,6200000000e+03	  2,93985e-02	 -6,84682e-02
3312	  6,6220000000e+03	  2,45516e-02	 -7,25503e-02
3313	  6,6240000000e+03	  2,62845e-02	 -7,17375e-02
3314	  6,6260000000e+03	  2,79305e-02	 -6,99391e-02
3315	  6,6280000000e+03	  2,69987e-02	 -7,16034e-02
3316	  6,6300000000e+03	  2,29319e-02	 -7,27564e-02
3317	  6,6320000000e+03	  2,19932e-02	 -7,06019e-02
3318	  6,6340000000e+03	  1,99230e-02	 -7,15083e-02
3319	  6,6360000000e+03	  1,82198e-02	 -7,30147e-02
3320	  6,6380000000e+03	  1,80387e-02	 -7,05017e-02
3321	  6,6400000000e+03	  1,61631e-02	 -7,15492e-02
3322	  6,6420000000e+03	  1,58578e-02	 -7,17895e-02
3323	  6,6440000000e+03	  1,45187e-02	 -7,10266e-02
3324	  6,6460000000e+03	  1,35854e-02	 -7,48519e-02
3325	  6,6480000000e+03	  1,12201e-02	 -7,33184e-02
3326	  6,6500000000e+03	  7,75984e-03	 -7,26048e-02
3327	  6,6520000000e+03	  6,46829e-03	 -7,22603e-02
3328	  6,6540000000e+03	  4,76373e-03	 -7,54722e-02
3329	  6,6560000000e+03	  1,81281e-03	 -7,50570e-02
3330	  6,6580000000e+03	  6,44562e-04	 -7,33858e-02
3331	  6,6600000000e+03	 -4,54539e-04	 -7,23824e-02
3332	  6,6620000000e+03	 -3,15524e-03	 -6,98050e-02
3333	  6,6640000000e+03	 -2,05730e-03	 -6,87992e-02
3334	  6,6660000000e+03	 -3,19156e-03	 -6,68429e-02
3335	  6,6680000000e+03	 -5,01845e-03	 -6,90619e-02
3336	  6,6700000000e+03	 -8,15154e-03	 -7,04806e-02
3337	  6,6720000000e+03	 -8,20292e-03	 -6,95934e-02
3338	  6,6740000000e+03	 -6,43517e-03	 -6,84022e-02
3339	  6,6760000000e+03	 -8,67024e-03	 -6,96313e-02
3340	  6,6780000000e+03	 -1,33216e-02	 -6,84952e-02
3341	  6,6800000000e+03	 -1,43322e-02	 -6,94370e-02
3342	  6,6820000000e+03	 -1,60348e-02	 -6,70185e-02
3343	  6,6840000000e+03	 -1,68627e-02	 -6,69178e-02
3344	  6,6860000000e+03	 -1,79343e-02	 -6,52105e-02
3345	  6,6880000000e+03	 -1,65709e-02	 -6,33590e-02
3346	  6,6900000000e+03	 -1,79088e-02	 -6,17508e-02
3347	  6,6920000000e+03	 -2,37119e-02	 -6,30846e-02
3348	  6,6940000000e+03	 -2,49668e-02	 -6,29164e-02
3349	  6,6960000000e+03	 -2,49780e-02	 -6,28261e-02
3350	  6,6980000000e+03	 -2,56038e-02	 -6,29688e-02
3351	  6,7000000000e+03	 -2,58372e-02	 -6,08661e-02
3352	  6,7020000000e+03	 -2,71758e-02	 -6,07486e-02
3353	  6,7040000000e+03	 -2,48271e-02	 -6,10142e-02
3354	  6,7060000000e+03	 -2,41658e-02	 -5,98025e-02
3355	  6,7080000000e+03	 -2,65465e-02	 -5,76254e-02
3356	  6,7100000000e+03	 -2,82318e-02	 -5,56299e-02
3357	  6,7120000000e+03	 -2,81659e-02	 -5,41535e-02
3358	  6,7140000000e+03	 -2,94887e-02	 -5,65783e-02
3359	  6,7160000000e+03	 -3,16604e-02	 -5,27435e-02
3360	  6,7180000000e+03	 -3,30027e-02	 -5,24120e-02
3361	  6,7200000000e+03	 -3,37150e-02	 -5,07964e-02
3362	  6,7220000000e+03	 -3,49639e-02	 -5,01375e-02
3363	  6,7240000000e+03	 -3,61275e-02	 -4,90081e-02
3364	  6,7260000000e+03	 -3,68936e-02	 -4,96319e-02
3365	  6,7280000000e+03	 -3,68307e-02	 -4,68515e-02
3366	  6,7300000000e+03	 -3,66796e-02	 -4,68592e-02
3367	  6,7320000000e+03	 -3,65158e-02	 -4,69654e-02
3368	  6,7340000000e+03	 -3,65959e-02	 -4,45140e-02
3369	  6,7360000000e+03	 -3,62156e-02	 -4,71175e-02
3370	  6,7380000000e+03	 -3,94567e-02	 -4,68884e-02
3371	  6,7400000000e+03	 -4,23557e-02	 -4,45427e-02
3372	  6,7420000000e+03	 -4,14109e-02	 -4,39641e-02
3373	  6,7440000000e+03	 -4,10226e-02	 -4,10560e-02
3374	  6,7460000000e+03	 -4,26873e-02	 -3,86082e-02
3375	  6,7480000000e+03	 -3,95960e-02	 -3,81782e-02
3376	  6,7500000000e+03	 -3,92632e-02	 -3,71027e-02
3377	  6,7520000000e+03	 -4,14438e-02	 -3,58543e-02
3378	  6,7540000000e+03	 -4,27696e-02	 -3,52199e-02
3379	  6,7560000000e+03	 -4,38547e-02	 -3,58019e-02
3380	  6,7580000000e+03	 -4,34808e-02	 -3,60668e-02
3381	  6,7600000000e+03	 -4,40630e-02	 -3,23928e-02
3382	  6,7620000000e+03	 -4,42059e-02	 -2,89329e-02
3383	  6,7640000000e+03	 -4,37251e-02	 -3,02154e-02
3384	  6,7660000000e+03	 -4,67632e-02	 -3,12863e-02
3385	  6,7680000000e+03	 -4,73363e-02	 -2,89618e-02
3386	  6,7700000000e+03	 -4,51121e-02	 -2,66743e-02
3387	  6,7720000000e+03	 -4,40170e-02	 -2,64150e-02
3388	  6,7740000000e+03	 -4,58252e-02	 -2,62574e-02
3389	  6,7760000000e+03	 -4,58196e-02	 -2,27843e-02
3390	  6,7780000000e+03	 -4,60286e-02	 -2,18337e-02
3391	  6,7800000000e+03	 -4,48108e-02	 -2,28315e-02
3392	  6,7820000000e+03	 -4,55521e-02	 -2,09221e-02
3393	  6,7840000000e+03	 -4,81011e-02	 -1,94465e-02
3394	  6,7860000000e+03	 -4,73826e-02	 -1,83649e-02
3395	  6,7880000000e+03	 -4,46035e-02	 -1,70532e-02
3396	  6,7900000000e+03	 -4,45555e-02	 -1,73580e-02
3397	  6,7920000000e+03	 -4,74424e-02	 -1,75554e-02
3398	  6,7940000000e+03	 -4,69976e-02	 -1,74804e-02
3399	  6,7960000000e+03	 -4,65836e-02	 -1,57981e-02
3400	  6,7980000000e+03	 -4,38404e-02	 -1,61686e-02
3401	  6,8000000000e+03	 -4,33921e-02	 -1,49794e-02
3402	  6,8020000000e+03	 -4,46419e-02	 -1,20450e-02
3403	  6,8040000000e+03	 -4,55695e-02	 -1,12230e-02
3404	  6,8060000000e+03	 -4,60612e-02	 -1,33354e-02
3405	  6,8080000000e+03	 -4,53163e-02	 -1,39269e-02
3406	  6,8100000000e+03	 -4,52896e-02	 -1,22400e-02
3407	  6,8120000000e+03	 -4,76188e-02	 -1,15771e-02
3408	  6,8140000000e+03	 -4,86722e-02	 -1,04358e-02
3409	  6,8160000000e+03	 -4,56589e-02	 -1,00994e-02
3410	  6,8180000000e+03	 -4,71412e-02	 -6,84363e-03
3411	  6,8200000000e+03	 -4,97978e-02	 -5,96746e-03
3412	  6,8220000000e+03	 -4,90218e-02	 -6,01180e-03
3413	  6,8240000000e+03	 -4,73641e-02	 -3,62571e-03
3414	  6,8260000000e+03	 -4,59666e-02	  6,22470e-04
3415	  6,8280000000e+03	 -4,30957e-02	 -2,62681e-03
3416	  6,8300000000e+03	 -4,42302e-02	 -2,75305e-03
3417	  6,8320000000e+03	 -4,26844e-02	 -4,03345e-04
3418	  6,8340000000e+03	 -3,87492e-02	  7,10183e-04
3419	  6,8360000000e+03	 -4,07679e-02	 -9,42965e-04
3420	  6,8380000000e+03	 -4,44388e-02	 -1,22391e-03
3421	  6,8400000000e+03	 -4,54267e-02	  8,62333e-04
3422	  6,8420000000e+03	 -4,16473e-02	  6,13591e-04
3423	  6,8440000000e+03	 -3,91872e-02	  1,19583e-03
3424	  6,8460000000e+03	 -3,99810e-02	  3,40157e-03
3425	  6,8480000000e+03	 -3,98657e-02	  2,52609e-03
3426	  6,8500000000e+03	 -4,00717e-02	 -3,96710e-04
3427	  6,8520000000e+03	 -4,00777e-02	 -5,79058e-04
3428	  6,8540000000e+03	 -3,92434e-02	  8,47073e-04
3429	  6,8560000000e+03	 -4,06219e-02	  3,08937e-03
3430	  6,8580000000e+03	 -4,18235e-02	  5,50211e-03
3431	  6,8600000000e+03	 -4,19402e-02	  4,96883e-03
3432	  6,8620000000e+03	 -4,07750e-02	  4,24421e-03
3433	  6,8640000000e+03	 -4,11242e-02	  2,65456e-03
3434	  6,8660000000e+03	 -4,42027e-02	  4,13513e-03
3435	  6,8680000000e+03	 -4,17424e-02	  6,11165e-03
3436	  6,8700000000e+03	 -3,81537e-02	  9,26998e-03
3437	  6,8720000000e+03	 -3,82190e-02	  7,72481e-03
3438	  6,8740000000e+03	 -4,02107e-02	  7,12595e-03
3439	  6,8760000000e+03	 -3,83990e-02	  7,38620e-03
3440	  6,8780000000e+03	 -3,99890e-02	  8,07070e-03
3441	  6,8800000000e+03	 -3,94770e-02	  1,24137e-02
3442	  6,8820000000e+03	 -3,94861e-02	  1,32150e-02
3443	  6,8840000000e+03	 -3,92601e-02	  1,00865e-02
3444	  6,8860000000e+03	 -3,92057e-02	  1,10608e-02
3445	  6,8880000000e+03	 -3,90072e-02	  1,39849e-02
3446	  6,8900000000e+03	 -3,82687e-02	  1,28809e-02
3447	  6,8920000000e+03	 -3,91199e-02	  1,27744e-02
3448	  6,8940000000e+03	 -3,99061e-02	  1,22307e-02
3449	  6,8960000000e+03	 -3,93978e-02	  1,29695e-02
3450	  6,8980000000e+03	 -3,69792e-02	  1,49439e-02
3451	  6,9000000000e+03	 -3,53884e-02	  1,68739e-02
3452	  6,9020000000e+03	 -3,53484e-02	  1,69474e-02
3453	  6,9040000000e+03	 -3,28643e-02	  1,77902e-02
3454	  6,9060000000e+03	 -3,26191e-02	  1,59024e-02
3455	  6,9080000000e+03	 -3,27169e-02	  1,82132e-02
3456	  6,9100000000e+03	 -3,17317e-02	  2,01653e-02
3457	  6,9120000000e+03	 -3,22693e-02	  1,97020e-02
3458	  6,9140000000e+03	 -3,25657e-02	  1,87782e-02
3459	  6,9160000000e+03	 -3,00756e-02	  2,00994e-02
3460	  6,9180000000e+03	 -2,92426e-02	  2,23555e-02
3461	  6,9200000000e+03	 -3,09840e-02	  2,00275e-02
3462	  6,9220000000e+03	 -2,96271e-02	  2,07925e-02
3463	  6,9240000000e+03	 -2,70245e-02	  2,21581e-02
3464	  6,9260000000e+03	 -2,74493e-02	  2,21990e-02
3465	  6,9280000000e+03	 -2,84193e-02	  2,25311e-02
3466	  6,9300000000e+03	 -2,75151e-02	  2,28782e-02
3467	  6,9320000000e+03	 -2,74283e-02	  2,24861e-02
3468	  6,9340000000e+03	 -2,71471e-02	  2,22772e-02
3469	  6,9360000000e+03	 -2,58350e-02	  2,42481e-02
3470	  6,9380000000e+03	 -2,26984e-02	  2,29306e-02
3471	  6,9400000000e+03	 -2,45854e-02	  2,12819e-02
3472	  6,9420000000e+03	 -2,13184e-02	  2,18915e-02
3473	  6,9440000000e+03	 -2,06130e-02	  2,26630e-02
3474	  6,9460000000e+03	 -2,16429e-02	  2,22205e-02
3475	  6,9480000000e+03	 -2,02972e-02	  2,26213e-02
3476	  6,9500000000e+03	 -2,08007e-02	  2,49276e-02
3477	  6,9520000000e+03	 -1,96334e-02	  2,40619e-02
3478	  6,9540000000e+03	 -2,01635e-02	  2,32048e-02
3479	  6,9560000000e+03	 -1,86200e-02	  2,23847e-02
3480	  6,9580000000e+03	 -1,79612e-02	  2,13244e-02
3481	  6,9600000000e+03	 -1,74430e-02	  2,16773e-02
3482	  6,9620000000e+03	 -1,72839e-02	  2,19618e-02
3483	  6,9640000000e+03	 -1,68046e-02	  2,12611e-02
3484	  6,9660000000e+03	 -2,04047e-02	  2,21940e-02
3485	  6,9680000000e+03	 -1,57124e-02	  2,38780e-02
3486	  6,9700000000e+03	 -1,68553e-02	  2,25920e-02
3487	  6,9720000000e+03	 -1,63116e-02	  2,28006e-02
3488	  6,9740000000e+03	 -1,66575e-02	  2,08675e-02
3489	  6,9760000000e+03	 -1,70249e-02	  1,96367e-02
3490	  6,9780000000e+03	 -1,46628e-02	  2,40520e-02
3491	  6,9800000000e+03	 -1,38156e-02	  2,29345e-02
3492	  6,9820000000e+03	 -1,51207e-02	  2,21041e-02
3493	  6,9840000000e+03	 -1,52490e-02	  2,16475e-02
3494	  6,9860000000e+03	 -1,58012e-02	  2,18845e-02
3495	  6,9880000000e+03	 -1,57512e-02	  2,14882e-02
3496	  6,9900000000e+03	 -1,47634e-02	  2,05687e-02
3497	  6,9920000000e+03	 -1,47527e-02	  2,12499e-02
3498	  6,9940000000e+03	 -1,46411e-02	  2,22454e-02
3499	  6,9960000000e+03	 -1,66215e-02	  2,47742e-02
3500	  6,9980000000e+03	 -1,62301e-02	  2,40809e-02
3501	  7,0000000000e+03	 -1,73165e-02	  2,00899e-02
3502	  7,0020000000e+03	 -1,60221e-02	  1,82439e-02
3503	  7,0040000000e+03	 -1,27836e-02	  2,12606e-02
3504	  7,0060000000e+03	 -1,51884e-02	  2,22061e-02
3505	  7,0080000000e+03	 -1,49442e-02	  1,94433e-02
3506	  7,0100000000e+03	 -1,46233e-02	  2,06982e-02
3507	  7,0120000000e+03	 -1,55990e-02	  2,28920e-02
3508	  7,0140000000e+03	 -1,60713e-02	  2,17262e-02
3509	  7,0160000000e+03	 -1,57973e-02	  2,16862e-02
3510	  7,0180000000e+03	 -1,25073e-02	  2,11120e-02
3511	  7,0200000000e+03	 -1,08788e-02	  2,03227e-02
3512	  7,0220000000e+03	 -1,34629e-02	  1,89313e-02
3513	  7,0240000000e+03	 -1,51753e-02	  2,00154e-02
3514	  7,0260000000e+03	 -1,29761e-02	  2,25187e-02
3515	  7,0280000000e+03	 -1,40300e-02	  2,14013e-02
3516	  7,0300000000e+03	 -1,30238e-02	  2,21194e-02
3517	  7,0320000000e+03	 -1,13666e-02	  2,60992e-02
3518	  7,0340000000e+03	 -1,15702e-02	  2,34413e-02
3519	  7,0360000000e+03	 -1,29052e-02	  2,43005e-02
3520	  7,0380000000e+03	 -1,51992e-02	  2,44747e-02
3521	  7,0400000000e+03	 -1,20629e-02	  2,42497e-02
3522	  7,0420000000e+03	 -1,06497e-02	  2,44122e-02
3523	  7,0440000000e+03	 -1,24766e-02	  2,28651e-02
3524	  7,0460000000e+03	 -1,14810e-02	  2,32170e-02
3525	  7,0480000000e+03	 -9,86002e-03	  2,13028e-02
3526	  7,0500000000e+03	 -1,07653e-02	  2,13068e-02
3527	  7,0520000000e+03	 -1,24037e-02	  2,24064e-02
3528	  7,0540000000e+03	 -1,01122e-02	  2,63911e-02
3529	  7,0560000000e+03	 -9,61658e-03	  2,61729e-02
3530	  7,0580000000e+03	 -1,23791e-02	  2,37081e-02
3531	  7,0600000000e+03	 -1,20690e-02	  2,45771e-02
3532	  7,0620000000e+03	 -1,15984e-02	  2,44547e-02
3533	  7,0640000000e+03	 -1,33415e-02	  2,56516e-02
3534	  7,0660000000e+03	 -1,40524e-02	  2,64828e-02
3535	  7,0680000000e+03	 -8,60001e-03	  2,71946e-02
3536	  7,0700000000e+03	 -8,04969e-03	  2,67556e-02
3537	  7,0720000000e+03	 -1,00101e-02	  2,56982e-02
3538	  7,0740000000e+03	 -1,00880e-02	  2,73603e-02
3539	  7,0760000000e+03	 -8,23925e-03	  3,15306e-02
3540	  7,0780000000e+03	 -8,66039e-03	  3,09414e-02
3541	  7,0800000000e+03	 -6,94957e-03	  2,91465e-02
3542	  7,0820000000e+03	 -6,49672e-03	  2,99602e-02
3543	  7,0840000000e+03	 -5,40515e-03	  2,81091e-02
3544	  7,0860000000e+03	 -7,79820e-03	  2,93634e-02
3545	  7,0880000000e+03	 -7,68885e-03	  3,00775e-02
3546	  7,0900000000e+03	 -7,42020e-03	  2,91317e-02
3547	  7,0920000000e+03	 -7,94319e-03	  3,11220e-02
3548	  7,0940000000e+03	 -6,41152e-03	  3,49082e-02
3549	  7,0960000000e+03	 -6,60363e-03	  3,54194e-02
3550	  7,0980000000e+03	 -5,03421e-03	  3,28273e-02
3551	  7,1000000000e+03	 -1,55968e-03	  3,14823e-02
3552	  7,1020000000e+03	 -1,05013e-03	  3,25978e-02
3553	  7,1040000000e+03	 -2,12663e-03	  3,09781e-02
3554	  7,1060000000e+03	 -1,63407e-03	  3,26092e-02
3555	  7,1080000000e+03	 -2,08554e-03	  3,35958e-02
3556	  7,1100000000e+03	 -1,06245e-03	  3,29400e-02
3557	  7,1120000000e+03	 -5,34452e-05	  3,05372e-02
3558	  7,1140000000e+03	 -7,63201e-04	  3,02113e-02
3559	  7,1160000000e+03	 -3,10943e-04	  3,42890e-02
3560	  7,1180000000e+03	  2,01123e-04	  3,60595e-02
3561	  7,1200000000e+03	  2,62400e-03	  3,14083e-02
3562	  7,1220000000e+03	  2,59311e-03	  2,94598e-02
3563	  7,1240000000e+03	  3,38984e-03	  3,26007e-02
3564	  7,1260000000e+03	  5,47455e-03	  3,48519e-02
3565	  7,1280000000e+03	  3,82208e-03	  3,39739e-02
3566	  7,1300000000e+03	  5,94335e-03	  3,39449e-02
3567	  7,1320000000e+03	  1,01754e-02	  3,34402e-02
3568	  7,1340000000e+03	  1,16330e-02	  3,24322e-02
3569	  7,1360000000e+03	  1,11321e-02	  3,18622e-02
3570	  7,1380000000e+03	  1,25130e-02	  3,06863e-02
3571	  7,1400000000e+03	  1,24088e-02	  2,82464e-02
3572	  7,1420000000e+03	  1,19892e-02	  2,94826e-02
3573	  7,1440000000e+03	  1,28819e-02	  2,94284e-02
3574	  7,1460000000e+03	  1,38063e-02	  2,77498e-02
3575	  7,1480000000e+03	  1,41859e-02	  2,83409e-02
3576	  7,1500000000e+03	  1,19327e-02	  2,89285e-02
3577	  7,1520000000e+03	  1,10984e-02	  2,61485e-02
3578	  7,1540000000e+03	  1,30978e-02	  2,71384e-02
3579	  7,1560000000e+03	  1,24693e-02	  2,60373e-02
3580	  7,1580000000e+03	  1,39920e-02	  2,76040e-02
3581	  7,1600000000e+03	  1,41272e-02	  2,65291e-02
3582	  7,1620000000e+03	  1,42693e-02	  2,51456e-02
3583	  7,1640000000e+03	  1,59998e-02	  2,54490e-02
3584	  7,1660000000e+03	  1,57472e-02	  2,27501e-02
3585	  7,1680000000e+03	  1,56125e-02	  2,27682e-02
3586	  7,1700000000e+03	  1,49083e-02	  2,20659e-02
3587	  7,1720000000e+03	  1,41223e-02	  1,92589e-02
3588	  7,1740000000e+03	  1,56044e-02	  2,13718e-02
3589	  7,1760000000e+03	  1,55993e-02	  2,27166e-02
3590	  7,1780000000e+03	  1,47655e-02	  2,22478e-02
3591	  7,1800000000e+03	  1,35411e-02	  2,29318e-02
3592	  7,1820000000e+03	  1,50605e-02	  2,31666e-02
3593	  7,1840000000e+03	  1,45632e-02	  2,16054e-02
3594	  7,1860000000e+03	  1,63224e-02	  2,14420e-02
3595	  7,1880000000e+03	  1,55530e-02	  2,11313e-02
3596	  7,1900000000e+03	  1,74862e-02	  2,03678e-02
3597	  7,1920000000e+03	  1,57627e-02	  2,00694e-02
3598	  7,1940000000e+03	  1,55943e-02	  1,95427e-02
3599	  7,1960000000e+03	  1,81055e-02	  1,99420e-02
3600	  7,1980000000e+03	  1,63358e-02	  1,85745e-02
3601	  7,2000000000e+03	  1,64621e-02	  1,78567e-02
3602	  7,2020000000e+03	  1,78806e-02	  1,64374e-02
3603	  7,2040000000e+03	  1,76322e-02	  1,76645e-02
3604	  7,2060000000e+03	  1,97376e-02	  1,62328e-02
3605	  7,2080000000e+03	  1,84647e-02	  1,71927e-02
3606	  7,2100000000e+03	  2,21885e-02	  1,74800e-02
3607	  7,2120000000e+03	  2,21756e-02	  1,40371e-02
3608	  7,2140000000e+03	  1,99571e-02	  1,49114e-02
3609	  7,2160000000e+03	  2,08062e-02	  1,35876e-02
3610	  7,2180000000e+03	  1,99813e-02	  1,18550e-02
3611	  7,2200000000e+03	  1,81557e-02	  1,33964e-02
3612	  7,2220000000e+03	  1,85368e-02	  1,46981e-02
3613	  7,2240000000e+03	  2,09341e-02	  1,31318e-02
3614	  7,2260000000e+03	  1,75225e-02	  1,34218e-02
3615	  7,2280000000e+03	  1,70159e-02	  1,33150e-02
3616	  7,2300000000e+03	  1,64670e-02	  1,28134e-02
3617	  7,2320000000e+03	  1,70528e-02	  1,53421e-02
3618	  7,2340000000e+03	  1,46618e-02	  1,55445e-02
3619	  7,2360000000e+03	  1,48311e-02	  1,33212e-02
3620	  7,2380000000e+03	  1,73786e-02	  1,39850e-02
3621	  7,2400000000e+03	  1,73413e-02	  1,42948e-02
3622	  7,2420000000e+03	  1,62658e-02	  1,27065e-02
3623	  7,2440000000e+03	  1,67573e-02	  1,44256e-02
3624	  7,2460000000e+03	  1,96054e-02	  1,30657e-02
3625	  7,2480000000e+03	  1,83711e-02	  1,26876e-02
3626	  7,2500000000e+03	  1,87390e-02	  1,32685e-02
3627	  7,2520000000e+03	  1,82764e-02	  1,26240e-02
3628	  7,2540000000e+03	  1,57303e-02	  1,27216e-02
3629	  7,2560000000e+03	  1,77327e-02	  1,15813e-02
3630	  7,2580000000e+03	  1,98414e-02	  1,11232e-02
3631	  7,2600000000e+03	  1,99767e-02	  9,51810e-03
3632	  7,2620000000e+03	  1,72408e-02	  1,17338e-02
3633	  7,2640000000e+03	  1,65875e-02	  1,30924e-02
3634	  7,2660000000e+03	  1,75201e-02	  1,26626e-02
3635	  7,2680000000e+03	  1,72544e-02	  1,43327e-02
3636	  7,2700000000e+03	  1,71115e-02	  1,38612e-02
3637	  7,2720000000e+03	  1,77466e-02	  1,32578e-02
3638	  7,2740000000e+03	  1,81330e-02	  1,52254e-02
3639	  7,2760000000e+03	  1,67027e-02	  1,45621e-02
3640	  7,2780000000e+03	  1,84190e-02	  1,32386e-02
3641	  7,2800000000e+03	  1,94164e-02	  1,39959e-02
3642	  7,2820000000e+03	  1,99161e-02	  1,30416e-02
3643	  7,2840000000e+03	  1,82839e-02	  1,17596e-02
3644	  7,2860000000e+03	  1,72677e-02	  1,30952e-02
3645	  7,2880000000e+03	  1,58550e-02	  1,46717e-02
3646	  7,2900000000e+03	  1,64278e-02	  1,30406e-02
3647	  7,2920000000e+03	  1,80975e-02	  1,21737e-02
3648	  7,2940000000e+03	  1,92223e-02	  1,14328e-02
3649	  7,2960000000e+03	  1,76590e-02	  1,21136e-02
3650	  7,2980000000e+03	  1,90604e-02	  1,10710e-02
3651	  7,3000000000e+03	  2,09260e-02	  1,23469e-02
3652	  7,3020000000e+03	  1,85599e-02	  1,11045e-02
3653	  7,3040000000e+03	  1,76653e-02	  8,03977e-03
3654	  7,3060000000e+03	  1,61376e-02	  8,11678e-03
3655	  7,3080000000e+03	  1,82956e-02	  9,77021e-03
3656	  7,3100000000e+03	  1,85920e-02	  1,19060e-02
3657	  7,3120000000e+03	  1,66918e-02	  1,31573e-02
3658	  7,3140000000e+03	  1,98918e-02	  1,19694e-02
3659	  7,3160000000e+03	  2,15209e-02	  1,42576e-02
3660	  7,3180000000e+03	  1,97604e-02	  1,42158e-02
3661	  7,3200000000e+03	  2,09712e-02	  1,46540e-02
3662	  7,3220000000e+03	  2,04978e-02	  1,25131e-02
3663	  7,3240000000e+03	  2,10420e-02	  1,19982e-02
3664	  7,3260000000e+03	  2,28040e-02	  1,08542e-02
3665	  7,3280000000e+03	  2,31228e-02	  1,20241e-02
3666	  7,3300000000e+03	  2,37773e-02	  1,36715e-02
3667	  7,3320000000e+03	  2,32291e-02	  1,33843e-02
3668	  7,3340000000e+03	  2,36344e-02	  1,23444e-02
3669	  7,3360000000e+03	  2,46204e-02	  1,04657e-02
3670	  7,3380000000e+03	  2,23511e-02	  1,19169e-02
3671	  7,3400000000e+03	  2,30178e-02	  1,21553e-02
3672	  7,3420000000e+03	  2,44765e-02	  1,13212e-02
3673	  7,3440000000e+03	  2,40917e-02	  9,76612e-03
3674	  7,3460000000e+03	  2,37981e-02	  9,83474e-03
3675	  7,3480000000e+03	  2,60069e-02	  9,67276e-03
3676	  7,3500000000e+03	  2,47020e-02	  1,08705e-02
3677	  7,3520000000e+03	  2,59170e-02	  1,04445e-02
3678	  7,3540000000e+03	  2,55754e-02	  9,17510e-03
3679	  7,3560000000e+03	  2,70910e-02	  8,39003e-03
3680	  7,3580000000e+03	  3,05158e-02	  1,06755e-02
3681	  7,3600000000e+03	  3,12718e-02	  1,04205e-02
3682	  7,3620000000e+03	  3,14480e-02	  9,81212e-03
3683	  7,3640000000e+03	  2,85893e-02	  8,53281e-03
3684	  7,3660000000e+03	  3,08104e-02	  8,90566e-03
3685	  7,3680000000e+03	  3,17669e-02	  8,79467e-03
3686	  7,3700000000e+03	  3,14740e-02	  7,11860e-03
3687	  7,3720000000e+03	  3,46645e-02	  3,78591e-03
3688	  7,3740000000e+03	  3,44046e-02	  4,15645e-03
3689	  7,3760000000e+03	  3,37657e-02	  5,84305e-03
3690	  7,3780000000e+03	  3,32413e-02	  7,38932e-03
3691	  7,3800000000e+03	  3,22525e-02	  4,86525e-03
3692	  7,3820000000e+03	  3,16064e-02	  3,94665e-03
3693	  7,3840000000e+03	  3,22432e-02	  2,48204e-03
3694	  7,3860000000e+03	  3,34240e-02	  2,90854e-03
3695	  7,3880000000e+03	  3,09766e-02	  3,83121e-03
3696	  7,3900000000e+03	  3,07040e-02	  3,52326e-03
3697	  7,3920000000e+03	  3,32108e-02	  2,08272e-03
3698	  7,3940000000e+03	  3,46974e-02	  1,30285e-03
3699	  7,3960000000e+03	  3,46950e-02	  1,35317e-04
3700	  7,3980000000e+03	  3,63138e-02	 -1,43054e-03
3701	  7,4000000000e+03	  3,53231e-02	  3,75584e-04
3702	  7,4020000000e+03	  3,59230e-02	 -1,59723e-03
3703	  7,4040000000e+03	  3,80987e-02	 -5,65489e-03
3704	  7,4060000000e+03	  3,83209e-02	 -2,45639e-03
3705	  7,4080000000e+03	  3,76039e-02	 -2,95146e-03
3706	  7,4100000000e+03	  3,70111e-02	 -4,71210e-03
3707	  7,4120000000e+03	  3,90578e-02	 -4,87525e-03
3708	  7,4140000000e+03	  3,92316e-02	 -7,24717e-03
3709	  7,4160000000e+03	  3,78177e-02	 -5,65619e-03
3710	  7,4180000000e+03	  3,66753e-02	 -2,62657e-03
3711	  7,4200000000e+03	  3,62946e-02	 -3,76573e-03
3712	  7,4220000000e+03	  3,76759e-02	 -6,51128e-03
3713	  7,4240000000e+03	  4,12050e-02	 -9,34495e-03
3714	  7,4260000000e+03	  4,07443e-02	 -9,22103e-03
3715	  7,4280000000e+03	  3,72762e-02	 -9,23580e-03
3716	  7,4300000000e+03	  3,79571e-02	 -1,04701e-02
3717	  7,4320000000e+03	  3,68169e-02	 -1,25611e-02
3718	  7,4340000000e+03	  3,58669e-02	 -1,48835e-02
3719	  7,4360000000e+03	  3,87717e-02	 -1,45868e-02
3720	  7,4380000000e+03	  3,71583e-02	 -1,49595e-02
3721	  7,4400000000e+03	  3,86532e-02	 -1,22850e-02
3722	  7,4420000000e+03	  4,11958e-02	 -1,46271e-02
3723	  7,4440000000e+03	  4,02743e-02	 -1,71842e-02
3724	  7,4460000000e+03	  4,01354e-02	 -1,65726e-02
3725	  7,4480000000e+03	  3,95208e-02	 -1,64651e-02
3726	  7,4500000000e+03	  3,92163e-02	 -1,59688e-02
3727	  7,4520000000e+03	  3,80674e-02	 -1,78553e-02
3728	  7,4540000000e+03	  3,68972e-02	 -2,11425e-02
3729	  7,4560000000e+03	  3,84502e-02	 -2,28135e-02
3730	  7,4580000000e+03	  3,89218e-02	 -2,27001e-02
3731	  7,4600000000e+03	  3,92278e-02	 -2,29305e-02
3732	  7,4620000000e+03	  3,73734e-02	 -2,30453e-02
3733	  7,4640000000e+03	  3,70913e-02	 -2,50629e-02
3734	  7,4660000000e+03	  3,55626e-02	 -2,74769e-02
3735	  7,4680000000e+03	  3,41091e-02	 -2,73672e-02
3736	  7,4700000000e+03	  3,36628e-02	 -2,77642e-02
3737	  7,4720000000e+03	  3,56266e-02	 -3,00859e-02
3738	  7,4740000000e+03	  3,51273e-02	 -3,29058e-02
3739	  7,4760000000e+03	  3,36337e-02	 -3,12650e-02
3740	  7,4780000000e+03	  3,41797e-02	 -3,11724e-02
3741	  7,4800000000e+03	  3,66707e-02	 -2,86795e-02
3742	  7,4820000000e+03	  3,56794e-02	 -2,75028e-02
3743	  7,4840000000e+03	  3,39804e-02	 -3,05481e-02
3744	  7,4860000000e+03	  3,48284e-02	 -3,29978e-02
3745	  7,4880000000e+03	  3,59413e-02	 -3,36333e-02
3746	  7,4900000000e+03	  3,53188e-02	 -3,28455e-02
3747	  7,4920000000e+03	  3,32083e-02	 -3,48134e-02
3748	  7,4940000000e+03	  3,35724e-02	 -3,65393e-02
3749	  7,4960000000e+03	  3,38952e-02	 -3,66032e-02
3750	  7,4980000000e+03	  3,04779e-02	 -3,76927e-02
3751	  7,5000000000e+03	  3,12123e-02	 -3,82074e-02
3752	  7,5020000000e+03	  3,00618e-02	 -3,96617e-02
3753	  7,5040000000e+03	  2,63432e-02	 -4,20000e-02
3754	  7,5060000000e+03	  2,81543e-02	 -4,54264e-02
3755	  7,5080000000e+03	  2,56162e-02	 -4,57919e-02
3756	  7,5100000000e+03	  2,51170e-02	 -4,77142e-02
3757	  7,5120000000e+03	  2,90862e-02	 -4,80376e-02
3758	  7,5140000000e+03	  2,58635e-02	 -4,50970e-02
3759	  7,5160000000e+03	  2,57646e-02	 -4,48330e-02
3760	  7,5180000000e+03	  2,61662e-02	 -4,50000e-02
3761	  7,5200000000e+03	  2,33971e-02	 -4,84813e-02
3762	  7,5220000000e+03	  2,16511e-02	 -5,09521e-02
3763	  7,5240000000e+03	  1,95732e-02	 -4,98488e-02
3764	  7,5260000000e+03	  1,81576e-02	 -4,83458e-02
3765	  7,5280000000e+03	  1,64466e-02	 -5,06381e-02
3766	  7,5300000000e+03	  1,59108e-02	 -5,44049e-02
3767	  7,5320000000e+03	  1,57268e-02	 -5,30134e-02
3768	  7,5340000000e+03	  1,41649e-02	 -5,37255e-02
3769	  7,5360000000e+03	  1,02562e-02	 -5,30708e-02
3770	  7,5380000000e+03	  1,00463e-02	 -5,28414e-02
3771	  7,5400000000e+03	  1,28548e-02	 -5,52741e-02
3772	  7,5420000000e+03	  1,17472e-02	 -5,26062e-02
3773	  7,5440000000e+03	  9,74317e-03	 -5,35967e-02
3774	  7,5460000000e+03	  8,16231e-03	 -5,48408e-02
3775	  7,5480000000e+03	  6,12073e-03	 -5,28173e-02
3776	  7,5500000000e+03	  6,06971e-03	 -5,32270e-02
3777	  7,5520000000e+03	  4,48968e-03	 -5,23857e-02
3778	  7,5540000000e+03	  7,00608e-04	 -5,43416e-02
3779	  7,5560000000e+03	 -1,47849e-03	 -5,41606e-02
3780	  7,5580000000e+03	 -1,85363e-03	 -5,59913e-02
3781	  7,5600000000e+03	 -1,14803e-03	 -5,63487e-02
3782	  7,5620000000e+03	 -1,46095e-03	 -5,45584e-02
3783	  7,5640000000e+03	 -3,15117e-03	 -5,35369e-02
3784	  7,5660000000e+03	 -3,71349e-03	 -5,34434e-02
3785	  7,5680000000e+03	 -4,00136e-03	 -5,58711e-02
3786	  7,5700000000e+03	 -2,04813e-03	 -5,52472e-02
3787	  7,5720000000e+03	 -3,32662e-03	 -5,30289e-02
3788	  7,5740000000e+03	 -5,62760e-03	 -5,42774e-02
3789	  7,5760000000e+03	 -4,95497e-03	 -5,41751e-02
3790	  7,5780000000e+03	 -6,55832e-03	 -5,29690e-02
3791	  7,5800000000e+03	 -8,64200e-03	 -5,38866e-02
3792	  7,5820000000e+03	 -1,19748e-02	 -5,56932e-02
3793	  7,5840000000e+03	 -1,43408e-02	 -5,44127e-02
3794	  7,5860000000e+03	 -1,37724e-02	 -5,51619e-02
3795	  7,5880000000e+03	 -1,52689e-02	 -5,55159e-02
3796	  7,5900000000e+03	 -1,65555e-02	 -5,35005e-02
3797	  7,5920000000e+03	 -1,64029e-02	 -5,29692e-02
3798	  7,5940000000e+03	 -1,75455e-02	 -5,12786e-02
3799	  7,5960000000e+03	 -1,95989e-02	 -5,21357e-02
3800	  7,5980000000e+03	 -1,99077e-02	 -5,48470e-02
3801	  7,6000000000e+03	 -2,06899e-02	 -5,31798e-02
3802	  7,6020000000e+03	 -2,34821e-02	 -5,60329e-02
3803	  7,6040000000e+03	 -2,35054e-02	 -5,68903e-02
3804	  7,6060000000e+03	 -2,46342e-02	 -5,62902e-02
3805	  7,6080000000e+03	 -2,80704e-02	 -5,47250e-02
3806	  7,6100000000e+03	 -2,70790e-02	 -5,35870e-02
3807	  7,6120000000e+03	 -2,93927e-02	 -5,21941e-02
3808	  7,6140000000e+03	 -3,29649e-02	 -5,03894e-02
3809	  7,6160000000e+03	 -3,27268e-02	 -4,87749e-02
3810	  7,6180000000e+03	 -3,37996e-02	 -4,81314e-02
3811	  7,6200000000e+03	 -3,80405e-02	 -4,94023e-02
3812	  7,6220000000e+03	 -3,78947e-02	 -4,86844e-02
3813	  7,6240000000e+03	 -3,50750e-02	 -4,76007e-02
3814	  7,6260000000e+03	 -3,73415e-02	 -4,57118e-02
3815	  7,6280000000e+03	 -4,01488e-02	 -4,58558e-02
3816	  7,6300000000e+03	 -3,93497e-02	 -4,61914e-02
3817	  7,6320000000e+03	 -4,13352e-02	 -4,44822e-02
3818	  7,6340000000e+03	 -4,05659e-02	 -4,40784e-02
3819	  7,6360000000e+03	 -4,28953e-02	 -4,18576e-02
3820	  7,6380000000e+03	 -4,70959e-02	 -4,03398e-02
3821	  7,6400000000e+03	 -4,63322e-02	 -3,68932e-02
3822	  7,6420000000e+03	 -4,76023e-02	 -3,60957e-02
3823	  7,6440000000e+03	 -4,72182e-02	 -3,70522e-02
3824	  7,6460000000e+03	 -4,65359e-02	 -3,65963e-02
3825	  7,6480000000e+03	 -4,92791e-02	 -3,56882e-02
3826	  7,6500000000e+03	 -4,92049e-02	 -3,43468e-02
3827	  7,6520000000e+03	 -4,85616e-02	 -3,35123e-02
3828	  7,6540000000e+03	 -5,02647e-02	 -3,16179e-02
3829	  7,6560000000e+03	 -5,29168e-02	 -2,98734e-02
3830	  7,6580000000e+03	 -5,30176e-02	 -2,93411e-02
3831	  7,6600000000e+03	 -5,24945e-02	 -2,74535e-02
3832	  7,6620000000e+03	 -5,30779e-02	 -2,75244e-02
3833	  7,6640000000e+03	 -5,15299e-02	 -2,64814e-02
3834	  7,6660000000e+03	 -5,22225e-02	 -2,39470e-02
3835	  7,6680000000e+03	 -5,65006e-02	 -2,43716e-02
3836	  7,6700000000e+03	 -5,53305e-02	 -2,49198e-02
3837	  7,6720000000e+03	 -5,59848e-02	 -2,21385e-02
3838	  7,6740000000e+03	 -5,91250e-02	 -2,15770e-02
3839	  7,6760000000e+03	 -6,09681e-02	 -1,71531e-02
3840	  7,6780000000e+03	 -6,03189e-02	 -1,50416e-02
3841	  7,6800000000e+03	 -5,85744e-02	 -1,44056e-02
3842	  7,6820000000e+03	 -6,01928e-02	 -1,41638e-02
3843	  7,6840000000e+03	 -5,93397e-02	 -1,08920e-02
3844	  7,6860000000e+03	 -5,87608e-02	 -9,34016e-03
3845	  7,6880000000e+03	 -5,99516e-02	 -1,06825e-02
3846	  7,6900000000e+03	 -6,02218e-02	 -8,49213e-03
3847	  7,6920000000e+03	 -5,90708e-02	 -4,80919e-03
3848	  7,6940000000e+03	 -5,71111e-02	 -2,94587e-03
3849	  7,6960000000e+03	 -5,68429e-02	 -2,60112e-03
3850	  7,6980000000e+03	 -5,54505e-02	 -4,07617e-03
3851	  7,7000000000e+03	 -5,65276e-02	 -4,37557e-03
3852	  7,7020000000e+03	 -5,68110e-02	 -2,64541e-03
3853	  7,7040000000e+03	 -5,81116e-02	 -8,93406e-04
3854	  7,7060000000e+03	 -5,78559e-02	  3,12859e-04
3855	  7,7080000000e+03	 -5,82011e-02	  1,97909e-03
3856	  7,7100000000e+03	 -5,85184e-02	  3,65005e-04
3857	  7,7120000000e+03	 -5,85047e-02	  3,98278e-03
3858	  7,7140000000e+03	 -5,89898e-02	  5,36056e-03
3859	  7,7160000000e+03	 -5,70727e-02	  5,46952e-03
3860	  7,7180000000e+03	 -5,50831e-02	  8,68265e-03
3861	  7,7200000000e+03	 -5,66332e-02	  9,01174e-03
3862	  7,7220000000e+03	 -5,96570e-02	  9,94670e-03
3863	  7,7240000000e+03	 -5,99380e-02	  1,17723e-02
3864	  7,7260000000e+03	 -5,76664e-02	  1,42172e-02
3865	  7,7280000000e+03	 -5,78536e-02	  1,34216e-02
3866	  7,7300000000e+03	 -5,42648e-02	  1,57786e-02
3867	  7,7320000000e+03	 -5,18909e-02	  1,90412e-02
3868	  7,7340000000e+03	 -5,51703e-02	  1,87304e-02
3869	  7,7360000000e+03	 -5,51565e-02	  1,73167e-02
3870	  7,7380000000e+03	 -5,44150e-02	  2,00955e-02
3871	  7,7400000000e+03	 -5,28262e-02	  2,21933e-02
3872	  7,7420000000e+03	 -5,25159e-02	  2,33639e-02
3873	  7,7440000000e+03	 -5,09327e-02	  2,22326e-02
3874	  7,7460000000e+03	 -4,99635e-02	  2,36072e-02
3875	  7,7480000000e+03	 -4,97581e-02	  2,63803e-02
3876	  7,7500000000e+03	 -5,13762e-02	  2,79022e-02
3877	  7,7520000000e+03	 -4,94697e-02	  3,03163e-02
3878	  7,7540000000e+03	 -4,87969e-02	  3,08674e-02
3879	  7,7560000000e+03	 -4,92110e-02	  3,05274e-02
3880	  7,7580000000e+03	 -4,72365e-02	  3,14007e-02
3881	  7,7600000000e+03	 -4,76134e-02	  3,06627e-02
3882	  7,7620000000e+03	 -4,47104e-02	  3,31065e-02
3883	  7,7640000000e+03	 -4,43033e-02	  3,50753e-02
3884	  7,7660000000e+03	 -4,32751e-02	  3,34017e-02
3885	  7,7680000000e+03	 -4,21941e-02	  3,48634e-02
3886	  7,7700000000e+03	 -3,92649e-02	  3,58019e-02
3887	  7,7720000000e+03	 -3,79445e-02	  3,46145e-02
3888	  7,7740000000e+03	 -3,79706e-02	  3,35284e-02
3889	  7,7760000000e+03	 -3,64277e-02	  3,59047e-02
3890	  7,7780000000e+03	 -3,41577e-02	  3,98044e-02
3891	  7,7800000000e+03	 -3,39465e-02	  4,14471e-02
3892	  7,7820000000e+03	 -3,49163e-02	  4,00679e-02
3893	  7,7840000000e+03	 -3,36244e-02	  4,20590e-02
3894	  7,7860000000e+03	 -3,11089e-02	  4,10785e-02
3895	  7,7880000000e+03	 -2,80773e-02	  3,98720e-02
3896	  7,7900000000e+03	 -2,78829e-02	  4,04889e-02
3897	  7,7920000000e+03	 -2,78931e-02	  3,95822e-02
3898	  7,7940000000e+03	 -2,86484e-02	  4,21093e-02
3899	  7,7960000000e+03	 -2,80561e-02	  4,25872e-02
3900	  7,7980000000e+03	 -2,84751e-02	  4,29880e-02
3901	  7,8000000000e+03	 -2,75748e-02	  4,38854e-02
3902	  7,8020000000e+03	 -2,60358e-02	  4,65068e-02
3903	  7,8040000000e+03	 -2,38700e-02	  4,75627e-02
3904	  7,8060000000e+03	 -2,55637e-02	  4,59824e-02
3905	  7,8080000000e+03	 -2,52304e-02	  4,50624e-02
3906	  7,8100000000e+03	 -2,22493e-02	  4,48980e-02
3907	  7,8120000000e+03	 -1,96639e-02	  4,62163e-02
3908	  7,8140000000e+03	 -1,92253e-02	  4,47694e-02
3909	  7,8160000000e+03	 -1,76506e-02	  4,37208e-02
3910	  7,8180000000e+03	 -1,39209e-02	  4,39019e-02
3911	  7,8200000000e+03	 -1,32551e-02	  4,67277e-02
3912	  7,8220000000e+03	 -1,37623e-02	  4,81234e-02
3913	  7,8240000000e+03	 -1,35672e-02	  4,72728e-02
3914	  7,8260000000e+03	 -1,27383e-02	  4,56245e-02
3915	  7,8280000000e+03	 -1,23317e-02	  4,55494e-02
3916	  7,8300000000e+03	 -8,16324e-03	  4,79589e-02
3917	  7,8320000000e+03	 -8,97451e-03	  4,59389e-02
3918	  7,8340000000e+03	 -8,90320e-03	  4,51784e-02
3919	  7,8360000000e+03	 -7,04330e-03	  4,46093e-02
3920	  7,8380000000e+03	 -4,57455e-03	  4,18080e-02
3921	  7,8400000000e+03	 -4,04581e-03	  4,31036e-02
3922	  7,8420000000e+03	 -3,61865e-03	  4,55691e-02
3923	  7,8440000000e+03	 -1,80167e-03	  4,55165e-02
3924	  7,8460000000e+03	 -1,83165e-03	  4,43369e-02
3925	  7,8480000000e+03	 -2,09393e-03	  4,40675e-02
3926	  7,8500000000e+03	 -2,75989e-03	  3,99864e-02
3927	  7,8520000000e+03	 -1,62716e-03	  4,26941e-02
3928	  7,8540000000e+03	 -7,25964e-04	  4,67225e-02
3929	  7,8560000000e+03	 -1,65206e-03	  4,49679e-02
3930	  7,8580000000e+03	 -1,98437e-03	  4,43153e-02
3931	  7,8600000000e+03	  1,89981e-03	  4,30284e-02
3932	  7,8620000000e+03	  6,71558e-03	  4,09688e-02
3933	  7,8640000000e+03	  4,84877e-03	  4,32722e-02
3934	  7,8660000000e+03	  2,51251e-03	  4,50642e-02
3935	  7,8680000000e+03	  5,12779e-03	  4,14929e-02
3936	  7,8700000000e+03	  4,54149e-03	  4,02950e-02
3937	  7,8720000000e+03	  4,96651e-03	  4,22808e-02
3938	  7,8740000000e+03	  6,32036e-03	  3,80289e-02
3939	  7,8760000000e+03	  5,95212e-03	  3,79228e-02
3940	  7,8780000000e+03	  5,94908e-03	  3,87094e-02
3941	  7,8800000000e+03	  8,33321e-03	  3,93635e-02
3942	  7,8820000000e+03	  8,14133e-03	  4,19371e-02
3943	  7,8840000000e+03	  6,58831e-03	  4,12854e-02
3944	  7,8860000000e+03	  7,05272e-03	  3,85010e-02
3945	  7,8880000000e+03	  9,90893e-03	  3,64364e-02
3946	  7,8900000000e+03	  9,66373e-03	  3,76619e-02
3947	  7,8920000000e+03	  1,14742e-02	  4,01440e-02
3948	  7,8940000000e+03	  1,29304e-02	  3,92552e-02
3949	  7,8960000000e+03	  1,46835e-02	  3,68604e-02
3950	  7,8980000000e+03	  1,41045e-02	  3,45420e-02
3951	  7,9000000000e+03	  1,31889e-02	  3,54877e-02
3952	  7,9020000000e+03	  1,30519e-02	  3,77271e-02
3953	  7,9040000000e+03	  1,28673e-02	  3,63740e-02
3954	  7,9060000000e+03	  1,36467e-02	  3,65504e-02
3955	  7,9080000000e+03	  1,58277e-02	  3,74293e-02
3956	  7,9100000000e+03	  1,74076e-02	  3,61406e-02
3957	  7,9120000000e+03	  1,79724e-02	  3,43118e-02
3958	  7,9140000000e+03	  1,96006e-02	  3,25644e-02
3959	  7,9160000000e+03	  1,96844e-02	  3,35912e-02
3960	  7,9180000000e+03	  1,95785e-02	  3,43476e-02
3961	  7,9200000000e+03	  2,12787e-02	  3,09974e-02
3962	  7,9220000000e+03	  2,31145e-02	  3,08304e-02
3963	  7,9240000000e+03	  2,03818e-02	  3,12275e-02
3964	  7,9260000000e+03	  1,79680e-02	  3,05217e-02
3965	  7,9280000000e+03	  1,65233e-02	  2,97601e-02
3966	  7,9300000000e+03	  2,01844e-02	  2,91777e-02
3967	  7,9320000000e+03	  1,93367e-02	  2,87838e-02
3968	  7,9340000000e+03	  2,09073e-02	  3,02218e-02
3969	  7,9360000000e+03	  2,25774e-02	  3,24604e-02
3970	  7,9380000000e+03	  2,14683e-02	  3,26079e-02
3971	  7,9400000000e+03	  2,29156e-02	  3,25675e-02
3972	  7,9420000000e+03	  2,19325e-02	  3,12778e-02
3973	  7,9440000000e+03	  2,43824e-02	  3,04541e-02
3974	  7,9460000000e+03	  2,35321e-02	  2,77713e-02
3975	  7,9480000000e+03	  2,38082e-02	  2,58988e-02
3976	  7,9500000000e+03	  2,75137e-02	  2,22135e-02
3977	  7,9520000000e+03	  2,93094e-02	  2,55606e-02
3978	  7,9540000000e+03	  2,86211e-02	  2,49922e-02
3979	  7,9560000000e+03	  2,94465e-02	  2,36783e-02
3980	  7,9580000000e+03	  3,05622e-02	  2,16624e-02
3981	  7,9600000000e+03	  2,89742e-02	  2,30336e-02
3982	  7,9620000000e+03	  2,89115e-02	  2,20671e-02
3983	  7,9640000000e+03	  2,96729e-02	  2,12715e-02
3984	  7,9660000000e+03	  2,90837e-02	  2,15781e-02
3985	  7,9680000000e+03	  2,98226e-02	  1,87810e-02
3986	  7,9700000000e+03	  2,94885e-02	  1,92506e-02
3987	  7,9720000000e+03	  3,11456e-02	  2,02309e-02
3988	  7,9740000000e+03	  3,11902e-02	  2,00659e-02
3989	  7,9760000000e+03	  3,03488e-02	  1,96505e-02
3990	  7,9780000000e+03	  3,18907e-02	  1,89267e-02
3991	  7,9800000000e+03	  3,23862e-02	  1,73080e-02
3992	  7,9820000000e+03	  3,24938e-02	  1,70189e-02
3993	  7,9840000000e+03	  3,04607e-02	  1,50841e-02
3994	  7,9860000000e+03	  3,14472e-02	  1,47444e-02
3995	  7,9880000000e+03	  3,37425e-02	  1,55313e-02
3996	  7,9900000000e+03	  3,27843e-02	  1,66515e-02
3997	  7,9920000000e+03	  3,22768e-02	  1,52550e-02
3998	  7,9940000000e+03	  3,17702e-02	  1,41613e-02
3999	  7,9960000000e+03	  3,42223e-02	  1,47007e-02
4000	  7,9980000000e+03	  3,48674e-02	  1,14144e-02
4001	  8,0000000000e+03	  3,07920e-02	  1,23870e-02
4002	  8,0020000000e+03	  3,38750e-02	  1,29656e-02
4003	  8,0040000000e+03	  3,47292e-02	  1,04999e-02
4004	  8,0060000000e+03	  3,53547e-02	  9,85431e-03
4005	  8,0080000000e+03	  3,27870e-02	  9,61104e-03
4006	  8,0100000000e+03	  3,35653e-02	  1,12562e-02
4007	  8,0120000000e+03	  3,47211e-02	  1,03127e-02
4008	  8,0140000000e+03	  3,80161e-02	  8,84415e-03
4009	  8,0160000000e+03	  3,64807e-02	  1,01417e-02
4010	  8,0180000000e+03	  3,59317e-02	  9,40968e-03
4011	  8,0200000000e+03	  3,46910e-02	  8,29248e-03
4012	  8,0220000000e+03	  3,32210e-02	  8,44274e-03
4013	  8,0240000000e+03	  3,43324e-02	  7,68149e-03
4014	  8,0260000000e+03	  3,62482e-02	  7,16109e-03
4015	  8,0280000000e+03	  3,60753e-02	  4,99644e-03
4016	  8,0300000000e+03	  3,69113e-02	  4,07881e-03
4017	  8,0320000000e+03	  3,67868e-02	  6,19748e-03
4018	  8,0340000000e+03	  3,65509e-02	  5,71004e-03
4019	  8,0360000000e+03	  3,83440e-02	  6,09595e-03
4020	  8,0380000000e+03	  3,84780e-02	  2,59685e-03
4021	  8,0400000000e+03	  3,92088e-02	  3,31216e-03
4022	  8,0420000000e+03	  3,87050e-02	  3,58333e-03
4023	  8,0440000000e+03	  3,87952e-02	  2,21977e-03
4024	  8,0460000000e+03	  3,58051e-02	 -5,75915e-04
4025	  8,0480000000e+03	  3,60527e-02	 -2,83102e-03
4026	  8,0500000000e+03	  3,74491e-02	 -2,74598e-03
4027	  8,0520000000e+03	  3,80419e-02	 -2,71965e-03
4028	  8,0540000000e+03	  3,86187e-02	 -3,71104e-03
4029	  8,0560000000e+03	  3,81056e-02	 -2,10332e-03
4030	  8,0580000000e+03	  3,66339e-02	 -3,99904e-03
4031	  8,0600000000e+03	  3,77544e-02	 -4,67414e-03
4032	  8,0620000000e+03	  3,71375e-02	 -7,36146e-03
4033	  8,0640000000e+03	  3,71933e-02	 -7,69692e-03
4034	  8,0660000000e+03	  3,99119e-02	 -6,36329e-03
4035	  8,0680000000e+03	  3,99619e-02	 -7,20936e-03
4036	  8,0700000000e+03	  4,00931e-02	 -9,89887e-03
4037	  8,0720000000e+03	  4,11405e-02	 -1,11654e-02
4038	  8,0740000000e+03	  3,77436e-02	 -1,28995e-02
4039	  8,0760000000e+03	  3,65785e-02	 -1,11595e-02
4040	  8,0780000000e+03	  3,91669e-02	 -1,19807e-02
4041	  8,0800000000e+03	  3,95449e-02	 -1,29728e-02
4042	  8,0820000000e+03	  3,93316e-02	 -1,66076e-02
4043	  8,0840000000e+03	  3,76219e-02	 -1,49147e-02
4044	  8,0860000000e+03	  3,96904e-02	 -1,62289e-02
4045	  8,0880000000e+03	  3,69192e-02	 -1,56687e-02
4046	  8,0900000000e+03	  3,49750e-02	 -1,73925e-02
4047	  8,0920000000e+03	  3,67115e-02	 -1,83111e-02
4048	  8,0940000000e+03	  3,65106e-02	 -1,93460e-02
4049	  8,0960000000e+03	  3,54611e-02	 -1,88314e-02
4050	  8,0980000000e+03	  3,36091e-02	 -2,09801e-02
4051	  8,1000000000e+03	  3,30809e-02	 -2,02082e-02
4052	  8,1020000000e+03	  3,42876e-02	 -1,84810e-02
4053	  8,1040000000e+03	  3,32148e-02	 -2,14774e-02
4054	  8,1060000000e+03	  3,20725e-02	 -2,46145e-02
4055	  8,1080000000e+03	  3,18226e-02	 -2,32042e-02
4056	  8,1100000000e+03	  3,12155e-02	 -2,28227e-02
4057	  8,1120000000e+03	  3,07589e-02	 -2,40891e-02
4058	  8,1140000000e+03	  2,93396e-02	 -2,43772e-02
4059	  8,1160000000e+03	  3,04703e-02	 -2,50646e-02
4060	  8,1180000000e+03	  3,16098e-02	 -2,58177e-02
4061	  8,1200000000e+03	  3,15668e-02	 -2,74549e-02
4062	  8,1220000000e+03	  3,09105e-02	 -2,81099e-02
4063	  8,1240000000e+03	  2,86799e-02	 -2,67911e-02
4064	  8,1260000000e+03	  2,86169e-02	 -2,67951e-02
4065	  8,1280000000e+03	  2,80158e-02	 -2,88661e-02
4066	  8,1300000000e+03	  3,13032e-02	 -3,06879e-02
4067	  8,1320000000e+03	  3,04839e-02	 -3,06796e-02
4068	  8,1340000000e+03	  2,73293e-02	 -3,19269e-02
4069	  8,1360000000e+03	  2,71637e-02	 -3,19529e-02
4070	  8,1380000000e+03	  2,82525e-02	 -3,65653e-02
4071	  8,1400000000e+03	  2,35885e-02	 -3,70354e-02
4072	  8,1420000000e+03	  2,20890e-02	 -3,47703e-02
4073	  8,1440000000e+03	  2,35941e-02	 -3,36597e-02
4074	  8,1460000000e+03	  2,21733e-02	 -3,52423e-02
4075	  8,1480000000e+03	  2,03295e-02	 -3,53803e-02
4076	  8,1500000000e+03	  1,71137e-02	 -3,74608e-02
4077	  8,1520000000e+03	  2,03334e-02	 -4,02024e-02
4078	  8,1540000000e+03	  2,12348e-02	 -4,15043e-02
4079	  8,1560000000e+03	  1,98715e-02	 -4,15066e-02
4080	  8,1580000000e+03	  2,01150e-02	 -4,17661e-02
4081	  8,1600000000e+03	  1,82034e-02	 -4,33680e-02
4082	  8,1620000000e+03	  1,44750e-02	 -4,17100e-02
4083	  8,1640000000e+03	  1,24361e-02	 -4,33227e-02
4084	  8,1660000000e+03	  1,29682e-02	 -4,40656e-02
4085	  8,1680000000e+03	  1,15420e-02	 -4,22318e-02
4086	  8,1700000000e+03	  1,07956e-02	 -3,98106e-02
4087	  8,1720000000e+03	  9,52094e-03	 -4,09327e-02
4088	  8,1740000000e+03	  1,12611e-02	 -4,42829e-02
4089	  8,1760000000e+03	  1,19287e-02	 -4,50262e-02
4090	  8,1780000000e+03	  8,68030e-03	 -4,75183e-02
4091	  8,1800000000e+03	  7,72201e-03	 -4,80814e-02
4092	  8,1820000000e+03	  6,23634e-03	 -4,76379e-02
4093	  8,1840000000e+03	  3,95551e-03	 -4,76093e-02
4094	  8,1860000000e+03	  2,34590e-03	 -4,61953e-02
4095	  8,1880000000e+03	  2,21412e-03	 -4,57431e-02
4096	  8,1900000000e+03	 -1,13774e-03	 -4,69770e-02
4097	  8,1920000000e+03	 -2,72732e-03	 -4,80553e-02
4098	  8,1940000000e+03	 -2,67009e-03	 -4,65788e-02
4099	  8,1960000000e+03	 -5,69775e-03	 -4,44791e-02
4100	  8,1980000000e+03	 -6,25513e-03	 -4,46081e-02
4101	  8,2000000000e+03	 -3,14862e-03	 -4,60594e-02
4102	  8,2020000000e+03	 -3,80065e-03	 -4,95066e-02
4103	  8,2040000000e+03	 -5,14540e-03	 -4,84322e-02
4104	  8,2060000000e+03	 -5,21677e-03	 -4,48292e-02
4105	  8,2080000000e+03	 -7,55372e-03	 -4,56233e-02
4106	  8,2100000000e+03	 -1,09492e-02	 -4,54112e-02
4107	  8,2120000000e+03	 -1,22030e-02	 -4,61571e-02
4108	  8,2140000000e+03	 -1,31449e-02	 -4,36755e-02
4109	  8,2160000000e+03	 -1,33609e-02	 -4,43335e-02
4110	  8,2180000000e+03	 -1,52894e-02	 -4,66766e-02
4111	  8,2200000000e+03	 -1,61772e-02	 -4,45041e-02
4112	  8,2220000000e+03	 -1,65539e-02	 -4,43673e-02
4113	  8,2240000000e+03	 -2,05451e-02	 -4,45221e-02
4114	  8,2260000000e+03	 -2,16813e-02	 -4,73017e-02
4115	  8,2280000000e+03	 -2,06908e-02	 -4,60855e-02
4116	  8,2300000000e+03	 -2,44414e-02	 -4,30325e-02
4117	  8,2320000000e+03	 -2,59625e-02	 -3,98514e-02
4118	  8,2340000000e+03	 -2,54768e-02	 -3,90385e-02
4119	  8,2360000000e+03	 -2,72951e-02	 -3,94812e-02
4120	  8,2380000000e+03	 -2,66654e-02	 -4,08039e-02
4121	  8,2400000000e+03	 -2,49633e-02	 -4,01311e-02
4122	  8,2420000000e+03	 -2,75436e-02	 -4,05208e-02
4123	  8,2440000000e+03	 -2,96946e-02	 -4,01913e-02
4124	  8,2460000000e+03	 -2,97887e-02	 -3,85078e-02
4125	  8,2480000000e+03	 -3,03921e-02	 -3,86521e-02
4126	  8,2500000000e+03	 -3,20060e-02	 -3,76137e-02
4127	  8,2520000000e+03	 -3,46824e-02	 -3,80708e-02
4128	  8,2540000000e+03	 -3,30470e-02	 -3,56597e-02
4129	  8,2560000000e+03	 -3,37238e-02	 -3,44667e-02
4130	  8,2580000000e+03	 -3,66451e-02	 -3,34887e-02
4131	  8,2600000000e+03	 -3,83412e-02	 -3,18505e-02
4132	  8,2620000000e+03	 -3,96182e-02	 -3,20101e-02
4133	  8,2640000000e+03	 -3,76029e-02	 -2,96685e-02
4134	  8,2660000000e+03	 -3,88461e-02	 -2,95380e-02
4135	  8,2680000000e+03	 -4,06950e-02	 -2,97091e-02
4136	  8,2700000000e+03	 -4,14589e-02	 -2,57837e-02
4137	  8,2720000000e+03	 -4,31072e-02	 -2,58044e-02
4138	  8,2740000000e+03	 -4,52176e-02	 -2,54828e-02
4139	  8,2760000000e+03	 -4,20104e-02	 -2,69065e-02
4140	  8,2780000000e+03	 -4,14714e-02	 -2,65235e-02
4141	  8,2800000000e+03	 -4,40762e-02	 -2,26315e-02
4142	  8,2820000000e+03	 -4,48024e-02	 -2,24116e-02
4143	  8,2840000000e+03	 -4,46802e-02	 -2,06679e-02
4144	  8,2860000000e+03	 -4,50676e-02	 -1,94935e-02
4145	  8,2880000000e+03	 -4,30711e-02	 -1,62543e-02
4146	  8,2900000000e+03	 -4,37040e-02	 -1,52319e-02
4147	  8,2920000000e+03	 -4,56463e-02	 -1,44639e-02
4148	  8,2940000000e+03	 -4,62563e-02	 -1,19908e-02
4149	  8,2960000000e+03	 -4,62282e-02	 -1,29540e-02
4150	  8,2980000000e+03	 -4,69204e-02	 -1,17501e-02
4151	  8,3000000000e+03	 -4,84829e-02	 -9,36011e-03
4152	  8,3020000000e+03	 -4,93628e-02	 -7,62051e-03
4153	  8,3040000000e+03	 -5,12266e-02	 -7,65031e-03
4154	  8,3060000000e+03	 -5,05250e-02	 -6,74006e-03
4155	  8,3080000000e+03	 -4,92608e-02	 -7,38365e-03
4156	  8,3100000000e+03	 -4,81819e-02	 -8,19613e-03
4157	  8,3120000000e+03	 -4,72566e-02	 -1,28441e-03
4158	  8,3140000000e+03	 -4,80801e-02	 -2,18164e-03
4159	  8,3160000000e+03	 -4,89554e-02	 -2,52519e-04
4160	  8,3180000000e+03	 -4,83957e-02	  3,80935e-03
4161	  8,3200000000e+03	 -4,93788e-02	  4,16167e-03
4162	  8,3220000000e+03	 -5,08724e-02	  4,97962e-03
4163	  8,3240000000e+03	 -5,03623e-02	  5,92992e-03
4164	  8,3260000000e+03	 -5,13075e-02	  5,36749e-03
4165	  8,3280000000e+03	 -4,96736e-02	  8,84348e-03
4166	  8,3300000000e+03	 -4,79123e-02	  9,79904e-03
4167	  8,3320000000e+03	 -4,84413e-02	  1,01628e-02
4168	  8,3340000000e+03	 -4,78948e-02	  1,03145e-02
4169	  8,3360000000e+03	 -4,80821e-02	  1,18585e-02
4170	  8,3380000000e+03	 -4,86760e-02	  1,23453e-02
4171	  8,3400000000e+03	 -4,67867e-02	  1,33738e-02
4172	  8,3420000000e+03	 -4,82008e-02	  1,62066e-02
4173	  8,3440000000e+03	 -4,74405e-02	  1,90376e-02
4174	  8,3460000000e+03	 -4,70960e-02	  1,92093e-02
4175	  8,3480000000e+03	 -4,83996e-02	  1,76209e-02
4176	  8,3500000000e+03	 -4,82165e-02	  1,84409e-02
4177	  8,3520000000e+03	 -4,69904e-02	  2,00876e-02
4178	  8,3540000000e+03	 -4,49434e-02	  2,48071e-02
4179	  8,3560000000e+03	 -4,14783e-02	  2,50765e-02
4180	  8,3580000000e+03	 -4,26268e-02	  2,42163e-02
4181	  8,3600000000e+03	 -4,21224e-02	  2,61502e-02
4182	  8,3620000000e+03	 -4,11606e-02	  2,88436e-02
4183	  8,3640000000e+03	 -4,25122e-02	  3,13466e-02
4184	  8,3660000000e+03	 -3,97231e-02	  2,81811e-02
4185	  8,3680000000e+03	 -3,86301e-02	  2,70180e-02
4186	  8,3700000000e+03	 -3,77575e-02	  3,09509e-02
4187	  8,3720000000e+03	 -3,75343e-02	  3,33588e-02
4188	  8,3740000000e+03	 -3,97619e-02	  3,35667e-02
4189	  8,3760000000e+03	 -3,69166e-02	  3,41731e-02
4190	  8,3780000000e+03	 -3,44514e-02	  3,54622e-02
4191	  8,3800000000e+03	 -3,38881e-02	  3,72555e-02
4192	  8,3820000000e+03	 -3,23651e-02	  3,47225e-02
4193	  8,3840000000e+03	 -3,04067e-02	  3,17422e-02
4194	  8,3860000000e+03	 -2,91787e-02	  3,71135e-02
4195	  8,3880000000e+03	 -3,19387e-02	  4,06658e-02
4196	  8,3900000000e+03	 -3,27204e-02	  4,07806e-02
4197	  8,3920000000e+03	 -3,13483e-02	  3,94823e-02
4198	  8,3940000000e+03	 -2,66030e-02	  4,16908e-02
4199	  8,3960000000e+03	 -2,61287e-02	  4,05876e-02
4200	  8,3980000000e+03	 -2,69145e-02	  4,01910e-02
4201	  8,4000000000e+03	 -2,54087e-02	  4,22096e-02
4202	  8,4020000000e+03	 -2,18262e-02	  4,22671e-02
4203	  8,4040000000e+03	 -1,91862e-02	  4,06665e-02
4204	  8,4060000000e+03	 -2,03331e-02	  4,29771e-02
4205	  8,4080000000e+03	 -1,91255e-02	  4,53328e-02
4206	  8,4100000000e+03	 -2,06337e-02	  4,65328e-02
4207	  8,4120000000e+03	 -2,11973e-02	  4,51737e-02
4208	  8,4140000000e+03	 -1,92903e-02	  4,47881e-02
4209	  8,4160000000e+03	 -1,45364e-02	  4,40178e-02
4210	  8,4180000000e+03	 -1,08857e-02	  4,79338e-02
4211	  8,4200000000e+03	 -1,06137e-02	  4,84749e-02
4212	  8,4220000000e+03	 -1,03048e-02	  4,77262e-02
4213	  8,4240000000e+03	 -1,08284e-02	  4,50487e-02
4214	  8,4260000000e+03	 -1,04097e-02	  4,57671e-02
4215	  8,4280000000e+03	 -7,36019e-03	  4,75314e-02
4216	  8,4300000000e+03	 -7,54401e-03	  4,95611e-02
4217	  8,4320000000e+03	 -6,18783e-03	  4,78314e-02
4218	  8,4340000000e+03	 -1,58878e-03	  4,48891e-02
4219	  8,4360000000e+03	 -1,16061e-03	  4,46303e-02
4220	  8,4380000000e+03	 -3,62407e-03	  4,64512e-02
4221	  8,4400000000e+03	 -1,58631e-03	  4,84818e-02
4222	  8,4420000000e+03	  1,58702e-03	  4,64081e-02
4223	  8,4440000000e+03	  8,26797e-04	  4,53377e-02
4224	  8,4460000000e+03	  1,52534e-03	  4,52919e-02
4225	  8,4480000000e+03	  9,62999e-04	  4,52758e-02
4226	  8,4500000000e+03	  5,94337e-04	  4,50343e-02
4227	  8,4520000000e+03	  4,82552e-03	  4,56464e-02
4228	  8,4540000000e+03	  6,94777e-03	  4,36769e-02
4229	  8,4560000000e+03	  8,47488e-03	  4,42289e-02
4230	  8,4580000000e+03	  8,76654e-03	  4,60193e-02
4231	  8,4600000000e+03	  1,09253e-02	  4,30992e-02
4232	  8,4620000000e+03	  1,00820e-02	  4,23737e-02
4233	  8,4640000000e+03	  1,00143e-02	  4,35020e-02
4234	  8,4660000000e+03	  1,08317e-02	  4,18154e-02
4235	  8,4680000000e+03	  1,04761e-02	  4,14115e-02
4236	  8,4700000000e+03	  1,43344e-02	  4,10361e-02
4237	  8,4720000000e+03	  1,61677e-02	  3,99956e-02
4238	  8,4740000000e+03	  1,69851e-02	  3,98373e-02
4239	  8,4760000000e+03	  1,88252e-02	  3,96551e-02
4240	  8,4780000000e+03	  1,67625e-02	  3,91935e-02
4241	  8,4800000000e+03	  1,61453e-02	  3,88467e-02
4242	  8,4820000000e+03	  1,88369e-02	  3,91088e-02
4243	  8,4840000000e+03	  2,12555e-02	  4,01359e-02
4244	  8,4860000000e+03	  2,08587e-02	  3,78324e-02
4245	  8,4880000000e+03	  2,07446e-02	  3,64725e-02
4246	  8,4900000000e+03	  2,06756e-02	  3,85518e-02
4247	  8,4920000000e+03	  2,26742e-02	  3,75677e-02
4248	  8,4940000000e+03	  2,27155e-02	  3,72377e-02
4249	  8,4960000000e+03	  2,19039e-02	  3,62453e-02
4250	  8,4980000000e+03	  2,17068e-02	  3,56791e-02
4251	  8,5000000000e+03	  2,32985e-02	  3,43493e-02
4252	  8,5020000000e+03	  2,39161e-02	  3,12778e-02
4253	  8,5040000000e+03	  2,35728e-02	  2,99714e-02
4254	  8,5060000000e+03	  2,41021e-02	  3,07324e-02
4255	  8,5080000000e+03	  2,47371e-02	  3,20965e-02
4256	  8,5100000000e+03	  2,54181e-02	  3,29768e-02
4257	  8,5120000000e+03	  2,49487e-02	  3,39800e-02
4258	  8,5140000000e+03	  2,52513e-02	  3,36542e-02
4259	  8,5160000000e+03	  2,71078e-02	  3,14692e-02
4260	  8,5180000000e+03	  2,64073e-02	  2,73632e-02
4261	  8,5200000000e+03	  2,74319e-02	  2,68895e-02
4262	  8,5220000000e+03	  3,07203e-02	  2,73889e-02
4263	  8,5240000000e+03	  3,26682e-02	  2,92324e-02
4264	  8,5260000000e+03	  3,19653e-02	  2,75286e-02
4265	  8,5280000000e+03	  2,90435e-02	  2,57300e-02
4266	  8,5300000000e+03	  2,89964e-02	  2,48719e-02
4267	  8,5320000000e+03	  3,36268e-02	  2,44527e-02
4268	  8,5340000000e+03	  3,16420e-02	  2,46025e-02
4269	  8,5360000000e+03	  2,97704e-02	  2,32561e-02
4270	  8,5380000000e+03	  3,02732e-02	  2,21848e-02
4271	  8,5400000000e+03	  3,07760e-02	  2,11309e-02
4272	  8,5420000000e+03	  3,19809e-02	  2,19672e-02
4273	  8,5440000000e+03	  3,20109e-02	  2,05986e-02
4274	  8,5460000000e+03	  3,01367e-02	  1,93120e-02
4275	  8,5480000000e+03	  3,01743e-02	  2,11384e-02
4276	  8,5500000000e+03	  3,16298e-02	  2,37171e-02
4277	  8,5520000000e+03	  3,39704e-02	  2,28322e-02
4278	  8,5540000000e+03	  3,54827e-02	  2,35808e-02
4279	  8,5560000000e+03	  3,28015e-02	  2,33977e-02
4280	  8,5580000000e+03	  3,21815e-02	  2,44135e-02
4281	  8,5600000000e+03	  3,51748e-02	  2,19349e-02
4282	  8,5620000000e+03	  3,71173e-02	  2,04762e-02
4283	  8,5640000000e+03	  3,62739e-02	  1,69165e-02
4284	  8,5660000000e+03	  3,52252e-02	  1,71828e-02
4285	  8,5680000000e+03	  3,65384e-02	  1,58022e-02
4286	  8,5700000000e+03	  4,00054e-02	  1,62039e-02
4287	  8,5720000000e+03	  4,12510e-02	  1,86930e-02
4288	  8,5740000000e+03	  4,08250e-02	  1,62327e-02
4289	  8,5760000000e+03	  4,31497e-02	  1,51794e-02
4290	  8,5780000000e+03	  4,13190e-02	  1,38315e-02
4291	  8,5800000000e+03	  4,48158e-02	  1,10969e-02
4292	  8,5820000000e+03	  4,43980e-02	  1,28376e-02
4293	  8,5840000000e+03	  4,28004e-02	  1,26038e-02
4294	  8,5860000000e+03	  4,50577e-02	  9,54370e-03
4295	  8,5880000000e+03	  4,38427e-02	  9,55037e-03
4296	  8,5900000000e+03	  4,07452e-02	  8,32083e-03
4297	  8,5920000000e+03	  4,21950e-02	  6,15168e-03
4298	  8,5940000000e+03	  4,50988e-02	  5,73435e-03
4299	  8,5960000000e+03	  4,48793e-02	  7,31188e-03
4300	  8,5980000000e+03	  4,05685e-02	  7,14085e-03
4301	  8,6000000000e+03	  4,08686e-02	  8,90747e-03
4302	  8,6020000000e+03	  4,21126e-02	  5,67468e-03
4303	  8,6040000000e+03	  4,36228e-02	  4,22492e-03
4304	  8,6060000000e+03	  4,40849e-02	  5,93823e-03
4305	  8,6080000000e+03	  4,35586e-02	  2,61300e-03
4306	  8,6100000000e+03	  4,35088e-02	  2,64510e-03
4307	  8,6120000000e+03	  4,39001e-02	  6,74092e-03
4308	  8,6140000000e+03	  4,36470e-02	  2,35774e-03
4309	  8,6160000000e+03	  4,44231e-02	 -1,05686e-03
4310	  8,6180000000e+03	  4,43726e-02	 -1,16376e-03
4311	  8,6200000000e+03	  4,55101e-02	  6,54579e-04
4312	  8,6220000000e+03	  4,65738e-02	 -4,39854e-04
4313	  8,6240000000e+03	  4,46841e-02	 -4,46447e-03
4314	  8,6260000000e+03	  4,36397e-02	 -2,93463e-03
4315	  8,6280000000e+03	  4,47525e-02	 -3,17027e-03
4316	  8,6300000000e+03	  4,30324e-02	 -4,64200e-03
4317	  8,6320000000e+03	  4,52953e-02	 -9,91403e-03
4318	  8,6340000000e+03	  4,74905e-02	 -1,04565e-02
4319	  8,6360000000e+03	  4,75268e-02	 -1,00461e-02
4320	  8,6380000000e+03	  4,65680e-02	 -1,11185e-02
4321	  8,6400000000e+03	  4,61413e-02	 -1,49992e-02
4322	  8,6420000000e+03	  4,91851e-02	 -1,35895e-02
4323	  8,6440000000e+03	  5,02253e-02	 -1,19322e-02
4324	  8,6460000000e+03	  4,67286e-02	 -1,55599e-02
4325	  8,6480000000e+03	  4,47765e-02	 -1,95833e-02
4326	  8,6500000000e+03	  4,33464e-02	 -1,92946e-02
4327	  8,6520000000e+03	  4,21154e-02	 -1,79979e-02
4328	  8,6540000000e+03	  4,26622e-02	 -1,76128e-02
4329	  8,6560000000e+03	  4,37789e-02	 -1,87810e-02
4330	  8,6580000000e+03	  4,27681e-02	 -1,98787e-02
4331	  8,6600000000e+03	  4,46957e-02	 -1,97883e-02
4332	  8,6620000000e+03	  4,26354e-02	 -2,02760e-02
4333	  8,6640000000e+03	  3,98891e-02	 -2,29707e-02
4334	  8,6660000000e+03	  3,99613e-02	 -2,36185e-02
4335	  8,6680000000e+03	  4,19229e-02	 -2,23817e-02
4336	  8,6700000000e+03	  4,48878e-02	 -2,23646e-02
4337	  8,6720000000e+03	  4,47439e-02	 -2,21949e-02
4338	  8,6740000000e+03	  4,16194e-02	 -2,67322e-02
4339	  8,6760000000e+03	  4,18291e-02	 -2,69587e-02
4340	  8,6780000000e+03	  4,10938e-02	 -2,79247e-02
4341	  8,6800000000e+03	  3,99525e-02	 -2,85206e-02
4342	  8,6820000000e+03	  3,81639e-02	 -2,91245e-02
4343	  8,6840000000e+03	  3,88641e-02	 -3,21169e-02
4344	  8,6860000000e+03	  3,99270e-02	 -3,30869e-02
4345	  8,6880000000e+03	  4,17219e-02	 -3,21320e-02
4346	  8,6900000000e+03	  4,09691e-02	 -3,21166e-02
4347	  8,6920000000e+03	  3,79125e-02	 -3,46342e-02
4348	  8,6940000000e+03	  3,70193e-02	 -3,62283e-02
4349	  8,6960000000e+03	  3,73588e-02	 -3,74001e-02
4350	  8,6980000000e+03	  3,50893e-02	 -3,70940e-02
4351	  8,7000000000e+03	  3,64054e-02	 -3,74678e-02
4352	  8,7020000000e+03	  3,52702e-02	 -3,66994e-02
4353	  8,7040000000e+03	  3,30514e-02	 -3,87670e-02
4354	  8,7060000000e+03	  3,18673e-02	 -4,00240e-02
4355	  8,7080000000e+03	  3,06991e-02	 -3,96798e-02
4356	  8,7100000000e+03	  3,01424e-02	 -4,11422e-02
4357	  8,7120000000e+03	  3,19846e-02	 -4,12112e-02
4358	  8,7140000000e+03	  2,84560e-02	 -4,22363e-02
4359	  8,7160000000e+03	  2,86403e-02	 -4,31109e-02
4360	  8,7180000000e+03	  2,92421e-02	 -4,22546e-02
4361	  8,7200000000e+03	  2,71025e-02	 -4,28608e-02
4362	  8,7220000000e+03	  2,51571e-02	 -4,12147e-02
4363	  8,7240000000e+03	  2,43568e-02	 -4,34768e-02
4364	  8,7260000000e+03	  2,33470e-02	 -4,68845e-02
4365	  8,7280000000e+03	  2,38881e-02	 -4,80596e-02
4366	  8,7300000000e+03	  2,38980e-02	 -4,63976e-02
4367	  8,7320000000e+03	  2,31339e-02	 -4,54401e-02
4368	  8,7340000000e+03	  2,16400e-02	 -4,38867e-02
4369	  8,7360000000e+03	  2,07802e-02	 -4,68665e-02
4370	  8,7380000000e+03	  2,16168e-02	 -4,86180e-02
4371	  8,7400000000e+03	  2,16194e-02	 -4,90924e-02
4372	  8,7420000000e+03	  1,83083e-02	 -4,95506e-02
4373	  8,7440000000e+03	  1,88302e-02	 -5,01648e-02
4374	  8,7460000000e+03	  1,84138e-02	 -5,03263e-02
4375	  8,7480000000e+03	  1,78559e-02	 -4,99529e-02
4376	  8,7500000000e+03	  1,69105e-02	 -4,85336e-02
4377	  8,7520000000e+03	  1,86524e-02	 -4,94441e-02
4378	  8,7540000000e+03	  1,54830e-02	 -4,98200e-02
4379	  8,7560000000e+03	  1,41835e-02	 -5,20284e-02
4380	  8,7580000000e+03	  1,42509e-02	 -5,30295e-02
4381	  8,7600000000e+03	  1,37071e-02	 -5,36244e-02
4382	  8,7620000000e+03	  1,19060e-02	 -5,60470e-02
4383	  8,7640000000e+03	  8,65634e-03	 -5,50670e-02
4384	  8,7660000000e+03	  9,04205e-03	 -5,11791e-02
4385	  8,7680000000e+03	  1,05760e-02	 -5,15579e-02
4386	  8,7700000000e+03	  1,00902e-02	 -5,36069e-02
4387	  8,7720000000e+03	  1,20631e-02	 -5,44719e-02
4388	  8,7740000000e+03	  1,02984e-02	 -5,40404e-02
4389	  8,7760000000e+03	  6,62872e-03	 -5,23081e-02
4390	  8,7780000000e+03	  7,29750e-03	 -5,51741e-02
4391	  8,7800000000e+03	  5,84451e-03	 -5,78401e-02
4392	  8,7820000000e+03	  2,05297e-03	 -5,74557e-02
4393	  8,7840000000e+03	  1,15243e-03	 -5,79789e-02
4394	  8,7860000000e+03	  1,79653e-03	 -5,68341e-02
4395	  8,7880000000e+03	  1,46272e-03	 -5,67206e-02
4396	  8,7900000000e+03	 -1,17938e-03	 -5,74660e-02
4397	  8,7920000000e+03	 -3,20771e-03	 -5,79513e-02
4398	  8,7940000000e+03	 -3,30745e-03	 -5,95178e-02
4399	  8,7960000000e+03	 -4,64042e-03	 -6,21692e-02
4400	  8,7980000000e+03	 -5,99122e-03	 -6,00248e-02
4401	  8,8000000000e+03	 -8,82532e-03	 -5,99547e-02
4402	  8,8020000000e+03	 -8,81472e-03	 -5,97485e-02
4403	  8,8040000000e+03	 -1,10159e-02	 -5,84124e-02
4404	  8,8060000000e+03	 -1,47117e-02	 -6,06578e-02
4405	  8,8080000000e+03	 -1,31263e-02	 -6,04808e-02
4406	  8,8100000000e+03	 -1,28545e-02	 -5,87643e-02
4407	  8,8120000000e+03	 -1,75255e-02	 -5,77584e-02
4408	  8,8140000000e+03	 -1,74109e-02	 -6,02092e-02
4409	  8,8160000000e+03	 -1,70665e-02	 -6,23283e-02
4410	  8,8180000000e+03	 -1,92244e-02	 -6,10456e-02
4411	  8,8200000000e+03	 -2,02783e-02	 -5,83272e-02
4412	  8,8220000000e+03	 -2,16765e-02	 -5,72318e-02
4413	  8,8240000000e+03	 -2,22953e-02	 -5,77616e-02
4414	  8,8260000000e+03	 -2,24474e-02	 -5,78646e-02
4415	  8,8280000000e+03	 -2,38792e-02	 -5,90677e-02
4416	  8,8300000000e+03	 -2,41817e-02	 -5,91097e-02
4417	  8,8320000000e+03	 -2,71521e-02	 -5,79543e-02
4418	  8,8340000000e+03	 -2,82884e-02	 -5,62453e-02
4419	  8,8360000000e+03	 -2,80219e-02	 -5,69385e-02
4420	  8,8380000000e+03	 -2,75857e-02	 -5,42075e-02
4421	  8,8400000000e+03	 -2,89956e-02	 -5,56308e-02
4422	  8,8420000000e+03	 -3,15318e-02	 -5,38069e-02
4423	  8,8440000000e+03	 -3,22028e-02	 -5,51043e-02
4424	  8,8460000000e+03	 -3,61372e-02	 -5,18467e-02
4425	  8,8480000000e+03	 -3,70358e-02	 -5,28140e-02
4426	  8,8500000000e+03	 -3,68469e-02	 -5,26203e-02
4427	  8,8520000000e+03	 -3,90205e-02	 -5,09350e-02
4428	  8,8540000000e+03	 -4,02504e-02	 -4,79242e-02
4429	  8,8560000000e+03	 -3,86284e-02	 -5,00647e-02
4430	  8,8580000000e+03	 -3,84033e-02	 -5,03429e-02
4431	  8,8600000000e+03	 -4,13171e-02	 -4,91673e-02
4432	  8,8620000000e+03	 -4,22363e-02	 -4,87216e-02
4433	  8,8640000000e+03	 -4,24154e-02	 -4,79307e-02
4434	  8,8660000000e+03	 -4,25906e-02	 -4,63140e-02
4435	  8,8680000000e+03	 -4,48058e-02	 -4,47135e-02
4436	  8,8700000000e+03	 -5,01568e-02	 -4,61708e-02
4437	  8,8720000000e+03	 -5,08560e-02	 -4,48861e-02
4438	  8,8740000000e+03	 -4,87133e-02	 -4,28648e-02
4439	  8,8760000000e+03	 -4,80811e-02	 -4,34919e-02
4440	  8,8780000000e+03	 -4,62645e-02	 -4,12665e-02
4441	  8,8800000000e+03	 -4,80947e-02	 -4,17128e-02
4442	  8,8820000000e+03	 -4,93282e-02	 -4,26626e-02
4443	  8,8840000000e+03	 -5,09134e-02	 -4,29230e-02
4444	  8,8860000000e+03	 -5,36071e-02	 -4,17161e-02
4445	  8,8880000000e+03	 -5,45232e-02	 -4,08986e-02
4446	  8,8900000000e+03	 -5,28508e-02	 -4,16836e-02
4447	  8,8920000000e+03	 -5,48564e-02	 -4,00999e-02
4448	  8,8940000000e+03	 -5,31389e-02	 -3,92977e-02
4449	  8,8960000000e+03	 -5,37356e-02	 -4,12842e-02
4450	  8,8980000000e+03	 -5,64844e-02	 -3,95384e-02
4451	  8,9000000000e+03	 -5,81860e-02	 -3,83288e-02
4452	  8,9020000000e+03	 -5,89858e-02	 -3,91507e-02
4453	  8,9040000000e+03	 -6,10899e-02	 -3,53233e-02
4454	  8,9060000000e+03	 -6,24727e-02	 -3,27076e-02
4455	  8,9080000000e+03	 -6,45596e-02	 -3,21740e-02
4456	  8,9100000000e+03	 -6,45764e-02	 -2,98638e-02
4457	  8,9120000000e+03	 -6,53046e-02	 -2,90757e-02
4458	  8,9140000000e+03	 -6,55762e-02	 -2,86727e-02
4459	  8,9160000000e+03	 -6,50747e-02	 -2,89610e-02
4460	  8,9180000000e+03	 -6,84143e-02	 -2,75195e-02
4461	  8,9200000000e+03	 -6,90007e-02	 -2,78867e-02
4462	  8,9220000000e+03	 -6,81112e-02	 -2,50799e-02
4463	  8,9240000000e+03	 -7,24487e-02	 -2,29531e-02
4464	  8,9260000000e+03	 -7,41683e-02	 -2,18479e-02
4465	  8,9280000000e+03	 -7,21982e-02	 -2,03638e-02
4466	  8,9300000000e+03	 -7,25764e-02	 -1,95477e-02
4467	  8,9320000000e+03	 -7,44999e-02	 -2,08450e-02
4468	  8,9340000000e+03	 -7,62133e-02	 -1,95563e-02
4469	  8,9360000000e+03	 -7,63316e-02	 -1,62544e-02
4470	  8,9380000000e+03	 -7,59082e-02	 -1,43485e-02
4471	  8,9400000000e+03	 -7,56589e-02	 -1,45512e-02
4472	  8,9420000000e+03	 -7,67854e-02	 -1,30919e-02
4473	  8,9440000000e+03	 -7,88488e-02	 -1,14666e-02
4474	  8,9460000000e+03	 -7,96856e-02	 -1,19211e-02
4475	  8,9480000000e+03	 -7,97026e-02	 -9,86499e-03
4476	  8,9500000000e+03	 -8,11793e-02	 -8,86984e-03
4477	  8,9520000000e+03	 -8,04466e-02	 -3,61184e-03
4478	  8,9540000000e+03	 -8,07627e-02	 -2,25188e-03
4479	  8,9560000000e+03	 -8,18428e-02	 -4,45873e-03
4480	  8,9580000000e+03	 -8,33433e-02	 -1,02794e-03
4481	  8,9600000000e+03	 -8,44704e-02	  3,07261e-03
4482	  8,9620000000e+03	 -8,35742e-02	  2,86280e-03
4483	  8,9640000000e+03	 -8,24507e-02	  5,35463e-03
4484	  8,9660000000e+03	 -8,67605e-02	  6,78519e-03
4485	  8,9680000000e+03	 -8,90673e-02	  7,59836e-03
4486	  8,9700000000e+03	 -8,78109e-02	  8,21886e-03
4487	  8,9720000000e+03	 -8,66708e-02	  1,00204e-02
4488	  8,9740000000e+03	 -8,55921e-02	  1,42060e-02
4489	  8,9760000000e+03	 -8,72104e-02	  1,69487e-02
4490	  8,9780000000e+03	 -8,85231e-02	  1,87479e-02
4491	  8,9800000000e+03	 -8,85291e-02	  2,22208e-02
4492	  8,9820000000e+03	 -8,72795e-02	  2,33762e-02
4493	  8,9840000000e+03	 -8,61220e-02	  2,34032e-02
4494	  8,9860000000e+03	 -8,50315e-02	  2,55543e-02
4495	  8,9880000000e+03	 -8,57830e-02	  2,80196e-02
4496	  8,9900000000e+03	 -8,68700e-02	  3,05902e-02
4497	  8,9920000000e+03	 -8,69142e-02	  3,18629e-02
4498	  8,9940000000e+03	 -8,68721e-02	  3,23392e-02
4499	  8,9960000000e+03	 -8,68218e-02	  3,37420e-02
4500	  8,9980000000e+03	 -8,69538e-02	  3,75549e-02
4501	  9,0000000000e+03	 -8,44969e-02	  4,05488e-02
4502	  9,0020000000e+03	 -8,26452e-02	  4,34457e-02
4503	  9,0040000000e+03	 -8,23538e-02	  4,80011e-02
4504	  9,0060000000e+03	 -8,26492e-02	  4,67399e-02
4505	  9,0080000000e+03	 -8,08176e-02	  4,71333e-02
4506	  9,0100000000e+03	 -7,98808e-02	  4,85352e-02
4507	  9,0120000000e+03	 -7,99892e-02	  5,10887e-02
4508	  9,0140000000e+03	 -7,82696e-02	  5,45718e-02
4509	  9,0160000000e+03	 -7,90077e-02	  5,73140e-02
4510	  9,0180000000e+03	 -7,61036e-02	  5,82224e-02
4511	  9,0200000000e+03	 -7,68843e-02	  5,93929e-02
4512	  9,0220000000e+03	 -7,51202e-02	  6,51843e-02
4513	  9,0240000000e+03	 -7,18345e-02	  6,78304e-02
4514	  9,0260000000e+03	 -7,01886e-02	  6,95530e-02
4515	  9,0280000000e+03	 -7,09610e-02	  7,19329e-02
4516	  9,0300000000e+03	 -7,11627e-02	  7,37618e-02
4517	  9,0320000000e+03	 -6,86107e-02	  7,55743e-02
4518	  9,0340000000e+03	 -6,58853e-02	  7,75586e-02
4519	  9,0360000000e+03	 -6,26821e-02	  8,23837e-02
4520	  9,0380000000e+03	 -6,13044e-02	  8,31501e-02
4521	  9,0400000000e+03	 -5,89782e-02	  8,38528e-02
4522	  9,0420000000e+03	 -5,68553e-02	  8,58503e-02
4523	  9,0440000000e+03	 -5,61334e-02	  8,83306e-02
4524	  9,0460000000e+03	 -5,02617e-02	  8,93158e-02
4525	  9,0480000000e+03	 -4,69918e-02	  8,89640e-02
4526	  9,0500000000e+03	 -4,52520e-02	  9,18562e-02
4527	  9,0520000000e+03	 -4,28565e-02	  9,28977e-02
4528	  9,0540000000e+03	 -4,27017e-02	  9,33182e-02
4529	  9,0560000000e+03	 -4,13544e-02	  9,32807e-02
4530	  9,0580000000e+03	 -3,81876e-02	  9,46617e-02
4531	  9,0600000000e+03	 -3,53062e-02	  9,60516e-02
4532	  9,0620000000e+03	 -3,31490e-02	  9,65805e-02
4533	  9,0640000000e+03	 -3,23160e-02	  9,70847e-02
4534	  9,0660000000e+03	 -3,16426e-02	  9,54588e-02
4535	  9,0680000000e+03	 -2,77970e-02	  9,45543e-02
4536	  9,0700000000e+03	 -2,58995e-02	  9,54361e-02
4537	  9,0720000000e+03	 -2,35355e-02	  9,66526e-02
4538	  9,0740000000e+03	 -1,84869e-02	  9,92304e-02
4539	  9,0760000000e+03	 -1,77854e-02	  1,00393e-01
4540	  9,0780000000e+03	 -1,37891e-02	  9,93594e-02
4541	  9,0800000000e+03	 -1,04278e-02	  9,88164e-02
4542	  9,0820000000e+03	 -7,25966e-03	  1,00567e-01
4543	  9,0840000000e+03	 -4,05709e-03	  1,00730e-01
4544	  9,0860000000e+03	 -1,34862e-03	  9,95399e-02
4545	  9,0880000000e+03	 -6,34284e-04	  9,58021e-02
4546	  9,0900000000e+03	  1,70141e-03	  9,63048e-02
4547	  9,0920000000e+03	  4,00993e-03	  9,84091e-02
4548	  9,0940000000e+03	  8,51544e-03	  9,82196e-02
4549	  9,0960000000e+03	  1,02221e-02	  9,68763e-02
4550	  9,0980000000e+03	  9,67984e-03	  9,73575e-02
4551	  9,1000000000e+03	  1,28230e-02	  9,32811e-02
4552	  9,1020000000e+03	  1,71549e-02	  9,16534e-02
4553	  9,1040000000e+03	  1,65400e-02	  9,16202e-02
4554	  9,1060000000e+03	  1,92864e-02	  9,22261e-02
4555	  9,1080000000e+03	  2,38234e-02	  9,04281e-02
4556	  9,1100000000e+03	  2,43508e-02	  8,81490e-02
4557	  9,1120000000e+03	  2,22056e-02	  8,72502e-02
4558	  9,1140000000e+03	  2,51157e-02	  8,65535e-02
4559	  9,1160000000e+03	  2,69950e-02	  8,66469e-02
4560	  9,1180000000e+03	  2,90368e-02	  8,60182e-02
4561	  9,1200000000e+03	  3,08154e-02	  8,32668e-02
4562	  9,1220000000e+03	  3,24425e-02	  8,30494e-02
4563	  9,1240000000e+03	  3,32702e-02	  8,27406e-02
4564	  9,1260000000e+03	  3,28131e-02	  8,01335e-02
4565	  9,1280000000e+03	  3,54149e-02	  7,78783e-02
4566	  9,1300000000e+03	  3,85907e-02	  7,57974e-02
4567	  9,1320000000e+03	  3,92278e-02	  7,95357e-02
4568	  9,1340000000e+03	  3,89583e-02	  7,70620e-02
4569	  9,1360000000e+03	  3,91931e-02	  7,27548e-02
4570	  9,1380000000e+03	  4,14038e-02	  7,28373e-02
4571	  9,1400000000e+03	  4,21817e-02	  7,37824e-02
4572	  9,1420000000e+03	  4,35498e-02	  7,25035e-02
4573	  9,1440000000e+03	  4,55506e-02	  7,16063e-02
4574	  9,1460000000e+03	  4,76501e-02	  7,03382e-02
4575	  9,1480000000e+03	  4,97121e-02	  6,77174e-02
4576	  9,1500000000e+03	  4,87521e-02	  6,63002e-02
4577	  9,1520000000e+03	  4,73181e-02	  6,33800e-02
4578	  9,1540000000e+03	  5,04727e-02	  6,42685e-02
4579	  9,1560000000e+03	  5,24104e-02	  6,68550e-02
4580	  9,1580000000e+03	  5,22458e-02	  6,47149e-02
4581	  9,1600000000e+03	  4,88083e-02	  6,26317e-02
4582	  9,1620000000e+03	  4,82299e-02	  6,01519e-02
4583	  9,1640000000e+03	  5,20187e-02	  5,99598e-02
4584	  9,1660000000e+03	  5,35010e-02	  5,92623e-02
4585	  9,1680000000e+03	  5,53564e-02	  5,86327e-02
4586	  9,1700000000e+03	  5,62179e-02	  5,66408e-02
4587	  9,1720000000e+03	  5,48532e-02	  5,42332e-02
4588	  9,1740000000e+03	  5,50704e-02	  5,36763e-02
4589	  9,1760000000e+03	  5,39525e-02	  5,35851e-02
4590	  9,1780000000e+03	  5,53111e-02	  5,21708e-02
4591	  9,1800000000e+03	  5,59387e-02	  5,09292e-02
4592	  9,1820000000e+03	  5,89669e-02	  4,88425e-02
4593	  9,1840000000e+03	  6,01744e-02	  4,78486e-02
4594	  9,1860000000e+03	  5,89694e-02	  5,03531e-02
4595	  9,1880000000e+03	  5,78962e-02	  4,88938e-02
4596	  9,1900000000e+03	  5,80997e-02	  4,70343e-02
4597	  9,1920000000e+03	  5,93689e-02	  4,52563e-02
4598	  9,1940000000e+03	  6,17925e-02	  4,61209e-02
4599	  9,1960000000e+03	  6,33783e-02	  4,50015e-02
4600	  9,1980000000e+03	  6,26737e-02	  4,30331e-02
4601	  9,2000000000e+03	  6,35407e-02	  4,23553e-02
4602	  9,2020000000e+03	  6,27837e-02	  4,07827e-02
4603	  9,2040000000e+03	  6,26949e-02	  3,71072e-02
4604	  9,2060000000e+03	  6,44748e-02	  3,57193e-02
4605	  9,2080000000e+03	  6,59740e-02	  3,45699e-02
4606	  9,2100000000e+03	  6,64764e-02	  3,45100e-02
4607	  9,2120000000e+03	  6,62736e-02	  3,51025e-02
4608	  9,2140000000e+03	  6,62583e-02	  3,65240e-02
4609	  9,2160000000e+03	  6,76869e-02	  3,47126e-02
4610	  9,2180000000e+03	  6,83515e-02	  3,01812e-02
4611	  9,2200000000e+03	  6,65207e-02	  2,91350e-02
4612	  9,2220000000e+03	  6,46383e-02	  3,10652e-02
4613	  9,2240000000e+03	  6,73414e-02	  2,84358e-02
4614	  9,2260000000e+03	  7,00474e-02	  2,90451e-02
4615	  9,2280000000e+03	  6,92236e-02	  3,03135e-02
4616	  9,2300000000e+03	  7,04188e-02	  2,93359e-02
4617	  9,2320000000e+03	  6,99337e-02	  2,78926e-02
4618	  9,2340000000e+03	  7,43901e-02	  2,62102e-02
4619	  9,2360000000e+03	  7,32518e-02	  2,24641e-02
4620	  9,2380000000e+03	  7,09612e-02	  2,27627e-02
4621	  9,2400000000e+03	  7,29421e-02	  2,25172e-02
4622	  9,2420000000e+03	  7,18846e-02	  1,95868e-02
4623	  9,2440000000e+03	  7,72714e-02	  1,70277e-02
4624	  9,2460000000e+03	  7,69304e-02	  1,66427e-02
4625	  9,2480000000e+03	  7,53394e-02	  1,48614e-02
4626	  9,2500000000e+03	  7,48202e-02	  1,41901e-02
4627	  9,2520000000e+03	  7,39180e-02	  9,47101e-03
4628	  9,2540000000e+03	  7,65877e-02	  8,44579e-03
4629	  9,2560000000e+03	  7,78141e-02	  7,74161e-03
4630	  9,2580000000e+03	  7,93363e-02	  8,87652e-03
4631	  9,2600000000e+03	  7,73285e-02	  7,04764e-03
4632	  9,2620000000e+03	  7,44824e-02	  2,94530e-03
4633	  9,2640000000e+03	  7,64956e-02	  2,00600e-03
4634	  9,2660000000e+03	  7,50295e-02	 -1,96770e-04
4635	  9,2680000000e+03	  7,37644e-02	  1,29618e-03
4636	  9,2700000000e+03	  7,46418e-02	  2,72225e-04
4637	  9,2720000000e+03	  7,43072e-02	 -2,80419e-04
4638	  9,2740000000e+03	  7,35274e-02	 -2,05021e-03
4639	  9,2760000000e+03	  7,34697e-02	 -3,85169e-03
4640	  9,2780000000e+03	  7,48101e-02	 -3,22956e-03
4641	  9,2800000000e+03	  7,58213e-02	 -5,33886e-03
4642	  9,2820000000e+03	  7,47936e-02	 -7,70974e-03
4643	  9,2840000000e+03	  7,27553e-02	 -4,57700e-03
4644	  9,2860000000e+03	  7,02414e-02	 -6,62665e-03
4645	  9,2880000000e+03	  7,10563e-02	 -6,04489e-03
4646	  9,2900000000e+03	  7,23989e-02	 -9,22081e-03
4647	  9,2920000000e+03	  7,07296e-02	 -1,14028e-02
4648	  9,2940000000e+03	  7,24938e-02	 -1,45548e-02
4649	  9,2960000000e+03	  7,21704e-02	 -1,59712e-02
4650	  9,2980000000e+03	  7,36982e-02	 -1,55103e-02
4651	  9,3000000000e+03	  7,49216e-02	 -1,60477e-02
4652	  9,3020000000e+03	  7,09256e-02	 -1,75802e-02
4653	  9,3040000000e+03	  7,00372e-02	 -2,10100e-02
4654	  9,3060000000e+03	  7,11950e-02	 -2,37135e-02
4655	  9,3080000000e+03	  7,12828e-02	 -2,20289e-02
4656	  9,3100000000e+03	  7,12944e-02	 -2,26803e-02
4657	  9,3120000000e+03	  7,02247e-02	 -2,33494e-02
4658	  9,3140000000e+03	  6,97937e-02	 -2,62123e-02
4659	  9,3160000000e+03	  6,93674e-02	 -2,91835e-02
4660	  9,3180000000e+03	  6,73820e-02	 -2,97243e-02
4661	  9,3200000000e+03	  6,48024e-02	 -2,98831e-02
4662	  9,3220000000e+03	  6,60275e-02	 -3,30562e-02
4663	  9,3240000000e+03	  6,38612e-02	 -3,21060e-02
4664	  9,3260000000e+03	  6,46390e-02	 -3,09451e-02
4665	  9,3280000000e+03	  6,53814e-02	 -3,05470e-02
4666	  9,3300000000e+03	  6,37218e-02	 -3,48006e-02
4667	  9,3320000000e+03	  6,02381e-02	 -3,92148e-02
4668	  9,3340000000e+03	  5,92930e-02	 -3,79271e-02
4669	  9,3360000000e+03	  5,97030e-02	 -3,85706e-02
4670	  9,3380000000e+03	  6,07238e-02	 -3,92829e-02
4671	  9,3400000000e+03	  5,84281e-02	 -3,74815e-02
4672	  9,3420000000e+03	  5,56452e-02	 -3,83745e-02
4673	  9,3440000000e+03	  5,75475e-02	 -4,08621e-02
4674	  9,3460000000e+03	  5,61867e-02	 -4,20820e-02
4675	  9,3480000000e+03	  5,32267e-02	 -4,08673e-02
4676	  9,3500000000e+03	  5,21197e-02	 -4,19626e-02
4677	  9,3520000000e+03	  5,37608e-02	 -4,23586e-02
4678	  9,3540000000e+03	  5,07011e-02	 -4,37508e-02
4679	  9,3560000000e+03	  4,77445e-02	 -4,63627e-02
4680	  9,3580000000e+03	  4,94346e-02	 -4,34502e-02
4681	  9,3600000000e+03	  4,94601e-02	 -4,23007e-02
4682	  9,3620000000e+03	  4,98183e-02	 -4,30392e-02
4683	  9,3640000000e+03	  4,76612e-02	 -4,38972e-02
4684	  9,3660000000e+03	  4,73180e-02	 -4,60345e-02
4685	  9,3680000000e+03	  4,52424e-02	 -4,92218e-02
4686	  9,3700000000e+03	  4,49091e-02	 -4,81210e-02
4687	  9,3720000000e+03	  4,51641e-02	 -4,72197e-02
4688	  9,3740000000e+03	  4,25884e-02	 -4,53927e-02
4689	  9,3760000000e+03	  4,56168e-02	 -4,48262e-02
4690	  9,3780000000e+03	  4,59784e-02	 -4,49003e-02
4691	  9,3800000000e+03	  4,35244e-02	 -4,92804e-02
4692	  9,3820000000e+03	  4,39892e-02	 -4,98163e-02
4693	  9,3840000000e+03	  4,19124e-02	 -4,89602e-02
4694	  9,3860000000e+03	  4,12204e-02	 -5,05389e-02
4695	  9,3880000000e+03	  4,35719e-02	 -4,95813e-02
4696	  9,3900000000e+03	  4,22055e-02	 -5,01082e-02
4697	  9,3920000000e+03	  3,86106e-02	 -4,95272e-02
4698	  9,3940000000e+03	  3,88878e-02	 -5,20057e-02
4699	  9,3960000000e+03	  3,82468e-02	 -5,23736e-02
4700	  9,3980000000e+03	  3,58888e-02	 -5,10134e-02
4701	  9,4000000000e+03	  3,79912e-02	 -5,10508e-02
4702	  9,4020000000e+03	  3,97165e-02	 -5,33232e-02
4703	  9,4040000000e+03	  3,84596e-02	 -5,30399e-02
4704	  9,4060000000e+03	  3,69216e-02	 -5,16601e-02
4705	  9,4080000000e+03	  3,75178e-02	 -5,35106e-02
4706	  9,4100000000e+03	  3,43378e-02	 -5,33770e-02
4707	  9,4120000000e+03	  3,51772e-02	 -5,42579e-02
4708	  9,4140000000e+03	  3,57461e-02	 -5,78698e-02
4709	  9,4160000000e+03	  3,61751e-02	 -5,70040e-02
4710	  9,4180000000e+03	  3,69714e-02	 -5,86878e-02
4711	  9,4200000000e+03	  3,39051e-02	 -5,51295e-02
4712	  9,4220000000e+03	  3,41395e-02	 -5,37690e-02
4713	  9,4240000000e+03	  3,17950e-02	 -5,75648e-02
4714	  9,4260000000e+03	  3,13230e-02	 -5,67861e-02
4715	  9,4280000000e+03	  3,46159e-02	 -5,80137e-02
4716	  9,4300000000e+03	  2,97450e-02	 -5,92207e-02
4717	  9,4320000000e+03	  2,63750e-02	 -6,14524e-02
4718	  9,4340000000e+03	  2,68080e-02	 -6,12906e-02
4719	  9,4360000000e+03	  2,78045e-02	 -6,21572e-02
4720	  9,4380000000e+03	  2,69115e-02	 -6,49511e-02
4721	  9,4400000000e+03	  2,68514e-02	 -6,23814e-02
4722	  9,4420000000e+03	  2,62255e-02	 -6,35900e-02
4723	  9,4440000000e+03	  2,55623e-02	 -6,44868e-02
4724	  9,4460000000e+03	  2,61463e-02	 -6,62860e-02
4725	  9,4480000000e+03	  2,52661e-02	 -6,65841e-02
4726	  9,4500000000e+03	  2,35844e-02	 -6,72480e-02
4727	  9,4520000000e+03	  2,04801e-02	 -6,97577e-02
4728	  9,4540000000e+03	  1,82680e-02	 -7,20005e-02
4729	  9,4560000000e+03	  1,51976e-02	 -7,20741e-02
4730	  9,4580000000e+03	  1,40373e-02	 -7,44165e-02
4731	  9,4600000000e+03	  1,26107e-02	 -7,24186e-02
4732	  9,4620000000e+03	  1,14429e-02	 -7,32710e-02
4733	  9,4640000000e+03	  1,17591e-02	 -7,37485e-02
4734	  9,4660000000e+03	  1,06102e-02	 -7,30325e-02
4735	  9,4680000000e+03	  9,80217e-03	 -7,45217e-02
4736	  9,4700000000e+03	  8,40228e-03	 -7,43370e-02
4737	  9,4720000000e+03	  6,94755e-03	 -7,59189e-02
4738	  9,4740000000e+03	  6,09129e-03	 -7,77547e-02
4739	  9,4760000000e+03	  5,31417e-03	 -7,60028e-02
4740	  9,4780000000e+03	  2,25539e-03	 -7,55547e-02
4741	  9,4800000000e+03	  1,64824e-03	 -7,25727e-02
4742	  9,4820000000e+03	  6,91480e-04	 -7,21142e-02
4743	  9,4840000000e+03	  2,67066e-05	 -7,51781e-02
4744	  9,4860000000e+03	 -1,47263e-03	 -7,63973e-02
4745	  9,4880000000e+03	 -3,51292e-03	 -7,50336e-02
4746	  9,4900000000e+03	 -4,22643e-03	 -7,45060e-02
4747	  9,4920000000e+03	 -4,97923e-03	 -7,33040e-02
4748	  9,4940000000e+03	 -9,92897e-03	 -7,19517e-02
4749	  9,4960000000e+03	 -9,15597e-03	 -7,26145e-02
4750	  9,4980000000e+03	 -9,02672e-03	 -7,26592e-02
4751	  9,5000000000e+03	 -1,05478e-02	 -7,40853e-02
4752	  9,5020000000e+03	 -1,17024e-02	 -7,31819e-02
4753	  9,5040000000e+03	 -1,26053e-02	 -7,39114e-02
4754	  9,5060000000e+03	 -1,33946e-02	 -7,46914e-02
4755	  9,5080000000e+03	 -1,65656e-02	 -7,17813e-02
4756	  9,5100000000e+03	 -1,87588e-02	 -7,20605e-02
4757	  9,5120000000e+03	 -1,87480e-02	 -7,28560e-02
4758	  9,5140000000e+03	 -2,07561e-02	 -7,30363e-02
4759	  9,5160000000e+03	 -2,20335e-02	 -7,30677e-02
4760	  9,5180000000e+03	 -2,11217e-02	 -7,00105e-02
4761	  9,5200000000e+03	 -2,15912e-02	 -6,88630e-02
4762	  9,5220000000e+03	 -2,27530e-02	 -7,10903e-02
4763	  9,5240000000e+03	 -2,49394e-02	 -7,33598e-02
4764	  9,5260000000e+03	 -2,56749e-02	 -7,19522e-02
4765	  9,5280000000e+03	 -2,67686e-02	 -6,93872e-02
4766	  9,5300000000e+03	 -3,01427e-02	 -6,65177e-02
4767	  9,5320000000e+03	 -3,21646e-02	 -6,65929e-02
4768	  9,5340000000e+03	 -3,30331e-02	 -6,50789e-02
4769	  9,5360000000e+03	 -3,69749e-02	 -6,38861e-02
4770	  9,5380000000e+03	 -3,68830e-02	 -6,67557e-02
4771	  9,5400000000e+03	 -3,54071e-02	 -6,47184e-02
4772	  9,5420000000e+03	 -3,52523e-02	 -6,29040e-02
4773	  9,5440000000e+03	 -3,65243e-02	 -6,21571e-02
4774	  9,5460000000e+03	 -4,05868e-02	 -6,12958e-02
4775	  9,5480000000e+03	 -4,14219e-02	 -6,06237e-02
4776	  9,5500000000e+03	 -3,96863e-02	 -5,90946e-02
4777	  9,5520000000e+03	 -3,82076e-02	 -5,88513e-02
4778	  9,5540000000e+03	 -4,07004e-02	 -5,50901e-02
4779	  9,5560000000e+03	 -4,24483e-02	 -5,56887e-02
4780	  9,5580000000e+03	 -4,43622e-02	 -5,64554e-02
4781	  9,5600000000e+03	 -4,44460e-02	 -5,49340e-02
4782	  9,5620000000e+03	 -4,39741e-02	 -5,31295e-02
4783	  9,5640000000e+03	 -4,47594e-02	 -5,11835e-02
4784	  9,5660000000e+03	 -4,51408e-02	 -5,20434e-02
4785	  9,5680000000e+03	 -4,52388e-02	 -5,26154e-02
4786	  9,5700000000e+03	 -4,66741e-02	 -5,34500e-02
4787	  9,5720000000e+03	 -4,61603e-02	 -5,15396e-02
4788	  9,5740000000e+03	 -4,86784e-02	 -5,15169e-02
4789	  9,5760000000e+03	 -4,75393e-02	 -4,87797e-02
4790	  9,5780000000e+03	 -4,91703e-02	 -4,85932e-02
4791	  9,5800000000e+03	 -5,06329e-02	 -5,21997e-02
4792	  9,5820000000e+03	 -5,21502e-02	 -5,01201e-02
4793	  9,5840000000e+03	 -5,04974e-02	 -4,65067e-02
4794	  9,5860000000e+03	 -5,24460e-02	 -4,73560e-02
4795	  9,5880000000e+03	 -5,19264e-02	 -4,74004e-02
4796	  9,5900000000e+03	 -4,91472e-02	 -4,67847e-02
4797	  9,5920000000e+03	 -5,28526e-02	 -4,68004e-02
4798	  9,5940000000e+03	 -5,42974e-02	 -4,47808e-02
4799	  9,5960000000e+03	 -5,44415e-02	 -4,32801e-02
4800	  9,5980000000e+03	 -5,58381e-02	 -4,07816e-02
4801	  9,6000000000e+03	 -5,68998e-02	 -3,98840e-02
4802	  9,6020000000e+03	 -5,90795e-02	 -4,02601e-02
4803	  9,6040000000e+03	 -5,76237e-02	 -3,90999e-02
4804	  9,6060000000e+03	 -5,78495e-02	 -3,99750e-02
4805	  9,6080000000e+03	 -5,56967e-02	 -3,81509e-02
4806	  9,6100000000e+03	 -5,57333e-02	 -3,99346e-02
4807	  9,6120000000e+03	 -5,76492e-02	 -3,74912e-02
4808	  9,6140000000e+03	 -5,99018e-02	 -3,65769e-02
4809	  9,6160000000e+03	 -5,88217e-02	 -3,78121e-02
4810	  9,6180000000e+03	 -5,67733e-02	 -3,63096e-02
4811	  9,6200000000e+03	 -5,76323e-02	 -3,28239e-02
4812	  9,6220000000e+03	 -5,84539e-02	 -3,39154e-02
4813	  9,6240000000e+03	 -6,17604e-02	 -3,29184e-02
4814	  9,6260000000e+03	 -6,07758e-02	 -3,10118e-02
4815	  9,6280000000e+03	 -5,80298e-02	 -3,23723e-02
4816	  9,6300000000e+03	 -6,00258e-02	 -3,19232e-02
4817	  9,6320000000e+03	 -6,06341e-02	 -3,06836e-02
4818	  9,6340000000e+03	 -6,14889e-02	 -2,94755e-02
4819	  9,6360000000e+03	 -6,31465e-02	 -2,81070e-02
4820	  9,6380000000e+03	 -6,48267e-02	 -2,73688e-02
4821	  9,6400000000e+03	 -6,38918e-02	 -2,83460e-02
4822	  9,6420000000e+03	 -6,30533e-02	 -2,82712e-02
4823	  9,6440000000e+03	 -6,33470e-02	 -2,62815e-02
4824	  9,6460000000e+03	 -6,37184e-02	 -2,38916e-02
4825	  9,6480000000e+03	 -6,53247e-02	 -2,21878e-02
4826	  9,6500000000e+03	 -6,43068e-02	 -2,23215e-02
4827	  9,6520000000e+03	 -6,60769e-02	 -2,49698e-02
4828	  9,6540000000e+03	 -6,78766e-02	 -2,49406e-02
4829	  9,6560000000e+03	 -6,71419e-02	 -2,11804e-02
4830	  9,6580000000e+03	 -6,93499e-02	 -2,18321e-02
4831	  9,6600000000e+03	 -6,81480e-02	 -2,31023e-02
4832	  9,6620000000e+03	 -6,85589e-02	 -2,15136e-02
4833	  9,6640000000e+03	 -6,85293e-02	 -1,89589e-02
4834	  9,6660000000e+03	 -6,90638e-02	 -1,90358e-02
4835	  9,6680000000e+03	 -7,14555e-02	 -1,63775e-02
4836	  9,6700000000e+03	 -7,24943e-02	 -1,47703e-02
4837	  9,6720000000e+03	 -7,38647e-02	 -1,44119e-02
4838	  9,6740000000e+03	 -7,46732e-02	 -1,44557e-02
4839	  9,6760000000e+03	 -7,38134e-02	 -1,52008e-02
4840	  9,6780000000e+03	 -7,58520e-02	 -1,24314e-02
4841	  9,6800000000e+03	 -7,69217e-02	 -1,07250e-02
4842	  9,6820000000e+03	 -7,55234e-02	 -8,49486e-03
4843	  9,6840000000e+03	 -7,50372e-02	 -7,99335e-03
4844	  9,6860000000e+03	 -7,76190e-02	 -6,92470e-03
4845	  9,6880000000e+03	 -7,81638e-02	 -1,93285e-03
4846	  9,6900000000e+03	 -7,69126e-02	  6,01846e-04
4847	  9,6920000000e+03	 -7,68157e-02	  2,70061e-04
4848	  9,6940000000e+03	 -7,92895e-02	  1,57493e-03
4849	  9,6960000000e+03	 -7,78159e-02	  3,25246e-03
4850	  9,6980000000e+03	 -7,63965e-02	  3,75012e-03
4851	  9,7000000000e+03	 -7,61364e-02	  5,90125e-03
4852	  9,7020000000e+03	 -7,60740e-02	  8,28473e-03
4853	  9,7040000000e+03	 -7,69519e-02	  9,48909e-03
4854	  9,7060000000e+03	 -7,69676e-02	  1,15686e-02
4855	  9,7080000000e+03	 -7,82601e-02	  1,17913e-02
4856	  9,7100000000e+03	 -7,87232e-02	  1,15435e-02
4857	  9,7120000000e+03	 -7,83092e-02	  1,25456e-02
4858	  9,7140000000e+03	 -7,62579e-02	  1,47768e-02
4859	  9,7160000000e+03	 -7,24806e-02	  1,77737e-02
4860	  9,7180000000e+03	 -7,36276e-02	  1,73312e-02
4861	  9,7200000000e+03	 -7,34977e-02	  1,80567e-02
4862	  9,7220000000e+03	 -7,22509e-02	  1,91093e-02
4863	  9,7240000000e+03	 -7,12965e-02	  1,91681e-02
4864	  9,7260000000e+03	 -7,12703e-02	  2,02804e-02
4865	  9,7280000000e+03	 -7,03604e-02	  2,23758e-02
4866	  9,7300000000e+03	 -7,00041e-02	  2,46525e-02
4867	  9,7320000000e+03	 -7,22483e-02	  2,49605e-02
4868	  9,7340000000e+03	 -7,18572e-02	  2,60889e-02
4869	  9,7360000000e+03	 -6,91353e-02	  2,73361e-02
4870	  9,7380000000e+03	 -6,83843e-02	  2,57603e-02
4871	  9,7400000000e+03	 -7,01454e-02	  2,83952e-02
4872	  9,7420000000e+03	 -6,97414e-02	  3,15608e-02
4873	  9,7440000000e+03	 -6,62938e-02	  3,24119e-02
4874	  9,7460000000e+03	 -6,68575e-02	  3,03265e-02
4875	  9,7480000000e+03	 -6,83349e-02	  2,98258e-02
4876	  9,7500000000e+03	 -6,85122e-02	  3,01643e-02
4877	  9,7520000000e+03	 -6,93547e-02	  3,26974e-02
4878	  9,7540000000e+03	 -6,66191e-02	  3,32060e-02
4879	  9,7560000000e+03	 -6,44819e-02	  3,36533e-02
4880	  9,7580000000e+03	 -6,69557e-02	  3,38330e-02
4881	  9,7600000000e+03	 -6,61825e-02	  3,46578e-02
4882	  9,7620000000e+03	 -6,46090e-02	  3,61840e-02
4883	  9,7640000000e+03	 -6,63635e-02	  3,95106e-02
4884	  9,7660000000e+03	 -6,75342e-02	  4,17505e-02
4885	  9,7680000000e+03	 -6,56910e-02	  3,98802e-02
4886	  9,7700000000e+03	 -6,52315e-02	  3,96992e-02
4887	  9,7720000000e+03	 -6,28611e-02	  3,87887e-02
4888	  9,7740000000e+03	 -6,19425e-02	  4,10167e-02
4889	  9,7760000000e+03	 -6,42041e-02	  4,33158e-02
4890	  9,7780000000e+03	 -6,34957e-02	  4,42023e-02
4891	  9,7800000000e+03	 -5,95850e-02	  4,65790e-02
4892	  9,7820000000e+03	 -5,97710e-02	  4,78534e-02
4893	  9,7840000000e+03	 -5,91553e-02	  4,75591e-02
4894	  9,7860000000e+03	 -5,78874e-02	  4,83108e-02
4895	  9,7880000000e+03	 -6,04278e-02	  4,61447e-02
4896	  9,7900000000e+03	 -5,77028e-02	  4,57220e-02
4897	  9,7920000000e+03	 -5,55072e-02	  4,97559e-02
4898	  9,7940000000e+03	 -5,67393e-02	  5,06680e-02
4899	  9,7960000000e+03	 -5,60522e-02	  5,11841e-02
4900	  9,7980000000e+03	 -5,37140e-02	  5,06844e-02
4901	  9,8000000000e+03	 -5,15137e-02	  5,15195e-02
4902	  9,8020000000e+03	 -5,25075e-02	  5,47914e-02
4903	  9,8040000000e+03	 -5,66088e-02	  5,49305e-02
4904	  9,8060000000e+03	 -5,51015e-02	  5,54234e-02
4905	  9,8080000000e+03	 -5,25656e-02	  5,64870e-02
4906	  9,8100000000e+03	 -5,09385e-02	  5,75143e-02
4907	  9,8120000000e+03	 -4,98698e-02	  5,71697e-02
4908	  9,8140000000e+03	 -4,88554e-02	  5,97880e-02
4909	  9,8160000000e+03	 -4,70587e-02	  6,18747e-02
4910	  9,8180000000e+03	 -4,88116e-02	  5,85615e-02
4911	  9,8200000000e+03	 -4,71301e-02	  6,04786e-02
4912	  9,8220000000e+03	 -4,98777e-02	  6,62266e-02
4913	  9,8240000000e+03	 -4,95378e-02	  6,61421e-02
4914	  9,8260000000e+03	 -4,88574e-02	  6,31329e-02
4915	  9,8280000000e+03	 -4,86339e-02	  6,43062e-02
4916	  9,8300000000e+03	 -4,62184e-02	  6,73267e-02
4917	  9,8320000000e+03	 -4,31460e-02	  7,01192e-02
4918	  9,8340000000e+03	 -3,96620e-02	  6,93758e-02
4919	  9,8360000000e+03	 -3,90145e-02	  7,01606e-02
4920	  9,8380000000e+03	 -3,68369e-02	  7,03340e-02
4921	  9,8400000000e+03	 -3,82973e-02	  7,08163e-02
4922	  9,8420000000e+03	 -3,76447e-02	  7,09885e-02
4923	  9,8440000000e+03	 -3,80441e-02	  7,04770e-02
4924	  9,8460000000e+03	 -3,87832e-02	  6,92314e-02
4925	  9,8480000000e+03	 -3,43890e-02	  7,10678e-02
4926	  9,8500000000e+03	 -3,15161e-02	  7,47834e-02
4927	  9,8520000000e+03	 -3,16155e-02	  7,57821e-02
4928	  9,8540000000e+03	 -2,94540e-02	  7,52706e-02
4929	  9,8560000000e+03	 -2,66357e-02	  7,55498e-02
4930	  9,8580000000e+03	 -2,47534e-02	  7,54494e-02
4931	  9,8600000000e+03	 -2,50479e-02	  7,46121e-02
4932	  9,8620000000e+03	 -2,52283e-02	  7,50990e-02
4933	  9,8640000000e+03	 -2,18500e-02	  7,78139e-02
4934	  9,8660000000e+03	 -2,23672e-02	  7,51970e-02
4935	  9,8680000000e+03	 -2,20241e-02	  7,47329e-02
4936	  9,8700000000e+03	 -2,05059e-02	  7,84577e-02
4937	  9,8720000000e+03	 -2,10885e-02	  7,87977e-02
4938	  9,8740000000e+03	 -2,14962e-02	  7,89159e-02
4939	  9,8760000000e+03	 -2,08154e-02	  7,97552e-02
4940	  9,8780000000e+03	 -1,73474e-02	  8,04674e-02
4941	  9,8800000000e+03	 -1,67501e-02	  7,83996e-02
4942	  9,8820000000e+03	 -1,69331e-02	  7,80710e-02
4943	  9,8840000000e+03	 -1,62397e-02	  7,95869e-02
4944	  9,8860000000e+03	 -1,37223e-02	  8,07833e-02
4945	  9,8880000000e+03	 -9,84465e-03	  8,50234e-02
4946	  9,8900000000e+03	 -8,96305e-03	  8,52394e-02
4947	  9,8920000000e+03	 -9,89182e-03	  8,42412e-02
4948	  9,8940000000e+03	 -1,23719e-02	  8,30710e-02
4949	  9,8960000000e+03	 -9,09418e-03	  8,41382e-02
4950	  9,8980000000e+03	 -4,30791e-03	  8,33707e-02
4951	  9,9000000000e+03	 -2,15103e-03	  8,25618e-02
4952	  9,9020000000e+03	  5,12982e-04	  8,45548e-02
4953	  9,9040000000e+03	  5,42379e-04	  8,68248e-02
4954	  9,9060000000e+03	 -1,77319e-03	  8,59461e-02
4955	  9,9080000000e+03	  2,71008e-04	  8,39829e-02
4956	  9,9100000000e+03	  1,74089e-03	  8,23244e-02
4957	  9,9120000000e+03	  1,91361e-03	  8,30838e-02
4958	  9,9140000000e+03	  3,59527e-03	  8,23196e-02
4959	  9,9160000000e+03	  7,81730e-03	  8,04994e-02
4960	  9,9180000000e+03	  7,05011e-03	  7,88370e-02
4961	  9,9200000000e+03	  5,58154e-03	  7,90196e-02
4962	  9,9220000000e+03	  6,11672e-03	  7,85506e-02
4963	  9,9240000000e+03	  1,13337e-02	  7,85265e-02
4964	  9,9260000000e+03	  1,06073e-02	  8,11047e-02
4965	  9,9280000000e+03	  1,17059e-02	  8,23141e-02
4966	  9,9300000000e+03	  1,22950e-02	  7,83356e-02
4967	  9,9320000000e+03	  1,12821e-02	  7,35312e-02
4968	  9,9340000000e+03	  1,01970e-02	  7,68401e-02
4969	  9,9360000000e+03	  1,11420e-02	  8,09866e-02
4970	  9,9380000000e+03	  1,39483e-02	  7,93758e-02
4971	  9,9400000000e+03	  1,64697e-02	  7,68672e-02
4972	  9,9420000000e+03	  1,66217e-02	  7,77590e-02
4973	  9,9440000000e+03	  1,73745e-02	  8,01046e-02
4974	  9,9460000000e+03	  2,01675e-02	  7,78536e-02
4975	  9,9480000000e+03	  2,04748e-02	  7,86894e-02
4976	  9,9500000000e+03	  2,23682e-02	  8,23249e-02
4977	  9,9520000000e+03	  2,17338e-02	  7,97970e-02
4978	  9,9540000000e+03	  2,19419e-02	  7,91462e-02
4979	  9,9560000000e+03	  2,25903e-02	  8,33327e-02
4980	  9,9580000000e+03	  2,43722e-02	  8,25694e-02
4981	  9,9600000000e+03	  2,53803e-02	  8,29102e-02
4982	  9,9620000000e+03	  2,37270e-02	  8,11525e-02
4983	  9,9640000000e+03	  2,66237e-02	  7,90335e-02
4984	  9,9660000000e+03	  2,79740e-02	  8,12399e-02
4985	  9,9680000000e+03	  3,05147e-02	  8,08014e-02
4986	  9,9700000000e+03	  3,34552e-02	  8,06283e-02
4987	  9,9720000000e+03	  3,44566e-02	  7,95272e-02
4988	  9,9740000000e+03	  3,33588e-02	  7,99176e-02
4989	  9,9760000000e+03	  3,37506e-02	  8,09941e-02
4990	  9,9780000000e+03	  3,62433e-02	  8,06684e-02
4991	  9,9800000000e+03	  3,87363e-02	  7,76880e-02
4992	  9,9820000000e+03	  3,79259e-02	  7,39857e-02
4993	  9,9840000000e+03	  3,95228e-02	  7,53379e-02
4994	  9,9860000000e+03	  4,13108e-02	  7,82810e-02
4995	  9,9880000000e+03	  4,40586e-02	  7,77626e-02
4996	  9,9900000000e+03	  4,41478e-02	  7,46260e-02
4997	  9,9920000000e+03	  4,31423e-02	  7,58415e-02
4998	  9,9940000000e+03	  4,11769e-02	  7,77200e-02
4999	  9,9960000000e+03	  4,33280e-02	  7,87998e-02
5000	  9,9980000000e+03	  4,46298e-02	  7,59177e-02
5001	  1,0000000000e+04	  4,66775e-02	  7,66129e-02
5002	  1,0002000000e+04	  4,68494e-02	  7,81898e-02
5003	  1,0004000000e+04	  5,06065e-02	  7,81819e-02
5004	  1,0006000000e+04	  5,02670e-02	  7,66866e-02
5005	  1,0008000000e+04	  5,11714e-02	  7,78911e-02
5006	  1,0010000000e+04	  5,28870e-02	  7,53578e-02
5007	  1,0012000000e+04	  5,24398e-02	  7,49072e-02
5008	  1,0014000000e+04	  5,57633e-02	  7,73775e-02
5009	  1,0016000000e+04	  5,70957e-02	  7,85475e-02
5010	  1,0018000000e+04	  5,76257e-02	  7,77432e-02
5011	  1,0020000000e+04	  6,01095e-02	  7,80021e-02
5012	  1,0022000000e+04	  6,32198e-02	  7,65159e-02
5013	  1,0024000000e+04	  6,34613e-02	  7,45676e-02
5014	  1,0026000000e+04	  6,54228e-02	  7,45238e-02
5015	  1,0028000000e+04	  7,01893e-02	  7,78986e-02
5016	  1,0030000000e+04	  6,91724e-02	  7,78109e-02
5017	  1,0032000000e+04	  7,13944e-02	  7,66001e-02
5018	  1,0034000000e+04	  7,48641e-02	  7,30052e-02
5019	  1,0036000000e+04	  7,73764e-02	  7,33741e-02
5020	  1,0038000000e+04	  7,91260e-02	  7,25938e-02
5021	  1,0040000000e+04	  7,94767e-02	  7,30362e-02
5022	  1,0042000000e+04	  8,07350e-02	  7,12488e-02
5023	  1,0044000000e+04	  8,37610e-02	  6,96232e-02
5024	  1,0046000000e+04	  8,57020e-02	  6,60193e-02
5025	  1,0048000000e+04	  8,78680e-02	  6,58890e-02
5026	  1,0050000000e+04	  8,70603e-02	  6,43022e-02
5027	  1,0052000000e+04	  8,87854e-02	  6,14124e-02
5028	  1,0054000000e+04	  9,13643e-02	  5,76144e-02
5029	  1,0056000000e+04	  9,08425e-02	  5,45375e-02
5030	  1,0058000000e+04	  9,25743e-02	  5,55903e-02
5031	  1,0060000000e+04	  9,45339e-02	  5,49805e-02
5032	  1,0062000000e+04	  9,45533e-02	  5,32934e-02
5033	  1,0064000000e+04	  9,80240e-02	  5,14636e-02
5034	  1,0066000000e+04	  9,98347e-02	  4,83676e-02
5035	  1,0068000000e+04	  9,98709e-02	  4,65346e-02
5036	  1,0070000000e+04	  9,99757e-02	  4,74162e-02
5037	  1,0072000000e+04	  9,90240e-02	  4,42916e-02
5038	  1,0074000000e+04	  1,03546e-01	  4,30764e-02
5039	  1,0076000000e+04	  1,04461e-01	  4,30475e-02
5040	  1,0078000000e+04	  1,01953e-01	  4,24989e-02
5041	  1,0080000000e+04	  1,03481e-01	  4,16912e-02
5042	  1,0082000000e+04	  1,04908e-01	  4,01310e-02
5043	  1,0084000000e+04	  1,06160e-01	  3,92636e-02
5044	  1,0086000000e+04	  1,07982e-01	  3,44411e-02
5045	  1,0088000000e+04	  1,09835e-01	  3,30111e-02
5046	  1,0090000000e+04	  1,07919e-01	  3,26883e-02
5047	  1,0092000000e+04	  1,08572e-01	  3,09952e-02
5048	  1,0094000000e+04	  1,10196e-01	  2,73420e-02
5049	  1,0096000000e+04	  1,13773e-01	  2,52829e-02
5050	  1,0098000000e+04	  1,14062e-01	  2,21495e-02
5051	  1,0100000000e+04	  1,15090e-01	  2,35084e-02
5052	  1,0102000000e+04	  1,14575e-01	  2,41978e-02
5053	  1,0104000000e+04	  1,15659e-01	  1,99656e-02
5054	  1,0106000000e+04	  1,16550e-01	  1,72243e-02
5055	  1,0108000000e+04	  1,17463e-01	  1,66689e-02
5056	  1,0110000000e+04	  1,18990e-01	  1,57340e-02
5057	  1,0112000000e+04	  1,18685e-01	  1,65069e-02
5058	  1,0114000000e+04	  1,21922e-01	  1,45357e-02
5059	  1,0116000000e+04	  1,21758e-01	  9,03246e-03
5060	  1,0118000000e+04	  1,20467e-01	  6,36946e-03
5061	  1,0120000000e+04	  1,20760e-01	  4,02046e-03
5062	  1,0122000000e+04	  1,19835e-01	  9,98852e-04
5063	  1,0124000000e+04	  1,20929e-01	 -2,94159e-03
5064	  1,0126000000e+04	  1,23956e-01	 -4,59842e-03
5065	  1,0128000000e+04	  1,23110e-01	 -5,02799e-03
5066	  1,0130000000e+04	  1,20187e-01	 -7,58103e-03
5067	  1,0132000000e+04	  1,21074e-01	 -1,08627e-02
5068	  1,0134000000e+04	  1,21737e-01	 -1,40736e-02
5069	  1,0136000000e+04	  1,21375e-01	 -1,50201e-02
5070	  1,0138000000e+04	  1,22705e-01	 -1,44220e-02
5071	  1,0140000000e+04	  1,23752e-01	 -1,52814e-02
5072	  1,0142000000e+04	  1,21101e-01	 -1,88072e-02
5073	  1,0144000000e+04	  1,18194e-01	 -2,19288e-02
5074	  1,0146000000e+04	  1,18536e-01	 -2,20207e-02
5075	  1,0148000000e+04	  1,18704e-01	 -2,50438e-02
5076	  1,0150000000e+04	  1,19788e-01	 -2,74638e-02
5077	  1,0152000000e+04	  1,19146e-01	 -2,80979e-02
5078	  1,0154000000e+04	  1,19324e-01	 -3,05216e-02
5079	  1,0156000000e+04	  1,20414e-01	 -3,30824e-02
5080	  1,0158000000e+04	  1,21495e-01	 -3,33570e-02
5081	  1,0160000000e+04	  1,22673e-01	 -3,53443e-02
5082	  1,0162000000e+04	  1,22381e-01	 -3,70075e-02
5083	  1,0164000000e+04	  1,21621e-01	 -4,06370e-02
5084	  1,0166000000e+04	  1,19094e-01	 -4,52685e-02
5085	  1,0168000000e+04	  1,19186e-01	 -4,67912e-02
5086	  1,0170000000e+04	  1,17694e-01	 -4,78155e-02
5087	  1,0172000000e+04	  1,16689e-01	 -4,98749e-02
5088	  1,0174000000e+04	  1,13979e-01	 -5,22703e-02
5089	  1,0176000000e+04	  1,14338e-01	 -5,34414e-02
5090	  1,0178000000e+04	  1,15284e-01	 -5,63397e-02
5091	  1,0180000000e+04	  1,13201e-01	 -5,82130e-02
5092	  1,0182000000e+04	  1,10788e-01	 -5,87600e-02
5093	  1,0184000000e+04	  1,11722e-01	 -6,28751e-02
5094	  1,0186000000e+04	  1,11686e-01	 -6,40921e-02
5095	  1,0188000000e+04	  1,12361e-01	 -6,55847e-02
5096	  1,0190000000e+04	  1,12021e-01	 -6,76185e-02
5097	  1,0192000000e+04	  1,10045e-01	 -6,76810e-02
5098	  1,0194000000e+04	  1,08754e-01	 -7,02930e-02
5099	  1,0196000000e+04	  1,07132e-01	 -7,24172e-02
5100	  1,0198000000e+04	  1,07198e-01	 -7,29419e-02
5101	  1,0200000000e+04	  1,06419e-01	 -7,38477e-02
5102	  1,0202000000e+04	  1,05916e-01	 -7,45114e-02
5103	  1,0204000000e+04	  1,04372e-01	 -7,77885e-02
5104	  1,0206000000e+04	  1,02469e-01	 -8,04094e-02
5105	  1,0208000000e+04	  1,00210e-01	 -8,10481e-02
5106	  1,0210000000e+04	  9,95975e-02	 -8,04804e-02
5107	  1,0212000000e+04	  9,79824e-02	 -8,02533e-02
5108	  1,0214000000e+04	  9,91558e-02	 -8,43219e-02
5109	  1,0216000000e+04	  1,00834e-01	 -8,49040e-02
5110	  1,0218000000e+04	  9,84184e-02	 -8,69420e-02
5111	  1,0220000000e+04	  9,75018e-02	 -9,09181e-02
5112	  1,0222000000e+04	  9,66122e-02	 -9,37046e-02
5113	  1,0224000000e+04	  9,37741e-02	 -9,48032e-02
5114	  1,0226000000e+04	  9,36195e-02	 -9,78637e-02
5115	  1,0228000000e+04	  9,22466e-02	 -1,00900e-01
5116	  1,0230000000e+04	  8,79842e-02	 -1,01526e-01
5117	  1,0232000000e+04	  8,97911e-02	 -1,02659e-01
5118	  1,0234000000e+04	  8,93004e-02	 -1,03534e-01
5119	  1,0236000000e+04	  8,49532e-02	 -1,05438e-01
5120	  1,0238000000e+04	  8,46309e-02	 -1,10198e-01
5121	  1,0240000000e+04	  8,54352e-02	 -1,12605e-01
5122	  1,0242000000e+04	  8,26340e-02	 -1,12552e-01
5123	  1,0244000000e+04	  8,30775e-02	 -1,12788e-01
5124	  1,0246000000e+04	  7,95517e-02	 -1,12441e-01
5125	  1,0248000000e+04	  8,03223e-02	 -1,16269e-01
5126	  1,0250000000e+04	  7,75385e-02	 -1,19252e-01
5127	  1,0252000000e+04	  7,42304e-02	 -1,18075e-01
5128	  1,0254000000e+04	  7,53685e-02	 -1,19465e-01
5129	  1,0256000000e+04	  7,27550e-02	 -1,20462e-01
5130	  1,0258000000e+04	  6,98127e-02	 -1,21924e-01
5131	  1,0260000000e+04	  6,88729e-02	 -1,25109e-01
5132	  1,0262000000e+04	  6,68216e-02	 -1,28102e-01
5133	  1,0264000000e+04	  6,53504e-02	 -1,28944e-01
5134	  1,0266000000e+04	  6,47672e-02	 -1,31216e-01
5135	  1,0268000000e+04	  6,26635e-02	 -1,35059e-01
5136	  1,0270000000e+04	  6,28267e-02	 -1,35431e-01
5137	  1,0272000000e+04	  5,84089e-02	 -1,34157e-01
5138	  1,0274000000e+04	  5,64571e-02	 -1,38165e-01
5139	  1,0276000000e+04	  5,55732e-02	 -1,39205e-01
5140	  1,0278000000e+04	  5,31565e-02	 -1,39702e-01
5141	  1,0280000000e+04	  5,08952e-02	 -1,41785e-01
5142	  1,0282000000e+04	  4,66108e-02	 -1,44281e-01
5143	  1,0284000000e+04	  4,34885e-02	 -1,42758e-01
5144	  1,0286000000e+04	  4,33004e-02	 -1,43738e-01
5145	  1,0288000000e+04	  4,21182e-02	 -1,46199e-01
5146	  1,0290000000e+04	  4,06059e-02	 -1,48123e-01
5147	  1,0292000000e+04	  3,73535e-02	 -1,52687e-01
5148	  1,0294000000e+04	  3,55110e-02	 -1,52713e-01
5149	  1,0296000000e+04	  3,05411e-02	 -1,52905e-01
5150	  1,0298000000e+04	  2,76411e-02	 -1,54640e-01
5151	  1,0300000000e+04	  2,45809e-02	 -1,55021e-01
5152	  1,0302000000e+04	  2,17899e-02	 -1,54947e-01
5153	  1,0304000000e+04	  2,12537e-02	 -1,55854e-01
5154	  1,0306000000e+04	  1,89994e-02	 -1,57433e-01
5155	  1,0308000000e+04	  1,65015e-02	 -1,59164e-01
5156	  1,0310000000e+04	  1,45637e-02	 -1,59352e-01
5157	  1,0312000000e+04	  1,01762e-02	 -1,59545e-01
5158	  1,0314000000e+04	  6,08033e-03	 -1,60971e-01
5159	  1,0316000000e+04	  3,39381e-03	 -1,61105e-01
5160	  1,0318000000e+04	  8,54921e-04	 -1,62253e-01
5161	  1,0320000000e+04	 -5,59576e-04	 -1,64720e-01
5162	  1,0322000000e+04	 -4,28472e-03	 -1,65543e-01
5163	  1,0324000000e+04	 -7,73045e-03	 -1,65329e-01
5164	  1,0326000000e+04	 -8,90061e-03	 -1,66624e-01
5165	  1,0328000000e+04	 -1,24146e-02	 -1,65926e-01
5166	  1,0330000000e+04	 -1,73207e-02	 -1,64023e-01
5167	  1,0332000000e+04	 -1,70559e-02	 -1,66642e-01
5168	  1,0334000000e+04	 -1,73833e-02	 -1,65846e-01
5169	  1,0336000000e+04	 -2,11449e-02	 -1,66715e-01
5170	  1,0338000000e+04	 -2,50896e-02	 -1,68301e-01
5171	  1,0340000000e+04	 -2,95571e-02	 -1,67430e-01
5172	  1,0342000000e+04	 -3,38822e-02	 -1,67848e-01
5173	  1,0344000000e+04	 -3,71097e-02	 -1,68125e-01
5174	  1,0346000000e+04	 -3,94929e-02	 -1,68676e-01
5175	  1,0348000000e+04	 -4,52759e-02	 -1,72332e-01
5176	  1,0350000000e+04	 -4,96582e-02	 -1,72188e-01
5177	  1,0352000000e+04	 -5,23730e-02	 -1,68610e-01
5178	  1,0354000000e+04	 -5,55674e-02	 -1,65473e-01
5179	  1,0356000000e+04	 -5,97901e-02	 -1,63731e-01
5180	  1,0358000000e+04	 -6,07890e-02	 -1,65597e-01
5181	  1,0360000000e+04	 -6,61181e-02	 -1,64412e-01
5182	  1,0362000000e+04	 -7,13432e-02	 -1,62342e-01
5183	  1,0364000000e+04	 -7,52418e-02	 -1,61112e-01
5184	  1,0366000000e+04	 -7,85720e-02	 -1,60808e-01
5185	  1,0368000000e+04	 -8,06891e-02	 -1,57233e-01
5186	  1,0370000000e+04	 -8,33618e-02	 -1,55752e-01
5187	  1,0372000000e+04	 -8,58018e-02	 -1,57674e-01
5188	  1,0374000000e+04	 -8,75797e-02	 -1,58456e-01
5189	  1,0376000000e+04	 -8,83361e-02	 -1,56292e-01
5190	  1,0378000000e+04	 -9,06543e-02	 -1,53840e-01
5191	  1,0380000000e+04	 -9,38569e-02	 -1,54293e-01
5192	  1,0382000000e+04	 -9,52886e-02	 -1,51624e-01
5193	  1,0384000000e+04	 -9,81255e-02	 -1,50101e-01
5194	  1,0386000000e+04	 -1,03398e-01	 -1,49084e-01
5195	  1,0388000000e+04	 -1,07209e-01	 -1,48679e-01
5196	  1,0390000000e+04	 -1,08721e-01	 -1,47057e-01
5197	  1,0392000000e+04	 -1,12358e-01	 -1,46447e-01
5198	  1,0394000000e+04	 -1,16860e-01	 -1,42286e-01
5199	  1,0396000000e+04	 -1,20696e-01	 -1,40657e-01
5200	  1,0398000000e+04	 -1,23172e-01	 -1,38532e-01
5201	  1,0400000000e+04	 -1,23758e-01	 -1,34324e-01
5202	  1,0402000000e+04	 -1,26369e-01	 -1,36856e-01
5203	  1,0404000000e+04	 -1,28965e-01	 -1,35054e-01
5204	  1,0406000000e+04	 -1,31897e-01	 -1,31742e-01
5205	  1,0408000000e+04	 -1,36108e-01	 -1,31261e-01
5206	  1,0410000000e+04	 -1,37725e-01	 -1,25835e-01
5207	  1,0412000000e+04	 -1,40482e-01	 -1,24092e-01
5208	  1,0414000000e+04	 -1,42244e-01	 -1,23005e-01
5209	  1,0416000000e+04	 -1,45811e-01	 -1,18282e-01
5210	  1,0418000000e+04	 -1,48297e-01	 -1,15468e-01
5211	  1,0420000000e+04	 -1,51512e-01	 -1,13021e-01
5212	  1,0422000000e+04	 -1,55171e-01	 -1,11908e-01
5213	  1,0424000000e+04	 -1,55909e-01	 -1,10696e-01
5214	  1,0426000000e+04	 -1,58074e-01	 -1,09246e-01
5215	  1,0428000000e+04	 -1,59446e-01	 -1,06368e-01
5216	  1,0430000000e+04	 -1,60072e-01	 -1,02249e-01
5217	  1,0432000000e+04	 -1,62321e-01	 -9,73380e-02
5218	  1,0434000000e+04	 -1,63920e-01	 -9,63251e-02
5219	  1,0436000000e+04	 -1,68864e-01	 -9,15034e-02
5220	  1,0438000000e+04	 -1,71367e-01	 -8,76937e-02
5221	  1,0440000000e+04	 -1,70615e-01	 -8,73604e-02
5222	  1,0442000000e+04	 -1,70171e-01	 -8,45018e-02
5223	  1,0444000000e+04	 -1,72735e-01	 -8,03551e-02
5224	  1,0446000000e+04	 -1,76874e-01	 -7,93248e-02
5225	  1,0448000000e+04	 -1,75935e-01	 -7,35110e-02
5226	  1,0450000000e+04	 -1,77632e-01	 -7,02135e-02
5227	  1,0452000000e+04	 -1,78221e-01	 -6,92870e-02
5228	  1,0454000000e+04	 -1,81463e-01	 -6,77284e-02
5229	  1,0456000000e+04	 -1,82180e-01	 -6,61616e-02
5230	  1,0458000000e+04	 -1,84102e-01	 -6,33868e-02
5231	  1,0460000000e+04	 -1,84753e-01	 -5,58762e-02
5232	  1,0462000000e+04	 -1,84895e-01	 -5,44413e-02
5233	  1,0464000000e+04	 -1,87336e-01	 -5,26963e-02
5234	  1,0466000000e+04	 -1,87947e-01	 -4,76487e-02
5235	  1,0468000000e+04	 -1,90817e-01	 -4,26177e-02
5236	  1,0470000000e+04	 -1,95111e-01	 -4,14641e-02
5237	  1,0472000000e+04	 -1,94227e-01	 -3,81611e-02
5238	  1,0474000000e+04	 -1,94492e-01	 -3,56598e-02
5239	  1,0476000000e+04	 -1,97333e-01	 -3,68461e-02
5240	  1,0478000000e+04	 -1,99557e-01	 -3,16974e-02
5241	  1,0480000000e+04	 -2,04148e-01	 -2,63555e-02
5242	  1,0482000000e+04	 -2,04988e-01	 -2,02976e-02
5243	  1,0484000000e+04	 -2,03583e-01	 -1,61378e-02
5244	  1,0486000000e+04	 -2,05064e-01	 -1,28962e-02
5245	  1,0488000000e+04	 -2,10300e-01	 -7,95072e-03
5246	  1,0490000000e+04	 -2,08624e-01	 -2,95933e-03
5247	  1,0492000000e+04	 -2,07710e-01	  1,88632e-03
5248	  1,0494000000e+04	 -2,08707e-01	  6,73587e-03
5249	  1,0496000000e+04	 -2,08467e-01	  1,23426e-02
5250	  1,0498000000e+04	 -2,08329e-01	  1,53489e-02
5251	  1,0500000000e+04	 -2,07969e-01	  1,85183e-02
5252	  1,0502000000e+04	 -2,07334e-01	  2,47962e-02
5253	  1,0504000000e+04	 -2,07564e-01	  2,81629e-02
5254	  1,0506000000e+04	 -2,07599e-01	  3,20435e-02
5255	  1,0508000000e+04	 -2,03998e-01	  3,61371e-02
5256	  1,0510000000e+04	 -2,04620e-01	  3,59930e-02
5257	  1,0512000000e+04	 -2,06964e-01	  4,26057e-02
5258	  1,0514000000e+04	 -2,05658e-01	  4,57807e-02
5259	  1,0516000000e+04	 -2,03425e-01	  4,44277e-02
5260	  1,0518000000e+04	 -2,01929e-01	  4,96018e-02
5261	  1,0520000000e+04	 -1,98781e-01	  5,68400e-02
5262	  1,0522000000e+04	 -1,97745e-01	  5,87537e-02
5263	  1,0524000000e+04	 -2,00822e-01	  6,35642e-02
5264	  1,0526000000e+04	 -2,02686e-01	  6,74215e-02
5265	  1,0528000000e+04	 -1,97315e-01	  7,05948e-02
5266	  1,0530000000e+04	 -1,94873e-01	  7,46844e-02
5267	  1,0532000000e+04	 -1,97614e-01	  7,95849e-02
5268	  1,0534000000e+04	 -1,98608e-01	  8,19926e-02
5269	  1,0536000000e+04	 -1,95689e-01	  8,63485e-02
5270	  1,0538000000e+04	 -1,93133e-01	  9,10392e-02
5271	  1,0540000000e+04	 -1,92686e-01	  9,30158e-02
5272	  1,0542000000e+04	 -1,93420e-01	  9,44050e-02
5273	  1,0544000000e+04	 -1,90739e-01	  9,86711e-02
5274	  1,0546000000e+04	 -1,88645e-01	  1,03835e-01
5275	  1,0548000000e+04	 -1,85293e-01	  1,07822e-01
5276	  1,0550000000e+04	 -1,84351e-01	  1,11656e-01
5277	  1,0552000000e+04	 -1,83349e-01	  1,15135e-01
5278	  1,0554000000e+04	 -1,80185e-01	  1,18465e-01
5279	  1,0556000000e+04	 -1,78085e-01	  1,21753e-01
5280	  1,0558000000e+04	 -1,77992e-01	  1,24965e-01
5281	  1,0560000000e+04	 -1,77836e-01	  1,30989e-01
5282	  1,0562000000e+04	 -1,73221e-01	  1,38804e-01
5283	  1,0564000000e+04	 -1,70781e-01	  1,37810e-01
5284	  1,0566000000e+04	 -1,68620e-01	  1,39240e-01
5285	  1,0568000000e+04	 -1,64430e-01	  1,47874e-01
5286	  1,0570000000e+04	 -1,62409e-01	  1,53004e-01
5287	  1,0572000000e+04	 -1,58406e-01	  1,55562e-01
5288	  1,0574000000e+04	 -1,56867e-01	  1,58012e-01
5289	  1,0576000000e+04	 -1,52202e-01	  1,58679e-01
5290	  1,0578000000e+04	 -1,48949e-01	  1,64661e-01
5291	  1,0580000000e+04	 -1,45686e-01	  1,67944e-01
5292	  1,0582000000e+04	 -1,42511e-01	  1,73900e-01
5293	  1,0584000000e+04	 -1,38138e-01	  1,77199e-01
5294	  1,0586000000e+04	 -1,34283e-01	  1,74739e-01
5295	  1,0588000000e+04	 -1,29145e-01	  1,77568e-01
5296	  1,0590000000e+04	 -1,22423e-01	  1,83900e-01
5297	  1,0592000000e+04	 -1,21104e-01	  1,85842e-01
5298	  1,0594000000e+04	 -1,19183e-01	  1,84993e-01
5299	  1,0596000000e+04	 -1,14143e-01	  1,87167e-01
5300	  1,0598000000e+04	 -1,11185e-01	  1,89287e-01
5301	  1,0600000000e+04	 -1,07779e-01	  1,92659e-01
5302	  1,0602000000e+04	 -1,03057e-01	  1,94112e-01
5303	  1,0604000000e+04	 -9,93981e-02	  1,96172e-01
5304	  1,0606000000e+04	 -9,44138e-02	  1,98909e-01
5305	  1,0608000000e+04	 -8,85532e-02	  1,99088e-01
5306	  1,0610000000e+04	 -8,55453e-02	  1,99727e-01
5307	  1,0612000000e+04	 -8,08348e-02	  2,01271e-01
5308	  1,0614000000e+04	 -7,62092e-02	  2,03352e-01
5309	  1,0616000000e+04	 -7,25033e-02	  2,02997e-01
5310	  1,0618000000e+04	 -6,89669e-02	  2,02010e-01
5311	  1,0620000000e+04	 -6,20677e-02	  2,02990e-01
5312	  1,0622000000e+04	 -5,72898e-02	  2,05783e-01
5313	  1,0624000000e+04	 -5,52047e-02	  2,04629e-01
5314	  1,0626000000e+04	 -5,32292e-02	  2,04374e-01
5315	  1,0628000000e+04	 -4,70287e-02	  2,05009e-01
5316	  1,0630000000e+04	 -4,33243e-02	  2,07314e-01
5317	  1,0632000000e+04	 -3,97401e-02	  2,07169e-01
5318	  1,0634000000e+04	 -3,58448e-02	  2,05028e-01
5319	  1,0636000000e+04	 -3,02187e-02	  2,06480e-01
5320	  1,0638000000e+04	 -2,85150e-02	  2,07278e-01
5321	  1,0640000000e+04	 -2,47095e-02	  2,04947e-01
5322	  1,0642000000e+04	 -2,00841e-02	  2,07760e-01
5323	  1,0644000000e+04	 -1,79868e-02	  2,09519e-01
5324	  1,0646000000e+04	 -9,68031e-03	  2,04224e-01
5325	  1,0648000000e+04	 -5,97545e-03	  2,02212e-01
5326	  1,0650000000e+04	 -1,75344e-03	  2,01939e-01
5327	  1,0652000000e+04	  2,48759e-04	  2,01739e-01
5328	  1,0654000000e+04	  2,77228e-03	  2,00575e-01
5329	  1,0656000000e+04	  7,11895e-03	  2,00866e-01
5330	  1,0658000000e+04	  1,23492e-02	  1,99316e-01
5331	  1,0660000000e+04	  1,60639e-02	  1,97465e-01
5332	  1,0662000000e+04	  1,83165e-02	  1,94283e-01
5333	  1,0664000000e+04	  1,85296e-02	  1,92274e-01
5334	  1,0666000000e+04	  2,18359e-02	  1,88681e-01
5335	  1,0668000000e+04	  2,79241e-02	  1,87877e-01
5336	  1,0670000000e+04	  3,00742e-02	  1,86587e-01
5337	  1,0672000000e+04	  3,16965e-02	  1,86174e-01
5338	  1,0674000000e+04	  3,34518e-02	  1,85772e-01
5339	  1,0676000000e+04	  3,68707e-02	  1,83331e-01
5340	  1,0678000000e+04	  4,11231e-02	  1,80980e-01
5341	  1,0680000000e+04	  4,25664e-02	  1,77935e-01
5342	  1,0682000000e+04	  4,06683e-02	  1,72673e-01
5343	  1,0684000000e+04	  4,14518e-02	  1,70258e-01
5344	  1,0686000000e+04	  4,24496e-02	  1,68304e-01
5345	  1,0688000000e+04	  4,15241e-02	  1,67008e-01
5346	  1,0690000000e+04	  4,35589e-02	  1,67025e-01
5347	  1,0692000000e+04	  4,65413e-02	  1,63543e-01
5348	  1,0694000000e+04	  4,76548e-02	  1,63214e-01
5349	  1,0696000000e+04	  4,57785e-02	  1,63660e-01
5350	  1,0698000000e+04	  4,34736e-02	  1,60153e-01
5351	  1,0700000000e+04	  4,54888e-02	  1,60527e-01
5352	  1,0702000000e+04	  4,71018e-02	  1,61007e-01
5353	  1,0704000000e+04	  4,12522e-02	  1,61001e-01
5354	  1,0706000000e+04	  3,63770e-02	  1,59254e-01
5355	  1,0708000000e+04	  3,95434e-02	  1,57542e-01
5356	  1,0710000000e+04	  3,96851e-02	  1,61367e-01
5357	  1,0712000000e+04	  4,03077e-02	  1,62629e-01
5358	  1,0714000000e+04	  3,88426e-02	  1,63383e-01
5359	  1,0716000000e+04	  3,90265e-02	  1,66078e-01
5360	  1,0718000000e+04	  3,78835e-02	  1,69696e-01
5361	  1,0720000000e+04	  3,83996e-02	  1,73494e-01
5362	  1,0722000000e+04	  3,81966e-02	  1,77611e-01
5363	  1,0724000000e+04	  4,03930e-02	  1,80464e-01
5364	  1,0726000000e+04	  4,24187e-02	  1,85334e-01
5365	  1,0728000000e+04	  4,75370e-02	  1,87665e-01
5366	  1,0730000000e+04	  5,41832e-02	  1,91481e-01
5367	  1,0732000000e+04	  5,52752e-02	  1,95286e-01
5368	  1,0734000000e+04	  5,92377e-02	  1,99710e-01
5369	  1,0736000000e+04	  6,54978e-02	  2,04542e-01
5370	  1,0738000000e+04	  7,06314e-02	  2,06434e-01
5371	  1,0740000000e+04	  7,43823e-02	  2,09392e-01
5372	  1,0742000000e+04	  8,24856e-02	  2,11859e-01
5373	  1,0744000000e+04	  9,08694e-02	  2,11128e-01
5374	  1,0746000000e+04	  1,00010e-01	  2,11968e-01
5375	  1,0748000000e+04	  1,07539e-01	  2,12997e-01
5376	  1,0750000000e+04	  1,15256e-01	  2,14161e-01
5377	  1,0752000000e+04	  1,22448e-01	  2,13203e-01
5378	  1,0754000000e+04	  1,28695e-01	  2,11679e-01
5379	  1,0756000000e+04	  1,36361e-01	  2,09250e-01
5380	  1,0758000000e+04	  1,44464e-01	  2,05808e-01
5381	  1,0760000000e+04	  1,51570e-01	  2,04217e-01
5382	  1,0762000000e+04	  1,57960e-01	  2,00413e-01
5383	  1,0764000000e+04	  1,60095e-01	  1,98734e-01
5384	  1,0766000000e+04	  1,66350e-01	  1,96030e-01
5385	  1,0768000000e+04	  1,73769e-01	  1,92530e-01
5386	  1,0770000000e+04	  1,80342e-01	  1,83788e-01
5387	  1,0772000000e+04	  1,82527e-01	  1,80566e-01
5388	  1,0774000000e+04	  1,87910e-01	  1,77980e-01
5389	  1,0776000000e+04	  1,93779e-01	  1,71764e-01
5390	  1,0778000000e+04	  1,96312e-01	  1,67835e-01
5391	  1,0780000000e+04	  2,03244e-01	  1,64594e-01
5392	  1,0782000000e+04	  2,09588e-01	  1,60530e-01
5393	  1,0784000000e+04	  2,12600e-01	  1,53882e-01
5394	  1,0786000000e+04	  2,14341e-01	  1,50039e-01
5395	  1,0788000000e+04	  2,19010e-01	  1,45837e-01
5396	  1,0790000000e+04	  2,21850e-01	  1,40549e-01
5397	  1,0792000000e+04	  2,27406e-01	  1,32546e-01
5398	  1,0794000000e+04	  2,30830e-01	  1,27497e-01
5399	  1,0796000000e+04	  2,31771e-01	  1,24399e-01
5400	  1,0798000000e+04	  2,35178e-01	  1,19819e-01
5401	  1,0800000000e+04	  2,38130e-01	  1,17201e-01
5402	  1,0802000000e+04	  2,38934e-01	  1,10834e-01
5403	  1,0804000000e+04	  2,42300e-01	  1,01980e-01
5404	  1,0806000000e+04	  2,44486e-01	  9,55510e-02
5405	  1,0808000000e+04	  2,48184e-01	  9,26146e-02
5406	  1,0810000000e+04	  2,52782e-01	  9,03309e-02
5407	  1,0812000000e+04	  2,55269e-01	  8,37878e-02
5408	  1,0814000000e+04	  2,56964e-01	  7,66486e-02
5409	  1,0816000000e+04	  2,58792e-01	  7,09904e-02
5410	  1,0818000000e+04	  2,58636e-01	  6,30677e-02
5411	  1,0820000000e+04	  2,58308e-01	  5,52006e-02
5412	  1,0822000000e+04	  2,62517e-01	  5,14014e-02
5413	  1,0824000000e+04	  2,63946e-01	  4,56375e-02
5414	  1,0826000000e+04	  2,64293e-01	  4,01140e-02
5415	  1,0828000000e+04	  2,61861e-01	  3,17499e-02
5416	  1,0830000000e+04	  2,61819e-01	  2,58601e-02
5417	  1,0832000000e+04	  2,62346e-01	  2,16032e-02
5418	  1,0834000000e+04	  2,62833e-01	  1,46903e-02
5419	  1,0836000000e+04	  2,62894e-01	  9,97544e-03
5420	  1,0838000000e+04	  2,61959e-01	  3,97375e-03
5421	  1,0840000000e+04	  2,59266e-01	 -3,67411e-03
5422	  1,0842000000e+04	  2,59241e-01	 -9,69842e-03
5423	  1,0844000000e+04	  2,58099e-01	 -1,61991e-02
5424	  1,0846000000e+04	  2,54041e-01	 -2,11346e-02
5425	  1,0848000000e+04	  2,50604e-01	 -2,40475e-02
5426	  1,0850000000e+04	  2,50479e-01	 -2,96579e-02
5427	  1,0852000000e+04	  2,49845e-01	 -3,33379e-02
5428	  1,0854000000e+04	  2,46694e-01	 -3,78673e-02
5429	  1,0856000000e+04	  2,46997e-01	 -4,03755e-02
5430	  1,0858000000e+04	  2,46512e-01	 -4,43815e-02
5431	  1,0860000000e+04	  2,44393e-01	 -4,81221e-02
5432	  1,0862000000e+04	  2,39919e-01	 -5,35024e-02
5433	  1,0864000000e+04	  2,40810e-01	 -5,75830e-02
5434	  1,0866000000e+04	  2,40340e-01	 -6,04221e-02
5435	  1,0868000000e+04	  2,37621e-01	 -6,44211e-02
5436	  1,0870000000e+04	  2,38901e-01	 -6,73491e-02
5437	  1,0872000000e+04	  2,36853e-01	 -7,21510e-02
5438	  1,0874000000e+04	  2,33085e-01	 -7,92947e-02
5439	  1,0876000000e+04	  2,34740e-01	 -8,24545e-02
5440	  1,0878000000e+04	  2,33522e-01	 -8,62956e-02
5441	  1,0880000000e+04	  2,29675e-01	 -9,06957e-02
5442	  1,0882000000e+04	  2,27805e-01	 -9,48536e-02
5443	  1,0884000000e+04	  2,26021e-01	 -1,01394e-01
5444	  1,0886000000e+04	  2,22541e-01	 -1,05528e-01
5445	  1,0888000000e+04	  2,19929e-01	 -1,07600e-01
5446	  1,0890000000e+04	  2,18584e-01	 -1,11380e-01
5447	  1,0892000000e+04	  2,16707e-01	 -1,17070e-01
5448	  1,0894000000e+04	  2,12350e-01	 -1,18698e-01
5449	  1,0896000000e+04	  2,08533e-01	 -1,20426e-01
5450	  1,0898000000e+04	  2,07191e-01	 -1,27103e-01
5451	  1,0900000000e+04	  2,04525e-01	 -1,31689e-01
5452	  1,0902000000e+04	  2,01624e-01	 -1,34524e-01
5453	  1,0904000000e+04	  1,99958e-01	 -1,36262e-01
5454	  1,0906000000e+04	  1,96299e-01	 -1,39974e-01
5455	  1,0908000000e+04	  1,92115e-01	 -1,40548e-01
5456	  1,0910000000e+04	  1,90240e-01	 -1,45910e-01
5457	  1,0912000000e+04	  1,87647e-01	 -1,50010e-01
5458	  1,0914000000e+04	  1,82941e-01	 -1,51117e-01
5459	  1,0916000000e+04	  1,81498e-01	 -1,54482e-01
5460	  1,0918000000e+04	  1,80855e-01	 -1,56468e-01
5461	  1,0920000000e+04	  1,78775e-01	 -1,58029e-01
5462	  1,0922000000e+04	  1,76925e-01	 -1,61630e-01
5463	  1,0924000000e+04	  1,72732e-01	 -1,65940e-01
5464	  1,0926000000e+04	  1,69010e-01	 -1,68933e-01
5465	  1,0928000000e+04	  1,67868e-01	 -1,70701e-01
5466	  1,0930000000e+04	  1,63067e-01	 -1,72988e-01
5467	  1,0932000000e+04	  1,60643e-01	 -1,76290e-01
5468	  1,0934000000e+04	  1,58194e-01	 -1,78573e-01
5469	  1,0936000000e+04	  1,55677e-01	 -1,79447e-01
5470	  1,0938000000e+04	  1,51551e-01	 -1,85512e-01
5471	  1,0940000000e+04	  1,48170e-01	 -1,88374e-01
5472	  1,0942000000e+04	  1,42969e-01	 -1,89947e-01
5473	  1,0944000000e+04	  1,40617e-01	 -1,92220e-01
5474	  1,0946000000e+04	  1,36098e-01	 -1,93184e-01
5475	  1,0948000000e+04	  1,30792e-01	 -1,97384e-01
5476	  1,0950000000e+04	  1,30692e-01	 -2,00207e-01
5477	  1,0952000000e+04	  1,26540e-01	 -2,03475e-01
5478	  1,0954000000e+04	  1,22131e-01	 -2,06151e-01
5479	  1,0956000000e+04	  1,17624e-01	 -2,11812e-01
5480	  1,0958000000e+04	  1,14468e-01	 -2,11754e-01
5481	  1,0960000000e+04	  1,07993e-01	 -2,12148e-01
5482	  1,0962000000e+04	  1,01809e-01	 -2,13970e-01
5483	  1,0964000000e+04	  9,95364e-02	 -2,14843e-01
5484	  1,0966000000e+04	  9,57176e-02	 -2,17916e-01
5485	  1,0968000000e+04	  9,19601e-02	 -2,18546e-01
5486	  1,0970000000e+04	  8,86953e-02	 -2,17007e-01
5487	  1,0972000000e+04	  8,37116e-02	 -2,18024e-01
5488	  1,0974000000e+04	  8,17212e-02	 -2,18763e-01
5489	  1,0976000000e+04	  7,74578e-02	 -2,19314e-01
5490	  1,0978000000e+04	  7,21321e-02	 -2,18925e-01
5491	  1,0980000000e+04	  6,95895e-02	 -2,21095e-01
5492	  1,0982000000e+04	  6,94009e-02	 -2,23527e-01
5493	  1,0984000000e+04	  6,78129e-02	 -2,24435e-01
5494	  1,0986000000e+04	  5,92378e-02	 -2,24245e-01
5495	  1,0988000000e+04	  5,47057e-02	 -2,25922e-01
5496	  1,0990000000e+04	  4,86792e-02	 -2,25896e-01
5497	  1,0992000000e+04	  4,46905e-02	 -2,25928e-01
5498	  1,0994000000e+04	  4,19695e-02	 -2,27873e-01
5499	  1,0996000000e+04	  3,67341e-02	 -2,30145e-01
5500	  1,0998000000e+04	  3,23864e-02	 -2,29624e-01
5501	  1,1000000000e+04	  2,98271e-02	 -2,28660e-01
5502	  1,1002000000e+04	  2,86637e-02	 -2,28233e-01
5503	  1,1004000000e+04	  2,38627e-02	 -2,32213e-01
5504	  1,1006000000e+04	  2,21494e-02	 -2,32541e-01
5505	  1,1008000000e+04	  1,89215e-02	 -2,33027e-01
5506	  1,1010000000e+04	  1,42752e-02	 -2,34687e-01
5507	  1,1012000000e+04	  9,55643e-03	 -2,35000e-01
5508	  1,1014000000e+04	  3,45679e-03	 -2,35244e-01
5509	  1,1016000000e+04	  7,29191e-04	 -2,35958e-01
5510	  1,1018000000e+04	 -4,70119e-03	 -2,34518e-01
5511	  1,1020000000e+04	 -9,69476e-03	 -2,36836e-01
5512	  1,1022000000e+04	 -1,56476e-02	 -2,33226e-01
5513	  1,1024000000e+04	 -2,19996e-02	 -2,35961e-01
5514	  1,1026000000e+04	 -2,60387e-02	 -2,36846e-01
5515	  1,1028000000e+04	 -2,93329e-02	 -2,35779e-01
5516	  1,1030000000e+04	 -3,45762e-02	 -2,34499e-01
5517	  1,1032000000e+04	 -4,06896e-02	 -2,32392e-01
5518	  1,1034000000e+04	 -4,72129e-02	 -2,33106e-01
5519	  1,1036000000e+04	 -5,33957e-02	 -2,31901e-01
5520	  1,1038000000e+04	 -5,63783e-02	 -2,27840e-01
5521	  1,1040000000e+04	 -5,98866e-02	 -2,25887e-01
5522	  1,1042000000e+04	 -6,79917e-02	 -2,25364e-01
5523	  1,1044000000e+04	 -7,18890e-02	 -2,24290e-01
5524	  1,1046000000e+04	 -7,68970e-02	 -2,20700e-01
5525	  1,1048000000e+04	 -7,96465e-02	 -2,17212e-01
5526	  1,1050000000e+04	 -8,59239e-02	 -2,16686e-01
5527	  1,1052000000e+04	 -9,06289e-02	 -2,13817e-01
5528	  1,1054000000e+04	 -9,45230e-02	 -2,09677e-01
5529	  1,1056000000e+04	 -9,70274e-02	 -2,07844e-01
5530	  1,1058000000e+04	 -1,01522e-01	 -2,04562e-01
5531	  1,1060000000e+04	 -1,07223e-01	 -2,01181e-01
5532	  1,1062000000e+04	 -1,11782e-01	 -1,99930e-01
5533	  1,1064000000e+04	 -1,12984e-01	 -1,96861e-01
5534	  1,1066000000e+04	 -1,15795e-01	 -1,94843e-01
5535	  1,1068000000e+04	 -1,18938e-01	 -1,92648e-01
5536	  1,1070000000e+04	 -1,24070e-01	 -1,87188e-01
5537	  1,1072000000e+04	 -1,25204e-01	 -1,83633e-01
5538	  1,1074000000e+04	 -1,26573e-01	 -1,79677e-01
5539	  1,1076000000e+04	 -1,28741e-01	 -1,76012e-01
5540	  1,1078000000e+04	 -1,28496e-01	 -1,72166e-01
5541	  1,1080000000e+04	 -1,30854e-01	 -1,69151e-01
5542	  1,1082000000e+04	 -1,35216e-01	 -1,67533e-01
5543	  1,1084000000e+04	 -1,39246e-01	 -1,65479e-01
5544	  1,1086000000e+04	 -1,43442e-01	 -1,61926e-01
5545	  1,1088000000e+04	 -1,44054e-01	 -1,55798e-01
5546	  1,1090000000e+04	 -1,45922e-01	 -1,51867e-01
5547	  1,1092000000e+04	 -1,49735e-01	 -1,50968e-01
5548	  1,1094000000e+04	 -1,49469e-01	 -1,46256e-01
5549	  1,1096000000e+04	 -1,50343e-01	 -1,42032e-01
5550	  1,1098000000e+04	 -1,53957e-01	 -1,38387e-01
5551	  1,1100000000e+04	 -1,58688e-01	 -1,34472e-01
5552	  1,1102000000e+04	 -1,58699e-01	 -1,31022e-01
5553	  1,1104000000e+04	 -1,60542e-01	 -1,30168e-01
5554	  1,1106000000e+04	 -1,61146e-01	 -1,22352e-01
5555	  1,1108000000e+04	 -1,61878e-01	 -1,18494e-01
5556	  1,1110000000e+04	 -1,63515e-01	 -1,14218e-01
5557	  1,1112000000e+04	 -1,62775e-01	 -1,09881e-01
5558	  1,1114000000e+04	 -1,61867e-01	 -1,05187e-01
5559	  1,1116000000e+04	 -1,63389e-01	 -1,01619e-01
5560	  1,1118000000e+04	 -1,64231e-01	 -9,70225e-02
5561	  1,1120000000e+04	 -1,64008e-01	 -9,15778e-02
5562	  1,1122000000e+04	 -1,62416e-01	 -8,82397e-02
5563	  1,1124000000e+04	 -1,61353e-01	 -8,49132e-02
5564	  1,1126000000e+04	 -1,59734e-01	 -8,17539e-02
5565	  1,1128000000e+04	 -1,60690e-01	 -8,10754e-02
5566	  1,1130000000e+04	 -1,59577e-01	 -7,67910e-02
5567	  1,1132000000e+04	 -1,55240e-01	 -7,14476e-02
5568	  1,1134000000e+04	 -1,54959e-01	 -6,89200e-02
5569	  1,1136000000e+04	 -1,54577e-01	 -6,69692e-02
5570	  1,1138000000e+04	 -1,53979e-01	 -6,88306e-02
5571	  1,1140000000e+04	 -1,49384e-01	 -6,82734e-02
5572	  1,1142000000e+04	 -1,47310e-01	 -6,33533e-02
5573	  1,1144000000e+04	 -1,50324e-01	 -6,18909e-02
5574	  1,1146000000e+04	 -1,49138e-01	 -5,97869e-02
5575	  1,1148000000e+04	 -1,46843e-01	 -5,94560e-02
5576	  1,1150000000e+04	 -1,48281e-01	 -6,14335e-02
5577	  1,1152000000e+04	 -1,47018e-01	 -5,79458e-02
5578	  1,1154000000e+04	 -1,46100e-01	 -6,03938e-02
5579	  1,1156000000e+04	 -1,46478e-01	 -6,16674e-02
5580	  1,1158000000e+04	 -1,43076e-01	 -5,89219e-02
5581	  1,1160000000e+04	 -1,44074e-01	 -5,73213e-02
5582	  1,1162000000e+04	 -1,44744e-01	 -5,57203e-02
5583	  1,1164000000e+04	 -1,44649e-01	 -5,71336e-02
5584	  1,1166000000e+04	 -1,44314e-01	 -5,54923e-02
5585	  1,1168000000e+04	 -1,45697e-01	 -5,42379e-02
5586	  1,1170000000e+04	 -1,47463e-01	 -5,63119e-02
5587	  1,1172000000e+04	 -1,47583e-01	 -5,50618e-02
5588	  1,1174000000e+04	 -1,48122e-01	 -5,35481e-02
5589	  1,1176000000e+04	 -1,49725e-01	 -5,31119e-02
5590	  1,1178000000e+04	 -1,49916e-01	 -4,92944e-02
5591	  1,1180000000e+04	 -1,51933e-01	 -5,01319e-02
5592	  1,1182000000e+04	 -1,53554e-01	 -5,21247e-02
5593	  1,1184000000e+04	 -1,56148e-01	 -4,85966e-02
5594	  1,1186000000e+04	 -1,56208e-01	 -4,90988e-02
5595	  1,1188000000e+04	 -1,57847e-01	 -4,86957e-02
5596	  1,1190000000e+04	 -1,60853e-01	 -4,73580e-02
5597	  1,1192000000e+04	 -1,62743e-01	 -4,83062e-02
5598	  1,1194000000e+04	 -1,63876e-01	 -4,57838e-02
5599	  1,1196000000e+04	 -1,64496e-01	 -4,01367e-02
5600	  1,1198000000e+04	 -1,61971e-01	 -3,82731e-02
5601	  1,1200000000e+04	 -1,63917e-01	 -3,72154e-02
5602	  1,1202000000e+04	 -1,67876e-01	 -3,62716e-02
5603	  1,1204000000e+04	 -1,68626e-01	 -3,47486e-02
5604	  1,1206000000e+04	 -1,69421e-01	 -3,66310e-02
5605	  1,1208000000e+04	 -1,72029e-01	 -3,16538e-02
5606	  1,1210000000e+04	 -1,71967e-01	 -2,84112e-02
5607	  1,1212000000e+04	 -1,71076e-01	 -2,76368e-02
5608	  1,1214000000e+04	 -1,75241e-01	 -2,67874e-02
5609	  1,1216000000e+04	 -1,76324e-01	 -2,58043e-02
5610	  1,1218000000e+04	 -1,78762e-01	 -2,28515e-02
5611	  1,1220000000e+04	 -1,79668e-01	 -1,93370e-02
5612	  1,1222000000e+04	 -1,80454e-01	 -1,62051e-02
5613	  1,1224000000e+04	 -1,86805e-01	 -1,33040e-02
5614	  1,1226000000e+04	 -1,87038e-01	 -1,05199e-02
5615	  1,1228000000e+04	 -1,86198e-01	 -7,50080e-03
5616	  1,1230000000e+04	 -1,86112e-01	 -4,09567e-03
5617	  1,1232000000e+04	 -1,88306e-01	 -1,68150e-03
5618	  1,1234000000e+04	 -1,90771e-01	  9,64235e-04
5619	  1,1236000000e+04	 -1,89725e-01	  3,59480e-03
5620	  1,1238000000e+04	 -1,87911e-01	  7,27278e-03
5621	  1,1240000000e+04	 -1,89733e-01	  1,13175e-02
5622	  1,1242000000e+04	 -1,92754e-01	  1,35526e-02
5623	  1,1244000000e+04	 -1,93380e-01	  1,72464e-02
5624	  1,1246000000e+04	 -1,93795e-01	  2,57363e-02
5625	  1,1248000000e+04	 -1,94185e-01	  2,95889e-02
5626	  1,1250000000e+04	 -1,93962e-01	  3,13757e-02
5627	  1,1252000000e+04	 -1,97164e-01	  3,35770e-02
5628	  1,1254000000e+04	 -1,94374e-01	  3,66127e-02
5629	  1,1256000000e+04	 -1,94996e-01	  3,96584e-02
5630	  1,1258000000e+04	 -1,96378e-01	  4,60196e-02
5631	  1,1260000000e+04	 -1,94110e-01	  5,14303e-02
5632	  1,1262000000e+04	 -1,93274e-01	  5,19437e-02
5633	  1,1264000000e+04	 -1,92828e-01	  5,80306e-02
5634	  1,1266000000e+04	 -1,91593e-01	  6,26024e-02
5635	  1,1268000000e+04	 -1,90555e-01	  6,63027e-02
5636	  1,1270000000e+04	 -1,90307e-01	  6,71727e-02
5637	  1,1272000000e+04	 -1,89341e-01	  7,14075e-02
5638	  1,1274000000e+04	 -1,87849e-01	  7,48921e-02
5639	  1,1276000000e+04	 -1,86760e-01	  7,92540e-02
5640	  1,1278000000e+04	 -1,86962e-01	  8,22522e-02
5641	  1,1280000000e+04	 -1,86851e-01	  8,47742e-02
5642	  1,1282000000e+04	 -1,85147e-01	  8,79224e-02
5643	  1,1284000000e+04	 -1,81460e-01	  9,04110e-02
5644	  1,1286000000e+04	 -1,79811e-01	  9,53617e-02
5645	  1,1288000000e+04	 -1,77991e-01	  9,85521e-02
5646	  1,1290000000e+04	 -1,76881e-01	  9,85154e-02
5647	  1,1292000000e+04	 -1,74378e-01	  9,89460e-02
5648	  1,1294000000e+04	 -1,70981e-01	  1,02210e-01
5649	  1,1296000000e+04	 -1,74019e-01	  1,07802e-01
5650	  1,1298000000e+04	 -1,74523e-01	  1,11234e-01
5651	  1,1300000000e+04	 -1,70969e-01	  1,14867e-01
5652	  1,1302000000e+04	 -1,68368e-01	  1,19628e-01
5653	  1,1304000000e+04	 -1,67563e-01	  1,21379e-01
5654	  1,1306000000e+04	 -1,67431e-01	  1,24624e-01
5655	  1,1308000000e+04	 -1,61222e-01	  1,27251e-01
5656	  1,1310000000e+04	 -1,59996e-01	  1,30505e-01
5657	  1,1312000000e+04	 -1,58986e-01	  1,34004e-01
5658	  1,1314000000e+04	 -1,57014e-01	  1,35588e-01
5659	  1,1316000000e+04	 -1,53380e-01	  1,40679e-01
5660	  1,1318000000e+04	 -1,52793e-01	  1,43475e-01
5661	  1,1320000000e+04	 -1,48994e-01	  1,47332e-01
5662	  1,1322000000e+04	 -1,48098e-01	  1,50541e-01
5663	  1,1324000000e+04	 -1,45987e-01	  1,51075e-01
5664	  1,1326000000e+04	 -1,40881e-01	  1,54349e-01
5665	  1,1328000000e+04	 -1,39767e-01	  1,57105e-01
5666	  1,1330000000e+04	 -1,38179e-01	  1,61655e-01
5667	  1,1332000000e+04	 -1,33703e-01	  1,64181e-01
5668	  1,1334000000e+04	 -1,32671e-01	  1,67069e-01
5669	  1,1336000000e+04	 -1,26448e-01	  1,71582e-01
5670	  1,1338000000e+04	 -1,20497e-01	  1,70523e-01
5671	  1,1340000000e+04	 -1,19131e-01	  1,73574e-01
5672	  1,1342000000e+04	 -1,16453e-01	  1,73850e-01
5673	  1,1344000000e+04	 -1,13575e-01	  1,74885e-01
5674	  1,1346000000e+04	 -1,10674e-01	  1,75369e-01
5675	  1,1348000000e+04	 -1,05913e-01	  1,80914e-01
5676	  1,1350000000e+04	 -1,03644e-01	  1,83431e-01
5677	  1,1352000000e+04	 -9,98009e-02	  1,83599e-01
5678	  1,1354000000e+04	 -9,63562e-02	  1,84303e-01
5679	  1,1356000000e+04	 -9,48546e-02	  1,83388e-01
5680	  1,1358000000e+04	 -9,15393e-02	  1,85343e-01
5681	  1,1360000000e+04	 -8,70029e-02	  1,89033e-01
5682	  1,1362000000e+04	 -8,55873e-02	  1,88814e-01
5683	  1,1364000000e+04	 -8,29466e-02	  1,87314e-01
5684	  1,1366000000e+04	 -8,02341e-02	  1,86871e-01
5685	  1,1368000000e+04	 -7,78188e-02	  1,91276e-01
5686	  1,1370000000e+04	 -7,38973e-02	  1,92912e-01
5687	  1,1372000000e+04	 -7,12298e-02	  1,94869e-01
5688	  1,1374000000e+04	 -6,76402e-02	  1,95936e-01
5689	  1,1376000000e+04	 -6,66113e-02	  1,94307e-01
5690	  1,1378000000e+04	 -6,32922e-02	  1,95095e-01
5691	  1,1380000000e+04	 -5,85949e-02	  2,00019e-01
5692	  1,1382000000e+04	 -5,65905e-02	  1,99421e-01
5693	  1,1384000000e+04	 -5,40495e-02	  2,02537e-01
5694	  1,1386000000e+04	 -5,13489e-02	  2,02599e-01
5695	  1,1388000000e+04	 -4,85875e-02	  2,02842e-01
5696	  1,1390000000e+04	 -4,58723e-02	  2,03719e-01
5697	  1,1392000000e+04	 -4,28439e-02	  2,06345e-01
5698	  1,1394000000e+04	 -3,90894e-02	  2,08158e-01
5699	  1,1396000000e+04	 -3,37191e-02	  2,09723e-01
5700	  1,1398000000e+04	 -3,00296e-02	  2,08472e-01
5701	  1,1400000000e+04	 -2,94305e-02	  2,10378e-01
5702	  1,1402000000e+04	 -2,48523e-02	  2,13542e-01
5703	  1,1404000000e+04	 -1,99272e-02	  2,11898e-01
5704	  1,1406000000e+04	 -1,30112e-02	  2,14315e-01
5705	  1,1408000000e+04	 -9,69494e-03	  2,14470e-01
5706	  1,1410000000e+04	 -6,41657e-03	  2,12957e-01
5707	  1,1412000000e+04	 -4,43321e-03	  2,11580e-01
5708	  1,1414000000e+04	 -8,09430e-04	  2,12581e-01
5709	  1,1416000000e+04	  2,76223e-03	  2,12603e-01
5710	  1,1418000000e+04	  8,17066e-03	  2,13660e-01
5711	  1,1420000000e+04	  1,14999e-02	  2,14758e-01
5712	  1,1422000000e+04	  1,39620e-02	  2,15626e-01
5713	  1,1424000000e+04	  2,17334e-02	  2,16058e-01
5714	  1,1426000000e+04	  2,71601e-02	  2,14210e-01
5715	  1,1428000000e+04	  2,95785e-02	  2,12720e-01
5716	  1,1430000000e+04	  3,30625e-02	  2,11097e-01
5717	  1,1432000000e+04	  3,61088e-02	  2,08016e-01
5718	  1,1434000000e+04	  4,20523e-02	  2,08621e-01
5719	  1,1436000000e+04	  4,63772e-02	  2,08627e-01
5720	  1,1438000000e+04	  4,75891e-02	  2,06548e-01
5721	  1,1440000000e+04	  5,00679e-02	  2,05393e-01
5722	  1,1442000000e+04	  5,32745e-02	  2,03819e-01
5723	  1,1444000000e+04	  5,60567e-02	  2,02467e-01
5724	  1,1446000000e+04	  6,07344e-02	  2,01827e-01
5725	  1,1448000000e+04	  6,50121e-02	  2,00310e-01
5726	  1,1450000000e+04	  6,84619e-02	  1,99244e-01
5727	  1,1452000000e+04	  6,94088e-02	  1,97980e-01
5728	  1,1454000000e+04	  7,22592e-02	  1,95888e-01
5729	  1,1456000000e+04	  7,75983e-02	  1,97638e-01
5730	  1,1458000000e+04	  7,86720e-02	  1,97208e-01
5731	  1,1460000000e+04	  7,99213e-02	  1,92279e-01
5732	  1,1462000000e+04	  8,44968e-02	  1,88476e-01
5733	  1,1464000000e+04	  8,79127e-02	  1,87604e-01
5734	  1,1466000000e+04	  8,87890e-02	  1,88538e-01
5735	  1,1468000000e+04	  9,16259e-02	  1,86471e-01
5736	  1,1470000000e+04	  9,82660e-02	  1,85582e-01
5737	  1,1472000000e+04	  9,87661e-02	  1,86014e-01
5738	  1,1474000000e+04	  9,81413e-02	  1,83255e-01
5739	  1,1476000000e+04	  1,05895e-01	  1,78617e-01
5740	  1,1478000000e+04	  1,06923e-01	  1,79040e-01
5741	  1,1480000000e+04	  1,07790e-01	  1,77890e-01
5742	  1,1482000000e+04	  1,11830e-01	  1,72634e-01
5743	  1,1484000000e+04	  1,16200e-01	  1,69054e-01
5744	  1,1486000000e+04	  1,18289e-01	  1,69086e-01
5745	  1,1488000000e+04	  1,23278e-01	  1,69132e-01
5746	  1,1490000000e+04	  1,25749e-01	  1,67217e-01
5747	  1,1492000000e+04	  1,27461e-01	  1,65330e-01
5748	  1,1494000000e+04	  1,30062e-01	  1,62572e-01
5749	  1,1496000000e+04	  1,30178e-01	  1,58475e-01
5750	  1,1498000000e+04	  1,32987e-01	  1,55041e-01
5751	  1,1500000000e+04	  1,38813e-01	  1,51312e-01
5752	  1,1502000000e+04	  1,41711e-01	  1,51474e-01
5753	  1,1504000000e+04	  1,42752e-01	  1,46474e-01
5754	  1,1506000000e+04	  1,45938e-01	  1,43860e-01
5755	  1,1508000000e+04	  1,47287e-01	  1,41042e-01
5756	  1,1510000000e+04	  1,46470e-01	  1,40913e-01
5757	  1,1512000000e+04	  1,49170e-01	  1,38217e-01
5758	  1,1514000000e+04	  1,51486e-01	  1,33978e-01
5759	  1,1516000000e+04	  1,54237e-01	  1,31766e-01
5760	  1,1518000000e+04	  1,54229e-01	  1,30147e-01
5761	  1,1520000000e+04	  1,54652e-01	  1,28990e-01
5762	  1,1522000000e+04	  1,54239e-01	  1,25051e-01
5763	  1,1524000000e+04	  1,55960e-01	  1,19640e-01
5764	  1,1526000000e+04	  1,58256e-01	  1,21067e-01
5765	  1,1528000000e+04	  1,61552e-01	  1,19090e-01
5766	  1,1530000000e+04	  1,65321e-01	  1,16739e-01
5767	  1,1532000000e+04	  1,69522e-01	  1,14935e-01
5768	  1,1534000000e+04	  1,68912e-01	  1,14241e-01
5769	  1,1536000000e+04	  1,69511e-01	  1,08392e-01
5770	  1,1538000000e+04	  1,72517e-01	  1,05450e-01
5771	  1,1540000000e+04	  1,75626e-01	  1,03009e-01
5772	  1,1542000000e+04	  1,74542e-01	  1,00496e-01
5773	  1,1544000000e+04	  1,72649e-01	  9,77327e-02
5774	  1,1546000000e+04	  1,73620e-01	  9,60561e-02
5775	  1,1548000000e+04	  1,78693e-01	  9,42753e-02
5776	  1,1550000000e+04	  1,81672e-01	  9,05031e-02
5777	  1,1552000000e+04	  1,82906e-01	  8,59183e-02
5778	  1,1554000000e+04	  1,83448e-01	  8,15085e-02
5779	  1,1556000000e+04	  1,83945e-01	  8,22380e-02
5780	  1,1558000000e+04	  1,87006e-01	  7,75013e-02
5781	  1,1560000000e+04	  1,89089e-01	  7,51179e-02
5782	  1,1562000000e+04	  1,89475e-01	  7,34702e-02
5783	  1,1564000000e+04	  1,89142e-01	  6,93270e-02
5784	  1,1566000000e+04	  1,89625e-01	  6,47058e-02
5785	  1,1568000000e+04	  1,89558e-01	  6,32545e-02
5786	  1,1570000000e+04	  1,91572e-01	  6,15684e-02
5787	  1,1572000000e+04	  1,89792e-01	  5,67947e-02
5788	  1,1574000000e+04	  1,91893e-01	  5,31648e-02
5789	  1,1576000000e+04	  1,95671e-01	  5,02257e-02
5790	  1,1578000000e+04	  1,93845e-01	  4,74077e-02
5791	  1,1580000000e+04	  1,96121e-01	  4,67547e-02
5792	  1,1582000000e+04	  1,94385e-01	  4,31285e-02
5793	  1,1584000000e+04	  1,94275e-01	  3,83866e-02
5794	  1,1586000000e+04	  1,93833e-01	  3,55745e-02
5795	  1,1588000000e+04	  1,93896e-01	  3,33049e-02
5796	  1,1590000000e+04	  1,96966e-01	  3,20533e-02
5797	  1,1592000000e+04	  1,98494e-01	  2,84598e-02
5798	  1,1594000000e+04	  1,96173e-01	  2,46422e-02
5799	  1,1596000000e+04	  1,97532e-01	  2,36547e-02
5800	  1,1598000000e+04	  1,99765e-01	  2,23362e-02
5801	  1,1600000000e+04	  1,98429e-01	  2,08309e-02
5802	  1,1602000000e+04	  1,99888e-01	  1,67153e-02
5803	  1,1604000000e+04	  2,00007e-01	  1,02155e-02
5804	  1,1606000000e+04	  1,98956e-01	  9,17237e-03
5805	  1,1608000000e+04	  1,99537e-01	  7,55625e-03
5806	  1,1610000000e+04	  2,01854e-01	  1,61923e-03
5807	  1,1612000000e+04	  2,02393e-01	 -1,72508e-03
5808	  1,1614000000e+04	  2,01183e-01	 -3,76965e-03
5809	  1,1616000000e+04	  2,01445e-01	 -6,16403e-03
5810	  1,1618000000e+04	  2,01398e-01	 -7,36908e-03
5811	  1,1620000000e+04	  2,01961e-01	 -7,42005e-03
5812	  1,1622000000e+04	  2,02705e-01	 -1,15018e-02
5813	  1,1624000000e+04	  2,03859e-01	 -1,94419e-02
5814	  1,1626000000e+04	  2,03972e-01	 -2,33866e-02
5815	  1,1628000000e+04	  2,02924e-01	 -2,72146e-02
5816	  1,1630000000e+04	  2,00348e-01	 -2,84468e-02
5817	  1,1632000000e+04	  1,99855e-01	 -2,98851e-02
5818	  1,1634000000e+04	  2,01168e-01	 -3,49789e-02
5819	  1,1636000000e+04	  1,98565e-01	 -3,68340e-02
5820	  1,1638000000e+04	  1,97905e-01	 -4,01459e-02
5821	  1,1640000000e+04	  1,99389e-01	 -4,30652e-02
5822	  1,1642000000e+04	  1,98209e-01	 -4,64793e-02
5823	  1,1644000000e+04	  1,96160e-01	 -4,90876e-02
5824	  1,1646000000e+04	  1,96450e-01	 -4,96127e-02
5825	  1,1648000000e+04	  1,96452e-01	 -5,26200e-02
5826	  1,1650000000e+04	  1,96565e-01	 -6,01616e-02
5827	  1,1652000000e+04	  1,95043e-01	 -6,29988e-02
5828	  1,1654000000e+04	  1,96995e-01	 -6,49574e-02
5829	  1,1656000000e+04	  1,96563e-01	 -6,54136e-02
5830	  1,1658000000e+04	  1,94509e-01	 -6,68500e-02
5831	  1,1660000000e+04	  1,92994e-01	 -7,17214e-02
5832	  1,1662000000e+04	  1,93124e-01	 -7,78039e-02
5833	  1,1664000000e+04	  1,91524e-01	 -8,14677e-02
5834	  1,1666000000e+04	  1,90487e-01	 -8,19206e-02
5835	  1,1668000000e+04	  1,92106e-01	 -8,52630e-02
5836	  1,1670000000e+04	  1,92082e-01	 -8,73852e-02
5837	  1,1672000000e+04	  1,87108e-01	 -9,20537e-02
5838	  1,1674000000e+04	  1,84161e-01	 -9,74029e-02
5839	  1,1676000000e+04	  1,84033e-01	 -9,61027e-02
5840	  1,1678000000e+04	  1,83488e-01	 -9,78545e-02
5841	  1,1680000000e+04	  1,82694e-01	 -1,03164e-01
5842	  1,1682000000e+04	  1,81437e-01	 -1,06413e-01
5843	  1,1684000000e+04	  1,77635e-01	 -1,10858e-01
5844	  1,1686000000e+04	  1,77642e-01	 -1,16139e-01
5845	  1,1688000000e+04	  1,75547e-01	 -1,18233e-01
5846	  1,1690000000e+04	  1,75219e-01	 -1,23705e-01
5847	  1,1692000000e+04	  1,73593e-01	 -1,25008e-01
5848	  1,1694000000e+04	  1,74545e-01	 -1,26777e-01
5849	  1,1696000000e+04	  1,73338e-01	 -1,28318e-01
5850	  1,1698000000e+04	  1,71295e-01	 -1,34098e-01
5851	  1,1700000000e+04	  1,67372e-01	 -1,37901e-01
5852	  1,1702000000e+04	  1,65628e-01	 -1,39974e-01
5853	  1,1704000000e+04	  1,61631e-01	 -1,41262e-01
5854	  1,1706000000e+04	  1,57643e-01	 -1,46811e-01
5855	  1,1708000000e+04	  1,57073e-01	 -1,46780e-01
5856	  1,1710000000e+04	  1,56012e-01	 -1,49172e-01
5857	  1,1712000000e+04	  1,53460e-01	 -1,52028e-01
5858	  1,1714000000e+04	  1,50730e-01	 -1,54674e-01
5859	  1,1716000000e+04	  1,44860e-01	 -1,58111e-01
5860	  1,1718000000e+04	  1,42267e-01	 -1,60077e-01
5861	  1,1720000000e+04	  1,40388e-01	 -1,61046e-01
5862	  1,1722000000e+04	  1,38470e-01	 -1,63056e-01
5863	  1,1724000000e+04	  1,37209e-01	 -1,64948e-01
5864	  1,1726000000e+04	  1,33879e-01	 -1,68386e-01
5865	  1,1728000000e+04	  1,31019e-01	 -1,68733e-01
5866	  1,1730000000e+04	  1,30548e-01	 -1,68688e-01
5867	  1,1732000000e+04	  1,27311e-01	 -1,72853e-01
5868	  1,1734000000e+04	  1,25251e-01	 -1,74410e-01
5869	  1,1736000000e+04	  1,22275e-01	 -1,74844e-01
5870	  1,1738000000e+04	  1,17569e-01	 -1,77258e-01
5871	  1,1740000000e+04	  1,15646e-01	 -1,81299e-01
5872	  1,1742000000e+04	  1,16463e-01	 -1,82351e-01
5873	  1,1744000000e+04	  1,15744e-01	 -1,85045e-01
5874	  1,1746000000e+04	  1,10858e-01	 -1,88101e-01
5875	  1,1748000000e+04	  1,07900e-01	 -1,89141e-01
5876	  1,1750000000e+04	  1,05230e-01	 -1,90496e-01
5877	  1,1752000000e+04	  1,03464e-01	 -1,91165e-01
5878	  1,1754000000e+04	  9,93600e-02	 -1,95007e-01
5879	  1,1756000000e+04	  9,70505e-02	 -1,99850e-01
5880	  1,1758000000e+04	  9,50742e-02	 -2,02484e-01
5881	  1,1760000000e+04	  9,17967e-02	 -2,04012e-01
5882	  1,1762000000e+04	  8,85333e-02	 -2,03564e-01
5883	  1,1764000000e+04	  8,34542e-02	 -2,03414e-01
5884	  1,1766000000e+04	  7,91209e-02	 -2,06792e-01
5885	  1,1768000000e+04	  7,88667e-02	 -2,11486e-01
5886	  1,1770000000e+04	  7,51007e-02	 -2,13031e-01
5887	  1,1772000000e+04	  7,01544e-02	 -2,13681e-01
5888	  1,1774000000e+04	  6,80859e-02	 -2,15283e-01
5889	  1,1776000000e+04	  6,55346e-02	 -2,14936e-01
5890	  1,1778000000e+04	  6,24275e-02	 -2,19142e-01
5891	  1,1780000000e+04	  5,58959e-02	 -2,20572e-01
5892	  1,1782000000e+04	  5,22014e-02	 -2,18801e-01
5893	  1,1784000000e+04	  5,15099e-02	 -2,22831e-01
5894	  1,1786000000e+04	  4,56238e-02	 -2,22839e-01
5895	  1,1788000000e+04	  4,03036e-02	 -2,22855e-01
5896	  1,1790000000e+04	  3,69387e-02	 -2,24250e-01
5897	  1,1792000000e+04	  3,25028e-02	 -2,26214e-01
5898	  1,1794000000e+04	  2,79587e-02	 -2,26400e-01
5899	  1,1796000000e+04	  2,53496e-02	 -2,27045e-01
5900	  1,1798000000e+04	  2,42036e-02	 -2,25655e-01
5901	  1,1800000000e+04	  2,00514e-02	 -2,22456e-01
5902	  1,1802000000e+04	  1,67921e-02	 -2,25501e-01
5903	  1,1804000000e+04	  1,23553e-02	 -2,24955e-01
5904	  1,1806000000e+04	  6,47075e-03	 -2,25048e-01
5905	  1,1808000000e+04	  3,97085e-03	 -2,25378e-01
5906	  1,1810000000e+04	 -1,34388e-03	 -2,25102e-01
5907	  1,1812000000e+04	 -4,14396e-03	 -2,23512e-01
5908	  1,1814000000e+04	 -6,75342e-03	 -2,23883e-01
5909	  1,1816000000e+04	 -1,20731e-02	 -2,26102e-01
5910	  1,1818000000e+04	 -1,46796e-02	 -2,26626e-01
5911	  1,1820000000e+04	 -1,73990e-02	 -2,24316e-01
5912	  1,1822000000e+04	 -2,00054e-02	 -2,24577e-01
5913	  1,1824000000e+04	 -2,20843e-02	 -2,24300e-01
5914	  1,1826000000e+04	 -2,58026e-02	 -2,23540e-01
5915	  1,1828000000e+04	 -3,04718e-02	 -2,24925e-01
5916	  1,1830000000e+04	 -3,63009e-02	 -2,25312e-01
5917	  1,1832000000e+04	 -4,03548e-02	 -2,25911e-01
5918	  1,1834000000e+04	 -4,19916e-02	 -2,26830e-01
5919	  1,1836000000e+04	 -4,65077e-02	 -2,26060e-01
5920	  1,1838000000e+04	 -5,04509e-02	 -2,22636e-01
5921	  1,1840000000e+04	 -5,27134e-02	 -2,22685e-01
5922	  1,1842000000e+04	 -5,65426e-02	 -2,22388e-01
5923	  1,1844000000e+04	 -6,29095e-02	 -2,23848e-01
5924	  1,1846000000e+04	 -6,51311e-02	 -2,21729e-01
5925	  1,1848000000e+04	 -6,81246e-02	 -2,22053e-01
5926	  1,1850000000e+04	 -7,15925e-02	 -2,21637e-01
5927	  1,1852000000e+04	 -7,78930e-02	 -2,21687e-01
5928	  1,1854000000e+04	 -8,27281e-02	 -2,19000e-01
5929	  1,1856000000e+04	 -8,41537e-02	 -2,16372e-01
5930	  1,1858000000e+04	 -8,73591e-02	 -2,15127e-01
5931	  1,1860000000e+04	 -9,19974e-02	 -2,11660e-01
5932	  1,1862000000e+04	 -9,58685e-02	 -2,10577e-01
5933	  1,1864000000e+04	 -1,00548e-01	 -2,11038e-01
5934	  1,1866000000e+04	 -1,06266e-01	 -2,08672e-01
5935	  1,1868000000e+04	 -1,06970e-01	 -2,07334e-01
5936	  1,1870000000e+04	 -1,10227e-01	 -2,09141e-01
5937	  1,1872000000e+04	 -1,14162e-01	 -2,07334e-01
5938	  1,1874000000e+04	 -1,17737e-01	 -2,04342e-01
5939	  1,1876000000e+04	 -1,18209e-01	 -2,02446e-01
5940	  1,1878000000e+04	 -1,21367e-01	 -1,99062e-01
5941	  1,1880000000e+04	 -1,25082e-01	 -1,97339e-01
5942	  1,1882000000e+04	 -1,27250e-01	 -1,90585e-01
5943	  1,1884000000e+04	 -1,28360e-01	 -1,88606e-01
5944	  1,1886000000e+04	 -1,32216e-01	 -1,89969e-01
5945	  1,1888000000e+04	 -1,37545e-01	 -1,88767e-01
5946	  1,1890000000e+04	 -1,39556e-01	 -1,87746e-01
5947	  1,1892000000e+04	 -1,43292e-01	 -1,84936e-01
5948	  1,1894000000e+04	 -1,46765e-01	 -1,82144e-01
5949	  1,1896000000e+04	 -1,51247e-01	 -1,81279e-01
5950	  1,1898000000e+04	 -1,51553e-01	 -1,80738e-01
5951	  1,1900000000e+04	 -1,51713e-01	 -1,81238e-01
5952	  1,1902000000e+04	 -1,56795e-01	 -1,78800e-01
5953	  1,1904000000e+04	 -1,62572e-01	 -1,74699e-01
5954	  1,1906000000e+04	 -1,64201e-01	 -1,72125e-01
5955	  1,1908000000e+04	 -1,67063e-01	 -1,70954e-01
5956	  1,1910000000e+04	 -1,70808e-01	 -1,66964e-01
5957	  1,1912000000e+04	 -1,73906e-01	 -1,66458e-01
5958	  1,1914000000e+04	 -1,76559e-01	 -1,64678e-01
5959	  1,1916000000e+04	 -1,78750e-01	 -1,60252e-01
5960	  1,1918000000e+04	 -1,84567e-01	 -1,57424e-01
5961	  1,1920000000e+04	 -1,90673e-01	 -1,54578e-01
5962	  1,1922000000e+04	 -1,93131e-01	 -1,51776e-01
5963	  1,1924000000e+04	 -1,92307e-01	 -1,49622e-01
5964	  1,1926000000e+04	 -1,96018e-01	 -1,47421e-01
5965	  1,1928000000e+04	 -2,02285e-01	 -1,43232e-01
5966	  1,1930000000e+04	 -2,06037e-01	 -1,38330e-01
5967	  1,1932000000e+04	 -2,07965e-01	 -1,36113e-01
5968	  1,1934000000e+04	 -2,09441e-01	 -1,32841e-01
5969	  1,1936000000e+04	 -2,11757e-01	 -1,29778e-01
5970	  1,1938000000e+04	 -2,13359e-01	 -1,26921e-01
5971	  1,1940000000e+04	 -2,16759e-01	 -1,22094e-01
5972	  1,1942000000e+04	 -2,20207e-01	 -1,14382e-01
5973	  1,1944000000e+04	 -2,24397e-01	 -1,10996e-01
5974	  1,1946000000e+04	 -2,23462e-01	 -1,12284e-01
5975	  1,1948000000e+04	 -2,23887e-01	 -1,09387e-01
5976	  1,1950000000e+04	 -2,26546e-01	 -1,05600e-01
5977	  1,1952000000e+04	 -2,28588e-01	 -1,00963e-01
5978	  1,1954000000e+04	 -2,30104e-01	 -9,68198e-02
5979	  1,1956000000e+04	 -2,30695e-01	 -9,18860e-02
5980	  1,1958000000e+04	 -2,33758e-01	 -8,58376e-02
5981	  1,1960000000e+04	 -2,33411e-01	 -8,17727e-02
5982	  1,1962000000e+04	 -2,35272e-01	 -8,17120e-02
5983	  1,1964000000e+04	 -2,38349e-01	 -7,94420e-02
5984	  1,1966000000e+04	 -2,37255e-01	 -7,38412e-02
5985	  1,1968000000e+04	 -2,39152e-01	 -6,84187e-02
5986	  1,1970000000e+04	 -2,40084e-01	 -6,32759e-02
5987	  1,1972000000e+04	 -2,42448e-01	 -5,94596e-02
5988	  1,1974000000e+04	 -2,45682e-01	 -5,48371e-02
5989	  1,1976000000e+04	 -2,45076e-01	 -5,34364e-02
5990	  1,1978000000e+04	 -2,46155e-01	 -5,15635e-02
5991	  1,1980000000e+04	 -2,48476e-01	 -4,88121e-02
5992	  1,1982000000e+04	 -2,49112e-01	 -4,37448e-02
5993	  1,1984000000e+04	 -2,50228e-01	 -3,89939e-02
5994	  1,1986000000e+04	 -2,50802e-01	 -3,65022e-02
5995	  1,1988000000e+04	 -2,55093e-01	 -3,15960e-02
5996	  1,1990000000e+04	 -2,56842e-01	 -2,82572e-02
5997	  1,1992000000e+04	 -2,56371e-01	 -2,11486e-02
5998	  1,1994000000e+04	 -2,59458e-01	 -1,66133e-02
5999	  1,1996000000e+04	 -2,59580e-01	 -1,53398e-02
6000	  1,1998000000e+04	 -2,57989e-01	 -9,68073e-03
6001	  1,2000000000e+04	 -2,60418e-01	 -2,40481e-03
6002	  1,2002000000e+04	 -2,64580e-01	 -9,27345e-04
6003	  1,2004000000e+04	 -2,61809e-01	  3,11222e-03
6004	  1,2006000000e+04	 -2,59776e-01	  8,36141e-03
6005	  1,2008000000e+04	 -2,63708e-01	  1,17249e-02
6006	  1,2010000000e+04	 -2,63048e-01	  1,76506e-02
6007	  1,2012000000e+04	 -2,64459e-01	  2,47929e-02
6008	  1,2014000000e+04	 -2,66748e-01	  2,74518e-02
6009	  1,2016000000e+04	 -2,64272e-01	  3,29111e-02
6010	  1,2018000000e+04	 -2,65066e-01	  3,72806e-02
6011	  1,2020000000e+04	 -2,64874e-01	  4,08425e-02
6012	  1,2022000000e+04	 -2,64592e-01	  4,46805e-02
6013	  1,2024000000e+04	 -2,64608e-01	  4,86687e-02
6014	  1,2026000000e+04	 -2,63053e-01	  5,33818e-02
6015	  1,2028000000e+04	 -2,62345e-01	  5,65653e-02
6016	  1,2030000000e+04	 -2,64009e-01	  6,23506e-02
6017	  1,2032000000e+04	 -2,62792e-01	  7,03190e-02
6018	  1,2034000000e+04	 -2,60063e-01	  7,35900e-02
6019	  1,2036000000e+04	 -2,58925e-01	  7,84379e-02
6020	  1,2038000000e+04	 -2,59863e-01	  8,37670e-02
6021	  1,2040000000e+04	 -2,58919e-01	  9,04608e-02
6022	  1,2042000000e+04	 -2,58402e-01	  9,52986e-02
6023	  1,2044000000e+04	 -2,58289e-01	  1,01405e-01
6024	  1,2046000000e+04	 -2,55750e-01	  1,07101e-01
6025	  1,2048000000e+04	 -2,53185e-01	  1,13492e-01
6026	  1,2050000000e+04	 -2,52791e-01	  1,17817e-01
6027	  1,2052000000e+04	 -2,51145e-01	  1,22435e-01
6028	  1,2054000000e+04	 -2,47784e-01	  1,28364e-01
6029	  1,2056000000e+04	 -2,43414e-01	  1,33206e-01
6030	  1,2058000000e+04	 -2,40899e-01	  1,35975e-01
6031	  1,2060000000e+04	 -2,38384e-01	  1,45330e-01
6032	  1,2062000000e+04	 -2,34563e-01	  1,48897e-01
6033	  1,2064000000e+04	 -2,31477e-01	  1,50568e-01
6034	  1,2066000000e+04	 -2,32312e-01	  1,53121e-01
6035	  1,2068000000e+04	 -2,27212e-01	  1,58277e-01
6036	  1,2070000000e+04	 -2,24067e-01	  1,59737e-01
6037	  1,2072000000e+04	 -2,17092e-01	  1,63771e-01
6038	  1,2074000000e+04	 -2,13840e-01	  1,68777e-01
6039	  1,2076000000e+04	 -2,15517e-01	  1,73389e-01
6040	  1,2078000000e+04	 -2,12425e-01	  1,75693e-01
6041	  1,2080000000e+04	 -2,09332e-01	  1,80487e-01
6042	  1,2082000000e+04	 -2,07687e-01	  1,84677e-01
6043	  1,2084000000e+04	 -2,03901e-01	  1,88071e-01
6044	  1,2086000000e+04	 -1,98965e-01	  1,91177e-01
6045	  1,2088000000e+04	 -1,97924e-01	  1,93135e-01
6046	  1,2090000000e+04	 -1,92205e-01	  1,93404e-01
6047	  1,2092000000e+04	 -1,87285e-01	  1,99855e-01
6048	  1,2094000000e+04	 -1,87865e-01	  2,06427e-01
6049	  1,2096000000e+04	 -1,84028e-01	  2,07374e-01
6050	  1,2098000000e+04	 -1,82340e-01	  2,12433e-01
6051	  1,2100000000e+04	 -1,79159e-01	  2,15985e-01
6052	  1,2102000000e+04	 -1,75478e-01	  2,20015e-01
6053	  1,2104000000e+04	 -1,72181e-01	  2,22407e-01
6054	  1,2106000000e+04	 -1,69388e-01	  2,25155e-01
6055	  1,2108000000e+04	 -1,64743e-01	  2,28838e-01
6056	  1,2110000000e+04	 -1,61780e-01	  2,33345e-01
6057	  1,2112000000e+04	 -1,57966e-01	  2,37248e-01
6058	  1,2114000000e+04	 -1,51831e-01	  2,42731e-01
6059	  1,2116000000e+04	 -1,47064e-01	  2,46323e-01
6060	  1,2118000000e+04	 -1,43088e-01	  2,48932e-01
6061	  1,2120000000e+04	 -1,40046e-01	  2,52820e-01
6062	  1,2122000000e+04	 -1,34177e-01	  2,58122e-01
6063	  1,2124000000e+04	 -1,27962e-01	  2,60555e-01
6064	  1,2126000000e+04	 -1,22908e-01	  2,62938e-01
6065	  1,2128000000e+04	 -1,16462e-01	  2,65343e-01
6066	  1,2130000000e+04	 -1,12142e-01	  2,68525e-01
6067	  1,2132000000e+04	 -1,06140e-01	  2,69985e-01
6068	  1,2134000000e+04	 -1,00576e-01	  2,71229e-01
6069	  1,2136000000e+04	 -9,64663e-02	  2,73556e-01
6070	  1,2138000000e+04	 -8,90561e-02	  2,74501e-01
6071	  1,2140000000e+04	 -8,28956e-02	  2,77607e-01
6072	  1,2142000000e+04	 -7,88668e-02	  2,77046e-01
6073	  1,2144000000e+04	 -7,20635e-02	  2,78982e-01
6074	  1,2146000000e+04	 -6,50707e-02	  2,81114e-01
6075	  1,2148000000e+04	 -5,94107e-02	  2,79453e-01
6076	  1,2150000000e+04	 -5,69542e-02	  2,78554e-01
6077	  1,2152000000e+04	 -5,14395e-02	  2,81915e-01
6078	  1,2154000000e+04	 -4,54696e-02	  2,82214e-01
6079	  1,2156000000e+04	 -4,08646e-02	  2,81009e-01
6080	  1,2158000000e+04	 -3,74918e-02	  2,79977e-01
6081	  1,2160000000e+04	 -3,23294e-02	  2,82834e-01
6082	  1,2162000000e+04	 -2,60732e-02	  2,83689e-01
6083	  1,2164000000e+04	 -1,99021e-02	  2,82848e-01
6084	  1,2166000000e+04	 -1,76318e-02	  2,83035e-01
6085	  1,2168000000e+04	 -1,16247e-02	  2,86162e-01
6086	  1,2170000000e+04	 -5,85896e-03	  2,83703e-01
6087	  1,2172000000e+04	 -1,81047e-03	  2,82978e-01
6088	  1,2174000000e+04	  3,77532e-03	  2,85825e-01
6089	  1,2176000000e+04	  9,10637e-03	  2,85387e-01
6090	  1,2178000000e+04	  1,42061e-02	  2,85989e-01
6091	  1,2180000000e+04	  1,99258e-02	  2,84439e-01
6092	  1,2182000000e+04	  2,55980e-02	  2,82696e-01
6093	  1,2184000000e+04	  2,99871e-02	  2,82931e-01
6094	  1,2186000000e+04	  3,44547e-02	  2,82142e-01
6095	  1,2188000000e+04	  3,80645e-02	  2,81818e-01
6096	  1,2190000000e+04	  4,52156e-02	  2,79601e-01
6097	  1,2192000000e+04	  5,41852e-02	  2,79233e-01
6098	  1,2194000000e+04	  5,92989e-02	  2,80024e-01
6099	  1,2196000000e+04	  6,53982e-02	  2,77195e-01
6100	  1,2198000000e+04	  7,06509e-02	  2,73841e-01
6101	  1,2200000000e+04	  7,65784e-02	  2,71943e-01
6102	  1,2202000000e+04	  7,95641e-02	  2,70979e-01
6103	  1,2204000000e+04	  8,50781e-02	  2,68786e-01
6104	  1,2206000000e+04	  8,92484e-02	  2,66224e-01
6105	  1,2208000000e+04	  9,16881e-02	  2,65584e-01
6106	  1,2210000000e+04	  9,69879e-02	  2,63919e-01
6107	  1,2212000000e+04	  1,03147e-01	  2,62049e-01
6108	  1,2214000000e+04	  1,06317e-01	  2,56118e-01
6109	  1,2216000000e+04	  1,10634e-01	  2,52233e-01
6110	  1,2218000000e+04	  1,17924e-01	  2,51009e-01
6111	  1,2220000000e+04	  1,22422e-01	  2,51838e-01
6112	  1,2222000000e+04	  1,26874e-01	  2,49889e-01
6113	  1,2224000000e+04	  1,28617e-01	  2,46291e-01
6114	  1,2226000000e+04	  1,30767e-01	  2,41065e-01
6115	  1,2228000000e+04	  1,35269e-01	  2,38421e-01
6116	  1,2230000000e+04	  1,40630e-01	  2,38021e-01
6117	  1,2232000000e+04	  1,44129e-01	  2,34512e-01
6118	  1,2234000000e+04	  1,48361e-01	  2,31634e-01
6119	  1,2236000000e+04	  1,52178e-01	  2,29491e-01
6120	  1,2238000000e+04	  1,58220e-01	  2,25519e-01
6121	  1,2240000000e+04	  1,61013e-01	  2,24663e-01
6122	  1,2242000000e+04	  1,62508e-01	  2,21734e-01
6123	  1,2244000000e+04	  1,65776e-01	  2,17227e-01
6124	  1,2246000000e+04	  1,69967e-01	  2,14325e-01
6125	  1,2248000000e+04	  1,75828e-01	  2,12972e-01
6126	  1,2250000000e+04	  1,78531e-01	  2,09075e-01
6127	  1,2252000000e+04	  1,83441e-01	  2,05519e-01
6128	  1,2254000000e+04	  1,87322e-01	  2,00709e-01
6129	  1,2256000000e+04	  1,86469e-01	  1,97138e-01
6130	  1,2258000000e+04	  1,91396e-01	  1,93281e-01
6131	  1,2260000000e+04	  1,94440e-01	  1,90047e-01
6132	  1,2262000000e+04	  1,98199e-01	  1,87679e-01
6133	  1,2264000000e+04	  2,03538e-01	  1,84119e-01
6134	  1,2266000000e+04	  2,04410e-01	  1,76948e-01
6135	  1,2268000000e+04	  2,06794e-01	  1,69981e-01
6136	  1,2270000000e+04	  2,09784e-01	  1,66872e-01
6137	  1,2272000000e+04	  2,09949e-01	  1,65028e-01
6138	  1,2274000000e+04	  2,12184e-01	  1,60831e-01
6139	  1,2276000000e+04	  2,16615e-01	  1,57578e-01
6140	  1,2278000000e+04	  2,17795e-01	  1,52525e-01
6141	  1,2280000000e+04	  2,17738e-01	  1,49502e-01
6142	  1,2282000000e+04	  2,18311e-01	  1,43029e-01
6143	  1,2284000000e+04	  2,22939e-01	  1,40273e-01
6144	  1,2286000000e+04	  2,23416e-01	  1,38374e-01
6145	  1,2288000000e+04	  2,23829e-01	  1,33580e-01
6146	  1,2290000000e+04	  2,29231e-01	  1,27110e-01
6147	  1,2292000000e+04	  2,29534e-01	  1,28448e-01
6148	  1,2294000000e+04	  2,31444e-01	  1,27856e-01
6149	  1,2296000000e+04	  2,33668e-01	  1,23669e-01
6150	  1,2298000000e+04	  2,35038e-01	  1,17698e-01
6151	  1,2300000000e+04	  2,34776e-01	  1,14903e-01
6152	  1,2302000000e+04	  2,37189e-01	  1,11167e-01
6153	  1,2304000000e+04	  2,41060e-01	  1,07429e-01
6154	  1,2306000000e+04	  2,45331e-01	  1,04499e-01
6155	  1,2308000000e+04	  2,44439e-01	  1,02135e-01
6156	  1,2310000000e+04	  2,42899e-01	  9,73370e-02
6157	  1,2312000000e+04	  2,48409e-01	  9,16560e-02
6158	  1,2314000000e+04	  2,51986e-01	  8,35153e-02
6159	  1,2316000000e+04	  2,51086e-01	  8,29241e-02
6160	  1,2318000000e+04	  2,50194e-01	  7,74854e-02
6161	  1,2320000000e+04	  2,49668e-01	  7,18879e-02
6162	  1,2322000000e+04	  2,53978e-01	  6,58642e-02
6163	  1,2324000000e+04	  2,55642e-01	  6,11864e-02
6164	  1,2326000000e+04	  2,53354e-01	  5,59759e-02
6165	  1,2328000000e+04	  2,55959e-01	  5,33286e-02
6166	  1,2330000000e+04	  2,57816e-01	  4,83200e-02
6167	  1,2332000000e+04	  2,59684e-01	  4,18637e-02
6168	  1,2334000000e+04	  2,61513e-01	  3,75886e-02
6169	  1,2336000000e+04	  2,59171e-01	  3,58923e-02
6170	  1,2338000000e+04	  2,59413e-01	  3,35735e-02
6171	  1,2340000000e+04	  2,60107e-01	  2,71018e-02
6172	  1,2342000000e+04	  2,59477e-01	  2,31750e-02
6173	  1,2344000000e+04	  2,57828e-01	  1,74459e-02
6174	  1,2346000000e+04	  2,57665e-01	  1,01670e-02
6175	  1,2348000000e+04	  2,61534e-01	  7,62044e-03
6176	  1,2350000000e+04	  2,61280e-01	  4,29636e-03
6177	  1,2352000000e+04	  2,58457e-01	 -6,84754e-04
6178	  1,2354000000e+04	  2,57887e-01	 -3,07661e-03
6179	  1,2356000000e+04	  2,57703e-01	 -6,03337e-03
6180	  1,2358000000e+04	  2,56560e-01	 -1,40154e-02
6181	  1,2360000000e+04	  2,56931e-01	 -1,71531e-02
6182	  1,2362000000e+04	  2,55392e-01	 -2,06968e-02
6183	  1,2364000000e+04	  2,52507e-01	 -2,32388e-02
6184	  1,2366000000e+04	  2,54336e-01	 -2,64817e-02
6185	  1,2368000000e+04	  2,54027e-01	 -3,22534e-02
6186	  1,2370000000e+04	  2,57216e-01	 -3,81604e-02
6187	  1,2372000000e+04	  2,57252e-01	 -3,95395e-02
6188	  1,2374000000e+04	  2,54822e-01	 -4,33070e-02
6189	  1,2376000000e+04	  2,53306e-01	 -4,66919e-02
6190	  1,2378000000e+04	  2,53289e-01	 -5,05516e-02
6191	  1,2380000000e+04	  2,49143e-01	 -5,32286e-02
6192	  1,2382000000e+04	  2,48958e-01	 -5,73111e-02
6193	  1,2384000000e+04	  2,50543e-01	 -6,44708e-02
6194	  1,2386000000e+04	  2,48160e-01	 -6,90973e-02
6195	  1,2388000000e+04	  2,48131e-01	 -7,29980e-02
6196	  1,2390000000e+04	  2,48760e-01	 -7,72847e-02
6197	  1,2392000000e+04	  2,47662e-01	 -8,14370e-02
6198	  1,2394000000e+04	  2,45832e-01	 -8,42332e-02
6199	  1,2396000000e+04	  2,43923e-01	 -9,09788e-02
6200	  1,2398000000e+04	  2,44479e-01	 -9,47387e-02
6201	  1,2400000000e+04	  2,41796e-01	 -9,69147e-02
6202	  1,2402000000e+04	  2,40861e-01	 -1,05217e-01
6203	  1,2404000000e+04	  2,37642e-01	 -1,08375e-01
6204	  1,2406000000e+04	  2,33876e-01	 -1,14236e-01
6205	  1,2408000000e+04	  2,31486e-01	 -1,20715e-01
6206	  1,2410000000e+04	  2,31248e-01	 -1,23738e-01
6207	  1,2412000000e+04	  2,27444e-01	 -1,25160e-01
6208	  1,2414000000e+04	  2,27265e-01	 -1,29569e-01
6209	  1,2416000000e+04	  2,24177e-01	 -1,34642e-01
6210	  1,2418000000e+04	  2,19417e-01	 -1,38935e-01
6211	  1,2420000000e+04	  2,16457e-01	 -1,40143e-01
6212	  1,2422000000e+04	  2,12693e-01	 -1,44051e-01
6213	  1,2424000000e+04	  2,10766e-01	 -1,48891e-01
6214	  1,2426000000e+04	  2,07338e-01	 -1,49619e-01
6215	  1,2428000000e+04	  2,04534e-01	 -1,51627e-01
6216	  1,2430000000e+04	  2,02214e-01	 -1,54512e-01
6217	  1,2432000000e+04	  2,00785e-01	 -1,58731e-01
6218	  1,2434000000e+04	  1,96252e-01	 -1,60575e-01
6219	  1,2436000000e+04	  1,90807e-01	 -1,63750e-01
6220	  1,2438000000e+04	  1,89464e-01	 -1,67823e-01
6221	  1,2440000000e+04	  1,88519e-01	 -1,70764e-01
6222	  1,2442000000e+04	  1,84481e-01	 -1,73830e-01
6223	  1,2444000000e+04	  1,80434e-01	 -1,76797e-01
6224	  1,2446000000e+04	  1,79673e-01	 -1,80296e-01
6225	  1,2448000000e+04	  1,76625e-01	 -1,84902e-01
6226	  1,2450000000e+04	  1,73826e-01	 -1,87264e-01
6227	  1,2452000000e+04	  1,69360e-01	 -1,89212e-01
6228	  1,2454000000e+04	  1,67932e-01	 -1,91887e-01
6229	  1,2456000000e+04	  1,65827e-01	 -1,96910e-01
6230	  1,2458000000e+04	  1,62353e-01	 -2,00506e-01
6231	  1,2460000000e+04	  1,61537e-01	 -2,01116e-01
6232	  1,2462000000e+04	  1,56818e-01	 -2,05615e-01
6233	  1,2464000000e+04	  1,51571e-01	 -2,06541e-01
6234	  1,2466000000e+04	  1,48413e-01	 -2,11188e-01
6235	  1,2468000000e+04	  1,45108e-01	 -2,12346e-01
6236	  1,2470000000e+04	  1,40989e-01	 -2,13960e-01
6237	  1,2472000000e+04	  1,37347e-01	 -2,18352e-01
6238	  1,2474000000e+04	  1,32733e-01	 -2,19516e-01
6239	  1,2476000000e+04	  1,31061e-01	 -2,20548e-01
6240	  1,2478000000e+04	  1,27756e-01	 -2,23997e-01
6241	  1,2480000000e+04	  1,22244e-01	 -2,24906e-01
6242	  1,2482000000e+04	  1,14387e-01	 -2,28472e-01
6243	  1,2484000000e+04	  1,08759e-01	 -2,34225e-01
6244	  1,2486000000e+04	  1,05778e-01	 -2,33760e-01
6245	  1,2488000000e+04	  1,03144e-01	 -2,35773e-01
6246	  1,2490000000e+04	  9,84048e-02	 -2,40312e-01
6247	  1,2492000000e+04	  9,24742e-02	 -2,42771e-01
6248	  1,2494000000e+04	  9,08281e-02	 -2,44775e-01
6249	  1,2496000000e+04	  8,64507e-02	 -2,44816e-01
6250	  1,2498000000e+04	  8,19057e-02	 -2,44255e-01
6251	  1,2500000000e+04	  7,64163e-02	 -2,46623e-01
6252	  1,2502000000e+04	  7,10677e-02	 -2,48198e-01
6253	  1,2504000000e+04	  6,58905e-02	 -2,48237e-01
6254	  1,2506000000e+04	  6,06927e-02	 -2,48530e-01
6255	  1,2508000000e+04	  5,83859e-02	 -2,50361e-01
6256	  1,2510000000e+04	  5,50833e-02	 -2,50229e-01
6257	  1,2512000000e+04	  4,90367e-02	 -2,50443e-01
6258	  1,2514000000e+04	  4,36198e-02	 -2,51588e-01
6259	  1,2516000000e+04	  3,78155e-02	 -2,49793e-01
6260	  1,2518000000e+04	  3,34275e-02	 -2,49669e-01
6261	  1,2520000000e+04	  2,72644e-02	 -2,49970e-01
6262	  1,2522000000e+04	  2,06446e-02	 -2,49456e-01
6263	  1,2524000000e+04	  1,68526e-02	 -2,47175e-01
6264	  1,2526000000e+04	  1,34682e-02	 -2,47462e-01
6265	  1,2528000000e+04	  1,10292e-02	 -2,45052e-01
6266	  1,2530000000e+04	  6,84117e-03	 -2,44841e-01
6267	  1,2532000000e+04	  9,55739e-04	 -2,46875e-01
6268	  1,2534000000e+04	 -3,64527e-03	 -2,48850e-01
6269	  1,2536000000e+04	 -5,93605e-03	 -2,48909e-01
6270	  1,2538000000e+04	 -9,91922e-03	 -2,47230e-01
6271	  1,2540000000e+04	 -1,34258e-02	 -2,46816e-01
6272	  1,2542000000e+04	 -1,67184e-02	 -2,44077e-01
6273	  1,2544000000e+04	 -2,10911e-02	 -2,42876e-01
6274	  1,2546000000e+04	 -2,73401e-02	 -2,43340e-01
6275	  1,2548000000e+04	 -3,09559e-02	 -2,41478e-01
6276	  1,2550000000e+04	 -3,46426e-02	 -2,38098e-01
6277	  1,2552000000e+04	 -3,97334e-02	 -2,39000e-01
6278	  1,2554000000e+04	 -4,15421e-02	 -2,38755e-01
6279	  1,2556000000e+04	 -4,02084e-02	 -2,39092e-01
6280	  1,2558000000e+04	 -4,41183e-02	 -2,37023e-01
6281	  1,2560000000e+04	 -4,79783e-02	 -2,36576e-01
6282	  1,2562000000e+04	 -5,01312e-02	 -2,37218e-01
6283	  1,2564000000e+04	 -5,61870e-02	 -2,34529e-01
6284	  1,2566000000e+04	 -6,33861e-02	 -2,35718e-01
6285	  1,2568000000e+04	 -6,52757e-02	 -2,33447e-01
6286	  1,2570000000e+04	 -6,88692e-02	 -2,28111e-01
6287	  1,2572000000e+04	 -7,30451e-02	 -2,30578e-01
6288	  1,2574000000e+04	 -7,81471e-02	 -2,30983e-01
6289	  1,2576000000e+04	 -8,20354e-02	 -2,30712e-01
6290	  1,2578000000e+04	 -8,65500e-02	 -2,29608e-01
6291	  1,2580000000e+04	 -9,14047e-02	 -2,26025e-01
6292	  1,2582000000e+04	 -9,33781e-02	 -2,22494e-01
6293	  1,2584000000e+04	 -9,58501e-02	 -2,21485e-01
6294	  1,2586000000e+04	 -9,85444e-02	 -2,19242e-01
6295	  1,2588000000e+04	 -1,05366e-01	 -2,18970e-01
6296	  1,2590000000e+04	 -1,10927e-01	 -2,14956e-01
6297	  1,2592000000e+04	 -1,12733e-01	 -2,17824e-01
6298	  1,2594000000e+04	 -1,15720e-01	 -2,14623e-01
6299	  1,2596000000e+04	 -1,20756e-01	 -2,10435e-01
6300	  1,2598000000e+04	 -1,25023e-01	 -2,07808e-01
6301	  1,2600000000e+04	 -1,28081e-01	 -2,03614e-01
6302	  1,2602000000e+04	 -1,31605e-01	 -1,98547e-01
6303	  1,2604000000e+04	 -1,34806e-01	 -1,96271e-01
6304	  1,2606000000e+04	 -1,38439e-01	 -1,92183e-01
6305	  1,2608000000e+04	 -1,42662e-01	 -1,89504e-01
6306	  1,2610000000e+04	 -1,44866e-01	 -1,87088e-01
6307	  1,2612000000e+04	 -1,46505e-01	 -1,83137e-01
6308	  1,2614000000e+04	 -1,50183e-01	 -1,81251e-01
6309	  1,2616000000e+04	 -1,52410e-01	 -1,78793e-01
6310	  1,2618000000e+04	 -1,53489e-01	 -1,75783e-01
6311	  1,2620000000e+04	 -1,54716e-01	 -1,70408e-01
6312	  1,2622000000e+04	 -1,55359e-01	 -1,68237e-01
6313	  1,2624000000e+04	 -1,55864e-01	 -1,66112e-01
6314	  1,2626000000e+04	 -1,58775e-01	 -1,64980e-01
6315	  1,2628000000e+04	 -1,61850e-01	 -1,61867e-01
6316	  1,2630000000e+04	 -1,63648e-01	 -1,57614e-01
6317	  1,2632000000e+04	 -1,66918e-01	 -1,56032e-01
6318	  1,2634000000e+04	 -1,69375e-01	 -1,52043e-01
6319	  1,2636000000e+04	 -1,69336e-01	 -1,50237e-01
6320	  1,2638000000e+04	 -1,71449e-01	 -1,49887e-01
6321	  1,2640000000e+04	 -1,74129e-01	 -1,47204e-01
6322	  1,2642000000e+04	 -1,76755e-01	 -1,45249e-01
6323	  1,2644000000e+04	 -1,77720e-01	 -1,42337e-01
6324	  1,2646000000e+04	 -1,80347e-01	 -1,37757e-01
6325	  1,2648000000e+04	 -1,83810e-01	 -1,35272e-01
6326	  1,2650000000e+04	 -1,86169e-01	 -1,34802e-01
6327	  1,2652000000e+04	 -1,87850e-01	 -1,30992e-01
6328	  1,2654000000e+04	 -1,91173e-01	 -1,29572e-01
6329	  1,2656000000e+04	 -1,92105e-01	 -1,27774e-01
6330	  1,2658000000e+04	 -1,93781e-01	 -1,21735e-01
6331	  1,2660000000e+04	 -1,96557e-01	 -1,18425e-01
6332	  1,2662000000e+04	 -1,99093e-01	 -1,14981e-01
6333	  1,2664000000e+04	 -2,02417e-01	 -1,09805e-01
6334	  1,2666000000e+04	 -2,03538e-01	 -1,08623e-01
6335	  1,2668000000e+04	 -2,03013e-01	 -1,06468e-01
6336	  1,2670000000e+04	 -2,07117e-01	 -1,03927e-01
6337	  1,2672000000e+04	 -2,06982e-01	 -9,59361e-02
6338	  1,2674000000e+04	 -2,07566e-01	 -9,31256e-02
6339	  1,2676000000e+04	 -2,12883e-01	 -9,02989e-02
6340	  1,2678000000e+04	 -2,11106e-01	 -8,41016e-02
6341	  1,2680000000e+04	 -2,13872e-01	 -8,10566e-02
6342	  1,2682000000e+04	 -2,15521e-01	 -7,67017e-02
6343	  1,2684000000e+04	 -2,14756e-01	 -7,27881e-02
6344	  1,2686000000e+04	 -2,19759e-01	 -7,05972e-02
6345	  1,2688000000e+04	 -2,19972e-01	 -6,67316e-02
6346	  1,2690000000e+04	 -2,21052e-01	 -6,23618e-02
6347	  1,2692000000e+04	 -2,20873e-01	 -6,01185e-02
6348	  1,2694000000e+04	 -2,22407e-01	 -5,73079e-02
6349	  1,2696000000e+04	 -2,23453e-01	 -5,14980e-02
6350	  1,2698000000e+04	 -2,21038e-01	 -4,84279e-02
6351	  1,2700000000e+04	 -2,23726e-01	 -4,58278e-02
6352	  1,2702000000e+04	 -2,25545e-01	 -4,15472e-02
6353	  1,2704000000e+04	 -2,26483e-01	 -3,81924e-02
6354	  1,2706000000e+04	 -2,25081e-01	 -3,44517e-02
6355	  1,2708000000e+04	 -2,23738e-01	 -2,88424e-02
6356	  1,2710000000e+04	 -2,26076e-01	 -2,31846e-02
6357	  1,2712000000e+04	 -2,28323e-01	 -1,82265e-02
6358	  1,2714000000e+04	 -2,25335e-01	 -1,51081e-02
6359	  1,2716000000e+04	 -2,24260e-01	 -9,63828e-03
6360	  1,2718000000e+04	 -2,26640e-01	 -5,53331e-03
6361	  1,2720000000e+04	 -2,24149e-01	 -1,83048e-03
6362	  1,2722000000e+04	 -2,24940e-01	  1,03382e-03
6363	  1,2724000000e+04	 -2,27794e-01	  3,96527e-04
6364	  1,2726000000e+04	 -2,25678e-01	  2,71852e-03
6365	  1,2728000000e+04	 -2,22426e-01	  9,35017e-03
6366	  1,2730000000e+04	 -2,23279e-01	  1,55149e-02
6367	  1,2732000000e+04	 -2,21530e-01	  2,16245e-02
6368	  1,2734000000e+04	 -2,18301e-01	  2,49709e-02
6369	  1,2736000000e+04	 -2,16358e-01	  2,93849e-02
6370	  1,2738000000e+04	 -2,15440e-01	  3,11340e-02
6371	  1,2740000000e+04	 -2,14570e-01	  3,12167e-02
6372	  1,2742000000e+04	 -2,12619e-01	  3,52490e-02
6373	  1,2744000000e+04	 -2,14586e-01	  3,84241e-02
6374	  1,2746000000e+04	 -2,14314e-01	  4,29209e-02
6375	  1,2748000000e+04	 -2,11660e-01	  4,52233e-02
6376	  1,2750000000e+04	 -2,11316e-01	  4,79381e-02
6377	  1,2752000000e+04	 -2,12385e-01	  5,08325e-02
6378	  1,2754000000e+04	 -2,11559e-01	  5,12121e-02
6379	  1,2756000000e+04	 -2,08571e-01	  5,17826e-02
6380	  1,2758000000e+04	 -2,08138e-01	  5,76265e-02
6381	  1,2760000000e+04	 -2,09011e-01	  6,00891e-02
6382	  1,2762000000e+04	 -2,09188e-01	  6,75201e-02
6383	  1,2764000000e+04	 -2,07516e-01	  7,24038e-02
6384	  1,2766000000e+04	 -2,02756e-01	  7,33415e-02
6385	  1,2768000000e+04	 -2,03142e-01	  7,47578e-02
6386	  1,2770000000e+04	 -2,05883e-01	  8,21339e-02
6387	  1,2772000000e+04	 -2,04973e-01	  8,76120e-02
6388	  1,2774000000e+04	 -2,02063e-01	  8,98116e-02
6389	  1,2776000000e+04	 -1,96550e-01	  9,26432e-02
6390	  1,2778000000e+04	 -1,93846e-01	  9,76109e-02
6391	  1,2780000000e+04	 -1,89750e-01	  1,02148e-01
6392	  1,2782000000e+04	 -1,88105e-01	  1,04481e-01
6393	  1,2784000000e+04	 -1,91540e-01	  1,03045e-01
6394	  1,2786000000e+04	 -1,86779e-01	  1,06134e-01
6395	  1,2788000000e+04	 -1,80797e-01	  1,11093e-01
6396	  1,2790000000e+04	 -1,79149e-01	  1,14989e-01
6397	  1,2792000000e+04	 -1,76524e-01	  1,15951e-01
6398	  1,2794000000e+04	 -1,73582e-01	  1,18751e-01
6399	  1,2796000000e+04	 -1,67253e-01	  1,25737e-01
6400	  1,2798000000e+04	 -1,63645e-01	  1,29588e-01
6401	  1,2800000000e+04	 -1,63265e-01	  1,29643e-01
TagsBegin:	 	 	 
OverLoad:	 	False	 
AverageNumber: []	 	  2,00000e+02	 
OverLoadRatio: []	 	  1,19209e-07	 
TagsEnd:	 	 	 
TagScalesBegin:	 	 	 
TagScalesEnd:	 	 	 
