Header Size:	 78	 	 
Pulse Version:	 42	 	 
Decimal Symbol:	,	 	 
Date Format:	dd-MM-yyyy	 	 
Time Format:	HH:mm:ss:mmm	 	 
Data Type:	Complex	 	 
Slice:	False	 	 
Z-Axis type:	Linear	 	 
Z-Axis size:	1	 	 
Z-Axis unit:	 	 	 
Z-Axis first value:	  0,0000000000e+00	 	 
Z-Axis delta:	  1,0000000000e+00	 	 
X-Axis type:	Linear	 	 
X-Axis size:	6401	 	 
X-Axis unit:	Hz	 	 
X-Axis first value:	  0,0000000000e+00	 	 
X-Axis delta:	  2,0000000000e+00	 	 
	 	 	 
AmplitudeUnit:	Pa/V	 	 
Analyzer:	FFT_Spectrum_Averaging	 	 
AnalyzerName:	FFT Analyzer3	 	 
	 	 	 
	 	 	 
Bipolar:	True	 	 
CenterFrequency:	  6,4000000000e+03	 	 
	 	 	 
	 	 	 
	 	 	 
	 	 	 
	 	 	 
	 	 	 
	 	 	 
	 	 	 
Domain:	1	 	 
Function:	Frequency Response	 	 
	 	 	 
InputRange:	  1,0000000000e+01	 	 
	 	 	 
	 	 	 
MultiBufferName:	Input	 	 
NBW:	  1,5000000000e+00	 	 
	 	 	 
OverlapFailed:	False	 	 
Overrun:	False	 	 
Power:	False	 	 
	 	 	 
Ratio:	True	 	 
RecordLength:	  5,0000000000e-01	 	 
ReducedSize:	True	 	 
Ref_Signal:	Signal 1	 	 
	 	 	 
	 	 	 
RefSignalUnit:	V	 	 
	 	 	 
	 	 	 
Signal:	Signal 49	 	 
	 	 	 
SignalUnit:	Pa	 	 
	 	 	 
	 	 	 
	 	 	 
Title:	Frequency Response H1(Signal 49,Signal 1) - Input	 	 
Title1:	Working : Input : Input : FFT Analyzer3	 	 
	 	 	 
	 	 	 
	 	 	 
ZoomOn:	True	 	 
	 	 	 
TemplateName:	Working	 	 
MeasurementName:	Input	 	 
MeasurementSlice:	False	 	 
	 	 	 
	 	 	 
	 	 	 
EnvelopeOn:	False	 	 
	 	 	 
	 	 	 
	 	 	 
Z-index:	 	1	 
Date:	 	14-07-2026	 
Time:	 	19:05:40:147	 
Relative time:	 	  0,00000e+00	 
Z-axis:	 	  0,0000000000e+00	 
1	  0,0000000000e+00	  6,91776e-04	  7,17177e-08
2	  2,0000000000e+00	  5,14954e-03	  1,76913e-03
3	  4,0000000000e+00	  5,04211e-03	  9,42785e-05
4	  6,0000000000e+00	  3,49847e-03	  2,66039e-04
5	  8,0000000000e+00	  1,75292e-03	  3,74705e-04
6	  1,0000000000e+01	  3,97429e-02	 -2,22079e-02
7	  1,2000000000e+01	  2,19983e-02	 -1,39019e-02
8	  1,4000000000e+01	 -1,04700e-02	  3,99544e-03
9	  1,6000000000e+01	 -7,95250e-03	 -1,06656e-02
10	  1,8000000000e+01	  2,91587e-03	 -1,92129e-04
11	  2,0000000000e+01	 -3,69708e-03	 -7,61542e-04
12	  2,2000000000e+01	 -1,27418e-02	 -1,06623e-02
13	  2,4000000000e+01	 -7,84388e-04	 -5,16323e-03
14	  2,6000000000e+01	 -6,34337e-03	 -8,10663e-03
15	  2,8000000000e+01	 -5,94703e-03	 -1,83580e-02
16	  3,0000000000e+01	 -4,57859e-03	 -1,16962e-02
17	  3,2000000000e+01	 -2,41252e-03	 -5,36087e-03
18	  3,4000000000e+01	 -1,16280e-02	 -1,35872e-02
19	  3,6000000000e+01	 -1,89739e-02	 -9,76992e-03
20	  3,8000000000e+01	 -1,00501e-02	 -1,07747e-02
21	  4,0000000000e+01	 -1,80533e-02	 -1,68873e-02
22	  4,2000000000e+01	 -2,28396e-02	 -2,07015e-02
23	  4,4000000000e+01	 -2,92550e-02	 -1,38648e-02
24	  4,6000000000e+01	 -3,64772e-02	  2,90393e-03
25	  4,8000000000e+01	 -3,88594e-02	  3,08290e-03
26	  5,0000000000e+01	 -4,60717e-02	 -6,36849e-03
27	  5,2000000000e+01	 -4,19242e-02	 -5,28196e-03
28	  5,4000000000e+01	 -3,65576e-02	 -5,14435e-03
29	  5,6000000000e+01	 -4,58385e-02	 -4,60290e-03
30	  5,8000000000e+01	 -5,21916e-02	  8,79380e-04
31	  6,0000000000e+01	 -6,88162e-02	  8,18521e-03
32	  6,2000000000e+01	 -6,96928e-02	  7,70640e-03
33	  6,4000000000e+01	 -7,43592e-02	  1,06365e-02
34	  6,6000000000e+01	 -7,71726e-02	  2,83801e-02
35	  6,8000000000e+01	 -8,62304e-02	  3,38516e-02
36	  7,0000000000e+01	 -8,42532e-02	  3,63060e-02
37	  7,2000000000e+01	 -7,91283e-02	  3,93373e-02
38	  7,4000000000e+01	 -8,32417e-02	  4,66784e-02
39	  7,6000000000e+01	 -9,21390e-02	  5,77564e-02
40	  7,8000000000e+01	 -9,38735e-02	  5,97678e-02
41	  8,0000000000e+01	 -9,66553e-02	  6,41469e-02
42	  8,2000000000e+01	 -1,00101e-01	  7,61461e-02
43	  8,4000000000e+01	 -9,96030e-02	  8,96976e-02
44	  8,6000000000e+01	 -9,10987e-02	  1,01931e-01
45	  8,8000000000e+01	 -9,30883e-02	  1,00565e-01
46	  9,0000000000e+01	 -9,79365e-02	  1,07666e-01
47	  9,2000000000e+01	 -9,70030e-02	  1,22893e-01
48	  9,4000000000e+01	 -1,04531e-01	  1,35428e-01
49	  9,6000000000e+01	 -1,04559e-01	  1,48742e-01
50	  9,8000000000e+01	 -9,71751e-02	  1,56630e-01
51	  1,0000000000e+02	 -9,67715e-02	  1,58968e-01
52	  1,0200000000e+02	 -9,53073e-02	  1,59656e-01
53	  1,0400000000e+02	 -8,53844e-02	  1,74829e-01
54	  1,0600000000e+02	 -8,19957e-02	  1,90375e-01
55	  1,0800000000e+02	 -7,58604e-02	  2,01313e-01
56	  1,1000000000e+02	 -7,22466e-02	  2,11805e-01
57	  1,1200000000e+02	 -7,10032e-02	  2,24463e-01
58	  1,1400000000e+02	 -6,27169e-02	  2,39916e-01
59	  1,1600000000e+02	 -5,94865e-02	  2,50656e-01
60	  1,1800000000e+02	 -5,67816e-02	  2,61737e-01
61	  1,2000000000e+02	 -3,74278e-02	  2,71537e-01
62	  1,2200000000e+02	 -2,30668e-02	  2,85801e-01
63	  1,2400000000e+02	 -1,53123e-02	  2,92111e-01
64	  1,2600000000e+02	 -2,69537e-03	  2,96827e-01
65	  1,2800000000e+02	  7,54265e-03	  3,08325e-01
66	  1,3000000000e+02	  2,14054e-02	  3,18870e-01
67	  1,3200000000e+02	  3,96942e-02	  3,28346e-01
68	  1,3400000000e+02	  4,78688e-02	  3,32375e-01
69	  1,3600000000e+02	  6,39646e-02	  3,30679e-01
70	  1,3800000000e+02	  8,09424e-02	  3,38215e-01
71	  1,4000000000e+02	  1,03243e-01	  3,48354e-01
72	  1,4200000000e+02	  1,19479e-01	  3,53707e-01
73	  1,4400000000e+02	  1,39220e-01	  3,56568e-01
74	  1,4600000000e+02	  1,59878e-01	  3,53518e-01
75	  1,4800000000e+02	  1,78198e-01	  3,51303e-01
76	  1,5000000000e+02	  1,94329e-01	  3,46573e-01
77	  1,5200000000e+02	  2,08203e-01	  3,43921e-01
78	  1,5400000000e+02	  2,29347e-01	  3,41549e-01
79	  1,5600000000e+02	  2,46910e-01	  3,34930e-01
80	  1,5800000000e+02	  2,67791e-01	  3,25884e-01
81	  1,6000000000e+02	  2,81567e-01	  3,15531e-01
82	  1,6200000000e+02	  2,97024e-01	  3,03855e-01
83	  1,6400000000e+02	  3,10129e-01	  2,93775e-01
84	  1,6600000000e+02	  3,21393e-01	  2,88262e-01
85	  1,6800000000e+02	  3,31104e-01	  2,81980e-01
86	  1,7000000000e+02	  3,45375e-01	  2,67910e-01
87	  1,7200000000e+02	  3,58294e-01	  2,50545e-01
88	  1,7400000000e+02	  3,67566e-01	  2,35842e-01
89	  1,7600000000e+02	  3,75285e-01	  2,27357e-01
90	  1,7800000000e+02	  3,88793e-01	  2,17596e-01
91	  1,8000000000e+02	  3,91581e-01	  2,06899e-01
92	  1,8200000000e+02	  3,97433e-01	  1,88630e-01
93	  1,8400000000e+02	  4,08498e-01	  1,73531e-01
94	  1,8600000000e+02	  4,13645e-01	  1,66365e-01
95	  1,8800000000e+02	  4,17195e-01	  1,55219e-01
96	  1,9000000000e+02	  4,26034e-01	  1,40704e-01
97	  1,9200000000e+02	  4,31089e-01	  1,29820e-01
98	  1,9400000000e+02	  4,33328e-01	  1,11563e-01
99	  1,9600000000e+02	  4,39605e-01	  1,00396e-01
100	  1,9800000000e+02	  4,41047e-01	  8,39363e-02
101	  2,0000000000e+02	  4,39934e-01	  7,30166e-02
102	  2,0200000000e+02	  4,44956e-01	  6,24168e-02
103	  2,0400000000e+02	  4,43430e-01	  4,55262e-02
104	  2,0600000000e+02	  4,41196e-01	  3,54626e-02
105	  2,0800000000e+02	  4,45142e-01	  2,14799e-02
106	  2,1000000000e+02	  4,44582e-01	  7,07666e-03
107	  2,1200000000e+02	  4,41632e-01	  6,17990e-04
108	  2,1400000000e+02	  4,40592e-01	 -6,89535e-03
109	  2,1600000000e+02	  4,38619e-01	 -1,88790e-02
110	  2,1800000000e+02	  4,35878e-01	 -2,98007e-02
111	  2,2000000000e+02	  4,38144e-01	 -3,90160e-02
112	  2,2200000000e+02	  4,35918e-01	 -4,65111e-02
113	  2,2400000000e+02	  4,34292e-01	 -5,24186e-02
114	  2,2600000000e+02	  4,30076e-01	 -6,45600e-02
115	  2,2800000000e+02	  4,27352e-01	 -7,43204e-02
116	  2,3000000000e+02	  4,28082e-01	 -8,54679e-02
117	  2,3200000000e+02	  4,25686e-01	 -9,68971e-02
118	  2,3400000000e+02	  4,25561e-01	 -1,02465e-01
119	  2,3600000000e+02	  4,25604e-01	 -1,11554e-01
120	  2,3800000000e+02	  4,20271e-01	 -1,19516e-01
121	  2,4000000000e+02	  4,16280e-01	 -1,27203e-01
122	  2,4200000000e+02	  4,14495e-01	 -1,38057e-01
123	  2,4400000000e+02	  4,14784e-01	 -1,48988e-01
124	  2,4600000000e+02	  4,12834e-01	 -1,54056e-01
125	  2,4800000000e+02	  4,04876e-01	 -1,64556e-01
126	  2,5000000000e+02	  3,98454e-01	 -1,72800e-01
127	  2,5200000000e+02	  3,96430e-01	 -1,79039e-01
128	  2,5400000000e+02	  3,92330e-01	 -1,85685e-01
129	  2,5600000000e+02	  3,85565e-01	 -1,91679e-01
130	  2,5800000000e+02	  3,83660e-01	 -1,99344e-01
131	  2,6000000000e+02	  3,75929e-01	 -2,07591e-01
132	  2,6200000000e+02	  3,72786e-01	 -2,17071e-01
133	  2,6400000000e+02	  3,70497e-01	 -2,22338e-01
134	  2,6600000000e+02	  3,64653e-01	 -2,31055e-01
135	  2,6800000000e+02	  3,58072e-01	 -2,36476e-01
136	  2,7000000000e+02	  3,52810e-01	 -2,39903e-01
137	  2,7200000000e+02	  3,49812e-01	 -2,43810e-01
138	  2,7400000000e+02	  3,45437e-01	 -2,50731e-01
139	  2,7600000000e+02	  3,35718e-01	 -2,54962e-01
140	  2,7800000000e+02	  3,31208e-01	 -2,63047e-01
141	  2,8000000000e+02	  3,27623e-01	 -2,70116e-01
142	  2,8200000000e+02	  3,22075e-01	 -2,76220e-01
143	  2,8400000000e+02	  3,14345e-01	 -2,84558e-01
144	  2,8600000000e+02	  3,09299e-01	 -2,89510e-01
145	  2,8800000000e+02	  3,01771e-01	 -2,89554e-01
146	  2,9000000000e+02	  2,94824e-01	 -2,92552e-01
147	  2,9200000000e+02	  2,89086e-01	 -3,00072e-01
148	  2,9400000000e+02	  2,83660e-01	 -3,05328e-01
149	  2,9600000000e+02	  2,78676e-01	 -3,04522e-01
150	  2,9800000000e+02	  2,68739e-01	 -3,03977e-01
151	  3,0000000000e+02	  2,62046e-01	 -3,07593e-01
152	  3,0200000000e+02	  2,56568e-01	 -3,09229e-01
153	  3,0400000000e+02	  2,53788e-01	 -3,11420e-01
154	  3,0600000000e+02	  2,44775e-01	 -3,14941e-01
155	  3,0800000000e+02	  2,41537e-01	 -3,14385e-01
156	  3,1000000000e+02	  2,44080e-01	 -3,18017e-01
157	  3,1200000000e+02	  2,40215e-01	 -3,22763e-01
158	  3,1400000000e+02	  2,31717e-01	 -3,23545e-01
159	  3,1600000000e+02	  2,27084e-01	 -3,23414e-01
160	  3,1800000000e+02	  2,25125e-01	 -3,25832e-01
161	  3,2000000000e+02	  2,20711e-01	 -3,34163e-01
162	  3,2200000000e+02	  2,13196e-01	 -3,35551e-01
163	  3,2400000000e+02	  2,11286e-01	 -3,36165e-01
164	  3,2600000000e+02	  2,07684e-01	 -3,41773e-01
165	  3,2800000000e+02	  2,03574e-01	 -3,43362e-01
166	  3,3000000000e+02	  1,99622e-01	 -3,43751e-01
167	  3,3200000000e+02	  1,93904e-01	 -3,46982e-01
168	  3,3400000000e+02	  1,88581e-01	 -3,51028e-01
169	  3,3600000000e+02	  1,81718e-01	 -3,54356e-01
170	  3,3800000000e+02	  1,74496e-01	 -3,59512e-01
171	  3,4000000000e+02	  1,72442e-01	 -3,60499e-01
172	  3,4200000000e+02	  1,68498e-01	 -3,63094e-01
173	  3,4400000000e+02	  1,65414e-01	 -3,62530e-01
174	  3,4600000000e+02	  1,56413e-01	 -3,63728e-01
175	  3,4800000000e+02	  1,51785e-01	 -3,65276e-01
176	  3,5000000000e+02	  1,48609e-01	 -3,68979e-01
177	  3,5200000000e+02	  1,41390e-01	 -3,69650e-01
178	  3,5400000000e+02	  1,36221e-01	 -3,69117e-01
179	  3,5600000000e+02	  1,30654e-01	 -3,69431e-01
180	  3,5800000000e+02	  1,22751e-01	 -3,72013e-01
181	  3,6000000000e+02	  1,18270e-01	 -3,75227e-01
182	  3,6200000000e+02	  1,13392e-01	 -3,76388e-01
183	  3,6400000000e+02	  1,08898e-01	 -3,77587e-01
184	  3,6600000000e+02	  1,06668e-01	 -3,79200e-01
185	  3,6800000000e+02	  9,97178e-02	 -3,80961e-01
186	  3,7000000000e+02	  9,40663e-02	 -3,86484e-01
187	  3,7200000000e+02	  9,14169e-02	 -3,87352e-01
188	  3,7400000000e+02	  8,92120e-02	 -3,83493e-01
189	  3,7600000000e+02	  8,24930e-02	 -3,85374e-01
190	  3,7800000000e+02	  7,76412e-02	 -3,85327e-01
191	  3,8000000000e+02	  7,18510e-02	 -3,88978e-01
192	  3,8200000000e+02	  6,59441e-02	 -3,88180e-01
193	  3,8400000000e+02	  6,59129e-02	 -3,85945e-01
194	  3,8600000000e+02	  5,93134e-02	 -3,86970e-01
195	  3,8800000000e+02	  5,33354e-02	 -3,89013e-01
196	  3,9000000000e+02	  5,09921e-02	 -3,90413e-01
197	  3,9200000000e+02	  4,34473e-02	 -3,89137e-01
198	  3,9400000000e+02	  3,59437e-02	 -3,90259e-01
199	  3,9600000000e+02	  3,22528e-02	 -3,91850e-01
200	  3,9800000000e+02	  3,05678e-02	 -3,94609e-01
201	  4,0000000000e+02	  2,72367e-02	 -3,95170e-01
202	  4,0200000000e+02	  2,48435e-02	 -3,95192e-01
203	  4,0400000000e+02	  1,81991e-02	 -3,93406e-01
204	  4,0600000000e+02	  1,00103e-02	 -3,93351e-01
205	  4,0800000000e+02	  4,18235e-03	 -3,93913e-01
206	  4,1000000000e+02	  3,43491e-03	 -3,96491e-01
207	  4,1200000000e+02	 -2,00412e-03	 -3,94272e-01
208	  4,1400000000e+02	 -8,18201e-03	 -3,96592e-01
209	  4,1600000000e+02	 -1,43355e-02	 -3,94583e-01
210	  4,1800000000e+02	 -2,18879e-02	 -3,92054e-01
211	  4,2000000000e+02	 -2,70347e-02	 -3,92498e-01
212	  4,2200000000e+02	 -2,95205e-02	 -3,95686e-01
213	  4,2400000000e+02	 -3,63908e-02	 -3,93957e-01
214	  4,2600000000e+02	 -4,26919e-02	 -3,90940e-01
215	  4,2800000000e+02	 -4,88024e-02	 -3,90568e-01
216	  4,3000000000e+02	 -5,44183e-02	 -3,90352e-01
217	  4,3200000000e+02	 -5,91538e-02	 -3,90239e-01
218	  4,3400000000e+02	 -6,23625e-02	 -3,89726e-01
219	  4,3600000000e+02	 -6,58023e-02	 -3,88303e-01
220	  4,3800000000e+02	 -6,93319e-02	 -3,89083e-01
221	  4,4000000000e+02	 -7,45460e-02	 -3,89318e-01
222	  4,4200000000e+02	 -7,90598e-02	 -3,84888e-01
223	  4,4400000000e+02	 -8,65845e-02	 -3,83768e-01
224	  4,4600000000e+02	 -8,95805e-02	 -3,82270e-01
225	  4,4800000000e+02	 -9,39451e-02	 -3,80795e-01
226	  4,5000000000e+02	 -1,00326e-01	 -3,77502e-01
227	  4,5200000000e+02	 -1,05089e-01	 -3,73932e-01
228	  4,5400000000e+02	 -1,07363e-01	 -3,74378e-01
229	  4,5600000000e+02	 -1,10779e-01	 -3,75699e-01
230	  4,5800000000e+02	 -1,19602e-01	 -3,74783e-01
231	  4,6000000000e+02	 -1,23970e-01	 -3,71096e-01
232	  4,6200000000e+02	 -1,26599e-01	 -3,69909e-01
233	  4,6400000000e+02	 -1,29342e-01	 -3,70227e-01
234	  4,6600000000e+02	 -1,31609e-01	 -3,67295e-01
235	  4,6800000000e+02	 -1,34671e-01	 -3,67472e-01
236	  4,7000000000e+02	 -1,42711e-01	 -3,65599e-01
237	  4,7200000000e+02	 -1,50642e-01	 -3,62396e-01
238	  4,7400000000e+02	 -1,53253e-01	 -3,60540e-01
239	  4,7600000000e+02	 -1,54115e-01	 -3,58267e-01
240	  4,7800000000e+02	 -1,59753e-01	 -3,53278e-01
241	  4,8000000000e+02	 -1,64908e-01	 -3,51908e-01
242	  4,8200000000e+02	 -1,68499e-01	 -3,48904e-01
243	  4,8400000000e+02	 -1,71551e-01	 -3,42492e-01
244	  4,8600000000e+02	 -1,75363e-01	 -3,40922e-01
245	  4,8800000000e+02	 -1,80256e-01	 -3,36837e-01
246	  4,9000000000e+02	 -1,81134e-01	 -3,35848e-01
247	  4,9200000000e+02	 -1,78188e-01	 -3,37542e-01
248	  4,9400000000e+02	 -1,80545e-01	 -3,33385e-01
249	  4,9600000000e+02	 -1,85699e-01	 -3,32417e-01
250	  4,9800000000e+02	 -1,89350e-01	 -3,34512e-01
251	  5,0000000000e+02	 -1,93171e-01	 -3,34072e-01
252	  5,0200000000e+02	 -1,97075e-01	 -3,32419e-01
253	  5,0400000000e+02	 -2,03913e-01	 -3,29028e-01
254	  5,0600000000e+02	 -2,07902e-01	 -3,26012e-01
255	  5,0800000000e+02	 -2,11956e-01	 -3,23950e-01
256	  5,1000000000e+02	 -2,18145e-01	 -3,23642e-01
257	  5,1200000000e+02	 -2,17329e-01	 -3,24708e-01
258	  5,1400000000e+02	 -2,21026e-01	 -3,22370e-01
259	  5,1600000000e+02	 -2,31145e-01	 -3,18613e-01
260	  5,1800000000e+02	 -2,35217e-01	 -3,16779e-01
261	  5,2000000000e+02	 -2,39536e-01	 -3,13229e-01
262	  5,2200000000e+02	 -2,46173e-01	 -3,08474e-01
263	  5,2400000000e+02	 -2,48188e-01	 -3,05854e-01
264	  5,2600000000e+02	 -2,50365e-01	 -3,05837e-01
265	  5,2800000000e+02	 -2,54659e-01	 -3,02897e-01
266	  5,3000000000e+02	 -2,60395e-01	 -2,97575e-01
267	  5,3200000000e+02	 -2,63512e-01	 -2,95577e-01
268	  5,3400000000e+02	 -2,66472e-01	 -2,95381e-01
269	  5,3600000000e+02	 -2,70762e-01	 -2,91285e-01
270	  5,3800000000e+02	 -2,77069e-01	 -2,85506e-01
271	  5,4000000000e+02	 -2,79578e-01	 -2,83345e-01
272	  5,4200000000e+02	 -2,81559e-01	 -2,82355e-01
273	  5,4400000000e+02	 -2,86778e-01	 -2,74320e-01
274	  5,4600000000e+02	 -2,90132e-01	 -2,71721e-01
275	  5,4800000000e+02	 -2,93551e-01	 -2,66103e-01
276	  5,5000000000e+02	 -2,97331e-01	 -2,62254e-01
277	  5,5200000000e+02	 -2,98395e-01	 -2,56667e-01
278	  5,5400000000e+02	 -2,99401e-01	 -2,48547e-01
279	  5,5600000000e+02	 -3,00328e-01	 -2,42123e-01
280	  5,5800000000e+02	 -3,01760e-01	 -2,40556e-01
281	  5,6000000000e+02	 -3,02327e-01	 -2,35220e-01
282	  5,6200000000e+02	 -3,06450e-01	 -2,30009e-01
283	  5,6400000000e+02	 -3,09490e-01	 -2,31233e-01
284	  5,6600000000e+02	 -3,10069e-01	 -2,26471e-01
285	  5,6800000000e+02	 -3,10209e-01	 -2,23906e-01
286	  5,7000000000e+02	 -3,13415e-01	 -2,23338e-01
287	  5,7200000000e+02	 -3,15475e-01	 -2,21021e-01
288	  5,7400000000e+02	 -3,14402e-01	 -2,15388e-01
289	  5,7600000000e+02	 -3,16237e-01	 -2,11772e-01
290	  5,7800000000e+02	 -3,21131e-01	 -2,11341e-01
291	  5,8000000000e+02	 -3,24503e-01	 -2,05610e-01
292	  5,8200000000e+02	 -3,27111e-01	 -2,00063e-01
293	  5,8400000000e+02	 -3,31503e-01	 -1,98516e-01
294	  5,8600000000e+02	 -3,31768e-01	 -1,96339e-01
295	  5,8800000000e+02	 -3,35420e-01	 -1,91376e-01
296	  5,9000000000e+02	 -3,34295e-01	 -1,88729e-01
297	  5,9200000000e+02	 -3,37610e-01	 -1,84806e-01
298	  5,9400000000e+02	 -3,40621e-01	 -1,80576e-01
299	  5,9600000000e+02	 -3,41839e-01	 -1,77992e-01
300	  5,9800000000e+02	 -3,43807e-01	 -1,74917e-01
301	  6,0000000000e+02	 -3,43158e-01	 -1,71151e-01
302	  6,0200000000e+02	 -3,46943e-01	 -1,67462e-01
303	  6,0400000000e+02	 -3,50204e-01	 -1,65290e-01
304	  6,0600000000e+02	 -3,52375e-01	 -1,64043e-01
305	  6,0800000000e+02	 -3,52939e-01	 -1,58161e-01
306	  6,1000000000e+02	 -3,54474e-01	 -1,52757e-01
307	  6,1200000000e+02	 -3,59376e-01	 -1,47109e-01
308	  6,1400000000e+02	 -3,61415e-01	 -1,45599e-01
309	  6,1600000000e+02	 -3,61013e-01	 -1,43343e-01
310	  6,1800000000e+02	 -3,63241e-01	 -1,37598e-01
311	  6,2000000000e+02	 -3,66050e-01	 -1,33449e-01
312	  6,2200000000e+02	 -3,69534e-01	 -1,31129e-01
313	  6,2400000000e+02	 -3,68447e-01	 -1,24299e-01
314	  6,2600000000e+02	 -3,66699e-01	 -1,19332e-01
315	  6,2800000000e+02	 -3,68680e-01	 -1,14239e-01
316	  6,3000000000e+02	 -3,71015e-01	 -1,10473e-01
317	  6,3200000000e+02	 -3,70990e-01	 -1,03886e-01
318	  6,3400000000e+02	 -3,74278e-01	 -9,80307e-02
319	  6,3600000000e+02	 -3,73419e-01	 -9,40562e-02
320	  6,3800000000e+02	 -3,73511e-01	 -9,06690e-02
321	  6,4000000000e+02	 -3,75351e-01	 -8,57388e-02
322	  6,4200000000e+02	 -3,72720e-01	 -7,85097e-02
323	  6,4400000000e+02	 -3,74235e-01	 -7,60246e-02
324	  6,4600000000e+02	 -3,72666e-01	 -7,25612e-02
325	  6,4800000000e+02	 -3,70257e-01	 -6,79327e-02
326	  6,5000000000e+02	 -3,67496e-01	 -6,34465e-02
327	  6,5200000000e+02	 -3,64553e-01	 -5,64096e-02
328	  6,5400000000e+02	 -3,61591e-01	 -5,34158e-02
329	  6,5600000000e+02	 -3,58566e-01	 -5,31099e-02
330	  6,5800000000e+02	 -3,58485e-01	 -5,07890e-02
331	  6,6000000000e+02	 -3,55071e-01	 -4,74309e-02
332	  6,6200000000e+02	 -3,53356e-01	 -4,63052e-02
333	  6,6400000000e+02	 -3,50160e-01	 -4,79492e-02
334	  6,6600000000e+02	 -3,50945e-01	 -5,09299e-02
335	  6,6800000000e+02	 -3,49879e-01	 -5,05841e-02
336	  6,7000000000e+02	 -3,49318e-01	 -5,60844e-02
337	  6,7200000000e+02	 -3,50762e-01	 -5,84031e-02
338	  6,7400000000e+02	 -3,57024e-01	 -5,91259e-02
339	  6,7600000000e+02	 -3,62473e-01	 -5,84322e-02
340	  6,7800000000e+02	 -3,70309e-01	 -5,99985e-02
341	  6,8000000000e+02	 -3,79289e-01	 -5,92431e-02
342	  6,8200000000e+02	 -3,87153e-01	 -5,16438e-02
343	  6,8400000000e+02	 -3,91351e-01	 -4,75152e-02
344	  6,8600000000e+02	 -3,95557e-01	 -4,30629e-02
345	  6,8800000000e+02	 -3,97226e-01	 -4,03968e-02
346	  6,9000000000e+02	 -4,02466e-01	 -3,13945e-02
347	  6,9200000000e+02	 -4,04307e-01	 -2,08861e-02
348	  6,9400000000e+02	 -4,06429e-01	 -1,36729e-02
349	  6,9600000000e+02	 -4,05442e-01	 -5,97822e-03
350	  6,9800000000e+02	 -4,06679e-01	  2,84635e-04
351	  7,0000000000e+02	 -4,07657e-01	  2,99085e-03
352	  7,0200000000e+02	 -4,09182e-01	  9,06828e-03
353	  7,0400000000e+02	 -4,10630e-01	  1,42166e-02
354	  7,0600000000e+02	 -4,11298e-01	  2,04033e-02
355	  7,0800000000e+02	 -4,09130e-01	  2,59272e-02
356	  7,1000000000e+02	 -4,07538e-01	  3,16283e-02
357	  7,1200000000e+02	 -4,08951e-01	  3,52239e-02
358	  7,1400000000e+02	 -4,10088e-01	  3,89357e-02
359	  7,1600000000e+02	 -4,09213e-01	  4,57514e-02
360	  7,1800000000e+02	 -4,08249e-01	  5,10365e-02
361	  7,2000000000e+02	 -4,10616e-01	  5,31053e-02
362	  7,2200000000e+02	 -4,12805e-01	  5,98174e-02
363	  7,2400000000e+02	 -4,12678e-01	  6,87185e-02
364	  7,2600000000e+02	 -4,11691e-01	  7,22046e-02
365	  7,2800000000e+02	 -4,11369e-01	  7,84761e-02
366	  7,3000000000e+02	 -4,11657e-01	  8,31948e-02
367	  7,3200000000e+02	 -4,11245e-01	  8,92731e-02
368	  7,3400000000e+02	 -4,10049e-01	  9,76482e-02
369	  7,3600000000e+02	 -4,09088e-01	  1,03153e-01
370	  7,3800000000e+02	 -4,09015e-01	  1,07382e-01
371	  7,4000000000e+02	 -4,06803e-01	  1,12225e-01
372	  7,4200000000e+02	 -4,04671e-01	  1,20489e-01
373	  7,4400000000e+02	 -4,01429e-01	  1,28408e-01
374	  7,4600000000e+02	 -3,98518e-01	  1,35175e-01
375	  7,4800000000e+02	 -3,96530e-01	  1,37944e-01
376	  7,5000000000e+02	 -3,93886e-01	  1,42959e-01
377	  7,5200000000e+02	 -3,89003e-01	  1,47302e-01
378	  7,5400000000e+02	 -3,85099e-01	  1,51036e-01
379	  7,5600000000e+02	 -3,84035e-01	  1,53205e-01
380	  7,5800000000e+02	 -3,80049e-01	  1,60468e-01
381	  7,6000000000e+02	 -3,77037e-01	  1,66246e-01
382	  7,6200000000e+02	 -3,78490e-01	  1,66597e-01
383	  7,6400000000e+02	 -3,73344e-01	  1,68603e-01
384	  7,6600000000e+02	 -3,69736e-01	  1,72666e-01
385	  7,6800000000e+02	 -3,68487e-01	  1,74587e-01
386	  7,7000000000e+02	 -3,69394e-01	  1,81584e-01
387	  7,7200000000e+02	 -3,64827e-01	  1,86639e-01
388	  7,7400000000e+02	 -3,60251e-01	  1,87330e-01
389	  7,7600000000e+02	 -3,59511e-01	  1,90096e-01
390	  7,7800000000e+02	 -3,59348e-01	  1,94290e-01
391	  7,8000000000e+02	 -3,57307e-01	  1,97501e-01
392	  7,8200000000e+02	 -3,54292e-01	  2,02981e-01
393	  7,8400000000e+02	 -3,53003e-01	  2,05698e-01
394	  7,8600000000e+02	 -3,54295e-01	  2,07518e-01
395	  7,8800000000e+02	 -3,52465e-01	  2,11154e-01
396	  7,9000000000e+02	 -3,49962e-01	  2,15411e-01
397	  7,9200000000e+02	 -3,49640e-01	  2,21624e-01
398	  7,9400000000e+02	 -3,46721e-01	  2,25742e-01
399	  7,9600000000e+02	 -3,46989e-01	  2,28630e-01
400	  7,9800000000e+02	 -3,43812e-01	  2,33611e-01
401	  8,0000000000e+02	 -3,39087e-01	  2,35047e-01
402	  8,0200000000e+02	 -3,36243e-01	  2,37066e-01
403	  8,0400000000e+02	 -3,35658e-01	  2,44921e-01
404	  8,0600000000e+02	 -3,32311e-01	  2,51080e-01
405	  8,0800000000e+02	 -3,29444e-01	  2,54720e-01
406	  8,1000000000e+02	 -3,25201e-01	  2,58864e-01
407	  8,1200000000e+02	 -3,23543e-01	  2,63910e-01
408	  8,1400000000e+02	 -3,24238e-01	  2,66933e-01
409	  8,1600000000e+02	 -3,18702e-01	  2,68835e-01
410	  8,1800000000e+02	 -3,16357e-01	  2,72949e-01
411	  8,2000000000e+02	 -3,15360e-01	  2,78229e-01
412	  8,2200000000e+02	 -3,09061e-01	  2,81776e-01
413	  8,2400000000e+02	 -3,04699e-01	  2,84312e-01
414	  8,2600000000e+02	 -3,03064e-01	  2,90271e-01
415	  8,2800000000e+02	 -3,00792e-01	  2,95166e-01
416	  8,3000000000e+02	 -2,95803e-01	  2,98854e-01
417	  8,3200000000e+02	 -2,90170e-01	  3,02104e-01
418	  8,3400000000e+02	 -2,87087e-01	  3,05344e-01
419	  8,3600000000e+02	 -2,80651e-01	  3,10587e-01
420	  8,3800000000e+02	 -2,77079e-01	  3,14704e-01
421	  8,4000000000e+02	 -2,72709e-01	  3,16943e-01
422	  8,4200000000e+02	 -2,64583e-01	  3,16136e-01
423	  8,4400000000e+02	 -2,62574e-01	  3,16651e-01
424	  8,4600000000e+02	 -2,59586e-01	  3,20959e-01
425	  8,4800000000e+02	 -2,56796e-01	  3,24231e-01
426	  8,5000000000e+02	 -2,52129e-01	  3,25649e-01
427	  8,5200000000e+02	 -2,46466e-01	  3,28094e-01
428	  8,5400000000e+02	 -2,43740e-01	  3,26498e-01
429	  8,5600000000e+02	 -2,40679e-01	  3,26634e-01
430	  8,5800000000e+02	 -2,35927e-01	  3,30476e-01
431	  8,6000000000e+02	 -2,31973e-01	  3,33024e-01
432	  8,6200000000e+02	 -2,28671e-01	  3,34308e-01
433	  8,6400000000e+02	 -2,25951e-01	  3,39499e-01
434	  8,6600000000e+02	 -2,21281e-01	  3,43266e-01
435	  8,6800000000e+02	 -2,20226e-01	  3,43255e-01
436	  8,7000000000e+02	 -2,15586e-01	  3,45053e-01
437	  8,7200000000e+02	 -2,09902e-01	  3,44727e-01
438	  8,7400000000e+02	 -2,07965e-01	  3,44921e-01
439	  8,7600000000e+02	 -2,06061e-01	  3,43979e-01
440	  8,7800000000e+02	 -2,03136e-01	  3,44854e-01
441	  8,8000000000e+02	 -1,97004e-01	  3,47119e-01
442	  8,8200000000e+02	 -1,91593e-01	  3,48874e-01
443	  8,8400000000e+02	 -1,89218e-01	  3,51781e-01
444	  8,8600000000e+02	 -1,89005e-01	  3,53999e-01
445	  8,8800000000e+02	 -1,85718e-01	  3,55340e-01
446	  8,9000000000e+02	 -1,86208e-01	  3,56706e-01
447	  8,9200000000e+02	 -1,81877e-01	  3,58709e-01
448	  8,9400000000e+02	 -1,79683e-01	  3,64318e-01
449	  8,9600000000e+02	 -1,76636e-01	  3,66028e-01
450	  8,9800000000e+02	 -1,72391e-01	  3,68166e-01
451	  9,0000000000e+02	 -1,67083e-01	  3,69171e-01
452	  9,0200000000e+02	 -1,65488e-01	  3,72337e-01
453	  9,0400000000e+02	 -1,63503e-01	  3,74773e-01
454	  9,0600000000e+02	 -1,59439e-01	  3,77166e-01
455	  9,0800000000e+02	 -1,53886e-01	  3,78443e-01
456	  9,1000000000e+02	 -1,51790e-01	  3,79624e-01
457	  9,1200000000e+02	 -1,50195e-01	  3,81565e-01
458	  9,1400000000e+02	 -1,47155e-01	  3,83983e-01
459	  9,1600000000e+02	 -1,41980e-01	  3,84254e-01
460	  9,1800000000e+02	 -1,34829e-01	  3,88107e-01
461	  9,2000000000e+02	 -1,32135e-01	  3,92137e-01
462	  9,2200000000e+02	 -1,30798e-01	  3,94656e-01
463	  9,2400000000e+02	 -1,27379e-01	  3,94532e-01
464	  9,2600000000e+02	 -1,22349e-01	  3,95274e-01
465	  9,2800000000e+02	 -1,16743e-01	  4,00568e-01
466	  9,3000000000e+02	 -1,13292e-01	  4,01869e-01
467	  9,3200000000e+02	 -1,11163e-01	  4,03505e-01
468	  9,3400000000e+02	 -1,05679e-01	  4,05820e-01
469	  9,3600000000e+02	 -9,64636e-02	  4,09167e-01
470	  9,3800000000e+02	 -9,06170e-02	  4,08730e-01
471	  9,4000000000e+02	 -8,45895e-02	  4,09105e-01
472	  9,4200000000e+02	 -8,11034e-02	  4,10613e-01
473	  9,4400000000e+02	 -7,68715e-02	  4,09104e-01
474	  9,4600000000e+02	 -7,01626e-02	  4,08745e-01
475	  9,4800000000e+02	 -6,39731e-02	  4,13189e-01
476	  9,5000000000e+02	 -5,61675e-02	  4,11152e-01
477	  9,5200000000e+02	 -5,22837e-02	  4,09918e-01
478	  9,5400000000e+02	 -4,96081e-02	  4,11666e-01
479	  9,5600000000e+02	 -4,19522e-02	  4,11867e-01
480	  9,5800000000e+02	 -3,70585e-02	  4,08226e-01
481	  9,6000000000e+02	 -3,22873e-02	  4,08641e-01
482	  9,6200000000e+02	 -2,81671e-02	  4,05567e-01
483	  9,6400000000e+02	 -2,34600e-02	  4,05535e-01
484	  9,6600000000e+02	 -2,12134e-02	  4,05169e-01
485	  9,6800000000e+02	 -1,78990e-02	  4,06179e-01
486	  9,7000000000e+02	 -1,51048e-02	  4,03669e-01
487	  9,7200000000e+02	 -1,25977e-02	  4,01477e-01
488	  9,7400000000e+02	 -1,03851e-02	  3,99878e-01
489	  9,7600000000e+02	 -6,77718e-03	  3,99114e-01
490	  9,7800000000e+02	 -3,58547e-03	  3,99115e-01
491	  9,8000000000e+02	  1,79271e-03	  4,00994e-01
492	  9,8200000000e+02	  3,39488e-03	  4,02409e-01
493	  9,8400000000e+02	  3,73111e-03	  4,02212e-01
494	  9,8600000000e+02	  9,05047e-03	  4,00633e-01
495	  9,8800000000e+02	  1,37181e-02	  3,99214e-01
496	  9,9000000000e+02	  1,57252e-02	  4,00795e-01
497	  9,9200000000e+02	  2,06429e-02	  4,00207e-01
498	  9,9400000000e+02	  2,20648e-02	  4,01552e-01
499	  9,9600000000e+02	  2,62462e-02	  4,01730e-01
500	  9,9800000000e+02	  2,73297e-02	  4,02795e-01
501	  1,0000000000e+03	  3,36541e-02	  4,05888e-01
502	  1,0020000000e+03	  4,01329e-02	  4,05549e-01
503	  1,0040000000e+03	  4,43095e-02	  4,03939e-01
504	  1,0060000000e+03	  4,82935e-02	  4,01620e-01
505	  1,0080000000e+03	  4,88564e-02	  4,01009e-01
506	  1,0100000000e+03	  5,33636e-02	  4,04304e-01
507	  1,0120000000e+03	  5,80867e-02	  4,04501e-01
508	  1,0140000000e+03	  6,22834e-02	  4,03633e-01
509	  1,0160000000e+03	  6,82249e-02	  4,01866e-01
510	  1,0180000000e+03	  7,20229e-02	  4,01789e-01
511	  1,0200000000e+03	  7,45604e-02	  4,02000e-01
512	  1,0220000000e+03	  8,03110e-02	  4,01173e-01
513	  1,0240000000e+03	  8,60404e-02	  4,04494e-01
514	  1,0260000000e+03	  8,86005e-02	  4,03530e-01
515	  1,0280000000e+03	  9,25257e-02	  4,01249e-01
516	  1,0300000000e+03	  9,70216e-02	  4,00215e-01
517	  1,0320000000e+03	  1,02099e-01	  3,98581e-01
518	  1,0340000000e+03	  1,07294e-01	  3,98038e-01
519	  1,0360000000e+03	  1,10076e-01	  3,98138e-01
520	  1,0380000000e+03	  1,13109e-01	  3,97515e-01
521	  1,0400000000e+03	  1,16678e-01	  3,90968e-01
522	  1,0420000000e+03	  1,19465e-01	  3,90620e-01
523	  1,0440000000e+03	  1,25714e-01	  3,90203e-01
524	  1,0460000000e+03	  1,31470e-01	  3,88293e-01
525	  1,0480000000e+03	  1,35448e-01	  3,85114e-01
526	  1,0500000000e+03	  1,40142e-01	  3,83947e-01
527	  1,0520000000e+03	  1,44954e-01	  3,81300e-01
528	  1,0540000000e+03	  1,46975e-01	  3,78597e-01
529	  1,0560000000e+03	  1,50801e-01	  3,77736e-01
530	  1,0580000000e+03	  1,55936e-01	  3,77466e-01
531	  1,0600000000e+03	  1,57781e-01	  3,75761e-01
532	  1,0620000000e+03	  1,59429e-01	  3,74180e-01
533	  1,0640000000e+03	  1,64091e-01	  3,73963e-01
534	  1,0660000000e+03	  1,65583e-01	  3,68625e-01
535	  1,0680000000e+03	  1,66881e-01	  3,62740e-01
536	  1,0700000000e+03	  1,71375e-01	  3,58993e-01
537	  1,0720000000e+03	  1,73481e-01	  3,59388e-01
538	  1,0740000000e+03	  1,75093e-01	  3,61220e-01
539	  1,0760000000e+03	  1,78138e-01	  3,60554e-01
540	  1,0780000000e+03	  1,82319e-01	  3,56767e-01
541	  1,0800000000e+03	  1,84223e-01	  3,56598e-01
542	  1,0820000000e+03	  1,85040e-01	  3,56483e-01
543	  1,0840000000e+03	  1,89935e-01	  3,55126e-01
544	  1,0860000000e+03	  1,92304e-01	  3,54788e-01
545	  1,0880000000e+03	  1,96611e-01	  3,52563e-01
546	  1,0900000000e+03	  2,01832e-01	  3,51447e-01
547	  1,0920000000e+03	  2,04110e-01	  3,47145e-01
548	  1,0940000000e+03	  2,08865e-01	  3,44187e-01
549	  1,0960000000e+03	  2,09424e-01	  3,40215e-01
550	  1,0980000000e+03	  2,12377e-01	  3,39319e-01
551	  1,1000000000e+03	  2,14621e-01	  3,37629e-01
552	  1,1020000000e+03	  2,18028e-01	  3,33193e-01
553	  1,1040000000e+03	  2,21123e-01	  3,32980e-01
554	  1,1060000000e+03	  2,22156e-01	  3,29916e-01
555	  1,1080000000e+03	  2,22544e-01	  3,26028e-01
556	  1,1100000000e+03	  2,25481e-01	  3,23485e-01
557	  1,1120000000e+03	  2,26402e-01	  3,19820e-01
558	  1,1140000000e+03	  2,24330e-01	  3,18199e-01
559	  1,1160000000e+03	  2,22810e-01	  3,13748e-01
560	  1,1180000000e+03	  2,24180e-01	  3,14951e-01
561	  1,1200000000e+03	  2,25123e-01	  3,14051e-01
562	  1,1220000000e+03	  2,27169e-01	  3,13445e-01
563	  1,1240000000e+03	  2,26700e-01	  3,13623e-01
564	  1,1260000000e+03	  2,24596e-01	  3,16365e-01
565	  1,1280000000e+03	  2,25543e-01	  3,17032e-01
566	  1,1300000000e+03	  2,25904e-01	  3,16359e-01
567	  1,1320000000e+03	  2,25193e-01	  3,18023e-01
568	  1,1340000000e+03	  2,23929e-01	  3,18831e-01
569	  1,1360000000e+03	  2,25989e-01	  3,20252e-01
570	  1,1380000000e+03	  2,31809e-01	  3,22857e-01
571	  1,1400000000e+03	  2,34342e-01	  3,25408e-01
572	  1,1420000000e+03	  2,31331e-01	  3,27939e-01
573	  1,1440000000e+03	  2,34379e-01	  3,30650e-01
574	  1,1460000000e+03	  2,37647e-01	  3,30794e-01
575	  1,1480000000e+03	  2,39447e-01	  3,34198e-01
576	  1,1500000000e+03	  2,43225e-01	  3,39125e-01
577	  1,1520000000e+03	  2,45868e-01	  3,43232e-01
578	  1,1540000000e+03	  2,50887e-01	  3,49627e-01
579	  1,1560000000e+03	  2,55095e-01	  3,54270e-01
580	  1,1580000000e+03	  2,59412e-01	  3,59561e-01
581	  1,1600000000e+03	  2,67006e-01	  3,67756e-01
582	  1,1620000000e+03	  2,77858e-01	  3,73097e-01
583	  1,1640000000e+03	  2,87524e-01	  3,75767e-01
584	  1,1660000000e+03	  2,98069e-01	  3,79194e-01
585	  1,1680000000e+03	  3,13998e-01	  3,84845e-01
586	  1,1700000000e+03	  3,30283e-01	  3,85073e-01
587	  1,1720000000e+03	  3,46137e-01	  3,83315e-01
588	  1,1740000000e+03	  3,61228e-01	  3,80388e-01
589	  1,1760000000e+03	  3,72644e-01	  3,73767e-01
590	  1,1780000000e+03	  3,86822e-01	  3,68416e-01
591	  1,1800000000e+03	  4,00973e-01	  3,60533e-01
592	  1,1820000000e+03	  4,10633e-01	  3,52466e-01
593	  1,1840000000e+03	  4,21115e-01	  3,42131e-01
594	  1,1860000000e+03	  4,28747e-01	  3,30029e-01
595	  1,1880000000e+03	  4,36184e-01	  3,19043e-01
596	  1,1900000000e+03	  4,42785e-01	  3,12322e-01
597	  1,1920000000e+03	  4,49544e-01	  3,05604e-01
598	  1,1940000000e+03	  4,54571e-01	  2,95021e-01
599	  1,1960000000e+03	  4,59684e-01	  2,85080e-01
600	  1,1980000000e+03	  4,62911e-01	  2,77376e-01
601	  1,2000000000e+03	  4,66747e-01	  2,65187e-01
602	  1,2020000000e+03	  4,70935e-01	  2,55422e-01
603	  1,2040000000e+03	  4,74332e-01	  2,50050e-01
604	  1,2060000000e+03	  4,73696e-01	  2,41613e-01
605	  1,2080000000e+03	  4,76177e-01	  2,32992e-01
606	  1,2100000000e+03	  4,81412e-01	  2,26783e-01
607	  1,2120000000e+03	  4,85197e-01	  2,15585e-01
608	  1,2140000000e+03	  4,86906e-01	  2,09509e-01
609	  1,2160000000e+03	  4,86611e-01	  2,03077e-01
610	  1,2180000000e+03	  4,84640e-01	  1,95929e-01
611	  1,2200000000e+03	  4,85557e-01	  1,89726e-01
612	  1,2220000000e+03	  4,86111e-01	  1,81760e-01
613	  1,2240000000e+03	  4,87399e-01	  1,73370e-01
614	  1,2260000000e+03	  4,88511e-01	  1,66342e-01
615	  1,2280000000e+03	  4,91120e-01	  1,59149e-01
616	  1,2300000000e+03	  4,89853e-01	  1,54434e-01
617	  1,2320000000e+03	  4,89393e-01	  1,49333e-01
618	  1,2340000000e+03	  4,89708e-01	  1,44563e-01
619	  1,2360000000e+03	  4,88201e-01	  1,38737e-01
620	  1,2380000000e+03	  4,87621e-01	  1,37167e-01
621	  1,2400000000e+03	  4,86761e-01	  1,33785e-01
622	  1,2420000000e+03	  4,88717e-01	  1,26878e-01
623	  1,2440000000e+03	  4,90182e-01	  1,23555e-01
624	  1,2460000000e+03	  4,92980e-01	  1,20828e-01
625	  1,2480000000e+03	  4,93165e-01	  1,13520e-01
626	  1,2500000000e+03	  4,94411e-01	  1,10931e-01
627	  1,2520000000e+03	  4,99981e-01	  1,05301e-01
628	  1,2540000000e+03	  5,00900e-01	  1,01913e-01
629	  1,2560000000e+03	  5,05386e-01	  9,47721e-02
630	  1,2580000000e+03	  5,07578e-01	  9,03133e-02
631	  1,2600000000e+03	  5,07829e-01	  8,64483e-02
632	  1,2620000000e+03	  5,10491e-01	  8,34762e-02
633	  1,2640000000e+03	  5,10242e-01	  7,65359e-02
634	  1,2660000000e+03	  5,11062e-01	  6,98356e-02
635	  1,2680000000e+03	  5,14513e-01	  6,50976e-02
636	  1,2700000000e+03	  5,18344e-01	  6,18001e-02
637	  1,2720000000e+03	  5,22180e-01	  5,59886e-02
638	  1,2740000000e+03	  5,24632e-01	  4,99600e-02
639	  1,2760000000e+03	  5,22886e-01	  4,36249e-02
640	  1,2780000000e+03	  5,24532e-01	  3,65804e-02
641	  1,2800000000e+03	  5,26431e-01	  3,10117e-02
642	  1,2820000000e+03	  5,28968e-01	  2,71164e-02
643	  1,2840000000e+03	  5,28565e-01	  1,96130e-02
644	  1,2860000000e+03	  5,27415e-01	  1,12198e-02
645	  1,2880000000e+03	  5,30510e-01	  7,09888e-03
646	  1,2900000000e+03	  5,35329e-01	  5,48572e-04
647	  1,2920000000e+03	  5,35294e-01	 -8,68651e-03
648	  1,2940000000e+03	  5,37796e-01	 -1,57766e-02
649	  1,2960000000e+03	  5,35953e-01	 -2,25968e-02
650	  1,2980000000e+03	  5,34002e-01	 -3,13359e-02
651	  1,3000000000e+03	  5,35350e-01	 -4,08070e-02
652	  1,3020000000e+03	  5,35904e-01	 -4,68809e-02
653	  1,3040000000e+03	  5,37799e-01	 -5,38755e-02
654	  1,3060000000e+03	  5,36674e-01	 -6,26063e-02
655	  1,3080000000e+03	  5,34066e-01	 -6,83653e-02
656	  1,3100000000e+03	  5,32185e-01	 -7,29822e-02
657	  1,3120000000e+03	  5,29133e-01	 -7,97924e-02
658	  1,3140000000e+03	  5,28641e-01	 -8,73687e-02
659	  1,3160000000e+03	  5,28030e-01	 -9,78131e-02
660	  1,3180000000e+03	  5,25886e-01	 -1,02025e-01
661	  1,3200000000e+03	  5,26322e-01	 -1,05957e-01
662	  1,3220000000e+03	  5,24088e-01	 -1,13543e-01
663	  1,3240000000e+03	  5,19162e-01	 -1,22341e-01
664	  1,3260000000e+03	  5,18348e-01	 -1,24601e-01
665	  1,3280000000e+03	  5,19597e-01	 -1,28697e-01
666	  1,3300000000e+03	  5,18797e-01	 -1,32580e-01
667	  1,3320000000e+03	  5,16806e-01	 -1,39773e-01
668	  1,3340000000e+03	  5,13581e-01	 -1,47180e-01
669	  1,3360000000e+03	  5,13741e-01	 -1,52151e-01
670	  1,3380000000e+03	  5,12383e-01	 -1,57336e-01
671	  1,3400000000e+03	  5,09731e-01	 -1,65055e-01
672	  1,3420000000e+03	  5,08842e-01	 -1,71638e-01
673	  1,3440000000e+03	  5,02053e-01	 -1,75383e-01
674	  1,3460000000e+03	  4,97488e-01	 -1,81396e-01
675	  1,3480000000e+03	  4,99036e-01	 -1,85569e-01
676	  1,3500000000e+03	  4,95738e-01	 -1,89902e-01
677	  1,3520000000e+03	  4,91717e-01	 -1,92839e-01
678	  1,3540000000e+03	  4,90308e-01	 -1,96547e-01
679	  1,3560000000e+03	  4,88719e-01	 -2,02405e-01
680	  1,3580000000e+03	  4,89645e-01	 -2,08654e-01
681	  1,3600000000e+03	  4,87417e-01	 -2,15967e-01
682	  1,3620000000e+03	  4,86382e-01	 -2,18375e-01
683	  1,3640000000e+03	  4,86046e-01	 -2,22053e-01
684	  1,3660000000e+03	  4,85842e-01	 -2,26930e-01
685	  1,3680000000e+03	  4,83772e-01	 -2,31843e-01
686	  1,3700000000e+03	  4,82061e-01	 -2,41258e-01
687	  1,3720000000e+03	  4,80171e-01	 -2,47007e-01
688	  1,3740000000e+03	  4,78585e-01	 -2,52776e-01
689	  1,3760000000e+03	  4,76879e-01	 -2,57581e-01
690	  1,3780000000e+03	  4,77512e-01	 -2,63134e-01
691	  1,3800000000e+03	  4,73276e-01	 -2,67938e-01
692	  1,3820000000e+03	  4,69849e-01	 -2,73550e-01
693	  1,3840000000e+03	  4,67789e-01	 -2,80129e-01
694	  1,3860000000e+03	  4,67120e-01	 -2,89038e-01
695	  1,3880000000e+03	  4,63472e-01	 -2,96879e-01
696	  1,3900000000e+03	  4,58501e-01	 -3,01581e-01
697	  1,3920000000e+03	  4,57527e-01	 -3,06666e-01
698	  1,3940000000e+03	  4,54342e-01	 -3,13275e-01
699	  1,3960000000e+03	  4,49721e-01	 -3,20856e-01
700	  1,3980000000e+03	  4,46566e-01	 -3,25084e-01
701	  1,4000000000e+03	  4,45826e-01	 -3,28707e-01
702	  1,4020000000e+03	  4,41596e-01	 -3,32136e-01
703	  1,4040000000e+03	  4,39635e-01	 -3,37472e-01
704	  1,4060000000e+03	  4,36778e-01	 -3,44248e-01
705	  1,4080000000e+03	  4,31986e-01	 -3,51246e-01
706	  1,4100000000e+03	  4,27662e-01	 -3,59838e-01
707	  1,4120000000e+03	  4,21523e-01	 -3,66671e-01
708	  1,4140000000e+03	  4,16426e-01	 -3,70419e-01
709	  1,4160000000e+03	  4,13771e-01	 -3,76768e-01
710	  1,4180000000e+03	  4,10310e-01	 -3,80995e-01
711	  1,4200000000e+03	  4,05469e-01	 -3,85632e-01
712	  1,4220000000e+03	  3,99197e-01	 -3,91591e-01
713	  1,4240000000e+03	  3,94634e-01	 -3,96466e-01
714	  1,4260000000e+03	  3,88797e-01	 -4,00022e-01
715	  1,4280000000e+03	  3,83305e-01	 -4,04528e-01
716	  1,4300000000e+03	  3,79530e-01	 -4,12801e-01
717	  1,4320000000e+03	  3,72176e-01	 -4,16941e-01
718	  1,4340000000e+03	  3,66780e-01	 -4,20997e-01
719	  1,4360000000e+03	  3,62581e-01	 -4,24131e-01
720	  1,4380000000e+03	  3,55396e-01	 -4,28492e-01
721	  1,4400000000e+03	  3,50436e-01	 -4,31901e-01
722	  1,4420000000e+03	  3,48629e-01	 -4,34870e-01
723	  1,4440000000e+03	  3,47492e-01	 -4,36634e-01
724	  1,4460000000e+03	  3,42389e-01	 -4,39660e-01
725	  1,4480000000e+03	  3,33693e-01	 -4,42611e-01
726	  1,4500000000e+03	  3,27073e-01	 -4,45429e-01
727	  1,4520000000e+03	  3,23370e-01	 -4,45868e-01
728	  1,4540000000e+03	  3,20034e-01	 -4,54011e-01
729	  1,4560000000e+03	  3,15812e-01	 -4,59807e-01
730	  1,4580000000e+03	  3,09980e-01	 -4,63467e-01
731	  1,4600000000e+03	  3,03388e-01	 -4,67814e-01
732	  1,4620000000e+03	  2,98209e-01	 -4,68577e-01
733	  1,4640000000e+03	  2,93395e-01	 -4,71875e-01
734	  1,4660000000e+03	  2,87808e-01	 -4,77268e-01
735	  1,4680000000e+03	  2,83283e-01	 -4,77190e-01
736	  1,4700000000e+03	  2,79714e-01	 -4,79279e-01
737	  1,4720000000e+03	  2,74608e-01	 -4,85561e-01
738	  1,4740000000e+03	  2,70433e-01	 -4,86959e-01
739	  1,4760000000e+03	  2,65761e-01	 -4,93493e-01
740	  1,4780000000e+03	  2,59606e-01	 -4,97317e-01
741	  1,4800000000e+03	  2,51346e-01	 -4,99123e-01
742	  1,4820000000e+03	  2,43724e-01	 -5,00586e-01
743	  1,4840000000e+03	  2,42441e-01	 -5,04052e-01
744	  1,4860000000e+03	  2,34019e-01	 -5,08141e-01
745	  1,4880000000e+03	  2,25471e-01	 -5,10189e-01
746	  1,4900000000e+03	  2,21641e-01	 -5,12745e-01
747	  1,4920000000e+03	  2,18137e-01	 -5,14677e-01
748	  1,4940000000e+03	  2,10844e-01	 -5,17256e-01
749	  1,4960000000e+03	  2,03789e-01	 -5,20306e-01
750	  1,4980000000e+03	  1,98328e-01	 -5,20592e-01
751	  1,5000000000e+03	  1,96620e-01	 -5,24594e-01
752	  1,5020000000e+03	  1,89986e-01	 -5,29056e-01
753	  1,5040000000e+03	  1,85166e-01	 -5,31375e-01
754	  1,5060000000e+03	  1,81100e-01	 -5,34475e-01
755	  1,5080000000e+03	  1,72061e-01	 -5,36432e-01
756	  1,5100000000e+03	  1,69809e-01	 -5,36366e-01
757	  1,5120000000e+03	  1,63997e-01	 -5,36290e-01
758	  1,5140000000e+03	  1,53041e-01	 -5,38753e-01
759	  1,5160000000e+03	  1,48844e-01	 -5,41451e-01
760	  1,5180000000e+03	  1,42152e-01	 -5,45138e-01
761	  1,5200000000e+03	  1,36890e-01	 -5,45596e-01
762	  1,5220000000e+03	  1,31269e-01	 -5,48106e-01
763	  1,5240000000e+03	  1,24990e-01	 -5,51124e-01
764	  1,5260000000e+03	  1,20058e-01	 -5,51261e-01
765	  1,5280000000e+03	  1,17189e-01	 -5,53725e-01
766	  1,5300000000e+03	  1,10073e-01	 -5,55295e-01
767	  1,5320000000e+03	  1,04682e-01	 -5,56453e-01
768	  1,5340000000e+03	  9,79191e-02	 -5,58863e-01
769	  1,5360000000e+03	  9,15409e-02	 -5,60268e-01
770	  1,5380000000e+03	  8,49937e-02	 -5,63956e-01
771	  1,5400000000e+03	  7,74696e-02	 -5,65583e-01
772	  1,5420000000e+03	  6,98714e-02	 -5,68300e-01
773	  1,5440000000e+03	  6,43392e-02	 -5,67770e-01
774	  1,5460000000e+03	  5,91504e-02	 -5,69493e-01
775	  1,5480000000e+03	  5,22270e-02	 -5,68665e-01
776	  1,5500000000e+03	  4,43398e-02	 -5,69216e-01
777	  1,5520000000e+03	  3,74399e-02	 -5,72953e-01
778	  1,5540000000e+03	  3,23847e-02	 -5,75954e-01
779	  1,5560000000e+03	  2,49484e-02	 -5,74795e-01
780	  1,5580000000e+03	  1,74384e-02	 -5,73237e-01
781	  1,5600000000e+03	  1,26511e-02	 -5,76379e-01
782	  1,5620000000e+03	  4,57956e-03	 -5,75396e-01
783	  1,5640000000e+03	 -1,83149e-03	 -5,74841e-01
784	  1,5660000000e+03	 -7,41913e-03	 -5,77949e-01
785	  1,5680000000e+03	 -1,05610e-02	 -5,77663e-01
786	  1,5700000000e+03	 -1,90485e-02	 -5,75142e-01
787	  1,5720000000e+03	 -2,81377e-02	 -5,75182e-01
788	  1,5740000000e+03	 -3,17369e-02	 -5,75683e-01
789	  1,5760000000e+03	 -3,89695e-02	 -5,76299e-01
790	  1,5780000000e+03	 -4,69224e-02	 -5,76030e-01
791	  1,5800000000e+03	 -5,56690e-02	 -5,75096e-01
792	  1,5820000000e+03	 -6,11423e-02	 -5,75292e-01
793	  1,5840000000e+03	 -6,74541e-02	 -5,76814e-01
794	  1,5860000000e+03	 -7,46774e-02	 -5,75671e-01
795	  1,5880000000e+03	 -8,33829e-02	 -5,74724e-01
796	  1,5900000000e+03	 -8,91328e-02	 -5,76856e-01
797	  1,5920000000e+03	 -9,64719e-02	 -5,74902e-01
798	  1,5940000000e+03	 -1,03005e-01	 -5,74494e-01
799	  1,5960000000e+03	 -1,10017e-01	 -5,74013e-01
800	  1,5980000000e+03	 -1,18751e-01	 -5,72186e-01
801	  1,6000000000e+03	 -1,25849e-01	 -5,66504e-01
802	  1,6020000000e+03	 -1,30517e-01	 -5,65253e-01
803	  1,6040000000e+03	 -1,35536e-01	 -5,65855e-01
804	  1,6060000000e+03	 -1,45429e-01	 -5,64248e-01
805	  1,6080000000e+03	 -1,52829e-01	 -5,62332e-01
806	  1,6100000000e+03	 -1,59246e-01	 -5,58596e-01
807	  1,6120000000e+03	 -1,64377e-01	 -5,55737e-01
808	  1,6140000000e+03	 -1,70756e-01	 -5,51645e-01
809	  1,6160000000e+03	 -1,77362e-01	 -5,45323e-01
810	  1,6180000000e+03	 -1,81741e-01	 -5,42466e-01
811	  1,6200000000e+03	 -1,85922e-01	 -5,41745e-01
812	  1,6220000000e+03	 -1,91580e-01	 -5,39449e-01
813	  1,6240000000e+03	 -1,97338e-01	 -5,38879e-01
814	  1,6260000000e+03	 -2,03546e-01	 -5,35284e-01
815	  1,6280000000e+03	 -2,07386e-01	 -5,35118e-01
816	  1,6300000000e+03	 -2,13438e-01	 -5,31913e-01
817	  1,6320000000e+03	 -2,18507e-01	 -5,27772e-01
818	  1,6340000000e+03	 -2,24181e-01	 -5,25711e-01
819	  1,6360000000e+03	 -2,30011e-01	 -5,25258e-01
820	  1,6380000000e+03	 -2,31922e-01	 -5,23467e-01
821	  1,6400000000e+03	 -2,38969e-01	 -5,23891e-01
822	  1,6420000000e+03	 -2,44344e-01	 -5,20183e-01
823	  1,6440000000e+03	 -2,49726e-01	 -5,16062e-01
824	  1,6460000000e+03	 -2,56972e-01	 -5,16150e-01
825	  1,6480000000e+03	 -2,59988e-01	 -5,13395e-01
826	  1,6500000000e+03	 -2,64390e-01	 -5,09490e-01
827	  1,6520000000e+03	 -2,72469e-01	 -5,08083e-01
828	  1,6540000000e+03	 -2,77967e-01	 -5,06001e-01
829	  1,6560000000e+03	 -2,83002e-01	 -5,04255e-01
830	  1,6580000000e+03	 -2,86772e-01	 -5,04973e-01
831	  1,6600000000e+03	 -2,96670e-01	 -5,00579e-01
832	  1,6620000000e+03	 -3,02263e-01	 -4,96222e-01
833	  1,6640000000e+03	 -3,07446e-01	 -4,91198e-01
834	  1,6660000000e+03	 -3,13399e-01	 -4,90485e-01
835	  1,6680000000e+03	 -3,17003e-01	 -4,89882e-01
836	  1,6700000000e+03	 -3,22278e-01	 -4,85362e-01
837	  1,6720000000e+03	 -3,29106e-01	 -4,84255e-01
838	  1,6740000000e+03	 -3,34260e-01	 -4,81826e-01
839	  1,6760000000e+03	 -3,41715e-01	 -4,78528e-01
840	  1,6780000000e+03	 -3,48520e-01	 -4,76107e-01
841	  1,6800000000e+03	 -3,55950e-01	 -4,72602e-01
842	  1,6820000000e+03	 -3,61413e-01	 -4,71442e-01
843	  1,6840000000e+03	 -3,63388e-01	 -4,67161e-01
844	  1,6860000000e+03	 -3,74740e-01	 -4,60824e-01
845	  1,6880000000e+03	 -3,83452e-01	 -4,58619e-01
846	  1,6900000000e+03	 -3,90339e-01	 -4,54621e-01
847	  1,6920000000e+03	 -3,96753e-01	 -4,50296e-01
848	  1,6940000000e+03	 -4,04785e-01	 -4,43325e-01
849	  1,6960000000e+03	 -4,09468e-01	 -4,34528e-01
850	  1,6980000000e+03	 -4,17560e-01	 -4,28674e-01
851	  1,7000000000e+03	 -4,18876e-01	 -4,21524e-01
852	  1,7020000000e+03	 -4,21291e-01	 -4,12968e-01
853	  1,7040000000e+03	 -4,26486e-01	 -4,04999e-01
854	  1,7060000000e+03	 -4,28760e-01	 -4,00097e-01
855	  1,7080000000e+03	 -4,33838e-01	 -3,96929e-01
856	  1,7100000000e+03	 -4,37604e-01	 -3,89705e-01
857	  1,7120000000e+03	 -4,40943e-01	 -3,85118e-01
858	  1,7140000000e+03	 -4,46906e-01	 -3,81377e-01
859	  1,7160000000e+03	 -4,46804e-01	 -3,74699e-01
860	  1,7180000000e+03	 -4,49314e-01	 -3,71977e-01
861	  1,7200000000e+03	 -4,55650e-01	 -3,65090e-01
862	  1,7220000000e+03	 -4,58594e-01	 -3,58008e-01
863	  1,7240000000e+03	 -4,60017e-01	 -3,52721e-01
864	  1,7260000000e+03	 -4,60892e-01	 -3,46789e-01
865	  1,7280000000e+03	 -4,65309e-01	 -3,43922e-01
866	  1,7300000000e+03	 -4,67721e-01	 -3,40883e-01
867	  1,7320000000e+03	 -4,70322e-01	 -3,38470e-01
868	  1,7340000000e+03	 -4,71771e-01	 -3,33796e-01
869	  1,7360000000e+03	 -4,73746e-01	 -3,26190e-01
870	  1,7380000000e+03	 -4,77406e-01	 -3,20727e-01
871	  1,7400000000e+03	 -4,80437e-01	 -3,16889e-01
872	  1,7420000000e+03	 -4,83671e-01	 -3,13460e-01
873	  1,7440000000e+03	 -4,89118e-01	 -3,11009e-01
874	  1,7460000000e+03	 -4,92766e-01	 -3,09429e-01
875	  1,7480000000e+03	 -4,91827e-01	 -3,05170e-01
876	  1,7500000000e+03	 -4,92603e-01	 -3,02145e-01
877	  1,7520000000e+03	 -4,95548e-01	 -2,96250e-01
878	  1,7540000000e+03	 -4,97121e-01	 -2,92904e-01
879	  1,7560000000e+03	 -5,02381e-01	 -2,89746e-01
880	  1,7580000000e+03	 -5,11606e-01	 -2,85235e-01
881	  1,7600000000e+03	 -5,14026e-01	 -2,82679e-01
882	  1,7620000000e+03	 -5,17026e-01	 -2,80118e-01
883	  1,7640000000e+03	 -5,22551e-01	 -2,80128e-01
884	  1,7660000000e+03	 -5,29269e-01	 -2,76262e-01
885	  1,7680000000e+03	 -5,35326e-01	 -2,70891e-01
886	  1,7700000000e+03	 -5,40017e-01	 -2,64986e-01
887	  1,7720000000e+03	 -5,44295e-01	 -2,56817e-01
888	  1,7740000000e+03	 -5,51594e-01	 -2,54945e-01
889	  1,7760000000e+03	 -5,56454e-01	 -2,47263e-01
890	  1,7780000000e+03	 -5,62809e-01	 -2,35442e-01
891	  1,7800000000e+03	 -5,67829e-01	 -2,27472e-01
892	  1,7820000000e+03	 -5,73597e-01	 -2,20534e-01
893	  1,7840000000e+03	 -5,73286e-01	 -2,13822e-01
894	  1,7860000000e+03	 -5,77471e-01	 -2,07381e-01
895	  1,7880000000e+03	 -5,81705e-01	 -2,02632e-01
896	  1,7900000000e+03	 -5,86813e-01	 -1,95257e-01
897	  1,7920000000e+03	 -5,88996e-01	 -1,84078e-01
898	  1,7940000000e+03	 -5,89611e-01	 -1,73954e-01
899	  1,7960000000e+03	 -5,94243e-01	 -1,67249e-01
900	  1,7980000000e+03	 -5,96085e-01	 -1,59905e-01
901	  1,8000000000e+03	 -5,96677e-01	 -1,51620e-01
902	  1,8020000000e+03	 -5,98039e-01	 -1,43719e-01
903	  1,8040000000e+03	 -6,00692e-01	 -1,38433e-01
904	  1,8060000000e+03	 -6,04158e-01	 -1,29001e-01
905	  1,8080000000e+03	 -6,07903e-01	 -1,20284e-01
906	  1,8100000000e+03	 -6,06332e-01	 -1,11883e-01
907	  1,8120000000e+03	 -6,06658e-01	 -1,05232e-01
908	  1,8140000000e+03	 -6,07033e-01	 -9,65730e-02
909	  1,8160000000e+03	 -6,06151e-01	 -8,88124e-02
910	  1,8180000000e+03	 -6,06307e-01	 -8,02397e-02
911	  1,8200000000e+03	 -6,06263e-01	 -7,45045e-02
912	  1,8220000000e+03	 -6,05979e-01	 -6,67547e-02
913	  1,8240000000e+03	 -6,04982e-01	 -5,98018e-02
914	  1,8260000000e+03	 -6,03721e-01	 -5,49825e-02
915	  1,8280000000e+03	 -6,04788e-01	 -5,00099e-02
916	  1,8300000000e+03	 -6,05034e-01	 -4,14289e-02
917	  1,8320000000e+03	 -6,05025e-01	 -3,37208e-02
918	  1,8340000000e+03	 -6,06878e-01	 -3,06135e-02
919	  1,8360000000e+03	 -6,04942e-01	 -2,20272e-02
920	  1,8380000000e+03	 -6,06333e-01	 -1,38461e-02
921	  1,8400000000e+03	 -6,07797e-01	 -5,41926e-03
922	  1,8420000000e+03	 -6,07655e-01	 -3,30713e-03
923	  1,8440000000e+03	 -6,08836e-01	  3,63725e-03
924	  1,8460000000e+03	 -6,07417e-01	  1,26522e-02
925	  1,8480000000e+03	 -6,07348e-01	  1,71157e-02
926	  1,8500000000e+03	 -6,06377e-01	  2,29005e-02
927	  1,8520000000e+03	 -6,05877e-01	  2,90356e-02
928	  1,8540000000e+03	 -6,08827e-01	  3,48923e-02
929	  1,8560000000e+03	 -6,10401e-01	  4,23039e-02
930	  1,8580000000e+03	 -6,08327e-01	  5,04994e-02
931	  1,8600000000e+03	 -6,09467e-01	  5,88231e-02
932	  1,8620000000e+03	 -6,07222e-01	  6,78784e-02
933	  1,8640000000e+03	 -6,06588e-01	  7,39390e-02
934	  1,8660000000e+03	 -6,05137e-01	  7,94409e-02
935	  1,8680000000e+03	 -6,02941e-01	  8,59480e-02
936	  1,8700000000e+03	 -6,04808e-01	  9,41066e-02
937	  1,8720000000e+03	 -6,03455e-01	  9,99215e-02
938	  1,8740000000e+03	 -6,01027e-01	  1,08086e-01
939	  1,8760000000e+03	 -6,01828e-01	  1,15699e-01
940	  1,8780000000e+03	 -6,00148e-01	  1,19308e-01
941	  1,8800000000e+03	 -5,99956e-01	  1,23555e-01
942	  1,8820000000e+03	 -5,96982e-01	  1,30878e-01
943	  1,8840000000e+03	 -5,93517e-01	  1,41459e-01
944	  1,8860000000e+03	 -5,91264e-01	  1,48799e-01
945	  1,8880000000e+03	 -5,88198e-01	  1,53968e-01
946	  1,8900000000e+03	 -5,88569e-01	  1,62131e-01
947	  1,8920000000e+03	 -5,87273e-01	  1,69106e-01
948	  1,8940000000e+03	 -5,83312e-01	  1,78035e-01
949	  1,8960000000e+03	 -5,80467e-01	  1,83187e-01
950	  1,8980000000e+03	 -5,78096e-01	  1,86894e-01
951	  1,9000000000e+03	 -5,76779e-01	  1,94706e-01
952	  1,9020000000e+03	 -5,73666e-01	  2,03100e-01
953	  1,9040000000e+03	 -5,70441e-01	  2,08552e-01
954	  1,9060000000e+03	 -5,66528e-01	  2,14369e-01
955	  1,9080000000e+03	 -5,63745e-01	  2,20020e-01
956	  1,9100000000e+03	 -5,60753e-01	  2,24976e-01
957	  1,9120000000e+03	 -5,58302e-01	  2,30026e-01
958	  1,9140000000e+03	 -5,58001e-01	  2,35701e-01
959	  1,9160000000e+03	 -5,55681e-01	  2,43463e-01
960	  1,9180000000e+03	 -5,53463e-01	  2,48900e-01
961	  1,9200000000e+03	 -5,49422e-01	  2,55042e-01
962	  1,9220000000e+03	 -5,45431e-01	  2,59651e-01
963	  1,9240000000e+03	 -5,44368e-01	  2,68696e-01
964	  1,9260000000e+03	 -5,41343e-01	  2,77710e-01
965	  1,9280000000e+03	 -5,38651e-01	  2,83940e-01
966	  1,9300000000e+03	 -5,33982e-01	  2,89397e-01
967	  1,9320000000e+03	 -5,29585e-01	  2,93838e-01
968	  1,9340000000e+03	 -5,22430e-01	  2,97614e-01
969	  1,9360000000e+03	 -5,17664e-01	  3,01149e-01
970	  1,9380000000e+03	 -5,14178e-01	  3,06285e-01
971	  1,9400000000e+03	 -5,11855e-01	  3,13779e-01
972	  1,9420000000e+03	 -5,06899e-01	  3,17991e-01
973	  1,9440000000e+03	 -5,02598e-01	  3,19043e-01
974	  1,9460000000e+03	 -5,00867e-01	  3,24961e-01
975	  1,9480000000e+03	 -5,01969e-01	  3,31915e-01
976	  1,9500000000e+03	 -4,97936e-01	  3,36928e-01
977	  1,9520000000e+03	 -4,93610e-01	  3,41776e-01
978	  1,9540000000e+03	 -4,92087e-01	  3,45156e-01
979	  1,9560000000e+03	 -4,91745e-01	  3,49326e-01
980	  1,9580000000e+03	 -4,86456e-01	  3,55427e-01
981	  1,9600000000e+03	 -4,81277e-01	  3,58246e-01
982	  1,9620000000e+03	 -4,82013e-01	  3,62434e-01
983	  1,9640000000e+03	 -4,78434e-01	  3,70731e-01
984	  1,9660000000e+03	 -4,70300e-01	  3,76071e-01
985	  1,9680000000e+03	 -4,68950e-01	  3,81484e-01
986	  1,9700000000e+03	 -4,67556e-01	  3,84015e-01
987	  1,9720000000e+03	 -4,64699e-01	  3,89078e-01
988	  1,9740000000e+03	 -4,60667e-01	  3,95055e-01
989	  1,9760000000e+03	 -4,57614e-01	  4,02431e-01
990	  1,9780000000e+03	 -4,54580e-01	  4,05455e-01
991	  1,9800000000e+03	 -4,49474e-01	  4,08885e-01
992	  1,9820000000e+03	 -4,44321e-01	  4,16993e-01
993	  1,9840000000e+03	 -4,42000e-01	  4,23724e-01
994	  1,9860000000e+03	 -4,37217e-01	  4,31095e-01
995	  1,9880000000e+03	 -4,34069e-01	  4,35497e-01
996	  1,9900000000e+03	 -4,28345e-01	  4,39729e-01
997	  1,9920000000e+03	 -4,23680e-01	  4,46282e-01
998	  1,9940000000e+03	 -4,19236e-01	  4,53625e-01
999	  1,9960000000e+03	 -4,11553e-01	  4,55338e-01
1000	  1,9980000000e+03	 -4,06272e-01	  4,61726e-01
1001	  2,0000000000e+03	 -4,02787e-01	  4,64881e-01
1002	  2,0020000000e+03	 -3,95398e-01	  4,68574e-01
1003	  2,0040000000e+03	 -3,89928e-01	  4,74153e-01
1004	  2,0060000000e+03	 -3,86404e-01	  4,76687e-01
1005	  2,0080000000e+03	 -3,79374e-01	  4,82846e-01
1006	  2,0100000000e+03	 -3,74417e-01	  4,85825e-01
1007	  2,0120000000e+03	 -3,72743e-01	  4,89732e-01
1008	  2,0140000000e+03	 -3,68066e-01	  4,95292e-01
1009	  2,0160000000e+03	 -3,59480e-01	  4,98982e-01
1010	  2,0180000000e+03	 -3,53472e-01	  5,02758e-01
1011	  2,0200000000e+03	 -3,50269e-01	  5,07450e-01
1012	  2,0220000000e+03	 -3,44112e-01	  5,13730e-01
1013	  2,0240000000e+03	 -3,38993e-01	  5,17501e-01
1014	  2,0260000000e+03	 -3,31083e-01	  5,23585e-01
1015	  2,0280000000e+03	 -3,25479e-01	  5,27851e-01
1016	  2,0300000000e+03	 -3,21080e-01	  5,26607e-01
1017	  2,0320000000e+03	 -3,12842e-01	  5,30824e-01
1018	  2,0340000000e+03	 -3,03535e-01	  5,35943e-01
1019	  2,0360000000e+03	 -2,99040e-01	  5,37148e-01
1020	  2,0380000000e+03	 -2,95968e-01	  5,38780e-01
1021	  2,0400000000e+03	 -2,90473e-01	  5,42313e-01
1022	  2,0420000000e+03	 -2,84067e-01	  5,45004e-01
1023	  2,0440000000e+03	 -2,77798e-01	  5,47869e-01
1024	  2,0460000000e+03	 -2,72944e-01	  5,49468e-01
1025	  2,0480000000e+03	 -2,69488e-01	  5,51528e-01
1026	  2,0500000000e+03	 -2,64702e-01	  5,55409e-01
1027	  2,0520000000e+03	 -2,57185e-01	  5,61582e-01
1028	  2,0540000000e+03	 -2,52573e-01	  5,64870e-01
1029	  2,0560000000e+03	 -2,43906e-01	  5,66931e-01
1030	  2,0580000000e+03	 -2,37774e-01	  5,70733e-01
1031	  2,0600000000e+03	 -2,30102e-01	  5,72500e-01
1032	  2,0620000000e+03	 -2,26681e-01	  5,75547e-01
1033	  2,0640000000e+03	 -2,22347e-01	  5,83109e-01
1034	  2,0660000000e+03	 -2,16427e-01	  5,85397e-01
1035	  2,0680000000e+03	 -2,07953e-01	  5,89637e-01
1036	  2,0700000000e+03	 -2,03336e-01	  5,89726e-01
1037	  2,0720000000e+03	 -1,96552e-01	  5,91686e-01
1038	  2,0740000000e+03	 -1,87951e-01	  5,94091e-01
1039	  2,0760000000e+03	 -1,82561e-01	  5,95074e-01
1040	  2,0780000000e+03	 -1,72301e-01	  5,95845e-01
1041	  2,0800000000e+03	 -1,63325e-01	  5,95138e-01
1042	  2,0820000000e+03	 -1,59079e-01	  5,96369e-01
1043	  2,0840000000e+03	 -1,57039e-01	  5,96841e-01
1044	  2,0860000000e+03	 -1,48953e-01	  6,00796e-01
1045	  2,0880000000e+03	 -1,41276e-01	  6,03901e-01
1046	  2,0900000000e+03	 -1,36470e-01	  6,07439e-01
1047	  2,0920000000e+03	 -1,29402e-01	  6,11377e-01
1048	  2,0940000000e+03	 -1,23324e-01	  6,11787e-01
1049	  2,0960000000e+03	 -1,18895e-01	  6,13871e-01
1050	  2,0980000000e+03	 -1,11439e-01	  6,16234e-01
1051	  2,1000000000e+03	 -1,03524e-01	  6,14012e-01
1052	  2,1020000000e+03	 -9,78237e-02	  6,13714e-01
1053	  2,1040000000e+03	 -9,03099e-02	  6,15247e-01
1054	  2,1060000000e+03	 -8,55847e-02	  6,12520e-01
1055	  2,1080000000e+03	 -8,00252e-02	  6,14525e-01
1056	  2,1100000000e+03	 -7,76460e-02	  6,17437e-01
1057	  2,1120000000e+03	 -7,31706e-02	  6,19982e-01
1058	  2,1140000000e+03	 -6,33530e-02	  6,20107e-01
1059	  2,1160000000e+03	 -5,74892e-02	  6,19610e-01
1060	  2,1180000000e+03	 -5,21581e-02	  6,20724e-01
1061	  2,1200000000e+03	 -4,65992e-02	  6,24438e-01
1062	  2,1220000000e+03	 -3,85235e-02	  6,27694e-01
1063	  2,1240000000e+03	 -3,06544e-02	  6,26422e-01
1064	  2,1260000000e+03	 -2,63757e-02	  6,25594e-01
1065	  2,1280000000e+03	 -2,04614e-02	  6,26929e-01
1066	  2,1300000000e+03	 -1,16829e-02	  6,28325e-01
1067	  2,1320000000e+03	 -1,61471e-03	  6,32769e-01
1068	  2,1340000000e+03	  4,54755e-03	  6,34036e-01
1069	  2,1360000000e+03	  6,66042e-03	  6,33502e-01
1070	  2,1380000000e+03	  1,42214e-02	  6,33591e-01
1071	  2,1400000000e+03	  2,28019e-02	  6,34011e-01
1072	  2,1420000000e+03	  3,04337e-02	  6,34849e-01
1073	  2,1440000000e+03	  3,59593e-02	  6,32880e-01
1074	  2,1460000000e+03	  3,98969e-02	  6,30273e-01
1075	  2,1480000000e+03	  4,97124e-02	  6,31674e-01
1076	  2,1500000000e+03	  5,79349e-02	  6,34534e-01
1077	  2,1520000000e+03	  6,30031e-02	  6,36449e-01
1078	  2,1540000000e+03	  7,06832e-02	  6,34533e-01
1079	  2,1560000000e+03	  7,84160e-02	  6,35956e-01
1080	  2,1580000000e+03	  8,45675e-02	  6,33833e-01
1081	  2,1600000000e+03	  9,31514e-02	  6,32382e-01
1082	  2,1620000000e+03	  9,93933e-02	  6,29570e-01
1083	  2,1640000000e+03	  1,07113e-01	  6,30869e-01
1084	  2,1660000000e+03	  1,11676e-01	  6,29668e-01
1085	  2,1680000000e+03	  1,17911e-01	  6,30512e-01
1086	  2,1700000000e+03	  1,24183e-01	  6,29663e-01
1087	  2,1720000000e+03	  1,27859e-01	  6,29411e-01
1088	  2,1740000000e+03	  1,36109e-01	  6,29845e-01
1089	  2,1760000000e+03	  1,41130e-01	  6,29943e-01
1090	  2,1780000000e+03	  1,50809e-01	  6,31050e-01
1091	  2,1800000000e+03	  1,61143e-01	  6,30486e-01
1092	  2,1820000000e+03	  1,69704e-01	  6,30232e-01
1093	  2,1840000000e+03	  1,73766e-01	  6,29519e-01
1094	  2,1860000000e+03	  1,80290e-01	  6,27248e-01
1095	  2,1880000000e+03	  1,85957e-01	  6,23553e-01
1096	  2,1900000000e+03	  1,93633e-01	  6,22246e-01
1097	  2,1920000000e+03	  2,00726e-01	  6,23950e-01
1098	  2,1940000000e+03	  2,06286e-01	  6,21566e-01
1099	  2,1960000000e+03	  2,12237e-01	  6,17469e-01
1100	  2,1980000000e+03	  2,21703e-01	  6,17665e-01
1101	  2,2000000000e+03	  2,28516e-01	  6,14314e-01
1102	  2,2020000000e+03	  2,37945e-01	  6,13424e-01
1103	  2,2040000000e+03	  2,44527e-01	  6,11434e-01
1104	  2,2060000000e+03	  2,52136e-01	  6,10247e-01
1105	  2,2080000000e+03	  2,57472e-01	  6,09178e-01
1106	  2,2100000000e+03	  2,66424e-01	  6,07477e-01
1107	  2,2120000000e+03	  2,75507e-01	  6,06668e-01
1108	  2,2140000000e+03	  2,81674e-01	  6,02395e-01
1109	  2,2160000000e+03	  2,90374e-01	  5,97442e-01
1110	  2,2180000000e+03	  2,94976e-01	  5,97176e-01
1111	  2,2200000000e+03	  3,01786e-01	  5,95367e-01
1112	  2,2220000000e+03	  3,10744e-01	  5,90815e-01
1113	  2,2240000000e+03	  3,18638e-01	  5,88091e-01
1114	  2,2260000000e+03	  3,26544e-01	  5,88368e-01
1115	  2,2280000000e+03	  3,32371e-01	  5,84932e-01
1116	  2,2300000000e+03	  3,38272e-01	  5,79654e-01
1117	  2,2320000000e+03	  3,45928e-01	  5,75440e-01
1118	  2,2340000000e+03	  3,51229e-01	  5,73849e-01
1119	  2,2360000000e+03	  3,59092e-01	  5,69217e-01
1120	  2,2380000000e+03	  3,66709e-01	  5,66294e-01
1121	  2,2400000000e+03	  3,74131e-01	  5,66018e-01
1122	  2,2420000000e+03	  3,80322e-01	  5,64007e-01
1123	  2,2440000000e+03	  3,89282e-01	  5,60767e-01
1124	  2,2460000000e+03	  3,99202e-01	  5,58891e-01
1125	  2,2480000000e+03	  4,05752e-01	  5,57046e-01
1126	  2,2500000000e+03	  4,10333e-01	  5,51333e-01
1127	  2,2520000000e+03	  4,18912e-01	  5,47643e-01
1128	  2,2540000000e+03	  4,24552e-01	  5,44785e-01
1129	  2,2560000000e+03	  4,32113e-01	  5,37902e-01
1130	  2,2580000000e+03	  4,41872e-01	  5,33919e-01
1131	  2,2600000000e+03	  4,53966e-01	  5,32002e-01
1132	  2,2620000000e+03	  4,59486e-01	  5,28114e-01
1133	  2,2640000000e+03	  4,63169e-01	  5,21883e-01
1134	  2,2660000000e+03	  4,73707e-01	  5,14803e-01
1135	  2,2680000000e+03	  4,85264e-01	  5,10645e-01
1136	  2,2700000000e+03	  4,91225e-01	  5,01351e-01
1137	  2,2720000000e+03	  4,99839e-01	  4,92193e-01
1138	  2,2740000000e+03	  5,04204e-01	  4,87613e-01
1139	  2,2760000000e+03	  5,08085e-01	  4,82531e-01
1140	  2,2780000000e+03	  5,16038e-01	  4,75943e-01
1141	  2,2800000000e+03	  5,22367e-01	  4,69843e-01
1142	  2,2820000000e+03	  5,27120e-01	  4,63418e-01
1143	  2,2840000000e+03	  5,31053e-01	  4,57848e-01
1144	  2,2860000000e+03	  5,37606e-01	  4,49922e-01
1145	  2,2880000000e+03	  5,45872e-01	  4,43639e-01
1146	  2,2900000000e+03	  5,52686e-01	  4,35448e-01
1147	  2,2920000000e+03	  5,57785e-01	  4,31283e-01
1148	  2,2940000000e+03	  5,61393e-01	  4,23733e-01
1149	  2,2960000000e+03	  5,67304e-01	  4,15282e-01
1150	  2,2980000000e+03	  5,73342e-01	  4,06841e-01
1151	  2,3000000000e+03	  5,80104e-01	  4,00090e-01
1152	  2,3020000000e+03	  5,85501e-01	  3,95404e-01
1153	  2,3040000000e+03	  5,90470e-01	  3,90514e-01
1154	  2,3060000000e+03	  5,95938e-01	  3,79929e-01
1155	  2,3080000000e+03	  5,96462e-01	  3,71617e-01
1156	  2,3100000000e+03	  6,03407e-01	  3,64305e-01
1157	  2,3120000000e+03	  6,10592e-01	  3,56075e-01
1158	  2,3140000000e+03	  6,13634e-01	  3,50303e-01
1159	  2,3160000000e+03	  6,18922e-01	  3,42232e-01
1160	  2,3180000000e+03	  6,24553e-01	  3,32100e-01
1161	  2,3200000000e+03	  6,28208e-01	  3,24583e-01
1162	  2,3220000000e+03	  6,27736e-01	  3,18979e-01
1163	  2,3240000000e+03	  6,33074e-01	  3,11922e-01
1164	  2,3260000000e+03	  6,39857e-01	  3,02117e-01
1165	  2,3280000000e+03	  6,45351e-01	  2,94107e-01
1166	  2,3300000000e+03	  6,48185e-01	  2,85837e-01
1167	  2,3320000000e+03	  6,49720e-01	  2,77356e-01
1168	  2,3340000000e+03	  6,49179e-01	  2,70949e-01
1169	  2,3360000000e+03	  6,52102e-01	  2,66024e-01
1170	  2,3380000000e+03	  6,54963e-01	  2,54447e-01
1171	  2,3400000000e+03	  6,56382e-01	  2,45139e-01
1172	  2,3420000000e+03	  6,58232e-01	  2,36698e-01
1173	  2,3440000000e+03	  6,61011e-01	  2,28056e-01
1174	  2,3460000000e+03	  6,64947e-01	  2,20821e-01
1175	  2,3480000000e+03	  6,67075e-01	  2,12697e-01
1176	  2,3500000000e+03	  6,68805e-01	  2,07486e-01
1177	  2,3520000000e+03	  6,73323e-01	  2,01316e-01
1178	  2,3540000000e+03	  6,77256e-01	  1,93133e-01
1179	  2,3560000000e+03	  6,78265e-01	  1,85899e-01
1180	  2,3580000000e+03	  6,78627e-01	  1,76993e-01
1181	  2,3600000000e+03	  6,81536e-01	  1,69939e-01
1182	  2,3620000000e+03	  6,82250e-01	  1,61912e-01
1183	  2,3640000000e+03	  6,83791e-01	  1,52037e-01
1184	  2,3660000000e+03	  6,86073e-01	  1,41369e-01
1185	  2,3680000000e+03	  6,88403e-01	  1,38496e-01
1186	  2,3700000000e+03	  6,88175e-01	  1,30831e-01
1187	  2,3720000000e+03	  6,89112e-01	  1,21577e-01
1188	  2,3740000000e+03	  6,92559e-01	  1,13920e-01
1189	  2,3760000000e+03	  6,93113e-01	  1,06071e-01
1190	  2,3780000000e+03	  6,93924e-01	  9,51632e-02
1191	  2,3800000000e+03	  6,95846e-01	  8,78817e-02
1192	  2,3820000000e+03	  6,98106e-01	  8,33214e-02
1193	  2,3840000000e+03	  7,00758e-01	  7,46747e-02
1194	  2,3860000000e+03	  6,97289e-01	  6,57210e-02
1195	  2,3880000000e+03	  6,96582e-01	  5,78544e-02
1196	  2,3900000000e+03	  6,97962e-01	  4,82129e-02
1197	  2,3920000000e+03	  6,98096e-01	  4,10803e-02
1198	  2,3940000000e+03	  7,01094e-01	  3,15985e-02
1199	  2,3960000000e+03	  7,00569e-01	  2,59980e-02
1200	  2,3980000000e+03	  6,98272e-01	  2,14656e-02
1201	  2,4000000000e+03	  6,99711e-01	  1,38741e-02
1202	  2,4020000000e+03	  7,04250e-01	  5,84109e-03
1203	  2,4040000000e+03	  7,04562e-01	 -2,97507e-03
1204	  2,4060000000e+03	  7,04677e-01	 -1,27073e-02
1205	  2,4080000000e+03	  7,07102e-01	 -2,35654e-02
1206	  2,4100000000e+03	  7,06279e-01	 -3,20477e-02
1207	  2,4120000000e+03	  7,05878e-01	 -4,17960e-02
1208	  2,4140000000e+03	  7,06838e-01	 -5,07520e-02
1209	  2,4160000000e+03	  7,03755e-01	 -5,80867e-02
1210	  2,4180000000e+03	  6,97588e-01	 -6,55426e-02
1211	  2,4200000000e+03	  6,95593e-01	 -7,64726e-02
1212	  2,4220000000e+03	  6,94768e-01	 -8,28077e-02
1213	  2,4240000000e+03	  6,95828e-01	 -8,87316e-02
1214	  2,4260000000e+03	  6,95516e-01	 -9,84750e-02
1215	  2,4280000000e+03	  6,92870e-01	 -1,07141e-01
1216	  2,4300000000e+03	  6,91958e-01	 -1,12753e-01
1217	  2,4320000000e+03	  6,89856e-01	 -1,19128e-01
1218	  2,4340000000e+03	  6,87751e-01	 -1,25894e-01
1219	  2,4360000000e+03	  6,88903e-01	 -1,33828e-01
1220	  2,4380000000e+03	  6,91814e-01	 -1,42879e-01
1221	  2,4400000000e+03	  6,85279e-01	 -1,50789e-01
1222	  2,4420000000e+03	  6,83037e-01	 -1,55210e-01
1223	  2,4440000000e+03	  6,86749e-01	 -1,62179e-01
1224	  2,4460000000e+03	  6,85009e-01	 -1,71526e-01
1225	  2,4480000000e+03	  6,82656e-01	 -1,81596e-01
1226	  2,4500000000e+03	  6,80431e-01	 -1,91449e-01
1227	  2,4520000000e+03	  6,78444e-01	 -2,01780e-01
1228	  2,4540000000e+03	  6,75313e-01	 -2,07066e-01
1229	  2,4560000000e+03	  6,71509e-01	 -2,14631e-01
1230	  2,4580000000e+03	  6,68280e-01	 -2,25081e-01
1231	  2,4600000000e+03	  6,68703e-01	 -2,32224e-01
1232	  2,4620000000e+03	  6,64090e-01	 -2,38231e-01
1233	  2,4640000000e+03	  6,57582e-01	 -2,44651e-01
1234	  2,4660000000e+03	  6,57999e-01	 -2,51672e-01
1235	  2,4680000000e+03	  6,58094e-01	 -2,61402e-01
1236	  2,4700000000e+03	  6,56170e-01	 -2,69686e-01
1237	  2,4720000000e+03	  6,52157e-01	 -2,76749e-01
1238	  2,4740000000e+03	  6,47546e-01	 -2,86046e-01
1239	  2,4760000000e+03	  6,46473e-01	 -2,93379e-01
1240	  2,4780000000e+03	  6,43154e-01	 -2,99231e-01
1241	  2,4800000000e+03	  6,37197e-01	 -3,13378e-01
1242	  2,4820000000e+03	  6,36001e-01	 -3,23544e-01
1243	  2,4840000000e+03	  6,33345e-01	 -3,29169e-01
1244	  2,4860000000e+03	  6,28714e-01	 -3,35967e-01
1245	  2,4880000000e+03	  6,22320e-01	 -3,43609e-01
1246	  2,4900000000e+03	  6,16259e-01	 -3,50096e-01
1247	  2,4920000000e+03	  6,12804e-01	 -3,56664e-01
1248	  2,4940000000e+03	  6,09274e-01	 -3,64534e-01
1249	  2,4960000000e+03	  6,03070e-01	 -3,68851e-01
1250	  2,4980000000e+03	  5,99217e-01	 -3,78807e-01
1251	  2,5000000000e+03	  5,93441e-01	 -3,86397e-01
1252	  2,5020000000e+03	  5,85148e-01	 -3,91182e-01
1253	  2,5040000000e+03	  5,77892e-01	 -3,97897e-01
1254	  2,5060000000e+03	  5,72282e-01	 -4,02571e-01
1255	  2,5080000000e+03	  5,67843e-01	 -4,07370e-01
1256	  2,5100000000e+03	  5,64026e-01	 -4,13058e-01
1257	  2,5120000000e+03	  5,59767e-01	 -4,16506e-01
1258	  2,5140000000e+03	  5,57545e-01	 -4,22236e-01
1259	  2,5160000000e+03	  5,54506e-01	 -4,25902e-01
1260	  2,5180000000e+03	  5,48655e-01	 -4,28729e-01
1261	  2,5200000000e+03	  5,45063e-01	 -4,33547e-01
1262	  2,5220000000e+03	  5,41805e-01	 -4,39355e-01
1263	  2,5240000000e+03	  5,36363e-01	 -4,45475e-01
1264	  2,5260000000e+03	  5,34694e-01	 -4,48457e-01
1265	  2,5280000000e+03	  5,32274e-01	 -4,55117e-01
1266	  2,5300000000e+03	  5,26380e-01	 -4,61982e-01
1267	  2,5320000000e+03	  5,21489e-01	 -4,65591e-01
1268	  2,5340000000e+03	  5,18862e-01	 -4,71443e-01
1269	  2,5360000000e+03	  5,19664e-01	 -4,76458e-01
1270	  2,5380000000e+03	  5,14934e-01	 -4,81703e-01
1271	  2,5400000000e+03	  5,12389e-01	 -4,87929e-01
1272	  2,5420000000e+03	  5,07274e-01	 -4,95163e-01
1273	  2,5440000000e+03	  5,05857e-01	 -5,04648e-01
1274	  2,5460000000e+03	  5,05728e-01	 -5,11643e-01
1275	  2,5480000000e+03	  5,01521e-01	 -5,20942e-01
1276	  2,5500000000e+03	  4,94771e-01	 -5,28905e-01
1277	  2,5520000000e+03	  4,88453e-01	 -5,37765e-01
1278	  2,5540000000e+03	  4,84787e-01	 -5,45958e-01
1279	  2,5560000000e+03	  4,77877e-01	 -5,54186e-01
1280	  2,5580000000e+03	  4,69908e-01	 -5,60949e-01
1281	  2,5600000000e+03	  4,66910e-01	 -5,69589e-01
1282	  2,5620000000e+03	  4,59398e-01	 -5,75088e-01
1283	  2,5640000000e+03	  4,50529e-01	 -5,85361e-01
1284	  2,5660000000e+03	  4,42961e-01	 -5,92373e-01
1285	  2,5680000000e+03	  4,31962e-01	 -5,97753e-01
1286	  2,5700000000e+03	  4,26189e-01	 -6,08796e-01
1287	  2,5720000000e+03	  4,21245e-01	 -6,11444e-01
1288	  2,5740000000e+03	  4,10829e-01	 -6,18953e-01
1289	  2,5760000000e+03	  4,00404e-01	 -6,25945e-01
1290	  2,5780000000e+03	  3,92079e-01	 -6,32307e-01
1291	  2,5800000000e+03	  3,83986e-01	 -6,38007e-01
1292	  2,5820000000e+03	  3,78086e-01	 -6,42587e-01
1293	  2,5840000000e+03	  3,67816e-01	 -6,46637e-01
1294	  2,5860000000e+03	  3,57899e-01	 -6,53141e-01
1295	  2,5880000000e+03	  3,50927e-01	 -6,58818e-01
1296	  2,5900000000e+03	  3,41551e-01	 -6,63763e-01
1297	  2,5920000000e+03	  3,32521e-01	 -6,68893e-01
1298	  2,5940000000e+03	  3,20831e-01	 -6,71777e-01
1299	  2,5960000000e+03	  3,12063e-01	 -6,73897e-01
1300	  2,5980000000e+03	  3,07095e-01	 -6,80249e-01
1301	  2,6000000000e+03	  2,98566e-01	 -6,87073e-01
1302	  2,6020000000e+03	  2,82997e-01	 -6,86995e-01
1303	  2,6040000000e+03	  2,73776e-01	 -6,85483e-01
1304	  2,6060000000e+03	  2,67478e-01	 -6,89978e-01
1305	  2,6080000000e+03	  2,59227e-01	 -6,94079e-01
1306	  2,6100000000e+03	  2,50550e-01	 -6,98561e-01
1307	  2,6120000000e+03	  2,42054e-01	 -6,98929e-01
1308	  2,6140000000e+03	  2,34446e-01	 -7,00112e-01
1309	  2,6160000000e+03	  2,23909e-01	 -7,03079e-01
1310	  2,6180000000e+03	  2,14169e-01	 -7,05435e-01
1311	  2,6200000000e+03	  2,05918e-01	 -7,04716e-01
1312	  2,6220000000e+03	  1,96536e-01	 -7,06143e-01
1313	  2,6240000000e+03	  1,87432e-01	 -7,09895e-01
1314	  2,6260000000e+03	  1,79404e-01	 -7,10282e-01
1315	  2,6280000000e+03	  1,70547e-01	 -7,11053e-01
1316	  2,6300000000e+03	  1,60986e-01	 -7,11051e-01
1317	  2,6320000000e+03	  1,56375e-01	 -7,10634e-01
1318	  2,6340000000e+03	  1,48090e-01	 -7,11884e-01
1319	  2,6360000000e+03	  1,41708e-01	 -7,14793e-01
1320	  2,6380000000e+03	  1,33084e-01	 -7,17031e-01
1321	  2,6400000000e+03	  1,25074e-01	 -7,19076e-01
1322	  2,6420000000e+03	  1,16849e-01	 -7,19217e-01
1323	  2,6440000000e+03	  1,05413e-01	 -7,22513e-01
1324	  2,6460000000e+03	  9,87493e-02	 -7,24729e-01
1325	  2,6480000000e+03	  9,34736e-02	 -7,26149e-01
1326	  2,6500000000e+03	  8,57889e-02	 -7,24617e-01
1327	  2,6520000000e+03	  7,54195e-02	 -7,26409e-01
1328	  2,6540000000e+03	  6,62851e-02	 -7,29136e-01
1329	  2,6560000000e+03	  6,03320e-02	 -7,30903e-01
1330	  2,6580000000e+03	  5,02021e-02	 -7,33660e-01
1331	  2,6600000000e+03	  4,41608e-02	 -7,36826e-01
1332	  2,6620000000e+03	  3,40037e-02	 -7,38397e-01
1333	  2,6640000000e+03	  2,16092e-02	 -7,38593e-01
1334	  2,6660000000e+03	  1,17622e-02	 -7,40277e-01
1335	  2,6680000000e+03	  9,29897e-04	 -7,38522e-01
1336	  2,6700000000e+03	 -1,11942e-02	 -7,35606e-01
1337	  2,6720000000e+03	 -2,08360e-02	 -7,34415e-01
1338	  2,6740000000e+03	 -2,78003e-02	 -7,35238e-01
1339	  2,6760000000e+03	 -3,73316e-02	 -7,35293e-01
1340	  2,6780000000e+03	 -4,61106e-02	 -7,32811e-01
1341	  2,6800000000e+03	 -5,35234e-02	 -7,29292e-01
1342	  2,6820000000e+03	 -6,07455e-02	 -7,29394e-01
1343	  2,6840000000e+03	 -6,76419e-02	 -7,28305e-01
1344	  2,6860000000e+03	 -7,62154e-02	 -7,27175e-01
1345	  2,6880000000e+03	 -8,29420e-02	 -7,24091e-01
1346	  2,6900000000e+03	 -8,64063e-02	 -7,21037e-01
1347	  2,6920000000e+03	 -9,41712e-02	 -7,23407e-01
1348	  2,6940000000e+03	 -1,05634e-01	 -7,23390e-01
1349	  2,6960000000e+03	 -1,11949e-01	 -7,24147e-01
1350	  2,6980000000e+03	 -1,19508e-01	 -7,23621e-01
1351	  2,7000000000e+03	 -1,31028e-01	 -7,20888e-01
1352	  2,7020000000e+03	 -1,37983e-01	 -7,20075e-01
1353	  2,7040000000e+03	 -1,44637e-01	 -7,17310e-01
1354	  2,7060000000e+03	 -1,52614e-01	 -7,15274e-01
1355	  2,7080000000e+03	 -1,64006e-01	 -7,15116e-01
1356	  2,7100000000e+03	 -1,70601e-01	 -7,15747e-01
1357	  2,7120000000e+03	 -1,74552e-01	 -7,13854e-01
1358	  2,7140000000e+03	 -1,84196e-01	 -7,14819e-01
1359	  2,7160000000e+03	 -1,93004e-01	 -7,13229e-01
1360	  2,7180000000e+03	 -1,99338e-01	 -7,12873e-01
1361	  2,7200000000e+03	 -2,11301e-01	 -7,14565e-01
1362	  2,7220000000e+03	 -2,21731e-01	 -7,12766e-01
1363	  2,7240000000e+03	 -2,29965e-01	 -7,13702e-01
1364	  2,7260000000e+03	 -2,38623e-01	 -7,13625e-01
1365	  2,7280000000e+03	 -2,49239e-01	 -7,11863e-01
1366	  2,7300000000e+03	 -2,62996e-01	 -7,09175e-01
1367	  2,7320000000e+03	 -2,72889e-01	 -7,05648e-01
1368	  2,7340000000e+03	 -2,84249e-01	 -7,03832e-01
1369	  2,7360000000e+03	 -2,94453e-01	 -7,01654e-01
1370	  2,7380000000e+03	 -3,03546e-01	 -6,99224e-01
1371	  2,7400000000e+03	 -3,14657e-01	 -6,95166e-01
1372	  2,7420000000e+03	 -3,25576e-01	 -6,90636e-01
1373	  2,7440000000e+03	 -3,37559e-01	 -6,86550e-01
1374	  2,7460000000e+03	 -3,48380e-01	 -6,80273e-01
1375	  2,7480000000e+03	 -3,56035e-01	 -6,75320e-01
1376	  2,7500000000e+03	 -3,63688e-01	 -6,72207e-01
1377	  2,7520000000e+03	 -3,76732e-01	 -6,66329e-01
1378	  2,7540000000e+03	 -3,85414e-01	 -6,60099e-01
1379	  2,7560000000e+03	 -3,92229e-01	 -6,56421e-01
1380	  2,7580000000e+03	 -4,01027e-01	 -6,49004e-01
1381	  2,7600000000e+03	 -4,07390e-01	 -6,40880e-01
1382	  2,7620000000e+03	 -4,16596e-01	 -6,37791e-01
1383	  2,7640000000e+03	 -4,25231e-01	 -6,32414e-01
1384	  2,7660000000e+03	 -4,33775e-01	 -6,25292e-01
1385	  2,7680000000e+03	 -4,42326e-01	 -6,20306e-01
1386	  2,7700000000e+03	 -4,49971e-01	 -6,11223e-01
1387	  2,7720000000e+03	 -4,57687e-01	 -6,04439e-01
1388	  2,7740000000e+03	 -4,62558e-01	 -6,01372e-01
1389	  2,7760000000e+03	 -4,68373e-01	 -5,95376e-01
1390	  2,7780000000e+03	 -4,79283e-01	 -5,89437e-01
1391	  2,7800000000e+03	 -4,90589e-01	 -5,84643e-01
1392	  2,7820000000e+03	 -4,97942e-01	 -5,80020e-01
1393	  2,7840000000e+03	 -5,04006e-01	 -5,69816e-01
1394	  2,7860000000e+03	 -5,08621e-01	 -5,60923e-01
1395	  2,7880000000e+03	 -5,15227e-01	 -5,54516e-01
1396	  2,7900000000e+03	 -5,21368e-01	 -5,46686e-01
1397	  2,7920000000e+03	 -5,26330e-01	 -5,38951e-01
1398	  2,7940000000e+03	 -5,30905e-01	 -5,30981e-01
1399	  2,7960000000e+03	 -5,38852e-01	 -5,26219e-01
1400	  2,7980000000e+03	 -5,45865e-01	 -5,16502e-01
1401	  2,8000000000e+03	 -5,54064e-01	 -5,12554e-01
1402	  2,8020000000e+03	 -5,58816e-01	 -5,10621e-01
1403	  2,8040000000e+03	 -5,67408e-01	 -5,04581e-01
1404	  2,8060000000e+03	 -5,74295e-01	 -4,97840e-01
1405	  2,8080000000e+03	 -5,82927e-01	 -4,91941e-01
1406	  2,8100000000e+03	 -5,89339e-01	 -4,85573e-01
1407	  2,8120000000e+03	 -5,97679e-01	 -4,78891e-01
1408	  2,8140000000e+03	 -6,09321e-01	 -4,68576e-01
1409	  2,8160000000e+03	 -6,14911e-01	 -4,59786e-01
1410	  2,8180000000e+03	 -6,19398e-01	 -4,52679e-01
1411	  2,8200000000e+03	 -6,26964e-01	 -4,43271e-01
1412	  2,8220000000e+03	 -6,33021e-01	 -4,31594e-01
1413	  2,8240000000e+03	 -6,40599e-01	 -4,25623e-01
1414	  2,8260000000e+03	 -6,43460e-01	 -4,17458e-01
1415	  2,8280000000e+03	 -6,49085e-01	 -4,07530e-01
1416	  2,8300000000e+03	 -6,55822e-01	 -3,98694e-01
1417	  2,8320000000e+03	 -6,63962e-01	 -3,89017e-01
1418	  2,8340000000e+03	 -6,68836e-01	 -3,79504e-01
1419	  2,8360000000e+03	 -6,75037e-01	 -3,71586e-01
1420	  2,8380000000e+03	 -6,81200e-01	 -3,59544e-01
1421	  2,8400000000e+03	 -6,85538e-01	 -3,50929e-01
1422	  2,8420000000e+03	 -6,90870e-01	 -3,40752e-01
1423	  2,8440000000e+03	 -6,97620e-01	 -3,28354e-01
1424	  2,8460000000e+03	 -7,02467e-01	 -3,18505e-01
1425	  2,8480000000e+03	 -7,05387e-01	 -3,08426e-01
1426	  2,8500000000e+03	 -7,10061e-01	 -2,99511e-01
1427	  2,8520000000e+03	 -7,15226e-01	 -2,88463e-01
1428	  2,8540000000e+03	 -7,16690e-01	 -2,75188e-01
1429	  2,8560000000e+03	 -7,18705e-01	 -2,65876e-01
1430	  2,8580000000e+03	 -7,22625e-01	 -2,53587e-01
1431	  2,8600000000e+03	 -7,26741e-01	 -2,42466e-01
1432	  2,8620000000e+03	 -7,29496e-01	 -2,32674e-01
1433	  2,8640000000e+03	 -7,30528e-01	 -2,22200e-01
1434	  2,8660000000e+03	 -7,33340e-01	 -2,10594e-01
1435	  2,8680000000e+03	 -7,34496e-01	 -1,98690e-01
1436	  2,8700000000e+03	 -7,34926e-01	 -1,87966e-01
1437	  2,8720000000e+03	 -7,39495e-01	 -1,81292e-01
1438	  2,8740000000e+03	 -7,42327e-01	 -1,68506e-01
1439	  2,8760000000e+03	 -7,43043e-01	 -1,57009e-01
1440	  2,8780000000e+03	 -7,45784e-01	 -1,46056e-01
1441	  2,8800000000e+03	 -7,49883e-01	 -1,35513e-01
1442	  2,8820000000e+03	 -7,50180e-01	 -1,23064e-01
1443	  2,8840000000e+03	 -7,47869e-01	 -1,09188e-01
1444	  2,8860000000e+03	 -7,45008e-01	 -9,79817e-02
1445	  2,8880000000e+03	 -7,45785e-01	 -8,51692e-02
1446	  2,8900000000e+03	 -7,48336e-01	 -7,67678e-02
1447	  2,8920000000e+03	 -7,47643e-01	 -6,64077e-02
1448	  2,8940000000e+03	 -7,46756e-01	 -5,23809e-02
1449	  2,8960000000e+03	 -7,43760e-01	 -3,84441e-02
1450	  2,8980000000e+03	 -7,42843e-01	 -2,74084e-02
1451	  2,9000000000e+03	 -7,45177e-01	 -2,03145e-02
1452	  2,9020000000e+03	 -7,43716e-01	 -6,97545e-03
1453	  2,9040000000e+03	 -7,40575e-01	  3,99537e-03
1454	  2,9060000000e+03	 -7,37928e-01	  1,44019e-02
1455	  2,9080000000e+03	 -7,35931e-01	  2,45607e-02
1456	  2,9100000000e+03	 -7,33348e-01	  3,59153e-02
1457	  2,9120000000e+03	 -7,27302e-01	  4,77116e-02
1458	  2,9140000000e+03	 -7,25563e-01	  5,74352e-02
1459	  2,9160000000e+03	 -7,23852e-01	  6,70558e-02
1460	  2,9180000000e+03	 -7,21484e-01	  7,79244e-02
1461	  2,9200000000e+03	 -7,18010e-01	  8,87391e-02
1462	  2,9220000000e+03	 -7,11797e-01	  9,84366e-02
1463	  2,9240000000e+03	 -7,05014e-01	  1,08056e-01
1464	  2,9260000000e+03	 -7,04766e-01	  1,18112e-01
1465	  2,9280000000e+03	 -7,00575e-01	  1,29290e-01
1466	  2,9300000000e+03	 -6,96888e-01	  1,38084e-01
1467	  2,9320000000e+03	 -6,89321e-01	  1,44769e-01
1468	  2,9340000000e+03	 -6,84740e-01	  1,52923e-01
1469	  2,9360000000e+03	 -6,80073e-01	  1,62758e-01
1470	  2,9380000000e+03	 -6,75583e-01	  1,72337e-01
1471	  2,9400000000e+03	 -6,69388e-01	  1,77846e-01
1472	  2,9420000000e+03	 -6,64370e-01	  1,86214e-01
1473	  2,9440000000e+03	 -6,60869e-01	  1,94211e-01
1474	  2,9460000000e+03	 -6,58713e-01	  2,03542e-01
1475	  2,9480000000e+03	 -6,52913e-01	  2,11079e-01
1476	  2,9500000000e+03	 -6,50646e-01	  2,19174e-01
1477	  2,9520000000e+03	 -6,45720e-01	  2,27189e-01
1478	  2,9540000000e+03	 -6,39404e-01	  2,35761e-01
1479	  2,9560000000e+03	 -6,31693e-01	  2,44262e-01
1480	  2,9580000000e+03	 -6,31011e-01	  2,53250e-01
1481	  2,9600000000e+03	 -6,25569e-01	  2,60354e-01
1482	  2,9620000000e+03	 -6,20365e-01	  2,65259e-01
1483	  2,9640000000e+03	 -6,15584e-01	  2,74051e-01
1484	  2,9660000000e+03	 -6,09260e-01	  2,82483e-01
1485	  2,9680000000e+03	 -6,02622e-01	  2,87784e-01
1486	  2,9700000000e+03	 -5,96132e-01	  2,96701e-01
1487	  2,9720000000e+03	 -5,89967e-01	  3,08638e-01
1488	  2,9740000000e+03	 -5,82881e-01	  3,13808e-01
1489	  2,9760000000e+03	 -5,73537e-01	  3,18948e-01
1490	  2,9780000000e+03	 -5,68111e-01	  3,27037e-01
1491	  2,9800000000e+03	 -5,63764e-01	  3,36963e-01
1492	  2,9820000000e+03	 -5,55082e-01	  3,45654e-01
1493	  2,9840000000e+03	 -5,44974e-01	  3,50898e-01
1494	  2,9860000000e+03	 -5,35438e-01	  3,55911e-01
1495	  2,9880000000e+03	 -5,29630e-01	  3,61820e-01
1496	  2,9900000000e+03	 -5,24422e-01	  3,67634e-01
1497	  2,9920000000e+03	 -5,16600e-01	  3,70733e-01
1498	  2,9940000000e+03	 -5,08218e-01	  3,75056e-01
1499	  2,9960000000e+03	 -4,99345e-01	  3,81468e-01
1500	  2,9980000000e+03	 -4,91161e-01	  3,86852e-01
1501	  3,0000000000e+03	 -4,82349e-01	  3,92316e-01
1502	  3,0020000000e+03	 -4,76334e-01	  3,97934e-01
1503	  3,0040000000e+03	 -4,69697e-01	  4,05628e-01
1504	  3,0060000000e+03	 -4,62608e-01	  4,07975e-01
1505	  3,0080000000e+03	 -4,54597e-01	  4,11083e-01
1506	  3,0100000000e+03	 -4,46938e-01	  4,16629e-01
1507	  3,0120000000e+03	 -4,35353e-01	  4,22002e-01
1508	  3,0140000000e+03	 -4,24944e-01	  4,23859e-01
1509	  3,0160000000e+03	 -4,14846e-01	  4,24842e-01
1510	  3,0180000000e+03	 -4,05488e-01	  4,27316e-01
1511	  3,0200000000e+03	 -3,96244e-01	  4,30132e-01
1512	  3,0220000000e+03	 -3,86584e-01	  4,34295e-01
1513	  3,0240000000e+03	 -3,79151e-01	  4,34322e-01
1514	  3,0260000000e+03	 -3,73603e-01	  4,32901e-01
1515	  3,0280000000e+03	 -3,68669e-01	  4,33148e-01
1516	  3,0300000000e+03	 -3,58127e-01	  4,33684e-01
1517	  3,0320000000e+03	 -3,51843e-01	  4,34620e-01
1518	  3,0340000000e+03	 -3,46707e-01	  4,35701e-01
1519	  3,0360000000e+03	 -3,39717e-01	  4,37593e-01
1520	  3,0380000000e+03	 -3,33077e-01	  4,36673e-01
1521	  3,0400000000e+03	 -3,25269e-01	  4,37363e-01
1522	  3,0420000000e+03	 -3,19953e-01	  4,36370e-01
1523	  3,0440000000e+03	 -3,13244e-01	  4,37081e-01
1524	  3,0460000000e+03	 -3,06882e-01	  4,37006e-01
1525	  3,0480000000e+03	 -3,03806e-01	  4,36460e-01
1526	  3,0500000000e+03	 -2,97022e-01	  4,35832e-01
1527	  3,0520000000e+03	 -2,91711e-01	  4,38608e-01
1528	  3,0540000000e+03	 -2,86671e-01	  4,40531e-01
1529	  3,0560000000e+03	 -2,80339e-01	  4,39276e-01
1530	  3,0580000000e+03	 -2,74849e-01	  4,40823e-01
1531	  3,0600000000e+03	 -2,68808e-01	  4,41911e-01
1532	  3,0620000000e+03	 -2,64569e-01	  4,45734e-01
1533	  3,0640000000e+03	 -2,60245e-01	  4,46536e-01
1534	  3,0660000000e+03	 -2,53997e-01	  4,43432e-01
1535	  3,0680000000e+03	 -2,46881e-01	  4,44218e-01
1536	  3,0700000000e+03	 -2,42581e-01	  4,47462e-01
1537	  3,0720000000e+03	 -2,36804e-01	  4,49286e-01
1538	  3,0740000000e+03	 -2,27687e-01	  4,49963e-01
1539	  3,0760000000e+03	 -2,19092e-01	  4,51070e-01
1540	  3,0780000000e+03	 -2,13412e-01	  4,48077e-01
1541	  3,0800000000e+03	 -2,07581e-01	  4,48198e-01
1542	  3,0820000000e+03	 -1,99914e-01	  4,49162e-01
1543	  3,0840000000e+03	 -1,93484e-01	  4,46940e-01
1544	  3,0860000000e+03	 -1,85332e-01	  4,44129e-01
1545	  3,0880000000e+03	 -1,81772e-01	  4,39744e-01
1546	  3,0900000000e+03	 -1,78810e-01	  4,39330e-01
1547	  3,0920000000e+03	 -1,75740e-01	  4,39170e-01
1548	  3,0940000000e+03	 -1,70702e-01	  4,39075e-01
1549	  3,0960000000e+03	 -1,67245e-01	  4,37860e-01
1550	  3,0980000000e+03	 -1,64929e-01	  4,34062e-01
1551	  3,1000000000e+03	 -1,56817e-01	  4,35746e-01
1552	  3,1020000000e+03	 -1,53381e-01	  4,38029e-01
1553	  3,1040000000e+03	 -1,47539e-01	  4,34472e-01
1554	  3,1060000000e+03	 -1,39984e-01	  4,29734e-01
1555	  3,1080000000e+03	 -1,32110e-01	  4,25466e-01
1556	  3,1100000000e+03	 -1,31802e-01	  4,25244e-01
1557	  3,1120000000e+03	 -1,30830e-01	  4,26855e-01
1558	  3,1140000000e+03	 -1,24983e-01	  4,25383e-01
1559	  3,1160000000e+03	 -1,21682e-01	  4,24534e-01
1560	  3,1180000000e+03	 -1,18811e-01	  4,21940e-01
1561	  3,1200000000e+03	 -1,14858e-01	  4,21417e-01
1562	  3,1220000000e+03	 -1,10077e-01	  4,22631e-01
1563	  3,1240000000e+03	 -1,05021e-01	  4,22485e-01
1564	  3,1260000000e+03	 -1,00596e-01	  4,18842e-01
1565	  3,1280000000e+03	 -9,81005e-02	  4,19276e-01
1566	  3,1300000000e+03	 -9,35898e-02	  4,18666e-01
1567	  3,1320000000e+03	 -8,95850e-02	  4,15548e-01
1568	  3,1340000000e+03	 -8,75154e-02	  4,12791e-01
1569	  3,1360000000e+03	 -8,20559e-02	  4,12535e-01
1570	  3,1380000000e+03	 -8,11130e-02	  4,10483e-01
1571	  3,1400000000e+03	 -7,57374e-02	  4,08125e-01
1572	  3,1420000000e+03	 -7,26955e-02	  4,08463e-01
1573	  3,1440000000e+03	 -6,68924e-02	  4,06559e-01
1574	  3,1460000000e+03	 -6,26038e-02	  4,06795e-01
1575	  3,1480000000e+03	 -5,98780e-02	  4,03584e-01
1576	  3,1500000000e+03	 -5,77926e-02	  3,98963e-01
1577	  3,1520000000e+03	 -5,78432e-02	  4,00399e-01
1578	  3,1540000000e+03	 -5,51604e-02	  3,98199e-01
1579	  3,1560000000e+03	 -5,01593e-02	  3,93247e-01
1580	  3,1580000000e+03	 -4,91062e-02	  3,93880e-01
1581	  3,1600000000e+03	 -4,59617e-02	  3,94355e-01
1582	  3,1620000000e+03	 -4,14400e-02	  3,90911e-01
1583	  3,1640000000e+03	 -3,77360e-02	  3,89754e-01
1584	  3,1660000000e+03	 -3,45694e-02	  3,90009e-01
1585	  3,1680000000e+03	 -3,30265e-02	  3,87909e-01
1586	  3,1700000000e+03	 -3,27793e-02	  3,85423e-01
1587	  3,1720000000e+03	 -2,85362e-02	  3,84261e-01
1588	  3,1740000000e+03	 -2,56511e-02	  3,81660e-01
1589	  3,1760000000e+03	 -2,50117e-02	  3,81682e-01
1590	  3,1780000000e+03	 -2,31252e-02	  3,78124e-01
1591	  3,1800000000e+03	 -2,33648e-02	  3,77409e-01
1592	  3,1820000000e+03	 -2,42678e-02	  3,78272e-01
1593	  3,1840000000e+03	 -2,18475e-02	  3,78926e-01
1594	  3,1860000000e+03	 -2,22394e-02	  3,78731e-01
1595	  3,1880000000e+03	 -1,94844e-02	  3,78665e-01
1596	  3,1900000000e+03	 -1,52890e-02	  3,78580e-01
1597	  3,1920000000e+03	 -1,24450e-02	  3,79045e-01
1598	  3,1940000000e+03	 -6,93731e-03	  3,77098e-01
1599	  3,1960000000e+03	 -7,03307e-03	  3,76387e-01
1600	  3,1980000000e+03	 -5,13884e-03	  3,77102e-01
1601	  3,2000000000e+03	 -2,29479e-03	  3,74610e-01
1602	  3,2020000000e+03	  1,78110e-03	  3,70675e-01
1603	  3,2040000000e+03	  3,58747e-03	  3,69802e-01
1604	  3,2060000000e+03	  5,16861e-03	  3,69964e-01
1605	  3,2080000000e+03	  8,64641e-03	  3,72103e-01
1606	  3,2100000000e+03	  7,48212e-03	  3,72295e-01
1607	  3,2120000000e+03	  1,12630e-02	  3,72620e-01
1608	  3,2140000000e+03	  1,48205e-02	  3,73026e-01
1609	  3,2160000000e+03	  1,52641e-02	  3,72357e-01
1610	  3,2180000000e+03	  1,77107e-02	  3,75326e-01
1611	  3,2200000000e+03	  2,20575e-02	  3,71883e-01
1612	  3,2220000000e+03	  2,47817e-02	  3,70104e-01
1613	  3,2240000000e+03	  2,65061e-02	  3,70068e-01
1614	  3,2260000000e+03	  2,91621e-02	  3,69452e-01
1615	  3,2280000000e+03	  2,99014e-02	  3,69331e-01
1616	  3,2300000000e+03	  3,16103e-02	  3,68842e-01
1617	  3,2320000000e+03	  3,39859e-02	  3,66825e-01
1618	  3,2340000000e+03	  4,00405e-02	  3,68855e-01
1619	  3,2360000000e+03	  4,29311e-02	  3,69291e-01
1620	  3,2380000000e+03	  4,60394e-02	  3,69640e-01
1621	  3,2400000000e+03	  4,65859e-02	  3,69339e-01
1622	  3,2420000000e+03	  4,98443e-02	  3,66809e-01
1623	  3,2440000000e+03	  5,10924e-02	  3,67708e-01
1624	  3,2460000000e+03	  5,20599e-02	  3,68798e-01
1625	  3,2480000000e+03	  5,55111e-02	  3,65997e-01
1626	  3,2500000000e+03	  5,62242e-02	  3,64037e-01
1627	  3,2520000000e+03	  6,12324e-02	  3,61398e-01
1628	  3,2540000000e+03	  6,59228e-02	  3,61668e-01
1629	  3,2560000000e+03	  6,73398e-02	  3,63570e-01
1630	  3,2580000000e+03	  7,02112e-02	  3,62780e-01
1631	  3,2600000000e+03	  7,29954e-02	  3,62419e-01
1632	  3,2620000000e+03	  7,57899e-02	  3,62988e-01
1633	  3,2640000000e+03	  7,84559e-02	  3,61845e-01
1634	  3,2660000000e+03	  8,64597e-02	  3,61568e-01
1635	  3,2680000000e+03	  9,11390e-02	  3,60005e-01
1636	  3,2700000000e+03	  8,89031e-02	  3,57076e-01
1637	  3,2720000000e+03	  9,08182e-02	  3,57472e-01
1638	  3,2740000000e+03	  9,42749e-02	  3,57090e-01
1639	  3,2760000000e+03	  9,88311e-02	  3,54400e-01
1640	  3,2780000000e+03	  9,88220e-02	  3,49779e-01
1641	  3,2800000000e+03	  1,00296e-01	  3,49529e-01
1642	  3,2820000000e+03	  1,02247e-01	  3,50965e-01
1643	  3,2840000000e+03	  1,02729e-01	  3,49554e-01
1644	  3,2860000000e+03	  1,08179e-01	  3,49754e-01
1645	  3,2880000000e+03	  1,11556e-01	  3,47919e-01
1646	  3,2900000000e+03	  1,09607e-01	  3,45106e-01
1647	  3,2920000000e+03	  1,13133e-01	  3,43403e-01
1648	  3,2940000000e+03	  1,18637e-01	  3,42460e-01
1649	  3,2960000000e+03	  1,16987e-01	  3,40071e-01
1650	  3,2980000000e+03	  1,22118e-01	  3,40247e-01
1651	  3,3000000000e+03	  1,21223e-01	  3,40776e-01
1652	  3,3020000000e+03	  1,24566e-01	  3,41196e-01
1653	  3,3040000000e+03	  1,25295e-01	  3,39255e-01
1654	  3,3060000000e+03	  1,25670e-01	  3,35593e-01
1655	  3,3080000000e+03	  1,29573e-01	  3,36614e-01
1656	  3,3100000000e+03	  1,32990e-01	  3,37931e-01
1657	  3,3120000000e+03	  1,34122e-01	  3,35800e-01
1658	  3,3140000000e+03	  1,34396e-01	  3,34099e-01
1659	  3,3160000000e+03	  1,38231e-01	  3,34426e-01
1660	  3,3180000000e+03	  1,40944e-01	  3,35750e-01
1661	  3,3200000000e+03	  1,40906e-01	  3,31748e-01
1662	  3,3220000000e+03	  1,44414e-01	  3,30934e-01
1663	  3,3240000000e+03	  1,47838e-01	  3,30098e-01
1664	  3,3260000000e+03	  1,48507e-01	  3,31695e-01
1665	  3,3280000000e+03	  1,46835e-01	  3,34594e-01
1666	  3,3300000000e+03	  1,47326e-01	  3,31630e-01
1667	  3,3320000000e+03	  1,50613e-01	  3,32147e-01
1668	  3,3340000000e+03	  1,56414e-01	  3,35051e-01
1669	  3,3360000000e+03	  1,60428e-01	  3,32952e-01
1670	  3,3380000000e+03	  1,62834e-01	  3,33355e-01
1671	  3,3400000000e+03	  1,66063e-01	  3,35862e-01
1672	  3,3420000000e+03	  1,66431e-01	  3,37319e-01
1673	  3,3440000000e+03	  1,70962e-01	  3,35970e-01
1674	  3,3460000000e+03	  1,75567e-01	  3,32645e-01
1675	  3,3480000000e+03	  1,79856e-01	  3,32129e-01
1676	  3,3500000000e+03	  1,81026e-01	  3,32578e-01
1677	  3,3520000000e+03	  1,84015e-01	  3,33664e-01
1678	  3,3540000000e+03	  1,89200e-01	  3,31418e-01
1679	  3,3560000000e+03	  1,93224e-01	  3,29159e-01
1680	  3,3580000000e+03	  1,94648e-01	  3,27577e-01
1681	  3,3600000000e+03	  1,99234e-01	  3,30430e-01
1682	  3,3620000000e+03	  2,02587e-01	  3,31368e-01
1683	  3,3640000000e+03	  2,04994e-01	  3,27924e-01
1684	  3,3660000000e+03	  2,10053e-01	  3,27431e-01
1685	  3,3680000000e+03	  2,15853e-01	  3,25898e-01
1686	  3,3700000000e+03	  2,21592e-01	  3,24313e-01
1687	  3,3720000000e+03	  2,25058e-01	  3,23000e-01
1688	  3,3740000000e+03	  2,25034e-01	  3,21429e-01
1689	  3,3760000000e+03	  2,30405e-01	  3,20243e-01
1690	  3,3780000000e+03	  2,37870e-01	  3,17511e-01
1691	  3,3800000000e+03	  2,40002e-01	  3,14771e-01
1692	  3,3820000000e+03	  2,43318e-01	  3,09715e-01
1693	  3,3840000000e+03	  2,46885e-01	  3,06862e-01
1694	  3,3860000000e+03	  2,49155e-01	  3,05546e-01
1695	  3,3880000000e+03	  2,52595e-01	  3,05138e-01
1696	  3,3900000000e+03	  2,54537e-01	  3,04274e-01
1697	  3,3920000000e+03	  2,56186e-01	  2,99815e-01
1698	  3,3940000000e+03	  2,60344e-01	  2,96922e-01
1699	  3,3960000000e+03	  2,63667e-01	  2,94118e-01
1700	  3,3980000000e+03	  2,68165e-01	  2,89891e-01
1701	  3,4000000000e+03	  2,71829e-01	  2,89338e-01
1702	  3,4020000000e+03	  2,73335e-01	  2,86414e-01
1703	  3,4040000000e+03	  2,78724e-01	  2,83025e-01
1704	  3,4060000000e+03	  2,81047e-01	  2,81197e-01
1705	  3,4080000000e+03	  2,81725e-01	  2,79453e-01
1706	  3,4100000000e+03	  2,87434e-01	  2,76984e-01
1707	  3,4120000000e+03	  2,89187e-01	  2,71507e-01
1708	  3,4140000000e+03	  2,90762e-01	  2,65408e-01
1709	  3,4160000000e+03	  2,95544e-01	  2,63670e-01
1710	  3,4180000000e+03	  2,97023e-01	  2,62249e-01
1711	  3,4200000000e+03	  2,96417e-01	  2,59383e-01
1712	  3,4220000000e+03	  3,00144e-01	  2,57450e-01
1713	  3,4240000000e+03	  3,03012e-01	  2,56212e-01
1714	  3,4260000000e+03	  3,05295e-01	  2,51922e-01
1715	  3,4280000000e+03	  3,07951e-01	  2,45511e-01
1716	  3,4300000000e+03	  3,07935e-01	  2,44609e-01
1717	  3,4320000000e+03	  3,11123e-01	  2,43204e-01
1718	  3,4340000000e+03	  3,14788e-01	  2,39920e-01
1719	  3,4360000000e+03	  3,15039e-01	  2,39836e-01
1720	  3,4380000000e+03	  3,14897e-01	  2,34910e-01
1721	  3,4400000000e+03	  3,17365e-01	  2,35377e-01
1722	  3,4420000000e+03	  3,20039e-01	  2,34752e-01
1723	  3,4440000000e+03	  3,21867e-01	  2,32486e-01
1724	  3,4460000000e+03	  3,25996e-01	  2,28537e-01
1725	  3,4480000000e+03	  3,29079e-01	  2,23905e-01
1726	  3,4500000000e+03	  3,28131e-01	  2,23307e-01
1727	  3,4520000000e+03	  3,29412e-01	  2,21797e-01
1728	  3,4540000000e+03	  3,30181e-01	  2,22153e-01
1729	  3,4560000000e+03	  3,30880e-01	  2,19863e-01
1730	  3,4580000000e+03	  3,33575e-01	  2,17366e-01
1731	  3,4600000000e+03	  3,37719e-01	  2,17099e-01
1732	  3,4620000000e+03	  3,43283e-01	  2,12247e-01
1733	  3,4640000000e+03	  3,46030e-01	  2,10139e-01
1734	  3,4660000000e+03	  3,47772e-01	  2,09597e-01
1735	  3,4680000000e+03	  3,51401e-01	  2,07431e-01
1736	  3,4700000000e+03	  3,57236e-01	  2,02408e-01
1737	  3,4720000000e+03	  3,62083e-01	  1,99672e-01
1738	  3,4740000000e+03	  3,64542e-01	  1,94813e-01
1739	  3,4760000000e+03	  3,67049e-01	  1,90250e-01
1740	  3,4780000000e+03	  3,69847e-01	  1,88411e-01
1741	  3,4800000000e+03	  3,71224e-01	  1,85314e-01
1742	  3,4820000000e+03	  3,72980e-01	  1,81427e-01
1743	  3,4840000000e+03	  3,76906e-01	  1,76505e-01
1744	  3,4860000000e+03	  3,78825e-01	  1,71905e-01
1745	  3,4880000000e+03	  3,78979e-01	  1,67201e-01
1746	  3,4900000000e+03	  3,83428e-01	  1,66317e-01
1747	  3,4920000000e+03	  3,86292e-01	  1,61852e-01
1748	  3,4940000000e+03	  3,90867e-01	  1,59018e-01
1749	  3,4960000000e+03	  3,93623e-01	  1,54484e-01
1750	  3,4980000000e+03	  3,93519e-01	  1,49831e-01
1751	  3,5000000000e+03	  3,96192e-01	  1,46556e-01
1752	  3,5020000000e+03	  3,99754e-01	  1,42648e-01
1753	  3,5040000000e+03	  3,99656e-01	  1,36843e-01
1754	  3,5060000000e+03	  3,99761e-01	  1,32362e-01
1755	  3,5080000000e+03	  3,98376e-01	  1,29707e-01
1756	  3,5100000000e+03	  3,99406e-01	  1,27250e-01
1757	  3,5120000000e+03	  4,02140e-01	  1,22438e-01
1758	  3,5140000000e+03	  4,05076e-01	  1,19284e-01
1759	  3,5160000000e+03	  4,06067e-01	  1,16380e-01
1760	  3,5180000000e+03	  4,07534e-01	  1,10798e-01
1761	  3,5200000000e+03	  4,09954e-01	  1,07311e-01
1762	  3,5220000000e+03	  4,13566e-01	  1,03218e-01
1763	  3,5240000000e+03	  4,13727e-01	  9,81876e-02
1764	  3,5260000000e+03	  4,16011e-01	  9,42387e-02
1765	  3,5280000000e+03	  4,18500e-01	  9,02308e-02
1766	  3,5300000000e+03	  4,18314e-01	  8,33644e-02
1767	  3,5320000000e+03	  4,18373e-01	  8,12888e-02
1768	  3,5340000000e+03	  4,13161e-01	  8,05803e-02
1769	  3,5360000000e+03	  4,17882e-01	  7,52439e-02
1770	  3,5380000000e+03	  4,21849e-01	  6,77768e-02
1771	  3,5400000000e+03	  4,20644e-01	  6,28366e-02
1772	  3,5420000000e+03	  4,21185e-01	  6,24793e-02
1773	  3,5440000000e+03	  4,19078e-01	  5,78846e-02
1774	  3,5460000000e+03	  4,22367e-01	  5,52945e-02
1775	  3,5480000000e+03	  4,23038e-01	  5,24015e-02
1776	  3,5500000000e+03	  4,22089e-01	  4,71023e-02
1777	  3,5520000000e+03	  4,23368e-01	  4,46978e-02
1778	  3,5540000000e+03	  4,24635e-01	  4,30949e-02
1779	  3,5560000000e+03	  4,24574e-01	  3,95713e-02
1780	  3,5580000000e+03	  4,24646e-01	  3,50616e-02
1781	  3,5600000000e+03	  4,26164e-01	  3,01092e-02
1782	  3,5620000000e+03	  4,25593e-01	  2,56635e-02
1783	  3,5640000000e+03	  4,27692e-01	  2,42576e-02
1784	  3,5660000000e+03	  4,28385e-01	  2,12139e-02
1785	  3,5680000000e+03	  4,30916e-01	  1,74041e-02
1786	  3,5700000000e+03	  4,31617e-01	  1,39575e-02
1787	  3,5720000000e+03	  4,31506e-01	  9,64727e-03
1788	  3,5740000000e+03	  4,34065e-01	  6,16610e-03
1789	  3,5760000000e+03	  4,36577e-01	  2,11747e-03
1790	  3,5780000000e+03	  4,38847e-01	 -2,29394e-03
1791	  3,5800000000e+03	  4,40707e-01	 -6,05827e-03
1792	  3,5820000000e+03	  4,42721e-01	 -6,43201e-03
1793	  3,5840000000e+03	  4,44410e-01	 -9,52961e-03
1794	  3,5860000000e+03	  4,47343e-01	 -1,39807e-02
1795	  3,5880000000e+03	  4,50245e-01	 -1,78746e-02
1796	  3,5900000000e+03	  4,48915e-01	 -2,33422e-02
1797	  3,5920000000e+03	  4,49709e-01	 -3,01438e-02
1798	  3,5940000000e+03	  4,49773e-01	 -3,59494e-02
1799	  3,5960000000e+03	  4,52247e-01	 -3,89397e-02
1800	  3,5980000000e+03	  4,54632e-01	 -4,38536e-02
1801	  3,6000000000e+03	  4,55459e-01	 -4,92579e-02
1802	  3,6020000000e+03	  4,56565e-01	 -5,80099e-02
1803	  3,6040000000e+03	  4,59098e-01	 -6,17783e-02
1804	  3,6060000000e+03	  4,59575e-01	 -6,66972e-02
1805	  3,6080000000e+03	  4,58988e-01	 -7,39899e-02
1806	  3,6100000000e+03	  4,59966e-01	 -8,13715e-02
1807	  3,6120000000e+03	  4,58328e-01	 -8,69682e-02
1808	  3,6140000000e+03	  4,57121e-01	 -9,12473e-02
1809	  3,6160000000e+03	  4,56875e-01	 -9,91323e-02
1810	  3,6180000000e+03	  4,60015e-01	 -1,05622e-01
1811	  3,6200000000e+03	  4,58501e-01	 -1,11043e-01
1812	  3,6220000000e+03	  4,56549e-01	 -1,16818e-01
1813	  3,6240000000e+03	  4,54637e-01	 -1,20210e-01
1814	  3,6260000000e+03	  4,55785e-01	 -1,23444e-01
1815	  3,6280000000e+03	  4,55907e-01	 -1,32223e-01
1816	  3,6300000000e+03	  4,53401e-01	 -1,40117e-01
1817	  3,6320000000e+03	  4,52932e-01	 -1,46524e-01
1818	  3,6340000000e+03	  4,50830e-01	 -1,55376e-01
1819	  3,6360000000e+03	  4,49768e-01	 -1,60455e-01
1820	  3,6380000000e+03	  4,49155e-01	 -1,63010e-01
1821	  3,6400000000e+03	  4,46611e-01	 -1,66936e-01
1822	  3,6420000000e+03	  4,44292e-01	 -1,74969e-01
1823	  3,6440000000e+03	  4,42067e-01	 -1,80118e-01
1824	  3,6460000000e+03	  4,40276e-01	 -1,84137e-01
1825	  3,6480000000e+03	  4,37584e-01	 -1,89070e-01
1826	  3,6500000000e+03	  4,32606e-01	 -1,95366e-01
1827	  3,6520000000e+03	  4,28796e-01	 -2,02161e-01
1828	  3,6540000000e+03	  4,29280e-01	 -2,06823e-01
1829	  3,6560000000e+03	  4,29037e-01	 -2,10098e-01
1830	  3,6580000000e+03	  4,23915e-01	 -2,14256e-01
1831	  3,6600000000e+03	  4,20708e-01	 -2,19722e-01
1832	  3,6620000000e+03	  4,21468e-01	 -2,25482e-01
1833	  3,6640000000e+03	  4,18681e-01	 -2,29177e-01
1834	  3,6660000000e+03	  4,13988e-01	 -2,31272e-01
1835	  3,6680000000e+03	  4,13691e-01	 -2,34532e-01
1836	  3,6700000000e+03	  4,10224e-01	 -2,38308e-01
1837	  3,6720000000e+03	  4,07547e-01	 -2,42687e-01
1838	  3,6740000000e+03	  4,05008e-01	 -2,46251e-01
1839	  3,6760000000e+03	  4,03225e-01	 -2,52215e-01
1840	  3,6780000000e+03	  3,97298e-01	 -2,55540e-01
1841	  3,6800000000e+03	  3,93748e-01	 -2,61073e-01
1842	  3,6820000000e+03	  3,93660e-01	 -2,62256e-01
1843	  3,6840000000e+03	  3,90333e-01	 -2,64915e-01
1844	  3,6860000000e+03	  3,87213e-01	 -2,69807e-01
1845	  3,6880000000e+03	  3,87185e-01	 -2,72860e-01
1846	  3,6900000000e+03	  3,85546e-01	 -2,76160e-01
1847	  3,6920000000e+03	  3,85084e-01	 -2,78551e-01
1848	  3,6940000000e+03	  3,84012e-01	 -2,85332e-01
1849	  3,6960000000e+03	  3,82496e-01	 -2,91723e-01
1850	  3,6980000000e+03	  3,80788e-01	 -2,94667e-01
1851	  3,7000000000e+03	  3,80565e-01	 -2,97004e-01
1852	  3,7020000000e+03	  3,79210e-01	 -2,99505e-01
1853	  3,7040000000e+03	  3,76362e-01	 -3,05182e-01
1854	  3,7060000000e+03	  3,75540e-01	 -3,12394e-01
1855	  3,7080000000e+03	  3,74863e-01	 -3,18274e-01
1856	  3,7100000000e+03	  3,71514e-01	 -3,23991e-01
1857	  3,7120000000e+03	  3,65027e-01	 -3,30277e-01
1858	  3,7140000000e+03	  3,63659e-01	 -3,30633e-01
1859	  3,7160000000e+03	  3,61294e-01	 -3,35209e-01
1860	  3,7180000000e+03	  3,59082e-01	 -3,40895e-01
1861	  3,7200000000e+03	  3,55487e-01	 -3,44337e-01
1862	  3,7220000000e+03	  3,54147e-01	 -3,49404e-01
1863	  3,7240000000e+03	  3,49519e-01	 -3,56479e-01
1864	  3,7260000000e+03	  3,44903e-01	 -3,62875e-01
1865	  3,7280000000e+03	  3,42015e-01	 -3,69584e-01
1866	  3,7300000000e+03	  3,40117e-01	 -3,74530e-01
1867	  3,7320000000e+03	  3,35237e-01	 -3,75152e-01
1868	  3,7340000000e+03	  3,31382e-01	 -3,80707e-01
1869	  3,7360000000e+03	  3,28276e-01	 -3,85211e-01
1870	  3,7380000000e+03	  3,25702e-01	 -3,90704e-01
1871	  3,7400000000e+03	  3,22462e-01	 -3,95641e-01
1872	  3,7420000000e+03	  3,19217e-01	 -3,99984e-01
1873	  3,7440000000e+03	  3,12791e-01	 -4,06263e-01
1874	  3,7460000000e+03	  3,11198e-01	 -4,11223e-01
1875	  3,7480000000e+03	  3,07796e-01	 -4,15266e-01
1876	  3,7500000000e+03	  2,97393e-01	 -4,18904e-01
1877	  3,7520000000e+03	  2,91095e-01	 -4,23886e-01
1878	  3,7540000000e+03	  2,89795e-01	 -4,27754e-01
1879	  3,7560000000e+03	  2,85736e-01	 -4,33878e-01
1880	  3,7580000000e+03	  2,79317e-01	 -4,38716e-01
1881	  3,7600000000e+03	  2,74146e-01	 -4,41553e-01
1882	  3,7620000000e+03	  2,70714e-01	 -4,44228e-01
1883	  3,7640000000e+03	  2,66140e-01	 -4,46876e-01
1884	  3,7660000000e+03	  2,60755e-01	 -4,53433e-01
1885	  3,7680000000e+03	  2,52797e-01	 -4,59669e-01
1886	  3,7700000000e+03	  2,47052e-01	 -4,66022e-01
1887	  3,7720000000e+03	  2,41482e-01	 -4,66231e-01
1888	  3,7740000000e+03	  2,36008e-01	 -4,66535e-01
1889	  3,7760000000e+03	  2,34389e-01	 -4,71911e-01
1890	  3,7780000000e+03	  2,25446e-01	 -4,74105e-01
1891	  3,7800000000e+03	  2,14967e-01	 -4,77079e-01
1892	  3,7820000000e+03	  2,10567e-01	 -4,81207e-01
1893	  3,7840000000e+03	  2,06309e-01	 -4,82154e-01
1894	  3,7860000000e+03	  2,00134e-01	 -4,82413e-01
1895	  3,7880000000e+03	  1,95765e-01	 -4,85379e-01
1896	  3,7900000000e+03	  1,90574e-01	 -4,89583e-01
1897	  3,7920000000e+03	  1,85672e-01	 -4,91570e-01
1898	  3,7940000000e+03	  1,79565e-01	 -4,94719e-01
1899	  3,7960000000e+03	  1,72544e-01	 -4,95092e-01
1900	  3,7980000000e+03	  1,68260e-01	 -5,00726e-01
1901	  3,8000000000e+03	  1,60398e-01	 -5,01180e-01
1902	  3,8020000000e+03	  1,54780e-01	 -5,03221e-01
1903	  3,8040000000e+03	  1,51195e-01	 -5,05088e-01
1904	  3,8060000000e+03	  1,47163e-01	 -5,05139e-01
1905	  3,8080000000e+03	  1,41139e-01	 -5,07026e-01
1906	  3,8100000000e+03	  1,32679e-01	 -5,10482e-01
1907	  3,8120000000e+03	  1,28366e-01	 -5,12726e-01
1908	  3,8140000000e+03	  1,24334e-01	 -5,11745e-01
1909	  3,8160000000e+03	  1,20896e-01	 -5,13636e-01
1910	  3,8180000000e+03	  1,15437e-01	 -5,15054e-01
1911	  3,8200000000e+03	  1,10499e-01	 -5,19621e-01
1912	  3,8220000000e+03	  1,05762e-01	 -5,21015e-01
1913	  3,8240000000e+03	  1,00392e-01	 -5,22928e-01
1914	  3,8260000000e+03	  9,00565e-02	 -5,25240e-01
1915	  3,8280000000e+03	  8,50846e-02	 -5,27545e-01
1916	  3,8300000000e+03	  8,32877e-02	 -5,30656e-01
1917	  3,8320000000e+03	  7,81625e-02	 -5,34032e-01
1918	  3,8340000000e+03	  7,28938e-02	 -5,37173e-01
1919	  3,8360000000e+03	  6,58483e-02	 -5,39330e-01
1920	  3,8380000000e+03	  5,73120e-02	 -5,43797e-01
1921	  3,8400000000e+03	  5,13185e-02	 -5,46451e-01
1922	  3,8420000000e+03	  4,61598e-02	 -5,45106e-01
1923	  3,8440000000e+03	  3,89735e-02	 -5,45894e-01
1924	  3,8460000000e+03	  3,01107e-02	 -5,51883e-01
1925	  3,8480000000e+03	  2,27198e-02	 -5,54071e-01
1926	  3,8500000000e+03	  1,50682e-02	 -5,53600e-01
1927	  3,8520000000e+03	  7,61850e-03	 -5,56531e-01
1928	  3,8540000000e+03	 -1,23773e-03	 -5,61027e-01
1929	  3,8560000000e+03	 -1,12070e-02	 -5,61750e-01
1930	  3,8580000000e+03	 -2,10576e-02	 -5,61872e-01
1931	  3,8600000000e+03	 -2,75399e-02	 -5,64527e-01
1932	  3,8620000000e+03	 -3,39803e-02	 -5,61888e-01
1933	  3,8640000000e+03	 -4,30830e-02	 -5,58518e-01
1934	  3,8660000000e+03	 -5,09535e-02	 -5,58125e-01
1935	  3,8680000000e+03	 -6,17887e-02	 -5,59742e-01
1936	  3,8700000000e+03	 -6,85137e-02	 -5,60830e-01
1937	  3,8720000000e+03	 -7,75186e-02	 -5,59917e-01
1938	  3,8740000000e+03	 -8,42083e-02	 -5,58559e-01
1939	  3,8760000000e+03	 -9,37924e-02	 -5,55840e-01
1940	  3,8780000000e+03	 -1,00642e-01	 -5,53958e-01
1941	  3,8800000000e+03	 -1,07657e-01	 -5,52132e-01
1942	  3,8820000000e+03	 -1,15244e-01	 -5,49091e-01
1943	  3,8840000000e+03	 -1,25500e-01	 -5,47533e-01
1944	  3,8860000000e+03	 -1,31090e-01	 -5,45131e-01
1945	  3,8880000000e+03	 -1,38126e-01	 -5,39495e-01
1946	  3,8900000000e+03	 -1,48840e-01	 -5,38949e-01
1947	  3,8920000000e+03	 -1,55061e-01	 -5,40481e-01
1948	  3,8940000000e+03	 -1,60698e-01	 -5,36807e-01
1949	  3,8960000000e+03	 -1,66354e-01	 -5,32092e-01
1950	  3,8980000000e+03	 -1,72950e-01	 -5,28534e-01
1951	  3,9000000000e+03	 -1,81048e-01	 -5,26171e-01
1952	  3,9020000000e+03	 -1,88319e-01	 -5,24323e-01
1953	  3,9040000000e+03	 -1,95114e-01	 -5,20552e-01
1954	  3,9060000000e+03	 -2,01667e-01	 -5,14945e-01
1955	  3,9080000000e+03	 -2,09136e-01	 -5,09839e-01
1956	  3,9100000000e+03	 -2,15470e-01	 -5,05964e-01
1957	  3,9120000000e+03	 -2,21508e-01	 -5,03384e-01
1958	  3,9140000000e+03	 -2,25931e-01	 -4,97301e-01
1959	  3,9160000000e+03	 -2,30605e-01	 -4,89384e-01
1960	  3,9180000000e+03	 -2,34682e-01	 -4,89058e-01
1961	  3,9200000000e+03	 -2,42359e-01	 -4,87791e-01
1962	  3,9220000000e+03	 -2,50577e-01	 -4,82426e-01
1963	  3,9240000000e+03	 -2,55004e-01	 -4,77416e-01
1964	  3,9260000000e+03	 -2,60478e-01	 -4,73544e-01
1965	  3,9280000000e+03	 -2,65592e-01	 -4,70483e-01
1966	  3,9300000000e+03	 -2,70269e-01	 -4,66861e-01
1967	  3,9320000000e+03	 -2,73192e-01	 -4,62374e-01
1968	  3,9340000000e+03	 -2,76182e-01	 -4,59395e-01
1969	  3,9360000000e+03	 -2,80228e-01	 -4,55245e-01
1970	  3,9380000000e+03	 -2,84975e-01	 -4,52116e-01
1971	  3,9400000000e+03	 -2,93780e-01	 -4,47459e-01
1972	  3,9420000000e+03	 -2,99605e-01	 -4,44028e-01
1973	  3,9440000000e+03	 -3,01099e-01	 -4,39933e-01
1974	  3,9460000000e+03	 -3,05704e-01	 -4,36796e-01
1975	  3,9480000000e+03	 -3,10417e-01	 -4,32644e-01
1976	  3,9500000000e+03	 -3,16144e-01	 -4,28125e-01
1977	  3,9520000000e+03	 -3,22059e-01	 -4,26946e-01
1978	  3,9540000000e+03	 -3,24842e-01	 -4,23990e-01
1979	  3,9560000000e+03	 -3,29159e-01	 -4,19000e-01
1980	  3,9580000000e+03	 -3,35690e-01	 -4,16239e-01
1981	  3,9600000000e+03	 -3,42570e-01	 -4,11863e-01
1982	  3,9620000000e+03	 -3,44998e-01	 -4,03633e-01
1983	  3,9640000000e+03	 -3,47669e-01	 -3,97922e-01
1984	  3,9660000000e+03	 -3,50718e-01	 -3,97190e-01
1985	  3,9680000000e+03	 -3,54300e-01	 -3,91315e-01
1986	  3,9700000000e+03	 -3,58357e-01	 -3,84274e-01
1987	  3,9720000000e+03	 -3,64446e-01	 -3,81135e-01
1988	  3,9740000000e+03	 -3,67845e-01	 -3,79339e-01
1989	  3,9760000000e+03	 -3,72985e-01	 -3,71842e-01
1990	  3,9780000000e+03	 -3,76307e-01	 -3,67766e-01
1991	  3,9800000000e+03	 -3,81578e-01	 -3,67826e-01
1992	  3,9820000000e+03	 -3,86052e-01	 -3,59085e-01
1993	  3,9840000000e+03	 -3,89815e-01	 -3,56667e-01
1994	  3,9860000000e+03	 -3,94571e-01	 -3,52727e-01
1995	  3,9880000000e+03	 -3,96125e-01	 -3,48008e-01
1996	  3,9900000000e+03	 -3,99059e-01	 -3,37632e-01
1997	  3,9920000000e+03	 -4,04681e-01	 -3,33171e-01
1998	  3,9940000000e+03	 -4,08906e-01	 -3,30096e-01
1999	  3,9960000000e+03	 -4,11664e-01	 -3,24521e-01
2000	  3,9980000000e+03	 -4,18929e-01	 -3,19516e-01
2001	  4,0000000000e+03	 -4,21780e-01	 -3,13801e-01
2002	  4,0020000000e+03	 -4,22478e-01	 -3,07885e-01
2003	  4,0040000000e+03	 -4,27126e-01	 -2,99698e-01
2004	  4,0060000000e+03	 -4,29779e-01	 -2,95395e-01
2005	  4,0080000000e+03	 -4,31661e-01	 -2,90749e-01
2006	  4,0100000000e+03	 -4,34937e-01	 -2,83130e-01
2007	  4,0120000000e+03	 -4,39493e-01	 -2,76642e-01
2008	  4,0140000000e+03	 -4,40655e-01	 -2,70870e-01
2009	  4,0160000000e+03	 -4,44313e-01	 -2,66811e-01
2010	  4,0180000000e+03	 -4,47410e-01	 -2,60106e-01
2011	  4,0200000000e+03	 -4,46680e-01	 -2,54521e-01
2012	  4,0220000000e+03	 -4,50043e-01	 -2,47745e-01
2013	  4,0240000000e+03	 -4,54624e-01	 -2,43205e-01
2014	  4,0260000000e+03	 -4,55558e-01	 -2,37869e-01
2015	  4,0280000000e+03	 -4,52237e-01	 -2,31513e-01
2016	  4,0300000000e+03	 -4,54181e-01	 -2,25288e-01
2017	  4,0320000000e+03	 -4,55223e-01	 -2,20276e-01
2018	  4,0340000000e+03	 -4,54075e-01	 -2,12951e-01
2019	  4,0360000000e+03	 -4,55839e-01	 -2,08107e-01
2020	  4,0380000000e+03	 -4,59045e-01	 -2,03721e-01
2021	  4,0400000000e+03	 -4,56416e-01	 -1,99617e-01
2022	  4,0420000000e+03	 -4,59605e-01	 -1,97055e-01
2023	  4,0440000000e+03	 -4,63957e-01	 -1,92080e-01
2024	  4,0460000000e+03	 -4,63674e-01	 -1,86075e-01
2025	  4,0480000000e+03	 -4,63823e-01	 -1,80049e-01
2026	  4,0500000000e+03	 -4,64451e-01	 -1,76419e-01
2027	  4,0520000000e+03	 -4,64931e-01	 -1,72522e-01
2028	  4,0540000000e+03	 -4,67358e-01	 -1,67648e-01
2029	  4,0560000000e+03	 -4,65936e-01	 -1,63792e-01
2030	  4,0580000000e+03	 -4,66156e-01	 -1,57327e-01
2031	  4,0600000000e+03	 -4,66709e-01	 -1,49185e-01
2032	  4,0620000000e+03	 -4,66490e-01	 -1,45317e-01
2033	  4,0640000000e+03	 -4,66915e-01	 -1,42830e-01
2034	  4,0660000000e+03	 -4,67664e-01	 -1,39642e-01
2035	  4,0680000000e+03	 -4,69385e-01	 -1,34531e-01
2036	  4,0700000000e+03	 -4,71355e-01	 -1,30114e-01
2037	  4,0720000000e+03	 -4,70807e-01	 -1,27610e-01
2038	  4,0740000000e+03	 -4,71746e-01	 -1,26710e-01
2039	  4,0760000000e+03	 -4,73840e-01	 -1,21737e-01
2040	  4,0780000000e+03	 -4,74245e-01	 -1,16847e-01
2041	  4,0800000000e+03	 -4,76959e-01	 -1,13804e-01
2042	  4,0820000000e+03	 -4,77364e-01	 -1,08376e-01
2043	  4,0840000000e+03	 -4,80625e-01	 -1,04112e-01
2044	  4,0860000000e+03	 -4,81510e-01	 -1,00320e-01
2045	  4,0880000000e+03	 -4,81301e-01	 -9,57596e-02
2046	  4,0900000000e+03	 -4,82235e-01	 -9,25809e-02
2047	  4,0920000000e+03	 -4,84927e-01	 -8,61025e-02
2048	  4,0940000000e+03	 -4,88654e-01	 -8,36378e-02
2049	  4,0960000000e+03	 -4,89761e-01	 -7,75257e-02
2050	  4,0980000000e+03	 -4,91202e-01	 -7,20615e-02
2051	  4,1000000000e+03	 -4,93309e-01	 -6,81643e-02
2052	  4,1020000000e+03	 -4,94208e-01	 -6,45954e-02
2053	  4,1040000000e+03	 -4,96488e-01	 -5,88816e-02
2054	  4,1060000000e+03	 -4,97636e-01	 -5,25137e-02
2055	  4,1080000000e+03	 -4,96868e-01	 -4,65713e-02
2056	  4,1100000000e+03	 -5,01076e-01	 -4,34849e-02
2057	  4,1120000000e+03	 -5,05284e-01	 -3,95657e-02
2058	  4,1140000000e+03	 -5,03243e-01	 -3,25793e-02
2059	  4,1160000000e+03	 -5,03857e-01	 -2,56520e-02
2060	  4,1180000000e+03	 -5,05019e-01	 -1,79408e-02
2061	  4,1200000000e+03	 -5,03883e-01	 -1,48054e-02
2062	  4,1220000000e+03	 -5,03775e-01	 -6,64842e-03
2063	  4,1240000000e+03	 -5,06933e-01	 -4,36513e-04
2064	  4,1260000000e+03	 -5,09074e-01	  5,96775e-03
2065	  4,1280000000e+03	 -5,10229e-01	  1,33914e-02
2066	  4,1300000000e+03	 -5,10439e-01	  2,16721e-02
2067	  4,1320000000e+03	 -5,08871e-01	  2,72356e-02
2068	  4,1340000000e+03	 -5,07879e-01	  3,57900e-02
2069	  4,1360000000e+03	 -5,08338e-01	  4,24795e-02
2070	  4,1380000000e+03	 -5,06794e-01	  4,82171e-02
2071	  4,1400000000e+03	 -5,04319e-01	  5,50304e-02
2072	  4,1420000000e+03	 -5,04021e-01	  6,16846e-02
2073	  4,1440000000e+03	 -5,01590e-01	  6,61904e-02
2074	  4,1460000000e+03	 -5,00527e-01	  7,47190e-02
2075	  4,1480000000e+03	 -5,01454e-01	  8,32987e-02
2076	  4,1500000000e+03	 -5,01775e-01	  8,37246e-02
2077	  4,1520000000e+03	 -5,00323e-01	  9,00054e-02
2078	  4,1540000000e+03	 -4,97670e-01	  9,73415e-02
2079	  4,1560000000e+03	 -4,96682e-01	  1,03210e-01
2080	  4,1580000000e+03	 -4,90627e-01	  1,08288e-01
2081	  4,1600000000e+03	 -4,87879e-01	  1,14120e-01
2082	  4,1620000000e+03	 -4,86439e-01	  1,18042e-01
2083	  4,1640000000e+03	 -4,82674e-01	  1,22190e-01
2084	  4,1660000000e+03	 -4,80983e-01	  1,25611e-01
2085	  4,1680000000e+03	 -4,83110e-01	  1,31535e-01
2086	  4,1700000000e+03	 -4,77879e-01	  1,38786e-01
2087	  4,1720000000e+03	 -4,75408e-01	  1,41890e-01
2088	  4,1740000000e+03	 -4,73501e-01	  1,45746e-01
2089	  4,1760000000e+03	 -4,72737e-01	  1,48966e-01
2090	  4,1780000000e+03	 -4,71363e-01	  1,52295e-01
2091	  4,1800000000e+03	 -4,67879e-01	  1,60810e-01
2092	  4,1820000000e+03	 -4,66263e-01	  1,66573e-01
2093	  4,1840000000e+03	 -4,62477e-01	  1,68956e-01
2094	  4,1860000000e+03	 -4,64147e-01	  1,73914e-01
2095	  4,1880000000e+03	 -4,62061e-01	  1,78732e-01
2096	  4,1900000000e+03	 -4,60749e-01	  1,85259e-01
2097	  4,1920000000e+03	 -4,58650e-01	  1,89994e-01
2098	  4,1940000000e+03	 -4,54535e-01	  1,92678e-01
2099	  4,1960000000e+03	 -4,52839e-01	  1,94350e-01
2100	  4,1980000000e+03	 -4,54741e-01	  2,04177e-01
2101	  4,2000000000e+03	 -4,53056e-01	  2,08952e-01
2102	  4,2020000000e+03	 -4,48389e-01	  2,10854e-01
2103	  4,2040000000e+03	 -4,47654e-01	  2,16497e-01
2104	  4,2060000000e+03	 -4,46943e-01	  2,19549e-01
2105	  4,2080000000e+03	 -4,45833e-01	  2,22057e-01
2106	  4,2100000000e+03	 -4,45286e-01	  2,25226e-01
2107	  4,2120000000e+03	 -4,42513e-01	  2,29900e-01
2108	  4,2140000000e+03	 -4,39351e-01	  2,34635e-01
2109	  4,2160000000e+03	 -4,37833e-01	  2,40097e-01
2110	  4,2180000000e+03	 -4,34614e-01	  2,47711e-01
2111	  4,2200000000e+03	 -4,36447e-01	  2,52214e-01
2112	  4,2220000000e+03	 -4,34856e-01	  2,57847e-01
2113	  4,2240000000e+03	 -4,32228e-01	  2,65353e-01
2114	  4,2260000000e+03	 -4,30676e-01	  2,71793e-01
2115	  4,2280000000e+03	 -4,28602e-01	  2,75827e-01
2116	  4,2300000000e+03	 -4,22383e-01	  2,78940e-01
2117	  4,2320000000e+03	 -4,20863e-01	  2,87264e-01
2118	  4,2340000000e+03	 -4,20232e-01	  2,91931e-01
2119	  4,2360000000e+03	 -4,18263e-01	  2,97042e-01
2120	  4,2380000000e+03	 -4,14043e-01	  3,02749e-01
2121	  4,2400000000e+03	 -4,10017e-01	  3,06553e-01
2122	  4,2420000000e+03	 -4,08041e-01	  3,11893e-01
2123	  4,2440000000e+03	 -4,03129e-01	  3,16738e-01
2124	  4,2460000000e+03	 -3,99318e-01	  3,19867e-01
2125	  4,2480000000e+03	 -3,95225e-01	  3,26261e-01
2126	  4,2500000000e+03	 -3,91172e-01	  3,32745e-01
2127	  4,2520000000e+03	 -3,87512e-01	  3,36921e-01
2128	  4,2540000000e+03	 -3,84674e-01	  3,40788e-01
2129	  4,2560000000e+03	 -3,80172e-01	  3,47157e-01
2130	  4,2580000000e+03	 -3,78504e-01	  3,53591e-01
2131	  4,2600000000e+03	 -3,73368e-01	  3,57291e-01
2132	  4,2620000000e+03	 -3,69306e-01	  3,61676e-01
2133	  4,2640000000e+03	 -3,64467e-01	  3,66193e-01
2134	  4,2660000000e+03	 -3,57985e-01	  3,69826e-01
2135	  4,2680000000e+03	 -3,51596e-01	  3,75660e-01
2136	  4,2700000000e+03	 -3,48287e-01	  3,79581e-01
2137	  4,2720000000e+03	 -3,45806e-01	  3,84997e-01
2138	  4,2740000000e+03	 -3,38215e-01	  3,90484e-01
2139	  4,2760000000e+03	 -3,33982e-01	  3,89895e-01
2140	  4,2780000000e+03	 -3,30904e-01	  3,95810e-01
2141	  4,2800000000e+03	 -3,25917e-01	  4,01457e-01
2142	  4,2820000000e+03	 -3,21687e-01	  4,07081e-01
2143	  4,2840000000e+03	 -3,17077e-01	  4,12036e-01
2144	  4,2860000000e+03	 -3,11824e-01	  4,14624e-01
2145	  4,2880000000e+03	 -3,04462e-01	  4,18996e-01
2146	  4,2900000000e+03	 -2,99649e-01	  4,24328e-01
2147	  4,2920000000e+03	 -2,96898e-01	  4,27839e-01
2148	  4,2940000000e+03	 -2,91778e-01	  4,30316e-01
2149	  4,2960000000e+03	 -2,87760e-01	  4,33790e-01
2150	  4,2980000000e+03	 -2,83161e-01	  4,37362e-01
2151	  4,3000000000e+03	 -2,74088e-01	  4,40185e-01
2152	  4,3020000000e+03	 -2,67277e-01	  4,46621e-01
2153	  4,3040000000e+03	 -2,64738e-01	  4,51232e-01
2154	  4,3060000000e+03	 -2,59356e-01	  4,53039e-01
2155	  4,3080000000e+03	 -2,53524e-01	  4,54141e-01
2156	  4,3100000000e+03	 -2,48993e-01	  4,57713e-01
2157	  4,3120000000e+03	 -2,40754e-01	  4,61732e-01
2158	  4,3140000000e+03	 -2,34595e-01	  4,62874e-01
2159	  4,3160000000e+03	 -2,27152e-01	  4,62850e-01
2160	  4,3180000000e+03	 -2,20716e-01	  4,64741e-01
2161	  4,3200000000e+03	 -2,17577e-01	  4,69231e-01
2162	  4,3220000000e+03	 -2,12128e-01	  4,74946e-01
2163	  4,3240000000e+03	 -2,04307e-01	  4,75866e-01
2164	  4,3260000000e+03	 -1,99745e-01	  4,77655e-01
2165	  4,3280000000e+03	 -1,93089e-01	  4,79007e-01
2166	  4,3300000000e+03	 -1,86611e-01	  4,80119e-01
2167	  4,3320000000e+03	 -1,79996e-01	  4,83272e-01
2168	  4,3340000000e+03	 -1,75769e-01	  4,85174e-01
2169	  4,3360000000e+03	 -1,67757e-01	  4,87527e-01
2170	  4,3380000000e+03	 -1,59994e-01	  4,87605e-01
2171	  4,3400000000e+03	 -1,55984e-01	  4,85928e-01
2172	  4,3420000000e+03	 -1,50459e-01	  4,90659e-01
2173	  4,3440000000e+03	 -1,45070e-01	  4,91924e-01
2174	  4,3460000000e+03	 -1,38315e-01	  4,93530e-01
2175	  4,3480000000e+03	 -1,34514e-01	  4,96884e-01
2176	  4,3500000000e+03	 -1,26863e-01	  5,00376e-01
2177	  4,3520000000e+03	 -1,21199e-01	  4,99005e-01
2178	  4,3540000000e+03	 -1,16475e-01	  4,97601e-01
2179	  4,3560000000e+03	 -1,11238e-01	  5,01598e-01
2180	  4,3580000000e+03	 -1,04136e-01	  5,04760e-01
2181	  4,3600000000e+03	 -1,00524e-01	  5,08463e-01
2182	  4,3620000000e+03	 -9,54955e-02	  5,11289e-01
2183	  4,3640000000e+03	 -9,06230e-02	  5,08912e-01
2184	  4,3660000000e+03	 -8,33928e-02	  5,10993e-01
2185	  4,3680000000e+03	 -7,62607e-02	  5,15907e-01
2186	  4,3700000000e+03	 -6,91009e-02	  5,16743e-01
2187	  4,3720000000e+03	 -5,93142e-02	  5,17998e-01
2188	  4,3740000000e+03	 -5,33934e-02	  5,21033e-01
2189	  4,3760000000e+03	 -4,57643e-02	  5,21228e-01
2190	  4,3780000000e+03	 -4,04157e-02	  5,20471e-01
2191	  4,3800000000e+03	 -3,20924e-02	  5,20815e-01
2192	  4,3820000000e+03	 -2,35516e-02	  5,23065e-01
2193	  4,3840000000e+03	 -1,74174e-02	  5,20263e-01
2194	  4,3860000000e+03	 -1,02947e-02	  5,20362e-01
2195	  4,3880000000e+03	 -5,12710e-03	  5,19999e-01
2196	  4,3900000000e+03	  2,58227e-03	  5,19505e-01
2197	  4,3920000000e+03	  9,51473e-03	  5,18422e-01
2198	  4,3940000000e+03	  2,15649e-02	  5,17014e-01
2199	  4,3960000000e+03	  2,86676e-02	  5,16043e-01
2200	  4,3980000000e+03	  3,47720e-02	  5,13001e-01
2201	  4,4000000000e+03	  4,07447e-02	  5,12154e-01
2202	  4,4020000000e+03	  4,80227e-02	  5,11019e-01
2203	  4,4040000000e+03	  5,62219e-02	  5,06294e-01
2204	  4,4060000000e+03	  6,27350e-02	  5,05087e-01
2205	  4,4080000000e+03	  6,83444e-02	  5,04882e-01
2206	  4,4100000000e+03	  7,41592e-02	  5,03244e-01
2207	  4,4120000000e+03	  7,93394e-02	  4,99767e-01
2208	  4,4140000000e+03	  8,68149e-02	  4,98846e-01
2209	  4,4160000000e+03	  9,56123e-02	  4,97147e-01
2210	  4,4180000000e+03	  1,03780e-01	  4,94274e-01
2211	  4,4200000000e+03	  1,09626e-01	  4,90504e-01
2212	  4,4220000000e+03	  1,13477e-01	  4,87666e-01
2213	  4,4240000000e+03	  1,20656e-01	  4,86086e-01
2214	  4,4260000000e+03	  1,26037e-01	  4,86211e-01
2215	  4,4280000000e+03	  1,35362e-01	  4,80098e-01
2216	  4,4300000000e+03	  1,40037e-01	  4,76977e-01
2217	  4,4320000000e+03	  1,42168e-01	  4,70563e-01
2218	  4,4340000000e+03	  1,48537e-01	  4,69022e-01
2219	  4,4360000000e+03	  1,53407e-01	  4,66963e-01
2220	  4,4380000000e+03	  1,57839e-01	  4,63973e-01
2221	  4,4400000000e+03	  1,64365e-01	  4,59123e-01
2222	  4,4420000000e+03	  1,70485e-01	  4,55872e-01
2223	  4,4440000000e+03	  1,76213e-01	  4,52689e-01
2224	  4,4460000000e+03	  1,79113e-01	  4,51585e-01
2225	  4,4480000000e+03	  1,82984e-01	  4,48300e-01
2226	  4,4500000000e+03	  1,85152e-01	  4,40974e-01
2227	  4,4520000000e+03	  1,93844e-01	  4,37555e-01
2228	  4,4540000000e+03	  1,98921e-01	  4,34907e-01
2229	  4,4560000000e+03	  1,98807e-01	  4,33290e-01
2230	  4,4580000000e+03	  2,02161e-01	  4,29955e-01
2231	  4,4600000000e+03	  2,06337e-01	  4,24249e-01
2232	  4,4620000000e+03	  2,12658e-01	  4,20816e-01
2233	  4,4640000000e+03	  2,16184e-01	  4,16533e-01
2234	  4,4660000000e+03	  2,20285e-01	  4,16419e-01
2235	  4,4680000000e+03	  2,22690e-01	  4,14136e-01
2236	  4,4700000000e+03	  2,28404e-01	  4,09052e-01
2237	  4,4720000000e+03	  2,31232e-01	  4,07836e-01
2238	  4,4740000000e+03	  2,34120e-01	  4,04777e-01
2239	  4,4760000000e+03	  2,37025e-01	  4,01373e-01
2240	  4,4780000000e+03	  2,42079e-01	  3,97981e-01
2241	  4,4800000000e+03	  2,45615e-01	  3,91384e-01
2242	  4,4820000000e+03	  2,48856e-01	  3,89931e-01
2243	  4,4840000000e+03	  2,52381e-01	  3,87968e-01
2244	  4,4860000000e+03	  2,55529e-01	  3,83581e-01
2245	  4,4880000000e+03	  2,59238e-01	  3,80777e-01
2246	  4,4900000000e+03	  2,65833e-01	  3,77987e-01
2247	  4,4920000000e+03	  2,68139e-01	  3,74332e-01
2248	  4,4940000000e+03	  2,71198e-01	  3,71781e-01
2249	  4,4960000000e+03	  2,74694e-01	  3,69554e-01
2250	  4,4980000000e+03	  2,78643e-01	  3,63307e-01
2251	  4,5000000000e+03	  2,83084e-01	  3,59948e-01
2252	  4,5020000000e+03	  2,85803e-01	  3,55628e-01
2253	  4,5040000000e+03	  2,92184e-01	  3,51769e-01
2254	  4,5060000000e+03	  2,97389e-01	  3,50283e-01
2255	  4,5080000000e+03	  2,97307e-01	  3,46105e-01
2256	  4,5100000000e+03	  3,00103e-01	  3,43156e-01
2257	  4,5120000000e+03	  3,03985e-01	  3,39547e-01
2258	  4,5140000000e+03	  3,07520e-01	  3,35049e-01
2259	  4,5160000000e+03	  3,11821e-01	  3,31957e-01
2260	  4,5180000000e+03	  3,16442e-01	  3,29234e-01
2261	  4,5200000000e+03	  3,20092e-01	  3,25606e-01
2262	  4,5220000000e+03	  3,23183e-01	  3,20416e-01
2263	  4,5240000000e+03	  3,25552e-01	  3,13773e-01
2264	  4,5260000000e+03	  3,27664e-01	  3,07757e-01
2265	  4,5280000000e+03	  3,32114e-01	  3,06860e-01
2266	  4,5300000000e+03	  3,32324e-01	  3,02558e-01
2267	  4,5320000000e+03	  3,32787e-01	  2,94983e-01
2268	  4,5340000000e+03	  3,37623e-01	  2,90808e-01
2269	  4,5360000000e+03	  3,39243e-01	  2,90165e-01
2270	  4,5380000000e+03	  3,41673e-01	  2,83427e-01
2271	  4,5400000000e+03	  3,46383e-01	  2,80887e-01
2272	  4,5420000000e+03	  3,48513e-01	  2,76600e-01
2273	  4,5440000000e+03	  3,54231e-01	  2,69661e-01
2274	  4,5460000000e+03	  3,57973e-01	  2,63467e-01
2275	  4,5480000000e+03	  3,57424e-01	  2,60139e-01
2276	  4,5500000000e+03	  3,57654e-01	  2,56815e-01
2277	  4,5520000000e+03	  3,60927e-01	  2,51014e-01
2278	  4,5540000000e+03	  3,63179e-01	  2,46520e-01
2279	  4,5560000000e+03	  3,65436e-01	  2,39488e-01
2280	  4,5580000000e+03	  3,64420e-01	  2,39374e-01
2281	  4,5600000000e+03	  3,65322e-01	  2,38316e-01
2282	  4,5620000000e+03	  3,67502e-01	  2,33323e-01
2283	  4,5640000000e+03	  3,70145e-01	  2,28597e-01
2284	  4,5660000000e+03	  3,72356e-01	  2,24342e-01
2285	  4,5680000000e+03	  3,72958e-01	  2,20501e-01
2286	  4,5700000000e+03	  3,76124e-01	  2,15530e-01
2287	  4,5720000000e+03	  3,76466e-01	  2,10582e-01
2288	  4,5740000000e+03	  3,75326e-01	  2,07804e-01
2289	  4,5760000000e+03	  3,81109e-01	  2,01770e-01
2290	  4,5780000000e+03	  3,86883e-01	  1,97245e-01
2291	  4,5800000000e+03	  3,87745e-01	  1,94457e-01
2292	  4,5820000000e+03	  3,88803e-01	  1,90216e-01
2293	  4,5840000000e+03	  3,89338e-01	  1,89096e-01
2294	  4,5860000000e+03	  3,89187e-01	  1,83612e-01
2295	  4,5880000000e+03	  3,92931e-01	  1,77173e-01
2296	  4,5900000000e+03	  3,93494e-01	  1,72142e-01
2297	  4,5920000000e+03	  3,95858e-01	  1,68297e-01
2298	  4,5940000000e+03	  3,95670e-01	  1,65361e-01
2299	  4,5960000000e+03	  3,96693e-01	  1,59198e-01
2300	  4,5980000000e+03	  4,00080e-01	  1,53184e-01
2301	  4,6000000000e+03	  4,01895e-01	  1,49382e-01
2302	  4,6020000000e+03	  4,01819e-01	  1,44380e-01
2303	  4,6040000000e+03	  4,05565e-01	  1,38330e-01
2304	  4,6060000000e+03	  4,05948e-01	  1,38132e-01
2305	  4,6080000000e+03	  4,06756e-01	  1,34310e-01
2306	  4,6100000000e+03	  4,05751e-01	  1,28476e-01
2307	  4,6120000000e+03	  4,06747e-01	  1,25387e-01
2308	  4,6140000000e+03	  4,10752e-01	  1,20315e-01
2309	  4,6160000000e+03	  4,12461e-01	  1,14416e-01
2310	  4,6180000000e+03	  4,12222e-01	  1,08588e-01
2311	  4,6200000000e+03	  4,11937e-01	  1,01222e-01
2312	  4,6220000000e+03	  4,11873e-01	  9,80845e-02
2313	  4,6240000000e+03	  4,14163e-01	  9,49346e-02
2314	  4,6260000000e+03	  4,15281e-01	  8,87741e-02
2315	  4,6280000000e+03	  4,14784e-01	  8,42419e-02
2316	  4,6300000000e+03	  4,15559e-01	  7,58485e-02
2317	  4,6320000000e+03	  4,15297e-01	  6,98246e-02
2318	  4,6340000000e+03	  4,16191e-01	  6,75576e-02
2319	  4,6360000000e+03	  4,14137e-01	  6,63506e-02
2320	  4,6380000000e+03	  4,17519e-01	  6,18320e-02
2321	  4,6400000000e+03	  4,16908e-01	  5,64901e-02
2322	  4,6420000000e+03	  4,18971e-01	  5,00923e-02
2323	  4,6440000000e+03	  4,18816e-01	  4,45092e-02
2324	  4,6460000000e+03	  4,17591e-01	  4,02413e-02
2325	  4,6480000000e+03	  4,14174e-01	  3,76332e-02
2326	  4,6500000000e+03	  4,14230e-01	  3,17470e-02
2327	  4,6520000000e+03	  4,14314e-01	  2,65279e-02
2328	  4,6540000000e+03	  4,14890e-01	  2,29389e-02
2329	  4,6560000000e+03	  4,13080e-01	  2,00028e-02
2330	  4,6580000000e+03	  4,13742e-01	  1,65990e-02
2331	  4,6600000000e+03	  4,18232e-01	  1,09433e-02
2332	  4,6620000000e+03	  4,17338e-01	  5,69254e-03
2333	  4,6640000000e+03	  4,13609e-01	 -6,10700e-04
2334	  4,6660000000e+03	  4,15216e-01	 -4,69160e-03
2335	  4,6680000000e+03	  4,17160e-01	 -9,37068e-03
2336	  4,6700000000e+03	  4,16919e-01	 -1,50684e-02
2337	  4,6720000000e+03	  4,14835e-01	 -1,71767e-02
2338	  4,6740000000e+03	  4,10894e-01	 -2,32525e-02
2339	  4,6760000000e+03	  4,10544e-01	 -3,22383e-02
2340	  4,6780000000e+03	  4,08647e-01	 -3,91514e-02
2341	  4,6800000000e+03	  4,06727e-01	 -4,35105e-02
2342	  4,6820000000e+03	  4,05426e-01	 -4,57078e-02
2343	  4,6840000000e+03	  4,04765e-01	 -5,11099e-02
2344	  4,6860000000e+03	  4,04441e-01	 -5,75632e-02
2345	  4,6880000000e+03	  4,00886e-01	 -6,47227e-02
2346	  4,6900000000e+03	  3,96842e-01	 -6,74094e-02
2347	  4,6920000000e+03	  3,95203e-01	 -7,10832e-02
2348	  4,6940000000e+03	  3,93696e-01	 -7,70293e-02
2349	  4,6960000000e+03	  3,91432e-01	 -8,08891e-02
2350	  4,6980000000e+03	  3,88379e-01	 -8,20345e-02
2351	  4,7000000000e+03	  3,87149e-01	 -8,27937e-02
2352	  4,7020000000e+03	  3,85007e-01	 -8,92208e-02
2353	  4,7040000000e+03	  3,82775e-01	 -9,10973e-02
2354	  4,7060000000e+03	  3,78903e-01	 -9,28457e-02
2355	  4,7080000000e+03	  3,78060e-01	 -9,44837e-02
2356	  4,7100000000e+03	  3,78965e-01	 -9,98127e-02
2357	  4,7120000000e+03	  3,79464e-01	 -1,02055e-01
2358	  4,7140000000e+03	  3,75764e-01	 -1,06144e-01
2359	  4,7160000000e+03	  3,72150e-01	 -1,10312e-01
2360	  4,7180000000e+03	  3,70322e-01	 -1,14616e-01
2361	  4,7200000000e+03	  3,68666e-01	 -1,18304e-01
2362	  4,7220000000e+03	  3,69330e-01	 -1,19697e-01
2363	  4,7240000000e+03	  3,68097e-01	 -1,25267e-01
2364	  4,7260000000e+03	  3,65028e-01	 -1,30034e-01
2365	  4,7280000000e+03	  3,61099e-01	 -1,29553e-01
2366	  4,7300000000e+03	  3,61721e-01	 -1,33057e-01
2367	  4,7320000000e+03	  3,59149e-01	 -1,37766e-01
2368	  4,7340000000e+03	  3,60002e-01	 -1,42851e-01
2369	  4,7360000000e+03	  3,58817e-01	 -1,46622e-01
2370	  4,7380000000e+03	  3,55147e-01	 -1,50444e-01
2371	  4,7400000000e+03	  3,52551e-01	 -1,55583e-01
2372	  4,7420000000e+03	  3,52378e-01	 -1,59339e-01
2373	  4,7440000000e+03	  3,49447e-01	 -1,62479e-01
2374	  4,7460000000e+03	  3,45564e-01	 -1,66502e-01
2375	  4,7480000000e+03	  3,44063e-01	 -1,69931e-01
2376	  4,7500000000e+03	  3,43363e-01	 -1,75793e-01
2377	  4,7520000000e+03	  3,41516e-01	 -1,81086e-01
2378	  4,7540000000e+03	  3,39742e-01	 -1,84409e-01
2379	  4,7560000000e+03	  3,34179e-01	 -1,84039e-01
2380	  4,7580000000e+03	  3,31242e-01	 -1,89333e-01
2381	  4,7600000000e+03	  3,27860e-01	 -1,92444e-01
2382	  4,7620000000e+03	  3,26234e-01	 -1,93834e-01
2383	  4,7640000000e+03	  3,25513e-01	 -1,96185e-01
2384	  4,7660000000e+03	  3,23150e-01	 -2,00999e-01
2385	  4,7680000000e+03	  3,19907e-01	 -2,04186e-01
2386	  4,7700000000e+03	  3,16092e-01	 -2,06188e-01
2387	  4,7720000000e+03	  3,12663e-01	 -2,07955e-01
2388	  4,7740000000e+03	  3,10578e-01	 -2,12570e-01
2389	  4,7760000000e+03	  3,08157e-01	 -2,15657e-01
2390	  4,7780000000e+03	  3,06510e-01	 -2,17847e-01
2391	  4,7800000000e+03	  3,01197e-01	 -2,21297e-01
2392	  4,7820000000e+03	  2,98301e-01	 -2,23084e-01
2393	  4,7840000000e+03	  2,95792e-01	 -2,25007e-01
2394	  4,7860000000e+03	  2,94220e-01	 -2,29120e-01
2395	  4,7880000000e+03	  2,89771e-01	 -2,31410e-01
2396	  4,7900000000e+03	  2,85316e-01	 -2,36108e-01
2397	  4,7920000000e+03	  2,86599e-01	 -2,39995e-01
2398	  4,7940000000e+03	  2,82365e-01	 -2,40677e-01
2399	  4,7960000000e+03	  2,80733e-01	 -2,42197e-01
2400	  4,7980000000e+03	  2,78815e-01	 -2,44556e-01
2401	  4,8000000000e+03	  2,74697e-01	 -2,49835e-01
2402	  4,8020000000e+03	  2,72753e-01	 -2,50003e-01
2403	  4,8040000000e+03	  2,69949e-01	 -2,53141e-01
2404	  4,8060000000e+03	  2,63490e-01	 -2,60450e-01
2405	  4,8080000000e+03	  2,60096e-01	 -2,59265e-01
2406	  4,8100000000e+03	  2,57560e-01	 -2,61561e-01
2407	  4,8120000000e+03	  2,51794e-01	 -2,62421e-01
2408	  4,8140000000e+03	  2,46290e-01	 -2,65322e-01
2409	  4,8160000000e+03	  2,49031e-01	 -2,68353e-01
2410	  4,8180000000e+03	  2,46374e-01	 -2,69672e-01
2411	  4,8200000000e+03	  2,40055e-01	 -2,73090e-01
2412	  4,8220000000e+03	  2,35766e-01	 -2,74356e-01
2413	  4,8240000000e+03	  2,33751e-01	 -2,73400e-01
2414	  4,8260000000e+03	  2,29403e-01	 -2,76043e-01
2415	  4,8280000000e+03	  2,25141e-01	 -2,78738e-01
2416	  4,8300000000e+03	  2,23298e-01	 -2,79271e-01
2417	  4,8320000000e+03	  2,20413e-01	 -2,80978e-01
2418	  4,8340000000e+03	  2,14366e-01	 -2,84710e-01
2419	  4,8360000000e+03	  2,10747e-01	 -2,84330e-01
2420	  4,8380000000e+03	  2,06568e-01	 -2,82517e-01
2421	  4,8400000000e+03	  2,03650e-01	 -2,87367e-01
2422	  4,8420000000e+03	  2,01445e-01	 -2,90753e-01
2423	  4,8440000000e+03	  1,97962e-01	 -2,88127e-01
2424	  4,8460000000e+03	  1,95020e-01	 -2,88028e-01
2425	  4,8480000000e+03	  1,97416e-01	 -2,90370e-01
2426	  4,8500000000e+03	  1,94525e-01	 -2,91619e-01
2427	  4,8520000000e+03	  1,89969e-01	 -2,91851e-01
2428	  4,8540000000e+03	  1,86436e-01	 -2,94266e-01
2429	  4,8560000000e+03	  1,82531e-01	 -2,96797e-01
2430	  4,8580000000e+03	  1,78141e-01	 -2,99587e-01
2431	  4,8600000000e+03	  1,74291e-01	 -3,00767e-01
2432	  4,8620000000e+03	  1,72788e-01	 -3,03201e-01
2433	  4,8640000000e+03	  1,71078e-01	 -3,03657e-01
2434	  4,8660000000e+03	  1,67289e-01	 -3,03064e-01
2435	  4,8680000000e+03	  1,60835e-01	 -3,04646e-01
2436	  4,8700000000e+03	  1,60948e-01	 -3,04541e-01
2437	  4,8720000000e+03	  1,57648e-01	 -3,05703e-01
2438	  4,8740000000e+03	  1,53271e-01	 -3,08675e-01
2439	  4,8760000000e+03	  1,51843e-01	 -3,10616e-01
2440	  4,8780000000e+03	  1,48681e-01	 -3,11488e-01
2441	  4,8800000000e+03	  1,45122e-01	 -3,12555e-01
2442	  4,8820000000e+03	  1,40971e-01	 -3,13674e-01
2443	  4,8840000000e+03	  1,38580e-01	 -3,15519e-01
2444	  4,8860000000e+03	  1,36517e-01	 -3,17555e-01
2445	  4,8880000000e+03	  1,30255e-01	 -3,16494e-01
2446	  4,8900000000e+03	  1,26765e-01	 -3,14466e-01
2447	  4,8920000000e+03	  1,25465e-01	 -3,14837e-01
2448	  4,8940000000e+03	  1,20392e-01	 -3,16572e-01
2449	  4,8960000000e+03	  1,14950e-01	 -3,15160e-01
2450	  4,8980000000e+03	  1,14412e-01	 -3,17116e-01
2451	  4,9000000000e+03	  1,09258e-01	 -3,17189e-01
2452	  4,9020000000e+03	  1,05234e-01	 -3,17060e-01
2453	  4,9040000000e+03	  1,04582e-01	 -3,19230e-01
2454	  4,9060000000e+03	  1,01456e-01	 -3,20212e-01
2455	  4,9080000000e+03	  1,00030e-01	 -3,19552e-01
2456	  4,9100000000e+03	  9,88811e-02	 -3,22546e-01
2457	  4,9120000000e+03	  9,39359e-02	 -3,24890e-01
2458	  4,9140000000e+03	  8,90243e-02	 -3,25029e-01
2459	  4,9160000000e+03	  8,39300e-02	 -3,24002e-01
2460	  4,9180000000e+03	  8,10669e-02	 -3,24519e-01
2461	  4,9200000000e+03	  7,96128e-02	 -3,26726e-01
2462	  4,9220000000e+03	  7,76654e-02	 -3,24414e-01
2463	  4,9240000000e+03	  7,48925e-02	 -3,24142e-01
2464	  4,9260000000e+03	  7,23860e-02	 -3,26523e-01
2465	  4,9280000000e+03	  6,77334e-02	 -3,27101e-01
2466	  4,9300000000e+03	  6,55303e-02	 -3,27021e-01
2467	  4,9320000000e+03	  6,46365e-02	 -3,28793e-01
2468	  4,9340000000e+03	  6,04567e-02	 -3,27517e-01
2469	  4,9360000000e+03	  5,50781e-02	 -3,28231e-01
2470	  4,9380000000e+03	  5,24770e-02	 -3,30703e-01
2471	  4,9400000000e+03	  4,89705e-02	 -3,31406e-01
2472	  4,9420000000e+03	  4,62773e-02	 -3,30768e-01
2473	  4,9440000000e+03	  4,44092e-02	 -3,31128e-01
2474	  4,9460000000e+03	  4,23391e-02	 -3,31006e-01
2475	  4,9480000000e+03	  3,67560e-02	 -3,30267e-01
2476	  4,9500000000e+03	  3,16059e-02	 -3,28874e-01
2477	  4,9520000000e+03	  2,97318e-02	 -3,29039e-01
2478	  4,9540000000e+03	  2,79399e-02	 -3,31204e-01
2479	  4,9560000000e+03	  2,31565e-02	 -3,32669e-01
2480	  4,9580000000e+03	  1,96508e-02	 -3,32161e-01
2481	  4,9600000000e+03	  1,66745e-02	 -3,33441e-01
2482	  4,9620000000e+03	  1,33432e-02	 -3,34017e-01
2483	  4,9640000000e+03	  1,15050e-02	 -3,33575e-01
2484	  4,9660000000e+03	  5,46285e-03	 -3,34212e-01
2485	  4,9680000000e+03	  6,13842e-04	 -3,32855e-01
2486	  4,9700000000e+03	  1,80385e-03	 -3,33832e-01
2487	  4,9720000000e+03	 -1,26208e-03	 -3,31276e-01
2488	  4,9740000000e+03	 -5,26806e-03	 -3,29330e-01
2489	  4,9760000000e+03	 -6,99009e-03	 -3,28377e-01
2490	  4,9780000000e+03	 -1,11495e-02	 -3,29591e-01
2491	  4,9800000000e+03	 -1,08860e-02	 -3,27933e-01
2492	  4,9820000000e+03	 -1,29248e-02	 -3,27830e-01
2493	  4,9840000000e+03	 -1,89030e-02	 -3,29150e-01
2494	  4,9860000000e+03	 -2,26532e-02	 -3,27627e-01
2495	  4,9880000000e+03	 -2,54747e-02	 -3,27383e-01
2496	  4,9900000000e+03	 -2,76378e-02	 -3,29478e-01
2497	  4,9920000000e+03	 -3,14421e-02	 -3,29012e-01
2498	  4,9940000000e+03	 -3,55219e-02	 -3,28971e-01
2499	  4,9960000000e+03	 -3,99662e-02	 -3,29449e-01
2500	  4,9980000000e+03	 -4,03352e-02	 -3,30336e-01
2501	  5,0000000000e+03	 -4,20699e-02	 -3,32038e-01
2502	  5,0020000000e+03	 -4,59042e-02	 -3,33532e-01
2503	  5,0040000000e+03	 -5,26195e-02	 -3,34043e-01
2504	  5,0060000000e+03	 -5,68465e-02	 -3,33600e-01
2505	  5,0080000000e+03	 -5,92077e-02	 -3,33087e-01
2506	  5,0100000000e+03	 -6,17492e-02	 -3,33626e-01
2507	  5,0120000000e+03	 -6,55683e-02	 -3,33283e-01
2508	  5,0140000000e+03	 -7,07921e-02	 -3,32781e-01
2509	  5,0160000000e+03	 -7,58339e-02	 -3,31357e-01
2510	  5,0180000000e+03	 -8,14939e-02	 -3,30709e-01
2511	  5,0200000000e+03	 -8,55015e-02	 -3,29802e-01
2512	  5,0220000000e+03	 -9,15134e-02	 -3,29613e-01
2513	  5,0240000000e+03	 -9,49032e-02	 -3,28586e-01
2514	  5,0260000000e+03	 -1,02583e-01	 -3,30281e-01
2515	  5,0280000000e+03	 -1,07214e-01	 -3,28989e-01
2516	  5,0300000000e+03	 -1,09173e-01	 -3,24751e-01
2517	  5,0320000000e+03	 -1,11677e-01	 -3,22550e-01
2518	  5,0340000000e+03	 -1,13118e-01	 -3,20289e-01
2519	  5,0360000000e+03	 -1,17459e-01	 -3,17529e-01
2520	  5,0380000000e+03	 -1,20756e-01	 -3,14452e-01
2521	  5,0400000000e+03	 -1,25365e-01	 -3,11168e-01
2522	  5,0420000000e+03	 -1,28802e-01	 -3,09329e-01
2523	  5,0440000000e+03	 -1,34493e-01	 -3,09263e-01
2524	  5,0460000000e+03	 -1,41200e-01	 -3,05550e-01
2525	  5,0480000000e+03	 -1,42445e-01	 -3,02391e-01
2526	  5,0500000000e+03	 -1,44438e-01	 -3,01209e-01
2527	  5,0520000000e+03	 -1,48029e-01	 -2,97772e-01
2528	  5,0540000000e+03	 -1,47555e-01	 -2,96769e-01
2529	  5,0560000000e+03	 -1,51240e-01	 -2,94623e-01
2530	  5,0580000000e+03	 -1,55964e-01	 -2,93076e-01
2531	  5,0600000000e+03	 -1,61013e-01	 -2,90656e-01
2532	  5,0620000000e+03	 -1,63972e-01	 -2,87204e-01
2533	  5,0640000000e+03	 -1,65375e-01	 -2,82565e-01
2534	  5,0660000000e+03	 -1,68942e-01	 -2,79982e-01
2535	  5,0680000000e+03	 -1,72939e-01	 -2,81163e-01
2536	  5,0700000000e+03	 -1,73204e-01	 -2,78553e-01
2537	  5,0720000000e+03	 -1,79858e-01	 -2,74598e-01
2538	  5,0740000000e+03	 -1,84487e-01	 -2,68993e-01
2539	  5,0760000000e+03	 -1,84899e-01	 -2,67492e-01
2540	  5,0780000000e+03	 -1,86419e-01	 -2,67014e-01
2541	  5,0800000000e+03	 -1,87716e-01	 -2,61830e-01
2542	  5,0820000000e+03	 -1,90375e-01	 -2,60125e-01
2543	  5,0840000000e+03	 -1,92904e-01	 -2,58486e-01
2544	  5,0860000000e+03	 -1,96608e-01	 -2,57866e-01
2545	  5,0880000000e+03	 -2,01393e-01	 -2,55975e-01
2546	  5,0900000000e+03	 -2,01870e-01	 -2,53462e-01
2547	  5,0920000000e+03	 -2,00700e-01	 -2,47743e-01
2548	  5,0940000000e+03	 -2,03928e-01	 -2,42482e-01
2549	  5,0960000000e+03	 -2,05227e-01	 -2,41820e-01
2550	  5,0980000000e+03	 -2,07790e-01	 -2,38536e-01
2551	  5,1000000000e+03	 -2,10427e-01	 -2,33201e-01
2552	  5,1020000000e+03	 -2,10286e-01	 -2,33166e-01
2553	  5,1040000000e+03	 -2,11894e-01	 -2,31160e-01
2554	  5,1060000000e+03	 -2,13409e-01	 -2,28278e-01
2555	  5,1080000000e+03	 -2,16355e-01	 -2,25951e-01
2556	  5,1100000000e+03	 -2,16768e-01	 -2,21669e-01
2557	  5,1120000000e+03	 -2,18292e-01	 -2,16624e-01
2558	  5,1140000000e+03	 -2,19830e-01	 -2,15931e-01
2559	  5,1160000000e+03	 -2,20855e-01	 -2,14763e-01
2560	  5,1180000000e+03	 -2,23274e-01	 -2,14793e-01
2561	  5,1200000000e+03	 -2,24861e-01	 -2,09225e-01
2562	  5,1220000000e+03	 -2,27609e-01	 -2,06794e-01
2563	  5,1240000000e+03	 -2,28776e-01	 -2,04809e-01
2564	  5,1260000000e+03	 -2,29915e-01	 -2,01225e-01
2565	  5,1280000000e+03	 -2,29885e-01	 -1,97236e-01
2566	  5,1300000000e+03	 -2,30712e-01	 -1,95062e-01
2567	  5,1320000000e+03	 -2,31241e-01	 -1,92797e-01
2568	  5,1340000000e+03	 -2,35228e-01	 -1,91614e-01
2569	  5,1360000000e+03	 -2,36947e-01	 -1,88612e-01
2570	  5,1380000000e+03	 -2,38682e-01	 -1,86013e-01
2571	  5,1400000000e+03	 -2,39060e-01	 -1,84325e-01
2572	  5,1420000000e+03	 -2,40557e-01	 -1,81766e-01
2573	  5,1440000000e+03	 -2,42539e-01	 -1,78995e-01
2574	  5,1460000000e+03	 -2,43992e-01	 -1,73502e-01
2575	  5,1480000000e+03	 -2,47831e-01	 -1,73457e-01
2576	  5,1500000000e+03	 -2,49367e-01	 -1,74024e-01
2577	  5,1520000000e+03	 -2,46122e-01	 -1,70701e-01
2578	  5,1540000000e+03	 -2,47334e-01	 -1,67086e-01
2579	  5,1560000000e+03	 -2,48286e-01	 -1,64404e-01
2580	  5,1580000000e+03	 -2,51401e-01	 -1,60696e-01
2581	  5,1600000000e+03	 -2,48808e-01	 -1,56053e-01
2582	  5,1620000000e+03	 -2,50431e-01	 -1,55671e-01
2583	  5,1640000000e+03	 -2,52398e-01	 -1,55132e-01
2584	  5,1660000000e+03	 -2,51644e-01	 -1,54984e-01
2585	  5,1680000000e+03	 -2,51019e-01	 -1,55354e-01
2586	  5,1700000000e+03	 -2,51351e-01	 -1,51951e-01
2587	  5,1720000000e+03	 -2,54608e-01	 -1,47671e-01
2588	  5,1740000000e+03	 -2,55863e-01	 -1,47066e-01
2589	  5,1760000000e+03	 -2,57771e-01	 -1,43004e-01
2590	  5,1780000000e+03	 -2,59802e-01	 -1,40596e-01
2591	  5,1800000000e+03	 -2,62214e-01	 -1,37444e-01
2592	  5,1820000000e+03	 -2,62809e-01	 -1,36341e-01
2593	  5,1840000000e+03	 -2,64176e-01	 -1,33525e-01
2594	  5,1860000000e+03	 -2,65067e-01	 -1,32889e-01
2595	  5,1880000000e+03	 -2,64808e-01	 -1,30678e-01
2596	  5,1900000000e+03	 -2,66477e-01	 -1,26752e-01
2597	  5,1920000000e+03	 -2,67067e-01	 -1,23718e-01
2598	  5,1940000000e+03	 -2,69249e-01	 -1,22279e-01
2599	  5,1960000000e+03	 -2,73324e-01	 -1,19176e-01
2600	  5,1980000000e+03	 -2,77832e-01	 -1,16734e-01
2601	  5,2000000000e+03	 -2,77624e-01	 -1,13586e-01
2602	  5,2020000000e+03	 -2,79466e-01	 -1,08845e-01
2603	  5,2040000000e+03	 -2,78746e-01	 -1,06607e-01
2604	  5,2060000000e+03	 -2,77162e-01	 -1,04341e-01
2605	  5,2080000000e+03	 -2,79106e-01	 -1,02738e-01
2606	  5,2100000000e+03	 -2,79048e-01	 -9,93854e-02
2607	  5,2120000000e+03	 -2,74146e-01	 -9,77210e-02
2608	  5,2140000000e+03	 -2,77816e-01	 -9,73181e-02
2609	  5,2160000000e+03	 -2,81167e-01	 -9,35342e-02
2610	  5,2180000000e+03	 -2,80997e-01	 -8,97795e-02
2611	  5,2200000000e+03	 -2,83907e-01	 -8,81418e-02
2612	  5,2220000000e+03	 -2,84896e-01	 -8,64734e-02
2613	  5,2240000000e+03	 -2,86651e-01	 -8,20189e-02
2614	  5,2260000000e+03	 -2,85404e-01	 -7,81205e-02
2615	  5,2280000000e+03	 -2,86649e-01	 -7,72384e-02
2616	  5,2300000000e+03	 -2,88109e-01	 -7,54178e-02
2617	  5,2320000000e+03	 -2,87215e-01	 -7,17505e-02
2618	  5,2340000000e+03	 -2,85738e-01	 -6,85880e-02
2619	  5,2360000000e+03	 -2,86868e-01	 -6,62723e-02
2620	  5,2380000000e+03	 -2,88566e-01	 -6,45661e-02
2621	  5,2400000000e+03	 -2,90191e-01	 -6,18490e-02
2622	  5,2420000000e+03	 -2,92056e-01	 -6,01494e-02
2623	  5,2440000000e+03	 -2,93922e-01	 -5,96442e-02
2624	  5,2460000000e+03	 -2,95085e-01	 -5,46343e-02
2625	  5,2480000000e+03	 -2,93926e-01	 -4,97114e-02
2626	  5,2500000000e+03	 -2,96715e-01	 -4,59819e-02
2627	  5,2520000000e+03	 -2,99570e-01	 -4,41142e-02
2628	  5,2540000000e+03	 -2,99614e-01	 -4,11564e-02
2629	  5,2560000000e+03	 -2,99196e-01	 -3,90743e-02
2630	  5,2580000000e+03	 -2,97892e-01	 -3,56184e-02
2631	  5,2600000000e+03	 -2,99525e-01	 -3,25462e-02
2632	  5,2620000000e+03	 -3,00867e-01	 -2,78125e-02
2633	  5,2640000000e+03	 -2,99456e-01	 -2,50440e-02
2634	  5,2660000000e+03	 -3,04120e-01	 -2,18406e-02
2635	  5,2680000000e+03	 -3,05184e-01	 -1,88703e-02
2636	  5,2700000000e+03	 -3,05046e-01	 -1,66759e-02
2637	  5,2720000000e+03	 -3,07947e-01	 -1,23289e-02
2638	  5,2740000000e+03	 -3,07535e-01	 -7,72749e-03
2639	  5,2760000000e+03	 -3,05986e-01	 -6,89521e-03
2640	  5,2780000000e+03	 -3,06655e-01	 -2,59555e-03
2641	  5,2800000000e+03	 -3,06693e-01	 -1,21462e-03
2642	  5,2820000000e+03	 -3,07858e-01	 -1,05643e-03
2643	  5,2840000000e+03	 -3,08129e-01	  5,45728e-03
2644	  5,2860000000e+03	 -3,09038e-01	  1,07083e-02
2645	  5,2880000000e+03	 -3,08277e-01	  1,39351e-02
2646	  5,2900000000e+03	 -3,08438e-01	  1,91921e-02
2647	  5,2920000000e+03	 -3,06272e-01	  1,92390e-02
2648	  5,2940000000e+03	 -3,06611e-01	  2,23679e-02
2649	  5,2960000000e+03	 -3,08025e-01	  2,93679e-02
2650	  5,2980000000e+03	 -3,08736e-01	  3,21959e-02
2651	  5,3000000000e+03	 -3,10078e-01	  3,71878e-02
2652	  5,3020000000e+03	 -3,10495e-01	  4,20239e-02
2653	  5,3040000000e+03	 -3,08910e-01	  4,62188e-02
2654	  5,3060000000e+03	 -3,07086e-01	  5,04368e-02
2655	  5,3080000000e+03	 -3,06005e-01	  5,44968e-02
2656	  5,3100000000e+03	 -3,05447e-01	  5,89379e-02
2657	  5,3120000000e+03	 -3,04780e-01	  6,40235e-02
2658	  5,3140000000e+03	 -3,02584e-01	  6,50496e-02
2659	  5,3160000000e+03	 -3,00581e-01	  6,97375e-02
2660	  5,3180000000e+03	 -2,98622e-01	  7,27521e-02
2661	  5,3200000000e+03	 -2,97961e-01	  7,83199e-02
2662	  5,3220000000e+03	 -2,96871e-01	  8,35404e-02
2663	  5,3240000000e+03	 -2,99608e-01	  8,79034e-02
2664	  5,3260000000e+03	 -2,97280e-01	  8,87134e-02
2665	  5,3280000000e+03	 -2,92501e-01	  9,10987e-02
2666	  5,3300000000e+03	 -2,90429e-01	  9,72400e-02
2667	  5,3320000000e+03	 -2,88164e-01	  1,01424e-01
2668	  5,3340000000e+03	 -2,86155e-01	  1,01343e-01
2669	  5,3360000000e+03	 -2,84496e-01	  1,04430e-01
2670	  5,3380000000e+03	 -2,84304e-01	  1,10906e-01
2671	  5,3400000000e+03	 -2,81462e-01	  1,12051e-01
2672	  5,3420000000e+03	 -2,80822e-01	  1,12369e-01
2673	  5,3440000000e+03	 -2,76625e-01	  1,15982e-01
2674	  5,3460000000e+03	 -2,75119e-01	  1,21039e-01
2675	  5,3480000000e+03	 -2,76850e-01	  1,27741e-01
2676	  5,3500000000e+03	 -2,73342e-01	  1,29106e-01
2677	  5,3520000000e+03	 -2,68261e-01	  1,30230e-01
2678	  5,3540000000e+03	 -2,66217e-01	  1,29663e-01
2679	  5,3560000000e+03	 -2,68316e-01	  1,31132e-01
2680	  5,3580000000e+03	 -2,65034e-01	  1,35555e-01
2681	  5,3600000000e+03	 -2,66871e-01	  1,39535e-01
2682	  5,3620000000e+03	 -2,63744e-01	  1,43687e-01
2683	  5,3640000000e+03	 -2,62707e-01	  1,46897e-01
2684	  5,3660000000e+03	 -2,61647e-01	  1,49535e-01
2685	  5,3680000000e+03	 -2,59922e-01	  1,50780e-01
2686	  5,3700000000e+03	 -2,55958e-01	  1,52473e-01
2687	  5,3720000000e+03	 -2,53068e-01	  1,53912e-01
2688	  5,3740000000e+03	 -2,51029e-01	  1,55501e-01
2689	  5,3760000000e+03	 -2,47952e-01	  1,58421e-01
2690	  5,3780000000e+03	 -2,47101e-01	  1,62514e-01
2691	  5,3800000000e+03	 -2,47643e-01	  1,66387e-01
2692	  5,3820000000e+03	 -2,44861e-01	  1,72668e-01
2693	  5,3840000000e+03	 -2,42234e-01	  1,77430e-01
2694	  5,3860000000e+03	 -2,39241e-01	  1,74941e-01
2695	  5,3880000000e+03	 -2,36197e-01	  1,79988e-01
2696	  5,3900000000e+03	 -2,32008e-01	  1,82676e-01
2697	  5,3920000000e+03	 -2,29965e-01	  1,84121e-01
2698	  5,3940000000e+03	 -2,27008e-01	  1,85338e-01
2699	  5,3960000000e+03	 -2,24004e-01	  1,85685e-01
2700	  5,3980000000e+03	 -2,22285e-01	  1,87590e-01
2701	  5,4000000000e+03	 -2,23206e-01	  1,92839e-01
2702	  5,4020000000e+03	 -2,18608e-01	  1,96357e-01
2703	  5,4040000000e+03	 -2,12366e-01	  1,96644e-01
2704	  5,4060000000e+03	 -2,09378e-01	  1,96499e-01
2705	  5,4080000000e+03	 -2,08143e-01	  2,00415e-01
2706	  5,4100000000e+03	 -2,04174e-01	  2,03028e-01
2707	  5,4120000000e+03	 -2,02041e-01	  2,02383e-01
2708	  5,4140000000e+03	 -2,01119e-01	  2,03945e-01
2709	  5,4160000000e+03	 -1,95642e-01	  2,10085e-01
2710	  5,4180000000e+03	 -1,91513e-01	  2,11019e-01
2711	  5,4200000000e+03	 -1,91212e-01	  2,09275e-01
2712	  5,4220000000e+03	 -1,87734e-01	  2,13671e-01
2713	  5,4240000000e+03	 -1,84158e-01	  2,14077e-01
2714	  5,4260000000e+03	 -1,82378e-01	  2,14118e-01
2715	  5,4280000000e+03	 -1,78665e-01	  2,14765e-01
2716	  5,4300000000e+03	 -1,75712e-01	  2,15662e-01
2717	  5,4320000000e+03	 -1,72263e-01	  2,17524e-01
2718	  5,4340000000e+03	 -1,70650e-01	  2,19785e-01
2719	  5,4360000000e+03	 -1,72602e-01	  2,21771e-01
2720	  5,4380000000e+03	 -1,66676e-01	  2,21602e-01
2721	  5,4400000000e+03	 -1,66356e-01	  2,21156e-01
2722	  5,4420000000e+03	 -1,66162e-01	  2,23923e-01
2723	  5,4440000000e+03	 -1,63195e-01	  2,24396e-01
2724	  5,4460000000e+03	 -1,57424e-01	  2,27262e-01
2725	  5,4480000000e+03	 -1,57326e-01	  2,28912e-01
2726	  5,4500000000e+03	 -1,55578e-01	  2,30690e-01
2727	  5,4520000000e+03	 -1,52419e-01	  2,29042e-01
2728	  5,4540000000e+03	 -1,49336e-01	  2,28327e-01
2729	  5,4560000000e+03	 -1,42522e-01	  2,27937e-01
2730	  5,4580000000e+03	 -1,42966e-01	  2,30558e-01
2731	  5,4600000000e+03	 -1,41154e-01	  2,34767e-01
2732	  5,4620000000e+03	 -1,37718e-01	  2,35324e-01
2733	  5,4640000000e+03	 -1,34518e-01	  2,34708e-01
2734	  5,4660000000e+03	 -1,32376e-01	  2,35973e-01
2735	  5,4680000000e+03	 -1,28569e-01	  2,37903e-01
2736	  5,4700000000e+03	 -1,25308e-01	  2,40448e-01
2737	  5,4720000000e+03	 -1,23998e-01	  2,38207e-01
2738	  5,4740000000e+03	 -1,22477e-01	  2,34290e-01
2739	  5,4760000000e+03	 -1,21722e-01	  2,38619e-01
2740	  5,4780000000e+03	 -1,19227e-01	  2,39502e-01
2741	  5,4800000000e+03	 -1,16982e-01	  2,42008e-01
2742	  5,4820000000e+03	 -1,13197e-01	  2,43275e-01
2743	  5,4840000000e+03	 -1,10464e-01	  2,43303e-01
2744	  5,4860000000e+03	 -1,08307e-01	  2,42405e-01
2745	  5,4880000000e+03	 -1,07929e-01	  2,44115e-01
2746	  5,4900000000e+03	 -1,01883e-01	  2,46376e-01
2747	  5,4920000000e+03	 -1,02618e-01	  2,43479e-01
2748	  5,4940000000e+03	 -9,92165e-02	  2,47119e-01
2749	  5,4960000000e+03	 -9,45694e-02	  2,48174e-01
2750	  5,4980000000e+03	 -9,39170e-02	  2,47954e-01
2751	  5,5000000000e+03	 -9,01048e-02	  2,47366e-01
2752	  5,5020000000e+03	 -8,79923e-02	  2,48920e-01
2753	  5,5040000000e+03	 -8,65222e-02	  2,51137e-01
2754	  5,5060000000e+03	 -8,63938e-02	  2,52040e-01
2755	  5,5080000000e+03	 -7,96993e-02	  2,51247e-01
2756	  5,5100000000e+03	 -7,66867e-02	  2,49927e-01
2757	  5,5120000000e+03	 -7,36124e-02	  2,51498e-01
2758	  5,5140000000e+03	 -7,24060e-02	  2,54913e-01
2759	  5,5160000000e+03	 -6,88355e-02	  2,54560e-01
2760	  5,5180000000e+03	 -6,62144e-02	  2,55643e-01
2761	  5,5200000000e+03	 -6,59021e-02	  2,55524e-01
2762	  5,5220000000e+03	 -6,23813e-02	  2,56258e-01
2763	  5,5240000000e+03	 -5,85670e-02	  2,53636e-01
2764	  5,5260000000e+03	 -5,73128e-02	  2,56945e-01
2765	  5,5280000000e+03	 -5,39728e-02	  2,59185e-01
2766	  5,5300000000e+03	 -4,82758e-02	  2,55264e-01
2767	  5,5320000000e+03	 -4,46778e-02	  2,52238e-01
2768	  5,5340000000e+03	 -4,13020e-02	  2,53849e-01
2769	  5,5360000000e+03	 -4,18957e-02	  2,53109e-01
2770	  5,5380000000e+03	 -4,14389e-02	  2,53018e-01
2771	  5,5400000000e+03	 -3,61896e-02	  2,54087e-01
2772	  5,5420000000e+03	 -3,29437e-02	  2,54036e-01
2773	  5,5440000000e+03	 -3,34892e-02	  2,53183e-01
2774	  5,5460000000e+03	 -3,28693e-02	  2,54914e-01
2775	  5,5480000000e+03	 -3,14821e-02	  2,56131e-01
2776	  5,5500000000e+03	 -2,84393e-02	  2,54821e-01
2777	  5,5520000000e+03	 -2,54692e-02	  2,54287e-01
2778	  5,5540000000e+03	 -2,24742e-02	  2,54589e-01
2779	  5,5560000000e+03	 -1,70505e-02	  2,54487e-01
2780	  5,5580000000e+03	 -1,28122e-02	  2,51924e-01
2781	  5,5600000000e+03	 -1,27237e-02	  2,53783e-01
2782	  5,5620000000e+03	 -9,70090e-03	  2,55208e-01
2783	  5,5640000000e+03	 -4,42377e-03	  2,52269e-01
2784	  5,5660000000e+03	 -2,21392e-03	  2,51021e-01
2785	  5,5680000000e+03	 -3,78415e-03	  2,53254e-01
2786	  5,5700000000e+03	 -1,47162e-03	  2,52280e-01
2787	  5,5720000000e+03	 -4,00273e-04	  2,52266e-01
2788	  5,5740000000e+03	  3,82821e-03	  2,52398e-01
2789	  5,5760000000e+03	  6,75213e-03	  2,49399e-01
2790	  5,5780000000e+03	  7,87026e-03	  2,48921e-01
2791	  5,5800000000e+03	  9,07559e-03	  2,50177e-01
2792	  5,5820000000e+03	  1,44091e-02	  2,49103e-01
2793	  5,5840000000e+03	  1,81286e-02	  2,48967e-01
2794	  5,5860000000e+03	  1,99091e-02	  2,49611e-01
2795	  5,5880000000e+03	  2,36473e-02	  2,50470e-01
2796	  5,5900000000e+03	  2,36851e-02	  2,47852e-01
2797	  5,5920000000e+03	  2,51453e-02	  2,47161e-01
2798	  5,5940000000e+03	  2,88398e-02	  2,48056e-01
2799	  5,5960000000e+03	  3,33471e-02	  2,47469e-01
2800	  5,5980000000e+03	  3,50978e-02	  2,48694e-01
2801	  5,6000000000e+03	  3,67292e-02	  2,50661e-01
2802	  5,6020000000e+03	  4,09952e-02	  2,45711e-01
2803	  5,6040000000e+03	  4,30186e-02	  2,43361e-01
2804	  5,6060000000e+03	  4,34223e-02	  2,46087e-01
2805	  5,6080000000e+03	  4,85389e-02	  2,44835e-01
2806	  5,6100000000e+03	  4,91073e-02	  2,42218e-01
2807	  5,6120000000e+03	  5,07854e-02	  2,39237e-01
2808	  5,6140000000e+03	  5,49827e-02	  2,41116e-01
2809	  5,6160000000e+03	  5,67245e-02	  2,38030e-01
2810	  5,6180000000e+03	  5,78072e-02	  2,36406e-01
2811	  5,6200000000e+03	  6,07312e-02	  2,35015e-01
2812	  5,6220000000e+03	  6,48210e-02	  2,34239e-01
2813	  5,6240000000e+03	  6,75648e-02	  2,31027e-01
2814	  5,6260000000e+03	  6,61484e-02	  2,29396e-01
2815	  5,6280000000e+03	  6,70086e-02	  2,29368e-01
2816	  5,6300000000e+03	  6,75388e-02	  2,28780e-01
2817	  5,6320000000e+03	  6,77177e-02	  2,27907e-01
2818	  5,6340000000e+03	  6,94275e-02	  2,28826e-01
2819	  5,6360000000e+03	  7,04015e-02	  2,26170e-01
2820	  5,6380000000e+03	  7,16620e-02	  2,23639e-01
2821	  5,6400000000e+03	  7,25298e-02	  2,21912e-01
2822	  5,6420000000e+03	  7,64043e-02	  2,22239e-01
2823	  5,6440000000e+03	  8,03270e-02	  2,21125e-01
2824	  5,6460000000e+03	  8,36378e-02	  2,20568e-01
2825	  5,6480000000e+03	  8,56977e-02	  2,19908e-01
2826	  5,6500000000e+03	  8,50719e-02	  2,16321e-01
2827	  5,6520000000e+03	  8,73527e-02	  2,13289e-01
2828	  5,6540000000e+03	  8,67008e-02	  2,13313e-01
2829	  5,6560000000e+03	  8,75898e-02	  2,12764e-01
2830	  5,6580000000e+03	  8,88579e-02	  2,14429e-01
2831	  5,6600000000e+03	  9,03669e-02	  2,14518e-01
2832	  5,6620000000e+03	  9,20009e-02	  2,12812e-01
2833	  5,6640000000e+03	  9,25669e-02	  2,12526e-01
2834	  5,6660000000e+03	  9,31868e-02	  2,13550e-01
2835	  5,6680000000e+03	  9,49460e-02	  2,14285e-01
2836	  5,6700000000e+03	  9,98697e-02	  2,11936e-01
2837	  5,6720000000e+03	  1,00065e-01	  2,11013e-01
2838	  5,6740000000e+03	  1,02688e-01	  2,09246e-01
2839	  5,6760000000e+03	  1,04263e-01	  2,08986e-01
2840	  5,6780000000e+03	  1,06952e-01	  2,07081e-01
2841	  5,6800000000e+03	  1,06718e-01	  2,06793e-01
2842	  5,6820000000e+03	  1,06723e-01	  2,07325e-01
2843	  5,6840000000e+03	  1,09323e-01	  2,05897e-01
2844	  5,6860000000e+03	  1,12204e-01	  2,02087e-01
2845	  5,6880000000e+03	  1,13279e-01	  2,03843e-01
2846	  5,6900000000e+03	  1,19071e-01	  2,04038e-01
2847	  5,6920000000e+03	  1,19933e-01	  2,02369e-01
2848	  5,6940000000e+03	  1,22269e-01	  2,01077e-01
2849	  5,6960000000e+03	  1,25077e-01	  1,99202e-01
2850	  5,6980000000e+03	  1,25378e-01	  1,96095e-01
2851	  5,7000000000e+03	  1,26297e-01	  1,96133e-01
2852	  5,7020000000e+03	  1,28017e-01	  1,97921e-01
2853	  5,7040000000e+03	  1,29077e-01	  1,96054e-01
2854	  5,7060000000e+03	  1,31584e-01	  1,93218e-01
2855	  5,7080000000e+03	  1,32800e-01	  1,90307e-01
2856	  5,7100000000e+03	  1,33292e-01	  1,88838e-01
2857	  5,7120000000e+03	  1,37370e-01	  1,89079e-01
2858	  5,7140000000e+03	  1,39781e-01	  1,88459e-01
2859	  5,7160000000e+03	  1,39128e-01	  1,87139e-01
2860	  5,7180000000e+03	  1,40237e-01	  1,87246e-01
2861	  5,7200000000e+03	  1,41854e-01	  1,86167e-01
2862	  5,7220000000e+03	  1,43714e-01	  1,82701e-01
2863	  5,7240000000e+03	  1,48056e-01	  1,82660e-01
2864	  5,7260000000e+03	  1,49891e-01	  1,83977e-01
2865	  5,7280000000e+03	  1,51452e-01	  1,81396e-01
2866	  5,7300000000e+03	  1,52575e-01	  1,80384e-01
2867	  5,7320000000e+03	  1,49938e-01	  1,78394e-01
2868	  5,7340000000e+03	  1,48741e-01	  1,77666e-01
2869	  5,7360000000e+03	  1,53501e-01	  1,77244e-01
2870	  5,7380000000e+03	  1,56387e-01	  1,75552e-01
2871	  5,7400000000e+03	  1,58193e-01	  1,71380e-01
2872	  5,7420000000e+03	  1,61897e-01	  1,70158e-01
2873	  5,7440000000e+03	  1,65888e-01	  1,71451e-01
2874	  5,7460000000e+03	  1,63900e-01	  1,70157e-01
2875	  5,7480000000e+03	  1,63355e-01	  1,68163e-01
2876	  5,7500000000e+03	  1,67388e-01	  1,67495e-01
2877	  5,7520000000e+03	  1,70990e-01	  1,65460e-01
2878	  5,7540000000e+03	  1,71923e-01	  1,63301e-01
2879	  5,7560000000e+03	  1,74681e-01	  1,62178e-01
2880	  5,7580000000e+03	  1,73687e-01	  1,61273e-01
2881	  5,7600000000e+03	  1,74691e-01	  1,60844e-01
2882	  5,7620000000e+03	  1,77029e-01	  1,61002e-01
2883	  5,7640000000e+03	  1,79226e-01	  1,57029e-01
2884	  5,7660000000e+03	  1,80567e-01	  1,53035e-01
2885	  5,7680000000e+03	  1,80399e-01	  1,51948e-01
2886	  5,7700000000e+03	  1,81423e-01	  1,50765e-01
2887	  5,7720000000e+03	  1,83616e-01	  1,50479e-01
2888	  5,7740000000e+03	  1,84526e-01	  1,50149e-01
2889	  5,7760000000e+03	  1,85286e-01	  1,43615e-01
2890	  5,7780000000e+03	  1,90606e-01	  1,43624e-01
2891	  5,7800000000e+03	  1,92297e-01	  1,44448e-01
2892	  5,7820000000e+03	  1,91225e-01	  1,42560e-01
2893	  5,7840000000e+03	  1,91021e-01	  1,40009e-01
2894	  5,7860000000e+03	  1,95108e-01	  1,37769e-01
2895	  5,7880000000e+03	  2,00055e-01	  1,36975e-01
2896	  5,7900000000e+03	  2,00566e-01	  1,36974e-01
2897	  5,7920000000e+03	  1,99155e-01	  1,35169e-01
2898	  5,7940000000e+03	  2,00564e-01	  1,30750e-01
2899	  5,7960000000e+03	  2,01999e-01	  1,29180e-01
2900	  5,7980000000e+03	  2,04102e-01	  1,28176e-01
2901	  5,8000000000e+03	  2,04832e-01	  1,24084e-01
2902	  5,8020000000e+03	  2,05228e-01	  1,23447e-01
2903	  5,8040000000e+03	  2,06151e-01	  1,23064e-01
2904	  5,8060000000e+03	  2,10619e-01	  1,18937e-01
2905	  5,8080000000e+03	  2,11318e-01	  1,15793e-01
2906	  5,8100000000e+03	  2,14128e-01	  1,13802e-01
2907	  5,8120000000e+03	  2,16277e-01	  1,13968e-01
2908	  5,8140000000e+03	  2,16130e-01	  1,11962e-01
2909	  5,8160000000e+03	  2,17363e-01	  1,07463e-01
2910	  5,8180000000e+03	  2,17124e-01	  1,02726e-01
2911	  5,8200000000e+03	  2,15773e-01	  1,01498e-01
2912	  5,8220000000e+03	  2,17516e-01	  1,01935e-01
2913	  5,8240000000e+03	  2,18134e-01	  1,00900e-01
2914	  5,8260000000e+03	  2,19862e-01	  9,71422e-02
2915	  5,8280000000e+03	  2,23018e-01	  9,74321e-02
2916	  5,8300000000e+03	  2,22250e-01	  9,64997e-02
2917	  5,8320000000e+03	  2,21980e-01	  9,05427e-02
2918	  5,8340000000e+03	  2,21235e-01	  8,72782e-02
2919	  5,8360000000e+03	  2,20946e-01	  8,94783e-02
2920	  5,8380000000e+03	  2,20662e-01	  8,71717e-02
2921	  5,8400000000e+03	  2,23141e-01	  8,15667e-02
2922	  5,8420000000e+03	  2,25403e-01	  7,89468e-02
2923	  5,8440000000e+03	  2,24221e-01	  7,92915e-02
2924	  5,8460000000e+03	  2,25656e-01	  7,66936e-02
2925	  5,8480000000e+03	  2,27243e-01	  7,60561e-02
2926	  5,8500000000e+03	  2,26693e-01	  7,40466e-02
2927	  5,8520000000e+03	  2,25213e-01	  7,21017e-02
2928	  5,8540000000e+03	  2,28147e-01	  7,05806e-02
2929	  5,8560000000e+03	  2,31997e-01	  7,27030e-02
2930	  5,8580000000e+03	  2,30272e-01	  6,88756e-02
2931	  5,8600000000e+03	  2,29352e-01	  6,63757e-02
2932	  5,8620000000e+03	  2,31140e-01	  6,75835e-02
2933	  5,8640000000e+03	  2,30286e-01	  6,40605e-02
2934	  5,8660000000e+03	  2,33178e-01	  6,03649e-02
2935	  5,8680000000e+03	  2,34123e-01	  5,66631e-02
2936	  5,8700000000e+03	  2,32811e-01	  5,59349e-02
2937	  5,8720000000e+03	  2,34444e-01	  5,55504e-02
2938	  5,8740000000e+03	  2,37733e-01	  5,25993e-02
2939	  5,8760000000e+03	  2,36904e-01	  5,15074e-02
2940	  5,8780000000e+03	  2,37313e-01	  4,94591e-02
2941	  5,8800000000e+03	  2,37200e-01	  4,71779e-02
2942	  5,8820000000e+03	  2,38765e-01	  4,42760e-02
2943	  5,8840000000e+03	  2,39678e-01	  4,39221e-02
2944	  5,8860000000e+03	  2,41043e-01	  4,17147e-02
2945	  5,8880000000e+03	  2,40161e-01	  3,84164e-02
2946	  5,8900000000e+03	  2,41168e-01	  3,97257e-02
2947	  5,8920000000e+03	  2,41327e-01	  3,87473e-02
2948	  5,8940000000e+03	  2,43923e-01	  3,47769e-02
2949	  5,8960000000e+03	  2,47331e-01	  3,22781e-02
2950	  5,8980000000e+03	  2,50750e-01	  2,97646e-02
2951	  5,9000000000e+03	  2,50641e-01	  2,58827e-02
2952	  5,9020000000e+03	  2,51415e-01	  2,37553e-02
2953	  5,9040000000e+03	  2,51133e-01	  2,35712e-02
2954	  5,9060000000e+03	  2,50737e-01	  2,10967e-02
2955	  5,9080000000e+03	  2,50509e-01	  1,84590e-02
2956	  5,9100000000e+03	  2,50657e-01	  1,63282e-02
2957	  5,9120000000e+03	  2,51068e-01	  1,43895e-02
2958	  5,9140000000e+03	  2,52324e-01	  1,34462e-02
2959	  5,9160000000e+03	  2,53557e-01	  9,44362e-03
2960	  5,9180000000e+03	  2,53407e-01	  5,79967e-03
2961	  5,9200000000e+03	  2,55064e-01	  2,91908e-03
2962	  5,9220000000e+03	  2,58451e-01	  1,70019e-03
2963	  5,9240000000e+03	  2,60439e-01	  5,73791e-04
2964	  5,9260000000e+03	  2,60302e-01	 -3,36894e-03
2965	  5,9280000000e+03	  2,58353e-01	 -6,44271e-03
2966	  5,9300000000e+03	  2,57502e-01	 -1,01392e-02
2967	  5,9320000000e+03	  2,57789e-01	 -1,22761e-02
2968	  5,9340000000e+03	  2,61313e-01	 -1,10036e-02
2969	  5,9360000000e+03	  2,62163e-01	 -1,48735e-02
2970	  5,9380000000e+03	  2,60726e-01	 -1,86867e-02
2971	  5,9400000000e+03	  2,62131e-01	 -1,78561e-02
2972	  5,9420000000e+03	  2,62362e-01	 -2,08418e-02
2973	  5,9440000000e+03	  2,64120e-01	 -2,60913e-02
2974	  5,9460000000e+03	  2,63536e-01	 -3,06126e-02
2975	  5,9480000000e+03	  2,65793e-01	 -3,49960e-02
2976	  5,9500000000e+03	  2,67569e-01	 -3,75730e-02
2977	  5,9520000000e+03	  2,65269e-01	 -4,14527e-02
2978	  5,9540000000e+03	  2,62934e-01	 -4,22943e-02
2979	  5,9560000000e+03	  2,63971e-01	 -4,49708e-02
2980	  5,9580000000e+03	  2,67322e-01	 -4,73168e-02
2981	  5,9600000000e+03	  2,69307e-01	 -4,95544e-02
2982	  5,9620000000e+03	  2,67965e-01	 -5,09258e-02
2983	  5,9640000000e+03	  2,69185e-01	 -5,70953e-02
2984	  5,9660000000e+03	  2,68730e-01	 -6,09282e-02
2985	  5,9680000000e+03	  2,68866e-01	 -6,29265e-02
2986	  5,9700000000e+03	  2,68740e-01	 -6,70532e-02
2987	  5,9720000000e+03	  2,71585e-01	 -6,89504e-02
2988	  5,9740000000e+03	  2,72621e-01	 -7,31638e-02
2989	  5,9760000000e+03	  2,68841e-01	 -7,72166e-02
2990	  5,9780000000e+03	  2,68202e-01	 -7,84723e-02
2991	  5,9800000000e+03	  2,67724e-01	 -8,17722e-02
2992	  5,9820000000e+03	  2,69574e-01	 -8,52377e-02
2993	  5,9840000000e+03	  2,68868e-01	 -8,89192e-02
2994	  5,9860000000e+03	  2,70334e-01	 -9,37028e-02
2995	  5,9880000000e+03	  2,70203e-01	 -9,70986e-02
2996	  5,9900000000e+03	  2,68109e-01	 -1,01792e-01
2997	  5,9920000000e+03	  2,64066e-01	 -1,02359e-01
2998	  5,9940000000e+03	  2,63619e-01	 -1,06114e-01
2999	  5,9960000000e+03	  2,63909e-01	 -1,10522e-01
3000	  5,9980000000e+03	  2,64546e-01	 -1,15084e-01
3001	  6,0000000000e+03	  2,63750e-01	 -1,19911e-01
3002	  6,0020000000e+03	  2,65764e-01	 -1,21143e-01
3003	  6,0040000000e+03	  2,64888e-01	 -1,24764e-01
3004	  6,0060000000e+03	  2,62061e-01	 -1,28987e-01
3005	  6,0080000000e+03	  2,59903e-01	 -1,34346e-01
3006	  6,0100000000e+03	  2,59822e-01	 -1,35172e-01
3007	  6,0120000000e+03	  2,58429e-01	 -1,35596e-01
3008	  6,0140000000e+03	  2,56207e-01	 -1,39845e-01
3009	  6,0160000000e+03	  2,53764e-01	 -1,45452e-01
3010	  6,0180000000e+03	  2,55711e-01	 -1,49260e-01
3011	  6,0200000000e+03	  2,54196e-01	 -1,52457e-01
3012	  6,0220000000e+03	  2,51907e-01	 -1,53998e-01
3013	  6,0240000000e+03	  2,51670e-01	 -1,59132e-01
3014	  6,0260000000e+03	  2,51321e-01	 -1,62101e-01
3015	  6,0280000000e+03	  2,51294e-01	 -1,64781e-01
3016	  6,0300000000e+03	  2,51137e-01	 -1,69895e-01
3017	  6,0320000000e+03	  2,47848e-01	 -1,75730e-01
3018	  6,0340000000e+03	  2,44075e-01	 -1,77261e-01
3019	  6,0360000000e+03	  2,41701e-01	 -1,81146e-01
3020	  6,0380000000e+03	  2,38540e-01	 -1,84694e-01
3021	  6,0400000000e+03	  2,38576e-01	 -1,90525e-01
3022	  6,0420000000e+03	  2,37401e-01	 -1,95932e-01
3023	  6,0440000000e+03	  2,35042e-01	 -1,97118e-01
3024	  6,0460000000e+03	  2,33043e-01	 -2,02003e-01
3025	  6,0480000000e+03	  2,29454e-01	 -2,03019e-01
3026	  6,0500000000e+03	  2,24890e-01	 -2,05847e-01
3027	  6,0520000000e+03	  2,23742e-01	 -2,08896e-01
3028	  6,0540000000e+03	  2,24139e-01	 -2,12430e-01
3029	  6,0560000000e+03	  2,21886e-01	 -2,13741e-01
3030	  6,0580000000e+03	  2,20038e-01	 -2,16305e-01
3031	  6,0600000000e+03	  2,16386e-01	 -2,18611e-01
3032	  6,0620000000e+03	  2,13718e-01	 -2,23388e-01
3033	  6,0640000000e+03	  2,11028e-01	 -2,29562e-01
3034	  6,0660000000e+03	  2,08393e-01	 -2,32115e-01
3035	  6,0680000000e+03	  2,07255e-01	 -2,34202e-01
3036	  6,0700000000e+03	  2,03170e-01	 -2,37848e-01
3037	  6,0720000000e+03	  2,02576e-01	 -2,43263e-01
3038	  6,0740000000e+03	  1,95768e-01	 -2,48235e-01
3039	  6,0760000000e+03	  1,91977e-01	 -2,50640e-01
3040	  6,0780000000e+03	  1,93113e-01	 -2,51054e-01
3041	  6,0800000000e+03	  1,87964e-01	 -2,54629e-01
3042	  6,0820000000e+03	  1,83288e-01	 -2,59352e-01
3043	  6,0840000000e+03	  1,80259e-01	 -2,61856e-01
3044	  6,0860000000e+03	  1,75314e-01	 -2,62311e-01
3045	  6,0880000000e+03	  1,72300e-01	 -2,68316e-01
3046	  6,0900000000e+03	  1,69038e-01	 -2,68841e-01
3047	  6,0920000000e+03	  1,66684e-01	 -2,71847e-01
3048	  6,0940000000e+03	  1,62987e-01	 -2,75029e-01
3049	  6,0960000000e+03	  1,58982e-01	 -2,77992e-01
3050	  6,0980000000e+03	  1,55556e-01	 -2,79107e-01
3051	  6,1000000000e+03	  1,50683e-01	 -2,81547e-01
3052	  6,1020000000e+03	  1,45521e-01	 -2,82607e-01
3053	  6,1040000000e+03	  1,41614e-01	 -2,83631e-01
3054	  6,1060000000e+03	  1,37765e-01	 -2,88280e-01
3055	  6,1080000000e+03	  1,32930e-01	 -2,92134e-01
3056	  6,1100000000e+03	  1,31593e-01	 -2,91821e-01
3057	  6,1120000000e+03	  1,26127e-01	 -2,94343e-01
3058	  6,1140000000e+03	  1,21785e-01	 -2,96032e-01
3059	  6,1160000000e+03	  1,18465e-01	 -2,95588e-01
3060	  6,1180000000e+03	  1,11190e-01	 -2,95202e-01
3061	  6,1200000000e+03	  1,07060e-01	 -2,97289e-01
3062	  6,1220000000e+03	  1,03320e-01	 -2,99137e-01
3063	  6,1240000000e+03	  9,93677e-02	 -3,03310e-01
3064	  6,1260000000e+03	  9,37705e-02	 -3,04022e-01
3065	  6,1280000000e+03	  9,27341e-02	 -3,03831e-01
3066	  6,1300000000e+03	  8,90539e-02	 -3,02530e-01
3067	  6,1320000000e+03	  8,29722e-02	 -3,05965e-01
3068	  6,1340000000e+03	  7,91950e-02	 -3,07099e-01
3069	  6,1360000000e+03	  7,41771e-02	 -3,07760e-01
3070	  6,1380000000e+03	  6,96930e-02	 -3,09702e-01
3071	  6,1400000000e+03	  6,74676e-02	 -3,08445e-01
3072	  6,1420000000e+03	  6,37698e-02	 -3,08850e-01
3073	  6,1440000000e+03	  5,99379e-02	 -3,08119e-01
3074	  6,1460000000e+03	  5,59225e-02	 -3,05032e-01
3075	  6,1480000000e+03	  5,27142e-02	 -3,08958e-01
3076	  6,1500000000e+03	  4,91985e-02	 -3,12191e-01
3077	  6,1520000000e+03	  4,33397e-02	 -3,12486e-01
3078	  6,1540000000e+03	  3,91266e-02	 -3,12288e-01
3079	  6,1560000000e+03	  3,73481e-02	 -3,13193e-01
3080	  6,1580000000e+03	  3,44209e-02	 -3,13317e-01
3081	  6,1600000000e+03	  2,89713e-02	 -3,18162e-01
3082	  6,1620000000e+03	  2,32021e-02	 -3,19250e-01
3083	  6,1640000000e+03	  2,17803e-02	 -3,16045e-01
3084	  6,1660000000e+03	  1,60825e-02	 -3,17125e-01
3085	  6,1680000000e+03	  9,84819e-03	 -3,19404e-01
3086	  6,1700000000e+03	  6,93077e-03	 -3,19563e-01
3087	  6,1720000000e+03	  2,67555e-03	 -3,16573e-01
3088	  6,1740000000e+03	 -1,95903e-03	 -3,17628e-01
3089	  6,1760000000e+03	 -6,21080e-03	 -3,16464e-01
3090	  6,1780000000e+03	 -1,06039e-02	 -3,17461e-01
3091	  6,1800000000e+03	 -1,42333e-02	 -3,16356e-01
3092	  6,1820000000e+03	 -1,83168e-02	 -3,16864e-01
3093	  6,1840000000e+03	 -2,02083e-02	 -3,20134e-01
3094	  6,1860000000e+03	 -2,67955e-02	 -3,17094e-01
3095	  6,1880000000e+03	 -3,23797e-02	 -3,16471e-01
3096	  6,1900000000e+03	 -3,76731e-02	 -3,12117e-01
3097	  6,1920000000e+03	 -3,98933e-02	 -3,10472e-01
3098	  6,1940000000e+03	 -4,44033e-02	 -3,11845e-01
3099	  6,1960000000e+03	 -5,02694e-02	 -3,11938e-01
3100	  6,1980000000e+03	 -5,45673e-02	 -3,10077e-01
3101	  6,2000000000e+03	 -5,74867e-02	 -3,08023e-01
3102	  6,2020000000e+03	 -5,91585e-02	 -3,07491e-01
3103	  6,2040000000e+03	 -6,22957e-02	 -3,07760e-01
3104	  6,2060000000e+03	 -6,96817e-02	 -3,03688e-01
3105	  6,2080000000e+03	 -7,82400e-02	 -3,00788e-01
3106	  6,2100000000e+03	 -8,02909e-02	 -3,02463e-01
3107	  6,2120000000e+03	 -8,34569e-02	 -3,02924e-01
3108	  6,2140000000e+03	 -8,62890e-02	 -3,01015e-01
3109	  6,2160000000e+03	 -8,99512e-02	 -2,97981e-01
3110	  6,2180000000e+03	 -9,24051e-02	 -2,96512e-01
3111	  6,2200000000e+03	 -9,77224e-02	 -2,96109e-01
3112	  6,2220000000e+03	 -1,01782e-01	 -2,92029e-01
3113	  6,2240000000e+03	 -1,04860e-01	 -2,92927e-01
3114	  6,2260000000e+03	 -1,08257e-01	 -2,92640e-01
3115	  6,2280000000e+03	 -1,09603e-01	 -2,91695e-01
3116	  6,2300000000e+03	 -1,15858e-01	 -2,88849e-01
3117	  6,2320000000e+03	 -1,21594e-01	 -2,89065e-01
3118	  6,2340000000e+03	 -1,24397e-01	 -2,85060e-01
3119	  6,2360000000e+03	 -1,27342e-01	 -2,83317e-01
3120	  6,2380000000e+03	 -1,30379e-01	 -2,80998e-01
3121	  6,2400000000e+03	 -1,36929e-01	 -2,80212e-01
3122	  6,2420000000e+03	 -1,42807e-01	 -2,76871e-01
3123	  6,2440000000e+03	 -1,43806e-01	 -2,77247e-01
3124	  6,2460000000e+03	 -1,47985e-01	 -2,74382e-01
3125	  6,2480000000e+03	 -1,51315e-01	 -2,70337e-01
3126	  6,2500000000e+03	 -1,52090e-01	 -2,67332e-01
3127	  6,2520000000e+03	 -1,58596e-01	 -2,63249e-01
3128	  6,2540000000e+03	 -1,62652e-01	 -2,59187e-01
3129	  6,2560000000e+03	 -1,64277e-01	 -2,55510e-01
3130	  6,2580000000e+03	 -1,66948e-01	 -2,55549e-01
3131	  6,2600000000e+03	 -1,73975e-01	 -2,54478e-01
3132	  6,2620000000e+03	 -1,76870e-01	 -2,51116e-01
3133	  6,2640000000e+03	 -1,79606e-01	 -2,47608e-01
3134	  6,2660000000e+03	 -1,81528e-01	 -2,45479e-01
3135	  6,2680000000e+03	 -1,85459e-01	 -2,44160e-01
3136	  6,2700000000e+03	 -1,86690e-01	 -2,39095e-01
3137	  6,2720000000e+03	 -1,89049e-01	 -2,36270e-01
3138	  6,2740000000e+03	 -1,90965e-01	 -2,33085e-01
3139	  6,2760000000e+03	 -1,91428e-01	 -2,28322e-01
3140	  6,2780000000e+03	 -1,95499e-01	 -2,25327e-01
3141	  6,2800000000e+03	 -1,98275e-01	 -2,25930e-01
3142	  6,2820000000e+03	 -2,00309e-01	 -2,22694e-01
3143	  6,2840000000e+03	 -2,03535e-01	 -2,20447e-01
3144	  6,2860000000e+03	 -2,05473e-01	 -2,15187e-01
3145	  6,2880000000e+03	 -2,09730e-01	 -2,07798e-01
3146	  6,2900000000e+03	 -2,11651e-01	 -2,07691e-01
3147	  6,2920000000e+03	 -2,14317e-01	 -2,06570e-01
3148	  6,2940000000e+03	 -2,15442e-01	 -2,06164e-01
3149	  6,2960000000e+03	 -2,18254e-01	 -2,01232e-01
3150	  6,2980000000e+03	 -2,23239e-01	 -1,96199e-01
3151	  6,3000000000e+03	 -2,23962e-01	 -1,92325e-01
3152	  6,3020000000e+03	 -2,25904e-01	 -1,89564e-01
3153	  6,3040000000e+03	 -2,29646e-01	 -1,86733e-01
3154	  6,3060000000e+03	 -2,32209e-01	 -1,85481e-01
3155	  6,3080000000e+03	 -2,33125e-01	 -1,81651e-01
3156	  6,3100000000e+03	 -2,37689e-01	 -1,77029e-01
3157	  6,3120000000e+03	 -2,39696e-01	 -1,72505e-01
3158	  6,3140000000e+03	 -2,39318e-01	 -1,70884e-01
3159	  6,3160000000e+03	 -2,42880e-01	 -1,66526e-01
3160	  6,3180000000e+03	 -2,44244e-01	 -1,62202e-01
3161	  6,3200000000e+03	 -2,45568e-01	 -1,59166e-01
3162	  6,3220000000e+03	 -2,49687e-01	 -1,54089e-01
3163	  6,3240000000e+03	 -2,49228e-01	 -1,52698e-01
3164	  6,3260000000e+03	 -2,50827e-01	 -1,48562e-01
3165	  6,3280000000e+03	 -2,54330e-01	 -1,44488e-01
3166	  6,3300000000e+03	 -2,55266e-01	 -1,39806e-01
3167	  6,3320000000e+03	 -2,58437e-01	 -1,36218e-01
3168	  6,3340000000e+03	 -2,58857e-01	 -1,28658e-01
3169	  6,3360000000e+03	 -2,57576e-01	 -1,27061e-01
3170	  6,3380000000e+03	 -2,58421e-01	 -1,22799e-01
3171	  6,3400000000e+03	 -2,58323e-01	 -1,19856e-01
3172	  6,3420000000e+03	 -2,57685e-01	 -1,18339e-01
3173	  6,3440000000e+03	 -2,59042e-01	 -1,15727e-01
3174	  6,3460000000e+03	 -2,60565e-01	 -1,08809e-01
3175	  6,3480000000e+03	 -2,62697e-01	 -1,03025e-01
3176	  6,3500000000e+03	 -2,63683e-01	 -9,88560e-02
3177	  6,3520000000e+03	 -2,66981e-01	 -9,57831e-02
3178	  6,3540000000e+03	 -2,67469e-01	 -9,27917e-02
3179	  6,3560000000e+03	 -2,69777e-01	 -8,93826e-02
3180	  6,3580000000e+03	 -2,69648e-01	 -8,73730e-02
3181	  6,3600000000e+03	 -2,67462e-01	 -8,27302e-02
3182	  6,3620000000e+03	 -2,68381e-01	 -7,54847e-02
3183	  6,3640000000e+03	 -2,68291e-01	 -7,23534e-02
3184	  6,3660000000e+03	 -2,66630e-01	 -7,03595e-02
3185	  6,3680000000e+03	 -2,67093e-01	 -6,48422e-02
3186	  6,3700000000e+03	 -2,68946e-01	 -5,89116e-02
3187	  6,3720000000e+03	 -2,69824e-01	 -5,72669e-02
3188	  6,3740000000e+03	 -2,68303e-01	 -5,45968e-02
3189	  6,3760000000e+03	 -2,69196e-01	 -5,06033e-02
3190	  6,3780000000e+03	 -2,70063e-01	 -4,67096e-02
3191	  6,3800000000e+03	 -2,70596e-01	 -4,07942e-02
3192	  6,3820000000e+03	 -2,68059e-01	 -3,35817e-02
3193	  6,3840000000e+03	 -2,68638e-01	 -3,01463e-02
3194	  6,3860000000e+03	 -2,68544e-01	 -2,71332e-02
3195	  6,3880000000e+03	 -2,68032e-01	 -2,29839e-02
3196	  6,3900000000e+03	 -2,65641e-01	 -2,07247e-02
3197	  6,3920000000e+03	 -2,63491e-01	 -1,61772e-02
3198	  6,3940000000e+03	 -2,63693e-01	 -1,41143e-02
3199	  6,3960000000e+03	 -2,62556e-01	 -1,07557e-02
3200	  6,3980000000e+03	 -2,62360e-01	 -5,80007e-03
3201	  6,4000000000e+03	 -2,60786e-01	  2,22600e-03
3202	  6,4020000000e+03	 -2,59810e-01	  2,59471e-03
3203	  6,4040000000e+03	 -2,59533e-01	  4,10659e-03
3204	  6,4060000000e+03	 -2,57766e-01	  9,90620e-03
3205	  6,4080000000e+03	 -2,56578e-01	  1,54124e-02
3206	  6,4100000000e+03	 -2,55797e-01	  1,91426e-02
3207	  6,4120000000e+03	 -2,54869e-01	  2,05849e-02
3208	  6,4140000000e+03	 -2,53233e-01	  2,53475e-02
3209	  6,4160000000e+03	 -2,50768e-01	  2,78939e-02
3210	  6,4180000000e+03	 -2,49713e-01	  3,00196e-02
3211	  6,4200000000e+03	 -2,47396e-01	  3,44817e-02
3212	  6,4220000000e+03	 -2,44041e-01	  3,76268e-02
3213	  6,4240000000e+03	 -2,42823e-01	  4,05550e-02
3214	  6,4260000000e+03	 -2,42727e-01	  4,61461e-02
3215	  6,4280000000e+03	 -2,39670e-01	  4,74086e-02
3216	  6,4300000000e+03	 -2,37786e-01	  5,05026e-02
3217	  6,4320000000e+03	 -2,38099e-01	  5,48077e-02
3218	  6,4340000000e+03	 -2,35597e-01	  5,71151e-02
3219	  6,4360000000e+03	 -2,31287e-01	  6,16087e-02
3220	  6,4380000000e+03	 -2,31973e-01	  6,52051e-02
3221	  6,4400000000e+03	 -2,29546e-01	  6,73078e-02
3222	  6,4420000000e+03	 -2,26491e-01	  6,99887e-02
3223	  6,4440000000e+03	 -2,26389e-01	  7,19849e-02
3224	  6,4460000000e+03	 -2,25117e-01	  7,44075e-02
3225	  6,4480000000e+03	 -2,20921e-01	  7,98496e-02
3226	  6,4500000000e+03	 -2,16966e-01	  8,31030e-02
3227	  6,4520000000e+03	 -2,13412e-01	  8,12248e-02
3228	  6,4540000000e+03	 -2,10500e-01	  8,32788e-02
3229	  6,4560000000e+03	 -2,07359e-01	  8,74314e-02
3230	  6,4580000000e+03	 -2,04432e-01	  9,17416e-02
3231	  6,4600000000e+03	 -2,02271e-01	  9,44582e-02
3232	  6,4620000000e+03	 -1,98712e-01	  9,55610e-02
3233	  6,4640000000e+03	 -1,97114e-01	  9,40493e-02
3234	  6,4660000000e+03	 -1,95099e-01	  9,65570e-02
3235	  6,4680000000e+03	 -1,92035e-01	  1,01290e-01
3236	  6,4700000000e+03	 -1,91129e-01	  1,04465e-01
3237	  6,4720000000e+03	 -1,86816e-01	  1,04646e-01
3238	  6,4740000000e+03	 -1,82042e-01	  1,07799e-01
3239	  6,4760000000e+03	 -1,79790e-01	  1,09635e-01
3240	  6,4780000000e+03	 -1,76684e-01	  1,06728e-01
3241	  6,4800000000e+03	 -1,72650e-01	  1,09751e-01
3242	  6,4820000000e+03	 -1,68366e-01	  1,13835e-01
3243	  6,4840000000e+03	 -1,64354e-01	  1,12287e-01
3244	  6,4860000000e+03	 -1,61322e-01	  1,13261e-01
3245	  6,4880000000e+03	 -1,60308e-01	  1,14900e-01
3246	  6,4900000000e+03	 -1,59015e-01	  1,17135e-01
3247	  6,4920000000e+03	 -1,57697e-01	  1,16646e-01
3248	  6,4940000000e+03	 -1,52240e-01	  1,16046e-01
3249	  6,4960000000e+03	 -1,48505e-01	  1,15509e-01
3250	  6,4980000000e+03	 -1,44699e-01	  1,18432e-01
3251	  6,5000000000e+03	 -1,41820e-01	  1,17798e-01
3252	  6,5020000000e+03	 -1,40241e-01	  1,17504e-01
3253	  6,5040000000e+03	 -1,38578e-01	  1,19034e-01
3254	  6,5060000000e+03	 -1,35976e-01	  1,20037e-01
3255	  6,5080000000e+03	 -1,32942e-01	  1,19395e-01
3256	  6,5100000000e+03	 -1,27230e-01	  1,20759e-01
3257	  6,5120000000e+03	 -1,26729e-01	  1,19302e-01
3258	  6,5140000000e+03	 -1,25958e-01	  1,18048e-01
3259	  6,5160000000e+03	 -1,23818e-01	  1,19839e-01
3260	  6,5180000000e+03	 -1,18212e-01	  1,20441e-01
3261	  6,5200000000e+03	 -1,15433e-01	  1,19218e-01
3262	  6,5220000000e+03	 -1,13884e-01	  1,18223e-01
3263	  6,5240000000e+03	 -1,10263e-01	  1,18516e-01
3264	  6,5260000000e+03	 -1,06895e-01	  1,17626e-01
3265	  6,5280000000e+03	 -1,08022e-01	  1,16922e-01
3266	  6,5300000000e+03	 -1,05879e-01	  1,15439e-01
3267	  6,5320000000e+03	 -1,02888e-01	  1,15021e-01
3268	  6,5340000000e+03	 -1,00807e-01	  1,16280e-01
3269	  6,5360000000e+03	 -9,75526e-02	  1,16670e-01
3270	  6,5380000000e+03	 -9,70498e-02	  1,13517e-01
3271	  6,5400000000e+03	 -9,36638e-02	  1,12035e-01
3272	  6,5420000000e+03	 -9,14549e-02	  1,10608e-01
3273	  6,5440000000e+03	 -9,04888e-02	  1,05527e-01
3274	  6,5460000000e+03	 -8,79576e-02	  1,05736e-01
3275	  6,5480000000e+03	 -8,34346e-02	  1,05768e-01
3276	  6,5500000000e+03	 -8,45171e-02	  1,04767e-01
3277	  6,5520000000e+03	 -8,09354e-02	  1,04050e-01
3278	  6,5540000000e+03	 -8,37488e-02	  1,02517e-01
3279	  6,5560000000e+03	 -8,41334e-02	  1,01649e-01
3280	  6,5580000000e+03	 -8,41219e-02	  1,01230e-01
3281	  6,5600000000e+03	 -8,22024e-02	  9,91575e-02
3282	  6,5620000000e+03	 -8,16788e-02	  9,70842e-02
3283	  6,5640000000e+03	 -8,09656e-02	  9,58670e-02
3284	  6,5660000000e+03	 -7,82290e-02	  9,43923e-02
3285	  6,5680000000e+03	 -7,70088e-02	  9,24016e-02
3286	  6,5700000000e+03	 -7,89509e-02	  9,42940e-02
3287	  6,5720000000e+03	 -7,94213e-02	  9,50124e-02
3288	  6,5740000000e+03	 -7,71399e-02	  9,13996e-02
3289	  6,5760000000e+03	 -7,74335e-02	  8,76188e-02
3290	  6,5780000000e+03	 -8,00711e-02	  8,71260e-02
3291	  6,5800000000e+03	 -8,33338e-02	  8,90434e-02
3292	  6,5820000000e+03	 -8,14166e-02	  8,50740e-02
3293	  6,5840000000e+03	 -8,21651e-02	  8,37859e-02
3294	  6,5860000000e+03	 -7,98546e-02	  8,17808e-02
3295	  6,5880000000e+03	 -7,82480e-02	  8,48043e-02
3296	  6,5900000000e+03	 -7,83392e-02	  8,40274e-02
3297	  6,5920000000e+03	 -7,81674e-02	  8,48656e-02
3298	  6,5940000000e+03	 -8,01506e-02	  8,35623e-02
3299	  6,5960000000e+03	 -8,21415e-02	  8,15353e-02
3300	  6,5980000000e+03	 -8,52155e-02	  8,24307e-02
3301	  6,6000000000e+03	 -8,69735e-02	  8,22342e-02
3302	  6,6020000000e+03	 -8,55213e-02	  8,24882e-02
3303	  6,6040000000e+03	 -8,49877e-02	  8,42776e-02
3304	  6,6060000000e+03	 -8,74915e-02	  8,46277e-02
3305	  6,6080000000e+03	 -8,94103e-02	  8,53123e-02
3306	  6,6100000000e+03	 -8,75328e-02	  8,84422e-02
3307	  6,6120000000e+03	 -8,50447e-02	  8,89623e-02
3308	  6,6140000000e+03	 -8,71571e-02	  8,77348e-02
3309	  6,6160000000e+03	 -8,78081e-02	  8,52375e-02
3310	  6,6180000000e+03	 -8,75547e-02	  8,60382e-02
3311	  6,6200000000e+03	 -8,89536e-02	  8,86510e-02
3312	  6,6220000000e+03	 -9,16320e-02	  8,99471e-02
3313	  6,6240000000e+03	 -9,08931e-02	  9,13589e-02
3314	  6,6260000000e+03	 -8,91267e-02	  9,28389e-02
3315	  6,6280000000e+03	 -8,80087e-02	  9,46862e-02
3316	  6,6300000000e+03	 -8,83844e-02	  9,47390e-02
3317	  6,6320000000e+03	 -9,05788e-02	  9,31743e-02
3318	  6,6340000000e+03	 -9,34422e-02	  9,47689e-02
3319	  6,6360000000e+03	 -9,29865e-02	  9,44512e-02
3320	  6,6380000000e+03	 -9,02108e-02	  9,18891e-02
3321	  6,6400000000e+03	 -9,40606e-02	  9,33790e-02
3322	  6,6420000000e+03	 -9,44504e-02	  9,81145e-02
3323	  6,6440000000e+03	 -9,44610e-02	  1,01987e-01
3324	  6,6460000000e+03	 -9,37360e-02	  1,03399e-01
3325	  6,6480000000e+03	 -9,29056e-02	  1,05376e-01
3326	  6,6500000000e+03	 -9,13459e-02	  1,06145e-01
3327	  6,6520000000e+03	 -8,94834e-02	  1,07915e-01
3328	  6,6540000000e+03	 -8,97856e-02	  1,09066e-01
3329	  6,6560000000e+03	 -8,85679e-02	  1,11194e-01
3330	  6,6580000000e+03	 -8,56238e-02	  1,13614e-01
3331	  6,6600000000e+03	 -8,79848e-02	  1,13381e-01
3332	  6,6620000000e+03	 -8,74400e-02	  1,13698e-01
3333	  6,6640000000e+03	 -8,57392e-02	  1,14179e-01
3334	  6,6660000000e+03	 -8,52508e-02	  1,15515e-01
3335	  6,6680000000e+03	 -8,30236e-02	  1,16830e-01
3336	  6,6700000000e+03	 -8,43222e-02	  1,19548e-01
3337	  6,6720000000e+03	 -8,51523e-02	  1,19152e-01
3338	  6,6740000000e+03	 -8,19796e-02	  1,21119e-01
3339	  6,6760000000e+03	 -8,02128e-02	  1,21226e-01
3340	  6,6780000000e+03	 -7,95977e-02	  1,25127e-01
3341	  6,6800000000e+03	 -7,83890e-02	  1,25610e-01
3342	  6,6820000000e+03	 -7,98646e-02	  1,25306e-01
3343	  6,6840000000e+03	 -7,84695e-02	  1,28380e-01
3344	  6,6860000000e+03	 -7,49163e-02	  1,29899e-01
3345	  6,6880000000e+03	 -7,37736e-02	  1,29532e-01
3346	  6,6900000000e+03	 -7,30094e-02	  1,32973e-01
3347	  6,6920000000e+03	 -7,10291e-02	  1,33440e-01
3348	  6,6940000000e+03	 -7,02755e-02	  1,31243e-01
3349	  6,6960000000e+03	 -6,95921e-02	  1,30823e-01
3350	  6,6980000000e+03	 -6,79647e-02	  1,33278e-01
3351	  6,7000000000e+03	 -6,96644e-02	  1,36322e-01
3352	  6,7020000000e+03	 -6,68957e-02	  1,38071e-01
3353	  6,7040000000e+03	 -6,45887e-02	  1,40068e-01
3354	  6,7060000000e+03	 -6,45221e-02	  1,40432e-01
3355	  6,7080000000e+03	 -6,40498e-02	  1,41235e-01
3356	  6,7100000000e+03	 -6,13446e-02	  1,41791e-01
3357	  6,7120000000e+03	 -6,09736e-02	  1,42093e-01
3358	  6,7140000000e+03	 -5,77540e-02	  1,43607e-01
3359	  6,7160000000e+03	 -5,81340e-02	  1,45761e-01
3360	  6,7180000000e+03	 -5,50507e-02	  1,45156e-01
3361	  6,7200000000e+03	 -5,18274e-02	  1,44161e-01
3362	  6,7220000000e+03	 -4,83922e-02	  1,44537e-01
3363	  6,7240000000e+03	 -4,90333e-02	  1,45459e-01
3364	  6,7260000000e+03	 -4,88405e-02	  1,45758e-01
3365	  6,7280000000e+03	 -4,73545e-02	  1,46312e-01
3366	  6,7300000000e+03	 -4,70401e-02	  1,50432e-01
3367	  6,7320000000e+03	 -4,64372e-02	  1,53764e-01
3368	  6,7340000000e+03	 -4,36143e-02	  1,52437e-01
3369	  6,7360000000e+03	 -4,04855e-02	  1,51481e-01
3370	  6,7380000000e+03	 -3,73313e-02	  1,52768e-01
3371	  6,7400000000e+03	 -3,60225e-02	  1,51904e-01
3372	  6,7420000000e+03	 -3,55420e-02	  1,49672e-01
3373	  6,7440000000e+03	 -3,40012e-02	  1,52762e-01
3374	  6,7460000000e+03	 -3,09557e-02	  1,53401e-01
3375	  6,7480000000e+03	 -2,83270e-02	  1,52158e-01
3376	  6,7500000000e+03	 -2,90189e-02	  1,53392e-01
3377	  6,7520000000e+03	 -2,61916e-02	  1,51391e-01
3378	  6,7540000000e+03	 -2,35842e-02	  1,52656e-01
3379	  6,7560000000e+03	 -2,33175e-02	  1,54121e-01
3380	  6,7580000000e+03	 -2,01076e-02	  1,50527e-01
3381	  6,7600000000e+03	 -1,81073e-02	  1,49790e-01
3382	  6,7620000000e+03	 -1,61521e-02	  1,52693e-01
3383	  6,7640000000e+03	 -1,44386e-02	  1,55571e-01
3384	  6,7660000000e+03	 -1,48012e-02	  1,55147e-01
3385	  6,7680000000e+03	 -1,36905e-02	  1,54161e-01
3386	  6,7700000000e+03	 -1,24671e-02	  1,52493e-01
3387	  6,7720000000e+03	 -1,17238e-02	  1,54510e-01
3388	  6,7740000000e+03	 -1,11169e-02	  1,55268e-01
3389	  6,7760000000e+03	 -7,90369e-03	  1,56162e-01
3390	  6,7780000000e+03	 -5,15649e-03	  1,54333e-01
3391	  6,7800000000e+03	 -2,69444e-03	  1,54863e-01
3392	  6,7820000000e+03	 -2,61182e-03	  1,51933e-01
3393	  6,7840000000e+03	 -2,07006e-03	  1,50362e-01
3394	  6,7860000000e+03	  2,30039e-04	  1,50329e-01
3395	  6,7880000000e+03	  4,17752e-03	  1,53053e-01
3396	  6,7900000000e+03	  4,93793e-03	  1,52580e-01
3397	  6,7920000000e+03	  2,58865e-03	  1,51163e-01
3398	  6,7940000000e+03	  5,87657e-03	  1,51580e-01
3399	  6,7960000000e+03	  6,45874e-03	  1,51819e-01
3400	  6,7980000000e+03	  7,48796e-03	  1,50159e-01
3401	  6,8000000000e+03	  8,78392e-03	  1,50053e-01
3402	  6,8020000000e+03	  6,38547e-03	  1,49642e-01
3403	  6,8040000000e+03	  7,98574e-03	  1,49761e-01
3404	  6,8060000000e+03	  9,40741e-03	  1,48421e-01
3405	  6,8080000000e+03	  1,33878e-02	  1,48696e-01
3406	  6,8100000000e+03	  1,70579e-02	  1,47907e-01
3407	  6,8120000000e+03	  1,77946e-02	  1,47003e-01
3408	  6,8140000000e+03	  1,80106e-02	  1,49772e-01
3409	  6,8160000000e+03	  1,83718e-02	  1,50765e-01
3410	  6,8180000000e+03	  1,93983e-02	  1,48260e-01
3411	  6,8200000000e+03	  1,90799e-02	  1,47310e-01
3412	  6,8220000000e+03	  2,19340e-02	  1,45553e-01
3413	  6,8240000000e+03	  2,31627e-02	  1,46871e-01
3414	  6,8260000000e+03	  2,28086e-02	  1,49302e-01
3415	  6,8280000000e+03	  2,23534e-02	  1,49057e-01
3416	  6,8300000000e+03	  2,21773e-02	  1,45704e-01
3417	  6,8320000000e+03	  2,43481e-02	  1,46132e-01
3418	  6,8340000000e+03	  2,64578e-02	  1,48677e-01
3419	  6,8360000000e+03	  2,54846e-02	  1,48980e-01
3420	  6,8380000000e+03	  2,84576e-02	  1,50129e-01
3421	  6,8400000000e+03	  3,13644e-02	  1,49852e-01
3422	  6,8420000000e+03	  3,34361e-02	  1,48741e-01
3423	  6,8440000000e+03	  3,21707e-02	  1,47772e-01
3424	  6,8460000000e+03	  3,49691e-02	  1,47471e-01
3425	  6,8480000000e+03	  3,76027e-02	  1,47339e-01
3426	  6,8500000000e+03	  3,75985e-02	  1,50267e-01
3427	  6,8520000000e+03	  4,13714e-02	  1,51028e-01
3428	  6,8540000000e+03	  4,45235e-02	  1,50721e-01
3429	  6,8560000000e+03	  4,35455e-02	  1,49537e-01
3430	  6,8580000000e+03	  4,43534e-02	  1,47886e-01
3431	  6,8600000000e+03	  4,26207e-02	  1,45827e-01
3432	  6,8620000000e+03	  4,42579e-02	  1,44555e-01
3433	  6,8640000000e+03	  4,89565e-02	  1,44293e-01
3434	  6,8660000000e+03	  4,90678e-02	  1,45183e-01
3435	  6,8680000000e+03	  5,18387e-02	  1,44491e-01
3436	  6,8700000000e+03	  5,38867e-02	  1,46041e-01
3437	  6,8720000000e+03	  5,49246e-02	  1,44656e-01
3438	  6,8740000000e+03	  5,73481e-02	  1,43444e-01
3439	  6,8760000000e+03	  5,57006e-02	  1,42694e-01
3440	  6,8780000000e+03	  5,68794e-02	  1,39747e-01
3441	  6,8800000000e+03	  5,88746e-02	  1,39146e-01
3442	  6,8820000000e+03	  6,16051e-02	  1,40698e-01
3443	  6,8840000000e+03	  6,30772e-02	  1,41148e-01
3444	  6,8860000000e+03	  6,27389e-02	  1,39555e-01
3445	  6,8880000000e+03	  6,45504e-02	  1,40051e-01
3446	  6,8900000000e+03	  6,46925e-02	  1,41521e-01
3447	  6,8920000000e+03	  6,15518e-02	  1,41097e-01
3448	  6,8940000000e+03	  6,30276e-02	  1,39286e-01
3449	  6,8960000000e+03	  6,91719e-02	  1,39941e-01
3450	  6,8980000000e+03	  7,09614e-02	  1,41580e-01
3451	  6,9000000000e+03	  7,21715e-02	  1,40068e-01
3452	  6,9020000000e+03	  7,35762e-02	  1,37501e-01
3453	  6,9040000000e+03	  7,47186e-02	  1,36339e-01
3454	  6,9060000000e+03	  7,93330e-02	  1,34495e-01
3455	  6,9080000000e+03	  8,05163e-02	  1,36041e-01
3456	  6,9100000000e+03	  7,78839e-02	  1,34547e-01
3457	  6,9120000000e+03	  8,12804e-02	  1,33451e-01
3458	  6,9140000000e+03	  8,31270e-02	  1,31745e-01
3459	  6,9160000000e+03	  8,33394e-02	  1,32612e-01
3460	  6,9180000000e+03	  8,26678e-02	  1,33386e-01
3461	  6,9200000000e+03	  8,68314e-02	  1,35542e-01
3462	  6,9220000000e+03	  8,87904e-02	  1,32277e-01
3463	  6,9240000000e+03	  8,86516e-02	  1,32072e-01
3464	  6,9260000000e+03	  8,92551e-02	  1,30048e-01
3465	  6,9280000000e+03	  9,28068e-02	  1,28841e-01
3466	  6,9300000000e+03	  9,11291e-02	  1,28021e-01
3467	  6,9320000000e+03	  9,27622e-02	  1,28578e-01
3468	  6,9340000000e+03	  9,34563e-02	  1,28638e-01
3469	  6,9360000000e+03	  9,63925e-02	  1,26579e-01
3470	  6,9380000000e+03	  9,88931e-02	  1,24194e-01
3471	  6,9400000000e+03	  9,91360e-02	  1,22729e-01
3472	  6,9420000000e+03	  9,89892e-02	  1,22165e-01
3473	  6,9440000000e+03	  1,01160e-01	  1,23000e-01
3474	  6,9460000000e+03	  1,02814e-01	  1,24036e-01
3475	  6,9480000000e+03	  1,01311e-01	  1,20710e-01
3476	  6,9500000000e+03	  1,06039e-01	  1,19771e-01
3477	  6,9520000000e+03	  1,06754e-01	  1,18836e-01
3478	  6,9540000000e+03	  1,06858e-01	  1,20438e-01
3479	  6,9560000000e+03	  1,07462e-01	  1,20261e-01
3480	  6,9580000000e+03	  1,07037e-01	  1,17451e-01
3481	  6,9600000000e+03	  1,08070e-01	  1,18300e-01
3482	  6,9620000000e+03	  1,09318e-01	  1,16065e-01
3483	  6,9640000000e+03	  1,12333e-01	  1,16783e-01
3484	  6,9660000000e+03	  1,14538e-01	  1,19179e-01
3485	  6,9680000000e+03	  1,17338e-01	  1,19889e-01
3486	  6,9700000000e+03	  1,17675e-01	  1,17071e-01
3487	  6,9720000000e+03	  1,18495e-01	  1,16933e-01
3488	  6,9740000000e+03	  1,19669e-01	  1,18171e-01
3489	  6,9760000000e+03	  1,21921e-01	  1,16110e-01
3490	  6,9780000000e+03	  1,25052e-01	  1,14684e-01
3491	  6,9800000000e+03	  1,25268e-01	  1,16103e-01
3492	  6,9820000000e+03	  1,29804e-01	  1,14063e-01
3493	  6,9840000000e+03	  1,32582e-01	  1,14268e-01
3494	  6,9860000000e+03	  1,34420e-01	  1,13062e-01
3495	  6,9880000000e+03	  1,32254e-01	  1,10133e-01
3496	  6,9900000000e+03	  1,35049e-01	  1,06460e-01
3497	  6,9920000000e+03	  1,36730e-01	  1,05014e-01
3498	  6,9940000000e+03	  1,38825e-01	  1,02333e-01
3499	  6,9960000000e+03	  1,36742e-01	  1,02315e-01
3500	  6,9980000000e+03	  1,40632e-01	  1,03183e-01
3501	  7,0000000000e+03	  1,45234e-01	  1,00334e-01
3502	  7,0020000000e+03	  1,45048e-01	  9,82442e-02
3503	  7,0040000000e+03	  1,44187e-01	  9,40715e-02
3504	  7,0060000000e+03	  1,46744e-01	  9,50800e-02
3505	  7,0080000000e+03	  1,46213e-01	  9,64244e-02
3506	  7,0100000000e+03	  1,46474e-01	  9,29458e-02
3507	  7,0120000000e+03	  1,48405e-01	  8,97214e-02
3508	  7,0140000000e+03	  1,48596e-01	  8,93608e-02
3509	  7,0160000000e+03	  1,48466e-01	  8,54612e-02
3510	  7,0180000000e+03	  1,49832e-01	  8,54736e-02
3511	  7,0200000000e+03	  1,50862e-01	  8,34797e-02
3512	  7,0220000000e+03	  1,52090e-01	  8,25861e-02
3513	  7,0240000000e+03	  1,56645e-01	  8,26118e-02
3514	  7,0260000000e+03	  1,59111e-01	  8,17730e-02
3515	  7,0280000000e+03	  1,60706e-01	  8,03701e-02
3516	  7,0300000000e+03	  1,63954e-01	  7,73709e-02
3517	  7,0320000000e+03	  1,66487e-01	  7,48043e-02
3518	  7,0340000000e+03	  1,65030e-01	  7,31480e-02
3519	  7,0360000000e+03	  1,67110e-01	  7,10482e-02
3520	  7,0380000000e+03	  1,70483e-01	  6,92144e-02
3521	  7,0400000000e+03	  1,68794e-01	  6,79233e-02
3522	  7,0420000000e+03	  1,67870e-01	  6,59023e-02
3523	  7,0440000000e+03	  1,70487e-01	  6,51862e-02
3524	  7,0460000000e+03	  1,71478e-01	  5,94533e-02
3525	  7,0480000000e+03	  1,74508e-01	  5,88490e-02
3526	  7,0500000000e+03	  1,78047e-01	  6,02334e-02
3527	  7,0520000000e+03	  1,77660e-01	  5,65350e-02
3528	  7,0540000000e+03	  1,79706e-01	  4,84452e-02
3529	  7,0560000000e+03	  1,79120e-01	  4,71723e-02
3530	  7,0580000000e+03	  1,80118e-01	  4,75780e-02
3531	  7,0600000000e+03	  1,83185e-01	  4,73562e-02
3532	  7,0620000000e+03	  1,82968e-01	  4,48024e-02
3533	  7,0640000000e+03	  1,81389e-01	  4,08805e-02
3534	  7,0660000000e+03	  1,82500e-01	  3,95775e-02
3535	  7,0680000000e+03	  1,84418e-01	  3,68898e-02
3536	  7,0700000000e+03	  1,85352e-01	  3,51607e-02
3537	  7,0720000000e+03	  1,85973e-01	  3,05135e-02
3538	  7,0740000000e+03	  1,84730e-01	  2,84023e-02
3539	  7,0760000000e+03	  1,87304e-01	  2,82490e-02
3540	  7,0780000000e+03	  1,88806e-01	  2,30907e-02
3541	  7,0800000000e+03	  1,86678e-01	  1,99418e-02
3542	  7,0820000000e+03	  1,87385e-01	  1,72471e-02
3543	  7,0840000000e+03	  1,89051e-01	  1,60370e-02
3544	  7,0860000000e+03	  1,87947e-01	  1,52252e-02
3545	  7,0880000000e+03	  1,88305e-01	  1,37127e-02
3546	  7,0900000000e+03	  1,87062e-01	  1,08311e-02
3547	  7,0920000000e+03	  1,87572e-01	  7,07984e-03
3548	  7,0940000000e+03	  1,89615e-01	  6,33822e-03
3549	  7,0960000000e+03	  1,91054e-01	  2,53243e-03
3550	  7,0980000000e+03	  1,89690e-01	 -3,14919e-03
3551	  7,1000000000e+03	  1,90253e-01	 -5,21146e-03
3552	  7,1020000000e+03	  1,90407e-01	 -2,74381e-03
3553	  7,1040000000e+03	  1,88692e-01	 -4,07497e-03
3554	  7,1060000000e+03	  1,88427e-01	 -9,33794e-03
3555	  7,1080000000e+03	  1,90462e-01	 -1,34341e-02
3556	  7,1100000000e+03	  1,89514e-01	 -1,63556e-02
3557	  7,1120000000e+03	  1,90385e-01	 -1,72422e-02
3558	  7,1140000000e+03	  1,88516e-01	 -1,74164e-02
3559	  7,1160000000e+03	  1,88369e-01	 -2,13778e-02
3560	  7,1180000000e+03	  1,88855e-01	 -2,51549e-02
3561	  7,1200000000e+03	  1,88297e-01	 -2,95034e-02
3562	  7,1220000000e+03	  1,88401e-01	 -3,08326e-02
3563	  7,1240000000e+03	  1,89823e-01	 -3,26136e-02
3564	  7,1260000000e+03	  1,87160e-01	 -3,59799e-02
3565	  7,1280000000e+03	  1,85375e-01	 -4,01317e-02
3566	  7,1300000000e+03	  1,86369e-01	 -4,40774e-02
3567	  7,1320000000e+03	  1,86934e-01	 -4,81816e-02
3568	  7,1340000000e+03	  1,85999e-01	 -4,88883e-02
3569	  7,1360000000e+03	  1,85680e-01	 -5,03177e-02
3570	  7,1380000000e+03	  1,83263e-01	 -5,15989e-02
3571	  7,1400000000e+03	  1,84331e-01	 -5,64127e-02
3572	  7,1420000000e+03	  1,82577e-01	 -6,14240e-02
3573	  7,1440000000e+03	  1,80319e-01	 -6,47033e-02
3574	  7,1460000000e+03	  1,75226e-01	 -6,56286e-02
3575	  7,1480000000e+03	  1,75356e-01	 -6,62138e-02
3576	  7,1500000000e+03	  1,72946e-01	 -6,99324e-02
3577	  7,1520000000e+03	  1,68692e-01	 -7,19561e-02
3578	  7,1540000000e+03	  1,66306e-01	 -7,41883e-02
3579	  7,1560000000e+03	  1,67973e-01	 -7,62670e-02
3580	  7,1580000000e+03	  1,67440e-01	 -7,56525e-02
3581	  7,1600000000e+03	  1,66500e-01	 -7,54467e-02
3582	  7,1620000000e+03	  1,66091e-01	 -7,78001e-02
3583	  7,1640000000e+03	  1,65131e-01	 -8,30792e-02
3584	  7,1660000000e+03	  1,62815e-01	 -8,62367e-02
3585	  7,1680000000e+03	  1,62837e-01	 -8,59540e-02
3586	  7,1700000000e+03	  1,60120e-01	 -8,56266e-02
3587	  7,1720000000e+03	  1,57328e-01	 -8,67532e-02
3588	  7,1740000000e+03	  1,57527e-01	 -8,81425e-02
3589	  7,1760000000e+03	  1,56437e-01	 -8,98640e-02
3590	  7,1780000000e+03	  1,54219e-01	 -9,21440e-02
3591	  7,1800000000e+03	  1,52816e-01	 -9,23033e-02
3592	  7,1820000000e+03	  1,52096e-01	 -9,49337e-02
3593	  7,1840000000e+03	  1,48975e-01	 -9,65262e-02
3594	  7,1860000000e+03	  1,48392e-01	 -9,72448e-02
3595	  7,1880000000e+03	  1,49190e-01	 -9,70628e-02
3596	  7,1900000000e+03	  1,45208e-01	 -1,00994e-01
3597	  7,1920000000e+03	  1,42869e-01	 -1,02745e-01
3598	  7,1940000000e+03	  1,43434e-01	 -1,03351e-01
3599	  7,1960000000e+03	  1,42119e-01	 -1,03385e-01
3600	  7,1980000000e+03	  1,40168e-01	 -1,05871e-01
3601	  7,2000000000e+03	  1,38184e-01	 -1,07893e-01
3602	  7,2020000000e+03	  1,37998e-01	 -1,07806e-01
3603	  7,2040000000e+03	  1,35408e-01	 -1,10892e-01
3604	  7,2060000000e+03	  1,32071e-01	 -1,13817e-01
3605	  7,2080000000e+03	  1,31124e-01	 -1,14283e-01
3606	  7,2100000000e+03	  1,32952e-01	 -1,14357e-01
3607	  7,2120000000e+03	  1,31658e-01	 -1,11921e-01
3608	  7,2140000000e+03	  1,29062e-01	 -1,14857e-01
3609	  7,2160000000e+03	  1,28118e-01	 -1,17376e-01
3610	  7,2180000000e+03	  1,27686e-01	 -1,19429e-01
3611	  7,2200000000e+03	  1,21803e-01	 -1,21117e-01
3612	  7,2220000000e+03	  1,20527e-01	 -1,21799e-01
3613	  7,2240000000e+03	  1,19328e-01	 -1,20274e-01
3614	  7,2260000000e+03	  1,19225e-01	 -1,22440e-01
3615	  7,2280000000e+03	  1,17302e-01	 -1,24083e-01
3616	  7,2300000000e+03	  1,14461e-01	 -1,27054e-01
3617	  7,2320000000e+03	  1,12669e-01	 -1,28284e-01
3618	  7,2340000000e+03	  1,11667e-01	 -1,25527e-01
3619	  7,2360000000e+03	  1,12890e-01	 -1,24251e-01
3620	  7,2380000000e+03	  1,09842e-01	 -1,28500e-01
3621	  7,2400000000e+03	  1,07043e-01	 -1,29301e-01
3622	  7,2420000000e+03	  1,08350e-01	 -1,29438e-01
3623	  7,2440000000e+03	  1,08077e-01	 -1,30839e-01
3624	  7,2460000000e+03	  1,02841e-01	 -1,32962e-01
3625	  7,2480000000e+03	  9,92945e-02	 -1,34009e-01
3626	  7,2500000000e+03	  1,00150e-01	 -1,34933e-01
3627	  7,2520000000e+03	  9,90712e-02	 -1,34301e-01
3628	  7,2540000000e+03	  9,58757e-02	 -1,34819e-01
3629	  7,2560000000e+03	  9,72751e-02	 -1,36131e-01
3630	  7,2580000000e+03	  9,60663e-02	 -1,38433e-01
3631	  7,2600000000e+03	  9,16266e-02	 -1,41288e-01
3632	  7,2620000000e+03	  8,99927e-02	 -1,42456e-01
3633	  7,2640000000e+03	  8,98158e-02	 -1,39503e-01
3634	  7,2660000000e+03	  8,84508e-02	 -1,40473e-01
3635	  7,2680000000e+03	  8,73700e-02	 -1,42116e-01
3636	  7,2700000000e+03	  8,44971e-02	 -1,41897e-01
3637	  7,2720000000e+03	  8,49915e-02	 -1,43321e-01
3638	  7,2740000000e+03	  8,42769e-02	 -1,42008e-01
3639	  7,2760000000e+03	  7,95711e-02	 -1,43890e-01
3640	  7,2780000000e+03	  7,82374e-02	 -1,44928e-01
3641	  7,2800000000e+03	  7,78336e-02	 -1,43730e-01
3642	  7,2820000000e+03	  7,44986e-02	 -1,46561e-01
3643	  7,2840000000e+03	  7,41050e-02	 -1,47063e-01
3644	  7,2860000000e+03	  7,28768e-02	 -1,46920e-01
3645	  7,2880000000e+03	  7,29094e-02	 -1,48003e-01
3646	  7,2900000000e+03	  7,01384e-02	 -1,53369e-01
3647	  7,2920000000e+03	  6,87588e-02	 -1,51696e-01
3648	  7,2940000000e+03	  6,73252e-02	 -1,49469e-01
3649	  7,2960000000e+03	  6,69619e-02	 -1,50722e-01
3650	  7,2980000000e+03	  6,70972e-02	 -1,52883e-01
3651	  7,3000000000e+03	  6,45181e-02	 -1,53965e-01
3652	  7,3020000000e+03	  6,11787e-02	 -1,52194e-01
3653	  7,3040000000e+03	  5,91079e-02	 -1,51166e-01
3654	  7,3060000000e+03	  5,72195e-02	 -1,51594e-01
3655	  7,3080000000e+03	  5,54939e-02	 -1,52410e-01
3656	  7,3100000000e+03	  5,50913e-02	 -1,53508e-01
3657	  7,3120000000e+03	  5,44472e-02	 -1,54018e-01
3658	  7,3140000000e+03	  5,37341e-02	 -1,54317e-01
3659	  7,3160000000e+03	  5,18178e-02	 -1,55794e-01
3660	  7,3180000000e+03	  5,00172e-02	 -1,57367e-01
3661	  7,3200000000e+03	  4,66563e-02	 -1,58453e-01
3662	  7,3220000000e+03	  4,64824e-02	 -1,59037e-01
3663	  7,3240000000e+03	  4,61161e-02	 -1,58883e-01
3664	  7,3260000000e+03	  4,44255e-02	 -1,58027e-01
3665	  7,3280000000e+03	  4,07068e-02	 -1,61475e-01
3666	  7,3300000000e+03	  3,78235e-02	 -1,61309e-01
3667	  7,3320000000e+03	  3,43674e-02	 -1,64132e-01
3668	  7,3340000000e+03	  3,43760e-02	 -1,65175e-01
3669	  7,3360000000e+03	  3,55113e-02	 -1,63627e-01
3670	  7,3380000000e+03	  3,18572e-02	 -1,60709e-01
3671	  7,3400000000e+03	  2,81170e-02	 -1,59774e-01
3672	  7,3420000000e+03	  2,70805e-02	 -1,62386e-01
3673	  7,3440000000e+03	  2,77548e-02	 -1,64070e-01
3674	  7,3460000000e+03	  2,54347e-02	 -1,66697e-01
3675	  7,3480000000e+03	  2,27483e-02	 -1,67590e-01
3676	  7,3500000000e+03	  1,59941e-02	 -1,67603e-01
3677	  7,3520000000e+03	  1,63454e-02	 -1,66372e-01
3678	  7,3540000000e+03	  1,56899e-02	 -1,68466e-01
3679	  7,3560000000e+03	  1,46013e-02	 -1,69337e-01
3680	  7,3580000000e+03	  1,16249e-02	 -1,68274e-01
3681	  7,3600000000e+03	  8,09283e-03	 -1,67643e-01
3682	  7,3620000000e+03	  6,73525e-03	 -1,68748e-01
3683	  7,3640000000e+03	  6,22931e-03	 -1,69284e-01
3684	  7,3660000000e+03	  2,26828e-03	 -1,68564e-01
3685	  7,3680000000e+03	 -5,93955e-04	 -1,67737e-01
3686	  7,3700000000e+03	  3,50129e-04	 -1,64282e-01
3687	  7,3720000000e+03	 -4,46699e-03	 -1,68824e-01
3688	  7,3740000000e+03	 -5,55462e-03	 -1,68880e-01
3689	  7,3760000000e+03	 -9,35293e-03	 -1,67859e-01
3690	  7,3780000000e+03	 -1,13424e-02	 -1,68797e-01
3691	  7,3800000000e+03	 -1,14716e-02	 -1,69374e-01
3692	  7,3820000000e+03	 -1,35423e-02	 -1,67751e-01
3693	  7,3840000000e+03	 -1,62985e-02	 -1,67359e-01
3694	  7,3860000000e+03	 -1,88744e-02	 -1,66949e-01
3695	  7,3880000000e+03	 -2,25754e-02	 -1,67122e-01
3696	  7,3900000000e+03	 -2,43665e-02	 -1,64251e-01
3697	  7,3920000000e+03	 -2,59625e-02	 -1,63271e-01
3698	  7,3940000000e+03	 -2,61977e-02	 -1,65662e-01
3699	  7,3960000000e+03	 -3,03130e-02	 -1,66345e-01
3700	  7,3980000000e+03	 -3,35268e-02	 -1,62742e-01
3701	  7,4000000000e+03	 -3,46717e-02	 -1,62635e-01
3702	  7,4020000000e+03	 -3,51201e-02	 -1,59730e-01
3703	  7,4040000000e+03	 -3,43496e-02	 -1,58819e-01
3704	  7,4060000000e+03	 -3,47029e-02	 -1,57418e-01
3705	  7,4080000000e+03	 -4,01962e-02	 -1,58236e-01
3706	  7,4100000000e+03	 -4,25736e-02	 -1,59574e-01
3707	  7,4120000000e+03	 -4,47568e-02	 -1,58768e-01
3708	  7,4140000000e+03	 -4,51967e-02	 -1,53664e-01
3709	  7,4160000000e+03	 -4,57054e-02	 -1,54494e-01
3710	  7,4180000000e+03	 -5,18004e-02	 -1,56429e-01
3711	  7,4200000000e+03	 -5,42309e-02	 -1,54034e-01
3712	  7,4220000000e+03	 -5,32654e-02	 -1,57326e-01
3713	  7,4240000000e+03	 -5,50715e-02	 -1,56725e-01
3714	  7,4260000000e+03	 -5,79679e-02	 -1,54287e-01
3715	  7,4280000000e+03	 -6,10775e-02	 -1,50296e-01
3716	  7,4300000000e+03	 -6,10356e-02	 -1,48435e-01
3717	  7,4320000000e+03	 -6,29998e-02	 -1,47609e-01
3718	  7,4340000000e+03	 -6,63052e-02	 -1,47930e-01
3719	  7,4360000000e+03	 -6,78285e-02	 -1,46420e-01
3720	  7,4380000000e+03	 -6,68284e-02	 -1,44967e-01
3721	  7,4400000000e+03	 -6,86014e-02	 -1,42862e-01
3722	  7,4420000000e+03	 -7,29573e-02	 -1,44418e-01
3723	  7,4440000000e+03	 -7,58045e-02	 -1,42496e-01
3724	  7,4460000000e+03	 -7,59110e-02	 -1,36311e-01
3725	  7,4480000000e+03	 -7,60926e-02	 -1,35564e-01
3726	  7,4500000000e+03	 -7,79052e-02	 -1,36918e-01
3727	  7,4520000000e+03	 -7,94656e-02	 -1,34937e-01
3728	  7,4540000000e+03	 -8,02115e-02	 -1,32665e-01
3729	  7,4560000000e+03	 -8,03728e-02	 -1,32957e-01
3730	  7,4580000000e+03	 -8,01235e-02	 -1,30570e-01
3731	  7,4600000000e+03	 -8,24732e-02	 -1,32490e-01
3732	  7,4620000000e+03	 -8,68742e-02	 -1,29224e-01
3733	  7,4640000000e+03	 -8,77963e-02	 -1,26078e-01
3734	  7,4660000000e+03	 -8,87990e-02	 -1,26016e-01
3735	  7,4680000000e+03	 -9,31836e-02	 -1,27515e-01
3736	  7,4700000000e+03	 -9,34211e-02	 -1,24620e-01
3737	  7,4720000000e+03	 -9,46490e-02	 -1,23701e-01
3738	  7,4740000000e+03	 -9,57771e-02	 -1,21167e-01
3739	  7,4760000000e+03	 -9,51950e-02	 -1,18943e-01
3740	  7,4780000000e+03	 -9,74075e-02	 -1,18913e-01
3741	  7,4800000000e+03	 -9,84772e-02	 -1,18489e-01
3742	  7,4820000000e+03	 -1,01376e-01	 -1,18857e-01
3743	  7,4840000000e+03	 -1,01292e-01	 -1,16495e-01
3744	  7,4860000000e+03	 -1,00107e-01	 -1,14328e-01
3745	  7,4880000000e+03	 -1,01138e-01	 -1,12680e-01
3746	  7,4900000000e+03	 -1,06740e-01	 -1,11141e-01
3747	  7,4920000000e+03	 -1,06712e-01	 -1,09682e-01
3748	  7,4940000000e+03	 -1,04749e-01	 -1,07417e-01
3749	  7,4960000000e+03	 -1,08396e-01	 -1,06105e-01
3750	  7,4980000000e+03	 -1,10386e-01	 -1,05658e-01
3751	  7,5000000000e+03	 -1,11146e-01	 -1,01400e-01
3752	  7,5020000000e+03	 -1,12507e-01	 -9,89031e-02
3753	  7,5040000000e+03	 -1,12053e-01	 -9,70755e-02
3754	  7,5060000000e+03	 -1,09307e-01	 -9,61871e-02
3755	  7,5080000000e+03	 -1,12850e-01	 -9,65693e-02
3756	  7,5100000000e+03	 -1,15886e-01	 -9,32604e-02
3757	  7,5120000000e+03	 -1,15505e-01	 -9,00258e-02
3758	  7,5140000000e+03	 -1,16734e-01	 -8,99996e-02
3759	  7,5160000000e+03	 -1,17173e-01	 -8,89336e-02
3760	  7,5180000000e+03	 -1,16684e-01	 -8,81097e-02
3761	  7,5200000000e+03	 -1,17444e-01	 -8,48557e-02
3762	  7,5220000000e+03	 -1,17079e-01	 -8,44988e-02
3763	  7,5240000000e+03	 -1,17972e-01	 -8,45223e-02
3764	  7,5260000000e+03	 -1,18682e-01	 -8,23416e-02
3765	  7,5280000000e+03	 -1,16223e-01	 -7,90066e-02
3766	  7,5300000000e+03	 -1,22857e-01	 -7,60693e-02
3767	  7,5320000000e+03	 -1,23418e-01	 -7,51387e-02
3768	  7,5340000000e+03	 -1,23667e-01	 -7,39437e-02
3769	  7,5360000000e+03	 -1,24435e-01	 -6,99577e-02
3770	  7,5380000000e+03	 -1,20788e-01	 -6,68703e-02
3771	  7,5400000000e+03	 -1,21427e-01	 -6,68291e-02
3772	  7,5420000000e+03	 -1,22821e-01	 -6,67018e-02
3773	  7,5440000000e+03	 -1,21581e-01	 -6,49017e-02
3774	  7,5460000000e+03	 -1,21538e-01	 -6,42945e-02
3775	  7,5480000000e+03	 -1,23566e-01	 -6,31818e-02
3776	  7,5500000000e+03	 -1,22831e-01	 -5,95993e-02
3777	  7,5520000000e+03	 -1,23807e-01	 -5,77033e-02
3778	  7,5540000000e+03	 -1,24289e-01	 -5,98745e-02
3779	  7,5560000000e+03	 -1,24011e-01	 -5,63581e-02
3780	  7,5580000000e+03	 -1,23304e-01	 -5,05438e-02
3781	  7,5600000000e+03	 -1,25257e-01	 -4,88901e-02
3782	  7,5620000000e+03	 -1,24668e-01	 -4,90635e-02
3783	  7,5640000000e+03	 -1,26176e-01	 -4,98566e-02
3784	  7,5660000000e+03	 -1,24649e-01	 -4,95709e-02
3785	  7,5680000000e+03	 -1,25145e-01	 -4,70367e-02
3786	  7,5700000000e+03	 -1,23804e-01	 -4,46686e-02
3787	  7,5720000000e+03	 -1,24048e-01	 -4,40759e-02
3788	  7,5740000000e+03	 -1,23497e-01	 -4,02357e-02
3789	  7,5760000000e+03	 -1,23981e-01	 -3,96299e-02
3790	  7,5780000000e+03	 -1,21838e-01	 -3,72089e-02
3791	  7,5800000000e+03	 -1,26004e-01	 -3,45136e-02
3792	  7,5820000000e+03	 -1,24670e-01	 -3,33761e-02
3793	  7,5840000000e+03	 -1,22721e-01	 -3,23315e-02
3794	  7,5860000000e+03	 -1,24090e-01	 -3,12478e-02
3795	  7,5880000000e+03	 -1,24150e-01	 -3,08673e-02
3796	  7,5900000000e+03	 -1,21213e-01	 -3,03056e-02
3797	  7,5920000000e+03	 -1,19426e-01	 -2,87336e-02
3798	  7,5940000000e+03	 -1,22630e-01	 -2,70177e-02
3799	  7,5960000000e+03	 -1,21341e-01	 -2,23401e-02
3800	  7,5980000000e+03	 -1,20010e-01	 -1,97586e-02
3801	  7,6000000000e+03	 -1,22550e-01	 -2,09369e-02
3802	  7,6020000000e+03	 -1,21832e-01	 -2,24468e-02
3803	  7,6040000000e+03	 -1,18075e-01	 -2,08346e-02
3804	  7,6060000000e+03	 -1,18001e-01	 -1,72733e-02
3805	  7,6080000000e+03	 -1,19050e-01	 -1,65814e-02
3806	  7,6100000000e+03	 -1,20860e-01	 -1,82102e-02
3807	  7,6120000000e+03	 -1,22004e-01	 -1,73271e-02
3808	  7,6140000000e+03	 -1,19746e-01	 -1,42544e-02
3809	  7,6160000000e+03	 -1,20059e-01	 -1,20254e-02
3810	  7,6180000000e+03	 -1,19460e-01	 -1,39126e-02
3811	  7,6200000000e+03	 -1,18404e-01	 -1,27541e-02
3812	  7,6220000000e+03	 -1,20729e-01	 -1,37099e-02
3813	  7,6240000000e+03	 -1,16727e-01	 -9,48983e-03
3814	  7,6260000000e+03	 -1,18135e-01	 -6,17536e-03
3815	  7,6280000000e+03	 -1,19627e-01	 -6,01785e-03
3816	  7,6300000000e+03	 -1,19932e-01	 -6,03255e-03
3817	  7,6320000000e+03	 -1,18030e-01	 -3,40857e-03
3818	  7,6340000000e+03	 -1,19210e-01	 -2,22850e-03
3819	  7,6360000000e+03	 -1,17928e-01	 -3,50231e-03
3820	  7,6380000000e+03	 -1,17280e-01	 -2,23938e-03
3821	  7,6400000000e+03	 -1,14720e-01	 -1,14419e-04
3822	  7,6420000000e+03	 -1,12878e-01	  1,72505e-03
3823	  7,6440000000e+03	 -1,13209e-01	 -3,01215e-04
3824	  7,6460000000e+03	 -1,11564e-01	  7,22241e-04
3825	  7,6480000000e+03	 -1,14474e-01	  2,91181e-03
3826	  7,6500000000e+03	 -1,13002e-01	  3,90518e-03
3827	  7,6520000000e+03	 -1,10980e-01	  4,19278e-03
3828	  7,6540000000e+03	 -1,13773e-01	  3,64214e-03
3829	  7,6560000000e+03	 -1,12158e-01	  7,23318e-03
3830	  7,6580000000e+03	 -1,11712e-01	  5,86556e-03
3831	  7,6600000000e+03	 -1,11247e-01	  8,18120e-03
3832	  7,6620000000e+03	 -1,09603e-01	  1,12447e-02
3833	  7,6640000000e+03	 -1,12757e-01	  1,11386e-02
3834	  7,6660000000e+03	 -1,08788e-01	  8,96441e-03
3835	  7,6680000000e+03	 -1,06299e-01	  1,12994e-02
3836	  7,6700000000e+03	 -1,09045e-01	  1,20390e-02
3837	  7,6720000000e+03	 -1,10670e-01	  1,31516e-02
3838	  7,6740000000e+03	 -1,10033e-01	  1,47788e-02
3839	  7,6760000000e+03	 -1,08436e-01	  1,78342e-02
3840	  7,6780000000e+03	 -1,03898e-01	  1,84624e-02
3841	  7,6800000000e+03	 -1,05028e-01	  1,68703e-02
3842	  7,6820000000e+03	 -1,04123e-01	  2,03644e-02
3843	  7,6840000000e+03	 -1,05851e-01	  2,10844e-02
3844	  7,6860000000e+03	 -1,05900e-01	  1,97939e-02
3845	  7,6880000000e+03	 -1,05089e-01	  2,09730e-02
3846	  7,6900000000e+03	 -1,06061e-01	  2,21269e-02
3847	  7,6920000000e+03	 -1,05536e-01	  2,24308e-02
3848	  7,6940000000e+03	 -1,07776e-01	  2,23143e-02
3849	  7,6960000000e+03	 -1,06729e-01	  2,29580e-02
3850	  7,6980000000e+03	 -1,02322e-01	  2,21551e-02
3851	  7,7000000000e+03	 -1,01270e-01	  2,33639e-02
3852	  7,7020000000e+03	 -1,04260e-01	  2,42397e-02
3853	  7,7040000000e+03	 -1,07879e-01	  2,62864e-02
3854	  7,7060000000e+03	 -1,06124e-01	  2,77308e-02
3855	  7,7080000000e+03	 -1,05248e-01	  2,99649e-02
3856	  7,7100000000e+03	 -1,04895e-01	  3,27069e-02
3857	  7,7120000000e+03	 -1,04845e-01	  3,15871e-02
3858	  7,7140000000e+03	 -1,04129e-01	  3,15517e-02
3859	  7,7160000000e+03	 -1,02906e-01	  3,28447e-02
3860	  7,7180000000e+03	 -9,97793e-02	  3,46816e-02
3861	  7,7200000000e+03	 -1,00123e-01	  3,47665e-02
3862	  7,7220000000e+03	 -9,99483e-02	  3,58769e-02
3863	  7,7240000000e+03	 -1,00560e-01	  3,78208e-02
3864	  7,7260000000e+03	 -1,02854e-01	  4,01222e-02
3865	  7,7280000000e+03	 -1,01710e-01	  4,14824e-02
3866	  7,7300000000e+03	 -9,71448e-02	  3,91966e-02
3867	  7,7320000000e+03	 -9,51877e-02	  4,14461e-02
3868	  7,7340000000e+03	 -9,55898e-02	  4,34718e-02
3869	  7,7360000000e+03	 -9,68941e-02	  4,32296e-02
3870	  7,7380000000e+03	 -9,65663e-02	  4,55993e-02
3871	  7,7400000000e+03	 -9,62549e-02	  4,56031e-02
3872	  7,7420000000e+03	 -9,56759e-02	  4,73414e-02
3873	  7,7440000000e+03	 -9,61704e-02	  4,74804e-02
3874	  7,7460000000e+03	 -9,50092e-02	  4,93638e-02
3875	  7,7480000000e+03	 -9,26362e-02	  4,92839e-02
3876	  7,7500000000e+03	 -9,22859e-02	  4,74501e-02
3877	  7,7520000000e+03	 -9,42521e-02	  4,73754e-02
3878	  7,7540000000e+03	 -9,48571e-02	  4,82765e-02
3879	  7,7560000000e+03	 -9,16659e-02	  4,84480e-02
3880	  7,7580000000e+03	 -8,78093e-02	  5,10465e-02
3881	  7,7600000000e+03	 -8,84276e-02	  5,37200e-02
3882	  7,7620000000e+03	 -9,03235e-02	  5,66914e-02
3883	  7,7640000000e+03	 -8,84952e-02	  5,44262e-02
3884	  7,7660000000e+03	 -8,71649e-02	  5,47680e-02
3885	  7,7680000000e+03	 -8,71606e-02	  5,65803e-02
3886	  7,7700000000e+03	 -8,86507e-02	  5,98759e-02
3887	  7,7720000000e+03	 -8,76246e-02	  6,10130e-02
3888	  7,7740000000e+03	 -8,34490e-02	  6,00996e-02
3889	  7,7760000000e+03	 -8,43041e-02	  6,08435e-02
3890	  7,7780000000e+03	 -8,19344e-02	  6,06277e-02
3891	  7,7800000000e+03	 -8,06012e-02	  6,12269e-02
3892	  7,7820000000e+03	 -8,26776e-02	  6,02445e-02
3893	  7,7840000000e+03	 -8,21421e-02	  6,18755e-02
3894	  7,7860000000e+03	 -8,10921e-02	  6,39293e-02
3895	  7,7880000000e+03	 -7,72930e-02	  6,30121e-02
3896	  7,7900000000e+03	 -7,49497e-02	  6,27587e-02
3897	  7,7920000000e+03	 -7,38178e-02	  6,41313e-02
3898	  7,7940000000e+03	 -7,43594e-02	  6,34884e-02
3899	  7,7960000000e+03	 -7,41131e-02	  6,47605e-02
3900	  7,7980000000e+03	 -7,25428e-02	  6,63612e-02
3901	  7,8000000000e+03	 -7,20478e-02	  6,67788e-02
3902	  7,8020000000e+03	 -7,06327e-02	  6,83525e-02
3903	  7,8040000000e+03	 -6,99299e-02	  6,82779e-02
3904	  7,8060000000e+03	 -6,97059e-02	  6,82398e-02
3905	  7,8080000000e+03	 -6,78228e-02	  7,08861e-02
3906	  7,8100000000e+03	 -6,74647e-02	  7,00276e-02
3907	  7,8120000000e+03	 -6,69720e-02	  6,92920e-02
3908	  7,8140000000e+03	 -6,63387e-02	  6,93372e-02
3909	  7,8160000000e+03	 -6,44742e-02	  6,83691e-02
3910	  7,8180000000e+03	 -6,33913e-02	  6,78040e-02
3911	  7,8200000000e+03	 -6,07442e-02	  6,87017e-02
3912	  7,8220000000e+03	 -5,65767e-02	  6,84988e-02
3913	  7,8240000000e+03	 -5,70572e-02	  6,93212e-02
3914	  7,8260000000e+03	 -6,06937e-02	  6,95411e-02
3915	  7,8280000000e+03	 -6,23672e-02	  6,99354e-02
3916	  7,8300000000e+03	 -6,05807e-02	  7,23761e-02
3917	  7,8320000000e+03	 -5,69306e-02	  7,41468e-02
3918	  7,8340000000e+03	 -5,73863e-02	  7,17803e-02
3919	  7,8360000000e+03	 -5,78909e-02	  6,77414e-02
3920	  7,8380000000e+03	 -5,76932e-02	  7,37591e-02
3921	  7,8400000000e+03	 -5,33292e-02	  7,41721e-02
3922	  7,8420000000e+03	 -5,47188e-02	  7,35758e-02
3923	  7,8440000000e+03	 -5,29547e-02	  7,42815e-02
3924	  7,8460000000e+03	 -5,13030e-02	  7,38694e-02
3925	  7,8480000000e+03	 -5,24466e-02	  7,22149e-02
3926	  7,8500000000e+03	 -5,01455e-02	  7,34260e-02
3927	  7,8520000000e+03	 -4,86891e-02	  7,46228e-02
3928	  7,8540000000e+03	 -5,03272e-02	  7,36331e-02
3929	  7,8560000000e+03	 -4,71671e-02	  7,26908e-02
3930	  7,8580000000e+03	 -4,78079e-02	  7,10070e-02
3931	  7,8600000000e+03	 -4,78373e-02	  6,96483e-02
3932	  7,8620000000e+03	 -4,50846e-02	  6,83887e-02
3933	  7,8640000000e+03	 -4,64783e-02	  7,00089e-02
3934	  7,8660000000e+03	 -4,72540e-02	  7,19042e-02
3935	  7,8680000000e+03	 -5,00315e-02	  7,06890e-02
3936	  7,8700000000e+03	 -4,68593e-02	  7,01915e-02
3937	  7,8720000000e+03	 -4,83270e-02	  7,01002e-02
3938	  7,8740000000e+03	 -4,70041e-02	  7,18297e-02
3939	  7,8760000000e+03	 -4,37775e-02	  7,28687e-02
3940	  7,8780000000e+03	 -4,52407e-02	  7,12120e-02
3941	  7,8800000000e+03	 -4,58134e-02	  7,26449e-02
3942	  7,8820000000e+03	 -4,66845e-02	  7,43850e-02
3943	  7,8840000000e+03	 -4,52916e-02	  7,48641e-02
3944	  7,8860000000e+03	 -4,36333e-02	  7,79069e-02
3945	  7,8880000000e+03	 -4,36202e-02	  7,65254e-02
3946	  7,8900000000e+03	 -4,28127e-02	  7,66245e-02
3947	  7,8920000000e+03	 -4,29080e-02	  7,57713e-02
3948	  7,8940000000e+03	 -4,17242e-02	  7,62881e-02
3949	  7,8960000000e+03	 -3,82653e-02	  8,00805e-02
3950	  7,8980000000e+03	 -3,82653e-02	  7,81085e-02
3951	  7,9000000000e+03	 -4,02334e-02	  7,47949e-02
3952	  7,9020000000e+03	 -3,84133e-02	  7,64361e-02
3953	  7,9040000000e+03	 -3,56960e-02	  7,79678e-02
3954	  7,9060000000e+03	 -3,51355e-02	  7,82060e-02
3955	  7,9080000000e+03	 -3,40281e-02	  7,93448e-02
3956	  7,9100000000e+03	 -3,11716e-02	  7,87642e-02
3957	  7,9120000000e+03	 -3,23623e-02	  7,89890e-02
3958	  7,9140000000e+03	 -3,23076e-02	  7,83324e-02
3959	  7,9160000000e+03	 -3,52074e-02	  7,73269e-02
3960	  7,9180000000e+03	 -3,38376e-02	  7,69519e-02
3961	  7,9200000000e+03	 -3,44460e-02	  7,85615e-02
3962	  7,9220000000e+03	 -3,40041e-02	  7,82267e-02
3963	  7,9240000000e+03	 -3,28998e-02	  7,98396e-02
3964	  7,9260000000e+03	 -3,28685e-02	  7,93281e-02
3965	  7,9280000000e+03	 -3,07187e-02	  8,01843e-02
3966	  7,9300000000e+03	 -3,00120e-02	  8,06282e-02
3967	  7,9320000000e+03	 -3,24202e-02	  8,18530e-02
3968	  7,9340000000e+03	 -3,20467e-02	  8,07340e-02
3969	  7,9360000000e+03	 -2,90670e-02	  8,18523e-02
3970	  7,9380000000e+03	 -2,91816e-02	  8,34763e-02
3971	  7,9400000000e+03	 -2,95354e-02	  8,44627e-02
3972	  7,9420000000e+03	 -2,62569e-02	  8,11500e-02
3973	  7,9440000000e+03	 -2,77793e-02	  8,22948e-02
3974	  7,9460000000e+03	 -2,98364e-02	  8,18850e-02
3975	  7,9480000000e+03	 -2,67554e-02	  8,10173e-02
3976	  7,9500000000e+03	 -2,33467e-02	  8,04754e-02
3977	  7,9520000000e+03	 -2,51649e-02	  8,50808e-02
3978	  7,9540000000e+03	 -2,50712e-02	  8,79944e-02
3979	  7,9560000000e+03	 -2,41418e-02	  8,71449e-02
3980	  7,9580000000e+03	 -2,33093e-02	  8,57868e-02
3981	  7,9600000000e+03	 -2,30813e-02	  8,65948e-02
3982	  7,9620000000e+03	 -2,22697e-02	  8,72564e-02
3983	  7,9640000000e+03	 -2,20140e-02	  8,66977e-02
3984	  7,9660000000e+03	 -2,22636e-02	  8,83896e-02
3985	  7,9680000000e+03	 -2,14451e-02	  8,69790e-02
3986	  7,9700000000e+03	 -1,99906e-02	  8,91772e-02
3987	  7,9720000000e+03	 -1,72385e-02	  8,93311e-02
3988	  7,9740000000e+03	 -1,74634e-02	  8,82307e-02
3989	  7,9760000000e+03	 -1,94876e-02	  9,00558e-02
3990	  7,9780000000e+03	 -2,04989e-02	  9,01551e-02
3991	  7,9800000000e+03	 -1,92968e-02	  8,85272e-02
3992	  7,9820000000e+03	 -1,48670e-02	  8,98977e-02
3993	  7,9840000000e+03	 -1,33733e-02	  9,27483e-02
3994	  7,9860000000e+03	 -1,55242e-02	  9,28235e-02
3995	  7,9880000000e+03	 -1,32795e-02	  9,14395e-02
3996	  7,9900000000e+03	 -1,20633e-02	  9,19645e-02
3997	  7,9920000000e+03	 -1,14892e-02	  9,22897e-02
3998	  7,9940000000e+03	 -1,12783e-02	  9,40400e-02
3999	  7,9960000000e+03	 -1,03420e-02	  9,04576e-02
4000	  7,9980000000e+03	 -8,81179e-03	  9,08337e-02
4001	  8,0000000000e+03	 -9,04175e-03	  9,39703e-02
4002	  8,0020000000e+03	 -6,91036e-03	  9,62646e-02
4003	  8,0040000000e+03	 -5,56781e-03	  9,93405e-02
4004	  8,0060000000e+03	 -1,79192e-03	  9,45628e-02
4005	  8,0080000000e+03	 -2,46283e-04	  9,54354e-02
4006	  8,0100000000e+03	 -9,91410e-05	  9,90067e-02
4007	  8,0120000000e+03	 -5,97949e-04	  9,95826e-02
4008	  8,0140000000e+03	  7,28993e-04	  1,00366e-01
4009	  8,0160000000e+03	  1,02152e-03	  1,00962e-01
4010	  8,0180000000e+03	  3,00716e-03	  1,01200e-01
4011	  8,0200000000e+03	  8,34468e-03	  1,02305e-01
4012	  8,0220000000e+03	  9,16411e-03	  1,01977e-01
4013	  8,0240000000e+03	  1,02799e-02	  1,01074e-01
4014	  8,0260000000e+03	  1,33896e-02	  9,86854e-02
4015	  8,0280000000e+03	  1,24174e-02	  9,68320e-02
4016	  8,0300000000e+03	  1,29625e-02	  9,80080e-02
4017	  8,0320000000e+03	  1,69279e-02	  9,96856e-02
4018	  8,0340000000e+03	  1,88496e-02	  1,00117e-01
4019	  8,0360000000e+03	  1,79328e-02	  9,60980e-02
4020	  8,0380000000e+03	  1,99475e-02	  9,55318e-02
4021	  8,0400000000e+03	  2,18655e-02	  9,88799e-02
4022	  8,0420000000e+03	  2,24348e-02	  9,94371e-02
4023	  8,0440000000e+03	  2,37906e-02	  9,94337e-02
4024	  8,0460000000e+03	  2,26220e-02	  9,34903e-02
4025	  8,0480000000e+03	  2,37706e-02	  9,46621e-02
4026	  8,0500000000e+03	  2,67063e-02	  9,50300e-02
4027	  8,0520000000e+03	  2,91523e-02	  9,48608e-02
4028	  8,0540000000e+03	  3,12222e-02	  9,51882e-02
4029	  8,0560000000e+03	  2,94516e-02	  9,19385e-02
4030	  8,0580000000e+03	  3,16468e-02	  9,07984e-02
4031	  8,0600000000e+03	  3,52926e-02	  9,16482e-02
4032	  8,0620000000e+03	  3,50671e-02	  8,91001e-02
4033	  8,0640000000e+03	  3,46773e-02	  8,92649e-02
4034	  8,0660000000e+03	  3,84124e-02	  8,69373e-02
4035	  8,0680000000e+03	  3,90633e-02	  8,76294e-02
4036	  8,0700000000e+03	  3,80898e-02	  8,65792e-02
4037	  8,0720000000e+03	  3,85203e-02	  8,62513e-02
4038	  8,0740000000e+03	  4,18068e-02	  8,60559e-02
4039	  8,0760000000e+03	  4,08948e-02	  8,52038e-02
4040	  8,0780000000e+03	  4,06771e-02	  8,60776e-02
4041	  8,0800000000e+03	  4,16544e-02	  8,64766e-02
4042	  8,0820000000e+03	  4,37062e-02	  8,31334e-02
4043	  8,0840000000e+03	  4,65700e-02	  8,01647e-02
4044	  8,0860000000e+03	  4,90447e-02	  8,06185e-02
4045	  8,0880000000e+03	  4,97367e-02	  8,02915e-02
4046	  8,0900000000e+03	  5,16543e-02	  7,83230e-02
4047	  8,0920000000e+03	  5,30971e-02	  7,75843e-02
4048	  8,0940000000e+03	  5,27352e-02	  7,75074e-02
4049	  8,0960000000e+03	  5,30131e-02	  7,57559e-02
4050	  8,0980000000e+03	  5,25399e-02	  7,53175e-02
4051	  8,1000000000e+03	  5,51647e-02	  7,29152e-02
4052	  8,1020000000e+03	  5,74140e-02	  7,21985e-02
4053	  8,1040000000e+03	  5,75043e-02	  7,23740e-02
4054	  8,1060000000e+03	  5,79420e-02	  6,83595e-02
4055	  8,1080000000e+03	  5,67794e-02	  6,77575e-02
4056	  8,1100000000e+03	  5,56594e-02	  6,64556e-02
4057	  8,1120000000e+03	  5,78645e-02	  6,58102e-02
4058	  8,1140000000e+03	  5,95515e-02	  6,50443e-02
4059	  8,1160000000e+03	  5,96462e-02	  6,11456e-02
4060	  8,1180000000e+03	  5,90139e-02	  6,16834e-02
4061	  8,1200000000e+03	  5,67105e-02	  5,98222e-02
4062	  8,1220000000e+03	  5,63632e-02	  5,81532e-02
4063	  8,1240000000e+03	  5,57052e-02	  5,92215e-02
4064	  8,1260000000e+03	  5,43182e-02	  6,01954e-02
4065	  8,1280000000e+03	  5,70756e-02	  5,42981e-02
4066	  8,1300000000e+03	  5,67429e-02	  5,24382e-02
4067	  8,1320000000e+03	  5,52799e-02	  5,40800e-02
4068	  8,1340000000e+03	  5,54219e-02	  5,04625e-02
4069	  8,1360000000e+03	  5,52664e-02	  4,86817e-02
4070	  8,1380000000e+03	  5,60016e-02	  5,11966e-02
4071	  8,1400000000e+03	  5,58536e-02	  5,21109e-02
4072	  8,1420000000e+03	  5,13518e-02	  5,32039e-02
4073	  8,1440000000e+03	  5,22829e-02	  5,07399e-02
4074	  8,1460000000e+03	  5,50172e-02	  4,90051e-02
4075	  8,1480000000e+03	  5,65946e-02	  5,03846e-02
4076	  8,1500000000e+03	  5,44091e-02	  4,76324e-02
4077	  8,1520000000e+03	  5,19509e-02	  4,57415e-02
4078	  8,1540000000e+03	  5,20199e-02	  4,89199e-02
4079	  8,1560000000e+03	  5,29152e-02	  5,03788e-02
4080	  8,1580000000e+03	  5,27725e-02	  4,75121e-02
4081	  8,1600000000e+03	  5,49946e-02	  4,63484e-02
4082	  8,1620000000e+03	  5,56608e-02	  4,62901e-02
4083	  8,1640000000e+03	  5,54920e-02	  4,55640e-02
4084	  8,1660000000e+03	  5,60467e-02	  4,66585e-02
4085	  8,1680000000e+03	  5,53185e-02	  4,56515e-02
4086	  8,1700000000e+03	  5,50593e-02	  4,41635e-02
4087	  8,1720000000e+03	  5,35847e-02	  4,37761e-02
4088	  8,1740000000e+03	  5,37730e-02	  4,26412e-02
4089	  8,1760000000e+03	  5,51335e-02	  4,17833e-02
4090	  8,1780000000e+03	  5,64704e-02	  4,02608e-02
4091	  8,1800000000e+03	  5,57450e-02	  3,93705e-02
4092	  8,1820000000e+03	  5,40392e-02	  3,73388e-02
4093	  8,1840000000e+03	  5,33978e-02	  3,81129e-02
4094	  8,1860000000e+03	  5,46850e-02	  3,60124e-02
4095	  8,1880000000e+03	  5,41765e-02	  3,75280e-02
4096	  8,1900000000e+03	  5,36123e-02	  3,87352e-02
4097	  8,1920000000e+03	  5,03804e-02	  3,83133e-02
4098	  8,1940000000e+03	  5,14001e-02	  3,59653e-02
4099	  8,1960000000e+03	  5,41595e-02	  3,53836e-02
4100	  8,1980000000e+03	  5,38196e-02	  3,77400e-02
4101	  8,2000000000e+03	  5,23081e-02	  3,63588e-02
4102	  8,2020000000e+03	  5,03825e-02	  3,84202e-02
4103	  8,2040000000e+03	  4,85676e-02	  3,70080e-02
4104	  8,2060000000e+03	  4,94147e-02	  3,43723e-02
4105	  8,2080000000e+03	  4,85030e-02	  3,09888e-02
4106	  8,2100000000e+03	  4,94095e-02	  3,11146e-02
4107	  8,2120000000e+03	  4,68225e-02	  3,41052e-02
4108	  8,2140000000e+03	  4,40898e-02	  3,73977e-02
4109	  8,2160000000e+03	  4,62792e-02	  3,80296e-02
4110	  8,2180000000e+03	  4,63217e-02	  3,62760e-02
4111	  8,2200000000e+03	  4,69262e-02	  3,83508e-02
4112	  8,2220000000e+03	  4,80216e-02	  4,03969e-02
4113	  8,2240000000e+03	  4,75902e-02	  3,97826e-02
4114	  8,2260000000e+03	  5,00808e-02	  3,98981e-02
4115	  8,2280000000e+03	  4,79345e-02	  3,97238e-02
4116	  8,2300000000e+03	  4,67037e-02	  3,90840e-02
4117	  8,2320000000e+03	  4,89734e-02	  4,09056e-02
4118	  8,2340000000e+03	  5,19938e-02	  3,85712e-02
4119	  8,2360000000e+03	  5,20987e-02	  3,91448e-02
4120	  8,2380000000e+03	  5,20250e-02	  4,22301e-02
4121	  8,2400000000e+03	  5,27436e-02	  4,14308e-02
4122	  8,2420000000e+03	  5,36564e-02	  3,92711e-02
4123	  8,2440000000e+03	  5,08988e-02	  3,98501e-02
4124	  8,2460000000e+03	  5,24042e-02	  3,95105e-02
4125	  8,2480000000e+03	  5,43494e-02	  3,85221e-02
4126	  8,2500000000e+03	  5,56599e-02	  3,72694e-02
4127	  8,2520000000e+03	  5,70308e-02	  3,75502e-02
4128	  8,2540000000e+03	  5,74209e-02	  3,85441e-02
4129	  8,2560000000e+03	  5,79976e-02	  3,67156e-02
4130	  8,2580000000e+03	  5,78737e-02	  3,51607e-02
4131	  8,2600000000e+03	  5,76338e-02	  3,75527e-02
4132	  8,2620000000e+03	  5,84861e-02	  3,93415e-02
4133	  8,2640000000e+03	  6,03145e-02	  3,59473e-02
4134	  8,2660000000e+03	  5,84687e-02	  3,52598e-02
4135	  8,2680000000e+03	  5,70904e-02	  4,03771e-02
4136	  8,2700000000e+03	  5,88659e-02	  4,00951e-02
4137	  8,2720000000e+03	  5,86194e-02	  3,74682e-02
4138	  8,2740000000e+03	  5,78778e-02	  3,91595e-02
4139	  8,2760000000e+03	  5,98205e-02	  4,00754e-02
4140	  8,2780000000e+03	  6,34167e-02	  3,89685e-02
4141	  8,2800000000e+03	  6,44090e-02	  4,01475e-02
4142	  8,2820000000e+03	  5,98777e-02	  4,01522e-02
4143	  8,2840000000e+03	  6,23299e-02	  4,02906e-02
4144	  8,2860000000e+03	  6,40211e-02	  4,08302e-02
4145	  8,2880000000e+03	  6,66385e-02	  4,08953e-02
4146	  8,2900000000e+03	  6,68721e-02	  3,89536e-02
4147	  8,2920000000e+03	  7,00671e-02	  3,76341e-02
4148	  8,2940000000e+03	  6,89800e-02	  3,79087e-02
4149	  8,2960000000e+03	  7,02860e-02	  3,71787e-02
4150	  8,2980000000e+03	  6,97076e-02	  3,73390e-02
4151	  8,3000000000e+03	  7,01954e-02	  3,68170e-02
4152	  8,3020000000e+03	  7,17375e-02	  3,62377e-02
4153	  8,3040000000e+03	  7,20490e-02	  3,56877e-02
4154	  8,3060000000e+03	  7,22429e-02	  3,59213e-02
4155	  8,3080000000e+03	  7,25788e-02	  3,52450e-02
4156	  8,3100000000e+03	  7,31875e-02	  3,30575e-02
4157	  8,3120000000e+03	  7,48789e-02	  3,28388e-02
4158	  8,3140000000e+03	  7,55835e-02	  3,18956e-02
4159	  8,3160000000e+03	  7,51090e-02	  3,18698e-02
4160	  8,3180000000e+03	  7,59514e-02	  3,23387e-02
4161	  8,3200000000e+03	  7,79381e-02	  3,16627e-02
4162	  8,3220000000e+03	  7,82705e-02	  2,93294e-02
4163	  8,3240000000e+03	  7,84786e-02	  2,88489e-02
4164	  8,3260000000e+03	  7,78214e-02	  2,95290e-02
4165	  8,3280000000e+03	  7,89200e-02	  3,00192e-02
4166	  8,3300000000e+03	  7,97440e-02	  2,59856e-02
4167	  8,3320000000e+03	  7,90114e-02	  2,47773e-02
4168	  8,3340000000e+03	  7,93238e-02	  2,48500e-02
4169	  8,3360000000e+03	  8,03199e-02	  2,51105e-02
4170	  8,3380000000e+03	  8,44495e-02	  2,61271e-02
4171	  8,3400000000e+03	  8,51596e-02	  2,87158e-02
4172	  8,3420000000e+03	  8,09046e-02	  2,41056e-02
4173	  8,3440000000e+03	  8,24478e-02	  2,37520e-02
4174	  8,3460000000e+03	  8,66950e-02	  2,21357e-02
4175	  8,3480000000e+03	  8,88593e-02	  2,09386e-02
4176	  8,3500000000e+03	  8,55670e-02	  1,91343e-02
4177	  8,3520000000e+03	  8,57280e-02	  1,76195e-02
4178	  8,3540000000e+03	  8,56685e-02	  1,78117e-02
4179	  8,3560000000e+03	  8,55521e-02	  1,78981e-02
4180	  8,3580000000e+03	  8,71655e-02	  1,88139e-02
4181	  8,3600000000e+03	  9,02673e-02	  2,01683e-02
4182	  8,3620000000e+03	  8,96630e-02	  1,67698e-02
4183	  8,3640000000e+03	  9,09234e-02	  1,37394e-02
4184	  8,3660000000e+03	  9,04537e-02	  1,58511e-02
4185	  8,3680000000e+03	  9,08286e-02	  1,39752e-02
4186	  8,3700000000e+03	  9,20506e-02	  1,15416e-02
4187	  8,3720000000e+03	  9,31642e-02	  1,20197e-02
4188	  8,3740000000e+03	  9,34909e-02	  1,20777e-02
4189	  8,3760000000e+03	  9,21218e-02	  1,11497e-02
4190	  8,3780000000e+03	  9,40753e-02	  9,01838e-03
4191	  8,3800000000e+03	  9,64046e-02	  8,78315e-03
4192	  8,3820000000e+03	  9,53774e-02	  8,30125e-03
4193	  8,3840000000e+03	  9,76494e-02	  4,09857e-03
4194	  8,3860000000e+03	  9,65895e-02	  2,95981e-03
4195	  8,3880000000e+03	  9,74797e-02	  2,03240e-03
4196	  8,3900000000e+03	  9,99855e-02	  3,09058e-03
4197	  8,3920000000e+03	  1,00801e-01	  3,47475e-03
4198	  8,3940000000e+03	  1,00965e-01	  2,39994e-04
4199	  8,3960000000e+03	  9,82669e-02	 -1,28527e-03
4200	  8,3980000000e+03	  9,97250e-02	 -6,83146e-04
4201	  8,4000000000e+03	  1,00652e-01	 -3,43102e-03
4202	  8,4020000000e+03	  1,01287e-01	 -6,98189e-03
4203	  8,4040000000e+03	  1,02781e-01	 -7,72813e-03
4204	  8,4060000000e+03	  1,00218e-01	 -6,92151e-03
4205	  8,4080000000e+03	  1,01966e-01	 -9,20593e-03
4206	  8,4100000000e+03	  9,94941e-02	 -1,20415e-02
4207	  8,4120000000e+03	  9,84452e-02	 -1,25985e-02
4208	  8,4140000000e+03	  9,87380e-02	 -1,14858e-02
4209	  8,4160000000e+03	  1,00682e-01	 -1,30250e-02
4210	  8,4180000000e+03	  1,02553e-01	 -1,76120e-02
4211	  8,4200000000e+03	  1,03776e-01	 -1,79073e-02
4212	  8,4220000000e+03	  1,04053e-01	 -1,73517e-02
4213	  8,4240000000e+03	  1,04558e-01	 -1,70941e-02
4214	  8,4260000000e+03	  1,02961e-01	 -2,09134e-02
4215	  8,4280000000e+03	  1,01772e-01	 -2,20856e-02
4216	  8,4300000000e+03	  1,03222e-01	 -2,23104e-02
4217	  8,4320000000e+03	  1,04865e-01	 -2,23677e-02
4218	  8,4340000000e+03	  1,05209e-01	 -2,29069e-02
4219	  8,4360000000e+03	  1,05205e-01	 -2,83493e-02
4220	  8,4380000000e+03	  1,04839e-01	 -3,02678e-02
4221	  8,4400000000e+03	  1,03564e-01	 -2,94394e-02
4222	  8,4420000000e+03	  1,02141e-01	 -3,13240e-02
4223	  8,4440000000e+03	  1,04082e-01	 -3,40346e-02
4224	  8,4460000000e+03	  1,06445e-01	 -3,73942e-02
4225	  8,4480000000e+03	  1,03790e-01	 -3,98068e-02
4226	  8,4500000000e+03	  1,03559e-01	 -4,13821e-02
4227	  8,4520000000e+03	  1,02726e-01	 -4,27526e-02
4228	  8,4540000000e+03	  1,03096e-01	 -4,12388e-02
4229	  8,4560000000e+03	  1,01972e-01	 -4,30628e-02
4230	  8,4580000000e+03	  1,02383e-01	 -4,79720e-02
4231	  8,4600000000e+03	  1,01505e-01	 -4,77453e-02
4232	  8,4620000000e+03	  9,78688e-02	 -4,97545e-02
4233	  8,4640000000e+03	  9,70836e-02	 -4,99743e-02
4234	  8,4660000000e+03	  9,72673e-02	 -5,38019e-02
4235	  8,4680000000e+03	  9,73367e-02	 -5,53228e-02
4236	  8,4700000000e+03	  9,85558e-02	 -5,70309e-02
4237	  8,4720000000e+03	  9,58480e-02	 -5,76143e-02
4238	  8,4740000000e+03	  9,74807e-02	 -5,79761e-02
4239	  8,4760000000e+03	  9,62688e-02	 -6,21184e-02
4240	  8,4780000000e+03	  9,52697e-02	 -6,44112e-02
4241	  8,4800000000e+03	  9,16529e-02	 -6,42177e-02
4242	  8,4820000000e+03	  9,03130e-02	 -6,49046e-02
4243	  8,4840000000e+03	  9,39706e-02	 -6,52372e-02
4244	  8,4860000000e+03	  9,24489e-02	 -6,56278e-02
4245	  8,4880000000e+03	  9,06228e-02	 -6,82955e-02
4246	  8,4900000000e+03	  9,17114e-02	 -6,78530e-02
4247	  8,4920000000e+03	  9,09514e-02	 -6,56154e-02
4248	  8,4940000000e+03	  9,00279e-02	 -6,82064e-02
4249	  8,4960000000e+03	  8,82635e-02	 -7,08132e-02
4250	  8,4980000000e+03	  9,15747e-02	 -7,19482e-02
4251	  8,5000000000e+03	  8,97144e-02	 -7,48512e-02
4252	  8,5020000000e+03	  8,79084e-02	 -7,64806e-02
4253	  8,5040000000e+03	  8,54346e-02	 -7,66607e-02
4254	  8,5060000000e+03	  8,51516e-02	 -7,73397e-02
4255	  8,5080000000e+03	  8,66059e-02	 -7,88203e-02
4256	  8,5100000000e+03	  8,67722e-02	 -8,24201e-02
4257	  8,5120000000e+03	  8,43532e-02	 -8,30469e-02
4258	  8,5140000000e+03	  8,28021e-02	 -8,53620e-02
4259	  8,5160000000e+03	  8,12854e-02	 -8,52303e-02
4260	  8,5180000000e+03	  7,95563e-02	 -8,64596e-02
4261	  8,5200000000e+03	  7,90910e-02	 -8,97253e-02
4262	  8,5220000000e+03	  7,64757e-02	 -8,90010e-02
4263	  8,5240000000e+03	  7,29654e-02	 -8,84138e-02
4264	  8,5260000000e+03	  7,38211e-02	 -9,01901e-02
4265	  8,5280000000e+03	  7,09230e-02	 -9,20254e-02
4266	  8,5300000000e+03	  6,93972e-02	 -9,16358e-02
4267	  8,5320000000e+03	  6,99463e-02	 -9,18641e-02
4268	  8,5340000000e+03	  6,88328e-02	 -9,19531e-02
4269	  8,5360000000e+03	  6,83950e-02	 -9,18775e-02
4270	  8,5380000000e+03	  6,81392e-02	 -9,64126e-02
4271	  8,5400000000e+03	  6,90472e-02	 -9,83244e-02
4272	  8,5420000000e+03	  6,59551e-02	 -9,76432e-02
4273	  8,5440000000e+03	  6,29616e-02	 -9,71622e-02
4274	  8,5460000000e+03	  6,13627e-02	 -9,48512e-02
4275	  8,5480000000e+03	  5,96092e-02	 -9,53862e-02
4276	  8,5500000000e+03	  5,92191e-02	 -9,73022e-02
4277	  8,5520000000e+03	  5,86640e-02	 -9,83658e-02
4278	  8,5540000000e+03	  5,97859e-02	 -9,88424e-02
4279	  8,5560000000e+03	  5,79875e-02	 -1,01984e-01
4280	  8,5580000000e+03	  5,38880e-02	 -1,05699e-01
4281	  8,5600000000e+03	  5,40189e-02	 -1,06057e-01
4282	  8,5620000000e+03	  5,14617e-02	 -1,05582e-01
4283	  8,5640000000e+03	  5,26417e-02	 -1,05545e-01
4284	  8,5660000000e+03	  5,28072e-02	 -1,09280e-01
4285	  8,5680000000e+03	  5,07503e-02	 -1,09437e-01
4286	  8,5700000000e+03	  4,74786e-02	 -1,09915e-01
4287	  8,5720000000e+03	  4,41036e-02	 -1,11941e-01
4288	  8,5740000000e+03	  4,07513e-02	 -1,11015e-01
4289	  8,5760000000e+03	  4,00728e-02	 -1,10457e-01
4290	  8,5780000000e+03	  4,02236e-02	 -1,15062e-01
4291	  8,5800000000e+03	  3,77205e-02	 -1,14012e-01
4292	  8,5820000000e+03	  3,53123e-02	 -1,11020e-01
4293	  8,5840000000e+03	  3,26209e-02	 -1,10793e-01
4294	  8,5860000000e+03	  3,17971e-02	 -1,11782e-01
4295	  8,5880000000e+03	  3,17101e-02	 -1,14275e-01
4296	  8,5900000000e+03	  3,04309e-02	 -1,13160e-01
4297	  8,5920000000e+03	  2,66816e-02	 -1,11932e-01
4298	  8,5940000000e+03	  2,42675e-02	 -1,12643e-01
4299	  8,5960000000e+03	  2,26891e-02	 -1,15425e-01
4300	  8,5980000000e+03	  2,35765e-02	 -1,16214e-01
4301	  8,6000000000e+03	  2,05404e-02	 -1,16261e-01
4302	  8,6020000000e+03	  1,68095e-02	 -1,17757e-01
4303	  8,6040000000e+03	  1,70572e-02	 -1,21585e-01
4304	  8,6060000000e+03	  1,61536e-02	 -1,20835e-01
4305	  8,6080000000e+03	  1,71165e-02	 -1,20886e-01
4306	  8,6100000000e+03	  1,52838e-02	 -1,21476e-01
4307	  8,6120000000e+03	  9,50857e-03	 -1,18801e-01
4308	  8,6140000000e+03	  8,48922e-03	 -1,17937e-01
4309	  8,6160000000e+03	  5,56530e-03	 -1,18980e-01
4310	  8,6180000000e+03	  3,17176e-03	 -1,19199e-01
4311	  8,6200000000e+03	  2,46130e-03	 -1,20486e-01
4312	  8,6220000000e+03	  2,99587e-03	 -1,20434e-01
4313	  8,6240000000e+03	  3,11618e-03	 -1,18156e-01
4314	  8,6260000000e+03	  3,55667e-04	 -1,20899e-01
4315	  8,6280000000e+03	 -3,80215e-03	 -1,21825e-01
4316	  8,6300000000e+03	 -6,46179e-03	 -1,19642e-01
4317	  8,6320000000e+03	 -5,90065e-03	 -1,17789e-01
4318	  8,6340000000e+03	 -9,73804e-03	 -1,16203e-01
4319	  8,6360000000e+03	 -1,09348e-02	 -1,15464e-01
4320	  8,6380000000e+03	 -1,40911e-02	 -1,17680e-01
4321	  8,6400000000e+03	 -1,76718e-02	 -1,19477e-01
4322	  8,6420000000e+03	 -2,01640e-02	 -1,18013e-01
4323	  8,6440000000e+03	 -2,12680e-02	 -1,14907e-01
4324	  8,6460000000e+03	 -1,97369e-02	 -1,12600e-01
4325	  8,6480000000e+03	 -1,94114e-02	 -1,09954e-01
4326	  8,6500000000e+03	 -2,42617e-02	 -1,12968e-01
4327	  8,6520000000e+03	 -2,72384e-02	 -1,13608e-01
4328	  8,6540000000e+03	 -2,85546e-02	 -1,10566e-01
4329	  8,6560000000e+03	 -2,89852e-02	 -1,10347e-01
4330	  8,6580000000e+03	 -3,16133e-02	 -1,09283e-01
4331	  8,6600000000e+03	 -3,40846e-02	 -1,07380e-01
4332	  8,6620000000e+03	 -3,22958e-02	 -1,09334e-01
4333	  8,6640000000e+03	 -3,10853e-02	 -1,09977e-01
4334	  8,6660000000e+03	 -3,30079e-02	 -1,07235e-01
4335	  8,6680000000e+03	 -3,72164e-02	 -1,08256e-01
4336	  8,6700000000e+03	 -3,72470e-02	 -1,06707e-01
4337	  8,6720000000e+03	 -3,50956e-02	 -1,06001e-01
4338	  8,6740000000e+03	 -3,54044e-02	 -1,06439e-01
4339	  8,6760000000e+03	 -3,94343e-02	 -1,03095e-01
4340	  8,6780000000e+03	 -4,05726e-02	 -1,01830e-01
4341	  8,6800000000e+03	 -4,26244e-02	 -1,02108e-01
4342	  8,6820000000e+03	 -4,62283e-02	 -1,02049e-01
4343	  8,6840000000e+03	 -4,80387e-02	 -1,01921e-01
4344	  8,6860000000e+03	 -4,74041e-02	 -9,94120e-02
4345	  8,6880000000e+03	 -4,94574e-02	 -9,97151e-02
4346	  8,6900000000e+03	 -5,24797e-02	 -9,80676e-02
4347	  8,6920000000e+03	 -5,29662e-02	 -9,69117e-02
4348	  8,6940000000e+03	 -5,61099e-02	 -9,41899e-02
4349	  8,6960000000e+03	 -5,28093e-02	 -9,46444e-02
4350	  8,6980000000e+03	 -5,28056e-02	 -9,12233e-02
4351	  8,7000000000e+03	 -5,77247e-02	 -9,16715e-02
4352	  8,7020000000e+03	 -5,90509e-02	 -9,24281e-02
4353	  8,7040000000e+03	 -5,73321e-02	 -9,12202e-02
4354	  8,7060000000e+03	 -5,91575e-02	 -8,90234e-02
4355	  8,7080000000e+03	 -6,23357e-02	 -8,65058e-02
4356	  8,7100000000e+03	 -6,46454e-02	 -8,42739e-02
4357	  8,7120000000e+03	 -6,22715e-02	 -8,09759e-02
4358	  8,7140000000e+03	 -6,20449e-02	 -8,04359e-02
4359	  8,7160000000e+03	 -6,47578e-02	 -7,93941e-02
4360	  8,7180000000e+03	 -6,82881e-02	 -7,56076e-02
4361	  8,7200000000e+03	 -6,73275e-02	 -7,72446e-02
4362	  8,7220000000e+03	 -6,57273e-02	 -7,95457e-02
4363	  8,7240000000e+03	 -6,42882e-02	 -7,60142e-02
4364	  8,7260000000e+03	 -6,58352e-02	 -7,36915e-02
4365	  8,7280000000e+03	 -6,93775e-02	 -7,31696e-02
4366	  8,7300000000e+03	 -7,02181e-02	 -7,22577e-02
4367	  8,7320000000e+03	 -7,06026e-02	 -7,31970e-02
4368	  8,7340000000e+03	 -7,29123e-02	 -7,09734e-02
4369	  8,7360000000e+03	 -7,01312e-02	 -6,81839e-02
4370	  8,7380000000e+03	 -6,89301e-02	 -6,61962e-02
4371	  8,7400000000e+03	 -6,94308e-02	 -6,59923e-02
4372	  8,7420000000e+03	 -7,12543e-02	 -6,74963e-02
4373	  8,7440000000e+03	 -7,07239e-02	 -6,56352e-02
4374	  8,7460000000e+03	 -7,02432e-02	 -6,23115e-02
4375	  8,7480000000e+03	 -7,17889e-02	 -6,04474e-02
4376	  8,7500000000e+03	 -7,17314e-02	 -5,90859e-02
4377	  8,7520000000e+03	 -7,27976e-02	 -5,73034e-02
4378	  8,7540000000e+03	 -7,32767e-02	 -5,50289e-02
4379	  8,7560000000e+03	 -7,47061e-02	 -5,67597e-02
4380	  8,7580000000e+03	 -7,02694e-02	 -5,46576e-02
4381	  8,7600000000e+03	 -7,02299e-02	 -5,33804e-02
4382	  8,7620000000e+03	 -7,09731e-02	 -5,37902e-02
4383	  8,7640000000e+03	 -7,23313e-02	 -5,51704e-02
4384	  8,7660000000e+03	 -7,24770e-02	 -5,29056e-02
4385	  8,7680000000e+03	 -7,04869e-02	 -5,25525e-02
4386	  8,7700000000e+03	 -6,95438e-02	 -5,18270e-02
4387	  8,7720000000e+03	 -7,01905e-02	 -4,77843e-02
4388	  8,7740000000e+03	 -6,86729e-02	 -4,72490e-02
4389	  8,7760000000e+03	 -6,95125e-02	 -4,52577e-02
4390	  8,7780000000e+03	 -7,12638e-02	 -4,57503e-02
4391	  8,7800000000e+03	 -7,05059e-02	 -4,87163e-02
4392	  8,7820000000e+03	 -7,26816e-02	 -5,02468e-02
4393	  8,7840000000e+03	 -7,47041e-02	 -4,77369e-02
4394	  8,7860000000e+03	 -7,18426e-02	 -4,53143e-02
4395	  8,7880000000e+03	 -7,11144e-02	 -4,47669e-02
4396	  8,7900000000e+03	 -7,40569e-02	 -4,37521e-02
4397	  8,7920000000e+03	 -7,50810e-02	 -4,35079e-02
4398	  8,7940000000e+03	 -7,44870e-02	 -4,20233e-02
4399	  8,7960000000e+03	 -7,30377e-02	 -4,22634e-02
4400	  8,7980000000e+03	 -7,41162e-02	 -4,21833e-02
4401	  8,8000000000e+03	 -7,58880e-02	 -4,02990e-02
4402	  8,8020000000e+03	 -7,75707e-02	 -3,74144e-02
4403	  8,8040000000e+03	 -7,88213e-02	 -3,83020e-02
4404	  8,8060000000e+03	 -7,70075e-02	 -3,59178e-02
4405	  8,8080000000e+03	 -7,47374e-02	 -3,42721e-02
4406	  8,8100000000e+03	 -7,39214e-02	 -3,67428e-02
4407	  8,8120000000e+03	 -7,37737e-02	 -3,62516e-02
4408	  8,8140000000e+03	 -7,56598e-02	 -3,16109e-02
4409	  8,8160000000e+03	 -7,46983e-02	 -3,12685e-02
4410	  8,8180000000e+03	 -7,40999e-02	 -3,35682e-02
4411	  8,8200000000e+03	 -7,43918e-02	 -3,26579e-02
4412	  8,8220000000e+03	 -7,27294e-02	 -2,79366e-02
4413	  8,8240000000e+03	 -7,25682e-02	 -2,67109e-02
4414	  8,8260000000e+03	 -7,39515e-02	 -2,56442e-02
4415	  8,8280000000e+03	 -7,50878e-02	 -2,54420e-02
4416	  8,8300000000e+03	 -7,21633e-02	 -2,39198e-02
4417	  8,8320000000e+03	 -7,52763e-02	 -2,70010e-02
4418	  8,8340000000e+03	 -7,45703e-02	 -2,77735e-02
4419	  8,8360000000e+03	 -7,09592e-02	 -2,48636e-02
4420	  8,8380000000e+03	 -7,25931e-02	 -2,10284e-02
4421	  8,8400000000e+03	 -7,23829e-02	 -2,13187e-02
4422	  8,8420000000e+03	 -7,22469e-02	 -2,35570e-02
4423	  8,8440000000e+03	 -7,46993e-02	 -2,15839e-02
4424	  8,8460000000e+03	 -7,58024e-02	 -2,20162e-02
4425	  8,8480000000e+03	 -7,45759e-02	 -2,08381e-02
4426	  8,8500000000e+03	 -7,44386e-02	 -2,11335e-02
4427	  8,8520000000e+03	 -7,21511e-02	 -2,10059e-02
4428	  8,8540000000e+03	 -7,14855e-02	 -2,00103e-02
4429	  8,8560000000e+03	 -7,32757e-02	 -2,10765e-02
4430	  8,8580000000e+03	 -7,44296e-02	 -2,04020e-02
4431	  8,8600000000e+03	 -7,37121e-02	 -1,89609e-02
4432	  8,8620000000e+03	 -7,25802e-02	 -1,92801e-02
4433	  8,8640000000e+03	 -7,31820e-02	 -1,99049e-02
4434	  8,8660000000e+03	 -7,26840e-02	 -2,23959e-02
4435	  8,8680000000e+03	 -7,03297e-02	 -2,04127e-02
4436	  8,8700000000e+03	 -7,02418e-02	 -1,91189e-02
4437	  8,8720000000e+03	 -7,29382e-02	 -1,96024e-02
4438	  8,8740000000e+03	 -7,21517e-02	 -1,69807e-02
4439	  8,8760000000e+03	 -7,50417e-02	 -1,59006e-02
4440	  8,8780000000e+03	 -7,30466e-02	 -1,54560e-02
4441	  8,8800000000e+03	 -7,02753e-02	 -1,43597e-02
4442	  8,8820000000e+03	 -7,12525e-02	 -1,63492e-02
4443	  8,8840000000e+03	 -7,26351e-02	 -1,60722e-02
4444	  8,8860000000e+03	 -7,06502e-02	 -1,56975e-02
4445	  8,8880000000e+03	 -7,10555e-02	 -1,70937e-02
4446	  8,8900000000e+03	 -7,36710e-02	 -1,62697e-02
4447	  8,8920000000e+03	 -7,52561e-02	 -1,35749e-02
4448	  8,8940000000e+03	 -7,63456e-02	 -1,40639e-02
4449	  8,8960000000e+03	 -7,81249e-02	 -1,39741e-02
4450	  8,8980000000e+03	 -7,62198e-02	 -1,51483e-02
4451	  8,9000000000e+03	 -7,42139e-02	 -1,64458e-02
4452	  8,9020000000e+03	 -7,75853e-02	 -1,51208e-02
4453	  8,9040000000e+03	 -8,10246e-02	 -1,37361e-02
4454	  8,9060000000e+03	 -7,77003e-02	 -1,25937e-02
4455	  8,9080000000e+03	 -7,61689e-02	 -1,25236e-02
4456	  8,9100000000e+03	 -7,85015e-02	 -1,07903e-02
4457	  8,9120000000e+03	 -8,24300e-02	 -1,15719e-02
4458	  8,9140000000e+03	 -8,17782e-02	 -1,03522e-02
4459	  8,9160000000e+03	 -8,08033e-02	 -1,15434e-02
4460	  8,9180000000e+03	 -8,19984e-02	 -1,20644e-02
4461	  8,9200000000e+03	 -8,34513e-02	 -9,96705e-03
4462	  8,9220000000e+03	 -8,40684e-02	 -9,96220e-03
4463	  8,9240000000e+03	 -8,57670e-02	 -1,03889e-02
4464	  8,9260000000e+03	 -8,72950e-02	 -1,02600e-02
4465	  8,9280000000e+03	 -8,63306e-02	 -1,07626e-02
4466	  8,9300000000e+03	 -8,34164e-02	 -8,63484e-03
4467	  8,9320000000e+03	 -8,45953e-02	 -2,84609e-03
4468	  8,9340000000e+03	 -8,62964e-02	  2,10694e-04
4469	  8,9360000000e+03	 -8,73767e-02	 -2,96534e-03
4470	  8,9380000000e+03	 -9,00156e-02	 -5,06179e-03
4471	  8,9400000000e+03	 -9,04559e-02	 -2,54325e-03
4472	  8,9420000000e+03	 -8,80541e-02	  2,26080e-03
4473	  8,9440000000e+03	 -8,93635e-02	  2,95013e-03
4474	  8,9460000000e+03	 -9,01975e-02	  3,80288e-03
4475	  8,9480000000e+03	 -9,34384e-02	  5,72558e-03
4476	  8,9500000000e+03	 -9,41046e-02	  4,65780e-03
4477	  8,9520000000e+03	 -9,60253e-02	  5,16884e-03
4478	  8,9540000000e+03	 -9,44484e-02	  8,79220e-03
4479	  8,9560000000e+03	 -9,17405e-02	  1,24921e-02
4480	  8,9580000000e+03	 -9,45954e-02	  1,15489e-02
4481	  8,9600000000e+03	 -9,63423e-02	  1,37632e-02
4482	  8,9620000000e+03	 -9,69383e-02	  1,51009e-02
4483	  8,9640000000e+03	 -9,67360e-02	  1,83698e-02
4484	  8,9660000000e+03	 -9,62573e-02	  2,07602e-02
4485	  8,9680000000e+03	 -9,40063e-02	  1,98968e-02
4486	  8,9700000000e+03	 -9,38797e-02	  2,27444e-02
4487	  8,9720000000e+03	 -9,49221e-02	  2,47756e-02
4488	  8,9740000000e+03	 -9,58299e-02	  2,55878e-02
4489	  8,9760000000e+03	 -9,57853e-02	  2,67816e-02
4490	  8,9780000000e+03	 -9,60326e-02	  2,71840e-02
4491	  8,9800000000e+03	 -9,68627e-02	  2,89239e-02
4492	  8,9820000000e+03	 -9,48942e-02	  3,01845e-02
4493	  8,9840000000e+03	 -9,35370e-02	  3,20028e-02
4494	  8,9860000000e+03	 -9,15668e-02	  3,53264e-02
4495	  8,9880000000e+03	 -9,16912e-02	  3,87489e-02
4496	  8,9900000000e+03	 -9,44550e-02	  3,86774e-02
4497	  8,9920000000e+03	 -9,58281e-02	  3,62497e-02
4498	  8,9940000000e+03	 -9,37321e-02	  3,91306e-02
4499	  8,9960000000e+03	 -9,18023e-02	  4,31246e-02
4500	  8,9980000000e+03	 -9,08819e-02	  4,42975e-02
4501	  9,0000000000e+03	 -8,64892e-02	  4,65589e-02
4502	  9,0020000000e+03	 -8,50411e-02	  4,77374e-02
4503	  9,0040000000e+03	 -8,58555e-02	  4,74984e-02
4504	  9,0060000000e+03	 -8,96293e-02	  5,46570e-02
4505	  9,0080000000e+03	 -8,64926e-02	  5,63830e-02
4506	  9,0100000000e+03	 -8,49429e-02	  5,65649e-02
4507	  9,0120000000e+03	 -8,36234e-02	  5,56225e-02
4508	  9,0140000000e+03	 -8,38971e-02	  5,84677e-02
4509	  9,0160000000e+03	 -8,44161e-02	  5,93859e-02
4510	  9,0180000000e+03	 -8,36305e-02	  5,90441e-02
4511	  9,0200000000e+03	 -8,27892e-02	  6,20127e-02
4512	  9,0220000000e+03	 -7,93245e-02	  6,26627e-02
4513	  9,0240000000e+03	 -7,88638e-02	  6,32502e-02
4514	  9,0260000000e+03	 -7,63135e-02	  6,48967e-02
4515	  9,0280000000e+03	 -7,36857e-02	  6,69205e-02
4516	  9,0300000000e+03	 -7,55257e-02	  6,71613e-02
4517	  9,0320000000e+03	 -7,07240e-02	  6,94444e-02
4518	  9,0340000000e+03	 -6,95037e-02	  7,02572e-02
4519	  9,0360000000e+03	 -7,18394e-02	  6,95597e-02
4520	  9,0380000000e+03	 -6,88893e-02	  7,18363e-02
4521	  9,0400000000e+03	 -6,83445e-02	  7,32950e-02
4522	  9,0420000000e+03	 -6,64960e-02	  7,44866e-02
4523	  9,0440000000e+03	 -6,50103e-02	  7,48323e-02
4524	  9,0460000000e+03	 -6,51686e-02	  7,38679e-02
4525	  9,0480000000e+03	 -6,49928e-02	  7,54331e-02
4526	  9,0500000000e+03	 -6,39431e-02	  7,64364e-02
4527	  9,0520000000e+03	 -5,99734e-02	  7,56115e-02
4528	  9,0540000000e+03	 -6,06336e-02	  7,52319e-02
4529	  9,0560000000e+03	 -6,04523e-02	  7,65287e-02
4530	  9,0580000000e+03	 -5,68270e-02	  7,92978e-02
4531	  9,0600000000e+03	 -5,48781e-02	  8,04326e-02
4532	  9,0620000000e+03	 -5,37683e-02	  7,99020e-02
4533	  9,0640000000e+03	 -5,24384e-02	  8,26594e-02
4534	  9,0660000000e+03	 -5,16631e-02	  8,53256e-02
4535	  9,0680000000e+03	 -4,73454e-02	  8,67927e-02
4536	  9,0700000000e+03	 -4,58622e-02	  8,66122e-02
4537	  9,0720000000e+03	 -4,65767e-02	  8,55170e-02
4538	  9,0740000000e+03	 -4,53296e-02	  8,88237e-02
4539	  9,0760000000e+03	 -4,29599e-02	  9,26651e-02
4540	  9,0780000000e+03	 -4,08517e-02	  9,20002e-02
4541	  9,0800000000e+03	 -3,86518e-02	  8,97606e-02
4542	  9,0820000000e+03	 -3,83599e-02	  9,06369e-02
4543	  9,0840000000e+03	 -3,87133e-02	  9,35557e-02
4544	  9,0860000000e+03	 -3,73898e-02	  9,07973e-02
4545	  9,0880000000e+03	 -3,39275e-02	  8,77760e-02
4546	  9,0900000000e+03	 -3,21887e-02	  8,97603e-02
4547	  9,0920000000e+03	 -2,95998e-02	  9,01776e-02
4548	  9,0940000000e+03	 -2,74249e-02	  9,21358e-02
4549	  9,0960000000e+03	 -2,33234e-02	  9,42150e-02
4550	  9,0980000000e+03	 -2,57416e-02	  9,31086e-02
4551	  9,1000000000e+03	 -2,36390e-02	  9,24505e-02
4552	  9,1020000000e+03	 -2,00244e-02	  9,01112e-02
4553	  9,1040000000e+03	 -2,20070e-02	  8,88985e-02
4554	  9,1060000000e+03	 -2,02615e-02	  8,99092e-02
4555	  9,1080000000e+03	 -1,55209e-02	  9,08827e-02
4556	  9,1100000000e+03	 -1,56370e-02	  9,25878e-02
4557	  9,1120000000e+03	 -1,44055e-02	  9,04784e-02
4558	  9,1140000000e+03	 -1,20164e-02	  8,94856e-02
4559	  9,1160000000e+03	 -1,26392e-02	  8,87270e-02
4560	  9,1180000000e+03	 -8,77802e-03	  9,10714e-02
4561	  9,1200000000e+03	 -3,08180e-03	  9,05993e-02
4562	  9,1220000000e+03	 -3,39197e-03	  8,57906e-02
4563	  9,1240000000e+03	 -3,52336e-03	  8,82623e-02
4564	  9,1260000000e+03	 -6,36404e-04	  8,90475e-02
4565	  9,1280000000e+03	 -2,18263e-03	  8,92299e-02
4566	  9,1300000000e+03	 -1,35090e-04	  8,92693e-02
4567	  9,1320000000e+03	  1,39807e-03	  8,69684e-02
4568	  9,1340000000e+03	  6,35420e-03	  8,80563e-02
4569	  9,1360000000e+03	  8,44885e-03	  8,88687e-02
4570	  9,1380000000e+03	  9,75837e-03	  8,75822e-02
4571	  9,1400000000e+03	  8,07840e-03	  8,61928e-02
4572	  9,1420000000e+03	  7,47144e-03	  8,64157e-02
4573	  9,1440000000e+03	  1,20579e-02	  8,46293e-02
4574	  9,1460000000e+03	  1,43154e-02	  8,19072e-02
4575	  9,1480000000e+03	  1,49708e-02	  8,30345e-02
4576	  9,1500000000e+03	  1,59289e-02	  8,43526e-02
4577	  9,1520000000e+03	  1,50759e-02	  8,14623e-02
4578	  9,1540000000e+03	  1,67957e-02	  7,96466e-02
4579	  9,1560000000e+03	  1,83553e-02	  7,76378e-02
4580	  9,1580000000e+03	  2,10571e-02	  7,37593e-02
4581	  9,1600000000e+03	  1,93044e-02	  7,18793e-02
4582	  9,1620000000e+03	  2,19912e-02	  7,17908e-02
4583	  9,1640000000e+03	  2,25281e-02	  7,27174e-02
4584	  9,1660000000e+03	  2,27151e-02	  7,45935e-02
4585	  9,1680000000e+03	  2,53991e-02	  7,16563e-02
4586	  9,1700000000e+03	  2,74735e-02	  6,97434e-02
4587	  9,1720000000e+03	  2,58311e-02	  7,16195e-02
4588	  9,1740000000e+03	  2,51350e-02	  7,21218e-02
4589	  9,1760000000e+03	  2,55066e-02	  7,09844e-02
4590	  9,1780000000e+03	  2,67030e-02	  7,00449e-02
4591	  9,1800000000e+03	  2,88915e-02	  6,92271e-02
4592	  9,1820000000e+03	  2,99312e-02	  6,84996e-02
4593	  9,1840000000e+03	  3,13542e-02	  6,70762e-02
4594	  9,1860000000e+03	  3,28061e-02	  6,72194e-02
4595	  9,1880000000e+03	  3,39587e-02	  6,60682e-02
4596	  9,1900000000e+03	  3,44882e-02	  6,64538e-02
4597	  9,1920000000e+03	  3,48807e-02	  6,43237e-02
4598	  9,1940000000e+03	  3,38189e-02	  6,19223e-02
4599	  9,1960000000e+03	  3,49647e-02	  6,03674e-02
4600	  9,1980000000e+03	  3,62083e-02	  6,02201e-02
4601	  9,2000000000e+03	  3,71539e-02	  5,74492e-02
4602	  9,2020000000e+03	  3,70346e-02	  5,48069e-02
4603	  9,2040000000e+03	  3,64019e-02	  5,45270e-02
4604	  9,2060000000e+03	  3,55618e-02	  5,35707e-02
4605	  9,2080000000e+03	  3,75173e-02	  5,50628e-02
4606	  9,2100000000e+03	  3,76141e-02	  5,35917e-02
4607	  9,2120000000e+03	  3,88158e-02	  5,16907e-02
4608	  9,2140000000e+03	  4,10027e-02	  5,21507e-02
4609	  9,2160000000e+03	  4,03787e-02	  4,85040e-02
4610	  9,2180000000e+03	  3,89238e-02	  4,72823e-02
4611	  9,2200000000e+03	  4,05384e-02	  4,66882e-02
4612	  9,2220000000e+03	  4,19696e-02	  4,59360e-02
4613	  9,2240000000e+03	  4,03597e-02	  4,58421e-02
4614	  9,2260000000e+03	  4,03506e-02	  4,59789e-02
4615	  9,2280000000e+03	  3,98265e-02	  4,19452e-02
4616	  9,2300000000e+03	  4,09007e-02	  3,93582e-02
4617	  9,2320000000e+03	  4,42135e-02	  4,03078e-02
4618	  9,2340000000e+03	  4,51082e-02	  4,20329e-02
4619	  9,2360000000e+03	  4,15703e-02	  3,98332e-02
4620	  9,2380000000e+03	  4,22208e-02	  3,67482e-02
4621	  9,2400000000e+03	  4,21471e-02	  3,42186e-02
4622	  9,2420000000e+03	  4,35079e-02	  3,56637e-02
4623	  9,2440000000e+03	  4,25590e-02	  3,50438e-02
4624	  9,2460000000e+03	  4,16653e-02	  3,28929e-02
4625	  9,2480000000e+03	  4,14839e-02	  3,20871e-02
4626	  9,2500000000e+03	  4,27777e-02	  3,12939e-02
4627	  9,2520000000e+03	  4,36424e-02	  3,20354e-02
4628	  9,2540000000e+03	  3,97231e-02	  2,84004e-02
4629	  9,2560000000e+03	  3,95556e-02	  2,88801e-02
4630	  9,2580000000e+03	  4,00179e-02	  2,73638e-02
4631	  9,2600000000e+03	  3,91523e-02	  2,70359e-02
4632	  9,2620000000e+03	  3,91786e-02	  2,73245e-02
4633	  9,2640000000e+03	  3,73911e-02	  2,40307e-02
4634	  9,2660000000e+03	  3,85349e-02	  2,20922e-02
4635	  9,2680000000e+03	  4,00966e-02	  2,09565e-02
4636	  9,2700000000e+03	  3,70864e-02	  2,02214e-02
4637	  9,2720000000e+03	  3,33765e-02	  2,01591e-02
4638	  9,2740000000e+03	  3,21922e-02	  1,94697e-02
4639	  9,2760000000e+03	  3,48836e-02	  1,94556e-02
4640	  9,2780000000e+03	  3,53377e-02	  1,86720e-02
4641	  9,2800000000e+03	  3,54197e-02	  1,98293e-02
4642	  9,2820000000e+03	  3,21813e-02	  1,69314e-02
4643	  9,2840000000e+03	  3,05599e-02	  1,56242e-02
4644	  9,2860000000e+03	  3,15581e-02	  1,75711e-02
4645	  9,2880000000e+03	  3,41198e-02	  1,78927e-02
4646	  9,2900000000e+03	  3,35506e-02	  1,84548e-02
4647	  9,2920000000e+03	  3,45702e-02	  1,59831e-02
4648	  9,2940000000e+03	  3,52537e-02	  1,50401e-02
4649	  9,2960000000e+03	  3,02554e-02	  1,65991e-02
4650	  9,2980000000e+03	  2,76901e-02	  1,67296e-02
4651	  9,3000000000e+03	  2,72667e-02	  1,60904e-02
4652	  9,3020000000e+03	  2,96448e-02	  1,29156e-02
4653	  9,3040000000e+03	  2,74430e-02	  1,31934e-02
4654	  9,3060000000e+03	  2,59928e-02	  1,48963e-02
4655	  9,3080000000e+03	  2,92776e-02	  1,39879e-02
4656	  9,3100000000e+03	  2,88300e-02	  1,31530e-02
4657	  9,3120000000e+03	  2,70407e-02	  1,26469e-02
4658	  9,3140000000e+03	  2,44228e-02	  1,38365e-02
4659	  9,3160000000e+03	  2,29712e-02	  1,33731e-02
4660	  9,3180000000e+03	  2,46123e-02	  1,38899e-02
4661	  9,3200000000e+03	  2,37297e-02	  1,67407e-02
4662	  9,3220000000e+03	  2,50425e-02	  1,54819e-02
4663	  9,3240000000e+03	  2,60205e-02	  1,34890e-02
4664	  9,3260000000e+03	  2,39978e-02	  1,33011e-02
4665	  9,3280000000e+03	  2,41162e-02	  1,38758e-02
4666	  9,3300000000e+03	  2,26094e-02	  1,42397e-02
4667	  9,3320000000e+03	  2,18968e-02	  1,38966e-02
4668	  9,3340000000e+03	  2,12870e-02	  1,40069e-02
4669	  9,3360000000e+03	  2,18665e-02	  1,60031e-02
4670	  9,3380000000e+03	  2,14978e-02	  1,41701e-02
4671	  9,3400000000e+03	  2,56551e-02	  1,48739e-02
4672	  9,3420000000e+03	  2,25028e-02	  1,67748e-02
4673	  9,3440000000e+03	  1,99386e-02	  1,53309e-02
4674	  9,3460000000e+03	  2,02231e-02	  1,55408e-02
4675	  9,3480000000e+03	  1,89266e-02	  1,49721e-02
4676	  9,3500000000e+03	  1,92954e-02	  1,47874e-02
4677	  9,3520000000e+03	  1,74360e-02	  1,15915e-02
4678	  9,3540000000e+03	  1,67636e-02	  1,35430e-02
4679	  9,3560000000e+03	  1,98694e-02	  1,59041e-02
4680	  9,3580000000e+03	  2,10786e-02	  1,51447e-02
4681	  9,3600000000e+03	  2,07616e-02	  1,39736e-02
4682	  9,3620000000e+03	  1,99025e-02	  1,58933e-02
4683	  9,3640000000e+03	  1,73356e-02	  1,56345e-02
4684	  9,3660000000e+03	  1,54113e-02	  1,49997e-02
4685	  9,3680000000e+03	  1,51260e-02	  1,69433e-02
4686	  9,3700000000e+03	  1,91729e-02	  1,64955e-02
4687	  9,3720000000e+03	  1,59342e-02	  1,49242e-02
4688	  9,3740000000e+03	  1,28427e-02	  1,37573e-02
4689	  9,3760000000e+03	  1,23882e-02	  1,64927e-02
4690	  9,3780000000e+03	  1,53320e-02	  1,93571e-02
4691	  9,3800000000e+03	  1,69165e-02	  1,84553e-02
4692	  9,3820000000e+03	  1,45813e-02	  1,95054e-02
4693	  9,3840000000e+03	  1,34957e-02	  1,88180e-02
4694	  9,3860000000e+03	  1,50240e-02	  2,01959e-02
4695	  9,3880000000e+03	  1,33437e-02	  2,25552e-02
4696	  9,3900000000e+03	  1,40517e-02	  2,30625e-02
4697	  9,3920000000e+03	  1,61144e-02	  2,38939e-02
4698	  9,3940000000e+03	  1,77421e-02	  2,64637e-02
4699	  9,3960000000e+03	  1,56173e-02	  2,80938e-02
4700	  9,3980000000e+03	  1,83298e-02	  2,77238e-02
4701	  9,4000000000e+03	  2,06178e-02	  2,80877e-02
4702	  9,4020000000e+03	  2,00078e-02	  2,83959e-02
4703	  9,4040000000e+03	  2,05696e-02	  2,97982e-02
4704	  9,4060000000e+03	  2,31711e-02	  2,72360e-02
4705	  9,4080000000e+03	  2,35129e-02	  2,71729e-02
4706	  9,4100000000e+03	  2,39190e-02	  2,74047e-02
4707	  9,4120000000e+03	  2,57257e-02	  2,62298e-02
4708	  9,4140000000e+03	  2,43812e-02	  2,72472e-02
4709	  9,4160000000e+03	  2,48006e-02	  2,77353e-02
4710	  9,4180000000e+03	  2,70168e-02	  2,68613e-02
4711	  9,4200000000e+03	  3,04017e-02	  2,76470e-02
4712	  9,4220000000e+03	  3,15166e-02	  2,69288e-02
4713	  9,4240000000e+03	  2,76680e-02	  2,74326e-02
4714	  9,4260000000e+03	  2,47251e-02	  2,93345e-02
4715	  9,4280000000e+03	  2,84745e-02	  3,13170e-02
4716	  9,4300000000e+03	  2,89902e-02	  3,23711e-02
4717	  9,4320000000e+03	  2,73655e-02	  2,65682e-02
4718	  9,4340000000e+03	  2,94635e-02	  2,51079e-02
4719	  9,4360000000e+03	  3,15901e-02	  2,84874e-02
4720	  9,4380000000e+03	  3,17871e-02	  2,89626e-02
4721	  9,4400000000e+03	  3,16526e-02	  2,80398e-02
4722	  9,4420000000e+03	  3,39019e-02	  2,64814e-02
4723	  9,4440000000e+03	  3,10069e-02	  2,51371e-02
4724	  9,4460000000e+03	  3,17633e-02	  2,80620e-02
4725	  9,4480000000e+03	  3,30096e-02	  2,83045e-02
4726	  9,4500000000e+03	  3,40981e-02	  3,02692e-02
4727	  9,4520000000e+03	  3,66253e-02	  2,90910e-02
4728	  9,4540000000e+03	  3,85448e-02	  2,87863e-02
4729	  9,4560000000e+03	  3,90074e-02	  2,78249e-02
4730	  9,4580000000e+03	  3,88310e-02	  2,74732e-02
4731	  9,4600000000e+03	  3,92890e-02	  2,78531e-02
4732	  9,4620000000e+03	  3,83935e-02	  2,81386e-02
4733	  9,4640000000e+03	  4,24808e-02	  2,58531e-02
4734	  9,4660000000e+03	  4,48962e-02	  2,44468e-02
4735	  9,4680000000e+03	  4,45478e-02	  2,39646e-02
4736	  9,4700000000e+03	  4,60303e-02	  2,71211e-02
4737	  9,4720000000e+03	  4,46112e-02	  2,68657e-02
4738	  9,4740000000e+03	  4,57147e-02	  2,42307e-02
4739	  9,4760000000e+03	  4,42360e-02	  2,28151e-02
4740	  9,4780000000e+03	  4,46500e-02	  1,93783e-02
4741	  9,4800000000e+03	  4,92604e-02	  1,84322e-02
4742	  9,4820000000e+03	  5,10052e-02	  1,77571e-02
4743	  9,4840000000e+03	  5,00688e-02	  1,54961e-02
4744	  9,4860000000e+03	  4,86288e-02	  1,43359e-02
4745	  9,4880000000e+03	  5,06157e-02	  1,34151e-02
4746	  9,4900000000e+03	  5,30072e-02	  1,25280e-02
4747	  9,4920000000e+03	  4,95715e-02	  1,20163e-02
4748	  9,4940000000e+03	  5,02525e-02	  1,08376e-02
4749	  9,4960000000e+03	  4,93741e-02	  9,52029e-03
4750	  9,4980000000e+03	  4,95685e-02	  7,42953e-03
4751	  9,5000000000e+03	  5,28811e-02	  8,98829e-03
4752	  9,5020000000e+03	  5,15146e-02	  9,17324e-03
4753	  9,5040000000e+03	  5,19936e-02	  6,97739e-03
4754	  9,5060000000e+03	  5,32772e-02	  8,42268e-03
4755	  9,5080000000e+03	  5,31446e-02	  1,04319e-02
4756	  9,5100000000e+03	  5,20795e-02	  1,00357e-02
4757	  9,5120000000e+03	  5,18476e-02	  7,97845e-03
4758	  9,5140000000e+03	  5,35157e-02	  7,29936e-03
4759	  9,5160000000e+03	  5,31014e-02	  9,07615e-03
4760	  9,5180000000e+03	  5,30810e-02	  9,09262e-03
4761	  9,5200000000e+03	  5,53060e-02	  6,04388e-03
4762	  9,5220000000e+03	  5,61760e-02	  3,65035e-03
4763	  9,5240000000e+03	  5,58950e-02	  1,29197e-03
4764	  9,5260000000e+03	  5,55453e-02	  7,49364e-04
4765	  9,5280000000e+03	  5,50547e-02	  2,47210e-03
4766	  9,5300000000e+03	  5,74295e-02	  7,91257e-04
4767	  9,5320000000e+03	  5,67751e-02	 -2,77189e-03
4768	  9,5340000000e+03	  5,83548e-02	 -4,03833e-03
4769	  9,5360000000e+03	  5,65429e-02	  4,41199e-04
4770	  9,5380000000e+03	  5,54827e-02	  1,18633e-04
4771	  9,5400000000e+03	  5,64029e-02	 -3,68899e-03
4772	  9,5420000000e+03	  5,58923e-02	 -4,97863e-03
4773	  9,5440000000e+03	  5,46405e-02	 -7,55111e-03
4774	  9,5460000000e+03	  5,61994e-02	 -7,21589e-03
4775	  9,5480000000e+03	  5,73860e-02	 -6,38165e-03
4776	  9,5500000000e+03	  5,73724e-02	 -7,16641e-03
4777	  9,5520000000e+03	  5,93446e-02	 -8,21993e-03
4778	  9,5540000000e+03	  5,93903e-02	 -8,57671e-03
4779	  9,5560000000e+03	  5,92729e-02	 -8,88816e-03
4780	  9,5580000000e+03	  5,96996e-02	 -1,04753e-02
4781	  9,5600000000e+03	  6,04350e-02	 -1,33290e-02
4782	  9,5620000000e+03	  6,07577e-02	 -1,22758e-02
4783	  9,5640000000e+03	  6,06811e-02	 -1,42902e-02
4784	  9,5660000000e+03	  6,22868e-02	 -1,25874e-02
4785	  9,5680000000e+03	  6,28106e-02	 -1,49496e-02
4786	  9,5700000000e+03	  6,32819e-02	 -1,86958e-02
4787	  9,5720000000e+03	  6,36511e-02	 -1,76979e-02
4788	  9,5740000000e+03	  6,19054e-02	 -1,92196e-02
4789	  9,5760000000e+03	  5,81991e-02	 -2,26970e-02
4790	  9,5780000000e+03	  5,99967e-02	 -2,34291e-02
4791	  9,5800000000e+03	  6,26077e-02	 -2,18037e-02
4792	  9,5820000000e+03	  6,19818e-02	 -2,19112e-02
4793	  9,5840000000e+03	  5,92529e-02	 -3,06332e-02
4794	  9,5860000000e+03	  6,27766e-02	 -3,10229e-02
4795	  9,5880000000e+03	  5,97749e-02	 -2,94703e-02
4796	  9,5900000000e+03	  5,92334e-02	 -3,25883e-02
4797	  9,5920000000e+03	  5,97956e-02	 -3,37433e-02
4798	  9,5940000000e+03	  5,93874e-02	 -3,25717e-02
4799	  9,5960000000e+03	  5,76067e-02	 -3,22591e-02
4800	  9,5980000000e+03	  5,82231e-02	 -3,40179e-02
4801	  9,6000000000e+03	  5,61325e-02	 -3,59013e-02
4802	  9,6020000000e+03	  5,28520e-02	 -3,63629e-02
4803	  9,6040000000e+03	  5,20642e-02	 -3,95664e-02
4804	  9,6060000000e+03	  5,12954e-02	 -3,98088e-02
4805	  9,6080000000e+03	  5,16555e-02	 -3,96246e-02
4806	  9,6100000000e+03	  5,07082e-02	 -4,16646e-02
4807	  9,6120000000e+03	  4,96431e-02	 -4,23968e-02
4808	  9,6140000000e+03	  4,85476e-02	 -4,38201e-02
4809	  9,6160000000e+03	  4,84054e-02	 -4,32247e-02
4810	  9,6180000000e+03	  4,55682e-02	 -4,42296e-02
4811	  9,6200000000e+03	  4,65913e-02	 -4,28006e-02
4812	  9,6220000000e+03	  4,62813e-02	 -4,56101e-02
4813	  9,6240000000e+03	  4,50983e-02	 -4,65780e-02
4814	  9,6260000000e+03	  4,23774e-02	 -4,38597e-02
4815	  9,6280000000e+03	  4,33325e-02	 -4,37954e-02
4816	  9,6300000000e+03	  4,22481e-02	 -4,54968e-02
4817	  9,6320000000e+03	  4,10838e-02	 -4,66067e-02
4818	  9,6340000000e+03	  4,11616e-02	 -4,72460e-02
4819	  9,6360000000e+03	  4,34108e-02	 -4,54046e-02
4820	  9,6380000000e+03	  4,23526e-02	 -4,70808e-02
4821	  9,6400000000e+03	  4,12955e-02	 -4,75286e-02
4822	  9,6420000000e+03	  4,02511e-02	 -4,83624e-02
4823	  9,6440000000e+03	  3,77740e-02	 -5,28785e-02
4824	  9,6460000000e+03	  3,86133e-02	 -5,40474e-02
4825	  9,6480000000e+03	  4,06672e-02	 -5,19621e-02
4826	  9,6500000000e+03	  3,79610e-02	 -5,04290e-02
4827	  9,6520000000e+03	  3,62356e-02	 -5,35381e-02
4828	  9,6540000000e+03	  3,53516e-02	 -5,48060e-02
4829	  9,6560000000e+03	  3,65063e-02	 -5,44623e-02
4830	  9,6580000000e+03	  3,61326e-02	 -5,67117e-02
4831	  9,6600000000e+03	  3,16738e-02	 -5,79943e-02
4832	  9,6620000000e+03	  3,38303e-02	 -5,73706e-02
4833	  9,6640000000e+03	  3,21489e-02	 -5,76101e-02
4834	  9,6660000000e+03	  3,07511e-02	 -6,16328e-02
4835	  9,6680000000e+03	  2,97599e-02	 -6,12849e-02
4836	  9,6700000000e+03	  3,32842e-02	 -6,01438e-02
4837	  9,6720000000e+03	  3,00385e-02	 -6,04934e-02
4838	  9,6740000000e+03	  2,64969e-02	 -6,11371e-02
4839	  9,6760000000e+03	  2,86051e-02	 -6,30264e-02
4840	  9,6780000000e+03	  2,75516e-02	 -6,28716e-02
4841	  9,6800000000e+03	  2,57028e-02	 -6,47693e-02
4842	  9,6820000000e+03	  2,63390e-02	 -6,79527e-02
4843	  9,6840000000e+03	  2,66542e-02	 -6,52095e-02
4844	  9,6860000000e+03	  2,55114e-02	 -6,41321e-02
4845	  9,6880000000e+03	  2,49431e-02	 -6,62331e-02
4846	  9,6900000000e+03	  2,31673e-02	 -6,83731e-02
4847	  9,6920000000e+03	  2,35341e-02	 -6,77861e-02
4848	  9,6940000000e+03	  1,99739e-02	 -6,89701e-02
4849	  9,6960000000e+03	  1,67841e-02	 -6,96288e-02
4850	  9,6980000000e+03	  1,78621e-02	 -7,00609e-02
4851	  9,7000000000e+03	  1,64365e-02	 -7,13415e-02
4852	  9,7020000000e+03	  1,41440e-02	 -7,32347e-02
4853	  9,7040000000e+03	  1,27916e-02	 -7,52429e-02
4854	  9,7060000000e+03	  1,02130e-02	 -7,42545e-02
4855	  9,7080000000e+03	  9,32741e-03	 -7,28793e-02
4856	  9,7100000000e+03	  9,25932e-03	 -7,35457e-02
4857	  9,7120000000e+03	  6,12790e-03	 -7,60403e-02
4858	  9,7140000000e+03	  6,60101e-03	 -7,66697e-02
4859	  9,7160000000e+03	  5,56805e-03	 -7,76019e-02
4860	  9,7180000000e+03	  5,25351e-03	 -7,81741e-02
4861	  9,7200000000e+03	  7,45766e-04	 -7,79303e-02
4862	  9,7220000000e+03	 -4,05074e-03	 -7,87462e-02
4863	  9,7240000000e+03	 -4,01907e-03	 -8,04140e-02
4864	  9,7260000000e+03	 -4,54996e-03	 -8,03575e-02
4865	  9,7280000000e+03	 -3,79614e-03	 -7,93329e-02
4866	  9,7300000000e+03	 -6,18554e-03	 -8,09495e-02
4867	  9,7320000000e+03	 -8,41666e-03	 -8,12114e-02
4868	  9,7340000000e+03	 -9,07476e-03	 -8,13592e-02
4869	  9,7360000000e+03	 -1,24309e-02	 -8,41353e-02
4870	  9,7380000000e+03	 -1,41256e-02	 -8,47663e-02
4871	  9,7400000000e+03	 -1,63212e-02	 -8,35446e-02
4872	  9,7420000000e+03	 -2,05393e-02	 -8,36114e-02
4873	  9,7440000000e+03	 -2,23508e-02	 -8,35662e-02
4874	  9,7460000000e+03	 -2,42918e-02	 -8,20164e-02
4875	  9,7480000000e+03	 -2,78318e-02	 -8,17970e-02
4876	  9,7500000000e+03	 -2,98568e-02	 -8,31323e-02
4877	  9,7520000000e+03	 -3,11312e-02	 -8,41542e-02
4878	  9,7540000000e+03	 -3,31828e-02	 -7,80927e-02
4879	  9,7560000000e+03	 -3,61277e-02	 -7,66939e-02
4880	  9,7580000000e+03	 -4,00727e-02	 -7,62484e-02
4881	  9,7600000000e+03	 -4,13005e-02	 -7,60206e-02
4882	  9,7620000000e+03	 -4,26453e-02	 -7,95054e-02
4883	  9,7640000000e+03	 -4,46296e-02	 -8,19847e-02
4884	  9,7660000000e+03	 -4,49108e-02	 -7,53781e-02
4885	  9,7680000000e+03	 -4,84908e-02	 -7,07326e-02
4886	  9,7700000000e+03	 -5,12854e-02	 -7,14465e-02
4887	  9,7720000000e+03	 -5,11282e-02	 -7,22532e-02
4888	  9,7740000000e+03	 -5,15323e-02	 -7,01980e-02
4889	  9,7760000000e+03	 -5,39929e-02	 -6,75219e-02
4890	  9,7780000000e+03	 -5,65769e-02	 -6,69214e-02
4891	  9,7800000000e+03	 -6,10669e-02	 -6,69293e-02
4892	  9,7820000000e+03	 -6,02620e-02	 -6,32254e-02
4893	  9,7840000000e+03	 -5,91703e-02	 -6,13351e-02
4894	  9,7860000000e+03	 -5,81494e-02	 -6,27195e-02
4895	  9,7880000000e+03	 -5,92884e-02	 -6,03809e-02
4896	  9,7900000000e+03	 -6,33684e-02	 -5,76255e-02
4897	  9,7920000000e+03	 -6,37720e-02	 -5,45816e-02
4898	  9,7940000000e+03	 -6,58710e-02	 -5,51283e-02
4899	  9,7960000000e+03	 -6,74335e-02	 -5,46272e-02
4900	  9,7980000000e+03	 -6,92942e-02	 -5,57202e-02
4901	  9,8000000000e+03	 -7,07366e-02	 -5,53658e-02
4902	  9,8020000000e+03	 -7,29576e-02	 -5,56422e-02
4903	  9,8040000000e+03	 -7,06736e-02	 -4,97022e-02
4904	  9,8060000000e+03	 -7,38078e-02	 -4,66198e-02
4905	  9,8080000000e+03	 -7,57276e-02	 -4,65524e-02
4906	  9,8100000000e+03	 -7,77359e-02	 -4,55924e-02
4907	  9,8120000000e+03	 -7,96189e-02	 -4,39667e-02
4908	  9,8140000000e+03	 -8,06941e-02	 -4,07093e-02
4909	  9,8160000000e+03	 -8,16127e-02	 -4,05459e-02
4910	  9,8180000000e+03	 -8,14173e-02	 -4,01685e-02
4911	  9,8200000000e+03	 -8,15723e-02	 -3,70532e-02
4912	  9,8220000000e+03	 -8,33143e-02	 -3,61232e-02
4913	  9,8240000000e+03	 -8,74190e-02	 -3,26710e-02
4914	  9,8260000000e+03	 -8,67657e-02	 -2,90957e-02
4915	  9,8280000000e+03	 -8,65140e-02	 -2,54860e-02
4916	  9,8300000000e+03	 -8,71713e-02	 -2,20196e-02
4917	  9,8320000000e+03	 -8,56557e-02	 -2,10357e-02
4918	  9,8340000000e+03	 -9,03649e-02	 -1,94658e-02
4919	  9,8360000000e+03	 -9,24180e-02	 -1,65643e-02
4920	  9,8380000000e+03	 -9,32073e-02	 -1,72410e-02
4921	  9,8400000000e+03	 -9,29905e-02	 -1,50163e-02
4922	  9,8420000000e+03	 -9,34229e-02	 -9,86885e-03
4923	  9,8440000000e+03	 -9,48119e-02	 -8,06660e-03
4924	  9,8460000000e+03	 -9,51785e-02	 -3,98163e-03
4925	  9,8480000000e+03	 -9,45153e-02	 -1,19575e-03
4926	  9,8500000000e+03	 -9,32987e-02	 -1,61017e-03
4927	  9,8520000000e+03	 -9,32851e-02	  3,54091e-03
4928	  9,8540000000e+03	 -9,40007e-02	  6,87426e-03
4929	  9,8560000000e+03	 -9,39563e-02	  5,83214e-03
4930	  9,8580000000e+03	 -9,12615e-02	  8,78538e-03
4931	  9,8600000000e+03	 -9,16940e-02	  1,20467e-02
4932	  9,8620000000e+03	 -9,13841e-02	  1,34968e-02
4933	  9,8640000000e+03	 -9,03638e-02	  1,45038e-02
4934	  9,8660000000e+03	 -9,00229e-02	  1,85713e-02
4935	  9,8680000000e+03	 -9,11637e-02	  2,12462e-02
4936	  9,8700000000e+03	 -8,94921e-02	  2,49167e-02
4937	  9,8720000000e+03	 -9,13846e-02	  2,70669e-02
4938	  9,8740000000e+03	 -9,45243e-02	  2,85262e-02
4939	  9,8760000000e+03	 -9,35551e-02	  3,15604e-02
4940	  9,8780000000e+03	 -8,82375e-02	  3,48049e-02
4941	  9,8800000000e+03	 -8,69359e-02	  3,49544e-02
4942	  9,8820000000e+03	 -8,73034e-02	  3,73352e-02
4943	  9,8840000000e+03	 -8,62492e-02	  3,99405e-02
4944	  9,8860000000e+03	 -8,45938e-02	  4,41767e-02
4945	  9,8880000000e+03	 -8,34000e-02	  4,63988e-02
4946	  9,8900000000e+03	 -8,23390e-02	  4,66976e-02
4947	  9,8920000000e+03	 -8,17438e-02	  4,85047e-02
4948	  9,8940000000e+03	 -7,76964e-02	  4,74318e-02
4949	  9,8960000000e+03	 -7,67141e-02	  5,07321e-02
4950	  9,8980000000e+03	 -7,79365e-02	  5,49031e-02
4951	  9,9000000000e+03	 -7,59043e-02	  5,73944e-02
4952	  9,9020000000e+03	 -7,31410e-02	  6,05265e-02
4953	  9,9040000000e+03	 -7,12122e-02	  5,98297e-02
4954	  9,9060000000e+03	 -6,78282e-02	  6,01814e-02
4955	  9,9080000000e+03	 -6,46486e-02	  6,35328e-02
4956	  9,9100000000e+03	 -6,63206e-02	  6,66260e-02
4957	  9,9120000000e+03	 -6,34601e-02	  6,86502e-02
4958	  9,9140000000e+03	 -5,88079e-02	  6,86018e-02
4959	  9,9160000000e+03	 -6,04354e-02	  7,07888e-02
4960	  9,9180000000e+03	 -5,71972e-02	  7,01672e-02
4961	  9,9200000000e+03	 -5,21873e-02	  7,00437e-02
4962	  9,9220000000e+03	 -5,18070e-02	  7,17199e-02
4963	  9,9240000000e+03	 -5,34887e-02	  7,36256e-02
4964	  9,9260000000e+03	 -5,06265e-02	  7,27767e-02
4965	  9,9280000000e+03	 -4,61707e-02	  7,49327e-02
4966	  9,9300000000e+03	 -4,64734e-02	  7,61951e-02
4967	  9,9320000000e+03	 -4,30788e-02	  7,74927e-02
4968	  9,9340000000e+03	 -4,25856e-02	  7,69460e-02
4969	  9,9360000000e+03	 -4,21707e-02	  7,59622e-02
4970	  9,9380000000e+03	 -3,67636e-02	  7,87594e-02
4971	  9,9400000000e+03	 -3,66429e-02	  7,83480e-02
4972	  9,9420000000e+03	 -3,72972e-02	  7,65851e-02
4973	  9,9440000000e+03	 -3,26702e-02	  8,00710e-02
4974	  9,9460000000e+03	 -2,95356e-02	  8,11195e-02
4975	  9,9480000000e+03	 -3,07175e-02	  8,03529e-02
4976	  9,9500000000e+03	 -2,71657e-02	  8,01971e-02
4977	  9,9520000000e+03	 -2,75922e-02	  8,14620e-02
4978	  9,9540000000e+03	 -2,68292e-02	  8,09511e-02
4979	  9,9560000000e+03	 -2,33606e-02	  8,12155e-02
4980	  9,9580000000e+03	 -2,09911e-02	  8,30843e-02
4981	  9,9600000000e+03	 -1,92539e-02	  8,56619e-02
4982	  9,9620000000e+03	 -1,65519e-02	  8,88348e-02
4983	  9,9640000000e+03	 -1,25013e-02	  8,55029e-02
4984	  9,9660000000e+03	 -9,43257e-03	  8,60926e-02
4985	  9,9680000000e+03	 -7,01391e-03	  8,71306e-02
4986	  9,9700000000e+03	 -8,22787e-03	  8,48638e-02
4987	  9,9720000000e+03	 -5,25061e-03	  8,52282e-02
4988	  9,9740000000e+03	 -9,66733e-04	  8,59840e-02
4989	  9,9760000000e+03	  1,36778e-04	  8,70344e-02
4990	  9,9780000000e+03	 -1,13079e-03	  8,68491e-02
4991	  9,9800000000e+03	  7,55891e-04	  8,55658e-02
4992	  9,9820000000e+03	  5,46848e-03	  8,52728e-02
4993	  9,9840000000e+03	  7,98986e-03	  8,45595e-02
4994	  9,9860000000e+03	  9,11191e-03	  8,33592e-02
4995	  9,9880000000e+03	  1,20558e-02	  8,47445e-02
4996	  9,9900000000e+03	  1,65656e-02	  8,67438e-02
4997	  9,9920000000e+03	  1,65596e-02	  8,55345e-02
4998	  9,9940000000e+03	  1,68140e-02	  8,12802e-02
4999	  9,9960000000e+03	  2,05955e-02	  7,97053e-02
5000	  9,9980000000e+03	  2,47107e-02	  7,99336e-02
5001	  1,0000000000e+04	  2,36928e-02	  8,17818e-02
5002	  1,0002000000e+04	  2,81579e-02	  8,11454e-02
5003	  1,0004000000e+04	  3,05125e-02	  7,71108e-02
5004	  1,0006000000e+04	  3,15038e-02	  7,56928e-02
5005	  1,0008000000e+04	  3,26538e-02	  7,61679e-02
5006	  1,0010000000e+04	  3,51743e-02	  7,43410e-02
5007	  1,0012000000e+04	  3,58207e-02	  7,41108e-02
5008	  1,0014000000e+04	  3,93053e-02	  7,28438e-02
5009	  1,0016000000e+04	  3,76843e-02	  7,02381e-02
5010	  1,0018000000e+04	  4,14904e-02	  6,73155e-02
5011	  1,0020000000e+04	  4,37877e-02	  6,62144e-02
5012	  1,0022000000e+04	  4,45571e-02	  6,63385e-02
5013	  1,0024000000e+04	  4,58463e-02	  6,34437e-02
5014	  1,0026000000e+04	  4,69246e-02	  6,12919e-02
5015	  1,0028000000e+04	  4,66439e-02	  6,11797e-02
5016	  1,0030000000e+04	  4,55508e-02	  5,73731e-02
5017	  1,0032000000e+04	  4,40263e-02	  5,40870e-02
5018	  1,0034000000e+04	  4,49191e-02	  5,44408e-02
5019	  1,0036000000e+04	  4,61617e-02	  5,42629e-02
5020	  1,0038000000e+04	  4,79737e-02	  5,39850e-02
5021	  1,0040000000e+04	  5,08277e-02	  5,27666e-02
5022	  1,0042000000e+04	  4,96629e-02	  5,08968e-02
5023	  1,0044000000e+04	  4,92850e-02	  5,35931e-02
5024	  1,0046000000e+04	  5,22749e-02	  5,30013e-02
5025	  1,0048000000e+04	  5,32552e-02	  5,19295e-02
5026	  1,0050000000e+04	  4,91117e-02	  4,91214e-02
5027	  1,0052000000e+04	  5,33878e-02	  4,45310e-02
5028	  1,0054000000e+04	  5,63227e-02	  4,25267e-02
5029	  1,0056000000e+04	  5,53065e-02	  4,22894e-02
5030	  1,0058000000e+04	  5,57046e-02	  3,96911e-02
5031	  1,0060000000e+04	  5,82575e-02	  3,64568e-02
5032	  1,0062000000e+04	  5,91288e-02	  3,46888e-02
5033	  1,0064000000e+04	  5,82251e-02	  3,55367e-02
5034	  1,0066000000e+04	  5,79775e-02	  3,36139e-02
5035	  1,0068000000e+04	  5,88820e-02	  3,16869e-02
5036	  1,0070000000e+04	  5,69648e-02	  2,82252e-02
5037	  1,0072000000e+04	  5,75182e-02	  2,71622e-02
5038	  1,0074000000e+04	  5,73181e-02	  2,72456e-02
5039	  1,0076000000e+04	  5,85732e-02	  2,43209e-02
5040	  1,0078000000e+04	  6,06646e-02	  2,15750e-02
5041	  1,0080000000e+04	  5,93314e-02	  2,04857e-02
5042	  1,0082000000e+04	  5,74123e-02	  2,06457e-02
5043	  1,0084000000e+04	  5,43496e-02	  1,87302e-02
5044	  1,0086000000e+04	  5,57118e-02	  1,74410e-02
5045	  1,0088000000e+04	  5,65819e-02	  1,88135e-02
5046	  1,0090000000e+04	  5,18657e-02	  1,90793e-02
5047	  1,0092000000e+04	  5,34504e-02	  1,58968e-02
5048	  1,0094000000e+04	  5,48537e-02	  1,29842e-02
5049	  1,0096000000e+04	  5,39487e-02	  1,56451e-02
5050	  1,0098000000e+04	  5,27001e-02	  1,36449e-02
5051	  1,0100000000e+04	  5,52150e-02	  9,74988e-03
5052	  1,0102000000e+04	  5,28187e-02	  1,02527e-02
5053	  1,0104000000e+04	  5,17995e-02	  1,07036e-02
5054	  1,0106000000e+04	  5,26990e-02	  7,30993e-03
5055	  1,0108000000e+04	  5,23228e-02	  7,26517e-03
5056	  1,0110000000e+04	  4,96637e-02	  6,41934e-03
5057	  1,0112000000e+04	  4,93580e-02	  6,86815e-03
5058	  1,0114000000e+04	  5,13569e-02	  4,65577e-03
5059	  1,0116000000e+04	  5,10538e-02	  3,57363e-03
5060	  1,0118000000e+04	  4,94767e-02	  2,16259e-03
5061	  1,0120000000e+04	  4,75361e-02	  6,24968e-03
5062	  1,0122000000e+04	  4,65651e-02	  5,99800e-03
5063	  1,0124000000e+04	  4,65338e-02	  3,49424e-03
5064	  1,0126000000e+04	  4,84503e-02	  2,91641e-03
5065	  1,0128000000e+04	  4,83118e-02	  3,09328e-03
5066	  1,0130000000e+04	  5,04363e-02	  2,02828e-03
5067	  1,0132000000e+04	  4,87779e-02	 -1,63944e-03
5068	  1,0134000000e+04	  4,62545e-02	  6,79254e-04
5069	  1,0136000000e+04	  4,74911e-02	  3,11330e-03
5070	  1,0138000000e+04	  4,87852e-02	  2,59718e-04
5071	  1,0140000000e+04	  4,77019e-02	 -1,44360e-03
5072	  1,0142000000e+04	  4,73658e-02	 -1,77569e-03
5073	  1,0144000000e+04	  4,52147e-02	 -1,06762e-03
5074	  1,0146000000e+04	  4,42888e-02	 -4,22298e-03
5075	  1,0148000000e+04	  4,44607e-02	 -7,22132e-03
5076	  1,0150000000e+04	  4,04171e-02	 -4,67238e-03
5077	  1,0152000000e+04	  3,71389e-02	 -4,77822e-04
5078	  1,0154000000e+04	  3,93526e-02	 -4,39191e-03
5079	  1,0156000000e+04	  4,14502e-02	 -5,99499e-03
5080	  1,0158000000e+04	  3,99296e-02	 -3,81689e-03
5081	  1,0160000000e+04	  3,95355e-02	 -3,57907e-03
5082	  1,0162000000e+04	  4,31912e-02	 -3,49543e-03
5083	  1,0164000000e+04	  4,30234e-02	 -5,80724e-03
5084	  1,0166000000e+04	  3,75224e-02	 -6,08578e-03
5085	  1,0168000000e+04	  3,89154e-02	 -7,07712e-03
5086	  1,0170000000e+04	  3,96321e-02	 -5,48882e-03
5087	  1,0172000000e+04	  4,10019e-02	 -3,68658e-03
5088	  1,0174000000e+04	  4,01070e-02	 -5,85634e-03
5089	  1,0176000000e+04	  3,81390e-02	 -7,37904e-03
5090	  1,0178000000e+04	  3,48981e-02	 -8,79947e-03
5091	  1,0180000000e+04	  3,76953e-02	 -8,16563e-03
5092	  1,0182000000e+04	  3,97811e-02	 -9,19380e-03
5093	  1,0184000000e+04	  3,70416e-02	 -9,70471e-03
5094	  1,0186000000e+04	  3,52504e-02	 -8,33476e-03
5095	  1,0188000000e+04	  3,60883e-02	 -7,03135e-03
5096	  1,0190000000e+04	  3,57390e-02	 -9,39867e-03
5097	  1,0192000000e+04	  3,69101e-02	 -8,14472e-03
5098	  1,0194000000e+04	  3,42491e-02	 -7,90722e-03
5099	  1,0196000000e+04	  2,89206e-02	 -9,23014e-03
5100	  1,0198000000e+04	  3,04480e-02	 -8,84286e-03
5101	  1,0200000000e+04	  3,01511e-02	 -1,01725e-02
5102	  1,0202000000e+04	  2,96377e-02	 -1,37190e-02
5103	  1,0204000000e+04	  3,13334e-02	 -1,20623e-02
5104	  1,0206000000e+04	  3,05474e-02	 -9,73027e-03
5105	  1,0208000000e+04	  2,99630e-02	 -5,55232e-03
5106	  1,0210000000e+04	  2,99685e-02	 -7,17200e-03
5107	  1,0212000000e+04	  2,90420e-02	 -6,34004e-03
5108	  1,0214000000e+04	  2,94897e-02	 -7,50018e-03
5109	  1,0216000000e+04	  2,95839e-02	 -8,04846e-03
5110	  1,0218000000e+04	  2,92443e-02	 -6,97393e-03
5111	  1,0220000000e+04	  2,74810e-02	 -9,42441e-03
5112	  1,0222000000e+04	  2,95984e-02	 -7,07192e-03
5113	  1,0224000000e+04	  3,11565e-02	 -6,08796e-03
5114	  1,0226000000e+04	  3,06384e-02	 -7,15403e-03
5115	  1,0228000000e+04	  3,08911e-02	 -8,36656e-03
5116	  1,0230000000e+04	  2,96844e-02	 -7,94034e-03
5117	  1,0232000000e+04	  2,97829e-02	 -8,75218e-03
5118	  1,0234000000e+04	  2,79515e-02	 -5,99700e-03
5119	  1,0236000000e+04	  2,73961e-02	 -5,59964e-03
5120	  1,0238000000e+04	  2,75186e-02	 -4,99442e-03
5121	  1,0240000000e+04	  2,74691e-02	 -4,47470e-03
5122	  1,0242000000e+04	  2,95656e-02	 -5,17080e-03
5123	  1,0244000000e+04	  2,83540e-02	 -5,56506e-03
5124	  1,0246000000e+04	  2,90752e-02	 -8,08507e-03
5125	  1,0248000000e+04	  2,64395e-02	 -7,67615e-03
5126	  1,0250000000e+04	  2,81191e-02	 -5,55820e-03
5127	  1,0252000000e+04	  2,78257e-02	 -6,72497e-03
5128	  1,0254000000e+04	  2,69861e-02	 -6,12445e-03
5129	  1,0256000000e+04	  2,60339e-02	 -4,57088e-03
5130	  1,0258000000e+04	  2,71665e-02	 -5,44460e-03
5131	  1,0260000000e+04	  2,52771e-02	 -5,35630e-03
5132	  1,0262000000e+04	  2,57472e-02	 -1,33208e-03
5133	  1,0264000000e+04	  2,52425e-02	  7,62650e-04
5134	  1,0266000000e+04	  2,69745e-02	 -9,37386e-04
5135	  1,0268000000e+04	  2,96098e-02	 -2,90712e-03
5136	  1,0270000000e+04	  2,86915e-02	 -3,85076e-03
5137	  1,0272000000e+04	  2,98834e-02	 -2,21004e-03
5138	  1,0274000000e+04	  2,84122e-02	  1,54619e-03
5139	  1,0276000000e+04	  3,05420e-02	  3,73546e-03
5140	  1,0278000000e+04	  3,06338e-02	  3,68183e-03
5141	  1,0280000000e+04	  2,95489e-02	  5,19264e-03
5142	  1,0282000000e+04	  2,81911e-02	  4,11956e-03
5143	  1,0284000000e+04	  2,96795e-02	  4,90217e-03
5144	  1,0286000000e+04	  3,29938e-02	  4,07379e-03
5145	  1,0288000000e+04	  3,47117e-02	  4,05403e-03
5146	  1,0290000000e+04	  3,60834e-02	  3,86523e-03
5147	  1,0292000000e+04	  3,68109e-02	  6,24407e-03
5148	  1,0294000000e+04	  3,53386e-02	  4,76871e-03
5149	  1,0296000000e+04	  3,44992e-02	  5,84941e-03
5150	  1,0298000000e+04	  3,72804e-02	  4,03245e-03
5151	  1,0300000000e+04	  3,91819e-02	  3,47654e-03
5152	  1,0302000000e+04	  3,82154e-02	  1,95125e-03
5153	  1,0304000000e+04	  3,96000e-02	  2,90074e-03
5154	  1,0306000000e+04	  4,11661e-02	  3,25001e-03
5155	  1,0308000000e+04	  3,96401e-02	  2,22382e-03
5156	  1,0310000000e+04	  4,31970e-02	  4,09655e-03
5157	  1,0312000000e+04	  4,46503e-02	  1,95528e-03
5158	  1,0314000000e+04	  4,49574e-02	  2,96283e-03
5159	  1,0316000000e+04	  4,47912e-02	  4,68031e-03
5160	  1,0318000000e+04	  4,31342e-02	  4,23217e-03
5161	  1,0320000000e+04	  4,32410e-02	  2,84037e-03
5162	  1,0322000000e+04	  4,25061e-02	  2,25380e-03
5163	  1,0324000000e+04	  4,58437e-02	  1,15273e-03
5164	  1,0326000000e+04	  4,84865e-02	 -7,80824e-04
5165	  1,0328000000e+04	  4,76374e-02	 -9,01859e-04
5166	  1,0330000000e+04	  4,75063e-02	 -9,37938e-06
5167	  1,0332000000e+04	  4,75007e-02	 -2,36063e-04
5168	  1,0334000000e+04	  4,83494e-02	  3,09034e-04
5169	  1,0336000000e+04	  5,16433e-02	  8,90492e-05
5170	  1,0338000000e+04	  5,35291e-02	  3,96353e-04
5171	  1,0340000000e+04	  5,46635e-02	  8,95391e-04
5172	  1,0342000000e+04	  5,37385e-02	 -1,55254e-03
5173	  1,0344000000e+04	  5,45996e-02	 -2,23916e-03
5174	  1,0346000000e+04	  5,55736e-02	 -1,29765e-03
5175	  1,0348000000e+04	  5,71269e-02	  2,44535e-04
5176	  1,0350000000e+04	  5,49685e-02	 -7,28583e-04
5177	  1,0352000000e+04	  5,63652e-02	 -2,55890e-03
5178	  1,0354000000e+04	  6,23256e-02	 -1,88306e-03
5179	  1,0356000000e+04	  6,32517e-02	 -4,40036e-05
5180	  1,0358000000e+04	  6,50900e-02	 -2,04882e-04
5181	  1,0360000000e+04	  6,38154e-02	 -2,26581e-03
5182	  1,0362000000e+04	  6,62080e-02	 -5,76353e-03
5183	  1,0364000000e+04	  6,64832e-02	 -4,52445e-03
5184	  1,0366000000e+04	  6,75322e-02	 -6,29189e-03
5185	  1,0368000000e+04	  7,01532e-02	 -6,47463e-03
5186	  1,0370000000e+04	  6,91939e-02	 -3,66369e-03
5187	  1,0372000000e+04	  7,10523e-02	 -5,87742e-03
5188	  1,0374000000e+04	  7,50956e-02	 -4,92662e-03
5189	  1,0376000000e+04	  7,73621e-02	 -5,91459e-03
5190	  1,0378000000e+04	  7,81511e-02	 -6,56256e-03
5191	  1,0380000000e+04	  8,25578e-02	 -7,43051e-03
5192	  1,0382000000e+04	  8,18837e-02	 -9,71145e-03
5193	  1,0384000000e+04	  8,22139e-02	 -1,14055e-02
5194	  1,0386000000e+04	  8,40971e-02	 -1,23940e-02
5195	  1,0388000000e+04	  8,54259e-02	 -1,67447e-02
5196	  1,0390000000e+04	  8,87298e-02	 -1,97419e-02
5197	  1,0392000000e+04	  8,86903e-02	 -2,47114e-02
5198	  1,0394000000e+04	  8,80909e-02	 -2,63652e-02
5199	  1,0396000000e+04	  8,91239e-02	 -2,42732e-02
5200	  1,0398000000e+04	  9,17892e-02	 -2,75168e-02
5201	  1,0400000000e+04	  9,58266e-02	 -2,84676e-02
5202	  1,0402000000e+04	  9,58856e-02	 -3,01523e-02
5203	  1,0404000000e+04	  9,54265e-02	 -3,24888e-02
5204	  1,0406000000e+04	  9,71518e-02	 -3,56323e-02
5205	  1,0408000000e+04	  9,88837e-02	 -4,09864e-02
5206	  1,0410000000e+04	  9,74642e-02	 -4,44183e-02
5207	  1,0412000000e+04	  9,81820e-02	 -4,65563e-02
5208	  1,0414000000e+04	  1,00654e-01	 -5,11702e-02
5209	  1,0416000000e+04	  9,86297e-02	 -5,29820e-02
5210	  1,0418000000e+04	  9,96493e-02	 -5,67882e-02
5211	  1,0420000000e+04	  9,79562e-02	 -5,95808e-02
5212	  1,0422000000e+04	  9,77753e-02	 -5,96663e-02
5213	  1,0424000000e+04	  9,78911e-02	 -6,33553e-02
5214	  1,0426000000e+04	  9,59761e-02	 -6,58576e-02
5215	  1,0428000000e+04	  9,84064e-02	 -6,40974e-02
5216	  1,0430000000e+04	  9,83807e-02	 -6,63576e-02
5217	  1,0432000000e+04	  9,53169e-02	 -6,89239e-02
5218	  1,0434000000e+04	  9,65598e-02	 -7,18099e-02
5219	  1,0436000000e+04	  9,57580e-02	 -7,53711e-02
5220	  1,0438000000e+04	  9,47759e-02	 -7,62646e-02
5221	  1,0440000000e+04	  9,58758e-02	 -7,80369e-02
5222	  1,0442000000e+04	  9,40050e-02	 -8,15627e-02
5223	  1,0444000000e+04	  9,56805e-02	 -8,34757e-02
5224	  1,0446000000e+04	  9,49710e-02	 -8,74635e-02
5225	  1,0448000000e+04	  9,24049e-02	 -8,98283e-02
5226	  1,0450000000e+04	  9,15630e-02	 -9,29474e-02
5227	  1,0452000000e+04	  8,99295e-02	 -9,68611e-02
5228	  1,0454000000e+04	  9,03820e-02	 -9,89440e-02
5229	  1,0456000000e+04	  9,08002e-02	 -1,02004e-01
5230	  1,0458000000e+04	  9,07165e-02	 -1,03370e-01
5231	  1,0460000000e+04	  8,90921e-02	 -1,05680e-01
5232	  1,0462000000e+04	  8,95573e-02	 -1,11088e-01
5233	  1,0464000000e+04	  8,80674e-02	 -1,13616e-01
5234	  1,0466000000e+04	  8,84341e-02	 -1,13517e-01
5235	  1,0468000000e+04	  8,48351e-02	 -1,15012e-01
5236	  1,0470000000e+04	  8,18530e-02	 -1,19031e-01
5237	  1,0472000000e+04	  8,17987e-02	 -1,22296e-01
5238	  1,0474000000e+04	  7,88549e-02	 -1,24907e-01
5239	  1,0476000000e+04	  7,54474e-02	 -1,30738e-01
5240	  1,0478000000e+04	  7,38651e-02	 -1,30907e-01
5241	  1,0480000000e+04	  7,26317e-02	 -1,34793e-01
5242	  1,0482000000e+04	  6,93367e-02	 -1,37425e-01
5243	  1,0484000000e+04	  6,76567e-02	 -1,38704e-01
5244	  1,0486000000e+04	  6,84387e-02	 -1,38300e-01
5245	  1,0488000000e+04	  6,51651e-02	 -1,41271e-01
5246	  1,0490000000e+04	  6,11098e-02	 -1,43953e-01
5247	  1,0492000000e+04	  5,99642e-02	 -1,45750e-01
5248	  1,0494000000e+04	  5,89038e-02	 -1,47210e-01
5249	  1,0496000000e+04	  5,61956e-02	 -1,51853e-01
5250	  1,0498000000e+04	  5,53243e-02	 -1,55823e-01
5251	  1,0500000000e+04	  5,07952e-02	 -1,54795e-01
5252	  1,0502000000e+04	  4,57812e-02	 -1,56730e-01
5253	  1,0504000000e+04	  4,45298e-02	 -1,56319e-01
5254	  1,0506000000e+04	  4,38413e-02	 -1,58476e-01
5255	  1,0508000000e+04	  4,49457e-02	 -1,60276e-01
5256	  1,0510000000e+04	  4,25477e-02	 -1,60367e-01
5257	  1,0512000000e+04	  3,80438e-02	 -1,62360e-01
5258	  1,0514000000e+04	  3,55148e-02	 -1,67511e-01
5259	  1,0516000000e+04	  3,57957e-02	 -1,70599e-01
5260	  1,0518000000e+04	  3,28737e-02	 -1,70592e-01
5261	  1,0520000000e+04	  2,73718e-02	 -1,74413e-01
5262	  1,0522000000e+04	  2,59091e-02	 -1,76752e-01
5263	  1,0524000000e+04	  2,25145e-02	 -1,78243e-01
5264	  1,0526000000e+04	  1,50380e-02	 -1,78761e-01
5265	  1,0528000000e+04	  1,54449e-02	 -1,80606e-01
5266	  1,0530000000e+04	  1,60599e-02	 -1,85074e-01
5267	  1,0532000000e+04	  9,96080e-03	 -1,86585e-01
5268	  1,0534000000e+04	  5,92222e-03	 -1,87882e-01
5269	  1,0536000000e+04	  3,05591e-03	 -1,90244e-01
5270	  1,0538000000e+04	 -1,74665e-03	 -1,91629e-01
5271	  1,0540000000e+04	 -7,55832e-03	 -1,90458e-01
5272	  1,0542000000e+04	 -1,21952e-02	 -1,92769e-01
5273	  1,0544000000e+04	 -1,38838e-02	 -1,93206e-01
5274	  1,0546000000e+04	 -1,95971e-02	 -1,91950e-01
5275	  1,0548000000e+04	 -2,50033e-02	 -1,93569e-01
5276	  1,0550000000e+04	 -2,68253e-02	 -1,92719e-01
5277	  1,0552000000e+04	 -3,12612e-02	 -1,92800e-01
5278	  1,0554000000e+04	 -3,64009e-02	 -1,92164e-01
5279	  1,0556000000e+04	 -3,99331e-02	 -1,92796e-01
5280	  1,0558000000e+04	 -4,31167e-02	 -1,94474e-01
5281	  1,0560000000e+04	 -4,65622e-02	 -1,90734e-01
5282	  1,0562000000e+04	 -5,27540e-02	 -1,91908e-01
5283	  1,0564000000e+04	 -5,59355e-02	 -1,92315e-01
5284	  1,0566000000e+04	 -5,86385e-02	 -1,93309e-01
5285	  1,0568000000e+04	 -5,85602e-02	 -1,93395e-01
5286	  1,0570000000e+04	 -6,44019e-02	 -1,91307e-01
5287	  1,0572000000e+04	 -6,77899e-02	 -1,91516e-01
5288	  1,0574000000e+04	 -6,96404e-02	 -1,90394e-01
5289	  1,0576000000e+04	 -7,58234e-02	 -1,87827e-01
5290	  1,0578000000e+04	 -7,88456e-02	 -1,84914e-01
5291	  1,0580000000e+04	 -8,40998e-02	 -1,84631e-01
5292	  1,0582000000e+04	 -8,97205e-02	 -1,82882e-01
5293	  1,0584000000e+04	 -9,25245e-02	 -1,82419e-01
5294	  1,0586000000e+04	 -9,42363e-02	 -1,81023e-01
5295	  1,0588000000e+04	 -9,77443e-02	 -1,79849e-01
5296	  1,0590000000e+04	 -9,84879e-02	 -1,80263e-01
5297	  1,0592000000e+04	 -1,02879e-01	 -1,76635e-01
5298	  1,0594000000e+04	 -1,06510e-01	 -1,72751e-01
5299	  1,0596000000e+04	 -1,08441e-01	 -1,72942e-01
5300	  1,0598000000e+04	 -1,11519e-01	 -1,72103e-01
5301	  1,0600000000e+04	 -1,13261e-01	 -1,70574e-01
5302	  1,0602000000e+04	 -1,15733e-01	 -1,67853e-01
5303	  1,0604000000e+04	 -1,18274e-01	 -1,65727e-01
5304	  1,0606000000e+04	 -1,20307e-01	 -1,63805e-01
5305	  1,0608000000e+04	 -1,25831e-01	 -1,62393e-01
5306	  1,0610000000e+04	 -1,30222e-01	 -1,59707e-01
5307	  1,0612000000e+04	 -1,32350e-01	 -1,59558e-01
5308	  1,0614000000e+04	 -1,32430e-01	 -1,59600e-01
5309	  1,0616000000e+04	 -1,33519e-01	 -1,59140e-01
5310	  1,0618000000e+04	 -1,34385e-01	 -1,54408e-01
5311	  1,0620000000e+04	 -1,36050e-01	 -1,51568e-01
5312	  1,0622000000e+04	 -1,41278e-01	 -1,50505e-01
5313	  1,0624000000e+04	 -1,45673e-01	 -1,50104e-01
5314	  1,0626000000e+04	 -1,49240e-01	 -1,47998e-01
5315	  1,0628000000e+04	 -1,49937e-01	 -1,46287e-01
5316	  1,0630000000e+04	 -1,54032e-01	 -1,44052e-01
5317	  1,0632000000e+04	 -1,54949e-01	 -1,41540e-01
5318	  1,0634000000e+04	 -1,55760e-01	 -1,38697e-01
5319	  1,0636000000e+04	 -1,61529e-01	 -1,36340e-01
5320	  1,0638000000e+04	 -1,63832e-01	 -1,33470e-01
5321	  1,0640000000e+04	 -1,62596e-01	 -1,31731e-01
5322	  1,0642000000e+04	 -1,65308e-01	 -1,28236e-01
5323	  1,0644000000e+04	 -1,67354e-01	 -1,24348e-01
5324	  1,0646000000e+04	 -1,71924e-01	 -1,23672e-01
5325	  1,0648000000e+04	 -1,71418e-01	 -1,25501e-01
5326	  1,0650000000e+04	 -1,73186e-01	 -1,20585e-01
5327	  1,0652000000e+04	 -1,73711e-01	 -1,14896e-01
5328	  1,0654000000e+04	 -1,76592e-01	 -1,14849e-01
5329	  1,0656000000e+04	 -1,78181e-01	 -1,11685e-01
5330	  1,0658000000e+04	 -1,80387e-01	 -1,08994e-01
5331	  1,0660000000e+04	 -1,82951e-01	 -1,05027e-01
5332	  1,0662000000e+04	 -1,80919e-01	 -1,01210e-01
5333	  1,0664000000e+04	 -1,81256e-01	 -9,89332e-02
5334	  1,0666000000e+04	 -1,83170e-01	 -9,78147e-02
5335	  1,0668000000e+04	 -1,83104e-01	 -9,60950e-02
5336	  1,0670000000e+04	 -1,83256e-01	 -9,50523e-02
5337	  1,0672000000e+04	 -1,83918e-01	 -9,13410e-02
5338	  1,0674000000e+04	 -1,81549e-01	 -8,92256e-02
5339	  1,0676000000e+04	 -1,80966e-01	 -8,73364e-02
5340	  1,0678000000e+04	 -1,85083e-01	 -8,60222e-02
5341	  1,0680000000e+04	 -1,85950e-01	 -8,69767e-02
5342	  1,0682000000e+04	 -1,84061e-01	 -8,40641e-02
5343	  1,0684000000e+04	 -1,84337e-01	 -8,41434e-02
5344	  1,0686000000e+04	 -1,84534e-01	 -8,23713e-02
5345	  1,0688000000e+04	 -1,83670e-01	 -7,90349e-02
5346	  1,0690000000e+04	 -1,80333e-01	 -8,03207e-02
5347	  1,0692000000e+04	 -1,81352e-01	 -7,94306e-02
5348	  1,0694000000e+04	 -1,82082e-01	 -8,04282e-02
5349	  1,0696000000e+04	 -1,77179e-01	 -8,56217e-02
5350	  1,0698000000e+04	 -1,75324e-01	 -8,80413e-02
5351	  1,0700000000e+04	 -1,80811e-01	 -8,77531e-02
5352	  1,0702000000e+04	 -1,80621e-01	 -8,63203e-02
5353	  1,0704000000e+04	 -1,79009e-01	 -9,09302e-02
5354	  1,0706000000e+04	 -1,83894e-01	 -9,33472e-02
5355	  1,0708000000e+04	 -1,87660e-01	 -9,60177e-02
5356	  1,0710000000e+04	 -1,92423e-01	 -1,01177e-01
5357	  1,0712000000e+04	 -1,97185e-01	 -1,04067e-01
5358	  1,0714000000e+04	 -1,98024e-01	 -1,08681e-01
5359	  1,0716000000e+04	 -2,05064e-01	 -1,12685e-01
5360	  1,0718000000e+04	 -2,15412e-01	 -1,15006e-01
5361	  1,0720000000e+04	 -2,21579e-01	 -1,16003e-01
5362	  1,0722000000e+04	 -2,29357e-01	 -1,20298e-01
5363	  1,0724000000e+04	 -2,37850e-01	 -1,21050e-01
5364	  1,0726000000e+04	 -2,45121e-01	 -1,20701e-01
5365	  1,0728000000e+04	 -2,52116e-01	 -1,18440e-01
5366	  1,0730000000e+04	 -2,64324e-01	 -1,17520e-01
5367	  1,0732000000e+04	 -2,76314e-01	 -1,13652e-01
5368	  1,0734000000e+04	 -2,87710e-01	 -1,08293e-01
5369	  1,0736000000e+04	 -2,97128e-01	 -1,05090e-01
5370	  1,0738000000e+04	 -3,03750e-01	 -9,75729e-02
5371	  1,0740000000e+04	 -3,13852e-01	 -9,35875e-02
5372	  1,0742000000e+04	 -3,24489e-01	 -8,56836e-02
5373	  1,0744000000e+04	 -3,33682e-01	 -7,78970e-02
5374	  1,0746000000e+04	 -3,39192e-01	 -6,88104e-02
5375	  1,0748000000e+04	 -3,45463e-01	 -5,88220e-02
5376	  1,0750000000e+04	 -3,56218e-01	 -4,95148e-02
5377	  1,0752000000e+04	 -3,63838e-01	 -3,88412e-02
5378	  1,0754000000e+04	 -3,65998e-01	 -2,94086e-02
5379	  1,0756000000e+04	 -3,68311e-01	 -1,72381e-02
5380	  1,0758000000e+04	 -3,74096e-01	 -5,17039e-03
5381	  1,0760000000e+04	 -3,77094e-01	  4,71755e-03
5382	  1,0762000000e+04	 -3,79751e-01	  1,59684e-02
5383	  1,0764000000e+04	 -3,83038e-01	  2,77679e-02
5384	  1,0766000000e+04	 -3,85855e-01	  3,73863e-02
5385	  1,0768000000e+04	 -3,86236e-01	  4,64340e-02
5386	  1,0770000000e+04	 -3,84838e-01	  5,91103e-02
5387	  1,0772000000e+04	 -3,87196e-01	  7,09449e-02
5388	  1,0774000000e+04	 -3,84794e-01	  8,21273e-02
5389	  1,0776000000e+04	 -3,85818e-01	  9,29537e-02
5390	  1,0778000000e+04	 -3,84995e-01	  1,00108e-01
5391	  1,0780000000e+04	 -3,83685e-01	  1,13854e-01
5392	  1,0782000000e+04	 -3,82393e-01	  1,25324e-01
5393	  1,0784000000e+04	 -3,77500e-01	  1,36997e-01
5394	  1,0786000000e+04	 -3,74316e-01	  1,46219e-01
5395	  1,0788000000e+04	 -3,71804e-01	  1,54859e-01
5396	  1,0790000000e+04	 -3,69791e-01	  1,66628e-01
5397	  1,0792000000e+04	 -3,67983e-01	  1,74535e-01
5398	  1,0794000000e+04	 -3,62590e-01	  1,83242e-01
5399	  1,0796000000e+04	 -3,55526e-01	  1,93634e-01
5400	  1,0798000000e+04	 -3,49827e-01	  2,01484e-01
5401	  1,0800000000e+04	 -3,48370e-01	  2,11749e-01
5402	  1,0802000000e+04	 -3,42536e-01	  2,22712e-01
5403	  1,0804000000e+04	 -3,35850e-01	  2,30888e-01
5404	  1,0806000000e+04	 -3,29390e-01	  2,39463e-01
5405	  1,0808000000e+04	 -3,26474e-01	  2,46333e-01
5406	  1,0810000000e+04	 -3,21088e-01	  2,52309e-01
5407	  1,0812000000e+04	 -3,14071e-01	  2,59613e-01
5408	  1,0814000000e+04	 -3,07664e-01	  2,66715e-01
5409	  1,0816000000e+04	 -3,01064e-01	  2,73751e-01
5410	  1,0818000000e+04	 -2,94609e-01	  2,78120e-01
5411	  1,0820000000e+04	 -2,89135e-01	  2,83971e-01
5412	  1,0822000000e+04	 -2,83196e-01	  2,88457e-01
5413	  1,0824000000e+04	 -2,73962e-01	  2,91815e-01
5414	  1,0826000000e+04	 -2,69155e-01	  2,96721e-01
5415	  1,0828000000e+04	 -2,61417e-01	  3,03527e-01
5416	  1,0830000000e+04	 -2,53564e-01	  3,05423e-01
5417	  1,0832000000e+04	 -2,46479e-01	  3,12130e-01
5418	  1,0834000000e+04	 -2,38219e-01	  3,19193e-01
5419	  1,0836000000e+04	 -2,33690e-01	  3,21698e-01
5420	  1,0838000000e+04	 -2,27238e-01	  3,26788e-01
5421	  1,0840000000e+04	 -2,19895e-01	  3,32874e-01
5422	  1,0842000000e+04	 -2,11932e-01	  3,36951e-01
5423	  1,0844000000e+04	 -2,02386e-01	  3,38324e-01
5424	  1,0846000000e+04	 -1,96994e-01	  3,41611e-01
5425	  1,0848000000e+04	 -1,92741e-01	  3,43452e-01
5426	  1,0850000000e+04	 -1,86984e-01	  3,45976e-01
5427	  1,0852000000e+04	 -1,79585e-01	  3,46053e-01
5428	  1,0854000000e+04	 -1,72606e-01	  3,50475e-01
5429	  1,0856000000e+04	 -1,67149e-01	  3,51888e-01
5430	  1,0858000000e+04	 -1,57792e-01	  3,59365e-01
5431	  1,0860000000e+04	 -1,51254e-01	  3,63314e-01
5432	  1,0862000000e+04	 -1,46896e-01	  3,65893e-01
5433	  1,0864000000e+04	 -1,37418e-01	  3,66882e-01
5434	  1,0866000000e+04	 -1,30533e-01	  3,67279e-01
5435	  1,0868000000e+04	 -1,23615e-01	  3,70320e-01
5436	  1,0870000000e+04	 -1,13409e-01	  3,72472e-01
5437	  1,0872000000e+04	 -1,05061e-01	  3,71957e-01
5438	  1,0874000000e+04	 -9,87073e-02	  3,75299e-01
5439	  1,0876000000e+04	 -9,24566e-02	  3,78138e-01
5440	  1,0878000000e+04	 -8,57745e-02	  3,78006e-01
5441	  1,0880000000e+04	 -8,06097e-02	  3,75847e-01
5442	  1,0882000000e+04	 -7,41587e-02	  3,75880e-01
5443	  1,0884000000e+04	 -6,40424e-02	  3,78462e-01
5444	  1,0886000000e+04	 -5,85053e-02	  3,78344e-01
5445	  1,0888000000e+04	 -5,28497e-02	  3,76322e-01
5446	  1,0890000000e+04	 -4,48577e-02	  3,78492e-01
5447	  1,0892000000e+04	 -3,81188e-02	  3,81209e-01
5448	  1,0894000000e+04	 -3,07554e-02	  3,78571e-01
5449	  1,0896000000e+04	 -2,63344e-02	  3,77972e-01
5450	  1,0898000000e+04	 -1,86910e-02	  3,75869e-01
5451	  1,0900000000e+04	 -1,36941e-02	  3,74960e-01
5452	  1,0902000000e+04	 -7,67676e-03	  3,74052e-01
5453	  1,0904000000e+04	 -4,95344e-04	  3,75943e-01
5454	  1,0906000000e+04	  5,35153e-03	  3,73303e-01
5455	  1,0908000000e+04	  1,17255e-02	  3,73122e-01
5456	  1,0910000000e+04	  1,91167e-02	  3,73385e-01
5457	  1,0912000000e+04	  2,60463e-02	  3,75014e-01
5458	  1,0914000000e+04	  3,19296e-02	  3,75383e-01
5459	  1,0916000000e+04	  3,91099e-02	  3,73375e-01
5460	  1,0918000000e+04	  4,62743e-02	  3,72543e-01
5461	  1,0920000000e+04	  5,46702e-02	  3,67663e-01
5462	  1,0922000000e+04	  6,04405e-02	  3,65089e-01
5463	  1,0924000000e+04	  6,53049e-02	  3,64518e-01
5464	  1,0926000000e+04	  7,18033e-02	  3,63096e-01
5465	  1,0928000000e+04	  8,07328e-02	  3,59675e-01
5466	  1,0930000000e+04	  8,75823e-02	  3,57512e-01
5467	  1,0932000000e+04	  9,29591e-02	  3,53153e-01
5468	  1,0934000000e+04	  9,93235e-02	  3,53044e-01
5469	  1,0936000000e+04	  1,05474e-01	  3,51442e-01
5470	  1,0938000000e+04	  1,08579e-01	  3,48394e-01
5471	  1,0940000000e+04	  1,15356e-01	  3,43346e-01
5472	  1,0942000000e+04	  1,19074e-01	  3,42325e-01
5473	  1,0944000000e+04	  1,22618e-01	  3,40058e-01
5474	  1,0946000000e+04	  1,29688e-01	  3,35844e-01
5475	  1,0948000000e+04	  1,38634e-01	  3,30666e-01
5476	  1,0950000000e+04	  1,42832e-01	  3,31078e-01
5477	  1,0952000000e+04	  1,46162e-01	  3,26326e-01
5478	  1,0954000000e+04	  1,54680e-01	  3,21367e-01
5479	  1,0956000000e+04	  1,59718e-01	  3,20209e-01
5480	  1,0958000000e+04	  1,65853e-01	  3,16991e-01
5481	  1,0960000000e+04	  1,69630e-01	  3,08421e-01
5482	  1,0962000000e+04	  1,73541e-01	  3,02866e-01
5483	  1,0964000000e+04	  1,76514e-01	  3,02998e-01
5484	  1,0966000000e+04	  1,81206e-01	  2,99330e-01
5485	  1,0968000000e+04	  1,86931e-01	  2,93681e-01
5486	  1,0970000000e+04	  1,91244e-01	  2,88046e-01
5487	  1,0972000000e+04	  1,96156e-01	  2,83495e-01
5488	  1,0974000000e+04	  1,98282e-01	  2,81021e-01
5489	  1,0976000000e+04	  2,02992e-01	  2,75867e-01
5490	  1,0978000000e+04	  2,07897e-01	  2,68432e-01
5491	  1,0980000000e+04	  2,10059e-01	  2,64065e-01
5492	  1,0982000000e+04	  2,13393e-01	  2,55910e-01
5493	  1,0984000000e+04	  2,17339e-01	  2,51775e-01
5494	  1,0986000000e+04	  2,17395e-01	  2,48204e-01
5495	  1,0988000000e+04	  2,19993e-01	  2,44068e-01
5496	  1,0990000000e+04	  2,26068e-01	  2,41184e-01
5497	  1,0992000000e+04	  2,26926e-01	  2,37058e-01
5498	  1,0994000000e+04	  2,28608e-01	  2,30941e-01
5499	  1,0996000000e+04	  2,33045e-01	  2,26421e-01
5500	  1,0998000000e+04	  2,33304e-01	  2,24191e-01
5501	  1,1000000000e+04	  2,37575e-01	  2,19001e-01
5502	  1,1002000000e+04	  2,40130e-01	  2,14243e-01
5503	  1,1004000000e+04	  2,40686e-01	  2,11081e-01
5504	  1,1006000000e+04	  2,44163e-01	  2,05509e-01
5505	  1,1008000000e+04	  2,46117e-01	  1,99518e-01
5506	  1,1010000000e+04	  2,47134e-01	  1,95740e-01
5507	  1,1012000000e+04	  2,48032e-01	  1,89191e-01
5508	  1,1014000000e+04	  2,48078e-01	  1,84880e-01
5509	  1,1016000000e+04	  2,51391e-01	  1,81373e-01
5510	  1,1018000000e+04	  2,55638e-01	  1,77804e-01
5511	  1,1020000000e+04	  2,52384e-01	  1,72347e-01
5512	  1,1022000000e+04	  2,52369e-01	  1,67409e-01
5513	  1,1024000000e+04	  2,55164e-01	  1,64414e-01
5514	  1,1026000000e+04	  2,57102e-01	  1,60328e-01
5515	  1,1028000000e+04	  2,60025e-01	  1,53199e-01
5516	  1,1030000000e+04	  2,58506e-01	  1,48662e-01
5517	  1,1032000000e+04	  2,57267e-01	  1,45847e-01
5518	  1,1034000000e+04	  2,57443e-01	  1,43634e-01
5519	  1,1036000000e+04	  2,62135e-01	  1,40322e-01
5520	  1,1038000000e+04	  2,61126e-01	  1,35536e-01
5521	  1,1040000000e+04	  2,57527e-01	  1,33182e-01
5522	  1,1042000000e+04	  2,61739e-01	  1,28179e-01
5523	  1,1044000000e+04	  2,66696e-01	  1,23791e-01
5524	  1,1046000000e+04	  2,66942e-01	  1,19604e-01
5525	  1,1048000000e+04	  2,64741e-01	  1,14328e-01
5526	  1,1050000000e+04	  2,64492e-01	  1,09340e-01
5527	  1,1052000000e+04	  2,66668e-01	  1,04618e-01
5528	  1,1054000000e+04	  2,67086e-01	  1,00467e-01
5529	  1,1056000000e+04	  2,69188e-01	  9,66317e-02
5530	  1,1058000000e+04	  2,69485e-01	  9,00110e-02
5531	  1,1060000000e+04	  2,68259e-01	  8,45519e-02
5532	  1,1062000000e+04	  2,70243e-01	  8,23255e-02
5533	  1,1064000000e+04	  2,67835e-01	  8,05176e-02
5534	  1,1066000000e+04	  2,68388e-01	  7,59016e-02
5535	  1,1068000000e+04	  2,67443e-01	  7,06951e-02
5536	  1,1070000000e+04	  2,64379e-01	  6,52402e-02
5537	  1,1072000000e+04	  2,63429e-01	  6,21613e-02
5538	  1,1074000000e+04	  2,64586e-01	  5,71351e-02
5539	  1,1076000000e+04	  2,64298e-01	  5,16109e-02
5540	  1,1078000000e+04	  2,62884e-01	  4,68705e-02
5541	  1,1080000000e+04	  2,60613e-01	  4,32430e-02
5542	  1,1082000000e+04	  2,61193e-01	  3,63580e-02
5543	  1,1084000000e+04	  2,59008e-01	  3,00621e-02
5544	  1,1086000000e+04	  2,58403e-01	  2,88868e-02
5545	  1,1088000000e+04	  2,56799e-01	  2,54056e-02
5546	  1,1090000000e+04	  2,56743e-01	  2,09821e-02
5547	  1,1092000000e+04	  2,52502e-01	  1,56024e-02
5548	  1,1094000000e+04	  2,49503e-01	  1,15753e-02
5549	  1,1096000000e+04	  2,47249e-01	  1,22014e-02
5550	  1,1098000000e+04	  2,45068e-01	  8,52136e-03
5551	  1,1100000000e+04	  2,42333e-01	  3,92811e-03
5552	  1,1102000000e+04	  2,39218e-01	  4,63903e-04
5553	  1,1104000000e+04	  2,36718e-01	 -3,12937e-03
5554	  1,1106000000e+04	  2,34940e-01	 -7,04703e-03
5555	  1,1108000000e+04	  2,33956e-01	 -9,18765e-03
5556	  1,1110000000e+04	  2,34356e-01	 -1,20870e-02
5557	  1,1112000000e+04	  2,28660e-01	 -1,22864e-02
5558	  1,1114000000e+04	  2,21821e-01	 -1,21670e-02
5559	  1,1116000000e+04	  2,20306e-01	 -1,60412e-02
5560	  1,1118000000e+04	  2,19349e-01	 -1,79091e-02
5561	  1,1120000000e+04	  2,19083e-01	 -1,67767e-02
5562	  1,1122000000e+04	  2,16331e-01	 -1,76132e-02
5563	  1,1124000000e+04	  2,14396e-01	 -1,86410e-02
5564	  1,1126000000e+04	  2,10638e-01	 -2,03041e-02
5565	  1,1128000000e+04	  2,07962e-01	 -2,23197e-02
5566	  1,1130000000e+04	  2,07875e-01	 -2,21654e-02
5567	  1,1132000000e+04	  2,08746e-01	 -2,33120e-02
5568	  1,1134000000e+04	  2,03900e-01	 -2,54708e-02
5569	  1,1136000000e+04	  2,01855e-01	 -2,54512e-02
5570	  1,1138000000e+04	  1,99928e-01	 -2,73863e-02
5571	  1,1140000000e+04	  1,98658e-01	 -2,74998e-02
5572	  1,1142000000e+04	  1,95846e-01	 -2,61330e-02
5573	  1,1144000000e+04	  1,95325e-01	 -2,75987e-02
5574	  1,1146000000e+04	  1,95561e-01	 -2,58695e-02
5575	  1,1148000000e+04	  1,96544e-01	 -3,01640e-02
5576	  1,1150000000e+04	  1,93262e-01	 -3,12100e-02
5577	  1,1152000000e+04	  1,88958e-01	 -3,04122e-02
5578	  1,1154000000e+04	  1,88413e-01	 -3,10142e-02
5579	  1,1156000000e+04	  1,89393e-01	 -2,97997e-02
5580	  1,1158000000e+04	  1,90804e-01	 -3,05400e-02
5581	  1,1160000000e+04	  1,90125e-01	 -3,21420e-02
5582	  1,1162000000e+04	  1,87002e-01	 -3,35081e-02
5583	  1,1164000000e+04	  1,85669e-01	 -3,30686e-02
5584	  1,1166000000e+04	  1,85177e-01	 -3,39056e-02
5585	  1,1168000000e+04	  1,83949e-01	 -3,42193e-02
5586	  1,1170000000e+04	  1,85124e-01	 -3,16397e-02
5587	  1,1172000000e+04	  1,82618e-01	 -3,40136e-02
5588	  1,1174000000e+04	  1,81895e-01	 -3,20822e-02
5589	  1,1176000000e+04	  1,83425e-01	 -2,89062e-02
5590	  1,1178000000e+04	  1,81388e-01	 -3,33113e-02
5591	  1,1180000000e+04	  1,83933e-01	 -3,82378e-02
5592	  1,1182000000e+04	  1,86814e-01	 -3,69009e-02
5593	  1,1184000000e+04	  1,83788e-01	 -3,74108e-02
5594	  1,1186000000e+04	  1,83997e-01	 -3,58909e-02
5595	  1,1188000000e+04	  1,85203e-01	 -3,53745e-02
5596	  1,1190000000e+04	  1,84416e-01	 -3,68756e-02
5597	  1,1192000000e+04	  1,84423e-01	 -3,74711e-02
5598	  1,1194000000e+04	  1,83903e-01	 -3,74534e-02
5599	  1,1196000000e+04	  1,81550e-01	 -3,99759e-02
5600	  1,1198000000e+04	  1,84990e-01	 -4,09939e-02
5601	  1,1200000000e+04	  1,86804e-01	 -3,94276e-02
5602	  1,1202000000e+04	  1,88451e-01	 -4,20499e-02
5603	  1,1204000000e+04	  1,90385e-01	 -4,70322e-02
5604	  1,1206000000e+04	  1,88002e-01	 -4,77023e-02
5605	  1,1208000000e+04	  1,86588e-01	 -4,88912e-02
5606	  1,1210000000e+04	  1,88355e-01	 -5,24742e-02
5607	  1,1212000000e+04	  1,87800e-01	 -5,35314e-02
5608	  1,1214000000e+04	  1,85549e-01	 -5,52014e-02
5609	  1,1216000000e+04	  1,83130e-01	 -5,64535e-02
5610	  1,1218000000e+04	  1,83329e-01	 -5,99388e-02
5611	  1,1220000000e+04	  1,84566e-01	 -6,16952e-02
5612	  1,1222000000e+04	  1,85235e-01	 -6,16558e-02
5613	  1,1224000000e+04	  1,84100e-01	 -6,60039e-02
5614	  1,1226000000e+04	  1,83036e-01	 -6,75367e-02
5615	  1,1228000000e+04	  1,81999e-01	 -6,85957e-02
5616	  1,1230000000e+04	  1,83487e-01	 -6,89949e-02
5617	  1,1232000000e+04	  1,82243e-01	 -6,91429e-02
5618	  1,1234000000e+04	  1,84193e-01	 -7,13665e-02
5619	  1,1236000000e+04	  1,81201e-01	 -7,39105e-02
5620	  1,1238000000e+04	  1,80194e-01	 -7,34241e-02
5621	  1,1240000000e+04	  1,76113e-01	 -7,22808e-02
5622	  1,1242000000e+04	  1,74159e-01	 -7,26260e-02
5623	  1,1244000000e+04	  1,73592e-01	 -7,72441e-02
5624	  1,1246000000e+04	  1,74947e-01	 -8,13218e-02
5625	  1,1248000000e+04	  1,71824e-01	 -7,92049e-02
5626	  1,1250000000e+04	  1,72689e-01	 -7,63853e-02
5627	  1,1252000000e+04	  1,72071e-01	 -8,02888e-02
5628	  1,1254000000e+04	  1,74661e-01	 -8,33125e-02
5629	  1,1256000000e+04	  1,76091e-01	 -8,27261e-02
5630	  1,1258000000e+04	  1,73928e-01	 -8,10347e-02
5631	  1,1260000000e+04	  1,71954e-01	 -8,25268e-02
5632	  1,1262000000e+04	  1,74356e-01	 -8,48427e-02
5633	  1,1264000000e+04	  1,76156e-01	 -8,59120e-02
5634	  1,1266000000e+04	  1,76481e-01	 -8,41985e-02
5635	  1,1268000000e+04	  1,74516e-01	 -8,72806e-02
5636	  1,1270000000e+04	  1,74207e-01	 -8,71418e-02
5637	  1,1272000000e+04	  1,74970e-01	 -8,91870e-02
5638	  1,1274000000e+04	  1,76297e-01	 -9,19159e-02
5639	  1,1276000000e+04	  1,74489e-01	 -9,32256e-02
5640	  1,1278000000e+04	  1,74168e-01	 -9,29949e-02
5641	  1,1280000000e+04	  1,74778e-01	 -9,54639e-02
5642	  1,1282000000e+04	  1,75600e-01	 -1,00964e-01
5643	  1,1284000000e+04	  1,73476e-01	 -9,92248e-02
5644	  1,1286000000e+04	  1,73732e-01	 -1,03113e-01
5645	  1,1288000000e+04	  1,73148e-01	 -1,06705e-01
5646	  1,1290000000e+04	  1,70176e-01	 -1,06813e-01
5647	  1,1292000000e+04	  1,71363e-01	 -1,07130e-01
5648	  1,1294000000e+04	  1,70554e-01	 -1,09042e-01
5649	  1,1296000000e+04	  1,68340e-01	 -1,11171e-01
5650	  1,1298000000e+04	  1,68752e-01	 -1,11613e-01
5651	  1,1300000000e+04	  1,67959e-01	 -1,11914e-01
5652	  1,1302000000e+04	  1,67016e-01	 -1,14038e-01
5653	  1,1304000000e+04	  1,69473e-01	 -1,16810e-01
5654	  1,1306000000e+04	  1,68701e-01	 -1,17869e-01
5655	  1,1308000000e+04	  1,67500e-01	 -1,20135e-01
5656	  1,1310000000e+04	  1,69308e-01	 -1,20708e-01
5657	  1,1312000000e+04	  1,69877e-01	 -1,22325e-01
5658	  1,1314000000e+04	  1,70664e-01	 -1,23032e-01
5659	  1,1316000000e+04	  1,71299e-01	 -1,25413e-01
5660	  1,1318000000e+04	  1,69068e-01	 -1,28454e-01
5661	  1,1320000000e+04	  1,68506e-01	 -1,29947e-01
5662	  1,1322000000e+04	  1,69189e-01	 -1,32807e-01
5663	  1,1324000000e+04	  1,66302e-01	 -1,35336e-01
5664	  1,1326000000e+04	  1,67413e-01	 -1,38414e-01
5665	  1,1328000000e+04	  1,68526e-01	 -1,38293e-01
5666	  1,1330000000e+04	  1,67504e-01	 -1,40978e-01
5667	  1,1332000000e+04	  1,65855e-01	 -1,44442e-01
5668	  1,1334000000e+04	  1,63810e-01	 -1,45264e-01
5669	  1,1336000000e+04	  1,64753e-01	 -1,45493e-01
5670	  1,1338000000e+04	  1,66474e-01	 -1,47772e-01
5671	  1,1340000000e+04	  1,65573e-01	 -1,50459e-01
5672	  1,1342000000e+04	  1,61685e-01	 -1,53372e-01
5673	  1,1344000000e+04	  1,57836e-01	 -1,56453e-01
5674	  1,1346000000e+04	  1,59310e-01	 -1,58836e-01
5675	  1,1348000000e+04	  1,58697e-01	 -1,62996e-01
5676	  1,1350000000e+04	  1,57289e-01	 -1,61857e-01
5677	  1,1352000000e+04	  1,56415e-01	 -1,63401e-01
5678	  1,1354000000e+04	  1,55696e-01	 -1,65985e-01
5679	  1,1356000000e+04	  1,54620e-01	 -1,68453e-01
5680	  1,1358000000e+04	  1,54434e-01	 -1,73224e-01
5681	  1,1360000000e+04	  1,53276e-01	 -1,73988e-01
5682	  1,1362000000e+04	  1,49468e-01	 -1,74852e-01
5683	  1,1364000000e+04	  1,49539e-01	 -1,79431e-01
5684	  1,1366000000e+04	  1,48548e-01	 -1,78297e-01
5685	  1,1368000000e+04	  1,44029e-01	 -1,77709e-01
5686	  1,1370000000e+04	  1,44858e-01	 -1,81399e-01
5687	  1,1372000000e+04	  1,43666e-01	 -1,84940e-01
5688	  1,1374000000e+04	  1,43988e-01	 -1,84587e-01
5689	  1,1376000000e+04	  1,42798e-01	 -1,87325e-01
5690	  1,1378000000e+04	  1,39375e-01	 -1,89490e-01
5691	  1,1380000000e+04	  1,39371e-01	 -1,91117e-01
5692	  1,1382000000e+04	  1,37672e-01	 -1,91628e-01
5693	  1,1384000000e+04	  1,32814e-01	 -1,92920e-01
5694	  1,1386000000e+04	  1,32761e-01	 -1,94469e-01
5695	  1,1388000000e+04	  1,32626e-01	 -1,98905e-01
5696	  1,1390000000e+04	  1,31933e-01	 -1,99606e-01
5697	  1,1392000000e+04	  1,30116e-01	 -2,00996e-01
5698	  1,1394000000e+04	  1,29114e-01	 -2,01326e-01
5699	  1,1396000000e+04	  1,26854e-01	 -2,06625e-01
5700	  1,1398000000e+04	  1,26512e-01	 -2,10040e-01
5701	  1,1400000000e+04	  1,24689e-01	 -2,10593e-01
5702	  1,1402000000e+04	  1,23284e-01	 -2,08085e-01
5703	  1,1404000000e+04	  1,20867e-01	 -2,11395e-01
5704	  1,1406000000e+04	  1,20836e-01	 -2,15260e-01
5705	  1,1408000000e+04	  1,22100e-01	 -2,14940e-01
5706	  1,1410000000e+04	  1,20133e-01	 -2,15064e-01
5707	  1,1412000000e+04	  1,19515e-01	 -2,20268e-01
5708	  1,1414000000e+04	  1,18757e-01	 -2,22162e-01
5709	  1,1416000000e+04	  1,17016e-01	 -2,21718e-01
5710	  1,1418000000e+04	  1,13799e-01	 -2,19942e-01
5711	  1,1420000000e+04	  1,12262e-01	 -2,23997e-01
5712	  1,1422000000e+04	  1,12864e-01	 -2,28713e-01
5713	  1,1424000000e+04	  1,12656e-01	 -2,31401e-01
5714	  1,1426000000e+04	  1,12637e-01	 -2,32776e-01
5715	  1,1428000000e+04	  1,09258e-01	 -2,35189e-01
5716	  1,1430000000e+04	  1,05128e-01	 -2,36942e-01
5717	  1,1432000000e+04	  1,01456e-01	 -2,43174e-01
5718	  1,1434000000e+04	  1,01866e-01	 -2,48764e-01
5719	  1,1436000000e+04	  1,03047e-01	 -2,49391e-01
5720	  1,1438000000e+04	  1,02023e-01	 -2,51651e-01
5721	  1,1440000000e+04	  9,88331e-02	 -2,55450e-01
5722	  1,1442000000e+04	  9,47587e-02	 -2,56312e-01
5723	  1,1444000000e+04	  8,85808e-02	 -2,58450e-01
5724	  1,1446000000e+04	  8,88463e-02	 -2,62342e-01
5725	  1,1448000000e+04	  8,54413e-02	 -2,66589e-01
5726	  1,1450000000e+04	  8,50759e-02	 -2,69201e-01
5727	  1,1452000000e+04	  8,14885e-02	 -2,70530e-01
5728	  1,1454000000e+04	  7,59815e-02	 -2,72150e-01
5729	  1,1456000000e+04	  7,24268e-02	 -2,74853e-01
5730	  1,1458000000e+04	  6,93090e-02	 -2,79161e-01
5731	  1,1460000000e+04	  6,56096e-02	 -2,82485e-01
5732	  1,1462000000e+04	  6,11654e-02	 -2,84416e-01
5733	  1,1464000000e+04	  5,86552e-02	 -2,87057e-01
5734	  1,1466000000e+04	  5,42262e-02	 -2,89482e-01
5735	  1,1468000000e+04	  5,23888e-02	 -2,87578e-01
5736	  1,1470000000e+04	  4,87205e-02	 -2,89385e-01
5737	  1,1472000000e+04	  4,46395e-02	 -2,91061e-01
5738	  1,1474000000e+04	  4,32370e-02	 -2,94035e-01
5739	  1,1476000000e+04	  3,90083e-02	 -2,96703e-01
5740	  1,1478000000e+04	  3,31083e-02	 -2,95709e-01
5741	  1,1480000000e+04	  2,64103e-02	 -2,97736e-01
5742	  1,1482000000e+04	  2,28296e-02	 -2,97361e-01
5743	  1,1484000000e+04	  2,14929e-02	 -2,96092e-01
5744	  1,1486000000e+04	  1,75142e-02	 -2,96871e-01
5745	  1,1488000000e+04	  1,48009e-02	 -2,96897e-01
5746	  1,1490000000e+04	  1,17839e-02	 -3,00723e-01
5747	  1,1492000000e+04	  6,49769e-03	 -3,02101e-01
5748	  1,1494000000e+04	  2,94883e-03	 -3,04620e-01
5749	  1,1496000000e+04	  9,42907e-04	 -3,03297e-01
5750	  1,1498000000e+04	 -3,27240e-03	 -3,01388e-01
5751	  1,1500000000e+04	 -6,01110e-03	 -3,02389e-01
5752	  1,1502000000e+04	 -6,84642e-03	 -3,06580e-01
5753	  1,1504000000e+04	 -9,61348e-03	 -3,08043e-01
5754	  1,1506000000e+04	 -1,40882e-02	 -3,05087e-01
5755	  1,1508000000e+04	 -1,60162e-02	 -3,06532e-01
5756	  1,1510000000e+04	 -1,85983e-02	 -3,07389e-01
5757	  1,1512000000e+04	 -2,18545e-02	 -3,08985e-01
5758	  1,1514000000e+04	 -2,70946e-02	 -3,09709e-01
5759	  1,1516000000e+04	 -3,24620e-02	 -3,12489e-01
5760	  1,1518000000e+04	 -3,52764e-02	 -3,14866e-01
5761	  1,1520000000e+04	 -3,64480e-02	 -3,14924e-01
5762	  1,1522000000e+04	 -3,91632e-02	 -3,17784e-01
5763	  1,1524000000e+04	 -4,39681e-02	 -3,21804e-01
5764	  1,1526000000e+04	 -5,00863e-02	 -3,22543e-01
5765	  1,1528000000e+04	 -5,48575e-02	 -3,21385e-01
5766	  1,1530000000e+04	 -5,60149e-02	 -3,19970e-01
5767	  1,1532000000e+04	 -6,19556e-02	 -3,24004e-01
5768	  1,1534000000e+04	 -6,54325e-02	 -3,25068e-01
5769	  1,1536000000e+04	 -6,90692e-02	 -3,23573e-01
5770	  1,1538000000e+04	 -7,53071e-02	 -3,23147e-01
5771	  1,1540000000e+04	 -8,11340e-02	 -3,26616e-01
5772	  1,1542000000e+04	 -8,56982e-02	 -3,26127e-01
5773	  1,1544000000e+04	 -8,97473e-02	 -3,25452e-01
5774	  1,1546000000e+04	 -9,62467e-02	 -3,25315e-01
5775	  1,1548000000e+04	 -1,02913e-01	 -3,25540e-01
5776	  1,1550000000e+04	 -1,08022e-01	 -3,25398e-01
5777	  1,1552000000e+04	 -1,12488e-01	 -3,26496e-01
5778	  1,1554000000e+04	 -1,17573e-01	 -3,25005e-01
5779	  1,1556000000e+04	 -1,22186e-01	 -3,24459e-01
5780	  1,1558000000e+04	 -1,24884e-01	 -3,22842e-01
5781	  1,1560000000e+04	 -1,30007e-01	 -3,21313e-01
5782	  1,1562000000e+04	 -1,35650e-01	 -3,23947e-01
5783	  1,1564000000e+04	 -1,39170e-01	 -3,23783e-01
5784	  1,1566000000e+04	 -1,41542e-01	 -3,20405e-01
5785	  1,1568000000e+04	 -1,47418e-01	 -3,18801e-01
5786	  1,1570000000e+04	 -1,51195e-01	 -3,19723e-01
5787	  1,1572000000e+04	 -1,56992e-01	 -3,17786e-01
5788	  1,1574000000e+04	 -1,63806e-01	 -3,15838e-01
5789	  1,1576000000e+04	 -1,66918e-01	 -3,13551e-01
5790	  1,1578000000e+04	 -1,70876e-01	 -3,13433e-01
5791	  1,1580000000e+04	 -1,77384e-01	 -3,10877e-01
5792	  1,1582000000e+04	 -1,79186e-01	 -3,10874e-01
5793	  1,1584000000e+04	 -1,84891e-01	 -3,11617e-01
5794	  1,1586000000e+04	 -1,91999e-01	 -3,11344e-01
5795	  1,1588000000e+04	 -1,99000e-01	 -3,08242e-01
5796	  1,1590000000e+04	 -2,05153e-01	 -3,06522e-01
5797	  1,1592000000e+04	 -2,11108e-01	 -3,05516e-01
5798	  1,1594000000e+04	 -2,13586e-01	 -3,04565e-01
5799	  1,1596000000e+04	 -2,18800e-01	 -3,03317e-01
5800	  1,1598000000e+04	 -2,24203e-01	 -3,01673e-01
5801	  1,1600000000e+04	 -2,30991e-01	 -2,98680e-01
5802	  1,1602000000e+04	 -2,34784e-01	 -2,94857e-01
5803	  1,1604000000e+04	 -2,39058e-01	 -2,91901e-01
5804	  1,1606000000e+04	 -2,42975e-01	 -2,87333e-01
5805	  1,1608000000e+04	 -2,49218e-01	 -2,82536e-01
5806	  1,1610000000e+04	 -2,54890e-01	 -2,80789e-01
5807	  1,1612000000e+04	 -2,57948e-01	 -2,82366e-01
5808	  1,1614000000e+04	 -2,63499e-01	 -2,79179e-01
5809	  1,1616000000e+04	 -2,66926e-01	 -2,74600e-01
5810	  1,1618000000e+04	 -2,70345e-01	 -2,70449e-01
5811	  1,1620000000e+04	 -2,76189e-01	 -2,67349e-01
5812	  1,1622000000e+04	 -2,81106e-01	 -2,61873e-01
5813	  1,1624000000e+04	 -2,82603e-01	 -2,57659e-01
5814	  1,1626000000e+04	 -2,88047e-01	 -2,54589e-01
5815	  1,1628000000e+04	 -2,92700e-01	 -2,50732e-01
5816	  1,1630000000e+04	 -2,95051e-01	 -2,44999e-01
5817	  1,1632000000e+04	 -2,97649e-01	 -2,40699e-01
5818	  1,1634000000e+04	 -3,01960e-01	 -2,38831e-01
5819	  1,1636000000e+04	 -3,04751e-01	 -2,33899e-01
5820	  1,1638000000e+04	 -3,07717e-01	 -2,28438e-01
5821	  1,1640000000e+04	 -3,10761e-01	 -2,26821e-01
5822	  1,1642000000e+04	 -3,12712e-01	 -2,22931e-01
5823	  1,1644000000e+04	 -3,15963e-01	 -2,18643e-01
5824	  1,1646000000e+04	 -3,19998e-01	 -2,15223e-01
5825	  1,1648000000e+04	 -3,23586e-01	 -2,13911e-01
5826	  1,1650000000e+04	 -3,26192e-01	 -2,12529e-01
5827	  1,1652000000e+04	 -3,32095e-01	 -2,09008e-01
5828	  1,1654000000e+04	 -3,34883e-01	 -2,04271e-01
5829	  1,1656000000e+04	 -3,37472e-01	 -1,99580e-01
5830	  1,1658000000e+04	 -3,41249e-01	 -1,95028e-01
5831	  1,1660000000e+04	 -3,44333e-01	 -1,93199e-01
5832	  1,1662000000e+04	 -3,45831e-01	 -1,90507e-01
5833	  1,1664000000e+04	 -3,51782e-01	 -1,84472e-01
5834	  1,1666000000e+04	 -3,55651e-01	 -1,80356e-01
5835	  1,1668000000e+04	 -3,59898e-01	 -1,75950e-01
5836	  1,1670000000e+04	 -3,62093e-01	 -1,69275e-01
5837	  1,1672000000e+04	 -3,66504e-01	 -1,67677e-01
5838	  1,1674000000e+04	 -3,70442e-01	 -1,65263e-01
5839	  1,1676000000e+04	 -3,73580e-01	 -1,59981e-01
5840	  1,1678000000e+04	 -3,75728e-01	 -1,54436e-01
5841	  1,1680000000e+04	 -3,77928e-01	 -1,49028e-01
5842	  1,1682000000e+04	 -3,82302e-01	 -1,45945e-01
5843	  1,1684000000e+04	 -3,84059e-01	 -1,40767e-01
5844	  1,1686000000e+04	 -3,87855e-01	 -1,31527e-01
5845	  1,1688000000e+04	 -3,90525e-01	 -1,28066e-01
5846	  1,1690000000e+04	 -3,93437e-01	 -1,22624e-01
5847	  1,1692000000e+04	 -3,96957e-01	 -1,16749e-01
5848	  1,1694000000e+04	 -4,02516e-01	 -1,09721e-01
5849	  1,1696000000e+04	 -4,03425e-01	 -1,02412e-01
5850	  1,1698000000e+04	 -4,04198e-01	 -9,69277e-02
5851	  1,1700000000e+04	 -4,04822e-01	 -9,09067e-02
5852	  1,1702000000e+04	 -4,04743e-01	 -8,34539e-02
5853	  1,1704000000e+04	 -4,07542e-01	 -7,89537e-02
5854	  1,1706000000e+04	 -4,11947e-01	 -7,45395e-02
5855	  1,1708000000e+04	 -4,11099e-01	 -7,05112e-02
5856	  1,1710000000e+04	 -4,13026e-01	 -6,42446e-02
5857	  1,1712000000e+04	 -4,15084e-01	 -5,63452e-02
5858	  1,1714000000e+04	 -4,13992e-01	 -4,79188e-02
5859	  1,1716000000e+04	 -4,13098e-01	 -4,22608e-02
5860	  1,1718000000e+04	 -4,14924e-01	 -3,76719e-02
5861	  1,1720000000e+04	 -4,16795e-01	 -3,48681e-02
5862	  1,1722000000e+04	 -4,15543e-01	 -2,89003e-02
5863	  1,1724000000e+04	 -4,12704e-01	 -2,23796e-02
5864	  1,1726000000e+04	 -4,11213e-01	 -1,59667e-02
5865	  1,1728000000e+04	 -4,13920e-01	 -1,20923e-02
5866	  1,1730000000e+04	 -4,16442e-01	 -5,61400e-03
5867	  1,1732000000e+04	 -4,19066e-01	  3,44214e-03
5868	  1,1734000000e+04	 -4,18524e-01	  7,27247e-03
5869	  1,1736000000e+04	 -4,17289e-01	  1,01324e-02
5870	  1,1738000000e+04	 -4,16634e-01	  1,32465e-02
5871	  1,1740000000e+04	 -4,14909e-01	  1,71830e-02
5872	  1,1742000000e+04	 -4,17611e-01	  2,27792e-02
5873	  1,1744000000e+04	 -4,20341e-01	  2,59855e-02
5874	  1,1746000000e+04	 -4,21081e-01	  3,28853e-02
5875	  1,1748000000e+04	 -4,19953e-01	  4,03648e-02
5876	  1,1750000000e+04	 -4,20474e-01	  4,60327e-02
5877	  1,1752000000e+04	 -4,23198e-01	  5,32411e-02
5878	  1,1754000000e+04	 -4,23066e-01	  5,66223e-02
5879	  1,1756000000e+04	 -4,20689e-01	  6,51815e-02
5880	  1,1758000000e+04	 -4,19954e-01	  7,42952e-02
5881	  1,1760000000e+04	 -4,21041e-01	  8,25931e-02
5882	  1,1762000000e+04	 -4,20395e-01	  8,77168e-02
5883	  1,1764000000e+04	 -4,19189e-01	  9,12399e-02
5884	  1,1766000000e+04	 -4,16041e-01	  9,42064e-02
5885	  1,1768000000e+04	 -4,16008e-01	  1,04297e-01
5886	  1,1770000000e+04	 -4,16748e-01	  1,12082e-01
5887	  1,1772000000e+04	 -4,15177e-01	  1,15760e-01
5888	  1,1774000000e+04	 -4,14231e-01	  1,19865e-01
5889	  1,1776000000e+04	 -4,10457e-01	  1,25974e-01
5890	  1,1778000000e+04	 -4,08362e-01	  1,32345e-01
5891	  1,1780000000e+04	 -4,06183e-01	  1,39015e-01
5892	  1,1782000000e+04	 -4,05685e-01	  1,44209e-01
5893	  1,1784000000e+04	 -4,03063e-01	  1,46902e-01
5894	  1,1786000000e+04	 -3,98812e-01	  1,51503e-01
5895	  1,1788000000e+04	 -3,99372e-01	  1,54889e-01
5896	  1,1790000000e+04	 -3,98118e-01	  1,59576e-01
5897	  1,1792000000e+04	 -3,95904e-01	  1,63589e-01
5898	  1,1794000000e+04	 -3,93377e-01	  1,66353e-01
5899	  1,1796000000e+04	 -3,90947e-01	  1,69677e-01
5900	  1,1798000000e+04	 -3,89372e-01	  1,75868e-01
5901	  1,1800000000e+04	 -3,87312e-01	  1,83377e-01
5902	  1,1802000000e+04	 -3,86766e-01	  1,90646e-01
5903	  1,1804000000e+04	 -3,86837e-01	  1,97784e-01
5904	  1,1806000000e+04	 -3,84627e-01	  2,00913e-01
5905	  1,1808000000e+04	 -3,85493e-01	  2,05131e-01
5906	  1,1810000000e+04	 -3,84989e-01	  2,10030e-01
5907	  1,1812000000e+04	 -3,81769e-01	  2,15178e-01
5908	  1,1814000000e+04	 -3,81647e-01	  2,21073e-01
5909	  1,1816000000e+04	 -3,79905e-01	  2,25981e-01
5910	  1,1818000000e+04	 -3,76221e-01	  2,30818e-01
5911	  1,1820000000e+04	 -3,72979e-01	  2,37173e-01
5912	  1,1822000000e+04	 -3,70471e-01	  2,42245e-01
5913	  1,1824000000e+04	 -3,71584e-01	  2,49166e-01
5914	  1,1826000000e+04	 -3,70018e-01	  2,57966e-01
5915	  1,1828000000e+04	 -3,67268e-01	  2,65303e-01
5916	  1,1830000000e+04	 -3,64737e-01	  2,71313e-01
5917	  1,1832000000e+04	 -3,58860e-01	  2,75499e-01
5918	  1,1834000000e+04	 -3,55484e-01	  2,82936e-01
5919	  1,1836000000e+04	 -3,51892e-01	  2,87815e-01
5920	  1,1838000000e+04	 -3,48472e-01	  2,95401e-01
5921	  1,1840000000e+04	 -3,44849e-01	  3,02855e-01
5922	  1,1842000000e+04	 -3,39760e-01	  3,09398e-01
5923	  1,1844000000e+04	 -3,36756e-01	  3,17236e-01
5924	  1,1846000000e+04	 -3,31678e-01	  3,18012e-01
5925	  1,1848000000e+04	 -3,25184e-01	  3,22748e-01
5926	  1,1850000000e+04	 -3,19115e-01	  3,31957e-01
5927	  1,1852000000e+04	 -3,11718e-01	  3,36147e-01
5928	  1,1854000000e+04	 -3,06017e-01	  3,40184e-01
5929	  1,1856000000e+04	 -3,02247e-01	  3,43808e-01
5930	  1,1858000000e+04	 -2,98546e-01	  3,45277e-01
5931	  1,1860000000e+04	 -2,91935e-01	  3,49670e-01
5932	  1,1862000000e+04	 -2,85508e-01	  3,54427e-01
5933	  1,1864000000e+04	 -2,82423e-01	  3,58187e-01
5934	  1,1866000000e+04	 -2,77427e-01	  3,59903e-01
5935	  1,1868000000e+04	 -2,70906e-01	  3,62224e-01
5936	  1,1870000000e+04	 -2,65658e-01	  3,68665e-01
5937	  1,1872000000e+04	 -2,62728e-01	  3,75635e-01
5938	  1,1874000000e+04	 -2,59568e-01	  3,79387e-01
5939	  1,1876000000e+04	 -2,52170e-01	  3,82859e-01
5940	  1,1878000000e+04	 -2,46647e-01	  3,82716e-01
5941	  1,1880000000e+04	 -2,38979e-01	  3,86288e-01
5942	  1,1882000000e+04	 -2,35433e-01	  3,90285e-01
5943	  1,1884000000e+04	 -2,31495e-01	  3,90489e-01
5944	  1,1886000000e+04	 -2,24304e-01	  3,96286e-01
5945	  1,1888000000e+04	 -2,18430e-01	  4,02729e-01
5946	  1,1890000000e+04	 -2,13604e-01	  4,04824e-01
5947	  1,1892000000e+04	 -2,08586e-01	  4,06693e-01
5948	  1,1894000000e+04	 -2,01719e-01	  4,10767e-01
5949	  1,1896000000e+04	 -1,96349e-01	  4,12907e-01
5950	  1,1898000000e+04	 -1,92239e-01	  4,15052e-01
5951	  1,1900000000e+04	 -1,84046e-01	  4,17837e-01
5952	  1,1902000000e+04	 -1,78517e-01	  4,21336e-01
5953	  1,1904000000e+04	 -1,73278e-01	  4,24483e-01
5954	  1,1906000000e+04	 -1,66105e-01	  4,30933e-01
5955	  1,1908000000e+04	 -1,58790e-01	  4,32972e-01
5956	  1,1910000000e+04	 -1,52056e-01	  4,32955e-01
5957	  1,1912000000e+04	 -1,45152e-01	  4,34863e-01
5958	  1,1914000000e+04	 -1,38440e-01	  4,36056e-01
5959	  1,1916000000e+04	 -1,31133e-01	  4,40070e-01
5960	  1,1918000000e+04	 -1,25114e-01	  4,39536e-01
5961	  1,1920000000e+04	 -1,20250e-01	  4,41519e-01
5962	  1,1922000000e+04	 -1,14155e-01	  4,42811e-01
5963	  1,1924000000e+04	 -1,08632e-01	  4,42797e-01
5964	  1,1926000000e+04	 -9,93128e-02	  4,44903e-01
5965	  1,1928000000e+04	 -9,24134e-02	  4,47337e-01
5966	  1,1930000000e+04	 -8,56771e-02	  4,49801e-01
5967	  1,1932000000e+04	 -8,00363e-02	  4,51673e-01
5968	  1,1934000000e+04	 -7,23941e-02	  4,53090e-01
5969	  1,1936000000e+04	 -6,59413e-02	  4,53131e-01
5970	  1,1938000000e+04	 -5,77010e-02	  4,52695e-01
5971	  1,1940000000e+04	 -5,41421e-02	  4,51444e-01
5972	  1,1942000000e+04	 -4,71639e-02	  4,50959e-01
5973	  1,1944000000e+04	 -4,06616e-02	  4,50747e-01
5974	  1,1946000000e+04	 -3,12692e-02	  4,50428e-01
5975	  1,1948000000e+04	 -2,63651e-02	  4,52197e-01
5976	  1,1950000000e+04	 -2,13123e-02	  4,52551e-01
5977	  1,1952000000e+04	 -1,63967e-02	  4,50464e-01
5978	  1,1954000000e+04	 -9,28233e-03	  4,50803e-01
5979	  1,1956000000e+04	 -2,59401e-03	  4,53098e-01
5980	  1,1958000000e+04	  3,71163e-03	  4,53588e-01
5981	  1,1960000000e+04	  1,06578e-02	  4,51211e-01
5982	  1,1962000000e+04	  1,66195e-02	  4,50932e-01
5983	  1,1964000000e+04	  2,13075e-02	  4,52558e-01
5984	  1,1966000000e+04	  2,74498e-02	  4,51148e-01
5985	  1,1968000000e+04	  3,53337e-02	  4,48942e-01
5986	  1,1970000000e+04	  4,08174e-02	  4,47934e-01
5987	  1,1972000000e+04	  4,97971e-02	  4,47334e-01
5988	  1,1974000000e+04	  5,41005e-02	  4,48608e-01
5989	  1,1976000000e+04	  6,12137e-02	  4,48293e-01
5990	  1,1978000000e+04	  6,82954e-02	  4,47567e-01
5991	  1,1980000000e+04	  7,56864e-02	  4,45953e-01
5992	  1,1982000000e+04	  8,16192e-02	  4,40343e-01
5993	  1,1984000000e+04	  8,77236e-02	  4,39865e-01
5994	  1,1986000000e+04	  9,40097e-02	  4,38356e-01
5995	  1,1988000000e+04	  1,01250e-01	  4,35391e-01
5996	  1,1990000000e+04	  1,08503e-01	  4,32865e-01
5997	  1,1992000000e+04	  1,12864e-01	  4,32329e-01
5998	  1,1994000000e+04	  1,22241e-01	  4,28508e-01
5999	  1,1996000000e+04	  1,30317e-01	  4,22927e-01
6000	  1,1998000000e+04	  1,38229e-01	  4,19624e-01
6001	  1,2000000000e+04	  1,42186e-01	  4,18275e-01
6002	  1,2002000000e+04	  1,47558e-01	  4,15340e-01
6003	  1,2004000000e+04	  1,50764e-01	  4,11172e-01
6004	  1,2006000000e+04	  1,55985e-01	  4,08081e-01
6005	  1,2008000000e+04	  1,62997e-01	  4,04245e-01
6006	  1,2010000000e+04	  1,66492e-01	  4,01852e-01
6007	  1,2012000000e+04	  1,71300e-01	  3,96862e-01
6008	  1,2014000000e+04	  1,76468e-01	  3,93579e-01
6009	  1,2016000000e+04	  1,82818e-01	  3,88489e-01
6010	  1,2018000000e+04	  1,85855e-01	  3,83711e-01
6011	  1,2020000000e+04	  1,90397e-01	  3,79942e-01
6012	  1,2022000000e+04	  1,95767e-01	  3,77783e-01
6013	  1,2024000000e+04	  1,97462e-01	  3,75445e-01
6014	  1,2026000000e+04	  2,02309e-01	  3,69896e-01
6015	  1,2028000000e+04	  2,06125e-01	  3,66108e-01
6016	  1,2030000000e+04	  2,10682e-01	  3,62216e-01
6017	  1,2032000000e+04	  2,17251e-01	  3,58451e-01
6018	  1,2034000000e+04	  2,20344e-01	  3,57154e-01
6019	  1,2036000000e+04	  2,23035e-01	  3,52789e-01
6020	  1,2038000000e+04	  2,29169e-01	  3,46313e-01
6021	  1,2040000000e+04	  2,34520e-01	  3,42721e-01
6022	  1,2042000000e+04	  2,36899e-01	  3,41824e-01
6023	  1,2044000000e+04	  2,42127e-01	  3,38412e-01
6024	  1,2046000000e+04	  2,43524e-01	  3,35709e-01
6025	  1,2048000000e+04	  2,47019e-01	  3,33428e-01
6026	  1,2050000000e+04	  2,49388e-01	  3,27482e-01
6027	  1,2052000000e+04	  2,51902e-01	  3,22346e-01
6028	  1,2054000000e+04	  2,56767e-01	  3,20985e-01
6029	  1,2056000000e+04	  2,60690e-01	  3,17738e-01
6030	  1,2058000000e+04	  2,63357e-01	  3,11454e-01
6031	  1,2060000000e+04	  2,66723e-01	  3,08226e-01
6032	  1,2062000000e+04	  2,72280e-01	  3,04861e-01
6033	  1,2064000000e+04	  2,75487e-01	  2,99782e-01
6034	  1,2066000000e+04	  2,77619e-01	  2,96316e-01
6035	  1,2068000000e+04	  2,80412e-01	  2,92101e-01
6036	  1,2070000000e+04	  2,85502e-01	  2,89659e-01
6037	  1,2072000000e+04	  2,90196e-01	  2,84415e-01
6038	  1,2074000000e+04	  2,91361e-01	  2,79643e-01
6039	  1,2076000000e+04	  2,93397e-01	  2,77433e-01
6040	  1,2078000000e+04	  2,94605e-01	  2,73241e-01
6041	  1,2080000000e+04	  2,97834e-01	  2,67527e-01
6042	  1,2082000000e+04	  3,04620e-01	  2,60340e-01
6043	  1,2084000000e+04	  3,07698e-01	  2,57631e-01
6044	  1,2086000000e+04	  3,09465e-01	  2,53426e-01
6045	  1,2088000000e+04	  3,12410e-01	  2,50194e-01
6046	  1,2090000000e+04	  3,12308e-01	  2,43063e-01
6047	  1,2092000000e+04	  3,14653e-01	  2,36414e-01
6048	  1,2094000000e+04	  3,18811e-01	  2,30377e-01
6049	  1,2096000000e+04	  3,23770e-01	  2,22841e-01
6050	  1,2098000000e+04	  3,23697e-01	  2,19886e-01
6051	  1,2100000000e+04	  3,23094e-01	  2,16148e-01
6052	  1,2102000000e+04	  3,25885e-01	  2,12300e-01
6053	  1,2104000000e+04	  3,27856e-01	  2,08685e-01
6054	  1,2106000000e+04	  3,30142e-01	  2,03562e-01
6055	  1,2108000000e+04	  3,32043e-01	  1,97453e-01
6056	  1,2110000000e+04	  3,35001e-01	  1,93361e-01
6057	  1,2112000000e+04	  3,36778e-01	  1,88182e-01
6058	  1,2114000000e+04	  3,35896e-01	  1,82326e-01
6059	  1,2116000000e+04	  3,36842e-01	  1,76823e-01
6060	  1,2118000000e+04	  3,37736e-01	  1,72786e-01
6061	  1,2120000000e+04	  3,40033e-01	  1,68038e-01
6062	  1,2122000000e+04	  3,39421e-01	  1,64091e-01
6063	  1,2124000000e+04	  3,40041e-01	  1,59775e-01
6064	  1,2126000000e+04	  3,40610e-01	  1,53384e-01
6065	  1,2128000000e+04	  3,37409e-01	  1,47810e-01
6066	  1,2130000000e+04	  3,38529e-01	  1,45189e-01
6067	  1,2132000000e+04	  3,39400e-01	  1,40268e-01
6068	  1,2134000000e+04	  3,41772e-01	  1,32723e-01
6069	  1,2136000000e+04	  3,42157e-01	  1,27606e-01
6070	  1,2138000000e+04	  3,43789e-01	  1,25488e-01
6071	  1,2140000000e+04	  3,41668e-01	  1,24368e-01
6072	  1,2142000000e+04	  3,40597e-01	  1,15907e-01
6073	  1,2144000000e+04	  3,40565e-01	  1,09700e-01
6074	  1,2146000000e+04	  3,41166e-01	  1,07854e-01
6075	  1,2148000000e+04	  3,41013e-01	  1,00769e-01
6076	  1,2150000000e+04	  3,41154e-01	  9,68020e-02
6077	  1,2152000000e+04	  3,40377e-01	  9,14041e-02
6078	  1,2154000000e+04	  3,39467e-01	  9,06132e-02
6079	  1,2156000000e+04	  3,37806e-01	  8,63868e-02
6080	  1,2158000000e+04	  3,37120e-01	  8,36090e-02
6081	  1,2160000000e+04	  3,36741e-01	  7,90554e-02
6082	  1,2162000000e+04	  3,35897e-01	  7,57144e-02
6083	  1,2164000000e+04	  3,35366e-01	  7,40513e-02
6084	  1,2166000000e+04	  3,39759e-01	  7,13669e-02
6085	  1,2168000000e+04	  3,39169e-01	  6,74206e-02
6086	  1,2170000000e+04	  3,36231e-01	  6,36723e-02
6087	  1,2172000000e+04	  3,36705e-01	  5,78091e-02
6088	  1,2174000000e+04	  3,36638e-01	  5,37948e-02
6089	  1,2176000000e+04	  3,36202e-01	  5,37987e-02
6090	  1,2178000000e+04	  3,34600e-01	  4,93336e-02
6091	  1,2180000000e+04	  3,36439e-01	  4,34477e-02
6092	  1,2182000000e+04	  3,38337e-01	  4,13332e-02
6093	  1,2184000000e+04	  3,34975e-01	  3,91295e-02
6094	  1,2186000000e+04	  3,33351e-01	  3,60959e-02
6095	  1,2188000000e+04	  3,33412e-01	  3,22720e-02
6096	  1,2190000000e+04	  3,33647e-01	  2,68552e-02
6097	  1,2192000000e+04	  3,32599e-01	  2,32699e-02
6098	  1,2194000000e+04	  3,31854e-01	  2,03652e-02
6099	  1,2196000000e+04	  3,33723e-01	  1,98495e-02
6100	  1,2198000000e+04	  3,34663e-01	  1,62102e-02
6101	  1,2200000000e+04	  3,36296e-01	  1,01318e-02
6102	  1,2202000000e+04	  3,35539e-01	  7,70910e-03
6103	  1,2204000000e+04	  3,35093e-01	  1,99878e-03
6104	  1,2206000000e+04	  3,35084e-01	 -1,45709e-03
6105	  1,2208000000e+04	  3,33734e-01	 -4,33317e-03
6106	  1,2210000000e+04	  3,32052e-01	 -7,21423e-03
6107	  1,2212000000e+04	  3,29570e-01	 -1,16548e-02
6108	  1,2214000000e+04	  3,28689e-01	 -1,95962e-02
6109	  1,2216000000e+04	  3,31091e-01	 -2,49744e-02
6110	  1,2218000000e+04	  3,30010e-01	 -2,79102e-02
6111	  1,2220000000e+04	  3,24637e-01	 -3,16935e-02
6112	  1,2222000000e+04	  3,23486e-01	 -3,50231e-02
6113	  1,2224000000e+04	  3,24651e-01	 -3,93837e-02
6114	  1,2226000000e+04	  3,22600e-01	 -4,30063e-02
6115	  1,2228000000e+04	  3,21302e-01	 -4,69298e-02
6116	  1,2230000000e+04	  3,18176e-01	 -5,00014e-02
6117	  1,2232000000e+04	  3,16791e-01	 -5,31120e-02
6118	  1,2234000000e+04	  3,13943e-01	 -5,40226e-02
6119	  1,2236000000e+04	  3,13759e-01	 -5,57987e-02
6120	  1,2238000000e+04	  3,11673e-01	 -6,06517e-02
6121	  1,2240000000e+04	  3,10508e-01	 -6,35146e-02
6122	  1,2242000000e+04	  3,05922e-01	 -6,86062e-02
6123	  1,2244000000e+04	  3,03212e-01	 -7,07203e-02
6124	  1,2246000000e+04	  3,01692e-01	 -7,11384e-02
6125	  1,2248000000e+04	  2,97825e-01	 -7,22587e-02
6126	  1,2250000000e+04	  2,97962e-01	 -7,52577e-02
6127	  1,2252000000e+04	  2,97569e-01	 -7,81215e-02
6128	  1,2254000000e+04	  2,94220e-01	 -8,09050e-02
6129	  1,2256000000e+04	  2,92303e-01	 -8,32509e-02
6130	  1,2258000000e+04	  2,93424e-01	 -8,60984e-02
6131	  1,2260000000e+04	  2,90728e-01	 -8,79508e-02
6132	  1,2262000000e+04	  2,89854e-01	 -8,81412e-02
6133	  1,2264000000e+04	  2,88985e-01	 -9,32108e-02
6134	  1,2266000000e+04	  2,85694e-01	 -9,55543e-02
6135	  1,2268000000e+04	  2,84102e-01	 -9,59677e-02
6136	  1,2270000000e+04	  2,84337e-01	 -9,99187e-02
6137	  1,2272000000e+04	  2,83903e-01	 -1,03576e-01
6138	  1,2274000000e+04	  2,84728e-01	 -1,03088e-01
6139	  1,2276000000e+04	  2,81761e-01	 -1,08746e-01
6140	  1,2278000000e+04	  2,79360e-01	 -1,12361e-01
6141	  1,2280000000e+04	  2,73674e-01	 -1,12831e-01
6142	  1,2282000000e+04	  2,75729e-01	 -1,16988e-01
6143	  1,2284000000e+04	  2,75810e-01	 -1,18896e-01
6144	  1,2286000000e+04	  2,73539e-01	 -1,20809e-01
6145	  1,2288000000e+04	  2,71376e-01	 -1,25440e-01
6146	  1,2290000000e+04	  2,67789e-01	 -1,29277e-01
6147	  1,2292000000e+04	  2,69161e-01	 -1,32827e-01
6148	  1,2294000000e+04	  2,66812e-01	 -1,34088e-01
6149	  1,2296000000e+04	  2,63006e-01	 -1,36719e-01
6150	  1,2298000000e+04	  2,60009e-01	 -1,41009e-01
6151	  1,2300000000e+04	  2,60422e-01	 -1,41102e-01
6152	  1,2302000000e+04	  2,61060e-01	 -1,42421e-01
6153	  1,2304000000e+04	  2,59475e-01	 -1,42452e-01
6154	  1,2306000000e+04	  2,57788e-01	 -1,46094e-01
6155	  1,2308000000e+04	  2,56499e-01	 -1,49822e-01
6156	  1,2310000000e+04	  2,52485e-01	 -1,52031e-01
6157	  1,2312000000e+04	  2,49527e-01	 -1,53977e-01
6158	  1,2314000000e+04	  2,44978e-01	 -1,54530e-01
6159	  1,2316000000e+04	  2,46091e-01	 -1,56534e-01
6160	  1,2318000000e+04	  2,44793e-01	 -1,61712e-01
6161	  1,2320000000e+04	  2,42194e-01	 -1,64246e-01
6162	  1,2322000000e+04	  2,40255e-01	 -1,65769e-01
6163	  1,2324000000e+04	  2,38586e-01	 -1,69120e-01
6164	  1,2326000000e+04	  2,36782e-01	 -1,69998e-01
6165	  1,2328000000e+04	  2,32812e-01	 -1,72169e-01
6166	  1,2330000000e+04	  2,29209e-01	 -1,78063e-01
6167	  1,2332000000e+04	  2,27739e-01	 -1,80293e-01
6168	  1,2334000000e+04	  2,27553e-01	 -1,82347e-01
6169	  1,2336000000e+04	  2,23773e-01	 -1,82425e-01
6170	  1,2338000000e+04	  2,20732e-01	 -1,82586e-01
6171	  1,2340000000e+04	  2,20478e-01	 -1,86726e-01
6172	  1,2342000000e+04	  2,17864e-01	 -1,89172e-01
6173	  1,2344000000e+04	  2,13524e-01	 -1,88635e-01
6174	  1,2346000000e+04	  2,11175e-01	 -1,90097e-01
6175	  1,2348000000e+04	  2,10816e-01	 -1,95635e-01
6176	  1,2350000000e+04	  2,10078e-01	 -1,96678e-01
6177	  1,2352000000e+04	  2,05593e-01	 -2,00058e-01
6178	  1,2354000000e+04	  2,04445e-01	 -2,02646e-01
6179	  1,2356000000e+04	  2,00283e-01	 -2,04762e-01
6180	  1,2358000000e+04	  1,96341e-01	 -2,03225e-01
6181	  1,2360000000e+04	  1,93154e-01	 -2,07327e-01
6182	  1,2362000000e+04	  1,89820e-01	 -2,11818e-01
6183	  1,2364000000e+04	  1,86622e-01	 -2,12933e-01
6184	  1,2366000000e+04	  1,87107e-01	 -2,14465e-01
6185	  1,2368000000e+04	  1,80872e-01	 -2,14469e-01
6186	  1,2370000000e+04	  1,77516e-01	 -2,15600e-01
6187	  1,2372000000e+04	  1,75714e-01	 -2,16835e-01
6188	  1,2374000000e+04	  1,72047e-01	 -2,16601e-01
6189	  1,2376000000e+04	  1,70433e-01	 -2,17760e-01
6190	  1,2378000000e+04	  1,64833e-01	 -2,16680e-01
6191	  1,2380000000e+04	  1,60143e-01	 -2,18283e-01
6192	  1,2382000000e+04	  1,59259e-01	 -2,20398e-01
6193	  1,2384000000e+04	  1,56220e-01	 -2,21648e-01
6194	  1,2386000000e+04	  1,52740e-01	 -2,22525e-01
6195	  1,2388000000e+04	  1,49596e-01	 -2,24781e-01
6196	  1,2390000000e+04	  1,48337e-01	 -2,24721e-01
6197	  1,2392000000e+04	  1,44530e-01	 -2,20792e-01
6198	  1,2394000000e+04	  1,38889e-01	 -2,20233e-01
6199	  1,2396000000e+04	  1,38235e-01	 -2,21974e-01
6200	  1,2398000000e+04	  1,36271e-01	 -2,23043e-01
6201	  1,2400000000e+04	  1,35105e-01	 -2,25391e-01
6202	  1,2402000000e+04	  1,32171e-01	 -2,25245e-01
6203	  1,2404000000e+04	  1,29345e-01	 -2,27021e-01
6204	  1,2406000000e+04	  1,27892e-01	 -2,26488e-01
6205	  1,2408000000e+04	  1,24540e-01	 -2,24739e-01
6206	  1,2410000000e+04	  1,22843e-01	 -2,26827e-01
6207	  1,2412000000e+04	  1,21612e-01	 -2,28899e-01
6208	  1,2414000000e+04	  1,18533e-01	 -2,28250e-01
6209	  1,2416000000e+04	  1,12649e-01	 -2,27886e-01
6210	  1,2418000000e+04	  1,09652e-01	 -2,28155e-01
6211	  1,2420000000e+04	  1,09526e-01	 -2,26547e-01
6212	  1,2422000000e+04	  1,02951e-01	 -2,26919e-01
6213	  1,2424000000e+04	  9,96086e-02	 -2,29704e-01
6214	  1,2426000000e+04	  9,87725e-02	 -2,29133e-01
6215	  1,2428000000e+04	  9,52101e-02	 -2,26773e-01
6216	  1,2430000000e+04	  9,14960e-02	 -2,25687e-01
6217	  1,2432000000e+04	  9,06535e-02	 -2,25350e-01
6218	  1,2434000000e+04	  8,98105e-02	 -2,26074e-01
6219	  1,2436000000e+04	  8,54785e-02	 -2,26136e-01
6220	  1,2438000000e+04	  8,11772e-02	 -2,25684e-01
6221	  1,2440000000e+04	  7,91766e-02	 -2,22764e-01
6222	  1,2442000000e+04	  7,70758e-02	 -2,24389e-01
6223	  1,2444000000e+04	  7,51093e-02	 -2,26762e-01
6224	  1,2446000000e+04	  7,24213e-02	 -2,24199e-01
6225	  1,2448000000e+04	  7,08158e-02	 -2,23729e-01
6226	  1,2450000000e+04	  6,80546e-02	 -2,22641e-01
6227	  1,2452000000e+04	  6,49352e-02	 -2,21401e-01
6228	  1,2454000000e+04	  6,01817e-02	 -2,19289e-01
6229	  1,2456000000e+04	  6,11315e-02	 -2,18232e-01
6230	  1,2458000000e+04	  5,75183e-02	 -2,13531e-01
6231	  1,2460000000e+04	  5,51937e-02	 -2,12852e-01
6232	  1,2462000000e+04	  5,37468e-02	 -2,13012e-01
6233	  1,2464000000e+04	  5,35445e-02	 -2,12994e-01
6234	  1,2466000000e+04	  5,44613e-02	 -2,08859e-01
6235	  1,2468000000e+04	  5,13675e-02	 -2,08084e-01
6236	  1,2470000000e+04	  4,99290e-02	 -2,09539e-01
6237	  1,2472000000e+04	  4,70736e-02	 -2,08519e-01
6238	  1,2474000000e+04	  4,69741e-02	 -2,05025e-01
6239	  1,2476000000e+04	  4,63949e-02	 -2,04101e-01
6240	  1,2478000000e+04	  4,46982e-02	 -2,04677e-01
6241	  1,2480000000e+04	  4,48705e-02	 -2,03159e-01
6242	  1,2482000000e+04	  4,50825e-02	 -2,02135e-01
6243	  1,2484000000e+04	  4,14795e-02	 -1,97925e-01
6244	  1,2486000000e+04	  4,13431e-02	 -1,99678e-01
6245	  1,2488000000e+04	  4,31706e-02	 -2,01451e-01
6246	  1,2490000000e+04	  3,98919e-02	 -1,98048e-01
6247	  1,2492000000e+04	  3,85665e-02	 -1,96494e-01
6248	  1,2494000000e+04	  3,74928e-02	 -1,97815e-01
6249	  1,2496000000e+04	  3,43961e-02	 -1,97498e-01
6250	  1,2498000000e+04	  3,29022e-02	 -1,96944e-01
6251	  1,2500000000e+04	  3,52469e-02	 -1,97670e-01
6252	  1,2502000000e+04	  3,45516e-02	 -1,94534e-01
6253	  1,2504000000e+04	  3,39155e-02	 -1,91055e-01
6254	  1,2506000000e+04	  3,25490e-02	 -1,91112e-01
6255	  1,2508000000e+04	  3,38726e-02	 -1,89976e-01
6256	  1,2510000000e+04	  3,72120e-02	 -1,89398e-01
6257	  1,2512000000e+04	  3,55761e-02	 -1,89796e-01
6258	  1,2514000000e+04	  3,39676e-02	 -1,88367e-01
6259	  1,2516000000e+04	  3,32501e-02	 -1,88274e-01
6260	  1,2518000000e+04	  3,37042e-02	 -1,89604e-01
6261	  1,2520000000e+04	  3,26066e-02	 -1,88125e-01
6262	  1,2522000000e+04	  3,55113e-02	 -1,87337e-01
6263	  1,2524000000e+04	  3,45271e-02	 -1,84244e-01
6264	  1,2526000000e+04	  3,31417e-02	 -1,84991e-01
6265	  1,2528000000e+04	  3,34722e-02	 -1,85671e-01
6266	  1,2530000000e+04	  3,73319e-02	 -1,84707e-01
6267	  1,2532000000e+04	  3,41412e-02	 -1,84418e-01
6268	  1,2534000000e+04	  3,30010e-02	 -1,85078e-01
6269	  1,2536000000e+04	  3,61114e-02	 -1,83800e-01
6270	  1,2538000000e+04	  3,52216e-02	 -1,84133e-01
6271	  1,2540000000e+04	  3,38970e-02	 -1,82338e-01
6272	  1,2542000000e+04	  3,44195e-02	 -1,83887e-01
6273	  1,2544000000e+04	  3,52501e-02	 -1,83523e-01
6274	  1,2546000000e+04	  3,65667e-02	 -1,82815e-01
6275	  1,2548000000e+04	  3,72448e-02	 -1,84799e-01
6276	  1,2550000000e+04	  3,47920e-02	 -1,85623e-01
6277	  1,2552000000e+04	  3,51163e-02	 -1,81144e-01
6278	  1,2554000000e+04	  3,91140e-02	 -1,81405e-01
6279	  1,2556000000e+04	  4,18922e-02	 -1,84230e-01
6280	  1,2558000000e+04	  4,36019e-02	 -1,85419e-01
6281	  1,2560000000e+04	  4,43577e-02	 -1,84393e-01
6282	  1,2562000000e+04	  4,42852e-02	 -1,85444e-01
6283	  1,2564000000e+04	  4,86033e-02	 -1,85397e-01
6284	  1,2566000000e+04	  4,76275e-02	 -1,87214e-01
6285	  1,2568000000e+04	  4,60556e-02	 -1,90354e-01
6286	  1,2570000000e+04	  4,66771e-02	 -1,89620e-01
6287	  1,2572000000e+04	  4,86912e-02	 -1,93223e-01
6288	  1,2574000000e+04	  5,22298e-02	 -2,00011e-01
6289	  1,2576000000e+04	  5,31448e-02	 -2,04214e-01
6290	  1,2578000000e+04	  5,22602e-02	 -2,05484e-01
6291	  1,2580000000e+04	  5,25951e-02	 -2,05413e-01
6292	  1,2582000000e+04	  5,26291e-02	 -2,06309e-01
6293	  1,2584000000e+04	  5,29137e-02	 -2,11046e-01
6294	  1,2586000000e+04	  5,00763e-02	 -2,15361e-01
6295	  1,2588000000e+04	  4,90792e-02	 -2,16750e-01
6296	  1,2590000000e+04	  4,86180e-02	 -2,18500e-01
6297	  1,2592000000e+04	  4,78345e-02	 -2,23094e-01
6298	  1,2594000000e+04	  4,87473e-02	 -2,24696e-01
6299	  1,2596000000e+04	  4,50910e-02	 -2,29305e-01
6300	  1,2598000000e+04	  4,22185e-02	 -2,30596e-01
6301	  1,2600000000e+04	  4,04649e-02	 -2,34074e-01
6302	  1,2602000000e+04	  3,88136e-02	 -2,32306e-01
6303	  1,2604000000e+04	  3,84069e-02	 -2,35498e-01
6304	  1,2606000000e+04	  3,56285e-02	 -2,41356e-01
6305	  1,2608000000e+04	  3,13727e-02	 -2,43816e-01
6306	  1,2610000000e+04	  2,78747e-02	 -2,42612e-01
6307	  1,2612000000e+04	  2,53970e-02	 -2,42315e-01
6308	  1,2614000000e+04	  2,48692e-02	 -2,46579e-01
6309	  1,2616000000e+04	  2,42571e-02	 -2,51181e-01
6310	  1,2618000000e+04	  2,43762e-02	 -2,51736e-01
6311	  1,2620000000e+04	  2,27688e-02	 -2,51247e-01
6312	  1,2622000000e+04	  1,92369e-02	 -2,53050e-01
6313	  1,2624000000e+04	  1,85860e-02	 -2,52934e-01
6314	  1,2626000000e+04	  2,08795e-02	 -2,54985e-01
6315	  1,2628000000e+04	  1,96467e-02	 -2,55527e-01
6316	  1,2630000000e+04	  1,99668e-02	 -2,57923e-01
6317	  1,2632000000e+04	  1,67203e-02	 -2,59653e-01
6318	  1,2634000000e+04	  1,34731e-02	 -2,59258e-01
6319	  1,2636000000e+04	  1,68712e-02	 -2,61989e-01
6320	  1,2638000000e+04	  1,61509e-02	 -2,69157e-01
6321	  1,2640000000e+04	  1,36092e-02	 -2,74839e-01
6322	  1,2642000000e+04	  1,03144e-02	 -2,76656e-01
6323	  1,2644000000e+04	  8,29733e-03	 -2,79996e-01
6324	  1,2646000000e+04	  6,22462e-03	 -2,87102e-01
6325	  1,2648000000e+04	  2,39935e-03	 -2,90590e-01
6326	  1,2650000000e+04	 -3,53850e-04	 -2,93415e-01
6327	  1,2652000000e+04	 -2,45906e-03	 -2,94471e-01
6328	  1,2654000000e+04	 -5,20686e-03	 -2,97126e-01
6329	  1,2656000000e+04	 -1,07826e-02	 -2,99218e-01
6330	  1,2658000000e+04	 -1,69644e-02	 -3,04682e-01
6331	  1,2660000000e+04	 -2,11819e-02	 -3,05924e-01
6332	  1,2662000000e+04	 -2,48815e-02	 -3,09648e-01
6333	  1,2664000000e+04	 -2,70791e-02	 -3,13112e-01
6334	  1,2666000000e+04	 -3,22303e-02	 -3,15962e-01
6335	  1,2668000000e+04	 -3,61683e-02	 -3,16775e-01
6336	  1,2670000000e+04	 -4,24400e-02	 -3,16376e-01
6337	  1,2672000000e+04	 -4,81504e-02	 -3,15920e-01
6338	  1,2674000000e+04	 -5,23488e-02	 -3,16182e-01
6339	  1,2676000000e+04	 -5,41830e-02	 -3,19199e-01
6340	  1,2678000000e+04	 -5,86207e-02	 -3,20960e-01
6341	  1,2680000000e+04	 -6,18812e-02	 -3,23319e-01
6342	  1,2682000000e+04	 -6,73620e-02	 -3,20047e-01
6343	  1,2684000000e+04	 -7,06676e-02	 -3,19801e-01
6344	  1,2686000000e+04	 -7,59101e-02	 -3,21373e-01
6345	  1,2688000000e+04	 -8,14851e-02	 -3,21961e-01
6346	  1,2690000000e+04	 -8,61060e-02	 -3,24536e-01
6347	  1,2692000000e+04	 -8,91315e-02	 -3,23836e-01
6348	  1,2694000000e+04	 -9,26576e-02	 -3,22167e-01
6349	  1,2696000000e+04	 -9,55744e-02	 -3,20567e-01
6350	  1,2698000000e+04	 -9,91815e-02	 -3,24970e-01
6351	  1,2700000000e+04	 -1,05106e-01	 -3,28401e-01
6352	  1,2702000000e+04	 -1,12580e-01	 -3,29134e-01
6353	  1,2704000000e+04	 -1,17533e-01	 -3,26273e-01
6354	  1,2706000000e+04	 -1,21173e-01	 -3,26742e-01
6355	  1,2708000000e+04	 -1,23381e-01	 -3,27623e-01
6356	  1,2710000000e+04	 -1,25967e-01	 -3,28129e-01
6357	  1,2712000000e+04	 -1,32732e-01	 -3,29750e-01
6358	  1,2714000000e+04	 -1,39489e-01	 -3,28519e-01
6359	  1,2716000000e+04	 -1,43858e-01	 -3,28009e-01
6360	  1,2718000000e+04	 -1,49317e-01	 -3,30953e-01
6361	  1,2720000000e+04	 -1,51753e-01	 -3,33431e-01
6362	  1,2722000000e+04	 -1,57143e-01	 -3,28258e-01
6363	  1,2724000000e+04	 -1,59618e-01	 -3,25910e-01
6364	  1,2726000000e+04	 -1,66448e-01	 -3,25056e-01
6365	  1,2728000000e+04	 -1,74352e-01	 -3,26822e-01
6366	  1,2730000000e+04	 -1,77217e-01	 -3,24299e-01
6367	  1,2732000000e+04	 -1,78799e-01	 -3,24831e-01
6368	  1,2734000000e+04	 -1,84047e-01	 -3,24517e-01
6369	  1,2736000000e+04	 -1,88492e-01	 -3,22887e-01
6370	  1,2738000000e+04	 -1,92603e-01	 -3,20706e-01
6371	  1,2740000000e+04	 -1,97338e-01	 -3,19086e-01
6372	  1,2742000000e+04	 -2,01613e-01	 -3,16535e-01
6373	  1,2744000000e+04	 -2,04618e-01	 -3,16736e-01
6374	  1,2746000000e+04	 -2,11453e-01	 -3,16607e-01
6375	  1,2748000000e+04	 -2,14837e-01	 -3,15801e-01
6376	  1,2750000000e+04	 -2,18382e-01	 -3,16870e-01
6377	  1,2752000000e+04	 -2,24820e-01	 -3,18769e-01
6378	  1,2754000000e+04	 -2,30847e-01	 -3,15834e-01
6379	  1,2756000000e+04	 -2,34360e-01	 -3,12787e-01
6380	  1,2758000000e+04	 -2,38329e-01	 -3,12768e-01
6381	  1,2760000000e+04	 -2,43486e-01	 -3,15601e-01
6382	  1,2762000000e+04	 -2,48243e-01	 -3,14806e-01
6383	  1,2764000000e+04	 -2,52052e-01	 -3,13236e-01
6384	  1,2766000000e+04	 -2,56775e-01	 -3,11347e-01
6385	  1,2768000000e+04	 -2,63160e-01	 -3,09044e-01
6386	  1,2770000000e+04	 -2,67849e-01	 -3,07388e-01
6387	  1,2772000000e+04	 -2,75248e-01	 -3,08338e-01
6388	  1,2774000000e+04	 -2,82972e-01	 -3,03189e-01
6389	  1,2776000000e+04	 -2,87954e-01	 -3,00400e-01
6390	  1,2778000000e+04	 -2,92391e-01	 -2,99239e-01
6391	  1,2780000000e+04	 -2,97094e-01	 -2,95973e-01
6392	  1,2782000000e+04	 -3,03703e-01	 -2,93579e-01
6393	  1,2784000000e+04	 -3,08255e-01	 -2,92051e-01
6394	  1,2786000000e+04	 -3,11318e-01	 -2,88870e-01
6395	  1,2788000000e+04	 -3,19061e-01	 -2,83220e-01
6396	  1,2790000000e+04	 -3,22768e-01	 -2,82331e-01
6397	  1,2792000000e+04	 -3,29185e-01	 -2,80351e-01
6398	  1,2794000000e+04	 -3,33335e-01	 -2,75437e-01
6399	  1,2796000000e+04	 -3,40976e-01	 -2,71302e-01
6400	  1,2798000000e+04	 -3,43848e-01	 -2,66285e-01
6401	  1,2800000000e+04	 -3,51142e-01	 -2,63478e-01
TagsBegin:	 	 	 
OverLoad:	 	False	 
AverageNumber: []	 	  2,00000e+02	 
OverLoadRatio: []	 	  1,19209e-07	 
TagsEnd:	 	 	 
TagScalesBegin:	 	 	 
TagScalesEnd:	 	 	 
