Header Size:	 78	 	 
Pulse Version:	 42	 	 
Decimal Symbol:	,	 	 
Date Format:	dd-MM-yyyy	 	 
Time Format:	HH:mm:ss:mmm	 	 
Data Type:	Complex	 	 
Slice:	False	 	 
Z-Axis type:	Linear	 	 
Z-Axis size:	1	 	 
Z-Axis unit:	 	 	 
Z-Axis first value:	  0,0000000000e+00	 	 
Z-Axis delta:	  1,0000000000e+00	 	 
X-Axis type:	Linear	 	 
X-Axis size:	6401	 	 
X-Axis unit:	Hz	 	 
X-Axis first value:	  0,0000000000e+00	 	 
X-Axis delta:	  2,0000000000e+00	 	 
	 	 	 
AmplitudeUnit:	Pa/V	 	 
Analyzer:	FFT_Spectrum_Averaging	 	 
AnalyzerName:	FFT Analyzer2	 	 
	 	 	 
	 	 	 
Bipolar:	True	 	 
CenterFrequency:	  6,4000000000e+03	 	 
	 	 	 
	 	 	 
	 	 	 
	 	 	 
	 	 	 
	 	 	 
	 	 	 
	 	 	 
Domain:	1	 	 
Function:	Frequency Response	 	 
	 	 	 
InputRange:	  1,0000000000e+01	 	 
	 	 	 
	 	 	 
MultiBufferName:	Input	 	 
NBW:	  1,5000000000e+00	 	 
	 	 	 
OverlapFailed:	False	 	 
Overrun:	False	 	 
Power:	False	 	 
	 	 	 
Ratio:	True	 	 
RecordLength:	  5,0000000000e-01	 	 
ReducedSize:	True	 	 
Ref_Signal:	Signal 1	 	 
	 	 	 
	 	 	 
RefSignalUnit:	V	 	 
	 	 	 
	 	 	 
Signal:	Signal 29	 	 
	 	 	 
SignalUnit:	Pa	 	 
	 	 	 
	 	 	 
	 	 	 
Title:	Frequency Response H1(Signal 29,Signal 1) - Input	 	 
Title1:	Working : Input : Input : FFT Analyzer2	 	 
	 	 	 
	 	 	 
	 	 	 
ZoomOn:	True	 	 
	 	 	 
TemplateName:	Working	 	 
MeasurementName:	Input	 	 
MeasurementSlice:	False	 	 
	 	 	 
	 	 	 
	 	 	 
EnvelopeOn:	False	 	 
	 	 	 
	 	 	 
	 	 	 
Z-index:	 	1	 
Date:	 	14-07-2026	 
Time:	 	19:05:40:147	 
Relative time:	 	  0,00000e+00	 
Z-axis:	 	  0,0000000000e+00	 
1	  0,0000000000e+00	  5,10046e-04	  8,13859e-08
2	  2,0000000000e+00	  2,54847e-03	  1,89443e-03
3	  4,0000000000e+00	  2,78483e-03	  2,03150e-03
4	  6,0000000000e+00	  1,46236e-03	 -1,42450e-03
5	  8,0000000000e+00	  7,13559e-03	  4,17049e-04
6	  1,0000000000e+01	  4,21901e-02	 -1,52264e-02
7	  1,2000000000e+01	  1,79786e-02	 -1,74912e-02
8	  1,4000000000e+01	 -1,56876e-02	 -8,61754e-03
9	  1,6000000000e+01	 -2,19575e-03	 -1,34254e-02
10	  1,8000000000e+01	  5,69346e-03	 -2,00731e-02
11	  2,0000000000e+01	 -9,33796e-03	 -7,79323e-03
12	  2,2000000000e+01	 -2,34601e-02	 -2,09375e-02
13	  2,4000000000e+01	  2,37322e-03	 -1,53188e-02
14	  2,6000000000e+01	  6,19781e-04	 -1,40491e-03
15	  2,8000000000e+01	 -1,03807e-02	 -1,03670e-02
16	  3,0000000000e+01	 -1,30674e-02	 -5,85516e-03
17	  3,2000000000e+01	 -1,48724e-02	 -2,38664e-03
18	  3,4000000000e+01	 -1,12514e-02	 -8,01118e-03
19	  3,6000000000e+01	 -1,03492e-02	 -2,09256e-03
20	  3,8000000000e+01	 -2,17883e-02	 -6,71841e-03
21	  4,0000000000e+01	 -1,28537e-02	 -1,42518e-02
22	  4,2000000000e+01	 -1,08395e-02	 -4,55365e-03
23	  4,4000000000e+01	 -2,51987e-02	 -6,72926e-03
24	  4,6000000000e+01	 -3,57157e-02	 -5,45648e-03
25	  4,8000000000e+01	 -3,86893e-02	 -1,18109e-02
26	  5,0000000000e+01	 -3,93288e-02	 -1,63122e-02
27	  5,2000000000e+01	 -3,30530e-02	  2,42623e-03
28	  5,4000000000e+01	 -3,96804e-02	  8,55599e-04
29	  5,6000000000e+01	 -5,66163e-02	 -2,45446e-03
30	  5,8000000000e+01	 -6,61099e-02	  9,72953e-03
31	  6,0000000000e+01	 -6,81910e-02	  8,91969e-03
32	  6,2000000000e+01	 -7,00898e-02	  8,14422e-03
33	  6,4000000000e+01	 -7,36405e-02	  9,74183e-03
34	  6,6000000000e+01	 -8,28502e-02	  2,11747e-02
35	  6,8000000000e+01	 -9,02096e-02	  3,00463e-02
36	  7,0000000000e+01	 -8,56348e-02	  3,65962e-02
37	  7,2000000000e+01	 -8,33550e-02	  4,08466e-02
38	  7,4000000000e+01	 -7,89017e-02	  4,56239e-02
39	  7,6000000000e+01	 -8,43508e-02	  5,85233e-02
40	  7,8000000000e+01	 -8,75624e-02	  5,93648e-02
41	  8,0000000000e+01	 -9,44789e-02	  6,35514e-02
42	  8,2000000000e+01	 -1,02332e-01	  7,08275e-02
43	  8,4000000000e+01	 -9,72708e-02	  8,14023e-02
44	  8,6000000000e+01	 -9,76311e-02	  9,56975e-02
45	  8,8000000000e+01	 -1,08069e-01	  1,04337e-01
46	  9,0000000000e+01	 -1,20147e-01	  1,10334e-01
47	  9,2000000000e+01	 -1,22679e-01	  1,12755e-01
48	  9,4000000000e+01	 -1,15852e-01	  1,23978e-01
49	  9,6000000000e+01	 -1,08874e-01	  1,37433e-01
50	  9,8000000000e+01	 -1,03900e-01	  1,51698e-01
51	  1,0000000000e+02	 -9,85838e-02	  1,59142e-01
52	  1,0200000000e+02	 -9,88663e-02	  1,66782e-01
53	  1,0400000000e+02	 -1,05305e-01	  1,76835e-01
54	  1,0600000000e+02	 -1,05713e-01	  1,87446e-01
55	  1,0800000000e+02	 -9,34948e-02	  2,03437e-01
56	  1,1000000000e+02	 -8,89790e-02	  2,19298e-01
57	  1,1200000000e+02	 -8,13680e-02	  2,29090e-01
58	  1,1400000000e+02	 -7,39433e-02	  2,41143e-01
59	  1,1600000000e+02	 -6,72232e-02	  2,51495e-01
60	  1,1800000000e+02	 -5,80154e-02	  2,57490e-01
61	  1,2000000000e+02	 -4,74206e-02	  2,70960e-01
62	  1,2200000000e+02	 -3,76387e-02	  2,84158e-01
63	  1,2400000000e+02	 -3,27752e-02	  2,94683e-01
64	  1,2600000000e+02	 -1,88965e-02	  3,03646e-01
65	  1,2800000000e+02	 -1,53940e-03	  3,18916e-01
66	  1,3000000000e+02	  1,40226e-02	  3,28240e-01
67	  1,3200000000e+02	  2,50507e-02	  3,27560e-01
68	  1,3400000000e+02	  3,81442e-02	  3,40052e-01
69	  1,3600000000e+02	  5,65078e-02	  3,53678e-01
70	  1,3800000000e+02	  6,76271e-02	  3,59213e-01
71	  1,4000000000e+02	  8,86151e-02	  3,60522e-01
72	  1,4200000000e+02	  1,09026e-01	  3,66831e-01
73	  1,4400000000e+02	  1,26500e-01	  3,69619e-01
74	  1,4600000000e+02	  1,45777e-01	  3,71218e-01
75	  1,4800000000e+02	  1,69376e-01	  3,67569e-01
76	  1,5000000000e+02	  1,86864e-01	  3,61141e-01
77	  1,5200000000e+02	  2,04004e-01	  3,62564e-01
78	  1,5400000000e+02	  2,28238e-01	  3,59076e-01
79	  1,5600000000e+02	  2,44105e-01	  3,51454e-01
80	  1,5800000000e+02	  2,58383e-01	  3,40962e-01
81	  1,6000000000e+02	  2,71151e-01	  3,34393e-01
82	  1,6200000000e+02	  2,84359e-01	  3,30507e-01
83	  1,6400000000e+02	  3,00759e-01	  3,14923e-01
84	  1,6600000000e+02	  3,16979e-01	  3,01396e-01
85	  1,6800000000e+02	  3,31217e-01	  2,94065e-01
86	  1,7000000000e+02	  3,47528e-01	  2,83823e-01
87	  1,7200000000e+02	  3,59564e-01	  2,76153e-01
88	  1,7400000000e+02	  3,70352e-01	  2,65899e-01
89	  1,7600000000e+02	  3,79613e-01	  2,54301e-01
90	  1,7800000000e+02	  3,85377e-01	  2,39169e-01
91	  1,8000000000e+02	  3,94780e-01	  2,29717e-01
92	  1,8200000000e+02	  4,07220e-01	  2,17813e-01
93	  1,8400000000e+02	  4,18148e-01	  2,06631e-01
94	  1,8600000000e+02	  4,28461e-01	  1,93159e-01
95	  1,8800000000e+02	  4,35702e-01	  1,78921e-01
96	  1,9000000000e+02	  4,36937e-01	  1,61408e-01
97	  1,9200000000e+02	  4,43739e-01	  1,48895e-01
98	  1,9400000000e+02	  4,50860e-01	  1,35195e-01
99	  1,9600000000e+02	  4,54723e-01	  1,19296e-01
100	  1,9800000000e+02	  4,59679e-01	  1,07042e-01
101	  2,0000000000e+02	  4,59518e-01	  9,39179e-02
102	  2,0200000000e+02	  4,57693e-01	  7,55817e-02
103	  2,0400000000e+02	  4,57437e-01	  6,21597e-02
104	  2,0600000000e+02	  4,58956e-01	  5,33249e-02
105	  2,0800000000e+02	  4,64483e-01	  4,10995e-02
106	  2,1000000000e+02	  4,62551e-01	  3,06196e-02
107	  2,1200000000e+02	  4,61667e-01	  1,82228e-02
108	  2,1400000000e+02	  4,64223e-01	  9,53135e-03
109	  2,1600000000e+02	  4,62332e-01	  2,02179e-03
110	  2,1800000000e+02	  4,64047e-01	 -1,40837e-02
111	  2,2000000000e+02	  4,60955e-01	 -2,57025e-02
112	  2,2200000000e+02	  4,59961e-01	 -3,36965e-02
113	  2,2400000000e+02	  4,60588e-01	 -4,41145e-02
114	  2,2600000000e+02	  4,59621e-01	 -5,59882e-02
115	  2,2800000000e+02	  4,58350e-01	 -6,50496e-02
116	  2,3000000000e+02	  4,56364e-01	 -7,69939e-02
117	  2,3200000000e+02	  4,55230e-01	 -8,68799e-02
118	  2,3400000000e+02	  4,49462e-01	 -9,72427e-02
119	  2,3600000000e+02	  4,43735e-01	 -1,09510e-01
120	  2,3800000000e+02	  4,40820e-01	 -1,19802e-01
121	  2,4000000000e+02	  4,37085e-01	 -1,26664e-01
122	  2,4200000000e+02	  4,34906e-01	 -1,37695e-01
123	  2,4400000000e+02	  4,31212e-01	 -1,48963e-01
124	  2,4600000000e+02	  4,23707e-01	 -1,54204e-01
125	  2,4800000000e+02	  4,14883e-01	 -1,61143e-01
126	  2,5000000000e+02	  4,13674e-01	 -1,66841e-01
127	  2,5200000000e+02	  4,13539e-01	 -1,74103e-01
128	  2,5400000000e+02	  4,04723e-01	 -1,86430e-01
129	  2,5600000000e+02	  4,02823e-01	 -1,93974e-01
130	  2,5800000000e+02	  4,00036e-01	 -1,96324e-01
131	  2,6000000000e+02	  3,89895e-01	 -2,02944e-01
132	  2,6200000000e+02	  3,85138e-01	 -2,11174e-01
133	  2,6400000000e+02	  3,86378e-01	 -2,18398e-01
134	  2,6600000000e+02	  3,79203e-01	 -2,24099e-01
135	  2,6800000000e+02	  3,77817e-01	 -2,30057e-01
136	  2,7000000000e+02	  3,76311e-01	 -2,37057e-01
137	  2,7200000000e+02	  3,75251e-01	 -2,43789e-01
138	  2,7400000000e+02	  3,70819e-01	 -2,53853e-01
139	  2,7600000000e+02	  3,65081e-01	 -2,60104e-01
140	  2,7800000000e+02	  3,58279e-01	 -2,66027e-01
141	  2,8000000000e+02	  3,52475e-01	 -2,70866e-01
142	  2,8200000000e+02	  3,45380e-01	 -2,78380e-01
143	  2,8400000000e+02	  3,36157e-01	 -2,87837e-01
144	  2,8600000000e+02	  3,32375e-01	 -2,95229e-01
145	  2,8800000000e+02	  3,26616e-01	 -2,97035e-01
146	  2,9000000000e+02	  3,17569e-01	 -3,02432e-01
147	  2,9200000000e+02	  3,12489e-01	 -3,10101e-01
148	  2,9400000000e+02	  3,08759e-01	 -3,14134e-01
149	  2,9600000000e+02	  2,98239e-01	 -3,15507e-01
150	  2,9800000000e+02	  2,86250e-01	 -3,19818e-01
151	  3,0000000000e+02	  2,81702e-01	 -3,21073e-01
152	  3,0200000000e+02	  2,79280e-01	 -3,24185e-01
153	  3,0400000000e+02	  2,68043e-01	 -3,23563e-01
154	  3,0600000000e+02	  2,59501e-01	 -3,23132e-01
155	  3,0800000000e+02	  2,59295e-01	 -3,21909e-01
156	  3,1000000000e+02	  2,61646e-01	 -3,21418e-01
157	  3,1200000000e+02	  2,61108e-01	 -3,26007e-01
158	  3,1400000000e+02	  2,56329e-01	 -3,36491e-01
159	  3,1600000000e+02	  2,52619e-01	 -3,40307e-01
160	  3,1800000000e+02	  2,47579e-01	 -3,43817e-01
161	  3,2000000000e+02	  2,40667e-01	 -3,51069e-01
162	  3,2200000000e+02	  2,36884e-01	 -3,60175e-01
163	  3,2400000000e+02	  2,26933e-01	 -3,59333e-01
164	  3,2600000000e+02	  2,21268e-01	 -3,64469e-01
165	  3,2800000000e+02	  2,14825e-01	 -3,64692e-01
166	  3,3000000000e+02	  2,06258e-01	 -3,66204e-01
167	  3,3200000000e+02	  2,03080e-01	 -3,69558e-01
168	  3,3400000000e+02	  1,98303e-01	 -3,72184e-01
169	  3,3600000000e+02	  1,89354e-01	 -3,74929e-01
170	  3,3800000000e+02	  1,85422e-01	 -3,76692e-01
171	  3,4000000000e+02	  1,83450e-01	 -3,79426e-01
172	  3,4200000000e+02	  1,75054e-01	 -3,79156e-01
173	  3,4400000000e+02	  1,69746e-01	 -3,80750e-01
174	  3,4600000000e+02	  1,63894e-01	 -3,82907e-01
175	  3,4800000000e+02	  1,57527e-01	 -3,85661e-01
176	  3,5000000000e+02	  1,53157e-01	 -3,90798e-01
177	  3,5200000000e+02	  1,50182e-01	 -3,87756e-01
178	  3,5400000000e+02	  1,46518e-01	 -3,85128e-01
179	  3,5600000000e+02	  1,39159e-01	 -3,86911e-01
180	  3,5800000000e+02	  1,35403e-01	 -3,90162e-01
181	  3,6000000000e+02	  1,31430e-01	 -3,93444e-01
182	  3,6200000000e+02	  1,25562e-01	 -3,92977e-01
183	  3,6400000000e+02	  1,21369e-01	 -3,94857e-01
184	  3,6600000000e+02	  1,13647e-01	 -3,92701e-01
185	  3,6800000000e+02	  1,06965e-01	 -3,94533e-01
186	  3,7000000000e+02	  1,05863e-01	 -3,96110e-01
187	  3,7200000000e+02	  9,95799e-02	 -3,99827e-01
188	  3,7400000000e+02	  9,23246e-02	 -4,00855e-01
189	  3,7600000000e+02	  8,60024e-02	 -3,99884e-01
190	  3,7800000000e+02	  7,88710e-02	 -4,00560e-01
191	  3,8000000000e+02	  7,52043e-02	 -4,01178e-01
192	  3,8200000000e+02	  7,08586e-02	 -4,04389e-01
193	  3,8400000000e+02	  6,74906e-02	 -4,05023e-01
194	  3,8600000000e+02	  6,16793e-02	 -4,03419e-01
195	  3,8800000000e+02	  5,64545e-02	 -4,03289e-01
196	  3,9000000000e+02	  4,97722e-02	 -4,04562e-01
197	  3,9200000000e+02	  4,43250e-02	 -4,05024e-01
198	  3,9400000000e+02	  4,35600e-02	 -4,05077e-01
199	  3,9600000000e+02	  3,62221e-02	 -4,06183e-01
200	  3,9800000000e+02	  3,37591e-02	 -4,06725e-01
201	  4,0000000000e+02	  3,00505e-02	 -4,05522e-01
202	  4,0200000000e+02	  2,69960e-02	 -4,04357e-01
203	  4,0400000000e+02	  2,08264e-02	 -4,06399e-01
204	  4,0600000000e+02	  1,55504e-02	 -4,06789e-01
205	  4,0800000000e+02	  9,92244e-03	 -4,12774e-01
206	  4,1000000000e+02	  6,58953e-03	 -4,14248e-01
207	  4,1200000000e+02	  3,16641e-03	 -4,16132e-01
208	  4,1400000000e+02	 -4,07236e-03	 -4,20435e-01
209	  4,1600000000e+02	 -1,25798e-02	 -4,18053e-01
210	  4,1800000000e+02	 -1,93329e-02	 -4,17009e-01
211	  4,2000000000e+02	 -1,93992e-02	 -4,13127e-01
212	  4,2200000000e+02	 -2,79572e-02	 -4,10376e-01
213	  4,2400000000e+02	 -3,86469e-02	 -4,13746e-01
214	  4,2600000000e+02	 -4,53616e-02	 -4,15444e-01
215	  4,2800000000e+02	 -4,97654e-02	 -4,11005e-01
216	  4,3000000000e+02	 -5,42035e-02	 -4,11145e-01
217	  4,3200000000e+02	 -5,93406e-02	 -4,10805e-01
218	  4,3400000000e+02	 -6,58759e-02	 -4,08532e-01
219	  4,3600000000e+02	 -7,16939e-02	 -4,09814e-01
220	  4,3800000000e+02	 -7,40845e-02	 -4,07818e-01
221	  4,4000000000e+02	 -8,07188e-02	 -4,03930e-01
222	  4,4200000000e+02	 -8,52826e-02	 -4,06307e-01
223	  4,4400000000e+02	 -8,92878e-02	 -4,03792e-01
224	  4,4600000000e+02	 -9,58875e-02	 -4,01245e-01
225	  4,4800000000e+02	 -1,02236e-01	 -3,98164e-01
226	  4,5000000000e+02	 -1,03554e-01	 -3,95971e-01
227	  4,5200000000e+02	 -1,08253e-01	 -3,96188e-01
228	  4,5400000000e+02	 -1,14308e-01	 -3,98275e-01
229	  4,5600000000e+02	 -1,18209e-01	 -3,97281e-01
230	  4,5800000000e+02	 -1,25607e-01	 -3,93528e-01
231	  4,6000000000e+02	 -1,29957e-01	 -3,88949e-01
232	  4,6200000000e+02	 -1,32277e-01	 -3,86550e-01
233	  4,6400000000e+02	 -1,34509e-01	 -3,85048e-01
234	  4,6600000000e+02	 -1,41495e-01	 -3,86413e-01
235	  4,6800000000e+02	 -1,51895e-01	 -3,82359e-01
236	  4,7000000000e+02	 -1,54287e-01	 -3,80091e-01
237	  4,7200000000e+02	 -1,55789e-01	 -3,80081e-01
238	  4,7400000000e+02	 -1,61238e-01	 -3,77814e-01
239	  4,7600000000e+02	 -1,67529e-01	 -3,68595e-01
240	  4,7800000000e+02	 -1,72997e-01	 -3,65228e-01
241	  4,8000000000e+02	 -1,76120e-01	 -3,65554e-01
242	  4,8200000000e+02	 -1,78158e-01	 -3,59792e-01
243	  4,8400000000e+02	 -1,80941e-01	 -3,54202e-01
244	  4,8600000000e+02	 -1,84450e-01	 -3,53522e-01
245	  4,8800000000e+02	 -1,84903e-01	 -3,47039e-01
246	  4,9000000000e+02	 -1,85313e-01	 -3,44445e-01
247	  4,9200000000e+02	 -1,89959e-01	 -3,42647e-01
248	  4,9400000000e+02	 -1,93366e-01	 -3,42414e-01
249	  4,9600000000e+02	 -1,96517e-01	 -3,43225e-01
250	  4,9800000000e+02	 -1,95458e-01	 -3,42264e-01
251	  5,0000000000e+02	 -2,02278e-01	 -3,41332e-01
252	  5,0200000000e+02	 -2,06465e-01	 -3,42983e-01
253	  5,0400000000e+02	 -2,07967e-01	 -3,42658e-01
254	  5,0600000000e+02	 -2,08451e-01	 -3,41632e-01
255	  5,0800000000e+02	 -2,14885e-01	 -3,37626e-01
256	  5,1000000000e+02	 -2,20427e-01	 -3,35838e-01
257	  5,1200000000e+02	 -2,22575e-01	 -3,35626e-01
258	  5,1400000000e+02	 -2,29817e-01	 -3,35424e-01
259	  5,1600000000e+02	 -2,35726e-01	 -3,36904e-01
260	  5,1800000000e+02	 -2,41143e-01	 -3,34070e-01
261	  5,2000000000e+02	 -2,48233e-01	 -3,31878e-01
262	  5,2200000000e+02	 -2,58668e-01	 -3,30944e-01
263	  5,2400000000e+02	 -2,65225e-01	 -3,23577e-01
264	  5,2600000000e+02	 -2,68967e-01	 -3,15082e-01
265	  5,2800000000e+02	 -2,67939e-01	 -3,08246e-01
266	  5,3000000000e+02	 -2,67299e-01	 -3,06369e-01
267	  5,3200000000e+02	 -2,72436e-01	 -3,06775e-01
268	  5,3400000000e+02	 -2,77806e-01	 -3,02262e-01
269	  5,3600000000e+02	 -2,81067e-01	 -2,99690e-01
270	  5,3800000000e+02	 -2,86581e-01	 -2,98712e-01
271	  5,4000000000e+02	 -2,93810e-01	 -2,96899e-01
272	  5,4200000000e+02	 -2,96488e-01	 -2,86966e-01
273	  5,4400000000e+02	 -2,98126e-01	 -2,85417e-01
274	  5,4600000000e+02	 -3,02311e-01	 -2,83751e-01
275	  5,4800000000e+02	 -3,07453e-01	 -2,80791e-01
276	  5,5000000000e+02	 -3,11033e-01	 -2,76878e-01
277	  5,5200000000e+02	 -3,19552e-01	 -2,68469e-01
278	  5,5400000000e+02	 -3,26532e-01	 -2,57914e-01
279	  5,5600000000e+02	 -3,25230e-01	 -2,49730e-01
280	  5,5800000000e+02	 -3,22958e-01	 -2,48155e-01
281	  5,6000000000e+02	 -3,23047e-01	 -2,46041e-01
282	  5,6200000000e+02	 -3,24346e-01	 -2,40933e-01
283	  5,6400000000e+02	 -3,26807e-01	 -2,38281e-01
284	  5,6600000000e+02	 -3,30358e-01	 -2,33924e-01
285	  5,6800000000e+02	 -3,30953e-01	 -2,28639e-01
286	  5,7000000000e+02	 -3,29828e-01	 -2,25747e-01
287	  5,7200000000e+02	 -3,30702e-01	 -2,24074e-01
288	  5,7400000000e+02	 -3,34555e-01	 -2,20690e-01
289	  5,7600000000e+02	 -3,35159e-01	 -2,14551e-01
290	  5,7800000000e+02	 -3,35917e-01	 -2,06975e-01
291	  5,8000000000e+02	 -3,35092e-01	 -2,05470e-01
292	  5,8200000000e+02	 -3,39398e-01	 -2,01224e-01
293	  5,8400000000e+02	 -3,43130e-01	 -1,95536e-01
294	  5,8600000000e+02	 -3,41560e-01	 -1,94196e-01
295	  5,8800000000e+02	 -3,42386e-01	 -1,89108e-01
296	  5,9000000000e+02	 -3,44409e-01	 -1,83720e-01
297	  5,9200000000e+02	 -3,46793e-01	 -1,84433e-01
298	  5,9400000000e+02	 -3,49098e-01	 -1,81616e-01
299	  5,9600000000e+02	 -3,49746e-01	 -1,77866e-01
300	  5,9800000000e+02	 -3,45615e-01	 -1,75290e-01
301	  6,0000000000e+02	 -3,48756e-01	 -1,71122e-01
302	  6,0200000000e+02	 -3,56183e-01	 -1,65928e-01
303	  6,0400000000e+02	 -3,58186e-01	 -1,65732e-01
304	  6,0600000000e+02	 -3,57928e-01	 -1,66149e-01
305	  6,0800000000e+02	 -3,58653e-01	 -1,62077e-01
306	  6,1000000000e+02	 -3,58813e-01	 -1,56480e-01
307	  6,1200000000e+02	 -3,63647e-01	 -1,54392e-01
308	  6,1400000000e+02	 -3,69043e-01	 -1,49597e-01
309	  6,1600000000e+02	 -3,71754e-01	 -1,45612e-01
310	  6,1800000000e+02	 -3,68776e-01	 -1,36423e-01
311	  6,2000000000e+02	 -3,70739e-01	 -1,32745e-01
312	  6,2200000000e+02	 -3,74645e-01	 -1,30314e-01
313	  6,2400000000e+02	 -3,79369e-01	 -1,27039e-01
314	  6,2600000000e+02	 -3,79375e-01	 -1,24713e-01
315	  6,2800000000e+02	 -3,78276e-01	 -1,17885e-01
316	  6,3000000000e+02	 -3,80903e-01	 -1,10579e-01
317	  6,3200000000e+02	 -3,83753e-01	 -1,02216e-01
318	  6,3400000000e+02	 -3,83981e-01	 -9,52349e-02
319	  6,3600000000e+02	 -3,81288e-01	 -8,99238e-02
320	  6,3800000000e+02	 -3,79218e-01	 -8,65611e-02
321	  6,4000000000e+02	 -3,78511e-01	 -7,82877e-02
322	  6,4200000000e+02	 -3,78985e-01	 -7,41458e-02
323	  6,4400000000e+02	 -3,77021e-01	 -7,12965e-02
324	  6,4600000000e+02	 -3,75370e-01	 -6,51530e-02
325	  6,4800000000e+02	 -3,70486e-01	 -6,13739e-02
326	  6,5000000000e+02	 -3,68082e-01	 -5,72121e-02
327	  6,5200000000e+02	 -3,64990e-01	 -5,26420e-02
328	  6,5400000000e+02	 -3,59695e-01	 -5,00381e-02
329	  6,5600000000e+02	 -3,54551e-01	 -5,16273e-02
330	  6,5800000000e+02	 -3,48450e-01	 -5,03652e-02
331	  6,6000000000e+02	 -3,42177e-01	 -5,10573e-02
332	  6,6200000000e+02	 -3,40636e-01	 -5,54498e-02
333	  6,6400000000e+02	 -3,37719e-01	 -6,00820e-02
334	  6,6600000000e+02	 -3,37057e-01	 -6,62814e-02
335	  6,6800000000e+02	 -3,40469e-01	 -6,92149e-02
336	  6,7000000000e+02	 -3,45899e-01	 -7,64350e-02
337	  6,7200000000e+02	 -3,48302e-01	 -8,01228e-02
338	  6,7400000000e+02	 -3,55207e-01	 -8,37548e-02
339	  6,7600000000e+02	 -3,68523e-01	 -8,60008e-02
340	  6,7800000000e+02	 -3,77973e-01	 -8,36481e-02
341	  6,8000000000e+02	 -3,89661e-01	 -8,09784e-02
342	  6,8200000000e+02	 -3,99575e-01	 -7,78759e-02
343	  6,8400000000e+02	 -4,07389e-01	 -7,07521e-02
344	  6,8600000000e+02	 -4,09811e-01	 -6,25276e-02
345	  6,8800000000e+02	 -4,11462e-01	 -5,65999e-02
346	  6,9000000000e+02	 -4,16742e-01	 -4,84109e-02
347	  6,9200000000e+02	 -4,18001e-01	 -3,64340e-02
348	  6,9400000000e+02	 -4,22786e-01	 -2,79823e-02
349	  6,9600000000e+02	 -4,28112e-01	 -2,64447e-02
350	  6,9800000000e+02	 -4,28894e-01	 -1,97917e-02
351	  7,0000000000e+02	 -4,30475e-01	 -1,06479e-02
352	  7,0200000000e+02	 -4,31458e-01	 -2,16317e-03
353	  7,0400000000e+02	 -4,34147e-01	 -5,08153e-05
354	  7,0600000000e+02	 -4,34090e-01	  8,07697e-03
355	  7,0800000000e+02	 -4,35522e-01	  1,63674e-02
356	  7,1000000000e+02	 -4,38559e-01	  2,59516e-02
357	  7,1200000000e+02	 -4,38491e-01	  3,33304e-02
358	  7,1400000000e+02	 -4,37165e-01	  3,72419e-02
359	  7,1600000000e+02	 -4,33352e-01	  4,33908e-02
360	  7,1800000000e+02	 -4,34368e-01	  4,92504e-02
361	  7,2000000000e+02	 -4,35608e-01	  5,79562e-02
362	  7,2200000000e+02	 -4,35642e-01	  6,61898e-02
363	  7,2400000000e+02	 -4,40358e-01	  7,22264e-02
364	  7,2600000000e+02	 -4,37603e-01	  7,69871e-02
365	  7,2800000000e+02	 -4,33249e-01	  8,25360e-02
366	  7,3000000000e+02	 -4,32342e-01	  8,81138e-02
367	  7,3200000000e+02	 -4,31896e-01	  9,29363e-02
368	  7,3400000000e+02	 -4,31712e-01	  1,00076e-01
369	  7,3600000000e+02	 -4,31656e-01	  1,06211e-01
370	  7,3800000000e+02	 -4,28947e-01	  1,10450e-01
371	  7,4000000000e+02	 -4,26163e-01	  1,17623e-01
372	  7,4200000000e+02	 -4,22927e-01	  1,24973e-01
373	  7,4400000000e+02	 -4,21935e-01	  1,31071e-01
374	  7,4600000000e+02	 -4,19219e-01	  1,38903e-01
375	  7,4800000000e+02	 -4,16425e-01	  1,44085e-01
376	  7,5000000000e+02	 -4,12004e-01	  1,46619e-01
377	  7,5200000000e+02	 -4,08944e-01	  1,51582e-01
378	  7,5400000000e+02	 -4,05530e-01	  1,55473e-01
379	  7,5600000000e+02	 -4,03099e-01	  1,62097e-01
380	  7,5800000000e+02	 -4,01220e-01	  1,67520e-01
381	  7,6000000000e+02	 -4,00129e-01	  1,72865e-01
382	  7,6200000000e+02	 -3,97881e-01	  1,72880e-01
383	  7,6400000000e+02	 -3,90038e-01	  1,77800e-01
384	  7,6600000000e+02	 -3,89104e-01	  1,85700e-01
385	  7,6800000000e+02	 -3,89709e-01	  1,87041e-01
386	  7,7000000000e+02	 -3,87732e-01	  1,88561e-01
387	  7,7200000000e+02	 -3,85219e-01	  1,92969e-01
388	  7,7400000000e+02	 -3,80937e-01	  1,97972e-01
389	  7,7600000000e+02	 -3,76417e-01	  2,02739e-01
390	  7,7800000000e+02	 -3,76840e-01	  2,05888e-01
391	  7,8000000000e+02	 -3,73748e-01	  2,08206e-01
392	  7,8200000000e+02	 -3,73211e-01	  2,12548e-01
393	  7,8400000000e+02	 -3,71474e-01	  2,13657e-01
394	  7,8600000000e+02	 -3,69318e-01	  2,19522e-01
395	  7,8800000000e+02	 -3,68200e-01	  2,25353e-01
396	  7,9000000000e+02	 -3,64885e-01	  2,32467e-01
397	  7,9200000000e+02	 -3,62582e-01	  2,33459e-01
398	  7,9400000000e+02	 -3,59408e-01	  2,34133e-01
399	  7,9600000000e+02	 -3,57573e-01	  2,37371e-01
400	  7,9800000000e+02	 -3,56557e-01	  2,41425e-01
401	  8,0000000000e+02	 -3,54050e-01	  2,45829e-01
402	  8,0200000000e+02	 -3,49221e-01	  2,49222e-01
403	  8,0400000000e+02	 -3,45910e-01	  2,51169e-01
404	  8,0600000000e+02	 -3,41793e-01	  2,51805e-01
405	  8,0800000000e+02	 -3,42395e-01	  2,56307e-01
406	  8,1000000000e+02	 -3,39715e-01	  2,63892e-01
407	  8,1200000000e+02	 -3,33828e-01	  2,67031e-01
408	  8,1400000000e+02	 -3,30026e-01	  2,71611e-01
409	  8,1600000000e+02	 -3,31937e-01	  2,76736e-01
410	  8,1800000000e+02	 -3,30683e-01	  2,79388e-01
411	  8,2000000000e+02	 -3,26856e-01	  2,84833e-01
412	  8,2200000000e+02	 -3,25120e-01	  2,87864e-01
413	  8,2400000000e+02	 -3,23462e-01	  2,89425e-01
414	  8,2600000000e+02	 -3,20860e-01	  2,93622e-01
415	  8,2800000000e+02	 -3,16791e-01	  3,00114e-01
416	  8,3000000000e+02	 -3,15224e-01	  3,05105e-01
417	  8,3200000000e+02	 -3,12702e-01	  3,10826e-01
418	  8,3400000000e+02	 -3,07755e-01	  3,10205e-01
419	  8,3600000000e+02	 -3,03895e-01	  3,18506e-01
420	  8,3800000000e+02	 -3,01166e-01	  3,23098e-01
421	  8,4000000000e+02	 -2,97953e-01	  3,23934e-01
422	  8,4200000000e+02	 -2,94095e-01	  3,28152e-01
423	  8,4400000000e+02	 -2,87013e-01	  3,33538e-01
424	  8,4600000000e+02	 -2,77932e-01	  3,40488e-01
425	  8,4800000000e+02	 -2,74829e-01	  3,42227e-01
426	  8,5000000000e+02	 -2,71182e-01	  3,46903e-01
427	  8,5200000000e+02	 -2,69179e-01	  3,50500e-01
428	  8,5400000000e+02	 -2,67669e-01	  3,51218e-01
429	  8,5600000000e+02	 -2,58446e-01	  3,55643e-01
430	  8,5800000000e+02	 -2,52262e-01	  3,56860e-01
431	  8,6000000000e+02	 -2,49586e-01	  3,58254e-01
432	  8,6200000000e+02	 -2,44417e-01	  3,60763e-01
433	  8,6400000000e+02	 -2,39052e-01	  3,61799e-01
434	  8,6600000000e+02	 -2,34019e-01	  3,63744e-01
435	  8,6800000000e+02	 -2,32635e-01	  3,65224e-01
436	  8,7000000000e+02	 -2,28680e-01	  3,68368e-01
437	  8,7200000000e+02	 -2,24740e-01	  3,70077e-01
438	  8,7400000000e+02	 -2,20833e-01	  3,70564e-01
439	  8,7600000000e+02	 -2,15293e-01	  3,72803e-01
440	  8,7800000000e+02	 -2,11914e-01	  3,70976e-01
441	  8,8000000000e+02	 -2,13401e-01	  3,71368e-01
442	  8,8200000000e+02	 -2,05530e-01	  3,72785e-01
443	  8,8400000000e+02	 -1,97764e-01	  3,74361e-01
444	  8,8600000000e+02	 -1,92595e-01	  3,80406e-01
445	  8,8800000000e+02	 -1,90723e-01	  3,82129e-01
446	  8,9000000000e+02	 -1,90756e-01	  3,82091e-01
447	  8,9200000000e+02	 -1,85051e-01	  3,84386e-01
448	  8,9400000000e+02	 -1,81865e-01	  3,86313e-01
449	  8,9600000000e+02	 -1,77921e-01	  3,87190e-01
450	  8,9800000000e+02	 -1,73700e-01	  3,88643e-01
451	  9,0000000000e+02	 -1,73982e-01	  3,89590e-01
452	  9,0200000000e+02	 -1,68627e-01	  3,94465e-01
453	  9,0400000000e+02	 -1,67159e-01	  3,97003e-01
454	  9,0600000000e+02	 -1,63129e-01	  4,00520e-01
455	  9,0800000000e+02	 -1,60280e-01	  4,01594e-01
456	  9,1000000000e+02	 -1,55896e-01	  4,03172e-01
457	  9,1200000000e+02	 -1,48331e-01	  4,07209e-01
458	  9,1400000000e+02	 -1,45070e-01	  4,09817e-01
459	  9,1600000000e+02	 -1,41800e-01	  4,11508e-01
460	  9,1800000000e+02	 -1,35116e-01	  4,14559e-01
461	  9,2000000000e+02	 -1,29195e-01	  4,15883e-01
462	  9,2200000000e+02	 -1,25073e-01	  4,18212e-01
463	  9,2400000000e+02	 -1,19897e-01	  4,21691e-01
464	  9,2600000000e+02	 -1,12192e-01	  4,22398e-01
465	  9,2800000000e+02	 -1,08546e-01	  4,20914e-01
466	  9,3000000000e+02	 -9,84938e-02	  4,22188e-01
467	  9,3200000000e+02	 -9,52787e-02	  4,22760e-01
468	  9,3400000000e+02	 -9,38435e-02	  4,26330e-01
469	  9,3600000000e+02	 -9,07264e-02	  4,27645e-01
470	  9,3800000000e+02	 -8,58329e-02	  4,24354e-01
471	  9,4000000000e+02	 -7,70437e-02	  4,23350e-01
472	  9,4200000000e+02	 -7,04542e-02	  4,21440e-01
473	  9,4400000000e+02	 -6,37864e-02	  4,22543e-01
474	  9,4600000000e+02	 -6,08159e-02	  4,24912e-01
475	  9,4800000000e+02	 -5,73799e-02	  4,24400e-01
476	  9,5000000000e+02	 -5,35895e-02	  4,21255e-01
477	  9,5200000000e+02	 -5,09329e-02	  4,21803e-01
478	  9,5400000000e+02	 -4,71232e-02	  4,22430e-01
479	  9,5600000000e+02	 -4,41354e-02	  4,22925e-01
480	  9,5800000000e+02	 -4,08045e-02	  4,22405e-01
481	  9,6000000000e+02	 -4,04317e-02	  4,22847e-01
482	  9,6200000000e+02	 -3,71825e-02	  4,22731e-01
483	  9,6400000000e+02	 -3,37691e-02	  4,20022e-01
484	  9,6600000000e+02	 -2,98246e-02	  4,21498e-01
485	  9,6800000000e+02	 -2,68971e-02	  4,22868e-01
486	  9,7000000000e+02	 -2,05900e-02	  4,23968e-01
487	  9,7200000000e+02	 -1,32946e-02	  4,27055e-01
488	  9,7400000000e+02	 -1,17679e-02	  4,27464e-01
489	  9,7600000000e+02	 -8,02371e-03	  4,27258e-01
490	  9,7800000000e+02	 -5,09506e-03	  4,28253e-01
491	  9,8000000000e+02	  3,00873e-04	  4,30365e-01
492	  9,8200000000e+02	  4,31534e-03	  4,31174e-01
493	  9,8400000000e+02	  1,10546e-02	  4,27830e-01
494	  9,8600000000e+02	  1,62527e-02	  4,27191e-01
495	  9,8800000000e+02	  2,00774e-02	  4,27129e-01
496	  9,9000000000e+02	  2,21170e-02	  4,30367e-01
497	  9,9200000000e+02	  2,68537e-02	  4,33673e-01
498	  9,9400000000e+02	  3,28361e-02	  4,33954e-01
499	  9,9600000000e+02	  3,84134e-02	  4,35757e-01
500	  9,9800000000e+02	  4,50124e-02	  4,36936e-01
501	  1,0000000000e+03	  4,91094e-02	  4,34987e-01
502	  1,0020000000e+03	  5,18808e-02	  4,33532e-01
503	  1,0040000000e+03	  5,93799e-02	  4,31184e-01
504	  1,0060000000e+03	  6,59106e-02	  4,32033e-01
505	  1,0080000000e+03	  7,07816e-02	  4,34330e-01
506	  1,0100000000e+03	  7,72678e-02	  4,36633e-01
507	  1,0120000000e+03	  8,09245e-02	  4,36991e-01
508	  1,0140000000e+03	  8,60944e-02	  4,32250e-01
509	  1,0160000000e+03	  9,22414e-02	  4,29505e-01
510	  1,0180000000e+03	  9,62829e-02	  4,28789e-01
511	  1,0200000000e+03	  1,03262e-01	  4,25204e-01
512	  1,0220000000e+03	  1,08688e-01	  4,20974e-01
513	  1,0240000000e+03	  1,13321e-01	  4,22185e-01
514	  1,0260000000e+03	  1,16271e-01	  4,18134e-01
515	  1,0280000000e+03	  1,21274e-01	  4,12791e-01
516	  1,0300000000e+03	  1,26150e-01	  4,09614e-01
517	  1,0320000000e+03	  1,32559e-01	  4,08996e-01
518	  1,0340000000e+03	  1,35546e-01	  4,05079e-01
519	  1,0360000000e+03	  1,41853e-01	  4,03149e-01
520	  1,0380000000e+03	  1,43884e-01	  4,03308e-01
521	  1,0400000000e+03	  1,44672e-01	  4,00310e-01
522	  1,0420000000e+03	  1,48666e-01	  3,97023e-01
523	  1,0440000000e+03	  1,52287e-01	  3,93584e-01
524	  1,0460000000e+03	  1,52835e-01	  3,89904e-01
525	  1,0480000000e+03	  1,53236e-01	  3,86991e-01
526	  1,0500000000e+03	  1,57037e-01	  3,85523e-01
527	  1,0520000000e+03	  1,63139e-01	  3,87142e-01
528	  1,0540000000e+03	  1,63465e-01	  3,83983e-01
529	  1,0560000000e+03	  1,65168e-01	  3,82623e-01
530	  1,0580000000e+03	  1,69791e-01	  3,81254e-01
531	  1,0600000000e+03	  1,70700e-01	  3,79593e-01
532	  1,0620000000e+03	  1,71996e-01	  3,75784e-01
533	  1,0640000000e+03	  1,74196e-01	  3,72998e-01
534	  1,0660000000e+03	  1,76235e-01	  3,78578e-01
535	  1,0680000000e+03	  1,83351e-01	  3,79438e-01
536	  1,0700000000e+03	  1,85709e-01	  3,73624e-01
537	  1,0720000000e+03	  1,88223e-01	  3,72177e-01
538	  1,0740000000e+03	  1,94159e-01	  3,74493e-01
539	  1,0760000000e+03	  1,94659e-01	  3,72480e-01
540	  1,0780000000e+03	  1,99578e-01	  3,71065e-01
541	  1,0800000000e+03	  2,03446e-01	  3,70698e-01
542	  1,0820000000e+03	  2,06762e-01	  3,68811e-01
543	  1,0840000000e+03	  2,13485e-01	  3,65088e-01
544	  1,0860000000e+03	  2,16899e-01	  3,63379e-01
545	  1,0880000000e+03	  2,22044e-01	  3,61229e-01
546	  1,0900000000e+03	  2,25976e-01	  3,58266e-01
547	  1,0920000000e+03	  2,26953e-01	  3,57315e-01
548	  1,0940000000e+03	  2,31361e-01	  3,51876e-01
549	  1,0960000000e+03	  2,37967e-01	  3,49117e-01
550	  1,0980000000e+03	  2,41244e-01	  3,47679e-01
551	  1,1000000000e+03	  2,42729e-01	  3,43150e-01
552	  1,1020000000e+03	  2,47408e-01	  3,36254e-01
553	  1,1040000000e+03	  2,51962e-01	  3,33666e-01
554	  1,1060000000e+03	  2,54554e-01	  3,32639e-01
555	  1,1080000000e+03	  2,57022e-01	  3,28228e-01
556	  1,1100000000e+03	  2,58009e-01	  3,23252e-01
557	  1,1120000000e+03	  2,58200e-01	  3,17279e-01
558	  1,1140000000e+03	  2,58169e-01	  3,13602e-01
559	  1,1160000000e+03	  2,58078e-01	  3,10402e-01
560	  1,1180000000e+03	  2,57918e-01	  3,08878e-01
561	  1,1200000000e+03	  2,56005e-01	  3,02710e-01
562	  1,1220000000e+03	  2,52404e-01	  2,98212e-01
563	  1,1240000000e+03	  2,48933e-01	  2,98585e-01
564	  1,1260000000e+03	  2,44911e-01	  3,00805e-01
565	  1,1280000000e+03	  2,46777e-01	  3,03822e-01
566	  1,1300000000e+03	  2,47385e-01	  3,04662e-01
567	  1,1320000000e+03	  2,44338e-01	  3,07338e-01
568	  1,1340000000e+03	  2,41213e-01	  3,12142e-01
569	  1,1360000000e+03	  2,41885e-01	  3,16666e-01
570	  1,1380000000e+03	  2,47559e-01	  3,21908e-01
571	  1,1400000000e+03	  2,48858e-01	  3,25510e-01
572	  1,1420000000e+03	  2,52396e-01	  3,29578e-01
573	  1,1440000000e+03	  2,55812e-01	  3,33686e-01
574	  1,1460000000e+03	  2,61138e-01	  3,34732e-01
575	  1,1480000000e+03	  2,65860e-01	  3,40901e-01
576	  1,1500000000e+03	  2,73431e-01	  3,46169e-01
577	  1,1520000000e+03	  2,79001e-01	  3,49386e-01
578	  1,1540000000e+03	  2,83436e-01	  3,52771e-01
579	  1,1560000000e+03	  2,87485e-01	  3,53786e-01
580	  1,1580000000e+03	  2,97339e-01	  3,57118e-01
581	  1,1600000000e+03	  3,08062e-01	  3,60976e-01
582	  1,1620000000e+03	  3,21227e-01	  3,64261e-01
583	  1,1640000000e+03	  3,31858e-01	  3,65988e-01
584	  1,1660000000e+03	  3,42446e-01	  3,66225e-01
585	  1,1680000000e+03	  3,55930e-01	  3,65407e-01
586	  1,1700000000e+03	  3,69150e-01	  3,62340e-01
587	  1,1720000000e+03	  3,81478e-01	  3,59713e-01
588	  1,1740000000e+03	  3,95315e-01	  3,57466e-01
589	  1,1760000000e+03	  4,09241e-01	  3,48357e-01
590	  1,1780000000e+03	  4,22100e-01	  3,40120e-01
591	  1,1800000000e+03	  4,31522e-01	  3,29327e-01
592	  1,1820000000e+03	  4,38386e-01	  3,18347e-01
593	  1,1840000000e+03	  4,46520e-01	  3,06105e-01
594	  1,1860000000e+03	  4,55090e-01	  2,98385e-01
595	  1,1880000000e+03	  4,55350e-01	  2,88823e-01
596	  1,1900000000e+03	  4,62278e-01	  2,79053e-01
597	  1,1920000000e+03	  4,69170e-01	  2,71906e-01
598	  1,1940000000e+03	  4,74515e-01	  2,60711e-01
599	  1,1960000000e+03	  4,75519e-01	  2,50332e-01
600	  1,1980000000e+03	  4,78882e-01	  2,40990e-01
601	  1,2000000000e+03	  4,78604e-01	  2,29032e-01
602	  1,2020000000e+03	  4,78334e-01	  2,19838e-01
603	  1,2040000000e+03	  4,80761e-01	  2,14702e-01
604	  1,2060000000e+03	  4,82947e-01	  2,07831e-01
605	  1,2080000000e+03	  4,81105e-01	  1,97089e-01
606	  1,2100000000e+03	  4,80027e-01	  1,90263e-01
607	  1,2120000000e+03	  4,82021e-01	  1,86384e-01
608	  1,2140000000e+03	  4,82588e-01	  1,82043e-01
609	  1,2160000000e+03	  4,81446e-01	  1,73626e-01
610	  1,2180000000e+03	  4,83176e-01	  1,67887e-01
611	  1,2200000000e+03	  4,83853e-01	  1,62075e-01
612	  1,2220000000e+03	  4,84866e-01	  1,60495e-01
613	  1,2240000000e+03	  4,86559e-01	  1,50782e-01
614	  1,2260000000e+03	  4,92227e-01	  1,46511e-01
615	  1,2280000000e+03	  4,94374e-01	  1,44887e-01
616	  1,2300000000e+03	  4,94993e-01	  1,38192e-01
617	  1,2320000000e+03	  4,94511e-01	  1,28786e-01
618	  1,2340000000e+03	  4,95202e-01	  1,22419e-01
619	  1,2360000000e+03	  4,96562e-01	  1,17815e-01
620	  1,2380000000e+03	  4,96185e-01	  1,11347e-01
621	  1,2400000000e+03	  4,99120e-01	  1,06870e-01
622	  1,2420000000e+03	  5,01541e-01	  1,04831e-01
623	  1,2440000000e+03	  5,00602e-01	  1,00420e-01
624	  1,2460000000e+03	  5,02454e-01	  9,46987e-02
625	  1,2480000000e+03	  5,04711e-01	  8,64941e-02
626	  1,2500000000e+03	  5,05060e-01	  7,93445e-02
627	  1,2520000000e+03	  5,05713e-01	  7,56284e-02
628	  1,2540000000e+03	  5,05345e-01	  6,96336e-02
629	  1,2560000000e+03	  5,07454e-01	  6,27181e-02
630	  1,2580000000e+03	  5,09518e-01	  5,98553e-02
631	  1,2600000000e+03	  5,10756e-01	  5,08343e-02
632	  1,2620000000e+03	  5,13009e-01	  4,46611e-02
633	  1,2640000000e+03	  5,15113e-01	  3,91321e-02
634	  1,2660000000e+03	  5,14911e-01	  3,32402e-02
635	  1,2680000000e+03	  5,15873e-01	  2,45429e-02
636	  1,2700000000e+03	  5,18842e-01	  1,96105e-02
637	  1,2720000000e+03	  5,18238e-01	  1,41160e-02
638	  1,2740000000e+03	  5,14092e-01	  5,22937e-03
639	  1,2760000000e+03	  5,15072e-01	  3,61995e-03
640	  1,2780000000e+03	  5,16557e-01	 -1,31346e-03
641	  1,2800000000e+03	  5,15663e-01	 -9,19771e-03
642	  1,2820000000e+03	  5,13042e-01	 -1,83467e-02
643	  1,2840000000e+03	  5,11102e-01	 -2,71540e-02
644	  1,2860000000e+03	  5,10174e-01	 -3,31475e-02
645	  1,2880000000e+03	  5,08654e-01	 -3,82330e-02
646	  1,2900000000e+03	  5,07068e-01	 -4,47271e-02
647	  1,2920000000e+03	  5,07428e-01	 -4,66049e-02
648	  1,2940000000e+03	  5,03657e-01	 -4,93700e-02
649	  1,2960000000e+03	  5,04740e-01	 -5,62909e-02
650	  1,2980000000e+03	  5,06545e-01	 -6,14595e-02
651	  1,3000000000e+03	  5,08803e-01	 -6,77301e-02
652	  1,3020000000e+03	  5,04365e-01	 -7,63995e-02
653	  1,3040000000e+03	  5,00312e-01	 -8,08965e-02
654	  1,3060000000e+03	  4,97611e-01	 -8,66397e-02
655	  1,3080000000e+03	  5,01465e-01	 -9,48650e-02
656	  1,3100000000e+03	  5,00294e-01	 -1,01189e-01
657	  1,3120000000e+03	  4,95763e-01	 -1,01388e-01
658	  1,3140000000e+03	  4,96545e-01	 -1,07917e-01
659	  1,3160000000e+03	  4,94849e-01	 -1,11888e-01
660	  1,3180000000e+03	  4,92652e-01	 -1,19205e-01
661	  1,3200000000e+03	  4,91209e-01	 -1,22839e-01
662	  1,3220000000e+03	  4,93423e-01	 -1,25751e-01
663	  1,3240000000e+03	  4,88352e-01	 -1,32252e-01
664	  1,3260000000e+03	  4,86604e-01	 -1,38125e-01
665	  1,3280000000e+03	  4,84907e-01	 -1,44543e-01
666	  1,3300000000e+03	  4,83768e-01	 -1,46216e-01
667	  1,3320000000e+03	  4,80559e-01	 -1,49102e-01
668	  1,3340000000e+03	  4,79299e-01	 -1,56963e-01
669	  1,3360000000e+03	  4,77841e-01	 -1,57710e-01
670	  1,3380000000e+03	  4,72341e-01	 -1,58693e-01
671	  1,3400000000e+03	  4,72277e-01	 -1,59697e-01
672	  1,3420000000e+03	  4,74552e-01	 -1,61923e-01
673	  1,3440000000e+03	  4,76153e-01	 -1,69760e-01
674	  1,3460000000e+03	  4,76291e-01	 -1,75177e-01
675	  1,3480000000e+03	  4,75447e-01	 -1,78161e-01
676	  1,3500000000e+03	  4,74568e-01	 -1,82203e-01
677	  1,3520000000e+03	  4,72791e-01	 -1,91538e-01
678	  1,3540000000e+03	  4,74402e-01	 -1,95057e-01
679	  1,3560000000e+03	  4,71883e-01	 -2,00963e-01
680	  1,3580000000e+03	  4,69222e-01	 -2,07056e-01
681	  1,3600000000e+03	  4,68188e-01	 -2,13370e-01
682	  1,3620000000e+03	  4,68348e-01	 -2,19982e-01
683	  1,3640000000e+03	  4,69080e-01	 -2,27706e-01
684	  1,3660000000e+03	  4,66661e-01	 -2,33812e-01
685	  1,3680000000e+03	  4,62625e-01	 -2,39841e-01
686	  1,3700000000e+03	  4,62384e-01	 -2,45562e-01
687	  1,3720000000e+03	  4,60104e-01	 -2,52629e-01
688	  1,3740000000e+03	  4,59048e-01	 -2,57667e-01
689	  1,3760000000e+03	  4,55720e-01	 -2,61527e-01
690	  1,3780000000e+03	  4,52945e-01	 -2,67763e-01
691	  1,3800000000e+03	  4,51524e-01	 -2,73686e-01
692	  1,3820000000e+03	  4,49767e-01	 -2,82896e-01
693	  1,3840000000e+03	  4,48772e-01	 -2,89003e-01
694	  1,3860000000e+03	  4,44161e-01	 -2,93111e-01
695	  1,3880000000e+03	  4,38480e-01	 -2,98049e-01
696	  1,3900000000e+03	  4,37012e-01	 -3,01655e-01
697	  1,3920000000e+03	  4,30743e-01	 -3,11376e-01
698	  1,3940000000e+03	  4,24618e-01	 -3,14634e-01
699	  1,3960000000e+03	  4,21018e-01	 -3,22284e-01
700	  1,3980000000e+03	  4,16848e-01	 -3,26794e-01
701	  1,4000000000e+03	  4,14682e-01	 -3,30737e-01
702	  1,4020000000e+03	  4,10286e-01	 -3,36107e-01
703	  1,4040000000e+03	  4,02253e-01	 -3,40913e-01
704	  1,4060000000e+03	  3,98071e-01	 -3,50390e-01
705	  1,4080000000e+03	  3,97171e-01	 -3,55844e-01
706	  1,4100000000e+03	  3,95375e-01	 -3,54510e-01
707	  1,4120000000e+03	  3,88684e-01	 -3,59925e-01
708	  1,4140000000e+03	  3,82007e-01	 -3,65718e-01
709	  1,4160000000e+03	  3,74665e-01	 -3,71025e-01
710	  1,4180000000e+03	  3,66941e-01	 -3,76063e-01
711	  1,4200000000e+03	  3,65894e-01	 -3,79720e-01
712	  1,4220000000e+03	  3,61041e-01	 -3,80956e-01
713	  1,4240000000e+03	  3,55730e-01	 -3,81783e-01
714	  1,4260000000e+03	  3,51035e-01	 -3,88577e-01
715	  1,4280000000e+03	  3,45939e-01	 -3,90654e-01
716	  1,4300000000e+03	  3,42517e-01	 -3,91468e-01
717	  1,4320000000e+03	  3,38744e-01	 -3,96968e-01
718	  1,4340000000e+03	  3,35799e-01	 -3,99912e-01
719	  1,4360000000e+03	  3,30575e-01	 -3,97974e-01
720	  1,4380000000e+03	  3,27682e-01	 -4,00664e-01
721	  1,4400000000e+03	  3,22510e-01	 -4,06276e-01
722	  1,4420000000e+03	  3,15745e-01	 -4,08071e-01
723	  1,4440000000e+03	  3,13896e-01	 -4,09296e-01
724	  1,4460000000e+03	  3,10455e-01	 -4,12987e-01
725	  1,4480000000e+03	  3,08321e-01	 -4,17426e-01
726	  1,4500000000e+03	  3,02868e-01	 -4,19932e-01
727	  1,4520000000e+03	  2,98006e-01	 -4,20062e-01
728	  1,4540000000e+03	  2,94790e-01	 -4,25283e-01
729	  1,4560000000e+03	  2,91765e-01	 -4,30098e-01
730	  1,4580000000e+03	  2,87810e-01	 -4,35032e-01
731	  1,4600000000e+03	  2,82955e-01	 -4,36380e-01
732	  1,4620000000e+03	  2,79907e-01	 -4,39396e-01
733	  1,4640000000e+03	  2,78628e-01	 -4,41662e-01
734	  1,4660000000e+03	  2,76396e-01	 -4,45891e-01
735	  1,4680000000e+03	  2,71429e-01	 -4,49620e-01
736	  1,4700000000e+03	  2,68470e-01	 -4,52480e-01
737	  1,4720000000e+03	  2,64467e-01	 -4,56973e-01
738	  1,4740000000e+03	  2,59949e-01	 -4,61829e-01
739	  1,4760000000e+03	  2,56620e-01	 -4,65761e-01
740	  1,4780000000e+03	  2,54322e-01	 -4,69660e-01
741	  1,4800000000e+03	  2,46097e-01	 -4,70821e-01
742	  1,4820000000e+03	  2,41553e-01	 -4,77401e-01
743	  1,4840000000e+03	  2,38291e-01	 -4,81166e-01
744	  1,4860000000e+03	  2,29513e-01	 -4,83251e-01
745	  1,4880000000e+03	  2,22976e-01	 -4,87093e-01
746	  1,4900000000e+03	  2,19567e-01	 -4,95802e-01
747	  1,4920000000e+03	  2,14264e-01	 -5,01446e-01
748	  1,4940000000e+03	  2,06229e-01	 -5,05394e-01
749	  1,4960000000e+03	  1,99916e-01	 -5,09444e-01
750	  1,4980000000e+03	  1,94202e-01	 -5,08375e-01
751	  1,5000000000e+03	  1,85449e-01	 -5,11831e-01
752	  1,5020000000e+03	  1,75781e-01	 -5,13809e-01
753	  1,5040000000e+03	  1,68401e-01	 -5,14814e-01
754	  1,5060000000e+03	  1,66353e-01	 -5,15635e-01
755	  1,5080000000e+03	  1,62161e-01	 -5,17328e-01
756	  1,5100000000e+03	  1,55178e-01	 -5,17210e-01
757	  1,5120000000e+03	  1,45612e-01	 -5,18217e-01
758	  1,5140000000e+03	  1,38710e-01	 -5,22829e-01
759	  1,5160000000e+03	  1,33531e-01	 -5,24303e-01
760	  1,5180000000e+03	  1,28828e-01	 -5,23752e-01
761	  1,5200000000e+03	  1,23621e-01	 -5,24880e-01
762	  1,5220000000e+03	  1,16131e-01	 -5,23736e-01
763	  1,5240000000e+03	  1,08729e-01	 -5,25139e-01
764	  1,5260000000e+03	  1,04614e-01	 -5,22444e-01
765	  1,5280000000e+03	  1,00738e-01	 -5,21704e-01
766	  1,5300000000e+03	  9,60223e-02	 -5,25619e-01
767	  1,5320000000e+03	  9,00000e-02	 -5,26682e-01
768	  1,5340000000e+03	  8,37249e-02	 -5,28308e-01
769	  1,5360000000e+03	  7,75491e-02	 -5,29668e-01
770	  1,5380000000e+03	  7,49897e-02	 -5,30560e-01
771	  1,5400000000e+03	  7,17959e-02	 -5,32114e-01
772	  1,5420000000e+03	  6,34324e-02	 -5,33762e-01
773	  1,5440000000e+03	  6,11218e-02	 -5,34764e-01
774	  1,5460000000e+03	  5,77133e-02	 -5,34072e-01
775	  1,5480000000e+03	  5,01346e-02	 -5,34880e-01
776	  1,5500000000e+03	  4,08126e-02	 -5,39704e-01
777	  1,5520000000e+03	  3,73453e-02	 -5,39289e-01
778	  1,5540000000e+03	  3,35472e-02	 -5,38170e-01
779	  1,5560000000e+03	  2,45445e-02	 -5,39979e-01
780	  1,5580000000e+03	  1,69817e-02	 -5,40536e-01
781	  1,5600000000e+03	  1,03794e-02	 -5,39647e-01
782	  1,5620000000e+03	  3,77482e-03	 -5,38834e-01
783	  1,5640000000e+03	  7,78714e-04	 -5,40069e-01
784	  1,5660000000e+03	 -5,44383e-03	 -5,37559e-01
785	  1,5680000000e+03	 -9,10230e-03	 -5,38145e-01
786	  1,5700000000e+03	 -1,53844e-02	 -5,40414e-01
787	  1,5720000000e+03	 -2,31454e-02	 -5,40281e-01
788	  1,5740000000e+03	 -3,00309e-02	 -5,40845e-01
789	  1,5760000000e+03	 -3,75708e-02	 -5,42149e-01
790	  1,5780000000e+03	 -3,85279e-02	 -5,41782e-01
791	  1,5800000000e+03	 -4,20466e-02	 -5,41048e-01
792	  1,5820000000e+03	 -5,24110e-02	 -5,41441e-01
793	  1,5840000000e+03	 -5,91684e-02	 -5,41740e-01
794	  1,5860000000e+03	 -6,40105e-02	 -5,38504e-01
795	  1,5880000000e+03	 -6,69683e-02	 -5,38516e-01
796	  1,5900000000e+03	 -7,27368e-02	 -5,37933e-01
797	  1,5920000000e+03	 -8,18100e-02	 -5,36040e-01
798	  1,5940000000e+03	 -8,71256e-02	 -5,37251e-01
799	  1,5960000000e+03	 -9,04604e-02	 -5,39093e-01
800	  1,5980000000e+03	 -9,90520e-02	 -5,35967e-01
801	  1,6000000000e+03	 -1,05214e-01	 -5,34337e-01
802	  1,6020000000e+03	 -1,11399e-01	 -5,33054e-01
803	  1,6040000000e+03	 -1,17406e-01	 -5,29334e-01
804	  1,6060000000e+03	 -1,23289e-01	 -5,29234e-01
805	  1,6080000000e+03	 -1,27979e-01	 -5,28130e-01
806	  1,6100000000e+03	 -1,33806e-01	 -5,27255e-01
807	  1,6120000000e+03	 -1,40420e-01	 -5,30224e-01
808	  1,6140000000e+03	 -1,43037e-01	 -5,27198e-01
809	  1,6160000000e+03	 -1,48881e-01	 -5,22069e-01
810	  1,6180000000e+03	 -1,55140e-01	 -5,20857e-01
811	  1,6200000000e+03	 -1,60571e-01	 -5,19327e-01
812	  1,6220000000e+03	 -1,66015e-01	 -5,18048e-01
813	  1,6240000000e+03	 -1,72031e-01	 -5,16241e-01
814	  1,6260000000e+03	 -1,77193e-01	 -5,14886e-01
815	  1,6280000000e+03	 -1,79146e-01	 -5,15011e-01
816	  1,6300000000e+03	 -1,90104e-01	 -5,14727e-01
817	  1,6320000000e+03	 -1,98648e-01	 -5,14175e-01
818	  1,6340000000e+03	 -2,01382e-01	 -5,11074e-01
819	  1,6360000000e+03	 -2,05486e-01	 -5,08942e-01
820	  1,6380000000e+03	 -2,10808e-01	 -5,09568e-01
821	  1,6400000000e+03	 -2,16619e-01	 -5,08832e-01
822	  1,6420000000e+03	 -2,22765e-01	 -5,05098e-01
823	  1,6440000000e+03	 -2,27321e-01	 -5,00799e-01
824	  1,6460000000e+03	 -2,33448e-01	 -5,00144e-01
825	  1,6480000000e+03	 -2,41225e-01	 -4,98163e-01
826	  1,6500000000e+03	 -2,47450e-01	 -4,95909e-01
827	  1,6520000000e+03	 -2,53530e-01	 -4,93336e-01
828	  1,6540000000e+03	 -2,56444e-01	 -4,94088e-01
829	  1,6560000000e+03	 -2,61067e-01	 -4,87211e-01
830	  1,6580000000e+03	 -2,69290e-01	 -4,84432e-01
831	  1,6600000000e+03	 -2,75180e-01	 -4,82000e-01
832	  1,6620000000e+03	 -2,78536e-01	 -4,81251e-01
833	  1,6640000000e+03	 -2,86097e-01	 -4,79132e-01
834	  1,6660000000e+03	 -2,92198e-01	 -4,73723e-01
835	  1,6680000000e+03	 -2,96178e-01	 -4,69398e-01
836	  1,6700000000e+03	 -3,04098e-01	 -4,69036e-01
837	  1,6720000000e+03	 -3,08317e-01	 -4,65316e-01
838	  1,6740000000e+03	 -3,14826e-01	 -4,60486e-01
839	  1,6760000000e+03	 -3,21569e-01	 -4,56671e-01
840	  1,6780000000e+03	 -3,27020e-01	 -4,50660e-01
841	  1,6800000000e+03	 -3,31460e-01	 -4,47708e-01
842	  1,6820000000e+03	 -3,40547e-01	 -4,43917e-01
843	  1,6840000000e+03	 -3,44349e-01	 -4,39340e-01
844	  1,6860000000e+03	 -3,46853e-01	 -4,36078e-01
845	  1,6880000000e+03	 -3,51174e-01	 -4,30761e-01
846	  1,6900000000e+03	 -3,53081e-01	 -4,26532e-01
847	  1,6920000000e+03	 -3,53642e-01	 -4,23604e-01
848	  1,6940000000e+03	 -3,60016e-01	 -4,21003e-01
849	  1,6960000000e+03	 -3,65049e-01	 -4,18974e-01
850	  1,6980000000e+03	 -3,70808e-01	 -4,12104e-01
851	  1,7000000000e+03	 -3,72484e-01	 -4,09593e-01
852	  1,7020000000e+03	 -3,78568e-01	 -4,07790e-01
853	  1,7040000000e+03	 -3,85153e-01	 -4,06019e-01
854	  1,7060000000e+03	 -3,87482e-01	 -4,01633e-01
855	  1,7080000000e+03	 -3,92237e-01	 -3,95603e-01
856	  1,7100000000e+03	 -3,98471e-01	 -3,90211e-01
857	  1,7120000000e+03	 -4,01299e-01	 -3,85062e-01
858	  1,7140000000e+03	 -4,06185e-01	 -3,81032e-01
859	  1,7160000000e+03	 -4,10308e-01	 -3,76954e-01
860	  1,7180000000e+03	 -4,12029e-01	 -3,70468e-01
861	  1,7200000000e+03	 -4,13603e-01	 -3,67146e-01
862	  1,7220000000e+03	 -4,17466e-01	 -3,64949e-01
863	  1,7240000000e+03	 -4,21699e-01	 -3,62044e-01
864	  1,7260000000e+03	 -4,26833e-01	 -3,59501e-01
865	  1,7280000000e+03	 -4,30094e-01	 -3,54207e-01
866	  1,7300000000e+03	 -4,35840e-01	 -3,54811e-01
867	  1,7320000000e+03	 -4,38355e-01	 -3,52771e-01
868	  1,7340000000e+03	 -4,42489e-01	 -3,45906e-01
869	  1,7360000000e+03	 -4,45981e-01	 -3,38807e-01
870	  1,7380000000e+03	 -4,49747e-01	 -3,34609e-01
871	  1,7400000000e+03	 -4,57041e-01	 -3,31852e-01
872	  1,7420000000e+03	 -4,60943e-01	 -3,28719e-01
873	  1,7440000000e+03	 -4,63712e-01	 -3,24100e-01
874	  1,7460000000e+03	 -4,69268e-01	 -3,19113e-01
875	  1,7480000000e+03	 -4,76496e-01	 -3,13424e-01
876	  1,7500000000e+03	 -4,80848e-01	 -3,06402e-01
877	  1,7520000000e+03	 -4,84017e-01	 -3,01065e-01
878	  1,7540000000e+03	 -4,86519e-01	 -2,94801e-01
879	  1,7560000000e+03	 -4,90974e-01	 -2,89757e-01
880	  1,7580000000e+03	 -4,92134e-01	 -2,88591e-01
881	  1,7600000000e+03	 -4,96378e-01	 -2,84256e-01
882	  1,7620000000e+03	 -5,00241e-01	 -2,78949e-01
883	  1,7640000000e+03	 -5,03751e-01	 -2,71241e-01
884	  1,7660000000e+03	 -5,09502e-01	 -2,66935e-01
885	  1,7680000000e+03	 -5,12842e-01	 -2,63005e-01
886	  1,7700000000e+03	 -5,17375e-01	 -2,57402e-01
887	  1,7720000000e+03	 -5,19849e-01	 -2,52848e-01
888	  1,7740000000e+03	 -5,23070e-01	 -2,47576e-01
889	  1,7760000000e+03	 -5,26369e-01	 -2,41734e-01
890	  1,7780000000e+03	 -5,30683e-01	 -2,36272e-01
891	  1,7800000000e+03	 -5,33960e-01	 -2,29842e-01
892	  1,7820000000e+03	 -5,40146e-01	 -2,27083e-01
893	  1,7840000000e+03	 -5,44532e-01	 -2,18369e-01
894	  1,7860000000e+03	 -5,48757e-01	 -2,09959e-01
895	  1,7880000000e+03	 -5,51266e-01	 -2,04316e-01
896	  1,7900000000e+03	 -5,51884e-01	 -1,97937e-01
897	  1,7920000000e+03	 -5,55853e-01	 -1,91932e-01
898	  1,7940000000e+03	 -5,57441e-01	 -1,85293e-01
899	  1,7960000000e+03	 -5,60625e-01	 -1,77114e-01
900	  1,7980000000e+03	 -5,64370e-01	 -1,68358e-01
901	  1,8000000000e+03	 -5,65313e-01	 -1,60179e-01
902	  1,8020000000e+03	 -5,69009e-01	 -1,53087e-01
903	  1,8040000000e+03	 -5,69213e-01	 -1,49133e-01
904	  1,8060000000e+03	 -5,72571e-01	 -1,38955e-01
905	  1,8080000000e+03	 -5,76500e-01	 -1,32920e-01
906	  1,8100000000e+03	 -5,77203e-01	 -1,28442e-01
907	  1,8120000000e+03	 -5,78284e-01	 -1,24174e-01
908	  1,8140000000e+03	 -5,80002e-01	 -1,19448e-01
909	  1,8160000000e+03	 -5,82551e-01	 -1,08743e-01
910	  1,8180000000e+03	 -5,81946e-01	 -1,00467e-01
911	  1,8200000000e+03	 -5,84085e-01	 -9,58936e-02
912	  1,8220000000e+03	 -5,85042e-01	 -8,91736e-02
913	  1,8240000000e+03	 -5,86508e-01	 -8,47486e-02
914	  1,8260000000e+03	 -5,84497e-01	 -7,34992e-02
915	  1,8280000000e+03	 -5,85898e-01	 -6,56258e-02
916	  1,8300000000e+03	 -5,86011e-01	 -6,13660e-02
917	  1,8320000000e+03	 -5,87857e-01	 -5,43862e-02
918	  1,8340000000e+03	 -5,90857e-01	 -5,12681e-02
919	  1,8360000000e+03	 -5,91119e-01	 -4,30509e-02
920	  1,8380000000e+03	 -5,91510e-01	 -3,31927e-02
921	  1,8400000000e+03	 -5,89948e-01	 -2,64151e-02
922	  1,8420000000e+03	 -5,90435e-01	 -1,76616e-02
923	  1,8440000000e+03	 -5,92103e-01	 -1,19372e-02
924	  1,8460000000e+03	 -5,91637e-01	 -5,02529e-03
925	  1,8480000000e+03	 -5,90469e-01	  1,30486e-03
926	  1,8500000000e+03	 -5,87131e-01	  5,40460e-03
927	  1,8520000000e+03	 -5,90172e-01	  1,47474e-02
928	  1,8540000000e+03	 -5,91545e-01	  2,07925e-02
929	  1,8560000000e+03	 -5,89659e-01	  2,60343e-02
930	  1,8580000000e+03	 -5,88702e-01	  3,25499e-02
931	  1,8600000000e+03	 -5,90359e-01	  3,68624e-02
932	  1,8620000000e+03	 -5,90789e-01	  4,40755e-02
933	  1,8640000000e+03	 -5,89265e-01	  5,04660e-02
934	  1,8660000000e+03	 -5,89898e-01	  5,57933e-02
935	  1,8680000000e+03	 -5,88921e-01	  6,33847e-02
936	  1,8700000000e+03	 -5,88886e-01	  6,97496e-02
937	  1,8720000000e+03	 -5,88911e-01	  7,86096e-02
938	  1,8740000000e+03	 -5,87195e-01	  8,76082e-02
939	  1,8760000000e+03	 -5,88607e-01	  9,62998e-02
940	  1,8780000000e+03	 -5,86234e-01	  1,01259e-01
941	  1,8800000000e+03	 -5,84591e-01	  1,08128e-01
942	  1,8820000000e+03	 -5,81811e-01	  1,13798e-01
943	  1,8840000000e+03	 -5,84210e-01	  1,18696e-01
944	  1,8860000000e+03	 -5,84411e-01	  1,27760e-01
945	  1,8880000000e+03	 -5,80952e-01	  1,34344e-01
946	  1,8900000000e+03	 -5,79939e-01	  1,40499e-01
947	  1,8920000000e+03	 -5,81249e-01	  1,48897e-01
948	  1,8940000000e+03	 -5,76843e-01	  1,55781e-01
949	  1,8960000000e+03	 -5,75968e-01	  1,64441e-01
950	  1,8980000000e+03	 -5,72511e-01	  1,72073e-01
951	  1,9000000000e+03	 -5,68861e-01	  1,83580e-01
952	  1,9020000000e+03	 -5,68855e-01	  1,87046e-01
953	  1,9040000000e+03	 -5,65457e-01	  1,89111e-01
954	  1,9060000000e+03	 -5,63452e-01	  1,93815e-01
955	  1,9080000000e+03	 -5,61159e-01	  1,99289e-01
956	  1,9100000000e+03	 -5,56455e-01	  2,07520e-01
957	  1,9120000000e+03	 -5,56754e-01	  2,14039e-01
958	  1,9140000000e+03	 -5,57572e-01	  2,21223e-01
959	  1,9160000000e+03	 -5,56708e-01	  2,31315e-01
960	  1,9180000000e+03	 -5,53335e-01	  2,37144e-01
961	  1,9200000000e+03	 -5,51600e-01	  2,40562e-01
962	  1,9220000000e+03	 -5,46609e-01	  2,45574e-01
963	  1,9240000000e+03	 -5,42704e-01	  2,58683e-01
964	  1,9260000000e+03	 -5,41750e-01	  2,65432e-01
965	  1,9280000000e+03	 -5,34469e-01	  2,69601e-01
966	  1,9300000000e+03	 -5,30239e-01	  2,75294e-01
967	  1,9320000000e+03	 -5,27973e-01	  2,83962e-01
968	  1,9340000000e+03	 -5,25888e-01	  2,91335e-01
969	  1,9360000000e+03	 -5,21280e-01	  2,93553e-01
970	  1,9380000000e+03	 -5,16886e-01	  3,01983e-01
971	  1,9400000000e+03	 -5,13078e-01	  3,09446e-01
972	  1,9420000000e+03	 -5,08738e-01	  3,13116e-01
973	  1,9440000000e+03	 -5,01459e-01	  3,20532e-01
974	  1,9460000000e+03	 -5,00043e-01	  3,28233e-01
975	  1,9480000000e+03	 -4,94584e-01	  3,34552e-01
976	  1,9500000000e+03	 -4,88435e-01	  3,40014e-01
977	  1,9520000000e+03	 -4,84988e-01	  3,46307e-01
978	  1,9540000000e+03	 -4,80839e-01	  3,52648e-01
979	  1,9560000000e+03	 -4,74022e-01	  3,56015e-01
980	  1,9580000000e+03	 -4,69219e-01	  3,59320e-01
981	  1,9600000000e+03	 -4,64409e-01	  3,65622e-01
982	  1,9620000000e+03	 -4,60569e-01	  3,65247e-01
983	  1,9640000000e+03	 -4,53981e-01	  3,66743e-01
984	  1,9660000000e+03	 -4,49546e-01	  3,73235e-01
985	  1,9680000000e+03	 -4,47301e-01	  3,78355e-01
986	  1,9700000000e+03	 -4,41807e-01	  3,82506e-01
987	  1,9720000000e+03	 -4,36844e-01	  3,86909e-01
988	  1,9740000000e+03	 -4,31030e-01	  3,90643e-01
989	  1,9760000000e+03	 -4,26096e-01	  3,96841e-01
990	  1,9780000000e+03	 -4,20898e-01	  4,01231e-01
991	  1,9800000000e+03	 -4,16899e-01	  4,07317e-01
992	  1,9820000000e+03	 -4,08551e-01	  4,10587e-01
993	  1,9840000000e+03	 -4,01948e-01	  4,11108e-01
994	  1,9860000000e+03	 -3,97527e-01	  4,15243e-01
995	  1,9880000000e+03	 -3,91433e-01	  4,16482e-01
996	  1,9900000000e+03	 -3,88860e-01	  4,16215e-01
997	  1,9920000000e+03	 -3,88891e-01	  4,20378e-01
998	  1,9940000000e+03	 -3,86225e-01	  4,23064e-01
999	  1,9960000000e+03	 -3,80660e-01	  4,26247e-01
1000	  1,9980000000e+03	 -3,78054e-01	  4,28378e-01
1001	  2,0000000000e+03	 -3,74970e-01	  4,32359e-01
1002	  2,0020000000e+03	 -3,71247e-01	  4,36959e-01
1003	  2,0040000000e+03	 -3,68495e-01	  4,42028e-01
1004	  2,0060000000e+03	 -3,62653e-01	  4,47556e-01
1005	  2,0080000000e+03	 -3,59463e-01	  4,52526e-01
1006	  2,0100000000e+03	 -3,55879e-01	  4,57272e-01
1007	  2,0120000000e+03	 -3,53203e-01	  4,59045e-01
1008	  2,0140000000e+03	 -3,48465e-01	  4,61378e-01
1009	  2,0160000000e+03	 -3,43141e-01	  4,65925e-01
1010	  2,0180000000e+03	 -3,41501e-01	  4,73968e-01
1011	  2,0200000000e+03	 -3,34295e-01	  4,80146e-01
1012	  2,0220000000e+03	 -3,28005e-01	  4,83952e-01
1013	  2,0240000000e+03	 -3,24679e-01	  4,86770e-01
1014	  2,0260000000e+03	 -3,19859e-01	  4,90065e-01
1015	  2,0280000000e+03	 -3,13686e-01	  4,93400e-01
1016	  2,0300000000e+03	 -3,08047e-01	  4,95139e-01
1017	  2,0320000000e+03	 -3,02114e-01	  5,01860e-01
1018	  2,0340000000e+03	 -2,95641e-01	  5,06740e-01
1019	  2,0360000000e+03	 -2,91444e-01	  5,06070e-01
1020	  2,0380000000e+03	 -2,86266e-01	  5,11353e-01
1021	  2,0400000000e+03	 -2,80723e-01	  5,18139e-01
1022	  2,0420000000e+03	 -2,75639e-01	  5,20938e-01
1023	  2,0440000000e+03	 -2,70126e-01	  5,25435e-01
1024	  2,0460000000e+03	 -2,60270e-01	  5,29508e-01
1025	  2,0480000000e+03	 -2,52928e-01	  5,29168e-01
1026	  2,0500000000e+03	 -2,48277e-01	  5,32254e-01
1027	  2,0520000000e+03	 -2,41741e-01	  5,35673e-01
1028	  2,0540000000e+03	 -2,35639e-01	  5,37610e-01
1029	  2,0560000000e+03	 -2,27671e-01	  5,38894e-01
1030	  2,0580000000e+03	 -2,23198e-01	  5,41093e-01
1031	  2,0600000000e+03	 -2,18950e-01	  5,42793e-01
1032	  2,0620000000e+03	 -2,11970e-01	  5,44996e-01
1033	  2,0640000000e+03	 -2,04334e-01	  5,46856e-01
1034	  2,0660000000e+03	 -1,98936e-01	  5,51878e-01
1035	  2,0680000000e+03	 -1,90264e-01	  5,55791e-01
1036	  2,0700000000e+03	 -1,81585e-01	  5,56523e-01
1037	  2,0720000000e+03	 -1,75813e-01	  5,56581e-01
1038	  2,0740000000e+03	 -1,70106e-01	  5,59604e-01
1039	  2,0760000000e+03	 -1,63903e-01	  5,60071e-01
1040	  2,0780000000e+03	 -1,59924e-01	  5,59541e-01
1041	  2,0800000000e+03	 -1,55019e-01	  5,61915e-01
1042	  2,0820000000e+03	 -1,48330e-01	  5,64207e-01
1043	  2,0840000000e+03	 -1,41961e-01	  5,65579e-01
1044	  2,0860000000e+03	 -1,32437e-01	  5,66990e-01
1045	  2,0880000000e+03	 -1,25675e-01	  5,65955e-01
1046	  2,0900000000e+03	 -1,20025e-01	  5,68031e-01
1047	  2,0920000000e+03	 -1,16387e-01	  5,68945e-01
1048	  2,0940000000e+03	 -1,10379e-01	  5,69332e-01
1049	  2,0960000000e+03	 -1,00559e-01	  5,71040e-01
1050	  2,0980000000e+03	 -1,00577e-01	  5,69990e-01
1051	  2,1000000000e+03	 -9,20856e-02	  5,71497e-01
1052	  2,1020000000e+03	 -8,36990e-02	  5,73362e-01
1053	  2,1040000000e+03	 -7,95863e-02	  5,73672e-01
1054	  2,1060000000e+03	 -7,31457e-02	  5,74732e-01
1055	  2,1080000000e+03	 -7,02114e-02	  5,71857e-01
1056	  2,1100000000e+03	 -6,22886e-02	  5,73244e-01
1057	  2,1120000000e+03	 -5,57186e-02	  5,72728e-01
1058	  2,1140000000e+03	 -4,91415e-02	  5,69937e-01
1059	  2,1160000000e+03	 -4,59613e-02	  5,70392e-01
1060	  2,1180000000e+03	 -3,94442e-02	  5,73444e-01
1061	  2,1200000000e+03	 -3,34137e-02	  5,76651e-01
1062	  2,1220000000e+03	 -2,66142e-02	  5,72341e-01
1063	  2,1240000000e+03	 -2,09772e-02	  5,69606e-01
1064	  2,1260000000e+03	 -1,47859e-02	  5,71259e-01
1065	  2,1280000000e+03	 -9,41353e-03	  5,72512e-01
1066	  2,1300000000e+03	 -7,57764e-03	  5,76209e-01
1067	  2,1320000000e+03	 -1,89515e-03	  5,73352e-01
1068	  2,1340000000e+03	  5,12089e-03	  5,72928e-01
1069	  2,1360000000e+03	  1,08618e-02	  5,73240e-01
1070	  2,1380000000e+03	  1,59741e-02	  5,72261e-01
1071	  2,1400000000e+03	  1,94136e-02	  5,74348e-01
1072	  2,1420000000e+03	  2,25543e-02	  5,73788e-01
1073	  2,1440000000e+03	  3,02013e-02	  5,72777e-01
1074	  2,1460000000e+03	  3,40343e-02	  5,75300e-01
1075	  2,1480000000e+03	  4,09606e-02	  5,76135e-01
1076	  2,1500000000e+03	  4,65455e-02	  5,79479e-01
1077	  2,1520000000e+03	  4,99699e-02	  5,78044e-01
1078	  2,1540000000e+03	  5,77821e-02	  5,76415e-01
1079	  2,1560000000e+03	  6,51982e-02	  5,76830e-01
1080	  2,1580000000e+03	  7,22323e-02	  5,78692e-01
1081	  2,1600000000e+03	  7,98295e-02	  5,81466e-01
1082	  2,1620000000e+03	  8,74281e-02	  5,82721e-01
1083	  2,1640000000e+03	  9,39796e-02	  5,78645e-01
1084	  2,1660000000e+03	  1,00523e-01	  5,77022e-01
1085	  2,1680000000e+03	  1,08337e-01	  5,77207e-01
1086	  2,1700000000e+03	  1,14455e-01	  5,74570e-01
1087	  2,1720000000e+03	  1,22060e-01	  5,72607e-01
1088	  2,1740000000e+03	  1,28096e-01	  5,71067e-01
1089	  2,1760000000e+03	  1,32314e-01	  5,69299e-01
1090	  2,1780000000e+03	  1,39486e-01	  5,68401e-01
1091	  2,1800000000e+03	  1,48304e-01	  5,66857e-01
1092	  2,1820000000e+03	  1,56260e-01	  5,63147e-01
1093	  2,1840000000e+03	  1,58644e-01	  5,60037e-01
1094	  2,1860000000e+03	  1,62766e-01	  5,59807e-01
1095	  2,1880000000e+03	  1,68892e-01	  5,60938e-01
1096	  2,1900000000e+03	  1,73064e-01	  5,57015e-01
1097	  2,1920000000e+03	  1,76265e-01	  5,52732e-01
1098	  2,1940000000e+03	  1,81573e-01	  5,47554e-01
1099	  2,1960000000e+03	  1,91885e-01	  5,49119e-01
1100	  2,1980000000e+03	  1,99269e-01	  5,47388e-01
1101	  2,2000000000e+03	  2,05836e-01	  5,44387e-01
1102	  2,2020000000e+03	  2,12512e-01	  5,47016e-01
1103	  2,2040000000e+03	  2,13784e-01	  5,45609e-01
1104	  2,2060000000e+03	  2,17999e-01	  5,41344e-01
1105	  2,2080000000e+03	  2,26990e-01	  5,37219e-01
1106	  2,2100000000e+03	  2,33218e-01	  5,36322e-01
1107	  2,2120000000e+03	  2,37444e-01	  5,33679e-01
1108	  2,2140000000e+03	  2,39007e-01	  5,32683e-01
1109	  2,2160000000e+03	  2,44770e-01	  5,31354e-01
1110	  2,2180000000e+03	  2,54909e-01	  5,28080e-01
1111	  2,2200000000e+03	  2,62533e-01	  5,25128e-01
1112	  2,2220000000e+03	  2,64449e-01	  5,22313e-01
1113	  2,2240000000e+03	  2,69227e-01	  5,21565e-01
1114	  2,2260000000e+03	  2,74786e-01	  5,19427e-01
1115	  2,2280000000e+03	  2,80983e-01	  5,19440e-01
1116	  2,2300000000e+03	  2,86110e-01	  5,15223e-01
1117	  2,2320000000e+03	  2,92683e-01	  5,11547e-01
1118	  2,2340000000e+03	  2,98618e-01	  5,10298e-01
1119	  2,2360000000e+03	  3,05749e-01	  5,04353e-01
1120	  2,2380000000e+03	  3,07970e-01	  5,00711e-01
1121	  2,2400000000e+03	  3,14292e-01	  5,00138e-01
1122	  2,2420000000e+03	  3,17360e-01	  4,97064e-01
1123	  2,2440000000e+03	  3,25966e-01	  4,93990e-01
1124	  2,2460000000e+03	  3,33886e-01	  4,95294e-01
1125	  2,2480000000e+03	  3,42445e-01	  4,90469e-01
1126	  2,2500000000e+03	  3,49353e-01	  4,84622e-01
1127	  2,2520000000e+03	  3,56254e-01	  4,78688e-01
1128	  2,2540000000e+03	  3,57414e-01	  4,74316e-01
1129	  2,2560000000e+03	  3,61606e-01	  4,71428e-01
1130	  2,2580000000e+03	  3,65983e-01	  4,65974e-01
1131	  2,2600000000e+03	  3,71704e-01	  4,64251e-01
1132	  2,2620000000e+03	  3,76690e-01	  4,61145e-01
1133	  2,2640000000e+03	  3,80274e-01	  4,56102e-01
1134	  2,2660000000e+03	  3,87231e-01	  4,57119e-01
1135	  2,2680000000e+03	  3,97490e-01	  4,53288e-01
1136	  2,2700000000e+03	  4,00623e-01	  4,47085e-01
1137	  2,2720000000e+03	  4,07087e-01	  4,42964e-01
1138	  2,2740000000e+03	  4,14616e-01	  4,39478e-01
1139	  2,2760000000e+03	  4,17927e-01	  4,37166e-01
1140	  2,2780000000e+03	  4,21798e-01	  4,28868e-01
1141	  2,2800000000e+03	  4,24473e-01	  4,21172e-01
1142	  2,2820000000e+03	  4,27964e-01	  4,18492e-01
1143	  2,2840000000e+03	  4,28421e-01	  4,15400e-01
1144	  2,2860000000e+03	  4,30840e-01	  4,11883e-01
1145	  2,2880000000e+03	  4,36193e-01	  4,06473e-01
1146	  2,2900000000e+03	  4,44465e-01	  4,03034e-01
1147	  2,2920000000e+03	  4,50686e-01	  4,00414e-01
1148	  2,2940000000e+03	  4,52495e-01	  3,96081e-01
1149	  2,2960000000e+03	  4,59725e-01	  3,94868e-01
1150	  2,2980000000e+03	  4,63975e-01	  3,87833e-01
1151	  2,3000000000e+03	  4,67567e-01	  3,81845e-01
1152	  2,3020000000e+03	  4,72773e-01	  3,73966e-01
1153	  2,3040000000e+03	  4,78595e-01	  3,70562e-01
1154	  2,3060000000e+03	  4,83331e-01	  3,68797e-01
1155	  2,3080000000e+03	  4,87892e-01	  3,63961e-01
1156	  2,3100000000e+03	  4,95489e-01	  3,55383e-01
1157	  2,3120000000e+03	  5,00198e-01	  3,49158e-01
1158	  2,3140000000e+03	  5,03634e-01	  3,45373e-01
1159	  2,3160000000e+03	  5,07101e-01	  3,39920e-01
1160	  2,3180000000e+03	  5,11303e-01	  3,36450e-01
1161	  2,3200000000e+03	  5,15365e-01	  3,29709e-01
1162	  2,3220000000e+03	  5,18837e-01	  3,22260e-01
1163	  2,3240000000e+03	  5,21978e-01	  3,19788e-01
1164	  2,3260000000e+03	  5,27297e-01	  3,15519e-01
1165	  2,3280000000e+03	  5,31424e-01	  3,05490e-01
1166	  2,3300000000e+03	  5,33293e-01	  2,99393e-01
1167	  2,3320000000e+03	  5,38576e-01	  2,94982e-01
1168	  2,3340000000e+03	  5,43148e-01	  2,90768e-01
1169	  2,3360000000e+03	  5,48897e-01	  2,83498e-01
1170	  2,3380000000e+03	  5,52530e-01	  2,78102e-01
1171	  2,3400000000e+03	  5,51562e-01	  2,73135e-01
1172	  2,3420000000e+03	  5,54321e-01	  2,66054e-01
1173	  2,3440000000e+03	  5,58396e-01	  2,59174e-01
1174	  2,3460000000e+03	  5,64414e-01	  2,53752e-01
1175	  2,3480000000e+03	  5,72154e-01	  2,45983e-01
1176	  2,3500000000e+03	  5,72276e-01	  2,38548e-01
1177	  2,3520000000e+03	  5,76081e-01	  2,32575e-01
1178	  2,3540000000e+03	  5,81051e-01	  2,25501e-01
1179	  2,3560000000e+03	  5,82182e-01	  2,17325e-01
1180	  2,3580000000e+03	  5,80874e-01	  2,10873e-01
1181	  2,3600000000e+03	  5,83121e-01	  2,04215e-01
1182	  2,3620000000e+03	  5,88539e-01	  1,97868e-01
1183	  2,3640000000e+03	  5,89609e-01	  1,91921e-01
1184	  2,3660000000e+03	  5,91472e-01	  1,85664e-01
1185	  2,3680000000e+03	  5,96488e-01	  1,77827e-01
1186	  2,3700000000e+03	  5,98337e-01	  1,70757e-01
1187	  2,3720000000e+03	  5,98837e-01	  1,61333e-01
1188	  2,3740000000e+03	  5,99084e-01	  1,56669e-01
1189	  2,3760000000e+03	  5,97486e-01	  1,49393e-01
1190	  2,3780000000e+03	  5,99878e-01	  1,45785e-01
1191	  2,3800000000e+03	  6,01869e-01	  1,37694e-01
1192	  2,3820000000e+03	  6,06835e-01	  1,31332e-01
1193	  2,3840000000e+03	  6,05999e-01	  1,25545e-01
1194	  2,3860000000e+03	  6,06868e-01	  1,20409e-01
1195	  2,3880000000e+03	  6,08462e-01	  1,14115e-01
1196	  2,3900000000e+03	  6,07932e-01	  1,08046e-01
1197	  2,3920000000e+03	  6,11860e-01	  9,82966e-02
1198	  2,3940000000e+03	  6,15931e-01	  9,19061e-02
1199	  2,3960000000e+03	  6,14069e-01	  8,83700e-02
1200	  2,3980000000e+03	  6,17584e-01	  8,08717e-02
1201	  2,4000000000e+03	  6,18454e-01	  7,29180e-02
1202	  2,4020000000e+03	  6,18534e-01	  6,46771e-02
1203	  2,4040000000e+03	  6,21222e-01	  5,67160e-02
1204	  2,4060000000e+03	  6,20195e-01	  4,89994e-02
1205	  2,4080000000e+03	  6,22765e-01	  3,97977e-02
1206	  2,4100000000e+03	  6,18068e-01	  3,23300e-02
1207	  2,4120000000e+03	  6,18665e-01	  2,69626e-02
1208	  2,4140000000e+03	  6,21850e-01	  2,56966e-02
1209	  2,4160000000e+03	  6,23530e-01	  2,16167e-02
1210	  2,4180000000e+03	  6,22729e-01	  1,46116e-02
1211	  2,4200000000e+03	  6,22744e-01	  7,06129e-03
1212	  2,4220000000e+03	  6,26239e-01	 -1,87626e-03
1213	  2,4240000000e+03	  6,28518e-01	 -8,85417e-03
1214	  2,4260000000e+03	  6,27318e-01	 -1,84002e-02
1215	  2,4280000000e+03	  6,27935e-01	 -2,43908e-02
1216	  2,4300000000e+03	  6,27820e-01	 -2,97833e-02
1217	  2,4320000000e+03	  6,25756e-01	 -3,95489e-02
1218	  2,4340000000e+03	  6,27579e-01	 -4,59699e-02
1219	  2,4360000000e+03	  6,29637e-01	 -5,13170e-02
1220	  2,4380000000e+03	  6,25443e-01	 -5,96527e-02
1221	  2,4400000000e+03	  6,22588e-01	 -6,48772e-02
1222	  2,4420000000e+03	  6,23918e-01	 -7,10364e-02
1223	  2,4440000000e+03	  6,24476e-01	 -8,20385e-02
1224	  2,4460000000e+03	  6,25030e-01	 -8,97368e-02
1225	  2,4480000000e+03	  6,24851e-01	 -9,51782e-02
1226	  2,4500000000e+03	  6,25312e-01	 -1,02328e-01
1227	  2,4520000000e+03	  6,25556e-01	 -1,08686e-01
1228	  2,4540000000e+03	  6,24829e-01	 -1,19163e-01
1229	  2,4560000000e+03	  6,24396e-01	 -1,28417e-01
1230	  2,4580000000e+03	  6,22944e-01	 -1,35821e-01
1231	  2,4600000000e+03	  6,19346e-01	 -1,43940e-01
1232	  2,4620000000e+03	  6,21091e-01	 -1,50199e-01
1233	  2,4640000000e+03	  6,21634e-01	 -1,56921e-01
1234	  2,4660000000e+03	  6,15112e-01	 -1,62666e-01
1235	  2,4680000000e+03	  6,13193e-01	 -1,73361e-01
1236	  2,4700000000e+03	  6,12330e-01	 -1,81167e-01
1237	  2,4720000000e+03	  6,11025e-01	 -1,88333e-01
1238	  2,4740000000e+03	  6,09991e-01	 -1,94776e-01
1239	  2,4760000000e+03	  6,09301e-01	 -2,02910e-01
1240	  2,4780000000e+03	  6,08197e-01	 -2,10287e-01
1241	  2,4800000000e+03	  6,06191e-01	 -2,17890e-01
1242	  2,4820000000e+03	  6,00813e-01	 -2,27583e-01
1243	  2,4840000000e+03	  5,94545e-01	 -2,36966e-01
1244	  2,4860000000e+03	  5,90842e-01	 -2,43128e-01
1245	  2,4880000000e+03	  5,92726e-01	 -2,48970e-01
1246	  2,4900000000e+03	  5,83205e-01	 -2,55972e-01
1247	  2,4920000000e+03	  5,76400e-01	 -2,62591e-01
1248	  2,4940000000e+03	  5,76854e-01	 -2,71042e-01
1249	  2,4960000000e+03	  5,74085e-01	 -2,78218e-01
1250	  2,4980000000e+03	  5,65971e-01	 -2,83924e-01
1251	  2,5000000000e+03	  5,63998e-01	 -2,88631e-01
1252	  2,5020000000e+03	  5,59056e-01	 -2,90485e-01
1253	  2,5040000000e+03	  5,53156e-01	 -2,95975e-01
1254	  2,5060000000e+03	  5,49368e-01	 -3,04932e-01
1255	  2,5080000000e+03	  5,43777e-01	 -3,07744e-01
1256	  2,5100000000e+03	  5,38587e-01	 -3,13111e-01
1257	  2,5120000000e+03	  5,32736e-01	 -3,22249e-01
1258	  2,5140000000e+03	  5,28301e-01	 -3,24724e-01
1259	  2,5160000000e+03	  5,23163e-01	 -3,28422e-01
1260	  2,5180000000e+03	  5,19533e-01	 -3,32882e-01
1261	  2,5200000000e+03	  5,16016e-01	 -3,34917e-01
1262	  2,5220000000e+03	  5,13227e-01	 -3,35656e-01
1263	  2,5240000000e+03	  5,10941e-01	 -3,38312e-01
1264	  2,5260000000e+03	  5,09559e-01	 -3,42688e-01
1265	  2,5280000000e+03	  5,06861e-01	 -3,46032e-01
1266	  2,5300000000e+03	  5,05514e-01	 -3,51707e-01
1267	  2,5320000000e+03	  5,06986e-01	 -3,54361e-01
1268	  2,5340000000e+03	  5,05275e-01	 -3,57668e-01
1269	  2,5360000000e+03	  5,04540e-01	 -3,59340e-01
1270	  2,5380000000e+03	  5,03463e-01	 -3,69225e-01
1271	  2,5400000000e+03	  5,01334e-01	 -3,74068e-01
1272	  2,5420000000e+03	  4,99765e-01	 -3,77462e-01
1273	  2,5440000000e+03	  4,99781e-01	 -3,85313e-01
1274	  2,5460000000e+03	  4,99067e-01	 -3,93092e-01
1275	  2,5480000000e+03	  5,00689e-01	 -3,99874e-01
1276	  2,5500000000e+03	  4,99887e-01	 -4,08511e-01
1277	  2,5520000000e+03	  4,97681e-01	 -4,16550e-01
1278	  2,5540000000e+03	  4,89866e-01	 -4,26234e-01
1279	  2,5560000000e+03	  4,87645e-01	 -4,34804e-01
1280	  2,5580000000e+03	  4,82285e-01	 -4,42897e-01
1281	  2,5600000000e+03	  4,79274e-01	 -4,50289e-01
1282	  2,5620000000e+03	  4,75532e-01	 -4,54561e-01
1283	  2,5640000000e+03	  4,70435e-01	 -4,63150e-01
1284	  2,5660000000e+03	  4,67653e-01	 -4,68827e-01
1285	  2,5680000000e+03	  4,64852e-01	 -4,78065e-01
1286	  2,5700000000e+03	  4,59450e-01	 -4,88174e-01
1287	  2,5720000000e+03	  4,53249e-01	 -4,96044e-01
1288	  2,5740000000e+03	  4,48440e-01	 -5,06254e-01
1289	  2,5760000000e+03	  4,44769e-01	 -5,13247e-01
1290	  2,5780000000e+03	  4,36618e-01	 -5,22259e-01
1291	  2,5800000000e+03	  4,26796e-01	 -5,33050e-01
1292	  2,5820000000e+03	  4,22370e-01	 -5,40084e-01
1293	  2,5840000000e+03	  4,13868e-01	 -5,47640e-01
1294	  2,5860000000e+03	  4,02935e-01	 -5,52721e-01
1295	  2,5880000000e+03	  3,95120e-01	 -5,62431e-01
1296	  2,5900000000e+03	  3,81645e-01	 -5,69576e-01
1297	  2,5920000000e+03	  3,69610e-01	 -5,74904e-01
1298	  2,5940000000e+03	  3,62601e-01	 -5,79313e-01
1299	  2,5960000000e+03	  3,52993e-01	 -5,85789e-01
1300	  2,5980000000e+03	  3,40437e-01	 -5,93274e-01
1301	  2,6000000000e+03	  3,32361e-01	 -5,94886e-01
1302	  2,6020000000e+03	  3,23779e-01	 -5,95458e-01
1303	  2,6040000000e+03	  3,17410e-01	 -5,98782e-01
1304	  2,6060000000e+03	  3,09830e-01	 -6,00310e-01
1305	  2,6080000000e+03	  2,99698e-01	 -6,01538e-01
1306	  2,6100000000e+03	  2,87378e-01	 -6,03271e-01
1307	  2,6120000000e+03	  2,82513e-01	 -6,06838e-01
1308	  2,6140000000e+03	  2,76380e-01	 -6,11076e-01
1309	  2,6160000000e+03	  2,65535e-01	 -6,14987e-01
1310	  2,6180000000e+03	  2,57565e-01	 -6,15912e-01
1311	  2,6200000000e+03	  2,49303e-01	 -6,15906e-01
1312	  2,6220000000e+03	  2,41237e-01	 -6,17098e-01
1313	  2,6240000000e+03	  2,31702e-01	 -6,22868e-01
1314	  2,6260000000e+03	  2,22260e-01	 -6,23462e-01
1315	  2,6280000000e+03	  2,16058e-01	 -6,20052e-01
1316	  2,6300000000e+03	  2,12156e-01	 -6,21408e-01
1317	  2,6320000000e+03	  2,06395e-01	 -6,23740e-01
1318	  2,6340000000e+03	  1,97354e-01	 -6,24960e-01
1319	  2,6360000000e+03	  1,92509e-01	 -6,27814e-01
1320	  2,6380000000e+03	  1,85792e-01	 -6,29206e-01
1321	  2,6400000000e+03	  1,79024e-01	 -6,34983e-01
1322	  2,6420000000e+03	  1,74333e-01	 -6,39191e-01
1323	  2,6440000000e+03	  1,66048e-01	 -6,43036e-01
1324	  2,6460000000e+03	  1,59058e-01	 -6,44073e-01
1325	  2,6480000000e+03	  1,48820e-01	 -6,45815e-01
1326	  2,6500000000e+03	  1,38097e-01	 -6,47694e-01
1327	  2,6520000000e+03	  1,29417e-01	 -6,49055e-01
1328	  2,6540000000e+03	  1,21012e-01	 -6,49358e-01
1329	  2,6560000000e+03	  1,15560e-01	 -6,54064e-01
1330	  2,6580000000e+03	  1,07698e-01	 -6,54301e-01
1331	  2,6600000000e+03	  9,87010e-02	 -6,51200e-01
1332	  2,6620000000e+03	  8,70481e-02	 -6,51017e-01
1333	  2,6640000000e+03	  7,84575e-02	 -6,54985e-01
1334	  2,6660000000e+03	  7,34635e-02	 -6,57100e-01
1335	  2,6680000000e+03	  6,09484e-02	 -6,57503e-01
1336	  2,6700000000e+03	  5,10259e-02	 -6,57081e-01
1337	  2,6720000000e+03	  4,34765e-02	 -6,58050e-01
1338	  2,6740000000e+03	  3,56970e-02	 -6,57643e-01
1339	  2,6760000000e+03	  2,48161e-02	 -6,53419e-01
1340	  2,6780000000e+03	  1,45661e-02	 -6,53699e-01
1341	  2,6800000000e+03	  4,91758e-03	 -6,53139e-01
1342	  2,6820000000e+03	 -1,66018e-03	 -6,49181e-01
1343	  2,6840000000e+03	 -9,41900e-03	 -6,49775e-01
1344	  2,6860000000e+03	 -1,74579e-02	 -6,45975e-01
1345	  2,6880000000e+03	 -2,47719e-02	 -6,43883e-01
1346	  2,6900000000e+03	 -3,09043e-02	 -6,42419e-01
1347	  2,6920000000e+03	 -4,00825e-02	 -6,40215e-01
1348	  2,6940000000e+03	 -5,11330e-02	 -6,36185e-01
1349	  2,6960000000e+03	 -5,70147e-02	 -6,34420e-01
1350	  2,6980000000e+03	 -6,41031e-02	 -6,34679e-01
1351	  2,7000000000e+03	 -7,14015e-02	 -6,30419e-01
1352	  2,7020000000e+03	 -7,60055e-02	 -6,26310e-01
1353	  2,7040000000e+03	 -8,04959e-02	 -6,24402e-01
1354	  2,7060000000e+03	 -8,71402e-02	 -6,22782e-01
1355	  2,7080000000e+03	 -9,42307e-02	 -6,20328e-01
1356	  2,7100000000e+03	 -1,00174e-01	 -6,19437e-01
1357	  2,7120000000e+03	 -1,04536e-01	 -6,20773e-01
1358	  2,7140000000e+03	 -1,13307e-01	 -6,20322e-01
1359	  2,7160000000e+03	 -1,21136e-01	 -6,16001e-01
1360	  2,7180000000e+03	 -1,27926e-01	 -6,12341e-01
1361	  2,7200000000e+03	 -1,34896e-01	 -6,10284e-01
1362	  2,7220000000e+03	 -1,41231e-01	 -6,08975e-01
1363	  2,7240000000e+03	 -1,50250e-01	 -6,09901e-01
1364	  2,7260000000e+03	 -1,55952e-01	 -6,06786e-01
1365	  2,7280000000e+03	 -1,62215e-01	 -6,03039e-01
1366	  2,7300000000e+03	 -1,70479e-01	 -6,00909e-01
1367	  2,7320000000e+03	 -1,78917e-01	 -5,96902e-01
1368	  2,7340000000e+03	 -1,85026e-01	 -5,95593e-01
1369	  2,7360000000e+03	 -1,88624e-01	 -5,92105e-01
1370	  2,7380000000e+03	 -1,94740e-01	 -5,86704e-01
1371	  2,7400000000e+03	 -2,04921e-01	 -5,82285e-01
1372	  2,7420000000e+03	 -2,09619e-01	 -5,81662e-01
1373	  2,7440000000e+03	 -2,14834e-01	 -5,81293e-01
1374	  2,7460000000e+03	 -2,25833e-01	 -5,77588e-01
1375	  2,7480000000e+03	 -2,34951e-01	 -5,72520e-01
1376	  2,7500000000e+03	 -2,38390e-01	 -5,67228e-01
1377	  2,7520000000e+03	 -2,47529e-01	 -5,61487e-01
1378	  2,7540000000e+03	 -2,52016e-01	 -5,59022e-01
1379	  2,7560000000e+03	 -2,56576e-01	 -5,55434e-01
1380	  2,7580000000e+03	 -2,61895e-01	 -5,53149e-01
1381	  2,7600000000e+03	 -2,68743e-01	 -5,46842e-01
1382	  2,7620000000e+03	 -2,73590e-01	 -5,41704e-01
1383	  2,7640000000e+03	 -2,77108e-01	 -5,36700e-01
1384	  2,7660000000e+03	 -2,83844e-01	 -5,33896e-01
1385	  2,7680000000e+03	 -2,90601e-01	 -5,31649e-01
1386	  2,7700000000e+03	 -2,95797e-01	 -5,28134e-01
1387	  2,7720000000e+03	 -3,03647e-01	 -5,21812e-01
1388	  2,7740000000e+03	 -3,10834e-01	 -5,13404e-01
1389	  2,7760000000e+03	 -3,14698e-01	 -5,08000e-01
1390	  2,7780000000e+03	 -3,18197e-01	 -5,03845e-01
1391	  2,7800000000e+03	 -3,22083e-01	 -4,98487e-01
1392	  2,7820000000e+03	 -3,26232e-01	 -4,96223e-01
1393	  2,7840000000e+03	 -3,32120e-01	 -4,92142e-01
1394	  2,7860000000e+03	 -3,34697e-01	 -4,85154e-01
1395	  2,7880000000e+03	 -3,40127e-01	 -4,78317e-01
1396	  2,7900000000e+03	 -3,43868e-01	 -4,72893e-01
1397	  2,7920000000e+03	 -3,46620e-01	 -4,65349e-01
1398	  2,7940000000e+03	 -3,47191e-01	 -4,61264e-01
1399	  2,7960000000e+03	 -3,50834e-01	 -4,55454e-01
1400	  2,7980000000e+03	 -3,55047e-01	 -4,52988e-01
1401	  2,8000000000e+03	 -3,57294e-01	 -4,48723e-01
1402	  2,8020000000e+03	 -3,59136e-01	 -4,45342e-01
1403	  2,8040000000e+03	 -3,62020e-01	 -4,38795e-01
1404	  2,8060000000e+03	 -3,64047e-01	 -4,35601e-01
1405	  2,8080000000e+03	 -3,67077e-01	 -4,34386e-01
1406	  2,8100000000e+03	 -3,69984e-01	 -4,30103e-01
1407	  2,8120000000e+03	 -3,72126e-01	 -4,26196e-01
1408	  2,8140000000e+03	 -3,74757e-01	 -4,22456e-01
1409	  2,8160000000e+03	 -3,78832e-01	 -4,21602e-01
1410	  2,8180000000e+03	 -3,83198e-01	 -4,16156e-01
1411	  2,8200000000e+03	 -3,85837e-01	 -4,12441e-01
1412	  2,8220000000e+03	 -3,90119e-01	 -4,07950e-01
1413	  2,8240000000e+03	 -3,94070e-01	 -4,04311e-01
1414	  2,8260000000e+03	 -3,98005e-01	 -4,02898e-01
1415	  2,8280000000e+03	 -4,00823e-01	 -4,01477e-01
1416	  2,8300000000e+03	 -4,02243e-01	 -3,99729e-01
1417	  2,8320000000e+03	 -4,08556e-01	 -3,93431e-01
1418	  2,8340000000e+03	 -4,13687e-01	 -3,89678e-01
1419	  2,8360000000e+03	 -4,19353e-01	 -3,88285e-01
1420	  2,8380000000e+03	 -4,25542e-01	 -3,85582e-01
1421	  2,8400000000e+03	 -4,29517e-01	 -3,82407e-01
1422	  2,8420000000e+03	 -4,33448e-01	 -3,74822e-01
1423	  2,8440000000e+03	 -4,37701e-01	 -3,68261e-01
1424	  2,8460000000e+03	 -4,44094e-01	 -3,61805e-01
1425	  2,8480000000e+03	 -4,47893e-01	 -3,56889e-01
1426	  2,8500000000e+03	 -4,51244e-01	 -3,53193e-01
1427	  2,8520000000e+03	 -4,54204e-01	 -3,48935e-01
1428	  2,8540000000e+03	 -4,57911e-01	 -3,40900e-01
1429	  2,8560000000e+03	 -4,59329e-01	 -3,34263e-01
1430	  2,8580000000e+03	 -4,63828e-01	 -3,30344e-01
1431	  2,8600000000e+03	 -4,69146e-01	 -3,27744e-01
1432	  2,8620000000e+03	 -4,72480e-01	 -3,22520e-01
1433	  2,8640000000e+03	 -4,77553e-01	 -3,14221e-01
1434	  2,8660000000e+03	 -4,78717e-01	 -3,09048e-01
1435	  2,8680000000e+03	 -4,82231e-01	 -3,01775e-01
1436	  2,8700000000e+03	 -4,82399e-01	 -2,96413e-01
1437	  2,8720000000e+03	 -4,86655e-01	 -2,87964e-01
1438	  2,8740000000e+03	 -4,89601e-01	 -2,83570e-01
1439	  2,8760000000e+03	 -4,90414e-01	 -2,77860e-01
1440	  2,8780000000e+03	 -4,91770e-01	 -2,71435e-01
1441	  2,8800000000e+03	 -4,94498e-01	 -2,65550e-01
1442	  2,8820000000e+03	 -4,97930e-01	 -2,59491e-01
1443	  2,8840000000e+03	 -4,97402e-01	 -2,55126e-01
1444	  2,8860000000e+03	 -4,99332e-01	 -2,51230e-01
1445	  2,8880000000e+03	 -5,02237e-01	 -2,46241e-01
1446	  2,8900000000e+03	 -5,06024e-01	 -2,43347e-01
1447	  2,8920000000e+03	 -5,06796e-01	 -2,37257e-01
1448	  2,8940000000e+03	 -5,07909e-01	 -2,29964e-01
1449	  2,8960000000e+03	 -5,10283e-01	 -2,22071e-01
1450	  2,8980000000e+03	 -5,11339e-01	 -2,16482e-01
1451	  2,9000000000e+03	 -5,12718e-01	 -2,12474e-01
1452	  2,9020000000e+03	 -5,15702e-01	 -2,08711e-01
1453	  2,9040000000e+03	 -5,16593e-01	 -2,03223e-01
1454	  2,9060000000e+03	 -5,20184e-01	 -1,99358e-01
1455	  2,9080000000e+03	 -5,20699e-01	 -1,91321e-01
1456	  2,9100000000e+03	 -5,23459e-01	 -1,88016e-01
1457	  2,9120000000e+03	 -5,23097e-01	 -1,83470e-01
1458	  2,9140000000e+03	 -5,19856e-01	 -1,77084e-01
1459	  2,9160000000e+03	 -5,22399e-01	 -1,72942e-01
1460	  2,9180000000e+03	 -5,24439e-01	 -1,67127e-01
1461	  2,9200000000e+03	 -5,23474e-01	 -1,62068e-01
1462	  2,9220000000e+03	 -5,24152e-01	 -1,54461e-01
1463	  2,9240000000e+03	 -5,27900e-01	 -1,49544e-01
1464	  2,9260000000e+03	 -5,29501e-01	 -1,47940e-01
1465	  2,9280000000e+03	 -5,33785e-01	 -1,40270e-01
1466	  2,9300000000e+03	 -5,31446e-01	 -1,32761e-01
1467	  2,9320000000e+03	 -5,32453e-01	 -1,30271e-01
1468	  2,9340000000e+03	 -5,30543e-01	 -1,24684e-01
1469	  2,9360000000e+03	 -5,31342e-01	 -1,17337e-01
1470	  2,9380000000e+03	 -5,32502e-01	 -1,09375e-01
1471	  2,9400000000e+03	 -5,35319e-01	 -1,03732e-01
1472	  2,9420000000e+03	 -5,35315e-01	 -1,00527e-01
1473	  2,9440000000e+03	 -5,32664e-01	 -9,67176e-02
1474	  2,9460000000e+03	 -5,31213e-01	 -9,17853e-02
1475	  2,9480000000e+03	 -5,34010e-01	 -8,36599e-02
1476	  2,9500000000e+03	 -5,35081e-01	 -8,04617e-02
1477	  2,9520000000e+03	 -5,35216e-01	 -7,48600e-02
1478	  2,9540000000e+03	 -5,32639e-01	 -6,61989e-02
1479	  2,9560000000e+03	 -5,35096e-01	 -6,14448e-02
1480	  2,9580000000e+03	 -5,35607e-01	 -5,78045e-02
1481	  2,9600000000e+03	 -5,34067e-01	 -5,43010e-02
1482	  2,9620000000e+03	 -5,32136e-01	 -5,12645e-02
1483	  2,9640000000e+03	 -5,31617e-01	 -4,48943e-02
1484	  2,9660000000e+03	 -5,31456e-01	 -4,15441e-02
1485	  2,9680000000e+03	 -5,30713e-01	 -3,71180e-02
1486	  2,9700000000e+03	 -5,29713e-01	 -3,28536e-02
1487	  2,9720000000e+03	 -5,29356e-01	 -3,13652e-02
1488	  2,9740000000e+03	 -5,26726e-01	 -2,90286e-02
1489	  2,9760000000e+03	 -5,29331e-01	 -2,61029e-02
1490	  2,9780000000e+03	 -5,32435e-01	 -2,33628e-02
1491	  2,9800000000e+03	 -5,30589e-01	 -1,90645e-02
1492	  2,9820000000e+03	 -5,32097e-01	 -9,00554e-03
1493	  2,9840000000e+03	 -5,35301e-01	 -8,57929e-03
1494	  2,9860000000e+03	 -5,37114e-01	 -5,37109e-03
1495	  2,9880000000e+03	 -5,38883e-01	  9,35882e-04
1496	  2,9900000000e+03	 -5,36782e-01	  6,26511e-03
1497	  2,9920000000e+03	 -5,38786e-01	  1,31604e-02
1498	  2,9940000000e+03	 -5,38877e-01	  1,58315e-02
1499	  2,9960000000e+03	 -5,39229e-01	  2,03857e-02
1500	  2,9980000000e+03	 -5,40116e-01	  2,68723e-02
1501	  3,0000000000e+03	 -5,40816e-01	  3,43665e-02
1502	  3,0020000000e+03	 -5,40665e-01	  4,03788e-02
1503	  3,0040000000e+03	 -5,43652e-01	  4,36604e-02
1504	  3,0060000000e+03	 -5,44166e-01	  4,83031e-02
1505	  3,0080000000e+03	 -5,41920e-01	  5,45005e-02
1506	  3,0100000000e+03	 -5,43979e-01	  6,08255e-02
1507	  3,0120000000e+03	 -5,45581e-01	  6,80076e-02
1508	  3,0140000000e+03	 -5,43468e-01	  7,54165e-02
1509	  3,0160000000e+03	 -5,40905e-01	  7,66839e-02
1510	  3,0180000000e+03	 -5,41019e-01	  8,25837e-02
1511	  3,0200000000e+03	 -5,40994e-01	  9,07034e-02
1512	  3,0220000000e+03	 -5,40584e-01	  9,62370e-02
1513	  3,0240000000e+03	 -5,39338e-01	  1,02694e-01
1514	  3,0260000000e+03	 -5,42433e-01	  1,06701e-01
1515	  3,0280000000e+03	 -5,38623e-01	  1,10026e-01
1516	  3,0300000000e+03	 -5,33056e-01	  1,17096e-01
1517	  3,0320000000e+03	 -5,33778e-01	  1,21412e-01
1518	  3,0340000000e+03	 -5,32818e-01	  1,26273e-01
1519	  3,0360000000e+03	 -5,34112e-01	  1,30567e-01
1520	  3,0380000000e+03	 -5,32856e-01	  1,37726e-01
1521	  3,0400000000e+03	 -5,31152e-01	  1,44191e-01
1522	  3,0420000000e+03	 -5,31182e-01	  1,46382e-01
1523	  3,0440000000e+03	 -5,30204e-01	  1,49779e-01
1524	  3,0460000000e+03	 -5,25924e-01	  1,55838e-01
1525	  3,0480000000e+03	 -5,27614e-01	  1,57123e-01
1526	  3,0500000000e+03	 -5,29141e-01	  1,62128e-01
1527	  3,0520000000e+03	 -5,30380e-01	  1,70190e-01
1528	  3,0540000000e+03	 -5,28002e-01	  1,77261e-01
1529	  3,0560000000e+03	 -5,27783e-01	  1,79449e-01
1530	  3,0580000000e+03	 -5,25289e-01	  1,83342e-01
1531	  3,0600000000e+03	 -5,24334e-01	  1,90375e-01
1532	  3,0620000000e+03	 -5,23353e-01	  1,96865e-01
1533	  3,0640000000e+03	 -5,25441e-01	  2,04683e-01
1534	  3,0660000000e+03	 -5,23998e-01	  2,06075e-01
1535	  3,0680000000e+03	 -5,21090e-01	  2,09719e-01
1536	  3,0700000000e+03	 -5,18795e-01	  2,16765e-01
1537	  3,0720000000e+03	 -5,18635e-01	  2,24239e-01
1538	  3,0740000000e+03	 -5,19179e-01	  2,32621e-01
1539	  3,0760000000e+03	 -5,19848e-01	  2,37595e-01
1540	  3,0780000000e+03	 -5,15646e-01	  2,42545e-01
1541	  3,0800000000e+03	 -5,10844e-01	  2,46695e-01
1542	  3,0820000000e+03	 -5,10314e-01	  2,48938e-01
1543	  3,0840000000e+03	 -5,12058e-01	  2,55059e-01
1544	  3,0860000000e+03	 -5,11826e-01	  2,63561e-01
1545	  3,0880000000e+03	 -5,12860e-01	  2,71094e-01
1546	  3,0900000000e+03	 -5,10688e-01	  2,77182e-01
1547	  3,0920000000e+03	 -5,10666e-01	  2,84525e-01
1548	  3,0940000000e+03	 -5,05571e-01	  2,93027e-01
1549	  3,0960000000e+03	 -5,01904e-01	  3,01679e-01
1550	  3,0980000000e+03	 -4,97718e-01	  3,09050e-01
1551	  3,1000000000e+03	 -4,95590e-01	  3,13971e-01
1552	  3,1020000000e+03	 -4,91502e-01	  3,19534e-01
1553	  3,1040000000e+03	 -4,87171e-01	  3,22099e-01
1554	  3,1060000000e+03	 -4,87436e-01	  3,29804e-01
1555	  3,1080000000e+03	 -4,83463e-01	  3,37034e-01
1556	  3,1100000000e+03	 -4,79935e-01	  3,41204e-01
1557	  3,1120000000e+03	 -4,78827e-01	  3,45527e-01
1558	  3,1140000000e+03	 -4,79051e-01	  3,54097e-01
1559	  3,1160000000e+03	 -4,73622e-01	  3,64233e-01
1560	  3,1180000000e+03	 -4,71177e-01	  3,72243e-01
1561	  3,1200000000e+03	 -4,66488e-01	  3,75201e-01
1562	  3,1220000000e+03	 -4,63567e-01	  3,79909e-01
1563	  3,1240000000e+03	 -4,58864e-01	  3,87826e-01
1564	  3,1260000000e+03	 -4,54955e-01	  3,92781e-01
1565	  3,1280000000e+03	 -4,54449e-01	  3,96933e-01
1566	  3,1300000000e+03	 -4,46828e-01	  4,07094e-01
1567	  3,1320000000e+03	 -4,40214e-01	  4,14907e-01
1568	  3,1340000000e+03	 -4,34394e-01	  4,19527e-01
1569	  3,1360000000e+03	 -4,28633e-01	  4,26587e-01
1570	  3,1380000000e+03	 -4,27207e-01	  4,32652e-01
1571	  3,1400000000e+03	 -4,24979e-01	  4,36707e-01
1572	  3,1420000000e+03	 -4,18752e-01	  4,43290e-01
1573	  3,1440000000e+03	 -4,14272e-01	  4,49777e-01
1574	  3,1460000000e+03	 -4,07734e-01	  4,56026e-01
1575	  3,1480000000e+03	 -4,01029e-01	  4,63269e-01
1576	  3,1500000000e+03	 -3,97291e-01	  4,67627e-01
1577	  3,1520000000e+03	 -3,89944e-01	  4,71729e-01
1578	  3,1540000000e+03	 -3,81564e-01	  4,74513e-01
1579	  3,1560000000e+03	 -3,75324e-01	  4,78983e-01
1580	  3,1580000000e+03	 -3,71431e-01	  4,85620e-01
1581	  3,1600000000e+03	 -3,67771e-01	  4,92251e-01
1582	  3,1620000000e+03	 -3,60622e-01	  4,96198e-01
1583	  3,1640000000e+03	 -3,54463e-01	  5,01794e-01
1584	  3,1660000000e+03	 -3,50487e-01	  5,05957e-01
1585	  3,1680000000e+03	 -3,45636e-01	  5,09895e-01
1586	  3,1700000000e+03	 -3,38060e-01	  5,14895e-01
1587	  3,1720000000e+03	 -3,33127e-01	  5,17560e-01
1588	  3,1740000000e+03	 -3,28428e-01	  5,24743e-01
1589	  3,1760000000e+03	 -3,19088e-01	  5,30104e-01
1590	  3,1780000000e+03	 -3,09310e-01	  5,30418e-01
1591	  3,1800000000e+03	 -3,00027e-01	  5,34199e-01
1592	  3,1820000000e+03	 -2,94070e-01	  5,38726e-01
1593	  3,1840000000e+03	 -2,87100e-01	  5,42044e-01
1594	  3,1860000000e+03	 -2,79581e-01	  5,44403e-01
1595	  3,1880000000e+03	 -2,70424e-01	  5,43907e-01
1596	  3,1900000000e+03	 -2,62635e-01	  5,48363e-01
1597	  3,1920000000e+03	 -2,59056e-01	  5,52519e-01
1598	  3,1940000000e+03	 -2,54797e-01	  5,54865e-01
1599	  3,1960000000e+03	 -2,48428e-01	  5,56034e-01
1600	  3,1980000000e+03	 -2,41985e-01	  5,61362e-01
1601	  3,2000000000e+03	 -2,31831e-01	  5,65228e-01
1602	  3,2020000000e+03	 -2,23957e-01	  5,66559e-01
1603	  3,2040000000e+03	 -2,19661e-01	  5,70422e-01
1604	  3,2060000000e+03	 -2,12980e-01	  5,72613e-01
1605	  3,2080000000e+03	 -2,07802e-01	  5,77383e-01
1606	  3,2100000000e+03	 -2,00546e-01	  5,77246e-01
1607	  3,2120000000e+03	 -1,92385e-01	  5,77151e-01
1608	  3,2140000000e+03	 -1,83745e-01	  5,81423e-01
1609	  3,2160000000e+03	 -1,77451e-01	  5,80697e-01
1610	  3,2180000000e+03	 -1,73988e-01	  5,82070e-01
1611	  3,2200000000e+03	 -1,66931e-01	  5,83476e-01
1612	  3,2220000000e+03	 -1,62802e-01	  5,83622e-01
1613	  3,2240000000e+03	 -1,58687e-01	  5,88948e-01
1614	  3,2260000000e+03	 -1,52087e-01	  5,90946e-01
1615	  3,2280000000e+03	 -1,45740e-01	  5,90976e-01
1616	  3,2300000000e+03	 -1,37787e-01	  5,96219e-01
1617	  3,2320000000e+03	 -1,28448e-01	  5,97967e-01
1618	  3,2340000000e+03	 -1,21043e-01	  6,00296e-01
1619	  3,2360000000e+03	 -1,14439e-01	  6,02951e-01
1620	  3,2380000000e+03	 -1,07386e-01	  6,00022e-01
1621	  3,2400000000e+03	 -1,01025e-01	  5,99197e-01
1622	  3,2420000000e+03	 -9,51966e-02	  6,02991e-01
1623	  3,2440000000e+03	 -9,02675e-02	  6,04377e-01
1624	  3,2460000000e+03	 -8,36653e-02	  6,01922e-01
1625	  3,2480000000e+03	 -8,09884e-02	  6,02877e-01
1626	  3,2500000000e+03	 -7,24294e-02	  6,05216e-01
1627	  3,2520000000e+03	 -6,60931e-02	  6,09170e-01
1628	  3,2540000000e+03	 -6,04621e-02	  6,12548e-01
1629	  3,2560000000e+03	 -5,14551e-02	  6,11476e-01
1630	  3,2580000000e+03	 -4,38074e-02	  6,12192e-01
1631	  3,2600000000e+03	 -3,22243e-02	  6,16448e-01
1632	  3,2620000000e+03	 -2,40833e-02	  6,15810e-01
1633	  3,2640000000e+03	 -1,75697e-02	  6,18398e-01
1634	  3,2660000000e+03	 -8,70507e-03	  6,16331e-01
1635	  3,2680000000e+03	 -5,85197e-04	  6,11790e-01
1636	  3,2700000000e+03	  7,67267e-03	  6,14838e-01
1637	  3,2720000000e+03	  1,56204e-02	  6,16909e-01
1638	  3,2740000000e+03	  2,07096e-02	  6,12948e-01
1639	  3,2760000000e+03	  2,52941e-02	  6,11268e-01
1640	  3,2780000000e+03	  3,45762e-02	  6,08121e-01
1641	  3,2800000000e+03	  4,54793e-02	  6,09788e-01
1642	  3,2820000000e+03	  5,09314e-02	  6,12171e-01
1643	  3,2840000000e+03	  5,55549e-02	  6,09696e-01
1644	  3,2860000000e+03	  6,49711e-02	  6,06885e-01
1645	  3,2880000000e+03	  7,30224e-02	  6,04305e-01
1646	  3,2900000000e+03	  8,14080e-02	  6,04199e-01
1647	  3,2920000000e+03	  8,88286e-02	  6,04457e-01
1648	  3,2940000000e+03	  9,33504e-02	  6,04080e-01
1649	  3,2960000000e+03	  9,89869e-02	  6,01459e-01
1650	  3,2980000000e+03	  1,08436e-01	  5,95319e-01
1651	  3,3000000000e+03	  1,16651e-01	  5,91684e-01
1652	  3,3020000000e+03	  1,21509e-01	  5,91254e-01
1653	  3,3040000000e+03	  1,26994e-01	  5,92884e-01
1654	  3,3060000000e+03	  1,34566e-01	  5,91161e-01
1655	  3,3080000000e+03	  1,37910e-01	  5,87364e-01
1656	  3,3100000000e+03	  1,45498e-01	  5,84573e-01
1657	  3,3120000000e+03	  1,50908e-01	  5,82338e-01
1658	  3,3140000000e+03	  1,56007e-01	  5,81786e-01
1659	  3,3160000000e+03	  1,61530e-01	  5,83391e-01
1660	  3,3180000000e+03	  1,66966e-01	  5,82328e-01
1661	  3,3200000000e+03	  1,77528e-01	  5,76913e-01
1662	  3,3220000000e+03	  1,85339e-01	  5,72102e-01
1663	  3,3240000000e+03	  1,89569e-01	  5,71147e-01
1664	  3,3260000000e+03	  1,92748e-01	  5,70322e-01
1665	  3,3280000000e+03	  1,98253e-01	  5,69530e-01
1666	  3,3300000000e+03	  2,04219e-01	  5,68157e-01
1667	  3,3320000000e+03	  2,10651e-01	  5,62625e-01
1668	  3,3340000000e+03	  2,17495e-01	  5,58018e-01
1669	  3,3360000000e+03	  2,21617e-01	  5,53730e-01
1670	  3,3380000000e+03	  2,26952e-01	  5,51042e-01
1671	  3,3400000000e+03	  2,35471e-01	  5,52589e-01
1672	  3,3420000000e+03	  2,41056e-01	  5,49620e-01
1673	  3,3440000000e+03	  2,44743e-01	  5,48053e-01
1674	  3,3460000000e+03	  2,52143e-01	  5,45428e-01
1675	  3,3480000000e+03	  2,55933e-01	  5,40582e-01
1676	  3,3500000000e+03	  2,60392e-01	  5,36735e-01
1677	  3,3520000000e+03	  2,65482e-01	  5,37654e-01
1678	  3,3540000000e+03	  2,73154e-01	  5,35988e-01
1679	  3,3560000000e+03	  2,83953e-01	  5,32097e-01
1680	  3,3580000000e+03	  2,89274e-01	  5,30565e-01
1681	  3,3600000000e+03	  2,93855e-01	  5,26089e-01
1682	  3,3620000000e+03	  2,97764e-01	  5,23245e-01
1683	  3,3640000000e+03	  3,02928e-01	  5,21859e-01
1684	  3,3660000000e+03	  3,11126e-01	  5,20225e-01
1685	  3,3680000000e+03	  3,17373e-01	  5,17053e-01
1686	  3,3700000000e+03	  3,21826e-01	  5,11846e-01
1687	  3,3720000000e+03	  3,24012e-01	  5,06861e-01
1688	  3,3740000000e+03	  3,30945e-01	  5,03313e-01
1689	  3,3760000000e+03	  3,35899e-01	  4,99529e-01
1690	  3,3780000000e+03	  3,41768e-01	  4,96317e-01
1691	  3,3800000000e+03	  3,50921e-01	  4,93738e-01
1692	  3,3820000000e+03	  3,55815e-01	  4,91798e-01
1693	  3,3840000000e+03	  3,58309e-01	  4,90801e-01
1694	  3,3860000000e+03	  3,63872e-01	  4,87095e-01
1695	  3,3880000000e+03	  3,70491e-01	  4,80958e-01
1696	  3,3900000000e+03	  3,76739e-01	  4,78176e-01
1697	  3,3920000000e+03	  3,81356e-01	  4,75387e-01
1698	  3,3940000000e+03	  3,87226e-01	  4,73545e-01
1699	  3,3960000000e+03	  3,94906e-01	  4,66560e-01
1700	  3,3980000000e+03	  3,99582e-01	  4,64806e-01
1701	  3,4000000000e+03	  4,03634e-01	  4,62682e-01
1702	  3,4020000000e+03	  4,09760e-01	  4,61174e-01
1703	  3,4040000000e+03	  4,17441e-01	  4,57377e-01
1704	  3,4060000000e+03	  4,23822e-01	  4,47411e-01
1705	  3,4080000000e+03	  4,29534e-01	  4,41040e-01
1706	  3,4100000000e+03	  4,36089e-01	  4,39376e-01
1707	  3,4120000000e+03	  4,42807e-01	  4,35303e-01
1708	  3,4140000000e+03	  4,50520e-01	  4,33037e-01
1709	  3,4160000000e+03	  4,53414e-01	  4,25202e-01
1710	  3,4180000000e+03	  4,61775e-01	  4,18875e-01
1711	  3,4200000000e+03	  4,67343e-01	  4,16102e-01
1712	  3,4220000000e+03	  4,74933e-01	  4,08961e-01
1713	  3,4240000000e+03	  4,82128e-01	  4,02755e-01
1714	  3,4260000000e+03	  4,87325e-01	  4,00227e-01
1715	  3,4280000000e+03	  4,90012e-01	  3,95654e-01
1716	  3,4300000000e+03	  4,96411e-01	  3,89667e-01
1717	  3,4320000000e+03	  4,99047e-01	  3,81859e-01
1718	  3,4340000000e+03	  5,07692e-01	  3,76329e-01
1719	  3,4360000000e+03	  5,13565e-01	  3,72403e-01
1720	  3,4380000000e+03	  5,19482e-01	  3,64501e-01
1721	  3,4400000000e+03	  5,25103e-01	  3,55193e-01
1722	  3,4420000000e+03	  5,29410e-01	  3,45319e-01
1723	  3,4440000000e+03	  5,33178e-01	  3,39470e-01
1724	  3,4460000000e+03	  5,41015e-01	  3,33559e-01
1725	  3,4480000000e+03	  5,45949e-01	  3,25903e-01
1726	  3,4500000000e+03	  5,50367e-01	  3,17972e-01
1727	  3,4520000000e+03	  5,51924e-01	  3,10567e-01
1728	  3,4540000000e+03	  5,53913e-01	  3,04303e-01
1729	  3,4560000000e+03	  5,61340e-01	  2,97919e-01
1730	  3,4580000000e+03	  5,67251e-01	  2,87746e-01
1731	  3,4600000000e+03	  5,68868e-01	  2,80120e-01
1732	  3,4620000000e+03	  5,71057e-01	  2,70601e-01
1733	  3,4640000000e+03	  5,73793e-01	  2,60894e-01
1734	  3,4660000000e+03	  5,74754e-01	  2,54874e-01
1735	  3,4680000000e+03	  5,76731e-01	  2,50184e-01
1736	  3,4700000000e+03	  5,78880e-01	  2,40070e-01
1737	  3,4720000000e+03	  5,81222e-01	  2,28435e-01
1738	  3,4740000000e+03	  5,81981e-01	  2,23603e-01
1739	  3,4760000000e+03	  5,79621e-01	  2,18121e-01
1740	  3,4780000000e+03	  5,80648e-01	  2,09933e-01
1741	  3,4800000000e+03	  5,84139e-01	  2,06907e-01
1742	  3,4820000000e+03	  5,88720e-01	  2,02854e-01
1743	  3,4840000000e+03	  5,91532e-01	  1,92158e-01
1744	  3,4860000000e+03	  5,94099e-01	  1,85638e-01
1745	  3,4880000000e+03	  5,95371e-01	  1,79150e-01
1746	  3,4900000000e+03	  5,94604e-01	  1,69100e-01
1747	  3,4920000000e+03	  5,95856e-01	  1,63564e-01
1748	  3,4940000000e+03	  5,99247e-01	  1,55371e-01
1749	  3,4960000000e+03	  6,00258e-01	  1,51014e-01
1750	  3,4980000000e+03	  6,02441e-01	  1,45589e-01
1751	  3,5000000000e+03	  6,01720e-01	  1,41301e-01
1752	  3,5020000000e+03	  6,03024e-01	  1,35229e-01
1753	  3,5040000000e+03	  6,07739e-01	  1,26768e-01
1754	  3,5060000000e+03	  6,11193e-01	  1,17593e-01
1755	  3,5080000000e+03	  6,12837e-01	  1,11020e-01
1756	  3,5100000000e+03	  6,14617e-01	  1,03821e-01
1757	  3,5120000000e+03	  6,15013e-01	  9,79631e-02
1758	  3,5140000000e+03	  6,16743e-01	  9,18203e-02
1759	  3,5160000000e+03	  6,17234e-01	  8,37967e-02
1760	  3,5180000000e+03	  6,22542e-01	  7,54236e-02
1761	  3,5200000000e+03	  6,25250e-01	  6,46582e-02
1762	  3,5220000000e+03	  6,28440e-01	  5,40376e-02
1763	  3,5240000000e+03	  6,28375e-01	  4,99322e-02
1764	  3,5260000000e+03	  6,27075e-01	  4,19998e-02
1765	  3,5280000000e+03	  6,27482e-01	  3,46412e-02
1766	  3,5300000000e+03	  6,25529e-01	  2,78004e-02
1767	  3,5320000000e+03	  6,25529e-01	  2,26749e-02
1768	  3,5340000000e+03	  6,22813e-01	  1,44058e-02
1769	  3,5360000000e+03	  6,25525e-01	  8,65683e-04
1770	  3,5380000000e+03	  6,29440e-01	 -9,06576e-03
1771	  3,5400000000e+03	  6,28406e-01	 -1,83233e-02
1772	  3,5420000000e+03	  6,26902e-01	 -2,62176e-02
1773	  3,5440000000e+03	  6,25645e-01	 -3,19828e-02
1774	  3,5460000000e+03	  6,26752e-01	 -3,97938e-02
1775	  3,5480000000e+03	  6,26670e-01	 -4,78396e-02
1776	  3,5500000000e+03	  6,27113e-01	 -5,80896e-02
1777	  3,5520000000e+03	  6,24459e-01	 -6,98926e-02
1778	  3,5540000000e+03	  6,22475e-01	 -7,83028e-02
1779	  3,5560000000e+03	  6,21778e-01	 -8,62279e-02
1780	  3,5580000000e+03	  6,19395e-01	 -9,47208e-02
1781	  3,5600000000e+03	  6,19073e-01	 -1,03023e-01
1782	  3,5620000000e+03	  6,14830e-01	 -1,09463e-01
1783	  3,5640000000e+03	  6,12127e-01	 -1,17422e-01
1784	  3,5660000000e+03	  6,09635e-01	 -1,25463e-01
1785	  3,5680000000e+03	  6,06342e-01	 -1,35288e-01
1786	  3,5700000000e+03	  6,02922e-01	 -1,44939e-01
1787	  3,5720000000e+03	  6,01095e-01	 -1,49420e-01
1788	  3,5740000000e+03	  5,96090e-01	 -1,56807e-01
1789	  3,5760000000e+03	  5,95043e-01	 -1,63106e-01
1790	  3,5780000000e+03	  5,89617e-01	 -1,70876e-01
1791	  3,5800000000e+03	  5,85766e-01	 -1,78958e-01
1792	  3,5820000000e+03	  5,85475e-01	 -1,85964e-01
1793	  3,5840000000e+03	  5,83847e-01	 -1,95059e-01
1794	  3,5860000000e+03	  5,81320e-01	 -2,02871e-01
1795	  3,5880000000e+03	  5,75894e-01	 -2,07888e-01
1796	  3,5900000000e+03	  5,70807e-01	 -2,15107e-01
1797	  3,5920000000e+03	  5,67233e-01	 -2,21583e-01
1798	  3,5940000000e+03	  5,64198e-01	 -2,27408e-01
1799	  3,5960000000e+03	  5,60629e-01	 -2,32238e-01
1800	  3,5980000000e+03	  5,54571e-01	 -2,37380e-01
1801	  3,6000000000e+03	  5,47956e-01	 -2,44017e-01
1802	  3,6020000000e+03	  5,43579e-01	 -2,52469e-01
1803	  3,6040000000e+03	  5,41636e-01	 -2,58140e-01
1804	  3,6060000000e+03	  5,36721e-01	 -2,65552e-01
1805	  3,6080000000e+03	  5,34299e-01	 -2,73391e-01
1806	  3,6100000000e+03	  5,31328e-01	 -2,77630e-01
1807	  3,6120000000e+03	  5,28437e-01	 -2,81159e-01
1808	  3,6140000000e+03	  5,23498e-01	 -2,83547e-01
1809	  3,6160000000e+03	  5,20398e-01	 -2,90410e-01
1810	  3,6180000000e+03	  5,16501e-01	 -2,95988e-01
1811	  3,6200000000e+03	  5,11818e-01	 -3,01731e-01
1812	  3,6220000000e+03	  5,04723e-01	 -3,07793e-01
1813	  3,6240000000e+03	  5,03840e-01	 -3,11655e-01
1814	  3,6260000000e+03	  5,01133e-01	 -3,19903e-01
1815	  3,6280000000e+03	  4,95188e-01	 -3,27013e-01
1816	  3,6300000000e+03	  4,91880e-01	 -3,31748e-01
1817	  3,6320000000e+03	  4,86918e-01	 -3,35682e-01
1818	  3,6340000000e+03	  4,81716e-01	 -3,41079e-01
1819	  3,6360000000e+03	  4,74930e-01	 -3,48647e-01
1820	  3,6380000000e+03	  4,67288e-01	 -3,49509e-01
1821	  3,6400000000e+03	  4,64008e-01	 -3,55957e-01
1822	  3,6420000000e+03	  4,60201e-01	 -3,58803e-01
1823	  3,6440000000e+03	  4,55153e-01	 -3,65616e-01
1824	  3,6460000000e+03	  4,49281e-01	 -3,72142e-01
1825	  3,6480000000e+03	  4,45698e-01	 -3,76561e-01
1826	  3,6500000000e+03	  4,42264e-01	 -3,82441e-01
1827	  3,6520000000e+03	  4,39714e-01	 -3,86415e-01
1828	  3,6540000000e+03	  4,33896e-01	 -3,90352e-01
1829	  3,6560000000e+03	  4,31838e-01	 -3,97687e-01
1830	  3,6580000000e+03	  4,25384e-01	 -4,03060e-01
1831	  3,6600000000e+03	  4,21351e-01	 -4,06333e-01
1832	  3,6620000000e+03	  4,16813e-01	 -4,09494e-01
1833	  3,6640000000e+03	  4,12992e-01	 -4,17322e-01
1834	  3,6660000000e+03	  4,05583e-01	 -4,20296e-01
1835	  3,6680000000e+03	  3,99889e-01	 -4,23675e-01
1836	  3,6700000000e+03	  3,94928e-01	 -4,29034e-01
1837	  3,6720000000e+03	  3,85779e-01	 -4,33720e-01
1838	  3,6740000000e+03	  3,77459e-01	 -4,37948e-01
1839	  3,6760000000e+03	  3,72282e-01	 -4,45468e-01
1840	  3,6780000000e+03	  3,64908e-01	 -4,47926e-01
1841	  3,6800000000e+03	  3,57983e-01	 -4,53765e-01
1842	  3,6820000000e+03	  3,52594e-01	 -4,57886e-01
1843	  3,6840000000e+03	  3,46593e-01	 -4,58694e-01
1844	  3,6860000000e+03	  3,42320e-01	 -4,62987e-01
1845	  3,6880000000e+03	  3,37753e-01	 -4,70370e-01
1846	  3,6900000000e+03	  3,30330e-01	 -4,78499e-01
1847	  3,6920000000e+03	  3,23352e-01	 -4,80099e-01
1848	  3,6940000000e+03	  3,15162e-01	 -4,81453e-01
1849	  3,6960000000e+03	  3,07803e-01	 -4,83114e-01
1850	  3,6980000000e+03	  3,02092e-01	 -4,85834e-01
1851	  3,7000000000e+03	  2,92797e-01	 -4,88259e-01
1852	  3,7020000000e+03	  2,84590e-01	 -4,91218e-01
1853	  3,7040000000e+03	  2,77552e-01	 -4,94329e-01
1854	  3,7060000000e+03	  2,70120e-01	 -4,95482e-01
1855	  3,7080000000e+03	  2,59989e-01	 -4,99092e-01
1856	  3,7100000000e+03	  2,55031e-01	 -4,99498e-01
1857	  3,7120000000e+03	  2,43948e-01	 -4,99842e-01
1858	  3,7140000000e+03	  2,37213e-01	 -5,01112e-01
1859	  3,7160000000e+03	  2,33212e-01	 -5,02320e-01
1860	  3,7180000000e+03	  2,23837e-01	 -5,04586e-01
1861	  3,7200000000e+03	  2,17869e-01	 -5,07908e-01
1862	  3,7220000000e+03	  2,11805e-01	 -5,04934e-01
1863	  3,7240000000e+03	  2,04918e-01	 -5,05792e-01
1864	  3,7260000000e+03	  1,98561e-01	 -5,05785e-01
1865	  3,7280000000e+03	  1,92206e-01	 -5,04867e-01
1866	  3,7300000000e+03	  1,87602e-01	 -5,07292e-01
1867	  3,7320000000e+03	  1,81548e-01	 -5,07869e-01
1868	  3,7340000000e+03	  1,74144e-01	 -5,07091e-01
1869	  3,7360000000e+03	  1,68631e-01	 -5,05872e-01
1870	  3,7380000000e+03	  1,62726e-01	 -5,04229e-01
1871	  3,7400000000e+03	  1,55651e-01	 -5,03049e-01
1872	  3,7420000000e+03	  1,51044e-01	 -5,06363e-01
1873	  3,7440000000e+03	  1,48185e-01	 -5,08796e-01
1874	  3,7460000000e+03	  1,45490e-01	 -5,10836e-01
1875	  3,7480000000e+03	  1,41314e-01	 -5,11912e-01
1876	  3,7500000000e+03	  1,34348e-01	 -5,10796e-01
1877	  3,7520000000e+03	  1,28179e-01	 -5,12004e-01
1878	  3,7540000000e+03	  1,21095e-01	 -5,17280e-01
1879	  3,7560000000e+03	  1,16614e-01	 -5,17350e-01
1880	  3,7580000000e+03	  1,08363e-01	 -5,11948e-01
1881	  3,7600000000e+03	  1,00462e-01	 -5,11258e-01
1882	  3,7620000000e+03	  9,62541e-02	 -5,10461e-01
1883	  3,7640000000e+03	  9,36203e-02	 -5,10041e-01
1884	  3,7660000000e+03	  8,81105e-02	 -5,11574e-01
1885	  3,7680000000e+03	  8,31105e-02	 -5,11811e-01
1886	  3,7700000000e+03	  7,76240e-02	 -5,13826e-01
1887	  3,7720000000e+03	  7,15643e-02	 -5,14470e-01
1888	  3,7740000000e+03	  6,66064e-02	 -5,14517e-01
1889	  3,7760000000e+03	  5,94820e-02	 -5,13329e-01
1890	  3,7780000000e+03	  5,28813e-02	 -5,11493e-01
1891	  3,7800000000e+03	  4,94412e-02	 -5,12734e-01
1892	  3,7820000000e+03	  4,30121e-02	 -5,14190e-01
1893	  3,7840000000e+03	  3,81189e-02	 -5,15612e-01
1894	  3,7860000000e+03	  2,81698e-02	 -5,16055e-01
1895	  3,7880000000e+03	  2,37300e-02	 -5,14207e-01
1896	  3,7900000000e+03	  1,97797e-02	 -5,12750e-01
1897	  3,7920000000e+03	  1,52521e-02	 -5,12397e-01
1898	  3,7940000000e+03	  9,25948e-03	 -5,10757e-01
1899	  3,7960000000e+03	  5,44618e-03	 -5,09788e-01
1900	  3,7980000000e+03	 -1,75291e-03	 -5,08863e-01
1901	  3,8000000000e+03	 -7,96779e-03	 -5,09710e-01
1902	  3,8020000000e+03	 -1,68200e-02	 -5,08148e-01
1903	  3,8040000000e+03	 -2,22317e-02	 -5,08695e-01
1904	  3,8060000000e+03	 -2,43915e-02	 -5,08782e-01
1905	  3,8080000000e+03	 -2,80728e-02	 -5,07041e-01
1906	  3,8100000000e+03	 -3,38287e-02	 -5,05143e-01
1907	  3,8120000000e+03	 -4,23030e-02	 -5,04010e-01
1908	  3,8140000000e+03	 -4,87128e-02	 -5,01302e-01
1909	  3,8160000000e+03	 -5,23902e-02	 -4,98776e-01
1910	  3,8180000000e+03	 -5,67162e-02	 -4,98488e-01
1911	  3,8200000000e+03	 -6,31011e-02	 -4,96325e-01
1912	  3,8220000000e+03	 -6,90437e-02	 -4,94330e-01
1913	  3,8240000000e+03	 -7,27724e-02	 -4,93194e-01
1914	  3,8260000000e+03	 -7,61964e-02	 -4,91831e-01
1915	  3,8280000000e+03	 -8,02675e-02	 -4,92683e-01
1916	  3,8300000000e+03	 -8,74097e-02	 -4,93008e-01
1917	  3,8320000000e+03	 -9,34560e-02	 -4,92188e-01
1918	  3,8340000000e+03	 -9,99707e-02	 -4,88578e-01
1919	  3,8360000000e+03	 -1,05992e-01	 -4,88554e-01
1920	  3,8380000000e+03	 -1,10065e-01	 -4,85813e-01
1921	  3,8400000000e+03	 -1,18112e-01	 -4,84643e-01
1922	  3,8420000000e+03	 -1,22186e-01	 -4,82518e-01
1923	  3,8440000000e+03	 -1,29665e-01	 -4,77618e-01
1924	  3,8460000000e+03	 -1,37972e-01	 -4,75685e-01
1925	  3,8480000000e+03	 -1,41331e-01	 -4,76089e-01
1926	  3,8500000000e+03	 -1,47138e-01	 -4,75621e-01
1927	  3,8520000000e+03	 -1,53008e-01	 -4,72163e-01
1928	  3,8540000000e+03	 -1,55192e-01	 -4,69710e-01
1929	  3,8560000000e+03	 -1,59303e-01	 -4,68422e-01
1930	  3,8580000000e+03	 -1,65050e-01	 -4,64887e-01
1931	  3,8600000000e+03	 -1,73252e-01	 -4,61895e-01
1932	  3,8620000000e+03	 -1,80520e-01	 -4,59589e-01
1933	  3,8640000000e+03	 -1,86031e-01	 -4,56367e-01
1934	  3,8660000000e+03	 -1,90382e-01	 -4,54681e-01
1935	  3,8680000000e+03	 -1,96173e-01	 -4,55828e-01
1936	  3,8700000000e+03	 -2,01310e-01	 -4,50192e-01
1937	  3,8720000000e+03	 -2,04770e-01	 -4,43959e-01
1938	  3,8740000000e+03	 -2,11656e-01	 -4,41987e-01
1939	  3,8760000000e+03	 -2,16959e-01	 -4,32969e-01
1940	  3,8780000000e+03	 -2,19738e-01	 -4,28250e-01
1941	  3,8800000000e+03	 -2,23469e-01	 -4,26154e-01
1942	  3,8820000000e+03	 -2,26925e-01	 -4,25803e-01
1943	  3,8840000000e+03	 -2,32559e-01	 -4,21402e-01
1944	  3,8860000000e+03	 -2,39061e-01	 -4,17574e-01
1945	  3,8880000000e+03	 -2,41736e-01	 -4,10770e-01
1946	  3,8900000000e+03	 -2,45002e-01	 -4,07305e-01
1947	  3,8920000000e+03	 -2,49447e-01	 -4,06607e-01
1948	  3,8940000000e+03	 -2,52234e-01	 -4,00937e-01
1949	  3,8960000000e+03	 -2,54912e-01	 -3,97090e-01
1950	  3,8980000000e+03	 -2,61620e-01	 -3,97517e-01
1951	  3,9000000000e+03	 -2,65721e-01	 -3,91580e-01
1952	  3,9020000000e+03	 -2,67627e-01	 -3,86936e-01
1953	  3,9040000000e+03	 -2,69303e-01	 -3,83405e-01
1954	  3,9060000000e+03	 -2,71223e-01	 -3,76716e-01
1955	  3,9080000000e+03	 -2,75353e-01	 -3,72551e-01
1956	  3,9100000000e+03	 -2,78812e-01	 -3,70257e-01
1957	  3,9120000000e+03	 -2,85159e-01	 -3,69524e-01
1958	  3,9140000000e+03	 -2,88198e-01	 -3,64043e-01
1959	  3,9160000000e+03	 -2,90751e-01	 -3,61436e-01
1960	  3,9180000000e+03	 -2,95728e-01	 -3,57785e-01
1961	  3,9200000000e+03	 -2,97574e-01	 -3,53649e-01
1962	  3,9220000000e+03	 -3,02498e-01	 -3,50692e-01
1963	  3,9240000000e+03	 -3,08751e-01	 -3,45694e-01
1964	  3,9260000000e+03	 -3,13570e-01	 -3,41402e-01
1965	  3,9280000000e+03	 -3,13242e-01	 -3,38759e-01
1966	  3,9300000000e+03	 -3,12913e-01	 -3,33985e-01
1967	  3,9320000000e+03	 -3,18819e-01	 -3,27717e-01
1968	  3,9340000000e+03	 -3,24177e-01	 -3,23090e-01
1969	  3,9360000000e+03	 -3,23188e-01	 -3,19854e-01
1970	  3,9380000000e+03	 -3,25863e-01	 -3,19674e-01
1971	  3,9400000000e+03	 -3,30894e-01	 -3,13726e-01
1972	  3,9420000000e+03	 -3,35670e-01	 -3,11321e-01
1973	  3,9440000000e+03	 -3,41909e-01	 -3,05938e-01
1974	  3,9460000000e+03	 -3,45355e-01	 -3,01549e-01
1975	  3,9480000000e+03	 -3,48241e-01	 -2,98299e-01
1976	  3,9500000000e+03	 -3,50382e-01	 -2,92776e-01
1977	  3,9520000000e+03	 -3,52448e-01	 -2,87986e-01
1978	  3,9540000000e+03	 -3,52939e-01	 -2,83137e-01
1979	  3,9560000000e+03	 -3,55362e-01	 -2,74002e-01
1980	  3,9580000000e+03	 -3,57541e-01	 -2,72345e-01
1981	  3,9600000000e+03	 -3,59337e-01	 -2,67285e-01
1982	  3,9620000000e+03	 -3,69470e-01	 -2,65190e-01
1983	  3,9640000000e+03	 -3,72649e-01	 -2,59869e-01
1984	  3,9660000000e+03	 -3,72100e-01	 -2,52556e-01
1985	  3,9680000000e+03	 -3,74624e-01	 -2,46303e-01
1986	  3,9700000000e+03	 -3,76719e-01	 -2,43311e-01
1987	  3,9720000000e+03	 -3,79535e-01	 -2,37086e-01
1988	  3,9740000000e+03	 -3,81805e-01	 -2,28677e-01
1989	  3,9760000000e+03	 -3,85034e-01	 -2,23125e-01
1990	  3,9780000000e+03	 -3,84762e-01	 -2,17770e-01
1991	  3,9800000000e+03	 -3,83884e-01	 -2,09312e-01
1992	  3,9820000000e+03	 -3,82997e-01	 -2,00734e-01
1993	  3,9840000000e+03	 -3,82197e-01	 -1,96314e-01
1994	  3,9860000000e+03	 -3,83129e-01	 -1,87589e-01
1995	  3,9880000000e+03	 -3,82289e-01	 -1,83987e-01
1996	  3,9900000000e+03	 -3,84679e-01	 -1,80607e-01
1997	  3,9920000000e+03	 -3,84593e-01	 -1,77614e-01
1998	  3,9940000000e+03	 -3,83721e-01	 -1,71258e-01
1999	  3,9960000000e+03	 -3,83805e-01	 -1,64192e-01
2000	  3,9980000000e+03	 -3,83780e-01	 -1,59593e-01
2001	  4,0000000000e+03	 -3,82753e-01	 -1,54439e-01
2002	  4,0020000000e+03	 -3,82853e-01	 -1,45462e-01
2003	  4,0040000000e+03	 -3,81975e-01	 -1,39322e-01
2004	  4,0060000000e+03	 -3,80482e-01	 -1,40796e-01
2005	  4,0080000000e+03	 -3,79888e-01	 -1,33976e-01
2006	  4,0100000000e+03	 -3,77809e-01	 -1,28614e-01
2007	  4,0120000000e+03	 -3,76682e-01	 -1,26491e-01
2008	  4,0140000000e+03	 -3,73433e-01	 -1,25906e-01
2009	  4,0160000000e+03	 -3,74275e-01	 -1,25401e-01
2010	  4,0180000000e+03	 -3,76525e-01	 -1,19152e-01
2011	  4,0200000000e+03	 -3,77053e-01	 -1,12465e-01
2012	  4,0220000000e+03	 -3,74302e-01	 -1,08937e-01
2013	  4,0240000000e+03	 -3,69834e-01	 -1,07028e-01
2014	  4,0260000000e+03	 -3,71677e-01	 -1,01876e-01
2015	  4,0280000000e+03	 -3,72373e-01	 -1,01427e-01
2016	  4,0300000000e+03	 -3,73343e-01	 -1,01241e-01
2017	  4,0320000000e+03	 -3,72023e-01	 -9,90660e-02
2018	  4,0340000000e+03	 -3,70499e-01	 -9,48703e-02
2019	  4,0360000000e+03	 -3,70335e-01	 -9,02838e-02
2020	  4,0380000000e+03	 -3,70172e-01	 -9,08537e-02
2021	  4,0400000000e+03	 -3,73661e-01	 -8,77106e-02
2022	  4,0420000000e+03	 -3,74632e-01	 -8,09987e-02
2023	  4,0440000000e+03	 -3,72627e-01	 -7,55960e-02
2024	  4,0460000000e+03	 -3,72245e-01	 -7,40243e-02
2025	  4,0480000000e+03	 -3,74862e-01	 -7,02779e-02
2026	  4,0500000000e+03	 -3,71889e-01	 -6,73086e-02
2027	  4,0520000000e+03	 -3,69530e-01	 -6,28339e-02
2028	  4,0540000000e+03	 -3,68443e-01	 -5,99155e-02
2029	  4,0560000000e+03	 -3,67010e-01	 -5,75138e-02
2030	  4,0580000000e+03	 -3,66715e-01	 -5,41624e-02
2031	  4,0600000000e+03	 -3,67042e-01	 -5,26655e-02
2032	  4,0620000000e+03	 -3,66737e-01	 -5,09773e-02
2033	  4,0640000000e+03	 -3,67731e-01	 -5,03629e-02
2034	  4,0660000000e+03	 -3,68514e-01	 -4,85352e-02
2035	  4,0680000000e+03	 -3,68498e-01	 -4,10831e-02
2036	  4,0700000000e+03	 -3,68533e-01	 -3,82227e-02
2037	  4,0720000000e+03	 -3,67336e-01	 -3,51935e-02
2038	  4,0740000000e+03	 -3,70339e-01	 -3,29585e-02
2039	  4,0760000000e+03	 -3,69182e-01	 -2,89468e-02
2040	  4,0780000000e+03	 -3,67735e-01	 -2,42546e-02
2041	  4,0800000000e+03	 -3,68877e-01	 -2,36774e-02
2042	  4,0820000000e+03	 -3,71378e-01	 -1,94207e-02
2043	  4,0840000000e+03	 -3,69669e-01	 -1,44475e-02
2044	  4,0860000000e+03	 -3,69240e-01	 -1,00434e-02
2045	  4,0880000000e+03	 -3,70668e-01	 -8,90301e-03
2046	  4,0900000000e+03	 -3,68960e-01	 -5,20328e-03
2047	  4,0920000000e+03	 -3,70203e-01	 -2,34003e-03
2048	  4,0940000000e+03	 -3,69566e-01	  6,08751e-04
2049	  4,0960000000e+03	 -3,69425e-01	  6,85890e-03
2050	  4,0980000000e+03	 -3,65186e-01	  1,17776e-02
2051	  4,1000000000e+03	 -3,63600e-01	  1,65433e-02
2052	  4,1020000000e+03	 -3,64070e-01	  2,11479e-02
2053	  4,1040000000e+03	 -3,63147e-01	  2,38461e-02
2054	  4,1060000000e+03	 -3,62966e-01	  2,65560e-02
2055	  4,1080000000e+03	 -3,66572e-01	  2,85762e-02
2056	  4,1100000000e+03	 -3,64160e-01	  3,02863e-02
2057	  4,1120000000e+03	 -3,63362e-01	  3,43268e-02
2058	  4,1140000000e+03	 -3,64779e-01	  3,78646e-02
2059	  4,1160000000e+03	 -3,63793e-01	  4,11152e-02
2060	  4,1180000000e+03	 -3,59904e-01	  4,34258e-02
2061	  4,1200000000e+03	 -3,62522e-01	  4,74901e-02
2062	  4,1220000000e+03	 -3,61430e-01	  5,29117e-02
2063	  4,1240000000e+03	 -3,58357e-01	  5,48366e-02
2064	  4,1260000000e+03	 -3,57520e-01	  6,01981e-02
2065	  4,1280000000e+03	 -3,57587e-01	  6,39099e-02
2066	  4,1300000000e+03	 -3,55489e-01	  6,53146e-02
2067	  4,1320000000e+03	 -3,56720e-01	  6,81084e-02
2068	  4,1340000000e+03	 -3,55548e-01	  7,24339e-02
2069	  4,1360000000e+03	 -3,55167e-01	  7,26301e-02
2070	  4,1380000000e+03	 -3,53904e-01	  7,48308e-02
2071	  4,1400000000e+03	 -3,52059e-01	  7,91640e-02
2072	  4,1420000000e+03	 -3,50450e-01	  8,36329e-02
2073	  4,1440000000e+03	 -3,49348e-01	  8,35258e-02
2074	  4,1460000000e+03	 -3,50962e-01	  8,80257e-02
2075	  4,1480000000e+03	 -3,47476e-01	  9,04559e-02
2076	  4,1500000000e+03	 -3,47625e-01	  9,57121e-02
2077	  4,1520000000e+03	 -3,44042e-01	  9,56458e-02
2078	  4,1540000000e+03	 -3,44956e-01	  9,75619e-02
2079	  4,1560000000e+03	 -3,42762e-01	  1,05606e-01
2080	  4,1580000000e+03	 -3,38141e-01	  1,10903e-01
2081	  4,1600000000e+03	 -3,37235e-01	  1,12559e-01
2082	  4,1620000000e+03	 -3,37614e-01	  1,16903e-01
2083	  4,1640000000e+03	 -3,35807e-01	  1,17314e-01
2084	  4,1660000000e+03	 -3,32496e-01	  1,19204e-01
2085	  4,1680000000e+03	 -3,33629e-01	  1,23826e-01
2086	  4,1700000000e+03	 -3,32744e-01	  1,26382e-01
2087	  4,1720000000e+03	 -3,29843e-01	  1,30171e-01
2088	  4,1740000000e+03	 -3,29621e-01	  1,33412e-01
2089	  4,1760000000e+03	 -3,27698e-01	  1,35482e-01
2090	  4,1780000000e+03	 -3,25827e-01	  1,37858e-01
2091	  4,1800000000e+03	 -3,23388e-01	  1,42695e-01
2092	  4,1820000000e+03	 -3,19120e-01	  1,46728e-01
2093	  4,1840000000e+03	 -3,17957e-01	  1,50827e-01
2094	  4,1860000000e+03	 -3,20367e-01	  1,53989e-01
2095	  4,1880000000e+03	 -3,19051e-01	  1,54736e-01
2096	  4,1900000000e+03	 -3,18186e-01	  1,56495e-01
2097	  4,1920000000e+03	 -3,14827e-01	  1,60128e-01
2098	  4,1940000000e+03	 -3,11196e-01	  1,63186e-01
2099	  4,1960000000e+03	 -3,12233e-01	  1,65868e-01
2100	  4,1980000000e+03	 -3,06145e-01	  1,69602e-01
2101	  4,2000000000e+03	 -3,03648e-01	  1,74149e-01
2102	  4,2020000000e+03	 -3,03926e-01	  1,73270e-01
2103	  4,2040000000e+03	 -2,99905e-01	  1,78684e-01
2104	  4,2060000000e+03	 -2,97465e-01	  1,85851e-01
2105	  4,2080000000e+03	 -2,95811e-01	  1,90135e-01
2106	  4,2100000000e+03	 -2,96315e-01	  1,89359e-01
2107	  4,2120000000e+03	 -2,90827e-01	  1,90725e-01
2108	  4,2140000000e+03	 -2,87810e-01	  1,92257e-01
2109	  4,2160000000e+03	 -2,86359e-01	  1,99115e-01
2110	  4,2180000000e+03	 -2,82668e-01	  2,01129e-01
2111	  4,2200000000e+03	 -2,79367e-01	  2,03369e-01
2112	  4,2220000000e+03	 -2,78370e-01	  2,05960e-01
2113	  4,2240000000e+03	 -2,76985e-01	  2,07242e-01
2114	  4,2260000000e+03	 -2,75187e-01	  2,09118e-01
2115	  4,2280000000e+03	 -2,72542e-01	  2,09886e-01
2116	  4,2300000000e+03	 -2,69708e-01	  2,12380e-01
2117	  4,2320000000e+03	 -2,69997e-01	  2,13927e-01
2118	  4,2340000000e+03	 -2,65059e-01	  2,18867e-01
2119	  4,2360000000e+03	 -2,61149e-01	  2,23924e-01
2120	  4,2380000000e+03	 -2,59773e-01	  2,26692e-01
2121	  4,2400000000e+03	 -2,59170e-01	  2,26571e-01
2122	  4,2420000000e+03	 -2,57446e-01	  2,26727e-01
2123	  4,2440000000e+03	 -2,52839e-01	  2,30617e-01
2124	  4,2460000000e+03	 -2,48491e-01	  2,33153e-01
2125	  4,2480000000e+03	 -2,44892e-01	  2,36797e-01
2126	  4,2500000000e+03	 -2,42187e-01	  2,37511e-01
2127	  4,2520000000e+03	 -2,38895e-01	  2,38031e-01
2128	  4,2540000000e+03	 -2,36973e-01	  2,37528e-01
2129	  4,2560000000e+03	 -2,38092e-01	  2,39457e-01
2130	  4,2580000000e+03	 -2,33677e-01	  2,40735e-01
2131	  4,2600000000e+03	 -2,28150e-01	  2,43646e-01
2132	  4,2620000000e+03	 -2,25684e-01	  2,47139e-01
2133	  4,2640000000e+03	 -2,24761e-01	  2,51686e-01
2134	  4,2660000000e+03	 -2,19972e-01	  2,52726e-01
2135	  4,2680000000e+03	 -2,15948e-01	  2,52466e-01
2136	  4,2700000000e+03	 -2,14195e-01	  2,55113e-01
2137	  4,2720000000e+03	 -2,11089e-01	  2,55422e-01
2138	  4,2740000000e+03	 -2,08722e-01	  2,55059e-01
2139	  4,2760000000e+03	 -2,08923e-01	  2,52781e-01
2140	  4,2780000000e+03	 -2,05787e-01	  2,55416e-01
2141	  4,2800000000e+03	 -2,03638e-01	  2,58880e-01
2142	  4,2820000000e+03	 -1,99765e-01	  2,59748e-01
2143	  4,2840000000e+03	 -1,97320e-01	  2,57601e-01
2144	  4,2860000000e+03	 -1,96358e-01	  2,60702e-01
2145	  4,2880000000e+03	 -1,90871e-01	  2,60341e-01
2146	  4,2900000000e+03	 -1,90573e-01	  2,59374e-01
2147	  4,2920000000e+03	 -1,88334e-01	  2,61235e-01
2148	  4,2940000000e+03	 -1,84875e-01	  2,63189e-01
2149	  4,2960000000e+03	 -1,84777e-01	  2,65269e-01
2150	  4,2980000000e+03	 -1,85558e-01	  2,67082e-01
2151	  4,3000000000e+03	 -1,83344e-01	  2,67379e-01
2152	  4,3020000000e+03	 -1,81886e-01	  2,70514e-01
2153	  4,3040000000e+03	 -1,78956e-01	  2,74452e-01
2154	  4,3060000000e+03	 -1,75497e-01	  2,74851e-01
2155	  4,3080000000e+03	 -1,73961e-01	  2,75628e-01
2156	  4,3100000000e+03	 -1,71554e-01	  2,79159e-01
2157	  4,3120000000e+03	 -1,67965e-01	  2,80644e-01
2158	  4,3140000000e+03	 -1,68414e-01	  2,80241e-01
2159	  4,3160000000e+03	 -1,68628e-01	  2,81983e-01
2160	  4,3180000000e+03	 -1,63599e-01	  2,83614e-01
2161	  4,3200000000e+03	 -1,62718e-01	  2,86804e-01
2162	  4,3220000000e+03	 -1,59088e-01	  2,91912e-01
2163	  4,3240000000e+03	 -1,51976e-01	  2,93228e-01
2164	  4,3260000000e+03	 -1,50338e-01	  2,96357e-01
2165	  4,3280000000e+03	 -1,48468e-01	  2,95416e-01
2166	  4,3300000000e+03	 -1,46752e-01	  2,99141e-01
2167	  4,3320000000e+03	 -1,44793e-01	  2,99357e-01
2168	  4,3340000000e+03	 -1,40306e-01	  3,00208e-01
2169	  4,3360000000e+03	 -1,37557e-01	  3,00689e-01
2170	  4,3380000000e+03	 -1,34637e-01	  3,04206e-01
2171	  4,3400000000e+03	 -1,29908e-01	  3,07742e-01
2172	  4,3420000000e+03	 -1,26605e-01	  3,09140e-01
2173	  4,3440000000e+03	 -1,25908e-01	  3,09506e-01
2174	  4,3460000000e+03	 -1,23359e-01	  3,09629e-01
2175	  4,3480000000e+03	 -1,17519e-01	  3,11662e-01
2176	  4,3500000000e+03	 -1,12275e-01	  3,11535e-01
2177	  4,3520000000e+03	 -1,10136e-01	  3,12381e-01
2178	  4,3540000000e+03	 -1,09616e-01	  3,10887e-01
2179	  4,3560000000e+03	 -1,05403e-01	  3,13782e-01
2180	  4,3580000000e+03	 -1,00967e-01	  3,15275e-01
2181	  4,3600000000e+03	 -9,86133e-02	  3,14122e-01
2182	  4,3620000000e+03	 -9,44864e-02	  3,14569e-01
2183	  4,3640000000e+03	 -9,20147e-02	  3,14383e-01
2184	  4,3660000000e+03	 -8,64394e-02	  3,15711e-01
2185	  4,3680000000e+03	 -8,31615e-02	  3,14435e-01
2186	  4,3700000000e+03	 -8,22396e-02	  3,12118e-01
2187	  4,3720000000e+03	 -8,19758e-02	  3,12918e-01
2188	  4,3740000000e+03	 -8,01919e-02	  3,16348e-01
2189	  4,3760000000e+03	 -7,35923e-02	  3,15434e-01
2190	  4,3780000000e+03	 -6,82034e-02	  3,18153e-01
2191	  4,3800000000e+03	 -6,58664e-02	  3,21078e-01
2192	  4,3820000000e+03	 -6,53137e-02	  3,22322e-01
2193	  4,3840000000e+03	 -6,40554e-02	  3,22711e-01
2194	  4,3860000000e+03	 -5,79599e-02	  3,23192e-01
2195	  4,3880000000e+03	 -5,41878e-02	  3,22041e-01
2196	  4,3900000000e+03	 -4,99186e-02	  3,21628e-01
2197	  4,3920000000e+03	 -4,77719e-02	  3,22073e-01
2198	  4,3940000000e+03	 -4,33418e-02	  3,20649e-01
2199	  4,3960000000e+03	 -4,06168e-02	  3,22566e-01
2200	  4,3980000000e+03	 -3,82384e-02	  3,23456e-01
2201	  4,4000000000e+03	 -3,78136e-02	  3,22465e-01
2202	  4,4020000000e+03	 -3,33298e-02	  3,19900e-01
2203	  4,4040000000e+03	 -2,93505e-02	  3,23467e-01
2204	  4,4060000000e+03	 -2,75297e-02	  3,24166e-01
2205	  4,4080000000e+03	 -2,29587e-02	  3,22234e-01
2206	  4,4100000000e+03	 -2,09138e-02	  3,21322e-01
2207	  4,4120000000e+03	 -1,88430e-02	  3,19678e-01
2208	  4,4140000000e+03	 -1,46569e-02	  3,20686e-01
2209	  4,4160000000e+03	 -1,11824e-02	  3,19397e-01
2210	  4,4180000000e+03	 -8,19928e-03	  3,17618e-01
2211	  4,4200000000e+03	 -5,72678e-03	  3,20992e-01
2212	  4,4220000000e+03	 -2,33604e-03	  3,18718e-01
2213	  4,4240000000e+03	 -2,76485e-04	  3,17513e-01
2214	  4,4260000000e+03	  3,69999e-03	  3,19148e-01
2215	  4,4280000000e+03	  4,62217e-03	  3,18943e-01
2216	  4,4300000000e+03	  8,11660e-03	  3,17536e-01
2217	  4,4320000000e+03	  1,16666e-02	  3,18234e-01
2218	  4,4340000000e+03	  1,26387e-02	  3,19470e-01
2219	  4,4360000000e+03	  1,70686e-02	  3,18447e-01
2220	  4,4380000000e+03	  2,10379e-02	  3,18758e-01
2221	  4,4400000000e+03	  2,14186e-02	  3,18627e-01
2222	  4,4420000000e+03	  2,38091e-02	  3,15076e-01
2223	  4,4440000000e+03	  2,71137e-02	  3,14283e-01
2224	  4,4460000000e+03	  2,80644e-02	  3,14147e-01
2225	  4,4480000000e+03	  3,08062e-02	  3,15654e-01
2226	  4,4500000000e+03	  3,29097e-02	  3,17516e-01
2227	  4,4520000000e+03	  3,60691e-02	  3,15394e-01
2228	  4,4540000000e+03	  3,82023e-02	  3,17010e-01
2229	  4,4560000000e+03	  4,26476e-02	  3,16741e-01
2230	  4,4580000000e+03	  4,54478e-02	  3,15232e-01
2231	  4,4600000000e+03	  4,81327e-02	  3,16355e-01
2232	  4,4620000000e+03	  5,02116e-02	  3,15827e-01
2233	  4,4640000000e+03	  5,27091e-02	  3,16385e-01
2234	  4,4660000000e+03	  5,59672e-02	  3,14930e-01
2235	  4,4680000000e+03	  5,65653e-02	  3,16708e-01
2236	  4,4700000000e+03	  5,83250e-02	  3,16481e-01
2237	  4,4720000000e+03	  6,08996e-02	  3,17609e-01
2238	  4,4740000000e+03	  6,54186e-02	  3,19466e-01
2239	  4,4760000000e+03	  6,89518e-02	  3,17537e-01
2240	  4,4780000000e+03	  6,98392e-02	  3,15229e-01
2241	  4,4800000000e+03	  7,28355e-02	  3,14976e-01
2242	  4,4820000000e+03	  7,65159e-02	  3,18357e-01
2243	  4,4840000000e+03	  7,82251e-02	  3,17107e-01
2244	  4,4860000000e+03	  8,17991e-02	  3,17942e-01
2245	  4,4880000000e+03	  8,58470e-02	  3,18006e-01
2246	  4,4900000000e+03	  9,21368e-02	  3,15456e-01
2247	  4,4920000000e+03	  9,50899e-02	  3,16789e-01
2248	  4,4940000000e+03	  9,46946e-02	  3,15421e-01
2249	  4,4960000000e+03	  9,79144e-02	  3,15441e-01
2250	  4,4980000000e+03	  1,02596e-01	  3,10995e-01
2251	  4,5000000000e+03	  1,04478e-01	  3,10971e-01
2252	  4,5020000000e+03	  1,08245e-01	  3,12088e-01
2253	  4,5040000000e+03	  1,11564e-01	  3,12231e-01
2254	  4,5060000000e+03	  1,17737e-01	  3,12135e-01
2255	  4,5080000000e+03	  1,21787e-01	  3,09473e-01
2256	  4,5100000000e+03	  1,25729e-01	  3,09555e-01
2257	  4,5120000000e+03	  1,26072e-01	  3,09717e-01
2258	  4,5140000000e+03	  1,29367e-01	  3,09315e-01
2259	  4,5160000000e+03	  1,33179e-01	  3,08547e-01
2260	  4,5180000000e+03	  1,35809e-01	  3,05666e-01
2261	  4,5200000000e+03	  1,37550e-01	  3,04427e-01
2262	  4,5220000000e+03	  1,38731e-01	  2,99842e-01
2263	  4,5240000000e+03	  1,42929e-01	  2,98925e-01
2264	  4,5260000000e+03	  1,47789e-01	  3,01613e-01
2265	  4,5280000000e+03	  1,52983e-01	  3,00211e-01
2266	  4,5300000000e+03	  1,55885e-01	  2,98774e-01
2267	  4,5320000000e+03	  1,57653e-01	  2,98128e-01
2268	  4,5340000000e+03	  1,58940e-01	  2,94037e-01
2269	  4,5360000000e+03	  1,60946e-01	  2,96835e-01
2270	  4,5380000000e+03	  1,64622e-01	  2,98128e-01
2271	  4,5400000000e+03	  1,68752e-01	  2,95373e-01
2272	  4,5420000000e+03	  1,73258e-01	  2,94625e-01
2273	  4,5440000000e+03	  1,77321e-01	  2,93700e-01
2274	  4,5460000000e+03	  1,81105e-01	  2,91325e-01
2275	  4,5480000000e+03	  1,86369e-01	  2,89533e-01
2276	  4,5500000000e+03	  1,88583e-01	  2,88895e-01
2277	  4,5520000000e+03	  1,94660e-01	  2,87994e-01
2278	  4,5540000000e+03	  1,96375e-01	  2,86089e-01
2279	  4,5560000000e+03	  1,97880e-01	  2,83399e-01
2280	  4,5580000000e+03	  2,04119e-01	  2,81339e-01
2281	  4,5600000000e+03	  2,09023e-01	  2,79019e-01
2282	  4,5620000000e+03	  2,12342e-01	  2,75862e-01
2283	  4,5640000000e+03	  2,15390e-01	  2,72144e-01
2284	  4,5660000000e+03	  2,19540e-01	  2,74825e-01
2285	  4,5680000000e+03	  2,20970e-01	  2,74097e-01
2286	  4,5700000000e+03	  2,25107e-01	  2,68836e-01
2287	  4,5720000000e+03	  2,30189e-01	  2,62710e-01
2288	  4,5740000000e+03	  2,32080e-01	  2,61010e-01
2289	  4,5760000000e+03	  2,32736e-01	  2,61846e-01
2290	  4,5780000000e+03	  2,33457e-01	  2,60467e-01
2291	  4,5800000000e+03	  2,38521e-01	  2,58628e-01
2292	  4,5820000000e+03	  2,43718e-01	  2,56598e-01
2293	  4,5840000000e+03	  2,49397e-01	  2,54633e-01
2294	  4,5860000000e+03	  2,55438e-01	  2,52827e-01
2295	  4,5880000000e+03	  2,57384e-01	  2,48029e-01
2296	  4,5900000000e+03	  2,57978e-01	  2,46349e-01
2297	  4,5920000000e+03	  2,63150e-01	  2,41149e-01
2298	  4,5940000000e+03	  2,66091e-01	  2,36136e-01
2299	  4,5960000000e+03	  2,69941e-01	  2,36744e-01
2300	  4,5980000000e+03	  2,71637e-01	  2,35316e-01
2301	  4,6000000000e+03	  2,74468e-01	  2,32365e-01
2302	  4,6020000000e+03	  2,79060e-01	  2,29321e-01
2303	  4,6040000000e+03	  2,83316e-01	  2,29257e-01
2304	  4,6060000000e+03	  2,84910e-01	  2,24170e-01
2305	  4,6080000000e+03	  2,90329e-01	  2,18710e-01
2306	  4,6100000000e+03	  2,94646e-01	  2,12982e-01
2307	  4,6120000000e+03	  2,97283e-01	  2,10420e-01
2308	  4,6140000000e+03	  3,01645e-01	  2,10821e-01
2309	  4,6160000000e+03	  3,00941e-01	  2,07718e-01
2310	  4,6180000000e+03	  3,02817e-01	  2,03160e-01
2311	  4,6200000000e+03	  3,06627e-01	  2,00714e-01
2312	  4,6220000000e+03	  3,12059e-01	  1,95409e-01
2313	  4,6240000000e+03	  3,12433e-01	  1,90895e-01
2314	  4,6260000000e+03	  3,14903e-01	  1,84597e-01
2315	  4,6280000000e+03	  3,18311e-01	  1,82420e-01
2316	  4,6300000000e+03	  3,21762e-01	  1,76593e-01
2317	  4,6320000000e+03	  3,26394e-01	  1,70429e-01
2318	  4,6340000000e+03	  3,27483e-01	  1,67706e-01
2319	  4,6360000000e+03	  3,28434e-01	  1,62197e-01
2320	  4,6380000000e+03	  3,29760e-01	  1,57105e-01
2321	  4,6400000000e+03	  3,34912e-01	  1,51845e-01
2322	  4,6420000000e+03	  3,35802e-01	  1,48115e-01
2323	  4,6440000000e+03	  3,37437e-01	  1,42715e-01
2324	  4,6460000000e+03	  3,42183e-01	  1,34978e-01
2325	  4,6480000000e+03	  3,41706e-01	  1,32472e-01
2326	  4,6500000000e+03	  3,44839e-01	  1,29829e-01
2327	  4,6520000000e+03	  3,47314e-01	  1,24278e-01
2328	  4,6540000000e+03	  3,47820e-01	  1,15537e-01
2329	  4,6560000000e+03	  3,47630e-01	  1,08780e-01
2330	  4,6580000000e+03	  3,47862e-01	  1,08059e-01
2331	  4,6600000000e+03	  3,47596e-01	  1,01858e-01
2332	  4,6620000000e+03	  3,48306e-01	  9,54139e-02
2333	  4,6640000000e+03	  3,48683e-01	  9,01031e-02
2334	  4,6660000000e+03	  3,50972e-01	  8,72872e-02
2335	  4,6680000000e+03	  3,49587e-01	  8,23595e-02
2336	  4,6700000000e+03	  3,49281e-01	  7,80626e-02
2337	  4,6720000000e+03	  3,49141e-01	  7,40236e-02
2338	  4,6740000000e+03	  3,47268e-01	  7,00274e-02
2339	  4,6760000000e+03	  3,48786e-01	  6,55165e-02
2340	  4,6780000000e+03	  3,50779e-01	  6,10142e-02
2341	  4,6800000000e+03	  3,48743e-01	  5,51043e-02
2342	  4,6820000000e+03	  3,47708e-01	  4,95921e-02
2343	  4,6840000000e+03	  3,46240e-01	  4,20045e-02
2344	  4,6860000000e+03	  3,48028e-01	  3,76901e-02
2345	  4,6880000000e+03	  3,49233e-01	  3,76016e-02
2346	  4,6900000000e+03	  3,47622e-01	  3,50826e-02
2347	  4,6920000000e+03	  3,46710e-01	  3,06621e-02
2348	  4,6940000000e+03	  3,43454e-01	  2,63529e-02
2349	  4,6960000000e+03	  3,45107e-01	  2,15261e-02
2350	  4,6980000000e+03	  3,43650e-01	  1,58156e-02
2351	  4,7000000000e+03	  3,42275e-01	  1,32265e-02
2352	  4,7020000000e+03	  3,42242e-01	  1,07081e-02
2353	  4,7040000000e+03	  3,43298e-01	  9,69094e-03
2354	  4,7060000000e+03	  3,43061e-01	  7,06722e-03
2355	  4,7080000000e+03	  3,42128e-01	 -8,50357e-04
2356	  4,7100000000e+03	  3,40644e-01	 -6,61623e-03
2357	  4,7120000000e+03	  3,39422e-01	 -9,63367e-03
2358	  4,7140000000e+03	  3,39003e-01	 -1,52849e-02
2359	  4,7160000000e+03	  3,35459e-01	 -1,93339e-02
2360	  4,7180000000e+03	  3,34283e-01	 -1,98523e-02
2361	  4,7200000000e+03	  3,32806e-01	 -2,38500e-02
2362	  4,7220000000e+03	  3,30589e-01	 -2,66442e-02
2363	  4,7240000000e+03	  3,31204e-01	 -2,88084e-02
2364	  4,7260000000e+03	  3,31558e-01	 -3,19036e-02
2365	  4,7280000000e+03	  3,28295e-01	 -3,68759e-02
2366	  4,7300000000e+03	  3,28536e-01	 -3,90941e-02
2367	  4,7320000000e+03	  3,28885e-01	 -4,31464e-02
2368	  4,7340000000e+03	  3,26264e-01	 -4,90344e-02
2369	  4,7360000000e+03	  3,27252e-01	 -5,33152e-02
2370	  4,7380000000e+03	  3,25080e-01	 -5,53697e-02
2371	  4,7400000000e+03	  3,23506e-01	 -5,73692e-02
2372	  4,7420000000e+03	  3,19840e-01	 -5,91686e-02
2373	  4,7440000000e+03	  3,15952e-01	 -6,23431e-02
2374	  4,7460000000e+03	  3,17394e-01	 -6,72470e-02
2375	  4,7480000000e+03	  3,19578e-01	 -7,11885e-02
2376	  4,7500000000e+03	  3,20284e-01	 -7,30750e-02
2377	  4,7520000000e+03	  3,16235e-01	 -7,56977e-02
2378	  4,7540000000e+03	  3,13877e-01	 -8,15893e-02
2379	  4,7560000000e+03	  3,14363e-01	 -8,34125e-02
2380	  4,7580000000e+03	  3,13296e-01	 -8,80015e-02
2381	  4,7600000000e+03	  3,08927e-01	 -9,30911e-02
2382	  4,7620000000e+03	  3,07932e-01	 -9,46240e-02
2383	  4,7640000000e+03	  3,06040e-01	 -9,82986e-02
2384	  4,7660000000e+03	  3,04150e-01	 -9,92870e-02
2385	  4,7680000000e+03	  3,01212e-01	 -1,01216e-01
2386	  4,7700000000e+03	  2,97223e-01	 -1,06684e-01
2387	  4,7720000000e+03	  2,99569e-01	 -1,09194e-01
2388	  4,7740000000e+03	  2,98889e-01	 -1,12155e-01
2389	  4,7760000000e+03	  2,97081e-01	 -1,17566e-01
2390	  4,7780000000e+03	  2,91597e-01	 -1,18392e-01
2391	  4,7800000000e+03	  2,89897e-01	 -1,18365e-01
2392	  4,7820000000e+03	  2,87734e-01	 -1,23494e-01
2393	  4,7840000000e+03	  2,81640e-01	 -1,25541e-01
2394	  4,7860000000e+03	  2,80629e-01	 -1,26546e-01
2395	  4,7880000000e+03	  2,82431e-01	 -1,30822e-01
2396	  4,7900000000e+03	  2,77767e-01	 -1,31317e-01
2397	  4,7920000000e+03	  2,74881e-01	 -1,34943e-01
2398	  4,7940000000e+03	  2,75069e-01	 -1,38275e-01
2399	  4,7960000000e+03	  2,73855e-01	 -1,39612e-01
2400	  4,7980000000e+03	  2,69713e-01	 -1,37236e-01
2401	  4,8000000000e+03	  2,67535e-01	 -1,41464e-01
2402	  4,8020000000e+03	  2,65891e-01	 -1,46951e-01
2403	  4,8040000000e+03	  2,66322e-01	 -1,48629e-01
2404	  4,8060000000e+03	  2,65365e-01	 -1,52943e-01
2405	  4,8080000000e+03	  2,60991e-01	 -1,56535e-01
2406	  4,8100000000e+03	  2,57142e-01	 -1,57111e-01
2407	  4,8120000000e+03	  2,55121e-01	 -1,58007e-01
2408	  4,8140000000e+03	  2,50502e-01	 -1,57997e-01
2409	  4,8160000000e+03	  2,50683e-01	 -1,58738e-01
2410	  4,8180000000e+03	  2,50809e-01	 -1,61521e-01
2411	  4,8200000000e+03	  2,50832e-01	 -1,65845e-01
2412	  4,8220000000e+03	  2,50588e-01	 -1,68975e-01
2413	  4,8240000000e+03	  2,46332e-01	 -1,70339e-01
2414	  4,8260000000e+03	  2,42275e-01	 -1,69915e-01
2415	  4,8280000000e+03	  2,41501e-01	 -1,70319e-01
2416	  4,8300000000e+03	  2,39944e-01	 -1,76362e-01
2417	  4,8320000000e+03	  2,36611e-01	 -1,80897e-01
2418	  4,8340000000e+03	  2,36472e-01	 -1,81486e-01
2419	  4,8360000000e+03	  2,33895e-01	 -1,81942e-01
2420	  4,8380000000e+03	  2,33377e-01	 -1,81079e-01
2421	  4,8400000000e+03	  2,29093e-01	 -1,83842e-01
2422	  4,8420000000e+03	  2,27025e-01	 -1,85876e-01
2423	  4,8440000000e+03	  2,25334e-01	 -1,91615e-01
2424	  4,8460000000e+03	  2,19577e-01	 -1,94589e-01
2425	  4,8480000000e+03	  2,17670e-01	 -1,95050e-01
2426	  4,8500000000e+03	  2,13227e-01	 -1,94910e-01
2427	  4,8520000000e+03	  2,10927e-01	 -1,95147e-01
2428	  4,8540000000e+03	  2,10147e-01	 -1,96630e-01
2429	  4,8560000000e+03	  2,08769e-01	 -1,96648e-01
2430	  4,8580000000e+03	  2,06291e-01	 -1,97975e-01
2431	  4,8600000000e+03	  2,03961e-01	 -1,95993e-01
2432	  4,8620000000e+03	  2,02202e-01	 -1,97512e-01
2433	  4,8640000000e+03	  2,01453e-01	 -1,99619e-01
2434	  4,8660000000e+03	  1,98210e-01	 -2,02316e-01
2435	  4,8680000000e+03	  1,94947e-01	 -2,03789e-01
2436	  4,8700000000e+03	  1,95142e-01	 -2,04965e-01
2437	  4,8720000000e+03	  1,94105e-01	 -2,06647e-01
2438	  4,8740000000e+03	  1,91509e-01	 -2,05980e-01
2439	  4,8760000000e+03	  1,89807e-01	 -2,08887e-01
2440	  4,8780000000e+03	  1,88067e-01	 -2,10370e-01
2441	  4,8800000000e+03	  1,85484e-01	 -2,10233e-01
2442	  4,8820000000e+03	  1,83948e-01	 -2,13129e-01
2443	  4,8840000000e+03	  1,81249e-01	 -2,14927e-01
2444	  4,8860000000e+03	  1,78586e-01	 -2,15727e-01
2445	  4,8880000000e+03	  1,80297e-01	 -2,18989e-01
2446	  4,8900000000e+03	  1,76849e-01	 -2,17793e-01
2447	  4,8920000000e+03	  1,74269e-01	 -2,17378e-01
2448	  4,8940000000e+03	  1,72090e-01	 -2,19889e-01
2449	  4,8960000000e+03	  1,71270e-01	 -2,22853e-01
2450	  4,8980000000e+03	  1,69161e-01	 -2,26607e-01
2451	  4,9000000000e+03	  1,65370e-01	 -2,24830e-01
2452	  4,9020000000e+03	  1,62522e-01	 -2,25363e-01
2453	  4,9040000000e+03	  1,62524e-01	 -2,27730e-01
2454	  4,9060000000e+03	  1,60895e-01	 -2,31866e-01
2455	  4,9080000000e+03	  1,57910e-01	 -2,31850e-01
2456	  4,9100000000e+03	  1,54923e-01	 -2,31878e-01
2457	  4,9120000000e+03	  1,53730e-01	 -2,35944e-01
2458	  4,9140000000e+03	  1,48872e-01	 -2,40245e-01
2459	  4,9160000000e+03	  1,46396e-01	 -2,35027e-01
2460	  4,9180000000e+03	  1,47821e-01	 -2,35483e-01
2461	  4,9200000000e+03	  1,43306e-01	 -2,37181e-01
2462	  4,9220000000e+03	  1,39177e-01	 -2,40556e-01
2463	  4,9240000000e+03	  1,40525e-01	 -2,43095e-01
2464	  4,9260000000e+03	  1,36564e-01	 -2,42402e-01
2465	  4,9280000000e+03	  1,35872e-01	 -2,43227e-01
2466	  4,9300000000e+03	  1,32722e-01	 -2,44335e-01
2467	  4,9320000000e+03	  1,30813e-01	 -2,48508e-01
2468	  4,9340000000e+03	  1,28690e-01	 -2,46890e-01
2469	  4,9360000000e+03	  1,25254e-01	 -2,45313e-01
2470	  4,9380000000e+03	  1,22863e-01	 -2,48904e-01
2471	  4,9400000000e+03	  1,21648e-01	 -2,48847e-01
2472	  4,9420000000e+03	  1,19183e-01	 -2,49689e-01
2473	  4,9440000000e+03	  1,16665e-01	 -2,51642e-01
2474	  4,9460000000e+03	  1,14795e-01	 -2,52436e-01
2475	  4,9480000000e+03	  1,11899e-01	 -2,52772e-01
2476	  4,9500000000e+03	  1,09384e-01	 -2,55949e-01
2477	  4,9520000000e+03	  1,06546e-01	 -2,54020e-01
2478	  4,9540000000e+03	  1,03684e-01	 -2,55721e-01
2479	  4,9560000000e+03	  1,04360e-01	 -2,57952e-01
2480	  4,9580000000e+03	  1,01685e-01	 -2,55252e-01
2481	  4,9600000000e+03	  9,81271e-02	 -2,58458e-01
2482	  4,9620000000e+03	  9,52148e-02	 -2,59149e-01
2483	  4,9640000000e+03	  9,17456e-02	 -2,57478e-01
2484	  4,9660000000e+03	  9,13198e-02	 -2,56790e-01
2485	  4,9680000000e+03	  9,28785e-02	 -2,56984e-01
2486	  4,9700000000e+03	  9,17116e-02	 -2,59989e-01
2487	  4,9720000000e+03	  8,80322e-02	 -2,62292e-01
2488	  4,9740000000e+03	  8,31795e-02	 -2,62694e-01
2489	  4,9760000000e+03	  8,13024e-02	 -2,65694e-01
2490	  4,9780000000e+03	  8,14458e-02	 -2,68621e-01
2491	  4,9800000000e+03	  8,07880e-02	 -2,67354e-01
2492	  4,9820000000e+03	  7,48673e-02	 -2,66627e-01
2493	  4,9840000000e+03	  7,22304e-02	 -2,67732e-01
2494	  4,9860000000e+03	  7,14263e-02	 -2,68775e-01
2495	  4,9880000000e+03	  6,62010e-02	 -2,71050e-01
2496	  4,9900000000e+03	  6,38972e-02	 -2,70831e-01
2497	  4,9920000000e+03	  5,81068e-02	 -2,70548e-01
2498	  4,9940000000e+03	  5,59552e-02	 -2,70275e-01
2499	  4,9960000000e+03	  6,00129e-02	 -2,71016e-01
2500	  4,9980000000e+03	  5,47184e-02	 -2,70532e-01
2501	  5,0000000000e+03	  5,17858e-02	 -2,72378e-01
2502	  5,0020000000e+03	  4,90915e-02	 -2,75895e-01
2503	  5,0040000000e+03	  4,88108e-02	 -2,75111e-01
2504	  5,0060000000e+03	  4,78132e-02	 -2,75945e-01
2505	  5,0080000000e+03	  4,46741e-02	 -2,75055e-01
2506	  5,0100000000e+03	  3,83513e-02	 -2,76331e-01
2507	  5,0120000000e+03	  3,76703e-02	 -2,76289e-01
2508	  5,0140000000e+03	  3,67265e-02	 -2,76622e-01
2509	  5,0160000000e+03	  3,42951e-02	 -2,77457e-01
2510	  5,0180000000e+03	  2,98990e-02	 -2,80437e-01
2511	  5,0200000000e+03	  2,90138e-02	 -2,80392e-01
2512	  5,0220000000e+03	  2,60438e-02	 -2,81708e-01
2513	  5,0240000000e+03	  2,32935e-02	 -2,80960e-01
2514	  5,0260000000e+03	  2,46714e-02	 -2,82228e-01
2515	  5,0280000000e+03	  2,21356e-02	 -2,82915e-01
2516	  5,0300000000e+03	  1,92371e-02	 -2,83184e-01
2517	  5,0320000000e+03	  1,41751e-02	 -2,84293e-01
2518	  5,0340000000e+03	  1,24753e-02	 -2,81483e-01
2519	  5,0360000000e+03	  6,98154e-03	 -2,84059e-01
2520	  5,0380000000e+03	  2,96886e-03	 -2,87083e-01
2521	  5,0400000000e+03	  3,81985e-03	 -2,83249e-01
2522	  5,0420000000e+03	  2,16491e-03	 -2,83075e-01
2523	  5,0440000000e+03	 -7,57379e-04	 -2,86836e-01
2524	  5,0460000000e+03	 -4,87799e-03	 -2,88221e-01
2525	  5,0480000000e+03	 -9,59349e-03	 -2,90494e-01
2526	  5,0500000000e+03	 -1,01213e-02	 -2,90505e-01
2527	  5,0520000000e+03	 -1,42955e-02	 -2,90350e-01
2528	  5,0540000000e+03	 -1,76606e-02	 -2,87496e-01
2529	  5,0560000000e+03	 -1,91969e-02	 -2,89430e-01
2530	  5,0580000000e+03	 -2,23158e-02	 -2,87757e-01
2531	  5,0600000000e+03	 -2,31564e-02	 -2,86975e-01
2532	  5,0620000000e+03	 -2,50702e-02	 -2,89724e-01
2533	  5,0640000000e+03	 -3,11393e-02	 -2,90483e-01
2534	  5,0660000000e+03	 -3,54684e-02	 -2,92418e-01
2535	  5,0680000000e+03	 -3,81913e-02	 -2,93801e-01
2536	  5,0700000000e+03	 -3,87481e-02	 -2,90359e-01
2537	  5,0720000000e+03	 -4,36083e-02	 -2,91034e-01
2538	  5,0740000000e+03	 -4,80488e-02	 -2,90309e-01
2539	  5,0760000000e+03	 -5,35093e-02	 -2,91820e-01
2540	  5,0780000000e+03	 -5,67047e-02	 -2,90251e-01
2541	  5,0800000000e+03	 -5,90123e-02	 -2,89022e-01
2542	  5,0820000000e+03	 -6,35054e-02	 -2,90894e-01
2543	  5,0840000000e+03	 -6,65564e-02	 -2,88039e-01
2544	  5,0860000000e+03	 -6,62701e-02	 -2,90737e-01
2545	  5,0880000000e+03	 -6,93810e-02	 -2,94288e-01
2546	  5,0900000000e+03	 -7,47857e-02	 -2,92339e-01
2547	  5,0920000000e+03	 -7,62747e-02	 -2,91727e-01
2548	  5,0940000000e+03	 -8,44735e-02	 -2,91552e-01
2549	  5,0960000000e+03	 -8,93387e-02	 -2,88532e-01
2550	  5,0980000000e+03	 -8,98148e-02	 -2,86935e-01
2551	  5,1000000000e+03	 -9,32766e-02	 -2,84735e-01
2552	  5,1020000000e+03	 -9,69237e-02	 -2,83386e-01
2553	  5,1040000000e+03	 -1,01307e-01	 -2,81126e-01
2554	  5,1060000000e+03	 -1,03227e-01	 -2,80206e-01
2555	  5,1080000000e+03	 -1,06865e-01	 -2,80075e-01
2556	  5,1100000000e+03	 -1,08934e-01	 -2,78761e-01
2557	  5,1120000000e+03	 -1,09802e-01	 -2,78542e-01
2558	  5,1140000000e+03	 -1,15965e-01	 -2,78041e-01
2559	  5,1160000000e+03	 -1,19639e-01	 -2,77628e-01
2560	  5,1180000000e+03	 -1,25159e-01	 -2,75310e-01
2561	  5,1200000000e+03	 -1,26149e-01	 -2,73216e-01
2562	  5,1220000000e+03	 -1,28274e-01	 -2,72245e-01
2563	  5,1240000000e+03	 -1,34006e-01	 -2,73948e-01
2564	  5,1260000000e+03	 -1,37950e-01	 -2,69703e-01
2565	  5,1280000000e+03	 -1,37530e-01	 -2,69435e-01
2566	  5,1300000000e+03	 -1,39082e-01	 -2,68349e-01
2567	  5,1320000000e+03	 -1,43630e-01	 -2,65607e-01
2568	  5,1340000000e+03	 -1,46378e-01	 -2,65149e-01
2569	  5,1360000000e+03	 -1,49812e-01	 -2,64036e-01
2570	  5,1380000000e+03	 -1,55233e-01	 -2,61482e-01
2571	  5,1400000000e+03	 -1,56640e-01	 -2,60861e-01
2572	  5,1420000000e+03	 -1,57984e-01	 -2,59579e-01
2573	  5,1440000000e+03	 -1,60910e-01	 -2,56911e-01
2574	  5,1460000000e+03	 -1,65675e-01	 -2,52141e-01
2575	  5,1480000000e+03	 -1,66111e-01	 -2,53456e-01
2576	  5,1500000000e+03	 -1,70447e-01	 -2,52249e-01
2577	  5,1520000000e+03	 -1,72671e-01	 -2,50281e-01
2578	  5,1540000000e+03	 -1,75864e-01	 -2,49601e-01
2579	  5,1560000000e+03	 -1,80835e-01	 -2,47845e-01
2580	  5,1580000000e+03	 -1,83715e-01	 -2,46597e-01
2581	  5,1600000000e+03	 -1,85407e-01	 -2,43849e-01
2582	  5,1620000000e+03	 -1,87230e-01	 -2,42154e-01
2583	  5,1640000000e+03	 -1,92756e-01	 -2,37195e-01
2584	  5,1660000000e+03	 -1,95164e-01	 -2,34449e-01
2585	  5,1680000000e+03	 -1,99568e-01	 -2,31384e-01
2586	  5,1700000000e+03	 -2,03482e-01	 -2,26161e-01
2587	  5,1720000000e+03	 -2,05112e-01	 -2,26551e-01
2588	  5,1740000000e+03	 -2,12804e-01	 -2,22787e-01
2589	  5,1760000000e+03	 -2,12430e-01	 -2,19496e-01
2590	  5,1780000000e+03	 -2,14510e-01	 -2,19411e-01
2591	  5,1800000000e+03	 -2,17101e-01	 -2,19185e-01
2592	  5,1820000000e+03	 -2,18592e-01	 -2,17016e-01
2593	  5,1840000000e+03	 -2,24480e-01	 -2,14214e-01
2594	  5,1860000000e+03	 -2,24938e-01	 -2,10745e-01
2595	  5,1880000000e+03	 -2,27323e-01	 -2,06514e-01
2596	  5,1900000000e+03	 -2,29745e-01	 -2,04008e-01
2597	  5,1920000000e+03	 -2,29171e-01	 -2,01144e-01
2598	  5,1940000000e+03	 -2,33076e-01	 -1,95750e-01
2599	  5,1960000000e+03	 -2,40279e-01	 -1,92176e-01
2600	  5,1980000000e+03	 -2,45590e-01	 -1,90887e-01
2601	  5,2000000000e+03	 -2,45256e-01	 -1,87831e-01
2602	  5,2020000000e+03	 -2,45968e-01	 -1,83210e-01
2603	  5,2040000000e+03	 -2,46247e-01	 -1,80303e-01
2604	  5,2060000000e+03	 -2,49346e-01	 -1,76780e-01
2605	  5,2080000000e+03	 -2,52199e-01	 -1,72915e-01
2606	  5,2100000000e+03	 -2,53193e-01	 -1,68705e-01
2607	  5,2120000000e+03	 -2,49514e-01	 -1,66211e-01
2608	  5,2140000000e+03	 -2,50904e-01	 -1,63221e-01
2609	  5,2160000000e+03	 -2,56830e-01	 -1,58427e-01
2610	  5,2180000000e+03	 -2,60453e-01	 -1,55227e-01
2611	  5,2200000000e+03	 -2,61262e-01	 -1,53691e-01
2612	  5,2220000000e+03	 -2,61818e-01	 -1,50516e-01
2613	  5,2240000000e+03	 -2,64847e-01	 -1,44660e-01
2614	  5,2260000000e+03	 -2,66586e-01	 -1,41459e-01
2615	  5,2280000000e+03	 -2,67035e-01	 -1,38183e-01
2616	  5,2300000000e+03	 -2,64050e-01	 -1,35241e-01
2617	  5,2320000000e+03	 -2,68146e-01	 -1,34284e-01
2618	  5,2340000000e+03	 -2,71754e-01	 -1,31062e-01
2619	  5,2360000000e+03	 -2,70317e-01	 -1,24844e-01
2620	  5,2380000000e+03	 -2,70263e-01	 -1,16822e-01
2621	  5,2400000000e+03	 -2,72712e-01	 -1,14620e-01
2622	  5,2420000000e+03	 -2,74915e-01	 -1,14707e-01
2623	  5,2440000000e+03	 -2,74911e-01	 -1,11668e-01
2624	  5,2460000000e+03	 -2,73900e-01	 -1,07243e-01
2625	  5,2480000000e+03	 -2,73597e-01	 -1,03795e-01
2626	  5,2500000000e+03	 -2,76825e-01	 -9,84688e-02
2627	  5,2520000000e+03	 -2,78244e-01	 -9,64289e-02
2628	  5,2540000000e+03	 -2,75938e-01	 -9,39923e-02
2629	  5,2560000000e+03	 -2,77665e-01	 -8,98402e-02
2630	  5,2580000000e+03	 -2,75429e-01	 -8,78862e-02
2631	  5,2600000000e+03	 -2,76359e-01	 -8,62558e-02
2632	  5,2620000000e+03	 -2,76393e-01	 -8,22428e-02
2633	  5,2640000000e+03	 -2,78655e-01	 -7,80156e-02
2634	  5,2660000000e+03	 -2,79108e-01	 -7,40572e-02
2635	  5,2680000000e+03	 -2,78454e-01	 -7,14417e-02
2636	  5,2700000000e+03	 -2,77108e-01	 -6,57482e-02
2637	  5,2720000000e+03	 -2,78044e-01	 -6,50518e-02
2638	  5,2740000000e+03	 -2,81400e-01	 -5,96098e-02
2639	  5,2760000000e+03	 -2,81541e-01	 -5,64319e-02
2640	  5,2780000000e+03	 -2,79254e-01	 -5,51268e-02
2641	  5,2800000000e+03	 -2,77657e-01	 -5,06221e-02
2642	  5,2820000000e+03	 -2,77544e-01	 -4,71033e-02
2643	  5,2840000000e+03	 -2,80727e-01	 -4,49878e-02
2644	  5,2860000000e+03	 -2,78009e-01	 -4,09877e-02
2645	  5,2880000000e+03	 -2,75343e-01	 -3,81433e-02
2646	  5,2900000000e+03	 -2,71984e-01	 -3,81388e-02
2647	  5,2920000000e+03	 -2,75355e-01	 -3,70537e-02
2648	  5,2940000000e+03	 -2,74800e-01	 -3,12483e-02
2649	  5,2960000000e+03	 -2,74047e-01	 -2,56861e-02
2650	  5,2980000000e+03	 -2,73130e-01	 -2,45276e-02
2651	  5,3000000000e+03	 -2,72531e-01	 -2,36649e-02
2652	  5,3020000000e+03	 -2,71945e-01	 -2,18394e-02
2653	  5,3040000000e+03	 -2,70358e-01	 -1,81595e-02
2654	  5,3060000000e+03	 -2,71680e-01	 -1,36211e-02
2655	  5,3080000000e+03	 -2,72405e-01	 -1,39756e-02
2656	  5,3100000000e+03	 -2,72449e-01	 -1,29208e-02
2657	  5,3120000000e+03	 -2,70605e-01	 -9,70866e-03
2658	  5,3140000000e+03	 -2,69967e-01	 -8,77718e-03
2659	  5,3160000000e+03	 -2,69250e-01	 -2,38595e-03
2660	  5,3180000000e+03	 -2,67216e-01	  1,44529e-03
2661	  5,3200000000e+03	 -2,66645e-01	  7,91565e-03
2662	  5,3220000000e+03	 -2,69461e-01	  1,02022e-02
2663	  5,3240000000e+03	 -2,70702e-01	  9,80763e-03
2664	  5,3260000000e+03	 -2,69859e-01	  9,99331e-03
2665	  5,3280000000e+03	 -2,67916e-01	  1,33590e-02
2666	  5,3300000000e+03	 -2,67032e-01	  1,89312e-02
2667	  5,3320000000e+03	 -2,66617e-01	  2,16353e-02
2668	  5,3340000000e+03	 -2,66572e-01	  2,15171e-02
2669	  5,3360000000e+03	 -2,64555e-01	  2,05924e-02
2670	  5,3380000000e+03	 -2,63564e-01	  2,60692e-02
2671	  5,3400000000e+03	 -2,64511e-01	  2,73849e-02
2672	  5,3420000000e+03	 -2,62573e-01	  2,59786e-02
2673	  5,3440000000e+03	 -2,61384e-01	  3,02504e-02
2674	  5,3460000000e+03	 -2,62609e-01	  3,53673e-02
2675	  5,3480000000e+03	 -2,60731e-01	  3,66047e-02
2676	  5,3500000000e+03	 -2,59127e-01	  3,79327e-02
2677	  5,3520000000e+03	 -2,58695e-01	  4,38023e-02
2678	  5,3540000000e+03	 -2,59238e-01	  4,79809e-02
2679	  5,3560000000e+03	 -2,57290e-01	  5,13356e-02
2680	  5,3580000000e+03	 -2,56144e-01	  5,25043e-02
2681	  5,3600000000e+03	 -2,57425e-01	  5,43630e-02
2682	  5,3620000000e+03	 -2,57811e-01	  5,48104e-02
2683	  5,3640000000e+03	 -2,57859e-01	  5,79188e-02
2684	  5,3660000000e+03	 -2,56100e-01	  5,87785e-02
2685	  5,3680000000e+03	 -2,56212e-01	  6,12658e-02
2686	  5,3700000000e+03	 -2,53714e-01	  6,54019e-02
2687	  5,3720000000e+03	 -2,52342e-01	  6,83885e-02
2688	  5,3740000000e+03	 -2,50561e-01	  6,88923e-02
2689	  5,3760000000e+03	 -2,49031e-01	  7,08920e-02
2690	  5,3780000000e+03	 -2,48468e-01	  7,75733e-02
2691	  5,3800000000e+03	 -2,47734e-01	  7,67458e-02
2692	  5,3820000000e+03	 -2,46189e-01	  7,36500e-02
2693	  5,3840000000e+03	 -2,45749e-01	  7,57719e-02
2694	  5,3860000000e+03	 -2,45352e-01	  7,62212e-02
2695	  5,3880000000e+03	 -2,44990e-01	  8,52560e-02
2696	  5,3900000000e+03	 -2,42996e-01	  8,77080e-02
2697	  5,3920000000e+03	 -2,42365e-01	  8,93587e-02
2698	  5,3940000000e+03	 -2,43326e-01	  9,17823e-02
2699	  5,3960000000e+03	 -2,41762e-01	  9,57973e-02
2700	  5,3980000000e+03	 -2,43361e-01	  9,86634e-02
2701	  5,4000000000e+03	 -2,45322e-01	  1,02704e-01
2702	  5,4020000000e+03	 -2,40211e-01	  9,98289e-02
2703	  5,4040000000e+03	 -2,36434e-01	  9,95597e-02
2704	  5,4060000000e+03	 -2,37812e-01	  1,05041e-01
2705	  5,4080000000e+03	 -2,35911e-01	  1,07805e-01
2706	  5,4100000000e+03	 -2,36027e-01	  1,12101e-01
2707	  5,4120000000e+03	 -2,33712e-01	  1,13011e-01
2708	  5,4140000000e+03	 -2,35690e-01	  1,13221e-01
2709	  5,4160000000e+03	 -2,31961e-01	  1,12349e-01
2710	  5,4180000000e+03	 -2,26610e-01	  1,14668e-01
2711	  5,4200000000e+03	 -2,25807e-01	  1,19099e-01
2712	  5,4220000000e+03	 -2,29709e-01	  1,24152e-01
2713	  5,4240000000e+03	 -2,29557e-01	  1,24601e-01
2714	  5,4260000000e+03	 -2,28656e-01	  1,27848e-01
2715	  5,4280000000e+03	 -2,28374e-01	  1,29203e-01
2716	  5,4300000000e+03	 -2,25230e-01	  1,30274e-01
2717	  5,4320000000e+03	 -2,24497e-01	  1,29898e-01
2718	  5,4340000000e+03	 -2,23187e-01	  1,32388e-01
2719	  5,4360000000e+03	 -2,17706e-01	  1,36261e-01
2720	  5,4380000000e+03	 -2,15959e-01	  1,37956e-01
2721	  5,4400000000e+03	 -2,16031e-01	  1,44531e-01
2722	  5,4420000000e+03	 -2,14633e-01	  1,45467e-01
2723	  5,4440000000e+03	 -2,13201e-01	  1,44710e-01
2724	  5,4460000000e+03	 -2,10713e-01	  1,47990e-01
2725	  5,4480000000e+03	 -2,09164e-01	  1,49365e-01
2726	  5,4500000000e+03	 -2,07293e-01	  1,51793e-01
2727	  5,4520000000e+03	 -2,06416e-01	  1,53105e-01
2728	  5,4540000000e+03	 -2,06726e-01	  1,57721e-01
2729	  5,4560000000e+03	 -2,03584e-01	  1,59979e-01
2730	  5,4580000000e+03	 -2,01680e-01	  1,62774e-01
2731	  5,4600000000e+03	 -1,97476e-01	  1,67538e-01
2732	  5,4620000000e+03	 -2,00054e-01	  1,68816e-01
2733	  5,4640000000e+03	 -1,97932e-01	  1,69174e-01
2734	  5,4660000000e+03	 -1,95722e-01	  1,73051e-01
2735	  5,4680000000e+03	 -1,96437e-01	  1,74827e-01
2736	  5,4700000000e+03	 -1,91716e-01	  1,75463e-01
2737	  5,4720000000e+03	 -1,86542e-01	  1,76479e-01
2738	  5,4740000000e+03	 -1,85515e-01	  1,80101e-01
2739	  5,4760000000e+03	 -1,85554e-01	  1,82667e-01
2740	  5,4780000000e+03	 -1,85087e-01	  1,84921e-01
2741	  5,4800000000e+03	 -1,84274e-01	  1,86833e-01
2742	  5,4820000000e+03	 -1,80900e-01	  1,87788e-01
2743	  5,4840000000e+03	 -1,75549e-01	  1,89544e-01
2744	  5,4860000000e+03	 -1,75067e-01	  1,92017e-01
2745	  5,4880000000e+03	 -1,72336e-01	  1,92477e-01
2746	  5,4900000000e+03	 -1,69430e-01	  1,94381e-01
2747	  5,4920000000e+03	 -1,66477e-01	  1,95483e-01
2748	  5,4940000000e+03	 -1,63346e-01	  1,98367e-01
2749	  5,4960000000e+03	 -1,63967e-01	  1,98608e-01
2750	  5,4980000000e+03	 -1,60280e-01	  1,95335e-01
2751	  5,5000000000e+03	 -1,55044e-01	  1,98966e-01
2752	  5,5020000000e+03	 -1,53921e-01	  1,98884e-01
2753	  5,5040000000e+03	 -1,52741e-01	  1,98546e-01
2754	  5,5060000000e+03	 -1,46557e-01	  2,01756e-01
2755	  5,5080000000e+03	 -1,47461e-01	  2,06238e-01
2756	  5,5100000000e+03	 -1,45252e-01	  2,06146e-01
2757	  5,5120000000e+03	 -1,43148e-01	  2,04576e-01
2758	  5,5140000000e+03	 -1,40021e-01	  2,04902e-01
2759	  5,5160000000e+03	 -1,38494e-01	  2,05125e-01
2760	  5,5180000000e+03	 -1,37481e-01	  2,07647e-01
2761	  5,5200000000e+03	 -1,35518e-01	  2,12019e-01
2762	  5,5220000000e+03	 -1,29272e-01	  2,12062e-01
2763	  5,5240000000e+03	 -1,26164e-01	  2,12097e-01
2764	  5,5260000000e+03	 -1,24918e-01	  2,10913e-01
2765	  5,5280000000e+03	 -1,22874e-01	  2,09747e-01
2766	  5,5300000000e+03	 -1,23559e-01	  2,10582e-01
2767	  5,5320000000e+03	 -1,23608e-01	  2,13531e-01
2768	  5,5340000000e+03	 -1,19037e-01	  2,16005e-01
2769	  5,5360000000e+03	 -1,15208e-01	  2,13913e-01
2770	  5,5380000000e+03	 -1,13772e-01	  2,12197e-01
2771	  5,5400000000e+03	 -1,14401e-01	  2,18064e-01
2772	  5,5420000000e+03	 -1,17399e-01	  2,20957e-01
2773	  5,5440000000e+03	 -1,14370e-01	  2,22992e-01
2774	  5,5460000000e+03	 -1,12392e-01	  2,21785e-01
2775	  5,5480000000e+03	 -1,08439e-01	  2,22535e-01
2776	  5,5500000000e+03	 -1,03605e-01	  2,23155e-01
2777	  5,5520000000e+03	 -1,01515e-01	  2,24098e-01
2778	  5,5540000000e+03	 -9,98431e-02	  2,26051e-01
2779	  5,5560000000e+03	 -9,54466e-02	  2,31036e-01
2780	  5,5580000000e+03	 -9,27836e-02	  2,30325e-01
2781	  5,5600000000e+03	 -9,00933e-02	  2,27802e-01
2782	  5,5620000000e+03	 -8,93097e-02	  2,29224e-01
2783	  5,5640000000e+03	 -8,40531e-02	  2,28795e-01
2784	  5,5660000000e+03	 -8,42977e-02	  2,32012e-01
2785	  5,5680000000e+03	 -8,55890e-02	  2,33350e-01
2786	  5,5700000000e+03	 -8,29563e-02	  2,34205e-01
2787	  5,5720000000e+03	 -8,05611e-02	  2,31697e-01
2788	  5,5740000000e+03	 -7,62280e-02	  2,32073e-01
2789	  5,5760000000e+03	 -7,00427e-02	  2,34320e-01
2790	  5,5780000000e+03	 -6,81402e-02	  2,36438e-01
2791	  5,5800000000e+03	 -6,76062e-02	  2,39117e-01
2792	  5,5820000000e+03	 -6,44938e-02	  2,37732e-01
2793	  5,5840000000e+03	 -6,20847e-02	  2,39549e-01
2794	  5,5860000000e+03	 -6,08278e-02	  2,41590e-01
2795	  5,5880000000e+03	 -5,75743e-02	  2,37434e-01
2796	  5,5900000000e+03	 -5,57108e-02	  2,36569e-01
2797	  5,5920000000e+03	 -5,47754e-02	  2,38378e-01
2798	  5,5940000000e+03	 -5,26634e-02	  2,36002e-01
2799	  5,5960000000e+03	 -5,11639e-02	  2,37933e-01
2800	  5,5980000000e+03	 -4,81885e-02	  2,38002e-01
2801	  5,6000000000e+03	 -4,57775e-02	  2,39056e-01
2802	  5,6020000000e+03	 -4,54642e-02	  2,36747e-01
2803	  5,6040000000e+03	 -4,43316e-02	  2,36441e-01
2804	  5,6060000000e+03	 -4,13210e-02	  2,37288e-01
2805	  5,6080000000e+03	 -3,83202e-02	  2,40513e-01
2806	  5,6100000000e+03	 -3,41120e-02	  2,41993e-01
2807	  5,6120000000e+03	 -3,30966e-02	  2,39953e-01
2808	  5,6140000000e+03	 -3,25784e-02	  2,40399e-01
2809	  5,6160000000e+03	 -2,94857e-02	  2,40917e-01
2810	  5,6180000000e+03	 -2,57940e-02	  2,42224e-01
2811	  5,6200000000e+03	 -2,40231e-02	  2,41217e-01
2812	  5,6220000000e+03	 -2,16187e-02	  2,40518e-01
2813	  5,6240000000e+03	 -1,94258e-02	  2,39546e-01
2814	  5,6260000000e+03	 -1,76610e-02	  2,40456e-01
2815	  5,6280000000e+03	 -1,56557e-02	  2,42886e-01
2816	  5,6300000000e+03	 -1,44160e-02	  2,42546e-01
2817	  5,6320000000e+03	 -1,36057e-02	  2,43957e-01
2818	  5,6340000000e+03	 -1,24019e-02	  2,43856e-01
2819	  5,6360000000e+03	 -1,04947e-02	  2,42312e-01
2820	  5,6380000000e+03	 -5,32519e-03	  2,43476e-01
2821	  5,6400000000e+03	 -6,57238e-04	  2,43709e-01
2822	  5,6420000000e+03	  3,59438e-03	  2,42519e-01
2823	  5,6440000000e+03	  3,96566e-03	  2,46196e-01
2824	  5,6460000000e+03	  5,06498e-03	  2,45193e-01
2825	  5,6480000000e+03	  8,65097e-03	  2,44288e-01
2826	  5,6500000000e+03	  1,18724e-02	  2,43329e-01
2827	  5,6520000000e+03	  1,42645e-02	  2,41454e-01
2828	  5,6540000000e+03	  1,59788e-02	  2,42429e-01
2829	  5,6560000000e+03	  1,69556e-02	  2,41884e-01
2830	  5,6580000000e+03	  1,76739e-02	  2,43008e-01
2831	  5,6600000000e+03	  1,86872e-02	  2,44656e-01
2832	  5,6620000000e+03	  2,22052e-02	  2,43456e-01
2833	  5,6640000000e+03	  2,55413e-02	  2,44060e-01
2834	  5,6660000000e+03	  2,82724e-02	  2,43475e-01
2835	  5,6680000000e+03	  3,10122e-02	  2,45575e-01
2836	  5,6700000000e+03	  3,44535e-02	  2,42428e-01
2837	  5,6720000000e+03	  3,71613e-02	  2,42033e-01
2838	  5,6740000000e+03	  3,87473e-02	  2,43617e-01
2839	  5,6760000000e+03	  4,18921e-02	  2,44509e-01
2840	  5,6780000000e+03	  4,23830e-02	  2,44011e-01
2841	  5,6800000000e+03	  4,55460e-02	  2,42839e-01
2842	  5,6820000000e+03	  4,53699e-02	  2,41607e-01
2843	  5,6840000000e+03	  4,83801e-02	  2,39239e-01
2844	  5,6860000000e+03	  4,82444e-02	  2,41862e-01
2845	  5,6880000000e+03	  4,91935e-02	  2,41431e-01
2846	  5,6900000000e+03	  5,29950e-02	  2,38441e-01
2847	  5,6920000000e+03	  5,87778e-02	  2,37094e-01
2848	  5,6940000000e+03	  6,27820e-02	  2,38118e-01
2849	  5,6960000000e+03	  6,14458e-02	  2,40208e-01
2850	  5,6980000000e+03	  6,31874e-02	  2,41986e-01
2851	  5,7000000000e+03	  6,64581e-02	  2,41064e-01
2852	  5,7020000000e+03	  6,85463e-02	  2,40032e-01
2853	  5,7040000000e+03	  7,11471e-02	  2,39697e-01
2854	  5,7060000000e+03	  7,64975e-02	  2,40248e-01
2855	  5,7080000000e+03	  8,12500e-02	  2,38711e-01
2856	  5,7100000000e+03	  8,34541e-02	  2,37072e-01
2857	  5,7120000000e+03	  8,60452e-02	  2,36194e-01
2858	  5,7140000000e+03	  8,72473e-02	  2,37000e-01
2859	  5,7160000000e+03	  8,89924e-02	  2,37154e-01
2860	  5,7180000000e+03	  9,31155e-02	  2,33591e-01
2861	  5,7200000000e+03	  9,64018e-02	  2,34982e-01
2862	  5,7220000000e+03	  9,63697e-02	  2,35390e-01
2863	  5,7240000000e+03	  1,00421e-01	  2,33217e-01
2864	  5,7260000000e+03	  1,02058e-01	  2,30579e-01
2865	  5,7280000000e+03	  1,04007e-01	  2,30690e-01
2866	  5,7300000000e+03	  1,07264e-01	  2,31686e-01
2867	  5,7320000000e+03	  1,10642e-01	  2,30922e-01
2868	  5,7340000000e+03	  1,15326e-01	  2,30208e-01
2869	  5,7360000000e+03	  1,19295e-01	  2,28099e-01
2870	  5,7380000000e+03	  1,18495e-01	  2,26265e-01
2871	  5,7400000000e+03	  1,23151e-01	  2,21833e-01
2872	  5,7420000000e+03	  1,26185e-01	  2,20658e-01
2873	  5,7440000000e+03	  1,29142e-01	  2,20534e-01
2874	  5,7460000000e+03	  1,31072e-01	  2,19078e-01
2875	  5,7480000000e+03	  1,30438e-01	  2,18358e-01
2876	  5,7500000000e+03	  1,32358e-01	  2,18416e-01
2877	  5,7520000000e+03	  1,36702e-01	  2,17924e-01
2878	  5,7540000000e+03	  1,39226e-01	  2,16641e-01
2879	  5,7560000000e+03	  1,40820e-01	  2,16938e-01
2880	  5,7580000000e+03	  1,43096e-01	  2,17660e-01
2881	  5,7600000000e+03	  1,44950e-01	  2,11692e-01
2882	  5,7620000000e+03	  1,47469e-01	  2,08322e-01
2883	  5,7640000000e+03	  1,52375e-01	  2,06978e-01
2884	  5,7660000000e+03	  1,55207e-01	  2,07210e-01
2885	  5,7680000000e+03	  1,61560e-01	  2,07173e-01
2886	  5,7700000000e+03	  1,62105e-01	  2,04602e-01
2887	  5,7720000000e+03	  1,64014e-01	  2,00190e-01
2888	  5,7740000000e+03	  1,64292e-01	  1,97100e-01
2889	  5,7760000000e+03	  1,67584e-01	  1,98074e-01
2890	  5,7780000000e+03	  1,68329e-01	  1,99297e-01
2891	  5,7800000000e+03	  1,71570e-01	  1,95940e-01
2892	  5,7820000000e+03	  1,74788e-01	  1,90277e-01
2893	  5,7840000000e+03	  1,77183e-01	  1,86497e-01
2894	  5,7860000000e+03	  1,78021e-01	  1,86217e-01
2895	  5,7880000000e+03	  1,79260e-01	  1,82628e-01
2896	  5,7900000000e+03	  1,82235e-01	  1,79263e-01
2897	  5,7920000000e+03	  1,84538e-01	  1,80477e-01
2898	  5,7940000000e+03	  1,85547e-01	  1,80753e-01
2899	  5,7960000000e+03	  1,86902e-01	  1,75834e-01
2900	  5,7980000000e+03	  1,87456e-01	  1,72986e-01
2901	  5,8000000000e+03	  1,89179e-01	  1,71447e-01
2902	  5,8020000000e+03	  1,90023e-01	  1,67534e-01
2903	  5,8040000000e+03	  1,94031e-01	  1,66432e-01
2904	  5,8060000000e+03	  1,98245e-01	  1,63948e-01
2905	  5,8080000000e+03	  1,96122e-01	  1,62245e-01
2906	  5,8100000000e+03	  1,97247e-01	  1,63210e-01
2907	  5,8120000000e+03	  2,01226e-01	  1,59301e-01
2908	  5,8140000000e+03	  2,02317e-01	  1,55065e-01
2909	  5,8160000000e+03	  2,04259e-01	  1,54764e-01
2910	  5,8180000000e+03	  2,03650e-01	  1,52867e-01
2911	  5,8200000000e+03	  2,05562e-01	  1,50195e-01
2912	  5,8220000000e+03	  2,08120e-01	  1,47730e-01
2913	  5,8240000000e+03	  2,11025e-01	  1,45349e-01
2914	  5,8260000000e+03	  2,06852e-01	  1,42939e-01
2915	  5,8280000000e+03	  2,10737e-01	  1,40105e-01
2916	  5,8300000000e+03	  2,12469e-01	  1,39756e-01
2917	  5,8320000000e+03	  2,13699e-01	  1,37998e-01
2918	  5,8340000000e+03	  2,16101e-01	  1,36807e-01
2919	  5,8360000000e+03	  2,18612e-01	  1,36012e-01
2920	  5,8380000000e+03	  2,17777e-01	  1,33849e-01
2921	  5,8400000000e+03	  2,18223e-01	  1,29974e-01
2922	  5,8420000000e+03	  2,23444e-01	  1,27657e-01
2923	  5,8440000000e+03	  2,27796e-01	  1,25189e-01
2924	  5,8460000000e+03	  2,28746e-01	  1,26076e-01
2925	  5,8480000000e+03	  2,30027e-01	  1,23685e-01
2926	  5,8500000000e+03	  2,30439e-01	  1,17515e-01
2927	  5,8520000000e+03	  2,31366e-01	  1,15799e-01
2928	  5,8540000000e+03	  2,33451e-01	  1,14601e-01
2929	  5,8560000000e+03	  2,34224e-01	  1,11923e-01
2930	  5,8580000000e+03	  2,35402e-01	  1,09416e-01
2931	  5,8600000000e+03	  2,37082e-01	  1,07222e-01
2932	  5,8620000000e+03	  2,38662e-01	  1,04296e-01
2933	  5,8640000000e+03	  2,41433e-01	  1,01801e-01
2934	  5,8660000000e+03	  2,42420e-01	  9,78784e-02
2935	  5,8680000000e+03	  2,42553e-01	  9,28762e-02
2936	  5,8700000000e+03	  2,45294e-01	  9,27134e-02
2937	  5,8720000000e+03	  2,46642e-01	  8,99159e-02
2938	  5,8740000000e+03	  2,48689e-01	  8,55841e-02
2939	  5,8760000000e+03	  2,50046e-01	  8,46296e-02
2940	  5,8780000000e+03	  2,52097e-01	  8,15006e-02
2941	  5,8800000000e+03	  2,53768e-01	  7,59364e-02
2942	  5,8820000000e+03	  2,53830e-01	  7,21285e-02
2943	  5,8840000000e+03	  2,50918e-01	  7,20941e-02
2944	  5,8860000000e+03	  2,53831e-01	  7,10395e-02
2945	  5,8880000000e+03	  2,54835e-01	  6,47155e-02
2946	  5,8900000000e+03	  2,54743e-01	  5,90998e-02
2947	  5,8920000000e+03	  2,54327e-01	  5,60076e-02
2948	  5,8940000000e+03	  2,57588e-01	  5,33639e-02
2949	  5,8960000000e+03	  2,62506e-01	  5,20986e-02
2950	  5,8980000000e+03	  2,61727e-01	  4,49649e-02
2951	  5,9000000000e+03	  2,59802e-01	  4,31329e-02
2952	  5,9020000000e+03	  2,59666e-01	  3,94155e-02
2953	  5,9040000000e+03	  2,62733e-01	  3,41646e-02
2954	  5,9060000000e+03	  2,61680e-01	  3,14798e-02
2955	  5,9080000000e+03	  2,61597e-01	  3,01041e-02
2956	  5,9100000000e+03	  2,62220e-01	  2,59829e-02
2957	  5,9120000000e+03	  2,56494e-01	  2,47090e-02
2958	  5,9140000000e+03	  2,59816e-01	  2,10585e-02
2959	  5,9160000000e+03	  2,63313e-01	  1,43023e-02
2960	  5,9180000000e+03	  2,60549e-01	  1,06207e-02
2961	  5,9200000000e+03	  2,59241e-01	  9,84762e-03
2962	  5,9220000000e+03	  2,59999e-01	  6,97915e-03
2963	  5,9240000000e+03	  2,59461e-01	  3,79002e-03
2964	  5,9260000000e+03	  2,60552e-01	 -9,38203e-04
2965	  5,9280000000e+03	  2,61131e-01	 -9,50124e-04
2966	  5,9300000000e+03	  2,61550e-01	 -5,85908e-03
2967	  5,9320000000e+03	  2,58439e-01	 -1,08274e-02
2968	  5,9340000000e+03	  2,55453e-01	 -1,46475e-02
2969	  5,9360000000e+03	  2,55650e-01	 -2,04158e-02
2970	  5,9380000000e+03	  2,53688e-01	 -2,29035e-02
2971	  5,9400000000e+03	  2,53726e-01	 -2,61532e-02
2972	  5,9420000000e+03	  2,56514e-01	 -2,60052e-02
2973	  5,9440000000e+03	  2,55445e-01	 -2,72098e-02
2974	  5,9460000000e+03	  2,54711e-01	 -3,15124e-02
2975	  5,9480000000e+03	  2,54224e-01	 -3,53834e-02
2976	  5,9500000000e+03	  2,51423e-01	 -3,82824e-02
2977	  5,9520000000e+03	  2,49284e-01	 -4,06510e-02
2978	  5,9540000000e+03	  2,50335e-01	 -4,75191e-02
2979	  5,9560000000e+03	  2,51080e-01	 -5,34337e-02
2980	  5,9580000000e+03	  2,46456e-01	 -5,10248e-02
2981	  5,9600000000e+03	  2,43503e-01	 -5,21563e-02
2982	  5,9620000000e+03	  2,42422e-01	 -5,49073e-02
2983	  5,9640000000e+03	  2,42483e-01	 -5,81331e-02
2984	  5,9660000000e+03	  2,41707e-01	 -6,20748e-02
2985	  5,9680000000e+03	  2,40891e-01	 -6,34559e-02
2986	  5,9700000000e+03	  2,40733e-01	 -6,69944e-02
2987	  5,9720000000e+03	  2,40237e-01	 -7,04580e-02
2988	  5,9740000000e+03	  2,38240e-01	 -7,36509e-02
2989	  5,9760000000e+03	  2,38212e-01	 -7,43054e-02
2990	  5,9780000000e+03	  2,32826e-01	 -7,55276e-02
2991	  5,9800000000e+03	  2,28685e-01	 -8,00437e-02
2992	  5,9820000000e+03	  2,30459e-01	 -8,53529e-02
2993	  5,9840000000e+03	  2,29935e-01	 -8,82514e-02
2994	  5,9860000000e+03	  2,29225e-01	 -8,97978e-02
2995	  5,9880000000e+03	  2,28824e-01	 -9,16641e-02
2996	  5,9900000000e+03	  2,27382e-01	 -9,53469e-02
2997	  5,9920000000e+03	  2,23327e-01	 -9,71701e-02
2998	  5,9940000000e+03	  2,22119e-01	 -9,74249e-02
2999	  5,9960000000e+03	  2,22954e-01	 -9,89886e-02
3000	  5,9980000000e+03	  2,18340e-01	 -1,03261e-01
3001	  6,0000000000e+03	  2,15924e-01	 -1,07346e-01
3002	  6,0020000000e+03	  2,15711e-01	 -1,09617e-01
3003	  6,0040000000e+03	  2,12613e-01	 -1,07642e-01
3004	  6,0060000000e+03	  2,11064e-01	 -1,11629e-01
3005	  6,0080000000e+03	  2,09620e-01	 -1,17559e-01
3006	  6,0100000000e+03	  2,08555e-01	 -1,14182e-01
3007	  6,0120000000e+03	  2,05840e-01	 -1,14218e-01
3008	  6,0140000000e+03	  2,04391e-01	 -1,17235e-01
3009	  6,0160000000e+03	  2,01927e-01	 -1,17625e-01
3010	  6,0180000000e+03	  1,98959e-01	 -1,19604e-01
3011	  6,0200000000e+03	  1,98379e-01	 -1,24684e-01
3012	  6,0220000000e+03	  1,97241e-01	 -1,27330e-01
3013	  6,0240000000e+03	  1,96285e-01	 -1,28742e-01
3014	  6,0260000000e+03	  1,91501e-01	 -1,28188e-01
3015	  6,0280000000e+03	  1,88813e-01	 -1,31283e-01
3016	  6,0300000000e+03	  1,86295e-01	 -1,33233e-01
3017	  6,0320000000e+03	  1,82899e-01	 -1,31151e-01
3018	  6,0340000000e+03	  1,79817e-01	 -1,33078e-01
3019	  6,0360000000e+03	  1,77652e-01	 -1,32803e-01
3020	  6,0380000000e+03	  1,77005e-01	 -1,35608e-01
3021	  6,0400000000e+03	  1,75489e-01	 -1,36961e-01
3022	  6,0420000000e+03	  1,73019e-01	 -1,33326e-01
3023	  6,0440000000e+03	  1,73796e-01	 -1,38915e-01
3024	  6,0460000000e+03	  1,71123e-01	 -1,44202e-01
3025	  6,0480000000e+03	  1,68632e-01	 -1,41262e-01
3026	  6,0500000000e+03	  1,65314e-01	 -1,42986e-01
3027	  6,0520000000e+03	  1,63307e-01	 -1,46416e-01
3028	  6,0540000000e+03	  1,61499e-01	 -1,43779e-01
3029	  6,0560000000e+03	  1,62483e-01	 -1,43915e-01
3030	  6,0580000000e+03	  1,61233e-01	 -1,41742e-01
3031	  6,0600000000e+03	  1,57440e-01	 -1,43967e-01
3032	  6,0620000000e+03	  1,56064e-01	 -1,48090e-01
3033	  6,0640000000e+03	  1,56914e-01	 -1,48503e-01
3034	  6,0660000000e+03	  1,56051e-01	 -1,49973e-01
3035	  6,0680000000e+03	  1,51521e-01	 -1,51887e-01
3036	  6,0700000000e+03	  1,50184e-01	 -1,53483e-01
3037	  6,0720000000e+03	  1,49538e-01	 -1,52713e-01
3038	  6,0740000000e+03	  1,45957e-01	 -1,55604e-01
3039	  6,0760000000e+03	  1,43354e-01	 -1,55045e-01
3040	  6,0780000000e+03	  1,42369e-01	 -1,54838e-01
3041	  6,0800000000e+03	  1,41671e-01	 -1,58118e-01
3042	  6,0820000000e+03	  1,42321e-01	 -1,58693e-01
3043	  6,0840000000e+03	  1,41444e-01	 -1,61284e-01
3044	  6,0860000000e+03	  1,37462e-01	 -1,62015e-01
3045	  6,0880000000e+03	  1,34891e-01	 -1,62247e-01
3046	  6,0900000000e+03	  1,34503e-01	 -1,62433e-01
3047	  6,0920000000e+03	  1,33805e-01	 -1,60114e-01
3048	  6,0940000000e+03	  1,32598e-01	 -1,58692e-01
3049	  6,0960000000e+03	  1,30210e-01	 -1,62552e-01
3050	  6,0980000000e+03	  1,30008e-01	 -1,63613e-01
3051	  6,1000000000e+03	  1,28959e-01	 -1,65183e-01
3052	  6,1020000000e+03	  1,27665e-01	 -1,67095e-01
3053	  6,1040000000e+03	  1,27621e-01	 -1,66639e-01
3054	  6,1060000000e+03	  1,23745e-01	 -1,66381e-01
3055	  6,1080000000e+03	  1,22309e-01	 -1,67991e-01
3056	  6,1100000000e+03	  1,20348e-01	 -1,69114e-01
3057	  6,1120000000e+03	  1,16885e-01	 -1,70849e-01
3058	  6,1140000000e+03	  1,20460e-01	 -1,71486e-01
3059	  6,1160000000e+03	  1,21053e-01	 -1,69686e-01
3060	  6,1180000000e+03	  1,16065e-01	 -1,72031e-01
3061	  6,1200000000e+03	  1,15854e-01	 -1,74939e-01
3062	  6,1220000000e+03	  1,15472e-01	 -1,76082e-01
3063	  6,1240000000e+03	  1,14754e-01	 -1,77899e-01
3064	  6,1260000000e+03	  1,12883e-01	 -1,79376e-01
3065	  6,1280000000e+03	  1,09455e-01	 -1,80079e-01
3066	  6,1300000000e+03	  1,08342e-01	 -1,80968e-01
3067	  6,1320000000e+03	  1,01743e-01	 -1,84397e-01
3068	  6,1340000000e+03	  1,00912e-01	 -1,83207e-01
3069	  6,1360000000e+03	  1,02647e-01	 -1,83835e-01
3070	  6,1380000000e+03	  1,00384e-01	 -1,84504e-01
3071	  6,1400000000e+03	  9,96976e-02	 -1,85710e-01
3072	  6,1420000000e+03	  9,60363e-02	 -1,88038e-01
3073	  6,1440000000e+03	  9,19917e-02	 -1,88619e-01
3074	  6,1460000000e+03	  9,23092e-02	 -1,89377e-01
3075	  6,1480000000e+03	  9,22050e-02	 -1,93283e-01
3076	  6,1500000000e+03	  9,15087e-02	 -1,93907e-01
3077	  6,1520000000e+03	  8,92145e-02	 -1,93217e-01
3078	  6,1540000000e+03	  8,47092e-02	 -1,92640e-01
3079	  6,1560000000e+03	  7,95820e-02	 -1,94248e-01
3080	  6,1580000000e+03	  7,85728e-02	 -1,95250e-01
3081	  6,1600000000e+03	  7,89115e-02	 -1,96003e-01
3082	  6,1620000000e+03	  7,77638e-02	 -1,96485e-01
3083	  6,1640000000e+03	  7,61205e-02	 -1,97602e-01
3084	  6,1660000000e+03	  7,44010e-02	 -1,97461e-01
3085	  6,1680000000e+03	  6,86232e-02	 -2,00003e-01
3086	  6,1700000000e+03	  6,88628e-02	 -2,00666e-01
3087	  6,1720000000e+03	  6,44518e-02	 -2,00869e-01
3088	  6,1740000000e+03	  6,54710e-02	 -1,98491e-01
3089	  6,1760000000e+03	  6,38153e-02	 -1,98796e-01
3090	  6,1780000000e+03	  6,06369e-02	 -2,00704e-01
3091	  6,1800000000e+03	  5,75130e-02	 -2,04327e-01
3092	  6,1820000000e+03	  5,63445e-02	 -2,02574e-01
3093	  6,1840000000e+03	  5,61513e-02	 -2,03117e-01
3094	  6,1860000000e+03	  5,38523e-02	 -2,03255e-01
3095	  6,1880000000e+03	  5,10046e-02	 -2,02374e-01
3096	  6,1900000000e+03	  5,32686e-02	 -2,02732e-01
3097	  6,1920000000e+03	  5,04308e-02	 -2,03991e-01
3098	  6,1940000000e+03	  4,45011e-02	 -2,06221e-01
3099	  6,1960000000e+03	  3,97028e-02	 -2,05638e-01
3100	  6,1980000000e+03	  3,68576e-02	 -2,04332e-01
3101	  6,2000000000e+03	  3,52921e-02	 -2,09428e-01
3102	  6,2020000000e+03	  3,25655e-02	 -2,08925e-01
3103	  6,2040000000e+03	  3,36879e-02	 -2,07009e-01
3104	  6,2060000000e+03	  3,07130e-02	 -2,08159e-01
3105	  6,2080000000e+03	  2,81700e-02	 -2,08148e-01
3106	  6,2100000000e+03	  2,50534e-02	 -2,11278e-01
3107	  6,2120000000e+03	  2,20643e-02	 -2,09688e-01
3108	  6,2140000000e+03	  2,20337e-02	 -2,07240e-01
3109	  6,2160000000e+03	  2,11146e-02	 -2,06711e-01
3110	  6,2180000000e+03	  1,56438e-02	 -2,05133e-01
3111	  6,2200000000e+03	  1,36879e-02	 -2,08390e-01
3112	  6,2220000000e+03	  1,35034e-02	 -2,07490e-01
3113	  6,2240000000e+03	  8,81962e-03	 -2,05893e-01
3114	  6,2260000000e+03	  9,08445e-03	 -2,08358e-01
3115	  6,2280000000e+03	  1,14028e-02	 -2,07655e-01
3116	  6,2300000000e+03	  8,22115e-03	 -2,09080e-01
3117	  6,2320000000e+03	  3,70093e-03	 -2,09135e-01
3118	  6,2340000000e+03	 -4,89555e-04	 -2,07034e-01
3119	  6,2360000000e+03	 -3,45256e-03	 -2,06142e-01
3120	  6,2380000000e+03	 -2,79113e-03	 -2,07719e-01
3121	  6,2400000000e+03	 -4,09696e-03	 -2,05518e-01
3122	  6,2420000000e+03	 -8,10832e-03	 -2,06824e-01
3123	  6,2440000000e+03	 -1,41600e-02	 -2,09184e-01
3124	  6,2460000000e+03	 -1,91791e-02	 -2,08125e-01
3125	  6,2480000000e+03	 -1,66157e-02	 -2,05833e-01
3126	  6,2500000000e+03	 -1,69203e-02	 -2,01851e-01
3127	  6,2520000000e+03	 -2,01586e-02	 -1,99243e-01
3128	  6,2540000000e+03	 -2,24838e-02	 -2,00390e-01
3129	  6,2560000000e+03	 -2,44833e-02	 -1,99728e-01
3130	  6,2580000000e+03	 -2,56442e-02	 -1,96102e-01
3131	  6,2600000000e+03	 -2,71099e-02	 -1,96243e-01
3132	  6,2620000000e+03	 -2,79369e-02	 -2,00196e-01
3133	  6,2640000000e+03	 -3,04286e-02	 -1,98009e-01
3134	  6,2660000000e+03	 -3,26532e-02	 -1,97257e-01
3135	  6,2680000000e+03	 -3,26970e-02	 -1,96994e-01
3136	  6,2700000000e+03	 -3,47558e-02	 -1,98369e-01
3137	  6,2720000000e+03	 -3,63620e-02	 -1,95112e-01
3138	  6,2740000000e+03	 -3,58051e-02	 -1,95013e-01
3139	  6,2760000000e+03	 -3,76950e-02	 -1,95088e-01
3140	  6,2780000000e+03	 -4,26710e-02	 -1,92763e-01
3141	  6,2800000000e+03	 -4,49919e-02	 -1,94059e-01
3142	  6,2820000000e+03	 -4,46853e-02	 -1,95341e-01
3143	  6,2840000000e+03	 -4,61699e-02	 -1,93604e-01
3144	  6,2860000000e+03	 -4,75801e-02	 -1,87487e-01
3145	  6,2880000000e+03	 -5,15393e-02	 -1,87646e-01
3146	  6,2900000000e+03	 -5,39925e-02	 -1,90037e-01
3147	  6,2920000000e+03	 -5,27630e-02	 -1,90975e-01
3148	  6,2940000000e+03	 -5,53188e-02	 -1,90707e-01
3149	  6,2960000000e+03	 -6,03115e-02	 -1,87812e-01
3150	  6,2980000000e+03	 -6,17043e-02	 -1,86909e-01
3151	  6,3000000000e+03	 -5,91599e-02	 -1,92252e-01
3152	  6,3020000000e+03	 -6,01178e-02	 -1,88246e-01
3153	  6,3040000000e+03	 -6,07811e-02	 -1,84980e-01
3154	  6,3060000000e+03	 -6,41423e-02	 -1,86321e-01
3155	  6,3080000000e+03	 -6,45426e-02	 -1,83052e-01
3156	  6,3100000000e+03	 -6,63428e-02	 -1,84149e-01
3157	  6,3120000000e+03	 -6,92300e-02	 -1,85246e-01
3158	  6,3140000000e+03	 -6,87789e-02	 -1,82102e-01
3159	  6,3160000000e+03	 -7,16623e-02	 -1,81380e-01
3160	  6,3180000000e+03	 -7,11334e-02	 -1,82138e-01
3161	  6,3200000000e+03	 -7,26828e-02	 -1,82429e-01
3162	  6,3220000000e+03	 -7,44802e-02	 -1,79131e-01
3163	  6,3240000000e+03	 -7,42913e-02	 -1,79163e-01
3164	  6,3260000000e+03	 -7,51853e-02	 -1,79571e-01
3165	  6,3280000000e+03	 -7,86976e-02	 -1,81216e-01
3166	  6,3300000000e+03	 -7,90819e-02	 -1,77693e-01
3167	  6,3320000000e+03	 -7,97059e-02	 -1,79700e-01
3168	  6,3340000000e+03	 -8,35292e-02	 -1,79506e-01
3169	  6,3360000000e+03	 -8,53967e-02	 -1,79561e-01
3170	  6,3380000000e+03	 -8,52228e-02	 -1,78261e-01
3171	  6,3400000000e+03	 -8,61375e-02	 -1,78690e-01
3172	  6,3420000000e+03	 -9,04300e-02	 -1,78462e-01
3173	  6,3440000000e+03	 -9,53130e-02	 -1,76489e-01
3174	  6,3460000000e+03	 -9,45999e-02	 -1,78649e-01
3175	  6,3480000000e+03	 -9,47274e-02	 -1,78629e-01
3176	  6,3500000000e+03	 -9,76139e-02	 -1,78515e-01
3177	  6,3520000000e+03	 -1,02576e-01	 -1,76989e-01
3178	  6,3540000000e+03	 -1,01874e-01	 -1,75138e-01
3179	  6,3560000000e+03	 -1,01617e-01	 -1,76669e-01
3180	  6,3580000000e+03	 -1,04063e-01	 -1,72612e-01
3181	  6,3600000000e+03	 -1,04195e-01	 -1,67520e-01
3182	  6,3620000000e+03	 -1,06531e-01	 -1,68544e-01
3183	  6,3640000000e+03	 -1,07516e-01	 -1,69013e-01
3184	  6,3660000000e+03	 -1,08993e-01	 -1,66239e-01
3185	  6,3680000000e+03	 -1,12515e-01	 -1,63848e-01
3186	  6,3700000000e+03	 -1,16054e-01	 -1,65103e-01
3187	  6,3720000000e+03	 -1,15881e-01	 -1,65757e-01
3188	  6,3740000000e+03	 -1,18229e-01	 -1,62638e-01
3189	  6,3760000000e+03	 -1,18254e-01	 -1,60366e-01
3190	  6,3780000000e+03	 -1,20637e-01	 -1,58976e-01
3191	  6,3800000000e+03	 -1,22213e-01	 -1,62042e-01
3192	  6,3820000000e+03	 -1,24684e-01	 -1,62404e-01
3193	  6,3840000000e+03	 -1,27456e-01	 -1,63397e-01
3194	  6,3860000000e+03	 -1,30955e-01	 -1,62796e-01
3195	  6,3880000000e+03	 -1,34153e-01	 -1,58495e-01
3196	  6,3900000000e+03	 -1,33708e-01	 -1,54627e-01
3197	  6,3920000000e+03	 -1,34405e-01	 -1,53182e-01
3198	  6,3940000000e+03	 -1,36286e-01	 -1,52817e-01
3199	  6,3960000000e+03	 -1,34841e-01	 -1,51218e-01
3200	  6,3980000000e+03	 -1,38487e-01	 -1,51291e-01
3201	  6,4000000000e+03	 -1,44412e-01	 -1,48638e-01
3202	  6,4020000000e+03	 -1,44155e-01	 -1,49606e-01
3203	  6,4040000000e+03	 -1,46198e-01	 -1,50994e-01
3204	  6,4060000000e+03	 -1,49593e-01	 -1,48299e-01
3205	  6,4080000000e+03	 -1,49240e-01	 -1,46800e-01
3206	  6,4100000000e+03	 -1,48498e-01	 -1,46813e-01
3207	  6,4120000000e+03	 -1,50947e-01	 -1,44247e-01
3208	  6,4140000000e+03	 -1,54845e-01	 -1,44274e-01
3209	  6,4160000000e+03	 -1,55117e-01	 -1,43113e-01
3210	  6,4180000000e+03	 -1,56897e-01	 -1,41020e-01
3211	  6,4200000000e+03	 -1,59400e-01	 -1,40641e-01
3212	  6,4220000000e+03	 -1,62998e-01	 -1,38351e-01
3213	  6,4240000000e+03	 -1,64528e-01	 -1,32780e-01
3214	  6,4260000000e+03	 -1,65537e-01	 -1,32031e-01
3215	  6,4280000000e+03	 -1,67828e-01	 -1,32241e-01
3216	  6,4300000000e+03	 -1,68878e-01	 -1,27874e-01
3217	  6,4320000000e+03	 -1,71471e-01	 -1,24642e-01
3218	  6,4340000000e+03	 -1,72866e-01	 -1,24658e-01
3219	  6,4360000000e+03	 -1,73159e-01	 -1,22060e-01
3220	  6,4380000000e+03	 -1,77028e-01	 -1,20467e-01
3221	  6,4400000000e+03	 -1,79331e-01	 -1,18636e-01
3222	  6,4420000000e+03	 -1,80584e-01	 -1,18957e-01
3223	  6,4440000000e+03	 -1,79410e-01	 -1,16759e-01
3224	  6,4460000000e+03	 -1,81917e-01	 -1,15181e-01
3225	  6,4480000000e+03	 -1,86371e-01	 -1,11562e-01
3226	  6,4500000000e+03	 -1,88494e-01	 -1,10139e-01
3227	  6,4520000000e+03	 -1,88397e-01	 -1,06968e-01
3228	  6,4540000000e+03	 -1,87250e-01	 -1,03355e-01
3229	  6,4560000000e+03	 -1,86123e-01	 -9,82652e-02
3230	  6,4580000000e+03	 -1,88710e-01	 -9,43089e-02
3231	  6,4600000000e+03	 -1,91679e-01	 -9,26574e-02
3232	  6,4620000000e+03	 -1,92014e-01	 -9,26230e-02
3233	  6,4640000000e+03	 -1,92031e-01	 -9,16497e-02
3234	  6,4660000000e+03	 -1,93003e-01	 -8,85525e-02
3235	  6,4680000000e+03	 -1,94989e-01	 -8,58289e-02
3236	  6,4700000000e+03	 -1,97055e-01	 -8,46825e-02
3237	  6,4720000000e+03	 -1,96175e-01	 -8,10146e-02
3238	  6,4740000000e+03	 -1,94792e-01	 -7,83714e-02
3239	  6,4760000000e+03	 -1,91894e-01	 -7,44831e-02
3240	  6,4780000000e+03	 -1,92572e-01	 -7,26597e-02
3241	  6,4800000000e+03	 -1,95692e-01	 -6,98443e-02
3242	  6,4820000000e+03	 -1,96007e-01	 -6,93857e-02
3243	  6,4840000000e+03	 -1,96871e-01	 -6,84180e-02
3244	  6,4860000000e+03	 -1,98109e-01	 -6,62796e-02
3245	  6,4880000000e+03	 -1,99171e-01	 -6,24502e-02
3246	  6,4900000000e+03	 -1,98893e-01	 -5,90884e-02
3247	  6,4920000000e+03	 -1,99027e-01	 -5,69341e-02
3248	  6,4940000000e+03	 -2,00802e-01	 -5,78096e-02
3249	  6,4960000000e+03	 -2,02863e-01	 -5,65655e-02
3250	  6,4980000000e+03	 -2,03843e-01	 -5,39306e-02
3251	  6,5000000000e+03	 -2,02681e-01	 -5,03043e-02
3252	  6,5020000000e+03	 -2,01957e-01	 -5,08432e-02
3253	  6,5040000000e+03	 -2,00618e-01	 -4,67408e-02
3254	  6,5060000000e+03	 -1,98349e-01	 -4,22008e-02
3255	  6,5080000000e+03	 -2,00272e-01	 -4,27553e-02
3256	  6,5100000000e+03	 -2,01331e-01	 -4,43596e-02
3257	  6,5120000000e+03	 -2,01925e-01	 -4,27611e-02
3258	  6,5140000000e+03	 -2,03096e-01	 -3,86063e-02
3259	  6,5160000000e+03	 -2,07996e-01	 -3,66507e-02
3260	  6,5180000000e+03	 -2,07051e-01	 -3,47057e-02
3261	  6,5200000000e+03	 -2,04865e-01	 -3,06123e-02
3262	  6,5220000000e+03	 -2,04300e-01	 -3,06690e-02
3263	  6,5240000000e+03	 -2,05895e-01	 -2,90024e-02
3264	  6,5260000000e+03	 -2,06242e-01	 -2,66690e-02
3265	  6,5280000000e+03	 -2,07649e-01	 -2,40905e-02
3266	  6,5300000000e+03	 -2,05892e-01	 -2,18931e-02
3267	  6,5320000000e+03	 -2,05212e-01	 -1,97441e-02
3268	  6,5340000000e+03	 -2,08253e-01	 -1,94962e-02
3269	  6,5360000000e+03	 -2,10884e-01	 -1,49585e-02
3270	  6,5380000000e+03	 -2,06850e-01	 -1,37552e-02
3271	  6,5400000000e+03	 -2,07833e-01	 -1,17474e-02
3272	  6,5420000000e+03	 -2,06434e-01	 -4,10014e-03
3273	  6,5440000000e+03	 -2,01949e-01	 -2,50506e-03
3274	  6,5460000000e+03	 -2,03293e-01	 -3,89524e-03
3275	  6,5480000000e+03	 -2,06059e-01	 -2,84910e-03
3276	  6,5500000000e+03	 -2,04637e-01	  5,85266e-04
3277	  6,5520000000e+03	 -2,04915e-01	  4,93058e-03
3278	  6,5540000000e+03	 -2,08910e-01	  4,41021e-03
3279	  6,5560000000e+03	 -2,08862e-01	  5,91849e-03
3280	  6,5580000000e+03	 -2,06825e-01	  9,39990e-03
3281	  6,5600000000e+03	 -2,05622e-01	  1,39106e-02
3282	  6,5620000000e+03	 -2,06860e-01	  1,42641e-02
3283	  6,5640000000e+03	 -2,05995e-01	  1,32827e-02
3284	  6,5660000000e+03	 -2,05863e-01	  1,55165e-02
3285	  6,5680000000e+03	 -2,05894e-01	  1,72384e-02
3286	  6,5700000000e+03	 -2,07735e-01	  1,92733e-02
3287	  6,5720000000e+03	 -2,06543e-01	  2,41049e-02
3288	  6,5740000000e+03	 -2,08217e-01	  2,39148e-02
3289	  6,5760000000e+03	 -2,07144e-01	  2,55416e-02
3290	  6,5780000000e+03	 -2,07535e-01	  2,87959e-02
3291	  6,5800000000e+03	 -2,09754e-01	  3,24836e-02
3292	  6,5820000000e+03	 -2,11369e-01	  3,21867e-02
3293	  6,5840000000e+03	 -2,10546e-01	  3,49769e-02
3294	  6,5860000000e+03	 -2,05857e-01	  4,06181e-02
3295	  6,5880000000e+03	 -2,04614e-01	  4,26152e-02
3296	  6,5900000000e+03	 -2,08319e-01	  4,50073e-02
3297	  6,5920000000e+03	 -2,10289e-01	  4,61982e-02
3298	  6,5940000000e+03	 -2,05944e-01	  5,05991e-02
3299	  6,5960000000e+03	 -2,04636e-01	  5,16335e-02
3300	  6,5980000000e+03	 -2,05629e-01	  5,52747e-02
3301	  6,6000000000e+03	 -2,04292e-01	  5,93489e-02
3302	  6,6020000000e+03	 -2,04994e-01	  6,09080e-02
3303	  6,6040000000e+03	 -2,04205e-01	  5,93695e-02
3304	  6,6060000000e+03	 -2,01904e-01	  5,96423e-02
3305	  6,6080000000e+03	 -1,99317e-01	  6,35319e-02
3306	  6,6100000000e+03	 -1,99272e-01	  6,58841e-02
3307	  6,6120000000e+03	 -2,02348e-01	  6,52807e-02
3308	  6,6140000000e+03	 -2,03430e-01	  6,95637e-02
3309	  6,6160000000e+03	 -2,01566e-01	  7,46599e-02
3310	  6,6180000000e+03	 -1,99901e-01	  7,23170e-02
3311	  6,6200000000e+03	 -1,99807e-01	  7,68570e-02
3312	  6,6220000000e+03	 -2,00231e-01	  8,07961e-02
3313	  6,6240000000e+03	 -1,95763e-01	  8,11681e-02
3314	  6,6260000000e+03	 -1,94023e-01	  8,47508e-02
3315	  6,6280000000e+03	 -1,95052e-01	  8,98960e-02
3316	  6,6300000000e+03	 -1,94337e-01	  9,08441e-02
3317	  6,6320000000e+03	 -1,93209e-01	  9,57733e-02
3318	  6,6340000000e+03	 -1,93564e-01	  9,98356e-02
3319	  6,6360000000e+03	 -1,91103e-01	  9,99604e-02
3320	  6,6380000000e+03	 -1,88656e-01	  1,03393e-01
3321	  6,6400000000e+03	 -1,88665e-01	  1,05938e-01
3322	  6,6420000000e+03	 -1,87642e-01	  1,06251e-01
3323	  6,6440000000e+03	 -1,83343e-01	  1,08994e-01
3324	  6,6460000000e+03	 -1,79963e-01	  1,09836e-01
3325	  6,6480000000e+03	 -1,79424e-01	  1,15349e-01
3326	  6,6500000000e+03	 -1,82999e-01	  1,18668e-01
3327	  6,6520000000e+03	 -1,81582e-01	  1,18587e-01
3328	  6,6540000000e+03	 -1,79210e-01	  1,19757e-01
3329	  6,6560000000e+03	 -1,79657e-01	  1,20081e-01
3330	  6,6580000000e+03	 -1,76381e-01	  1,25364e-01
3331	  6,6600000000e+03	 -1,74058e-01	  1,29734e-01
3332	  6,6620000000e+03	 -1,73937e-01	  1,29527e-01
3333	  6,6640000000e+03	 -1,68249e-01	  1,28054e-01
3334	  6,6660000000e+03	 -1,64932e-01	  1,29768e-01
3335	  6,6680000000e+03	 -1,64576e-01	  1,32854e-01
3336	  6,6700000000e+03	 -1,64257e-01	  1,36695e-01
3337	  6,6720000000e+03	 -1,61734e-01	  1,38830e-01
3338	  6,6740000000e+03	 -1,59821e-01	  1,39075e-01
3339	  6,6760000000e+03	 -1,59541e-01	  1,39984e-01
3340	  6,6780000000e+03	 -1,60164e-01	  1,39830e-01
3341	  6,6800000000e+03	 -1,55583e-01	  1,40509e-01
3342	  6,6820000000e+03	 -1,51823e-01	  1,41978e-01
3343	  6,6840000000e+03	 -1,50802e-01	  1,45149e-01
3344	  6,6860000000e+03	 -1,49941e-01	  1,47357e-01
3345	  6,6880000000e+03	 -1,46420e-01	  1,46898e-01
3346	  6,6900000000e+03	 -1,44874e-01	  1,50562e-01
3347	  6,6920000000e+03	 -1,41562e-01	  1,52413e-01
3348	  6,6940000000e+03	 -1,39941e-01	  1,52999e-01
3349	  6,6960000000e+03	 -1,39044e-01	  1,52861e-01
3350	  6,6980000000e+03	 -1,38932e-01	  1,55707e-01
3351	  6,7000000000e+03	 -1,35061e-01	  1,56681e-01
3352	  6,7020000000e+03	 -1,31955e-01	  1,58579e-01
3353	  6,7040000000e+03	 -1,32433e-01	  1,60582e-01
3354	  6,7060000000e+03	 -1,28688e-01	  1,63707e-01
3355	  6,7080000000e+03	 -1,24557e-01	  1,64691e-01
3356	  6,7100000000e+03	 -1,20262e-01	  1,65146e-01
3357	  6,7120000000e+03	 -1,20824e-01	  1,63532e-01
3358	  6,7140000000e+03	 -1,21693e-01	  1,60846e-01
3359	  6,7160000000e+03	 -1,17764e-01	  1,64880e-01
3360	  6,7180000000e+03	 -1,12496e-01	  1,69359e-01
3361	  6,7200000000e+03	 -1,09283e-01	  1,71227e-01
3362	  6,7220000000e+03	 -1,10797e-01	  1,71927e-01
3363	  6,7240000000e+03	 -1,10654e-01	  1,71867e-01
3364	  6,7260000000e+03	 -1,05702e-01	  1,72454e-01
3365	  6,7280000000e+03	 -1,02941e-01	  1,72650e-01
3366	  6,7300000000e+03	 -1,05394e-01	  1,74806e-01
3367	  6,7320000000e+03	 -1,04030e-01	  1,76071e-01
3368	  6,7340000000e+03	 -9,83410e-02	  1,73029e-01
3369	  6,7360000000e+03	 -9,70325e-02	  1,71153e-01
3370	  6,7380000000e+03	 -9,65232e-02	  1,71438e-01
3371	  6,7400000000e+03	 -9,34025e-02	  1,74775e-01
3372	  6,7420000000e+03	 -9,30889e-02	  1,74868e-01
3373	  6,7440000000e+03	 -9,22442e-02	  1,74200e-01
3374	  6,7460000000e+03	 -9,09156e-02	  1,73862e-01
3375	  6,7480000000e+03	 -8,77376e-02	  1,76251e-01
3376	  6,7500000000e+03	 -8,36776e-02	  1,78422e-01
3377	  6,7520000000e+03	 -8,06203e-02	  1,78840e-01
3378	  6,7540000000e+03	 -7,85268e-02	  1,80899e-01
3379	  6,7560000000e+03	 -7,67856e-02	  1,83698e-01
3380	  6,7580000000e+03	 -7,75955e-02	  1,84125e-01
3381	  6,7600000000e+03	 -7,16883e-02	  1,79375e-01
3382	  6,7620000000e+03	 -6,76757e-02	  1,79045e-01
3383	  6,7640000000e+03	 -6,90387e-02	  1,81437e-01
3384	  6,7660000000e+03	 -6,77295e-02	  1,82896e-01
3385	  6,7680000000e+03	 -6,43600e-02	  1,81614e-01
3386	  6,7700000000e+03	 -6,32126e-02	  1,80953e-01
3387	  6,7720000000e+03	 -6,17542e-02	  1,79761e-01
3388	  6,7740000000e+03	 -6,03735e-02	  1,82007e-01
3389	  6,7760000000e+03	 -6,12840e-02	  1,81471e-01
3390	  6,7780000000e+03	 -6,05748e-02	  1,80302e-01
3391	  6,7800000000e+03	 -5,67815e-02	  1,80864e-01
3392	  6,7820000000e+03	 -5,40686e-02	  1,81050e-01
3393	  6,7840000000e+03	 -5,32668e-02	  1,82541e-01
3394	  6,7860000000e+03	 -4,88423e-02	  1,78856e-01
3395	  6,7880000000e+03	 -4,90675e-02	  1,76771e-01
3396	  6,7900000000e+03	 -5,02842e-02	  1,79875e-01
3397	  6,7920000000e+03	 -4,70384e-02	  1,78910e-01
3398	  6,7940000000e+03	 -4,44706e-02	  1,77187e-01
3399	  6,7960000000e+03	 -4,16067e-02	  1,79179e-01
3400	  6,7980000000e+03	 -4,06277e-02	  1,79938e-01
3401	  6,8000000000e+03	 -4,14771e-02	  1,82460e-01
3402	  6,8020000000e+03	 -4,14399e-02	  1,84769e-01
3403	  6,8040000000e+03	 -3,94226e-02	  1,86356e-01
3404	  6,8060000000e+03	 -3,74468e-02	  1,82791e-01
3405	  6,8080000000e+03	 -3,44062e-02	  1,82649e-01
3406	  6,8100000000e+03	 -3,42577e-02	  1,83485e-01
3407	  6,8120000000e+03	 -3,20935e-02	  1,86433e-01
3408	  6,8140000000e+03	 -2,96050e-02	  1,87048e-01
3409	  6,8160000000e+03	 -2,81654e-02	  1,86149e-01
3410	  6,8180000000e+03	 -2,82928e-02	  1,88898e-01
3411	  6,8200000000e+03	 -2,53970e-02	  1,86776e-01
3412	  6,8220000000e+03	 -2,33337e-02	  1,84427e-01
3413	  6,8240000000e+03	 -2,10673e-02	  1,87256e-01
3414	  6,8260000000e+03	 -1,99122e-02	  1,89373e-01
3415	  6,8280000000e+03	 -2,07901e-02	  1,90362e-01
3416	  6,8300000000e+03	 -2,25479e-02	  1,92563e-01
3417	  6,8320000000e+03	 -1,63330e-02	  1,91493e-01
3418	  6,8340000000e+03	 -1,24110e-02	  1,92460e-01
3419	  6,8360000000e+03	 -8,81603e-03	  1,92622e-01
3420	  6,8380000000e+03	 -7,01461e-03	  1,93197e-01
3421	  6,8400000000e+03	 -6,84612e-03	  1,93699e-01
3422	  6,8420000000e+03	 -5,70530e-03	  1,94391e-01
3423	  6,8440000000e+03	 -6,14871e-04	  1,90901e-01
3424	  6,8460000000e+03	 -4,93715e-04	  1,92864e-01
3425	  6,8480000000e+03	  1,34478e-03	  1,92395e-01
3426	  6,8500000000e+03	  4,99816e-03	  1,93475e-01
3427	  6,8520000000e+03	  7,31632e-03	  1,94435e-01
3428	  6,8540000000e+03	  6,63393e-03	  1,95524e-01
3429	  6,8560000000e+03	  1,09820e-02	  1,92248e-01
3430	  6,8580000000e+03	  1,53716e-02	  1,94118e-01
3431	  6,8600000000e+03	  1,39825e-02	  1,95314e-01
3432	  6,8620000000e+03	  1,61419e-02	  1,96040e-01
3433	  6,8640000000e+03	  1,89935e-02	  1,97453e-01
3434	  6,8660000000e+03	  2,11920e-02	  1,97935e-01
3435	  6,8680000000e+03	  2,21614e-02	  1,95621e-01
3436	  6,8700000000e+03	  2,27952e-02	  1,94117e-01
3437	  6,8720000000e+03	  2,52864e-02	  1,92274e-01
3438	  6,8740000000e+03	  2,69167e-02	  1,92045e-01
3439	  6,8760000000e+03	  3,06515e-02	  1,91981e-01
3440	  6,8780000000e+03	  3,59978e-02	  1,91701e-01
3441	  6,8800000000e+03	  3,70810e-02	  1,92150e-01
3442	  6,8820000000e+03	  3,72694e-02	  1,90550e-01
3443	  6,8840000000e+03	  3,77715e-02	  1,91515e-01
3444	  6,8860000000e+03	  4,24131e-02	  1,92193e-01
3445	  6,8880000000e+03	  4,32846e-02	  1,85909e-01
3446	  6,8900000000e+03	  4,57729e-02	  1,85464e-01
3447	  6,8920000000e+03	  4,65183e-02	  1,89191e-01
3448	  6,8940000000e+03	  5,01397e-02	  1,86363e-01
3449	  6,8960000000e+03	  5,35300e-02	  1,85055e-01
3450	  6,8980000000e+03	  5,36501e-02	  1,86525e-01
3451	  6,9000000000e+03	  5,47245e-02	  1,85387e-01
3452	  6,9020000000e+03	  5,69920e-02	  1,85955e-01
3453	  6,9040000000e+03	  5,87761e-02	  1,84639e-01
3454	  6,9060000000e+03	  6,14361e-02	  1,81348e-01
3455	  6,9080000000e+03	  6,22407e-02	  1,79115e-01
3456	  6,9100000000e+03	  6,31062e-02	  1,79852e-01
3457	  6,9120000000e+03	  6,33976e-02	  1,79254e-01
3458	  6,9140000000e+03	  6,35109e-02	  1,82113e-01
3459	  6,9160000000e+03	  6,69249e-02	  1,82365e-01
3460	  6,9180000000e+03	  6,94606e-02	  1,80614e-01
3461	  6,9200000000e+03	  7,11815e-02	  1,79629e-01
3462	  6,9220000000e+03	  7,67836e-02	  1,80389e-01
3463	  6,9240000000e+03	  7,88075e-02	  1,79815e-01
3464	  6,9260000000e+03	  8,19442e-02	  1,78641e-01
3465	  6,9280000000e+03	  8,35454e-02	  1,77727e-01
3466	  6,9300000000e+03	  8,40256e-02	  1,78268e-01
3467	  6,9320000000e+03	  8,42204e-02	  1,77267e-01
3468	  6,9340000000e+03	  8,58143e-02	  1,78112e-01
3469	  6,9360000000e+03	  9,06214e-02	  1,76682e-01
3470	  6,9380000000e+03	  9,38962e-02	  1,74015e-01
3471	  6,9400000000e+03	  9,42395e-02	  1,75148e-01
3472	  6,9420000000e+03	  9,64090e-02	  1,73328e-01
3473	  6,9440000000e+03	  9,66013e-02	  1,71475e-01
3474	  6,9460000000e+03	  9,75501e-02	  1,71113e-01
3475	  6,9480000000e+03	  1,02332e-01	  1,69731e-01
3476	  6,9500000000e+03	  1,06143e-01	  1,68336e-01
3477	  6,9520000000e+03	  1,07404e-01	  1,69709e-01
3478	  6,9540000000e+03	  1,07634e-01	  1,65748e-01
3479	  6,9560000000e+03	  1,10884e-01	  1,65161e-01
3480	  6,9580000000e+03	  1,12976e-01	  1,65972e-01
3481	  6,9600000000e+03	  1,13327e-01	  1,65701e-01
3482	  6,9620000000e+03	  1,16405e-01	  1,62239e-01
3483	  6,9640000000e+03	  1,16999e-01	  1,58047e-01
3484	  6,9660000000e+03	  1,16651e-01	  1,55522e-01
3485	  6,9680000000e+03	  1,21338e-01	  1,54398e-01
3486	  6,9700000000e+03	  1,24403e-01	  1,54057e-01
3487	  6,9720000000e+03	  1,25367e-01	  1,53484e-01
3488	  6,9740000000e+03	  1,23483e-01	  1,50309e-01
3489	  6,9760000000e+03	  1,27484e-01	  1,46934e-01
3490	  6,9780000000e+03	  1,32962e-01	  1,44492e-01
3491	  6,9800000000e+03	  1,30512e-01	  1,44877e-01
3492	  6,9820000000e+03	  1,27790e-01	  1,46731e-01
3493	  6,9840000000e+03	  1,33496e-01	  1,44195e-01
3494	  6,9860000000e+03	  1,38745e-01	  1,42415e-01
3495	  6,9880000000e+03	  1,40973e-01	  1,40295e-01
3496	  6,9900000000e+03	  1,39972e-01	  1,40873e-01
3497	  6,9920000000e+03	  1,40296e-01	  1,37477e-01
3498	  6,9940000000e+03	  1,40810e-01	  1,33858e-01
3499	  6,9960000000e+03	  1,44306e-01	  1,30673e-01
3500	  6,9980000000e+03	  1,45282e-01	  1,33720e-01
3501	  7,0000000000e+03	  1,46022e-01	  1,33902e-01
3502	  7,0020000000e+03	  1,49119e-01	  1,34381e-01
3503	  7,0040000000e+03	  1,48832e-01	  1,27340e-01
3504	  7,0060000000e+03	  1,48038e-01	  1,21803e-01
3505	  7,0080000000e+03	  1,51241e-01	  1,26159e-01
3506	  7,0100000000e+03	  1,51882e-01	  1,29790e-01
3507	  7,0120000000e+03	  1,52412e-01	  1,27510e-01
3508	  7,0140000000e+03	  1,56165e-01	  1,22733e-01
3509	  7,0160000000e+03	  1,59835e-01	  1,17927e-01
3510	  7,0180000000e+03	  1,59064e-01	  1,16294e-01
3511	  7,0200000000e+03	  1,57378e-01	  1,16496e-01
3512	  7,0220000000e+03	  1,58816e-01	  1,13705e-01
3513	  7,0240000000e+03	  1,62276e-01	  1,11314e-01
3514	  7,0260000000e+03	  1,64085e-01	  1,09829e-01
3515	  7,0280000000e+03	  1,67252e-01	  1,07243e-01
3516	  7,0300000000e+03	  1,67175e-01	  1,05000e-01
3517	  7,0320000000e+03	  1,66823e-01	  1,01962e-01
3518	  7,0340000000e+03	  1,71279e-01	  1,00988e-01
3519	  7,0360000000e+03	  1,73503e-01	  9,53766e-02
3520	  7,0380000000e+03	  1,75609e-01	  9,34565e-02
3521	  7,0400000000e+03	  1,79386e-01	  9,19909e-02
3522	  7,0420000000e+03	  1,77350e-01	  9,30056e-02
3523	  7,0440000000e+03	  1,76430e-01	  8,98154e-02
3524	  7,0460000000e+03	  1,73890e-01	  8,79927e-02
3525	  7,0480000000e+03	  1,72368e-01	  8,67682e-02
3526	  7,0500000000e+03	  1,75922e-01	  8,63566e-02
3527	  7,0520000000e+03	  1,76693e-01	  8,12861e-02
3528	  7,0540000000e+03	  1,81900e-01	  7,82674e-02
3529	  7,0560000000e+03	  1,83760e-01	  7,76183e-02
3530	  7,0580000000e+03	  1,81511e-01	  7,68558e-02
3531	  7,0600000000e+03	  1,81388e-01	  7,41912e-02
3532	  7,0620000000e+03	  1,82133e-01	  6,74345e-02
3533	  7,0640000000e+03	  1,86156e-01	  6,59079e-02
3534	  7,0660000000e+03	  1,85458e-01	  6,38548e-02
3535	  7,0680000000e+03	  1,82136e-01	  6,30917e-02
3536	  7,0700000000e+03	  1,86137e-01	  6,23354e-02
3537	  7,0720000000e+03	  1,87117e-01	  5,59766e-02
3538	  7,0740000000e+03	  1,83413e-01	  5,14370e-02
3539	  7,0760000000e+03	  1,81327e-01	  5,20511e-02
3540	  7,0780000000e+03	  1,82835e-01	  4,91818e-02
3541	  7,0800000000e+03	  1,83187e-01	  4,77340e-02
3542	  7,0820000000e+03	  1,84007e-01	  4,68002e-02
3543	  7,0840000000e+03	  1,87147e-01	  4,62706e-02
3544	  7,0860000000e+03	  1,88828e-01	  4,20481e-02
3545	  7,0880000000e+03	  1,89329e-01	  3,95993e-02
3546	  7,0900000000e+03	  1,88777e-01	  3,83859e-02
3547	  7,0920000000e+03	  1,86500e-01	  3,77688e-02
3548	  7,0940000000e+03	  1,88735e-01	  3,67939e-02
3549	  7,0960000000e+03	  1,88992e-01	  3,27670e-02
3550	  7,0980000000e+03	  1,88938e-01	  2,89275e-02
3551	  7,1000000000e+03	  1,88785e-01	  2,63588e-02
3552	  7,1020000000e+03	  1,90164e-01	  2,49277e-02
3553	  7,1040000000e+03	  1,90689e-01	  2,08666e-02
3554	  7,1060000000e+03	  1,90599e-01	  1,70809e-02
3555	  7,1080000000e+03	  1,90901e-01	  1,42289e-02
3556	  7,1100000000e+03	  1,88420e-01	  1,26650e-02
3557	  7,1120000000e+03	  1,87722e-01	  1,23695e-02
3558	  7,1140000000e+03	  1,86212e-01	  7,65720e-03
3559	  7,1160000000e+03	  1,85225e-01	  3,16058e-03
3560	  7,1180000000e+03	  1,82973e-01	  3,25016e-03
3561	  7,1200000000e+03	  1,83291e-01	  1,64723e-03
3562	  7,1220000000e+03	  1,83164e-01	 -1,22874e-03
3563	  7,1240000000e+03	  1,83100e-01	 -2,37428e-03
3564	  7,1260000000e+03	  1,83560e-01	 -1,44557e-03
3565	  7,1280000000e+03	  1,84556e-01	 -7,90731e-03
3566	  7,1300000000e+03	  1,80975e-01	 -1,24240e-02
3567	  7,1320000000e+03	  1,83193e-01	 -1,06106e-02
3568	  7,1340000000e+03	  1,84872e-01	 -1,20503e-02
3569	  7,1360000000e+03	  1,80541e-01	 -1,11002e-02
3570	  7,1380000000e+03	  1,80102e-01	 -1,16762e-02
3571	  7,1400000000e+03	  1,79773e-01	 -1,71708e-02
3572	  7,1420000000e+03	  1,81605e-01	 -2,04515e-02
3573	  7,1440000000e+03	  1,80867e-01	 -1,88258e-02
3574	  7,1460000000e+03	  1,79802e-01	 -2,32082e-02
3575	  7,1480000000e+03	  1,79150e-01	 -2,25621e-02
3576	  7,1500000000e+03	  1,79244e-01	 -2,64492e-02
3577	  7,1520000000e+03	  1,76049e-01	 -2,89947e-02
3578	  7,1540000000e+03	  1,74451e-01	 -2,79428e-02
3579	  7,1560000000e+03	  1,76318e-01	 -3,05340e-02
3580	  7,1580000000e+03	  1,74691e-01	 -3,26994e-02
3581	  7,1600000000e+03	  1,74471e-01	 -3,57660e-02
3582	  7,1620000000e+03	  1,72919e-01	 -3,50227e-02
3583	  7,1640000000e+03	  1,70523e-01	 -3,84133e-02
3584	  7,1660000000e+03	  1,69507e-01	 -4,14377e-02
3585	  7,1680000000e+03	  1,67591e-01	 -3,99635e-02
3586	  7,1700000000e+03	  1,69134e-01	 -4,07921e-02
3587	  7,1720000000e+03	  1,72109e-01	 -4,35701e-02
3588	  7,1740000000e+03	  1,69776e-01	 -4,58017e-02
3589	  7,1760000000e+03	  1,65669e-01	 -4,98876e-02
3590	  7,1780000000e+03	  1,66296e-01	 -4,98584e-02
3591	  7,1800000000e+03	  1,67759e-01	 -5,23763e-02
3592	  7,1820000000e+03	  1,66944e-01	 -5,12306e-02
3593	  7,1840000000e+03	  1,67319e-01	 -5,16476e-02
3594	  7,1860000000e+03	  1,63900e-01	 -5,48411e-02
3595	  7,1880000000e+03	  1,60724e-01	 -5,68455e-02
3596	  7,1900000000e+03	  1,58010e-01	 -5,70434e-02
3597	  7,1920000000e+03	  1,57034e-01	 -5,71611e-02
3598	  7,1940000000e+03	  1,57962e-01	 -5,83175e-02
3599	  7,1960000000e+03	  1,58058e-01	 -5,89140e-02
3600	  7,1980000000e+03	  1,57193e-01	 -6,15614e-02
3601	  7,2000000000e+03	  1,52560e-01	 -5,95655e-02
3602	  7,2020000000e+03	  1,53827e-01	 -6,11555e-02
3603	  7,2040000000e+03	  1,54255e-01	 -6,48767e-02
3604	  7,2060000000e+03	  1,54172e-01	 -6,50939e-02
3605	  7,2080000000e+03	  1,54813e-01	 -6,64125e-02
3606	  7,2100000000e+03	  1,51984e-01	 -6,63971e-02
3607	  7,2120000000e+03	  1,50556e-01	 -6,99334e-02
3608	  7,2140000000e+03	  1,49962e-01	 -7,22491e-02
3609	  7,2160000000e+03	  1,48326e-01	 -7,30317e-02
3610	  7,2180000000e+03	  1,49353e-01	 -7,30856e-02
3611	  7,2200000000e+03	  1,49171e-01	 -7,31394e-02
3612	  7,2220000000e+03	  1,46635e-01	 -7,21811e-02
3613	  7,2240000000e+03	  1,46327e-01	 -7,78160e-02
3614	  7,2260000000e+03	  1,46286e-01	 -7,82256e-02
3615	  7,2280000000e+03	  1,45250e-01	 -7,78118e-02
3616	  7,2300000000e+03	  1,42432e-01	 -7,81394e-02
3617	  7,2320000000e+03	  1,42159e-01	 -8,04468e-02
3618	  7,2340000000e+03	  1,42744e-01	 -8,39825e-02
3619	  7,2360000000e+03	  1,45080e-01	 -8,56678e-02
3620	  7,2380000000e+03	  1,45183e-01	 -8,48197e-02
3621	  7,2400000000e+03	  1,43779e-01	 -8,73403e-02
3622	  7,2420000000e+03	  1,42374e-01	 -9,08403e-02
3623	  7,2440000000e+03	  1,38714e-01	 -8,92873e-02
3624	  7,2460000000e+03	  1,37378e-01	 -8,95853e-02
3625	  7,2480000000e+03	  1,38146e-01	 -9,08516e-02
3626	  7,2500000000e+03	  1,38211e-01	 -9,23294e-02
3627	  7,2520000000e+03	  1,37464e-01	 -9,69600e-02
3628	  7,2540000000e+03	  1,36624e-01	 -9,57887e-02
3629	  7,2560000000e+03	  1,37563e-01	 -9,35195e-02
3630	  7,2580000000e+03	  1,36109e-01	 -9,83774e-02
3631	  7,2600000000e+03	  1,31733e-01	 -9,72600e-02
3632	  7,2620000000e+03	  1,31085e-01	 -9,70994e-02
3633	  7,2640000000e+03	  1,30762e-01	 -9,94460e-02
3634	  7,2660000000e+03	  1,33706e-01	 -1,03287e-01
3635	  7,2680000000e+03	  1,33841e-01	 -1,04150e-01
3636	  7,2700000000e+03	  1,31705e-01	 -1,03714e-01
3637	  7,2720000000e+03	  1,29779e-01	 -1,04479e-01
3638	  7,2740000000e+03	  1,27332e-01	 -1,05704e-01
3639	  7,2760000000e+03	  1,27391e-01	 -1,07422e-01
3640	  7,2780000000e+03	  1,24268e-01	 -1,09708e-01
3641	  7,2800000000e+03	  1,23089e-01	 -1,12416e-01
3642	  7,2820000000e+03	  1,24727e-01	 -1,13911e-01
3643	  7,2840000000e+03	  1,21408e-01	 -1,15234e-01
3644	  7,2860000000e+03	  1,19850e-01	 -1,13927e-01
3645	  7,2880000000e+03	  1,20214e-01	 -1,16886e-01
3646	  7,2900000000e+03	  1,16217e-01	 -1,16588e-01
3647	  7,2920000000e+03	  1,15982e-01	 -1,16247e-01
3648	  7,2940000000e+03	  1,17456e-01	 -1,19370e-01
3649	  7,2960000000e+03	  1,19416e-01	 -1,20541e-01
3650	  7,2980000000e+03	  1,21492e-01	 -1,21069e-01
3651	  7,3000000000e+03	  1,20374e-01	 -1,22343e-01
3652	  7,3020000000e+03	  1,15494e-01	 -1,23401e-01
3653	  7,3040000000e+03	  1,12859e-01	 -1,27110e-01
3654	  7,3060000000e+03	  1,13749e-01	 -1,28454e-01
3655	  7,3080000000e+03	  1,10539e-01	 -1,27504e-01
3656	  7,3100000000e+03	  1,07728e-01	 -1,31004e-01
3657	  7,3120000000e+03	  1,06823e-01	 -1,30366e-01
3658	  7,3140000000e+03	  1,06220e-01	 -1,29196e-01
3659	  7,3160000000e+03	  1,06194e-01	 -1,26776e-01
3660	  7,3180000000e+03	  1,03782e-01	 -1,29194e-01
3661	  7,3200000000e+03	  1,03368e-01	 -1,29941e-01
3662	  7,3220000000e+03	  1,01952e-01	 -1,32651e-01
3663	  7,3240000000e+03	  1,00347e-01	 -1,33350e-01
3664	  7,3260000000e+03	  1,00728e-01	 -1,32144e-01
3665	  7,3280000000e+03	  9,60301e-02	 -1,35893e-01
3666	  7,3300000000e+03	  9,64946e-02	 -1,40667e-01
3667	  7,3320000000e+03	  9,36219e-02	 -1,42784e-01
3668	  7,3340000000e+03	  9,56359e-02	 -1,42638e-01
3669	  7,3360000000e+03	  9,35067e-02	 -1,42030e-01
3670	  7,3380000000e+03	  9,55159e-02	 -1,41461e-01
3671	  7,3400000000e+03	  9,43148e-02	 -1,40380e-01
3672	  7,3420000000e+03	  9,38042e-02	 -1,42413e-01
3673	  7,3440000000e+03	  9,35232e-02	 -1,45133e-01
3674	  7,3460000000e+03	  9,30504e-02	 -1,47825e-01
3675	  7,3480000000e+03	  8,93919e-02	 -1,48504e-01
3676	  7,3500000000e+03	  8,62769e-02	 -1,50499e-01
3677	  7,3520000000e+03	  8,60710e-02	 -1,51994e-01
3678	  7,3540000000e+03	  8,41951e-02	 -1,53458e-01
3679	  7,3560000000e+03	  8,25802e-02	 -1,53686e-01
3680	  7,3580000000e+03	  7,86481e-02	 -1,52703e-01
3681	  7,3600000000e+03	  7,67587e-02	 -1,53306e-01
3682	  7,3620000000e+03	  7,74303e-02	 -1,54354e-01
3683	  7,3640000000e+03	  7,81282e-02	 -1,55473e-01
3684	  7,3660000000e+03	  7,81619e-02	 -1,54633e-01
3685	  7,3680000000e+03	  7,33544e-02	 -1,58840e-01
3686	  7,3700000000e+03	  7,28531e-02	 -1,62159e-01
3687	  7,3720000000e+03	  7,15929e-02	 -1,60812e-01
3688	  7,3740000000e+03	  6,84591e-02	 -1,61362e-01
3689	  7,3760000000e+03	  6,73995e-02	 -1,64529e-01
3690	  7,3780000000e+03	  6,62386e-02	 -1,65296e-01
3691	  7,3800000000e+03	  6,54248e-02	 -1,66611e-01
3692	  7,3820000000e+03	  6,47132e-02	 -1,65931e-01
3693	  7,3840000000e+03	  6,55842e-02	 -1,62950e-01
3694	  7,3860000000e+03	  6,38587e-02	 -1,66373e-01
3695	  7,3880000000e+03	  5,78499e-02	 -1,67507e-01
3696	  7,3900000000e+03	  5,68938e-02	 -1,70001e-01
3697	  7,3920000000e+03	  5,69137e-02	 -1,71516e-01
3698	  7,3940000000e+03	  5,46409e-02	 -1,69637e-01
3699	  7,3960000000e+03	  5,36550e-02	 -1,70278e-01
3700	  7,3980000000e+03	  5,07193e-02	 -1,70757e-01
3701	  7,4000000000e+03	  5,15648e-02	 -1,74022e-01
3702	  7,4020000000e+03	  4,92748e-02	 -1,78438e-01
3703	  7,4040000000e+03	  4,55440e-02	 -1,78763e-01
3704	  7,4060000000e+03	  4,55193e-02	 -1,77959e-01
3705	  7,4080000000e+03	  4,59443e-02	 -1,78605e-01
3706	  7,4100000000e+03	  4,40940e-02	 -1,82383e-01
3707	  7,4120000000e+03	  4,30921e-02	 -1,83532e-01
3708	  7,4140000000e+03	  3,97098e-02	 -1,84168e-01
3709	  7,4160000000e+03	  3,30287e-02	 -1,82622e-01
3710	  7,4180000000e+03	  3,20843e-02	 -1,79674e-01
3711	  7,4200000000e+03	  3,24139e-02	 -1,82142e-01
3712	  7,4220000000e+03	  3,08492e-02	 -1,82040e-01
3713	  7,4240000000e+03	  2,62153e-02	 -1,84118e-01
3714	  7,4260000000e+03	  2,61706e-02	 -1,84809e-01
3715	  7,4280000000e+03	  2,52681e-02	 -1,85468e-01
3716	  7,4300000000e+03	  2,16461e-02	 -1,88369e-01
3717	  7,4320000000e+03	  2,09917e-02	 -1,87917e-01
3718	  7,4340000000e+03	  1,94540e-02	 -1,89981e-01
3719	  7,4360000000e+03	  1,52337e-02	 -1,90506e-01
3720	  7,4380000000e+03	  1,13981e-02	 -1,94185e-01
3721	  7,4400000000e+03	  9,28457e-03	 -1,95699e-01
3722	  7,4420000000e+03	  7,12861e-03	 -1,94819e-01
3723	  7,4440000000e+03	  4,58226e-03	 -1,96052e-01
3724	  7,4460000000e+03	  3,72745e-03	 -1,93850e-01
3725	  7,4480000000e+03	  1,68473e-03	 -1,94695e-01
3726	  7,4500000000e+03	  1,74841e-05	 -1,94391e-01
3727	  7,4520000000e+03	 -2,20259e-03	 -1,94575e-01
3728	  7,4540000000e+03	 -6,65242e-03	 -1,93019e-01
3729	  7,4560000000e+03	 -7,67836e-03	 -1,94908e-01
3730	  7,4580000000e+03	 -1,20037e-02	 -1,99843e-01
3731	  7,4600000000e+03	 -1,44940e-02	 -1,99554e-01
3732	  7,4620000000e+03	 -1,69350e-02	 -1,94949e-01
3733	  7,4640000000e+03	 -1,79945e-02	 -1,97095e-01
3734	  7,4660000000e+03	 -2,15542e-02	 -2,01860e-01
3735	  7,4680000000e+03	 -2,49861e-02	 -1,98434e-01
3736	  7,4700000000e+03	 -2,69830e-02	 -1,97444e-01
3737	  7,4720000000e+03	 -2,92506e-02	 -1,99815e-01
3738	  7,4740000000e+03	 -3,21135e-02	 -1,99465e-01
3739	  7,4760000000e+03	 -3,48974e-02	 -1,96698e-01
3740	  7,4780000000e+03	 -3,68542e-02	 -1,98433e-01
3741	  7,4800000000e+03	 -4,13198e-02	 -2,00358e-01
3742	  7,4820000000e+03	 -4,45961e-02	 -2,01092e-01
3743	  7,4840000000e+03	 -4,60338e-02	 -2,01319e-01
3744	  7,4860000000e+03	 -4,99154e-02	 -1,97841e-01
3745	  7,4880000000e+03	 -5,34918e-02	 -1,99517e-01
3746	  7,4900000000e+03	 -5,41904e-02	 -2,01490e-01
3747	  7,4920000000e+03	 -5,61730e-02	 -1,99503e-01
3748	  7,4940000000e+03	 -6,22702e-02	 -2,00729e-01
3749	  7,4960000000e+03	 -6,53333e-02	 -1,99605e-01
3750	  7,4980000000e+03	 -6,93375e-02	 -2,00465e-01
3751	  7,5000000000e+03	 -7,12895e-02	 -2,01620e-01
3752	  7,5020000000e+03	 -7,08995e-02	 -2,00850e-01
3753	  7,5040000000e+03	 -7,39586e-02	 -1,98938e-01
3754	  7,5060000000e+03	 -7,91856e-02	 -1,96526e-01
3755	  7,5080000000e+03	 -8,37781e-02	 -1,97997e-01
3756	  7,5100000000e+03	 -8,76031e-02	 -1,97377e-01
3757	  7,5120000000e+03	 -9,13623e-02	 -1,95029e-01
3758	  7,5140000000e+03	 -9,17389e-02	 -1,95020e-01
3759	  7,5160000000e+03	 -9,53552e-02	 -1,89489e-01
3760	  7,5180000000e+03	 -9,61559e-02	 -1,87250e-01
3761	  7,5200000000e+03	 -9,94596e-02	 -1,86447e-01
3762	  7,5220000000e+03	 -1,05711e-01	 -1,84574e-01
3763	  7,5240000000e+03	 -1,06194e-01	 -1,83620e-01
3764	  7,5260000000e+03	 -1,07398e-01	 -1,84060e-01
3765	  7,5280000000e+03	 -1,10705e-01	 -1,85143e-01
3766	  7,5300000000e+03	 -1,11911e-01	 -1,86851e-01
3767	  7,5320000000e+03	 -1,13603e-01	 -1,82246e-01
3768	  7,5340000000e+03	 -1,17749e-01	 -1,80971e-01
3769	  7,5360000000e+03	 -1,19129e-01	 -1,80094e-01
3770	  7,5380000000e+03	 -1,21517e-01	 -1,76345e-01
3771	  7,5400000000e+03	 -1,26154e-01	 -1,72483e-01
3772	  7,5420000000e+03	 -1,28595e-01	 -1,70597e-01
3773	  7,5440000000e+03	 -1,31352e-01	 -1,72595e-01
3774	  7,5460000000e+03	 -1,32464e-01	 -1,71110e-01
3775	  7,5480000000e+03	 -1,34836e-01	 -1,67255e-01
3776	  7,5500000000e+03	 -1,39425e-01	 -1,67403e-01
3777	  7,5520000000e+03	 -1,40339e-01	 -1,64887e-01
3778	  7,5540000000e+03	 -1,42526e-01	 -1,63906e-01
3779	  7,5560000000e+03	 -1,49145e-01	 -1,62977e-01
3780	  7,5580000000e+03	 -1,50571e-01	 -1,60327e-01
3781	  7,5600000000e+03	 -1,51840e-01	 -1,60700e-01
3782	  7,5620000000e+03	 -1,56656e-01	 -1,59514e-01
3783	  7,5640000000e+03	 -1,60933e-01	 -1,54994e-01
3784	  7,5660000000e+03	 -1,62673e-01	 -1,50586e-01
3785	  7,5680000000e+03	 -1,62216e-01	 -1,48627e-01
3786	  7,5700000000e+03	 -1,64053e-01	 -1,48965e-01
3787	  7,5720000000e+03	 -1,66477e-01	 -1,47715e-01
3788	  7,5740000000e+03	 -1,67284e-01	 -1,43915e-01
3789	  7,5760000000e+03	 -1,71500e-01	 -1,39252e-01
3790	  7,5780000000e+03	 -1,75146e-01	 -1,34154e-01
3791	  7,5800000000e+03	 -1,75998e-01	 -1,29933e-01
3792	  7,5820000000e+03	 -1,80612e-01	 -1,26669e-01
3793	  7,5840000000e+03	 -1,81007e-01	 -1,23636e-01
3794	  7,5860000000e+03	 -1,80723e-01	 -1,21467e-01
3795	  7,5880000000e+03	 -1,86185e-01	 -1,21025e-01
3796	  7,5900000000e+03	 -1,86812e-01	 -1,17572e-01
3797	  7,5920000000e+03	 -1,85080e-01	 -1,13545e-01
3798	  7,5940000000e+03	 -1,87224e-01	 -1,11955e-01
3799	  7,5960000000e+03	 -1,90479e-01	 -1,09861e-01
3800	  7,5980000000e+03	 -1,91037e-01	 -1,05374e-01
3801	  7,6000000000e+03	 -1,93798e-01	 -1,00637e-01
3802	  7,6020000000e+03	 -1,95129e-01	 -9,95497e-02
3803	  7,6040000000e+03	 -1,96798e-01	 -9,65396e-02
3804	  7,6060000000e+03	 -1,99653e-01	 -9,22320e-02
3805	  7,6080000000e+03	 -1,98681e-01	 -9,13557e-02
3806	  7,6100000000e+03	 -1,99205e-01	 -8,63994e-02
3807	  7,6120000000e+03	 -1,99111e-01	 -8,41949e-02
3808	  7,6140000000e+03	 -2,03777e-01	 -8,16450e-02
3809	  7,6160000000e+03	 -2,05118e-01	 -8,01969e-02
3810	  7,6180000000e+03	 -2,03128e-01	 -7,73640e-02
3811	  7,6200000000e+03	 -2,04991e-01	 -7,34683e-02
3812	  7,6220000000e+03	 -2,06645e-01	 -7,08452e-02
3813	  7,6240000000e+03	 -2,07360e-01	 -6,71873e-02
3814	  7,6260000000e+03	 -2,11327e-01	 -6,47779e-02
3815	  7,6280000000e+03	 -2,11258e-01	 -6,31158e-02
3816	  7,6300000000e+03	 -2,12720e-01	 -6,05862e-02
3817	  7,6320000000e+03	 -2,10724e-01	 -5,42495e-02
3818	  7,6340000000e+03	 -2,11412e-01	 -4,63434e-02
3819	  7,6360000000e+03	 -2,12469e-01	 -4,47785e-02
3820	  7,6380000000e+03	 -2,12514e-01	 -4,30304e-02
3821	  7,6400000000e+03	 -2,12343e-01	 -3,94037e-02
3822	  7,6420000000e+03	 -2,13395e-01	 -3,56897e-02
3823	  7,6440000000e+03	 -2,13760e-01	 -3,10335e-02
3824	  7,6460000000e+03	 -2,15540e-01	 -2,94142e-02
3825	  7,6480000000e+03	 -2,16549e-01	 -2,58792e-02
3826	  7,6500000000e+03	 -2,16217e-01	 -1,81379e-02
3827	  7,6520000000e+03	 -2,15811e-01	 -1,36569e-02
3828	  7,6540000000e+03	 -2,12721e-01	 -1,34632e-02
3829	  7,6560000000e+03	 -2,12132e-01	 -1,17004e-02
3830	  7,6580000000e+03	 -2,12080e-01	 -7,42464e-03
3831	  7,6600000000e+03	 -2,11050e-01	 -1,32486e-03
3832	  7,6620000000e+03	 -2,11054e-01	 -5,26542e-04
3833	  7,6640000000e+03	 -2,13982e-01	  1,53192e-03
3834	  7,6660000000e+03	 -2,13751e-01	  4,80767e-03
3835	  7,6680000000e+03	 -2,10678e-01	  9,73608e-03
3836	  7,6700000000e+03	 -2,09646e-01	  1,42276e-02
3837	  7,6720000000e+03	 -2,07744e-01	  1,25621e-02
3838	  7,6740000000e+03	 -2,06592e-01	  1,66164e-02
3839	  7,6760000000e+03	 -2,08330e-01	  2,21082e-02
3840	  7,6780000000e+03	 -2,07155e-01	  2,83330e-02
3841	  7,6800000000e+03	 -2,04523e-01	  2,82155e-02
3842	  7,6820000000e+03	 -2,03209e-01	  3,23034e-02
3843	  7,6840000000e+03	 -2,01814e-01	  3,58193e-02
3844	  7,6860000000e+03	 -1,98748e-01	  3,94688e-02
3845	  7,6880000000e+03	 -1,99543e-01	  4,27353e-02
3846	  7,6900000000e+03	 -1,97314e-01	  4,41508e-02
3847	  7,6920000000e+03	 -1,97212e-01	  4,66260e-02
3848	  7,6940000000e+03	 -1,97296e-01	  4,84351e-02
3849	  7,6960000000e+03	 -1,96534e-01	  5,31887e-02
3850	  7,6980000000e+03	 -1,94327e-01	  5,71236e-02
3851	  7,7000000000e+03	 -1,94118e-01	  5,67301e-02
3852	  7,7020000000e+03	 -1,92007e-01	  5,84489e-02
3853	  7,7040000000e+03	 -1,90207e-01	  6,28031e-02
3854	  7,7060000000e+03	 -1,86297e-01	  7,10916e-02
3855	  7,7080000000e+03	 -1,83812e-01	  7,27822e-02
3856	  7,7100000000e+03	 -1,81494e-01	  7,40418e-02
3857	  7,7120000000e+03	 -1,81935e-01	  7,72251e-02
3858	  7,7140000000e+03	 -1,80666e-01	  7,73343e-02
3859	  7,7160000000e+03	 -1,79428e-01	  7,93446e-02
3860	  7,7180000000e+03	 -1,75376e-01	  8,54166e-02
3861	  7,7200000000e+03	 -1,73488e-01	  8,38679e-02
3862	  7,7220000000e+03	 -1,73834e-01	  8,19510e-02
3863	  7,7240000000e+03	 -1,70118e-01	  8,38451e-02
3864	  7,7260000000e+03	 -1,68011e-01	  8,76944e-02
3865	  7,7280000000e+03	 -1,67265e-01	  9,17870e-02
3866	  7,7300000000e+03	 -1,67044e-01	  9,60907e-02
3867	  7,7320000000e+03	 -1,64670e-01	  1,01817e-01
3868	  7,7340000000e+03	 -1,62097e-01	  1,02475e-01
3869	  7,7360000000e+03	 -1,56241e-01	  1,05445e-01
3870	  7,7380000000e+03	 -1,54711e-01	  1,08858e-01
3871	  7,7400000000e+03	 -1,53728e-01	  1,10200e-01
3872	  7,7420000000e+03	 -1,49068e-01	  1,13465e-01
3873	  7,7440000000e+03	 -1,46455e-01	  1,13496e-01
3874	  7,7460000000e+03	 -1,45920e-01	  1,14403e-01
3875	  7,7480000000e+03	 -1,41560e-01	  1,17727e-01
3876	  7,7500000000e+03	 -1,38248e-01	  1,16908e-01
3877	  7,7520000000e+03	 -1,36730e-01	  1,20191e-01
3878	  7,7540000000e+03	 -1,31895e-01	  1,19796e-01
3879	  7,7560000000e+03	 -1,32412e-01	  1,21005e-01
3880	  7,7580000000e+03	 -1,27606e-01	  1,23919e-01
3881	  7,7600000000e+03	 -1,23622e-01	  1,23590e-01
3882	  7,7620000000e+03	 -1,22277e-01	  1,22195e-01
3883	  7,7640000000e+03	 -1,20356e-01	  1,29154e-01
3884	  7,7660000000e+03	 -1,17895e-01	  1,30296e-01
3885	  7,7680000000e+03	 -1,17902e-01	  1,29566e-01
3886	  7,7700000000e+03	 -1,14920e-01	  1,29613e-01
3887	  7,7720000000e+03	 -1,10225e-01	  1,32231e-01
3888	  7,7740000000e+03	 -1,06414e-01	  1,35296e-01
3889	  7,7760000000e+03	 -1,05115e-01	  1,33549e-01
3890	  7,7780000000e+03	 -1,02753e-01	  1,31826e-01
3891	  7,7800000000e+03	 -9,72553e-02	  1,31443e-01
3892	  7,7820000000e+03	 -9,48587e-02	  1,30708e-01
3893	  7,7840000000e+03	 -9,21973e-02	  1,32140e-01
3894	  7,7860000000e+03	 -8,94124e-02	  1,33641e-01
3895	  7,7880000000e+03	 -8,63419e-02	  1,33874e-01
3896	  7,7900000000e+03	 -8,22947e-02	  1,33781e-01
3897	  7,7920000000e+03	 -8,02895e-02	  1,32737e-01
3898	  7,7940000000e+03	 -7,66460e-02	  1,31062e-01
3899	  7,7960000000e+03	 -7,72313e-02	  1,33660e-01
3900	  7,7980000000e+03	 -7,86760e-02	  1,33317e-01
3901	  7,8000000000e+03	 -7,50765e-02	  1,34253e-01
3902	  7,8020000000e+03	 -7,25771e-02	  1,34388e-01
3903	  7,8040000000e+03	 -6,90403e-02	  1,33273e-01
3904	  7,8060000000e+03	 -6,73905e-02	  1,30928e-01
3905	  7,8080000000e+03	 -6,35030e-02	  1,29987e-01
3906	  7,8100000000e+03	 -6,03284e-02	  1,29367e-01
3907	  7,8120000000e+03	 -6,05985e-02	  1,32067e-01
3908	  7,8140000000e+03	 -5,91108e-02	  1,33852e-01
3909	  7,8160000000e+03	 -5,52360e-02	  1,31213e-01
3910	  7,8180000000e+03	 -5,43343e-02	  1,31788e-01
3911	  7,8200000000e+03	 -4,95445e-02	  1,32951e-01
3912	  7,8220000000e+03	 -4,22255e-02	  1,30150e-01
3913	  7,8240000000e+03	 -4,24544e-02	  1,30445e-01
3914	  7,8260000000e+03	 -4,33316e-02	  1,29893e-01
3915	  7,8280000000e+03	 -4,29335e-02	  1,28275e-01
3916	  7,8300000000e+03	 -4,21492e-02	  1,23957e-01
3917	  7,8320000000e+03	 -3,72377e-02	  1,24547e-01
3918	  7,8340000000e+03	 -3,56129e-02	  1,23953e-01
3919	  7,8360000000e+03	 -3,64807e-02	  1,25149e-01
3920	  7,8380000000e+03	 -3,37843e-02	  1,22779e-01
3921	  7,8400000000e+03	 -3,11431e-02	  1,21484e-01
3922	  7,8420000000e+03	 -3,15518e-02	  1,23965e-01
3923	  7,8440000000e+03	 -3,12200e-02	  1,23498e-01
3924	  7,8460000000e+03	 -3,22607e-02	  1,21777e-01
3925	  7,8480000000e+03	 -2,93040e-02	  1,18396e-01
3926	  7,8500000000e+03	 -2,62117e-02	  1,18087e-01
3927	  7,8520000000e+03	 -2,37819e-02	  1,19243e-01
3928	  7,8540000000e+03	 -1,97465e-02	  1,18284e-01
3929	  7,8560000000e+03	 -1,84976e-02	  1,15391e-01
3930	  7,8580000000e+03	 -1,96536e-02	  1,16086e-01
3931	  7,8600000000e+03	 -1,80816e-02	  1,14426e-01
3932	  7,8620000000e+03	 -1,41001e-02	  1,13338e-01
3933	  7,8640000000e+03	 -1,58288e-02	  1,13534e-01
3934	  7,8660000000e+03	 -1,56366e-02	  1,10611e-01
3935	  7,8680000000e+03	 -1,13910e-02	  1,08378e-01
3936	  7,8700000000e+03	 -9,79478e-03	  1,10784e-01
3937	  7,8720000000e+03	 -1,20702e-02	  1,09928e-01
3938	  7,8740000000e+03	 -9,93503e-03	  1,08285e-01
3939	  7,8760000000e+03	 -5,88857e-03	  1,08669e-01
3940	  7,8780000000e+03	 -7,09117e-03	  1,07265e-01
3941	  7,8800000000e+03	 -8,81300e-03	  1,04185e-01
3942	  7,8820000000e+03	 -9,35346e-03	  1,04082e-01
3943	  7,8840000000e+03	 -9,80748e-03	  1,02879e-01
3944	  7,8860000000e+03	 -8,70085e-03	  1,02717e-01
3945	  7,8880000000e+03	 -7,06561e-03	  1,02337e-01
3946	  7,8900000000e+03	 -7,54164e-03	  1,02233e-01
3947	  7,8920000000e+03	 -4,04077e-03	  9,75655e-02
3948	  7,8940000000e+03	  3,17878e-04	  9,86632e-02
3949	  7,8960000000e+03	  1,62285e-03	  1,01831e-01
3950	  7,8980000000e+03	  1,46921e-03	  9,99122e-02
3951	  7,9000000000e+03	 -3,38877e-03	  1,01133e-01
3952	  7,9020000000e+03	 -4,95617e-03	  9,74470e-02
3953	  7,9040000000e+03	 -2,60873e-03	  9,63002e-02
3954	  7,9060000000e+03	  4,75324e-04	  9,54206e-02
3955	  7,9080000000e+03	  4,00228e-04	  9,30374e-02
3956	  7,9100000000e+03	 -1,23149e-03	  9,47797e-02
3957	  7,9120000000e+03	 -3,32784e-03	  9,58167e-02
3958	  7,9140000000e+03	 -3,29318e-03	  9,47684e-02
3959	  7,9160000000e+03	 -2,09641e-03	  9,12961e-02
3960	  7,9180000000e+03	  1,34292e-04	  9,03125e-02
3961	  7,9200000000e+03	  2,70765e-04	  9,35894e-02
3962	  7,9220000000e+03	 -1,50132e-03	  9,24663e-02
3963	  7,9240000000e+03	 -6,18684e-04	  9,17503e-02
3964	  7,9260000000e+03	 -2,38797e-03	  9,46015e-02
3965	  7,9280000000e+03	  1,37123e-03	  9,01400e-02
3966	  7,9300000000e+03	  3,36073e-03	  8,76992e-02
3967	  7,9320000000e+03	  2,99788e-03	  9,01802e-02
3968	  7,9340000000e+03	  1,92023e-03	  9,00192e-02
3969	  7,9360000000e+03	  7,80572e-04	  8,95563e-02
3970	  7,9380000000e+03	  1,95142e-03	  8,81381e-02
3971	  7,9400000000e+03	  3,20329e-03	  8,80426e-02
3972	  7,9420000000e+03	  3,77519e-03	  9,06374e-02
3973	  7,9440000000e+03	  2,45543e-03	  8,88179e-02
3974	  7,9460000000e+03	  3,04834e-03	  8,81740e-02
3975	  7,9480000000e+03	  1,31955e-05	  9,11565e-02
3976	  7,9500000000e+03	  2,70202e-03	  8,95861e-02
3977	  7,9520000000e+03	  6,28101e-03	  9,13140e-02
3978	  7,9540000000e+03	  6,14488e-03	  8,96518e-02
3979	  7,9560000000e+03	  5,52072e-03	  8,82152e-02
3980	  7,9580000000e+03	  3,12629e-03	  8,89620e-02
3981	  7,9600000000e+03	  2,15765e-03	  9,13584e-02
3982	  7,9620000000e+03	  6,36642e-03	  9,46495e-02
3983	  7,9640000000e+03	  8,21417e-03	  9,08592e-02
3984	  7,9660000000e+03	  5,36328e-03	  9,00781e-02
3985	  7,9680000000e+03	  8,87223e-03	  9,13740e-02
3986	  7,9700000000e+03	  9,01785e-03	  9,01024e-02
3987	  7,9720000000e+03	  1,06820e-02	  9,18784e-02
3988	  7,9740000000e+03	  1,36302e-02	  8,99245e-02
3989	  7,9760000000e+03	  1,15231e-02	  8,75858e-02
3990	  7,9780000000e+03	  1,16589e-02	  8,95036e-02
3991	  7,9800000000e+03	  1,46416e-02	  9,02962e-02
3992	  7,9820000000e+03	  1,32308e-02	  9,16276e-02
3993	  7,9840000000e+03	  1,45821e-02	  9,27416e-02
3994	  7,9860000000e+03	  1,24569e-02	  9,16498e-02
3995	  7,9880000000e+03	  1,28259e-02	  9,32685e-02
3996	  7,9900000000e+03	  1,24469e-02	  9,31130e-02
3997	  7,9920000000e+03	  1,56291e-02	  9,30999e-02
3998	  7,9940000000e+03	  1,74598e-02	  9,07384e-02
3999	  7,9960000000e+03	  1,86186e-02	  9,07392e-02
4000	  7,9980000000e+03	  2,00864e-02	  9,09462e-02
4001	  8,0000000000e+03	  2,04177e-02	  9,34603e-02
4002	  8,0020000000e+03	  2,04916e-02	  9,35195e-02
4003	  8,0040000000e+03	  1,94278e-02	  8,85818e-02
4004	  8,0060000000e+03	  2,31943e-02	  8,76064e-02
4005	  8,0080000000e+03	  2,42023e-02	  8,84831e-02
4006	  8,0100000000e+03	  2,09743e-02	  9,01105e-02
4007	  8,0120000000e+03	  2,11127e-02	  9,09185e-02
4008	  8,0140000000e+03	  2,27768e-02	  9,15788e-02
4009	  8,0160000000e+03	  2,09668e-02	  9,16321e-02
4010	  8,0180000000e+03	  2,47420e-02	  9,37975e-02
4011	  8,0200000000e+03	  2,69798e-02	  9,65644e-02
4012	  8,0220000000e+03	  2,68546e-02	  9,55215e-02
4013	  8,0240000000e+03	  2,94786e-02	  9,36899e-02
4014	  8,0260000000e+03	  2,92013e-02	  9,37040e-02
4015	  8,0280000000e+03	  2,81509e-02	  9,26936e-02
4016	  8,0300000000e+03	  3,20559e-02	  9,44287e-02
4017	  8,0320000000e+03	  3,09173e-02	  9,62698e-02
4018	  8,0340000000e+03	  3,29479e-02	  9,48969e-02
4019	  8,0360000000e+03	  3,35717e-02	  9,42099e-02
4020	  8,0380000000e+03	  3,47391e-02	  9,53834e-02
4021	  8,0400000000e+03	  3,79215e-02	  9,64378e-02
4022	  8,0420000000e+03	  3,91023e-02	  9,26849e-02
4023	  8,0440000000e+03	  4,17647e-02	  9,33926e-02
4024	  8,0460000000e+03	  4,44013e-02	  9,34261e-02
4025	  8,0480000000e+03	  4,34505e-02	  9,39296e-02
4026	  8,0500000000e+03	  4,47560e-02	  9,38626e-02
4027	  8,0520000000e+03	  4,46015e-02	  9,18646e-02
4028	  8,0540000000e+03	  4,91263e-02	  9,14778e-02
4029	  8,0560000000e+03	  4,95068e-02	  9,24004e-02
4030	  8,0580000000e+03	  4,79500e-02	  9,01927e-02
4031	  8,0600000000e+03	  4,73198e-02	  9,12854e-02
4032	  8,0620000000e+03	  5,05701e-02	  9,04286e-02
4033	  8,0640000000e+03	  5,10065e-02	  8,65650e-02
4034	  8,0660000000e+03	  5,28674e-02	  8,67785e-02
4035	  8,0680000000e+03	  5,14064e-02	  8,93673e-02
4036	  8,0700000000e+03	  5,43164e-02	  9,01146e-02
4037	  8,0720000000e+03	  5,69411e-02	  8,86199e-02
4038	  8,0740000000e+03	  5,62924e-02	  9,12193e-02
4039	  8,0760000000e+03	  6,14353e-02	  9,04581e-02
4040	  8,0780000000e+03	  6,26786e-02	  8,95676e-02
4041	  8,0800000000e+03	  6,40213e-02	  9,05314e-02
4042	  8,0820000000e+03	  6,37937e-02	  8,68954e-02
4043	  8,0840000000e+03	  6,62183e-02	  8,46691e-02
4044	  8,0860000000e+03	  6,84779e-02	  8,66839e-02
4045	  8,0880000000e+03	  6,76979e-02	  8,50981e-02
4046	  8,0900000000e+03	  6,85411e-02	  8,27804e-02
4047	  8,0920000000e+03	  7,16940e-02	  8,30387e-02
4048	  8,0940000000e+03	  7,36693e-02	  8,24040e-02
4049	  8,0960000000e+03	  7,39195e-02	  7,84148e-02
4050	  8,0980000000e+03	  7,78381e-02	  7,89036e-02
4051	  8,1000000000e+03	  7,82726e-02	  8,08264e-02
4052	  8,1020000000e+03	  7,59668e-02	  7,69758e-02
4053	  8,1040000000e+03	  7,48328e-02	  7,54556e-02
4054	  8,1060000000e+03	  7,75533e-02	  7,60114e-02
4055	  8,1080000000e+03	  7,80540e-02	  7,37340e-02
4056	  8,1100000000e+03	  7,92587e-02	  6,99874e-02
4057	  8,1120000000e+03	  8,18999e-02	  6,99801e-02
4058	  8,1140000000e+03	  8,27400e-02	  6,89347e-02
4059	  8,1160000000e+03	  8,42937e-02	  6,98161e-02
4060	  8,1180000000e+03	  8,68062e-02	  7,05810e-02
4061	  8,1200000000e+03	  8,81448e-02	  6,87992e-02
4062	  8,1220000000e+03	  8,98610e-02	  6,72320e-02
4063	  8,1240000000e+03	  8,98944e-02	  6,50573e-02
4064	  8,1260000000e+03	  9,11245e-02	  6,47553e-02
4065	  8,1280000000e+03	  9,32714e-02	  6,38276e-02
4066	  8,1300000000e+03	  9,42383e-02	  5,99864e-02
4067	  8,1320000000e+03	  9,62387e-02	  5,80393e-02
4068	  8,1340000000e+03	  9,66955e-02	  5,75980e-02
4069	  8,1360000000e+03	  9,56852e-02	  5,82178e-02
4070	  8,1380000000e+03	  9,51562e-02	  5,50324e-02
4071	  8,1400000000e+03	  9,30230e-02	  5,47178e-02
4072	  8,1420000000e+03	  9,48769e-02	  5,51056e-02
4073	  8,1440000000e+03	  9,58138e-02	  5,51301e-02
4074	  8,1460000000e+03	  9,70622e-02	  5,15330e-02
4075	  8,1480000000e+03	  9,78018e-02	  5,06553e-02
4076	  8,1500000000e+03	  9,82519e-02	  4,94771e-02
4077	  8,1520000000e+03	  1,00796e-01	  4,65686e-02
4078	  8,1540000000e+03	  1,02731e-01	  4,73063e-02
4079	  8,1560000000e+03	  1,03774e-01	  4,34600e-02
4080	  8,1580000000e+03	  1,04809e-01	  4,18537e-02
4081	  8,1600000000e+03	  1,03013e-01	  4,04936e-02
4082	  8,1620000000e+03	  1,00584e-01	  3,94873e-02
4083	  8,1640000000e+03	  1,03657e-01	  3,75044e-02
4084	  8,1660000000e+03	  1,05655e-01	  3,65507e-02
4085	  8,1680000000e+03	  1,06101e-01	  3,24227e-02
4086	  8,1700000000e+03	  1,07788e-01	  3,03087e-02
4087	  8,1720000000e+03	  1,07979e-01	  3,02722e-02
4088	  8,1740000000e+03	  1,08054e-01	  2,91390e-02
4089	  8,1760000000e+03	  1,10219e-01	  2,74986e-02
4090	  8,1780000000e+03	  1,09513e-01	  2,63487e-02
4091	  8,1800000000e+03	  1,09585e-01	  2,37807e-02
4092	  8,1820000000e+03	  1,09140e-01	  2,26180e-02
4093	  8,1840000000e+03	  1,10173e-01	  2,16785e-02
4094	  8,1860000000e+03	  1,08154e-01	  1,59368e-02
4095	  8,1880000000e+03	  1,07537e-01	  1,15695e-02
4096	  8,1900000000e+03	  1,11235e-01	  1,20269e-02
4097	  8,1920000000e+03	  1,12134e-01	  1,19086e-02
4098	  8,1940000000e+03	  1,12370e-01	  1,02174e-02
4099	  8,1960000000e+03	  1,10389e-01	  7,62933e-03
4100	  8,1980000000e+03	  1,08719e-01	  4,16949e-03
4101	  8,2000000000e+03	  1,11098e-01	  5,60486e-03
4102	  8,2020000000e+03	  1,12786e-01	  3,51416e-03
4103	  8,2040000000e+03	  1,11410e-01	 -7,43875e-04
4104	  8,2060000000e+03	  1,12211e-01	 -2,34900e-03
4105	  8,2080000000e+03	  1,13613e-01	 -5,29242e-03
4106	  8,2100000000e+03	  1,10148e-01	 -7,82509e-03
4107	  8,2120000000e+03	  1,09293e-01	 -8,11799e-03
4108	  8,2140000000e+03	  1,08763e-01	 -7,65016e-03
4109	  8,2160000000e+03	  1,10265e-01	 -7,73739e-03
4110	  8,2180000000e+03	  1,11391e-01	 -1,09950e-02
4111	  8,2200000000e+03	  1,11048e-01	 -1,36786e-02
4112	  8,2220000000e+03	  1,10925e-01	 -1,56890e-02
4113	  8,2240000000e+03	  1,09204e-01	 -1,90794e-02
4114	  8,2260000000e+03	  1,08058e-01	 -2,18165e-02
4115	  8,2280000000e+03	  1,06404e-01	 -2,36655e-02
4116	  8,2300000000e+03	  1,10087e-01	 -2,49796e-02
4117	  8,2320000000e+03	  1,08516e-01	 -2,73526e-02
4118	  8,2340000000e+03	  1,06089e-01	 -2,98521e-02
4119	  8,2360000000e+03	  1,05479e-01	 -2,92127e-02
4120	  8,2380000000e+03	  1,05868e-01	 -3,03304e-02
4121	  8,2400000000e+03	  1,04208e-01	 -3,54284e-02
4122	  8,2420000000e+03	  1,03229e-01	 -3,56544e-02
4123	  8,2440000000e+03	  1,02047e-01	 -3,72925e-02
4124	  8,2460000000e+03	  1,04027e-01	 -3,94110e-02
4125	  8,2480000000e+03	  1,02894e-01	 -4,09239e-02
4126	  8,2500000000e+03	  1,00143e-01	 -4,12812e-02
4127	  8,2520000000e+03	  9,89051e-02	 -4,37836e-02
4128	  8,2540000000e+03	  9,86674e-02	 -4,75193e-02
4129	  8,2560000000e+03	  9,71268e-02	 -5,06409e-02
4130	  8,2580000000e+03	  9,67144e-02	 -5,20209e-02
4131	  8,2600000000e+03	  9,28841e-02	 -5,29726e-02
4132	  8,2620000000e+03	  8,96725e-02	 -5,77532e-02
4133	  8,2640000000e+03	  9,02468e-02	 -5,62781e-02
4134	  8,2660000000e+03	  8,72747e-02	 -5,54140e-02
4135	  8,2680000000e+03	  8,61937e-02	 -6,00485e-02
4136	  8,2700000000e+03	  8,62445e-02	 -6,00695e-02
4137	  8,2720000000e+03	  8,08507e-02	 -6,15559e-02
4138	  8,2740000000e+03	  7,89297e-02	 -6,29106e-02
4139	  8,2760000000e+03	  7,56055e-02	 -6,18470e-02
4140	  8,2780000000e+03	  7,61352e-02	 -6,13633e-02
4141	  8,2800000000e+03	  7,74783e-02	 -6,42902e-02
4142	  8,2820000000e+03	  7,35467e-02	 -6,72889e-02
4143	  8,2840000000e+03	  7,18321e-02	 -6,99322e-02
4144	  8,2860000000e+03	  7,05537e-02	 -7,10031e-02
4145	  8,2880000000e+03	  7,06469e-02	 -7,18153e-02
4146	  8,2900000000e+03	  6,67109e-02	 -7,27034e-02
4147	  8,2920000000e+03	  6,39427e-02	 -7,04632e-02
4148	  8,2940000000e+03	  6,08961e-02	 -7,23366e-02
4149	  8,2960000000e+03	  6,11200e-02	 -7,61862e-02
4150	  8,2980000000e+03	  5,90275e-02	 -7,32974e-02
4151	  8,3000000000e+03	  5,56186e-02	 -7,28801e-02
4152	  8,3020000000e+03	  5,54602e-02	 -7,41161e-02
4153	  8,3040000000e+03	  5,30381e-02	 -7,33319e-02
4154	  8,3060000000e+03	  5,38368e-02	 -7,50399e-02
4155	  8,3080000000e+03	  5,22431e-02	 -7,50515e-02
4156	  8,3100000000e+03	  4,71364e-02	 -7,61326e-02
4157	  8,3120000000e+03	  4,67287e-02	 -7,64784e-02
4158	  8,3140000000e+03	  4,47661e-02	 -7,77877e-02
4159	  8,3160000000e+03	  4,14566e-02	 -7,96740e-02
4160	  8,3180000000e+03	  4,04854e-02	 -7,75025e-02
4161	  8,3200000000e+03	  4,09345e-02	 -7,72610e-02
4162	  8,3220000000e+03	  3,69848e-02	 -7,99875e-02
4163	  8,3240000000e+03	  3,52212e-02	 -7,87367e-02
4164	  8,3260000000e+03	  3,29349e-02	 -7,76970e-02
4165	  8,3280000000e+03	  3,14689e-02	 -7,87312e-02
4166	  8,3300000000e+03	  2,95572e-02	 -7,70391e-02
4167	  8,3320000000e+03	  2,73667e-02	 -7,45532e-02
4168	  8,3340000000e+03	  2,52724e-02	 -7,51085e-02
4169	  8,3360000000e+03	  2,38118e-02	 -7,36728e-02
4170	  8,3380000000e+03	  2,06746e-02	 -7,29965e-02
4171	  8,3400000000e+03	  1,78517e-02	 -7,40545e-02
4172	  8,3420000000e+03	  1,72425e-02	 -7,62227e-02
4173	  8,3440000000e+03	  1,54551e-02	 -7,42113e-02
4174	  8,3460000000e+03	  1,33052e-02	 -7,28354e-02
4175	  8,3480000000e+03	  1,21638e-02	 -6,94059e-02
4176	  8,3500000000e+03	  1,13755e-02	 -7,18511e-02
4177	  8,3520000000e+03	  1,38886e-02	 -7,27959e-02
4178	  8,3540000000e+03	  1,07668e-02	 -7,23893e-02
4179	  8,3560000000e+03	  9,83345e-03	 -7,19031e-02
4180	  8,3580000000e+03	  8,08909e-03	 -6,87621e-02
4181	  8,3600000000e+03	  5,64059e-03	 -6,82740e-02
4182	  8,3620000000e+03	  7,21336e-03	 -6,90114e-02
4183	  8,3640000000e+03	  7,69705e-03	 -6,63500e-02
4184	  8,3660000000e+03	  4,38741e-03	 -6,76197e-02
4185	  8,3680000000e+03	  7,17335e-04	 -6,67867e-02
4186	  8,3700000000e+03	  1,63836e-03	 -6,75428e-02
4187	  8,3720000000e+03	  3,89859e-04	 -6,85898e-02
4188	  8,3740000000e+03	  5,25726e-04	 -6,64463e-02
4189	  8,3760000000e+03	  3,23955e-04	 -6,38761e-02
4190	  8,3780000000e+03	 -1,43017e-03	 -6,00154e-02
4191	  8,3800000000e+03	 -2,81246e-03	 -5,90648e-02
4192	  8,3820000000e+03	 -3,15165e-03	 -6,27543e-02
4193	  8,3840000000e+03	 -7,14479e-03	 -6,26743e-02
4194	  8,3860000000e+03	 -7,34176e-03	 -5,97296e-02
4195	  8,3880000000e+03	 -6,31532e-03	 -5,65246e-02
4196	  8,3900000000e+03	 -4,93119e-03	 -5,56588e-02
4197	  8,3920000000e+03	 -8,08970e-03	 -5,79027e-02
4198	  8,3940000000e+03	 -1,09749e-02	 -5,67200e-02
4199	  8,3960000000e+03	 -1,34536e-02	 -5,26091e-02
4200	  8,3980000000e+03	 -1,10397e-02	 -5,39731e-02
4201	  8,4000000000e+03	 -1,22150e-02	 -5,42135e-02
4202	  8,4020000000e+03	 -1,32304e-02	 -5,29361e-02
4203	  8,4040000000e+03	 -1,24470e-02	 -4,96326e-02
4204	  8,4060000000e+03	 -1,01185e-02	 -4,80099e-02
4205	  8,4080000000e+03	 -1,41021e-02	 -4,92806e-02
4206	  8,4100000000e+03	 -1,40992e-02	 -4,76894e-02
4207	  8,4120000000e+03	 -1,41837e-02	 -4,69330e-02
4208	  8,4140000000e+03	 -1,63988e-02	 -4,70415e-02
4209	  8,4160000000e+03	 -1,73591e-02	 -4,69738e-02
4210	  8,4180000000e+03	 -1,72628e-02	 -4,94329e-02
4211	  8,4200000000e+03	 -1,60747e-02	 -4,92733e-02
4212	  8,4220000000e+03	 -1,68300e-02	 -4,16974e-02
4213	  8,4240000000e+03	 -1,48510e-02	 -4,00664e-02
4214	  8,4260000000e+03	 -1,21352e-02	 -4,36788e-02
4215	  8,4280000000e+03	 -1,49645e-02	 -4,35011e-02
4216	  8,4300000000e+03	 -1,44731e-02	 -3,94406e-02
4217	  8,4320000000e+03	 -1,54420e-02	 -4,13719e-02
4218	  8,4340000000e+03	 -1,76240e-02	 -4,37410e-02
4219	  8,4360000000e+03	 -1,74102e-02	 -4,05494e-02
4220	  8,4380000000e+03	 -1,99346e-02	 -4,10640e-02
4221	  8,4400000000e+03	 -2,17439e-02	 -3,89503e-02
4222	  8,4420000000e+03	 -1,95581e-02	 -4,01319e-02
4223	  8,4440000000e+03	 -1,83024e-02	 -3,93417e-02
4224	  8,4460000000e+03	 -1,99430e-02	 -3,73385e-02
4225	  8,4480000000e+03	 -1,89219e-02	 -4,05830e-02
4226	  8,4500000000e+03	 -2,13498e-02	 -4,04436e-02
4227	  8,4520000000e+03	 -2,36998e-02	 -3,79657e-02
4228	  8,4540000000e+03	 -2,33964e-02	 -3,76008e-02
4229	  8,4560000000e+03	 -2,17962e-02	 -3,70449e-02
4230	  8,4580000000e+03	 -2,18171e-02	 -3,58801e-02
4231	  8,4600000000e+03	 -2,01408e-02	 -3,42045e-02
4232	  8,4620000000e+03	 -1,93089e-02	 -3,28045e-02
4233	  8,4640000000e+03	 -1,95788e-02	 -3,08312e-02
4234	  8,4660000000e+03	 -2,07309e-02	 -2,91100e-02
4235	  8,4680000000e+03	 -2,30536e-02	 -3,27822e-02
4236	  8,4700000000e+03	 -2,06719e-02	 -3,35225e-02
4237	  8,4720000000e+03	 -2,33030e-02	 -2,99525e-02
4238	  8,4740000000e+03	 -2,51918e-02	 -2,79415e-02
4239	  8,4760000000e+03	 -2,52763e-02	 -3,02113e-02
4240	  8,4780000000e+03	 -2,60598e-02	 -3,20854e-02
4241	  8,4800000000e+03	 -2,64670e-02	 -2,86018e-02
4242	  8,4820000000e+03	 -2,91350e-02	 -2,72191e-02
4243	  8,4840000000e+03	 -2,93151e-02	 -2,71160e-02
4244	  8,4860000000e+03	 -2,78134e-02	 -2,84200e-02
4245	  8,4880000000e+03	 -2,75475e-02	 -2,82681e-02
4246	  8,4900000000e+03	 -2,47709e-02	 -2,71581e-02
4247	  8,4920000000e+03	 -2,59215e-02	 -2,54253e-02
4248	  8,4940000000e+03	 -2,93496e-02	 -2,14163e-02
4249	  8,4960000000e+03	 -3,06789e-02	 -2,05091e-02
4250	  8,4980000000e+03	 -3,23870e-02	 -1,90389e-02
4251	  8,5000000000e+03	 -2,92406e-02	 -1,67246e-02
4252	  8,5020000000e+03	 -2,77920e-02	 -1,67591e-02
4253	  8,5040000000e+03	 -2,67440e-02	 -1,64997e-02
4254	  8,5060000000e+03	 -2,81615e-02	 -1,58891e-02
4255	  8,5080000000e+03	 -2,62666e-02	 -1,55257e-02
4256	  8,5100000000e+03	 -2,64475e-02	 -1,43928e-02
4257	  8,5120000000e+03	 -2,64374e-02	 -1,58740e-02
4258	  8,5140000000e+03	 -2,87276e-02	 -1,63984e-02
4259	  8,5160000000e+03	 -2,73771e-02	 -1,47170e-02
4260	  8,5180000000e+03	 -2,77544e-02	 -1,37487e-02
4261	  8,5200000000e+03	 -2,91053e-02	 -1,39141e-02
4262	  8,5220000000e+03	 -2,61417e-02	 -1,29806e-02
4263	  8,5240000000e+03	 -2,50030e-02	 -1,14329e-02
4264	  8,5260000000e+03	 -2,70328e-02	 -1,17106e-02
4265	  8,5280000000e+03	 -2,49573e-02	 -8,63048e-03
4266	  8,5300000000e+03	 -2,80747e-02	 -9,98819e-03
4267	  8,5320000000e+03	 -2,88822e-02	 -9,09332e-03
4268	  8,5340000000e+03	 -2,94428e-02	 -1,03390e-02
4269	  8,5360000000e+03	 -2,89141e-02	 -9,15139e-03
4270	  8,5380000000e+03	 -2,82255e-02	 -9,36025e-03
4271	  8,5400000000e+03	 -3,03668e-02	 -8,33760e-03
4272	  8,5420000000e+03	 -3,13938e-02	 -7,79148e-03
4273	  8,5440000000e+03	 -3,18514e-02	 -8,53188e-03
4274	  8,5460000000e+03	 -3,32806e-02	 -4,79942e-03
4275	  8,5480000000e+03	 -3,18145e-02	 -2,45372e-03
4276	  8,5500000000e+03	 -3,14881e-02	 -2,64855e-03
4277	  8,5520000000e+03	 -2,92796e-02	 -9,48775e-05
4278	  8,5540000000e+03	 -2,70806e-02	  1,09217e-03
4279	  8,5560000000e+03	 -2,69421e-02	  1,78842e-03
4280	  8,5580000000e+03	 -2,98036e-02	  2,09617e-03
4281	  8,5600000000e+03	 -3,00513e-02	  1,67025e-03
4282	  8,5620000000e+03	 -2,78878e-02	  2,27919e-03
4283	  8,5640000000e+03	 -2,42053e-02	  4,01362e-03
4284	  8,5660000000e+03	 -2,15804e-02	  6,80231e-03
4285	  8,5680000000e+03	 -2,31854e-02	  6,94248e-03
4286	  8,5700000000e+03	 -2,51411e-02	  5,74849e-03
4287	  8,5720000000e+03	 -2,99285e-02	  2,95240e-03
4288	  8,5740000000e+03	 -2,67861e-02	  3,33655e-03
4289	  8,5760000000e+03	 -2,30325e-02	  9,49891e-03
4290	  8,5780000000e+03	 -2,15558e-02	  1,11602e-02
4291	  8,5800000000e+03	 -1,97670e-02	  8,70774e-03
4292	  8,5820000000e+03	 -1,80102e-02	  1,03805e-02
4293	  8,5840000000e+03	 -1,85759e-02	  6,69146e-03
4294	  8,5860000000e+03	 -1,74671e-02	  7,44726e-03
4295	  8,5880000000e+03	 -1,81603e-02	  7,38156e-03
4296	  8,5900000000e+03	 -1,87210e-02	  8,74306e-03
4297	  8,5920000000e+03	 -1,74449e-02	  1,12328e-02
4298	  8,5940000000e+03	 -2,00178e-02	  1,14263e-02
4299	  8,5960000000e+03	 -1,86642e-02	  1,20661e-02
4300	  8,5980000000e+03	 -1,53607e-02	  1,23756e-02
4301	  8,6000000000e+03	 -1,52659e-02	  1,03118e-02
4302	  8,6020000000e+03	 -1,43612e-02	  1,35606e-02
4303	  8,6040000000e+03	 -1,55427e-02	  1,41001e-02
4304	  8,6060000000e+03	 -1,49755e-02	  1,18594e-02
4305	  8,6080000000e+03	 -1,33728e-02	  1,22028e-02
4306	  8,6100000000e+03	 -1,42221e-02	  1,23442e-02
4307	  8,6120000000e+03	 -1,44931e-02	  1,60015e-02
4308	  8,6140000000e+03	 -1,20798e-02	  1,35127e-02
4309	  8,6160000000e+03	 -9,97694e-03	  9,72149e-03
4310	  8,6180000000e+03	 -1,16812e-02	  1,05154e-02
4311	  8,6200000000e+03	 -1,09840e-02	  1,21096e-02
4312	  8,6220000000e+03	 -8,76371e-03	  1,50240e-02
4313	  8,6240000000e+03	 -9,00051e-03	  1,33134e-02
4314	  8,6260000000e+03	 -1,19658e-02	  1,45473e-02
4315	  8,6280000000e+03	 -1,05812e-02	  1,35170e-02
4316	  8,6300000000e+03	 -6,82818e-03	  1,12054e-02
4317	  8,6320000000e+03	 -3,75132e-03	  9,95343e-03
4318	  8,6340000000e+03	 -6,56501e-03	  1,08479e-02
4319	  8,6360000000e+03	 -6,81932e-03	  1,48525e-02
4320	  8,6380000000e+03	 -4,43141e-03	  1,39217e-02
4321	  8,6400000000e+03	 -5,97308e-03	  1,38289e-02
4322	  8,6420000000e+03	 -7,52952e-03	  1,37787e-02
4323	  8,6440000000e+03	 -5,85140e-03	  1,33985e-02
4324	  8,6460000000e+03	 -7,68193e-03	  1,24172e-02
4325	  8,6480000000e+03	 -6,14893e-03	  1,08841e-02
4326	  8,6500000000e+03	 -5,16418e-03	  1,07503e-02
4327	  8,6520000000e+03	 -3,63017e-03	  1,45569e-02
4328	  8,6540000000e+03	 -2,71361e-03	  1,45517e-02
4329	  8,6560000000e+03	  3,40190e-04	  1,34971e-02
4330	  8,6580000000e+03	 -7,60154e-04	  1,45446e-02
4331	  8,6600000000e+03	 -2,67675e-03	  1,22668e-02
4332	  8,6620000000e+03	 -3,11654e-03	  1,31783e-02
4333	  8,6640000000e+03	 -1,52194e-03	  1,15560e-02
4334	  8,6660000000e+03	 -1,05105e-04	  1,18662e-02
4335	  8,6680000000e+03	  1,48725e-03	  1,13496e-02
4336	  8,6700000000e+03	 -9,79999e-04	  1,09945e-02
4337	  8,6720000000e+03	 -1,67814e-04	  1,29230e-02
4338	  8,6740000000e+03	  7,51007e-04	  1,24311e-02
4339	  8,6760000000e+03	 -8,33008e-04	  1,12815e-02
4340	  8,6780000000e+03	  7,15598e-04	  1,11547e-02
4341	  8,6800000000e+03	  2,93471e-03	  1,13379e-02
4342	  8,6820000000e+03	  4,52400e-04	  9,48830e-03
4343	  8,6840000000e+03	  3,72891e-04	  7,90659e-03
4344	  8,6860000000e+03	  2,59423e-03	  6,73456e-03
4345	  8,6880000000e+03	  5,17240e-03	  8,89270e-03
4346	  8,6900000000e+03	  6,51755e-03	  1,13008e-02
4347	  8,6920000000e+03	  4,65567e-03	  1,09821e-02
4348	  8,6940000000e+03	  4,42660e-03	  1,15080e-02
4349	  8,6960000000e+03	  2,51379e-03	  1,08758e-02
4350	  8,6980000000e+03	  3,33413e-03	  1,19644e-02
4351	  8,7000000000e+03	  4,65211e-03	  1,22145e-02
4352	  8,7020000000e+03	  2,51364e-03	  1,54149e-02
4353	  8,7040000000e+03	 -8,35772e-04	  1,31587e-02
4354	  8,7060000000e+03	 -3,64260e-05	  1,18263e-02
4355	  8,7080000000e+03	  1,56846e-03	  8,14506e-03
4356	  8,7100000000e+03	  3,11200e-03	  9,80305e-03
4357	  8,7120000000e+03	  2,77876e-03	  1,11514e-02
4358	  8,7140000000e+03	  3,68048e-03	  1,07871e-02
4359	  8,7160000000e+03	  6,26281e-03	  1,15631e-02
4360	  8,7180000000e+03	  3,38937e-03	  1,05302e-02
4361	  8,7200000000e+03	  1,38239e-03	  1,07979e-02
4362	  8,7220000000e+03	  8,11740e-04	  1,44237e-02
4363	  8,7240000000e+03	  6,18913e-03	  1,41507e-02
4364	  8,7260000000e+03	  6,44642e-03	  1,08345e-02
4365	  8,7280000000e+03	  3,20153e-03	  1,23487e-02
4366	  8,7300000000e+03	  2,71895e-03	  1,52067e-02
4367	  8,7320000000e+03	  3,64641e-03	  1,49753e-02
4368	  8,7340000000e+03	  6,74023e-03	  1,66320e-02
4369	  8,7360000000e+03	  5,64854e-03	  1,76062e-02
4370	  8,7380000000e+03	  9,44394e-03	  1,65648e-02
4371	  8,7400000000e+03	  8,89955e-03	  1,67767e-02
4372	  8,7420000000e+03	  6,61870e-03	  1,59664e-02
4373	  8,7440000000e+03	  8,57750e-03	  1,69597e-02
4374	  8,7460000000e+03	  7,63640e-03	  1,95746e-02
4375	  8,7480000000e+03	  7,31348e-03	  1,97960e-02
4376	  8,7500000000e+03	  8,00087e-03	  1,71818e-02
4377	  8,7520000000e+03	  1,01952e-02	  1,49089e-02
4378	  8,7540000000e+03	  8,27556e-03	  1,34026e-02
4379	  8,7560000000e+03	  8,98223e-03	  1,39406e-02
4380	  8,7580000000e+03	  1,10922e-02	  1,50031e-02
4381	  8,7600000000e+03	  1,32868e-02	  1,41979e-02
4382	  8,7620000000e+03	  1,46007e-02	  1,59339e-02
4383	  8,7640000000e+03	  1,54750e-02	  1,62221e-02
4384	  8,7660000000e+03	  1,67368e-02	  1,68516e-02
4385	  8,7680000000e+03	  1,62862e-02	  1,68499e-02
4386	  8,7700000000e+03	  1,60498e-02	  1,72442e-02
4387	  8,7720000000e+03	  1,42960e-02	  1,69968e-02
4388	  8,7740000000e+03	  1,61231e-02	  1,61994e-02
4389	  8,7760000000e+03	  1,67962e-02	  1,49264e-02
4390	  8,7780000000e+03	  1,86670e-02	  1,54032e-02
4391	  8,7800000000e+03	  1,97087e-02	  1,42448e-02
4392	  8,7820000000e+03	  1,90757e-02	  1,67355e-02
4393	  8,7840000000e+03	  1,61695e-02	  1,63819e-02
4394	  8,7860000000e+03	  1,91484e-02	  1,73321e-02
4395	  8,7880000000e+03	  2,23739e-02	  1,61468e-02
4396	  8,7900000000e+03	  1,89864e-02	  1,70961e-02
4397	  8,7920000000e+03	  1,84264e-02	  1,72486e-02
4398	  8,7940000000e+03	  2,18516e-02	  1,39741e-02
4399	  8,7960000000e+03	  2,22040e-02	  1,59892e-02
4400	  8,7980000000e+03	  2,30761e-02	  1,69304e-02
4401	  8,8000000000e+03	  2,43649e-02	  1,77970e-02
4402	  8,8020000000e+03	  2,90529e-02	  1,47397e-02
4403	  8,8040000000e+03	  3,01295e-02	  1,28180e-02
4404	  8,8060000000e+03	  2,71029e-02	  1,43303e-02
4405	  8,8080000000e+03	  2,75172e-02	  1,54584e-02
4406	  8,8100000000e+03	  3,07042e-02	  1,37428e-02
4407	  8,8120000000e+03	  3,27305e-02	  1,17866e-02
4408	  8,8140000000e+03	  3,05783e-02	  1,21873e-02
4409	  8,8160000000e+03	  3,30419e-02	  1,16923e-02
4410	  8,8180000000e+03	  3,57395e-02	  9,63281e-03
4411	  8,8200000000e+03	  3,67904e-02	  9,31962e-03
4412	  8,8220000000e+03	  4,10426e-02	  1,00602e-02
4413	  8,8240000000e+03	  3,77499e-02	  7,01421e-03
4414	  8,8260000000e+03	  3,95699e-02	  4,64804e-03
4415	  8,8280000000e+03	  3,86306e-02	  3,27296e-03
4416	  8,8300000000e+03	  3,69300e-02	  5,17733e-03
4417	  8,8320000000e+03	  3,86946e-02	  7,00255e-03
4418	  8,8340000000e+03	  4,22509e-02	  3,95975e-03
4419	  8,8360000000e+03	  3,88218e-02	  6,18679e-04
4420	  8,8380000000e+03	  3,90360e-02	  3,30596e-03
4421	  8,8400000000e+03	  3,99283e-02	  4,12516e-03
4422	  8,8420000000e+03	  4,04827e-02	  1,64298e-03
4423	  8,8440000000e+03	  4,50203e-02	  9,93713e-05
4424	  8,8460000000e+03	  4,42652e-02	 -2,83156e-03
4425	  8,8480000000e+03	  4,43979e-02	 -2,66335e-03
4426	  8,8500000000e+03	  4,67550e-02	 -2,95559e-03
4427	  8,8520000000e+03	  4,64051e-02	 -3,59753e-03
4428	  8,8540000000e+03	  4,26715e-02	 -6,60798e-03
4429	  8,8560000000e+03	  4,29207e-02	 -8,09808e-03
4430	  8,8580000000e+03	  4,71912e-02	 -8,64011e-03
4431	  8,8600000000e+03	  4,56162e-02	 -9,88469e-03
4432	  8,8620000000e+03	  4,88191e-02	 -8,62115e-03
4433	  8,8640000000e+03	  4,75944e-02	 -7,09792e-03
4434	  8,8660000000e+03	  4,67786e-02	 -9,33498e-03
4435	  8,8680000000e+03	  4,67385e-02	 -1,26053e-02
4436	  8,8700000000e+03	  4,77881e-02	 -1,31996e-02
4437	  8,8720000000e+03	  4,90537e-02	 -1,21028e-02
4438	  8,8740000000e+03	  5,03263e-02	 -1,61060e-02
4439	  8,8760000000e+03	  5,03503e-02	 -1,83563e-02
4440	  8,8780000000e+03	  5,16674e-02	 -1,63740e-02
4441	  8,8800000000e+03	  5,07249e-02	 -2,11498e-02
4442	  8,8820000000e+03	  4,70885e-02	 -2,30201e-02
4443	  8,8840000000e+03	  4,82852e-02	 -2,46966e-02
4444	  8,8860000000e+03	  4,55281e-02	 -2,74758e-02
4445	  8,8880000000e+03	  4,56919e-02	 -2,88296e-02
4446	  8,8900000000e+03	  4,77578e-02	 -3,19717e-02
4447	  8,8920000000e+03	  4,87216e-02	 -3,34324e-02
4448	  8,8940000000e+03	  4,81455e-02	 -2,96875e-02
4449	  8,8960000000e+03	  4,86423e-02	 -2,88433e-02
4450	  8,8980000000e+03	  4,77281e-02	 -3,15672e-02
4451	  8,9000000000e+03	  4,93963e-02	 -3,30318e-02
4452	  8,9020000000e+03	  4,87541e-02	 -3,43539e-02
4453	  8,9040000000e+03	  4,47858e-02	 -3,83809e-02
4454	  8,9060000000e+03	  4,14255e-02	 -3,70429e-02
4455	  8,9080000000e+03	  4,27378e-02	 -3,82740e-02
4456	  8,9100000000e+03	  4,02720e-02	 -3,98808e-02
4457	  8,9120000000e+03	  4,31418e-02	 -4,00043e-02
4458	  8,9140000000e+03	  4,52419e-02	 -4,45956e-02
4459	  8,9160000000e+03	  4,23012e-02	 -4,85390e-02
4460	  8,9180000000e+03	  4,09381e-02	 -4,46311e-02
4461	  8,9200000000e+03	  4,10891e-02	 -4,61680e-02
4462	  8,9220000000e+03	  4,33160e-02	 -5,07742e-02
4463	  8,9240000000e+03	  4,24041e-02	 -5,03967e-02
4464	  8,9260000000e+03	  3,85899e-02	 -4,88474e-02
4465	  8,9280000000e+03	  3,40519e-02	 -5,21727e-02
4466	  8,9300000000e+03	  3,33971e-02	 -5,55941e-02
4467	  8,9320000000e+03	  3,12861e-02	 -5,66743e-02
4468	  8,9340000000e+03	  3,36750e-02	 -5,70095e-02
4469	  8,9360000000e+03	  3,45626e-02	 -5,84590e-02
4470	  8,9380000000e+03	  3,19122e-02	 -6,12704e-02
4471	  8,9400000000e+03	  3,11453e-02	 -6,19703e-02
4472	  8,9420000000e+03	  2,88644e-02	 -5,84022e-02
4473	  8,9440000000e+03	  2,74591e-02	 -5,88437e-02
4474	  8,9460000000e+03	  2,57946e-02	 -6,27012e-02
4475	  8,9480000000e+03	  2,43040e-02	 -6,19346e-02
4476	  8,9500000000e+03	  2,39983e-02	 -6,08034e-02
4477	  8,9520000000e+03	  2,31136e-02	 -6,08646e-02
4478	  8,9540000000e+03	  1,96537e-02	 -6,42963e-02
4479	  8,9560000000e+03	  1,82483e-02	 -6,53406e-02
4480	  8,9580000000e+03	  1,80266e-02	 -6,33809e-02
4481	  8,9600000000e+03	  2,00625e-02	 -6,34656e-02
4482	  8,9620000000e+03	  1,69371e-02	 -6,56517e-02
4483	  8,9640000000e+03	  1,55299e-02	 -6,44438e-02
4484	  8,9660000000e+03	  1,41495e-02	 -6,35568e-02
4485	  8,9680000000e+03	  1,30589e-02	 -6,32592e-02
4486	  8,9700000000e+03	  6,79396e-03	 -6,58335e-02
4487	  8,9720000000e+03	  8,37818e-03	 -6,55901e-02
4488	  8,9740000000e+03	  1,09236e-02	 -6,55850e-02
4489	  8,9760000000e+03	  1,00488e-02	 -6,77926e-02
4490	  8,9780000000e+03	  8,04260e-03	 -7,05906e-02
4491	  8,9800000000e+03	  6,09414e-03	 -7,04389e-02
4492	  8,9820000000e+03	  3,73248e-03	 -7,15285e-02
4493	  8,9840000000e+03	  2,97973e-03	 -7,16883e-02
4494	  8,9860000000e+03	  1,67542e-03	 -7,13182e-02
4495	  8,9880000000e+03	 -1,44841e-04	 -6,89794e-02
4496	  8,9900000000e+03	 -2,43030e-03	 -6,91603e-02
4497	  8,9920000000e+03	 -3,71707e-03	 -7,06961e-02
4498	  8,9940000000e+03	 -6,20554e-03	 -7,14746e-02
4499	  8,9960000000e+03	 -9,68090e-03	 -6,99960e-02
4500	  8,9980000000e+03	 -6,60114e-03	 -6,87632e-02
4501	  9,0000000000e+03	 -8,15283e-03	 -6,71807e-02
4502	  9,0020000000e+03	 -1,34804e-02	 -7,06814e-02
4503	  9,0040000000e+03	 -1,26326e-02	 -6,97602e-02
4504	  9,0060000000e+03	 -1,28757e-02	 -6,71312e-02
4505	  9,0080000000e+03	 -1,52188e-02	 -6,57686e-02
4506	  9,0100000000e+03	 -1,67989e-02	 -6,73863e-02
4507	  9,0120000000e+03	 -1,94169e-02	 -6,74522e-02
4508	  9,0140000000e+03	 -1,48822e-02	 -6,28780e-02
4509	  9,0160000000e+03	 -1,59293e-02	 -6,23177e-02
4510	  9,0180000000e+03	 -1,87581e-02	 -6,66354e-02
4511	  9,0200000000e+03	 -2,33085e-02	 -6,42306e-02
4512	  9,0220000000e+03	 -2,25083e-02	 -6,25659e-02
4513	  9,0240000000e+03	 -2,11707e-02	 -6,40627e-02
4514	  9,0260000000e+03	 -2,26855e-02	 -6,32893e-02
4515	  9,0280000000e+03	 -2,33571e-02	 -6,39409e-02
4516	  9,0300000000e+03	 -2,44751e-02	 -6,56589e-02
4517	  9,0320000000e+03	 -2,60388e-02	 -6,33670e-02
4518	  9,0340000000e+03	 -2,77025e-02	 -6,23505e-02
4519	  9,0360000000e+03	 -2,99859e-02	 -6,21042e-02
4520	  9,0380000000e+03	 -3,17658e-02	 -5,99492e-02
4521	  9,0400000000e+03	 -3,40996e-02	 -6,08993e-02
4522	  9,0420000000e+03	 -3,11368e-02	 -6,05145e-02
4523	  9,0440000000e+03	 -3,01930e-02	 -6,27238e-02
4524	  9,0460000000e+03	 -3,56498e-02	 -6,12548e-02
4525	  9,0480000000e+03	 -3,58663e-02	 -5,72627e-02
4526	  9,0500000000e+03	 -3,36259e-02	 -5,97101e-02
4527	  9,0520000000e+03	 -3,60087e-02	 -6,06577e-02
4528	  9,0540000000e+03	 -3,83328e-02	 -5,80528e-02
4529	  9,0560000000e+03	 -3,78408e-02	 -5,79420e-02
4530	  9,0580000000e+03	 -4,03607e-02	 -5,80718e-02
4531	  9,0600000000e+03	 -4,22794e-02	 -5,62803e-02
4532	  9,0620000000e+03	 -3,99155e-02	 -5,39416e-02
4533	  9,0640000000e+03	 -3,88846e-02	 -5,19599e-02
4534	  9,0660000000e+03	 -4,45394e-02	 -5,38425e-02
4535	  9,0680000000e+03	 -4,62791e-02	 -5,51938e-02
4536	  9,0700000000e+03	 -4,62542e-02	 -5,52155e-02
4537	  9,0720000000e+03	 -4,58826e-02	 -5,27950e-02
4538	  9,0740000000e+03	 -4,70281e-02	 -5,25314e-02
4539	  9,0760000000e+03	 -4,73948e-02	 -5,22635e-02
4540	  9,0780000000e+03	 -4,57127e-02	 -5,36315e-02
4541	  9,0800000000e+03	 -4,67537e-02	 -5,34473e-02
4542	  9,0820000000e+03	 -4,78309e-02	 -5,04596e-02
4543	  9,0840000000e+03	 -5,18332e-02	 -4,73391e-02
4544	  9,0860000000e+03	 -5,09354e-02	 -4,86297e-02
4545	  9,0880000000e+03	 -4,92232e-02	 -4,84636e-02
4546	  9,0900000000e+03	 -5,12295e-02	 -4,66401e-02
4547	  9,0920000000e+03	 -5,45906e-02	 -4,23147e-02
4548	  9,0940000000e+03	 -4,97905e-02	 -4,08877e-02
4549	  9,0960000000e+03	 -4,99142e-02	 -4,13474e-02
4550	  9,0980000000e+03	 -5,45142e-02	 -4,30677e-02
4551	  9,1000000000e+03	 -5,80833e-02	 -4,43280e-02
4552	  9,1020000000e+03	 -5,65276e-02	 -4,37986e-02
4553	  9,1040000000e+03	 -5,55857e-02	 -4,38582e-02
4554	  9,1060000000e+03	 -5,76501e-02	 -4,15835e-02
4555	  9,1080000000e+03	 -5,78538e-02	 -4,09567e-02
4556	  9,1100000000e+03	 -5,74133e-02	 -3,91784e-02
4557	  9,1120000000e+03	 -5,83994e-02	 -3,76365e-02
4558	  9,1140000000e+03	 -6,09567e-02	 -3,72057e-02
4559	  9,1160000000e+03	 -5,99970e-02	 -3,85271e-02
4560	  9,1180000000e+03	 -5,90897e-02	 -3,58563e-02
4561	  9,1200000000e+03	 -6,19520e-02	 -3,61799e-02
4562	  9,1220000000e+03	 -6,29302e-02	 -3,63764e-02
4563	  9,1240000000e+03	 -6,48590e-02	 -3,57780e-02
4564	  9,1260000000e+03	 -6,22765e-02	 -3,29759e-02
4565	  9,1280000000e+03	 -6,39298e-02	 -3,17110e-02
4566	  9,1300000000e+03	 -6,71836e-02	 -2,85529e-02
4567	  9,1320000000e+03	 -6,64806e-02	 -2,52332e-02
4568	  9,1340000000e+03	 -6,44237e-02	 -2,82086e-02
4569	  9,1360000000e+03	 -6,47689e-02	 -2,70521e-02
4570	  9,1380000000e+03	 -6,65477e-02	 -2,45481e-02
4571	  9,1400000000e+03	 -7,01505e-02	 -2,54267e-02
4572	  9,1420000000e+03	 -7,09066e-02	 -2,56667e-02
4573	  9,1440000000e+03	 -6,86006e-02	 -2,20180e-02
4574	  9,1460000000e+03	 -6,87300e-02	 -1,89268e-02
4575	  9,1480000000e+03	 -6,92676e-02	 -1,76824e-02
4576	  9,1500000000e+03	 -6,78609e-02	 -1,61509e-02
4577	  9,1520000000e+03	 -6,85133e-02	 -1,46830e-02
4578	  9,1540000000e+03	 -7,02294e-02	 -1,52212e-02
4579	  9,1560000000e+03	 -7,08862e-02	 -1,70251e-02
4580	  9,1580000000e+03	 -7,10705e-02	 -1,65109e-02
4581	  9,1600000000e+03	 -7,18711e-02	 -1,11145e-02
4582	  9,1620000000e+03	 -7,52129e-02	 -6,35160e-03
4583	  9,1640000000e+03	 -7,38519e-02	 -5,72762e-03
4584	  9,1660000000e+03	 -7,04146e-02	 -6,29418e-03
4585	  9,1680000000e+03	 -7,15941e-02	 -4,67045e-03
4586	  9,1700000000e+03	 -7,30522e-02	 -1,82008e-03
4587	  9,1720000000e+03	 -7,23289e-02	  1,64835e-04
4588	  9,1740000000e+03	 -7,14900e-02	 -6,82183e-04
4589	  9,1760000000e+03	 -6,88501e-02	 -1,87480e-03
4590	  9,1780000000e+03	 -7,01351e-02	 -2,18248e-03
4591	  9,1800000000e+03	 -7,04531e-02	 -8,31871e-04
4592	  9,1820000000e+03	 -6,86148e-02	 -3,33618e-03
4593	  9,1840000000e+03	 -6,69407e-02	 -1,92058e-04
4594	  9,1860000000e+03	 -7,08608e-02	  5,07319e-03
4595	  9,1880000000e+03	 -7,15812e-02	  6,49329e-03
4596	  9,1900000000e+03	 -6,92864e-02	  8,27813e-03
4597	  9,1920000000e+03	 -6,68745e-02	  8,50174e-03
4598	  9,1940000000e+03	 -6,99081e-02	  1,33668e-02
4599	  9,1960000000e+03	 -6,94368e-02	  1,21292e-02
4600	  9,1980000000e+03	 -6,84925e-02	  1,24014e-02
4601	  9,2000000000e+03	 -6,85125e-02	  1,29834e-02
4602	  9,2020000000e+03	 -6,66264e-02	  1,45074e-02
4603	  9,2040000000e+03	 -6,29790e-02	  1,71559e-02
4604	  9,2060000000e+03	 -6,50112e-02	  1,67464e-02
4605	  9,2080000000e+03	 -6,51144e-02	  1,72414e-02
4606	  9,2100000000e+03	 -6,44259e-02	  1,77852e-02
4607	  9,2120000000e+03	 -6,44648e-02	  1,86526e-02
4608	  9,2140000000e+03	 -6,52212e-02	  2,15570e-02
4609	  9,2160000000e+03	 -6,04338e-02	  2,30036e-02
4610	  9,2180000000e+03	 -5,89885e-02	  2,47380e-02
4611	  9,2200000000e+03	 -5,73774e-02	  2,51597e-02
4612	  9,2220000000e+03	 -5,59280e-02	  2,59429e-02
4613	  9,2240000000e+03	 -5,67320e-02	  2,55830e-02
4614	  9,2260000000e+03	 -5,55433e-02	  2,71093e-02
4615	  9,2280000000e+03	 -5,58115e-02	  2,67764e-02
4616	  9,2300000000e+03	 -5,53237e-02	  2,86271e-02
4617	  9,2320000000e+03	 -5,20539e-02	  2,90907e-02
4618	  9,2340000000e+03	 -5,20221e-02	  3,03243e-02
4619	  9,2360000000e+03	 -5,32919e-02	  2,66501e-02
4620	  9,2380000000e+03	 -5,13249e-02	  2,82129e-02
4621	  9,2400000000e+03	 -5,00512e-02	  2,85961e-02
4622	  9,2420000000e+03	 -4,69978e-02	  2,78330e-02
4623	  9,2440000000e+03	 -4,85894e-02	  2,93327e-02
4624	  9,2460000000e+03	 -4,98297e-02	  3,40968e-02
4625	  9,2480000000e+03	 -4,79224e-02	  3,20535e-02
4626	  9,2500000000e+03	 -4,75188e-02	  3,11924e-02
4627	  9,2520000000e+03	 -4,60428e-02	  3,11114e-02
4628	  9,2540000000e+03	 -4,20738e-02	  3,33233e-02
4629	  9,2560000000e+03	 -4,10021e-02	  3,40171e-02
4630	  9,2580000000e+03	 -4,37597e-02	  3,15228e-02
4631	  9,2600000000e+03	 -4,44817e-02	  3,20201e-02
4632	  9,2620000000e+03	 -4,27885e-02	  3,23962e-02
4633	  9,2640000000e+03	 -4,43791e-02	  3,06968e-02
4634	  9,2660000000e+03	 -4,08938e-02	  3,09031e-02
4635	  9,2680000000e+03	 -4,06884e-02	  3,24792e-02
4636	  9,2700000000e+03	 -4,48270e-02	  3,33387e-02
4637	  9,2720000000e+03	 -4,13019e-02	  3,28891e-02
4638	  9,2740000000e+03	 -3,98111e-02	  3,54476e-02
4639	  9,2760000000e+03	 -3,91742e-02	  3,62217e-02
4640	  9,2780000000e+03	 -3,90989e-02	  3,62498e-02
4641	  9,2800000000e+03	 -3,41677e-02	  3,40159e-02
4642	  9,2820000000e+03	 -3,21289e-02	  3,44263e-02
4643	  9,2840000000e+03	 -3,35001e-02	  3,61778e-02
4644	  9,2860000000e+03	 -3,29458e-02	  3,58687e-02
4645	  9,2880000000e+03	 -3,13829e-02	  3,40361e-02
4646	  9,2900000000e+03	 -2,94488e-02	  3,48057e-02
4647	  9,2920000000e+03	 -3,08519e-02	  3,69645e-02
4648	  9,2940000000e+03	 -2,89022e-02	  4,03869e-02
4649	  9,2960000000e+03	 -2,91843e-02	  3,76594e-02
4650	  9,2980000000e+03	 -2,94109e-02	  3,70245e-02
4651	  9,3000000000e+03	 -2,95699e-02	  3,52789e-02
4652	  9,3020000000e+03	 -2,90058e-02	  3,63870e-02
4653	  9,3040000000e+03	 -2,62854e-02	  3,73042e-02
4654	  9,3060000000e+03	 -2,59006e-02	  3,70031e-02
4655	  9,3080000000e+03	 -2,33165e-02	  3,64010e-02
4656	  9,3100000000e+03	 -2,25077e-02	  3,67667e-02
4657	  9,3120000000e+03	 -2,33953e-02	  3,70247e-02
4658	  9,3140000000e+03	 -2,23753e-02	  3,35586e-02
4659	  9,3160000000e+03	 -2,19955e-02	  3,42344e-02
4660	  9,3180000000e+03	 -2,43441e-02	  3,26801e-02
4661	  9,3200000000e+03	 -2,45656e-02	  3,07232e-02
4662	  9,3220000000e+03	 -2,28865e-02	  2,93985e-02
4663	  9,3240000000e+03	 -2,17357e-02	  2,86303e-02
4664	  9,3260000000e+03	 -2,06978e-02	  2,89731e-02
4665	  9,3280000000e+03	 -1,93147e-02	  3,10340e-02
4666	  9,3300000000e+03	 -2,03899e-02	  2,85315e-02
4667	  9,3320000000e+03	 -2,00890e-02	  2,76519e-02
4668	  9,3340000000e+03	 -1,93070e-02	  3,16634e-02
4669	  9,3360000000e+03	 -1,86405e-02	  3,02328e-02
4670	  9,3380000000e+03	 -2,10939e-02	  2,94734e-02
4671	  9,3400000000e+03	 -2,28062e-02	  2,83857e-02
4672	  9,3420000000e+03	 -2,03550e-02	  2,92935e-02
4673	  9,3440000000e+03	 -2,24277e-02	  3,04061e-02
4674	  9,3460000000e+03	 -2,44744e-02	  3,03721e-02
4675	  9,3480000000e+03	 -2,20843e-02	  2,99579e-02
4676	  9,3500000000e+03	 -2,11131e-02	  2,95046e-02
4677	  9,3520000000e+03	 -2,20980e-02	  2,81798e-02
4678	  9,3540000000e+03	 -1,84874e-02	  2,66905e-02
4679	  9,3560000000e+03	 -1,91049e-02	  2,48090e-02
4680	  9,3580000000e+03	 -1,87517e-02	  2,54891e-02
4681	  9,3600000000e+03	 -1,88706e-02	  2,68585e-02
4682	  9,3620000000e+03	 -1,91071e-02	  2,80697e-02
4683	  9,3640000000e+03	 -1,99297e-02	  2,76178e-02
4684	  9,3660000000e+03	 -2,31496e-02	  2,82541e-02
4685	  9,3680000000e+03	 -2,18952e-02	  2,98144e-02
4686	  9,3700000000e+03	 -2,13533e-02	  2,72337e-02
4687	  9,3720000000e+03	 -2,20848e-02	  2,65224e-02
4688	  9,3740000000e+03	 -2,27157e-02	  2,36815e-02
4689	  9,3760000000e+03	 -1,99151e-02	  2,64208e-02
4690	  9,3780000000e+03	 -2,10760e-02	  2,87628e-02
4691	  9,3800000000e+03	 -2,15768e-02	  2,83273e-02
4692	  9,3820000000e+03	 -1,95927e-02	  2,87684e-02
4693	  9,3840000000e+03	 -2,25795e-02	  2,92625e-02
4694	  9,3860000000e+03	 -2,73809e-02	  2,78404e-02
4695	  9,3880000000e+03	 -2,48344e-02	  2,28393e-02
4696	  9,3900000000e+03	 -2,36681e-02	  2,36480e-02
4697	  9,3920000000e+03	 -2,52346e-02	  2,38827e-02
4698	  9,3940000000e+03	 -2,70520e-02	  2,17431e-02
4699	  9,3960000000e+03	 -2,67796e-02	  2,40467e-02
4700	  9,3980000000e+03	 -2,63242e-02	  2,77042e-02
4701	  9,4000000000e+03	 -2,64438e-02	  2,65188e-02
4702	  9,4020000000e+03	 -2,54432e-02	  2,45988e-02
4703	  9,4040000000e+03	 -2,47452e-02	  2,51774e-02
4704	  9,4060000000e+03	 -2,83910e-02	  2,92052e-02
4705	  9,4080000000e+03	 -2,90416e-02	  3,29951e-02
4706	  9,4100000000e+03	 -2,79147e-02	  3,08745e-02
4707	  9,4120000000e+03	 -2,85114e-02	  2,90324e-02
4708	  9,4140000000e+03	 -2,76173e-02	  2,79625e-02
4709	  9,4160000000e+03	 -2,53619e-02	  2,94364e-02
4710	  9,4180000000e+03	 -2,83968e-02	  3,36121e-02
4711	  9,4200000000e+03	 -3,01414e-02	  3,40906e-02
4712	  9,4220000000e+03	 -3,04969e-02	  2,97654e-02
4713	  9,4240000000e+03	 -3,04825e-02	  3,05563e-02
4714	  9,4260000000e+03	 -2,87760e-02	  3,29009e-02
4715	  9,4280000000e+03	 -2,76351e-02	  3,44099e-02
4716	  9,4300000000e+03	 -2,92355e-02	  3,63033e-02
4717	  9,4320000000e+03	 -2,64065e-02	  3,53513e-02
4718	  9,4340000000e+03	 -2,42895e-02	  3,53239e-02
4719	  9,4360000000e+03	 -2,55192e-02	  4,10619e-02
4720	  9,4380000000e+03	 -2,69776e-02	  4,00951e-02
4721	  9,4400000000e+03	 -2,55592e-02	  3,93303e-02
4722	  9,4420000000e+03	 -2,81585e-02	  4,02872e-02
4723	  9,4440000000e+03	 -3,00562e-02	  4,29747e-02
4724	  9,4460000000e+03	 -2,80964e-02	  4,65805e-02
4725	  9,4480000000e+03	 -2,52264e-02	  4,36085e-02
4726	  9,4500000000e+03	 -2,95343e-02	  4,36092e-02
4727	  9,4520000000e+03	 -2,75118e-02	  4,46094e-02
4728	  9,4540000000e+03	 -2,46243e-02	  4,57344e-02
4729	  9,4560000000e+03	 -2,46083e-02	  4,54392e-02
4730	  9,4580000000e+03	 -2,47287e-02	  4,69912e-02
4731	  9,4600000000e+03	 -2,20522e-02	  4,78895e-02
4732	  9,4620000000e+03	 -2,19899e-02	  4,88361e-02
4733	  9,4640000000e+03	 -2,17456e-02	  4,76390e-02
4734	  9,4660000000e+03	 -1,87185e-02	  4,50987e-02
4735	  9,4680000000e+03	 -1,97013e-02	  4,41283e-02
4736	  9,4700000000e+03	 -2,04172e-02	  4,65157e-02
4737	  9,4720000000e+03	 -2,21148e-02	  5,15974e-02
4738	  9,4740000000e+03	 -2,00242e-02	  5,42904e-02
4739	  9,4760000000e+03	 -1,82255e-02	  4,97469e-02
4740	  9,4780000000e+03	 -1,82779e-02	  4,75525e-02
4741	  9,4800000000e+03	 -1,89211e-02	  5,08391e-02
4742	  9,4820000000e+03	 -1,90943e-02	  5,19014e-02
4743	  9,4840000000e+03	 -1,80843e-02	  5,37277e-02
4744	  9,4860000000e+03	 -1,90496e-02	  5,54153e-02
4745	  9,4880000000e+03	 -1,88694e-02	  5,42902e-02
4746	  9,4900000000e+03	 -1,78093e-02	  5,42966e-02
4747	  9,4920000000e+03	 -1,44027e-02	  5,73556e-02
4748	  9,4940000000e+03	 -1,36918e-02	  5,67987e-02
4749	  9,4960000000e+03	 -1,59757e-02	  5,77342e-02
4750	  9,4980000000e+03	 -1,53920e-02	  6,01624e-02
4751	  9,5000000000e+03	 -1,46524e-02	  6,09754e-02
4752	  9,5020000000e+03	 -1,35635e-02	  5,98832e-02
4753	  9,5040000000e+03	 -1,27754e-02	  5,94886e-02
4754	  9,5060000000e+03	 -1,25075e-02	  6,00170e-02
4755	  9,5080000000e+03	 -1,07022e-02	  6,30111e-02
4756	  9,5100000000e+03	 -6,49215e-03	  6,14763e-02
4757	  9,5120000000e+03	 -5,43442e-03	  6,13318e-02
4758	  9,5140000000e+03	 -6,71140e-03	  6,32116e-02
4759	  9,5160000000e+03	 -6,95173e-03	  6,49168e-02
4760	  9,5180000000e+03	 -3,60479e-03	  6,37221e-02
4761	  9,5200000000e+03	 -1,13955e-03	  6,70364e-02
4762	  9,5220000000e+03	  5,83380e-04	  6,35605e-02
4763	  9,5240000000e+03	  7,17235e-04	  6,20430e-02
4764	  9,5260000000e+03	  5,79217e-04	  6,28325e-02
4765	  9,5280000000e+03	  2,02011e-03	  6,50673e-02
4766	  9,5300000000e+03	  5,90058e-04	  6,46281e-02
4767	  9,5320000000e+03	  2,60850e-03	  6,39828e-02
4768	  9,5340000000e+03	  3,95893e-03	  6,31394e-02
4769	  9,5360000000e+03	  6,18144e-03	  6,36475e-02
4770	  9,5380000000e+03	  8,11357e-03	  6,81524e-02
4771	  9,5400000000e+03	  7,84081e-03	  6,62226e-02
4772	  9,5420000000e+03	  5,14458e-03	  6,39754e-02
4773	  9,5440000000e+03	  5,63979e-03	  6,58019e-02
4774	  9,5460000000e+03	  8,99718e-03	  6,60112e-02
4775	  9,5480000000e+03	  1,04608e-02	  6,76796e-02
4776	  9,5500000000e+03	  1,18701e-02	  6,88392e-02
4777	  9,5520000000e+03	  1,27006e-02	  6,84576e-02
4778	  9,5540000000e+03	  1,20008e-02	  6,76559e-02
4779	  9,5560000000e+03	  1,59477e-02	  6,91413e-02
4780	  9,5580000000e+03	  1,78519e-02	  6,92829e-02
4781	  9,5600000000e+03	  2,31911e-02	  6,99019e-02
4782	  9,5620000000e+03	  2,26734e-02	  6,77317e-02
4783	  9,5640000000e+03	  2,19110e-02	  6,88061e-02
4784	  9,5660000000e+03	  2,41696e-02	  6,84213e-02
4785	  9,5680000000e+03	  2,19630e-02	  6,92261e-02
4786	  9,5700000000e+03	  2,22925e-02	  6,88903e-02
4787	  9,5720000000e+03	  2,39455e-02	  6,84717e-02
4788	  9,5740000000e+03	  2,66537e-02	  6,99246e-02
4789	  9,5760000000e+03	  2,77752e-02	  6,66065e-02
4790	  9,5780000000e+03	  3,18533e-02	  6,74424e-02
4791	  9,5800000000e+03	  3,51743e-02	  6,76822e-02
4792	  9,5820000000e+03	  3,77868e-02	  6,85995e-02
4793	  9,5840000000e+03	  3,99281e-02	  6,74496e-02
4794	  9,5860000000e+03	  3,76565e-02	  6,82272e-02
4795	  9,5880000000e+03	  3,51809e-02	  6,64692e-02
4796	  9,5900000000e+03	  3,89566e-02	  6,39209e-02
4797	  9,5920000000e+03	  4,26092e-02	  6,31384e-02
4798	  9,5940000000e+03	  4,50920e-02	  6,44620e-02
4799	  9,5960000000e+03	  4,58373e-02	  6,61125e-02
4800	  9,5980000000e+03	  4,32937e-02	  6,38942e-02
4801	  9,6000000000e+03	  4,30335e-02	  6,05793e-02
4802	  9,6020000000e+03	  4,71485e-02	  5,86936e-02
4803	  9,6040000000e+03	  4,94524e-02	  5,67964e-02
4804	  9,6060000000e+03	  4,94889e-02	  5,27393e-02
4805	  9,6080000000e+03	  5,19676e-02	  5,28560e-02
4806	  9,6100000000e+03	  5,42301e-02	  5,39071e-02
4807	  9,6120000000e+03	  5,61622e-02	  5,53269e-02
4808	  9,6140000000e+03	  5,90188e-02	  5,05822e-02
4809	  9,6160000000e+03	  5,83453e-02	  4,79794e-02
4810	  9,6180000000e+03	  5,74855e-02	  5,10135e-02
4811	  9,6200000000e+03	  5,87617e-02	  5,18238e-02
4812	  9,6220000000e+03	  6,09920e-02	  4,89354e-02
4813	  9,6240000000e+03	  5,87351e-02	  4,63281e-02
4814	  9,6260000000e+03	  5,93934e-02	  4,48642e-02
4815	  9,6280000000e+03	  6,07792e-02	  4,47380e-02
4816	  9,6300000000e+03	  6,30346e-02	  4,16227e-02
4817	  9,6320000000e+03	  6,37524e-02	  3,91981e-02
4818	  9,6340000000e+03	  6,44464e-02	  3,76187e-02
4819	  9,6360000000e+03	  6,55282e-02	  3,83755e-02
4820	  9,6380000000e+03	  6,52521e-02	  3,80091e-02
4821	  9,6400000000e+03	  6,51444e-02	  3,70609e-02
4822	  9,6420000000e+03	  6,67042e-02	  3,51866e-02
4823	  9,6440000000e+03	  6,67868e-02	  3,34896e-02
4824	  9,6460000000e+03	  6,73632e-02	  2,95337e-02
4825	  9,6480000000e+03	  6,65801e-02	  2,80327e-02
4826	  9,6500000000e+03	  6,75366e-02	  3,02351e-02
4827	  9,6520000000e+03	  6,96023e-02	  2,93364e-02
4828	  9,6540000000e+03	  7,30445e-02	  2,52820e-02
4829	  9,6560000000e+03	  7,37209e-02	  2,06806e-02
4830	  9,6580000000e+03	  7,43068e-02	  2,33142e-02
4831	  9,6600000000e+03	  7,41108e-02	  2,33315e-02
4832	  9,6620000000e+03	  7,07811e-02	  2,31690e-02
4833	  9,6640000000e+03	  7,15507e-02	  1,83587e-02
4834	  9,6660000000e+03	  7,29329e-02	  1,71614e-02
4835	  9,6680000000e+03	  7,47496e-02	  1,87293e-02
4836	  9,6700000000e+03	  7,35161e-02	  1,50442e-02
4837	  9,6720000000e+03	  7,14418e-02	  1,43523e-02
4838	  9,6740000000e+03	  7,24980e-02	  1,10680e-02
4839	  9,6760000000e+03	  7,29820e-02	  8,18393e-03
4840	  9,6780000000e+03	  7,07430e-02	  6,07156e-03
4841	  9,6800000000e+03	  7,03212e-02	  4,81111e-03
4842	  9,6820000000e+03	  7,14409e-02	  1,67362e-03
4843	  9,6840000000e+03	  7,37867e-02	 -2,25020e-03
4844	  9,6860000000e+03	  7,30171e-02	 -6,80689e-04
4845	  9,6880000000e+03	  7,02643e-02	 -3,84094e-04
4846	  9,6900000000e+03	  7,09163e-02	 -5,19220e-03
4847	  9,6920000000e+03	  7,14053e-02	 -4,79815e-03
4848	  9,6940000000e+03	  7,36883e-02	 -1,06132e-03
4849	  9,6960000000e+03	  7,37985e-02	 -3,57468e-03
4850	  9,6980000000e+03	  7,17329e-02	 -7,98411e-03
4851	  9,7000000000e+03	  7,05392e-02	 -1,24900e-02
4852	  9,7020000000e+03	  6,64033e-02	 -1,38018e-02
4853	  9,7040000000e+03	  6,87475e-02	 -1,72269e-02
4854	  9,7060000000e+03	  7,01341e-02	 -1,52457e-02
4855	  9,7080000000e+03	  6,97251e-02	 -1,61193e-02
4856	  9,7100000000e+03	  6,81371e-02	 -2,13908e-02
4857	  9,7120000000e+03	  6,38372e-02	 -2,21922e-02
4858	  9,7140000000e+03	  6,46241e-02	 -2,27167e-02
4859	  9,7160000000e+03	  6,54631e-02	 -2,40783e-02
4860	  9,7180000000e+03	  5,86653e-02	 -2,43000e-02
4861	  9,7200000000e+03	  5,73675e-02	 -2,58316e-02
4862	  9,7220000000e+03	  5,77578e-02	 -2,49979e-02
4863	  9,7240000000e+03	  5,74303e-02	 -2,46394e-02
4864	  9,7260000000e+03	  5,56800e-02	 -2,79176e-02
4865	  9,7280000000e+03	  5,58409e-02	 -3,05279e-02
4866	  9,7300000000e+03	  5,50260e-02	 -3,44457e-02
4867	  9,7320000000e+03	  5,44146e-02	 -3,61856e-02
4868	  9,7340000000e+03	  5,33427e-02	 -3,65289e-02
4869	  9,7360000000e+03	  5,38428e-02	 -3,49399e-02
4870	  9,7380000000e+03	  5,28297e-02	 -3,40875e-02
4871	  9,7400000000e+03	  5,08044e-02	 -3,85232e-02
4872	  9,7420000000e+03	  4,76673e-02	 -3,76492e-02
4873	  9,7440000000e+03	  4,51177e-02	 -3,72874e-02
4874	  9,7460000000e+03	  4,52636e-02	 -3,86871e-02
4875	  9,7480000000e+03	  4,53286e-02	 -4,09125e-02
4876	  9,7500000000e+03	  4,30215e-02	 -4,13812e-02
4877	  9,7520000000e+03	  4,13725e-02	 -3,95113e-02
4878	  9,7540000000e+03	  3,93542e-02	 -3,86432e-02
4879	  9,7560000000e+03	  4,03549e-02	 -4,25896e-02
4880	  9,7580000000e+03	  4,12638e-02	 -4,45049e-02
4881	  9,7600000000e+03	  3,85304e-02	 -4,46674e-02
4882	  9,7620000000e+03	  3,65782e-02	 -4,50953e-02
4883	  9,7640000000e+03	  3,80189e-02	 -4,58878e-02
4884	  9,7660000000e+03	  3,30639e-02	 -4,79168e-02
4885	  9,7680000000e+03	  3,15144e-02	 -4,58675e-02
4886	  9,7700000000e+03	  3,22360e-02	 -4,72264e-02
4887	  9,7720000000e+03	  3,10178e-02	 -4,83304e-02
4888	  9,7740000000e+03	  2,91283e-02	 -4,77411e-02
4889	  9,7760000000e+03	  2,76897e-02	 -4,75557e-02
4890	  9,7780000000e+03	  2,59892e-02	 -5,07398e-02
4891	  9,7800000000e+03	  2,54113e-02	 -5,15091e-02
4892	  9,7820000000e+03	  2,30898e-02	 -4,85726e-02
4893	  9,7840000000e+03	  2,11684e-02	 -4,70560e-02
4894	  9,7860000000e+03	  1,67997e-02	 -4,82566e-02
4895	  9,7880000000e+03	  1,72198e-02	 -4,74358e-02
4896	  9,7900000000e+03	  1,29730e-02	 -4,76053e-02
4897	  9,7920000000e+03	  8,28452e-03	 -4,86784e-02
4898	  9,7940000000e+03	  7,35511e-03	 -5,01025e-02
4899	  9,7960000000e+03	  5,97986e-03	 -5,04229e-02
4900	  9,7980000000e+03	  5,98470e-03	 -5,20941e-02
4901	  9,8000000000e+03	  4,61178e-03	 -4,92670e-02
4902	  9,8020000000e+03	 -3,67153e-04	 -5,05913e-02
4903	  9,8040000000e+03	 -1,95811e-03	 -4,89234e-02
4904	  9,8060000000e+03	 -3,62263e-03	 -4,55681e-02
4905	  9,8080000000e+03	 -5,50356e-03	 -4,45423e-02
4906	  9,8100000000e+03	 -6,24273e-03	 -4,21988e-02
4907	  9,8120000000e+03	 -5,75112e-03	 -4,10648e-02
4908	  9,8140000000e+03	 -5,87027e-03	 -4,10763e-02
4909	  9,8160000000e+03	 -6,78418e-03	 -3,86084e-02
4910	  9,8180000000e+03	 -6,77958e-03	 -3,75156e-02
4911	  9,8200000000e+03	 -7,71309e-03	 -3,81091e-02
4912	  9,8220000000e+03	 -9,85087e-03	 -3,66261e-02
4913	  9,8240000000e+03	 -1,15415e-02	 -3,46821e-02
4914	  9,8260000000e+03	 -1,15457e-02	 -3,46836e-02
4915	  9,8280000000e+03	 -1,18663e-02	 -3,41682e-02
4916	  9,8300000000e+03	 -1,14913e-02	 -3,32583e-02
4917	  9,8320000000e+03	 -1,15519e-02	 -3,26588e-02
4918	  9,8340000000e+03	 -1,03097e-02	 -3,34163e-02
4919	  9,8360000000e+03	 -8,71633e-03	 -3,41616e-02
4920	  9,8380000000e+03	 -1,23922e-02	 -3,28197e-02
4921	  9,8400000000e+03	 -1,29900e-02	 -3,11869e-02
4922	  9,8420000000e+03	 -1,28148e-02	 -3,26266e-02
4923	  9,8440000000e+03	 -1,22896e-02	 -3,07914e-02
4924	  9,8460000000e+03	 -1,44791e-02	 -3,04961e-02
4925	  9,8480000000e+03	 -1,67260e-02	 -3,08754e-02
4926	  9,8500000000e+03	 -1,64428e-02	 -2,68487e-02
4927	  9,8520000000e+03	 -1,51329e-02	 -2,70733e-02
4928	  9,8540000000e+03	 -1,86149e-02	 -2,80641e-02
4929	  9,8560000000e+03	 -2,31033e-02	 -2,48215e-02
4930	  9,8580000000e+03	 -2,17328e-02	 -2,12614e-02
4931	  9,8600000000e+03	 -2,14850e-02	 -2,05097e-02
4932	  9,8620000000e+03	 -2,27455e-02	 -2,26315e-02
4933	  9,8640000000e+03	 -2,65312e-02	 -2,23936e-02
4934	  9,8660000000e+03	 -2,62803e-02	 -2,01342e-02
4935	  9,8680000000e+03	 -2,63214e-02	 -1,98373e-02
4936	  9,8700000000e+03	 -2,86203e-02	 -1,52587e-02
4937	  9,8720000000e+03	 -2,55360e-02	 -1,04360e-02
4938	  9,8740000000e+03	 -2,27174e-02	 -1,18220e-02
4939	  9,8760000000e+03	 -2,15391e-02	 -1,36716e-02
4940	  9,8780000000e+03	 -2,16523e-02	 -1,20329e-02
4941	  9,8800000000e+03	 -2,43297e-02	 -1,14311e-02
4942	  9,8820000000e+03	 -2,78760e-02	 -7,64784e-03
4943	  9,8840000000e+03	 -2,55687e-02	 -7,60489e-03
4944	  9,8860000000e+03	 -2,28368e-02	 -6,78230e-03
4945	  9,8880000000e+03	 -2,32507e-02	 -6,98571e-03
4946	  9,8900000000e+03	 -2,45647e-02	 -7,99240e-03
4947	  9,8920000000e+03	 -2,58579e-02	 -4,46691e-03
4948	  9,8940000000e+03	 -2,71303e-02	 -2,48803e-03
4949	  9,8960000000e+03	 -2,50228e-02	 -3,14850e-03
4950	  9,8980000000e+03	 -2,66239e-02	  3,49256e-04
4951	  9,9000000000e+03	 -2,39280e-02	  5,97800e-04
4952	  9,9020000000e+03	 -2,29715e-02	  1,36018e-03
4953	  9,9040000000e+03	 -2,69771e-02	  4,86928e-03
4954	  9,9060000000e+03	 -2,39239e-02	  2,44672e-03
4955	  9,9080000000e+03	 -2,40792e-02	  2,68518e-03
4956	  9,9100000000e+03	 -2,47382e-02	  4,93624e-03
4957	  9,9120000000e+03	 -2,41757e-02	  4,67422e-03
4958	  9,9140000000e+03	 -2,23798e-02	  5,53297e-03
4959	  9,9160000000e+03	 -2,26292e-02	  7,18691e-03
4960	  9,9180000000e+03	 -2,39627e-02	  7,64316e-03
4961	  9,9200000000e+03	 -2,41284e-02	  1,09187e-02
4962	  9,9220000000e+03	 -2,53092e-02	  1,15466e-02
4963	  9,9240000000e+03	 -2,54294e-02	  1,32402e-02
4964	  9,9260000000e+03	 -2,06616e-02	  1,19555e-02
4965	  9,9280000000e+03	 -1,81297e-02	  1,28986e-02
4966	  9,9300000000e+03	 -2,16564e-02	  1,44244e-02
4967	  9,9320000000e+03	 -2,37886e-02	  1,62492e-02
4968	  9,9340000000e+03	 -2,46543e-02	  1,48908e-02
4969	  9,9360000000e+03	 -2,07995e-02	  1,56397e-02
4970	  9,9380000000e+03	 -1,71301e-02	  1,80800e-02
4971	  9,9400000000e+03	 -1,75452e-02	  2,10780e-02
4972	  9,9420000000e+03	 -1,85443e-02	  2,18797e-02
4973	  9,9440000000e+03	 -1,74584e-02	  1,85069e-02
4974	  9,9460000000e+03	 -1,39571e-02	  2,03572e-02
4975	  9,9480000000e+03	 -1,50057e-02	  2,24611e-02
4976	  9,9500000000e+03	 -1,62341e-02	  1,94808e-02
4977	  9,9520000000e+03	 -1,60434e-02	  2,28268e-02
4978	  9,9540000000e+03	 -1,70370e-02	  2,29785e-02
4979	  9,9560000000e+03	 -1,48734e-02	  2,24220e-02
4980	  9,9580000000e+03	 -1,39348e-02	  2,36977e-02
4981	  9,9600000000e+03	 -1,11145e-02	  2,34073e-02
4982	  9,9620000000e+03	 -1,12948e-02	  2,28436e-02
4983	  9,9640000000e+03	 -1,07627e-02	  2,71967e-02
4984	  9,9660000000e+03	 -6,69670e-03	  2,71251e-02
4985	  9,9680000000e+03	 -9,02326e-03	  2,22573e-02
4986	  9,9700000000e+03	 -9,68726e-03	  2,71749e-02
4987	  9,9720000000e+03	 -6,33811e-03	  2,91078e-02
4988	  9,9740000000e+03	 -8,50683e-03	  2,79591e-02
4989	  9,9760000000e+03	 -7,27526e-03	  3,24610e-02
4990	  9,9780000000e+03	 -4,63456e-03	  3,20785e-02
4991	  9,9800000000e+03	 -6,99336e-03	  2,95286e-02
4992	  9,9820000000e+03	 -7,91677e-03	  3,31543e-02
4993	  9,9840000000e+03	 -4,63242e-03	  3,26870e-02
4994	  9,9860000000e+03	 -4,47144e-04	  3,42445e-02
4995	  9,9880000000e+03	  2,24259e-03	  3,41918e-02
4996	  9,9900000000e+03	  4,47999e-03	  3,31561e-02
4997	  9,9920000000e+03	  3,96232e-03	  3,72783e-02
4998	  9,9940000000e+03	  4,36083e-03	  3,80926e-02
4999	  9,9960000000e+03	  4,63197e-03	  3,32137e-02
5000	  9,9980000000e+03	  6,15232e-03	  3,02647e-02
5001	  1,0000000000e+04	  1,05771e-02	  3,30418e-02
5002	  1,0002000000e+04	  9,66669e-03	  3,43035e-02
5003	  1,0004000000e+04	  8,40780e-03	  3,21149e-02
5004	  1,0006000000e+04	  1,23490e-02	  3,17093e-02
5005	  1,0008000000e+04	  1,23016e-02	  3,30487e-02
5006	  1,0010000000e+04	  1,30880e-02	  3,25199e-02
5007	  1,0012000000e+04	  1,17733e-02	  3,08496e-02
5008	  1,0014000000e+04	  1,37193e-02	  3,13501e-02
5009	  1,0016000000e+04	  1,54561e-02	  3,01368e-02
5010	  1,0018000000e+04	  1,34081e-02	  3,12379e-02
5011	  1,0020000000e+04	  1,57557e-02	  3,13069e-02
5012	  1,0022000000e+04	  1,69985e-02	  2,99218e-02
5013	  1,0024000000e+04	  1,53197e-02	  2,98033e-02
5014	  1,0026000000e+04	  1,39888e-02	  3,19860e-02
5015	  1,0028000000e+04	  1,60241e-02	  2,89112e-02
5016	  1,0030000000e+04	  2,06074e-02	  2,81635e-02
5017	  1,0032000000e+04	  2,35228e-02	  2,98753e-02
5018	  1,0034000000e+04	  2,36232e-02	  2,98464e-02
5019	  1,0036000000e+04	  2,40142e-02	  2,89011e-02
5020	  1,0038000000e+04	  2,32481e-02	  2,92184e-02
5021	  1,0040000000e+04	  2,43603e-02	  2,75960e-02
5022	  1,0042000000e+04	  2,82250e-02	  2,56749e-02
5023	  1,0044000000e+04	  2,72781e-02	  3,05036e-02
5024	  1,0046000000e+04	  2,88236e-02	  3,11018e-02
5025	  1,0048000000e+04	  2,77473e-02	  2,80235e-02
5026	  1,0050000000e+04	  2,81657e-02	  2,72998e-02
5027	  1,0052000000e+04	  2,96847e-02	  2,74772e-02
5028	  1,0054000000e+04	  2,96826e-02	  2,51994e-02
5029	  1,0056000000e+04	  3,10495e-02	  2,43797e-02
5030	  1,0058000000e+04	  3,17798e-02	  2,57701e-02
5031	  1,0060000000e+04	  3,24469e-02	  2,50104e-02
5032	  1,0062000000e+04	  3,52448e-02	  2,40480e-02
5033	  1,0064000000e+04	  3,96092e-02	  2,61107e-02
5034	  1,0066000000e+04	  3,78458e-02	  2,46895e-02
5035	  1,0068000000e+04	  3,55556e-02	  2,02716e-02
5036	  1,0070000000e+04	  3,60874e-02	  1,64113e-02
5037	  1,0072000000e+04	  3,71100e-02	  1,62104e-02
5038	  1,0074000000e+04	  4,00405e-02	  1,84437e-02
5039	  1,0076000000e+04	  4,10784e-02	  1,86568e-02
5040	  1,0078000000e+04	  3,88369e-02	  1,38654e-02
5041	  1,0080000000e+04	  4,15193e-02	  1,30936e-02
5042	  1,0082000000e+04	  4,09821e-02	  1,23699e-02
5043	  1,0084000000e+04	  4,07256e-02	  1,20493e-02
5044	  1,0086000000e+04	  4,20834e-02	  1,28365e-02
5045	  1,0088000000e+04	  4,41421e-02	  1,32180e-02
5046	  1,0090000000e+04	  4,34473e-02	  1,33451e-02
5047	  1,0092000000e+04	  4,35083e-02	  1,48234e-02
5048	  1,0094000000e+04	  4,31586e-02	  1,20171e-02
5049	  1,0096000000e+04	  4,23592e-02	  9,13515e-03
5050	  1,0098000000e+04	  4,12745e-02	  8,67100e-03
5051	  1,0100000000e+04	  4,22828e-02	  7,16894e-03
5052	  1,0102000000e+04	  4,59566e-02	  9,18411e-03
5053	  1,0104000000e+04	  4,35631e-02	  8,61987e-03
5054	  1,0106000000e+04	  4,10166e-02	  5,65899e-03
5055	  1,0108000000e+04	  4,25186e-02	  4,23111e-03
5056	  1,0110000000e+04	  4,28294e-02	  4,46585e-03
5057	  1,0112000000e+04	  3,96610e-02	  1,37035e-03
5058	  1,0114000000e+04	  4,08175e-02	  4,36625e-03
5059	  1,0116000000e+04	  4,40057e-02	  4,08580e-03
5060	  1,0118000000e+04	  4,36471e-02	  1,70788e-03
5061	  1,0120000000e+04	  4,32745e-02	 -1,21218e-03
5062	  1,0122000000e+04	  4,20100e-02	 -2,57028e-03
5063	  1,0124000000e+04	  4,33780e-02	 -1,19078e-04
5064	  1,0126000000e+04	  4,36799e-02	  5,71635e-04
5065	  1,0128000000e+04	  4,35983e-02	 -6,74309e-03
5066	  1,0130000000e+04	  4,45185e-02	 -8,12006e-03
5067	  1,0132000000e+04	  4,43461e-02	 -6,37986e-03
5068	  1,0134000000e+04	  4,27753e-02	 -9,84950e-03
5069	  1,0136000000e+04	  4,07116e-02	 -9,24190e-03
5070	  1,0138000000e+04	  3,88610e-02	 -7,13887e-03
5071	  1,0140000000e+04	  3,73726e-02	 -1,19494e-02
5072	  1,0142000000e+04	  4,00395e-02	 -1,13515e-02
5073	  1,0144000000e+04	  4,06142e-02	 -1,02369e-02
5074	  1,0146000000e+04	  3,98209e-02	 -1,50369e-02
5075	  1,0148000000e+04	  3,85092e-02	 -1,28273e-02
5076	  1,0150000000e+04	  3,63029e-02	 -1,28811e-02
5077	  1,0152000000e+04	  3,93153e-02	 -1,24626e-02
5078	  1,0154000000e+04	  3,96307e-02	 -1,25291e-02
5079	  1,0156000000e+04	  4,04179e-02	 -9,84772e-03
5080	  1,0158000000e+04	  3,78791e-02	 -1,03678e-02
5081	  1,0160000000e+04	  3,83854e-02	 -1,29397e-02
5082	  1,0162000000e+04	  4,00145e-02	 -1,41816e-02
5083	  1,0164000000e+04	  4,13976e-02	 -1,48225e-02
5084	  1,0166000000e+04	  4,01804e-02	 -1,33352e-02
5085	  1,0168000000e+04	  3,97983e-02	 -1,43343e-02
5086	  1,0170000000e+04	  3,92662e-02	 -1,64777e-02
5087	  1,0172000000e+04	  3,81797e-02	 -1,82058e-02
5088	  1,0174000000e+04	  3,67380e-02	 -1,86402e-02
5089	  1,0176000000e+04	  4,08685e-02	 -2,01398e-02
5090	  1,0178000000e+04	  4,00885e-02	 -1,54717e-02
5091	  1,0180000000e+04	  3,92231e-02	 -1,81316e-02
5092	  1,0182000000e+04	  3,75485e-02	 -2,13073e-02
5093	  1,0184000000e+04	  3,62448e-02	 -2,16214e-02
5094	  1,0186000000e+04	  3,52476e-02	 -2,27211e-02
5095	  1,0188000000e+04	  3,54318e-02	 -1,86064e-02
5096	  1,0190000000e+04	  3,37534e-02	 -2,02791e-02
5097	  1,0192000000e+04	  3,13492e-02	 -2,22077e-02
5098	  1,0194000000e+04	  3,21317e-02	 -2,20308e-02
5099	  1,0196000000e+04	  3,39125e-02	 -2,48302e-02
5100	  1,0198000000e+04	  3,33282e-02	 -2,57843e-02
5101	  1,0200000000e+04	  3,56160e-02	 -2,55134e-02
5102	  1,0202000000e+04	  3,41303e-02	 -2,47632e-02
5103	  1,0204000000e+04	  3,17327e-02	 -2,60356e-02
5104	  1,0206000000e+04	  3,22940e-02	 -2,95196e-02
5105	  1,0208000000e+04	  3,21635e-02	 -3,16719e-02
5106	  1,0210000000e+04	  3,00223e-02	 -3,28487e-02
5107	  1,0212000000e+04	  3,08518e-02	 -3,01958e-02
5108	  1,0214000000e+04	  3,04624e-02	 -2,80892e-02
5109	  1,0216000000e+04	  2,86557e-02	 -2,84977e-02
5110	  1,0218000000e+04	  2,65918e-02	 -2,89105e-02
5111	  1,0220000000e+04	  2,60749e-02	 -2,87266e-02
5112	  1,0222000000e+04	  2,38889e-02	 -3,06957e-02
5113	  1,0224000000e+04	  2,09562e-02	 -2,73513e-02
5114	  1,0226000000e+04	  2,06228e-02	 -2,60906e-02
5115	  1,0228000000e+04	  2,20166e-02	 -2,93704e-02
5116	  1,0230000000e+04	  2,06643e-02	 -3,06091e-02
5117	  1,0232000000e+04	  1,69275e-02	 -2,81975e-02
5118	  1,0234000000e+04	  1,97271e-02	 -2,72205e-02
5119	  1,0236000000e+04	  2,11638e-02	 -2,94470e-02
5120	  1,0238000000e+04	  2,17581e-02	 -2,80492e-02
5121	  1,0240000000e+04	  2,18101e-02	 -2,78985e-02
5122	  1,0242000000e+04	  1,92897e-02	 -2,64624e-02
5123	  1,0244000000e+04	  1,77360e-02	 -2,56202e-02
5124	  1,0246000000e+04	  1,78896e-02	 -2,63570e-02
5125	  1,0248000000e+04	  1,66147e-02	 -2,34398e-02
5126	  1,0250000000e+04	  1,66781e-02	 -2,62479e-02
5127	  1,0252000000e+04	  1,68049e-02	 -2,61088e-02
5128	  1,0254000000e+04	  1,69716e-02	 -2,54504e-02
5129	  1,0256000000e+04	  1,57095e-02	 -2,51186e-02
5130	  1,0258000000e+04	  1,58321e-02	 -2,82865e-02
5131	  1,0260000000e+04	  1,47050e-02	 -2,43575e-02
5132	  1,0262000000e+04	  1,35859e-02	 -2,35300e-02
5133	  1,0264000000e+04	  1,47042e-02	 -2,60964e-02
5134	  1,0266000000e+04	  1,55195e-02	 -2,40442e-02
5135	  1,0268000000e+04	  1,50669e-02	 -2,38490e-02
5136	  1,0270000000e+04	  1,27273e-02	 -2,63816e-02
5137	  1,0272000000e+04	  1,01649e-02	 -2,69771e-02
5138	  1,0274000000e+04	  1,24948e-02	 -2,65021e-02
5139	  1,0276000000e+04	  1,17068e-02	 -2,63639e-02
5140	  1,0278000000e+04	  1,18431e-02	 -2,32278e-02
5141	  1,0280000000e+04	  1,32334e-02	 -2,34617e-02
5142	  1,0282000000e+04	  1,22662e-02	 -2,41520e-02
5143	  1,0284000000e+04	  1,18359e-02	 -2,52982e-02
5144	  1,0286000000e+04	  1,32109e-02	 -2,41468e-02
5145	  1,0288000000e+04	  1,11763e-02	 -1,95117e-02
5146	  1,0290000000e+04	  1,11935e-02	 -2,16200e-02
5147	  1,0292000000e+04	  1,13581e-02	 -2,47922e-02
5148	  1,0294000000e+04	  1,40352e-02	 -2,66731e-02
5149	  1,0296000000e+04	  1,40220e-02	 -2,53686e-02
5150	  1,0298000000e+04	  1,34638e-02	 -2,36372e-02
5151	  1,0300000000e+04	  1,47702e-02	 -2,29786e-02
5152	  1,0302000000e+04	  9,97365e-03	 -2,03238e-02
5153	  1,0304000000e+04	  9,99710e-03	 -2,14997e-02
5154	  1,0306000000e+04	  9,51415e-03	 -2,07962e-02
5155	  1,0308000000e+04	  9,64816e-03	 -1,98771e-02
5156	  1,0310000000e+04	  1,01039e-02	 -1,96140e-02
5157	  1,0312000000e+04	  9,81257e-03	 -1,71045e-02
5158	  1,0314000000e+04	  8,99192e-03	 -1,71919e-02
5159	  1,0316000000e+04	  9,87620e-03	 -1,51956e-02
5160	  1,0318000000e+04	  1,06854e-02	 -1,58284e-02
5161	  1,0320000000e+04	  1,15536e-02	 -1,55699e-02
5162	  1,0322000000e+04	  1,29399e-02	 -1,67235e-02
5163	  1,0324000000e+04	  1,28925e-02	 -1,69731e-02
5164	  1,0326000000e+04	  1,36422e-02	 -1,66312e-02
5165	  1,0328000000e+04	  1,47144e-02	 -1,58801e-02
5166	  1,0330000000e+04	  1,63464e-02	 -1,82866e-02
5167	  1,0332000000e+04	  1,51142e-02	 -1,86228e-02
5168	  1,0334000000e+04	  1,44555e-02	 -1,86974e-02
5169	  1,0336000000e+04	  1,37738e-02	 -1,50396e-02
5170	  1,0338000000e+04	  1,17068e-02	 -1,42554e-02
5171	  1,0340000000e+04	  1,31719e-02	 -1,47879e-02
5172	  1,0342000000e+04	  1,60398e-02	 -1,29308e-02
5173	  1,0344000000e+04	  1,60779e-02	 -1,40523e-02
5174	  1,0346000000e+04	  1,63998e-02	 -1,51482e-02
5175	  1,0348000000e+04	  1,49575e-02	 -1,77614e-02
5176	  1,0350000000e+04	  1,57121e-02	 -1,77267e-02
5177	  1,0352000000e+04	  1,74725e-02	 -1,55650e-02
5178	  1,0354000000e+04	  1,69302e-02	 -1,62795e-02
5179	  1,0356000000e+04	  1,30745e-02	 -1,54713e-02
5180	  1,0358000000e+04	  1,32823e-02	 -1,61482e-02
5181	  1,0360000000e+04	  1,28216e-02	 -1,66823e-02
5182	  1,0362000000e+04	  1,34737e-02	 -1,59060e-02
5183	  1,0364000000e+04	  1,32764e-02	 -1,30718e-02
5184	  1,0366000000e+04	  1,60433e-02	 -1,36719e-02
5185	  1,0368000000e+04	  1,92366e-02	 -1,39097e-02
5186	  1,0370000000e+04	  2,01970e-02	 -1,19022e-02
5187	  1,0372000000e+04	  1,57134e-02	 -1,17858e-02
5188	  1,0374000000e+04	  1,39022e-02	 -1,13907e-02
5189	  1,0376000000e+04	  1,73862e-02	 -1,02950e-02
5190	  1,0378000000e+04	  1,80280e-02	 -1,07132e-02
5191	  1,0380000000e+04	  2,04239e-02	 -1,28390e-02
5192	  1,0382000000e+04	  2,02438e-02	 -9,89915e-03
5193	  1,0384000000e+04	  2,31578e-02	 -6,09593e-03
5194	  1,0386000000e+04	  2,27423e-02	 -9,53275e-03
5195	  1,0388000000e+04	  2,24502e-02	 -9,83375e-03
5196	  1,0390000000e+04	  2,38813e-02	 -1,36937e-02
5197	  1,0392000000e+04	  2,68774e-02	 -1,56170e-02
5198	  1,0394000000e+04	  2,81843e-02	 -1,22291e-02
5199	  1,0396000000e+04	  2,76323e-02	 -1,13363e-02
5200	  1,0398000000e+04	  2,88431e-02	 -1,28186e-02
5201	  1,0400000000e+04	  2,91987e-02	 -1,09568e-02
5202	  1,0402000000e+04	  2,86984e-02	 -1,12158e-02
5203	  1,0404000000e+04	  3,50743e-02	 -1,46222e-02
5204	  1,0406000000e+04	  3,53382e-02	 -1,48243e-02
5205	  1,0408000000e+04	  3,11553e-02	 -1,37701e-02
5206	  1,0410000000e+04	  3,32727e-02	 -1,71915e-02
5207	  1,0412000000e+04	  3,45269e-02	 -1,92468e-02
5208	  1,0414000000e+04	  3,29565e-02	 -1,67799e-02
5209	  1,0416000000e+04	  3,46825e-02	 -1,70986e-02
5210	  1,0418000000e+04	  3,58102e-02	 -1,94113e-02
5211	  1,0420000000e+04	  3,50939e-02	 -2,02647e-02
5212	  1,0422000000e+04	  3,66822e-02	 -2,20083e-02
5213	  1,0424000000e+04	  3,81377e-02	 -2,07637e-02
5214	  1,0426000000e+04	  3,99652e-02	 -1,76160e-02
5215	  1,0428000000e+04	  3,98981e-02	 -2,19036e-02
5216	  1,0430000000e+04	  4,26733e-02	 -2,21393e-02
5217	  1,0432000000e+04	  4,41914e-02	 -2,19797e-02
5218	  1,0434000000e+04	  4,49792e-02	 -2,34183e-02
5219	  1,0436000000e+04	  4,42133e-02	 -2,43137e-02
5220	  1,0438000000e+04	  4,72188e-02	 -2,46666e-02
5221	  1,0440000000e+04	  4,64643e-02	 -2,43267e-02
5222	  1,0442000000e+04	  4,96508e-02	 -2,51110e-02
5223	  1,0444000000e+04	  5,13875e-02	 -2,83874e-02
5224	  1,0446000000e+04	  4,78500e-02	 -2,97442e-02
5225	  1,0448000000e+04	  4,91018e-02	 -2,84001e-02
5226	  1,0450000000e+04	  5,19391e-02	 -3,03754e-02
5227	  1,0452000000e+04	  4,97593e-02	 -3,20296e-02
5228	  1,0454000000e+04	  5,16426e-02	 -3,47154e-02
5229	  1,0456000000e+04	  5,44199e-02	 -3,76464e-02
5230	  1,0458000000e+04	  5,58202e-02	 -3,76290e-02
5231	  1,0460000000e+04	  5,75456e-02	 -4,01399e-02
5232	  1,0462000000e+04	  5,70043e-02	 -4,47536e-02
5233	  1,0464000000e+04	  5,59458e-02	 -4,45089e-02
5234	  1,0466000000e+04	  5,49115e-02	 -4,42637e-02
5235	  1,0468000000e+04	  5,60788e-02	 -4,73646e-02
5236	  1,0470000000e+04	  5,83850e-02	 -4,89548e-02
5237	  1,0472000000e+04	  5,86238e-02	 -5,15459e-02
5238	  1,0474000000e+04	  5,64958e-02	 -5,52041e-02
5239	  1,0476000000e+04	  5,67974e-02	 -5,57536e-02
5240	  1,0478000000e+04	  5,85131e-02	 -5,65346e-02
5241	  1,0480000000e+04	  5,98162e-02	 -6,03199e-02
5242	  1,0482000000e+04	  5,61530e-02	 -6,20403e-02
5243	  1,0484000000e+04	  5,30605e-02	 -6,61957e-02
5244	  1,0486000000e+04	  5,37133e-02	 -6,87325e-02
5245	  1,0488000000e+04	  5,40751e-02	 -7,05130e-02
5246	  1,0490000000e+04	  5,19006e-02	 -7,04238e-02
5247	  1,0492000000e+04	  5,14414e-02	 -7,36893e-02
5248	  1,0494000000e+04	  5,16840e-02	 -7,68076e-02
5249	  1,0496000000e+04	  5,03272e-02	 -7,68334e-02
5250	  1,0498000000e+04	  4,90401e-02	 -7,57297e-02
5251	  1,0500000000e+04	  4,78736e-02	 -8,14245e-02
5252	  1,0502000000e+04	  4,79239e-02	 -8,22814e-02
5253	  1,0504000000e+04	  4,89736e-02	 -8,16217e-02
5254	  1,0506000000e+04	  4,58984e-02	 -8,37504e-02
5255	  1,0508000000e+04	  4,39410e-02	 -8,74739e-02
5256	  1,0510000000e+04	  4,41597e-02	 -8,89245e-02
5257	  1,0512000000e+04	  4,35056e-02	 -8,95673e-02
5258	  1,0514000000e+04	  4,22286e-02	 -9,08623e-02
5259	  1,0516000000e+04	  3,94744e-02	 -9,23885e-02
5260	  1,0518000000e+04	  4,02802e-02	 -9,51687e-02
5261	  1,0520000000e+04	  3,83936e-02	 -9,83565e-02
5262	  1,0522000000e+04	  3,98721e-02	 -9,98686e-02
5263	  1,0524000000e+04	  3,75827e-02	 -1,01465e-01
5264	  1,0526000000e+04	  3,65685e-02	 -1,02038e-01
5265	  1,0528000000e+04	  3,33500e-02	 -1,02974e-01
5266	  1,0530000000e+04	  3,04552e-02	 -1,06092e-01
5267	  1,0532000000e+04	  3,00560e-02	 -1,10497e-01
5268	  1,0534000000e+04	  2,82193e-02	 -1,11364e-01
5269	  1,0536000000e+04	  2,52759e-02	 -1,13825e-01
5270	  1,0538000000e+04	  2,16615e-02	 -1,17455e-01
5271	  1,0540000000e+04	  2,16412e-02	 -1,19348e-01
5272	  1,0542000000e+04	  2,20659e-02	 -1,20335e-01
5273	  1,0544000000e+04	  1,85840e-02	 -1,23847e-01
5274	  1,0546000000e+04	  1,46374e-02	 -1,22025e-01
5275	  1,0548000000e+04	  1,09103e-02	 -1,20424e-01
5276	  1,0550000000e+04	  8,98664e-03	 -1,21856e-01
5277	  1,0552000000e+04	  8,38789e-03	 -1,23144e-01
5278	  1,0554000000e+04	  6,52729e-03	 -1,27627e-01
5279	  1,0556000000e+04	  2,71664e-03	 -1,30760e-01
5280	  1,0558000000e+04	 -9,23050e-04	 -1,30447e-01
5281	  1,0560000000e+04	 -2,11712e-03	 -1,30264e-01
5282	  1,0562000000e+04	 -2,47989e-03	 -1,28710e-01
5283	  1,0564000000e+04	 -6,21704e-03	 -1,32202e-01
5284	  1,0566000000e+04	 -1,08436e-02	 -1,33065e-01
5285	  1,0568000000e+04	 -1,43138e-02	 -1,32672e-01
5286	  1,0570000000e+04	 -1,69290e-02	 -1,32012e-01
5287	  1,0572000000e+04	 -2,04739e-02	 -1,31515e-01
5288	  1,0574000000e+04	 -2,49333e-02	 -1,35506e-01
5289	  1,0576000000e+04	 -2,46555e-02	 -1,34796e-01
5290	  1,0578000000e+04	 -2,75249e-02	 -1,33378e-01
5291	  1,0580000000e+04	 -3,06665e-02	 -1,34944e-01
5292	  1,0582000000e+04	 -3,64011e-02	 -1,33424e-01
5293	  1,0584000000e+04	 -3,91988e-02	 -1,31234e-01
5294	  1,0586000000e+04	 -4,17037e-02	 -1,30476e-01
5295	  1,0588000000e+04	 -4,35834e-02	 -1,30394e-01
5296	  1,0590000000e+04	 -4,53088e-02	 -1,32197e-01
5297	  1,0592000000e+04	 -5,13501e-02	 -1,30856e-01
5298	  1,0594000000e+04	 -5,40015e-02	 -1,27996e-01
5299	  1,0596000000e+04	 -5,68370e-02	 -1,29270e-01
5300	  1,0598000000e+04	 -5,86781e-02	 -1,28914e-01
5301	  1,0600000000e+04	 -6,00029e-02	 -1,26300e-01
5302	  1,0602000000e+04	 -6,41590e-02	 -1,23556e-01
5303	  1,0604000000e+04	 -6,53164e-02	 -1,21611e-01
5304	  1,0606000000e+04	 -6,85930e-02	 -1,21442e-01
5305	  1,0608000000e+04	 -6,93191e-02	 -1,21955e-01
5306	  1,0610000000e+04	 -7,18483e-02	 -1,20561e-01
5307	  1,0612000000e+04	 -7,55598e-02	 -1,18404e-01
5308	  1,0614000000e+04	 -8,06395e-02	 -1,20401e-01
5309	  1,0616000000e+04	 -8,30438e-02	 -1,16240e-01
5310	  1,0618000000e+04	 -8,47641e-02	 -1,14142e-01
5311	  1,0620000000e+04	 -8,56362e-02	 -1,09532e-01
5312	  1,0622000000e+04	 -8,79334e-02	 -1,04818e-01
5313	  1,0624000000e+04	 -9,08389e-02	 -1,02955e-01
5314	  1,0626000000e+04	 -9,03685e-02	 -1,03975e-01
5315	  1,0628000000e+04	 -9,09212e-02	 -1,02393e-01
5316	  1,0630000000e+04	 -9,26775e-02	 -9,93813e-02
5317	  1,0632000000e+04	 -9,19484e-02	 -9,65816e-02
5318	  1,0634000000e+04	 -9,42360e-02	 -9,49644e-02
5319	  1,0636000000e+04	 -9,50266e-02	 -9,51145e-02
5320	  1,0638000000e+04	 -9,33700e-02	 -9,16165e-02
5321	  1,0640000000e+04	 -9,14254e-02	 -8,93047e-02
5322	  1,0642000000e+04	 -9,34585e-02	 -8,75239e-02
5323	  1,0644000000e+04	 -9,53133e-02	 -8,60647e-02
5324	  1,0646000000e+04	 -9,97588e-02	 -8,49032e-02
5325	  1,0648000000e+04	 -1,00824e-01	 -8,39439e-02
5326	  1,0650000000e+04	 -9,92669e-02	 -8,13044e-02
5327	  1,0652000000e+04	 -9,91477e-02	 -8,15969e-02
5328	  1,0654000000e+04	 -9,92201e-02	 -7,76816e-02
5329	  1,0656000000e+04	 -1,01452e-01	 -7,32082e-02
5330	  1,0658000000e+04	 -1,00725e-01	 -7,04520e-02
5331	  1,0660000000e+04	 -9,97344e-02	 -7,01693e-02
5332	  1,0662000000e+04	 -9,81889e-02	 -6,81418e-02
5333	  1,0664000000e+04	 -9,70008e-02	 -6,73587e-02
5334	  1,0666000000e+04	 -9,88121e-02	 -6,71562e-02
5335	  1,0668000000e+04	 -9,78962e-02	 -6,44977e-02
5336	  1,0670000000e+04	 -9,61744e-02	 -6,24464e-02
5337	  1,0672000000e+04	 -9,52984e-02	 -6,09162e-02
5338	  1,0674000000e+04	 -9,25971e-02	 -6,04835e-02
5339	  1,0676000000e+04	 -9,08767e-02	 -6,26366e-02
5340	  1,0678000000e+04	 -9,17458e-02	 -6,42331e-02
5341	  1,0680000000e+04	 -8,93307e-02	 -6,25047e-02
5342	  1,0682000000e+04	 -8,77684e-02	 -6,17183e-02
5343	  1,0684000000e+04	 -8,74538e-02	 -5,76240e-02
5344	  1,0686000000e+04	 -8,92437e-02	 -5,54615e-02
5345	  1,0688000000e+04	 -8,93632e-02	 -5,44572e-02
5346	  1,0690000000e+04	 -8,47367e-02	 -5,79880e-02
5347	  1,0692000000e+04	 -8,14900e-02	 -6,06085e-02
5348	  1,0694000000e+04	 -7,90643e-02	 -5,98431e-02
5349	  1,0696000000e+04	 -7,81918e-02	 -6,22035e-02
5350	  1,0698000000e+04	 -7,75537e-02	 -6,03350e-02
5351	  1,0700000000e+04	 -7,57455e-02	 -6,13044e-02
5352	  1,0702000000e+04	 -7,26462e-02	 -6,78890e-02
5353	  1,0704000000e+04	 -6,99409e-02	 -7,04735e-02
5354	  1,0706000000e+04	 -6,88630e-02	 -7,64721e-02
5355	  1,0708000000e+04	 -6,86567e-02	 -8,09931e-02
5356	  1,0710000000e+04	 -6,82992e-02	 -8,59476e-02
5357	  1,0712000000e+04	 -7,19159e-02	 -8,91132e-02
5358	  1,0714000000e+04	 -7,27351e-02	 -9,40815e-02
5359	  1,0716000000e+04	 -7,33140e-02	 -1,01177e-01
5360	  1,0718000000e+04	 -7,87274e-02	 -1,07316e-01
5361	  1,0720000000e+04	 -8,25832e-02	 -1,09710e-01
5362	  1,0722000000e+04	 -8,71271e-02	 -1,14673e-01
5363	  1,0724000000e+04	 -9,10894e-02	 -1,18134e-01
5364	  1,0726000000e+04	 -9,64007e-02	 -1,20491e-01
5365	  1,0728000000e+04	 -9,91186e-02	 -1,24640e-01
5366	  1,0730000000e+04	 -1,07422e-01	 -1,29439e-01
5367	  1,0732000000e+04	 -1,16374e-01	 -1,30577e-01
5368	  1,0734000000e+04	 -1,24142e-01	 -1,30909e-01
5369	  1,0736000000e+04	 -1,33446e-01	 -1,35250e-01
5370	  1,0738000000e+04	 -1,41112e-01	 -1,32924e-01
5371	  1,0740000000e+04	 -1,49152e-01	 -1,30350e-01
5372	  1,0742000000e+04	 -1,59704e-01	 -1,33461e-01
5373	  1,0744000000e+04	 -1,66341e-01	 -1,31818e-01
5374	  1,0746000000e+04	 -1,74804e-01	 -1,26662e-01
5375	  1,0748000000e+04	 -1,81795e-01	 -1,23748e-01
5376	  1,0750000000e+04	 -1,89565e-01	 -1,17711e-01
5377	  1,0752000000e+04	 -2,00128e-01	 -1,11328e-01
5378	  1,0754000000e+04	 -2,04236e-01	 -1,06845e-01
5379	  1,0756000000e+04	 -2,08360e-01	 -1,02976e-01
5380	  1,0758000000e+04	 -2,12932e-01	 -9,73376e-02
5381	  1,0760000000e+04	 -2,16279e-01	 -9,26599e-02
5382	  1,0762000000e+04	 -2,20516e-01	 -8,43788e-02
5383	  1,0764000000e+04	 -2,24976e-01	 -7,75013e-02
5384	  1,0766000000e+04	 -2,31692e-01	 -7,31079e-02
5385	  1,0768000000e+04	 -2,32107e-01	 -6,81787e-02
5386	  1,0770000000e+04	 -2,33014e-01	 -5,93251e-02
5387	  1,0772000000e+04	 -2,36025e-01	 -5,52634e-02
5388	  1,0774000000e+04	 -2,37752e-01	 -4,82976e-02
5389	  1,0776000000e+04	 -2,41848e-01	 -4,11354e-02
5390	  1,0778000000e+04	 -2,41807e-01	 -3,69574e-02
5391	  1,0780000000e+04	 -2,41273e-01	 -2,86278e-02
5392	  1,0782000000e+04	 -2,42034e-01	 -2,48502e-02
5393	  1,0784000000e+04	 -2,40767e-01	 -2,36163e-02
5394	  1,0786000000e+04	 -2,37642e-01	 -1,96756e-02
5395	  1,0788000000e+04	 -2,44139e-01	 -1,23660e-02
5396	  1,0790000000e+04	 -2,46874e-01	 -7,31760e-03
5397	  1,0792000000e+04	 -2,48821e-01	 -2,58662e-03
5398	  1,0794000000e+04	 -2,50063e-01	  8,20805e-04
5399	  1,0796000000e+04	 -2,47930e-01	  6,88188e-03
5400	  1,0798000000e+04	 -2,49765e-01	  1,30541e-02
5401	  1,0800000000e+04	 -2,48860e-01	  1,54250e-02
5402	  1,0802000000e+04	 -2,47953e-01	  2,09792e-02
5403	  1,0804000000e+04	 -2,49494e-01	  2,91527e-02
5404	  1,0806000000e+04	 -2,52156e-01	  3,37674e-02
5405	  1,0808000000e+04	 -2,54087e-01	  3,83725e-02
5406	  1,0810000000e+04	 -2,52475e-01	  4,52215e-02
5407	  1,0812000000e+04	 -2,53310e-01	  4,95936e-02
5408	  1,0814000000e+04	 -2,53542e-01	  5,39033e-02
5409	  1,0816000000e+04	 -2,52071e-01	  6,23989e-02
5410	  1,0818000000e+04	 -2,49298e-01	  6,58070e-02
5411	  1,0820000000e+04	 -2,48455e-01	  6,85849e-02
5412	  1,0822000000e+04	 -2,50561e-01	  7,48962e-02
5413	  1,0824000000e+04	 -2,50173e-01	  8,20911e-02
5414	  1,0826000000e+04	 -2,48847e-01	  8,51980e-02
5415	  1,0828000000e+04	 -2,47910e-01	  9,25484e-02
5416	  1,0830000000e+04	 -2,42726e-01	  1,00656e-01
5417	  1,0832000000e+04	 -2,40390e-01	  1,05197e-01
5418	  1,0834000000e+04	 -2,39278e-01	  1,06482e-01
5419	  1,0836000000e+04	 -2,38048e-01	  1,11028e-01
5420	  1,0838000000e+04	 -2,32166e-01	  1,17038e-01
5421	  1,0840000000e+04	 -2,26847e-01	  1,20164e-01
5422	  1,0842000000e+04	 -2,25715e-01	  1,21773e-01
5423	  1,0844000000e+04	 -2,24565e-01	  1,26459e-01
5424	  1,0846000000e+04	 -2,22955e-01	  1,29648e-01
5425	  1,0848000000e+04	 -2,19907e-01	  1,31815e-01
5426	  1,0850000000e+04	 -2,15880e-01	  1,39179e-01
5427	  1,0852000000e+04	 -2,14835e-01	  1,42825e-01
5428	  1,0854000000e+04	 -2,12087e-01	  1,44807e-01
5429	  1,0856000000e+04	 -2,05986e-01	  1,43208e-01
5430	  1,0858000000e+04	 -2,05859e-01	  1,46411e-01
5431	  1,0860000000e+04	 -2,03521e-01	  1,52474e-01
5432	  1,0862000000e+04	 -2,01230e-01	  1,55118e-01
5433	  1,0864000000e+04	 -2,00427e-01	  1,61001e-01
5434	  1,0866000000e+04	 -2,00512e-01	  1,63783e-01
5435	  1,0868000000e+04	 -2,00574e-01	  1,66686e-01
5436	  1,0870000000e+04	 -1,95361e-01	  1,69399e-01
5437	  1,0872000000e+04	 -1,92731e-01	  1,73670e-01
5438	  1,0874000000e+04	 -1,90055e-01	  1,79058e-01
5439	  1,0876000000e+04	 -1,85598e-01	  1,80172e-01
5440	  1,0878000000e+04	 -1,84001e-01	  1,85655e-01
5441	  1,0880000000e+04	 -1,83378e-01	  1,91280e-01
5442	  1,0882000000e+04	 -1,81412e-01	  1,91156e-01
5443	  1,0884000000e+04	 -1,76803e-01	  1,96083e-01
5444	  1,0886000000e+04	 -1,74286e-01	  1,96713e-01
5445	  1,0888000000e+04	 -1,70921e-01	  1,98028e-01
5446	  1,0890000000e+04	 -1,66386e-01	  2,02719e-01
5447	  1,0892000000e+04	 -1,63731e-01	  2,06938e-01
5448	  1,0894000000e+04	 -1,61240e-01	  2,08712e-01
5449	  1,0896000000e+04	 -1,58332e-01	  2,13741e-01
5450	  1,0898000000e+04	 -1,53983e-01	  2,17241e-01
5451	  1,0900000000e+04	 -1,50870e-01	  2,17685e-01
5452	  1,0902000000e+04	 -1,46583e-01	  2,17106e-01
5453	  1,0904000000e+04	 -1,41422e-01	  2,21914e-01
5454	  1,0906000000e+04	 -1,38967e-01	  2,22925e-01
5455	  1,0908000000e+04	 -1,37909e-01	  2,23370e-01
5456	  1,0910000000e+04	 -1,35011e-01	  2,26604e-01
5457	  1,0912000000e+04	 -1,26646e-01	  2,29091e-01
5458	  1,0914000000e+04	 -1,22331e-01	  2,31701e-01
5459	  1,0916000000e+04	 -1,22489e-01	  2,32833e-01
5460	  1,0918000000e+04	 -1,17637e-01	  2,33704e-01
5461	  1,0920000000e+04	 -1,13798e-01	  2,36838e-01
5462	  1,0922000000e+04	 -1,07707e-01	  2,37266e-01
5463	  1,0924000000e+04	 -9,94503e-02	  2,34815e-01
5464	  1,0926000000e+04	 -9,72748e-02	  2,40104e-01
5465	  1,0928000000e+04	 -9,56669e-02	  2,43737e-01
5466	  1,0930000000e+04	 -9,21425e-02	  2,43690e-01
5467	  1,0932000000e+04	 -8,56924e-02	  2,46019e-01
5468	  1,0934000000e+04	 -8,27553e-02	  2,47274e-01
5469	  1,0936000000e+04	 -8,04358e-02	  2,46275e-01
5470	  1,0938000000e+04	 -7,74330e-02	  2,46060e-01
5471	  1,0940000000e+04	 -7,43190e-02	  2,48486e-01
5472	  1,0942000000e+04	 -6,90981e-02	  2,48672e-01
5473	  1,0944000000e+04	 -6,43359e-02	  2,51595e-01
5474	  1,0946000000e+04	 -6,15823e-02	  2,53286e-01
5475	  1,0948000000e+04	 -5,84879e-02	  2,56923e-01
5476	  1,0950000000e+04	 -5,37776e-02	  2,55028e-01
5477	  1,0952000000e+04	 -5,14561e-02	  2,55726e-01
5478	  1,0954000000e+04	 -4,83877e-02	  2,55011e-01
5479	  1,0956000000e+04	 -4,56156e-02	  2,54584e-01
5480	  1,0958000000e+04	 -4,09320e-02	  2,58179e-01
5481	  1,0960000000e+04	 -3,73670e-02	  2,57180e-01
5482	  1,0962000000e+04	 -3,06302e-02	  2,57936e-01
5483	  1,0964000000e+04	 -2,79163e-02	  2,58948e-01
5484	  1,0966000000e+04	 -2,36632e-02	  2,54841e-01
5485	  1,0968000000e+04	 -2,25170e-02	  2,55374e-01
5486	  1,0970000000e+04	 -1,73368e-02	  2,56225e-01
5487	  1,0972000000e+04	 -1,18016e-02	  2,57828e-01
5488	  1,0974000000e+04	 -7,04391e-03	  2,59124e-01
5489	  1,0976000000e+04	 -3,85284e-03	  2,59992e-01
5490	  1,0978000000e+04	  4,09351e-04	  2,58146e-01
5491	  1,0980000000e+04	  3,07514e-03	  2,55799e-01
5492	  1,0982000000e+04	  7,06445e-03	  2,56783e-01
5493	  1,0984000000e+04	  1,19311e-02	  2,54460e-01
5494	  1,0986000000e+04	  1,39126e-02	  2,53926e-01
5495	  1,0988000000e+04	  1,89332e-02	  2,55873e-01
5496	  1,0990000000e+04	  2,09524e-02	  2,58403e-01
5497	  1,0992000000e+04	  2,61851e-02	  2,55537e-01
5498	  1,0994000000e+04	  3,16519e-02	  2,57992e-01
5499	  1,0996000000e+04	  3,18664e-02	  2,55866e-01
5500	  1,0998000000e+04	  3,08809e-02	  2,54454e-01
5501	  1,1000000000e+04	  3,61862e-02	  2,51759e-01
5502	  1,1002000000e+04	  4,46156e-02	  2,51358e-01
5503	  1,1004000000e+04	  4,78650e-02	  2,48512e-01
5504	  1,1006000000e+04	  4,89614e-02	  2,48214e-01
5505	  1,1008000000e+04	  5,19058e-02	  2,49955e-01
5506	  1,1010000000e+04	  5,61432e-02	  2,48859e-01
5507	  1,1012000000e+04	  5,99227e-02	  2,44731e-01
5508	  1,1014000000e+04	  6,28686e-02	  2,45723e-01
5509	  1,1016000000e+04	  6,51830e-02	  2,43879e-01
5510	  1,1018000000e+04	  7,25572e-02	  2,41556e-01
5511	  1,1020000000e+04	  7,63253e-02	  2,42500e-01
5512	  1,1022000000e+04	  7,63822e-02	  2,42883e-01
5513	  1,1024000000e+04	  8,01913e-02	  2,39538e-01
5514	  1,1026000000e+04	  8,51806e-02	  2,36619e-01
5515	  1,1028000000e+04	  9,00190e-02	  2,38843e-01
5516	  1,1030000000e+04	  9,17706e-02	  2,37415e-01
5517	  1,1032000000e+04	  9,68271e-02	  2,33199e-01
5518	  1,1034000000e+04	  1,00438e-01	  2,33865e-01
5519	  1,1036000000e+04	  1,03101e-01	  2,31211e-01
5520	  1,1038000000e+04	  1,02500e-01	  2,33276e-01
5521	  1,1040000000e+04	  1,07555e-01	  2,30987e-01
5522	  1,1042000000e+04	  1,13924e-01	  2,27125e-01
5523	  1,1044000000e+04	  1,15492e-01	  2,26532e-01
5524	  1,1046000000e+04	  1,23315e-01	  2,25773e-01
5525	  1,1048000000e+04	  1,28737e-01	  2,19739e-01
5526	  1,1050000000e+04	  1,28317e-01	  2,16208e-01
5527	  1,1052000000e+04	  1,33948e-01	  2,12852e-01
5528	  1,1054000000e+04	  1,33113e-01	  2,11217e-01
5529	  1,1056000000e+04	  1,34607e-01	  2,08195e-01
5530	  1,1058000000e+04	  1,39208e-01	  2,06156e-01
5531	  1,1060000000e+04	  1,43088e-01	  2,04517e-01
5532	  1,1062000000e+04	  1,47387e-01	  2,01011e-01
5533	  1,1064000000e+04	  1,47331e-01	  1,96834e-01
5534	  1,1066000000e+04	  1,52249e-01	  1,91813e-01
5535	  1,1068000000e+04	  1,54179e-01	  1,91102e-01
5536	  1,1070000000e+04	  1,55245e-01	  1,89642e-01
5537	  1,1072000000e+04	  1,59735e-01	  1,91025e-01
5538	  1,1074000000e+04	  1,62941e-01	  1,86846e-01
5539	  1,1076000000e+04	  1,63067e-01	  1,81308e-01
5540	  1,1078000000e+04	  1,64469e-01	  1,78931e-01
5541	  1,1080000000e+04	  1,68396e-01	  1,76062e-01
5542	  1,1082000000e+04	  1,70700e-01	  1,72631e-01
5543	  1,1084000000e+04	  1,74457e-01	  1,68526e-01
5544	  1,1086000000e+04	  1,75523e-01	  1,68814e-01
5545	  1,1088000000e+04	  1,76082e-01	  1,62567e-01
5546	  1,1090000000e+04	  1,77182e-01	  1,58494e-01
5547	  1,1092000000e+04	  1,79453e-01	  1,56218e-01
5548	  1,1094000000e+04	  1,80377e-01	  1,52685e-01
5549	  1,1096000000e+04	  1,81915e-01	  1,47155e-01
5550	  1,1098000000e+04	  1,81549e-01	  1,44514e-01
5551	  1,1100000000e+04	  1,82508e-01	  1,42051e-01
5552	  1,1102000000e+04	  1,84511e-01	  1,37991e-01
5553	  1,1104000000e+04	  1,85127e-01	  1,30900e-01
5554	  1,1106000000e+04	  1,87795e-01	  1,28915e-01
5555	  1,1108000000e+04	  1,86238e-01	  1,25817e-01
5556	  1,1110000000e+04	  1,87065e-01	  1,21966e-01
5557	  1,1112000000e+04	  1,88295e-01	  1,20040e-01
5558	  1,1114000000e+04	  1,86159e-01	  1,15330e-01
5559	  1,1116000000e+04	  1,85977e-01	  1,12657e-01
5560	  1,1118000000e+04	  1,87360e-01	  1,08347e-01
5561	  1,1120000000e+04	  1,88470e-01	  1,05264e-01
5562	  1,1122000000e+04	  1,90732e-01	  1,02941e-01
5563	  1,1124000000e+04	  1,90195e-01	  9,82497e-02
5564	  1,1126000000e+04	  1,88538e-01	  9,32046e-02
5565	  1,1128000000e+04	  1,87081e-01	  9,30743e-02
5566	  1,1130000000e+04	  1,86124e-01	  9,03549e-02
5567	  1,1132000000e+04	  1,83876e-01	  8,75852e-02
5568	  1,1134000000e+04	  1,84939e-01	  8,71138e-02
5569	  1,1136000000e+04	  1,86258e-01	  8,20274e-02
5570	  1,1138000000e+04	  1,87054e-01	  8,06698e-02
5571	  1,1140000000e+04	  1,84628e-01	  8,10916e-02
5572	  1,1142000000e+04	  1,82265e-01	  7,83113e-02
5573	  1,1144000000e+04	  1,82350e-01	  7,28986e-02
5574	  1,1146000000e+04	  1,82920e-01	  6,89337e-02
5575	  1,1148000000e+04	  1,84137e-01	  6,74644e-02
5576	  1,1150000000e+04	  1,81580e-01	  6,44261e-02
5577	  1,1152000000e+04	  1,74688e-01	  6,31536e-02
5578	  1,1154000000e+04	  1,75271e-01	  6,10643e-02
5579	  1,1156000000e+04	  1,75946e-01	  5,92145e-02
5580	  1,1158000000e+04	  1,73390e-01	  6,08907e-02
5581	  1,1160000000e+04	  1,72452e-01	  5,84295e-02
5582	  1,1162000000e+04	  1,70846e-01	  5,71761e-02
5583	  1,1164000000e+04	  1,70442e-01	  5,70755e-02
5584	  1,1166000000e+04	  1,66518e-01	  5,56246e-02
5585	  1,1168000000e+04	  1,65018e-01	  5,70200e-02
5586	  1,1170000000e+04	  1,66581e-01	  5,29035e-02
5587	  1,1172000000e+04	  1,65321e-01	  4,97859e-02
5588	  1,1174000000e+04	  1,66242e-01	  5,35875e-02
5589	  1,1176000000e+04	  1,63762e-01	  5,34746e-02
5590	  1,1178000000e+04	  1,62607e-01	  5,28033e-02
5591	  1,1180000000e+04	  1,64415e-01	  5,32706e-02
5592	  1,1182000000e+04	  1,64470e-01	  5,26565e-02
5593	  1,1184000000e+04	  1,61155e-01	  5,32037e-02
5594	  1,1186000000e+04	  1,60554e-01	  5,32589e-02
5595	  1,1188000000e+04	  1,63895e-01	  5,05332e-02
5596	  1,1190000000e+04	  1,63686e-01	  5,02088e-02
5597	  1,1192000000e+04	  1,65158e-01	  5,10540e-02
5598	  1,1194000000e+04	  1,66493e-01	  5,12457e-02
5599	  1,1196000000e+04	  1,68241e-01	  5,18756e-02
5600	  1,1198000000e+04	  1,65558e-01	  4,93483e-02
5601	  1,1200000000e+04	  1,66812e-01	  4,80730e-02
5602	  1,1202000000e+04	  1,69121e-01	  5,13437e-02
5603	  1,1204000000e+04	  1,69421e-01	  5,27379e-02
5604	  1,1206000000e+04	  1,69142e-01	  4,89973e-02
5605	  1,1208000000e+04	  1,69393e-01	  4,79115e-02
5606	  1,1210000000e+04	  1,69364e-01	  4,65769e-02
5607	  1,1212000000e+04	  1,70836e-01	  4,53742e-02
5608	  1,1214000000e+04	  1,73460e-01	  4,67369e-02
5609	  1,1216000000e+04	  1,74007e-01	  4,59761e-02
5610	  1,1218000000e+04	  1,73178e-01	  4,46031e-02
5611	  1,1220000000e+04	  1,76048e-01	  4,04442e-02
5612	  1,1222000000e+04	  1,73544e-01	  3,94899e-02
5613	  1,1224000000e+04	  1,75004e-01	  4,08559e-02
5614	  1,1226000000e+04	  1,77816e-01	  4,13190e-02
5615	  1,1228000000e+04	  1,76384e-01	  3,68975e-02
5616	  1,1230000000e+04	  1,78274e-01	  3,59975e-02
5617	  1,1232000000e+04	  1,80862e-01	  3,76564e-02
5618	  1,1234000000e+04	  1,79911e-01	  3,69967e-02
5619	  1,1236000000e+04	  1,78444e-01	  3,68055e-02
5620	  1,1238000000e+04	  1,80411e-01	  3,50857e-02
5621	  1,1240000000e+04	  1,82342e-01	  3,22949e-02
5622	  1,1242000000e+04	  1,82905e-01	  3,41209e-02
5623	  1,1244000000e+04	  1,83318e-01	  3,44237e-02
5624	  1,1246000000e+04	  1,85177e-01	  2,87311e-02
5625	  1,1248000000e+04	  1,87692e-01	  2,63383e-02
5626	  1,1250000000e+04	  1,86960e-01	  2,54644e-02
5627	  1,1252000000e+04	  1,90437e-01	  2,68849e-02
5628	  1,1254000000e+04	  1,91772e-01	  2,84732e-02
5629	  1,1256000000e+04	  1,91801e-01	  2,36580e-02
5630	  1,1258000000e+04	  1,90149e-01	  2,42818e-02
5631	  1,1260000000e+04	  1,90302e-01	  2,15270e-02
5632	  1,1262000000e+04	  1,97778e-01	  2,03330e-02
5633	  1,1264000000e+04	  2,01456e-01	  1,93054e-02
5634	  1,1266000000e+04	  2,02945e-01	  1,46404e-02
5635	  1,1268000000e+04	  2,00920e-01	  1,40211e-02
5636	  1,1270000000e+04	  2,01761e-01	  9,55731e-03
5637	  1,1272000000e+04	  2,03726e-01	  7,48161e-03
5638	  1,1274000000e+04	  2,03018e-01	  5,17572e-03
5639	  1,1276000000e+04	  2,06256e-01	  4,38454e-03
5640	  1,1278000000e+04	  2,09238e-01	  5,11585e-04
5641	  1,1280000000e+04	  2,09133e-01	 -4,57264e-03
5642	  1,1282000000e+04	  2,09652e-01	 -5,20359e-03
5643	  1,1284000000e+04	  2,08990e-01	 -4,39738e-03
5644	  1,1286000000e+04	  2,06664e-01	 -9,90070e-03
5645	  1,1288000000e+04	  2,08004e-01	 -1,51222e-02
5646	  1,1290000000e+04	  2,09573e-01	 -1,60805e-02
5647	  1,1292000000e+04	  2,10181e-01	 -2,09493e-02
5648	  1,1294000000e+04	  2,08675e-01	 -2,21204e-02
5649	  1,1296000000e+04	  2,08673e-01	 -2,41925e-02
5650	  1,1298000000e+04	  2,11083e-01	 -2,76761e-02
5651	  1,1300000000e+04	  2,12613e-01	 -3,11559e-02
5652	  1,1302000000e+04	  2,12299e-01	 -3,44097e-02
5653	  1,1304000000e+04	  2,11810e-01	 -3,71120e-02
5654	  1,1306000000e+04	  2,10301e-01	 -3,41036e-02
5655	  1,1308000000e+04	  2,08448e-01	 -3,88641e-02
5656	  1,1310000000e+04	  2,09996e-01	 -4,65340e-02
5657	  1,1312000000e+04	  2,11601e-01	 -4,76544e-02
5658	  1,1314000000e+04	  2,10072e-01	 -4,81986e-02
5659	  1,1316000000e+04	  2,09769e-01	 -4,54092e-02
5660	  1,1318000000e+04	  2,11336e-01	 -4,67050e-02
5661	  1,1320000000e+04	  2,12962e-01	 -5,16383e-02
5662	  1,1322000000e+04	  2,11430e-01	 -5,59697e-02
5663	  1,1324000000e+04	  2,10585e-01	 -5,94783e-02
5664	  1,1326000000e+04	  2,10195e-01	 -6,19499e-02
5665	  1,1328000000e+04	  2,08945e-01	 -6,54074e-02
5666	  1,1330000000e+04	  2,07027e-01	 -6,73683e-02
5667	  1,1332000000e+04	  2,09215e-01	 -7,15031e-02
5668	  1,1334000000e+04	  2,08126e-01	 -6,99952e-02
5669	  1,1336000000e+04	  2,07841e-01	 -7,23196e-02
5670	  1,1338000000e+04	  2,04201e-01	 -7,49272e-02
5671	  1,1340000000e+04	  2,06661e-01	 -7,76651e-02
5672	  1,1342000000e+04	  2,06691e-01	 -8,21811e-02
5673	  1,1344000000e+04	  2,03346e-01	 -8,39623e-02
5674	  1,1346000000e+04	  2,03711e-01	 -8,50247e-02
5675	  1,1348000000e+04	  2,05776e-01	 -8,97597e-02
5676	  1,1350000000e+04	  2,04906e-01	 -9,14481e-02
5677	  1,1352000000e+04	  2,02844e-01	 -9,45317e-02
5678	  1,1354000000e+04	  2,04946e-01	 -9,97546e-02
5679	  1,1356000000e+04	  2,02017e-01	 -9,99814e-02
5680	  1,1358000000e+04	  1,98195e-01	 -1,01600e-01
5681	  1,1360000000e+04	  1,98033e-01	 -1,04810e-01
5682	  1,1362000000e+04	  1,94525e-01	 -1,06219e-01
5683	  1,1364000000e+04	  1,93212e-01	 -1,08661e-01
5684	  1,1366000000e+04	  1,97267e-01	 -1,12089e-01
5685	  1,1368000000e+04	  1,96953e-01	 -1,11213e-01
5686	  1,1370000000e+04	  1,95404e-01	 -1,13841e-01
5687	  1,1372000000e+04	  1,91927e-01	 -1,14904e-01
5688	  1,1374000000e+04	  1,91146e-01	 -1,18833e-01
5689	  1,1376000000e+04	  1,89479e-01	 -1,22262e-01
5690	  1,1378000000e+04	  1,87099e-01	 -1,24458e-01
5691	  1,1380000000e+04	  1,87148e-01	 -1,28385e-01
5692	  1,1382000000e+04	  1,86159e-01	 -1,29041e-01
5693	  1,1384000000e+04	  1,81864e-01	 -1,28156e-01
5694	  1,1386000000e+04	  1,83016e-01	 -1,32971e-01
5695	  1,1388000000e+04	  1,84675e-01	 -1,35923e-01
5696	  1,1390000000e+04	  1,82332e-01	 -1,36065e-01
5697	  1,1392000000e+04	  1,79106e-01	 -1,36958e-01
5698	  1,1394000000e+04	  1,76670e-01	 -1,40905e-01
5699	  1,1396000000e+04	  1,76230e-01	 -1,43260e-01
5700	  1,1398000000e+04	  1,75291e-01	 -1,43741e-01
5701	  1,1400000000e+04	  1,73173e-01	 -1,48004e-01
5702	  1,1402000000e+04	  1,72257e-01	 -1,52630e-01
5703	  1,1404000000e+04	  1,71161e-01	 -1,55879e-01
5704	  1,1406000000e+04	  1,66515e-01	 -1,56064e-01
5705	  1,1408000000e+04	  1,62393e-01	 -1,55988e-01
5706	  1,1410000000e+04	  1,60727e-01	 -1,58670e-01
5707	  1,1412000000e+04	  1,58988e-01	 -1,59650e-01
5708	  1,1414000000e+04	  1,59120e-01	 -1,61779e-01
5709	  1,1416000000e+04	  1,56166e-01	 -1,63224e-01
5710	  1,1418000000e+04	  1,55476e-01	 -1,67034e-01
5711	  1,1420000000e+04	  1,54979e-01	 -1,65081e-01
5712	  1,1422000000e+04	  1,54871e-01	 -1,62994e-01
5713	  1,1424000000e+04	  1,50773e-01	 -1,65972e-01
5714	  1,1426000000e+04	  1,49418e-01	 -1,66856e-01
5715	  1,1428000000e+04	  1,46543e-01	 -1,68897e-01
5716	  1,1430000000e+04	  1,44359e-01	 -1,73295e-01
5717	  1,1432000000e+04	  1,45841e-01	 -1,75542e-01
5718	  1,1434000000e+04	  1,43248e-01	 -1,75673e-01
5719	  1,1436000000e+04	  1,38404e-01	 -1,75568e-01
5720	  1,1438000000e+04	  1,39389e-01	 -1,77758e-01
5721	  1,1440000000e+04	  1,42073e-01	 -1,79881e-01
5722	  1,1442000000e+04	  1,42170e-01	 -1,83097e-01
5723	  1,1444000000e+04	  1,38996e-01	 -1,86559e-01
5724	  1,1446000000e+04	  1,38335e-01	 -1,90913e-01
5725	  1,1448000000e+04	  1,37775e-01	 -1,92708e-01
5726	  1,1450000000e+04	  1,35889e-01	 -1,95258e-01
5727	  1,1452000000e+04	  1,30624e-01	 -1,93479e-01
5728	  1,1454000000e+04	  1,28036e-01	 -1,94880e-01
5729	  1,1456000000e+04	  1,26034e-01	 -1,98245e-01
5730	  1,1458000000e+04	  1,22817e-01	 -2,01422e-01
5731	  1,1460000000e+04	  1,22796e-01	 -2,03367e-01
5732	  1,1462000000e+04	  1,20411e-01	 -2,04609e-01
5733	  1,1464000000e+04	  1,14907e-01	 -2,04625e-01
5734	  1,1466000000e+04	  1,09065e-01	 -2,06855e-01
5735	  1,1468000000e+04	  1,07609e-01	 -2,06800e-01
5736	  1,1470000000e+04	  1,03951e-01	 -2,05347e-01
5737	  1,1472000000e+04	  1,00755e-01	 -2,05488e-01
5738	  1,1474000000e+04	  9,78242e-02	 -2,04671e-01
5739	  1,1476000000e+04	  9,73094e-02	 -2,06053e-01
5740	  1,1478000000e+04	  9,62716e-02	 -2,10149e-01
5741	  1,1480000000e+04	  9,53431e-02	 -2,08806e-01
5742	  1,1482000000e+04	  9,05174e-02	 -2,08198e-01
5743	  1,1484000000e+04	  8,80295e-02	 -2,12158e-01
5744	  1,1486000000e+04	  8,40399e-02	 -2,11162e-01
5745	  1,1488000000e+04	  8,13124e-02	 -2,11557e-01
5746	  1,1490000000e+04	  8,28235e-02	 -2,09053e-01
5747	  1,1492000000e+04	  8,09785e-02	 -2,08270e-01
5748	  1,1494000000e+04	  7,96112e-02	 -2,08393e-01
5749	  1,1496000000e+04	  7,96664e-02	 -2,10890e-01
5750	  1,1498000000e+04	  7,65853e-02	 -2,11445e-01
5751	  1,1500000000e+04	  7,35888e-02	 -2,13288e-01
5752	  1,1502000000e+04	  7,11942e-02	 -2,12015e-01
5753	  1,1504000000e+04	  7,33188e-02	 -2,09327e-01
5754	  1,1506000000e+04	  7,16774e-02	 -2,11253e-01
5755	  1,1508000000e+04	  7,29138e-02	 -2,15583e-01
5756	  1,1510000000e+04	  6,97841e-02	 -2,17118e-01
5757	  1,1512000000e+04	  6,83622e-02	 -2,17528e-01
5758	  1,1514000000e+04	  6,66032e-02	 -2,18476e-01
5759	  1,1516000000e+04	  6,25226e-02	 -2,17975e-01
5760	  1,1518000000e+04	  6,22205e-02	 -2,20057e-01
5761	  1,1520000000e+04	  6,04531e-02	 -2,21930e-01
5762	  1,1522000000e+04	  5,98726e-02	 -2,23700e-01
5763	  1,1524000000e+04	  5,85143e-02	 -2,23975e-01
5764	  1,1526000000e+04	  5,61131e-02	 -2,25748e-01
5765	  1,1528000000e+04	  5,31569e-02	 -2,27984e-01
5766	  1,1530000000e+04	  5,30650e-02	 -2,28592e-01
5767	  1,1532000000e+04	  4,90695e-02	 -2,32335e-01
5768	  1,1534000000e+04	  4,91009e-02	 -2,30102e-01
5769	  1,1536000000e+04	  4,65501e-02	 -2,29161e-01
5770	  1,1538000000e+04	  4,25131e-02	 -2,31000e-01
5771	  1,1540000000e+04	  3,99378e-02	 -2,32606e-01
5772	  1,1542000000e+04	  3,71102e-02	 -2,36712e-01
5773	  1,1544000000e+04	  3,30699e-02	 -2,35550e-01
5774	  1,1546000000e+04	  2,90375e-02	 -2,34171e-01
5775	  1,1548000000e+04	  2,98838e-02	 -2,33498e-01
5776	  1,1550000000e+04	  2,80582e-02	 -2,34655e-01
5777	  1,1552000000e+04	  2,50249e-02	 -2,36915e-01
5778	  1,1554000000e+04	  2,25262e-02	 -2,38337e-01
5779	  1,1556000000e+04	  2,06945e-02	 -2,35775e-01
5780	  1,1558000000e+04	  1,83062e-02	 -2,35706e-01
5781	  1,1560000000e+04	  1,58197e-02	 -2,35850e-01
5782	  1,1562000000e+04	  1,51755e-02	 -2,37199e-01
5783	  1,1564000000e+04	  1,49362e-02	 -2,38753e-01
5784	  1,1566000000e+04	  1,33077e-02	 -2,36247e-01
5785	  1,1568000000e+04	  7,98455e-03	 -2,33964e-01
5786	  1,1570000000e+04	  2,46132e-03	 -2,35353e-01
5787	  1,1572000000e+04	  3,93409e-03	 -2,38351e-01
5788	  1,1574000000e+04	  7,13712e-03	 -2,38359e-01
5789	  1,1576000000e+04	  3,82860e-03	 -2,38294e-01
5790	  1,1578000000e+04	  1,24495e-04	 -2,42019e-01
5791	  1,1580000000e+04	 -2,41411e-03	 -2,41101e-01
5792	  1,1582000000e+04	 -3,68960e-03	 -2,40458e-01
5793	  1,1584000000e+04	 -3,88633e-03	 -2,41080e-01
5794	  1,1586000000e+04	 -9,62802e-03	 -2,42661e-01
5795	  1,1588000000e+04	 -1,17622e-02	 -2,42974e-01
5796	  1,1590000000e+04	 -1,17484e-02	 -2,43612e-01
5797	  1,1592000000e+04	 -1,51621e-02	 -2,45118e-01
5798	  1,1594000000e+04	 -1,57345e-02	 -2,45191e-01
5799	  1,1596000000e+04	 -1,84615e-02	 -2,47497e-01
5800	  1,1598000000e+04	 -2,22371e-02	 -2,46473e-01
5801	  1,1600000000e+04	 -2,52972e-02	 -2,46469e-01
5802	  1,1602000000e+04	 -2,94147e-02	 -2,43760e-01
5803	  1,1604000000e+04	 -2,89852e-02	 -2,44412e-01
5804	  1,1606000000e+04	 -3,04164e-02	 -2,46429e-01
5805	  1,1608000000e+04	 -3,32278e-02	 -2,48843e-01
5806	  1,1610000000e+04	 -3,78947e-02	 -2,49193e-01
5807	  1,1612000000e+04	 -3,94445e-02	 -2,43923e-01
5808	  1,1614000000e+04	 -3,78829e-02	 -2,43180e-01
5809	  1,1616000000e+04	 -4,07213e-02	 -2,47818e-01
5810	  1,1618000000e+04	 -4,23399e-02	 -2,47302e-01
5811	  1,1620000000e+04	 -4,28276e-02	 -2,46235e-01
5812	  1,1622000000e+04	 -4,56058e-02	 -2,45642e-01
5813	  1,1624000000e+04	 -4,93855e-02	 -2,44446e-01
5814	  1,1626000000e+04	 -5,36775e-02	 -2,44671e-01
5815	  1,1628000000e+04	 -5,59925e-02	 -2,46146e-01
5816	  1,1630000000e+04	 -5,82336e-02	 -2,46775e-01
5817	  1,1632000000e+04	 -5,49163e-02	 -2,46068e-01
5818	  1,1634000000e+04	 -5,30347e-02	 -2,45418e-01
5819	  1,1636000000e+04	 -6,06747e-02	 -2,43643e-01
5820	  1,1638000000e+04	 -6,09934e-02	 -2,43117e-01
5821	  1,1640000000e+04	 -5,88446e-02	 -2,47315e-01
5822	  1,1642000000e+04	 -5,96070e-02	 -2,49883e-01
5823	  1,1644000000e+04	 -6,40330e-02	 -2,48894e-01
5824	  1,1646000000e+04	 -6,67275e-02	 -2,48457e-01
5825	  1,1648000000e+04	 -6,60523e-02	 -2,51248e-01
5826	  1,1650000000e+04	 -6,72151e-02	 -2,51320e-01
5827	  1,1652000000e+04	 -7,05559e-02	 -2,52088e-01
5828	  1,1654000000e+04	 -7,66873e-02	 -2,54039e-01
5829	  1,1656000000e+04	 -8,12515e-02	 -2,57742e-01
5830	  1,1658000000e+04	 -7,81358e-02	 -2,59701e-01
5831	  1,1660000000e+04	 -8,37360e-02	 -2,62066e-01
5832	  1,1662000000e+04	 -8,75244e-02	 -2,62665e-01
5833	  1,1664000000e+04	 -9,00219e-02	 -2,60614e-01
5834	  1,1666000000e+04	 -9,16430e-02	 -2,65338e-01
5835	  1,1668000000e+04	 -9,42989e-02	 -2,66577e-01
5836	  1,1670000000e+04	 -1,00613e-01	 -2,66594e-01
5837	  1,1672000000e+04	 -1,06768e-01	 -2,69198e-01
5838	  1,1674000000e+04	 -1,11580e-01	 -2,69878e-01
5839	  1,1676000000e+04	 -1,16451e-01	 -2,67666e-01
5840	  1,1678000000e+04	 -1,17145e-01	 -2,68526e-01
5841	  1,1680000000e+04	 -1,20699e-01	 -2,67637e-01
5842	  1,1682000000e+04	 -1,24990e-01	 -2,67552e-01
5843	  1,1684000000e+04	 -1,32132e-01	 -2,67209e-01
5844	  1,1686000000e+04	 -1,35755e-01	 -2,67472e-01
5845	  1,1688000000e+04	 -1,38687e-01	 -2,68359e-01
5846	  1,1690000000e+04	 -1,43643e-01	 -2,70045e-01
5847	  1,1692000000e+04	 -1,44159e-01	 -2,67530e-01
5848	  1,1694000000e+04	 -1,50707e-01	 -2,66418e-01
5849	  1,1696000000e+04	 -1,54995e-01	 -2,64641e-01
5850	  1,1698000000e+04	 -1,57055e-01	 -2,64015e-01
5851	  1,1700000000e+04	 -1,60666e-01	 -2,62379e-01
5852	  1,1702000000e+04	 -1,64019e-01	 -2,61694e-01
5853	  1,1704000000e+04	 -1,69308e-01	 -2,59419e-01
5854	  1,1706000000e+04	 -1,71818e-01	 -2,59856e-01
5855	  1,1708000000e+04	 -1,75994e-01	 -2,59837e-01
5856	  1,1710000000e+04	 -1,81384e-01	 -2,57628e-01
5857	  1,1712000000e+04	 -1,87080e-01	 -2,60015e-01
5858	  1,1714000000e+04	 -1,89735e-01	 -2,59464e-01
5859	  1,1716000000e+04	 -1,93959e-01	 -2,57742e-01
5860	  1,1718000000e+04	 -1,96292e-01	 -2,53014e-01
5861	  1,1720000000e+04	 -2,01242e-01	 -2,51253e-01
5862	  1,1722000000e+04	 -2,06158e-01	 -2,52491e-01
5863	  1,1724000000e+04	 -2,09821e-01	 -2,51640e-01
5864	  1,1726000000e+04	 -2,11624e-01	 -2,48705e-01
5865	  1,1728000000e+04	 -2,14951e-01	 -2,47681e-01
5866	  1,1730000000e+04	 -2,22966e-01	 -2,48753e-01
5867	  1,1732000000e+04	 -2,27150e-01	 -2,46051e-01
5868	  1,1734000000e+04	 -2,29470e-01	 -2,43867e-01
5869	  1,1736000000e+04	 -2,34236e-01	 -2,40138e-01
5870	  1,1738000000e+04	 -2,41402e-01	 -2,40098e-01
5871	  1,1740000000e+04	 -2,43056e-01	 -2,39491e-01
5872	  1,1742000000e+04	 -2,46517e-01	 -2,34474e-01
5873	  1,1744000000e+04	 -2,51283e-01	 -2,31759e-01
5874	  1,1746000000e+04	 -2,51758e-01	 -2,30251e-01
5875	  1,1748000000e+04	 -2,57524e-01	 -2,27631e-01
5876	  1,1750000000e+04	 -2,62387e-01	 -2,27556e-01
5877	  1,1752000000e+04	 -2,69048e-01	 -2,26161e-01
5878	  1,1754000000e+04	 -2,69887e-01	 -2,21701e-01
5879	  1,1756000000e+04	 -2,73990e-01	 -2,20259e-01
5880	  1,1758000000e+04	 -2,79728e-01	 -2,16894e-01
5881	  1,1760000000e+04	 -2,84585e-01	 -2,10126e-01
5882	  1,1762000000e+04	 -2,88447e-01	 -2,06711e-01
5883	  1,1764000000e+04	 -2,93219e-01	 -2,06008e-01
5884	  1,1766000000e+04	 -2,94674e-01	 -2,03433e-01
5885	  1,1768000000e+04	 -2,96453e-01	 -1,98735e-01
5886	  1,1770000000e+04	 -3,02216e-01	 -1,97234e-01
5887	  1,1772000000e+04	 -3,05441e-01	 -1,93101e-01
5888	  1,1774000000e+04	 -3,11207e-01	 -1,89148e-01
5889	  1,1776000000e+04	 -3,15054e-01	 -1,88897e-01
5890	  1,1778000000e+04	 -3,17126e-01	 -1,85597e-01
5891	  1,1780000000e+04	 -3,18695e-01	 -1,83278e-01
5892	  1,1782000000e+04	 -3,22917e-01	 -1,78972e-01
5893	  1,1784000000e+04	 -3,24901e-01	 -1,76028e-01
5894	  1,1786000000e+04	 -3,29563e-01	 -1,74521e-01
5895	  1,1788000000e+04	 -3,34967e-01	 -1,71886e-01
5896	  1,1790000000e+04	 -3,37784e-01	 -1,66659e-01
5897	  1,1792000000e+04	 -3,42669e-01	 -1,63188e-01
5898	  1,1794000000e+04	 -3,43121e-01	 -1,59638e-01
5899	  1,1796000000e+04	 -3,48973e-01	 -1,56464e-01
5900	  1,1798000000e+04	 -3,54095e-01	 -1,51901e-01
5901	  1,1800000000e+04	 -3,58877e-01	 -1,42944e-01
5902	  1,1802000000e+04	 -3,64826e-01	 -1,38843e-01
5903	  1,1804000000e+04	 -3,69331e-01	 -1,35837e-01
5904	  1,1806000000e+04	 -3,74376e-01	 -1,30275e-01
5905	  1,1808000000e+04	 -3,78475e-01	 -1,27502e-01
5906	  1,1810000000e+04	 -3,80197e-01	 -1,19914e-01
5907	  1,1812000000e+04	 -3,83232e-01	 -1,14802e-01
5908	  1,1814000000e+04	 -3,85491e-01	 -1,08835e-01
5909	  1,1816000000e+04	 -3,84620e-01	 -1,02608e-01
5910	  1,1818000000e+04	 -3,86344e-01	 -9,53181e-02
5911	  1,1820000000e+04	 -3,91541e-01	 -8,98811e-02
5912	  1,1822000000e+04	 -3,96132e-01	 -8,27329e-02
5913	  1,1824000000e+04	 -3,98349e-01	 -7,83070e-02
5914	  1,1826000000e+04	 -3,97126e-01	 -7,26264e-02
5915	  1,1828000000e+04	 -3,96890e-01	 -6,55971e-02
5916	  1,1830000000e+04	 -3,95716e-01	 -5,80242e-02
5917	  1,1832000000e+04	 -3,99577e-01	 -5,25715e-02
5918	  1,1834000000e+04	 -4,04145e-01	 -4,74927e-02
5919	  1,1836000000e+04	 -4,05553e-01	 -4,02458e-02
5920	  1,1838000000e+04	 -4,05057e-01	 -3,29732e-02
5921	  1,1840000000e+04	 -4,02711e-01	 -2,88695e-02
5922	  1,1842000000e+04	 -4,06044e-01	 -2,44453e-02
5923	  1,1844000000e+04	 -4,07376e-01	 -1,83333e-02
5924	  1,1846000000e+04	 -4,07255e-01	 -1,34696e-02
5925	  1,1848000000e+04	 -4,09817e-01	 -7,71923e-03
5926	  1,1850000000e+04	 -4,10735e-01	 -1,73795e-03
5927	  1,1852000000e+04	 -4,10791e-01	  7,28266e-03
5928	  1,1854000000e+04	 -4,11751e-01	  1,31791e-02
5929	  1,1856000000e+04	 -4,09633e-01	  1,80417e-02
5930	  1,1858000000e+04	 -4,09067e-01	  2,47707e-02
5931	  1,1860000000e+04	 -4,11541e-01	  2,81986e-02
5932	  1,1862000000e+04	 -4,13031e-01	  3,52670e-02
5933	  1,1864000000e+04	 -4,15256e-01	  3,96180e-02
5934	  1,1866000000e+04	 -4,11957e-01	  4,61073e-02
5935	  1,1868000000e+04	 -4,11173e-01	  5,25779e-02
5936	  1,1870000000e+04	 -4,11791e-01	  5,90990e-02
5937	  1,1872000000e+04	 -4,11563e-01	  6,58611e-02
5938	  1,1874000000e+04	 -4,10085e-01	  7,09994e-02
5939	  1,1876000000e+04	 -4,10083e-01	  7,58501e-02
5940	  1,1878000000e+04	 -4,11587e-01	  8,30642e-02
5941	  1,1880000000e+04	 -4,11230e-01	  9,35276e-02
5942	  1,1882000000e+04	 -4,08591e-01	  9,68203e-02
5943	  1,1884000000e+04	 -4,05422e-01	  1,03932e-01
5944	  1,1886000000e+04	 -4,04104e-01	  1,11319e-01
5945	  1,1888000000e+04	 -4,02871e-01	  1,18656e-01
5946	  1,1890000000e+04	 -4,02004e-01	  1,21090e-01
5947	  1,1892000000e+04	 -3,97724e-01	  1,25059e-01
5948	  1,1894000000e+04	 -3,94669e-01	  1,29712e-01
5949	  1,1896000000e+04	 -3,95612e-01	  1,34888e-01
5950	  1,1898000000e+04	 -3,92912e-01	  1,43817e-01
5951	  1,1900000000e+04	 -3,88235e-01	  1,48055e-01
5952	  1,1902000000e+04	 -3,85997e-01	  1,53552e-01
5953	  1,1904000000e+04	 -3,84107e-01	  1,60160e-01
5954	  1,1906000000e+04	 -3,81450e-01	  1,62758e-01
5955	  1,1908000000e+04	 -3,81692e-01	  1,66483e-01
5956	  1,1910000000e+04	 -3,78161e-01	  1,71708e-01
5957	  1,1912000000e+04	 -3,78531e-01	  1,77579e-01
5958	  1,1914000000e+04	 -3,75396e-01	  1,84234e-01
5959	  1,1916000000e+04	 -3,69927e-01	  1,87254e-01
5960	  1,1918000000e+04	 -3,65510e-01	  1,87386e-01
5961	  1,1920000000e+04	 -3,66649e-01	  1,92772e-01
5962	  1,1922000000e+04	 -3,66374e-01	  2,02107e-01
5963	  1,1924000000e+04	 -3,62388e-01	  2,05477e-01
5964	  1,1926000000e+04	 -3,59203e-01	  2,09785e-01
5965	  1,1928000000e+04	 -3,59173e-01	  2,16499e-01
5966	  1,1930000000e+04	 -3,57566e-01	  2,21079e-01
5967	  1,1932000000e+04	 -3,56951e-01	  2,27236e-01
5968	  1,1934000000e+04	 -3,58149e-01	  2,33054e-01
5969	  1,1936000000e+04	 -3,51745e-01	  2,37331e-01
5970	  1,1938000000e+04	 -3,47575e-01	  2,42178e-01
5971	  1,1940000000e+04	 -3,41945e-01	  2,50169e-01
5972	  1,1942000000e+04	 -3,37567e-01	  2,56474e-01
5973	  1,1944000000e+04	 -3,37410e-01	  2,59405e-01
5974	  1,1946000000e+04	 -3,32482e-01	  2,64007e-01
5975	  1,1948000000e+04	 -3,27825e-01	  2,74153e-01
5976	  1,1950000000e+04	 -3,25856e-01	  2,77211e-01
5977	  1,1952000000e+04	 -3,20249e-01	  2,78015e-01
5978	  1,1954000000e+04	 -3,16842e-01	  2,81517e-01
5979	  1,1956000000e+04	 -3,14958e-01	  2,88674e-01
5980	  1,1958000000e+04	 -3,10536e-01	  2,94054e-01
5981	  1,1960000000e+04	 -3,05279e-01	  2,98022e-01
5982	  1,1962000000e+04	 -2,95861e-01	  3,04564e-01
5983	  1,1964000000e+04	 -2,92140e-01	  3,06447e-01
5984	  1,1966000000e+04	 -2,85762e-01	  3,10860e-01
5985	  1,1968000000e+04	 -2,81473e-01	  3,15902e-01
5986	  1,1970000000e+04	 -2,76259e-01	  3,17165e-01
5987	  1,1972000000e+04	 -2,68805e-01	  3,19770e-01
5988	  1,1974000000e+04	 -2,61783e-01	  3,23808e-01
5989	  1,1976000000e+04	 -2,55870e-01	  3,27809e-01
5990	  1,1978000000e+04	 -2,52689e-01	  3,27373e-01
5991	  1,1980000000e+04	 -2,49317e-01	  3,31006e-01
5992	  1,1982000000e+04	 -2,42795e-01	  3,32034e-01
5993	  1,1984000000e+04	 -2,37697e-01	  3,34040e-01
5994	  1,1986000000e+04	 -2,33040e-01	  3,36724e-01
5995	  1,1988000000e+04	 -2,26867e-01	  3,37434e-01
5996	  1,1990000000e+04	 -2,22768e-01	  3,40667e-01
5997	  1,1992000000e+04	 -2,19822e-01	  3,43308e-01
5998	  1,1994000000e+04	 -2,15469e-01	  3,43814e-01
5999	  1,1996000000e+04	 -2,09752e-01	  3,46331e-01
6000	  1,1998000000e+04	 -2,03712e-01	  3,47757e-01
6001	  1,2000000000e+04	 -2,03201e-01	  3,48366e-01
6002	  1,2002000000e+04	 -1,98231e-01	  3,50008e-01
6003	  1,2004000000e+04	 -1,95160e-01	  3,49976e-01
6004	  1,2006000000e+04	 -1,91858e-01	  3,51698e-01
6005	  1,2008000000e+04	 -1,83109e-01	  3,56181e-01
6006	  1,2010000000e+04	 -1,77870e-01	  3,56917e-01
6007	  1,2012000000e+04	 -1,77598e-01	  3,53832e-01
6008	  1,2014000000e+04	 -1,75053e-01	  3,55374e-01
6009	  1,2016000000e+04	 -1,68124e-01	  3,58634e-01
6010	  1,2018000000e+04	 -1,63343e-01	  3,62945e-01
6011	  1,2020000000e+04	 -1,58335e-01	  3,64223e-01
6012	  1,2022000000e+04	 -1,54613e-01	  3,66597e-01
6013	  1,2024000000e+04	 -1,51175e-01	  3,68609e-01
6014	  1,2026000000e+04	 -1,44761e-01	  3,67841e-01
6015	  1,2028000000e+04	 -1,40724e-01	  3,66221e-01
6016	  1,2030000000e+04	 -1,35322e-01	  3,67735e-01
6017	  1,2032000000e+04	 -1,31839e-01	  3,67430e-01
6018	  1,2034000000e+04	 -1,29015e-01	  3,67801e-01
6019	  1,2036000000e+04	 -1,25132e-01	  3,71310e-01
6020	  1,2038000000e+04	 -1,18952e-01	  3,70911e-01
6021	  1,2040000000e+04	 -1,12006e-01	  3,71945e-01
6022	  1,2042000000e+04	 -1,09670e-01	  3,70839e-01
6023	  1,2044000000e+04	 -1,05475e-01	  3,71275e-01
6024	  1,2046000000e+04	 -1,02731e-01	  3,70412e-01
6025	  1,2048000000e+04	 -9,88920e-02	  3,69443e-01
6026	  1,2050000000e+04	 -9,23172e-02	  3,69580e-01
6027	  1,2052000000e+04	 -9,36713e-02	  3,71264e-01
6028	  1,2054000000e+04	 -9,18766e-02	  3,70597e-01
6029	  1,2056000000e+04	 -8,73794e-02	  3,70498e-01
6030	  1,2058000000e+04	 -8,09374e-02	  3,73792e-01
6031	  1,2060000000e+04	 -8,02989e-02	  3,76181e-01
6032	  1,2062000000e+04	 -7,42672e-02	  3,74960e-01
6033	  1,2064000000e+04	 -6,93061e-02	  3,77406e-01
6034	  1,2066000000e+04	 -6,68413e-02	  3,75917e-01
6035	  1,2068000000e+04	 -6,54816e-02	  3,75822e-01
6036	  1,2070000000e+04	 -6,16872e-02	  3,79167e-01
6037	  1,2072000000e+04	 -5,46492e-02	  3,80081e-01
6038	  1,2074000000e+04	 -5,05150e-02	  3,82091e-01
6039	  1,2076000000e+04	 -4,43675e-02	  3,83428e-01
6040	  1,2078000000e+04	 -4,18573e-02	  3,81357e-01
6041	  1,2080000000e+04	 -3,71938e-02	  3,81641e-01
6042	  1,2082000000e+04	 -3,14726e-02	  3,80944e-01
6043	  1,2084000000e+04	 -3,15414e-02	  3,81672e-01
6044	  1,2086000000e+04	 -2,57197e-02	  3,81886e-01
6045	  1,2088000000e+04	 -1,75437e-02	  3,83499e-01
6046	  1,2090000000e+04	 -1,52349e-02	  3,85427e-01
6047	  1,2092000000e+04	 -1,15015e-02	  3,82368e-01
6048	  1,2094000000e+04	 -9,74701e-03	  3,80487e-01
6049	  1,2096000000e+04	 -3,67590e-03	  3,78327e-01
6050	  1,2098000000e+04	  4,67071e-04	  3,80001e-01
6051	  1,2100000000e+04	  4,38834e-03	  3,82764e-01
6052	  1,2102000000e+04	  6,52368e-03	  3,80675e-01
6053	  1,2104000000e+04	  1,06500e-02	  3,78625e-01
6054	  1,2106000000e+04	  1,51013e-02	  3,76185e-01
6055	  1,2108000000e+04	  1,76979e-02	  3,76142e-01
6056	  1,2110000000e+04	  2,17616e-02	  3,75802e-01
6057	  1,2112000000e+04	  2,59616e-02	  3,72878e-01
6058	  1,2114000000e+04	  2,70628e-02	  3,74091e-01
6059	  1,2116000000e+04	  3,03035e-02	  3,74816e-01
6060	  1,2118000000e+04	  3,43291e-02	  3,73929e-01
6061	  1,2120000000e+04	  3,55795e-02	  3,75542e-01
6062	  1,2122000000e+04	  3,98942e-02	  3,76750e-01
6063	  1,2124000000e+04	  4,24456e-02	  3,72742e-01
6064	  1,2126000000e+04	  4,64044e-02	  3,69305e-01
6065	  1,2128000000e+04	  4,96084e-02	  3,71129e-01
6066	  1,2130000000e+04	  5,23280e-02	  3,69529e-01
6067	  1,2132000000e+04	  5,81840e-02	  3,67848e-01
6068	  1,2134000000e+04	  6,03155e-02	  3,64779e-01
6069	  1,2136000000e+04	  6,25806e-02	  3,67539e-01
6070	  1,2138000000e+04	  6,57482e-02	  3,71350e-01
6071	  1,2140000000e+04	  6,79868e-02	  3,71942e-01
6072	  1,2142000000e+04	  7,02714e-02	  3,72839e-01
6073	  1,2144000000e+04	  7,27747e-02	  3,71810e-01
6074	  1,2146000000e+04	  7,54467e-02	  3,72393e-01
6075	  1,2148000000e+04	  8,30743e-02	  3,70620e-01
6076	  1,2150000000e+04	  8,83736e-02	  3,67412e-01
6077	  1,2152000000e+04	  9,19014e-02	  3,66896e-01
6078	  1,2154000000e+04	  9,44029e-02	  3,68574e-01
6079	  1,2156000000e+04	  9,53895e-02	  3,68948e-01
6080	  1,2158000000e+04	  1,00222e-01	  3,66485e-01
6081	  1,2160000000e+04	  1,06401e-01	  3,63924e-01
6082	  1,2162000000e+04	  1,08458e-01	  3,63383e-01
6083	  1,2164000000e+04	  1,10571e-01	  3,63771e-01
6084	  1,2166000000e+04	  1,14503e-01	  3,63473e-01
6085	  1,2168000000e+04	  1,20477e-01	  3,65335e-01
6086	  1,2170000000e+04	  1,21841e-01	  3,64761e-01
6087	  1,2172000000e+04	  1,23462e-01	  3,60828e-01
6088	  1,2174000000e+04	  1,26293e-01	  3,62915e-01
6089	  1,2176000000e+04	  1,26108e-01	  3,63745e-01
6090	  1,2178000000e+04	  1,29261e-01	  3,63570e-01
6091	  1,2180000000e+04	  1,38278e-01	  3,62181e-01
6092	  1,2182000000e+04	  1,37960e-01	  3,62999e-01
6093	  1,2184000000e+04	  1,43574e-01	  3,63313e-01
6094	  1,2186000000e+04	  1,49893e-01	  3,63594e-01
6095	  1,2188000000e+04	  1,50806e-01	  3,63135e-01
6096	  1,2190000000e+04	  1,55969e-01	  3,63133e-01
6097	  1,2192000000e+04	  1,61546e-01	  3,60753e-01
6098	  1,2194000000e+04	  1,66852e-01	  3,59302e-01
6099	  1,2196000000e+04	  1,69884e-01	  3,58930e-01
6100	  1,2198000000e+04	  1,71978e-01	  3,56091e-01
6101	  1,2200000000e+04	  1,77486e-01	  3,57294e-01
6102	  1,2202000000e+04	  1,81684e-01	  3,56091e-01
6103	  1,2204000000e+04	  1,88245e-01	  3,55990e-01
6104	  1,2206000000e+04	  1,91679e-01	  3,53002e-01
6105	  1,2208000000e+04	  1,93963e-01	  3,48601e-01
6106	  1,2210000000e+04	  1,96393e-01	  3,47290e-01
6107	  1,2212000000e+04	  2,00298e-01	  3,46951e-01
6108	  1,2214000000e+04	  2,03247e-01	  3,45019e-01
6109	  1,2216000000e+04	  2,10555e-01	  3,47286e-01
6110	  1,2218000000e+04	  2,16830e-01	  3,45715e-01
6111	  1,2220000000e+04	  2,20158e-01	  3,41997e-01
6112	  1,2222000000e+04	  2,25083e-01	  3,40487e-01
6113	  1,2224000000e+04	  2,29686e-01	  3,42139e-01
6114	  1,2226000000e+04	  2,31477e-01	  3,41077e-01
6115	  1,2228000000e+04	  2,33637e-01	  3,40138e-01
6116	  1,2230000000e+04	  2,39719e-01	  3,36163e-01
6117	  1,2232000000e+04	  2,41089e-01	  3,33246e-01
6118	  1,2234000000e+04	  2,44833e-01	  3,32550e-01
6119	  1,2236000000e+04	  2,53136e-01	  3,30293e-01
6120	  1,2238000000e+04	  2,57973e-01	  3,29806e-01
6121	  1,2240000000e+04	  2,58789e-01	  3,26912e-01
6122	  1,2242000000e+04	  2,62283e-01	  3,22757e-01
6123	  1,2244000000e+04	  2,69753e-01	  3,21982e-01
6124	  1,2246000000e+04	  2,71372e-01	  3,22614e-01
6125	  1,2248000000e+04	  2,73477e-01	  3,19437e-01
6126	  1,2250000000e+04	  2,81035e-01	  3,19607e-01
6127	  1,2252000000e+04	  2,85681e-01	  3,16701e-01
6128	  1,2254000000e+04	  2,90443e-01	  3,10858e-01
6129	  1,2256000000e+04	  2,95879e-01	  3,07947e-01
6130	  1,2258000000e+04	  2,99658e-01	  3,05541e-01
6131	  1,2260000000e+04	  3,03144e-01	  3,03091e-01
6132	  1,2262000000e+04	  3,07681e-01	  3,02622e-01
6133	  1,2264000000e+04	  3,14538e-01	  3,01928e-01
6134	  1,2266000000e+04	  3,20944e-01	  2,97423e-01
6135	  1,2268000000e+04	  3,23157e-01	  2,93158e-01
6136	  1,2270000000e+04	  3,27767e-01	  2,89237e-01
6137	  1,2272000000e+04	  3,32551e-01	  2,85686e-01
6138	  1,2274000000e+04	  3,32140e-01	  2,83127e-01
6139	  1,2276000000e+04	  3,37216e-01	  2,78198e-01
6140	  1,2278000000e+04	  3,41032e-01	  2,71268e-01
6141	  1,2280000000e+04	  3,43018e-01	  2,68184e-01
6142	  1,2282000000e+04	  3,48955e-01	  2,68363e-01
6143	  1,2284000000e+04	  3,52908e-01	  2,64755e-01
6144	  1,2286000000e+04	  3,54525e-01	  2,59551e-01
6145	  1,2288000000e+04	  3,57314e-01	  2,56601e-01
6146	  1,2290000000e+04	  3,58857e-01	  2,50167e-01
6147	  1,2292000000e+04	  3,61137e-01	  2,47832e-01
6148	  1,2294000000e+04	  3,65499e-01	  2,42958e-01
6149	  1,2296000000e+04	  3,69077e-01	  2,39563e-01
6150	  1,2298000000e+04	  3,67787e-01	  2,38476e-01
6151	  1,2300000000e+04	  3,75119e-01	  2,33265e-01
6152	  1,2302000000e+04	  3,80413e-01	  2,32853e-01
6153	  1,2304000000e+04	  3,81407e-01	  2,32338e-01
6154	  1,2306000000e+04	  3,85369e-01	  2,29510e-01
6155	  1,2308000000e+04	  3,88393e-01	  2,25594e-01
6156	  1,2310000000e+04	  3,94380e-01	  2,19775e-01
6157	  1,2312000000e+04	  3,94256e-01	  2,17584e-01
6158	  1,2314000000e+04	  3,97759e-01	  2,13302e-01
6159	  1,2316000000e+04	  4,03940e-01	  2,08566e-01
6160	  1,2318000000e+04	  4,06182e-01	  2,06597e-01
6161	  1,2320000000e+04	  4,08323e-01	  2,02654e-01
6162	  1,2322000000e+04	  4,14686e-01	  1,97746e-01
6163	  1,2324000000e+04	  4,18180e-01	  1,89445e-01
6164	  1,2326000000e+04	  4,20202e-01	  1,83090e-01
6165	  1,2328000000e+04	  4,22543e-01	  1,81870e-01
6166	  1,2330000000e+04	  4,27695e-01	  1,81450e-01
6167	  1,2332000000e+04	  4,33604e-01	  1,75675e-01
6168	  1,2334000000e+04	  4,36221e-01	  1,69942e-01
6169	  1,2336000000e+04	  4,39475e-01	  1,66493e-01
6170	  1,2338000000e+04	  4,43579e-01	  1,63014e-01
6171	  1,2340000000e+04	  4,46006e-01	  1,56626e-01
6172	  1,2342000000e+04	  4,47527e-01	  1,52524e-01
6173	  1,2344000000e+04	  4,48431e-01	  1,49741e-01
6174	  1,2346000000e+04	  4,48871e-01	  1,40817e-01
6175	  1,2348000000e+04	  4,52500e-01	  1,36949e-01
6176	  1,2350000000e+04	  4,52566e-01	  1,32313e-01
6177	  1,2352000000e+04	  4,56570e-01	  1,27720e-01
6178	  1,2354000000e+04	  4,64072e-01	  1,22834e-01
6179	  1,2356000000e+04	  4,67979e-01	  1,16679e-01
6180	  1,2358000000e+04	  4,65586e-01	  1,12861e-01
6181	  1,2360000000e+04	  4,70180e-01	  1,07339e-01
6182	  1,2362000000e+04	  4,73130e-01	  9,95122e-02
6183	  1,2364000000e+04	  4,76364e-01	  9,50407e-02
6184	  1,2366000000e+04	  4,79225e-01	  9,02902e-02
6185	  1,2368000000e+04	  4,79570e-01	  8,50453e-02
6186	  1,2370000000e+04	  4,82372e-01	  7,95571e-02
6187	  1,2372000000e+04	  4,87415e-01	  7,31002e-02
6188	  1,2374000000e+04	  4,90476e-01	  6,71423e-02
6189	  1,2376000000e+04	  4,93018e-01	  6,10310e-02
6190	  1,2378000000e+04	  4,93640e-01	  5,50350e-02
6191	  1,2380000000e+04	  4,95804e-01	  4,85223e-02
6192	  1,2382000000e+04	  4,96699e-01	  4,49856e-02
6193	  1,2384000000e+04	  5,00047e-01	  3,67475e-02
6194	  1,2386000000e+04	  5,01901e-01	  2,93741e-02
6195	  1,2388000000e+04	  4,98898e-01	  2,57517e-02
6196	  1,2390000000e+04	  4,99994e-01	  1,73892e-02
6197	  1,2392000000e+04	  5,05673e-01	  9,09474e-03
6198	  1,2394000000e+04	  5,09368e-01	 -3,63001e-04
6199	  1,2396000000e+04	  5,10817e-01	 -8,24232e-03
6200	  1,2398000000e+04	  5,10386e-01	 -1,33642e-02
6201	  1,2400000000e+04	  5,12037e-01	 -1,99358e-02
6202	  1,2402000000e+04	  5,12080e-01	 -2,56910e-02
6203	  1,2404000000e+04	  5,11819e-01	 -3,11444e-02
6204	  1,2406000000e+04	  5,11183e-01	 -3,68620e-02
6205	  1,2408000000e+04	  5,09217e-01	 -4,67428e-02
6206	  1,2410000000e+04	  5,10434e-01	 -5,11209e-02
6207	  1,2412000000e+04	  5,10404e-01	 -5,78686e-02
6208	  1,2414000000e+04	  5,06637e-01	 -6,65229e-02
6209	  1,2416000000e+04	  5,06942e-01	 -6,93078e-02
6210	  1,2418000000e+04	  5,06348e-01	 -7,51972e-02
6211	  1,2420000000e+04	  5,04725e-01	 -7,93440e-02
6212	  1,2422000000e+04	  5,02367e-01	 -8,85687e-02
6213	  1,2424000000e+04	  5,03632e-01	 -9,23467e-02
6214	  1,2426000000e+04	  5,05960e-01	 -9,66757e-02
6215	  1,2428000000e+04	  5,05140e-01	 -9,99137e-02
6216	  1,2430000000e+04	  5,03940e-01	 -1,08136e-01
6217	  1,2432000000e+04	  5,04070e-01	 -1,14579e-01
6218	  1,2434000000e+04	  5,05583e-01	 -1,16797e-01
6219	  1,2436000000e+04	  5,07280e-01	 -1,23082e-01
6220	  1,2438000000e+04	  5,10287e-01	 -1,29182e-01
6221	  1,2440000000e+04	  5,11633e-01	 -1,35735e-01
6222	  1,2442000000e+04	  5,09469e-01	 -1,43746e-01
6223	  1,2444000000e+04	  5,07206e-01	 -1,51844e-01
6224	  1,2446000000e+04	  5,10705e-01	 -1,61059e-01
6225	  1,2448000000e+04	  5,09945e-01	 -1,67962e-01
6226	  1,2450000000e+04	  5,07308e-01	 -1,71981e-01
6227	  1,2452000000e+04	  5,07307e-01	 -1,79948e-01
6228	  1,2454000000e+04	  5,10012e-01	 -1,90079e-01
6229	  1,2456000000e+04	  5,10497e-01	 -1,96664e-01
6230	  1,2458000000e+04	  5,09751e-01	 -2,05773e-01
6231	  1,2460000000e+04	  5,06117e-01	 -2,14804e-01
6232	  1,2462000000e+04	  5,05504e-01	 -2,20440e-01
6233	  1,2464000000e+04	  5,00091e-01	 -2,28931e-01
6234	  1,2466000000e+04	  4,94740e-01	 -2,37325e-01
6235	  1,2468000000e+04	  4,92239e-01	 -2,42045e-01
6236	  1,2470000000e+04	  4,90552e-01	 -2,49953e-01
6237	  1,2472000000e+04	  4,86748e-01	 -2,59973e-01
6238	  1,2474000000e+04	  4,80931e-01	 -2,68887e-01
6239	  1,2476000000e+04	  4,78697e-01	 -2,76558e-01
6240	  1,2478000000e+04	  4,75546e-01	 -2,82082e-01
6241	  1,2480000000e+04	  4,70245e-01	 -2,87212e-01
6242	  1,2482000000e+04	  4,68022e-01	 -2,93519e-01
6243	  1,2484000000e+04	  4,64746e-01	 -2,99303e-01
6244	  1,2486000000e+04	  4,63544e-01	 -3,05839e-01
6245	  1,2488000000e+04	  4,56875e-01	 -3,12382e-01
6246	  1,2490000000e+04	  4,50857e-01	 -3,16813e-01
6247	  1,2492000000e+04	  4,50857e-01	 -3,24437e-01
6248	  1,2494000000e+04	  4,48534e-01	 -3,31617e-01
6249	  1,2496000000e+04	  4,44985e-01	 -3,33127e-01
6250	  1,2498000000e+04	  4,37783e-01	 -3,41644e-01
6251	  1,2500000000e+04	  4,36395e-01	 -3,49429e-01
6252	  1,2502000000e+04	  4,32700e-01	 -3,55229e-01
6253	  1,2504000000e+04	  4,29726e-01	 -3,60685e-01
6254	  1,2506000000e+04	  4,24319e-01	 -3,67622e-01
6255	  1,2508000000e+04	  4,20785e-01	 -3,76152e-01
6256	  1,2510000000e+04	  4,15518e-01	 -3,83256e-01
6257	  1,2512000000e+04	  4,09363e-01	 -3,88582e-01
6258	  1,2514000000e+04	  4,04866e-01	 -3,96045e-01
6259	  1,2516000000e+04	  4,05008e-01	 -4,03410e-01
6260	  1,2518000000e+04	  3,98002e-01	 -4,08829e-01
6261	  1,2520000000e+04	  3,91313e-01	 -4,14345e-01
6262	  1,2522000000e+04	  3,84008e-01	 -4,19338e-01
6263	  1,2524000000e+04	  3,74533e-01	 -4,26668e-01
6264	  1,2526000000e+04	  3,66755e-01	 -4,31174e-01
6265	  1,2528000000e+04	  3,61541e-01	 -4,38500e-01
6266	  1,2530000000e+04	  3,53422e-01	 -4,46158e-01
6267	  1,2532000000e+04	  3,47292e-01	 -4,50241e-01
6268	  1,2534000000e+04	  3,40544e-01	 -4,54978e-01
6269	  1,2536000000e+04	  3,34819e-01	 -4,57092e-01
6270	  1,2538000000e+04	  3,27546e-01	 -4,59611e-01
6271	  1,2540000000e+04	  3,22192e-01	 -4,62335e-01
6272	  1,2542000000e+04	  3,17247e-01	 -4,64387e-01
6273	  1,2544000000e+04	  3,08545e-01	 -4,66264e-01
6274	  1,2546000000e+04	  3,03397e-01	 -4,72471e-01
6275	  1,2548000000e+04	  2,96780e-01	 -4,74320e-01
6276	  1,2550000000e+04	  2,91508e-01	 -4,75609e-01
6277	  1,2552000000e+04	  2,85419e-01	 -4,78986e-01
6278	  1,2554000000e+04	  2,79458e-01	 -4,84927e-01
6279	  1,2556000000e+04	  2,76657e-01	 -4,88932e-01
6280	  1,2558000000e+04	  2,70912e-01	 -4,88990e-01
6281	  1,2560000000e+04	  2,66491e-01	 -4,92668e-01
6282	  1,2562000000e+04	  2,61315e-01	 -4,96211e-01
6283	  1,2564000000e+04	  2,55581e-01	 -5,03112e-01
6284	  1,2566000000e+04	  2,49586e-01	 -5,07201e-01
6285	  1,2568000000e+04	  2,43855e-01	 -5,13307e-01
6286	  1,2570000000e+04	  2,37315e-01	 -5,14491e-01
6287	  1,2572000000e+04	  2,29810e-01	 -5,15588e-01
6288	  1,2574000000e+04	  2,24399e-01	 -5,20207e-01
6289	  1,2576000000e+04	  2,17964e-01	 -5,24953e-01
6290	  1,2578000000e+04	  2,07313e-01	 -5,27600e-01
6291	  1,2580000000e+04	  1,98829e-01	 -5,28914e-01
6292	  1,2582000000e+04	  1,93384e-01	 -5,28062e-01
6293	  1,2584000000e+04	  1,86668e-01	 -5,32015e-01
6294	  1,2586000000e+04	  1,76601e-01	 -5,35733e-01
6295	  1,2588000000e+04	  1,67863e-01	 -5,38108e-01
6296	  1,2590000000e+04	  1,63676e-01	 -5,38400e-01
6297	  1,2592000000e+04	  1,54416e-01	 -5,39634e-01
6298	  1,2594000000e+04	  1,45232e-01	 -5,41670e-01
6299	  1,2596000000e+04	  1,42250e-01	 -5,41004e-01
6300	  1,2598000000e+04	  1,36605e-01	 -5,41816e-01
6301	  1,2600000000e+04	  1,29078e-01	 -5,41854e-01
6302	  1,2602000000e+04	  1,23034e-01	 -5,41673e-01
6303	  1,2604000000e+04	  1,14706e-01	 -5,40167e-01
6304	  1,2606000000e+04	  1,10736e-01	 -5,37947e-01
6305	  1,2608000000e+04	  1,02514e-01	 -5,40031e-01
6306	  1,2610000000e+04	  9,80443e-02	 -5,40669e-01
6307	  1,2612000000e+04	  9,57187e-02	 -5,38801e-01
6308	  1,2614000000e+04	  9,09066e-02	 -5,39657e-01
6309	  1,2616000000e+04	  8,54468e-02	 -5,42721e-01
6310	  1,2618000000e+04	  8,10939e-02	 -5,44641e-01
6311	  1,2620000000e+04	  7,31053e-02	 -5,45794e-01
6312	  1,2622000000e+04	  7,08882e-02	 -5,47282e-01
6313	  1,2624000000e+04	  6,54104e-02	 -5,49026e-01
6314	  1,2626000000e+04	  5,71631e-02	 -5,55207e-01
6315	  1,2628000000e+04	  5,06945e-02	 -5,57157e-01
6316	  1,2630000000e+04	  4,58613e-02	 -5,56900e-01
6317	  1,2632000000e+04	  3,58038e-02	 -5,60176e-01
6318	  1,2634000000e+04	  2,90993e-02	 -5,60434e-01
6319	  1,2636000000e+04	  2,30679e-02	 -5,61480e-01
6320	  1,2638000000e+04	  1,54191e-02	 -5,62553e-01
6321	  1,2640000000e+04	  8,94983e-03	 -5,59095e-01
6322	  1,2642000000e+04	 -1,97411e-03	 -5,59565e-01
6323	  1,2644000000e+04	 -7,06887e-03	 -5,60106e-01
6324	  1,2646000000e+04	 -1,07179e-02	 -5,62996e-01
6325	  1,2648000000e+04	 -1,82544e-02	 -5,63020e-01
6326	  1,2650000000e+04	 -2,61523e-02	 -5,64677e-01
6327	  1,2652000000e+04	 -3,19773e-02	 -5,59157e-01
6328	  1,2654000000e+04	 -3,83916e-02	 -5,57785e-01
6329	  1,2656000000e+04	 -4,44020e-02	 -5,56936e-01
6330	  1,2658000000e+04	 -5,02361e-02	 -5,57572e-01
6331	  1,2660000000e+04	 -5,66584e-02	 -5,57371e-01
6332	  1,2662000000e+04	 -6,00931e-02	 -5,57937e-01
6333	  1,2664000000e+04	 -6,84673e-02	 -5,57557e-01
6334	  1,2666000000e+04	 -7,63909e-02	 -5,56967e-01
6335	  1,2668000000e+04	 -7,85854e-02	 -5,55223e-01
6336	  1,2670000000e+04	 -8,22892e-02	 -5,54805e-01
6337	  1,2672000000e+04	 -8,88472e-02	 -5,53058e-01
6338	  1,2674000000e+04	 -9,91150e-02	 -5,51175e-01
6339	  1,2676000000e+04	 -1,05429e-01	 -5,50823e-01
6340	  1,2678000000e+04	 -1,09225e-01	 -5,50636e-01
6341	  1,2680000000e+04	 -1,16770e-01	 -5,51350e-01
6342	  1,2682000000e+04	 -1,21836e-01	 -5,51641e-01
6343	  1,2684000000e+04	 -1,28965e-01	 -5,51076e-01
6344	  1,2686000000e+04	 -1,34965e-01	 -5,51009e-01
6345	  1,2688000000e+04	 -1,40712e-01	 -5,50714e-01
6346	  1,2690000000e+04	 -1,47306e-01	 -5,49484e-01
6347	  1,2692000000e+04	 -1,52619e-01	 -5,49070e-01
6348	  1,2694000000e+04	 -1,59161e-01	 -5,49860e-01
6349	  1,2696000000e+04	 -1,66375e-01	 -5,47217e-01
6350	  1,2698000000e+04	 -1,76587e-01	 -5,43923e-01
6351	  1,2700000000e+04	 -1,79420e-01	 -5,43052e-01
6352	  1,2702000000e+04	 -1,84963e-01	 -5,41712e-01
6353	  1,2704000000e+04	 -1,95827e-01	 -5,40486e-01
6354	  1,2706000000e+04	 -2,01656e-01	 -5,38806e-01
6355	  1,2708000000e+04	 -2,07213e-01	 -5,40012e-01
6356	  1,2710000000e+04	 -2,14223e-01	 -5,38232e-01
6357	  1,2712000000e+04	 -2,21217e-01	 -5,36306e-01
6358	  1,2714000000e+04	 -2,24516e-01	 -5,31400e-01
6359	  1,2716000000e+04	 -2,30908e-01	 -5,29274e-01
6360	  1,2718000000e+04	 -2,36742e-01	 -5,28299e-01
6361	  1,2720000000e+04	 -2,44998e-01	 -5,26275e-01
6362	  1,2722000000e+04	 -2,49036e-01	 -5,24819e-01
6363	  1,2724000000e+04	 -2,56284e-01	 -5,22280e-01
6364	  1,2726000000e+04	 -2,62764e-01	 -5,19071e-01
6365	  1,2728000000e+04	 -2,68877e-01	 -5,14205e-01
6366	  1,2730000000e+04	 -2,75638e-01	 -5,15687e-01
6367	  1,2732000000e+04	 -2,80091e-01	 -5,11398e-01
6368	  1,2734000000e+04	 -2,88011e-01	 -5,07580e-01
6369	  1,2736000000e+04	 -2,94210e-01	 -5,06443e-01
6370	  1,2738000000e+04	 -2,99607e-01	 -5,01687e-01
6371	  1,2740000000e+04	 -3,06561e-01	 -4,97823e-01
6372	  1,2742000000e+04	 -3,12465e-01	 -5,00134e-01
6373	  1,2744000000e+04	 -3,17200e-01	 -4,97116e-01
6374	  1,2746000000e+04	 -3,26226e-01	 -4,94370e-01
6375	  1,2748000000e+04	 -3,30107e-01	 -4,92808e-01
6376	  1,2750000000e+04	 -3,38668e-01	 -4,91122e-01
6377	  1,2752000000e+04	 -3,45169e-01	 -4,89244e-01
6378	  1,2754000000e+04	 -3,52592e-01	 -4,84653e-01
6379	  1,2756000000e+04	 -3,57072e-01	 -4,83321e-01
6380	  1,2758000000e+04	 -3,65920e-01	 -4,82292e-01
6381	  1,2760000000e+04	 -3,75055e-01	 -4,78076e-01
6382	  1,2762000000e+04	 -3,81783e-01	 -4,75201e-01
6383	  1,2764000000e+04	 -3,91045e-01	 -4,71086e-01
6384	  1,2766000000e+04	 -3,99589e-01	 -4,64944e-01
6385	  1,2768000000e+04	 -4,05646e-01	 -4,61630e-01
6386	  1,2770000000e+04	 -4,13161e-01	 -4,61383e-01
6387	  1,2772000000e+04	 -4,23240e-01	 -4,54840e-01
6388	  1,2774000000e+04	 -4,30125e-01	 -4,47140e-01
6389	  1,2776000000e+04	 -4,38382e-01	 -4,41959e-01
6390	  1,2778000000e+04	 -4,43528e-01	 -4,31999e-01
6391	  1,2780000000e+04	 -4,46176e-01	 -4,27375e-01
6392	  1,2782000000e+04	 -4,52614e-01	 -4,23120e-01
6393	  1,2784000000e+04	 -4,60420e-01	 -4,18779e-01
6394	  1,2786000000e+04	 -4,69458e-01	 -4,12138e-01
6395	  1,2788000000e+04	 -4,73188e-01	 -4,02497e-01
6396	  1,2790000000e+04	 -4,78388e-01	 -3,96407e-01
6397	  1,2792000000e+04	 -4,83684e-01	 -3,91755e-01
6398	  1,2794000000e+04	 -4,88694e-01	 -3,81727e-01
6399	  1,2796000000e+04	 -4,94017e-01	 -3,73817e-01
6400	  1,2798000000e+04	 -4,99618e-01	 -3,65943e-01
6401	  1,2800000000e+04	 -5,06100e-01	 -3,58779e-01
TagsBegin:	 	 	 
OverLoad:	 	False	 
AverageNumber: []	 	  2,00000e+02	 
OverLoadRatio: []	 	  1,19209e-07	 
TagsEnd:	 	 	 
TagScalesBegin:	 	 	 
TagScalesEnd:	 	 	 
