Header Size:	 78	 	 
Pulse Version:	 42	 	 
Decimal Symbol:	,	 	 
Date Format:	dd-MM-yyyy	 	 
Time Format:	HH:mm:ss:mmm	 	 
Data Type:	Complex	 	 
Slice:	False	 	 
Z-Axis type:	Linear	 	 
Z-Axis size:	1	 	 
Z-Axis unit:	 	 	 
Z-Axis first value:	  0,0000000000e+00	 	 
Z-Axis delta:	  1,0000000000e+00	 	 
X-Axis type:	Linear	 	 
X-Axis size:	6401	 	 
X-Axis unit:	Hz	 	 
X-Axis first value:	  0,0000000000e+00	 	 
X-Axis delta:	  2,0000000000e+00	 	 
	 	 	 
AmplitudeUnit:	Pa/V	 	 
Analyzer:	FFT_Spectrum_Averaging	 	 
AnalyzerName:	FFT Analyzer4	 	 
	 	 	 
	 	 	 
Bipolar:	True	 	 
CenterFrequency:	  6,4000000000e+03	 	 
	 	 	 
	 	 	 
	 	 	 
	 	 	 
	 	 	 
	 	 	 
	 	 	 
	 	 	 
Domain:	1	 	 
Function:	Frequency Response	 	 
	 	 	 
InputRange:	  1,0000000000e+01	 	 
	 	 	 
	 	 	 
MultiBufferName:	Input	 	 
NBW:	  1,5000000000e+00	 	 
	 	 	 
OverlapFailed:	False	 	 
Overrun:	False	 	 
Power:	False	 	 
	 	 	 
Ratio:	True	 	 
RecordLength:	  5,0000000000e-01	 	 
ReducedSize:	True	 	 
Ref_Signal:	Signal 1	 	 
	 	 	 
	 	 	 
RefSignalUnit:	V	 	 
	 	 	 
	 	 	 
Signal:	Signal 52	 	 
	 	 	 
SignalUnit:	Pa	 	 
	 	 	 
	 	 	 
	 	 	 
Title:	Frequency Response H1(Signal 52,Signal 1) - Input	 	 
Title1:	Working : Input : Input : FFT Analyzer4	 	 
	 	 	 
	 	 	 
	 	 	 
ZoomOn:	True	 	 
	 	 	 
TemplateName:	Working	 	 
MeasurementName:	Input	 	 
MeasurementSlice:	False	 	 
	 	 	 
	 	 	 
	 	 	 
EnvelopeOn:	False	 	 
	 	 	 
	 	 	 
	 	 	 
Z-index:	 	1	 
Date:	 	14-07-2026	 
Time:	 	19:05:40:147	 
Relative time:	 	  0,00000e+00	 
Z-axis:	 	  0,0000000000e+00	 
1	  0,0000000000e+00	  3,23446e-04	  6,37652e-08
2	  2,0000000000e+00	  3,01617e-03	  1,60716e-03
3	  4,0000000000e+00	  1,76502e-03	  7,81369e-04
4	  6,0000000000e+00	 -3,63500e-03	 -3,08741e-03
5	  8,0000000000e+00	  4,29203e-03	 -3,11638e-03
6	  1,0000000000e+01	  5,20142e-02	 -1,85117e-02
7	  1,2000000000e+01	  2,72743e-02	 -1,19598e-02
8	  1,4000000000e+01	 -6,13944e-03	  5,43286e-04
9	  1,6000000000e+01	  3,23828e-03	  2,87726e-03
10	  1,8000000000e+01	  7,24324e-03	 -1,55688e-03
11	  2,0000000000e+01	 -4,29344e-03	 -6,29284e-03
12	  2,2000000000e+01	 -2,57286e-03	 -3,74561e-03
13	  2,4000000000e+01	  7,27458e-03	 -6,00502e-04
14	  2,6000000000e+01	  2,27845e-03	 -6,43383e-03
15	  2,8000000000e+01	  2,40954e-03	 -1,16504e-02
16	  3,0000000000e+01	 -4,33855e-03	 -6,43105e-03
17	  3,2000000000e+01	 -2,81400e-04	 -7,58380e-03
18	  3,4000000000e+01	 -7,21057e-03	 -1,48822e-02
19	  3,6000000000e+01	 -1,84134e-02	 -7,60235e-03
20	  3,8000000000e+01	 -8,01684e-03	 -5,32948e-03
21	  4,0000000000e+01	 -7,55906e-03	 -1,44384e-02
22	  4,2000000000e+01	 -8,80223e-03	 -1,81129e-02
23	  4,4000000000e+01	 -1,98463e-02	 -1,28548e-02
24	  4,6000000000e+01	 -2,86217e-02	 -4,96136e-05
25	  4,8000000000e+01	 -2,69222e-02	  5,11943e-03
26	  5,0000000000e+01	 -3,08377e-02	  6,55246e-03
27	  5,2000000000e+01	 -3,12359e-02	 -1,04740e-03
28	  5,4000000000e+01	 -2,74420e-02	 -1,58826e-03
29	  5,6000000000e+01	 -3,53137e-02	 -4,44324e-03
30	  5,8000000000e+01	 -4,45136e-02	  2,90318e-04
31	  6,0000000000e+01	 -5,72339e-02	  1,23662e-03
32	  6,2000000000e+01	 -6,06523e-02	  7,25455e-03
33	  6,4000000000e+01	 -5,88847e-02	  1,18032e-02
34	  6,6000000000e+01	 -6,06122e-02	  1,93129e-02
35	  6,8000000000e+01	 -7,02489e-02	  2,35943e-02
36	  7,0000000000e+01	 -6,71611e-02	  2,47649e-02
37	  7,2000000000e+01	 -5,96516e-02	  2,72196e-02
38	  7,4000000000e+01	 -6,11089e-02	  3,17785e-02
39	  7,6000000000e+01	 -6,95407e-02	  4,34213e-02
40	  7,8000000000e+01	 -7,21510e-02	  4,93011e-02
41	  8,0000000000e+01	 -7,31651e-02	  5,47669e-02
42	  8,2000000000e+01	 -7,59198e-02	  6,52861e-02
43	  8,4000000000e+01	 -7,38317e-02	  7,45642e-02
44	  8,6000000000e+01	 -6,98920e-02	  8,27093e-02
45	  8,8000000000e+01	 -7,35791e-02	  8,38004e-02
46	  9,0000000000e+01	 -7,66659e-02	  8,80087e-02
47	  9,2000000000e+01	 -7,87650e-02	  9,83347e-02
48	  9,4000000000e+01	 -8,14607e-02	  1,06761e-01
49	  9,6000000000e+01	 -8,03240e-02	  1,17535e-01
50	  9,8000000000e+01	 -7,72993e-02	  1,25949e-01
51	  1,0000000000e+02	 -7,68423e-02	  1,30658e-01
52	  1,0200000000e+02	 -7,41754e-02	  1,32014e-01
53	  1,0400000000e+02	 -6,62326e-02	  1,38952e-01
54	  1,0600000000e+02	 -6,12428e-02	  1,52855e-01
55	  1,0800000000e+02	 -5,39341e-02	  1,64728e-01
56	  1,1000000000e+02	 -5,21612e-02	  1,72338e-01
57	  1,1200000000e+02	 -5,29519e-02	  1,83838e-01
58	  1,1400000000e+02	 -4,54191e-02	  1,93069e-01
59	  1,1600000000e+02	 -3,97254e-02	  2,01583e-01
60	  1,1800000000e+02	 -3,75775e-02	  2,11801e-01
61	  1,2000000000e+02	 -2,38181e-02	  2,21277e-01
62	  1,2200000000e+02	 -9,93211e-03	  2,29708e-01
63	  1,2400000000e+02	 -4,93335e-03	  2,34812e-01
64	  1,2600000000e+02	  7,03713e-03	  2,40816e-01
65	  1,2800000000e+02	  1,86001e-02	  2,49955e-01
66	  1,3000000000e+02	  2,98904e-02	  2,56440e-01
67	  1,3200000000e+02	  4,30215e-02	  2,60641e-01
68	  1,3400000000e+02	  5,12313e-02	  2,65214e-01
69	  1,3600000000e+02	  6,89929e-02	  2,69080e-01
70	  1,3800000000e+02	  8,36660e-02	  2,73922e-01
71	  1,4000000000e+02	  9,91602e-02	  2,81017e-01
72	  1,4200000000e+02	  1,14325e-01	  2,84279e-01
73	  1,4400000000e+02	  1,32939e-01	  2,82298e-01
74	  1,4600000000e+02	  1,49374e-01	  2,75957e-01
75	  1,4800000000e+02	  1,66784e-01	  2,77414e-01
76	  1,5000000000e+02	  1,84719e-01	  2,78446e-01
77	  1,5200000000e+02	  1,96634e-01	  2,72014e-01
78	  1,5400000000e+02	  2,11614e-01	  2,65989e-01
79	  1,5600000000e+02	  2,24546e-01	  2,58706e-01
80	  1,5800000000e+02	  2,41890e-01	  2,50503e-01
81	  1,6000000000e+02	  2,52749e-01	  2,42647e-01
82	  1,6200000000e+02	  2,67255e-01	  2,32741e-01
83	  1,6400000000e+02	  2,80505e-01	  2,20324e-01
84	  1,6600000000e+02	  2,89273e-01	  2,12431e-01
85	  1,6800000000e+02	  2,96355e-01	  2,00115e-01
86	  1,7000000000e+02	  3,05286e-01	  1,86347e-01
87	  1,7200000000e+02	  3,15870e-01	  1,72430e-01
88	  1,7400000000e+02	  3,22292e-01	  1,58575e-01
89	  1,7600000000e+02	  3,27511e-01	  1,52414e-01
90	  1,7800000000e+02	  3,39173e-01	  1,42208e-01
91	  1,8000000000e+02	  3,42899e-01	  1,30512e-01
92	  1,8200000000e+02	  3,45732e-01	  1,14524e-01
93	  1,8400000000e+02	  3,52105e-01	  1,01400e-01
94	  1,8600000000e+02	  3,55230e-01	  9,31495e-02
95	  1,8800000000e+02	  3,58214e-01	  8,30155e-02
96	  1,9000000000e+02	  3,63383e-01	  6,82799e-02
97	  1,9200000000e+02	  3,65928e-01	  5,66188e-02
98	  1,9400000000e+02	  3,66113e-01	  4,27428e-02
99	  1,9600000000e+02	  3,71638e-01	  3,08294e-02
100	  1,9800000000e+02	  3,71589e-01	  1,89961e-02
101	  2,0000000000e+02	  3,68065e-01	  7,54844e-03
102	  2,0200000000e+02	  3,71229e-01	 -3,95526e-03
103	  2,0400000000e+02	  3,68284e-01	 -1,33795e-02
104	  2,0600000000e+02	  3,64450e-01	 -2,38455e-02
105	  2,0800000000e+02	  3,61734e-01	 -3,54845e-02
106	  2,1000000000e+02	  3,60760e-01	 -4,89924e-02
107	  2,1200000000e+02	  3,57791e-01	 -5,41310e-02
108	  2,1400000000e+02	  3,55442e-01	 -5,82783e-02
109	  2,1600000000e+02	  3,54622e-01	 -6,89005e-02
110	  2,1800000000e+02	  3,53199e-01	 -8,00613e-02
111	  2,2000000000e+02	  3,51250e-01	 -9,11769e-02
112	  2,2200000000e+02	  3,46557e-01	 -9,75033e-02
113	  2,2400000000e+02	  3,42491e-01	 -1,03797e-01
114	  2,2600000000e+02	  3,40925e-01	 -1,15015e-01
115	  2,2800000000e+02	  3,40544e-01	 -1,22840e-01
116	  2,3000000000e+02	  3,40337e-01	 -1,27465e-01
117	  2,3200000000e+02	  3,38217e-01	 -1,35111e-01
118	  2,3400000000e+02	  3,35153e-01	 -1,43279e-01
119	  2,3600000000e+02	  3,29151e-01	 -1,49995e-01
120	  2,3800000000e+02	  3,25613e-01	 -1,56083e-01
121	  2,4000000000e+02	  3,22520e-01	 -1,68216e-01
122	  2,4200000000e+02	  3,19244e-01	 -1,76913e-01
123	  2,4400000000e+02	  3,19523e-01	 -1,85397e-01
124	  2,4600000000e+02	  3,13826e-01	 -1,90212e-01
125	  2,4800000000e+02	  3,03234e-01	 -2,00672e-01
126	  2,5000000000e+02	  2,99347e-01	 -2,09603e-01
127	  2,5200000000e+02	  2,93718e-01	 -2,12373e-01
128	  2,5400000000e+02	  2,88829e-01	 -2,17353e-01
129	  2,5600000000e+02	  2,82825e-01	 -2,25331e-01
130	  2,5800000000e+02	  2,81336e-01	 -2,31010e-01
131	  2,6000000000e+02	  2,73763e-01	 -2,35205e-01
132	  2,6200000000e+02	  2,66383e-01	 -2,42927e-01
133	  2,6400000000e+02	  2,60023e-01	 -2,48014e-01
134	  2,6600000000e+02	  2,52651e-01	 -2,53728e-01
135	  2,6800000000e+02	  2,49564e-01	 -2,58545e-01
136	  2,7000000000e+02	  2,43636e-01	 -2,63250e-01
137	  2,7200000000e+02	  2,40389e-01	 -2,65609e-01
138	  2,7400000000e+02	  2,31677e-01	 -2,67258e-01
139	  2,7600000000e+02	  2,21317e-01	 -2,69753e-01
140	  2,7800000000e+02	  2,13648e-01	 -2,74454e-01
141	  2,8000000000e+02	  2,08699e-01	 -2,77977e-01
142	  2,8200000000e+02	  2,01377e-01	 -2,81408e-01
143	  2,8400000000e+02	  1,95958e-01	 -2,86533e-01
144	  2,8600000000e+02	  1,93030e-01	 -2,91323e-01
145	  2,8800000000e+02	  1,87508e-01	 -2,93044e-01
146	  2,9000000000e+02	  1,82287e-01	 -2,92623e-01
147	  2,9200000000e+02	  1,74694e-01	 -2,94374e-01
148	  2,9400000000e+02	  1,69952e-01	 -2,97219e-01
149	  2,9600000000e+02	  1,63658e-01	 -2,96625e-01
150	  2,9800000000e+02	  1,57876e-01	 -2,97953e-01
151	  3,0000000000e+02	  1,53281e-01	 -3,03474e-01
152	  3,0200000000e+02	  1,47294e-01	 -3,05837e-01
153	  3,0400000000e+02	  1,42360e-01	 -3,05365e-01
154	  3,0600000000e+02	  1,37956e-01	 -3,07443e-01
155	  3,0800000000e+02	  1,29411e-01	 -3,12161e-01
156	  3,1000000000e+02	  1,24586e-01	 -3,16844e-01
157	  3,1200000000e+02	  1,18216e-01	 -3,14918e-01
158	  3,1400000000e+02	  1,14690e-01	 -3,12378e-01
159	  3,1600000000e+02	  1,09317e-01	 -3,09917e-01
160	  3,1800000000e+02	  1,05260e-01	 -3,10835e-01
161	  3,2000000000e+02	  9,92650e-02	 -3,15889e-01
162	  3,2200000000e+02	  9,56730e-02	 -3,19049e-01
163	  3,2400000000e+02	  9,38863e-02	 -3,20331e-01
164	  3,2600000000e+02	  8,76056e-02	 -3,22224e-01
165	  3,2800000000e+02	  8,25109e-02	 -3,22422e-01
166	  3,3000000000e+02	  7,90565e-02	 -3,23030e-01
167	  3,3200000000e+02	  7,15158e-02	 -3,24727e-01
168	  3,3400000000e+02	  6,76176e-02	 -3,29144e-01
169	  3,3600000000e+02	  6,13886e-02	 -3,29132e-01
170	  3,3800000000e+02	  5,29540e-02	 -3,29305e-01
171	  3,4000000000e+02	  4,77577e-02	 -3,30933e-01
172	  3,4200000000e+02	  4,45450e-02	 -3,31613e-01
173	  3,4400000000e+02	  4,08149e-02	 -3,32685e-01
174	  3,4600000000e+02	  3,24281e-02	 -3,32410e-01
175	  3,4800000000e+02	  2,36376e-02	 -3,30706e-01
176	  3,5000000000e+02	  2,15273e-02	 -3,31308e-01
177	  3,5200000000e+02	  1,53337e-02	 -3,28071e-01
178	  3,5400000000e+02	  1,02819e-02	 -3,29654e-01
179	  3,5600000000e+02	  5,00738e-03	 -3,27574e-01
180	  3,5800000000e+02	 -3,80228e-03	 -3,25672e-01
181	  3,6000000000e+02	 -7,25140e-03	 -3,28157e-01
182	  3,6200000000e+02	 -8,81056e-03	 -3,26835e-01
183	  3,6400000000e+02	 -1,45697e-02	 -3,27576e-01
184	  3,6600000000e+02	 -1,97350e-02	 -3,27923e-01
185	  3,6800000000e+02	 -2,52789e-02	 -3,28821e-01
186	  3,7000000000e+02	 -2,98669e-02	 -3,26406e-01
187	  3,7200000000e+02	 -3,42384e-02	 -3,23281e-01
188	  3,7400000000e+02	 -3,70525e-02	 -3,23088e-01
189	  3,7600000000e+02	 -4,44754e-02	 -3,22335e-01
190	  3,7800000000e+02	 -4,92959e-02	 -3,18882e-01
191	  3,8000000000e+02	 -5,12336e-02	 -3,19301e-01
192	  3,8200000000e+02	 -5,58878e-02	 -3,20488e-01
193	  3,8400000000e+02	 -5,76626e-02	 -3,15199e-01
194	  3,8600000000e+02	 -6,49245e-02	 -3,14927e-01
195	  3,8800000000e+02	 -7,27534e-02	 -3,16974e-01
196	  3,9000000000e+02	 -7,56093e-02	 -3,14387e-01
197	  3,9200000000e+02	 -7,84830e-02	 -3,13916e-01
198	  3,9400000000e+02	 -8,22684e-02	 -3,12317e-01
199	  3,9600000000e+02	 -8,73739e-02	 -3,13794e-01
200	  3,9800000000e+02	 -9,56224e-02	 -3,13085e-01
201	  4,0000000000e+02	 -9,90927e-02	 -3,10050e-01
202	  4,0200000000e+02	 -1,03515e-01	 -3,08538e-01
203	  4,0400000000e+02	 -1,08159e-01	 -3,07419e-01
204	  4,0600000000e+02	 -1,11918e-01	 -3,05657e-01
205	  4,0800000000e+02	 -1,14390e-01	 -3,03577e-01
206	  4,1000000000e+02	 -1,17824e-01	 -3,04787e-01
207	  4,1200000000e+02	 -1,23518e-01	 -3,02156e-01
208	  4,1400000000e+02	 -1,28526e-01	 -3,00394e-01
209	  4,1600000000e+02	 -1,32968e-01	 -2,97613e-01
210	  4,1800000000e+02	 -1,37017e-01	 -2,96593e-01
211	  4,2000000000e+02	 -1,43942e-01	 -2,93112e-01
212	  4,2200000000e+02	 -1,47722e-01	 -2,90257e-01
213	  4,2400000000e+02	 -1,50967e-01	 -2,85723e-01
214	  4,2600000000e+02	 -1,53536e-01	 -2,84129e-01
215	  4,2800000000e+02	 -1,60962e-01	 -2,80867e-01
216	  4,3000000000e+02	 -1,64528e-01	 -2,78530e-01
217	  4,3200000000e+02	 -1,68378e-01	 -2,77492e-01
218	  4,3400000000e+02	 -1,72913e-01	 -2,74701e-01
219	  4,3600000000e+02	 -1,76183e-01	 -2,71795e-01
220	  4,3800000000e+02	 -1,78723e-01	 -2,68538e-01
221	  4,4000000000e+02	 -1,82096e-01	 -2,65391e-01
222	  4,4200000000e+02	 -1,82291e-01	 -2,62774e-01
223	  4,4400000000e+02	 -1,88352e-01	 -2,58295e-01
224	  4,4600000000e+02	 -1,91775e-01	 -2,54331e-01
225	  4,4800000000e+02	 -1,92554e-01	 -2,52708e-01
226	  4,5000000000e+02	 -1,97394e-01	 -2,48724e-01
227	  4,5200000000e+02	 -2,02498e-01	 -2,47894e-01
228	  4,5400000000e+02	 -2,05061e-01	 -2,45083e-01
229	  4,5600000000e+02	 -2,06488e-01	 -2,42079e-01
230	  4,5800000000e+02	 -2,09141e-01	 -2,39957e-01
231	  4,6000000000e+02	 -2,10920e-01	 -2,34921e-01
232	  4,6200000000e+02	 -2,11573e-01	 -2,31132e-01
233	  4,6400000000e+02	 -2,16467e-01	 -2,29651e-01
234	  4,6600000000e+02	 -2,18459e-01	 -2,27794e-01
235	  4,6800000000e+02	 -2,22449e-01	 -2,26656e-01
236	  4,7000000000e+02	 -2,24119e-01	 -2,22332e-01
237	  4,7200000000e+02	 -2,27261e-01	 -2,22050e-01
238	  4,7400000000e+02	 -2,30746e-01	 -2,20244e-01
239	  4,7600000000e+02	 -2,32742e-01	 -2,18037e-01
240	  4,7800000000e+02	 -2,34118e-01	 -2,14565e-01
241	  4,8000000000e+02	 -2,38326e-01	 -2,13348e-01
242	  4,8200000000e+02	 -2,40189e-01	 -2,13226e-01
243	  4,8400000000e+02	 -2,44781e-01	 -2,07487e-01
244	  4,8600000000e+02	 -2,50474e-01	 -2,02322e-01
245	  4,8800000000e+02	 -2,54080e-01	 -1,99433e-01
246	  4,9000000000e+02	 -2,57337e-01	 -1,97095e-01
247	  4,9200000000e+02	 -2,59797e-01	 -1,94065e-01
248	  4,9400000000e+02	 -2,63301e-01	 -1,90499e-01
249	  4,9600000000e+02	 -2,68781e-01	 -1,87403e-01
250	  4,9800000000e+02	 -2,72336e-01	 -1,81692e-01
251	  5,0000000000e+02	 -2,75312e-01	 -1,76805e-01
252	  5,0200000000e+02	 -2,76889e-01	 -1,70902e-01
253	  5,0400000000e+02	 -2,78604e-01	 -1,67175e-01
254	  5,0600000000e+02	 -2,82539e-01	 -1,64132e-01
255	  5,0800000000e+02	 -2,83084e-01	 -1,60200e-01
256	  5,1000000000e+02	 -2,83018e-01	 -1,55969e-01
257	  5,1200000000e+02	 -2,84394e-01	 -1,54048e-01
258	  5,1400000000e+02	 -2,88758e-01	 -1,49040e-01
259	  5,1600000000e+02	 -2,92990e-01	 -1,40649e-01
260	  5,1800000000e+02	 -2,95129e-01	 -1,35621e-01
261	  5,2000000000e+02	 -2,96036e-01	 -1,28985e-01
262	  5,2200000000e+02	 -2,95410e-01	 -1,23798e-01
263	  5,2400000000e+02	 -2,94031e-01	 -1,25831e-01
264	  5,2600000000e+02	 -2,96793e-01	 -1,26917e-01
265	  5,2800000000e+02	 -3,01343e-01	 -1,21463e-01
266	  5,3000000000e+02	 -3,05747e-01	 -1,15073e-01
267	  5,3200000000e+02	 -3,07826e-01	 -1,11370e-01
268	  5,3400000000e+02	 -3,10944e-01	 -1,05451e-01
269	  5,3600000000e+02	 -3,10208e-01	 -9,92256e-02
270	  5,3800000000e+02	 -3,08940e-01	 -9,46812e-02
271	  5,4000000000e+02	 -3,09872e-01	 -9,13004e-02
272	  5,4200000000e+02	 -3,10050e-01	 -8,46589e-02
273	  5,4400000000e+02	 -3,04911e-01	 -7,92454e-02
274	  5,4600000000e+02	 -3,03908e-01	 -7,49393e-02
275	  5,4800000000e+02	 -3,05218e-01	 -7,13228e-02
276	  5,5000000000e+02	 -3,04357e-01	 -6,99524e-02
277	  5,5200000000e+02	 -3,06269e-01	 -6,73945e-02
278	  5,5400000000e+02	 -3,07133e-01	 -6,43546e-02
279	  5,5600000000e+02	 -3,06241e-01	 -6,07450e-02
280	  5,5800000000e+02	 -3,06820e-01	 -5,89180e-02
281	  5,6000000000e+02	 -3,05898e-01	 -5,67259e-02
282	  5,6200000000e+02	 -3,08911e-01	 -5,28965e-02
283	  5,6400000000e+02	 -3,11756e-01	 -5,11201e-02
284	  5,6600000000e+02	 -3,12457e-01	 -4,81305e-02
285	  5,6800000000e+02	 -3,12816e-01	 -4,35787e-02
286	  5,7000000000e+02	 -3,14149e-01	 -4,04588e-02
287	  5,7200000000e+02	 -3,15912e-01	 -3,77519e-02
288	  5,7400000000e+02	 -3,16843e-01	 -3,08695e-02
289	  5,7600000000e+02	 -3,18971e-01	 -2,60785e-02
290	  5,7800000000e+02	 -3,20196e-01	 -2,13534e-02
291	  5,8000000000e+02	 -3,23788e-01	 -1,86341e-02
292	  5,8200000000e+02	 -3,22922e-01	 -1,48410e-02
293	  5,8400000000e+02	 -3,19883e-01	 -1,00069e-02
294	  5,8600000000e+02	 -3,22914e-01	 -4,93122e-03
295	  5,8800000000e+02	 -3,23585e-01	  2,84361e-04
296	  5,9000000000e+02	 -3,21398e-01	  3,82583e-03
297	  5,9200000000e+02	 -3,24425e-01	  7,85144e-03
298	  5,9400000000e+02	 -3,25100e-01	  1,20197e-02
299	  5,9600000000e+02	 -3,25599e-01	  1,87764e-02
300	  5,9800000000e+02	 -3,24953e-01	  2,38562e-02
301	  6,0000000000e+02	 -3,27024e-01	  2,57696e-02
302	  6,0200000000e+02	 -3,25652e-01	  3,09738e-02
303	  6,0400000000e+02	 -3,26306e-01	  3,66924e-02
304	  6,0600000000e+02	 -3,25651e-01	  4,07886e-02
305	  6,0800000000e+02	 -3,24343e-01	  4,65646e-02
306	  6,1000000000e+02	 -3,22766e-01	  5,17950e-02
307	  6,1200000000e+02	 -3,20871e-01	  5,68023e-02
308	  6,1400000000e+02	 -3,18647e-01	  6,18473e-02
309	  6,1600000000e+02	 -3,19434e-01	  6,83192e-02
310	  6,1800000000e+02	 -3,19838e-01	  7,33381e-02
311	  6,2000000000e+02	 -3,19303e-01	  7,63009e-02
312	  6,2200000000e+02	 -3,18440e-01	  8,27132e-02
313	  6,2400000000e+02	 -3,18283e-01	  8,97717e-02
314	  6,2600000000e+02	 -3,14248e-01	  9,39900e-02
315	  6,2800000000e+02	 -3,10790e-01	  9,87122e-02
316	  6,3000000000e+02	 -3,06485e-01	  1,03728e-01
317	  6,3200000000e+02	 -3,03757e-01	  1,07471e-01
318	  6,3400000000e+02	 -3,00907e-01	  1,10117e-01
319	  6,3600000000e+02	 -2,99606e-01	  1,13590e-01
320	  6,3800000000e+02	 -2,97148e-01	  1,17540e-01
321	  6,4000000000e+02	 -2,93206e-01	  1,18982e-01
322	  6,4200000000e+02	 -2,89497e-01	  1,23002e-01
323	  6,4400000000e+02	 -2,87531e-01	  1,27651e-01
324	  6,4600000000e+02	 -2,84977e-01	  1,30665e-01
325	  6,4800000000e+02	 -2,79615e-01	  1,33087e-01
326	  6,5000000000e+02	 -2,77748e-01	  1,35173e-01
327	  6,5200000000e+02	 -2,75187e-01	  1,37608e-01
328	  6,5400000000e+02	 -2,69911e-01	  1,38958e-01
329	  6,5600000000e+02	 -2,68767e-01	  1,41980e-01
330	  6,5800000000e+02	 -2,68595e-01	  1,42758e-01
331	  6,6000000000e+02	 -2,65412e-01	  1,44552e-01
332	  6,6200000000e+02	 -2,62570e-01	  1,45531e-01
333	  6,6400000000e+02	 -2,60633e-01	  1,46286e-01
334	  6,6600000000e+02	 -2,58471e-01	  1,44920e-01
335	  6,6800000000e+02	 -2,59268e-01	  1,46632e-01
336	  6,7000000000e+02	 -2,58343e-01	  1,44896e-01
337	  6,7200000000e+02	 -2,59491e-01	  1,46356e-01
338	  6,7400000000e+02	 -2,62759e-01	  1,45668e-01
339	  6,7600000000e+02	 -2,63153e-01	  1,42968e-01
340	  6,7800000000e+02	 -2,66003e-01	  1,46956e-01
341	  6,8000000000e+02	 -2,69538e-01	  1,53066e-01
342	  6,8200000000e+02	 -2,69971e-01	  1,56236e-01
343	  6,8400000000e+02	 -2,71179e-01	  1,63244e-01
344	  6,8600000000e+02	 -2,72038e-01	  1,68469e-01
345	  6,8800000000e+02	 -2,71427e-01	  1,74924e-01
346	  6,9000000000e+02	 -2,74686e-01	  1,83272e-01
347	  6,9200000000e+02	 -2,74644e-01	  1,89158e-01
348	  6,9400000000e+02	 -2,72290e-01	  1,92535e-01
349	  6,9600000000e+02	 -2,64556e-01	  2,00256e-01
350	  6,9800000000e+02	 -2,60500e-01	  2,05907e-01
351	  7,0000000000e+02	 -2,58607e-01	  2,09176e-01
352	  7,0200000000e+02	 -2,53149e-01	  2,14418e-01
353	  7,0400000000e+02	 -2,53047e-01	  2,21362e-01
354	  7,0600000000e+02	 -2,51348e-01	  2,24672e-01
355	  7,0800000000e+02	 -2,46162e-01	  2,28229e-01
356	  7,1000000000e+02	 -2,41078e-01	  2,32107e-01
357	  7,1200000000e+02	 -2,35360e-01	  2,37034e-01
358	  7,1400000000e+02	 -2,33123e-01	  2,41877e-01
359	  7,1600000000e+02	 -2,31044e-01	  2,45887e-01
360	  7,1800000000e+02	 -2,25584e-01	  2,48374e-01
361	  7,2000000000e+02	 -2,20647e-01	  2,49445e-01
362	  7,2200000000e+02	 -2,17914e-01	  2,51424e-01
363	  7,2400000000e+02	 -2,11997e-01	  2,55143e-01
364	  7,2600000000e+02	 -2,09016e-01	  2,58600e-01
365	  7,2800000000e+02	 -2,05101e-01	  2,59530e-01
366	  7,3000000000e+02	 -2,01238e-01	  2,62657e-01
367	  7,3200000000e+02	 -1,99709e-01	  2,65636e-01
368	  7,3400000000e+02	 -1,96522e-01	  2,69048e-01
369	  7,3600000000e+02	 -1,93117e-01	  2,71163e-01
370	  7,3800000000e+02	 -1,87989e-01	  2,73935e-01
371	  7,4000000000e+02	 -1,81731e-01	  2,75526e-01
372	  7,4200000000e+02	 -1,77788e-01	  2,75548e-01
373	  7,4400000000e+02	 -1,74910e-01	  2,77137e-01
374	  7,4600000000e+02	 -1,73463e-01	  2,80912e-01
375	  7,4800000000e+02	 -1,70737e-01	  2,82750e-01
376	  7,5000000000e+02	 -1,65599e-01	  2,82294e-01
377	  7,5200000000e+02	 -1,66747e-01	  2,86224e-01
378	  7,5400000000e+02	 -1,60755e-01	  2,90187e-01
379	  7,5600000000e+02	 -1,56894e-01	  2,91958e-01
380	  7,5800000000e+02	 -1,54203e-01	  2,94324e-01
381	  7,6000000000e+02	 -1,50338e-01	  2,99367e-01
382	  7,6200000000e+02	 -1,44638e-01	  3,00437e-01
383	  7,6400000000e+02	 -1,40400e-01	  3,00684e-01
384	  7,6600000000e+02	 -1,37591e-01	  3,00221e-01
385	  7,6800000000e+02	 -1,33320e-01	  3,01782e-01
386	  7,7000000000e+02	 -1,30158e-01	  3,03366e-01
387	  7,7200000000e+02	 -1,24600e-01	  3,07271e-01
388	  7,7400000000e+02	 -1,24921e-01	  3,07761e-01
389	  7,7600000000e+02	 -1,17432e-01	  3,06621e-01
390	  7,7800000000e+02	 -1,13838e-01	  3,10227e-01
391	  7,8000000000e+02	 -1,10808e-01	  3,15167e-01
392	  7,8200000000e+02	 -1,03627e-01	  3,17128e-01
393	  7,8400000000e+02	 -9,81677e-02	  3,18090e-01
394	  7,8600000000e+02	 -9,38099e-02	  3,21241e-01
395	  7,8800000000e+02	 -9,23913e-02	  3,19492e-01
396	  7,9000000000e+02	 -8,73619e-02	  3,20654e-01
397	  7,9200000000e+02	 -8,26483e-02	  3,24906e-01
398	  7,9400000000e+02	 -8,12942e-02	  3,23789e-01
399	  7,9600000000e+02	 -7,63777e-02	  3,22675e-01
400	  7,9800000000e+02	 -7,28360e-02	  3,24704e-01
401	  8,0000000000e+02	 -6,75318e-02	  3,25052e-01
402	  8,0200000000e+02	 -6,18525e-02	  3,27061e-01
403	  8,0400000000e+02	 -5,99371e-02	  3,28563e-01
404	  8,0600000000e+02	 -5,61120e-02	  3,29186e-01
405	  8,0800000000e+02	 -4,90098e-02	  3,32129e-01
406	  8,1000000000e+02	 -4,56677e-02	  3,32756e-01
407	  8,1200000000e+02	 -4,07814e-02	  3,33032e-01
408	  8,1400000000e+02	 -3,60216e-02	  3,32406e-01
409	  8,1600000000e+02	 -3,13600e-02	  3,33103e-01
410	  8,1800000000e+02	 -2,82290e-02	  3,32997e-01
411	  8,2000000000e+02	 -2,44290e-02	  3,33683e-01
412	  8,2200000000e+02	 -1,77950e-02	  3,35557e-01
413	  8,2400000000e+02	 -1,36960e-02	  3,35899e-01
414	  8,2600000000e+02	 -1,14327e-02	  3,32352e-01
415	  8,2800000000e+02	 -6,53774e-03	  3,30644e-01
416	  8,3000000000e+02	 -1,94280e-03	  3,30654e-01
417	  8,3200000000e+02	  4,11898e-03	  3,32490e-01
418	  8,3400000000e+02	  1,04428e-02	  3,30567e-01
419	  8,3600000000e+02	  1,50452e-02	  3,31244e-01
420	  8,3800000000e+02	  1,35731e-02	  3,30538e-01
421	  8,4000000000e+02	  1,68189e-02	  3,29717e-01
422	  8,4200000000e+02	  2,30718e-02	  3,28195e-01
423	  8,4400000000e+02	  2,58126e-02	  3,28314e-01
424	  8,4600000000e+02	  2,92509e-02	  3,27666e-01
425	  8,4800000000e+02	  3,15071e-02	  3,24766e-01
426	  8,5000000000e+02	  3,68191e-02	  3,24609e-01
427	  8,5200000000e+02	  4,16390e-02	  3,25809e-01
428	  8,5400000000e+02	  4,49270e-02	  3,24573e-01
429	  8,5600000000e+02	  4,70375e-02	  3,25105e-01
430	  8,5800000000e+02	  5,36428e-02	  3,22691e-01
431	  8,6000000000e+02	  5,78860e-02	  3,22086e-01
432	  8,6200000000e+02	  5,96655e-02	  3,23913e-01
433	  8,6400000000e+02	  6,28850e-02	  3,25370e-01
434	  8,6600000000e+02	  6,95083e-02	  3,27110e-01
435	  8,6800000000e+02	  7,28857e-02	  3,27014e-01
436	  8,7000000000e+02	  7,52332e-02	  3,25003e-01
437	  8,7200000000e+02	  8,17263e-02	  3,23930e-01
438	  8,7400000000e+02	  8,37721e-02	  3,20602e-01
439	  8,7600000000e+02	  8,70963e-02	  3,19086e-01
440	  8,7800000000e+02	  9,22458e-02	  3,16596e-01
441	  8,8000000000e+02	  9,83868e-02	  3,12583e-01
442	  8,8200000000e+02	  1,03289e-01	  3,14680e-01
443	  8,8400000000e+02	  1,05429e-01	  3,16001e-01
444	  8,8600000000e+02	  1,09894e-01	  3,16006e-01
445	  8,8800000000e+02	  1,15693e-01	  3,13036e-01
446	  8,9000000000e+02	  1,19203e-01	  3,13283e-01
447	  8,9200000000e+02	  1,21025e-01	  3,11439e-01
448	  8,9400000000e+02	  1,24394e-01	  3,11227e-01
449	  8,9600000000e+02	  1,29897e-01	  3,12276e-01
450	  8,9800000000e+02	  1,36669e-01	  3,07748e-01
451	  9,0000000000e+02	  1,41791e-01	  3,04624e-01
452	  9,0200000000e+02	  1,44919e-01	  3,04250e-01
453	  9,0400000000e+02	  1,50751e-01	  3,02710e-01
454	  9,0600000000e+02	  1,57103e-01	  2,96546e-01
455	  9,0800000000e+02	  1,59017e-01	  2,96736e-01
456	  9,1000000000e+02	  1,64458e-01	  2,97457e-01
457	  9,1200000000e+02	  1,69234e-01	  2,90731e-01
458	  9,1400000000e+02	  1,74174e-01	  2,88094e-01
459	  9,1600000000e+02	  1,76940e-01	  2,84836e-01
460	  9,1800000000e+02	  1,78876e-01	  2,79523e-01
461	  9,2000000000e+02	  1,82379e-01	  2,77378e-01
462	  9,2200000000e+02	  1,85007e-01	  2,72786e-01
463	  9,2400000000e+02	  1,88700e-01	  2,71826e-01
464	  9,2600000000e+02	  1,92931e-01	  2,69016e-01
465	  9,2800000000e+02	  1,91895e-01	  2,66712e-01
466	  9,3000000000e+02	  1,93553e-01	  2,63414e-01
467	  9,3200000000e+02	  1,95781e-01	  2,62393e-01
468	  9,3400000000e+02	  1,98300e-01	  2,59639e-01
469	  9,3600000000e+02	  2,01455e-01	  2,56076e-01
470	  9,3800000000e+02	  2,06115e-01	  2,52486e-01
471	  9,4000000000e+02	  2,07864e-01	  2,48278e-01
472	  9,4200000000e+02	  2,09182e-01	  2,50427e-01
473	  9,4400000000e+02	  2,14487e-01	  2,49441e-01
474	  9,4600000000e+02	  2,13751e-01	  2,46498e-01
475	  9,4800000000e+02	  2,16991e-01	  2,44700e-01
476	  9,5000000000e+02	  2,20288e-01	  2,39396e-01
477	  9,5200000000e+02	  2,22520e-01	  2,34034e-01
478	  9,5400000000e+02	  2,21447e-01	  2,33590e-01
479	  9,5600000000e+02	  2,26822e-01	  2,32708e-01
480	  9,5800000000e+02	  2,29261e-01	  2,31133e-01
481	  9,6000000000e+02	  2,30890e-01	  2,25707e-01
482	  9,6200000000e+02	  2,34750e-01	  2,23915e-01
483	  9,6400000000e+02	  2,36712e-01	  2,23983e-01
484	  9,6600000000e+02	  2,41173e-01	  2,20094e-01
485	  9,6800000000e+02	  2,45483e-01	  2,18048e-01
486	  9,7000000000e+02	  2,43502e-01	  2,16778e-01
487	  9,7200000000e+02	  2,45243e-01	  2,13092e-01
488	  9,7400000000e+02	  2,48150e-01	  2,12447e-01
489	  9,7600000000e+02	  2,52913e-01	  2,08279e-01
490	  9,7800000000e+02	  2,56038e-01	  2,03536e-01
491	  9,8000000000e+02	  2,59029e-01	  2,01813e-01
492	  9,8200000000e+02	  2,61202e-01	  1,99329e-01
493	  9,8400000000e+02	  2,63020e-01	  1,97008e-01
494	  9,8600000000e+02	  2,65817e-01	  1,95010e-01
495	  9,8800000000e+02	  2,70844e-01	  1,92810e-01
496	  9,9000000000e+02	  2,77625e-01	  1,87210e-01
497	  9,9200000000e+02	  2,78349e-01	  1,85044e-01
498	  9,9400000000e+02	  2,79231e-01	  1,80022e-01
499	  9,9600000000e+02	  2,83500e-01	  1,75670e-01
500	  9,9800000000e+02	  2,87439e-01	  1,74150e-01
501	  1,0000000000e+03	  2,91775e-01	  1,71605e-01
502	  1,0020000000e+03	  2,92462e-01	  1,65027e-01
503	  1,0040000000e+03	  2,93035e-01	  1,57831e-01
504	  1,0060000000e+03	  2,94816e-01	  1,56125e-01
505	  1,0080000000e+03	  2,98467e-01	  1,52565e-01
506	  1,0100000000e+03	  3,00693e-01	  1,47458e-01
507	  1,0120000000e+03	  3,01100e-01	  1,42972e-01
508	  1,0140000000e+03	  3,03026e-01	  1,38537e-01
509	  1,0160000000e+03	  3,03519e-01	  1,36618e-01
510	  1,0180000000e+03	  3,02356e-01	  1,32131e-01
511	  1,0200000000e+03	  3,03165e-01	  1,25001e-01
512	  1,0220000000e+03	  3,07876e-01	  1,21197e-01
513	  1,0240000000e+03	  3,08578e-01	  1,16824e-01
514	  1,0260000000e+03	  3,07781e-01	  1,15131e-01
515	  1,0280000000e+03	  3,05322e-01	  1,11976e-01
516	  1,0300000000e+03	  3,07160e-01	  1,08144e-01
517	  1,0320000000e+03	  3,07827e-01	  1,02973e-01
518	  1,0340000000e+03	  3,07923e-01	  9,99740e-02
519	  1,0360000000e+03	  3,08635e-01	  9,74282e-02
520	  1,0380000000e+03	  3,08526e-01	  9,53691e-02
521	  1,0400000000e+03	  3,09794e-01	  9,34508e-02
522	  1,0420000000e+03	  3,11696e-01	  8,82912e-02
523	  1,0440000000e+03	  3,11461e-01	  8,37497e-02
524	  1,0460000000e+03	  3,14119e-01	  8,14183e-02
525	  1,0480000000e+03	  3,14939e-01	  7,92265e-02
526	  1,0500000000e+03	  3,15483e-01	  7,61423e-02
527	  1,0520000000e+03	  3,16774e-01	  7,22769e-02
528	  1,0540000000e+03	  3,16194e-01	  6,86574e-02
529	  1,0560000000e+03	  3,16620e-01	  6,58388e-02
530	  1,0580000000e+03	  3,20022e-01	  6,46417e-02
531	  1,0600000000e+03	  3,20184e-01	  6,29854e-02
532	  1,0620000000e+03	  3,22471e-01	  5,81162e-02
533	  1,0640000000e+03	  3,23510e-01	  5,12790e-02
534	  1,0660000000e+03	  3,23304e-01	  4,89183e-02
535	  1,0680000000e+03	  3,26358e-01	  4,50606e-02
536	  1,0700000000e+03	  3,26571e-01	  4,23006e-02
537	  1,0720000000e+03	  3,27890e-01	  3,77933e-02
538	  1,0740000000e+03	  3,29076e-01	  3,37679e-02
539	  1,0760000000e+03	  3,30836e-01	  2,77399e-02
540	  1,0780000000e+03	  3,29807e-01	  2,46853e-02
541	  1,0800000000e+03	  3,28594e-01	  1,81667e-02
542	  1,0820000000e+03	  3,27335e-01	  1,33711e-02
543	  1,0840000000e+03	  3,26078e-01	  9,94485e-03
544	  1,0860000000e+03	  3,28610e-01	  4,10536e-03
545	  1,0880000000e+03	  3,26236e-01	 -3,17869e-04
546	  1,0900000000e+03	  3,22757e-01	 -2,01607e-03
547	  1,0920000000e+03	  3,21942e-01	 -4,89783e-03
548	  1,0940000000e+03	  3,22898e-01	 -1,11569e-02
549	  1,0960000000e+03	  3,22092e-01	 -1,57528e-02
550	  1,0980000000e+03	  3,19634e-01	 -2,03497e-02
551	  1,1000000000e+03	  3,19910e-01	 -2,45932e-02
552	  1,1020000000e+03	  3,20669e-01	 -2,64057e-02
553	  1,1040000000e+03	  3,16637e-01	 -2,80613e-02
554	  1,1060000000e+03	  3,14184e-01	 -3,13455e-02
555	  1,1080000000e+03	  3,09817e-01	 -3,67746e-02
556	  1,1100000000e+03	  3,10375e-01	 -3,76932e-02
557	  1,1120000000e+03	  3,08810e-01	 -4,05091e-02
558	  1,1140000000e+03	  3,07497e-01	 -4,25779e-02
559	  1,1160000000e+03	  3,07315e-01	 -4,20664e-02
560	  1,1180000000e+03	  3,06792e-01	 -4,55990e-02
561	  1,1200000000e+03	  3,07304e-01	 -4,76090e-02
562	  1,1220000000e+03	  3,04603e-01	 -4,61635e-02
563	  1,1240000000e+03	  3,01411e-01	 -4,69502e-02
564	  1,1260000000e+03	  3,03618e-01	 -4,66259e-02
565	  1,1280000000e+03	  3,03966e-01	 -4,57168e-02
566	  1,1300000000e+03	  3,04221e-01	 -5,01692e-02
567	  1,1320000000e+03	  3,03454e-01	 -5,36485e-02
568	  1,1340000000e+03	  3,03045e-01	 -5,26470e-02
569	  1,1360000000e+03	  3,05354e-01	 -5,65778e-02
570	  1,1380000000e+03	  3,04090e-01	 -5,95606e-02
571	  1,1400000000e+03	  3,05850e-01	 -6,19281e-02
572	  1,1420000000e+03	  3,08107e-01	 -5,98037e-02
573	  1,1440000000e+03	  3,10622e-01	 -6,21927e-02
574	  1,1460000000e+03	  3,12703e-01	 -6,34366e-02
575	  1,1480000000e+03	  3,14513e-01	 -6,28952e-02
576	  1,1500000000e+03	  3,18199e-01	 -6,40182e-02
577	  1,1520000000e+03	  3,18491e-01	 -6,54867e-02
578	  1,1540000000e+03	  3,21796e-01	 -6,92781e-02
579	  1,1560000000e+03	  3,26706e-01	 -7,32657e-02
580	  1,1580000000e+03	  3,32313e-01	 -7,31749e-02
581	  1,1600000000e+03	  3,37694e-01	 -7,36298e-02
582	  1,1620000000e+03	  3,42787e-01	 -7,71908e-02
583	  1,1640000000e+03	  3,48246e-01	 -8,29435e-02
584	  1,1660000000e+03	  3,54536e-01	 -9,12987e-02
585	  1,1680000000e+03	  3,62556e-01	 -1,01217e-01
586	  1,1700000000e+03	  3,66572e-01	 -1,11739e-01
587	  1,1720000000e+03	  3,68692e-01	 -1,25251e-01
588	  1,1740000000e+03	  3,68852e-01	 -1,36283e-01
589	  1,1760000000e+03	  3,65605e-01	 -1,46791e-01
590	  1,1780000000e+03	  3,61879e-01	 -1,57296e-01
591	  1,1800000000e+03	  3,56306e-01	 -1,68694e-01
592	  1,1820000000e+03	  3,53968e-01	 -1,74677e-01
593	  1,1840000000e+03	  3,50080e-01	 -1,82024e-01
594	  1,1860000000e+03	  3,45197e-01	 -1,88923e-01
595	  1,1880000000e+03	  3,42155e-01	 -1,95371e-01
596	  1,1900000000e+03	  3,37160e-01	 -2,01580e-01
597	  1,1920000000e+03	  3,31140e-01	 -2,06820e-01
598	  1,1940000000e+03	  3,25724e-01	 -2,11892e-01
599	  1,1960000000e+03	  3,20889e-01	 -2,16552e-01
600	  1,1980000000e+03	  3,16647e-01	 -2,21592e-01
601	  1,2000000000e+03	  3,12044e-01	 -2,25918e-01
602	  1,2020000000e+03	  3,10571e-01	 -2,28414e-01
603	  1,2040000000e+03	  3,09853e-01	 -2,31699e-01
604	  1,2060000000e+03	  3,05583e-01	 -2,39799e-01
605	  1,2080000000e+03	  3,01492e-01	 -2,42986e-01
606	  1,2100000000e+03	  2,98433e-01	 -2,45422e-01
607	  1,2120000000e+03	  2,95564e-01	 -2,49569e-01
608	  1,2140000000e+03	  2,92965e-01	 -2,53157e-01
609	  1,2160000000e+03	  2,91315e-01	 -2,56575e-01
610	  1,2180000000e+03	  2,87111e-01	 -2,61297e-01
611	  1,2200000000e+03	  2,81009e-01	 -2,66249e-01
612	  1,2220000000e+03	  2,78059e-01	 -2,71741e-01
613	  1,2240000000e+03	  2,74727e-01	 -2,74701e-01
614	  1,2260000000e+03	  2,70318e-01	 -2,77547e-01
615	  1,2280000000e+03	  2,65514e-01	 -2,81650e-01
616	  1,2300000000e+03	  2,63736e-01	 -2,84480e-01
617	  1,2320000000e+03	  2,63000e-01	 -2,86652e-01
618	  1,2340000000e+03	  2,60250e-01	 -2,89468e-01
619	  1,2360000000e+03	  2,55633e-01	 -2,98139e-01
620	  1,2380000000e+03	  2,51986e-01	 -3,02161e-01
621	  1,2400000000e+03	  2,48141e-01	 -3,06014e-01
622	  1,2420000000e+03	  2,44100e-01	 -3,11839e-01
623	  1,2440000000e+03	  2,39555e-01	 -3,14919e-01
624	  1,2460000000e+03	  2,34382e-01	 -3,19441e-01
625	  1,2480000000e+03	  2,27163e-01	 -3,24705e-01
626	  1,2500000000e+03	  2,23015e-01	 -3,28696e-01
627	  1,2520000000e+03	  2,17040e-01	 -3,35881e-01
628	  1,2540000000e+03	  2,10781e-01	 -3,36977e-01
629	  1,2560000000e+03	  2,04607e-01	 -3,37456e-01
630	  1,2580000000e+03	  1,97730e-01	 -3,40274e-01
631	  1,2600000000e+03	  1,90287e-01	 -3,42695e-01
632	  1,2620000000e+03	  1,87193e-01	 -3,41380e-01
633	  1,2640000000e+03	  1,80943e-01	 -3,42591e-01
634	  1,2660000000e+03	  1,73388e-01	 -3,44625e-01
635	  1,2680000000e+03	  1,68057e-01	 -3,45370e-01
636	  1,2700000000e+03	  1,65492e-01	 -3,48056e-01
637	  1,2720000000e+03	  1,59793e-01	 -3,49397e-01
638	  1,2740000000e+03	  1,56467e-01	 -3,50230e-01
639	  1,2760000000e+03	  1,53008e-01	 -3,47512e-01
640	  1,2780000000e+03	  1,47241e-01	 -3,49340e-01
641	  1,2800000000e+03	  1,42355e-01	 -3,51417e-01
642	  1,2820000000e+03	  1,38813e-01	 -3,53224e-01
643	  1,2840000000e+03	  1,37251e-01	 -3,54249e-01
644	  1,2860000000e+03	  1,33280e-01	 -3,54128e-01
645	  1,2880000000e+03	  1,30010e-01	 -3,53163e-01
646	  1,2900000000e+03	  1,25277e-01	 -3,53002e-01
647	  1,2920000000e+03	  1,22647e-01	 -3,56787e-01
648	  1,2940000000e+03	  1,19131e-01	 -3,59453e-01
649	  1,2960000000e+03	  1,16959e-01	 -3,59709e-01
650	  1,2980000000e+03	  1,14834e-01	 -3,61333e-01
651	  1,3000000000e+03	  1,10584e-01	 -3,64467e-01
652	  1,3020000000e+03	  1,04535e-01	 -3,65151e-01
653	  1,3040000000e+03	  1,01952e-01	 -3,63866e-01
654	  1,3060000000e+03	  1,01516e-01	 -3,67400e-01
655	  1,3080000000e+03	  9,82217e-02	 -3,70604e-01
656	  1,3100000000e+03	  9,49688e-02	 -3,70717e-01
657	  1,3120000000e+03	  8,60547e-02	 -3,74782e-01
658	  1,3140000000e+03	  8,20187e-02	 -3,77993e-01
659	  1,3160000000e+03	  7,92758e-02	 -3,81197e-01
660	  1,3180000000e+03	  7,44163e-02	 -3,82742e-01
661	  1,3200000000e+03	  6,93332e-02	 -3,89836e-01
662	  1,3220000000e+03	  6,35144e-02	 -3,90836e-01
663	  1,3240000000e+03	  5,76674e-02	 -3,89144e-01
664	  1,3260000000e+03	  5,32881e-02	 -3,90863e-01
665	  1,3280000000e+03	  4,64286e-02	 -3,95260e-01
666	  1,3300000000e+03	  4,05979e-02	 -3,97609e-01
667	  1,3320000000e+03	  3,47464e-02	 -4,00074e-01
668	  1,3340000000e+03	  2,98679e-02	 -4,00262e-01
669	  1,3360000000e+03	  2,44166e-02	 -4,00763e-01
670	  1,3380000000e+03	  1,89870e-02	 -4,01922e-01
671	  1,3400000000e+03	  1,28602e-02	 -4,03084e-01
672	  1,3420000000e+03	  6,64830e-03	 -4,04876e-01
673	  1,3440000000e+03	 -7,17237e-04	 -4,02715e-01
674	  1,3460000000e+03	 -8,13572e-03	 -4,01990e-01
675	  1,3480000000e+03	 -1,18421e-02	 -4,05839e-01
676	  1,3500000000e+03	 -1,64015e-02	 -4,06676e-01
677	  1,3520000000e+03	 -2,35815e-02	 -4,03123e-01
678	  1,3540000000e+03	 -2,90637e-02	 -4,02687e-01
679	  1,3560000000e+03	 -3,77975e-02	 -4,01751e-01
680	  1,3580000000e+03	 -4,56277e-02	 -3,99887e-01
681	  1,3600000000e+03	 -5,24969e-02	 -3,99105e-01
682	  1,3620000000e+03	 -5,47368e-02	 -3,98072e-01
683	  1,3640000000e+03	 -6,06474e-02	 -3,97462e-01
684	  1,3660000000e+03	 -6,65188e-02	 -3,94516e-01
685	  1,3680000000e+03	 -7,28611e-02	 -3,90128e-01
686	  1,3700000000e+03	 -7,73330e-02	 -3,87342e-01
687	  1,3720000000e+03	 -8,33070e-02	 -3,86489e-01
688	  1,3740000000e+03	 -9,01457e-02	 -3,85355e-01
689	  1,3760000000e+03	 -9,27289e-02	 -3,81196e-01
690	  1,3780000000e+03	 -9,68284e-02	 -3,77461e-01
691	  1,3800000000e+03	 -1,02170e-01	 -3,75525e-01
692	  1,3820000000e+03	 -1,05793e-01	 -3,72111e-01
693	  1,3840000000e+03	 -1,06838e-01	 -3,69627e-01
694	  1,3860000000e+03	 -1,09717e-01	 -3,70237e-01
695	  1,3880000000e+03	 -1,11041e-01	 -3,68008e-01
696	  1,3900000000e+03	 -1,15855e-01	 -3,65479e-01
697	  1,3920000000e+03	 -1,22009e-01	 -3,64752e-01
698	  1,3940000000e+03	 -1,25676e-01	 -3,63762e-01
699	  1,3960000000e+03	 -1,28729e-01	 -3,63699e-01
700	  1,3980000000e+03	 -1,31274e-01	 -3,63308e-01
701	  1,4000000000e+03	 -1,32975e-01	 -3,64555e-01
702	  1,4020000000e+03	 -1,36383e-01	 -3,62733e-01
703	  1,4040000000e+03	 -1,39310e-01	 -3,61990e-01
704	  1,4060000000e+03	 -1,43534e-01	 -3,59994e-01
705	  1,4080000000e+03	 -1,47568e-01	 -3,56766e-01
706	  1,4100000000e+03	 -1,53956e-01	 -3,53177e-01
707	  1,4120000000e+03	 -1,58067e-01	 -3,56085e-01
708	  1,4140000000e+03	 -1,62295e-01	 -3,55038e-01
709	  1,4160000000e+03	 -1,62959e-01	 -3,52551e-01
710	  1,4180000000e+03	 -1,66514e-01	 -3,52945e-01
711	  1,4200000000e+03	 -1,74197e-01	 -3,51636e-01
712	  1,4220000000e+03	 -1,79860e-01	 -3,49944e-01
713	  1,4240000000e+03	 -1,81293e-01	 -3,49188e-01
714	  1,4260000000e+03	 -1,83661e-01	 -3,48914e-01
715	  1,4280000000e+03	 -1,89343e-01	 -3,49067e-01
716	  1,4300000000e+03	 -1,94808e-01	 -3,47940e-01
717	  1,4320000000e+03	 -2,00199e-01	 -3,43167e-01
718	  1,4340000000e+03	 -2,07305e-01	 -3,41519e-01
719	  1,4360000000e+03	 -2,11219e-01	 -3,41217e-01
720	  1,4380000000e+03	 -2,15377e-01	 -3,41790e-01
721	  1,4400000000e+03	 -2,20340e-01	 -3,42512e-01
722	  1,4420000000e+03	 -2,25510e-01	 -3,40769e-01
723	  1,4440000000e+03	 -2,32231e-01	 -3,36321e-01
724	  1,4460000000e+03	 -2,38352e-01	 -3,32943e-01
725	  1,4480000000e+03	 -2,46591e-01	 -3,30388e-01
726	  1,4500000000e+03	 -2,52854e-01	 -3,29101e-01
727	  1,4520000000e+03	 -2,54560e-01	 -3,26636e-01
728	  1,4540000000e+03	 -2,58243e-01	 -3,17187e-01
729	  1,4560000000e+03	 -2,63639e-01	 -3,12189e-01
730	  1,4580000000e+03	 -2,69283e-01	 -3,10154e-01
731	  1,4600000000e+03	 -2,74736e-01	 -3,07345e-01
732	  1,4620000000e+03	 -2,79277e-01	 -3,03500e-01
733	  1,4640000000e+03	 -2,84003e-01	 -2,97852e-01
734	  1,4660000000e+03	 -2,88971e-01	 -2,94482e-01
735	  1,4680000000e+03	 -2,93534e-01	 -2,89278e-01
736	  1,4700000000e+03	 -2,97156e-01	 -2,85733e-01
737	  1,4720000000e+03	 -2,98259e-01	 -2,81513e-01
738	  1,4740000000e+03	 -2,99994e-01	 -2,78103e-01
739	  1,4760000000e+03	 -3,03186e-01	 -2,74611e-01
740	  1,4780000000e+03	 -3,06131e-01	 -2,68723e-01
741	  1,4800000000e+03	 -3,08266e-01	 -2,64914e-01
742	  1,4820000000e+03	 -3,09084e-01	 -2,64402e-01
743	  1,4840000000e+03	 -3,11557e-01	 -2,58747e-01
744	  1,4860000000e+03	 -3,15077e-01	 -2,53273e-01
745	  1,4880000000e+03	 -3,19224e-01	 -2,50173e-01
746	  1,4900000000e+03	 -3,22838e-01	 -2,46500e-01
747	  1,4920000000e+03	 -3,25936e-01	 -2,44449e-01
748	  1,4940000000e+03	 -3,29647e-01	 -2,41608e-01
749	  1,4960000000e+03	 -3,33961e-01	 -2,39655e-01
750	  1,4980000000e+03	 -3,38663e-01	 -2,37497e-01
751	  1,5000000000e+03	 -3,42169e-01	 -2,36384e-01
752	  1,5020000000e+03	 -3,44675e-01	 -2,31918e-01
753	  1,5040000000e+03	 -3,46971e-01	 -2,26711e-01
754	  1,5060000000e+03	 -3,49691e-01	 -2,21263e-01
755	  1,5080000000e+03	 -3,50815e-01	 -2,14801e-01
756	  1,5100000000e+03	 -3,54532e-01	 -2,13336e-01
757	  1,5120000000e+03	 -3,60107e-01	 -2,09166e-01
758	  1,5140000000e+03	 -3,63902e-01	 -2,04735e-01
759	  1,5160000000e+03	 -3,64428e-01	 -1,99765e-01
760	  1,5180000000e+03	 -3,67553e-01	 -1,97420e-01
761	  1,5200000000e+03	 -3,71586e-01	 -1,93192e-01
762	  1,5220000000e+03	 -3,76045e-01	 -1,89448e-01
763	  1,5240000000e+03	 -3,80885e-01	 -1,83876e-01
764	  1,5260000000e+03	 -3,83530e-01	 -1,78317e-01
765	  1,5280000000e+03	 -3,86560e-01	 -1,74286e-01
766	  1,5300000000e+03	 -3,90964e-01	 -1,70239e-01
767	  1,5320000000e+03	 -3,91661e-01	 -1,63704e-01
768	  1,5340000000e+03	 -3,93491e-01	 -1,60487e-01
769	  1,5360000000e+03	 -3,95770e-01	 -1,56110e-01
770	  1,5380000000e+03	 -3,99660e-01	 -1,48288e-01
771	  1,5400000000e+03	 -4,04663e-01	 -1,41755e-01
772	  1,5420000000e+03	 -4,05589e-01	 -1,37780e-01
773	  1,5440000000e+03	 -4,07000e-01	 -1,31113e-01
774	  1,5460000000e+03	 -4,09945e-01	 -1,23596e-01
775	  1,5480000000e+03	 -4,09300e-01	 -1,20655e-01
776	  1,5500000000e+03	 -4,11163e-01	 -1,14470e-01
777	  1,5520000000e+03	 -4,14375e-01	 -1,10281e-01
778	  1,5540000000e+03	 -4,18105e-01	 -1,05221e-01
779	  1,5560000000e+03	 -4,16927e-01	 -9,79402e-02
780	  1,5580000000e+03	 -4,17898e-01	 -9,28406e-02
781	  1,5600000000e+03	 -4,20996e-01	 -8,96323e-02
782	  1,5620000000e+03	 -4,21914e-01	 -8,44390e-02
783	  1,5640000000e+03	 -4,23007e-01	 -7,80675e-02
784	  1,5660000000e+03	 -4,21770e-01	 -7,20221e-02
785	  1,5680000000e+03	 -4,22751e-01	 -6,60206e-02
786	  1,5700000000e+03	 -4,22831e-01	 -5,81843e-02
787	  1,5720000000e+03	 -4,25407e-01	 -5,10802e-02
788	  1,5740000000e+03	 -4,26588e-01	 -4,60727e-02
789	  1,5760000000e+03	 -4,29918e-01	 -4,47596e-02
790	  1,5780000000e+03	 -4,29795e-01	 -4,01530e-02
791	  1,5800000000e+03	 -4,28071e-01	 -3,45181e-02
792	  1,5820000000e+03	 -4,29736e-01	 -2,91800e-02
793	  1,5840000000e+03	 -4,31249e-01	 -2,29114e-02
794	  1,5860000000e+03	 -4,32015e-01	 -1,70322e-02
795	  1,5880000000e+03	 -4,31613e-01	 -1,23072e-02
796	  1,5900000000e+03	 -4,28681e-01	 -6,72967e-03
797	  1,5920000000e+03	 -4,31716e-01	 -2,41057e-03
798	  1,5940000000e+03	 -4,33210e-01	  5,66630e-03
799	  1,5960000000e+03	 -4,32151e-01	  1,29523e-02
800	  1,5980000000e+03	 -4,33675e-01	  1,73372e-02
801	  1,6000000000e+03	 -4,35954e-01	  2,33129e-02
802	  1,6020000000e+03	 -4,35817e-01	  2,56926e-02
803	  1,6040000000e+03	 -4,36500e-01	  3,32081e-02
804	  1,6060000000e+03	 -4,35652e-01	  4,30054e-02
805	  1,6080000000e+03	 -4,33532e-01	  4,99864e-02
806	  1,6100000000e+03	 -4,33987e-01	  5,52959e-02
807	  1,6120000000e+03	 -4,32330e-01	  5,87079e-02
808	  1,6140000000e+03	 -4,30653e-01	  6,26812e-02
809	  1,6160000000e+03	 -4,27611e-01	  6,64144e-02
810	  1,6180000000e+03	 -4,28265e-01	  7,48326e-02
811	  1,6200000000e+03	 -4,27466e-01	  8,17468e-02
812	  1,6220000000e+03	 -4,27142e-01	  8,66894e-02
813	  1,6240000000e+03	 -4,27041e-01	  9,22020e-02
814	  1,6260000000e+03	 -4,25649e-01	  9,56114e-02
815	  1,6280000000e+03	 -4,25554e-01	  1,01823e-01
816	  1,6300000000e+03	 -4,23802e-01	  1,07307e-01
817	  1,6320000000e+03	 -4,20992e-01	  1,12071e-01
818	  1,6340000000e+03	 -4,18811e-01	  1,20114e-01
819	  1,6360000000e+03	 -4,18187e-01	  1,21204e-01
820	  1,6380000000e+03	 -4,17067e-01	  1,27499e-01
821	  1,6400000000e+03	 -4,16250e-01	  1,34468e-01
822	  1,6420000000e+03	 -4,14365e-01	  1,36323e-01
823	  1,6440000000e+03	 -4,12269e-01	  1,41957e-01
824	  1,6460000000e+03	 -4,07833e-01	  1,46294e-01
825	  1,6480000000e+03	 -4,08639e-01	  1,53776e-01
826	  1,6500000000e+03	 -4,08153e-01	  1,59533e-01
827	  1,6520000000e+03	 -4,05579e-01	  1,62716e-01
828	  1,6540000000e+03	 -4,03361e-01	  1,66135e-01
829	  1,6560000000e+03	 -4,03030e-01	  1,73200e-01
830	  1,6580000000e+03	 -4,01173e-01	  1,74511e-01
831	  1,6600000000e+03	 -3,98854e-01	  1,78810e-01
832	  1,6620000000e+03	 -3,99401e-01	  1,82841e-01
833	  1,6640000000e+03	 -3,99086e-01	  1,89574e-01
834	  1,6660000000e+03	 -3,96297e-01	  1,94440e-01
835	  1,6680000000e+03	 -3,95252e-01	  2,00512e-01
836	  1,6700000000e+03	 -3,96157e-01	  2,05299e-01
837	  1,6720000000e+03	 -3,96452e-01	  2,14506e-01
838	  1,6740000000e+03	 -3,94204e-01	  2,24053e-01
839	  1,6760000000e+03	 -3,92180e-01	  2,27981e-01
840	  1,6780000000e+03	 -3,89597e-01	  2,32783e-01
841	  1,6800000000e+03	 -3,87089e-01	  2,41325e-01
842	  1,6820000000e+03	 -3,85503e-01	  2,47691e-01
843	  1,6840000000e+03	 -3,82766e-01	  2,53164e-01
844	  1,6860000000e+03	 -3,79373e-01	  2,61086e-01
845	  1,6880000000e+03	 -3,74792e-01	  2,65938e-01
846	  1,6900000000e+03	 -3,72832e-01	  2,70884e-01
847	  1,6920000000e+03	 -3,70913e-01	  2,74813e-01
848	  1,6940000000e+03	 -3,68474e-01	  2,78295e-01
849	  1,6960000000e+03	 -3,63737e-01	  2,84865e-01
850	  1,6980000000e+03	 -3,58382e-01	  2,93909e-01
851	  1,7000000000e+03	 -3,54405e-01	  2,98715e-01
852	  1,7020000000e+03	 -3,53077e-01	  3,05468e-01
853	  1,7040000000e+03	 -3,48597e-01	  3,13365e-01
854	  1,7060000000e+03	 -3,44580e-01	  3,17937e-01
855	  1,7080000000e+03	 -3,38330e-01	  3,24541e-01
856	  1,7100000000e+03	 -3,32724e-01	  3,30490e-01
857	  1,7120000000e+03	 -3,28094e-01	  3,36163e-01
858	  1,7140000000e+03	 -3,23939e-01	  3,42568e-01
859	  1,7160000000e+03	 -3,17537e-01	  3,47232e-01
860	  1,7180000000e+03	 -3,10795e-01	  3,50953e-01
861	  1,7200000000e+03	 -3,05752e-01	  3,55919e-01
862	  1,7220000000e+03	 -2,98062e-01	  3,57745e-01
863	  1,7240000000e+03	 -2,92299e-01	  3,61839e-01
864	  1,7260000000e+03	 -2,86727e-01	  3,67847e-01
865	  1,7280000000e+03	 -2,80927e-01	  3,71922e-01
866	  1,7300000000e+03	 -2,75880e-01	  3,74518e-01
867	  1,7320000000e+03	 -2,68433e-01	  3,78079e-01
868	  1,7340000000e+03	 -2,66401e-01	  3,81169e-01
869	  1,7360000000e+03	 -2,58665e-01	  3,83395e-01
870	  1,7380000000e+03	 -2,51702e-01	  3,87435e-01
871	  1,7400000000e+03	 -2,46811e-01	  3,90477e-01
872	  1,7420000000e+03	 -2,41440e-01	  3,92337e-01
873	  1,7440000000e+03	 -2,36772e-01	  3,94262e-01
874	  1,7460000000e+03	 -2,32637e-01	  3,95516e-01
875	  1,7480000000e+03	 -2,23852e-01	  3,99862e-01
876	  1,7500000000e+03	 -2,18299e-01	  4,00544e-01
877	  1,7520000000e+03	 -2,15978e-01	  4,03177e-01
878	  1,7540000000e+03	 -2,12519e-01	  4,07315e-01
879	  1,7560000000e+03	 -2,03615e-01	  4,10436e-01
880	  1,7580000000e+03	 -1,98675e-01	  4,11661e-01
881	  1,7600000000e+03	 -1,95570e-01	  4,11561e-01
882	  1,7620000000e+03	 -1,90361e-01	  4,13138e-01
883	  1,7640000000e+03	 -1,84662e-01	  4,15929e-01
884	  1,7660000000e+03	 -1,79754e-01	  4,17514e-01
885	  1,7680000000e+03	 -1,75495e-01	  4,18354e-01
886	  1,7700000000e+03	 -1,71659e-01	  4,22301e-01
887	  1,7720000000e+03	 -1,64936e-01	  4,24943e-01
888	  1,7740000000e+03	 -1,60838e-01	  4,24951e-01
889	  1,7760000000e+03	 -1,57364e-01	  4,27357e-01
890	  1,7780000000e+03	 -1,51989e-01	  4,31391e-01
891	  1,7800000000e+03	 -1,46254e-01	  4,34434e-01
892	  1,7820000000e+03	 -1,43385e-01	  4,37002e-01
893	  1,7840000000e+03	 -1,35499e-01	  4,43876e-01
894	  1,7860000000e+03	 -1,30078e-01	  4,45717e-01
895	  1,7880000000e+03	 -1,26584e-01	  4,45806e-01
896	  1,7900000000e+03	 -1,20615e-01	  4,48744e-01
897	  1,7920000000e+03	 -1,12847e-01	  4,52679e-01
898	  1,7940000000e+03	 -1,06450e-01	  4,57047e-01
899	  1,7960000000e+03	 -1,00240e-01	  4,60184e-01
900	  1,7980000000e+03	 -9,35024e-02	  4,61652e-01
901	  1,8000000000e+03	 -8,71984e-02	  4,62297e-01
902	  1,8020000000e+03	 -8,01598e-02	  4,64601e-01
903	  1,8040000000e+03	 -7,07152e-02	  4,63520e-01
904	  1,8060000000e+03	 -6,08978e-02	  4,63496e-01
905	  1,8080000000e+03	 -5,39085e-02	  4,66735e-01
906	  1,8100000000e+03	 -4,92744e-02	  4,65383e-01
907	  1,8120000000e+03	 -4,62357e-02	  4,63586e-01
908	  1,8140000000e+03	 -4,06413e-02	  4,63480e-01
909	  1,8160000000e+03	 -2,99502e-02	  4,64959e-01
910	  1,8180000000e+03	 -2,30081e-02	  4,64089e-01
911	  1,8200000000e+03	 -1,63908e-02	  4,64261e-01
912	  1,8220000000e+03	 -1,02741e-02	  4,63724e-01
913	  1,8240000000e+03	 -4,68783e-03	  4,62245e-01
914	  1,8260000000e+03	  4,10509e-03	  4,61137e-01
915	  1,8280000000e+03	  8,51007e-03	  4,60860e-01
916	  1,8300000000e+03	  1,30612e-02	  4,62368e-01
917	  1,8320000000e+03	  2,03029e-02	  4,63576e-01
918	  1,8340000000e+03	  2,28241e-02	  4,60907e-01
919	  1,8360000000e+03	  2,91904e-02	  4,58558e-01
920	  1,8380000000e+03	  3,49104e-02	  4,57031e-01
921	  1,8400000000e+03	  4,23069e-02	  4,55113e-01
922	  1,8420000000e+03	  4,99484e-02	  4,55372e-01
923	  1,8440000000e+03	  5,47342e-02	  4,55255e-01
924	  1,8460000000e+03	  5,74755e-02	  4,53675e-01
925	  1,8480000000e+03	  6,43392e-02	  4,50941e-01
926	  1,8500000000e+03	  7,39729e-02	  4,49402e-01
927	  1,8520000000e+03	  7,94533e-02	  4,49455e-01
928	  1,8540000000e+03	  8,18173e-02	  4,46909e-01
929	  1,8560000000e+03	  8,68853e-02	  4,45690e-01
930	  1,8580000000e+03	  9,15588e-02	  4,44004e-01
931	  1,8600000000e+03	  9,59188e-02	  4,42508e-01
932	  1,8620000000e+03	  1,04593e-01	  4,39679e-01
933	  1,8640000000e+03	  1,08133e-01	  4,39390e-01
934	  1,8660000000e+03	  1,11073e-01	  4,39150e-01
935	  1,8680000000e+03	  1,14396e-01	  4,40408e-01
936	  1,8700000000e+03	  1,21971e-01	  4,36265e-01
937	  1,8720000000e+03	  1,25685e-01	  4,35146e-01
938	  1,8740000000e+03	  1,31406e-01	  4,33562e-01
939	  1,8760000000e+03	  1,35745e-01	  4,32479e-01
940	  1,8780000000e+03	  1,40435e-01	  4,34268e-01
941	  1,8800000000e+03	  1,45261e-01	  4,32453e-01
942	  1,8820000000e+03	  1,51439e-01	  4,31292e-01
943	  1,8840000000e+03	  1,56234e-01	  4,32325e-01
944	  1,8860000000e+03	  1,60233e-01	  4,34030e-01
945	  1,8880000000e+03	  1,67806e-01	  4,34180e-01
946	  1,8900000000e+03	  1,76590e-01	  4,31681e-01
947	  1,8920000000e+03	  1,83588e-01	  4,31590e-01
948	  1,8940000000e+03	  1,89114e-01	  4,30738e-01
949	  1,8960000000e+03	  1,95706e-01	  4,28916e-01
950	  1,8980000000e+03	  2,02894e-01	  4,23866e-01
951	  1,9000000000e+03	  2,11413e-01	  4,20912e-01
952	  1,9020000000e+03	  2,17261e-01	  4,20503e-01
953	  1,9040000000e+03	  2,23048e-01	  4,20917e-01
954	  1,9060000000e+03	  2,31794e-01	  4,16823e-01
955	  1,9080000000e+03	  2,35708e-01	  4,15707e-01
956	  1,9100000000e+03	  2,41121e-01	  4,09346e-01
957	  1,9120000000e+03	  2,51957e-01	  4,04328e-01
958	  1,9140000000e+03	  2,60309e-01	  3,97633e-01
959	  1,9160000000e+03	  2,64038e-01	  3,94292e-01
960	  1,9180000000e+03	  2,70821e-01	  3,91918e-01
961	  1,9200000000e+03	  2,76793e-01	  3,87399e-01
962	  1,9220000000e+03	  2,81834e-01	  3,82026e-01
963	  1,9240000000e+03	  2,84473e-01	  3,78159e-01
964	  1,9260000000e+03	  2,87649e-01	  3,75720e-01
965	  1,9280000000e+03	  2,94009e-01	  3,68838e-01
966	  1,9300000000e+03	  2,99392e-01	  3,62492e-01
967	  1,9320000000e+03	  3,04091e-01	  3,60061e-01
968	  1,9340000000e+03	  3,07779e-01	  3,54958e-01
969	  1,9360000000e+03	  3,15662e-01	  3,49676e-01
970	  1,9380000000e+03	  3,19577e-01	  3,46003e-01
971	  1,9400000000e+03	  3,24560e-01	  3,41753e-01
972	  1,9420000000e+03	  3,30466e-01	  3,38037e-01
973	  1,9440000000e+03	  3,32772e-01	  3,31885e-01
974	  1,9460000000e+03	  3,36700e-01	  3,26282e-01
975	  1,9480000000e+03	  3,40196e-01	  3,20779e-01
976	  1,9500000000e+03	  3,46502e-01	  3,12659e-01
977	  1,9520000000e+03	  3,51910e-01	  3,07814e-01
978	  1,9540000000e+03	  3,57645e-01	  3,01834e-01
979	  1,9560000000e+03	  3,59357e-01	  2,94619e-01
980	  1,9580000000e+03	  3,61318e-01	  2,88871e-01
981	  1,9600000000e+03	  3,63967e-01	  2,84203e-01
982	  1,9620000000e+03	  3,65264e-01	  2,80211e-01
983	  1,9640000000e+03	  3,68851e-01	  2,76935e-01
984	  1,9660000000e+03	  3,72999e-01	  2,70777e-01
985	  1,9680000000e+03	  3,76515e-01	  2,67032e-01
986	  1,9700000000e+03	  3,77431e-01	  2,61128e-01
987	  1,9720000000e+03	  3,82436e-01	  2,53710e-01
988	  1,9740000000e+03	  3,83419e-01	  2,51024e-01
989	  1,9760000000e+03	  3,84632e-01	  2,46114e-01
990	  1,9780000000e+03	  3,86295e-01	  2,39936e-01
991	  1,9800000000e+03	  3,90740e-01	  2,35674e-01
992	  1,9820000000e+03	  3,92875e-01	  2,28136e-01
993	  1,9840000000e+03	  3,92856e-01	  2,23097e-01
994	  1,9860000000e+03	  3,97780e-01	  2,18292e-01
995	  1,9880000000e+03	  3,99267e-01	  2,14031e-01
996	  1,9900000000e+03	  3,99309e-01	  2,10008e-01
997	  1,9920000000e+03	  3,99589e-01	  2,02853e-01
998	  1,9940000000e+03	  4,03202e-01	  1,97276e-01
999	  1,9960000000e+03	  4,03748e-01	  1,92813e-01
1000	  1,9980000000e+03	  4,06336e-01	  1,87330e-01
1001	  2,0000000000e+03	  4,11594e-01	  1,85012e-01
1002	  2,0020000000e+03	  4,12669e-01	  1,80606e-01
1003	  2,0040000000e+03	  4,14249e-01	  1,75649e-01
1004	  2,0060000000e+03	  4,17392e-01	  1,70945e-01
1005	  2,0080000000e+03	  4,18322e-01	  1,67486e-01
1006	  2,0100000000e+03	  4,19644e-01	  1,61094e-01
1007	  2,0120000000e+03	  4,19656e-01	  1,54309e-01
1008	  2,0140000000e+03	  4,22875e-01	  1,49307e-01
1009	  2,0160000000e+03	  4,25290e-01	  1,43300e-01
1010	  2,0180000000e+03	  4,24729e-01	  1,38327e-01
1011	  2,0200000000e+03	  4,25432e-01	  1,31828e-01
1012	  2,0220000000e+03	  4,28848e-01	  1,24615e-01
1013	  2,0240000000e+03	  4,31575e-01	  1,20031e-01
1014	  2,0260000000e+03	  4,33368e-01	  1,14711e-01
1015	  2,0280000000e+03	  4,31659e-01	  1,09959e-01
1016	  2,0300000000e+03	  4,33744e-01	  1,08429e-01
1017	  2,0320000000e+03	  4,35570e-01	  1,02831e-01
1018	  2,0340000000e+03	  4,37537e-01	  9,46563e-02
1019	  2,0360000000e+03	  4,37191e-01	  9,08452e-02
1020	  2,0380000000e+03	  4,36777e-01	  8,47653e-02
1021	  2,0400000000e+03	  4,38312e-01	  7,78064e-02
1022	  2,0420000000e+03	  4,40844e-01	  7,34579e-02
1023	  2,0440000000e+03	  4,42582e-01	  6,68792e-02
1024	  2,0460000000e+03	  4,41684e-01	  6,06525e-02
1025	  2,0480000000e+03	  4,38209e-01	  5,37399e-02
1026	  2,0500000000e+03	  4,36767e-01	  4,85635e-02
1027	  2,0520000000e+03	  4,36234e-01	  4,11299e-02
1028	  2,0540000000e+03	  4,40983e-01	  3,71344e-02
1029	  2,0560000000e+03	  4,41920e-01	  3,38503e-02
1030	  2,0580000000e+03	  4,38934e-01	  2,83822e-02
1031	  2,0600000000e+03	  4,38387e-01	  2,36287e-02
1032	  2,0620000000e+03	  4,38453e-01	  1,98716e-02
1033	  2,0640000000e+03	  4,38076e-01	  1,26934e-02
1034	  2,0660000000e+03	  4,38496e-01	  8,61583e-03
1035	  2,0680000000e+03	  4,37864e-01	  6,95041e-03
1036	  2,0700000000e+03	  4,35850e-01	  4,12970e-03
1037	  2,0720000000e+03	  4,37167e-01	 -1,21274e-03
1038	  2,0740000000e+03	  4,40550e-01	 -8,30433e-03
1039	  2,0760000000e+03	  4,41306e-01	 -1,02365e-02
1040	  2,0780000000e+03	  4,41818e-01	 -1,40448e-02
1041	  2,0800000000e+03	  4,41767e-01	 -2,30778e-02
1042	  2,0820000000e+03	  4,41724e-01	 -2,81667e-02
1043	  2,0840000000e+03	  4,42085e-01	 -3,31123e-02
1044	  2,0860000000e+03	  4,38742e-01	 -3,88446e-02
1045	  2,0880000000e+03	  4,36711e-01	 -4,38410e-02
1046	  2,0900000000e+03	  4,38346e-01	 -5,06527e-02
1047	  2,0920000000e+03	  4,40455e-01	 -5,34831e-02
1048	  2,0940000000e+03	  4,39620e-01	 -5,69477e-02
1049	  2,0960000000e+03	  4,40335e-01	 -6,23567e-02
1050	  2,0980000000e+03	  4,40372e-01	 -6,41363e-02
1051	  2,1000000000e+03	  4,41378e-01	 -7,17061e-02
1052	  2,1020000000e+03	  4,41133e-01	 -8,05219e-02
1053	  2,1040000000e+03	  4,41136e-01	 -8,50391e-02
1054	  2,1060000000e+03	  4,41795e-01	 -9,22984e-02
1055	  2,1080000000e+03	  4,40403e-01	 -9,73840e-02
1056	  2,1100000000e+03	  4,39408e-01	 -1,04967e-01
1057	  2,1120000000e+03	  4,37824e-01	 -1,13444e-01
1058	  2,1140000000e+03	  4,37107e-01	 -1,17084e-01
1059	  2,1160000000e+03	  4,32947e-01	 -1,19391e-01
1060	  2,1180000000e+03	  4,32010e-01	 -1,24589e-01
1061	  2,1200000000e+03	  4,32565e-01	 -1,28701e-01
1062	  2,1220000000e+03	  4,30950e-01	 -1,34612e-01
1063	  2,1240000000e+03	  4,27978e-01	 -1,41186e-01
1064	  2,1260000000e+03	  4,28831e-01	 -1,47694e-01
1065	  2,1280000000e+03	  4,28052e-01	 -1,55378e-01
1066	  2,1300000000e+03	  4,23908e-01	 -1,61607e-01
1067	  2,1320000000e+03	  4,22186e-01	 -1,65373e-01
1068	  2,1340000000e+03	  4,20977e-01	 -1,70064e-01
1069	  2,1360000000e+03	  4,14935e-01	 -1,75823e-01
1070	  2,1380000000e+03	  4,12122e-01	 -1,79355e-01
1071	  2,1400000000e+03	  4,10941e-01	 -1,86410e-01
1072	  2,1420000000e+03	  4,07075e-01	 -1,94492e-01
1073	  2,1440000000e+03	  4,07353e-01	 -1,97511e-01
1074	  2,1460000000e+03	  4,06303e-01	 -2,01525e-01
1075	  2,1480000000e+03	  4,03440e-01	 -2,05216e-01
1076	  2,1500000000e+03	  3,99958e-01	 -2,10633e-01
1077	  2,1520000000e+03	  3,97858e-01	 -2,14111e-01
1078	  2,1540000000e+03	  3,97338e-01	 -2,18074e-01
1079	  2,1560000000e+03	  3,95475e-01	 -2,25201e-01
1080	  2,1580000000e+03	  3,91452e-01	 -2,28646e-01
1081	  2,1600000000e+03	  3,91630e-01	 -2,33222e-01
1082	  2,1620000000e+03	  3,91575e-01	 -2,37893e-01
1083	  2,1640000000e+03	  3,89062e-01	 -2,44987e-01
1084	  2,1660000000e+03	  3,84505e-01	 -2,50795e-01
1085	  2,1680000000e+03	  3,80051e-01	 -2,57855e-01
1086	  2,1700000000e+03	  3,77555e-01	 -2,63559e-01
1087	  2,1720000000e+03	  3,75139e-01	 -2,69282e-01
1088	  2,1740000000e+03	  3,69457e-01	 -2,70979e-01
1089	  2,1760000000e+03	  3,66370e-01	 -2,76835e-01
1090	  2,1780000000e+03	  3,62950e-01	 -2,84098e-01
1091	  2,1800000000e+03	  3,63352e-01	 -2,87492e-01
1092	  2,1820000000e+03	  3,60526e-01	 -2,93943e-01
1093	  2,1840000000e+03	  3,58196e-01	 -3,00745e-01
1094	  2,1860000000e+03	  3,51923e-01	 -3,05418e-01
1095	  2,1880000000e+03	  3,46546e-01	 -3,09553e-01
1096	  2,1900000000e+03	  3,38862e-01	 -3,16864e-01
1097	  2,1920000000e+03	  3,35724e-01	 -3,20263e-01
1098	  2,1940000000e+03	  3,29807e-01	 -3,22728e-01
1099	  2,1960000000e+03	  3,24576e-01	 -3,25959e-01
1100	  2,1980000000e+03	  3,19687e-01	 -3,28495e-01
1101	  2,2000000000e+03	  3,15321e-01	 -3,32691e-01
1102	  2,2020000000e+03	  3,11813e-01	 -3,34289e-01
1103	  2,2040000000e+03	  3,09685e-01	 -3,37819e-01
1104	  2,2060000000e+03	  3,05250e-01	 -3,41949e-01
1105	  2,2080000000e+03	  2,99565e-01	 -3,43575e-01
1106	  2,2100000000e+03	  2,96734e-01	 -3,47147e-01
1107	  2,2120000000e+03	  2,93830e-01	 -3,48693e-01
1108	  2,2140000000e+03	  2,92807e-01	 -3,50182e-01
1109	  2,2160000000e+03	  2,86968e-01	 -3,57011e-01
1110	  2,2180000000e+03	  2,82638e-01	 -3,62607e-01
1111	  2,2200000000e+03	  2,78660e-01	 -3,66442e-01
1112	  2,2220000000e+03	  2,76131e-01	 -3,69453e-01
1113	  2,2240000000e+03	  2,76090e-01	 -3,75669e-01
1114	  2,2260000000e+03	  2,71849e-01	 -3,81115e-01
1115	  2,2280000000e+03	  2,69375e-01	 -3,84173e-01
1116	  2,2300000000e+03	  2,63836e-01	 -3,88544e-01
1117	  2,2320000000e+03	  2,62058e-01	 -3,94672e-01
1118	  2,2340000000e+03	  2,58387e-01	 -3,98941e-01
1119	  2,2360000000e+03	  2,49250e-01	 -4,02100e-01
1120	  2,2380000000e+03	  2,45716e-01	 -4,09635e-01
1121	  2,2400000000e+03	  2,42320e-01	 -4,14994e-01
1122	  2,2420000000e+03	  2,35280e-01	 -4,19562e-01
1123	  2,2440000000e+03	  2,28738e-01	 -4,23493e-01
1124	  2,2460000000e+03	  2,23804e-01	 -4,27270e-01
1125	  2,2480000000e+03	  2,16778e-01	 -4,30261e-01
1126	  2,2500000000e+03	  2,08979e-01	 -4,33166e-01
1127	  2,2520000000e+03	  2,04014e-01	 -4,36599e-01
1128	  2,2540000000e+03	  1,98935e-01	 -4,39277e-01
1129	  2,2560000000e+03	  1,91431e-01	 -4,41934e-01
1130	  2,2580000000e+03	  1,86198e-01	 -4,44719e-01
1131	  2,2600000000e+03	  1,80285e-01	 -4,46027e-01
1132	  2,2620000000e+03	  1,74723e-01	 -4,49377e-01
1133	  2,2640000000e+03	  1,68973e-01	 -4,50331e-01
1134	  2,2660000000e+03	  1,61818e-01	 -4,49908e-01
1135	  2,2680000000e+03	  1,56617e-01	 -4,53057e-01
1136	  2,2700000000e+03	  1,52011e-01	 -4,56004e-01
1137	  2,2720000000e+03	  1,45487e-01	 -4,60903e-01
1138	  2,2740000000e+03	  1,35837e-01	 -4,63601e-01
1139	  2,2760000000e+03	  1,30458e-01	 -4,65018e-01
1140	  2,2780000000e+03	  1,26428e-01	 -4,68126e-01
1141	  2,2800000000e+03	  1,18617e-01	 -4,69612e-01
1142	  2,2820000000e+03	  1,12274e-01	 -4,71468e-01
1143	  2,2840000000e+03	  1,04970e-01	 -4,74119e-01
1144	  2,2860000000e+03	  1,01025e-01	 -4,76242e-01
1145	  2,2880000000e+03	  9,37115e-02	 -4,78373e-01
1146	  2,2900000000e+03	  8,70493e-02	 -4,80991e-01
1147	  2,2920000000e+03	  8,16763e-02	 -4,81735e-01
1148	  2,2940000000e+03	  7,63607e-02	 -4,83067e-01
1149	  2,2960000000e+03	  6,97885e-02	 -4,87552e-01
1150	  2,2980000000e+03	  6,03855e-02	 -4,86543e-01
1151	  2,3000000000e+03	  5,58395e-02	 -4,87609e-01
1152	  2,3020000000e+03	  4,82819e-02	 -4,89565e-01
1153	  2,3040000000e+03	  3,97600e-02	 -4,92249e-01
1154	  2,3060000000e+03	  3,30839e-02	 -4,94089e-01
1155	  2,3080000000e+03	  2,45668e-02	 -4,92662e-01
1156	  2,3100000000e+03	  1,60752e-02	 -4,93362e-01
1157	  2,3120000000e+03	  9,01595e-03	 -4,91596e-01
1158	  2,3140000000e+03	  2,49776e-03	 -4,92169e-01
1159	  2,3160000000e+03	 -7,37610e-03	 -4,93126e-01
1160	  2,3180000000e+03	 -1,14476e-02	 -4,91079e-01
1161	  2,3200000000e+03	 -1,77408e-02	 -4,91381e-01
1162	  2,3220000000e+03	 -2,45852e-02	 -4,92141e-01
1163	  2,3240000000e+03	 -3,00991e-02	 -4,90664e-01
1164	  2,3260000000e+03	 -3,57526e-02	 -4,88699e-01
1165	  2,3280000000e+03	 -4,31439e-02	 -4,90013e-01
1166	  2,3300000000e+03	 -5,00844e-02	 -4,88637e-01
1167	  2,3320000000e+03	 -5,73671e-02	 -4,87249e-01
1168	  2,3340000000e+03	 -6,49230e-02	 -4,86648e-01
1169	  2,3360000000e+03	 -6,96634e-02	 -4,85550e-01
1170	  2,3380000000e+03	 -7,99752e-02	 -4,85510e-01
1171	  2,3400000000e+03	 -8,80352e-02	 -4,83462e-01
1172	  2,3420000000e+03	 -9,55105e-02	 -4,84088e-01
1173	  2,3440000000e+03	 -1,02121e-01	 -4,82356e-01
1174	  2,3460000000e+03	 -1,07698e-01	 -4,79404e-01
1175	  2,3480000000e+03	 -1,14566e-01	 -4,76620e-01
1176	  2,3500000000e+03	 -1,20696e-01	 -4,74342e-01
1177	  2,3520000000e+03	 -1,25406e-01	 -4,71864e-01
1178	  2,3540000000e+03	 -1,30527e-01	 -4,69637e-01
1179	  2,3560000000e+03	 -1,36195e-01	 -4,68588e-01
1180	  2,3580000000e+03	 -1,43863e-01	 -4,67631e-01
1181	  2,3600000000e+03	 -1,49458e-01	 -4,65920e-01
1182	  2,3620000000e+03	 -1,55335e-01	 -4,65446e-01
1183	  2,3640000000e+03	 -1,64501e-01	 -4,63181e-01
1184	  2,3660000000e+03	 -1,71675e-01	 -4,60636e-01
1185	  2,3680000000e+03	 -1,76148e-01	 -4,56851e-01
1186	  2,3700000000e+03	 -1,83521e-01	 -4,52568e-01
1187	  2,3720000000e+03	 -1,90642e-01	 -4,51187e-01
1188	  2,3740000000e+03	 -1,95558e-01	 -4,48705e-01
1189	  2,3760000000e+03	 -2,00656e-01	 -4,48718e-01
1190	  2,3780000000e+03	 -2,05642e-01	 -4,44859e-01
1191	  2,3800000000e+03	 -2,14087e-01	 -4,39379e-01
1192	  2,3820000000e+03	 -2,21035e-01	 -4,39138e-01
1193	  2,3840000000e+03	 -2,29083e-01	 -4,36319e-01
1194	  2,3860000000e+03	 -2,34947e-01	 -4,32344e-01
1195	  2,3880000000e+03	 -2,39016e-01	 -4,28991e-01
1196	  2,3900000000e+03	 -2,44769e-01	 -4,24227e-01
1197	  2,3920000000e+03	 -2,52248e-01	 -4,17330e-01
1198	  2,3940000000e+03	 -2,59031e-01	 -4,11122e-01
1199	  2,3960000000e+03	 -2,63267e-01	 -4,05923e-01
1200	  2,3980000000e+03	 -2,65161e-01	 -4,01349e-01
1201	  2,4000000000e+03	 -2,71728e-01	 -3,96451e-01
1202	  2,4020000000e+03	 -2,72646e-01	 -3,93352e-01
1203	  2,4040000000e+03	 -2,76843e-01	 -3,89165e-01
1204	  2,4060000000e+03	 -2,83240e-01	 -3,83166e-01
1205	  2,4080000000e+03	 -2,88117e-01	 -3,81201e-01
1206	  2,4100000000e+03	 -2,91703e-01	 -3,79562e-01
1207	  2,4120000000e+03	 -2,94551e-01	 -3,75621e-01
1208	  2,4140000000e+03	 -2,99136e-01	 -3,72538e-01
1209	  2,4160000000e+03	 -3,07442e-01	 -3,67158e-01
1210	  2,4180000000e+03	 -3,08955e-01	 -3,64513e-01
1211	  2,4200000000e+03	 -3,12792e-01	 -3,59289e-01
1212	  2,4220000000e+03	 -3,16055e-01	 -3,53777e-01
1213	  2,4240000000e+03	 -3,22219e-01	 -3,50809e-01
1214	  2,4260000000e+03	 -3,26495e-01	 -3,48095e-01
1215	  2,4280000000e+03	 -3,29819e-01	 -3,43238e-01
1216	  2,4300000000e+03	 -3,34324e-01	 -3,39702e-01
1217	  2,4320000000e+03	 -3,38311e-01	 -3,36871e-01
1218	  2,4340000000e+03	 -3,40881e-01	 -3,32810e-01
1219	  2,4360000000e+03	 -3,46533e-01	 -3,29656e-01
1220	  2,4380000000e+03	 -3,53876e-01	 -3,27416e-01
1221	  2,4400000000e+03	 -3,58157e-01	 -3,21355e-01
1222	  2,4420000000e+03	 -3,61895e-01	 -3,15612e-01
1223	  2,4440000000e+03	 -3,63322e-01	 -3,09101e-01
1224	  2,4460000000e+03	 -3,68618e-01	 -3,03415e-01
1225	  2,4480000000e+03	 -3,74026e-01	 -2,96914e-01
1226	  2,4500000000e+03	 -3,78722e-01	 -2,91314e-01
1227	  2,4520000000e+03	 -3,80884e-01	 -2,87210e-01
1228	  2,4540000000e+03	 -3,84248e-01	 -2,83973e-01
1229	  2,4560000000e+03	 -3,87931e-01	 -2,78504e-01
1230	  2,4580000000e+03	 -3,91052e-01	 -2,71777e-01
1231	  2,4600000000e+03	 -3,94191e-01	 -2,66639e-01
1232	  2,4620000000e+03	 -3,99237e-01	 -2,59757e-01
1233	  2,4640000000e+03	 -4,02593e-01	 -2,54731e-01
1234	  2,4660000000e+03	 -4,06009e-01	 -2,49854e-01
1235	  2,4680000000e+03	 -4,09484e-01	 -2,43081e-01
1236	  2,4700000000e+03	 -4,10967e-01	 -2,35469e-01
1237	  2,4720000000e+03	 -4,13876e-01	 -2,30303e-01
1238	  2,4740000000e+03	 -4,15651e-01	 -2,24729e-01
1239	  2,4760000000e+03	 -4,17842e-01	 -2,20437e-01
1240	  2,4780000000e+03	 -4,19472e-01	 -2,14491e-01
1241	  2,4800000000e+03	 -4,21940e-01	 -2,10597e-01
1242	  2,4820000000e+03	 -4,19869e-01	 -2,05728e-01
1243	  2,4840000000e+03	 -4,22083e-01	 -1,98271e-01
1244	  2,4860000000e+03	 -4,25456e-01	 -1,92284e-01
1245	  2,4880000000e+03	 -4,28785e-01	 -1,89693e-01
1246	  2,4900000000e+03	 -4,29522e-01	 -1,85030e-01
1247	  2,4920000000e+03	 -4,28089e-01	 -1,79947e-01
1248	  2,4940000000e+03	 -4,31195e-01	 -1,77022e-01
1249	  2,4960000000e+03	 -4,35365e-01	 -1,70330e-01
1250	  2,4980000000e+03	 -4,37686e-01	 -1,64616e-01
1251	  2,5000000000e+03	 -4,35578e-01	 -1,58422e-01
1252	  2,5020000000e+03	 -4,37992e-01	 -1,53031e-01
1253	  2,5040000000e+03	 -4,41694e-01	 -1,47341e-01
1254	  2,5060000000e+03	 -4,43277e-01	 -1,42617e-01
1255	  2,5080000000e+03	 -4,44430e-01	 -1,35889e-01
1256	  2,5100000000e+03	 -4,43282e-01	 -1,31025e-01
1257	  2,5120000000e+03	 -4,44489e-01	 -1,26928e-01
1258	  2,5140000000e+03	 -4,44202e-01	 -1,25771e-01
1259	  2,5160000000e+03	 -4,44172e-01	 -1,20477e-01
1260	  2,5180000000e+03	 -4,46936e-01	 -1,12618e-01
1261	  2,5200000000e+03	 -4,49802e-01	 -1,08070e-01
1262	  2,5220000000e+03	 -4,51974e-01	 -1,05020e-01
1263	  2,5240000000e+03	 -4,54458e-01	 -1,00419e-01
1264	  2,5260000000e+03	 -4,56739e-01	 -9,55723e-02
1265	  2,5280000000e+03	 -4,58837e-01	 -9,32074e-02
1266	  2,5300000000e+03	 -4,58537e-01	 -8,91224e-02
1267	  2,5320000000e+03	 -4,61359e-01	 -8,27947e-02
1268	  2,5340000000e+03	 -4,65167e-01	 -7,91425e-02
1269	  2,5360000000e+03	 -4,67512e-01	 -7,63134e-02
1270	  2,5380000000e+03	 -4,72804e-01	 -6,84860e-02
1271	  2,5400000000e+03	 -4,75134e-01	 -6,29432e-02
1272	  2,5420000000e+03	 -4,78585e-01	 -5,76909e-02
1273	  2,5440000000e+03	 -4,81231e-01	 -5,15289e-02
1274	  2,5460000000e+03	 -4,82360e-01	 -4,47260e-02
1275	  2,5480000000e+03	 -4,85243e-01	 -3,58490e-02
1276	  2,5500000000e+03	 -4,89182e-01	 -3,15684e-02
1277	  2,5520000000e+03	 -4,88625e-01	 -2,42578e-02
1278	  2,5540000000e+03	 -4,91165e-01	 -1,99366e-02
1279	  2,5560000000e+03	 -4,94353e-01	 -1,25511e-02
1280	  2,5580000000e+03	 -4,95384e-01	 -5,53973e-03
1281	  2,5600000000e+03	 -4,99391e-01	  3,08014e-03
1282	  2,5620000000e+03	 -5,02951e-01	  1,14729e-02
1283	  2,5640000000e+03	 -5,03993e-01	  2,05227e-02
1284	  2,5660000000e+03	 -5,03316e-01	  2,57722e-02
1285	  2,5680000000e+03	 -5,04116e-01	  3,68451e-02
1286	  2,5700000000e+03	 -5,07245e-01	  4,78180e-02
1287	  2,5720000000e+03	 -5,06820e-01	  5,40656e-02
1288	  2,5740000000e+03	 -5,08103e-01	  6,39133e-02
1289	  2,5760000000e+03	 -5,09943e-01	  7,40573e-02
1290	  2,5780000000e+03	 -5,06479e-01	  8,28521e-02
1291	  2,5800000000e+03	 -5,03607e-01	  9,01651e-02
1292	  2,5820000000e+03	 -5,01838e-01	  9,88058e-02
1293	  2,5840000000e+03	 -4,99934e-01	  1,09202e-01
1294	  2,5860000000e+03	 -4,96953e-01	  1,18867e-01
1295	  2,5880000000e+03	 -4,94020e-01	  1,27780e-01
1296	  2,5900000000e+03	 -4,90701e-01	  1,38005e-01
1297	  2,5920000000e+03	 -4,86209e-01	  1,47338e-01
1298	  2,5940000000e+03	 -4,81608e-01	  1,53166e-01
1299	  2,5960000000e+03	 -4,80010e-01	  1,61095e-01
1300	  2,5980000000e+03	 -4,74590e-01	  1,66837e-01
1301	  2,6000000000e+03	 -4,70869e-01	  1,71884e-01
1302	  2,6020000000e+03	 -4,69381e-01	  1,78127e-01
1303	  2,6040000000e+03	 -4,65417e-01	  1,86122e-01
1304	  2,6060000000e+03	 -4,59557e-01	  1,91958e-01
1305	  2,6080000000e+03	 -4,58305e-01	  1,99667e-01
1306	  2,6100000000e+03	 -4,52872e-01	  2,05504e-01
1307	  2,6120000000e+03	 -4,46621e-01	  2,09498e-01
1308	  2,6140000000e+03	 -4,41247e-01	  2,17589e-01
1309	  2,6160000000e+03	 -4,40491e-01	  2,22826e-01
1310	  2,6180000000e+03	 -4,34477e-01	  2,28406e-01
1311	  2,6200000000e+03	 -4,28908e-01	  2,33617e-01
1312	  2,6220000000e+03	 -4,25760e-01	  2,38608e-01
1313	  2,6240000000e+03	 -4,21829e-01	  2,43166e-01
1314	  2,6260000000e+03	 -4,17528e-01	  2,47800e-01
1315	  2,6280000000e+03	 -4,13883e-01	  2,50899e-01
1316	  2,6300000000e+03	 -4,08467e-01	  2,58116e-01
1317	  2,6320000000e+03	 -4,05041e-01	  2,64630e-01
1318	  2,6340000000e+03	 -4,01179e-01	  2,67812e-01
1319	  2,6360000000e+03	 -3,94681e-01	  2,70663e-01
1320	  2,6380000000e+03	 -3,91350e-01	  2,76452e-01
1321	  2,6400000000e+03	 -3,87205e-01	  2,80934e-01
1322	  2,6420000000e+03	 -3,82786e-01	  2,83914e-01
1323	  2,6440000000e+03	 -3,79613e-01	  2,87810e-01
1324	  2,6460000000e+03	 -3,77003e-01	  2,91927e-01
1325	  2,6480000000e+03	 -3,73280e-01	  2,99363e-01
1326	  2,6500000000e+03	 -3,68195e-01	  3,04426e-01
1327	  2,6520000000e+03	 -3,65851e-01	  3,08324e-01
1328	  2,6540000000e+03	 -3,61802e-01	  3,13179e-01
1329	  2,6560000000e+03	 -3,56578e-01	  3,15223e-01
1330	  2,6580000000e+03	 -3,53066e-01	  3,20892e-01
1331	  2,6600000000e+03	 -3,47801e-01	  3,24568e-01
1332	  2,6620000000e+03	 -3,41358e-01	  3,30274e-01
1333	  2,6640000000e+03	 -3,36629e-01	  3,35095e-01
1334	  2,6660000000e+03	 -3,34599e-01	  3,38164e-01
1335	  2,6680000000e+03	 -3,26843e-01	  3,42406e-01
1336	  2,6700000000e+03	 -3,22444e-01	  3,47483e-01
1337	  2,6720000000e+03	 -3,18697e-01	  3,51417e-01
1338	  2,6740000000e+03	 -3,13966e-01	  3,55514e-01
1339	  2,6760000000e+03	 -3,06949e-01	  3,59041e-01
1340	  2,6780000000e+03	 -3,04558e-01	  3,65937e-01
1341	  2,6800000000e+03	 -2,99642e-01	  3,70218e-01
1342	  2,6820000000e+03	 -2,93341e-01	  3,76222e-01
1343	  2,6840000000e+03	 -2,87168e-01	  3,78322e-01
1344	  2,6860000000e+03	 -2,79976e-01	  3,78306e-01
1345	  2,6880000000e+03	 -2,73090e-01	  3,80826e-01
1346	  2,6900000000e+03	 -2,68213e-01	  3,85969e-01
1347	  2,6920000000e+03	 -2,60887e-01	  3,89806e-01
1348	  2,6940000000e+03	 -2,55260e-01	  3,92747e-01
1349	  2,6960000000e+03	 -2,50814e-01	  3,93644e-01
1350	  2,6980000000e+03	 -2,44173e-01	  3,95321e-01
1351	  2,7000000000e+03	 -2,39536e-01	  3,98054e-01
1352	  2,7020000000e+03	 -2,32692e-01	  3,98486e-01
1353	  2,7040000000e+03	 -2,27113e-01	  4,00504e-01
1354	  2,7060000000e+03	 -2,20397e-01	  4,01394e-01
1355	  2,7080000000e+03	 -2,17880e-01	  4,02778e-01
1356	  2,7100000000e+03	 -2,11243e-01	  4,06862e-01
1357	  2,7120000000e+03	 -2,03428e-01	  4,08802e-01
1358	  2,7140000000e+03	 -1,98748e-01	  4,09977e-01
1359	  2,7160000000e+03	 -1,93407e-01	  4,11232e-01
1360	  2,7180000000e+03	 -1,90094e-01	  4,13156e-01
1361	  2,7200000000e+03	 -1,85251e-01	  4,14051e-01
1362	  2,7220000000e+03	 -1,78133e-01	  4,12894e-01
1363	  2,7240000000e+03	 -1,73929e-01	  4,12906e-01
1364	  2,7260000000e+03	 -1,69220e-01	  4,16818e-01
1365	  2,7280000000e+03	 -1,63334e-01	  4,19944e-01
1366	  2,7300000000e+03	 -1,60859e-01	  4,19535e-01
1367	  2,7320000000e+03	 -1,57523e-01	  4,18830e-01
1368	  2,7340000000e+03	 -1,51569e-01	  4,18656e-01
1369	  2,7360000000e+03	 -1,45666e-01	  4,22051e-01
1370	  2,7380000000e+03	 -1,42094e-01	  4,24043e-01
1371	  2,7400000000e+03	 -1,39601e-01	  4,24099e-01
1372	  2,7420000000e+03	 -1,34461e-01	  4,29011e-01
1373	  2,7440000000e+03	 -1,29935e-01	  4,32020e-01
1374	  2,7460000000e+03	 -1,27933e-01	  4,33217e-01
1375	  2,7480000000e+03	 -1,22977e-01	  4,32966e-01
1376	  2,7500000000e+03	 -1,16032e-01	  4,35187e-01
1377	  2,7520000000e+03	 -1,10247e-01	  4,40061e-01
1378	  2,7540000000e+03	 -1,07494e-01	  4,41073e-01
1379	  2,7560000000e+03	 -9,96277e-02	  4,41293e-01
1380	  2,7580000000e+03	 -9,63594e-02	  4,45638e-01
1381	  2,7600000000e+03	 -9,10551e-02	  4,47730e-01
1382	  2,7620000000e+03	 -8,32800e-02	  4,49469e-01
1383	  2,7640000000e+03	 -7,51604e-02	  4,52266e-01
1384	  2,7660000000e+03	 -6,88008e-02	  4,53441e-01
1385	  2,7680000000e+03	 -6,26442e-02	  4,53573e-01
1386	  2,7700000000e+03	 -5,65135e-02	  4,54923e-01
1387	  2,7720000000e+03	 -5,22364e-02	  4,57487e-01
1388	  2,7740000000e+03	 -4,53260e-02	  4,58564e-01
1389	  2,7760000000e+03	 -3,49674e-02	  4,56992e-01
1390	  2,7780000000e+03	 -2,77366e-02	  4,58993e-01
1391	  2,7800000000e+03	 -2,32480e-02	  4,59436e-01
1392	  2,7820000000e+03	 -2,10631e-02	  4,60087e-01
1393	  2,7840000000e+03	 -1,18416e-02	  4,60835e-01
1394	  2,7860000000e+03	 -5,55200e-03	  4,58276e-01
1395	  2,7880000000e+03	 -6,42389e-04	  4,57618e-01
1396	  2,7900000000e+03	  6,98072e-03	  4,58362e-01
1397	  2,7920000000e+03	  1,52658e-02	  4,56444e-01
1398	  2,7940000000e+03	  2,26779e-02	  4,55133e-01
1399	  2,7960000000e+03	  2,79047e-02	  4,56015e-01
1400	  2,7980000000e+03	  3,22971e-02	  4,55252e-01
1401	  2,8000000000e+03	  3,80365e-02	  4,50462e-01
1402	  2,8020000000e+03	  4,24893e-02	  4,49482e-01
1403	  2,8040000000e+03	  4,82610e-02	  4,47569e-01
1404	  2,8060000000e+03	  5,47641e-02	  4,47487e-01
1405	  2,8080000000e+03	  5,93134e-02	  4,48326e-01
1406	  2,8100000000e+03	  6,41409e-02	  4,45652e-01
1407	  2,8120000000e+03	  6,58968e-02	  4,45750e-01
1408	  2,8140000000e+03	  7,05660e-02	  4,46418e-01
1409	  2,8160000000e+03	  7,71278e-02	  4,46523e-01
1410	  2,8180000000e+03	  8,54258e-02	  4,49268e-01
1411	  2,8200000000e+03	  8,97428e-02	  4,44738e-01
1412	  2,8220000000e+03	  9,65412e-02	  4,43911e-01
1413	  2,8240000000e+03	  1,02727e-01	  4,45333e-01
1414	  2,8260000000e+03	  1,07465e-01	  4,43650e-01
1415	  2,8280000000e+03	  1,16745e-01	  4,43664e-01
1416	  2,8300000000e+03	  1,22374e-01	  4,40121e-01
1417	  2,8320000000e+03	  1,25554e-01	  4,37989e-01
1418	  2,8340000000e+03	  1,35471e-01	  4,37446e-01
1419	  2,8360000000e+03	  1,39545e-01	  4,36477e-01
1420	  2,8380000000e+03	  1,43540e-01	  4,31045e-01
1421	  2,8400000000e+03	  1,51373e-01	  4,28761e-01
1422	  2,8420000000e+03	  1,57112e-01	  4,29099e-01
1423	  2,8440000000e+03	  1,59159e-01	  4,26497e-01
1424	  2,8460000000e+03	  1,65722e-01	  4,23136e-01
1425	  2,8480000000e+03	  1,71602e-01	  4,22344e-01
1426	  2,8500000000e+03	  1,77716e-01	  4,20312e-01
1427	  2,8520000000e+03	  1,83235e-01	  4,18636e-01
1428	  2,8540000000e+03	  1,88733e-01	  4,15486e-01
1429	  2,8560000000e+03	  1,92154e-01	  4,11530e-01
1430	  2,8580000000e+03	  2,00594e-01	  4,09394e-01
1431	  2,8600000000e+03	  2,07679e-01	  4,06102e-01
1432	  2,8620000000e+03	  2,12156e-01	  4,03540e-01
1433	  2,8640000000e+03	  2,20097e-01	  3,99181e-01
1434	  2,8660000000e+03	  2,25810e-01	  3,93754e-01
1435	  2,8680000000e+03	  2,29631e-01	  3,92008e-01
1436	  2,8700000000e+03	  2,32274e-01	  3,87376e-01
1437	  2,8720000000e+03	  2,36095e-01	  3,81978e-01
1438	  2,8740000000e+03	  2,40292e-01	  3,79426e-01
1439	  2,8760000000e+03	  2,44553e-01	  3,78363e-01
1440	  2,8780000000e+03	  2,49857e-01	  3,73752e-01
1441	  2,8800000000e+03	  2,55090e-01	  3,69793e-01
1442	  2,8820000000e+03	  2,59527e-01	  3,68878e-01
1443	  2,8840000000e+03	  2,62238e-01	  3,62822e-01
1444	  2,8860000000e+03	  2,67309e-01	  3,58509e-01
1445	  2,8880000000e+03	  2,72370e-01	  3,60016e-01
1446	  2,8900000000e+03	  2,77534e-01	  3,55666e-01
1447	  2,8920000000e+03	  2,83547e-01	  3,50334e-01
1448	  2,8940000000e+03	  2,89467e-01	  3,45481e-01
1449	  2,8960000000e+03	  2,90944e-01	  3,41038e-01
1450	  2,8980000000e+03	  2,93244e-01	  3,37419e-01
1451	  2,9000000000e+03	  2,97066e-01	  3,35258e-01
1452	  2,9020000000e+03	  3,03020e-01	  3,29956e-01
1453	  2,9040000000e+03	  3,05697e-01	  3,25958e-01
1454	  2,9060000000e+03	  3,11880e-01	  3,24710e-01
1455	  2,9080000000e+03	  3,17261e-01	  3,22905e-01
1456	  2,9100000000e+03	  3,22098e-01	  3,17687e-01
1457	  2,9120000000e+03	  3,25846e-01	  3,13045e-01
1458	  2,9140000000e+03	  3,30752e-01	  3,09174e-01
1459	  2,9160000000e+03	  3,36230e-01	  3,02203e-01
1460	  2,9180000000e+03	  3,41218e-01	  2,97241e-01
1461	  2,9200000000e+03	  3,46207e-01	  2,92783e-01
1462	  2,9220000000e+03	  3,50285e-01	  2,88089e-01
1463	  2,9240000000e+03	  3,54408e-01	  2,85035e-01
1464	  2,9260000000e+03	  3,57079e-01	  2,80206e-01
1465	  2,9280000000e+03	  3,59194e-01	  2,72203e-01
1466	  2,9300000000e+03	  3,62242e-01	  2,68400e-01
1467	  2,9320000000e+03	  3,68164e-01	  2,62236e-01
1468	  2,9340000000e+03	  3,73830e-01	  2,57576e-01
1469	  2,9360000000e+03	  3,74319e-01	  2,51296e-01
1470	  2,9380000000e+03	  3,77500e-01	  2,44022e-01
1471	  2,9400000000e+03	  3,79951e-01	  2,40292e-01
1472	  2,9420000000e+03	  3,83039e-01	  2,36549e-01
1473	  2,9440000000e+03	  3,87065e-01	  2,29984e-01
1474	  2,9460000000e+03	  3,90840e-01	  2,27078e-01
1475	  2,9480000000e+03	  3,93125e-01	  2,20289e-01
1476	  2,9500000000e+03	  3,95485e-01	  2,14569e-01
1477	  2,9520000000e+03	  3,98106e-01	  2,07269e-01
1478	  2,9540000000e+03	  4,00049e-01	  2,04092e-01
1479	  2,9560000000e+03	  4,01786e-01	  1,94628e-01
1480	  2,9580000000e+03	  4,04780e-01	  1,87356e-01
1481	  2,9600000000e+03	  4,08236e-01	  1,82887e-01
1482	  2,9620000000e+03	  4,09302e-01	  1,78349e-01
1483	  2,9640000000e+03	  4,12958e-01	  1,71836e-01
1484	  2,9660000000e+03	  4,13475e-01	  1,66585e-01
1485	  2,9680000000e+03	  4,14187e-01	  1,61765e-01
1486	  2,9700000000e+03	  4,15610e-01	  1,51902e-01
1487	  2,9720000000e+03	  4,18123e-01	  1,44289e-01
1488	  2,9740000000e+03	  4,18831e-01	  1,39690e-01
1489	  2,9760000000e+03	  4,21724e-01	  1,35128e-01
1490	  2,9780000000e+03	  4,19996e-01	  1,31502e-01
1491	  2,9800000000e+03	  4,20916e-01	  1,25188e-01
1492	  2,9820000000e+03	  4,19611e-01	  1,17384e-01
1493	  2,9840000000e+03	  4,20955e-01	  1,13723e-01
1494	  2,9860000000e+03	  4,23078e-01	  1,07941e-01
1495	  2,9880000000e+03	  4,22525e-01	  1,01821e-01
1496	  2,9900000000e+03	  4,22053e-01	  9,61429e-02
1497	  2,9920000000e+03	  4,24136e-01	  9,23751e-02
1498	  2,9940000000e+03	  4,24386e-01	  8,85919e-02
1499	  2,9960000000e+03	  4,22582e-01	  8,53278e-02
1500	  2,9980000000e+03	  4,24373e-01	  7,89466e-02
1501	  3,0000000000e+03	  4,27060e-01	  7,35009e-02
1502	  3,0020000000e+03	  4,28201e-01	  6,81991e-02
1503	  3,0040000000e+03	  4,29022e-01	  6,38667e-02
1504	  3,0060000000e+03	  4,29636e-01	  5,88165e-02
1505	  3,0080000000e+03	  4,28955e-01	  5,37865e-02
1506	  3,0100000000e+03	  4,30127e-01	  4,85335e-02
1507	  3,0120000000e+03	  4,30630e-01	  4,39002e-02
1508	  3,0140000000e+03	  4,34141e-01	  3,70095e-02
1509	  3,0160000000e+03	  4,35755e-01	  3,22783e-02
1510	  3,0180000000e+03	  4,37520e-01	  2,33008e-02
1511	  3,0200000000e+03	  4,37359e-01	  1,63180e-02
1512	  3,0220000000e+03	  4,36525e-01	  1,37914e-02
1513	  3,0240000000e+03	  4,37676e-01	  7,98498e-03
1514	  3,0260000000e+03	  4,38635e-01	  2,92069e-04
1515	  3,0280000000e+03	  4,36265e-01	 -5,65590e-03
1516	  3,0300000000e+03	  4,33270e-01	 -1,03874e-02
1517	  3,0320000000e+03	  4,34023e-01	 -1,74274e-02
1518	  3,0340000000e+03	  4,34717e-01	 -2,23655e-02
1519	  3,0360000000e+03	  4,35247e-01	 -2,73975e-02
1520	  3,0380000000e+03	  4,34527e-01	 -3,51947e-02
1521	  3,0400000000e+03	  4,35183e-01	 -4,02361e-02
1522	  3,0420000000e+03	  4,34617e-01	 -4,55475e-02
1523	  3,0440000000e+03	  4,32413e-01	 -5,11624e-02
1524	  3,0460000000e+03	  4,33187e-01	 -5,74412e-02
1525	  3,0480000000e+03	  4,34479e-01	 -6,39335e-02
1526	  3,0500000000e+03	  4,35077e-01	 -7,03679e-02
1527	  3,0520000000e+03	  4,30090e-01	 -7,89657e-02
1528	  3,0540000000e+03	  4,28200e-01	 -8,82976e-02
1529	  3,0560000000e+03	  4,23373e-01	 -9,32659e-02
1530	  3,0580000000e+03	  4,21530e-01	 -9,60085e-02
1531	  3,0600000000e+03	  4,20099e-01	 -1,02178e-01
1532	  3,0620000000e+03	  4,18254e-01	 -1,06477e-01
1533	  3,0640000000e+03	  4,17182e-01	 -1,12195e-01
1534	  3,0660000000e+03	  4,14383e-01	 -1,16234e-01
1535	  3,0680000000e+03	  4,11090e-01	 -1,22214e-01
1536	  3,0700000000e+03	  4,10211e-01	 -1,27898e-01
1537	  3,0720000000e+03	  4,11022e-01	 -1,32386e-01
1538	  3,0740000000e+03	  4,08738e-01	 -1,36686e-01
1539	  3,0760000000e+03	  4,08302e-01	 -1,44892e-01
1540	  3,0780000000e+03	  4,05850e-01	 -1,50688e-01
1541	  3,0800000000e+03	  4,02434e-01	 -1,56658e-01
1542	  3,0820000000e+03	  4,02817e-01	 -1,62913e-01
1543	  3,0840000000e+03	  3,99624e-01	 -1,68831e-01
1544	  3,0860000000e+03	  3,93891e-01	 -1,75130e-01
1545	  3,0880000000e+03	  3,90613e-01	 -1,81951e-01
1546	  3,0900000000e+03	  3,87121e-01	 -1,87024e-01
1547	  3,0920000000e+03	  3,83477e-01	 -1,90237e-01
1548	  3,0940000000e+03	  3,80613e-01	 -1,93696e-01
1549	  3,0960000000e+03	  3,76524e-01	 -1,97961e-01
1550	  3,0980000000e+03	  3,73966e-01	 -2,00906e-01
1551	  3,1000000000e+03	  3,69715e-01	 -2,07888e-01
1552	  3,1020000000e+03	  3,69692e-01	 -2,13407e-01
1553	  3,1040000000e+03	  3,65507e-01	 -2,17735e-01
1554	  3,1060000000e+03	  3,60427e-01	 -2,20866e-01
1555	  3,1080000000e+03	  3,57098e-01	 -2,26810e-01
1556	  3,1100000000e+03	  3,56032e-01	 -2,31148e-01
1557	  3,1120000000e+03	  3,53802e-01	 -2,34050e-01
1558	  3,1140000000e+03	  3,46385e-01	 -2,35756e-01
1559	  3,1160000000e+03	  3,43343e-01	 -2,40235e-01
1560	  3,1180000000e+03	  3,40819e-01	 -2,44387e-01
1561	  3,1200000000e+03	  3,34090e-01	 -2,48060e-01
1562	  3,1220000000e+03	  3,32551e-01	 -2,52785e-01
1563	  3,1240000000e+03	  3,30374e-01	 -2,60366e-01
1564	  3,1260000000e+03	  3,26288e-01	 -2,63470e-01
1565	  3,1280000000e+03	  3,22898e-01	 -2,65491e-01
1566	  3,1300000000e+03	  3,22296e-01	 -2,70134e-01
1567	  3,1320000000e+03	  3,17844e-01	 -2,72667e-01
1568	  3,1340000000e+03	  3,14160e-01	 -2,77649e-01
1569	  3,1360000000e+03	  3,11706e-01	 -2,82286e-01
1570	  3,1380000000e+03	  3,05295e-01	 -2,85737e-01
1571	  3,1400000000e+03	  3,03879e-01	 -2,93603e-01
1572	  3,1420000000e+03	  3,01460e-01	 -2,96467e-01
1573	  3,1440000000e+03	  2,95627e-01	 -2,99743e-01
1574	  3,1460000000e+03	  2,90401e-01	 -3,02821e-01
1575	  3,1480000000e+03	  2,87405e-01	 -3,08055e-01
1576	  3,1500000000e+03	  2,81337e-01	 -3,13104e-01
1577	  3,1520000000e+03	  2,78020e-01	 -3,14931e-01
1578	  3,1540000000e+03	  2,73540e-01	 -3,18409e-01
1579	  3,1560000000e+03	  2,68534e-01	 -3,24839e-01
1580	  3,1580000000e+03	  2,63518e-01	 -3,27546e-01
1581	  3,1600000000e+03	  2,57434e-01	 -3,30859e-01
1582	  3,1620000000e+03	  2,51693e-01	 -3,36679e-01
1583	  3,1640000000e+03	  2,47150e-01	 -3,40570e-01
1584	  3,1660000000e+03	  2,41775e-01	 -3,43110e-01
1585	  3,1680000000e+03	  2,35502e-01	 -3,45468e-01
1586	  3,1700000000e+03	  2,27314e-01	 -3,47648e-01
1587	  3,1720000000e+03	  2,19977e-01	 -3,50146e-01
1588	  3,1740000000e+03	  2,14190e-01	 -3,56984e-01
1589	  3,1760000000e+03	  2,11593e-01	 -3,59494e-01
1590	  3,1780000000e+03	  2,06145e-01	 -3,59216e-01
1591	  3,1800000000e+03	  1,97696e-01	 -3,60415e-01
1592	  3,1820000000e+03	  1,91944e-01	 -3,61500e-01
1593	  3,1840000000e+03	  1,84286e-01	 -3,60313e-01
1594	  3,1860000000e+03	  1,78904e-01	 -3,63669e-01
1595	  3,1880000000e+03	  1,74747e-01	 -3,65842e-01
1596	  3,1900000000e+03	  1,68684e-01	 -3,64472e-01
1597	  3,1920000000e+03	  1,61592e-01	 -3,67012e-01
1598	  3,1940000000e+03	  1,57935e-01	 -3,69078e-01
1599	  3,1960000000e+03	  1,53795e-01	 -3,68429e-01
1600	  3,1980000000e+03	  1,48017e-01	 -3,69289e-01
1601	  3,2000000000e+03	  1,43619e-01	 -3,71784e-01
1602	  3,2020000000e+03	  1,39049e-01	 -3,72680e-01
1603	  3,2040000000e+03	  1,35975e-01	 -3,71453e-01
1604	  3,2060000000e+03	  1,31776e-01	 -3,72327e-01
1605	  3,2080000000e+03	  1,21840e-01	 -3,71236e-01
1606	  3,2100000000e+03	  1,18225e-01	 -3,73376e-01
1607	  3,2120000000e+03	  1,11680e-01	 -3,75800e-01
1608	  3,2140000000e+03	  1,09597e-01	 -3,75005e-01
1609	  3,2160000000e+03	  1,06480e-01	 -3,76132e-01
1610	  3,2180000000e+03	  1,00068e-01	 -3,76605e-01
1611	  3,2200000000e+03	  9,53908e-02	 -3,76770e-01
1612	  3,2220000000e+03	  9,31483e-02	 -3,77154e-01
1613	  3,2240000000e+03	  8,88304e-02	 -3,79882e-01
1614	  3,2260000000e+03	  8,25269e-02	 -3,80306e-01
1615	  3,2280000000e+03	  7,56726e-02	 -3,80120e-01
1616	  3,2300000000e+03	  7,10319e-02	 -3,82505e-01
1617	  3,2320000000e+03	  6,77195e-02	 -3,84286e-01
1618	  3,2340000000e+03	  6,34945e-02	 -3,82005e-01
1619	  3,2360000000e+03	  5,64499e-02	 -3,84682e-01
1620	  3,2380000000e+03	  5,35972e-02	 -3,84870e-01
1621	  3,2400000000e+03	  4,74195e-02	 -3,84913e-01
1622	  3,2420000000e+03	  4,15511e-02	 -3,84182e-01
1623	  3,2440000000e+03	  3,60599e-02	 -3,85631e-01
1624	  3,2460000000e+03	  2,88735e-02	 -3,85378e-01
1625	  3,2480000000e+03	  2,34719e-02	 -3,82575e-01
1626	  3,2500000000e+03	  1,65445e-02	 -3,80971e-01
1627	  3,2520000000e+03	  1,10896e-02	 -3,79986e-01
1628	  3,2540000000e+03	  8,19263e-03	 -3,80758e-01
1629	  3,2560000000e+03	  1,95677e-03	 -3,79034e-01
1630	  3,2580000000e+03	 -2,36643e-03	 -3,79102e-01
1631	  3,2600000000e+03	 -7,28217e-03	 -3,78609e-01
1632	  3,2620000000e+03	 -8,37821e-03	 -3,77917e-01
1633	  3,2640000000e+03	 -1,26395e-02	 -3,74223e-01
1634	  3,2660000000e+03	 -1,96956e-02	 -3,75392e-01
1635	  3,2680000000e+03	 -2,38132e-02	 -3,74553e-01
1636	  3,2700000000e+03	 -3,22191e-02	 -3,75988e-01
1637	  3,2720000000e+03	 -3,39230e-02	 -3,74942e-01
1638	  3,2740000000e+03	 -3,76587e-02	 -3,72241e-01
1639	  3,2760000000e+03	 -4,24844e-02	 -3,69935e-01
1640	  3,2780000000e+03	 -4,64236e-02	 -3,68252e-01
1641	  3,2800000000e+03	 -4,98317e-02	 -3,68933e-01
1642	  3,2820000000e+03	 -5,37113e-02	 -3,68587e-01
1643	  3,2840000000e+03	 -5,75312e-02	 -3,67819e-01
1644	  3,2860000000e+03	 -6,58882e-02	 -3,65754e-01
1645	  3,2880000000e+03	 -7,33715e-02	 -3,63265e-01
1646	  3,2900000000e+03	 -7,53361e-02	 -3,63447e-01
1647	  3,2920000000e+03	 -7,93044e-02	 -3,61976e-01
1648	  3,2940000000e+03	 -8,58841e-02	 -3,59345e-01
1649	  3,2960000000e+03	 -9,08986e-02	 -3,57866e-01
1650	  3,2980000000e+03	 -9,45784e-02	 -3,57766e-01
1651	  3,3000000000e+03	 -9,89736e-02	 -3,53231e-01
1652	  3,3020000000e+03	 -1,03505e-01	 -3,46809e-01
1653	  3,3040000000e+03	 -1,07692e-01	 -3,45580e-01
1654	  3,3060000000e+03	 -1,13748e-01	 -3,47374e-01
1655	  3,3080000000e+03	 -1,16817e-01	 -3,45649e-01
1656	  3,3100000000e+03	 -1,19671e-01	 -3,42059e-01
1657	  3,3120000000e+03	 -1,23369e-01	 -3,39131e-01
1658	  3,3140000000e+03	 -1,28022e-01	 -3,35517e-01
1659	  3,3160000000e+03	 -1,33678e-01	 -3,34945e-01
1660	  3,3180000000e+03	 -1,38010e-01	 -3,31516e-01
1661	  3,3200000000e+03	 -1,41393e-01	 -3,28468e-01
1662	  3,3220000000e+03	 -1,43444e-01	 -3,24653e-01
1663	  3,3240000000e+03	 -1,45988e-01	 -3,22257e-01
1664	  3,3260000000e+03	 -1,49087e-01	 -3,19618e-01
1665	  3,3280000000e+03	 -1,52376e-01	 -3,15789e-01
1666	  3,3300000000e+03	 -1,57322e-01	 -3,12835e-01
1667	  3,3320000000e+03	 -1,59444e-01	 -3,08576e-01
1668	  3,3340000000e+03	 -1,64011e-01	 -3,07829e-01
1669	  3,3360000000e+03	 -1,66510e-01	 -3,07456e-01
1670	  3,3380000000e+03	 -1,68267e-01	 -3,03315e-01
1671	  3,3400000000e+03	 -1,70998e-01	 -2,98024e-01
1672	  3,3420000000e+03	 -1,75432e-01	 -2,96015e-01
1673	  3,3440000000e+03	 -1,77909e-01	 -2,93324e-01
1674	  3,3460000000e+03	 -1,78848e-01	 -2,89127e-01
1675	  3,3480000000e+03	 -1,82141e-01	 -2,90614e-01
1676	  3,3500000000e+03	 -1,86469e-01	 -2,88244e-01
1677	  3,3520000000e+03	 -1,88470e-01	 -2,83794e-01
1678	  3,3540000000e+03	 -1,92491e-01	 -2,83444e-01
1679	  3,3560000000e+03	 -1,95387e-01	 -2,79842e-01
1680	  3,3580000000e+03	 -1,97411e-01	 -2,78354e-01
1681	  3,3600000000e+03	 -2,00566e-01	 -2,76425e-01
1682	  3,3620000000e+03	 -2,03719e-01	 -2,71837e-01
1683	  3,3640000000e+03	 -2,06451e-01	 -2,65952e-01
1684	  3,3660000000e+03	 -2,08613e-01	 -2,62057e-01
1685	  3,3680000000e+03	 -2,09130e-01	 -2,60664e-01
1686	  3,3700000000e+03	 -2,11304e-01	 -2,58603e-01
1687	  3,3720000000e+03	 -2,14978e-01	 -2,56648e-01
1688	  3,3740000000e+03	 -2,19542e-01	 -2,54902e-01
1689	  3,3760000000e+03	 -2,24379e-01	 -2,53742e-01
1690	  3,3780000000e+03	 -2,25366e-01	 -2,51546e-01
1691	  3,3800000000e+03	 -2,22688e-01	 -2,46151e-01
1692	  3,3820000000e+03	 -2,24571e-01	 -2,43527e-01
1693	  3,3840000000e+03	 -2,32522e-01	 -2,43212e-01
1694	  3,3860000000e+03	 -2,34739e-01	 -2,42290e-01
1695	  3,3880000000e+03	 -2,36366e-01	 -2,36901e-01
1696	  3,3900000000e+03	 -2,39496e-01	 -2,30824e-01
1697	  3,3920000000e+03	 -2,40810e-01	 -2,31331e-01
1698	  3,3940000000e+03	 -2,43747e-01	 -2,29114e-01
1699	  3,3960000000e+03	 -2,47646e-01	 -2,23155e-01
1700	  3,3980000000e+03	 -2,47844e-01	 -2,21476e-01
1701	  3,4000000000e+03	 -2,50549e-01	 -2,18232e-01
1702	  3,4020000000e+03	 -2,51516e-01	 -2,13730e-01
1703	  3,4040000000e+03	 -2,53625e-01	 -2,12911e-01
1704	  3,4060000000e+03	 -2,55771e-01	 -2,10910e-01
1705	  3,4080000000e+03	 -2,57603e-01	 -2,08217e-01
1706	  3,4100000000e+03	 -2,60092e-01	 -2,06769e-01
1707	  3,4120000000e+03	 -2,65467e-01	 -2,03809e-01
1708	  3,4140000000e+03	 -2,69515e-01	 -1,96928e-01
1709	  3,4160000000e+03	 -2,73398e-01	 -1,94534e-01
1710	  3,4180000000e+03	 -2,72929e-01	 -1,92081e-01
1711	  3,4200000000e+03	 -2,76681e-01	 -1,89868e-01
1712	  3,4220000000e+03	 -2,81051e-01	 -1,87530e-01
1713	  3,4240000000e+03	 -2,87837e-01	 -1,84631e-01
1714	  3,4260000000e+03	 -2,87279e-01	 -1,79312e-01
1715	  3,4280000000e+03	 -2,88580e-01	 -1,73801e-01
1716	  3,4300000000e+03	 -2,90807e-01	 -1,69689e-01
1717	  3,4320000000e+03	 -2,96185e-01	 -1,64052e-01
1718	  3,4340000000e+03	 -2,98114e-01	 -1,60811e-01
1719	  3,4360000000e+03	 -2,97215e-01	 -1,57843e-01
1720	  3,4380000000e+03	 -3,01122e-01	 -1,51011e-01
1721	  3,4400000000e+03	 -3,03400e-01	 -1,45617e-01
1722	  3,4420000000e+03	 -3,05452e-01	 -1,40689e-01
1723	  3,4440000000e+03	 -3,05886e-01	 -1,36904e-01
1724	  3,4460000000e+03	 -3,07015e-01	 -1,32985e-01
1725	  3,4480000000e+03	 -3,07466e-01	 -1,29460e-01
1726	  3,4500000000e+03	 -3,06999e-01	 -1,23372e-01
1727	  3,4520000000e+03	 -3,07285e-01	 -1,18182e-01
1728	  3,4540000000e+03	 -3,09864e-01	 -1,11710e-01
1729	  3,4560000000e+03	 -3,08374e-01	 -1,09630e-01
1730	  3,4580000000e+03	 -3,07308e-01	 -1,08417e-01
1731	  3,4600000000e+03	 -3,08751e-01	 -1,03590e-01
1732	  3,4620000000e+03	 -3,10873e-01	 -9,79178e-02
1733	  3,4640000000e+03	 -3,12215e-01	 -9,34334e-02
1734	  3,4660000000e+03	 -3,10665e-01	 -9,18281e-02
1735	  3,4680000000e+03	 -3,10170e-01	 -9,03066e-02
1736	  3,4700000000e+03	 -3,11668e-01	 -8,50147e-02
1737	  3,4720000000e+03	 -3,11499e-01	 -8,09277e-02
1738	  3,4740000000e+03	 -3,12996e-01	 -7,53707e-02
1739	  3,4760000000e+03	 -3,13605e-01	 -7,17172e-02
1740	  3,4780000000e+03	 -3,12846e-01	 -6,89157e-02
1741	  3,4800000000e+03	 -3,16121e-01	 -6,32057e-02
1742	  3,4820000000e+03	 -3,15683e-01	 -5,78846e-02
1743	  3,4840000000e+03	 -3,14913e-01	 -5,56514e-02
1744	  3,4860000000e+03	 -3,14313e-01	 -5,06344e-02
1745	  3,4880000000e+03	 -3,15689e-01	 -4,60865e-02
1746	  3,4900000000e+03	 -3,15901e-01	 -4,27810e-02
1747	  3,4920000000e+03	 -3,17981e-01	 -3,82101e-02
1748	  3,4940000000e+03	 -3,18562e-01	 -3,56625e-02
1749	  3,4960000000e+03	 -3,16168e-01	 -3,17652e-02
1750	  3,4980000000e+03	 -3,15181e-01	 -2,52340e-02
1751	  3,5000000000e+03	 -3,13796e-01	 -2,13895e-02
1752	  3,5020000000e+03	 -3,15559e-01	 -1,79016e-02
1753	  3,5040000000e+03	 -3,15566e-01	 -1,33642e-02
1754	  3,5060000000e+03	 -3,12057e-01	 -1,09361e-02
1755	  3,5080000000e+03	 -3,10465e-01	 -6,58756e-03
1756	  3,5100000000e+03	 -3,10782e-01	 -9,41098e-04
1757	  3,5120000000e+03	 -3,09496e-01	  1,79298e-03
1758	  3,5140000000e+03	 -3,10041e-01	  4,71223e-03
1759	  3,5160000000e+03	 -3,08462e-01	  7,70671e-03
1760	  3,5180000000e+03	 -3,06215e-01	  1,39699e-02
1761	  3,5200000000e+03	 -3,04706e-01	  1,88149e-02
1762	  3,5220000000e+03	 -3,04828e-01	  1,98754e-02
1763	  3,5240000000e+03	 -3,03194e-01	  2,27660e-02
1764	  3,5260000000e+03	 -3,01134e-01	  2,43632e-02
1765	  3,5280000000e+03	 -3,01904e-01	  2,76172e-02
1766	  3,5300000000e+03	 -2,99098e-01	  3,23127e-02
1767	  3,5320000000e+03	 -2,97269e-01	  3,58062e-02
1768	  3,5340000000e+03	 -2,99473e-01	  3,71678e-02
1769	  3,5360000000e+03	 -2,98337e-01	  3,98777e-02
1770	  3,5380000000e+03	 -2,97283e-01	  4,69061e-02
1771	  3,5400000000e+03	 -2,98446e-01	  5,01995e-02
1772	  3,5420000000e+03	 -2,98366e-01	  5,34111e-02
1773	  3,5440000000e+03	 -2,94318e-01	  5,74361e-02
1774	  3,5460000000e+03	 -2,93263e-01	  6,01862e-02
1775	  3,5480000000e+03	 -2,93798e-01	  6,49802e-02
1776	  3,5500000000e+03	 -2,90250e-01	  6,75906e-02
1777	  3,5520000000e+03	 -2,86756e-01	  7,07027e-02
1778	  3,5540000000e+03	 -2,86285e-01	  7,37921e-02
1779	  3,5560000000e+03	 -2,85052e-01	  7,68270e-02
1780	  3,5580000000e+03	 -2,86302e-01	  8,22579e-02
1781	  3,5600000000e+03	 -2,82777e-01	  8,36289e-02
1782	  3,5620000000e+03	 -2,79786e-01	  8,62279e-02
1783	  3,5640000000e+03	 -2,77940e-01	  8,85540e-02
1784	  3,5660000000e+03	 -2,74540e-01	  9,17106e-02
1785	  3,5680000000e+03	 -2,73309e-01	  9,56285e-02
1786	  3,5700000000e+03	 -2,70514e-01	  9,90378e-02
1787	  3,5720000000e+03	 -2,66387e-01	  1,01567e-01
1788	  3,5740000000e+03	 -2,62508e-01	  1,03696e-01
1789	  3,5760000000e+03	 -2,61296e-01	  1,04526e-01
1790	  3,5780000000e+03	 -2,61248e-01	  1,05255e-01
1791	  3,5800000000e+03	 -2,57967e-01	  1,08064e-01
1792	  3,5820000000e+03	 -2,55206e-01	  1,12572e-01
1793	  3,5840000000e+03	 -2,52825e-01	  1,13865e-01
1794	  3,5860000000e+03	 -2,45695e-01	  1,13349e-01
1795	  3,5880000000e+03	 -2,43961e-01	  1,11524e-01
1796	  3,5900000000e+03	 -2,43716e-01	  1,14559e-01
1797	  3,5920000000e+03	 -2,44194e-01	  1,16798e-01
1798	  3,5940000000e+03	 -2,43686e-01	  1,14955e-01
1799	  3,5960000000e+03	 -2,42420e-01	  1,16667e-01
1800	  3,5980000000e+03	 -2,38689e-01	  1,18423e-01
1801	  3,6000000000e+03	 -2,39855e-01	  1,17518e-01
1802	  3,6020000000e+03	 -2,41183e-01	  1,18448e-01
1803	  3,6040000000e+03	 -2,38396e-01	  1,18869e-01
1804	  3,6060000000e+03	 -2,38017e-01	  1,19106e-01
1805	  3,6080000000e+03	 -2,39773e-01	  1,19921e-01
1806	  3,6100000000e+03	 -2,39116e-01	  1,23450e-01
1807	  3,6120000000e+03	 -2,40162e-01	  1,27196e-01
1808	  3,6140000000e+03	 -2,41875e-01	  1,25325e-01
1809	  3,6160000000e+03	 -2,40471e-01	  1,28012e-01
1810	  3,6180000000e+03	 -2,39465e-01	  1,31246e-01
1811	  3,6200000000e+03	 -2,40911e-01	  1,34485e-01
1812	  3,6220000000e+03	 -2,40710e-01	  1,38482e-01
1813	  3,6240000000e+03	 -2,39673e-01	  1,41600e-01
1814	  3,6260000000e+03	 -2,41826e-01	  1,43010e-01
1815	  3,6280000000e+03	 -2,42535e-01	  1,45931e-01
1816	  3,6300000000e+03	 -2,42807e-01	  1,48714e-01
1817	  3,6320000000e+03	 -2,42924e-01	  1,53256e-01
1818	  3,6340000000e+03	 -2,39349e-01	  1,56353e-01
1819	  3,6360000000e+03	 -2,37470e-01	  1,59785e-01
1820	  3,6380000000e+03	 -2,36991e-01	  1,64476e-01
1821	  3,6400000000e+03	 -2,37927e-01	  1,70489e-01
1822	  3,6420000000e+03	 -2,37551e-01	  1,76403e-01
1823	  3,6440000000e+03	 -2,36386e-01	  1,78836e-01
1824	  3,6460000000e+03	 -2,32829e-01	  1,83304e-01
1825	  3,6480000000e+03	 -2,31389e-01	  1,87944e-01
1826	  3,6500000000e+03	 -2,29749e-01	  1,92301e-01
1827	  3,6520000000e+03	 -2,24799e-01	  1,95232e-01
1828	  3,6540000000e+03	 -2,20434e-01	  1,97596e-01
1829	  3,6560000000e+03	 -2,17921e-01	  2,02381e-01
1830	  3,6580000000e+03	 -2,16130e-01	  2,05201e-01
1831	  3,6600000000e+03	 -2,15600e-01	  2,08436e-01
1832	  3,6620000000e+03	 -2,09919e-01	  2,12005e-01
1833	  3,6640000000e+03	 -2,05267e-01	  2,14138e-01
1834	  3,6660000000e+03	 -2,01711e-01	  2,15854e-01
1835	  3,6680000000e+03	 -1,98229e-01	  2,15680e-01
1836	  3,6700000000e+03	 -1,96840e-01	  2,18162e-01
1837	  3,6720000000e+03	 -1,95653e-01	  2,24295e-01
1838	  3,6740000000e+03	 -1,94162e-01	  2,26826e-01
1839	  3,6760000000e+03	 -1,92458e-01	  2,27476e-01
1840	  3,6780000000e+03	 -1,88120e-01	  2,29043e-01
1841	  3,6800000000e+03	 -1,84439e-01	  2,32381e-01
1842	  3,6820000000e+03	 -1,81264e-01	  2,33858e-01
1843	  3,6840000000e+03	 -1,75155e-01	  2,37073e-01
1844	  3,6860000000e+03	 -1,71931e-01	  2,42256e-01
1845	  3,6880000000e+03	 -1,69335e-01	  2,41913e-01
1846	  3,6900000000e+03	 -1,65742e-01	  2,43275e-01
1847	  3,6920000000e+03	 -1,65874e-01	  2,44139e-01
1848	  3,6940000000e+03	 -1,63374e-01	  2,45810e-01
1849	  3,6960000000e+03	 -1,57919e-01	  2,47924e-01
1850	  3,6980000000e+03	 -1,54348e-01	  2,46781e-01
1851	  3,7000000000e+03	 -1,51828e-01	  2,45834e-01
1852	  3,7020000000e+03	 -1,46724e-01	  2,48993e-01
1853	  3,7040000000e+03	 -1,44801e-01	  2,52919e-01
1854	  3,7060000000e+03	 -1,43816e-01	  2,53937e-01
1855	  3,7080000000e+03	 -1,38214e-01	  2,54775e-01
1856	  3,7100000000e+03	 -1,37496e-01	  2,55950e-01
1857	  3,7120000000e+03	 -1,32603e-01	  2,56920e-01
1858	  3,7140000000e+03	 -1,29178e-01	  2,60799e-01
1859	  3,7160000000e+03	 -1,27184e-01	  2,63093e-01
1860	  3,7180000000e+03	 -1,24023e-01	  2,63067e-01
1861	  3,7200000000e+03	 -1,23038e-01	  2,63388e-01
1862	  3,7220000000e+03	 -1,19549e-01	  2,62650e-01
1863	  3,7240000000e+03	 -1,17214e-01	  2,63646e-01
1864	  3,7260000000e+03	 -1,15335e-01	  2,65498e-01
1865	  3,7280000000e+03	 -1,14280e-01	  2,65339e-01
1866	  3,7300000000e+03	 -1,10598e-01	  2,69447e-01
1867	  3,7320000000e+03	 -1,10588e-01	  2,69479e-01
1868	  3,7340000000e+03	 -1,08026e-01	  2,69517e-01
1869	  3,7360000000e+03	 -1,03760e-01	  2,72635e-01
1870	  3,7380000000e+03	 -1,01330e-01	  2,73191e-01
1871	  3,7400000000e+03	 -1,01063e-01	  2,76605e-01
1872	  3,7420000000e+03	 -9,82423e-02	  2,78903e-01
1873	  3,7440000000e+03	 -9,44097e-02	  2,82072e-01
1874	  3,7460000000e+03	 -9,16672e-02	  2,84369e-01
1875	  3,7480000000e+03	 -8,93049e-02	  2,86876e-01
1876	  3,7500000000e+03	 -8,41485e-02	  2,87884e-01
1877	  3,7520000000e+03	 -8,31457e-02	  2,90264e-01
1878	  3,7540000000e+03	 -8,20185e-02	  2,90199e-01
1879	  3,7560000000e+03	 -7,45030e-02	  2,90021e-01
1880	  3,7580000000e+03	 -7,13847e-02	  2,95171e-01
1881	  3,7600000000e+03	 -7,00171e-02	  2,96265e-01
1882	  3,7620000000e+03	 -6,55657e-02	  2,98180e-01
1883	  3,7640000000e+03	 -5,99818e-02	  3,00800e-01
1884	  3,7660000000e+03	 -5,50530e-02	  3,03523e-01
1885	  3,7680000000e+03	 -5,01678e-02	  3,05993e-01
1886	  3,7700000000e+03	 -4,67105e-02	  3,08241e-01
1887	  3,7720000000e+03	 -4,12255e-02	  3,09357e-01
1888	  3,7740000000e+03	 -3,78417e-02	  3,08455e-01
1889	  3,7760000000e+03	 -3,26237e-02	  3,09719e-01
1890	  3,7780000000e+03	 -2,49852e-02	  3,13349e-01
1891	  3,7800000000e+03	 -1,98472e-02	  3,14334e-01
1892	  3,7820000000e+03	 -1,50027e-02	  3,13478e-01
1893	  3,7840000000e+03	 -1,21738e-02	  3,11793e-01
1894	  3,7860000000e+03	 -8,61320e-03	  3,10828e-01
1895	  3,7880000000e+03	 -2,87942e-03	  3,11531e-01
1896	  3,7900000000e+03	  2,53531e-03	  3,11531e-01
1897	  3,7920000000e+03	  7,35079e-03	  3,11148e-01
1898	  3,7940000000e+03	  1,20807e-02	  3,09326e-01
1899	  3,7960000000e+03	  1,74137e-02	  3,07710e-01
1900	  3,7980000000e+03	  2,14648e-02	  3,05155e-01
1901	  3,8000000000e+03	  2,50559e-02	  3,05336e-01
1902	  3,8020000000e+03	  2,90426e-02	  3,05171e-01
1903	  3,8040000000e+03	  3,30967e-02	  3,04465e-01
1904	  3,8060000000e+03	  3,55847e-02	  3,03139e-01
1905	  3,8080000000e+03	  3,90085e-02	  3,02198e-01
1906	  3,8100000000e+03	  4,05492e-02	  3,00545e-01
1907	  3,8120000000e+03	  4,46308e-02	  3,00707e-01
1908	  3,8140000000e+03	  5,05891e-02	  2,99925e-01
1909	  3,8160000000e+03	  5,37825e-02	  3,00305e-01
1910	  3,8180000000e+03	  5,56868e-02	  2,99009e-01
1911	  3,8200000000e+03	  5,85693e-02	  2,99078e-01
1912	  3,8220000000e+03	  6,39645e-02	  2,95327e-01
1913	  3,8240000000e+03	  6,74316e-02	  2,94791e-01
1914	  3,8260000000e+03	  6,85552e-02	  2,93589e-01
1915	  3,8280000000e+03	  7,13543e-02	  2,92226e-01
1916	  3,8300000000e+03	  7,72291e-02	  2,89607e-01
1917	  3,8320000000e+03	  7,82780e-02	  2,88229e-01
1918	  3,8340000000e+03	  7,97588e-02	  2,88161e-01
1919	  3,8360000000e+03	  8,42030e-02	  2,88086e-01
1920	  3,8380000000e+03	  8,75417e-02	  2,89637e-01
1921	  3,8400000000e+03	  9,22198e-02	  2,88713e-01
1922	  3,8420000000e+03	  9,54755e-02	  2,87562e-01
1923	  3,8440000000e+03	  9,84851e-02	  2,88716e-01
1924	  3,8460000000e+03	  1,01821e-01	  2,84973e-01
1925	  3,8480000000e+03	  1,05678e-01	  2,84197e-01
1926	  3,8500000000e+03	  1,09614e-01	  2,84061e-01
1927	  3,8520000000e+03	  1,11101e-01	  2,84965e-01
1928	  3,8540000000e+03	  1,12994e-01	  2,87038e-01
1929	  3,8560000000e+03	  1,18044e-01	  2,87650e-01
1930	  3,8580000000e+03	  1,23690e-01	  2,85695e-01
1931	  3,8600000000e+03	  1,25055e-01	  2,83375e-01
1932	  3,8620000000e+03	  1,28575e-01	  2,82204e-01
1933	  3,8640000000e+03	  1,33534e-01	  2,82742e-01
1934	  3,8660000000e+03	  1,38417e-01	  2,82014e-01
1935	  3,8680000000e+03	  1,41781e-01	  2,81221e-01
1936	  3,8700000000e+03	  1,45913e-01	  2,80817e-01
1937	  3,8720000000e+03	  1,52732e-01	  2,80624e-01
1938	  3,8740000000e+03	  1,59405e-01	  2,80000e-01
1939	  3,8760000000e+03	  1,63738e-01	  2,78426e-01
1940	  3,8780000000e+03	  1,68833e-01	  2,77043e-01
1941	  3,8800000000e+03	  1,74807e-01	  2,72426e-01
1942	  3,8820000000e+03	  1,78416e-01	  2,70734e-01
1943	  3,8840000000e+03	  1,81934e-01	  2,69797e-01
1944	  3,8860000000e+03	  1,87111e-01	  2,62751e-01
1945	  3,8880000000e+03	  1,92908e-01	  2,59614e-01
1946	  3,8900000000e+03	  1,96966e-01	  2,58161e-01
1947	  3,8920000000e+03	  2,00498e-01	  2,55450e-01
1948	  3,8940000000e+03	  2,04806e-01	  2,54304e-01
1949	  3,8960000000e+03	  2,08439e-01	  2,49869e-01
1950	  3,8980000000e+03	  2,13331e-01	  2,47421e-01
1951	  3,9000000000e+03	  2,16594e-01	  2,41371e-01
1952	  3,9020000000e+03	  2,21212e-01	  2,37649e-01
1953	  3,9040000000e+03	  2,24465e-01	  2,32779e-01
1954	  3,9060000000e+03	  2,28339e-01	  2,29146e-01
1955	  3,9080000000e+03	  2,31978e-01	  2,26247e-01
1956	  3,9100000000e+03	  2,36492e-01	  2,19322e-01
1957	  3,9120000000e+03	  2,38631e-01	  2,15997e-01
1958	  3,9140000000e+03	  2,41711e-01	  2,14390e-01
1959	  3,9160000000e+03	  2,43917e-01	  2,07080e-01
1960	  3,9180000000e+03	  2,47291e-01	  1,99709e-01
1961	  3,9200000000e+03	  2,49646e-01	  1,96450e-01
1962	  3,9220000000e+03	  2,50281e-01	  1,93979e-01
1963	  3,9240000000e+03	  2,50443e-01	  1,88260e-01
1964	  3,9260000000e+03	  2,52453e-01	  1,82938e-01
1965	  3,9280000000e+03	  2,54776e-01	  1,81265e-01
1966	  3,9300000000e+03	  2,57102e-01	  1,76357e-01
1967	  3,9320000000e+03	  2,57309e-01	  1,71262e-01
1968	  3,9340000000e+03	  2,58211e-01	  1,68323e-01
1969	  3,9360000000e+03	  2,57753e-01	  1,67389e-01
1970	  3,9380000000e+03	  2,60325e-01	  1,64952e-01
1971	  3,9400000000e+03	  2,61152e-01	  1,60397e-01
1972	  3,9420000000e+03	  2,62173e-01	  1,57946e-01
1973	  3,9440000000e+03	  2,64910e-01	  1,53443e-01
1974	  3,9460000000e+03	  2,63798e-01	  1,49945e-01
1975	  3,9480000000e+03	  2,63890e-01	  1,48323e-01
1976	  3,9500000000e+03	  2,66401e-01	  1,43068e-01
1977	  3,9520000000e+03	  2,67563e-01	  1,42733e-01
1978	  3,9540000000e+03	  2,69409e-01	  1,40785e-01
1979	  3,9560000000e+03	  2,69362e-01	  1,35579e-01
1980	  3,9580000000e+03	  2,69787e-01	  1,31856e-01
1981	  3,9600000000e+03	  2,70544e-01	  1,29007e-01
1982	  3,9620000000e+03	  2,73631e-01	  1,27562e-01
1983	  3,9640000000e+03	  2,77126e-01	  1,25181e-01
1984	  3,9660000000e+03	  2,80277e-01	  1,21846e-01
1985	  3,9680000000e+03	  2,83749e-01	  1,18497e-01
1986	  3,9700000000e+03	  2,84782e-01	  1,16514e-01
1987	  3,9720000000e+03	  2,87986e-01	  1,15181e-01
1988	  3,9740000000e+03	  2,90454e-01	  1,08439e-01
1989	  3,9760000000e+03	  2,92585e-01	  1,04067e-01
1990	  3,9780000000e+03	  2,94230e-01	  1,02189e-01
1991	  3,9800000000e+03	  2,96398e-01	  9,71691e-02
1992	  3,9820000000e+03	  2,98714e-01	  8,96782e-02
1993	  3,9840000000e+03	  3,01996e-01	  8,42420e-02
1994	  3,9860000000e+03	  3,01727e-01	  8,23774e-02
1995	  3,9880000000e+03	  3,04727e-01	  7,80124e-02
1996	  3,9900000000e+03	  3,04991e-01	  7,25675e-02
1997	  3,9920000000e+03	  3,04538e-01	  6,95833e-02
1998	  3,9940000000e+03	  3,06782e-01	  6,52170e-02
1999	  3,9960000000e+03	  3,09430e-01	  5,90362e-02
2000	  3,9980000000e+03	  3,12557e-01	  5,28354e-02
2001	  4,0000000000e+03	  3,12978e-01	  4,70604e-02
2002	  4,0020000000e+03	  3,15021e-01	  4,16306e-02
2003	  4,0040000000e+03	  3,14518e-01	  3,89329e-02
2004	  4,0060000000e+03	  3,14714e-01	  3,35750e-02
2005	  4,0080000000e+03	  3,13746e-01	  2,54041e-02
2006	  4,0100000000e+03	  3,14302e-01	  2,00448e-02
2007	  4,0120000000e+03	  3,13672e-01	  1,49862e-02
2008	  4,0140000000e+03	  3,13737e-01	  1,01801e-02
2009	  4,0160000000e+03	  3,15137e-01	  4,07667e-03
2010	  4,0180000000e+03	  3,16293e-01	 -4,67095e-04
2011	  4,0200000000e+03	  3,13209e-01	 -7,63784e-03
2012	  4,0220000000e+03	  3,13124e-01	 -1,30513e-02
2013	  4,0240000000e+03	  3,12110e-01	 -1,79218e-02
2014	  4,0260000000e+03	  3,10737e-01	 -2,40883e-02
2015	  4,0280000000e+03	  3,08421e-01	 -3,04136e-02
2016	  4,0300000000e+03	  3,07623e-01	 -3,48906e-02
2017	  4,0320000000e+03	  3,04335e-01	 -3,77768e-02
2018	  4,0340000000e+03	  3,00146e-01	 -4,23639e-02
2019	  4,0360000000e+03	  2,96812e-01	 -4,76457e-02
2020	  4,0380000000e+03	  2,91988e-01	 -4,94267e-02
2021	  4,0400000000e+03	  2,89367e-01	 -5,20859e-02
2022	  4,0420000000e+03	  2,88078e-01	 -5,53492e-02
2023	  4,0440000000e+03	  2,90150e-01	 -5,98707e-02
2024	  4,0460000000e+03	  2,88875e-01	 -6,42607e-02
2025	  4,0480000000e+03	  2,84683e-01	 -7,02382e-02
2026	  4,0500000000e+03	  2,81799e-01	 -7,33666e-02
2027	  4,0520000000e+03	  2,79561e-01	 -7,61245e-02
2028	  4,0540000000e+03	  2,78097e-01	 -7,99959e-02
2029	  4,0560000000e+03	  2,74158e-01	 -8,45137e-02
2030	  4,0580000000e+03	  2,71226e-01	 -8,37377e-02
2031	  4,0600000000e+03	  2,68339e-01	 -8,45586e-02
2032	  4,0620000000e+03	  2,65451e-01	 -8,91625e-02
2033	  4,0640000000e+03	  2,65482e-01	 -8,94700e-02
2034	  4,0660000000e+03	  2,65753e-01	 -9,07028e-02
2035	  4,0680000000e+03	  2,61918e-01	 -9,37135e-02
2036	  4,0700000000e+03	  2,59746e-01	 -9,66708e-02
2037	  4,0720000000e+03	  2,58884e-01	 -9,89744e-02
2038	  4,0740000000e+03	  2,56050e-01	 -9,91218e-02
2039	  4,0760000000e+03	  2,56619e-01	 -9,96353e-02
2040	  4,0780000000e+03	  2,56359e-01	 -1,00960e-01
2041	  4,0800000000e+03	  2,54790e-01	 -1,04727e-01
2042	  4,0820000000e+03	  2,52920e-01	 -1,07223e-01
2043	  4,0840000000e+03	  2,53462e-01	 -1,10779e-01
2044	  4,0860000000e+03	  2,54262e-01	 -1,11852e-01
2045	  4,0880000000e+03	  2,53496e-01	 -1,15866e-01
2046	  4,0900000000e+03	  2,51056e-01	 -1,20018e-01
2047	  4,0920000000e+03	  2,51611e-01	 -1,25352e-01
2048	  4,0940000000e+03	  2,49858e-01	 -1,31402e-01
2049	  4,0960000000e+03	  2,46421e-01	 -1,34872e-01
2050	  4,0980000000e+03	  2,45565e-01	 -1,40198e-01
2051	  4,1000000000e+03	  2,43527e-01	 -1,47119e-01
2052	  4,1020000000e+03	  2,39538e-01	 -1,46642e-01
2053	  4,1040000000e+03	  2,36200e-01	 -1,50346e-01
2054	  4,1060000000e+03	  2,33288e-01	 -1,55182e-01
2055	  4,1080000000e+03	  2,30562e-01	 -1,58232e-01
2056	  4,1100000000e+03	  2,29358e-01	 -1,58793e-01
2057	  4,1120000000e+03	  2,27323e-01	 -1,61481e-01
2058	  4,1140000000e+03	  2,23394e-01	 -1,63604e-01
2059	  4,1160000000e+03	  2,19515e-01	 -1,69495e-01
2060	  4,1180000000e+03	  2,16947e-01	 -1,72299e-01
2061	  4,1200000000e+03	  2,15525e-01	 -1,74455e-01
2062	  4,1220000000e+03	  2,12609e-01	 -1,79594e-01
2063	  4,1240000000e+03	  2,08822e-01	 -1,83841e-01
2064	  4,1260000000e+03	  2,04294e-01	 -1,86972e-01
2065	  4,1280000000e+03	  1,99621e-01	 -1,89693e-01
2066	  4,1300000000e+03	  1,97425e-01	 -1,87979e-01
2067	  4,1320000000e+03	  1,92958e-01	 -1,87964e-01
2068	  4,1340000000e+03	  1,88753e-01	 -1,90790e-01
2069	  4,1360000000e+03	  1,87965e-01	 -1,94657e-01
2070	  4,1380000000e+03	  1,85912e-01	 -1,96882e-01
2071	  4,1400000000e+03	  1,79619e-01	 -1,98333e-01
2072	  4,1420000000e+03	  1,73798e-01	 -1,99509e-01
2073	  4,1440000000e+03	  1,70765e-01	 -2,01750e-01
2074	  4,1460000000e+03	  1,65995e-01	 -2,02899e-01
2075	  4,1480000000e+03	  1,63929e-01	 -2,01808e-01
2076	  4,1500000000e+03	  1,60398e-01	 -2,02020e-01
2077	  4,1520000000e+03	  1,57895e-01	 -2,03443e-01
2078	  4,1540000000e+03	  1,55685e-01	 -2,03603e-01
2079	  4,1560000000e+03	  1,51742e-01	 -2,05693e-01
2080	  4,1580000000e+03	  1,50823e-01	 -2,08605e-01
2081	  4,1600000000e+03	  1,44350e-01	 -2,08017e-01
2082	  4,1620000000e+03	  1,42387e-01	 -2,10846e-01
2083	  4,1640000000e+03	  1,39152e-01	 -2,11783e-01
2084	  4,1660000000e+03	  1,34004e-01	 -2,14648e-01
2085	  4,1680000000e+03	  1,30269e-01	 -2,17056e-01
2086	  4,1700000000e+03	  1,26437e-01	 -2,15073e-01
2087	  4,1720000000e+03	  1,22538e-01	 -2,16738e-01
2088	  4,1740000000e+03	  1,20862e-01	 -2,18202e-01
2089	  4,1760000000e+03	  1,19496e-01	 -2,17004e-01
2090	  4,1780000000e+03	  1,14001e-01	 -2,13682e-01
2091	  4,1800000000e+03	  1,11461e-01	 -2,12536e-01
2092	  4,1820000000e+03	  1,08131e-01	 -2,14957e-01
2093	  4,1840000000e+03	  1,04359e-01	 -2,13019e-01
2094	  4,1860000000e+03	  1,05184e-01	 -2,11239e-01
2095	  4,1880000000e+03	  1,02166e-01	 -2,12764e-01
2096	  4,1900000000e+03	  9,91959e-02	 -2,12909e-01
2097	  4,1920000000e+03	  9,79552e-02	 -2,13201e-01
2098	  4,1940000000e+03	  9,86033e-02	 -2,14473e-01
2099	  4,1960000000e+03	  9,58698e-02	 -2,15089e-01
2100	  4,1980000000e+03	  9,39142e-02	 -2,11812e-01
2101	  4,2000000000e+03	  9,17566e-02	 -2,14026e-01
2102	  4,2020000000e+03	  8,60668e-02	 -2,15199e-01
2103	  4,2040000000e+03	  8,04372e-02	 -2,13294e-01
2104	  4,2060000000e+03	  8,11685e-02	 -2,16505e-01
2105	  4,2080000000e+03	  8,18457e-02	 -2,17128e-01
2106	  4,2100000000e+03	  7,84765e-02	 -2,13595e-01
2107	  4,2120000000e+03	  7,58697e-02	 -2,13577e-01
2108	  4,2140000000e+03	  7,33968e-02	 -2,16479e-01
2109	  4,2160000000e+03	  6,90003e-02	 -2,16777e-01
2110	  4,2180000000e+03	  6,77525e-02	 -2,18311e-01
2111	  4,2200000000e+03	  6,82111e-02	 -2,17468e-01
2112	  4,2220000000e+03	  6,44562e-02	 -2,19374e-01
2113	  4,2240000000e+03	  6,03769e-02	 -2,21058e-01
2114	  4,2260000000e+03	  6,02272e-02	 -2,18261e-01
2115	  4,2280000000e+03	  6,00726e-02	 -2,18783e-01
2116	  4,2300000000e+03	  5,65320e-02	 -2,20860e-01
2117	  4,2320000000e+03	  5,33400e-02	 -2,21568e-01
2118	  4,2340000000e+03	  5,08340e-02	 -2,18153e-01
2119	  4,2360000000e+03	  4,81027e-02	 -2,18751e-01
2120	  4,2380000000e+03	  4,49920e-02	 -2,22567e-01
2121	  4,2400000000e+03	  4,43965e-02	 -2,20509e-01
2122	  4,2420000000e+03	  4,11636e-02	 -2,21776e-01
2123	  4,2440000000e+03	  4,04208e-02	 -2,21679e-01
2124	  4,2460000000e+03	  3,73006e-02	 -2,20336e-01
2125	  4,2480000000e+03	  3,52741e-02	 -2,19670e-01
2126	  4,2500000000e+03	  3,44576e-02	 -2,18913e-01
2127	  4,2520000000e+03	  3,23047e-02	 -2,21601e-01
2128	  4,2540000000e+03	  3,00169e-02	 -2,22251e-01
2129	  4,2560000000e+03	  2,82757e-02	 -2,23925e-01
2130	  4,2580000000e+03	  2,73189e-02	 -2,23574e-01
2131	  4,2600000000e+03	  2,28514e-02	 -2,22272e-01
2132	  4,2620000000e+03	  1,84348e-02	 -2,21013e-01
2133	  4,2640000000e+03	  1,83849e-02	 -2,19584e-01
2134	  4,2660000000e+03	  1,59124e-02	 -2,20173e-01
2135	  4,2680000000e+03	  1,54497e-02	 -2,21810e-01
2136	  4,2700000000e+03	  1,03119e-02	 -2,22091e-01
2137	  4,2720000000e+03	  1,16787e-02	 -2,22878e-01
2138	  4,2740000000e+03	  1,32621e-02	 -2,24245e-01
2139	  4,2760000000e+03	  6,30109e-03	 -2,24439e-01
2140	  4,2780000000e+03	  3,14965e-03	 -2,24528e-01
2141	  4,2800000000e+03	  2,10023e-04	 -2,24419e-01
2142	  4,2820000000e+03	 -3,58382e-03	 -2,24930e-01
2143	  4,2840000000e+03	 -3,62738e-03	 -2,26363e-01
2144	  4,2860000000e+03	 -6,65801e-03	 -2,26931e-01
2145	  4,2880000000e+03	 -1,09901e-02	 -2,22402e-01
2146	  4,2900000000e+03	 -1,10790e-02	 -2,24463e-01
2147	  4,2920000000e+03	 -1,28512e-02	 -2,25559e-01
2148	  4,2940000000e+03	 -1,84025e-02	 -2,25306e-01
2149	  4,2960000000e+03	 -2,03509e-02	 -2,25046e-01
2150	  4,2980000000e+03	 -2,50005e-02	 -2,24598e-01
2151	  4,3000000000e+03	 -2,83377e-02	 -2,25376e-01
2152	  4,3020000000e+03	 -2,74555e-02	 -2,24069e-01
2153	  4,3040000000e+03	 -2,98843e-02	 -2,25079e-01
2154	  4,3060000000e+03	 -3,34230e-02	 -2,25147e-01
2155	  4,3080000000e+03	 -3,78959e-02	 -2,24282e-01
2156	  4,3100000000e+03	 -4,14078e-02	 -2,22776e-01
2157	  4,3120000000e+03	 -4,28074e-02	 -2,22590e-01
2158	  4,3140000000e+03	 -4,48243e-02	 -2,21813e-01
2159	  4,3160000000e+03	 -4,94758e-02	 -2,20831e-01
2160	  4,3180000000e+03	 -4,86966e-02	 -2,19964e-01
2161	  4,3200000000e+03	 -5,19133e-02	 -2,18257e-01
2162	  4,3220000000e+03	 -5,52087e-02	 -2,18711e-01
2163	  4,3240000000e+03	 -5,81146e-02	 -2,17848e-01
2164	  4,3260000000e+03	 -6,14977e-02	 -2,17397e-01
2165	  4,3280000000e+03	 -6,35731e-02	 -2,14224e-01
2166	  4,3300000000e+03	 -6,63440e-02	 -2,13446e-01
2167	  4,3320000000e+03	 -6,72211e-02	 -2,13029e-01
2168	  4,3340000000e+03	 -7,09725e-02	 -2,15021e-01
2169	  4,3360000000e+03	 -7,23553e-02	 -2,13486e-01
2170	  4,3380000000e+03	 -7,58972e-02	 -2,12238e-01
2171	  4,3400000000e+03	 -8,01120e-02	 -2,14608e-01
2172	  4,3420000000e+03	 -8,40757e-02	 -2,12390e-01
2173	  4,3440000000e+03	 -8,58506e-02	 -2,11307e-01
2174	  4,3460000000e+03	 -8,72377e-02	 -2,09664e-01
2175	  4,3480000000e+03	 -8,71573e-02	 -2,06876e-01
2176	  4,3500000000e+03	 -8,98744e-02	 -2,09991e-01
2177	  4,3520000000e+03	 -9,21470e-02	 -2,07861e-01
2178	  4,3540000000e+03	 -9,65369e-02	 -2,07458e-01
2179	  4,3560000000e+03	 -1,01465e-01	 -2,06295e-01
2180	  4,3580000000e+03	 -1,04904e-01	 -2,04908e-01
2181	  4,3600000000e+03	 -1,04652e-01	 -2,01720e-01
2182	  4,3620000000e+03	 -1,06583e-01	 -1,97670e-01
2183	  4,3640000000e+03	 -1,12917e-01	 -1,99004e-01
2184	  4,3660000000e+03	 -1,18235e-01	 -1,97409e-01
2185	  4,3680000000e+03	 -1,21966e-01	 -1,93644e-01
2186	  4,3700000000e+03	 -1,24603e-01	 -1,92848e-01
2187	  4,3720000000e+03	 -1,27061e-01	 -1,90103e-01
2188	  4,3740000000e+03	 -1,29242e-01	 -1,87548e-01
2189	  4,3760000000e+03	 -1,33743e-01	 -1,86423e-01
2190	  4,3780000000e+03	 -1,34525e-01	 -1,83345e-01
2191	  4,3800000000e+03	 -1,36599e-01	 -1,83558e-01
2192	  4,3820000000e+03	 -1,36682e-01	 -1,80058e-01
2193	  4,3840000000e+03	 -1,39201e-01	 -1,73176e-01
2194	  4,3860000000e+03	 -1,40496e-01	 -1,69973e-01
2195	  4,3880000000e+03	 -1,43836e-01	 -1,68135e-01
2196	  4,3900000000e+03	 -1,43941e-01	 -1,63594e-01
2197	  4,3920000000e+03	 -1,46469e-01	 -1,64279e-01
2198	  4,3940000000e+03	 -1,48990e-01	 -1,62363e-01
2199	  4,3960000000e+03	 -1,51884e-01	 -1,60037e-01
2200	  4,3980000000e+03	 -1,51634e-01	 -1,56834e-01
2201	  4,4000000000e+03	 -1,50544e-01	 -1,52284e-01
2202	  4,4020000000e+03	 -1,50846e-01	 -1,50105e-01
2203	  4,4040000000e+03	 -1,51964e-01	 -1,46962e-01
2204	  4,4060000000e+03	 -1,53918e-01	 -1,46767e-01
2205	  4,4080000000e+03	 -1,54123e-01	 -1,45670e-01
2206	  4,4100000000e+03	 -1,53983e-01	 -1,44546e-01
2207	  4,4120000000e+03	 -1,57241e-01	 -1,42053e-01
2208	  4,4140000000e+03	 -1,60553e-01	 -1,38225e-01
2209	  4,4160000000e+03	 -1,62159e-01	 -1,37113e-01
2210	  4,4180000000e+03	 -1,61105e-01	 -1,36237e-01
2211	  4,4200000000e+03	 -1,63334e-01	 -1,35621e-01
2212	  4,4220000000e+03	 -1,63515e-01	 -1,32747e-01
2213	  4,4240000000e+03	 -1,61022e-01	 -1,31859e-01
2214	  4,4260000000e+03	 -1,63887e-01	 -1,26089e-01
2215	  4,4280000000e+03	 -1,64526e-01	 -1,24285e-01
2216	  4,4300000000e+03	 -1,64851e-01	 -1,23509e-01
2217	  4,4320000000e+03	 -1,65243e-01	 -1,20253e-01
2218	  4,4340000000e+03	 -1,67534e-01	 -1,18611e-01
2219	  4,4360000000e+03	 -1,70894e-01	 -1,17270e-01
2220	  4,4380000000e+03	 -1,71306e-01	 -1,15468e-01
2221	  4,4400000000e+03	 -1,71919e-01	 -1,17066e-01
2222	  4,4420000000e+03	 -1,73187e-01	 -1,14726e-01
2223	  4,4440000000e+03	 -1,73551e-01	 -1,10678e-01
2224	  4,4460000000e+03	 -1,74735e-01	 -1,08631e-01
2225	  4,4480000000e+03	 -1,75040e-01	 -1,06335e-01
2226	  4,4500000000e+03	 -1,76929e-01	 -1,03324e-01
2227	  4,4520000000e+03	 -1,78524e-01	 -1,02852e-01
2228	  4,4540000000e+03	 -1,77450e-01	 -1,02220e-01
2229	  4,4560000000e+03	 -1,77276e-01	 -1,00060e-01
2230	  4,4580000000e+03	 -1,78408e-01	 -9,95284e-02
2231	  4,4600000000e+03	 -1,78744e-01	 -9,70572e-02
2232	  4,4620000000e+03	 -1,81067e-01	 -9,33760e-02
2233	  4,4640000000e+03	 -1,83128e-01	 -9,15162e-02
2234	  4,4660000000e+03	 -1,84653e-01	 -9,26957e-02
2235	  4,4680000000e+03	 -1,84068e-01	 -9,17489e-02
2236	  4,4700000000e+03	 -1,84173e-01	 -9,20821e-02
2237	  4,4720000000e+03	 -1,88769e-01	 -8,94627e-02
2238	  4,4740000000e+03	 -1,90916e-01	 -8,49207e-02
2239	  4,4760000000e+03	 -1,89217e-01	 -8,18398e-02
2240	  4,4780000000e+03	 -1,90327e-01	 -8,21191e-02
2241	  4,4800000000e+03	 -1,95251e-01	 -8,15627e-02
2242	  4,4820000000e+03	 -1,99422e-01	 -7,87118e-02
2243	  4,4840000000e+03	 -2,00145e-01	 -7,19661e-02
2244	  4,4860000000e+03	 -2,01336e-01	 -6,68760e-02
2245	  4,4880000000e+03	 -2,01722e-01	 -6,51111e-02
2246	  4,4900000000e+03	 -2,03492e-01	 -6,60410e-02
2247	  4,4920000000e+03	 -2,06527e-01	 -5,99620e-02
2248	  4,4940000000e+03	 -2,07480e-01	 -5,40100e-02
2249	  4,4960000000e+03	 -2,08342e-01	 -5,17981e-02
2250	  4,4980000000e+03	 -2,08024e-01	 -4,81037e-02
2251	  4,5000000000e+03	 -2,08530e-01	 -4,68467e-02
2252	  4,5020000000e+03	 -2,08609e-01	 -4,39931e-02
2253	  4,5040000000e+03	 -2,07273e-01	 -3,96843e-02
2254	  4,5060000000e+03	 -2,05805e-01	 -3,64637e-02
2255	  4,5080000000e+03	 -2,05270e-01	 -3,01563e-02
2256	  4,5100000000e+03	 -2,05600e-01	 -2,88930e-02
2257	  4,5120000000e+03	 -2,03767e-01	 -2,58809e-02
2258	  4,5140000000e+03	 -2,04949e-01	 -2,31745e-02
2259	  4,5160000000e+03	 -2,04200e-01	 -2,21448e-02
2260	  4,5180000000e+03	 -2,02149e-01	 -1,85892e-02
2261	  4,5200000000e+03	 -2,01487e-01	 -1,60894e-02
2262	  4,5220000000e+03	 -1,99136e-01	 -1,54434e-02
2263	  4,5240000000e+03	 -2,00326e-01	 -1,44981e-02
2264	  4,5260000000e+03	 -1,99821e-01	 -1,26432e-02
2265	  4,5280000000e+03	 -1,97916e-01	 -9,72217e-03
2266	  4,5300000000e+03	 -1,96178e-01	 -7,13478e-03
2267	  4,5320000000e+03	 -1,95041e-01	 -5,15667e-03
2268	  4,5340000000e+03	 -1,96244e-01	 -4,90682e-03
2269	  4,5360000000e+03	 -1,94339e-01	 -5,75101e-03
2270	  4,5380000000e+03	 -1,93838e-01	 -3,74770e-03
2271	  4,5400000000e+03	 -1,94063e-01	 -2,43371e-03
2272	  4,5420000000e+03	 -1,94167e-01	  1,44421e-03
2273	  4,5440000000e+03	 -1,93467e-01	  9,14302e-04
2274	  4,5460000000e+03	 -1,95503e-01	  3,59537e-03
2275	  4,5480000000e+03	 -1,95289e-01	  5,50446e-03
2276	  4,5500000000e+03	 -1,93967e-01	  7,22111e-03
2277	  4,5520000000e+03	 -1,93750e-01	  1,07608e-02
2278	  4,5540000000e+03	 -1,94657e-01	  1,24327e-02
2279	  4,5560000000e+03	 -1,95816e-01	  1,44567e-02
2280	  4,5580000000e+03	 -1,94090e-01	  1,66237e-02
2281	  4,5600000000e+03	 -1,92689e-01	  2,08736e-02
2282	  4,5620000000e+03	 -1,95356e-01	  2,12800e-02
2283	  4,5640000000e+03	 -1,97133e-01	  2,28460e-02
2284	  4,5660000000e+03	 -1,97531e-01	  2,58233e-02
2285	  4,5680000000e+03	 -1,97945e-01	  2,74316e-02
2286	  4,5700000000e+03	 -1,98141e-01	  3,21826e-02
2287	  4,5720000000e+03	 -1,98531e-01	  3,67144e-02
2288	  4,5740000000e+03	 -1,95649e-01	  3,85752e-02
2289	  4,5760000000e+03	 -1,96124e-01	  4,06388e-02
2290	  4,5780000000e+03	 -1,96358e-01	  4,40559e-02
2291	  4,5800000000e+03	 -1,94215e-01	  4,63414e-02
2292	  4,5820000000e+03	 -1,92901e-01	  4,78408e-02
2293	  4,5840000000e+03	 -1,92973e-01	  5,06750e-02
2294	  4,5860000000e+03	 -1,93114e-01	  5,28375e-02
2295	  4,5880000000e+03	 -1,91220e-01	  5,48384e-02
2296	  4,5900000000e+03	 -1,88910e-01	  5,62487e-02
2297	  4,5920000000e+03	 -1,86626e-01	  5,97199e-02
2298	  4,5940000000e+03	 -1,87758e-01	  6,28288e-02
2299	  4,5960000000e+03	 -1,89003e-01	  6,45002e-02
2300	  4,5980000000e+03	 -1,89879e-01	  6,54014e-02
2301	  4,6000000000e+03	 -1,85209e-01	  6,71724e-02
2302	  4,6020000000e+03	 -1,82135e-01	  7,04104e-02
2303	  4,6040000000e+03	 -1,81478e-01	  7,18801e-02
2304	  4,6060000000e+03	 -1,82215e-01	  7,39665e-02
2305	  4,6080000000e+03	 -1,79234e-01	  7,86214e-02
2306	  4,6100000000e+03	 -1,80333e-01	  8,05024e-02
2307	  4,6120000000e+03	 -1,81218e-01	  8,24874e-02
2308	  4,6140000000e+03	 -1,81466e-01	  8,37940e-02
2309	  4,6160000000e+03	 -1,80340e-01	  8,68166e-02
2310	  4,6180000000e+03	 -1,77680e-01	  9,13214e-02
2311	  4,6200000000e+03	 -1,73567e-01	  9,10892e-02
2312	  4,6220000000e+03	 -1,71926e-01	  9,14723e-02
2313	  4,6240000000e+03	 -1,71495e-01	  9,58110e-02
2314	  4,6260000000e+03	 -1,70104e-01	  9,83210e-02
2315	  4,6280000000e+03	 -1,68642e-01	  9,89672e-02
2316	  4,6300000000e+03	 -1,66677e-01	  1,02488e-01
2317	  4,6320000000e+03	 -1,64401e-01	  1,06861e-01
2318	  4,6340000000e+03	 -1,60964e-01	  1,10471e-01
2319	  4,6360000000e+03	 -1,62518e-01	  1,09310e-01
2320	  4,6380000000e+03	 -1,62084e-01	  1,11817e-01
2321	  4,6400000000e+03	 -1,61223e-01	  1,14506e-01
2322	  4,6420000000e+03	 -1,56152e-01	  1,17169e-01
2323	  4,6440000000e+03	 -1,53409e-01	  1,17829e-01
2324	  4,6460000000e+03	 -1,48562e-01	  1,20188e-01
2325	  4,6480000000e+03	 -1,46256e-01	  1,21366e-01
2326	  4,6500000000e+03	 -1,44998e-01	  1,21438e-01
2327	  4,6520000000e+03	 -1,43614e-01	  1,22085e-01
2328	  4,6540000000e+03	 -1,42001e-01	  1,23723e-01
2329	  4,6560000000e+03	 -1,40648e-01	  1,23179e-01
2330	  4,6580000000e+03	 -1,38338e-01	  1,24123e-01
2331	  4,6600000000e+03	 -1,33502e-01	  1,28355e-01
2332	  4,6620000000e+03	 -1,33182e-01	  1,28167e-01
2333	  4,6640000000e+03	 -1,33978e-01	  1,27113e-01
2334	  4,6660000000e+03	 -1,29615e-01	  1,27683e-01
2335	  4,6680000000e+03	 -1,28511e-01	  1,29760e-01
2336	  4,6700000000e+03	 -1,27397e-01	  1,32227e-01
2337	  4,6720000000e+03	 -1,27606e-01	  1,29730e-01
2338	  4,6740000000e+03	 -1,26025e-01	  1,29149e-01
2339	  4,6760000000e+03	 -1,24880e-01	  1,31242e-01
2340	  4,6780000000e+03	 -1,24713e-01	  1,32556e-01
2341	  4,6800000000e+03	 -1,22109e-01	  1,36842e-01
2342	  4,6820000000e+03	 -1,20891e-01	  1,38607e-01
2343	  4,6840000000e+03	 -1,16999e-01	  1,39712e-01
2344	  4,6860000000e+03	 -1,16449e-01	  1,39171e-01
2345	  4,6880000000e+03	 -1,15869e-01	  1,39766e-01
2346	  4,6900000000e+03	 -1,13141e-01	  1,43178e-01
2347	  4,6920000000e+03	 -1,12877e-01	  1,44259e-01
2348	  4,6940000000e+03	 -1,09199e-01	  1,43285e-01
2349	  4,6960000000e+03	 -1,06879e-01	  1,46384e-01
2350	  4,6980000000e+03	 -1,08789e-01	  1,48847e-01
2351	  4,7000000000e+03	 -1,06413e-01	  1,50378e-01
2352	  4,7020000000e+03	 -1,04287e-01	  1,50701e-01
2353	  4,7040000000e+03	 -1,05607e-01	  1,51481e-01
2354	  4,7060000000e+03	 -1,04225e-01	  1,51202e-01
2355	  4,7080000000e+03	 -9,88335e-02	  1,54031e-01
2356	  4,7100000000e+03	 -9,46081e-02	  1,57664e-01
2357	  4,7120000000e+03	 -9,25091e-02	  1,61150e-01
2358	  4,7140000000e+03	 -9,13907e-02	  1,62404e-01
2359	  4,7160000000e+03	 -8,94869e-02	  1,61679e-01
2360	  4,7180000000e+03	 -8,56974e-02	  1,63590e-01
2361	  4,7200000000e+03	 -8,23860e-02	  1,64387e-01
2362	  4,7220000000e+03	 -7,74977e-02	  1,65599e-01
2363	  4,7240000000e+03	 -7,54818e-02	  1,65321e-01
2364	  4,7260000000e+03	 -7,51041e-02	  1,67068e-01
2365	  4,7280000000e+03	 -7,23868e-02	  1,66453e-01
2366	  4,7300000000e+03	 -7,12828e-02	  1,63816e-01
2367	  4,7320000000e+03	 -6,85622e-02	  1,66467e-01
2368	  4,7340000000e+03	 -6,67406e-02	  1,63278e-01
2369	  4,7360000000e+03	 -6,40168e-02	  1,62608e-01
2370	  4,7380000000e+03	 -6,24880e-02	  1,66174e-01
2371	  4,7400000000e+03	 -5,97479e-02	  1,66896e-01
2372	  4,7420000000e+03	 -5,60441e-02	  1,63797e-01
2373	  4,7440000000e+03	 -5,12495e-02	  1,64430e-01
2374	  4,7460000000e+03	 -5,01236e-02	  1,66114e-01
2375	  4,7480000000e+03	 -4,78807e-02	  1,67697e-01
2376	  4,7500000000e+03	 -4,53280e-02	  1,64693e-01
2377	  4,7520000000e+03	 -4,41811e-02	  1,63337e-01
2378	  4,7540000000e+03	 -4,07661e-02	  1,65189e-01
2379	  4,7560000000e+03	 -4,11016e-02	  1,63746e-01
2380	  4,7580000000e+03	 -4,01370e-02	  1,62171e-01
2381	  4,7600000000e+03	 -3,98177e-02	  1,62536e-01
2382	  4,7620000000e+03	 -3,84604e-02	  1,63833e-01
2383	  4,7640000000e+03	 -3,57691e-02	  1,62495e-01
2384	  4,7660000000e+03	 -3,45981e-02	  1,62532e-01
2385	  4,7680000000e+03	 -3,48376e-02	  1,63026e-01
2386	  4,7700000000e+03	 -3,26866e-02	  1,66251e-01
2387	  4,7720000000e+03	 -3,04512e-02	  1,64800e-01
2388	  4,7740000000e+03	 -2,50635e-02	  1,65124e-01
2389	  4,7760000000e+03	 -2,22438e-02	  1,62181e-01
2390	  4,7780000000e+03	 -2,30107e-02	  1,59686e-01
2391	  4,7800000000e+03	 -2,16018e-02	  1,61289e-01
2392	  4,7820000000e+03	 -1,97715e-02	  1,61315e-01
2393	  4,7840000000e+03	 -1,53661e-02	  1,62083e-01
2394	  4,7860000000e+03	 -1,36989e-02	  1,63098e-01
2395	  4,7880000000e+03	 -1,42574e-02	  1,62235e-01
2396	  4,7900000000e+03	 -1,21221e-02	  1,64870e-01
2397	  4,7920000000e+03	 -1,18102e-02	  1,62567e-01
2398	  4,7940000000e+03	 -1,02939e-02	  1,62391e-01
2399	  4,7960000000e+03	 -8,57903e-03	  1,60800e-01
2400	  4,7980000000e+03	 -5,94687e-03	  1,57986e-01
2401	  4,8000000000e+03	 -5,90011e-03	  1,57178e-01
2402	  4,8020000000e+03	 -3,02551e-03	  1,58151e-01
2403	  4,8040000000e+03	 -2,13443e-03	  1,58113e-01
2404	  4,8060000000e+03	 -1,69446e-03	  1,56911e-01
2405	  4,8080000000e+03	  2,09678e-03	  1,61090e-01
2406	  4,8100000000e+03	  4,87329e-03	  1,60859e-01
2407	  4,8120000000e+03	  4,30688e-03	  1,58408e-01
2408	  4,8140000000e+03	  3,12952e-03	  1,57297e-01
2409	  4,8160000000e+03	  5,64806e-03	  1,57970e-01
2410	  4,8180000000e+03	  9,41804e-03	  1,57158e-01
2411	  4,8200000000e+03	  1,04270e-02	  1,56826e-01
2412	  4,8220000000e+03	  1,05398e-02	  1,55039e-01
2413	  4,8240000000e+03	  1,22220e-02	  1,54479e-01
2414	  4,8260000000e+03	  1,58062e-02	  1,56969e-01
2415	  4,8280000000e+03	  1,82954e-02	  1,54907e-01
2416	  4,8300000000e+03	  2,05446e-02	  1,53085e-01
2417	  4,8320000000e+03	  1,84079e-02	  1,55769e-01
2418	  4,8340000000e+03	  1,95157e-02	  1,54089e-01
2419	  4,8360000000e+03	  2,07773e-02	  1,53433e-01
2420	  4,8380000000e+03	  2,18090e-02	  1,50723e-01
2421	  4,8400000000e+03	  2,26925e-02	  1,51772e-01
2422	  4,8420000000e+03	  2,42535e-02	  1,50472e-01
2423	  4,8440000000e+03	  2,55205e-02	  1,47880e-01
2424	  4,8460000000e+03	  2,50643e-02	  1,50169e-01
2425	  4,8480000000e+03	  2,83428e-02	  1,51627e-01
2426	  4,8500000000e+03	  2,92611e-02	  1,51596e-01
2427	  4,8520000000e+03	  3,02064e-02	  1,52942e-01
2428	  4,8540000000e+03	  3,25274e-02	  1,49563e-01
2429	  4,8560000000e+03	  3,48025e-02	  1,47869e-01
2430	  4,8580000000e+03	  3,58931e-02	  1,47422e-01
2431	  4,8600000000e+03	  3,64450e-02	  1,47866e-01
2432	  4,8620000000e+03	  3,87401e-02	  1,50977e-01
2433	  4,8640000000e+03	  4,05678e-02	  1,48777e-01
2434	  4,8660000000e+03	  3,98758e-02	  1,46609e-01
2435	  4,8680000000e+03	  4,33024e-02	  1,45177e-01
2436	  4,8700000000e+03	  4,35036e-02	  1,44952e-01
2437	  4,8720000000e+03	  4,42515e-02	  1,43611e-01
2438	  4,8740000000e+03	  4,69168e-02	  1,44257e-01
2439	  4,8760000000e+03	  4,79247e-02	  1,43107e-01
2440	  4,8780000000e+03	  4,69991e-02	  1,43338e-01
2441	  4,8800000000e+03	  4,59635e-02	  1,43512e-01
2442	  4,8820000000e+03	  4,83591e-02	  1,42827e-01
2443	  4,8840000000e+03	  4,94996e-02	  1,39628e-01
2444	  4,8860000000e+03	  5,09562e-02	  1,40688e-01
2445	  4,8880000000e+03	  5,31690e-02	  1,40173e-01
2446	  4,8900000000e+03	  5,33102e-02	  1,39552e-01
2447	  4,8920000000e+03	  5,50228e-02	  1,39975e-01
2448	  4,8940000000e+03	  5,62728e-02	  1,40098e-01
2449	  4,8960000000e+03	  5,77381e-02	  1,39707e-01
2450	  4,8980000000e+03	  5,86048e-02	  1,39534e-01
2451	  4,9000000000e+03	  5,80930e-02	  1,39607e-01
2452	  4,9020000000e+03	  6,05229e-02	  1,37325e-01
2453	  4,9040000000e+03	  6,10142e-02	  1,34793e-01
2454	  4,9060000000e+03	  6,36682e-02	  1,35570e-01
2455	  4,9080000000e+03	  6,32388e-02	  1,35700e-01
2456	  4,9100000000e+03	  6,36820e-02	  1,37220e-01
2457	  4,9120000000e+03	  6,66055e-02	  1,34682e-01
2458	  4,9140000000e+03	  6,71276e-02	  1,34917e-01
2459	  4,9160000000e+03	  6,61712e-02	  1,35813e-01
2460	  4,9180000000e+03	  6,82153e-02	  1,33552e-01
2461	  4,9200000000e+03	  6,80065e-02	  1,35742e-01
2462	  4,9220000000e+03	  7,12244e-02	  1,37256e-01
2463	  4,9240000000e+03	  7,21806e-02	  1,35725e-01
2464	  4,9260000000e+03	  7,04417e-02	  1,34345e-01
2465	  4,9280000000e+03	  6,97488e-02	  1,37018e-01
2466	  4,9300000000e+03	  7,39739e-02	  1,37301e-01
2467	  4,9320000000e+03	  7,47078e-02	  1,36721e-01
2468	  4,9340000000e+03	  7,64760e-02	  1,34649e-01
2469	  4,9360000000e+03	  8,03268e-02	  1,35358e-01
2470	  4,9380000000e+03	  8,23227e-02	  1,36119e-01
2471	  4,9400000000e+03	  8,23840e-02	  1,34981e-01
2472	  4,9420000000e+03	  8,27581e-02	  1,35136e-01
2473	  4,9440000000e+03	  8,65957e-02	  1,36629e-01
2474	  4,9460000000e+03	  8,91664e-02	  1,36565e-01
2475	  4,9480000000e+03	  9,00182e-02	  1,37076e-01
2476	  4,9500000000e+03	  9,24217e-02	  1,36239e-01
2477	  4,9520000000e+03	  9,36353e-02	  1,34728e-01
2478	  4,9540000000e+03	  9,61088e-02	  1,35518e-01
2479	  4,9560000000e+03	  9,93262e-02	  1,35173e-01
2480	  4,9580000000e+03	  1,03004e-01	  1,32392e-01
2481	  4,9600000000e+03	  1,03966e-01	  1,31434e-01
2482	  4,9620000000e+03	  1,06275e-01	  1,30353e-01
2483	  4,9640000000e+03	  1,10389e-01	  1,28235e-01
2484	  4,9660000000e+03	  1,08822e-01	  1,26841e-01
2485	  4,9680000000e+03	  1,11583e-01	  1,28101e-01
2486	  4,9700000000e+03	  1,13109e-01	  1,27721e-01
2487	  4,9720000000e+03	  1,15457e-01	  1,25418e-01
2488	  4,9740000000e+03	  1,17865e-01	  1,25577e-01
2489	  4,9760000000e+03	  1,20765e-01	  1,25824e-01
2490	  4,9780000000e+03	  1,21857e-01	  1,23133e-01
2491	  4,9800000000e+03	  1,23596e-01	  1,21368e-01
2492	  4,9820000000e+03	  1,24639e-01	  1,19649e-01
2493	  4,9840000000e+03	  1,28404e-01	  1,19394e-01
2494	  4,9860000000e+03	  1,32187e-01	  1,19361e-01
2495	  4,9880000000e+03	  1,32821e-01	  1,16387e-01
2496	  4,9900000000e+03	  1,33465e-01	  1,15051e-01
2497	  4,9920000000e+03	  1,36153e-01	  1,12305e-01
2498	  4,9940000000e+03	  1,36898e-01	  1,11038e-01
2499	  4,9960000000e+03	  1,36637e-01	  1,08479e-01
2500	  4,9980000000e+03	  1,40691e-01	  1,09650e-01
2501	  5,0000000000e+03	  1,44865e-01	  1,07939e-01
2502	  5,0020000000e+03	  1,44119e-01	  1,03689e-01
2503	  5,0040000000e+03	  1,46569e-01	  9,99907e-02
2504	  5,0060000000e+03	  1,48112e-01	  9,86520e-02
2505	  5,0080000000e+03	  1,49114e-01	  9,84596e-02
2506	  5,0100000000e+03	  1,51740e-01	  9,70712e-02
2507	  5,0120000000e+03	  1,52072e-01	  9,50238e-02
2508	  5,0140000000e+03	  1,53648e-01	  9,30470e-02
2509	  5,0160000000e+03	  1,55259e-01	  9,10548e-02
2510	  5,0180000000e+03	  1,55625e-01	  8,71500e-02
2511	  5,0200000000e+03	  1,56507e-01	  8,73573e-02
2512	  5,0220000000e+03	  1,58453e-01	  8,57834e-02
2513	  5,0240000000e+03	  1,58775e-01	  8,42228e-02
2514	  5,0260000000e+03	  1,58679e-01	  8,17261e-02
2515	  5,0280000000e+03	  1,60689e-01	  8,05385e-02
2516	  5,0300000000e+03	  1,63446e-01	  7,59226e-02
2517	  5,0320000000e+03	  1,63924e-01	  7,54556e-02
2518	  5,0340000000e+03	  1,65585e-01	  7,37086e-02
2519	  5,0360000000e+03	  1,66501e-01	  6,99946e-02
2520	  5,0380000000e+03	  1,68485e-01	  6,71025e-02
2521	  5,0400000000e+03	  1,71360e-01	  6,43322e-02
2522	  5,0420000000e+03	  1,71647e-01	  6,43074e-02
2523	  5,0440000000e+03	  1,71005e-01	  6,14726e-02
2524	  5,0460000000e+03	  1,69704e-01	  5,74482e-02
2525	  5,0480000000e+03	  1,72030e-01	  5,73215e-02
2526	  5,0500000000e+03	  1,72372e-01	  5,55089e-02
2527	  5,0520000000e+03	  1,71898e-01	  5,09275e-02
2528	  5,0540000000e+03	  1,73933e-01	  5,01084e-02
2529	  5,0560000000e+03	  1,76194e-01	  4,62788e-02
2530	  5,0580000000e+03	  1,76532e-01	  4,54878e-02
2531	  5,0600000000e+03	  1,78282e-01	  4,36494e-02
2532	  5,0620000000e+03	  1,78395e-01	  4,12697e-02
2533	  5,0640000000e+03	  1,76574e-01	  3,96946e-02
2534	  5,0660000000e+03	  1,78510e-01	  3,67827e-02
2535	  5,0680000000e+03	  1,78102e-01	  3,47446e-02
2536	  5,0700000000e+03	  1,79438e-01	  3,14057e-02
2537	  5,0720000000e+03	  1,80499e-01	  2,98889e-02
2538	  5,0740000000e+03	  1,78961e-01	  2,63000e-02
2539	  5,0760000000e+03	  1,80838e-01	  2,35770e-02
2540	  5,0780000000e+03	  1,82114e-01	  2,19482e-02
2541	  5,0800000000e+03	  1,81110e-01	  1,92506e-02
2542	  5,0820000000e+03	  1,77450e-01	  1,81615e-02
2543	  5,0840000000e+03	  1,79272e-01	  1,92047e-02
2544	  5,0860000000e+03	  1,81834e-01	  1,63220e-02
2545	  5,0880000000e+03	  1,79099e-01	  1,31392e-02
2546	  5,0900000000e+03	  1,79707e-01	  1,12272e-02
2547	  5,0920000000e+03	  1,82811e-01	  7,84705e-03
2548	  5,0940000000e+03	  1,83139e-01	  5,18156e-03
2549	  5,0960000000e+03	  1,84470e-01	  1,28644e-03
2550	  5,0980000000e+03	  1,84304e-01	  1,13933e-03
2551	  5,1000000000e+03	  1,83404e-01	 -5,54388e-04
2552	  5,1020000000e+03	  1,83318e-01	 -2,23674e-03
2553	  5,1040000000e+03	  1,82516e-01	 -4,82186e-03
2554	  5,1060000000e+03	  1,85770e-01	 -7,56260e-03
2555	  5,1080000000e+03	  1,84639e-01	 -1,18298e-02
2556	  5,1100000000e+03	  1,83160e-01	 -1,26461e-02
2557	  5,1120000000e+03	  1,82874e-01	 -1,67524e-02
2558	  5,1140000000e+03	  1,82738e-01	 -1,82645e-02
2559	  5,1160000000e+03	  1,85130e-01	 -2,07484e-02
2560	  5,1180000000e+03	  1,83570e-01	 -2,50435e-02
2561	  5,1200000000e+03	  1,79149e-01	 -2,84757e-02
2562	  5,1220000000e+03	  1,78128e-01	 -2,96130e-02
2563	  5,1240000000e+03	  1,78550e-01	 -3,08566e-02
2564	  5,1260000000e+03	  1,78710e-01	 -3,10214e-02
2565	  5,1280000000e+03	  1,79059e-01	 -3,23530e-02
2566	  5,1300000000e+03	  1,79713e-01	 -3,50978e-02
2567	  5,1320000000e+03	  1,81574e-01	 -3,78420e-02
2568	  5,1340000000e+03	  1,80101e-01	 -4,05185e-02
2569	  5,1360000000e+03	  1,79963e-01	 -4,31209e-02
2570	  5,1380000000e+03	  1,79866e-01	 -4,43267e-02
2571	  5,1400000000e+03	  1,77328e-01	 -4,71904e-02
2572	  5,1420000000e+03	  1,80088e-01	 -5,09069e-02
2573	  5,1440000000e+03	  1,80906e-01	 -5,41325e-02
2574	  5,1460000000e+03	  1,76376e-01	 -5,60138e-02
2575	  5,1480000000e+03	  1,73551e-01	 -5,76869e-02
2576	  5,1500000000e+03	  1,74347e-01	 -6,01264e-02
2577	  5,1520000000e+03	  1,75613e-01	 -6,35183e-02
2578	  5,1540000000e+03	  1,71364e-01	 -6,42962e-02
2579	  5,1560000000e+03	  1,70999e-01	 -6,56293e-02
2580	  5,1580000000e+03	  1,72579e-01	 -6,69194e-02
2581	  5,1600000000e+03	  1,72513e-01	 -7,04429e-02
2582	  5,1620000000e+03	  1,73959e-01	 -7,45427e-02
2583	  5,1640000000e+03	  1,72482e-01	 -7,54258e-02
2584	  5,1660000000e+03	  1,70482e-01	 -7,79523e-02
2585	  5,1680000000e+03	  1,68023e-01	 -7,74734e-02
2586	  5,1700000000e+03	  1,67047e-01	 -8,19529e-02
2587	  5,1720000000e+03	  1,66455e-01	 -8,46008e-02
2588	  5,1740000000e+03	  1,65343e-01	 -8,52197e-02
2589	  5,1760000000e+03	  1,67126e-01	 -8,82614e-02
2590	  5,1780000000e+03	  1,64535e-01	 -9,00095e-02
2591	  5,1800000000e+03	  1,64768e-01	 -9,24391e-02
2592	  5,1820000000e+03	  1,64583e-01	 -9,35014e-02
2593	  5,1840000000e+03	  1,63359e-01	 -9,78735e-02
2594	  5,1860000000e+03	  1,61252e-01	 -9,93979e-02
2595	  5,1880000000e+03	  1,61152e-01	 -1,01365e-01
2596	  5,1900000000e+03	  1,60020e-01	 -1,02857e-01
2597	  5,1920000000e+03	  1,60294e-01	 -1,06061e-01
2598	  5,1940000000e+03	  1,58433e-01	 -1,09764e-01
2599	  5,1960000000e+03	  1,54478e-01	 -1,11344e-01
2600	  5,1980000000e+03	  1,53289e-01	 -1,13732e-01
2601	  5,2000000000e+03	  1,51774e-01	 -1,18192e-01
2602	  5,2020000000e+03	  1,50458e-01	 -1,19031e-01
2603	  5,2040000000e+03	  1,49410e-01	 -1,19740e-01
2604	  5,2060000000e+03	  1,47828e-01	 -1,21090e-01
2605	  5,2080000000e+03	  1,46708e-01	 -1,24297e-01
2606	  5,2100000000e+03	  1,45317e-01	 -1,28323e-01
2607	  5,2120000000e+03	  1,42204e-01	 -1,31255e-01
2608	  5,2140000000e+03	  1,42285e-01	 -1,34548e-01
2609	  5,2160000000e+03	  1,40401e-01	 -1,34930e-01
2610	  5,2180000000e+03	  1,37229e-01	 -1,37187e-01
2611	  5,2200000000e+03	  1,32537e-01	 -1,40262e-01
2612	  5,2220000000e+03	  1,31288e-01	 -1,41664e-01
2613	  5,2240000000e+03	  1,29489e-01	 -1,44803e-01
2614	  5,2260000000e+03	  1,26121e-01	 -1,47964e-01
2615	  5,2280000000e+03	  1,24074e-01	 -1,48643e-01
2616	  5,2300000000e+03	  1,20068e-01	 -1,50383e-01
2617	  5,2320000000e+03	  1,15908e-01	 -1,49584e-01
2618	  5,2340000000e+03	  1,13903e-01	 -1,51696e-01
2619	  5,2360000000e+03	  1,15544e-01	 -1,55165e-01
2620	  5,2380000000e+03	  1,13809e-01	 -1,54286e-01
2621	  5,2400000000e+03	  1,08705e-01	 -1,55363e-01
2622	  5,2420000000e+03	  1,05258e-01	 -1,56996e-01
2623	  5,2440000000e+03	  1,05343e-01	 -1,58489e-01
2624	  5,2460000000e+03	  1,01735e-01	 -1,59756e-01
2625	  5,2480000000e+03	  9,57949e-02	 -1,61390e-01
2626	  5,2500000000e+03	  9,57783e-02	 -1,63812e-01
2627	  5,2520000000e+03	  9,30614e-02	 -1,62772e-01
2628	  5,2540000000e+03	  9,04658e-02	 -1,63481e-01
2629	  5,2560000000e+03	  8,69707e-02	 -1,63389e-01
2630	  5,2580000000e+03	  8,48849e-02	 -1,67571e-01
2631	  5,2600000000e+03	  8,32305e-02	 -1,68010e-01
2632	  5,2620000000e+03	  7,98705e-02	 -1,67234e-01
2633	  5,2640000000e+03	  7,84548e-02	 -1,67890e-01
2634	  5,2660000000e+03	  7,59388e-02	 -1,68093e-01
2635	  5,2680000000e+03	  7,51889e-02	 -1,67633e-01
2636	  5,2700000000e+03	  7,14478e-02	 -1,67608e-01
2637	  5,2720000000e+03	  6,87845e-02	 -1,69635e-01
2638	  5,2740000000e+03	  6,74415e-02	 -1,70218e-01
2639	  5,2760000000e+03	  6,29465e-02	 -1,69157e-01
2640	  5,2780000000e+03	  6,12554e-02	 -1,70355e-01
2641	  5,2800000000e+03	  5,99971e-02	 -1,72291e-01
2642	  5,2820000000e+03	  6,11719e-02	 -1,70971e-01
2643	  5,2840000000e+03	  5,67666e-02	 -1,70623e-01
2644	  5,2860000000e+03	  5,33694e-02	 -1,73892e-01
2645	  5,2880000000e+03	  5,08785e-02	 -1,76647e-01
2646	  5,2900000000e+03	  5,05185e-02	 -1,74181e-01
2647	  5,2920000000e+03	  4,81088e-02	 -1,75338e-01
2648	  5,2940000000e+03	  4,45148e-02	 -1,77739e-01
2649	  5,2960000000e+03	  4,33327e-02	 -1,78505e-01
2650	  5,2980000000e+03	  3,98513e-02	 -1,76646e-01
2651	  5,3000000000e+03	  3,78778e-02	 -1,78515e-01
2652	  5,3020000000e+03	  3,69756e-02	 -1,78004e-01
2653	  5,3040000000e+03	  3,43072e-02	 -1,79356e-01
2654	  5,3060000000e+03	  3,24608e-02	 -1,77649e-01
2655	  5,3080000000e+03	  3,22302e-02	 -1,76737e-01
2656	  5,3100000000e+03	  2,89521e-02	 -1,74818e-01
2657	  5,3120000000e+03	  2,47910e-02	 -1,78605e-01
2658	  5,3140000000e+03	  2,06241e-02	 -1,83107e-01
2659	  5,3160000000e+03	  2,04428e-02	 -1,81350e-01
2660	  5,3180000000e+03	  1,92376e-02	 -1,78460e-01
2661	  5,3200000000e+03	  1,64039e-02	 -1,78627e-01
2662	  5,3220000000e+03	  1,15048e-02	 -1,80028e-01
2663	  5,3240000000e+03	  1,00387e-02	 -1,76868e-01
2664	  5,3260000000e+03	  7,85147e-03	 -1,78810e-01
2665	  5,3280000000e+03	  5,81803e-03	 -1,79865e-01
2666	  5,3300000000e+03	  4,94363e-03	 -1,79741e-01
2667	  5,3320000000e+03	  4,29490e-05	 -1,78182e-01
2668	  5,3340000000e+03	 -1,70705e-03	 -1,76166e-01
2669	  5,3360000000e+03	 -5,65960e-03	 -1,79481e-01
2670	  5,3380000000e+03	 -9,00788e-03	 -1,82049e-01
2671	  5,3400000000e+03	 -9,14762e-03	 -1,78465e-01
2672	  5,3420000000e+03	 -1,13176e-02	 -1,79939e-01
2673	  5,3440000000e+03	 -1,60649e-02	 -1,80146e-01
2674	  5,3460000000e+03	 -1,65538e-02	 -1,77489e-01
2675	  5,3480000000e+03	 -1,70952e-02	 -1,76951e-01
2676	  5,3500000000e+03	 -2,06681e-02	 -1,77112e-01
2677	  5,3520000000e+03	 -2,22221e-02	 -1,75818e-01
2678	  5,3540000000e+03	 -2,41283e-02	 -1,75071e-01
2679	  5,3560000000e+03	 -2,66809e-02	 -1,73242e-01
2680	  5,3580000000e+03	 -3,02037e-02	 -1,70886e-01
2681	  5,3600000000e+03	 -3,66040e-02	 -1,68701e-01
2682	  5,3620000000e+03	 -4,01462e-02	 -1,68474e-01
2683	  5,3640000000e+03	 -3,90379e-02	 -1,68963e-01
2684	  5,3660000000e+03	 -3,97632e-02	 -1,68734e-01
2685	  5,3680000000e+03	 -4,22341e-02	 -1,68291e-01
2686	  5,3700000000e+03	 -4,42120e-02	 -1,65506e-01
2687	  5,3720000000e+03	 -4,51587e-02	 -1,64723e-01
2688	  5,3740000000e+03	 -4,97631e-02	 -1,65744e-01
2689	  5,3760000000e+03	 -5,47200e-02	 -1,61997e-01
2690	  5,3780000000e+03	 -5,54546e-02	 -1,63212e-01
2691	  5,3800000000e+03	 -5,59312e-02	 -1,62406e-01
2692	  5,3820000000e+03	 -5,76539e-02	 -1,59172e-01
2693	  5,3840000000e+03	 -5,78001e-02	 -1,56271e-01
2694	  5,3860000000e+03	 -5,84448e-02	 -1,54963e-01
2695	  5,3880000000e+03	 -6,02768e-02	 -1,55521e-01
2696	  5,3900000000e+03	 -6,15684e-02	 -1,54216e-01
2697	  5,3920000000e+03	 -6,61438e-02	 -1,50923e-01
2698	  5,3940000000e+03	 -6,66433e-02	 -1,49696e-01
2699	  5,3960000000e+03	 -6,64267e-02	 -1,49587e-01
2700	  5,3980000000e+03	 -6,85000e-02	 -1,48582e-01
2701	  5,4000000000e+03	 -6,89125e-02	 -1,48057e-01
2702	  5,4020000000e+03	 -7,07112e-02	 -1,47188e-01
2703	  5,4040000000e+03	 -7,48993e-02	 -1,44204e-01
2704	  5,4060000000e+03	 -7,57093e-02	 -1,44182e-01
2705	  5,4080000000e+03	 -7,61248e-02	 -1,46244e-01
2706	  5,4100000000e+03	 -7,67294e-02	 -1,46836e-01
2707	  5,4120000000e+03	 -7,61735e-02	 -1,46193e-01
2708	  5,4140000000e+03	 -7,70415e-02	 -1,44609e-01
2709	  5,4160000000e+03	 -8,05055e-02	 -1,42956e-01
2710	  5,4180000000e+03	 -8,25710e-02	 -1,43019e-01
2711	  5,4200000000e+03	 -8,36928e-02	 -1,40242e-01
2712	  5,4220000000e+03	 -8,46202e-02	 -1,38285e-01
2713	  5,4240000000e+03	 -8,94114e-02	 -1,40997e-01
2714	  5,4260000000e+03	 -9,48849e-02	 -1,38226e-01
2715	  5,4280000000e+03	 -9,70409e-02	 -1,34500e-01
2716	  5,4300000000e+03	 -9,60120e-02	 -1,34201e-01
2717	  5,4320000000e+03	 -9,63843e-02	 -1,33486e-01
2718	  5,4340000000e+03	 -1,02178e-01	 -1,32624e-01
2719	  5,4360000000e+03	 -1,05263e-01	 -1,29210e-01
2720	  5,4380000000e+03	 -1,05558e-01	 -1,26641e-01
2721	  5,4400000000e+03	 -1,05278e-01	 -1,29120e-01
2722	  5,4420000000e+03	 -1,07043e-01	 -1,26972e-01
2723	  5,4440000000e+03	 -1,10966e-01	 -1,23278e-01
2724	  5,4460000000e+03	 -1,10818e-01	 -1,21375e-01
2725	  5,4480000000e+03	 -1,08699e-01	 -1,22227e-01
2726	  5,4500000000e+03	 -1,11083e-01	 -1,21223e-01
2727	  5,4520000000e+03	 -1,15206e-01	 -1,17076e-01
2728	  5,4540000000e+03	 -1,17868e-01	 -1,17881e-01
2729	  5,4560000000e+03	 -1,17407e-01	 -1,16867e-01
2730	  5,4580000000e+03	 -1,18328e-01	 -1,13324e-01
2731	  5,4600000000e+03	 -1,19848e-01	 -1,12111e-01
2732	  5,4620000000e+03	 -1,22101e-01	 -1,06989e-01
2733	  5,4640000000e+03	 -1,24878e-01	 -1,03684e-01
2734	  5,4660000000e+03	 -1,23892e-01	 -1,04002e-01
2735	  5,4680000000e+03	 -1,24367e-01	 -1,00909e-01
2736	  5,4700000000e+03	 -1,25685e-01	 -9,85109e-02
2737	  5,4720000000e+03	 -1,26693e-01	 -9,72547e-02
2738	  5,4740000000e+03	 -1,27165e-01	 -9,42642e-02
2739	  5,4760000000e+03	 -1,28787e-01	 -9,23510e-02
2740	  5,4780000000e+03	 -1,29384e-01	 -8,98792e-02
2741	  5,4800000000e+03	 -1,31197e-01	 -8,77268e-02
2742	  5,4820000000e+03	 -1,31953e-01	 -8,69188e-02
2743	  5,4840000000e+03	 -1,32745e-01	 -8,49978e-02
2744	  5,4860000000e+03	 -1,31525e-01	 -8,24149e-02
2745	  5,4880000000e+03	 -1,32267e-01	 -8,05917e-02
2746	  5,4900000000e+03	 -1,35698e-01	 -7,82339e-02
2747	  5,4920000000e+03	 -1,35437e-01	 -7,46548e-02
2748	  5,4940000000e+03	 -1,34151e-01	 -7,25998e-02
2749	  5,4960000000e+03	 -1,36796e-01	 -6,94338e-02
2750	  5,4980000000e+03	 -1,36265e-01	 -6,75794e-02
2751	  5,5000000000e+03	 -1,33395e-01	 -6,17015e-02
2752	  5,5020000000e+03	 -1,31877e-01	 -6,02115e-02
2753	  5,5040000000e+03	 -1,35585e-01	 -5,94296e-02
2754	  5,5060000000e+03	 -1,36411e-01	 -5,78710e-02
2755	  5,5080000000e+03	 -1,35046e-01	 -5,65423e-02
2756	  5,5100000000e+03	 -1,33686e-01	 -5,51832e-02
2757	  5,5120000000e+03	 -1,32657e-01	 -5,45541e-02
2758	  5,5140000000e+03	 -1,32373e-01	 -5,34778e-02
2759	  5,5160000000e+03	 -1,33784e-01	 -5,11869e-02
2760	  5,5180000000e+03	 -1,36135e-01	 -4,85541e-02
2761	  5,5200000000e+03	 -1,35216e-01	 -4,84630e-02
2762	  5,5220000000e+03	 -1,32684e-01	 -4,65116e-02
2763	  5,5240000000e+03	 -1,32796e-01	 -4,59194e-02
2764	  5,5260000000e+03	 -1,34758e-01	 -4,48955e-02
2765	  5,5280000000e+03	 -1,33978e-01	 -4,32603e-02
2766	  5,5300000000e+03	 -1,30571e-01	 -4,37791e-02
2767	  5,5320000000e+03	 -1,31808e-01	 -4,27078e-02
2768	  5,5340000000e+03	 -1,31180e-01	 -4,26970e-02
2769	  5,5360000000e+03	 -1,31802e-01	 -4,09706e-02
2770	  5,5380000000e+03	 -1,32084e-01	 -3,85330e-02
2771	  5,5400000000e+03	 -1,33902e-01	 -3,59965e-02
2772	  5,5420000000e+03	 -1,34927e-01	 -3,48684e-02
2773	  5,5440000000e+03	 -1,35147e-01	 -3,36962e-02
2774	  5,5460000000e+03	 -1,35380e-01	 -3,26904e-02
2775	  5,5480000000e+03	 -1,35733e-01	 -3,13714e-02
2776	  5,5500000000e+03	 -1,37242e-01	 -2,83887e-02
2777	  5,5520000000e+03	 -1,37787e-01	 -2,67676e-02
2778	  5,5540000000e+03	 -1,38425e-01	 -2,35180e-02
2779	  5,5560000000e+03	 -1,41504e-01	 -2,09788e-02
2780	  5,5580000000e+03	 -1,38518e-01	 -1,89007e-02
2781	  5,5600000000e+03	 -1,36131e-01	 -1,69796e-02
2782	  5,5620000000e+03	 -1,36359e-01	 -1,58342e-02
2783	  5,5640000000e+03	 -1,36002e-01	 -1,46397e-02
2784	  5,5660000000e+03	 -1,33958e-01	 -1,29368e-02
2785	  5,5680000000e+03	 -1,34114e-01	 -1,03640e-02
2786	  5,5700000000e+03	 -1,33699e-01	 -9,62145e-03
2787	  5,5720000000e+03	 -1,33079e-01	 -5,92122e-03
2788	  5,5740000000e+03	 -1,32397e-01	 -2,89321e-03
2789	  5,5760000000e+03	 -1,31447e-01	 -3,91573e-03
2790	  5,5780000000e+03	 -1,32887e-01	 -4,61454e-03
2791	  5,5800000000e+03	 -1,32862e-01	 -2,87584e-03
2792	  5,5820000000e+03	 -1,33481e-01	 -2,91944e-03
2793	  5,5840000000e+03	 -1,32913e-01	 -1,35088e-03
2794	  5,5860000000e+03	 -1,31986e-01	  2,43332e-03
2795	  5,5880000000e+03	 -1,29556e-01	  2,68192e-03
2796	  5,5900000000e+03	 -1,26839e-01	  1,79387e-03
2797	  5,5920000000e+03	 -1,26530e-01	  3,47965e-03
2798	  5,5940000000e+03	 -1,26834e-01	  2,93572e-03
2799	  5,5960000000e+03	 -1,25629e-01	  4,78138e-03
2800	  5,5980000000e+03	 -1,25114e-01	  8,90677e-03
2801	  5,6000000000e+03	 -1,25576e-01	  1,14326e-02
2802	  5,6020000000e+03	 -1,23750e-01	  8,01287e-03
2803	  5,6040000000e+03	 -1,25258e-01	  6,95862e-03
2804	  5,6060000000e+03	 -1,27869e-01	  9,46772e-03
2805	  5,6080000000e+03	 -1,26488e-01	  1,26217e-02
2806	  5,6100000000e+03	 -1,25959e-01	  1,55861e-02
2807	  5,6120000000e+03	 -1,22988e-01	  1,54146e-02
2808	  5,6140000000e+03	 -1,22450e-01	  1,53277e-02
2809	  5,6160000000e+03	 -1,23992e-01	  1,68315e-02
2810	  5,6180000000e+03	 -1,25160e-01	  1,97348e-02
2811	  5,6200000000e+03	 -1,23003e-01	  2,08576e-02
2812	  5,6220000000e+03	 -1,24937e-01	  1,97700e-02
2813	  5,6240000000e+03	 -1,25057e-01	  2,01000e-02
2814	  5,6260000000e+03	 -1,23079e-01	  2,33330e-02
2815	  5,6280000000e+03	 -1,22807e-01	  2,65480e-02
2816	  5,6300000000e+03	 -1,21806e-01	  2,72586e-02
2817	  5,6320000000e+03	 -1,21532e-01	  2,70562e-02
2818	  5,6340000000e+03	 -1,22764e-01	  2,66232e-02
2819	  5,6360000000e+03	 -1,21542e-01	  2,86687e-02
2820	  5,6380000000e+03	 -1,20208e-01	  3,02525e-02
2821	  5,6400000000e+03	 -1,21037e-01	  2,92697e-02
2822	  5,6420000000e+03	 -1,20404e-01	  3,10540e-02
2823	  5,6440000000e+03	 -1,19337e-01	  3,33259e-02
2824	  5,6460000000e+03	 -1,18096e-01	  3,31300e-02
2825	  5,6480000000e+03	 -1,17660e-01	  3,38992e-02
2826	  5,6500000000e+03	 -1,19254e-01	  3,37587e-02
2827	  5,6520000000e+03	 -1,18612e-01	  3,39480e-02
2828	  5,6540000000e+03	 -1,17842e-01	  3,66678e-02
2829	  5,6560000000e+03	 -1,17055e-01	  3,82689e-02
2830	  5,6580000000e+03	 -1,17737e-01	  4,18177e-02
2831	  5,6600000000e+03	 -1,19609e-01	  4,52093e-02
2832	  5,6620000000e+03	 -1,17670e-01	  4,57431e-02
2833	  5,6640000000e+03	 -1,16672e-01	  4,90672e-02
2834	  5,6660000000e+03	 -1,17764e-01	  4,82131e-02
2835	  5,6680000000e+03	 -1,18918e-01	  4,93012e-02
2836	  5,6700000000e+03	 -1,19012e-01	  4,85735e-02
2837	  5,6720000000e+03	 -1,16548e-01	  4,99850e-02
2838	  5,6740000000e+03	 -1,14805e-01	  5,19733e-02
2839	  5,6760000000e+03	 -1,12506e-01	  5,49113e-02
2840	  5,6780000000e+03	 -1,11656e-01	  5,68349e-02
2841	  5,6800000000e+03	 -1,11694e-01	  5,85308e-02
2842	  5,6820000000e+03	 -1,10931e-01	  6,26131e-02
2843	  5,6840000000e+03	 -1,10414e-01	  6,40361e-02
2844	  5,6860000000e+03	 -1,09966e-01	  6,28253e-02
2845	  5,6880000000e+03	 -1,10379e-01	  6,44283e-02
2846	  5,6900000000e+03	 -1,09628e-01	  6,49257e-02
2847	  5,6920000000e+03	 -1,07209e-01	  6,50264e-02
2848	  5,6940000000e+03	 -1,06809e-01	  6,72841e-02
2849	  5,6960000000e+03	 -1,06670e-01	  6,89251e-02
2850	  5,6980000000e+03	 -1,02550e-01	  7,19363e-02
2851	  5,7000000000e+03	 -9,79426e-02	  7,25890e-02
2852	  5,7020000000e+03	 -9,82316e-02	  7,33924e-02
2853	  5,7040000000e+03	 -9,86624e-02	  7,52516e-02
2854	  5,7060000000e+03	 -9,89862e-02	  7,74817e-02
2855	  5,7080000000e+03	 -9,73644e-02	  7,87903e-02
2856	  5,7100000000e+03	 -9,18470e-02	  7,76470e-02
2857	  5,7120000000e+03	 -8,95481e-02	  8,05938e-02
2858	  5,7140000000e+03	 -8,97925e-02	  8,16004e-02
2859	  5,7160000000e+03	 -8,91224e-02	  8,00885e-02
2860	  5,7180000000e+03	 -8,81955e-02	  7,77833e-02
2861	  5,7200000000e+03	 -8,67973e-02	  7,88242e-02
2862	  5,7220000000e+03	 -8,64695e-02	  8,05082e-02
2863	  5,7240000000e+03	 -8,54951e-02	  8,00034e-02
2864	  5,7260000000e+03	 -8,36820e-02	  8,00981e-02
2865	  5,7280000000e+03	 -8,36092e-02	  7,98287e-02
2866	  5,7300000000e+03	 -8,17309e-02	  7,98962e-02
2867	  5,7320000000e+03	 -7,77129e-02	  7,95299e-02
2868	  5,7340000000e+03	 -7,47637e-02	  8,12559e-02
2869	  5,7360000000e+03	 -7,42034e-02	  8,34246e-02
2870	  5,7380000000e+03	 -7,68882e-02	  8,28585e-02
2871	  5,7400000000e+03	 -7,54470e-02	  8,27123e-02
2872	  5,7420000000e+03	 -7,51470e-02	  8,21024e-02
2873	  5,7440000000e+03	 -7,56720e-02	  8,32398e-02
2874	  5,7460000000e+03	 -7,28204e-02	  8,41497e-02
2875	  5,7480000000e+03	 -7,09930e-02	  8,43670e-02
2876	  5,7500000000e+03	 -7,08378e-02	  8,40624e-02
2877	  5,7520000000e+03	 -7,03523e-02	  8,50347e-02
2878	  5,7540000000e+03	 -7,11604e-02	  8,66809e-02
2879	  5,7560000000e+03	 -6,79128e-02	  8,62708e-02
2880	  5,7580000000e+03	 -6,64794e-02	  8,46840e-02
2881	  5,7600000000e+03	 -6,69059e-02	  8,48379e-02
2882	  5,7620000000e+03	 -6,54459e-02	  8,54844e-02
2883	  5,7640000000e+03	 -6,48624e-02	  8,53131e-02
2884	  5,7660000000e+03	 -6,40417e-02	  8,96943e-02
2885	  5,7680000000e+03	 -6,32182e-02	  8,90800e-02
2886	  5,7700000000e+03	 -6,12157e-02	  8,73837e-02
2887	  5,7720000000e+03	 -5,84155e-02	  8,89943e-02
2888	  5,7740000000e+03	 -5,73350e-02	  8,83362e-02
2889	  5,7760000000e+03	 -5,97280e-02	  8,95537e-02
2890	  5,7780000000e+03	 -6,20165e-02	  9,08469e-02
2891	  5,7800000000e+03	 -5,88030e-02	  9,05254e-02
2892	  5,7820000000e+03	 -5,79460e-02	  9,13747e-02
2893	  5,7840000000e+03	 -5,59473e-02	  9,11969e-02
2894	  5,7860000000e+03	 -5,62730e-02	  8,85095e-02
2895	  5,7880000000e+03	 -5,67077e-02	  8,88699e-02
2896	  5,7900000000e+03	 -5,45862e-02	  8,90772e-02
2897	  5,7920000000e+03	 -4,99076e-02	  8,89309e-02
2898	  5,7940000000e+03	 -5,01553e-02	  9,12015e-02
2899	  5,7960000000e+03	 -5,25895e-02	  9,13173e-02
2900	  5,7980000000e+03	 -5,17699e-02	  9,11964e-02
2901	  5,8000000000e+03	 -4,91333e-02	  9,19003e-02
2902	  5,8020000000e+03	 -4,90015e-02	  9,24278e-02
2903	  5,8040000000e+03	 -4,56473e-02	  8,96752e-02
2904	  5,8060000000e+03	 -4,46663e-02	  9,13755e-02
2905	  5,8080000000e+03	 -4,67988e-02	  8,91881e-02
2906	  5,8100000000e+03	 -4,75314e-02	  8,81647e-02
2907	  5,8120000000e+03	 -4,79813e-02	  8,87704e-02
2908	  5,8140000000e+03	 -4,73564e-02	  9,28126e-02
2909	  5,8160000000e+03	 -4,61814e-02	  9,13144e-02
2910	  5,8180000000e+03	 -4,77887e-02	  8,88548e-02
2911	  5,8200000000e+03	 -4,65712e-02	  9,10008e-02
2912	  5,8220000000e+03	 -4,43027e-02	  9,34599e-02
2913	  5,8240000000e+03	 -4,35104e-02	  9,39067e-02
2914	  5,8260000000e+03	 -4,24978e-02	  9,20140e-02
2915	  5,8280000000e+03	 -4,12015e-02	  9,48764e-02
2916	  5,8300000000e+03	 -4,20224e-02	  9,61251e-02
2917	  5,8320000000e+03	 -4,13179e-02	  9,55908e-02
2918	  5,8340000000e+03	 -4,08346e-02	  9,58896e-02
2919	  5,8360000000e+03	 -3,98974e-02	  9,68789e-02
2920	  5,8380000000e+03	 -4,14442e-02	  9,78252e-02
2921	  5,8400000000e+03	 -3,87813e-02	  1,00524e-01
2922	  5,8420000000e+03	 -3,76301e-02	  1,00832e-01
2923	  5,8440000000e+03	 -3,53107e-02	  9,95315e-02
2924	  5,8460000000e+03	 -3,59304e-02	  9,99687e-02
2925	  5,8480000000e+03	 -3,46575e-02	  1,00915e-01
2926	  5,8500000000e+03	 -3,35467e-02	  1,00922e-01
2927	  5,8520000000e+03	 -3,50358e-02	  1,02797e-01
2928	  5,8540000000e+03	 -3,42419e-02	  1,03406e-01
2929	  5,8560000000e+03	 -3,34440e-02	  1,02146e-01
2930	  5,8580000000e+03	 -3,05499e-02	  1,02715e-01
2931	  5,8600000000e+03	 -2,98676e-02	  1,05050e-01
2932	  5,8620000000e+03	 -2,91110e-02	  1,04250e-01
2933	  5,8640000000e+03	 -2,64072e-02	  1,05012e-01
2934	  5,8660000000e+03	 -2,70091e-02	  1,07003e-01
2935	  5,8680000000e+03	 -2,68786e-02	  1,04813e-01
2936	  5,8700000000e+03	 -2,55019e-02	  1,04709e-01
2937	  5,8720000000e+03	 -2,42019e-02	  1,07347e-01
2938	  5,8740000000e+03	 -2,30393e-02	  1,08210e-01
2939	  5,8760000000e+03	 -1,96975e-02	  1,08766e-01
2940	  5,8780000000e+03	 -2,03251e-02	  1,07770e-01
2941	  5,8800000000e+03	 -2,25696e-02	  1,05768e-01
2942	  5,8820000000e+03	 -2,21368e-02	  1,06828e-01
2943	  5,8840000000e+03	 -1,92931e-02	  1,07976e-01
2944	  5,8860000000e+03	 -1,96012e-02	  1,09778e-01
2945	  5,8880000000e+03	 -1,90564e-02	  1,09686e-01
2946	  5,8900000000e+03	 -1,74947e-02	  1,08982e-01
2947	  5,8920000000e+03	 -1,64921e-02	  1,09135e-01
2948	  5,8940000000e+03	 -1,48647e-02	  1,09478e-01
2949	  5,8960000000e+03	 -1,14211e-02	  1,13022e-01
2950	  5,8980000000e+03	 -1,29180e-02	  1,14984e-01
2951	  5,9000000000e+03	 -1,30175e-02	  1,13305e-01
2952	  5,9020000000e+03	 -1,04654e-02	  1,12780e-01
2953	  5,9040000000e+03	 -9,23829e-03	  1,13773e-01
2954	  5,9060000000e+03	 -8,02764e-03	  1,12575e-01
2955	  5,9080000000e+03	 -7,55699e-03	  1,12455e-01
2956	  5,9100000000e+03	 -3,55730e-03	  1,15283e-01
2957	  5,9120000000e+03	 -2,54239e-03	  1,15694e-01
2958	  5,9140000000e+03	  4,93309e-04	  1,12726e-01
2959	  5,9160000000e+03	  1,81974e-03	  1,13186e-01
2960	  5,9180000000e+03	  1,16539e-03	  1,12249e-01
2961	  5,9200000000e+03	  2,50995e-03	  1,14388e-01
2962	  5,9220000000e+03	  4,52456e-03	  1,15694e-01
2963	  5,9240000000e+03	  4,25977e-03	  1,14802e-01
2964	  5,9260000000e+03	  2,90562e-03	  1,13560e-01
2965	  5,9280000000e+03	  5,44069e-03	  1,13975e-01
2966	  5,9300000000e+03	  9,54675e-03	  1,13426e-01
2967	  5,9320000000e+03	  1,02908e-02	  1,13854e-01
2968	  5,9340000000e+03	  1,14090e-02	  1,15559e-01
2969	  5,9360000000e+03	  1,21295e-02	  1,14081e-01
2970	  5,9380000000e+03	  1,41696e-02	  1,13957e-01
2971	  5,9400000000e+03	  1,24950e-02	  1,15827e-01
2972	  5,9420000000e+03	  1,33348e-02	  1,17520e-01
2973	  5,9440000000e+03	  1,47895e-02	  1,15316e-01
2974	  5,9460000000e+03	  1,73420e-02	  1,13145e-01
2975	  5,9480000000e+03	  1,77312e-02	  1,14704e-01
2976	  5,9500000000e+03	  1,79187e-02	  1,13201e-01
2977	  5,9520000000e+03	  1,95615e-02	  1,11190e-01
2978	  5,9540000000e+03	  2,05589e-02	  1,13980e-01
2979	  5,9560000000e+03	  2,24934e-02	  1,13591e-01
2980	  5,9580000000e+03	  2,33524e-02	  1,14029e-01
2981	  5,9600000000e+03	  2,46502e-02	  1,14031e-01
2982	  5,9620000000e+03	  2,80693e-02	  1,12982e-01
2983	  5,9640000000e+03	  2,96388e-02	  1,14108e-01
2984	  5,9660000000e+03	  2,91170e-02	  1,14478e-01
2985	  5,9680000000e+03	  3,16434e-02	  1,14188e-01
2986	  5,9700000000e+03	  3,22793e-02	  1,13926e-01
2987	  5,9720000000e+03	  3,43666e-02	  1,12817e-01
2988	  5,9740000000e+03	  3,46954e-02	  1,11409e-01
2989	  5,9760000000e+03	  3,52490e-02	  1,12032e-01
2990	  5,9780000000e+03	  3,76577e-02	  1,12293e-01
2991	  5,9800000000e+03	  4,05170e-02	  1,11786e-01
2992	  5,9820000000e+03	  4,08556e-02	  1,11170e-01
2993	  5,9840000000e+03	  3,89338e-02	  1,13155e-01
2994	  5,9860000000e+03	  4,18698e-02	  1,09772e-01
2995	  5,9880000000e+03	  4,37526e-02	  1,09837e-01
2996	  5,9900000000e+03	  4,39565e-02	  1,09381e-01
2997	  5,9920000000e+03	  4,35426e-02	  1,07035e-01
2998	  5,9940000000e+03	  4,41188e-02	  1,05978e-01
2999	  5,9960000000e+03	  4,65493e-02	  1,07904e-01
3000	  5,9980000000e+03	  4,73780e-02	  1,06243e-01
3001	  6,0000000000e+03	  4,50315e-02	  1,04877e-01
3002	  6,0020000000e+03	  4,90308e-02	  1,06263e-01
3003	  6,0040000000e+03	  5,08911e-02	  1,04229e-01
3004	  6,0060000000e+03	  4,97339e-02	  1,04580e-01
3005	  6,0080000000e+03	  5,13117e-02	  1,05256e-01
3006	  6,0100000000e+03	  5,35490e-02	  1,06364e-01
3007	  6,0120000000e+03	  5,42734e-02	  1,05897e-01
3008	  6,0140000000e+03	  5,50232e-02	  1,04302e-01
3009	  6,0160000000e+03	  5,40144e-02	  1,04989e-01
3010	  6,0180000000e+03	  5,64109e-02	  1,06113e-01
3011	  6,0200000000e+03	  5,77877e-02	  1,06463e-01
3012	  6,0220000000e+03	  6,06547e-02	  1,07133e-01
3013	  6,0240000000e+03	  5,96983e-02	  1,06839e-01
3014	  6,0260000000e+03	  6,18324e-02	  1,07579e-01
3015	  6,0280000000e+03	  6,30764e-02	  1,05306e-01
3016	  6,0300000000e+03	  6,16579e-02	  1,03145e-01
3017	  6,0320000000e+03	  6,49761e-02	  1,03815e-01
3018	  6,0340000000e+03	  6,67289e-02	  1,03215e-01
3019	  6,0360000000e+03	  6,86126e-02	  1,04869e-01
3020	  6,0380000000e+03	  7,07025e-02	  1,04266e-01
3021	  6,0400000000e+03	  7,16355e-02	  1,02093e-01
3022	  6,0420000000e+03	  7,34863e-02	  9,99224e-02
3023	  6,0440000000e+03	  7,53501e-02	  1,01076e-01
3024	  6,0460000000e+03	  7,52412e-02	  1,00022e-01
3025	  6,0480000000e+03	  7,75279e-02	  1,00052e-01
3026	  6,0500000000e+03	  7,95895e-02	  9,95379e-02
3027	  6,0520000000e+03	  8,05730e-02	  1,00033e-01
3028	  6,0540000000e+03	  8,13865e-02	  9,95817e-02
3029	  6,0560000000e+03	  8,17403e-02	  9,88049e-02
3030	  6,0580000000e+03	  8,47148e-02	  9,90680e-02
3031	  6,0600000000e+03	  8,51232e-02	  9,71452e-02
3032	  6,0620000000e+03	  8,40560e-02	  9,63764e-02
3033	  6,0640000000e+03	  8,65866e-02	  9,58063e-02
3034	  6,0660000000e+03	  9,03133e-02	  9,29152e-02
3035	  6,0680000000e+03	  9,11755e-02	  8,98778e-02
3036	  6,0700000000e+03	  9,15218e-02	  8,89488e-02
3037	  6,0720000000e+03	  9,16551e-02	  9,05662e-02
3038	  6,0740000000e+03	  9,32006e-02	  8,95677e-02
3039	  6,0760000000e+03	  9,53270e-02	  8,91808e-02
3040	  6,0780000000e+03	  9,70040e-02	  8,66108e-02
3041	  6,0800000000e+03	  9,93201e-02	  8,62998e-02
3042	  6,0820000000e+03	  9,94395e-02	  8,62882e-02
3043	  6,0840000000e+03	  1,00753e-01	  8,45656e-02
3044	  6,0860000000e+03	  1,00929e-01	  8,36480e-02
3045	  6,0880000000e+03	  1,03163e-01	  8,20647e-02
3046	  6,0900000000e+03	  1,01683e-01	  8,14940e-02
3047	  6,0920000000e+03	  1,02889e-01	  8,05812e-02
3048	  6,0940000000e+03	  1,07900e-01	  7,74390e-02
3049	  6,0960000000e+03	  1,07518e-01	  7,50457e-02
3050	  6,0980000000e+03	  1,08410e-01	  7,62482e-02
3051	  6,1000000000e+03	  1,08447e-01	  7,58777e-02
3052	  6,1020000000e+03	  1,07582e-01	  7,45880e-02
3053	  6,1040000000e+03	  1,10965e-01	  7,59827e-02
3054	  6,1060000000e+03	  1,15247e-01	  7,12711e-02
3055	  6,1080000000e+03	  1,14235e-01	  6,84278e-02
3056	  6,1100000000e+03	  1,12998e-01	  6,92701e-02
3057	  6,1120000000e+03	  1,15493e-01	  6,85325e-02
3058	  6,1140000000e+03	  1,19091e-01	  6,83604e-02
3059	  6,1160000000e+03	  1,18876e-01	  6,56761e-02
3060	  6,1180000000e+03	  1,21122e-01	  6,58554e-02
3061	  6,1200000000e+03	  1,20981e-01	  6,53817e-02
3062	  6,1220000000e+03	  1,20863e-01	  6,55472e-02
3063	  6,1240000000e+03	  1,23029e-01	  6,22179e-02
3064	  6,1260000000e+03	  1,23145e-01	  5,71476e-02
3065	  6,1280000000e+03	  1,22005e-01	  5,81213e-02
3066	  6,1300000000e+03	  1,24053e-01	  5,76443e-02
3067	  6,1320000000e+03	  1,23964e-01	  5,38054e-02
3068	  6,1340000000e+03	  1,23217e-01	  5,30644e-02
3069	  6,1360000000e+03	  1,27135e-01	  5,28893e-02
3070	  6,1380000000e+03	  1,27811e-01	  5,15597e-02
3071	  6,1400000000e+03	  1,28584e-01	  5,27530e-02
3072	  6,1420000000e+03	  1,27503e-01	  5,18389e-02
3073	  6,1440000000e+03	  1,27141e-01	  4,89023e-02
3074	  6,1460000000e+03	  1,28560e-01	  4,66764e-02
3075	  6,1480000000e+03	  1,28675e-01	  4,53338e-02
3076	  6,1500000000e+03	  1,30366e-01	  4,42794e-02
3077	  6,1520000000e+03	  1,30686e-01	  4,42813e-02
3078	  6,1540000000e+03	  1,33195e-01	  4,39152e-02
3079	  6,1560000000e+03	  1,33504e-01	  4,03919e-02
3080	  6,1580000000e+03	  1,33353e-01	  3,98084e-02
3081	  6,1600000000e+03	  1,35426e-01	  3,61314e-02
3082	  6,1620000000e+03	  1,36200e-01	  3,34170e-02
3083	  6,1640000000e+03	  1,39664e-01	  3,26702e-02
3084	  6,1660000000e+03	  1,39199e-01	  3,03330e-02
3085	  6,1680000000e+03	  1,36634e-01	  2,47073e-02
3086	  6,1700000000e+03	  1,37457e-01	  2,26563e-02
3087	  6,1720000000e+03	  1,38526e-01	  2,26577e-02
3088	  6,1740000000e+03	  1,39780e-01	  2,25017e-02
3089	  6,1760000000e+03	  1,39786e-01	  2,12372e-02
3090	  6,1780000000e+03	  1,39384e-01	  1,99488e-02
3091	  6,1800000000e+03	  1,38918e-01	  1,95327e-02
3092	  6,1820000000e+03	  1,39505e-01	  1,91842e-02
3093	  6,1840000000e+03	  1,40453e-01	  1,59866e-02
3094	  6,1860000000e+03	  1,38012e-01	  1,27889e-02
3095	  6,1880000000e+03	  1,37057e-01	  1,38808e-02
3096	  6,1900000000e+03	  1,39459e-01	  1,31106e-02
3097	  6,1920000000e+03	  1,39885e-01	  1,09682e-02
3098	  6,1940000000e+03	  1,39311e-01	  7,77150e-03
3099	  6,1960000000e+03	  1,39137e-01	  6,10648e-03
3100	  6,1980000000e+03	  1,42258e-01	  6,49773e-03
3101	  6,2000000000e+03	  1,43372e-01	  7,70992e-03
3102	  6,2020000000e+03	  1,40944e-01	  4,05649e-03
3103	  6,2040000000e+03	  1,42154e-01	 -6,21609e-05
3104	  6,2060000000e+03	  1,45711e-01	 -1,21605e-03
3105	  6,2080000000e+03	  1,45280e-01	 -3,41929e-03
3106	  6,2100000000e+03	  1,42843e-01	 -2,46643e-03
3107	  6,2120000000e+03	  1,45158e-01	 -3,32480e-03
3108	  6,2140000000e+03	  1,44822e-01	 -5,59174e-03
3109	  6,2160000000e+03	  1,44842e-01	 -9,70006e-03
3110	  6,2180000000e+03	  1,46912e-01	 -1,28612e-02
3111	  6,2200000000e+03	  1,44804e-01	 -1,22535e-02
3112	  6,2220000000e+03	  1,43431e-01	 -1,33216e-02
3113	  6,2240000000e+03	  1,44204e-01	 -1,66117e-02
3114	  6,2260000000e+03	  1,43971e-01	 -1,90977e-02
3115	  6,2280000000e+03	  1,43842e-01	 -1,86866e-02
3116	  6,2300000000e+03	  1,45855e-01	 -1,89500e-02
3117	  6,2320000000e+03	  1,45535e-01	 -2,02519e-02
3118	  6,2340000000e+03	  1,42575e-01	 -2,33058e-02
3119	  6,2360000000e+03	  1,43364e-01	 -2,39375e-02
3120	  6,2380000000e+03	  1,43369e-01	 -2,53164e-02
3121	  6,2400000000e+03	  1,43530e-01	 -2,85823e-02
3122	  6,2420000000e+03	  1,43247e-01	 -2,80105e-02
3123	  6,2440000000e+03	  1,43974e-01	 -2,80532e-02
3124	  6,2460000000e+03	  1,45691e-01	 -3,13762e-02
3125	  6,2480000000e+03	  1,47677e-01	 -3,30020e-02
3126	  6,2500000000e+03	  1,48013e-01	 -3,30487e-02
3127	  6,2520000000e+03	  1,46056e-01	 -3,50361e-02
3128	  6,2540000000e+03	  1,46361e-01	 -3,87726e-02
3129	  6,2560000000e+03	  1,47495e-01	 -4,18286e-02
3130	  6,2580000000e+03	  1,46073e-01	 -4,31593e-02
3131	  6,2600000000e+03	  1,43828e-01	 -4,37350e-02
3132	  6,2620000000e+03	  1,45336e-01	 -4,64635e-02
3133	  6,2640000000e+03	  1,45142e-01	 -4,81027e-02
3134	  6,2660000000e+03	  1,44886e-01	 -5,19442e-02
3135	  6,2680000000e+03	  1,46449e-01	 -5,37841e-02
3136	  6,2700000000e+03	  1,45640e-01	 -5,39126e-02
3137	  6,2720000000e+03	  1,43607e-01	 -5,42017e-02
3138	  6,2740000000e+03	  1,44738e-01	 -5,72763e-02
3139	  6,2760000000e+03	  1,44554e-01	 -5,96845e-02
3140	  6,2780000000e+03	  1,44864e-01	 -6,21673e-02
3141	  6,2800000000e+03	  1,44252e-01	 -6,59815e-02
3142	  6,2820000000e+03	  1,42515e-01	 -6,47271e-02
3143	  6,2840000000e+03	  1,42466e-01	 -6,76687e-02
3144	  6,2860000000e+03	  1,42602e-01	 -7,21893e-02
3145	  6,2880000000e+03	  1,41450e-01	 -7,24492e-02
3146	  6,2900000000e+03	  1,40880e-01	 -7,43791e-02
3147	  6,2920000000e+03	  1,39283e-01	 -7,63898e-02
3148	  6,2940000000e+03	  1,37586e-01	 -7,77011e-02
3149	  6,2960000000e+03	  1,39523e-01	 -7,82088e-02
3150	  6,2980000000e+03	  1,39016e-01	 -8,20539e-02
3151	  6,3000000000e+03	  1,34846e-01	 -8,87280e-02
3152	  6,3020000000e+03	  1,35184e-01	 -8,90099e-02
3153	  6,3040000000e+03	  1,35605e-01	 -8,77633e-02
3154	  6,3060000000e+03	  1,34737e-01	 -8,97256e-02
3155	  6,3080000000e+03	  1,34408e-01	 -9,13825e-02
3156	  6,3100000000e+03	  1,32599e-01	 -9,37290e-02
3157	  6,3120000000e+03	  1,31552e-01	 -9,56779e-02
3158	  6,3140000000e+03	  1,28835e-01	 -9,70057e-02
3159	  6,3160000000e+03	  1,28688e-01	 -9,73116e-02
3160	  6,3180000000e+03	  1,29877e-01	 -9,84129e-02
3161	  6,3200000000e+03	  1,26667e-01	 -9,97201e-02
3162	  6,3220000000e+03	  1,26264e-01	 -1,01527e-01
3163	  6,3240000000e+03	  1,24166e-01	 -1,04954e-01
3164	  6,3260000000e+03	  1,23869e-01	 -1,06980e-01
3165	  6,3280000000e+03	  1,23265e-01	 -1,07400e-01
3166	  6,3300000000e+03	  1,22797e-01	 -1,09145e-01
3167	  6,3320000000e+03	  1,20432e-01	 -1,12047e-01
3168	  6,3340000000e+03	  1,19027e-01	 -1,15010e-01
3169	  6,3360000000e+03	  1,18307e-01	 -1,18228e-01
3170	  6,3380000000e+03	  1,18834e-01	 -1,18145e-01
3171	  6,3400000000e+03	  1,17232e-01	 -1,21062e-01
3172	  6,3420000000e+03	  1,14850e-01	 -1,23015e-01
3173	  6,3440000000e+03	  1,14432e-01	 -1,22685e-01
3174	  6,3460000000e+03	  1,12583e-01	 -1,22455e-01
3175	  6,3480000000e+03	  1,11317e-01	 -1,26889e-01
3176	  6,3500000000e+03	  1,09333e-01	 -1,29009e-01
3177	  6,3520000000e+03	  1,08177e-01	 -1,28763e-01
3178	  6,3540000000e+03	  1,07698e-01	 -1,31949e-01
3179	  6,3560000000e+03	  1,04107e-01	 -1,33944e-01
3180	  6,3580000000e+03	  1,03698e-01	 -1,33835e-01
3181	  6,3600000000e+03	  1,02996e-01	 -1,33859e-01
3182	  6,3620000000e+03	  1,02874e-01	 -1,38387e-01
3183	  6,3640000000e+03	  1,00743e-01	 -1,39776e-01
3184	  6,3660000000e+03	  9,70620e-02	 -1,40695e-01
3185	  6,3680000000e+03	  9,59718e-02	 -1,43451e-01
3186	  6,3700000000e+03	  9,39866e-02	 -1,44564e-01
3187	  6,3720000000e+03	  9,12514e-02	 -1,43040e-01
3188	  6,3740000000e+03	  9,06076e-02	 -1,44019e-01
3189	  6,3760000000e+03	  8,99866e-02	 -1,45923e-01
3190	  6,3780000000e+03	  8,80678e-02	 -1,48496e-01
3191	  6,3800000000e+03	  8,69301e-02	 -1,51200e-01
3192	  6,3820000000e+03	  8,69753e-02	 -1,52928e-01
3193	  6,3840000000e+03	  8,48565e-02	 -1,53341e-01
3194	  6,3860000000e+03	  8,47242e-02	 -1,54743e-01
3195	  6,3880000000e+03	  8,07832e-02	 -1,57937e-01
3196	  6,3900000000e+03	  7,73223e-02	 -1,60234e-01
3197	  6,3920000000e+03	  7,56048e-02	 -1,60673e-01
3198	  6,3940000000e+03	  7,33138e-02	 -1,63979e-01
3199	  6,3960000000e+03	  7,16202e-02	 -1,64880e-01
3200	  6,3980000000e+03	  7,16999e-02	 -1,65465e-01
3201	  6,4000000000e+03	  7,15456e-02	 -1,67154e-01
3202	  6,4020000000e+03	  6,78052e-02	 -1,67572e-01
3203	  6,4040000000e+03	  6,60260e-02	 -1,68199e-01
3204	  6,4060000000e+03	  6,33505e-02	 -1,68250e-01
3205	  6,4080000000e+03	  6,35787e-02	 -1,69099e-01
3206	  6,4100000000e+03	  5,93194e-02	 -1,70578e-01
3207	  6,4120000000e+03	  5,87421e-02	 -1,72783e-01
3208	  6,4140000000e+03	  5,64926e-02	 -1,74350e-01
3209	  6,4160000000e+03	  5,35574e-02	 -1,77413e-01
3210	  6,4180000000e+03	  5,04069e-02	 -1,77517e-01
3211	  6,4200000000e+03	  4,59669e-02	 -1,76964e-01
3212	  6,4220000000e+03	  4,44798e-02	 -1,76716e-01
3213	  6,4240000000e+03	  4,13139e-02	 -1,77573e-01
3214	  6,4260000000e+03	  4,20594e-02	 -1,80070e-01
3215	  6,4280000000e+03	  3,87333e-02	 -1,83158e-01
3216	  6,4300000000e+03	  3,67462e-02	 -1,83130e-01
3217	  6,4320000000e+03	  3,48235e-02	 -1,82386e-01
3218	  6,4340000000e+03	  3,33714e-02	 -1,84638e-01
3219	  6,4360000000e+03	  3,18834e-02	 -1,85526e-01
3220	  6,4380000000e+03	  2,74102e-02	 -1,85594e-01
3221	  6,4400000000e+03	  2,49090e-02	 -1,85226e-01
3222	  6,4420000000e+03	  2,31897e-02	 -1,87782e-01
3223	  6,4440000000e+03	  2,13497e-02	 -1,88480e-01
3224	  6,4460000000e+03	  1,72852e-02	 -1,89530e-01
3225	  6,4480000000e+03	  1,53466e-02	 -1,91531e-01
3226	  6,4500000000e+03	  9,67201e-03	 -1,90777e-01
3227	  6,4520000000e+03	  8,09224e-03	 -1,92028e-01
3228	  6,4540000000e+03	  5,26912e-03	 -1,92664e-01
3229	  6,4560000000e+03	  2,64681e-03	 -1,93594e-01
3230	  6,4580000000e+03	  1,11484e-04	 -1,95830e-01
3231	  6,4600000000e+03	 -3,43417e-03	 -1,95457e-01
3232	  6,4620000000e+03	 -4,59876e-03	 -1,93638e-01
3233	  6,4640000000e+03	 -7,46381e-03	 -1,91487e-01
3234	  6,4660000000e+03	 -9,91881e-03	 -1,93318e-01
3235	  6,4680000000e+03	 -1,10595e-02	 -1,93889e-01
3236	  6,4700000000e+03	 -1,46020e-02	 -1,91877e-01
3237	  6,4720000000e+03	 -1,95555e-02	 -1,95995e-01
3238	  6,4740000000e+03	 -2,03972e-02	 -1,98156e-01
3239	  6,4760000000e+03	 -2,18367e-02	 -1,95984e-01
3240	  6,4780000000e+03	 -2,50619e-02	 -1,95308e-01
3241	  6,4800000000e+03	 -2,94899e-02	 -1,97499e-01
3242	  6,4820000000e+03	 -3,42895e-02	 -1,97306e-01
3243	  6,4840000000e+03	 -3,68226e-02	 -1,96360e-01
3244	  6,4860000000e+03	 -3,91577e-02	 -1,93590e-01
3245	  6,4880000000e+03	 -4,20613e-02	 -1,93535e-01
3246	  6,4900000000e+03	 -4,61847e-02	 -1,93788e-01
3247	  6,4920000000e+03	 -5,07780e-02	 -1,94316e-01
3248	  6,4940000000e+03	 -5,12641e-02	 -1,94155e-01
3249	  6,4960000000e+03	 -5,08152e-02	 -1,93004e-01
3250	  6,4980000000e+03	 -5,64306e-02	 -1,93997e-01
3251	  6,5000000000e+03	 -5,90875e-02	 -1,94030e-01
3252	  6,5020000000e+03	 -6,17548e-02	 -1,93108e-01
3253	  6,5040000000e+03	 -6,62586e-02	 -1,91175e-01
3254	  6,5060000000e+03	 -6,92154e-02	 -1,91721e-01
3255	  6,5080000000e+03	 -7,21834e-02	 -1,88210e-01
3256	  6,5100000000e+03	 -7,40315e-02	 -1,86553e-01
3257	  6,5120000000e+03	 -7,31301e-02	 -1,87095e-01
3258	  6,5140000000e+03	 -7,80300e-02	 -1,84724e-01
3259	  6,5160000000e+03	 -8,16584e-02	 -1,84522e-01
3260	  6,5180000000e+03	 -8,04745e-02	 -1,82423e-01
3261	  6,5200000000e+03	 -8,47767e-02	 -1,79038e-01
3262	  6,5220000000e+03	 -9,01591e-02	 -1,81801e-01
3263	  6,5240000000e+03	 -9,40571e-02	 -1,82342e-01
3264	  6,5260000000e+03	 -9,66861e-02	 -1,80603e-01
3265	  6,5280000000e+03	 -1,01754e-01	 -1,80088e-01
3266	  6,5300000000e+03	 -1,04181e-01	 -1,79450e-01
3267	  6,5320000000e+03	 -1,03538e-01	 -1,78804e-01
3268	  6,5340000000e+03	 -1,05207e-01	 -1,75707e-01
3269	  6,5360000000e+03	 -1,10800e-01	 -1,73397e-01
3270	  6,5380000000e+03	 -1,11921e-01	 -1,74690e-01
3271	  6,5400000000e+03	 -1,13654e-01	 -1,72897e-01
3272	  6,5420000000e+03	 -1,14019e-01	 -1,68847e-01
3273	  6,5440000000e+03	 -1,16201e-01	 -1,66952e-01
3274	  6,5460000000e+03	 -1,21293e-01	 -1,64752e-01
3275	  6,5480000000e+03	 -1,22814e-01	 -1,63879e-01
3276	  6,5500000000e+03	 -1,24218e-01	 -1,64191e-01
3277	  6,5520000000e+03	 -1,27756e-01	 -1,60875e-01
3278	  6,5540000000e+03	 -1,29617e-01	 -1,56687e-01
3279	  6,5560000000e+03	 -1,31757e-01	 -1,58053e-01
3280	  6,5580000000e+03	 -1,36132e-01	 -1,56724e-01
3281	  6,5600000000e+03	 -1,39210e-01	 -1,52048e-01
3282	  6,5620000000e+03	 -1,42374e-01	 -1,50919e-01
3283	  6,5640000000e+03	 -1,43149e-01	 -1,51776e-01
3284	  6,5660000000e+03	 -1,45308e-01	 -1,49557e-01
3285	  6,5680000000e+03	 -1,44777e-01	 -1,42836e-01
3286	  6,5700000000e+03	 -1,47212e-01	 -1,39827e-01
3287	  6,5720000000e+03	 -1,48463e-01	 -1,40229e-01
3288	  6,5740000000e+03	 -1,51788e-01	 -1,39372e-01
3289	  6,5760000000e+03	 -1,54445e-01	 -1,36659e-01
3290	  6,5780000000e+03	 -1,56120e-01	 -1,33887e-01
3291	  6,5800000000e+03	 -1,55803e-01	 -1,35004e-01
3292	  6,5820000000e+03	 -1,57343e-01	 -1,34130e-01
3293	  6,5840000000e+03	 -1,59639e-01	 -1,29897e-01
3294	  6,5860000000e+03	 -1,57817e-01	 -1,30557e-01
3295	  6,5880000000e+03	 -1,60045e-01	 -1,28401e-01
3296	  6,5900000000e+03	 -1,66244e-01	 -1,25198e-01
3297	  6,5920000000e+03	 -1,69864e-01	 -1,23194e-01
3298	  6,5940000000e+03	 -1,69732e-01	 -1,21035e-01
3299	  6,5960000000e+03	 -1,70394e-01	 -1,19316e-01
3300	  6,5980000000e+03	 -1,73369e-01	 -1,17277e-01
3301	  6,6000000000e+03	 -1,75601e-01	 -1,13783e-01
3302	  6,6020000000e+03	 -1,76598e-01	 -1,12332e-01
3303	  6,6040000000e+03	 -1,77277e-01	 -1,07851e-01
3304	  6,6060000000e+03	 -1,78606e-01	 -1,04581e-01
3305	  6,6080000000e+03	 -1,80068e-01	 -1,03347e-01
3306	  6,6100000000e+03	 -1,80013e-01	 -1,00637e-01
3307	  6,6120000000e+03	 -1,83692e-01	 -1,00113e-01
3308	  6,6140000000e+03	 -1,86360e-01	 -9,86873e-02
3309	  6,6160000000e+03	 -1,87293e-01	 -9,44601e-02
3310	  6,6180000000e+03	 -1,87937e-01	 -9,38008e-02
3311	  6,6200000000e+03	 -1,87827e-01	 -9,00861e-02
3312	  6,6220000000e+03	 -1,90015e-01	 -8,72971e-02
3313	  6,6240000000e+03	 -1,93008e-01	 -8,65523e-02
3314	  6,6260000000e+03	 -1,93153e-01	 -8,54228e-02
3315	  6,6280000000e+03	 -1,95558e-01	 -8,00547e-02
3316	  6,6300000000e+03	 -1,96474e-01	 -7,84021e-02
3317	  6,6320000000e+03	 -1,96907e-01	 -7,83212e-02
3318	  6,6340000000e+03	 -1,99819e-01	 -7,52405e-02
3319	  6,6360000000e+03	 -2,06264e-01	 -6,98416e-02
3320	  6,6380000000e+03	 -2,04976e-01	 -6,79576e-02
3321	  6,6400000000e+03	 -2,05036e-01	 -6,72802e-02
3322	  6,6420000000e+03	 -2,03070e-01	 -6,23182e-02
3323	  6,6440000000e+03	 -2,05032e-01	 -6,06823e-02
3324	  6,6460000000e+03	 -2,06891e-01	 -5,88398e-02
3325	  6,6480000000e+03	 -2,08605e-01	 -5,80824e-02
3326	  6,6500000000e+03	 -2,11155e-01	 -5,52822e-02
3327	  6,6520000000e+03	 -2,11315e-01	 -5,12523e-02
3328	  6,6540000000e+03	 -2,11991e-01	 -4,71579e-02
3329	  6,6560000000e+03	 -2,14246e-01	 -4,46298e-02
3330	  6,6580000000e+03	 -2,15226e-01	 -4,25135e-02
3331	  6,6600000000e+03	 -2,18404e-01	 -3,92354e-02
3332	  6,6620000000e+03	 -2,17284e-01	 -3,52638e-02
3333	  6,6640000000e+03	 -2,17291e-01	 -3,20802e-02
3334	  6,6660000000e+03	 -2,16601e-01	 -2,52901e-02
3335	  6,6680000000e+03	 -2,18245e-01	 -2,19821e-02
3336	  6,6700000000e+03	 -2,20966e-01	 -1,98408e-02
3337	  6,6720000000e+03	 -2,19572e-01	 -1,58501e-02
3338	  6,6740000000e+03	 -2,20861e-01	 -1,37929e-02
3339	  6,6760000000e+03	 -2,20123e-01	 -1,19701e-02
3340	  6,6780000000e+03	 -2,19538e-01	 -8,35705e-03
3341	  6,6800000000e+03	 -2,19599e-01	 -5,02218e-03
3342	  6,6820000000e+03	 -2,19059e-01	 -1,65972e-03
3343	  6,6840000000e+03	 -2,21456e-01	  2,94047e-03
3344	  6,6860000000e+03	 -2,21556e-01	  4,77105e-03
3345	  6,6880000000e+03	 -2,22148e-01	  8,81299e-03
3346	  6,6900000000e+03	 -2,20203e-01	  1,20638e-02
3347	  6,6920000000e+03	 -2,21245e-01	  1,46498e-02
3348	  6,6940000000e+03	 -2,22850e-01	  1,68505e-02
3349	  6,6960000000e+03	 -2,22531e-01	  1,95930e-02
3350	  6,6980000000e+03	 -2,22140e-01	  2,12661e-02
3351	  6,7000000000e+03	 -2,21286e-01	  2,30198e-02
3352	  6,7020000000e+03	 -2,20784e-01	  2,60349e-02
3353	  6,7040000000e+03	 -2,20279e-01	  2,91732e-02
3354	  6,7060000000e+03	 -2,20943e-01	  3,40408e-02
3355	  6,7080000000e+03	 -2,22604e-01	  3,80234e-02
3356	  6,7100000000e+03	 -2,22485e-01	  4,23404e-02
3357	  6,7120000000e+03	 -2,21765e-01	  4,47175e-02
3358	  6,7140000000e+03	 -2,20709e-01	  4,71802e-02
3359	  6,7160000000e+03	 -2,21856e-01	  5,05149e-02
3360	  6,7180000000e+03	 -2,23387e-01	  5,42564e-02
3361	  6,7200000000e+03	 -2,22024e-01	  5,72374e-02
3362	  6,7220000000e+03	 -2,21234e-01	  5,96234e-02
3363	  6,7240000000e+03	 -2,20311e-01	  6,35308e-02
3364	  6,7260000000e+03	 -2,21001e-01	  6,88226e-02
3365	  6,7280000000e+03	 -2,18201e-01	  7,07114e-02
3366	  6,7300000000e+03	 -2,17185e-01	  7,51254e-02
3367	  6,7320000000e+03	 -2,16786e-01	  7,92069e-02
3368	  6,7340000000e+03	 -2,16192e-01	  8,15130e-02
3369	  6,7360000000e+03	 -2,12637e-01	  8,55458e-02
3370	  6,7380000000e+03	 -2,10892e-01	  9,11659e-02
3371	  6,7400000000e+03	 -2,11124e-01	  9,22944e-02
3372	  6,7420000000e+03	 -2,07826e-01	  9,31873e-02
3373	  6,7440000000e+03	 -2,07028e-01	  9,74866e-02
3374	  6,7460000000e+03	 -2,07671e-01	  1,01134e-01
3375	  6,7480000000e+03	 -2,06970e-01	  1,03363e-01
3376	  6,7500000000e+03	 -2,05326e-01	  1,08856e-01
3377	  6,7520000000e+03	 -2,05010e-01	  1,11295e-01
3378	  6,7540000000e+03	 -2,01901e-01	  1,12177e-01
3379	  6,7560000000e+03	 -1,99576e-01	  1,16267e-01
3380	  6,7580000000e+03	 -1,97121e-01	  1,19667e-01
3381	  6,7600000000e+03	 -1,94425e-01	  1,20472e-01
3382	  6,7620000000e+03	 -1,94206e-01	  1,23946e-01
3383	  6,7640000000e+03	 -1,91285e-01	  1,27232e-01
3384	  6,7660000000e+03	 -1,90775e-01	  1,32014e-01
3385	  6,7680000000e+03	 -1,90833e-01	  1,33439e-01
3386	  6,7700000000e+03	 -1,86402e-01	  1,35392e-01
3387	  6,7720000000e+03	 -1,86317e-01	  1,37895e-01
3388	  6,7740000000e+03	 -1,87471e-01	  1,40963e-01
3389	  6,7760000000e+03	 -1,81673e-01	  1,45059e-01
3390	  6,7780000000e+03	 -1,79581e-01	  1,48361e-01
3391	  6,7800000000e+03	 -1,79540e-01	  1,51267e-01
3392	  6,7820000000e+03	 -1,78778e-01	  1,52744e-01
3393	  6,7840000000e+03	 -1,74064e-01	  1,56283e-01
3394	  6,7860000000e+03	 -1,72461e-01	  1,61176e-01
3395	  6,7880000000e+03	 -1,71886e-01	  1,62279e-01
3396	  6,7900000000e+03	 -1,67769e-01	  1,65848e-01
3397	  6,7920000000e+03	 -1,64359e-01	  1,68644e-01
3398	  6,7940000000e+03	 -1,64920e-01	  1,69442e-01
3399	  6,7960000000e+03	 -1,59959e-01	  1,71759e-01
3400	  6,7980000000e+03	 -1,57829e-01	  1,76390e-01
3401	  6,8000000000e+03	 -1,57042e-01	  1,79065e-01
3402	  6,8020000000e+03	 -1,54124e-01	  1,80535e-01
3403	  6,8040000000e+03	 -1,53902e-01	  1,83480e-01
3404	  6,8060000000e+03	 -1,51889e-01	  1,84208e-01
3405	  6,8080000000e+03	 -1,44630e-01	  1,87199e-01
3406	  6,8100000000e+03	 -1,43928e-01	  1,88677e-01
3407	  6,8120000000e+03	 -1,43153e-01	  1,93869e-01
3408	  6,8140000000e+03	 -1,38985e-01	  1,96961e-01
3409	  6,8160000000e+03	 -1,36042e-01	  1,98128e-01
3410	  6,8180000000e+03	 -1,34729e-01	  1,98394e-01
3411	  6,8200000000e+03	 -1,30674e-01	  2,01188e-01
3412	  6,8220000000e+03	 -1,24735e-01	  2,06030e-01
3413	  6,8240000000e+03	 -1,21255e-01	  2,07156e-01
3414	  6,8260000000e+03	 -1,18985e-01	  2,08794e-01
3415	  6,8280000000e+03	 -1,16179e-01	  2,10583e-01
3416	  6,8300000000e+03	 -1,13920e-01	  2,12772e-01
3417	  6,8320000000e+03	 -1,10350e-01	  2,16380e-01
3418	  6,8340000000e+03	 -1,08102e-01	  2,18093e-01
3419	  6,8360000000e+03	 -1,02685e-01	  2,19667e-01
3420	  6,8380000000e+03	 -9,98756e-02	  2,21429e-01
3421	  6,8400000000e+03	 -9,80885e-02	  2,21979e-01
3422	  6,8420000000e+03	 -9,37070e-02	  2,22273e-01
3423	  6,8440000000e+03	 -8,97255e-02	  2,24780e-01
3424	  6,8460000000e+03	 -8,34042e-02	  2,26103e-01
3425	  6,8480000000e+03	 -8,12082e-02	  2,28025e-01
3426	  6,8500000000e+03	 -7,79007e-02	  2,31083e-01
3427	  6,8520000000e+03	 -7,26458e-02	  2,29216e-01
3428	  6,8540000000e+03	 -6,85867e-02	  2,29305e-01
3429	  6,8560000000e+03	 -6,51153e-02	  2,32764e-01
3430	  6,8580000000e+03	 -6,45926e-02	  2,35774e-01
3431	  6,8600000000e+03	 -6,13451e-02	  2,35367e-01
3432	  6,8620000000e+03	 -5,68278e-02	  2,35814e-01
3433	  6,8640000000e+03	 -5,45241e-02	  2,35450e-01
3434	  6,8660000000e+03	 -5,04991e-02	  2,37259e-01
3435	  6,8680000000e+03	 -4,48924e-02	  2,39853e-01
3436	  6,8700000000e+03	 -3,77402e-02	  2,41378e-01
3437	  6,8720000000e+03	 -3,61701e-02	  2,40563e-01
3438	  6,8740000000e+03	 -3,32393e-02	  2,40265e-01
3439	  6,8760000000e+03	 -2,94599e-02	  2,43104e-01
3440	  6,8780000000e+03	 -2,57634e-02	  2,42678e-01
3441	  6,8800000000e+03	 -2,26201e-02	  2,42624e-01
3442	  6,8820000000e+03	 -1,77372e-02	  2,41990e-01
3443	  6,8840000000e+03	 -1,42496e-02	  2,42401e-01
3444	  6,8860000000e+03	 -1,04517e-02	  2,44399e-01
3445	  6,8880000000e+03	 -6,75304e-03	  2,44771e-01
3446	  6,8900000000e+03	 -3,27034e-03	  2,43488e-01
3447	  6,8920000000e+03	 -2,28890e-04	  2,45493e-01
3448	  6,8940000000e+03	  2,28559e-03	  2,45572e-01
3449	  6,8960000000e+03	  6,86209e-03	  2,44634e-01
3450	  6,8980000000e+03	  1,27595e-02	  2,43729e-01
3451	  6,9000000000e+03	  1,68760e-02	  2,42311e-01
3452	  6,9020000000e+03	  2,21123e-02	  2,41454e-01
3453	  6,9040000000e+03	  2,69687e-02	  2,44312e-01
3454	  6,9060000000e+03	  2,92942e-02	  2,43354e-01
3455	  6,9080000000e+03	  3,32791e-02	  2,40340e-01
3456	  6,9100000000e+03	  3,46618e-02	  2,42340e-01
3457	  6,9120000000e+03	  3,89999e-02	  2,41981e-01
3458	  6,9140000000e+03	  4,31953e-02	  2,38513e-01
3459	  6,9160000000e+03	  4,76029e-02	  2,37678e-01
3460	  6,9180000000e+03	  5,16527e-02	  2,38990e-01
3461	  6,9200000000e+03	  5,52695e-02	  2,37611e-01
3462	  6,9220000000e+03	  5,89254e-02	  2,35691e-01
3463	  6,9240000000e+03	  6,31455e-02	  2,35369e-01
3464	  6,9260000000e+03	  6,70337e-02	  2,34762e-01
3465	  6,9280000000e+03	  6,97388e-02	  2,32900e-01
3466	  6,9300000000e+03	  7,61982e-02	  2,33919e-01
3467	  6,9320000000e+03	  8,14057e-02	  2,33014e-01
3468	  6,9340000000e+03	  8,28534e-02	  2,29645e-01
3469	  6,9360000000e+03	  8,54361e-02	  2,26555e-01
3470	  6,9380000000e+03	  9,02787e-02	  2,23906e-01
3471	  6,9400000000e+03	  9,31412e-02	  2,24180e-01
3472	  6,9420000000e+03	  9,60602e-02	  2,24034e-01
3473	  6,9440000000e+03	  9,95356e-02	  2,21290e-01
3474	  6,9460000000e+03	  1,05146e-01	  2,18288e-01
3475	  6,9480000000e+03	  1,09524e-01	  2,15119e-01
3476	  6,9500000000e+03	  1,13619e-01	  2,12210e-01
3477	  6,9520000000e+03	  1,16833e-01	  2,10703e-01
3478	  6,9540000000e+03	  1,19695e-01	  2,07402e-01
3479	  6,9560000000e+03	  1,24707e-01	  2,04233e-01
3480	  6,9580000000e+03	  1,30605e-01	  2,00153e-01
3481	  6,9600000000e+03	  1,32011e-01	  1,95344e-01
3482	  6,9620000000e+03	  1,32754e-01	  1,95063e-01
3483	  6,9640000000e+03	  1,35123e-01	  1,94027e-01
3484	  6,9660000000e+03	  1,34991e-01	  1,89753e-01
3485	  6,9680000000e+03	  1,37670e-01	  1,88160e-01
3486	  6,9700000000e+03	  1,45103e-01	  1,85820e-01
3487	  6,9720000000e+03	  1,47950e-01	  1,82345e-01
3488	  6,9740000000e+03	  1,48470e-01	  1,78090e-01
3489	  6,9760000000e+03	  1,46864e-01	  1,75048e-01
3490	  6,9780000000e+03	  1,49947e-01	  1,71980e-01
3491	  6,9800000000e+03	  1,54367e-01	  1,69951e-01
3492	  6,9820000000e+03	  1,57567e-01	  1,68879e-01
3493	  6,9840000000e+03	  1,58484e-01	  1,67452e-01
3494	  6,9860000000e+03	  1,61885e-01	  1,66614e-01
3495	  6,9880000000e+03	  1,63586e-01	  1,61850e-01
3496	  6,9900000000e+03	  1,65517e-01	  1,54903e-01
3497	  6,9920000000e+03	  1,65553e-01	  1,53651e-01
3498	  6,9940000000e+03	  1,67784e-01	  1,51758e-01
3499	  6,9960000000e+03	  1,69068e-01	  1,49277e-01
3500	  6,9980000000e+03	  1,73671e-01	  1,45115e-01
3501	  7,0000000000e+03	  1,78419e-01	  1,39125e-01
3502	  7,0020000000e+03	  1,78306e-01	  1,35251e-01
3503	  7,0040000000e+03	  1,80077e-01	  1,32688e-01
3504	  7,0060000000e+03	  1,79457e-01	  1,32611e-01
3505	  7,0080000000e+03	  1,79005e-01	  1,31134e-01
3506	  7,0100000000e+03	  1,81502e-01	  1,25849e-01
3507	  7,0120000000e+03	  1,85043e-01	  1,20655e-01
3508	  7,0140000000e+03	  1,85341e-01	  1,16115e-01
3509	  7,0160000000e+03	  1,85455e-01	  1,15278e-01
3510	  7,0180000000e+03	  1,89210e-01	  1,11055e-01
3511	  7,0200000000e+03	  1,89841e-01	  1,06636e-01
3512	  7,0220000000e+03	  1,91539e-01	  1,07262e-01
3513	  7,0240000000e+03	  1,93472e-01	  1,05650e-01
3514	  7,0260000000e+03	  1,92392e-01	  1,01479e-01
3515	  7,0280000000e+03	  1,91653e-01	  9,71863e-02
3516	  7,0300000000e+03	  1,93154e-01	  9,37049e-02
3517	  7,0320000000e+03	  1,96147e-01	  9,20755e-02
3518	  7,0340000000e+03	  1,98463e-01	  9,07986e-02
3519	  7,0360000000e+03	  2,00958e-01	  8,79871e-02
3520	  7,0380000000e+03	  1,99143e-01	  8,24009e-02
3521	  7,0400000000e+03	  2,00908e-01	  7,91027e-02
3522	  7,0420000000e+03	  2,02341e-01	  7,32571e-02
3523	  7,0440000000e+03	  2,01845e-01	  7,16993e-02
3524	  7,0460000000e+03	  2,01600e-01	  7,09549e-02
3525	  7,0480000000e+03	  2,01184e-01	  6,85947e-02
3526	  7,0500000000e+03	  2,03370e-01	  6,61246e-02
3527	  7,0520000000e+03	  2,03052e-01	  6,31384e-02
3528	  7,0540000000e+03	  2,04610e-01	  5,76072e-02
3529	  7,0560000000e+03	  2,07477e-01	  5,53716e-02
3530	  7,0580000000e+03	  2,06313e-01	  5,25470e-02
3531	  7,0600000000e+03	  2,08287e-01	  5,08692e-02
3532	  7,0620000000e+03	  2,07951e-01	  4,61650e-02
3533	  7,0640000000e+03	  2,06533e-01	  4,25162e-02
3534	  7,0660000000e+03	  2,07618e-01	  3,98460e-02
3535	  7,0680000000e+03	  2,08438e-01	  3,55347e-02
3536	  7,0700000000e+03	  2,07933e-01	  3,26118e-02
3537	  7,0720000000e+03	  2,05141e-01	  2,88465e-02
3538	  7,0740000000e+03	  2,06112e-01	  2,58123e-02
3539	  7,0760000000e+03	  2,08223e-01	  2,25695e-02
3540	  7,0780000000e+03	  2,08942e-01	  1,74967e-02
3541	  7,0800000000e+03	  2,06360e-01	  1,50481e-02
3542	  7,0820000000e+03	  2,05405e-01	  1,36671e-02
3543	  7,0840000000e+03	  2,07191e-01	  9,80738e-03
3544	  7,0860000000e+03	  2,05898e-01	  4,45349e-03
3545	  7,0880000000e+03	  2,03464e-01	  1,57622e-03
3546	  7,0900000000e+03	  2,03998e-01	 -1,82600e-03
3547	  7,0920000000e+03	  2,04394e-01	 -6,64745e-03
3548	  7,0940000000e+03	  2,04358e-01	 -8,86685e-03
3549	  7,0960000000e+03	  2,01326e-01	 -1,29546e-02
3550	  7,0980000000e+03	  2,00588e-01	 -1,64234e-02
3551	  7,1000000000e+03	  2,01277e-01	 -1,89832e-02
3552	  7,1020000000e+03	  2,00063e-01	 -2,09991e-02
3553	  7,1040000000e+03	  1,98070e-01	 -1,97178e-02
3554	  7,1060000000e+03	  1,98058e-01	 -2,21425e-02
3555	  7,1080000000e+03	  1,98181e-01	 -2,76254e-02
3556	  7,1100000000e+03	  1,95688e-01	 -3,19535e-02
3557	  7,1120000000e+03	  1,95391e-01	 -3,68384e-02
3558	  7,1140000000e+03	  1,92425e-01	 -3,88427e-02
3559	  7,1160000000e+03	  1,91294e-01	 -4,06691e-02
3560	  7,1180000000e+03	  1,89306e-01	 -4,36894e-02
3561	  7,1200000000e+03	  1,89041e-01	 -4,70858e-02
3562	  7,1220000000e+03	  1,91147e-01	 -4,86639e-02
3563	  7,1240000000e+03	  1,89041e-01	 -5,08252e-02
3564	  7,1260000000e+03	  1,89436e-01	 -5,23521e-02
3565	  7,1280000000e+03	  1,89636e-01	 -5,94718e-02
3566	  7,1300000000e+03	  1,86248e-01	 -6,12467e-02
3567	  7,1320000000e+03	  1,80617e-01	 -6,36342e-02
3568	  7,1340000000e+03	  1,78268e-01	 -6,54213e-02
3569	  7,1360000000e+03	  1,78260e-01	 -6,83638e-02
3570	  7,1380000000e+03	  1,77368e-01	 -7,14413e-02
3571	  7,1400000000e+03	  1,74914e-01	 -7,32443e-02
3572	  7,1420000000e+03	  1,73441e-01	 -7,62363e-02
3573	  7,1440000000e+03	  1,71666e-01	 -8,04435e-02
3574	  7,1460000000e+03	  1,69417e-01	 -8,34300e-02
3575	  7,1480000000e+03	  1,67732e-01	 -8,41344e-02
3576	  7,1500000000e+03	  1,66131e-01	 -8,53898e-02
3577	  7,1520000000e+03	  1,62773e-01	 -8,67360e-02
3578	  7,1540000000e+03	  1,60406e-01	 -9,18407e-02
3579	  7,1560000000e+03	  1,62767e-01	 -9,34846e-02
3580	  7,1580000000e+03	  1,60100e-01	 -9,34934e-02
3581	  7,1600000000e+03	  1,54924e-01	 -9,49283e-02
3582	  7,1620000000e+03	  1,50773e-01	 -9,69456e-02
3583	  7,1640000000e+03	  1,48275e-01	 -9,99155e-02
3584	  7,1660000000e+03	  1,46217e-01	 -1,03279e-01
3585	  7,1680000000e+03	  1,44481e-01	 -1,05613e-01
3586	  7,1700000000e+03	  1,42541e-01	 -1,05652e-01
3587	  7,1720000000e+03	  1,43629e-01	 -1,08032e-01
3588	  7,1740000000e+03	  1,42014e-01	 -1,08446e-01
3589	  7,1760000000e+03	  1,36419e-01	 -1,09817e-01
3590	  7,1780000000e+03	  1,35844e-01	 -1,13639e-01
3591	  7,1800000000e+03	  1,33418e-01	 -1,15220e-01
3592	  7,1820000000e+03	  1,28402e-01	 -1,13023e-01
3593	  7,1840000000e+03	  1,24674e-01	 -1,11091e-01
3594	  7,1860000000e+03	  1,22822e-01	 -1,15016e-01
3595	  7,1880000000e+03	  1,21831e-01	 -1,17903e-01
3596	  7,1900000000e+03	  1,19302e-01	 -1,17789e-01
3597	  7,1920000000e+03	  1,15567e-01	 -1,20293e-01
3598	  7,1940000000e+03	  1,13768e-01	 -1,20808e-01
3599	  7,1960000000e+03	  1,09683e-01	 -1,19895e-01
3600	  7,1980000000e+03	  1,08466e-01	 -1,20794e-01
3601	  7,2000000000e+03	  1,06598e-01	 -1,23245e-01
3602	  7,2020000000e+03	  1,05539e-01	 -1,24003e-01
3603	  7,2040000000e+03	  1,03281e-01	 -1,26648e-01
3604	  7,2060000000e+03	  9,74541e-02	 -1,25105e-01
3605	  7,2080000000e+03	  9,85114e-02	 -1,22988e-01
3606	  7,2100000000e+03	  9,69014e-02	 -1,24591e-01
3607	  7,2120000000e+03	  9,40239e-02	 -1,27203e-01
3608	  7,2140000000e+03	  9,20197e-02	 -1,27988e-01
3609	  7,2160000000e+03	  9,16550e-02	 -1,28480e-01
3610	  7,2180000000e+03	  9,07327e-02	 -1,29602e-01
3611	  7,2200000000e+03	  8,51425e-02	 -1,30255e-01
3612	  7,2220000000e+03	  8,23040e-02	 -1,30406e-01
3613	  7,2240000000e+03	  7,79778e-02	 -1,29150e-01
3614	  7,2260000000e+03	  7,58842e-02	 -1,31156e-01
3615	  7,2280000000e+03	  7,89743e-02	 -1,29964e-01
3616	  7,2300000000e+03	  7,39683e-02	 -1,29387e-01
3617	  7,2320000000e+03	  7,22803e-02	 -1,28977e-01
3618	  7,2340000000e+03	  7,10598e-02	 -1,28963e-01
3619	  7,2360000000e+03	  6,83876e-02	 -1,31866e-01
3620	  7,2380000000e+03	  6,80165e-02	 -1,32838e-01
3621	  7,2400000000e+03	  6,39155e-02	 -1,30773e-01
3622	  7,2420000000e+03	  6,13241e-02	 -1,30230e-01
3623	  7,2440000000e+03	  6,05705e-02	 -1,28542e-01
3624	  7,2460000000e+03	  6,10634e-02	 -1,29149e-01
3625	  7,2480000000e+03	  5,89730e-02	 -1,29330e-01
3626	  7,2500000000e+03	  5,90033e-02	 -1,29943e-01
3627	  7,2520000000e+03	  5,62430e-02	 -1,29199e-01
3628	  7,2540000000e+03	  5,33636e-02	 -1,30348e-01
3629	  7,2560000000e+03	  5,16268e-02	 -1,32354e-01
3630	  7,2580000000e+03	  5,31443e-02	 -1,31174e-01
3631	  7,2600000000e+03	  5,02015e-02	 -1,30362e-01
3632	  7,2620000000e+03	  4,74879e-02	 -1,27870e-01
3633	  7,2640000000e+03	  4,79241e-02	 -1,29551e-01
3634	  7,2660000000e+03	  4,49801e-02	 -1,33120e-01
3635	  7,2680000000e+03	  4,16134e-02	 -1,31569e-01
3636	  7,2700000000e+03	  4,08639e-02	 -1,30208e-01
3637	  7,2720000000e+03	  4,01168e-02	 -1,30593e-01
3638	  7,2740000000e+03	  3,96049e-02	 -1,30668e-01
3639	  7,2760000000e+03	  3,74865e-02	 -1,29696e-01
3640	  7,2780000000e+03	  3,62849e-02	 -1,28991e-01
3641	  7,2800000000e+03	  3,43144e-02	 -1,28675e-01
3642	  7,2820000000e+03	  3,30902e-02	 -1,28543e-01
3643	  7,2840000000e+03	  3,05795e-02	 -1,28064e-01
3644	  7,2860000000e+03	  2,88722e-02	 -1,27230e-01
3645	  7,2880000000e+03	  2,92490e-02	 -1,27067e-01
3646	  7,2900000000e+03	  2,82145e-02	 -1,30207e-01
3647	  7,2920000000e+03	  2,50685e-02	 -1,32377e-01
3648	  7,2940000000e+03	  2,50776e-02	 -1,31359e-01
3649	  7,2960000000e+03	  2,40710e-02	 -1,31865e-01
3650	  7,2980000000e+03	  2,13521e-02	 -1,32565e-01
3651	  7,3000000000e+03	  2,13097e-02	 -1,32348e-01
3652	  7,3020000000e+03	  2,07092e-02	 -1,31833e-01
3653	  7,3040000000e+03	  1,85896e-02	 -1,31003e-01
3654	  7,3060000000e+03	  1,50936e-02	 -1,29139e-01
3655	  7,3080000000e+03	  1,38875e-02	 -1,27200e-01
3656	  7,3100000000e+03	  1,52065e-02	 -1,29747e-01
3657	  7,3120000000e+03	  1,53151e-02	 -1,30868e-01
3658	  7,3140000000e+03	  1,25964e-02	 -1,29044e-01
3659	  7,3160000000e+03	  1,09323e-02	 -1,29116e-01
3660	  7,3180000000e+03	  9,21168e-03	 -1,31939e-01
3661	  7,3200000000e+03	  5,35497e-03	 -1,30908e-01
3662	  7,3220000000e+03	  2,95562e-03	 -1,27461e-01
3663	  7,3240000000e+03	  4,04360e-03	 -1,29163e-01
3664	  7,3260000000e+03	  1,17314e-03	 -1,30122e-01
3665	  7,3280000000e+03	 -5,39421e-04	 -1,30454e-01
3666	  7,3300000000e+03	 -1,79595e-03	 -1,29731e-01
3667	  7,3320000000e+03	 -3,31968e-03	 -1,27444e-01
3668	  7,3340000000e+03	 -3,63793e-03	 -1,29946e-01
3669	  7,3360000000e+03	 -5,12630e-03	 -1,29283e-01
3670	  7,3380000000e+03	 -9,06338e-03	 -1,26665e-01
3671	  7,3400000000e+03	 -1,14550e-02	 -1,27245e-01
3672	  7,3420000000e+03	 -1,14800e-02	 -1,29645e-01
3673	  7,3440000000e+03	 -1,03734e-02	 -1,29219e-01
3674	  7,3460000000e+03	 -1,41261e-02	 -1,28579e-01
3675	  7,3480000000e+03	 -1,80093e-02	 -1,28497e-01
3676	  7,3500000000e+03	 -1,93307e-02	 -1,25498e-01
3677	  7,3520000000e+03	 -2,09926e-02	 -1,27924e-01
3678	  7,3540000000e+03	 -2,22572e-02	 -1,27745e-01
3679	  7,3560000000e+03	 -2,47329e-02	 -1,24131e-01
3680	  7,3580000000e+03	 -2,62856e-02	 -1,25138e-01
3681	  7,3600000000e+03	 -2,62158e-02	 -1,22637e-01
3682	  7,3620000000e+03	 -2,67179e-02	 -1,22231e-01
3683	  7,3640000000e+03	 -2,82089e-02	 -1,23011e-01
3684	  7,3660000000e+03	 -3,27062e-02	 -1,22488e-01
3685	  7,3680000000e+03	 -3,17140e-02	 -1,21336e-01
3686	  7,3700000000e+03	 -3,46818e-02	 -1,21600e-01
3687	  7,3720000000e+03	 -3,72026e-02	 -1,21628e-01
3688	  7,3740000000e+03	 -3,94182e-02	 -1,20339e-01
3689	  7,3760000000e+03	 -3,98242e-02	 -1,19238e-01
3690	  7,3780000000e+03	 -3,92240e-02	 -1,18156e-01
3691	  7,3800000000e+03	 -3,95903e-02	 -1,16894e-01
3692	  7,3820000000e+03	 -3,89140e-02	 -1,16006e-01
3693	  7,3840000000e+03	 -4,06451e-02	 -1,15776e-01
3694	  7,3860000000e+03	 -4,43047e-02	 -1,15106e-01
3695	  7,3880000000e+03	 -4,74068e-02	 -1,13893e-01
3696	  7,3900000000e+03	 -4,88279e-02	 -1,12807e-01
3697	  7,3920000000e+03	 -5,07213e-02	 -1,11678e-01
3698	  7,3940000000e+03	 -5,13971e-02	 -1,12562e-01
3699	  7,3960000000e+03	 -5,22190e-02	 -1,10836e-01
3700	  7,3980000000e+03	 -5,34191e-02	 -1,09053e-01
3701	  7,4000000000e+03	 -5,32557e-02	 -1,09124e-01
3702	  7,4020000000e+03	 -5,25663e-02	 -1,08301e-01
3703	  7,4040000000e+03	 -5,50021e-02	 -1,07122e-01
3704	  7,4060000000e+03	 -5,70110e-02	 -1,03379e-01
3705	  7,4080000000e+03	 -5,78754e-02	 -1,03527e-01
3706	  7,4100000000e+03	 -6,00585e-02	 -1,03926e-01
3707	  7,4120000000e+03	 -6,37354e-02	 -1,04875e-01
3708	  7,4140000000e+03	 -6,57362e-02	 -1,02253e-01
3709	  7,4160000000e+03	 -6,33544e-02	 -9,89503e-02
3710	  7,4180000000e+03	 -6,38471e-02	 -9,75372e-02
3711	  7,4200000000e+03	 -6,74897e-02	 -9,73871e-02
3712	  7,4220000000e+03	 -6,60776e-02	 -9,73660e-02
3713	  7,4240000000e+03	 -6,78057e-02	 -9,65510e-02
3714	  7,4260000000e+03	 -6,95436e-02	 -9,49941e-02
3715	  7,4280000000e+03	 -6,88518e-02	 -9,21471e-02
3716	  7,4300000000e+03	 -6,88661e-02	 -9,14263e-02
3717	  7,4320000000e+03	 -7,21147e-02	 -8,94820e-02
3718	  7,4340000000e+03	 -7,52583e-02	 -8,87149e-02
3719	  7,4360000000e+03	 -7,47490e-02	 -8,61623e-02
3720	  7,4380000000e+03	 -7,57631e-02	 -8,69571e-02
3721	  7,4400000000e+03	 -7,65533e-02	 -8,80861e-02
3722	  7,4420000000e+03	 -7,66654e-02	 -8,51698e-02
3723	  7,4440000000e+03	 -7,65505e-02	 -8,13721e-02
3724	  7,4460000000e+03	 -7,49265e-02	 -8,05608e-02
3725	  7,4480000000e+03	 -7,53087e-02	 -7,89081e-02
3726	  7,4500000000e+03	 -7,89275e-02	 -7,77927e-02
3727	  7,4520000000e+03	 -7,86719e-02	 -7,69500e-02
3728	  7,4540000000e+03	 -7,67884e-02	 -7,70523e-02
3729	  7,4560000000e+03	 -7,98043e-02	 -7,58964e-02
3730	  7,4580000000e+03	 -8,12976e-02	 -7,59605e-02
3731	  7,4600000000e+03	 -7,88337e-02	 -7,55857e-02
3732	  7,4620000000e+03	 -8,21101e-02	 -7,26826e-02
3733	  7,4640000000e+03	 -8,53600e-02	 -7,02135e-02
3734	  7,4660000000e+03	 -8,47614e-02	 -6,90491e-02
3735	  7,4680000000e+03	 -8,31855e-02	 -6,87086e-02
3736	  7,4700000000e+03	 -8,46271e-02	 -6,72374e-02
3737	  7,4720000000e+03	 -8,47965e-02	 -6,71356e-02
3738	  7,4740000000e+03	 -8,47408e-02	 -6,80710e-02
3739	  7,4760000000e+03	 -8,59697e-02	 -6,41620e-02
3740	  7,4780000000e+03	 -8,59025e-02	 -6,23699e-02
3741	  7,4800000000e+03	 -8,64268e-02	 -6,43579e-02
3742	  7,4820000000e+03	 -8,59346e-02	 -6,34550e-02
3743	  7,4840000000e+03	 -8,73677e-02	 -6,17617e-02
3744	  7,4860000000e+03	 -8,79886e-02	 -6,26027e-02
3745	  7,4880000000e+03	 -8,79719e-02	 -6,09349e-02
3746	  7,4900000000e+03	 -8,84465e-02	 -5,85993e-02
3747	  7,4920000000e+03	 -8,78739e-02	 -5,83818e-02
3748	  7,4940000000e+03	 -8,98383e-02	 -5,91102e-02
3749	  7,4960000000e+03	 -9,16136e-02	 -5,68624e-02
3750	  7,4980000000e+03	 -9,20436e-02	 -5,29081e-02
3751	  7,5000000000e+03	 -9,04606e-02	 -5,03870e-02
3752	  7,5020000000e+03	 -9,19095e-02	 -4,63587e-02
3753	  7,5040000000e+03	 -9,44901e-02	 -4,98409e-02
3754	  7,5060000000e+03	 -9,28173e-02	 -4,99074e-02
3755	  7,5080000000e+03	 -9,28446e-02	 -4,79242e-02
3756	  7,5100000000e+03	 -9,55367e-02	 -4,86584e-02
3757	  7,5120000000e+03	 -9,68661e-02	 -4,55920e-02
3758	  7,5140000000e+03	 -9,71796e-02	 -4,36534e-02
3759	  7,5160000000e+03	 -9,29819e-02	 -4,20755e-02
3760	  7,5180000000e+03	 -9,54409e-02	 -4,24015e-02
3761	  7,5200000000e+03	 -9,57205e-02	 -4,22482e-02
3762	  7,5220000000e+03	 -9,60942e-02	 -4,10939e-02
3763	  7,5240000000e+03	 -9,72183e-02	 -3,96780e-02
3764	  7,5260000000e+03	 -9,65876e-02	 -3,85565e-02
3765	  7,5280000000e+03	 -9,59935e-02	 -3,65991e-02
3766	  7,5300000000e+03	 -9,62209e-02	 -3,68717e-02
3767	  7,5320000000e+03	 -9,81302e-02	 -3,68548e-02
3768	  7,5340000000e+03	 -9,80650e-02	 -3,82647e-02
3769	  7,5360000000e+03	 -9,78291e-02	 -3,62916e-02
3770	  7,5380000000e+03	 -9,63800e-02	 -3,30690e-02
3771	  7,5400000000e+03	 -9,68010e-02	 -3,17968e-02
3772	  7,5420000000e+03	 -9,76670e-02	 -3,34559e-02
3773	  7,5440000000e+03	 -9,86186e-02	 -3,17298e-02
3774	  7,5460000000e+03	 -1,02334e-01	 -3,13941e-02
3775	  7,5480000000e+03	 -1,03884e-01	 -2,91327e-02
3776	  7,5500000000e+03	 -1,02193e-01	 -2,78096e-02
3777	  7,5520000000e+03	 -1,04219e-01	 -2,64291e-02
3778	  7,5540000000e+03	 -1,04890e-01	 -2,57584e-02
3779	  7,5560000000e+03	 -1,06156e-01	 -2,40177e-02
3780	  7,5580000000e+03	 -1,04597e-01	 -2,10738e-02
3781	  7,5600000000e+03	 -1,01947e-01	 -1,78305e-02
3782	  7,5620000000e+03	 -1,02248e-01	 -1,67869e-02
3783	  7,5640000000e+03	 -1,02901e-01	 -1,74464e-02
3784	  7,5660000000e+03	 -1,07469e-01	 -1,55415e-02
3785	  7,5680000000e+03	 -1,05457e-01	 -1,25366e-02
3786	  7,5700000000e+03	 -1,04987e-01	 -1,16316e-02
3787	  7,5720000000e+03	 -1,05984e-01	 -1,07170e-02
3788	  7,5740000000e+03	 -1,06192e-01	 -7,21553e-03
3789	  7,5760000000e+03	 -1,06802e-01	 -5,24021e-03
3790	  7,5780000000e+03	 -1,07744e-01	 -5,45574e-03
3791	  7,5800000000e+03	 -1,07569e-01	 -3,88937e-03
3792	  7,5820000000e+03	 -1,06928e-01	 -2,61030e-03
3793	  7,5840000000e+03	 -1,08059e-01	 -2,09231e-03
3794	  7,5860000000e+03	 -1,07559e-01	 -2,31001e-04
3795	  7,5880000000e+03	 -1,04903e-01	  1,92205e-03
3796	  7,5900000000e+03	 -1,05112e-01	  2,53010e-03
3797	  7,5920000000e+03	 -1,06434e-01	  2,71007e-03
3798	  7,5940000000e+03	 -1,07901e-01	  5,96262e-03
3799	  7,5960000000e+03	 -1,08997e-01	  7,61932e-03
3800	  7,5980000000e+03	 -1,06983e-01	  8,13958e-03
3801	  7,6000000000e+03	 -1,05743e-01	  1,13965e-02
3802	  7,6020000000e+03	 -1,05629e-01	  1,15495e-02
3803	  7,6040000000e+03	 -1,04775e-01	  1,48644e-02
3804	  7,6060000000e+03	 -1,04905e-01	  1,74138e-02
3805	  7,6080000000e+03	 -1,05292e-01	  1,94898e-02
3806	  7,6100000000e+03	 -1,04296e-01	  2,33506e-02
3807	  7,6120000000e+03	 -1,05115e-01	  2,43259e-02
3808	  7,6140000000e+03	 -1,03316e-01	  2,37581e-02
3809	  7,6160000000e+03	 -1,01929e-01	  2,54471e-02
3810	  7,6180000000e+03	 -1,01783e-01	  2,77384e-02
3811	  7,6200000000e+03	 -9,97446e-02	  2,72284e-02
3812	  7,6220000000e+03	 -9,89396e-02	  2,86282e-02
3813	  7,6240000000e+03	 -9,63845e-02	  3,00006e-02
3814	  7,6260000000e+03	 -9,97224e-02	  3,32420e-02
3815	  7,6280000000e+03	 -9,97150e-02	  3,45013e-02
3816	  7,6300000000e+03	 -9,74004e-02	  3,63233e-02
3817	  7,6320000000e+03	 -9,78891e-02	  3,92490e-02
3818	  7,6340000000e+03	 -9,34760e-02	  4,26946e-02
3819	  7,6360000000e+03	 -9,29522e-02	  3,96127e-02
3820	  7,6380000000e+03	 -9,00472e-02	  3,81320e-02
3821	  7,6400000000e+03	 -8,83896e-02	  4,08578e-02
3822	  7,6420000000e+03	 -9,22608e-02	  4,28205e-02
3823	  7,6440000000e+03	 -9,15710e-02	  4,43601e-02
3824	  7,6460000000e+03	 -8,86211e-02	  4,57391e-02
3825	  7,6480000000e+03	 -8,51715e-02	  4,79893e-02
3826	  7,6500000000e+03	 -8,72108e-02	  4,68885e-02
3827	  7,6520000000e+03	 -8,69555e-02	  4,79237e-02
3828	  7,6540000000e+03	 -8,53300e-02	  4,87126e-02
3829	  7,6560000000e+03	 -8,35067e-02	  4,76345e-02
3830	  7,6580000000e+03	 -8,35858e-02	  4,98811e-02
3831	  7,6600000000e+03	 -7,88429e-02	  5,05360e-02
3832	  7,6620000000e+03	 -7,69164e-02	  5,13412e-02
3833	  7,6640000000e+03	 -7,91461e-02	  5,51803e-02
3834	  7,6660000000e+03	 -7,54412e-02	  5,50440e-02
3835	  7,6680000000e+03	 -7,47489e-02	  5,50599e-02
3836	  7,6700000000e+03	 -7,67152e-02	  5,55910e-02
3837	  7,6720000000e+03	 -7,53635e-02	  5,70118e-02
3838	  7,6740000000e+03	 -7,26582e-02	  5,86821e-02
3839	  7,6760000000e+03	 -7,20452e-02	  5,91886e-02
3840	  7,6780000000e+03	 -7,08532e-02	  5,83313e-02
3841	  7,6800000000e+03	 -6,94004e-02	  6,07575e-02
3842	  7,6820000000e+03	 -7,17463e-02	  6,21126e-02
3843	  7,6840000000e+03	 -7,07740e-02	  6,37283e-02
3844	  7,6860000000e+03	 -6,81193e-02	  6,47380e-02
3845	  7,6880000000e+03	 -6,61176e-02	  6,37484e-02
3846	  7,6900000000e+03	 -6,28129e-02	  6,36968e-02
3847	  7,6920000000e+03	 -6,12500e-02	  6,47981e-02
3848	  7,6940000000e+03	 -6,15262e-02	  6,62995e-02
3849	  7,6960000000e+03	 -5,68074e-02	  6,53881e-02
3850	  7,6980000000e+03	 -5,57592e-02	  6,31536e-02
3851	  7,7000000000e+03	 -5,65681e-02	  6,43968e-02
3852	  7,7020000000e+03	 -5,77261e-02	  6,44081e-02
3853	  7,7040000000e+03	 -5,74098e-02	  6,69830e-02
3854	  7,7060000000e+03	 -5,44940e-02	  6,79413e-02
3855	  7,7080000000e+03	 -5,23889e-02	  6,74743e-02
3856	  7,7100000000e+03	 -5,36737e-02	  6,67221e-02
3857	  7,7120000000e+03	 -5,11199e-02	  6,61465e-02
3858	  7,7140000000e+03	 -5,09189e-02	  6,65862e-02
3859	  7,7160000000e+03	 -4,94952e-02	  6,49005e-02
3860	  7,7180000000e+03	 -4,96531e-02	  6,46585e-02
3861	  7,7200000000e+03	 -4,93285e-02	  6,78834e-02
3862	  7,7220000000e+03	 -4,76573e-02	  6,79159e-02
3863	  7,7240000000e+03	 -4,64383e-02	  6,97541e-02
3864	  7,7260000000e+03	 -4,61920e-02	  7,04589e-02
3865	  7,7280000000e+03	 -4,37143e-02	  7,17575e-02
3866	  7,7300000000e+03	 -4,32789e-02	  6,68233e-02
3867	  7,7320000000e+03	 -4,29690e-02	  6,63259e-02
3868	  7,7340000000e+03	 -4,30015e-02	  6,71602e-02
3869	  7,7360000000e+03	 -4,13609e-02	  6,93416e-02
3870	  7,7380000000e+03	 -3,98980e-02	  7,05911e-02
3871	  7,7400000000e+03	 -3,81726e-02	  7,15330e-02
3872	  7,7420000000e+03	 -3,85729e-02	  7,06486e-02
3873	  7,7440000000e+03	 -3,69521e-02	  7,10810e-02
3874	  7,7460000000e+03	 -3,55930e-02	  7,06455e-02
3875	  7,7480000000e+03	 -3,41664e-02	  6,90486e-02
3876	  7,7500000000e+03	 -3,57987e-02	  6,80195e-02
3877	  7,7520000000e+03	 -3,68547e-02	  6,83557e-02
3878	  7,7540000000e+03	 -3,46085e-02	  7,23617e-02
3879	  7,7560000000e+03	 -3,31718e-02	  7,06069e-02
3880	  7,7580000000e+03	 -3,44128e-02	  7,05631e-02
3881	  7,7600000000e+03	 -3,27510e-02	  7,17102e-02
3882	  7,7620000000e+03	 -2,99934e-02	  6,94000e-02
3883	  7,7640000000e+03	 -2,90452e-02	  6,93817e-02
3884	  7,7660000000e+03	 -2,77943e-02	  6,93720e-02
3885	  7,7680000000e+03	 -2,79751e-02	  6,82403e-02
3886	  7,7700000000e+03	 -2,72509e-02	  6,94235e-02
3887	  7,7720000000e+03	 -2,88819e-02	  7,03122e-02
3888	  7,7740000000e+03	 -2,75055e-02	  7,11661e-02
3889	  7,7760000000e+03	 -2,54318e-02	  7,17117e-02
3890	  7,7780000000e+03	 -2,24749e-02	  7,17973e-02
3891	  7,7800000000e+03	 -2,23478e-02	  7,02955e-02
3892	  7,7820000000e+03	 -2,44364e-02	  6,81188e-02
3893	  7,7840000000e+03	 -2,18155e-02	  7,00956e-02
3894	  7,7860000000e+03	 -2,10909e-02	  7,27377e-02
3895	  7,7880000000e+03	 -1,92317e-02	  7,21564e-02
3896	  7,7900000000e+03	 -1,81693e-02	  7,28151e-02
3897	  7,7920000000e+03	 -1,81015e-02	  7,35159e-02
3898	  7,7940000000e+03	 -1,74836e-02	  7,04901e-02
3899	  7,7960000000e+03	 -1,64825e-02	  6,88097e-02
3900	  7,7980000000e+03	 -1,68575e-02	  7,04576e-02
3901	  7,8000000000e+03	 -1,75359e-02	  7,13848e-02
3902	  7,8020000000e+03	 -1,41857e-02	  6,97096e-02
3903	  7,8040000000e+03	 -1,40988e-02	  7,13473e-02
3904	  7,8060000000e+03	 -1,16389e-02	  7,16710e-02
3905	  7,8080000000e+03	 -1,09333e-02	  7,30998e-02
3906	  7,8100000000e+03	 -1,00527e-02	  7,35651e-02
3907	  7,8120000000e+03	 -9,57377e-03	  7,40400e-02
3908	  7,8140000000e+03	 -8,25247e-03	  7,18103e-02
3909	  7,8160000000e+03	 -8,16116e-03	  7,22040e-02
3910	  7,8180000000e+03	 -1,24643e-02	  7,19547e-02
3911	  7,8200000000e+03	 -1,05453e-02	  7,14313e-02
3912	  7,8220000000e+03	 -6,23049e-03	  7,01135e-02
3913	  7,8240000000e+03	 -4,58897e-03	  6,84185e-02
3914	  7,8260000000e+03	 -5,48633e-03	  7,10914e-02
3915	  7,8280000000e+03	 -4,03676e-03	  7,19972e-02
3916	  7,8300000000e+03	 -3,96926e-03	  7,18941e-02
3917	  7,8320000000e+03	 -3,83746e-03	  7,08660e-02
3918	  7,8340000000e+03	 -2,69011e-03	  7,08147e-02
3919	  7,8360000000e+03	 -3,50436e-03	  6,90117e-02
3920	  7,8380000000e+03	 -3,24247e-03	  6,99396e-02
3921	  7,8400000000e+03	 -2,09514e-03	  7,03832e-02
3922	  7,8420000000e+03	 -2,31124e-03	  7,12485e-02
3923	  7,8440000000e+03	 -1,14296e-04	  7,08754e-02
3924	  7,8460000000e+03	  3,06541e-03	  6,97907e-02
3925	  7,8480000000e+03	  2,41508e-03	  6,76262e-02
3926	  7,8500000000e+03	  5,37213e-03	  6,90884e-02
3927	  7,8520000000e+03	  7,01372e-03	  7,27834e-02
3928	  7,8540000000e+03	  5,76264e-03	  7,27751e-02
3929	  7,8560000000e+03	  7,18913e-03	  7,08448e-02
3930	  7,8580000000e+03	  7,79502e-03	  7,05780e-02
3931	  7,8600000000e+03	  8,93665e-03	  7,18508e-02
3932	  7,8620000000e+03	  8,71565e-03	  6,95545e-02
3933	  7,8640000000e+03	  8,80250e-03	  6,67711e-02
3934	  7,8660000000e+03	  9,49086e-03	  6,88721e-02
3935	  7,8680000000e+03	  9,11815e-03	  6,65436e-02
3936	  7,8700000000e+03	  1,15831e-02	  6,62705e-02
3937	  7,8720000000e+03	  1,23093e-02	  6,74135e-02
3938	  7,8740000000e+03	  1,31697e-02	  6,94150e-02
3939	  7,8760000000e+03	  1,40380e-02	  6,82830e-02
3940	  7,8780000000e+03	  1,58760e-02	  6,79401e-02
3941	  7,8800000000e+03	  1,48941e-02	  6,80663e-02
3942	  7,8820000000e+03	  1,75924e-02	  6,73639e-02
3943	  7,8840000000e+03	  1,75093e-02	  6,57004e-02
3944	  7,8860000000e+03	  1,52884e-02	  6,41420e-02
3945	  7,8880000000e+03	  1,76720e-02	  6,55449e-02
3946	  7,8900000000e+03	  1,93011e-02	  6,55784e-02
3947	  7,8920000000e+03	  1,73384e-02	  6,51310e-02
3948	  7,8940000000e+03	  1,88893e-02	  6,75395e-02
3949	  7,8960000000e+03	  2,10422e-02	  6,74358e-02
3950	  7,8980000000e+03	  2,25127e-02	  6,58829e-02
3951	  7,9000000000e+03	  2,22305e-02	  6,69129e-02
3952	  7,9020000000e+03	  1,98653e-02	  6,79440e-02
3953	  7,9040000000e+03	  2,12935e-02	  6,65911e-02
3954	  7,9060000000e+03	  2,43878e-02	  6,69620e-02
3955	  7,9080000000e+03	  2,62442e-02	  6,60709e-02
3956	  7,9100000000e+03	  2,54332e-02	  6,42266e-02
3957	  7,9120000000e+03	  2,59045e-02	  6,24002e-02
3958	  7,9140000000e+03	  2,85884e-02	  6,34023e-02
3959	  7,9160000000e+03	  2,98660e-02	  6,26382e-02
3960	  7,9180000000e+03	  3,24390e-02	  6,31549e-02
3961	  7,9200000000e+03	  3,28201e-02	  6,39662e-02
3962	  7,9220000000e+03	  3,28134e-02	  6,24383e-02
3963	  7,9240000000e+03	  3,23124e-02	  6,20063e-02
3964	  7,9260000000e+03	  3,28257e-02	  6,05590e-02
3965	  7,9280000000e+03	  3,30568e-02	  5,81958e-02
3966	  7,9300000000e+03	  3,58083e-02	  5,90990e-02
3967	  7,9320000000e+03	  3,38876e-02	  5,95239e-02
3968	  7,9340000000e+03	  3,12659e-02	  6,06762e-02
3969	  7,9360000000e+03	  3,22024e-02	  6,09298e-02
3970	  7,9380000000e+03	  3,42835e-02	  5,98481e-02
3971	  7,9400000000e+03	  3,73471e-02	  5,88543e-02
3972	  7,9420000000e+03	  3,82085e-02	  5,75801e-02
3973	  7,9440000000e+03	  3,69468e-02	  5,83593e-02
3974	  7,9460000000e+03	  4,02517e-02	  5,65180e-02
3975	  7,9480000000e+03	  4,19541e-02	  5,71261e-02
3976	  7,9500000000e+03	  4,14009e-02	  5,71021e-02
3977	  7,9520000000e+03	  4,09562e-02	  5,67015e-02
3978	  7,9540000000e+03	  4,04274e-02	  5,67150e-02
3979	  7,9560000000e+03	  4,25447e-02	  5,54569e-02
3980	  7,9580000000e+03	  4,28799e-02	  5,41369e-02
3981	  7,9600000000e+03	  4,12653e-02	  5,58980e-02
3982	  7,9620000000e+03	  4,26508e-02	  5,55176e-02
3983	  7,9640000000e+03	  4,45815e-02	  5,47811e-02
3984	  7,9660000000e+03	  4,54135e-02	  5,45794e-02
3985	  7,9680000000e+03	  4,84135e-02	  5,40724e-02
3986	  7,9700000000e+03	  4,77656e-02	  5,33921e-02
3987	  7,9720000000e+03	  4,74625e-02	  5,07196e-02
3988	  7,9740000000e+03	  4,91170e-02	  5,09746e-02
3989	  7,9760000000e+03	  5,01091e-02	  4,97639e-02
3990	  7,9780000000e+03	  5,03935e-02	  4,94432e-02
3991	  7,9800000000e+03	  5,08104e-02	  4,68504e-02
3992	  7,9820000000e+03	  5,15401e-02	  4,58811e-02
3993	  7,9840000000e+03	  5,37164e-02	  4,62831e-02
3994	  7,9860000000e+03	  5,28706e-02	  4,43780e-02
3995	  7,9880000000e+03	  5,27262e-02	  4,50944e-02
3996	  7,9900000000e+03	  5,47301e-02	  4,58596e-02
3997	  7,9920000000e+03	  5,58656e-02	  4,58432e-02
3998	  7,9940000000e+03	  5,23696e-02	  4,34133e-02
3999	  7,9960000000e+03	  5,33772e-02	  4,09819e-02
4000	  7,9980000000e+03	  5,29995e-02	  3,97384e-02
4001	  8,0000000000e+03	  5,42469e-02	  3,95923e-02
4002	  8,0020000000e+03	  5,70537e-02	  3,86741e-02
4003	  8,0040000000e+03	  5,81793e-02	  3,92027e-02
4004	  8,0060000000e+03	  5,64877e-02	  3,63355e-02
4005	  8,0080000000e+03	  5,88288e-02	  3,34117e-02
4006	  8,0100000000e+03	  6,05813e-02	  3,30572e-02
4007	  8,0120000000e+03	  5,82932e-02	  3,41238e-02
4008	  8,0140000000e+03	  5,98620e-02	  3,58431e-02
4009	  8,0160000000e+03	  6,10071e-02	  3,40877e-02
4010	  8,0180000000e+03	  6,00186e-02	  3,25737e-02
4011	  8,0200000000e+03	  6,03319e-02	  3,24852e-02
4012	  8,0220000000e+03	  6,08009e-02	  3,23466e-02
4013	  8,0240000000e+03	  6,38324e-02	  3,06143e-02
4014	  8,0260000000e+03	  6,44823e-02	  2,78270e-02
4015	  8,0280000000e+03	  6,56546e-02	  2,58503e-02
4016	  8,0300000000e+03	  6,35412e-02	  2,58843e-02
4017	  8,0320000000e+03	  6,17900e-02	  2,63849e-02
4018	  8,0340000000e+03	  6,07657e-02	  2,47408e-02
4019	  8,0360000000e+03	  6,06008e-02	  2,37320e-02
4020	  8,0380000000e+03	  6,05691e-02	  2,21926e-02
4021	  8,0400000000e+03	  6,17070e-02	  2,12675e-02
4022	  8,0420000000e+03	  6,33998e-02	  2,05487e-02
4023	  8,0440000000e+03	  6,54588e-02	  2,03867e-02
4024	  8,0460000000e+03	  6,70150e-02	  1,98479e-02
4025	  8,0480000000e+03	  6,44055e-02	  1,51840e-02
4026	  8,0500000000e+03	  6,49338e-02	  1,63973e-02
4027	  8,0520000000e+03	  6,38818e-02	  1,81094e-02
4028	  8,0540000000e+03	  6,49119e-02	  1,63364e-02
4029	  8,0560000000e+03	  6,59590e-02	  1,73127e-02
4030	  8,0580000000e+03	  6,67496e-02	  1,61232e-02
4031	  8,0600000000e+03	  6,57374e-02	  1,28472e-02
4032	  8,0620000000e+03	  6,59434e-02	  1,30511e-02
4033	  8,0640000000e+03	  6,47452e-02	  1,23803e-02
4034	  8,0660000000e+03	  6,42279e-02	  1,01578e-02
4035	  8,0680000000e+03	  6,47818e-02	  7,62485e-03
4036	  8,0700000000e+03	  6,44139e-02	  6,72381e-03
4037	  8,0720000000e+03	  6,33126e-02	  9,19163e-03
4038	  8,0740000000e+03	  6,09656e-02	  8,07154e-03
4039	  8,0760000000e+03	  5,78271e-02	  3,78629e-03
4040	  8,0780000000e+03	  5,92017e-02	  1,96084e-03
4041	  8,0800000000e+03	  6,23201e-02	  2,63753e-03
4042	  8,0820000000e+03	  6,46457e-02	  2,98613e-03
4043	  8,0840000000e+03	  6,44525e-02	  2,89948e-03
4044	  8,0860000000e+03	  6,18893e-02	  1,67838e-03
4045	  8,0880000000e+03	  6,11172e-02	  6,91647e-04
4046	  8,0900000000e+03	  6,19707e-02	 -1,66316e-03
4047	  8,0920000000e+03	  6,29726e-02	 -2,87246e-03
4048	  8,0940000000e+03	  6,06111e-02	 -7,24628e-03
4049	  8,0960000000e+03	  5,97217e-02	 -5,39345e-03
4050	  8,0980000000e+03	  6,25536e-02	 -3,25628e-03
4051	  8,1000000000e+03	  6,18688e-02	 -4,78758e-03
4052	  8,1020000000e+03	  6,10866e-02	 -5,99857e-03
4053	  8,1040000000e+03	  5,96576e-02	 -5,44198e-03
4054	  8,1060000000e+03	  5,69282e-02	 -5,10708e-03
4055	  8,1080000000e+03	  5,76630e-02	 -7,24635e-03
4056	  8,1100000000e+03	  5,63338e-02	 -7,76536e-03
4057	  8,1120000000e+03	  5,73185e-02	 -6,72703e-03
4058	  8,1140000000e+03	  5,65816e-02	 -7,68719e-03
4059	  8,1160000000e+03	  5,55781e-02	 -9,13008e-03
4060	  8,1180000000e+03	  5,74659e-02	 -6,60827e-03
4061	  8,1200000000e+03	  5,62720e-02	 -5,66329e-03
4062	  8,1220000000e+03	  5,34526e-02	 -6,84787e-03
4063	  8,1240000000e+03	  5,39504e-02	 -7,72930e-03
4064	  8,1260000000e+03	  5,44743e-02	 -7,76944e-03
4065	  8,1280000000e+03	  5,42584e-02	 -8,00473e-03
4066	  8,1300000000e+03	  5,50716e-02	 -8,78551e-03
4067	  8,1320000000e+03	  5,62358e-02	 -8,26874e-03
4068	  8,1340000000e+03	  5,59323e-02	 -1,14732e-02
4069	  8,1360000000e+03	  5,35946e-02	 -1,17736e-02
4070	  8,1380000000e+03	  5,51406e-02	 -9,43239e-03
4071	  8,1400000000e+03	  5,47952e-02	 -1,17847e-02
4072	  8,1420000000e+03	  5,51755e-02	 -1,25222e-02
4073	  8,1440000000e+03	  5,48420e-02	 -1,27923e-02
4074	  8,1460000000e+03	  5,47960e-02	 -1,27296e-02
4075	  8,1480000000e+03	  5,50321e-02	 -1,39656e-02
4076	  8,1500000000e+03	  5,57032e-02	 -1,57924e-02
4077	  8,1520000000e+03	  5,63557e-02	 -1,69872e-02
4078	  8,1540000000e+03	  5,63606e-02	 -1,60482e-02
4079	  8,1560000000e+03	  5,72077e-02	 -1,62835e-02
4080	  8,1580000000e+03	  5,77978e-02	 -1,56086e-02
4081	  8,1600000000e+03	  5,61552e-02	 -1,70101e-02
4082	  8,1620000000e+03	  5,81933e-02	 -1,89276e-02
4083	  8,1640000000e+03	  5,69028e-02	 -1,91955e-02
4084	  8,1660000000e+03	  5,51651e-02	 -1,96235e-02
4085	  8,1680000000e+03	  5,52131e-02	 -2,22898e-02
4086	  8,1700000000e+03	  5,56376e-02	 -2,21077e-02
4087	  8,1720000000e+03	  5,31936e-02	 -2,10971e-02
4088	  8,1740000000e+03	  5,36617e-02	 -1,98819e-02
4089	  8,1760000000e+03	  5,46932e-02	 -2,19680e-02
4090	  8,1780000000e+03	  5,28500e-02	 -2,41776e-02
4091	  8,1800000000e+03	  5,13935e-02	 -2,36170e-02
4092	  8,1820000000e+03	  5,29473e-02	 -2,15995e-02
4093	  8,1840000000e+03	  5,35693e-02	 -2,13179e-02
4094	  8,1860000000e+03	  5,59663e-02	 -2,56972e-02
4095	  8,1880000000e+03	  5,56091e-02	 -2,92396e-02
4096	  8,1900000000e+03	  5,66204e-02	 -2,73030e-02
4097	  8,1920000000e+03	  5,56233e-02	 -2,68486e-02
4098	  8,1940000000e+03	  5,75580e-02	 -2,84140e-02
4099	  8,1960000000e+03	  5,68643e-02	 -2,82408e-02
4100	  8,1980000000e+03	  5,36943e-02	 -2,99102e-02
4101	  8,2000000000e+03	  5,35601e-02	 -3,14004e-02
4102	  8,2020000000e+03	  5,57689e-02	 -3,28774e-02
4103	  8,2040000000e+03	  5,50028e-02	 -3,21014e-02
4104	  8,2060000000e+03	  5,26946e-02	 -3,30139e-02
4105	  8,2080000000e+03	  5,29015e-02	 -3,40487e-02
4106	  8,2100000000e+03	  5,40555e-02	 -3,72233e-02
4107	  8,2120000000e+03	  5,40551e-02	 -3,73856e-02
4108	  8,2140000000e+03	  5,38193e-02	 -3,84020e-02
4109	  8,2160000000e+03	  5,28803e-02	 -3,92386e-02
4110	  8,2180000000e+03	  5,30074e-02	 -4,11840e-02
4111	  8,2200000000e+03	  5,28174e-02	 -4,31653e-02
4112	  8,2220000000e+03	  4,92781e-02	 -4,32633e-02
4113	  8,2240000000e+03	  4,83839e-02	 -4,27017e-02
4114	  8,2260000000e+03	  4,85989e-02	 -4,45401e-02
4115	  8,2280000000e+03	  4,70326e-02	 -4,71057e-02
4116	  8,2300000000e+03	  4,64053e-02	 -4,55639e-02
4117	  8,2320000000e+03	  4,72239e-02	 -4,73117e-02
4118	  8,2340000000e+03	  4,86446e-02	 -4,66867e-02
4119	  8,2360000000e+03	  4,64738e-02	 -4,84112e-02
4120	  8,2380000000e+03	  4,42930e-02	 -4,93544e-02
4121	  8,2400000000e+03	  4,46237e-02	 -5,00536e-02
4122	  8,2420000000e+03	  4,24138e-02	 -5,20404e-02
4123	  8,2440000000e+03	  4,09694e-02	 -5,34225e-02
4124	  8,2460000000e+03	  4,02298e-02	 -5,30132e-02
4125	  8,2480000000e+03	  4,01668e-02	 -5,39215e-02
4126	  8,2500000000e+03	  3,97091e-02	 -5,35245e-02
4127	  8,2520000000e+03	  3,85016e-02	 -5,33585e-02
4128	  8,2540000000e+03	  3,81754e-02	 -5,62932e-02
4129	  8,2560000000e+03	  3,80913e-02	 -5,64529e-02
4130	  8,2580000000e+03	  3,96298e-02	 -5,62271e-02
4131	  8,2600000000e+03	  3,52664e-02	 -5,55189e-02
4132	  8,2620000000e+03	  3,09397e-02	 -5,82318e-02
4133	  8,2640000000e+03	  3,11494e-02	 -6,16565e-02
4134	  8,2660000000e+03	  3,41556e-02	 -6,02747e-02
4135	  8,2680000000e+03	  3,43576e-02	 -5,96160e-02
4136	  8,2700000000e+03	  3,34168e-02	 -5,90675e-02
4137	  8,2720000000e+03	  2,69835e-02	 -6,23276e-02
4138	  8,2740000000e+03	  2,64072e-02	 -6,41996e-02
4139	  8,2760000000e+03	  2,73820e-02	 -6,25886e-02
4140	  8,2780000000e+03	  2,54707e-02	 -6,26000e-02
4141	  8,2800000000e+03	  2,36361e-02	 -6,24762e-02
4142	  8,2820000000e+03	  2,10337e-02	 -6,31315e-02
4143	  8,2840000000e+03	  2,15867e-02	 -6,37336e-02
4144	  8,2860000000e+03	  2,12818e-02	 -6,42239e-02
4145	  8,2880000000e+03	  1,86712e-02	 -6,51080e-02
4146	  8,2900000000e+03	  1,53849e-02	 -6,48245e-02
4147	  8,2920000000e+03	  1,40261e-02	 -6,37776e-02
4148	  8,2940000000e+03	  1,35572e-02	 -6,38803e-02
4149	  8,2960000000e+03	  1,35221e-02	 -6,67253e-02
4150	  8,2980000000e+03	  1,23203e-02	 -6,55163e-02
4151	  8,3000000000e+03	  9,45647e-03	 -6,55849e-02
4152	  8,3020000000e+03	  8,17515e-03	 -6,47852e-02
4153	  8,3040000000e+03	  7,32864e-03	 -6,32165e-02
4154	  8,3060000000e+03	  7,52722e-03	 -6,31576e-02
4155	  8,3080000000e+03	  6,39968e-03	 -6,21427e-02
4156	  8,3100000000e+03	  5,67833e-03	 -6,16767e-02
4157	  8,3120000000e+03	  5,41395e-03	 -6,24884e-02
4158	  8,3140000000e+03	  2,45373e-03	 -6,04285e-02
4159	  8,3160000000e+03	  2,28752e-03	 -6,21680e-02
4160	  8,3180000000e+03	  3,96378e-04	 -6,24631e-02
4161	  8,3200000000e+03	 -6,44009e-04	 -6,23408e-02
4162	  8,3220000000e+03	 -1,62298e-03	 -6,32278e-02
4163	  8,3240000000e+03	 -9,83964e-04	 -6,37615e-02
4164	  8,3260000000e+03	 -1,87352e-03	 -5,93973e-02
4165	  8,3280000000e+03	 -5,72899e-03	 -5,84816e-02
4166	  8,3300000000e+03	 -5,17032e-03	 -5,61970e-02
4167	  8,3320000000e+03	 -6,03911e-03	 -5,54895e-02
4168	  8,3340000000e+03	 -7,33723e-03	 -5,71515e-02
4169	  8,3360000000e+03	 -8,03563e-03	 -5,77750e-02
4170	  8,3380000000e+03	 -6,75678e-03	 -5,83513e-02
4171	  8,3400000000e+03	 -6,11951e-03	 -5,95979e-02
4172	  8,3420000000e+03	 -6,15627e-03	 -5,77504e-02
4173	  8,3440000000e+03	 -8,54525e-03	 -5,63666e-02
4174	  8,3460000000e+03	 -8,64642e-03	 -5,87816e-02
4175	  8,3480000000e+03	 -8,61642e-03	 -5,63111e-02
4176	  8,3500000000e+03	 -1,04226e-02	 -5,41596e-02
4177	  8,3520000000e+03	 -1,03793e-02	 -5,31236e-02
4178	  8,3540000000e+03	 -9,54166e-03	 -5,54180e-02
4179	  8,3560000000e+03	 -1,14953e-02	 -5,71183e-02
4180	  8,3580000000e+03	 -1,25953e-02	 -5,48028e-02
4181	  8,3600000000e+03	 -1,22268e-02	 -5,50389e-02
4182	  8,3620000000e+03	 -1,35074e-02	 -5,50474e-02
4183	  8,3640000000e+03	 -1,15665e-02	 -5,60075e-02
4184	  8,3660000000e+03	 -1,53279e-02	 -5,51102e-02
4185	  8,3680000000e+03	 -1,83528e-02	 -5,23110e-02
4186	  8,3700000000e+03	 -1,58964e-02	 -5,13478e-02
4187	  8,3720000000e+03	 -1,70719e-02	 -5,24310e-02
4188	  8,3740000000e+03	 -1,94810e-02	 -5,20562e-02
4189	  8,3760000000e+03	 -1,91481e-02	 -5,12307e-02
4190	  8,3780000000e+03	 -1,92615e-02	 -5,24150e-02
4191	  8,3800000000e+03	 -1,89092e-02	 -5,25641e-02
4192	  8,3820000000e+03	 -2,00193e-02	 -5,46118e-02
4193	  8,3840000000e+03	 -2,09010e-02	 -5,30987e-02
4194	  8,3860000000e+03	 -2,18633e-02	 -5,21513e-02
4195	  8,3880000000e+03	 -2,27539e-02	 -5,15900e-02
4196	  8,3900000000e+03	 -2,18317e-02	 -4,98754e-02
4197	  8,3920000000e+03	 -2,11979e-02	 -5,12409e-02
4198	  8,3940000000e+03	 -2,16193e-02	 -5,38762e-02
4199	  8,3960000000e+03	 -2,26035e-02	 -5,25552e-02
4200	  8,3980000000e+03	 -2,16321e-02	 -5,01872e-02
4201	  8,4000000000e+03	 -2,11566e-02	 -5,06949e-02
4202	  8,4020000000e+03	 -2,30062e-02	 -5,23164e-02
4203	  8,4040000000e+03	 -2,72154e-02	 -5,17787e-02
4204	  8,4060000000e+03	 -2,80924e-02	 -5,37607e-02
4205	  8,4080000000e+03	 -2,76171e-02	 -5,39410e-02
4206	  8,4100000000e+03	 -2,66603e-02	 -5,49769e-02
4207	  8,4120000000e+03	 -2,63023e-02	 -5,38280e-02
4208	  8,4140000000e+03	 -2,87679e-02	 -5,38225e-02
4209	  8,4160000000e+03	 -3,04423e-02	 -5,16753e-02
4210	  8,4180000000e+03	 -3,11966e-02	 -4,95501e-02
4211	  8,4200000000e+03	 -3,15626e-02	 -5,02148e-02
4212	  8,4220000000e+03	 -3,14067e-02	 -5,07715e-02
4213	  8,4240000000e+03	 -3,23944e-02	 -5,32190e-02
4214	  8,4260000000e+03	 -3,30134e-02	 -5,19335e-02
4215	  8,4280000000e+03	 -3,49326e-02	 -4,95974e-02
4216	  8,4300000000e+03	 -3,66251e-02	 -4,78183e-02
4217	  8,4320000000e+03	 -3,86122e-02	 -4,54968e-02
4218	  8,4340000000e+03	 -3,78768e-02	 -4,68635e-02
4219	  8,4360000000e+03	 -3,92872e-02	 -4,69771e-02
4220	  8,4380000000e+03	 -4,03038e-02	 -4,51072e-02
4221	  8,4400000000e+03	 -4,07523e-02	 -4,31270e-02
4222	  8,4420000000e+03	 -4,19110e-02	 -4,29617e-02
4223	  8,4440000000e+03	 -4,34048e-02	 -4,35143e-02
4224	  8,4460000000e+03	 -4,43983e-02	 -4,36492e-02
4225	  8,4480000000e+03	 -4,38773e-02	 -4,54007e-02
4226	  8,4500000000e+03	 -4,33518e-02	 -4,39584e-02
4227	  8,4520000000e+03	 -4,56390e-02	 -4,20172e-02
4228	  8,4540000000e+03	 -4,66012e-02	 -4,05717e-02
4229	  8,4560000000e+03	 -4,84408e-02	 -3,83744e-02
4230	  8,4580000000e+03	 -4,84849e-02	 -3,81467e-02
4231	  8,4600000000e+03	 -4,80404e-02	 -3,83837e-02
4232	  8,4620000000e+03	 -4,91812e-02	 -3,83415e-02
4233	  8,4640000000e+03	 -4,86562e-02	 -3,71608e-02
4234	  8,4660000000e+03	 -4,91700e-02	 -3,73868e-02
4235	  8,4680000000e+03	 -5,06045e-02	 -3,60028e-02
4236	  8,4700000000e+03	 -5,17991e-02	 -3,69833e-02
4237	  8,4720000000e+03	 -5,59097e-02	 -3,62199e-02
4238	  8,4740000000e+03	 -5,82041e-02	 -3,53165e-02
4239	  8,4760000000e+03	 -5,71767e-02	 -3,47610e-02
4240	  8,4780000000e+03	 -5,85458e-02	 -3,54316e-02
4241	  8,4800000000e+03	 -5,97416e-02	 -3,30751e-02
4242	  8,4820000000e+03	 -6,09329e-02	 -3,02976e-02
4243	  8,4840000000e+03	 -6,14068e-02	 -3,00231e-02
4244	  8,4860000000e+03	 -6,31168e-02	 -3,13506e-02
4245	  8,4880000000e+03	 -6,50561e-02	 -2,88326e-02
4246	  8,4900000000e+03	 -6,69598e-02	 -2,55421e-02
4247	  8,4920000000e+03	 -6,69911e-02	 -2,47821e-02
4248	  8,4940000000e+03	 -6,53214e-02	 -2,37230e-02
4249	  8,4960000000e+03	 -6,48146e-02	 -2,44358e-02
4250	  8,4980000000e+03	 -6,60440e-02	 -1,96650e-02
4251	  8,5000000000e+03	 -6,52794e-02	 -1,88145e-02
4252	  8,5020000000e+03	 -6,68134e-02	 -1,86741e-02
4253	  8,5040000000e+03	 -6,80883e-02	 -1,53887e-02
4254	  8,5060000000e+03	 -6,81312e-02	 -1,47989e-02
4255	  8,5080000000e+03	 -6,63887e-02	 -1,40264e-02
4256	  8,5100000000e+03	 -6,72424e-02	 -1,18613e-02
4257	  8,5120000000e+03	 -6,91478e-02	 -1,09605e-02
4258	  8,5140000000e+03	 -6,84769e-02	 -9,67554e-03
4259	  8,5160000000e+03	 -6,86517e-02	 -8,23048e-03
4260	  8,5180000000e+03	 -6,78261e-02	 -5,39719e-03
4261	  8,5200000000e+03	 -6,98892e-02	 -6,57009e-03
4262	  8,5220000000e+03	 -7,00011e-02	 -5,98609e-03
4263	  8,5240000000e+03	 -6,92182e-02	 -3,35868e-03
4264	  8,5260000000e+03	 -7,09502e-02	 -9,51875e-04
4265	  8,5280000000e+03	 -7,16793e-02	  1,11023e-03
4266	  8,5300000000e+03	 -7,07081e-02	  1,22347e-03
4267	  8,5320000000e+03	 -7,08095e-02	  1,90430e-03
4268	  8,5340000000e+03	 -6,94903e-02	  2,34976e-03
4269	  8,5360000000e+03	 -6,88476e-02	  4,47505e-03
4270	  8,5380000000e+03	 -7,02713e-02	  7,94377e-03
4271	  8,5400000000e+03	 -6,91750e-02	  7,76590e-03
4272	  8,5420000000e+03	 -6,88990e-02	  9,68605e-03
4273	  8,5440000000e+03	 -6,87197e-02	  1,21733e-02
4274	  8,5460000000e+03	 -6,75475e-02	  1,34579e-02
4275	  8,5480000000e+03	 -6,82239e-02	  1,72278e-02
4276	  8,5500000000e+03	 -6,82603e-02	  1,84106e-02
4277	  8,5520000000e+03	 -6,75071e-02	  2,04325e-02
4278	  8,5540000000e+03	 -6,55950e-02	  2,19346e-02
4279	  8,5560000000e+03	 -6,46738e-02	  2,20052e-02
4280	  8,5580000000e+03	 -6,35159e-02	  2,24695e-02
4281	  8,5600000000e+03	 -6,33942e-02	  2,59823e-02
4282	  8,5620000000e+03	 -6,40816e-02	  2,76878e-02
4283	  8,5640000000e+03	 -6,24922e-02	  2,95610e-02
4284	  8,5660000000e+03	 -6,26406e-02	  3,01944e-02
4285	  8,5680000000e+03	 -6,43920e-02	  3,25736e-02
4286	  8,5700000000e+03	 -5,98463e-02	  3,41646e-02
4287	  8,5720000000e+03	 -5,82533e-02	  3,26467e-02
4288	  8,5740000000e+03	 -5,93907e-02	  3,12599e-02
4289	  8,5760000000e+03	 -5,84559e-02	  3,32908e-02
4290	  8,5780000000e+03	 -5,79124e-02	  3,59311e-02
4291	  8,5800000000e+03	 -5,73382e-02	  3,68046e-02
4292	  8,5820000000e+03	 -5,66928e-02	  3,84865e-02
4293	  8,5840000000e+03	 -5,61088e-02	  3,77818e-02
4294	  8,5860000000e+03	 -5,72280e-02	  3,85509e-02
4295	  8,5880000000e+03	 -5,48330e-02	  3,90163e-02
4296	  8,5900000000e+03	 -5,04513e-02	  4,41106e-02
4297	  8,5920000000e+03	 -4,85685e-02	  4,71078e-02
4298	  8,5940000000e+03	 -4,63255e-02	  4,75424e-02
4299	  8,5960000000e+03	 -4,48533e-02	  4,75664e-02
4300	  8,5980000000e+03	 -4,53574e-02	  4,89213e-02
4301	  8,6000000000e+03	 -4,44712e-02	  5,23982e-02
4302	  8,6020000000e+03	 -4,17712e-02	  5,39562e-02
4303	  8,6040000000e+03	 -4,14946e-02	  5,04785e-02
4304	  8,6060000000e+03	 -3,95186e-02	  5,12460e-02
4305	  8,6080000000e+03	 -3,77874e-02	  5,13797e-02
4306	  8,6100000000e+03	 -3,69827e-02	  4,92513e-02
4307	  8,6120000000e+03	 -3,50124e-02	  5,00457e-02
4308	  8,6140000000e+03	 -3,55001e-02	  5,13174e-02
4309	  8,6160000000e+03	 -3,14397e-02	  4,99206e-02
4310	  8,6180000000e+03	 -3,04488e-02	  5,16418e-02
4311	  8,6200000000e+03	 -2,92522e-02	  5,33886e-02
4312	  8,6220000000e+03	 -2,88360e-02	  5,35003e-02
4313	  8,6240000000e+03	 -2,87637e-02	  5,09732e-02
4314	  8,6260000000e+03	 -2,93641e-02	  5,09991e-02
4315	  8,6280000000e+03	 -2,70787e-02	  5,21161e-02
4316	  8,6300000000e+03	 -2,38644e-02	  5,15879e-02
4317	  8,6320000000e+03	 -2,42608e-02	  5,45877e-02
4318	  8,6340000000e+03	 -2,44610e-02	  5,39254e-02
4319	  8,6360000000e+03	 -2,20373e-02	  5,25306e-02
4320	  8,6380000000e+03	 -2,08144e-02	  5,29162e-02
4321	  8,6400000000e+03	 -2,22571e-02	  5,52631e-02
4322	  8,6420000000e+03	 -2,00154e-02	  5,65063e-02
4323	  8,6440000000e+03	 -1,85877e-02	  5,72315e-02
4324	  8,6460000000e+03	 -1,67643e-02	  5,64468e-02
4325	  8,6480000000e+03	 -1,71130e-02	  5,49930e-02
4326	  8,6500000000e+03	 -1,66677e-02	  5,47018e-02
4327	  8,6520000000e+03	 -1,55628e-02	  5,40921e-02
4328	  8,6540000000e+03	 -1,53557e-02	  5,34789e-02
4329	  8,6560000000e+03	 -1,53151e-02	  5,25914e-02
4330	  8,6580000000e+03	 -1,24704e-02	  5,37642e-02
4331	  8,6600000000e+03	 -1,08284e-02	  5,16937e-02
4332	  8,6620000000e+03	 -8,54333e-03	  5,11764e-02
4333	  8,6640000000e+03	 -6,50977e-03	  5,41486e-02
4334	  8,6660000000e+03	 -6,42701e-03	  5,27370e-02
4335	  8,6680000000e+03	 -3,99911e-03	  5,23362e-02
4336	  8,6700000000e+03	 -3,28407e-03	  5,40630e-02
4337	  8,6720000000e+03	 -4,93389e-03	  5,72103e-02
4338	  8,6740000000e+03	 -5,22678e-03	  5,61090e-02
4339	  8,6760000000e+03	  4,46297e-04	  5,53535e-02
4340	  8,6780000000e+03	  3,01442e-03	  5,56109e-02
4341	  8,6800000000e+03	  1,20860e-03	  5,55824e-02
4342	  8,6820000000e+03	  6,41951e-04	  5,30766e-02
4343	  8,6840000000e+03	 -4,00964e-04	  5,11554e-02
4344	  8,6860000000e+03	  3,88264e-04	  5,12982e-02
4345	  8,6880000000e+03	  1,77119e-03	  5,07568e-02
4346	  8,6900000000e+03	  2,41365e-03	  5,30634e-02
4347	  8,6920000000e+03	  3,68278e-03	  5,22836e-02
4348	  8,6940000000e+03	  5,45843e-03	  5,09832e-02
4349	  8,6960000000e+03	  6,56428e-03	  4,86516e-02
4350	  8,6980000000e+03	  5,44861e-03	  4,83938e-02
4351	  8,7000000000e+03	  6,52613e-03	  4,82721e-02
4352	  8,7020000000e+03	  7,52074e-03	  4,77753e-02
4353	  8,7040000000e+03	  7,90373e-03	  4,83187e-02
4354	  8,7060000000e+03	  8,86839e-03	  4,76443e-02
4355	  8,7080000000e+03	  8,19350e-03	  5,04094e-02
4356	  8,7100000000e+03	  7,82679e-03	  4,82749e-02
4357	  8,7120000000e+03	  9,97892e-03	  4,78337e-02
4358	  8,7140000000e+03	  1,05683e-02	  4,71232e-02
4359	  8,7160000000e+03	  1,07008e-02	  4,54440e-02
4360	  8,7180000000e+03	  1,27231e-02	  4,68320e-02
4361	  8,7200000000e+03	  1,22620e-02	  4,90658e-02
4362	  8,7220000000e+03	  1,24962e-02	  4,82671e-02
4363	  8,7240000000e+03	  1,69655e-02	  4,93445e-02
4364	  8,7260000000e+03	  1,94007e-02	  4,69258e-02
4365	  8,7280000000e+03	  1,80781e-02	  4,75970e-02
4366	  8,7300000000e+03	  1,78189e-02	  4,64026e-02
4367	  8,7320000000e+03	  1,92780e-02	  4,58651e-02
4368	  8,7340000000e+03	  2,22761e-02	  4,70737e-02
4369	  8,7360000000e+03	  2,22685e-02	  4,55356e-02
4370	  8,7380000000e+03	  2,28355e-02	  4,38694e-02
4371	  8,7400000000e+03	  2,33695e-02	  4,19351e-02
4372	  8,7420000000e+03	  2,27057e-02	  4,13566e-02
4373	  8,7440000000e+03	  2,16302e-02	  4,02886e-02
4374	  8,7460000000e+03	  2,40379e-02	  4,23819e-02
4375	  8,7480000000e+03	  2,33671e-02	  4,17852e-02
4376	  8,7500000000e+03	  2,28593e-02	  4,05220e-02
4377	  8,7520000000e+03	  2,34648e-02	  4,20020e-02
4378	  8,7540000000e+03	  2,42656e-02	  4,22025e-02
4379	  8,7560000000e+03	  2,66072e-02	  4,18651e-02
4380	  8,7580000000e+03	  2,65411e-02	  4,11986e-02
4381	  8,7600000000e+03	  2,58408e-02	  4,04091e-02
4382	  8,7620000000e+03	  2,76928e-02	  3,87839e-02
4383	  8,7640000000e+03	  2,76699e-02	  3,99800e-02
4384	  8,7660000000e+03	  2,92577e-02	  4,21853e-02
4385	  8,7680000000e+03	  2,99688e-02	  3,97512e-02
4386	  8,7700000000e+03	  3,17907e-02	  4,07700e-02
4387	  8,7720000000e+03	  3,03740e-02	  4,16144e-02
4388	  8,7740000000e+03	  3,19562e-02	  4,05337e-02
4389	  8,7760000000e+03	  3,15831e-02	  3,78386e-02
4390	  8,7780000000e+03	  3,28877e-02	  3,85960e-02
4391	  8,7800000000e+03	  3,48430e-02	  3,97054e-02
4392	  8,7820000000e+03	  3,44765e-02	  4,06707e-02
4393	  8,7840000000e+03	  3,43547e-02	  4,02462e-02
4394	  8,7860000000e+03	  3,53724e-02	  3,93031e-02
4395	  8,7880000000e+03	  3,71994e-02	  3,82195e-02
4396	  8,7900000000e+03	  3,85643e-02	  3,54419e-02
4397	  8,7920000000e+03	  3,90789e-02	  3,58438e-02
4398	  8,7940000000e+03	  4,22953e-02	  3,48726e-02
4399	  8,7960000000e+03	  4,53465e-02	  3,42622e-02
4400	  8,7980000000e+03	  4,46109e-02	  3,17810e-02
4401	  8,8000000000e+03	  4,51876e-02	  2,99581e-02
4402	  8,8020000000e+03	  4,52586e-02	  2,87945e-02
4403	  8,8040000000e+03	  4,46095e-02	  2,79296e-02
4404	  8,8060000000e+03	  4,83767e-02	  2,94469e-02
4405	  8,8080000000e+03	  4,80412e-02	  2,88900e-02
4406	  8,8100000000e+03	  4,69230e-02	  2,74636e-02
4407	  8,8120000000e+03	  4,74485e-02	  2,44569e-02
4408	  8,8140000000e+03	  4,91412e-02	  2,39978e-02
4409	  8,8160000000e+03	  5,00065e-02	  2,40940e-02
4410	  8,8180000000e+03	  5,12395e-02	  2,37055e-02
4411	  8,8200000000e+03	  4,98701e-02	  2,19147e-02
4412	  8,8220000000e+03	  4,89212e-02	  1,79723e-02
4413	  8,8240000000e+03	  5,14651e-02	  1,59825e-02
4414	  8,8260000000e+03	  5,33302e-02	  1,86488e-02
4415	  8,8280000000e+03	  5,51214e-02	  1,65059e-02
4416	  8,8300000000e+03	  5,28850e-02	  1,74470e-02
4417	  8,8320000000e+03	  5,01480e-02	  1,54325e-02
4418	  8,8340000000e+03	  5,10391e-02	  1,39917e-02
4419	  8,8360000000e+03	  5,46281e-02	  1,34161e-02
4420	  8,8380000000e+03	  5,54828e-02	  1,10763e-02
4421	  8,8400000000e+03	  5,37099e-02	  1,06679e-02
4422	  8,8420000000e+03	  5,34287e-02	  9,86566e-03
4423	  8,8440000000e+03	  5,06951e-02	  8,17220e-03
4424	  8,8460000000e+03	  5,15336e-02	  5,80914e-03
4425	  8,8480000000e+03	  5,33917e-02	  5,20167e-03
4426	  8,8500000000e+03	  5,29767e-02	  5,32405e-03
4427	  8,8520000000e+03	  5,17214e-02	  3,45498e-03
4428	  8,8540000000e+03	  5,29124e-02	 -5,27361e-04
4429	  8,8560000000e+03	  5,32417e-02	 -1,56344e-03
4430	  8,8580000000e+03	  5,45358e-02	 -2,46920e-03
4431	  8,8600000000e+03	  5,62419e-02	 -3,48618e-03
4432	  8,8620000000e+03	  5,37976e-02	 -5,02276e-03
4433	  8,8640000000e+03	  5,30280e-02	 -5,43093e-03
4434	  8,8660000000e+03	  5,32662e-02	 -4,31054e-03
4435	  8,8680000000e+03	  5,24473e-02	 -7,81291e-03
4436	  8,8700000000e+03	  5,21248e-02	 -8,18137e-03
4437	  8,8720000000e+03	  5,20228e-02	 -8,94575e-03
4438	  8,8740000000e+03	  5,13694e-02	 -1,03223e-02
4439	  8,8760000000e+03	  5,13932e-02	 -1,10489e-02
4440	  8,8780000000e+03	  4,90240e-02	 -1,13017e-02
4441	  8,8800000000e+03	  4,87160e-02	 -1,17412e-02
4442	  8,8820000000e+03	  4,88647e-02	 -1,26382e-02
4443	  8,8840000000e+03	  4,81361e-02	 -1,54001e-02
4444	  8,8860000000e+03	  4,95424e-02	 -1,69341e-02
4445	  8,8880000000e+03	  4,64831e-02	 -1,87490e-02
4446	  8,8900000000e+03	  4,60858e-02	 -1,89516e-02
4447	  8,8920000000e+03	  4,59370e-02	 -1,74333e-02
4448	  8,8940000000e+03	  4,68288e-02	 -1,79303e-02
4449	  8,8960000000e+03	  4,38655e-02	 -1,92167e-02
4450	  8,8980000000e+03	  4,39719e-02	 -2,04308e-02
4451	  8,9000000000e+03	  4,59513e-02	 -2,38827e-02
4452	  8,9020000000e+03	  4,58534e-02	 -2,62139e-02
4453	  8,9040000000e+03	  4,46588e-02	 -2,67878e-02
4454	  8,9060000000e+03	  4,21175e-02	 -2,54494e-02
4455	  8,9080000000e+03	  4,22577e-02	 -2,42623e-02
4456	  8,9100000000e+03	  4,01919e-02	 -2,55316e-02
4457	  8,9120000000e+03	  3,99054e-02	 -2,88789e-02
4458	  8,9140000000e+03	  4,00413e-02	 -2,76610e-02
4459	  8,9160000000e+03	  3,73084e-02	 -2,61544e-02
4460	  8,9180000000e+03	  3,70459e-02	 -2,68261e-02
4461	  8,9200000000e+03	  3,65477e-02	 -2,98745e-02
4462	  8,9220000000e+03	  3,68261e-02	 -3,10363e-02
4463	  8,9240000000e+03	  3,59660e-02	 -2,83236e-02
4464	  8,9260000000e+03	  3,47908e-02	 -2,74144e-02
4465	  8,9280000000e+03	  3,51587e-02	 -2,85488e-02
4466	  8,9300000000e+03	  3,44480e-02	 -2,92438e-02
4467	  8,9320000000e+03	  3,48922e-02	 -2,93485e-02
4468	  8,9340000000e+03	  3,38880e-02	 -2,98247e-02
4469	  8,9360000000e+03	  3,44655e-02	 -2,88738e-02
4470	  8,9380000000e+03	  3,36345e-02	 -3,01801e-02
4471	  8,9400000000e+03	  3,29609e-02	 -3,04906e-02
4472	  8,9420000000e+03	  3,08151e-02	 -2,93107e-02
4473	  8,9440000000e+03	  3,02209e-02	 -3,04877e-02
4474	  8,9460000000e+03	  3,25745e-02	 -3,03970e-02
4475	  8,9480000000e+03	  2,88783e-02	 -3,14376e-02
4476	  8,9500000000e+03	  2,77478e-02	 -3,16993e-02
4477	  8,9520000000e+03	  2,78607e-02	 -3,34503e-02
4478	  8,9540000000e+03	  2,37455e-02	 -3,32103e-02
4479	  8,9560000000e+03	  2,54294e-02	 -3,28305e-02
4480	  8,9580000000e+03	  2,41700e-02	 -3,16499e-02
4481	  8,9600000000e+03	  2,36871e-02	 -3,27902e-02
4482	  8,9620000000e+03	  2,59200e-02	 -3,31969e-02
4483	  8,9640000000e+03	  2,35728e-02	 -3,32915e-02
4484	  8,9660000000e+03	  2,27974e-02	 -3,30426e-02
4485	  8,9680000000e+03	  2,51769e-02	 -3,39795e-02
4486	  8,9700000000e+03	  2,42094e-02	 -3,31428e-02
4487	  8,9720000000e+03	  2,32899e-02	 -3,26625e-02
4488	  8,9740000000e+03	  2,07421e-02	 -3,09971e-02
4489	  8,9760000000e+03	  1,89168e-02	 -3,40250e-02
4490	  8,9780000000e+03	  2,00617e-02	 -3,57514e-02
4491	  8,9800000000e+03	  1,90631e-02	 -3,49580e-02
4492	  8,9820000000e+03	  1,84049e-02	 -3,40912e-02
4493	  8,9840000000e+03	  1,99068e-02	 -3,44154e-02
4494	  8,9860000000e+03	  2,02057e-02	 -3,57169e-02
4495	  8,9880000000e+03	  2,24690e-02	 -3,47845e-02
4496	  8,9900000000e+03	  2,21588e-02	 -3,22204e-02
4497	  8,9920000000e+03	  2,26721e-02	 -3,25108e-02
4498	  8,9940000000e+03	  2,46694e-02	 -3,38976e-02
4499	  8,9960000000e+03	  2,17327e-02	 -3,34496e-02
4500	  8,9980000000e+03	  2,10184e-02	 -3,13878e-02
4501	  9,0000000000e+03	  2,18663e-02	 -3,08080e-02
4502	  9,0020000000e+03	  2,34118e-02	 -3,33888e-02
4503	  9,0040000000e+03	  2,35340e-02	 -3,51410e-02
4504	  9,0060000000e+03	  2,16869e-02	 -3,97833e-02
4505	  9,0080000000e+03	  2,10889e-02	 -3,69918e-02
4506	  9,0100000000e+03	  2,39925e-02	 -3,64270e-02
4507	  9,0120000000e+03	  2,45686e-02	 -3,66966e-02
4508	  9,0140000000e+03	  2,24569e-02	 -3,59736e-02
4509	  9,0160000000e+03	  2,23157e-02	 -3,99671e-02
4510	  9,0180000000e+03	  2,04373e-02	 -3,98918e-02
4511	  9,0200000000e+03	  2,33451e-02	 -4,13698e-02
4512	  9,0220000000e+03	  2,17268e-02	 -4,31634e-02
4513	  9,0240000000e+03	  2,04968e-02	 -4,18636e-02
4514	  9,0260000000e+03	  2,22587e-02	 -4,01189e-02
4515	  9,0280000000e+03	  2,01065e-02	 -3,92556e-02
4516	  9,0300000000e+03	  2,28112e-02	 -4,22947e-02
4517	  9,0320000000e+03	  1,92816e-02	 -4,16208e-02
4518	  9,0340000000e+03	  1,69041e-02	 -4,47291e-02
4519	  9,0360000000e+03	  1,63166e-02	 -4,71267e-02
4520	  9,0380000000e+03	  1,81008e-02	 -4,74111e-02
4521	  9,0400000000e+03	  1,39746e-02	 -4,66458e-02
4522	  9,0420000000e+03	  1,34758e-02	 -4,54016e-02
4523	  9,0440000000e+03	  1,53724e-02	 -4,46974e-02
4524	  9,0460000000e+03	  1,29487e-02	 -4,73231e-02
4525	  9,0480000000e+03	  1,09673e-02	 -4,84471e-02
4526	  9,0500000000e+03	  1,12415e-02	 -4,99695e-02
4527	  9,0520000000e+03	  1,10736e-02	 -5,05115e-02
4528	  9,0540000000e+03	  9,66026e-03	 -4,90454e-02
4529	  9,0560000000e+03	  9,08312e-03	 -5,12755e-02
4530	  9,0580000000e+03	  7,87057e-03	 -4,98822e-02
4531	  9,0600000000e+03	  9,47947e-03	 -5,01659e-02
4532	  9,0620000000e+03	  1,11209e-02	 -5,29419e-02
4533	  9,0640000000e+03	  1,02199e-02	 -5,45969e-02
4534	  9,0660000000e+03	  7,33829e-03	 -5,35960e-02
4535	  9,0680000000e+03	  6,19235e-03	 -5,42436e-02
4536	  9,0700000000e+03	  4,37808e-03	 -5,10510e-02
4537	  9,0720000000e+03	  1,90610e-03	 -5,02703e-02
4538	  9,0740000000e+03	  1,38058e-03	 -5,20216e-02
4539	  9,0760000000e+03	  3,04559e-03	 -5,22812e-02
4540	  9,0780000000e+03	  1,95673e-03	 -5,34054e-02
4541	  9,0800000000e+03	  4,79507e-04	 -5,49588e-02
4542	  9,0820000000e+03	  5,78318e-04	 -5,40614e-02
4543	  9,0840000000e+03	 -5,71876e-04	 -5,27725e-02
4544	  9,0860000000e+03	  5,41858e-04	 -5,37468e-02
4545	  9,0880000000e+03	  4,99174e-04	 -5,32680e-02
4546	  9,0900000000e+03	 -7,36623e-04	 -5,25790e-02
4547	  9,0920000000e+03	 -1,10742e-03	 -5,41061e-02
4548	  9,0940000000e+03	 -3,40850e-03	 -5,57482e-02
4549	  9,0960000000e+03	 -4,64043e-03	 -5,62645e-02
4550	  9,0980000000e+03	 -6,01373e-03	 -5,81134e-02
4551	  9,1000000000e+03	 -7,20515e-03	 -5,63973e-02
4552	  9,1020000000e+03	 -6,54200e-03	 -5,63905e-02
4553	  9,1040000000e+03	 -7,27587e-03	 -5,85487e-02
4554	  9,1060000000e+03	 -9,79415e-03	 -5,98194e-02
4555	  9,1080000000e+03	 -1,13743e-02	 -6,02961e-02
4556	  9,1100000000e+03	 -1,14438e-02	 -5,74289e-02
4557	  9,1120000000e+03	 -1,04753e-02	 -5,91400e-02
4558	  9,1140000000e+03	 -1,23603e-02	 -5,93337e-02
4559	  9,1160000000e+03	 -1,34787e-02	 -6,05901e-02
4560	  9,1180000000e+03	 -1,65029e-02	 -5,95070e-02
4561	  9,1200000000e+03	 -1,75417e-02	 -5,64463e-02
4562	  9,1220000000e+03	 -1,93778e-02	 -5,62823e-02
4563	  9,1240000000e+03	 -1,88556e-02	 -5,78316e-02
4564	  9,1260000000e+03	 -1,93733e-02	 -5,72925e-02
4565	  9,1280000000e+03	 -1,84329e-02	 -5,62679e-02
4566	  9,1300000000e+03	 -2,04993e-02	 -5,54232e-02
4567	  9,1320000000e+03	 -2,31008e-02	 -5,64406e-02
4568	  9,1340000000e+03	 -2,32631e-02	 -5,71180e-02
4569	  9,1360000000e+03	 -2,41782e-02	 -5,86981e-02
4570	  9,1380000000e+03	 -2,49232e-02	 -6,04747e-02
4571	  9,1400000000e+03	 -2,68737e-02	 -6,12738e-02
4572	  9,1420000000e+03	 -2,70073e-02	 -5,91803e-02
4573	  9,1440000000e+03	 -2,55247e-02	 -5,82012e-02
4574	  9,1460000000e+03	 -2,84492e-02	 -5,98666e-02
4575	  9,1480000000e+03	 -2,90181e-02	 -5,98301e-02
4576	  9,1500000000e+03	 -3,07876e-02	 -6,16425e-02
4577	  9,1520000000e+03	 -3,31951e-02	 -6,13405e-02
4578	  9,1540000000e+03	 -3,42683e-02	 -6,07604e-02
4579	  9,1560000000e+03	 -3,31986e-02	 -6,20572e-02
4580	  9,1580000000e+03	 -3,41144e-02	 -5,96926e-02
4581	  9,1600000000e+03	 -3,75369e-02	 -5,99996e-02
4582	  9,1620000000e+03	 -3,98738e-02	 -6,19049e-02
4583	  9,1640000000e+03	 -4,06379e-02	 -6,20536e-02
4584	  9,1660000000e+03	 -4,41844e-02	 -6,07417e-02
4585	  9,1680000000e+03	 -4,57744e-02	 -5,88549e-02
4586	  9,1700000000e+03	 -4,80180e-02	 -5,81766e-02
4587	  9,1720000000e+03	 -4,77150e-02	 -5,62492e-02
4588	  9,1740000000e+03	 -4,67191e-02	 -5,66941e-02
4589	  9,1760000000e+03	 -4,80167e-02	 -5,50092e-02
4590	  9,1780000000e+03	 -5,04492e-02	 -5,65746e-02
4591	  9,1800000000e+03	 -5,28188e-02	 -5,86676e-02
4592	  9,1820000000e+03	 -5,44117e-02	 -5,75683e-02
4593	  9,1840000000e+03	 -5,57815e-02	 -5,62439e-02
4594	  9,1860000000e+03	 -5,70595e-02	 -5,40279e-02
4595	  9,1880000000e+03	 -5,76983e-02	 -5,17970e-02
4596	  9,1900000000e+03	 -5,95709e-02	 -5,12519e-02
4597	  9,1920000000e+03	 -6,03751e-02	 -5,11728e-02
4598	  9,1940000000e+03	 -6,10286e-02	 -5,02828e-02
4599	  9,1960000000e+03	 -6,53975e-02	 -5,10597e-02
4600	  9,1980000000e+03	 -6,56741e-02	 -4,97742e-02
4601	  9,2000000000e+03	 -6,65780e-02	 -4,84741e-02
4602	  9,2020000000e+03	 -6,67687e-02	 -4,81838e-02
4603	  9,2040000000e+03	 -6,62723e-02	 -4,82072e-02
4604	  9,2060000000e+03	 -6,75166e-02	 -4,94817e-02
4605	  9,2080000000e+03	 -7,20400e-02	 -4,47245e-02
4606	  9,2100000000e+03	 -7,20348e-02	 -4,44037e-02
4607	  9,2120000000e+03	 -7,27822e-02	 -4,33043e-02
4608	  9,2140000000e+03	 -7,35948e-02	 -4,07232e-02
4609	  9,2160000000e+03	 -7,41801e-02	 -3,91494e-02
4610	  9,2180000000e+03	 -7,71013e-02	 -3,83210e-02
4611	  9,2200000000e+03	 -7,94345e-02	 -3,69824e-02
4612	  9,2220000000e+03	 -8,13395e-02	 -3,67632e-02
4613	  9,2240000000e+03	 -8,30702e-02	 -3,65796e-02
4614	  9,2260000000e+03	 -8,46246e-02	 -3,36787e-02
4615	  9,2280000000e+03	 -8,55047e-02	 -3,50802e-02
4616	  9,2300000000e+03	 -8,80486e-02	 -3,34887e-02
4617	  9,2320000000e+03	 -8,68502e-02	 -3,09490e-02
4618	  9,2340000000e+03	 -8,51566e-02	 -2,69885e-02
4619	  9,2360000000e+03	 -8,82421e-02	 -2,39931e-02
4620	  9,2380000000e+03	 -8,97395e-02	 -2,37682e-02
4621	  9,2400000000e+03	 -9,26705e-02	 -2,29934e-02
4622	  9,2420000000e+03	 -9,33585e-02	 -1,99937e-02
4623	  9,2440000000e+03	 -9,13863e-02	 -1,61930e-02
4624	  9,2460000000e+03	 -9,12820e-02	 -1,58767e-02
4625	  9,2480000000e+03	 -9,29218e-02	 -1,39866e-02
4626	  9,2500000000e+03	 -9,22981e-02	 -1,18318e-02
4627	  9,2520000000e+03	 -9,19728e-02	 -1,13382e-02
4628	  9,2540000000e+03	 -9,38697e-02	 -7,29415e-03
4629	  9,2560000000e+03	 -9,47223e-02	 -5,53695e-03
4630	  9,2580000000e+03	 -9,49678e-02	 -5,22662e-03
4631	  9,2600000000e+03	 -9,25669e-02	 -2,16774e-03
4632	  9,2620000000e+03	 -9,38937e-02	 -2,44492e-03
4633	  9,2640000000e+03	 -9,66386e-02	 -1,24175e-03
4634	  9,2660000000e+03	 -9,92802e-02	  3,11967e-03
4635	  9,2680000000e+03	 -9,97168e-02	  3,63664e-03
4636	  9,2700000000e+03	 -9,75144e-02	  4,71061e-03
4637	  9,2720000000e+03	 -9,86764e-02	  6,06641e-03
4638	  9,2740000000e+03	 -1,00654e-01	  8,67782e-03
4639	  9,2760000000e+03	 -9,93844e-02	  9,36133e-03
4640	  9,2780000000e+03	 -9,93253e-02	  9,44855e-03
4641	  9,2800000000e+03	 -1,02196e-01	  1,48682e-02
4642	  9,2820000000e+03	 -1,00837e-01	  1,69106e-02
4643	  9,2840000000e+03	 -9,96872e-02	  1,81924e-02
4644	  9,2860000000e+03	 -1,01419e-01	  2,10316e-02
4645	  9,2880000000e+03	 -1,01741e-01	  2,32939e-02
4646	  9,2900000000e+03	 -1,02474e-01	  2,62572e-02
4647	  9,2920000000e+03	 -9,94142e-02	  2,90281e-02
4648	  9,2940000000e+03	 -9,87682e-02	  3,17369e-02
4649	  9,2960000000e+03	 -9,87762e-02	  3,23917e-02
4650	  9,2980000000e+03	 -9,76737e-02	  3,41774e-02
4651	  9,3000000000e+03	 -9,74531e-02	  3,59142e-02
4652	  9,3020000000e+03	 -9,71226e-02	  3,96073e-02
4653	  9,3040000000e+03	 -9,79403e-02	  4,34130e-02
4654	  9,3060000000e+03	 -9,69327e-02	  4,44550e-02
4655	  9,3080000000e+03	 -9,28360e-02	  5,06372e-02
4656	  9,3100000000e+03	 -8,91465e-02	  5,22038e-02
4657	  9,3120000000e+03	 -8,88921e-02	  5,18570e-02
4658	  9,3140000000e+03	 -8,80732e-02	  5,35115e-02
4659	  9,3160000000e+03	 -8,81665e-02	  5,50912e-02
4660	  9,3180000000e+03	 -8,68068e-02	  5,64536e-02
4661	  9,3200000000e+03	 -8,36819e-02	  5,80037e-02
4662	  9,3220000000e+03	 -8,22586e-02	  5,83263e-02
4663	  9,3240000000e+03	 -8,18295e-02	  5,95617e-02
4664	  9,3260000000e+03	 -8,04402e-02	  6,23801e-02
4665	  9,3280000000e+03	 -7,80421e-02	  6,40887e-02
4666	  9,3300000000e+03	 -7,67934e-02	  6,42168e-02
4667	  9,3320000000e+03	 -7,84952e-02	  6,58416e-02
4668	  9,3340000000e+03	 -7,66623e-02	  6,77037e-02
4669	  9,3360000000e+03	 -7,52251e-02	  7,10110e-02
4670	  9,3380000000e+03	 -7,28982e-02	  7,24298e-02
4671	  9,3400000000e+03	 -6,97560e-02	  6,99107e-02
4672	  9,3420000000e+03	 -7,08957e-02	  7,00311e-02
4673	  9,3440000000e+03	 -7,26220e-02	  7,32099e-02
4674	  9,3460000000e+03	 -7,16146e-02	  7,27007e-02
4675	  9,3480000000e+03	 -6,82798e-02	  7,49542e-02
4676	  9,3500000000e+03	 -6,54562e-02	  7,77621e-02
4677	  9,3520000000e+03	 -6,35996e-02	  7,54800e-02
4678	  9,3540000000e+03	 -6,19770e-02	  7,74784e-02
4679	  9,3560000000e+03	 -6,10385e-02	  8,09927e-02
4680	  9,3580000000e+03	 -5,86152e-02	  8,18861e-02
4681	  9,3600000000e+03	 -5,70074e-02	  8,39690e-02
4682	  9,3620000000e+03	 -5,77180e-02	  8,36002e-02
4683	  9,3640000000e+03	 -5,55417e-02	  8,37090e-02
4684	  9,3660000000e+03	 -5,33412e-02	  8,62150e-02
4685	  9,3680000000e+03	 -5,11793e-02	  8,90198e-02
4686	  9,3700000000e+03	 -4,91185e-02	  8,97254e-02
4687	  9,3720000000e+03	 -4,98624e-02	  8,90122e-02
4688	  9,3740000000e+03	 -4,74002e-02	  9,20946e-02
4689	  9,3760000000e+03	 -4,32497e-02	  9,32555e-02
4690	  9,3780000000e+03	 -4,23208e-02	  9,50011e-02
4691	  9,3800000000e+03	 -3,99803e-02	  9,44793e-02
4692	  9,3820000000e+03	 -3,78086e-02	  9,37926e-02
4693	  9,3840000000e+03	 -3,43697e-02	  9,31461e-02
4694	  9,3860000000e+03	 -3,31798e-02	  9,18316e-02
4695	  9,3880000000e+03	 -3,18364e-02	  9,11704e-02
4696	  9,3900000000e+03	 -3,01697e-02	  9,12294e-02
4697	  9,3920000000e+03	 -2,72484e-02	  9,30149e-02
4698	  9,3940000000e+03	 -2,51227e-02	  9,45144e-02
4699	  9,3960000000e+03	 -2,37599e-02	  9,37992e-02
4700	  9,3980000000e+03	 -2,38107e-02	  9,32313e-02
4701	  9,4000000000e+03	 -2,20527e-02	  9,29615e-02
4702	  9,4020000000e+03	 -1,96265e-02	  9,19519e-02
4703	  9,4040000000e+03	 -1,98035e-02	  9,12330e-02
4704	  9,4060000000e+03	 -1,89836e-02	  9,45841e-02
4705	  9,4080000000e+03	 -1,66423e-02	  9,69420e-02
4706	  9,4100000000e+03	 -1,51979e-02	  9,55138e-02
4707	  9,4120000000e+03	 -1,28368e-02	  9,46133e-02
4708	  9,4140000000e+03	 -1,08031e-02	  9,47583e-02
4709	  9,4160000000e+03	 -1,02246e-02	  9,58934e-02
4710	  9,4180000000e+03	 -9,84420e-03	  9,70811e-02
4711	  9,4200000000e+03	 -7,44953e-03	  9,73137e-02
4712	  9,4220000000e+03	 -5,43278e-03	  9,66072e-02
4713	  9,4240000000e+03	 -4,64809e-03	  9,72725e-02
4714	  9,4260000000e+03	 -8,84120e-04	  9,60170e-02
4715	  9,4280000000e+03	  1,02489e-03	  9,62821e-02
4716	  9,4300000000e+03	  2,42227e-03	  9,49247e-02
4717	  9,4320000000e+03	  2,50793e-03	  9,59292e-02
4718	  9,4340000000e+03	  5,77452e-03	  9,62521e-02
4719	  9,4360000000e+03	  8,47087e-03	  9,31630e-02
4720	  9,4380000000e+03	  1,02582e-02	  9,30326e-02
4721	  9,4400000000e+03	  1,01242e-02	  9,23238e-02
4722	  9,4420000000e+03	  1,05935e-02	  9,29672e-02
4723	  9,4440000000e+03	  1,43761e-02	  9,02830e-02
4724	  9,4460000000e+03	  1,64357e-02	  8,89415e-02
4725	  9,4480000000e+03	  1,54887e-02	  8,99782e-02
4726	  9,4500000000e+03	  1,73711e-02	  8,95880e-02
4727	  9,4520000000e+03	  2,04093e-02	  8,65364e-02
4728	  9,4540000000e+03	  2,36608e-02	  8,36248e-02
4729	  9,4560000000e+03	  2,50787e-02	  8,22316e-02
4730	  9,4580000000e+03	  2,48918e-02	  8,36594e-02
4731	  9,4600000000e+03	  2,42339e-02	  8,44379e-02
4732	  9,4620000000e+03	  2,42933e-02	  8,39872e-02
4733	  9,4640000000e+03	  2,77255e-02	  8,41058e-02
4734	  9,4660000000e+03	  2,94038e-02	  8,02832e-02
4735	  9,4680000000e+03	  2,88611e-02	  7,73712e-02
4736	  9,4700000000e+03	  2,90605e-02	  7,64674e-02
4737	  9,4720000000e+03	  2,82269e-02	  7,82823e-02
4738	  9,4740000000e+03	  3,02276e-02	  7,67240e-02
4739	  9,4760000000e+03	  3,16638e-02	  7,24896e-02
4740	  9,4780000000e+03	  3,08960e-02	  7,43515e-02
4741	  9,4800000000e+03	  3,16346e-02	  7,41862e-02
4742	  9,4820000000e+03	  3,46403e-02	  7,41212e-02
4743	  9,4840000000e+03	  3,33682e-02	  7,18646e-02
4744	  9,4860000000e+03	  3,22965e-02	  7,18633e-02
4745	  9,4880000000e+03	  3,30600e-02	  7,09594e-02
4746	  9,4900000000e+03	  3,43880e-02	  6,83733e-02
4747	  9,4920000000e+03	  3,67909e-02	  6,94467e-02
4748	  9,4940000000e+03	  3,63197e-02	  7,01286e-02
4749	  9,4960000000e+03	  3,21867e-02	  6,76107e-02
4750	  9,4980000000e+03	  3,43520e-02	  6,55981e-02
4751	  9,5000000000e+03	  3,89879e-02	  6,56443e-02
4752	  9,5020000000e+03	  3,96593e-02	  6,63518e-02
4753	  9,5040000000e+03	  3,89567e-02	  6,37653e-02
4754	  9,5060000000e+03	  3,86574e-02	  6,41483e-02
4755	  9,5080000000e+03	  4,08505e-02	  6,51938e-02
4756	  9,5100000000e+03	  4,14973e-02	  6,50296e-02
4757	  9,5120000000e+03	  4,33640e-02	  6,39287e-02
4758	  9,5140000000e+03	  4,41032e-02	  6,17842e-02
4759	  9,5160000000e+03	  4,48115e-02	  6,14516e-02
4760	  9,5180000000e+03	  4,39156e-02	  6,03825e-02
4761	  9,5200000000e+03	  4,29797e-02	  6,06144e-02
4762	  9,5220000000e+03	  4,28017e-02	  5,93038e-02
4763	  9,5240000000e+03	  4,38476e-02	  5,67181e-02
4764	  9,5260000000e+03	  4,51120e-02	  5,51202e-02
4765	  9,5280000000e+03	  4,44638e-02	  5,51413e-02
4766	  9,5300000000e+03	  4,63307e-02	  5,61635e-02
4767	  9,5320000000e+03	  4,60619e-02	  5,35777e-02
4768	  9,5340000000e+03	  4,78102e-02	  5,39137e-02
4769	  9,5360000000e+03	  4,90808e-02	  5,49550e-02
4770	  9,5380000000e+03	  4,69781e-02	  5,32111e-02
4771	  9,5400000000e+03	  4,40769e-02	  5,13063e-02
4772	  9,5420000000e+03	  4,63276e-02	  5,16950e-02
4773	  9,5440000000e+03	  4,67271e-02	  5,15322e-02
4774	  9,5460000000e+03	  4,77661e-02	  4,92644e-02
4775	  9,5480000000e+03	  4,81156e-02	  4,72393e-02
4776	  9,5500000000e+03	  4,49006e-02	  4,54677e-02
4777	  9,5520000000e+03	  4,49654e-02	  4,49680e-02
4778	  9,5540000000e+03	  4,79818e-02	  4,30706e-02
4779	  9,5560000000e+03	  4,69575e-02	  4,25920e-02
4780	  9,5580000000e+03	  4,66295e-02	  4,34200e-02
4781	  9,5600000000e+03	  4,46461e-02	  4,65491e-02
4782	  9,5620000000e+03	  4,59815e-02	  4,65736e-02
4783	  9,5640000000e+03	  4,61541e-02	  4,46061e-02
4784	  9,5660000000e+03	  4,44178e-02	  4,50977e-02
4785	  9,5680000000e+03	  4,54037e-02	  4,50153e-02
4786	  9,5700000000e+03	  4,66959e-02	  4,30997e-02
4787	  9,5720000000e+03	  4,70398e-02	  4,32311e-02
4788	  9,5740000000e+03	  4,70447e-02	  4,40061e-02
4789	  9,5760000000e+03	  4,51038e-02	  4,15550e-02
4790	  9,5780000000e+03	  4,42963e-02	  4,26765e-02
4791	  9,5800000000e+03	  4,49927e-02	  4,12478e-02
4792	  9,5820000000e+03	  4,72377e-02	  3,98114e-02
4793	  9,5840000000e+03	  4,78268e-02	  3,87055e-02
4794	  9,5860000000e+03	  4,75560e-02	  4,16590e-02
4795	  9,5880000000e+03	  4,73064e-02	  4,31230e-02
4796	  9,5900000000e+03	  4,70879e-02	  4,03231e-02
4797	  9,5920000000e+03	  4,80973e-02	  3,96191e-02
4798	  9,5940000000e+03	  4,67253e-02	  4,08222e-02
4799	  9,5960000000e+03	  4,65423e-02	  4,31758e-02
4800	  9,5980000000e+03	  4,48784e-02	  4,35451e-02
4801	  9,6000000000e+03	  4,59380e-02	  4,28403e-02
4802	  9,6020000000e+03	  4,58959e-02	  4,04778e-02
4803	  9,6040000000e+03	  4,48355e-02	  4,13412e-02
4804	  9,6060000000e+03	  4,50165e-02	  4,25457e-02
4805	  9,6080000000e+03	  4,62206e-02	  4,27605e-02
4806	  9,6100000000e+03	  4,64268e-02	  4,25272e-02
4807	  9,6120000000e+03	  4,82939e-02	  4,49742e-02
4808	  9,6140000000e+03	  4,94023e-02	  4,66235e-02
4809	  9,6160000000e+03	  4,64797e-02	  4,90548e-02
4810	  9,6180000000e+03	  4,59062e-02	  4,60344e-02
4811	  9,6200000000e+03	  4,67199e-02	  4,42489e-02
4812	  9,6220000000e+03	  4,79900e-02	  4,75287e-02
4813	  9,6240000000e+03	  4,85640e-02	  4,85285e-02
4814	  9,6260000000e+03	  4,86231e-02	  4,81708e-02
4815	  9,6280000000e+03	  5,00043e-02	  4,66986e-02
4816	  9,6300000000e+03	  5,33059e-02	  4,81291e-02
4817	  9,6320000000e+03	  5,35978e-02	  4,75448e-02
4818	  9,6340000000e+03	  5,24622e-02	  4,76699e-02
4819	  9,6360000000e+03	  5,16712e-02	  4,90958e-02
4820	  9,6380000000e+03	  5,22373e-02	  4,87947e-02
4821	  9,6400000000e+03	  5,49503e-02	  4,83520e-02
4822	  9,6420000000e+03	  5,92005e-02	  4,87821e-02
4823	  9,6440000000e+03	  5,93793e-02	  4,94401e-02
4824	  9,6460000000e+03	  6,01157e-02	  4,86431e-02
4825	  9,6480000000e+03	  6,09918e-02	  4,70368e-02
4826	  9,6500000000e+03	  6,09813e-02	  4,76133e-02
4827	  9,6520000000e+03	  6,18884e-02	  4,86834e-02
4828	  9,6540000000e+03	  6,14872e-02	  4,73051e-02
4829	  9,6560000000e+03	  6,42179e-02	  4,68885e-02
4830	  9,6580000000e+03	  6,76850e-02	  4,75755e-02
4831	  9,6600000000e+03	  6,82896e-02	  4,74834e-02
4832	  9,6620000000e+03	  6,92855e-02	  4,65998e-02
4833	  9,6640000000e+03	  6,84619e-02	  4,65837e-02
4834	  9,6660000000e+03	  7,27709e-02	  4,71420e-02
4835	  9,6680000000e+03	  7,32125e-02	  4,79101e-02
4836	  9,6700000000e+03	  7,31053e-02	  4,87262e-02
4837	  9,6720000000e+03	  7,49979e-02	  4,70781e-02
4838	  9,6740000000e+03	  7,57958e-02	  4,78939e-02
4839	  9,6760000000e+03	  7,74979e-02	  4,84357e-02
4840	  9,6780000000e+03	  7,72077e-02	  4,74012e-02
4841	  9,6800000000e+03	  7,97875e-02	  4,59138e-02
4842	  9,6820000000e+03	  8,34646e-02	  4,52926e-02
4843	  9,6840000000e+03	  8,42054e-02	  4,52711e-02
4844	  9,6860000000e+03	  8,62394e-02	  4,41006e-02
4845	  9,6880000000e+03	  8,53176e-02	  4,38235e-02
4846	  9,6900000000e+03	  8,54113e-02	  4,67683e-02
4847	  9,6920000000e+03	  8,86037e-02	  4,33620e-02
4848	  9,6940000000e+03	  9,05634e-02	  3,93570e-02
4849	  9,6960000000e+03	  9,35328e-02	  4,25967e-02
4850	  9,6980000000e+03	  9,63872e-02	  4,15696e-02
4851	  9,7000000000e+03	  9,72320e-02	  3,95556e-02
4852	  9,7020000000e+03	  9,92444e-02	  3,90905e-02
4853	  9,7040000000e+03	  1,02282e-01	  3,77964e-02
4854	  9,7060000000e+03	  1,01301e-01	  3,53962e-02
4855	  9,7080000000e+03	  1,00694e-01	  3,53056e-02
4856	  9,7100000000e+03	  1,02685e-01	  3,11574e-02
4857	  9,7120000000e+03	  1,04112e-01	  2,74276e-02
4858	  9,7140000000e+03	  1,04359e-01	  2,64719e-02
4859	  9,7160000000e+03	  1,05410e-01	  2,42002e-02
4860	  9,7180000000e+03	  1,05840e-01	  2,02925e-02
4861	  9,7200000000e+03	  1,05610e-01	  1,97297e-02
4862	  9,7220000000e+03	  1,06400e-01	  1,97882e-02
4863	  9,7240000000e+03	  1,05955e-01	  1,85430e-02
4864	  9,7260000000e+03	  1,07521e-01	  1,86693e-02
4865	  9,7280000000e+03	  1,07307e-01	  1,97413e-02
4866	  9,7300000000e+03	  1,09499e-01	  1,83867e-02
4867	  9,7320000000e+03	  1,09011e-01	  1,54321e-02
4868	  9,7340000000e+03	  1,10330e-01	  1,71116e-02
4869	  9,7360000000e+03	  1,11919e-01	  1,79063e-02
4870	  9,7380000000e+03	  1,13070e-01	  1,49012e-02
4871	  9,7400000000e+03	  1,15775e-01	  1,52481e-02
4872	  9,7420000000e+03	  1,20663e-01	  1,58749e-02
4873	  9,7440000000e+03	  1,20844e-01	  1,34729e-02
4874	  9,7460000000e+03	  1,21076e-01	  1,01543e-02
4875	  9,7480000000e+03	  1,23065e-01	  6,39511e-03
4876	  9,7500000000e+03	  1,26721e-01	  4,41889e-03
4877	  9,7520000000e+03	  1,30582e-01	  2,71131e-03
4878	  9,7540000000e+03	  1,29355e-01	 -2,26997e-04
4879	  9,7560000000e+03	  1,31359e-01	 -1,72577e-03
4880	  9,7580000000e+03	  1,31475e-01	 -2,02827e-03
4881	  9,7600000000e+03	  1,30642e-01	 -4,11748e-03
4882	  9,7620000000e+03	  1,34585e-01	 -7,94710e-03
4883	  9,7640000000e+03	  1,36203e-01	 -1,16393e-02
4884	  9,7660000000e+03	  1,33889e-01	 -1,59624e-02
4885	  9,7680000000e+03	  1,35689e-01	 -2,07972e-02
4886	  9,7700000000e+03	  1,35583e-01	 -2,44096e-02
4887	  9,7720000000e+03	  1,32866e-01	 -2,70364e-02
4888	  9,7740000000e+03	  1,34279e-01	 -2,78055e-02
4889	  9,7760000000e+03	  1,35398e-01	 -2,87322e-02
4890	  9,7780000000e+03	  1,35173e-01	 -3,26785e-02
4891	  9,7800000000e+03	  1,34398e-01	 -3,69855e-02
4892	  9,7820000000e+03	  1,35356e-01	 -3,77708e-02
4893	  9,7840000000e+03	  1,35766e-01	 -3,90574e-02
4894	  9,7860000000e+03	  1,33782e-01	 -4,43102e-02
4895	  9,7880000000e+03	  1,30718e-01	 -4,43099e-02
4896	  9,7900000000e+03	  1,31613e-01	 -4,58156e-02
4897	  9,7920000000e+03	  1,32141e-01	 -4,80898e-02
4898	  9,7940000000e+03	  1,32065e-01	 -4,97057e-02
4899	  9,7960000000e+03	  1,29555e-01	 -5,19837e-02
4900	  9,7980000000e+03	  1,30029e-01	 -5,53480e-02
4901	  9,8000000000e+03	  1,29509e-01	 -5,56207e-02
4902	  9,8020000000e+03	  1,29126e-01	 -5,76948e-02
4903	  9,8040000000e+03	  1,29504e-01	 -6,26776e-02
4904	  9,8060000000e+03	  1,31236e-01	 -6,40610e-02
4905	  9,8080000000e+03	  1,31326e-01	 -6,60956e-02
4906	  9,8100000000e+03	  1,29209e-01	 -6,88896e-02
4907	  9,8120000000e+03	  1,28112e-01	 -7,29968e-02
4908	  9,8140000000e+03	  1,25080e-01	 -7,53288e-02
4909	  9,8160000000e+03	  1,25937e-01	 -7,77918e-02
4910	  9,8180000000e+03	  1,25076e-01	 -7,93387e-02
4911	  9,8200000000e+03	  1,19677e-01	 -8,17165e-02
4912	  9,8220000000e+03	  1,20792e-01	 -8,78214e-02
4913	  9,8240000000e+03	  1,21291e-01	 -8,84992e-02
4914	  9,8260000000e+03	  1,21299e-01	 -8,67435e-02
4915	  9,8280000000e+03	  1,20718e-01	 -8,86122e-02
4916	  9,8300000000e+03	  1,19966e-01	 -9,25106e-02
4917	  9,8320000000e+03	  1,19815e-01	 -9,45475e-02
4918	  9,8340000000e+03	  1,18121e-01	 -9,81720e-02
4919	  9,8360000000e+03	  1,15645e-01	 -1,00914e-01
4920	  9,8380000000e+03	  1,14133e-01	 -1,01175e-01
4921	  9,8400000000e+03	  1,13137e-01	 -1,00985e-01
4922	  9,8420000000e+03	  1,12148e-01	 -9,92353e-02
4923	  9,8440000000e+03	  1,10400e-01	 -1,01850e-01
4924	  9,8460000000e+03	  1,12075e-01	 -1,05150e-01
4925	  9,8480000000e+03	  1,12694e-01	 -1,09652e-01
4926	  9,8500000000e+03	  1,10808e-01	 -1,11432e-01
4927	  9,8520000000e+03	  1,09291e-01	 -1,11063e-01
4928	  9,8540000000e+03	  1,09006e-01	 -1,14015e-01
4929	  9,8560000000e+03	  1,07268e-01	 -1,17595e-01
4930	  9,8580000000e+03	  1,04466e-01	 -1,18371e-01
4931	  9,8600000000e+03	  1,02861e-01	 -1,21849e-01
4932	  9,8620000000e+03	  1,04713e-01	 -1,26946e-01
4933	  9,8640000000e+03	  1,02397e-01	 -1,26549e-01
4934	  9,8660000000e+03	  9,92958e-02	 -1,26475e-01
4935	  9,8680000000e+03	  9,87965e-02	 -1,28550e-01
4936	  9,8700000000e+03	  9,70027e-02	 -1,31760e-01
4937	  9,8720000000e+03	  9,49802e-02	 -1,35249e-01
4938	  9,8740000000e+03	  9,24430e-02	 -1,35492e-01
4939	  9,8760000000e+03	  9,14348e-02	 -1,38696e-01
4940	  9,8780000000e+03	  9,28695e-02	 -1,43813e-01
4941	  9,8800000000e+03	  8,93686e-02	 -1,46343e-01
4942	  9,8820000000e+03	  8,48658e-02	 -1,46289e-01
4943	  9,8840000000e+03	  8,11859e-02	 -1,48109e-01
4944	  9,8860000000e+03	  7,76625e-02	 -1,50262e-01
4945	  9,8880000000e+03	  7,63473e-02	 -1,52423e-01
4946	  9,8900000000e+03	  7,38326e-02	 -1,54720e-01
4947	  9,8920000000e+03	  7,01088e-02	 -1,54235e-01
4948	  9,8940000000e+03	  6,67194e-02	 -1,56667e-01
4949	  9,8960000000e+03	  6,53637e-02	 -1,59604e-01
4950	  9,8980000000e+03	  6,37298e-02	 -1,61872e-01
4951	  9,9000000000e+03	  6,36764e-02	 -1,64303e-01
4952	  9,9020000000e+03	  6,33160e-02	 -1,64262e-01
4953	  9,9040000000e+03	  5,99154e-02	 -1,63803e-01
4954	  9,9060000000e+03	  5,69176e-02	 -1,62670e-01
4955	  9,9080000000e+03	  5,32489e-02	 -1,65005e-01
4956	  9,9100000000e+03	  4,97181e-02	 -1,66066e-01
4957	  9,9120000000e+03	  4,84388e-02	 -1,65347e-01
4958	  9,9140000000e+03	  4,41865e-02	 -1,70023e-01
4959	  9,9160000000e+03	  4,41169e-02	 -1,71548e-01
4960	  9,9180000000e+03	  4,39753e-02	 -1,72464e-01
4961	  9,9200000000e+03	  4,05533e-02	 -1,71867e-01
4962	  9,9220000000e+03	  3,90204e-02	 -1,73476e-01
4963	  9,9240000000e+03	  3,45108e-02	 -1,75213e-01
4964	  9,9260000000e+03	  3,08821e-02	 -1,76615e-01
4965	  9,9280000000e+03	  3,10916e-02	 -1,76815e-01
4966	  9,9300000000e+03	  2,81910e-02	 -1,78523e-01
4967	  9,9320000000e+03	  2,58691e-02	 -1,81188e-01
4968	  9,9340000000e+03	  2,41332e-02	 -1,81152e-01
4969	  9,9360000000e+03	  2,05897e-02	 -1,82995e-01
4970	  9,9380000000e+03	  1,57210e-02	 -1,84414e-01
4971	  9,9400000000e+03	  1,48274e-02	 -1,85508e-01
4972	  9,9420000000e+03	  1,15147e-02	 -1,86820e-01
4973	  9,9440000000e+03	  7,60332e-03	 -1,87943e-01
4974	  9,9460000000e+03	  4,52357e-03	 -1,89902e-01
4975	  9,9480000000e+03	  7,94085e-04	 -1,88894e-01
4976	  9,9500000000e+03	 -3,08641e-03	 -1,88470e-01
4977	  9,9520000000e+03	 -4,96225e-03	 -1,90139e-01
4978	  9,9540000000e+03	 -9,56603e-03	 -1,92177e-01
4979	  9,9560000000e+03	 -1,33611e-02	 -1,89691e-01
4980	  9,9580000000e+03	 -1,51535e-02	 -1,90374e-01
4981	  9,9600000000e+03	 -1,93137e-02	 -1,87386e-01
4982	  9,9620000000e+03	 -2,23681e-02	 -1,85488e-01
4983	  9,9640000000e+03	 -2,47874e-02	 -1,87851e-01
4984	  9,9660000000e+03	 -2,67467e-02	 -1,90990e-01
4985	  9,9680000000e+03	 -2,84672e-02	 -1,90517e-01
4986	  9,9700000000e+03	 -3,31854e-02	 -1,88156e-01
4987	  9,9720000000e+03	 -3,87818e-02	 -1,90282e-01
4988	  9,9740000000e+03	 -3,92773e-02	 -1,92259e-01
4989	  9,9760000000e+03	 -4,20380e-02	 -1,88448e-01
4990	  9,9780000000e+03	 -4,52169e-02	 -1,89716e-01
4991	  9,9800000000e+03	 -5,08356e-02	 -1,91557e-01
4992	  9,9820000000e+03	 -5,41774e-02	 -1,93595e-01
4993	  9,9840000000e+03	 -5,81791e-02	 -1,92939e-01
4994	  9,9860000000e+03	 -5,93891e-02	 -1,90178e-01
4995	  9,9880000000e+03	 -6,18224e-02	 -1,89702e-01
4996	  9,9900000000e+03	 -6,67318e-02	 -1,90951e-01
4997	  9,9920000000e+03	 -6,87007e-02	 -1,91715e-01
4998	  9,9940000000e+03	 -7,33350e-02	 -1,90880e-01
4999	  9,9960000000e+03	 -7,55522e-02	 -1,91603e-01
5000	  9,9980000000e+03	 -7,84847e-02	 -1,93327e-01
5001	  1,0000000000e+04	 -8,44160e-02	 -1,91254e-01
5002	  1,0002000000e+04	 -8,92489e-02	 -1,88892e-01
5003	  1,0004000000e+04	 -9,26886e-02	 -1,88110e-01
5004	  1,0006000000e+04	 -9,62103e-02	 -1,86013e-01
5005	  1,0008000000e+04	 -1,00762e-01	 -1,84358e-01
5006	  1,0010000000e+04	 -1,04703e-01	 -1,81782e-01
5007	  1,0012000000e+04	 -1,09753e-01	 -1,80427e-01
5008	  1,0014000000e+04	 -1,14337e-01	 -1,78158e-01
5009	  1,0016000000e+04	 -1,14769e-01	 -1,78216e-01
5010	  1,0018000000e+04	 -1,17949e-01	 -1,75334e-01
5011	  1,0020000000e+04	 -1,23190e-01	 -1,72714e-01
5012	  1,0022000000e+04	 -1,24283e-01	 -1,68952e-01
5013	  1,0024000000e+04	 -1,28217e-01	 -1,69160e-01
5014	  1,0026000000e+04	 -1,34156e-01	 -1,66787e-01
5015	  1,0028000000e+04	 -1,35134e-01	 -1,64422e-01
5016	  1,0030000000e+04	 -1,36102e-01	 -1,63492e-01
5017	  1,0032000000e+04	 -1,39516e-01	 -1,60722e-01
5018	  1,0034000000e+04	 -1,41110e-01	 -1,58956e-01
5019	  1,0036000000e+04	 -1,44990e-01	 -1,55151e-01
5020	  1,0038000000e+04	 -1,48991e-01	 -1,51623e-01
5021	  1,0040000000e+04	 -1,54290e-01	 -1,49153e-01
5022	  1,0042000000e+04	 -1,55000e-01	 -1,46579e-01
5023	  1,0044000000e+04	 -1,57810e-01	 -1,44822e-01
5024	  1,0046000000e+04	 -1,62276e-01	 -1,43281e-01
5025	  1,0048000000e+04	 -1,65805e-01	 -1,42349e-01
5026	  1,0050000000e+04	 -1,68230e-01	 -1,38389e-01
5027	  1,0052000000e+04	 -1,72820e-01	 -1,36776e-01
5028	  1,0054000000e+04	 -1,72465e-01	 -1,37325e-01
5029	  1,0056000000e+04	 -1,75070e-01	 -1,31546e-01
5030	  1,0058000000e+04	 -1,78952e-01	 -1,27889e-01
5031	  1,0060000000e+04	 -1,80443e-01	 -1,24847e-01
5032	  1,0062000000e+04	 -1,82101e-01	 -1,19671e-01
5033	  1,0064000000e+04	 -1,84764e-01	 -1,16990e-01
5034	  1,0066000000e+04	 -1,86278e-01	 -1,15610e-01
5035	  1,0068000000e+04	 -1,87790e-01	 -1,10737e-01
5036	  1,0070000000e+04	 -1,92055e-01	 -1,05705e-01
5037	  1,0072000000e+04	 -1,91892e-01	 -1,02461e-01
5038	  1,0074000000e+04	 -1,93155e-01	 -1,00798e-01
5039	  1,0076000000e+04	 -1,96202e-01	 -9,66597e-02
5040	  1,0078000000e+04	 -1,98537e-01	 -9,44996e-02
5041	  1,0080000000e+04	 -1,99922e-01	 -9,26132e-02
5042	  1,0082000000e+04	 -2,02265e-01	 -8,80608e-02
5043	  1,0084000000e+04	 -2,04657e-01	 -8,51138e-02
5044	  1,0086000000e+04	 -2,06988e-01	 -8,29849e-02
5045	  1,0088000000e+04	 -2,08231e-01	 -7,81574e-02
5046	  1,0090000000e+04	 -2,11860e-01	 -7,19755e-02
5047	  1,0092000000e+04	 -2,12820e-01	 -6,93750e-02
5048	  1,0094000000e+04	 -2,11917e-01	 -6,58714e-02
5049	  1,0096000000e+04	 -2,14045e-01	 -6,13554e-02
5050	  1,0098000000e+04	 -2,16916e-01	 -5,61474e-02
5051	  1,0100000000e+04	 -2,15995e-01	 -5,39725e-02
5052	  1,0102000000e+04	 -2,16319e-01	 -5,03874e-02
5053	  1,0104000000e+04	 -2,17123e-01	 -4,71462e-02
5054	  1,0106000000e+04	 -2,20006e-01	 -4,17240e-02
5055	  1,0108000000e+04	 -2,18360e-01	 -3,89842e-02
5056	  1,0110000000e+04	 -2,17438e-01	 -3,75210e-02
5057	  1,0112000000e+04	 -2,16552e-01	 -3,28327e-02
5058	  1,0114000000e+04	 -2,18732e-01	 -2,74352e-02
5059	  1,0116000000e+04	 -2,21515e-01	 -2,35113e-02
5060	  1,0118000000e+04	 -2,19480e-01	 -1,70823e-02
5061	  1,0120000000e+04	 -2,17488e-01	 -1,30464e-02
5062	  1,0122000000e+04	 -2,19332e-01	 -8,96324e-03
5063	  1,0124000000e+04	 -2,18188e-01	 -6,65299e-03
5064	  1,0126000000e+04	 -2,18608e-01	 -4,16475e-03
5065	  1,0128000000e+04	 -2,20376e-01	  9,74497e-04
5066	  1,0130000000e+04	 -2,20162e-01	  4,28928e-03
5067	  1,0132000000e+04	 -2,19393e-01	  6,33498e-03
5068	  1,0134000000e+04	 -2,20890e-01	  1,10176e-02
5069	  1,0136000000e+04	 -2,20504e-01	  1,57523e-02
5070	  1,0138000000e+04	 -2,18982e-01	  1,83382e-02
5071	  1,0140000000e+04	 -2,18476e-01	  2,39984e-02
5072	  1,0142000000e+04	 -2,18409e-01	  2,63040e-02
5073	  1,0144000000e+04	 -2,17991e-01	  2,77262e-02
5074	  1,0146000000e+04	 -2,17543e-01	  3,32836e-02
5075	  1,0148000000e+04	 -2,18107e-01	  3,90249e-02
5076	  1,0150000000e+04	 -2,18345e-01	  4,34176e-02
5077	  1,0152000000e+04	 -2,15580e-01	  4,59843e-02
5078	  1,0154000000e+04	 -2,13497e-01	  5,09238e-02
5079	  1,0156000000e+04	 -2,12409e-01	  5,36786e-02
5080	  1,0158000000e+04	 -2,12371e-01	  5,99045e-02
5081	  1,0160000000e+04	 -2,11209e-01	  6,58425e-02
5082	  1,0162000000e+04	 -2,10246e-01	  7,06108e-02
5083	  1,0164000000e+04	 -2,06622e-01	  7,28734e-02
5084	  1,0166000000e+04	 -2,03534e-01	  7,52056e-02
5085	  1,0168000000e+04	 -2,01374e-01	  7,75297e-02
5086	  1,0170000000e+04	 -2,02030e-01	  8,07575e-02
5087	  1,0172000000e+04	 -1,98225e-01	  8,37929e-02
5088	  1,0174000000e+04	 -1,96615e-01	  8,72824e-02
5089	  1,0176000000e+04	 -1,96391e-01	  9,13148e-02
5090	  1,0178000000e+04	 -1,93622e-01	  9,65779e-02
5091	  1,0180000000e+04	 -1,90608e-01	  9,68359e-02
5092	  1,0182000000e+04	 -1,87694e-01	  9,95366e-02
5093	  1,0184000000e+04	 -1,84526e-01	  1,03687e-01
5094	  1,0186000000e+04	 -1,84896e-01	  1,07791e-01
5095	  1,0188000000e+04	 -1,79849e-01	  1,07174e-01
5096	  1,0190000000e+04	 -1,76553e-01	  1,11059e-01
5097	  1,0192000000e+04	 -1,73727e-01	  1,12542e-01
5098	  1,0194000000e+04	 -1,73096e-01	  1,14765e-01
5099	  1,0196000000e+04	 -1,71637e-01	  1,16998e-01
5100	  1,0198000000e+04	 -1,70406e-01	  1,22348e-01
5101	  1,0200000000e+04	 -1,68210e-01	  1,25375e-01
5102	  1,0202000000e+04	 -1,67711e-01	  1,26105e-01
5103	  1,0204000000e+04	 -1,64487e-01	  1,27621e-01
5104	  1,0206000000e+04	 -1,64142e-01	  1,27757e-01
5105	  1,0208000000e+04	 -1,59887e-01	  1,32713e-01
5106	  1,0210000000e+04	 -1,56352e-01	  1,35464e-01
5107	  1,0212000000e+04	 -1,52982e-01	  1,36259e-01
5108	  1,0214000000e+04	 -1,47304e-01	  1,38849e-01
5109	  1,0216000000e+04	 -1,45957e-01	  1,43189e-01
5110	  1,0218000000e+04	 -1,43669e-01	  1,44982e-01
5111	  1,0220000000e+04	 -1,40455e-01	  1,49312e-01
5112	  1,0222000000e+04	 -1,38685e-01	  1,53434e-01
5113	  1,0224000000e+04	 -1,32074e-01	  1,53296e-01
5114	  1,0226000000e+04	 -1,28552e-01	  1,54702e-01
5115	  1,0228000000e+04	 -1,29252e-01	  1,58909e-01
5116	  1,0230000000e+04	 -1,25740e-01	  1,60783e-01
5117	  1,0232000000e+04	 -1,21749e-01	  1,61280e-01
5118	  1,0234000000e+04	 -1,20433e-01	  1,61655e-01
5119	  1,0236000000e+04	 -1,15824e-01	  1,63095e-01
5120	  1,0238000000e+04	 -1,12199e-01	  1,65933e-01
5121	  1,0240000000e+04	 -1,08713e-01	  1,67795e-01
5122	  1,0242000000e+04	 -1,03565e-01	  1,67640e-01
5123	  1,0244000000e+04	 -9,64383e-02	  1,68296e-01
5124	  1,0246000000e+04	 -9,51800e-02	  1,69293e-01
5125	  1,0248000000e+04	 -9,25144e-02	  1,68391e-01
5126	  1,0250000000e+04	 -8,81555e-02	  1,71056e-01
5127	  1,0252000000e+04	 -8,55558e-02	  1,72087e-01
5128	  1,0254000000e+04	 -8,42047e-02	  1,71647e-01
5129	  1,0256000000e+04	 -7,91466e-02	  1,71556e-01
5130	  1,0258000000e+04	 -7,66859e-02	  1,73301e-01
5131	  1,0260000000e+04	 -7,62211e-02	  1,74636e-01
5132	  1,0262000000e+04	 -7,47222e-02	  1,74643e-01
5133	  1,0264000000e+04	 -7,22690e-02	  1,75283e-01
5134	  1,0266000000e+04	 -6,64454e-02	  1,74485e-01
5135	  1,0268000000e+04	 -6,54331e-02	  1,71649e-01
5136	  1,0270000000e+04	 -6,47399e-02	  1,72769e-01
5137	  1,0272000000e+04	 -5,89943e-02	  1,77880e-01
5138	  1,0274000000e+04	 -5,66181e-02	  1,76596e-01
5139	  1,0276000000e+04	 -5,17584e-02	  1,75941e-01
5140	  1,0278000000e+04	 -4,61133e-02	  1,75060e-01
5141	  1,0280000000e+04	 -4,36734e-02	  1,76127e-01
5142	  1,0282000000e+04	 -4,25881e-02	  1,74229e-01
5143	  1,0284000000e+04	 -3,80821e-02	  1,74226e-01
5144	  1,0286000000e+04	 -3,28713e-02	  1,75909e-01
5145	  1,0288000000e+04	 -3,17234e-02	  1,76010e-01
5146	  1,0290000000e+04	 -2,83182e-02	  1,75505e-01
5147	  1,0292000000e+04	 -2,30948e-02	  1,73153e-01
5148	  1,0294000000e+04	 -1,88564e-02	  1,73773e-01
5149	  1,0296000000e+04	 -1,59387e-02	  1,72546e-01
5150	  1,0298000000e+04	 -1,12756e-02	  1,71014e-01
5151	  1,0300000000e+04	 -8,48931e-03	  1,67839e-01
5152	  1,0302000000e+04	 -6,59802e-03	  1,68430e-01
5153	  1,0304000000e+04	 -2,99966e-03	  1,66885e-01
5154	  1,0306000000e+04	 -1,14438e-03	  1,64957e-01
5155	  1,0308000000e+04	  2,20383e-03	  1,64472e-01
5156	  1,0310000000e+04	  7,20496e-03	  1,61872e-01
5157	  1,0312000000e+04	  8,19430e-03	  1,58550e-01
5158	  1,0314000000e+04	  7,49559e-03	  1,59514e-01
5159	  1,0316000000e+04	  8,63522e-03	  1,59651e-01
5160	  1,0318000000e+04	  1,38738e-02	  1,56837e-01
5161	  1,0320000000e+04	  1,43645e-02	  1,53588e-01
5162	  1,0322000000e+04	  1,67918e-02	  1,50920e-01
5163	  1,0324000000e+04	  2,03508e-02	  1,46896e-01
5164	  1,0326000000e+04	  2,50821e-02	  1,48781e-01
5165	  1,0328000000e+04	  2,55370e-02	  1,49415e-01
5166	  1,0330000000e+04	  2,43330e-02	  1,46277e-01
5167	  1,0332000000e+04	  2,45091e-02	  1,44266e-01
5168	  1,0334000000e+04	  2,70040e-02	  1,42327e-01
5169	  1,0336000000e+04	  2,90326e-02	  1,41478e-01
5170	  1,0338000000e+04	  2,75872e-02	  1,39837e-01
5171	  1,0340000000e+04	  2,91686e-02	  1,38373e-01
5172	  1,0342000000e+04	  3,31702e-02	  1,36736e-01
5173	  1,0344000000e+04	  3,41290e-02	  1,34317e-01
5174	  1,0346000000e+04	  3,82119e-02	  1,32779e-01
5175	  1,0348000000e+04	  3,75640e-02	  1,32711e-01
5176	  1,0350000000e+04	  3,68394e-02	  1,30627e-01
5177	  1,0352000000e+04	  3,69325e-02	  1,27753e-01
5178	  1,0354000000e+04	  3,86771e-02	  1,25452e-01
5179	  1,0356000000e+04	  3,89483e-02	  1,25119e-01
5180	  1,0358000000e+04	  4,13932e-02	  1,23065e-01
5181	  1,0360000000e+04	  4,20510e-02	  1,23149e-01
5182	  1,0362000000e+04	  4,27620e-02	  1,24097e-01
5183	  1,0364000000e+04	  4,53397e-02	  1,22096e-01
5184	  1,0366000000e+04	  4,59390e-02	  1,19559e-01
5185	  1,0368000000e+04	  4,66671e-02	  1,16091e-01
5186	  1,0370000000e+04	  4,77962e-02	  1,15483e-01
5187	  1,0372000000e+04	  4,76456e-02	  1,15118e-01
5188	  1,0374000000e+04	  4,66008e-02	  1,13075e-01
5189	  1,0376000000e+04	  4,87497e-02	  1,10987e-01
5190	  1,0378000000e+04	  4,95318e-02	  1,08794e-01
5191	  1,0380000000e+04	  5,02314e-02	  1,06390e-01
5192	  1,0382000000e+04	  4,98465e-02	  1,04526e-01
5193	  1,0384000000e+04	  4,84865e-02	  1,03193e-01
5194	  1,0386000000e+04	  4,88918e-02	  1,00221e-01
5195	  1,0388000000e+04	  5,04132e-02	  1,00723e-01
5196	  1,0390000000e+04	  5,26426e-02	  1,00302e-01
5197	  1,0392000000e+04	  5,19040e-02	  9,71165e-02
5198	  1,0394000000e+04	  5,43892e-02	  9,71812e-02
5199	  1,0396000000e+04	  5,29412e-02	  9,75802e-02
5200	  1,0398000000e+04	  5,06162e-02	  9,55910e-02
5201	  1,0400000000e+04	  5,19573e-02	  9,74621e-02
5202	  1,0402000000e+04	  5,27845e-02	  9,48350e-02
5203	  1,0404000000e+04	  5,25831e-02	  9,32887e-02
5204	  1,0406000000e+04	  5,30079e-02	  9,18960e-02
5205	  1,0408000000e+04	  5,27913e-02	  9,08475e-02
5206	  1,0410000000e+04	  5,47444e-02	  9,09567e-02
5207	  1,0412000000e+04	  5,30939e-02	  9,16150e-02
5208	  1,0414000000e+04	  5,39720e-02	  9,06735e-02
5209	  1,0416000000e+04	  5,58109e-02	  8,56671e-02
5210	  1,0418000000e+04	  5,51319e-02	  8,72632e-02
5211	  1,0420000000e+04	  5,61011e-02	  8,69303e-02
5212	  1,0422000000e+04	  5,53787e-02	  8,53342e-02
5213	  1,0424000000e+04	  5,51478e-02	  8,50294e-02
5214	  1,0426000000e+04	  5,25610e-02	  8,29020e-02
5215	  1,0428000000e+04	  5,45920e-02	  8,00942e-02
5216	  1,0430000000e+04	  5,77754e-02	  7,88494e-02
5217	  1,0432000000e+04	  5,84056e-02	  7,81700e-02
5218	  1,0434000000e+04	  5,89460e-02	  7,90634e-02
5219	  1,0436000000e+04	  5,58977e-02	  8,06979e-02
5220	  1,0438000000e+04	  5,78681e-02	  7,83283e-02
5221	  1,0440000000e+04	  5,94758e-02	  7,75533e-02
5222	  1,0442000000e+04	  5,73910e-02	  7,69250e-02
5223	  1,0444000000e+04	  5,77828e-02	  7,73065e-02
5224	  1,0446000000e+04	  5,74150e-02	  7,45370e-02
5225	  1,0448000000e+04	  5,78734e-02	  7,38026e-02
5226	  1,0450000000e+04	  6,14697e-02	  7,14434e-02
5227	  1,0452000000e+04	  6,19557e-02	  7,04090e-02
5228	  1,0454000000e+04	  6,06887e-02	  6,92714e-02
5229	  1,0456000000e+04	  5,97969e-02	  7,05859e-02
5230	  1,0458000000e+04	  5,85921e-02	  7,03901e-02
5231	  1,0460000000e+04	  5,73140e-02	  6,79761e-02
5232	  1,0462000000e+04	  5,62590e-02	  6,82517e-02
5233	  1,0464000000e+04	  5,62165e-02	  6,66805e-02
5234	  1,0466000000e+04	  5,48858e-02	  6,84178e-02
5235	  1,0468000000e+04	  5,36677e-02	  6,76124e-02
5236	  1,0470000000e+04	  5,35211e-02	  6,44201e-02
5237	  1,0472000000e+04	  5,31201e-02	  6,36417e-02
5238	  1,0474000000e+04	  5,20704e-02	  6,39223e-02
5239	  1,0476000000e+04	  5,22793e-02	  6,37335e-02
5240	  1,0478000000e+04	  5,33794e-02	  6,71302e-02
5241	  1,0480000000e+04	  5,34544e-02	  6,70742e-02
5242	  1,0482000000e+04	  5,30488e-02	  6,45216e-02
5243	  1,0484000000e+04	  5,14857e-02	  6,48858e-02
5244	  1,0486000000e+04	  5,17345e-02	  6,38657e-02
5245	  1,0488000000e+04	  5,29543e-02	  6,39376e-02
5246	  1,0490000000e+04	  5,21203e-02	  6,35892e-02
5247	  1,0492000000e+04	  5,07499e-02	  6,41869e-02
5248	  1,0494000000e+04	  4,89028e-02	  6,47494e-02
5249	  1,0496000000e+04	  4,91159e-02	  6,51327e-02
5250	  1,0498000000e+04	  4,95934e-02	  6,65791e-02
5251	  1,0500000000e+04	  5,04132e-02	  6,56577e-02
5252	  1,0502000000e+04	  5,26452e-02	  6,68044e-02
5253	  1,0504000000e+04	  5,35866e-02	  6,78974e-02
5254	  1,0506000000e+04	  5,84406e-02	  6,89427e-02
5255	  1,0508000000e+04	  5,88547e-02	  6,73585e-02
5256	  1,0510000000e+04	  5,88587e-02	  6,61951e-02
5257	  1,0512000000e+04	  5,37764e-02	  6,49062e-02
5258	  1,0514000000e+04	  5,35565e-02	  6,73231e-02
5259	  1,0516000000e+04	  5,67511e-02	  6,55735e-02
5260	  1,0518000000e+04	  5,72121e-02	  6,47261e-02
5261	  1,0520000000e+04	  5,93109e-02	  6,48070e-02
5262	  1,0522000000e+04	  5,85663e-02	  6,54293e-02
5263	  1,0524000000e+04	  5,69374e-02	  6,77387e-02
5264	  1,0526000000e+04	  5,83856e-02	  6,57279e-02
5265	  1,0528000000e+04	  6,04835e-02	  6,52426e-02
5266	  1,0530000000e+04	  5,89500e-02	  6,68895e-02
5267	  1,0532000000e+04	  5,98095e-02	  6,63927e-02
5268	  1,0534000000e+04	  6,08888e-02	  6,60280e-02
5269	  1,0536000000e+04	  6,14004e-02	  6,56939e-02
5270	  1,0538000000e+04	  5,98132e-02	  6,46888e-02
5271	  1,0540000000e+04	  6,13890e-02	  6,30961e-02
5272	  1,0542000000e+04	  6,33723e-02	  6,50569e-02
5273	  1,0544000000e+04	  6,36794e-02	  6,68231e-02
5274	  1,0546000000e+04	  6,21385e-02	  6,76775e-02
5275	  1,0548000000e+04	  6,05327e-02	  6,84444e-02
5276	  1,0550000000e+04	  6,13406e-02	  6,64318e-02
5277	  1,0552000000e+04	  6,22901e-02	  6,53850e-02
5278	  1,0554000000e+04	  6,23466e-02	  6,35448e-02
5279	  1,0556000000e+04	  6,42090e-02	  6,27017e-02
5280	  1,0558000000e+04	  6,40317e-02	  6,36369e-02
5281	  1,0560000000e+04	  6,49370e-02	  6,50484e-02
5282	  1,0562000000e+04	  6,47877e-02	  6,53979e-02
5283	  1,0564000000e+04	  6,32894e-02	  6,80297e-02
5284	  1,0566000000e+04	  6,18582e-02	  6,86336e-02
5285	  1,0568000000e+04	  6,67283e-02	  6,57498e-02
5286	  1,0570000000e+04	  6,65250e-02	  6,82927e-02
5287	  1,0572000000e+04	  6,57070e-02	  7,18909e-02
5288	  1,0574000000e+04	  6,85745e-02	  7,11749e-02
5289	  1,0576000000e+04	  6,99295e-02	  7,09684e-02
5290	  1,0578000000e+04	  6,97547e-02	  6,97974e-02
5291	  1,0580000000e+04	  7,19320e-02	  7,04948e-02
5292	  1,0582000000e+04	  7,19440e-02	  7,22726e-02
5293	  1,0584000000e+04	  7,29204e-02	  7,16388e-02
5294	  1,0586000000e+04	  7,65273e-02	  7,18515e-02
5295	  1,0588000000e+04	  7,68732e-02	  7,02989e-02
5296	  1,0590000000e+04	  7,69344e-02	  6,92052e-02
5297	  1,0592000000e+04	  7,95514e-02	  7,12198e-02
5298	  1,0594000000e+04	  8,36621e-02	  7,18387e-02
5299	  1,0596000000e+04	  8,43173e-02	  7,07508e-02
5300	  1,0598000000e+04	  8,53640e-02	  7,06302e-02
5301	  1,0600000000e+04	  8,59453e-02	  6,99670e-02
5302	  1,0602000000e+04	  8,61488e-02	  6,91280e-02
5303	  1,0604000000e+04	  8,80200e-02	  6,73035e-02
5304	  1,0606000000e+04	  8,98908e-02	  6,79814e-02
5305	  1,0608000000e+04	  8,93948e-02	  6,62801e-02
5306	  1,0610000000e+04	  9,20883e-02	  6,40584e-02
5307	  1,0612000000e+04	  9,39644e-02	  6,47503e-02
5308	  1,0614000000e+04	  9,61066e-02	  6,51378e-02
5309	  1,0616000000e+04	  9,61628e-02	  6,28416e-02
5310	  1,0618000000e+04	  9,69938e-02	  6,30851e-02
5311	  1,0620000000e+04	  9,82139e-02	  6,37886e-02
5312	  1,0622000000e+04	  9,92400e-02	  6,17688e-02
5313	  1,0624000000e+04	  1,01742e-01	  5,94308e-02
5314	  1,0626000000e+04	  1,04474e-01	  5,91185e-02
5315	  1,0628000000e+04	  1,04171e-01	  5,99589e-02
5316	  1,0630000000e+04	  1,03504e-01	  5,68910e-02
5317	  1,0632000000e+04	  1,04905e-01	  5,62308e-02
5318	  1,0634000000e+04	  1,07296e-01	  5,56853e-02
5319	  1,0636000000e+04	  1,08313e-01	  5,44776e-02
5320	  1,0638000000e+04	  1,09150e-01	  5,32279e-02
5321	  1,0640000000e+04	  1,09289e-01	  5,10492e-02
5322	  1,0642000000e+04	  1,10677e-01	  4,87735e-02
5323	  1,0644000000e+04	  1,10230e-01	  4,72934e-02
5324	  1,0646000000e+04	  1,09678e-01	  4,49451e-02
5325	  1,0648000000e+04	  1,11207e-01	  4,19062e-02
5326	  1,0650000000e+04	  1,10983e-01	  4,30414e-02
5327	  1,0652000000e+04	  1,11339e-01	  4,23774e-02
5328	  1,0654000000e+04	  1,12343e-01	  3,89547e-02
5329	  1,0656000000e+04	  1,13286e-01	  3,76032e-02
5330	  1,0658000000e+04	  1,12374e-01	  3,65960e-02
5331	  1,0660000000e+04	  1,11011e-01	  3,41834e-02
5332	  1,0662000000e+04	  1,11772e-01	  3,35002e-02
5333	  1,0664000000e+04	  1,11189e-01	  3,37171e-02
5334	  1,0666000000e+04	  1,09973e-01	  3,21568e-02
5335	  1,0668000000e+04	  1,08421e-01	  3,03270e-02
5336	  1,0670000000e+04	  1,09861e-01	  2,70468e-02
5337	  1,0672000000e+04	  1,09331e-01	  2,57346e-02
5338	  1,0674000000e+04	  1,07008e-01	  2,90524e-02
5339	  1,0676000000e+04	  1,05588e-01	  2,85849e-02
5340	  1,0678000000e+04	  1,06077e-01	  2,75964e-02
5341	  1,0680000000e+04	  1,04835e-01	  2,55546e-02
5342	  1,0682000000e+04	  1,01434e-01	  2,68490e-02
5343	  1,0684000000e+04	  1,01005e-01	  2,75830e-02
5344	  1,0686000000e+04	  1,00226e-01	  2,53509e-02
5345	  1,0688000000e+04	  1,01688e-01	  2,51884e-02
5346	  1,0690000000e+04	  9,94176e-02	  3,06116e-02
5347	  1,0692000000e+04	  9,51597e-02	  3,19936e-02
5348	  1,0694000000e+04	  9,57142e-02	  3,14225e-02
5349	  1,0696000000e+04	  9,49073e-02	  3,57029e-02
5350	  1,0698000000e+04	  9,34197e-02	  3,84355e-02
5351	  1,0700000000e+04	  9,21081e-02	  4,04423e-02
5352	  1,0702000000e+04	  9,13462e-02	  4,08532e-02
5353	  1,0704000000e+04	  9,03351e-02	  4,34787e-02
5354	  1,0706000000e+04	  9,11207e-02	  5,01540e-02
5355	  1,0708000000e+04	  9,52812e-02	  5,37139e-02
5356	  1,0710000000e+04	  9,42590e-02	  5,44333e-02
5357	  1,0712000000e+04	  9,47928e-02	  5,85149e-02
5358	  1,0714000000e+04	  9,80586e-02	  6,27974e-02
5359	  1,0716000000e+04	  1,02522e-01	  6,92523e-02
5360	  1,0718000000e+04	  1,04364e-01	  7,25444e-02
5361	  1,0720000000e+04	  1,09286e-01	  7,63389e-02
5362	  1,0722000000e+04	  1,13071e-01	  7,94449e-02
5363	  1,0724000000e+04	  1,17013e-01	  8,24027e-02
5364	  1,0726000000e+04	  1,24471e-01	  8,56894e-02
5365	  1,0728000000e+04	  1,30592e-01	  8,65614e-02
5366	  1,0730000000e+04	  1,36229e-01	  8,92569e-02
5367	  1,0732000000e+04	  1,44789e-01	  9,02319e-02
5368	  1,0734000000e+04	  1,52117e-01	  9,16910e-02
5369	  1,0736000000e+04	  1,63199e-01	  8,89861e-02
5370	  1,0738000000e+04	  1,71363e-01	  8,69686e-02
5371	  1,0740000000e+04	  1,78824e-01	  8,69857e-02
5372	  1,0742000000e+04	  1,85432e-01	  8,45258e-02
5373	  1,0744000000e+04	  1,91618e-01	  8,25026e-02
5374	  1,0746000000e+04	  1,99324e-01	  7,68782e-02
5375	  1,0748000000e+04	  2,07333e-01	  7,21782e-02
5376	  1,0750000000e+04	  2,15718e-01	  6,45860e-02
5377	  1,0752000000e+04	  2,21846e-01	  5,94505e-02
5378	  1,0754000000e+04	  2,25869e-01	  5,65000e-02
5379	  1,0756000000e+04	  2,32524e-01	  5,10055e-02
5380	  1,0758000000e+04	  2,37922e-01	  4,13129e-02
5381	  1,0760000000e+04	  2,41688e-01	  3,59129e-02
5382	  1,0762000000e+04	  2,46285e-01	  2,78662e-02
5383	  1,0764000000e+04	  2,48980e-01	  2,21275e-02
5384	  1,0766000000e+04	  2,50118e-01	  1,56206e-02
5385	  1,0768000000e+04	  2,51493e-01	  8,42097e-03
5386	  1,0770000000e+04	  2,55750e-01	 -1,72186e-04
5387	  1,0772000000e+04	  2,58008e-01	 -7,76590e-03
5388	  1,0774000000e+04	  2,58290e-01	 -1,45997e-02
5389	  1,0776000000e+04	  2,60056e-01	 -2,37330e-02
5390	  1,0778000000e+04	  2,61786e-01	 -3,15070e-02
5391	  1,0780000000e+04	  2,62764e-01	 -3,82454e-02
5392	  1,0782000000e+04	  2,62184e-01	 -4,47410e-02
5393	  1,0784000000e+04	  2,62321e-01	 -5,17200e-02
5394	  1,0786000000e+04	  2,59753e-01	 -5,76789e-02
5395	  1,0788000000e+04	  2,58051e-01	 -6,15299e-02
5396	  1,0790000000e+04	  2,58497e-01	 -6,55282e-02
5397	  1,0792000000e+04	  2,56555e-01	 -7,40802e-02
5398	  1,0794000000e+04	  2,55663e-01	 -8,02622e-02
5399	  1,0796000000e+04	  2,52538e-01	 -8,39166e-02
5400	  1,0798000000e+04	  2,51912e-01	 -8,79957e-02
5401	  1,0800000000e+04	  2,50395e-01	 -9,14905e-02
5402	  1,0802000000e+04	  2,50354e-01	 -9,74589e-02
5403	  1,0804000000e+04	  2,48718e-01	 -1,05361e-01
5404	  1,0806000000e+04	  2,44797e-01	 -1,10500e-01
5405	  1,0808000000e+04	  2,42276e-01	 -1,13299e-01
5406	  1,0810000000e+04	  2,41554e-01	 -1,18421e-01
5407	  1,0812000000e+04	  2,41582e-01	 -1,24671e-01
5408	  1,0814000000e+04	  2,42182e-01	 -1,29625e-01
5409	  1,0816000000e+04	  2,41110e-01	 -1,33958e-01
5410	  1,0818000000e+04	  2,40427e-01	 -1,36922e-01
5411	  1,0820000000e+04	  2,38010e-01	 -1,42772e-01
5412	  1,0822000000e+04	  2,35178e-01	 -1,47200e-01
5413	  1,0824000000e+04	  2,32415e-01	 -1,51277e-01
5414	  1,0826000000e+04	  2,31010e-01	 -1,59695e-01
5415	  1,0828000000e+04	  2,29145e-01	 -1,62883e-01
5416	  1,0830000000e+04	  2,25680e-01	 -1,66948e-01
5417	  1,0832000000e+04	  2,23246e-01	 -1,73000e-01
5418	  1,0834000000e+04	  2,19972e-01	 -1,78722e-01
5419	  1,0836000000e+04	  2,16414e-01	 -1,80596e-01
5420	  1,0838000000e+04	  2,12637e-01	 -1,87837e-01
5421	  1,0840000000e+04	  2,08884e-01	 -1,91185e-01
5422	  1,0842000000e+04	  2,04939e-01	 -1,94963e-01
5423	  1,0844000000e+04	  2,01694e-01	 -1,97851e-01
5424	  1,0846000000e+04	  1,99373e-01	 -1,99064e-01
5425	  1,0848000000e+04	  1,95045e-01	 -2,03612e-01
5426	  1,0850000000e+04	  1,91220e-01	 -2,06788e-01
5427	  1,0852000000e+04	  1,87843e-01	 -2,09184e-01
5428	  1,0854000000e+04	  1,84341e-01	 -2,12894e-01
5429	  1,0856000000e+04	  1,82810e-01	 -2,16310e-01
5430	  1,0858000000e+04	  1,78610e-01	 -2,20574e-01
5431	  1,0860000000e+04	  1,72530e-01	 -2,24534e-01
5432	  1,0862000000e+04	  1,70065e-01	 -2,26336e-01
5433	  1,0864000000e+04	  1,68550e-01	 -2,27362e-01
5434	  1,0866000000e+04	  1,64299e-01	 -2,31141e-01
5435	  1,0868000000e+04	  1,65086e-01	 -2,34749e-01
5436	  1,0870000000e+04	  1,61027e-01	 -2,40722e-01
5437	  1,0872000000e+04	  1,56350e-01	 -2,43887e-01
5438	  1,0874000000e+04	  1,54853e-01	 -2,45408e-01
5439	  1,0876000000e+04	  1,52095e-01	 -2,46631e-01
5440	  1,0878000000e+04	  1,45960e-01	 -2,49353e-01
5441	  1,0880000000e+04	  1,40705e-01	 -2,53200e-01
5442	  1,0882000000e+04	  1,37929e-01	 -2,56552e-01
5443	  1,0884000000e+04	  1,34574e-01	 -2,58454e-01
5444	  1,0886000000e+04	  1,31455e-01	 -2,60499e-01
5445	  1,0888000000e+04	  1,26276e-01	 -2,65571e-01
5446	  1,0890000000e+04	  1,22825e-01	 -2,68432e-01
5447	  1,0892000000e+04	  1,17725e-01	 -2,70511e-01
5448	  1,0894000000e+04	  1,12645e-01	 -2,72951e-01
5449	  1,0896000000e+04	  1,07452e-01	 -2,75850e-01
5450	  1,0898000000e+04	  1,01323e-01	 -2,78981e-01
5451	  1,0900000000e+04	  9,82591e-02	 -2,76137e-01
5452	  1,0902000000e+04	  9,35344e-02	 -2,79032e-01
5453	  1,0904000000e+04	  8,98082e-02	 -2,82961e-01
5454	  1,0906000000e+04	  8,68582e-02	 -2,82080e-01
5455	  1,0908000000e+04	  8,29416e-02	 -2,83452e-01
5456	  1,0910000000e+04	  7,66687e-02	 -2,87098e-01
5457	  1,0912000000e+04	  7,32946e-02	 -2,87531e-01
5458	  1,0914000000e+04	  6,76501e-02	 -2,86333e-01
5459	  1,0916000000e+04	  6,28314e-02	 -2,87478e-01
5460	  1,0918000000e+04	  5,79794e-02	 -2,88273e-01
5461	  1,0920000000e+04	  5,26853e-02	 -2,89888e-01
5462	  1,0922000000e+04	  4,85998e-02	 -2,90256e-01
5463	  1,0924000000e+04	  4,39718e-02	 -2,89907e-01
5464	  1,0926000000e+04	  4,10704e-02	 -2,91699e-01
5465	  1,0928000000e+04	  3,88134e-02	 -2,94822e-01
5466	  1,0930000000e+04	  3,42630e-02	 -2,94084e-01
5467	  1,0932000000e+04	  2,84861e-02	 -2,94752e-01
5468	  1,0934000000e+04	  2,50560e-02	 -2,95176e-01
5469	  1,0936000000e+04	  2,19908e-02	 -2,93888e-01
5470	  1,0938000000e+04	  1,87919e-02	 -2,92148e-01
5471	  1,0940000000e+04	  1,49826e-02	 -2,90847e-01
5472	  1,0942000000e+04	  8,67371e-03	 -2,93436e-01
5473	  1,0944000000e+04	  5,69992e-03	 -2,96571e-01
5474	  1,0946000000e+04	  1,23318e-03	 -2,99006e-01
5475	  1,0948000000e+04	 -4,49888e-03	 -2,98114e-01
5476	  1,0950000000e+04	 -7,42670e-03	 -2,98756e-01
5477	  1,0952000000e+04	 -1,17227e-02	 -2,99881e-01
5478	  1,0954000000e+04	 -1,66688e-02	 -3,00837e-01
5479	  1,0956000000e+04	 -2,01242e-02	 -3,00295e-01
5480	  1,0958000000e+04	 -2,30016e-02	 -2,99512e-01
5481	  1,0960000000e+04	 -2,54915e-02	 -2,99950e-01
5482	  1,0962000000e+04	 -3,35295e-02	 -3,03149e-01
5483	  1,0964000000e+04	 -3,74400e-02	 -3,02446e-01
5484	  1,0966000000e+04	 -4,12647e-02	 -3,03030e-01
5485	  1,0968000000e+04	 -4,38780e-02	 -3,02763e-01
5486	  1,0970000000e+04	 -4,92490e-02	 -3,03249e-01
5487	  1,0972000000e+04	 -5,42711e-02	 -3,02893e-01
5488	  1,0974000000e+04	 -5,92705e-02	 -3,01438e-01
5489	  1,0976000000e+04	 -6,28213e-02	 -2,98962e-01
5490	  1,0978000000e+04	 -6,49945e-02	 -3,01415e-01
5491	  1,0980000000e+04	 -7,03246e-02	 -3,04252e-01
5492	  1,0982000000e+04	 -7,63297e-02	 -3,03482e-01
5493	  1,0984000000e+04	 -8,41929e-02	 -3,03473e-01
5494	  1,0986000000e+04	 -9,00793e-02	 -3,01348e-01
5495	  1,0988000000e+04	 -9,59281e-02	 -3,00629e-01
5496	  1,0990000000e+04	 -9,78066e-02	 -2,98543e-01
5497	  1,0992000000e+04	 -1,02298e-01	 -2,96695e-01
5498	  1,0994000000e+04	 -1,07936e-01	 -2,94825e-01
5499	  1,0996000000e+04	 -1,13175e-01	 -2,90264e-01
5500	  1,0998000000e+04	 -1,15217e-01	 -2,89821e-01
5501	  1,1000000000e+04	 -1,20290e-01	 -2,89840e-01
5502	  1,1002000000e+04	 -1,27148e-01	 -2,90862e-01
5503	  1,1004000000e+04	 -1,31329e-01	 -2,90022e-01
5504	  1,1006000000e+04	 -1,33691e-01	 -2,87922e-01
5505	  1,1008000000e+04	 -1,36615e-01	 -2,84324e-01
5506	  1,1010000000e+04	 -1,44139e-01	 -2,83928e-01
5507	  1,1012000000e+04	 -1,48546e-01	 -2,83327e-01
5508	  1,1014000000e+04	 -1,53371e-01	 -2,81340e-01
5509	  1,1016000000e+04	 -1,59266e-01	 -2,78538e-01
5510	  1,1018000000e+04	 -1,62019e-01	 -2,78072e-01
5511	  1,1020000000e+04	 -1,67297e-01	 -2,76632e-01
5512	  1,1022000000e+04	 -1,70820e-01	 -2,75421e-01
5513	  1,1024000000e+04	 -1,74079e-01	 -2,71149e-01
5514	  1,1026000000e+04	 -1,79055e-01	 -2,70503e-01
5515	  1,1028000000e+04	 -1,84628e-01	 -2,66724e-01
5516	  1,1030000000e+04	 -1,89937e-01	 -2,63846e-01
5517	  1,1032000000e+04	 -1,92278e-01	 -2,60890e-01
5518	  1,1034000000e+04	 -1,97308e-01	 -2,60161e-01
5519	  1,1036000000e+04	 -2,00343e-01	 -2,56178e-01
5520	  1,1038000000e+04	 -2,06074e-01	 -2,56635e-01
5521	  1,1040000000e+04	 -2,11140e-01	 -2,51079e-01
5522	  1,1042000000e+04	 -2,18409e-01	 -2,44845e-01
5523	  1,1044000000e+04	 -2,20451e-01	 -2,43406e-01
5524	  1,1046000000e+04	 -2,25223e-01	 -2,42206e-01
5525	  1,1048000000e+04	 -2,30390e-01	 -2,39305e-01
5526	  1,1050000000e+04	 -2,35669e-01	 -2,34953e-01
5527	  1,1052000000e+04	 -2,40733e-01	 -2,31221e-01
5528	  1,1054000000e+04	 -2,42681e-01	 -2,28815e-01
5529	  1,1056000000e+04	 -2,48946e-01	 -2,23848e-01
5530	  1,1058000000e+04	 -2,53304e-01	 -2,16393e-01
5531	  1,1060000000e+04	 -2,56316e-01	 -2,13438e-01
5532	  1,1062000000e+04	 -2,56274e-01	 -2,07745e-01
5533	  1,1064000000e+04	 -2,60727e-01	 -2,02904e-01
5534	  1,1066000000e+04	 -2,66616e-01	 -1,99682e-01
5535	  1,1068000000e+04	 -2,72660e-01	 -1,93736e-01
5536	  1,1070000000e+04	 -2,78484e-01	 -1,88045e-01
5537	  1,1072000000e+04	 -2,76906e-01	 -1,82985e-01
5538	  1,1074000000e+04	 -2,77147e-01	 -1,78338e-01
5539	  1,1076000000e+04	 -2,80869e-01	 -1,74134e-01
5540	  1,1078000000e+04	 -2,87241e-01	 -1,68612e-01
5541	  1,1080000000e+04	 -2,89312e-01	 -1,65109e-01
5542	  1,1082000000e+04	 -2,89460e-01	 -1,59321e-01
5543	  1,1084000000e+04	 -2,91067e-01	 -1,51175e-01
5544	  1,1086000000e+04	 -2,93505e-01	 -1,46029e-01
5545	  1,1088000000e+04	 -2,94478e-01	 -1,40849e-01
5546	  1,1090000000e+04	 -2,96486e-01	 -1,33761e-01
5547	  1,1092000000e+04	 -2,98983e-01	 -1,29088e-01
5548	  1,1094000000e+04	 -2,99782e-01	 -1,22379e-01
5549	  1,1096000000e+04	 -3,01094e-01	 -1,17214e-01
5550	  1,1098000000e+04	 -3,00757e-01	 -1,12885e-01
5551	  1,1100000000e+04	 -3,01894e-01	 -1,05917e-01
5552	  1,1102000000e+04	 -3,04475e-01	 -1,00551e-01
5553	  1,1104000000e+04	 -3,04513e-01	 -9,55290e-02
5554	  1,1106000000e+04	 -3,04322e-01	 -8,77288e-02
5555	  1,1108000000e+04	 -3,01900e-01	 -7,98591e-02
5556	  1,1110000000e+04	 -2,98515e-01	 -7,42914e-02
5557	  1,1112000000e+04	 -2,98542e-01	 -7,03845e-02
5558	  1,1114000000e+04	 -2,96782e-01	 -6,30152e-02
5559	  1,1116000000e+04	 -2,95428e-01	 -5,66365e-02
5560	  1,1118000000e+04	 -2,95283e-01	 -5,11008e-02
5561	  1,1120000000e+04	 -2,93052e-01	 -4,68377e-02
5562	  1,1122000000e+04	 -2,87933e-01	 -4,38213e-02
5563	  1,1124000000e+04	 -2,84155e-01	 -3,97408e-02
5564	  1,1126000000e+04	 -2,82086e-01	 -3,27356e-02
5565	  1,1128000000e+04	 -2,78294e-01	 -3,08401e-02
5566	  1,1130000000e+04	 -2,74738e-01	 -2,58243e-02
5567	  1,1132000000e+04	 -2,73720e-01	 -2,08604e-02
5568	  1,1134000000e+04	 -2,72832e-01	 -2,09028e-02
5569	  1,1136000000e+04	 -2,69001e-01	 -2,07243e-02
5570	  1,1138000000e+04	 -2,65796e-01	 -1,66119e-02
5571	  1,1140000000e+04	 -2,61215e-01	 -1,15411e-02
5572	  1,1142000000e+04	 -2,57320e-01	 -1,17453e-02
5573	  1,1144000000e+04	 -2,53670e-01	 -1,30535e-02
5574	  1,1146000000e+04	 -2,50925e-01	 -1,26542e-02
5575	  1,1148000000e+04	 -2,49392e-01	 -1,06152e-02
5576	  1,1150000000e+04	 -2,46897e-01	 -1,06453e-02
5577	  1,1152000000e+04	 -2,43064e-01	 -1,12663e-02
5578	  1,1154000000e+04	 -2,40763e-01	 -1,16388e-02
5579	  1,1156000000e+04	 -2,42582e-01	 -1,33010e-02
5580	  1,1158000000e+04	 -2,43359e-01	 -1,40740e-02
5581	  1,1160000000e+04	 -2,42012e-01	 -1,54831e-02
5582	  1,1162000000e+04	 -2,36855e-01	 -1,55684e-02
5583	  1,1164000000e+04	 -2,37267e-01	 -1,67497e-02
5584	  1,1166000000e+04	 -2,38472e-01	 -1,89816e-02
5585	  1,1168000000e+04	 -2,38460e-01	 -1,78041e-02
5586	  1,1170000000e+04	 -2,39174e-01	 -1,77881e-02
5587	  1,1172000000e+04	 -2,39134e-01	 -1,92299e-02
5588	  1,1174000000e+04	 -2,38368e-01	 -2,04085e-02
5589	  1,1176000000e+04	 -2,40979e-01	 -2,23510e-02
5590	  1,1178000000e+04	 -2,43085e-01	 -2,33102e-02
5591	  1,1180000000e+04	 -2,42713e-01	 -2,44889e-02
5592	  1,1182000000e+04	 -2,45195e-01	 -2,68134e-02
5593	  1,1184000000e+04	 -2,48546e-01	 -2,55246e-02
5594	  1,1186000000e+04	 -2,50603e-01	 -2,62302e-02
5595	  1,1188000000e+04	 -2,54524e-01	 -2,32552e-02
5596	  1,1190000000e+04	 -2,54759e-01	 -2,29431e-02
5597	  1,1192000000e+04	 -2,56845e-01	 -2,49743e-02
5598	  1,1194000000e+04	 -2,60467e-01	 -2,41888e-02
5599	  1,1196000000e+04	 -2,62960e-01	 -2,30205e-02
5600	  1,1198000000e+04	 -2,69801e-01	 -2,21419e-02
5601	  1,1200000000e+04	 -2,73105e-01	 -2,18703e-02
5602	  1,1202000000e+04	 -2,74062e-01	 -1,88386e-02
5603	  1,1204000000e+04	 -2,75349e-01	 -1,66075e-02
5604	  1,1206000000e+04	 -2,81596e-01	 -1,42108e-02
5605	  1,1208000000e+04	 -2,87259e-01	 -1,34855e-02
5606	  1,1210000000e+04	 -2,88146e-01	 -1,06968e-02
5607	  1,1212000000e+04	 -2,92098e-01	 -7,91757e-03
5608	  1,1214000000e+04	 -2,98767e-01	 -5,03117e-03
5609	  1,1216000000e+04	 -3,00892e-01	 -3,11714e-03
5610	  1,1218000000e+04	 -3,02680e-01	 -2,12592e-03
5611	  1,1220000000e+04	 -3,04588e-01	  3,10358e-04
5612	  1,1222000000e+04	 -3,07609e-01	  4,61741e-03
5613	  1,1224000000e+04	 -3,13003e-01	  9,52762e-03
5614	  1,1226000000e+04	 -3,18550e-01	  1,49515e-02
5615	  1,1228000000e+04	 -3,20819e-01	  1,79249e-02
5616	  1,1230000000e+04	 -3,22773e-01	  2,07378e-02
5617	  1,1232000000e+04	 -3,26771e-01	  2,40605e-02
5618	  1,1234000000e+04	 -3,31307e-01	  2,85084e-02
5619	  1,1236000000e+04	 -3,33619e-01	  3,37559e-02
5620	  1,1238000000e+04	 -3,32637e-01	  3,69358e-02
5621	  1,1240000000e+04	 -3,34577e-01	  4,18201e-02
5622	  1,1242000000e+04	 -3,39366e-01	  4,85901e-02
5623	  1,1244000000e+04	 -3,43738e-01	  5,49394e-02
5624	  1,1246000000e+04	 -3,48926e-01	  6,09509e-02
5625	  1,1248000000e+04	 -3,50355e-01	  6,63337e-02
5626	  1,1250000000e+04	 -3,51745e-01	  7,21225e-02
5627	  1,1252000000e+04	 -3,52551e-01	  7,81262e-02
5628	  1,1254000000e+04	 -3,54801e-01	  8,25746e-02
5629	  1,1256000000e+04	 -3,57238e-01	  8,97959e-02
5630	  1,1258000000e+04	 -3,59162e-01	  9,73816e-02
5631	  1,1260000000e+04	 -3,61091e-01	  1,02591e-01
5632	  1,1262000000e+04	 -3,61576e-01	  1,09924e-01
5633	  1,1264000000e+04	 -3,62960e-01	  1,18662e-01
5634	  1,1266000000e+04	 -3,62309e-01	  1,24419e-01
5635	  1,1268000000e+04	 -3,62624e-01	  1,29635e-01
5636	  1,1270000000e+04	 -3,64550e-01	  1,38021e-01
5637	  1,1272000000e+04	 -3,64499e-01	  1,45077e-01
5638	  1,1274000000e+04	 -3,63900e-01	  1,52157e-01
5639	  1,1276000000e+04	 -3,64974e-01	  1,60048e-01
5640	  1,1278000000e+04	 -3,61524e-01	  1,65912e-01
5641	  1,1280000000e+04	 -3,59592e-01	  1,72846e-01
5642	  1,1282000000e+04	 -3,60909e-01	  1,79335e-01
5643	  1,1284000000e+04	 -3,61897e-01	  1,86761e-01
5644	  1,1286000000e+04	 -3,61137e-01	  1,92319e-01
5645	  1,1288000000e+04	 -3,57558e-01	  1,98676e-01
5646	  1,1290000000e+04	 -3,55086e-01	  2,05652e-01
5647	  1,1292000000e+04	 -3,52933e-01	  2,11256e-01
5648	  1,1294000000e+04	 -3,50768e-01	  2,17750e-01
5649	  1,1296000000e+04	 -3,51136e-01	  2,25733e-01
5650	  1,1298000000e+04	 -3,49437e-01	  2,30687e-01
5651	  1,1300000000e+04	 -3,50322e-01	  2,34494e-01
5652	  1,1302000000e+04	 -3,49977e-01	  2,42833e-01
5653	  1,1304000000e+04	 -3,46480e-01	  2,49731e-01
5654	  1,1306000000e+04	 -3,46148e-01	  2,56673e-01
5655	  1,1308000000e+04	 -3,41259e-01	  2,64048e-01
5656	  1,1310000000e+04	 -3,39972e-01	  2,72341e-01
5657	  1,1312000000e+04	 -3,38495e-01	  2,77471e-01
5658	  1,1314000000e+04	 -3,32748e-01	  2,85916e-01
5659	  1,1316000000e+04	 -3,33727e-01	  2,93588e-01
5660	  1,1318000000e+04	 -3,33339e-01	  3,01933e-01
5661	  1,1320000000e+04	 -3,27763e-01	  3,08839e-01
5662	  1,1322000000e+04	 -3,24444e-01	  3,15794e-01
5663	  1,1324000000e+04	 -3,21904e-01	  3,21005e-01
5664	  1,1326000000e+04	 -3,18005e-01	  3,25288e-01
5665	  1,1328000000e+04	 -3,15069e-01	  3,33338e-01
5666	  1,1330000000e+04	 -3,09478e-01	  3,43328e-01
5667	  1,1332000000e+04	 -3,04759e-01	  3,50782e-01
5668	  1,1334000000e+04	 -3,02187e-01	  3,59573e-01
5669	  1,1336000000e+04	 -2,97715e-01	  3,65528e-01
5670	  1,1338000000e+04	 -2,92152e-01	  3,73086e-01
5671	  1,1340000000e+04	 -2,87330e-01	  3,79692e-01
5672	  1,1342000000e+04	 -2,81159e-01	  3,87307e-01
5673	  1,1344000000e+04	 -2,76391e-01	  3,92553e-01
5674	  1,1346000000e+04	 -2,71365e-01	  3,99206e-01
5675	  1,1348000000e+04	 -2,65363e-01	  4,07454e-01
5676	  1,1350000000e+04	 -2,59762e-01	  4,12774e-01
5677	  1,1352000000e+04	 -2,51848e-01	  4,17900e-01
5678	  1,1354000000e+04	 -2,44471e-01	  4,24304e-01
5679	  1,1356000000e+04	 -2,39440e-01	  4,32305e-01
5680	  1,1358000000e+04	 -2,31806e-01	  4,38353e-01
5681	  1,1360000000e+04	 -2,24168e-01	  4,39254e-01
5682	  1,1362000000e+04	 -2,17921e-01	  4,45826e-01
5683	  1,1364000000e+04	 -2,11110e-01	  4,53424e-01
5684	  1,1366000000e+04	 -2,04361e-01	  4,58123e-01
5685	  1,1368000000e+04	 -1,99108e-01	  4,61152e-01
5686	  1,1370000000e+04	 -1,89205e-01	  4,64896e-01
5687	  1,1372000000e+04	 -1,79441e-01	  4,71586e-01
5688	  1,1374000000e+04	 -1,72745e-01	  4,76735e-01
5689	  1,1376000000e+04	 -1,64196e-01	  4,83381e-01
5690	  1,1378000000e+04	 -1,56330e-01	  4,84331e-01
5691	  1,1380000000e+04	 -1,48779e-01	  4,87695e-01
5692	  1,1382000000e+04	 -1,39303e-01	  4,91619e-01
5693	  1,1384000000e+04	 -1,31403e-01	  4,95373e-01
5694	  1,1386000000e+04	 -1,22731e-01	  4,99009e-01
5695	  1,1388000000e+04	 -1,15139e-01	  5,02201e-01
5696	  1,1390000000e+04	 -1,07127e-01	  5,05587e-01
5697	  1,1392000000e+04	 -1,01133e-01	  5,08825e-01
5698	  1,1394000000e+04	 -9,18916e-02	  5,11658e-01
5699	  1,1396000000e+04	 -8,12862e-02	  5,13754e-01
5700	  1,1398000000e+04	 -7,10290e-02	  5,16687e-01
5701	  1,1400000000e+04	 -6,16075e-02	  5,16473e-01
5702	  1,1402000000e+04	 -5,47173e-02	  5,17380e-01
5703	  1,1404000000e+04	 -4,98386e-02	  5,19061e-01
5704	  1,1406000000e+04	 -3,88747e-02	  5,21505e-01
5705	  1,1408000000e+04	 -2,74132e-02	  5,25138e-01
5706	  1,1410000000e+04	 -1,95263e-02	  5,25337e-01
5707	  1,1412000000e+04	 -1,22710e-02	  5,27568e-01
5708	  1,1414000000e+04	 -2,00492e-03	  5,29031e-01
5709	  1,1416000000e+04	  7,68471e-03	  5,29928e-01
5710	  1,1418000000e+04	  1,61282e-02	  5,28961e-01
5711	  1,1420000000e+04	  2,47737e-02	  5,28047e-01
5712	  1,1422000000e+04	  3,29666e-02	  5,30046e-01
5713	  1,1424000000e+04	  4,39997e-02	  5,29734e-01
5714	  1,1426000000e+04	  5,42181e-02	  5,30607e-01
5715	  1,1428000000e+04	  6,23524e-02	  5,30190e-01
5716	  1,1430000000e+04	  7,10907e-02	  5,29408e-01
5717	  1,1432000000e+04	  7,76286e-02	  5,27476e-01
5718	  1,1434000000e+04	  8,60267e-02	  5,27859e-01
5719	  1,1436000000e+04	  9,78914e-02	  5,25810e-01
5720	  1,1438000000e+04	  1,04821e-01	  5,24868e-01
5721	  1,1440000000e+04	  1,12393e-01	  5,24672e-01
5722	  1,1442000000e+04	  1,20828e-01	  5,22819e-01
5723	  1,1444000000e+04	  1,29605e-01	  5,19858e-01
5724	  1,1446000000e+04	  1,41330e-01	  5,17938e-01
5725	  1,1448000000e+04	  1,49563e-01	  5,17603e-01
5726	  1,1450000000e+04	  1,58505e-01	  5,18621e-01
5727	  1,1452000000e+04	  1,65543e-01	  5,12520e-01
5728	  1,1454000000e+04	  1,75540e-01	  5,11042e-01
5729	  1,1456000000e+04	  1,83525e-01	  5,09035e-01
5730	  1,1458000000e+04	  1,90117e-01	  5,06387e-01
5731	  1,1460000000e+04	  2,00010e-01	  5,03154e-01
5732	  1,1462000000e+04	  2,07020e-01	  5,00738e-01
5733	  1,1464000000e+04	  2,15310e-01	  4,98794e-01
5734	  1,1466000000e+04	  2,24862e-01	  4,96827e-01
5735	  1,1468000000e+04	  2,33981e-01	  4,91623e-01
5736	  1,1470000000e+04	  2,42354e-01	  4,87554e-01
5737	  1,1472000000e+04	  2,48158e-01	  4,84261e-01
5738	  1,1474000000e+04	  2,55494e-01	  4,78524e-01
5739	  1,1476000000e+04	  2,64306e-01	  4,73647e-01
5740	  1,1478000000e+04	  2,71693e-01	  4,69548e-01
5741	  1,1480000000e+04	  2,78932e-01	  4,67211e-01
5742	  1,1482000000e+04	  2,86737e-01	  4,63117e-01
5743	  1,1484000000e+04	  2,94381e-01	  4,57704e-01
5744	  1,1486000000e+04	  3,01958e-01	  4,54771e-01
5745	  1,1488000000e+04	  3,08986e-01	  4,53449e-01
5746	  1,1490000000e+04	  3,17826e-01	  4,48861e-01
5747	  1,1492000000e+04	  3,22880e-01	  4,44839e-01
5748	  1,1494000000e+04	  3,30240e-01	  4,41171e-01
5749	  1,1496000000e+04	  3,34758e-01	  4,34230e-01
5750	  1,1498000000e+04	  3,41640e-01	  4,26123e-01
5751	  1,1500000000e+04	  3,49634e-01	  4,19129e-01
5752	  1,1502000000e+04	  3,58551e-01	  4,14528e-01
5753	  1,1504000000e+04	  3,64044e-01	  4,08857e-01
5754	  1,1506000000e+04	  3,68902e-01	  4,05330e-01
5755	  1,1508000000e+04	  3,76532e-01	  4,01147e-01
5756	  1,1510000000e+04	  3,84002e-01	  3,93620e-01
5757	  1,1512000000e+04	  3,89120e-01	  3,87532e-01
5758	  1,1514000000e+04	  3,93150e-01	  3,83952e-01
5759	  1,1516000000e+04	  4,00207e-01	  3,82022e-01
5760	  1,1518000000e+04	  4,06102e-01	  3,69795e-01
5761	  1,1520000000e+04	  4,09669e-01	  3,62349e-01
5762	  1,1522000000e+04	  4,19199e-01	  3,55967e-01
5763	  1,1524000000e+04	  4,26562e-01	  3,50477e-01
5764	  1,1526000000e+04	  4,28250e-01	  3,43623e-01
5765	  1,1528000000e+04	  4,33989e-01	  3,34739e-01
5766	  1,1530000000e+04	  4,38987e-01	  3,27408e-01
5767	  1,1532000000e+04	  4,43823e-01	  3,22611e-01
5768	  1,1534000000e+04	  4,45636e-01	  3,16957e-01
5769	  1,1536000000e+04	  4,50858e-01	  3,09058e-01
5770	  1,1538000000e+04	  4,56016e-01	  3,00821e-01
5771	  1,1540000000e+04	  4,58090e-01	  2,94134e-01
5772	  1,1542000000e+04	  4,63254e-01	  2,87042e-01
5773	  1,1544000000e+04	  4,66444e-01	  2,79371e-01
5774	  1,1546000000e+04	  4,71106e-01	  2,71849e-01
5775	  1,1548000000e+04	  4,74295e-01	  2,68572e-01
5776	  1,1550000000e+04	  4,79765e-01	  2,64782e-01
5777	  1,1552000000e+04	  4,84794e-01	  2,57226e-01
5778	  1,1554000000e+04	  4,85336e-01	  2,51868e-01
5779	  1,1556000000e+04	  4,88545e-01	  2,43373e-01
5780	  1,1558000000e+04	  4,93175e-01	  2,36393e-01
5781	  1,1560000000e+04	  4,94645e-01	  2,29528e-01
5782	  1,1562000000e+04	  5,00784e-01	  2,23589e-01
5783	  1,1564000000e+04	  5,05490e-01	  2,17341e-01
5784	  1,1566000000e+04	  5,10805e-01	  2,12045e-01
5785	  1,1568000000e+04	  5,13251e-01	  2,04953e-01
5786	  1,1570000000e+04	  5,16698e-01	  1,95699e-01
5787	  1,1572000000e+04	  5,19923e-01	  1,91896e-01
5788	  1,1574000000e+04	  5,24266e-01	  1,85396e-01
5789	  1,1576000000e+04	  5,26539e-01	  1,78400e-01
5790	  1,1578000000e+04	  5,30593e-01	  1,68967e-01
5791	  1,1580000000e+04	  5,33474e-01	  1,61076e-01
5792	  1,1582000000e+04	  5,40014e-01	  1,53938e-01
5793	  1,1584000000e+04	  5,44402e-01	  1,46043e-01
5794	  1,1586000000e+04	  5,46989e-01	  1,39871e-01
5795	  1,1588000000e+04	  5,50053e-01	  1,29578e-01
5796	  1,1590000000e+04	  5,53299e-01	  1,19291e-01
5797	  1,1592000000e+04	  5,55063e-01	  1,09583e-01
5798	  1,1594000000e+04	  5,54823e-01	  1,00597e-01
5799	  1,1596000000e+04	  5,57721e-01	  9,42398e-02
5800	  1,1598000000e+04	  5,59994e-01	  8,50062e-02
5801	  1,1600000000e+04	  5,61186e-01	  7,66659e-02
5802	  1,1602000000e+04	  5,62292e-01	  6,55827e-02
5803	  1,1604000000e+04	  5,64937e-01	  5,41676e-02
5804	  1,1606000000e+04	  5,63843e-01	  5,01056e-02
5805	  1,1608000000e+04	  5,61363e-01	  4,17249e-02
5806	  1,1610000000e+04	  5,63182e-01	  3,28066e-02
5807	  1,1612000000e+04	  5,63786e-01	  2,45800e-02
5808	  1,1614000000e+04	  5,62210e-01	  1,52299e-02
5809	  1,1616000000e+04	  5,62789e-01	  6,29101e-03
5810	  1,1618000000e+04	  5,63963e-01	 -1,73132e-03
5811	  1,1620000000e+04	  5,63210e-01	 -1,04069e-02
5812	  1,1622000000e+04	  5,62719e-01	 -1,51786e-02
5813	  1,1624000000e+04	  5,59466e-01	 -2,12612e-02
5814	  1,1626000000e+04	  5,60758e-01	 -2,87306e-02
5815	  1,1628000000e+04	  5,61203e-01	 -3,63596e-02
5816	  1,1630000000e+04	  5,58738e-01	 -4,31345e-02
5817	  1,1632000000e+04	  5,59171e-01	 -5,32700e-02
5818	  1,1634000000e+04	  5,59904e-01	 -6,01252e-02
5819	  1,1636000000e+04	  5,61416e-01	 -6,64883e-02
5820	  1,1638000000e+04	  5,60015e-01	 -7,57382e-02
5821	  1,1640000000e+04	  5,58731e-01	 -8,50552e-02
5822	  1,1642000000e+04	  5,59889e-01	 -9,39443e-02
5823	  1,1644000000e+04	  5,59537e-01	 -1,02286e-01
5824	  1,1646000000e+04	  5,59869e-01	 -1,10609e-01
5825	  1,1648000000e+04	  5,58907e-01	 -1,16700e-01
5826	  1,1650000000e+04	  5,57678e-01	 -1,27404e-01
5827	  1,1652000000e+04	  5,56447e-01	 -1,33096e-01
5828	  1,1654000000e+04	  5,57121e-01	 -1,42506e-01
5829	  1,1656000000e+04	  5,54260e-01	 -1,49038e-01
5830	  1,1658000000e+04	  5,50257e-01	 -1,55634e-01
5831	  1,1660000000e+04	  5,47666e-01	 -1,67108e-01
5832	  1,1662000000e+04	  5,46119e-01	 -1,73474e-01
5833	  1,1664000000e+04	  5,44879e-01	 -1,79053e-01
5834	  1,1666000000e+04	  5,45384e-01	 -1,86781e-01
5835	  1,1668000000e+04	  5,43362e-01	 -1,94783e-01
5836	  1,1670000000e+04	  5,39820e-01	 -2,04182e-01
5837	  1,1672000000e+04	  5,36639e-01	 -2,13751e-01
5838	  1,1674000000e+04	  5,35326e-01	 -2,25030e-01
5839	  1,1676000000e+04	  5,35288e-01	 -2,31830e-01
5840	  1,1678000000e+04	  5,30852e-01	 -2,37757e-01
5841	  1,1680000000e+04	  5,26125e-01	 -2,47087e-01
5842	  1,1682000000e+04	  5,22165e-01	 -2,55053e-01
5843	  1,1684000000e+04	  5,18171e-01	 -2,61831e-01
5844	  1,1686000000e+04	  5,15934e-01	 -2,69239e-01
5845	  1,1688000000e+04	  5,13914e-01	 -2,75870e-01
5846	  1,1690000000e+04	  5,08934e-01	 -2,81928e-01
5847	  1,1692000000e+04	  5,08697e-01	 -2,91581e-01
5848	  1,1694000000e+04	  5,06010e-01	 -2,98895e-01
5849	  1,1696000000e+04	  4,99992e-01	 -3,04836e-01
5850	  1,1698000000e+04	  4,96996e-01	 -3,13401e-01
5851	  1,1700000000e+04	  4,93644e-01	 -3,22219e-01
5852	  1,1702000000e+04	  4,89768e-01	 -3,26307e-01
5853	  1,1704000000e+04	  4,87358e-01	 -3,31109e-01
5854	  1,1706000000e+04	  4,82891e-01	 -3,41034e-01
5855	  1,1708000000e+04	  4,79246e-01	 -3,49823e-01
5856	  1,1710000000e+04	  4,72957e-01	 -3,57370e-01
5857	  1,1712000000e+04	  4,69601e-01	 -3,64396e-01
5858	  1,1714000000e+04	  4,67854e-01	 -3,74433e-01
5859	  1,1716000000e+04	  4,61746e-01	 -3,78119e-01
5860	  1,1718000000e+04	  4,53812e-01	 -3,83843e-01
5861	  1,1720000000e+04	  4,48979e-01	 -3,93049e-01
5862	  1,1722000000e+04	  4,45149e-01	 -4,00636e-01
5863	  1,1724000000e+04	  4,41060e-01	 -4,09299e-01
5864	  1,1726000000e+04	  4,34919e-01	 -4,17226e-01
5865	  1,1728000000e+04	  4,29034e-01	 -4,23438e-01
5866	  1,1730000000e+04	  4,24676e-01	 -4,31504e-01
5867	  1,1732000000e+04	  4,21488e-01	 -4,37750e-01
5868	  1,1734000000e+04	  4,15432e-01	 -4,46708e-01
5869	  1,1736000000e+04	  4,07214e-01	 -4,53753e-01
5870	  1,1738000000e+04	  4,00222e-01	 -4,60658e-01
5871	  1,1740000000e+04	  3,93419e-01	 -4,66719e-01
5872	  1,1742000000e+04	  3,84407e-01	 -4,75588e-01
5873	  1,1744000000e+04	  3,78153e-01	 -4,82454e-01
5874	  1,1746000000e+04	  3,70414e-01	 -4,85430e-01
5875	  1,1748000000e+04	  3,64839e-01	 -4,93284e-01
5876	  1,1750000000e+04	  3,57505e-01	 -5,00313e-01
5877	  1,1752000000e+04	  3,52009e-01	 -5,05107e-01
5878	  1,1754000000e+04	  3,45579e-01	 -5,11051e-01
5879	  1,1756000000e+04	  3,36038e-01	 -5,17460e-01
5880	  1,1758000000e+04	  3,28521e-01	 -5,24000e-01
5881	  1,1760000000e+04	  3,23284e-01	 -5,29681e-01
5882	  1,1762000000e+04	  3,14775e-01	 -5,36325e-01
5883	  1,1764000000e+04	  3,05183e-01	 -5,38683e-01
5884	  1,1766000000e+04	  2,94137e-01	 -5,44406e-01
5885	  1,1768000000e+04	  2,87062e-01	 -5,48707e-01
5886	  1,1770000000e+04	  2,79390e-01	 -5,54284e-01
5887	  1,1772000000e+04	  2,70027e-01	 -5,59591e-01
5888	  1,1774000000e+04	  2,63821e-01	 -5,65635e-01
5889	  1,1776000000e+04	  2,53555e-01	 -5,70366e-01
5890	  1,1778000000e+04	  2,43162e-01	 -5,73300e-01
5891	  1,1780000000e+04	  2,37802e-01	 -5,77435e-01
5892	  1,1782000000e+04	  2,28887e-01	 -5,84407e-01
5893	  1,1784000000e+04	  2,19841e-01	 -5,87293e-01
5894	  1,1786000000e+04	  2,10723e-01	 -5,90130e-01
5895	  1,1788000000e+04	  2,02211e-01	 -5,93835e-01
5896	  1,1790000000e+04	  1,94814e-01	 -5,98391e-01
5897	  1,1792000000e+04	  1,87068e-01	 -6,03229e-01
5898	  1,1794000000e+04	  1,76379e-01	 -6,07962e-01
5899	  1,1796000000e+04	  1,67670e-01	 -6,11194e-01
5900	  1,1798000000e+04	  1,58566e-01	 -6,12845e-01
5901	  1,1800000000e+04	  1,47119e-01	 -6,16004e-01
5902	  1,1802000000e+04	  1,37721e-01	 -6,18978e-01
5903	  1,1804000000e+04	  1,31209e-01	 -6,19753e-01
5904	  1,1806000000e+04	  1,18694e-01	 -6,23243e-01
5905	  1,1808000000e+04	  1,07521e-01	 -6,24501e-01
5906	  1,1810000000e+04	  9,54249e-02	 -6,28485e-01
5907	  1,1812000000e+04	  8,62189e-02	 -6,28672e-01
5908	  1,1814000000e+04	  7,66429e-02	 -6,31374e-01
5909	  1,1816000000e+04	  6,34662e-02	 -6,32609e-01
5910	  1,1818000000e+04	  5,36344e-02	 -6,35391e-01
5911	  1,1820000000e+04	  4,53314e-02	 -6,33217e-01
5912	  1,1822000000e+04	  3,55191e-02	 -6,32561e-01
5913	  1,1824000000e+04	  2,43601e-02	 -6,37574e-01
5914	  1,1826000000e+04	  1,62148e-02	 -6,38002e-01
5915	  1,1828000000e+04	  6,96944e-03	 -6,36073e-01
5916	  1,1830000000e+04	 -3,29296e-03	 -6,35357e-01
5917	  1,1832000000e+04	 -1,32567e-02	 -6,34658e-01
5918	  1,1834000000e+04	 -2,48866e-02	 -6,36831e-01
5919	  1,1836000000e+04	 -3,32755e-02	 -6,36593e-01
5920	  1,1838000000e+04	 -4,10599e-02	 -6,34185e-01
5921	  1,1840000000e+04	 -4,98109e-02	 -6,34395e-01
5922	  1,1842000000e+04	 -5,88580e-02	 -6,30182e-01
5923	  1,1844000000e+04	 -6,83903e-02	 -6,29906e-01
5924	  1,1846000000e+04	 -7,79287e-02	 -6,32038e-01
5925	  1,1848000000e+04	 -8,85656e-02	 -6,30335e-01
5926	  1,1850000000e+04	 -9,78759e-02	 -6,29929e-01
5927	  1,1852000000e+04	 -1,05270e-01	 -6,30141e-01
5928	  1,1854000000e+04	 -1,14130e-01	 -6,28681e-01
5929	  1,1856000000e+04	 -1,25376e-01	 -6,27144e-01
5930	  1,1858000000e+04	 -1,34800e-01	 -6,28597e-01
5931	  1,1860000000e+04	 -1,41444e-01	 -6,25366e-01
5932	  1,1862000000e+04	 -1,52880e-01	 -6,23957e-01
5933	  1,1864000000e+04	 -1,63719e-01	 -6,22425e-01
5934	  1,1866000000e+04	 -1,73622e-01	 -6,20340e-01
5935	  1,1868000000e+04	 -1,85461e-01	 -6,18210e-01
5936	  1,1870000000e+04	 -1,94564e-01	 -6,15470e-01
5937	  1,1872000000e+04	 -2,04784e-01	 -6,13892e-01
5938	  1,1874000000e+04	 -2,15268e-01	 -6,10236e-01
5939	  1,1876000000e+04	 -2,26760e-01	 -6,05896e-01
5940	  1,1878000000e+04	 -2,37827e-01	 -6,04883e-01
5941	  1,1880000000e+04	 -2,51253e-01	 -5,99877e-01
5942	  1,1882000000e+04	 -2,63323e-01	 -5,98860e-01
5943	  1,1884000000e+04	 -2,72366e-01	 -5,95381e-01
5944	  1,1886000000e+04	 -2,82733e-01	 -5,89516e-01
5945	  1,1888000000e+04	 -2,91856e-01	 -5,79405e-01
5946	  1,1890000000e+04	 -3,00739e-01	 -5,73334e-01
5947	  1,1892000000e+04	 -3,10533e-01	 -5,65915e-01
5948	  1,1894000000e+04	 -3,20067e-01	 -5,60807e-01
5949	  1,1896000000e+04	 -3,30159e-01	 -5,57014e-01
5950	  1,1898000000e+04	 -3,39273e-01	 -5,46956e-01
5951	  1,1900000000e+04	 -3,46711e-01	 -5,41693e-01
5952	  1,1902000000e+04	 -3,50044e-01	 -5,34820e-01
5953	  1,1904000000e+04	 -3,57013e-01	 -5,27089e-01
5954	  1,1906000000e+04	 -3,69126e-01	 -5,21709e-01
5955	  1,1908000000e+04	 -3,75821e-01	 -5,13713e-01
5956	  1,1910000000e+04	 -3,82792e-01	 -5,08717e-01
5957	  1,1912000000e+04	 -3,88065e-01	 -5,03888e-01
5958	  1,1914000000e+04	 -3,92916e-01	 -4,96041e-01
5959	  1,1916000000e+04	 -3,98659e-01	 -4,90295e-01
5960	  1,1918000000e+04	 -4,04842e-01	 -4,83828e-01
5961	  1,1920000000e+04	 -4,12560e-01	 -4,75486e-01
5962	  1,1922000000e+04	 -4,18151e-01	 -4,68882e-01
5963	  1,1924000000e+04	 -4,24427e-01	 -4,63436e-01
5964	  1,1926000000e+04	 -4,31958e-01	 -4,57353e-01
5965	  1,1928000000e+04	 -4,40332e-01	 -4,51470e-01
5966	  1,1930000000e+04	 -4,45507e-01	 -4,43678e-01
5967	  1,1932000000e+04	 -4,50919e-01	 -4,37038e-01
5968	  1,1934000000e+04	 -4,58666e-01	 -4,29632e-01
5969	  1,1936000000e+04	 -4,64327e-01	 -4,22329e-01
5970	  1,1938000000e+04	 -4,72891e-01	 -4,13526e-01
5971	  1,1940000000e+04	 -4,77037e-01	 -4,06502e-01
5972	  1,1942000000e+04	 -4,84531e-01	 -4,00724e-01
5973	  1,1944000000e+04	 -4,89769e-01	 -3,92827e-01
5974	  1,1946000000e+04	 -4,96487e-01	 -3,87423e-01
5975	  1,1948000000e+04	 -5,00766e-01	 -3,80827e-01
5976	  1,1950000000e+04	 -5,08664e-01	 -3,70540e-01
5977	  1,1952000000e+04	 -5,11976e-01	 -3,58502e-01
5978	  1,1954000000e+04	 -5,17763e-01	 -3,51741e-01
5979	  1,1956000000e+04	 -5,21099e-01	 -3,46296e-01
5980	  1,1958000000e+04	 -5,25725e-01	 -3,34172e-01
5981	  1,1960000000e+04	 -5,31539e-01	 -3,29341e-01
5982	  1,1962000000e+04	 -5,34623e-01	 -3,20406e-01
5983	  1,1964000000e+04	 -5,39676e-01	 -3,10965e-01
5984	  1,1966000000e+04	 -5,46000e-01	 -3,02766e-01
5985	  1,1968000000e+04	 -5,48497e-01	 -2,93521e-01
5986	  1,1970000000e+04	 -5,47677e-01	 -2,85465e-01
5987	  1,1972000000e+04	 -5,52192e-01	 -2,76606e-01
5988	  1,1974000000e+04	 -5,57961e-01	 -2,67849e-01
5989	  1,1976000000e+04	 -5,61804e-01	 -2,56972e-01
5990	  1,1978000000e+04	 -5,62273e-01	 -2,45255e-01
5991	  1,1980000000e+04	 -5,63568e-01	 -2,36832e-01
5992	  1,1982000000e+04	 -5,67033e-01	 -2,30034e-01
5993	  1,1984000000e+04	 -5,70295e-01	 -2,21652e-01
5994	  1,1986000000e+04	 -5,70439e-01	 -2,11164e-01
5995	  1,1988000000e+04	 -5,69386e-01	 -2,03900e-01
5996	  1,1990000000e+04	 -5,73778e-01	 -1,96219e-01
5997	  1,1992000000e+04	 -5,76098e-01	 -1,85165e-01
5998	  1,1994000000e+04	 -5,81209e-01	 -1,76259e-01
5999	  1,1996000000e+04	 -5,83164e-01	 -1,67808e-01
6000	  1,1998000000e+04	 -5,84043e-01	 -1,57611e-01
6001	  1,2000000000e+04	 -5,82693e-01	 -1,49089e-01
6002	  1,2002000000e+04	 -5,83014e-01	 -1,43312e-01
6003	  1,2004000000e+04	 -5,84516e-01	 -1,35708e-01
6004	  1,2006000000e+04	 -5,85138e-01	 -1,26907e-01
6005	  1,2008000000e+04	 -5,85604e-01	 -1,17817e-01
6006	  1,2010000000e+04	 -5,84976e-01	 -1,09991e-01
6007	  1,2012000000e+04	 -5,86290e-01	 -1,03703e-01
6008	  1,2014000000e+04	 -5,90197e-01	 -9,39853e-02
6009	  1,2016000000e+04	 -5,89189e-01	 -8,40188e-02
6010	  1,2018000000e+04	 -5,89077e-01	 -7,32065e-02
6011	  1,2020000000e+04	 -5,86730e-01	 -6,80458e-02
6012	  1,2022000000e+04	 -5,86715e-01	 -6,27941e-02
6013	  1,2024000000e+04	 -5,87050e-01	 -5,40977e-02
6014	  1,2026000000e+04	 -5,88177e-01	 -4,53164e-02
6015	  1,2028000000e+04	 -5,91765e-01	 -3,62270e-02
6016	  1,2030000000e+04	 -5,91559e-01	 -2,47698e-02
6017	  1,2032000000e+04	 -5,88729e-01	 -1,75871e-02
6018	  1,2034000000e+04	 -5,90860e-01	 -1,01288e-02
6019	  1,2036000000e+04	 -5,89587e-01	 -1,78672e-03
6020	  1,2038000000e+04	 -5,85703e-01	  4,25748e-03
6021	  1,2040000000e+04	 -5,83405e-01	  1,27177e-02
6022	  1,2042000000e+04	 -5,81597e-01	  2,16440e-02
6023	  1,2044000000e+04	 -5,78207e-01	  3,06430e-02
6024	  1,2046000000e+04	 -5,78439e-01	  3,75386e-02
6025	  1,2048000000e+04	 -5,79929e-01	  4,58185e-02
6026	  1,2050000000e+04	 -5,79408e-01	  5,47037e-02
6027	  1,2052000000e+04	 -5,74528e-01	  6,02676e-02
6028	  1,2054000000e+04	 -5,70575e-01	  6,71657e-02
6029	  1,2056000000e+04	 -5,68647e-01	  7,29279e-02
6030	  1,2058000000e+04	 -5,68407e-01	  8,12138e-02
6031	  1,2060000000e+04	 -5,67723e-01	  8,90789e-02
6032	  1,2062000000e+04	 -5,63830e-01	  9,46042e-02
6033	  1,2064000000e+04	 -5,63468e-01	  9,98525e-02
6034	  1,2066000000e+04	 -5,60678e-01	  1,06619e-01
6035	  1,2068000000e+04	 -5,59155e-01	  1,12729e-01
6036	  1,2070000000e+04	 -5,57971e-01	  1,20185e-01
6037	  1,2072000000e+04	 -5,55071e-01	  1,30182e-01
6038	  1,2074000000e+04	 -5,53465e-01	  1,35332e-01
6039	  1,2076000000e+04	 -5,54683e-01	  1,40128e-01
6040	  1,2078000000e+04	 -5,53329e-01	  1,45598e-01
6041	  1,2080000000e+04	 -5,51122e-01	  1,52426e-01
6042	  1,2082000000e+04	 -5,47659e-01	  1,60057e-01
6043	  1,2084000000e+04	 -5,47446e-01	  1,70251e-01
6044	  1,2086000000e+04	 -5,47731e-01	  1,77212e-01
6045	  1,2088000000e+04	 -5,46166e-01	  1,80925e-01
6046	  1,2090000000e+04	 -5,44157e-01	  1,88251e-01
6047	  1,2092000000e+04	 -5,42208e-01	  1,98603e-01
6048	  1,2094000000e+04	 -5,38566e-01	  2,06701e-01
6049	  1,2096000000e+04	 -5,32769e-01	  2,12422e-01
6050	  1,2098000000e+04	 -5,32354e-01	  2,20463e-01
6051	  1,2100000000e+04	 -5,28873e-01	  2,31005e-01
6052	  1,2102000000e+04	 -5,26805e-01	  2,38480e-01
6053	  1,2104000000e+04	 -5,23598e-01	  2,45678e-01
6054	  1,2106000000e+04	 -5,17772e-01	  2,54461e-01
6055	  1,2108000000e+04	 -5,14838e-01	  2,63878e-01
6056	  1,2110000000e+04	 -5,10375e-01	  2,70092e-01
6057	  1,2112000000e+04	 -5,05142e-01	  2,75948e-01
6058	  1,2114000000e+04	 -5,01882e-01	  2,84850e-01
6059	  1,2116000000e+04	 -4,96892e-01	  2,92280e-01
6060	  1,2118000000e+04	 -4,93418e-01	  2,98136e-01
6061	  1,2120000000e+04	 -4,88092e-01	  3,04909e-01
6062	  1,2122000000e+04	 -4,83792e-01	  3,13700e-01
6063	  1,2124000000e+04	 -4,77626e-01	  3,18485e-01
6064	  1,2126000000e+04	 -4,69885e-01	  3,23796e-01
6065	  1,2128000000e+04	 -4,66863e-01	  3,29725e-01
6066	  1,2130000000e+04	 -4,62595e-01	  3,34603e-01
6067	  1,2132000000e+04	 -4,57593e-01	  3,39868e-01
6068	  1,2134000000e+04	 -4,52547e-01	  3,47156e-01
6069	  1,2136000000e+04	 -4,43873e-01	  3,52711e-01
6070	  1,2138000000e+04	 -4,40662e-01	  3,58623e-01
6071	  1,2140000000e+04	 -4,35687e-01	  3,63448e-01
6072	  1,2142000000e+04	 -4,30187e-01	  3,67334e-01
6073	  1,2144000000e+04	 -4,23300e-01	  3,74230e-01
6074	  1,2146000000e+04	 -4,18341e-01	  3,80094e-01
6075	  1,2148000000e+04	 -4,11864e-01	  3,83164e-01
6076	  1,2150000000e+04	 -4,07790e-01	  3,88296e-01
6077	  1,2152000000e+04	 -4,00563e-01	  3,96234e-01
6078	  1,2154000000e+04	 -3,97184e-01	  3,99387e-01
6079	  1,2156000000e+04	 -3,94836e-01	  4,04484e-01
6080	  1,2158000000e+04	 -3,87300e-01	  4,08686e-01
6081	  1,2160000000e+04	 -3,81874e-01	  4,15144e-01
6082	  1,2162000000e+04	 -3,77244e-01	  4,19423e-01
6083	  1,2164000000e+04	 -3,71073e-01	  4,22999e-01
6084	  1,2166000000e+04	 -3,65505e-01	  4,31067e-01
6085	  1,2168000000e+04	 -3,60455e-01	  4,35615e-01
6086	  1,2170000000e+04	 -3,52050e-01	  4,36992e-01
6087	  1,2172000000e+04	 -3,45810e-01	  4,42453e-01
6088	  1,2174000000e+04	 -3,40375e-01	  4,49816e-01
6089	  1,2176000000e+04	 -3,34555e-01	  4,52267e-01
6090	  1,2178000000e+04	 -3,26866e-01	  4,60606e-01
6091	  1,2180000000e+04	 -3,21166e-01	  4,65779e-01
6092	  1,2182000000e+04	 -3,16091e-01	  4,67145e-01
6093	  1,2184000000e+04	 -3,07736e-01	  4,70430e-01
6094	  1,2186000000e+04	 -3,00569e-01	  4,77421e-01
6095	  1,2188000000e+04	 -2,95078e-01	  4,81404e-01
6096	  1,2190000000e+04	 -2,87175e-01	  4,85618e-01
6097	  1,2192000000e+04	 -2,81512e-01	  4,87767e-01
6098	  1,2194000000e+04	 -2,75292e-01	  4,89913e-01
6099	  1,2196000000e+04	 -2,67883e-01	  4,93827e-01
6100	  1,2198000000e+04	 -2,56091e-01	  4,98014e-01
6101	  1,2200000000e+04	 -2,49820e-01	  5,00870e-01
6102	  1,2202000000e+04	 -2,44555e-01	  5,03243e-01
6103	  1,2204000000e+04	 -2,36276e-01	  5,06383e-01
6104	  1,2206000000e+04	 -2,29360e-01	  5,10029e-01
6105	  1,2208000000e+04	 -2,23492e-01	  5,10386e-01
6106	  1,2210000000e+04	 -2,16403e-01	  5,12895e-01
6107	  1,2212000000e+04	 -2,10179e-01	  5,16880e-01
6108	  1,2214000000e+04	 -2,03987e-01	  5,20337e-01
6109	  1,2216000000e+04	 -1,93306e-01	  5,22777e-01
6110	  1,2218000000e+04	 -1,87627e-01	  5,24325e-01
6111	  1,2220000000e+04	 -1,82079e-01	  5,27544e-01
6112	  1,2222000000e+04	 -1,75005e-01	  5,27344e-01
6113	  1,2224000000e+04	 -1,66632e-01	  5,28821e-01
6114	  1,2226000000e+04	 -1,58495e-01	  5,30821e-01
6115	  1,2228000000e+04	 -1,50879e-01	  5,32704e-01
6116	  1,2230000000e+04	 -1,42803e-01	  5,35324e-01
6117	  1,2232000000e+04	 -1,37280e-01	  5,37776e-01
6118	  1,2234000000e+04	 -1,30095e-01	  5,41945e-01
6119	  1,2236000000e+04	 -1,16930e-01	  5,40357e-01
6120	  1,2238000000e+04	 -1,11918e-01	  5,39749e-01
6121	  1,2240000000e+04	 -1,05139e-01	  5,40374e-01
6122	  1,2242000000e+04	 -9,61099e-02	  5,40246e-01
6123	  1,2244000000e+04	 -8,81599e-02	  5,43022e-01
6124	  1,2246000000e+04	 -8,12022e-02	  5,45291e-01
6125	  1,2248000000e+04	 -7,52831e-02	  5,45604e-01
6126	  1,2250000000e+04	 -6,46693e-02	  5,43204e-01
6127	  1,2252000000e+04	 -5,42652e-02	  5,43161e-01
6128	  1,2254000000e+04	 -4,92184e-02	  5,41888e-01
6129	  1,2256000000e+04	 -4,36281e-02	  5,42127e-01
6130	  1,2258000000e+04	 -3,63842e-02	  5,43361e-01
6131	  1,2260000000e+04	 -3,07502e-02	  5,41632e-01
6132	  1,2262000000e+04	 -2,14824e-02	  5,40066e-01
6133	  1,2264000000e+04	 -1,62732e-02	  5,38212e-01
6134	  1,2266000000e+04	 -8,58383e-03	  5,33950e-01
6135	  1,2268000000e+04	 -4,42656e-04	  5,34650e-01
6136	  1,2270000000e+04	  5,71725e-03	  5,34391e-01
6137	  1,2272000000e+04	  9,58771e-03	  5,32990e-01
6138	  1,2274000000e+04	  1,55500e-02	  5,31058e-01
6139	  1,2276000000e+04	  2,16547e-02	  5,31237e-01
6140	  1,2278000000e+04	  2,71346e-02	  5,29230e-01
6141	  1,2280000000e+04	  3,34250e-02	  5,24750e-01
6142	  1,2282000000e+04	  3,85389e-02	  5,25248e-01
6143	  1,2284000000e+04	  4,49069e-02	  5,24308e-01
6144	  1,2286000000e+04	  5,00462e-02	  5,23025e-01
6145	  1,2288000000e+04	  5,36811e-02	  5,22123e-01
6146	  1,2290000000e+04	  5,80733e-02	  5,22806e-01
6147	  1,2292000000e+04	  6,38626e-02	  5,23136e-01
6148	  1,2294000000e+04	  6,95520e-02	  5,23357e-01
6149	  1,2296000000e+04	  7,59081e-02	  5,23130e-01
6150	  1,2298000000e+04	  8,03499e-02	  5,21896e-01
6151	  1,2300000000e+04	  8,86259e-02	  5,21210e-01
6152	  1,2302000000e+04	  9,54134e-02	  5,19510e-01
6153	  1,2304000000e+04	  9,91180e-02	  5,19757e-01
6154	  1,2306000000e+04	  1,04483e-01	  5,19578e-01
6155	  1,2308000000e+04	  1,10508e-01	  5,18537e-01
6156	  1,2310000000e+04	  1,17491e-01	  5,20129e-01
6157	  1,2312000000e+04	  1,25989e-01	  5,19304e-01
6158	  1,2314000000e+04	  1,32836e-01	  5,18382e-01
6159	  1,2316000000e+04	  1,38311e-01	  5,16426e-01
6160	  1,2318000000e+04	  1,45822e-01	  5,17056e-01
6161	  1,2320000000e+04	  1,53865e-01	  5,15644e-01
6162	  1,2322000000e+04	  1,60664e-01	  5,10369e-01
6163	  1,2324000000e+04	  1,66674e-01	  5,08843e-01
6164	  1,2326000000e+04	  1,74160e-01	  5,07322e-01
6165	  1,2328000000e+04	  1,78808e-01	  5,05780e-01
6166	  1,2330000000e+04	  1,85046e-01	  5,02444e-01
6167	  1,2332000000e+04	  1,91303e-01	  5,00150e-01
6168	  1,2334000000e+04	  1,97808e-01	  4,99497e-01
6169	  1,2336000000e+04	  2,01845e-01	  4,95308e-01
6170	  1,2338000000e+04	  2,09274e-01	  4,91540e-01
6171	  1,2340000000e+04	  2,18157e-01	  4,88068e-01
6172	  1,2342000000e+04	  2,24158e-01	  4,85187e-01
6173	  1,2344000000e+04	  2,31276e-01	  4,80546e-01
6174	  1,2346000000e+04	  2,38429e-01	  4,77495e-01
6175	  1,2348000000e+04	  2,43891e-01	  4,74811e-01
6176	  1,2350000000e+04	  2,48975e-01	  4,71863e-01
6177	  1,2352000000e+04	  2,53231e-01	  4,69051e-01
6178	  1,2354000000e+04	  2,55439e-01	  4,65050e-01
6179	  1,2356000000e+04	  2,63227e-01	  4,61404e-01
6180	  1,2358000000e+04	  2,68811e-01	  4,56652e-01
6181	  1,2360000000e+04	  2,71238e-01	  4,55115e-01
6182	  1,2362000000e+04	  2,79299e-01	  4,52972e-01
6183	  1,2364000000e+04	  2,83291e-01	  4,49712e-01
6184	  1,2366000000e+04	  2,87148e-01	  4,43959e-01
6185	  1,2368000000e+04	  2,90956e-01	  4,42031e-01
6186	  1,2370000000e+04	  2,97611e-01	  4,42642e-01
6187	  1,2372000000e+04	  3,02882e-01	  4,37238e-01
6188	  1,2374000000e+04	  3,06770e-01	  4,32242e-01
6189	  1,2376000000e+04	  3,10892e-01	  4,30210e-01
6190	  1,2378000000e+04	  3,14155e-01	  4,27518e-01
6191	  1,2380000000e+04	  3,18165e-01	  4,23564e-01
6192	  1,2382000000e+04	  3,22008e-01	  4,21682e-01
6193	  1,2384000000e+04	  3,28755e-01	  4,19905e-01
6194	  1,2386000000e+04	  3,33133e-01	  4,18774e-01
6195	  1,2388000000e+04	  3,37651e-01	  4,17410e-01
6196	  1,2390000000e+04	  3,42487e-01	  4,14382e-01
6197	  1,2392000000e+04	  3,46248e-01	  4,12388e-01
6198	  1,2394000000e+04	  3,51926e-01	  4,10221e-01
6199	  1,2396000000e+04	  3,59483e-01	  4,11259e-01
6200	  1,2398000000e+04	  3,65076e-01	  4,06421e-01
6201	  1,2400000000e+04	  3,70561e-01	  4,04208e-01
6202	  1,2402000000e+04	  3,76427e-01	  4,03812e-01
6203	  1,2404000000e+04	  3,84002e-01	  4,02217e-01
6204	  1,2406000000e+04	  3,91243e-01	  3,97759e-01
6205	  1,2408000000e+04	  3,98123e-01	  3,92318e-01
6206	  1,2410000000e+04	  4,07185e-01	  3,90282e-01
6207	  1,2412000000e+04	  4,17892e-01	  3,84336e-01
6208	  1,2414000000e+04	  4,22571e-01	  3,80849e-01
6209	  1,2416000000e+04	  4,30159e-01	  3,76210e-01
6210	  1,2418000000e+04	  4,38901e-01	  3,69697e-01
6211	  1,2420000000e+04	  4,45604e-01	  3,61935e-01
6212	  1,2422000000e+04	  4,52039e-01	  3,55865e-01
6213	  1,2424000000e+04	  4,55834e-01	  3,51043e-01
6214	  1,2426000000e+04	  4,61122e-01	  3,45220e-01
6215	  1,2428000000e+04	  4,64398e-01	  3,39078e-01
6216	  1,2430000000e+04	  4,71498e-01	  3,30288e-01
6217	  1,2432000000e+04	  4,79291e-01	  3,25375e-01
6218	  1,2434000000e+04	  4,82227e-01	  3,21003e-01
6219	  1,2436000000e+04	  4,84635e-01	  3,15214e-01
6220	  1,2438000000e+04	  4,89440e-01	  3,07844e-01
6221	  1,2440000000e+04	  4,95573e-01	  3,01489e-01
6222	  1,2442000000e+04	  5,00319e-01	  2,97185e-01
6223	  1,2444000000e+04	  5,04012e-01	  2,93522e-01
6224	  1,2446000000e+04	  5,07510e-01	  2,85604e-01
6225	  1,2448000000e+04	  5,11552e-01	  2,77337e-01
6226	  1,2450000000e+04	  5,17045e-01	  2,72044e-01
6227	  1,2452000000e+04	  5,22923e-01	  2,70569e-01
6228	  1,2454000000e+04	  5,26257e-01	  2,61857e-01
6229	  1,2456000000e+04	  5,32706e-01	  2,53183e-01
6230	  1,2458000000e+04	  5,40331e-01	  2,48914e-01
6231	  1,2460000000e+04	  5,43543e-01	  2,46730e-01
6232	  1,2462000000e+04	  5,49238e-01	  2,41220e-01
6233	  1,2464000000e+04	  5,53900e-01	  2,32350e-01
6234	  1,2466000000e+04	  5,61684e-01	  2,26746e-01
6235	  1,2468000000e+04	  5,64961e-01	  2,18877e-01
6236	  1,2470000000e+04	  5,71418e-01	  2,10434e-01
6237	  1,2472000000e+04	  5,75264e-01	  2,04074e-01
6238	  1,2474000000e+04	  5,80075e-01	  1,94116e-01
6239	  1,2476000000e+04	  5,85916e-01	  1,85840e-01
6240	  1,2478000000e+04	  5,88063e-01	  1,78291e-01
6241	  1,2480000000e+04	  5,92998e-01	  1,69126e-01
6242	  1,2482000000e+04	  5,96746e-01	  1,60631e-01
6243	  1,2484000000e+04	  5,99605e-01	  1,54012e-01
6244	  1,2486000000e+04	  6,05475e-01	  1,46521e-01
6245	  1,2488000000e+04	  6,09552e-01	  1,35775e-01
6246	  1,2490000000e+04	  6,11748e-01	  1,25290e-01
6247	  1,2492000000e+04	  6,16540e-01	  1,17702e-01
6248	  1,2494000000e+04	  6,20118e-01	  1,11084e-01
6249	  1,2496000000e+04	  6,19865e-01	  1,04000e-01
6250	  1,2498000000e+04	  6,24724e-01	  9,14871e-02
6251	  1,2500000000e+04	  6,27789e-01	  8,06419e-02
6252	  1,2502000000e+04	  6,30571e-01	  7,21105e-02
6253	  1,2504000000e+04	  6,32610e-01	  6,33986e-02
6254	  1,2506000000e+04	  6,36587e-01	  5,09125e-02
6255	  1,2508000000e+04	  6,39344e-01	  4,23215e-02
6256	  1,2510000000e+04	  6,40878e-01	  3,63584e-02
6257	  1,2512000000e+04	  6,41693e-01	  2,52050e-02
6258	  1,2514000000e+04	  6,43890e-01	  1,51635e-02
6259	  1,2516000000e+04	  6,44820e-01	  2,81616e-03
6260	  1,2518000000e+04	  6,46575e-01	 -7,30060e-03
6261	  1,2520000000e+04	  6,49087e-01	 -1,90246e-02
6262	  1,2522000000e+04	  6,46426e-01	 -2,96706e-02
6263	  1,2524000000e+04	  6,48167e-01	 -4,04038e-02
6264	  1,2526000000e+04	  6,51599e-01	 -4,96426e-02
6265	  1,2528000000e+04	  6,54930e-01	 -6,01260e-02
6266	  1,2530000000e+04	  6,55419e-01	 -7,23558e-02
6267	  1,2532000000e+04	  6,54122e-01	 -8,53617e-02
6268	  1,2534000000e+04	  6,50978e-01	 -9,68529e-02
6269	  1,2536000000e+04	  6,50221e-01	 -1,04838e-01
6270	  1,2538000000e+04	  6,51265e-01	 -1,13889e-01
6271	  1,2540000000e+04	  6,48264e-01	 -1,25207e-01
6272	  1,2542000000e+04	  6,46567e-01	 -1,35532e-01
6273	  1,2544000000e+04	  6,47631e-01	 -1,47908e-01
6274	  1,2546000000e+04	  6,47088e-01	 -1,57097e-01
6275	  1,2548000000e+04	  6,44037e-01	 -1,66305e-01
6276	  1,2550000000e+04	  6,37837e-01	 -1,77612e-01
6277	  1,2552000000e+04	  6,34004e-01	 -1,84872e-01
6278	  1,2554000000e+04	  6,32039e-01	 -1,97549e-01
6279	  1,2556000000e+04	  6,28863e-01	 -2,07439e-01
6280	  1,2558000000e+04	  6,26414e-01	 -2,18222e-01
6281	  1,2560000000e+04	  6,24560e-01	 -2,27964e-01
6282	  1,2562000000e+04	  6,20962e-01	 -2,38188e-01
6283	  1,2564000000e+04	  6,17528e-01	 -2,45942e-01
6284	  1,2566000000e+04	  6,13518e-01	 -2,54687e-01
6285	  1,2568000000e+04	  6,07741e-01	 -2,66558e-01
6286	  1,2570000000e+04	  6,05866e-01	 -2,74808e-01
6287	  1,2572000000e+04	  6,03259e-01	 -2,85422e-01
6288	  1,2574000000e+04	  5,99364e-01	 -2,93663e-01
6289	  1,2576000000e+04	  5,95455e-01	 -3,02231e-01
6290	  1,2578000000e+04	  5,91142e-01	 -3,12575e-01
6291	  1,2580000000e+04	  5,86184e-01	 -3,22061e-01
6292	  1,2582000000e+04	  5,82469e-01	 -3,32549e-01
6293	  1,2584000000e+04	  5,79117e-01	 -3,42771e-01
6294	  1,2586000000e+04	  5,74534e-01	 -3,52436e-01
6295	  1,2588000000e+04	  5,69391e-01	 -3,60770e-01
6296	  1,2590000000e+04	  5,63949e-01	 -3,67738e-01
6297	  1,2592000000e+04	  5,56987e-01	 -3,76573e-01
6298	  1,2594000000e+04	  5,50755e-01	 -3,89015e-01
6299	  1,2596000000e+04	  5,45147e-01	 -3,98875e-01
6300	  1,2598000000e+04	  5,39586e-01	 -4,07352e-01
6301	  1,2600000000e+04	  5,32252e-01	 -4,17843e-01
6302	  1,2602000000e+04	  5,25081e-01	 -4,24546e-01
6303	  1,2604000000e+04	  5,18212e-01	 -4,34014e-01
6304	  1,2606000000e+04	  5,10034e-01	 -4,43749e-01
6305	  1,2608000000e+04	  4,99262e-01	 -4,51483e-01
6306	  1,2610000000e+04	  4,93721e-01	 -4,58726e-01
6307	  1,2612000000e+04	  4,86616e-01	 -4,62384e-01
6308	  1,2614000000e+04	  4,80522e-01	 -4,71921e-01
6309	  1,2616000000e+04	  4,74984e-01	 -4,80533e-01
6310	  1,2618000000e+04	  4,65653e-01	 -4,85781e-01
6311	  1,2620000000e+04	  4,57725e-01	 -4,95273e-01
6312	  1,2622000000e+04	  4,50638e-01	 -5,04257e-01
6313	  1,2624000000e+04	  4,43490e-01	 -5,09587e-01
6314	  1,2626000000e+04	  4,33449e-01	 -5,13227e-01
6315	  1,2628000000e+04	  4,27944e-01	 -5,19161e-01
6316	  1,2630000000e+04	  4,17933e-01	 -5,26231e-01
6317	  1,2632000000e+04	  4,07964e-01	 -5,32469e-01
6318	  1,2634000000e+04	  3,99884e-01	 -5,40123e-01
6319	  1,2636000000e+04	  3,92534e-01	 -5,44104e-01
6320	  1,2638000000e+04	  3,85006e-01	 -5,51102e-01
6321	  1,2640000000e+04	  3,78331e-01	 -5,57990e-01
6322	  1,2642000000e+04	  3,70326e-01	 -5,64608e-01
6323	  1,2644000000e+04	  3,58845e-01	 -5,69324e-01
6324	  1,2646000000e+04	  3,52579e-01	 -5,73069e-01
6325	  1,2648000000e+04	  3,43924e-01	 -5,79550e-01
6326	  1,2650000000e+04	  3,34829e-01	 -5,84057e-01
6327	  1,2652000000e+04	  3,22138e-01	 -5,91442e-01
6328	  1,2654000000e+04	  3,12221e-01	 -5,94785e-01
6329	  1,2656000000e+04	  3,05327e-01	 -5,98217e-01
6330	  1,2658000000e+04	  2,98227e-01	 -6,06167e-01
6331	  1,2660000000e+04	  2,85282e-01	 -6,09890e-01
6332	  1,2662000000e+04	  2,72569e-01	 -6,13235e-01
6333	  1,2664000000e+04	  2,68485e-01	 -6,17925e-01
6334	  1,2666000000e+04	  2,58096e-01	 -6,22007e-01
6335	  1,2668000000e+04	  2,47465e-01	 -6,24636e-01
6336	  1,2670000000e+04	  2,37302e-01	 -6,27285e-01
6337	  1,2672000000e+04	  2,28169e-01	 -6,29679e-01
6338	  1,2674000000e+04	  2,21446e-01	 -6,33602e-01
6339	  1,2676000000e+04	  2,12056e-01	 -6,36067e-01
6340	  1,2678000000e+04	  2,02430e-01	 -6,37620e-01
6341	  1,2680000000e+04	  1,93888e-01	 -6,39090e-01
6342	  1,2682000000e+04	  1,83973e-01	 -6,45423e-01
6343	  1,2684000000e+04	  1,75576e-01	 -6,52039e-01
6344	  1,2686000000e+04	  1,69945e-01	 -6,54371e-01
6345	  1,2688000000e+04	  1,56117e-01	 -6,59158e-01
6346	  1,2690000000e+04	  1,46620e-01	 -6,62327e-01
6347	  1,2692000000e+04	  1,36234e-01	 -6,63840e-01
6348	  1,2694000000e+04	  1,24465e-01	 -6,65764e-01
6349	  1,2696000000e+04	  1,15080e-01	 -6,67783e-01
6350	  1,2698000000e+04	  1,04036e-01	 -6,69266e-01
6351	  1,2700000000e+04	  9,26167e-02	 -6,68728e-01
6352	  1,2702000000e+04	  7,99612e-02	 -6,71455e-01
6353	  1,2704000000e+04	  6,72416e-02	 -6,76373e-01
6354	  1,2706000000e+04	  5,81536e-02	 -6,78219e-01
6355	  1,2708000000e+04	  4,91352e-02	 -6,75786e-01
6356	  1,2710000000e+04	  3,81809e-02	 -6,75811e-01
6357	  1,2712000000e+04	  2,59950e-02	 -6,77166e-01
6358	  1,2714000000e+04	  1,48899e-02	 -6,77682e-01
6359	  1,2716000000e+04	  4,71567e-03	 -6,79679e-01
6360	  1,2718000000e+04	 -5,32468e-03	 -6,79578e-01
6361	  1,2720000000e+04	 -1,83525e-02	 -6,79856e-01
6362	  1,2722000000e+04	 -3,13252e-02	 -6,76570e-01
6363	  1,2724000000e+04	 -3,82563e-02	 -6,78616e-01
6364	  1,2726000000e+04	 -4,77986e-02	 -6,77580e-01
6365	  1,2728000000e+04	 -6,14830e-02	 -6,76666e-01
6366	  1,2730000000e+04	 -7,30834e-02	 -6,76460e-01
6367	  1,2732000000e+04	 -8,55926e-02	 -6,71849e-01
6368	  1,2734000000e+04	 -9,58903e-02	 -6,69306e-01
6369	  1,2736000000e+04	 -1,05302e-01	 -6,66304e-01
6370	  1,2738000000e+04	 -1,15007e-01	 -6,60972e-01
6371	  1,2740000000e+04	 -1,27789e-01	 -6,60600e-01
6372	  1,2742000000e+04	 -1,43125e-01	 -6,59937e-01
6373	  1,2744000000e+04	 -1,51230e-01	 -6,57585e-01
6374	  1,2746000000e+04	 -1,61885e-01	 -6,52427e-01
6375	  1,2748000000e+04	 -1,68637e-01	 -6,45865e-01
6376	  1,2750000000e+04	 -1,77827e-01	 -6,42215e-01
6377	  1,2752000000e+04	 -1,87837e-01	 -6,39639e-01
6378	  1,2754000000e+04	 -1,98022e-01	 -6,35228e-01
6379	  1,2756000000e+04	 -2,06496e-01	 -6,28673e-01
6380	  1,2758000000e+04	 -2,18105e-01	 -6,24965e-01
6381	  1,2760000000e+04	 -2,27753e-01	 -6,22313e-01
6382	  1,2762000000e+04	 -2,33996e-01	 -6,16331e-01
6383	  1,2764000000e+04	 -2,44503e-01	 -6,10431e-01
6384	  1,2766000000e+04	 -2,52451e-01	 -6,05123e-01
6385	  1,2768000000e+04	 -2,59187e-01	 -5,99474e-01
6386	  1,2770000000e+04	 -2,68018e-01	 -5,95405e-01
6387	  1,2772000000e+04	 -2,76262e-01	 -5,93277e-01
6388	  1,2774000000e+04	 -2,85284e-01	 -5,87905e-01
6389	  1,2776000000e+04	 -2,95733e-01	 -5,81383e-01
6390	  1,2778000000e+04	 -3,02511e-01	 -5,77368e-01
6391	  1,2780000000e+04	 -3,08380e-01	 -5,74026e-01
6392	  1,2782000000e+04	 -3,18119e-01	 -5,70082e-01
6393	  1,2784000000e+04	 -3,29845e-01	 -5,67507e-01
6394	  1,2786000000e+04	 -3,37270e-01	 -5,61134e-01
6395	  1,2788000000e+04	 -3,44092e-01	 -5,54136e-01
6396	  1,2790000000e+04	 -3,52428e-01	 -5,49895e-01
6397	  1,2792000000e+04	 -3,62828e-01	 -5,44009e-01
6398	  1,2794000000e+04	 -3,69331e-01	 -5,38229e-01
6399	  1,2796000000e+04	 -3,78734e-01	 -5,31315e-01
6400	  1,2798000000e+04	 -3,87205e-01	 -5,25341e-01
6401	  1,2800000000e+04	 -3,95113e-01	 -5,17788e-01
TagsBegin:	 	 	 
OverLoad:	 	False	 
AverageNumber: []	 	  2,00000e+02	 
OverLoadRatio: []	 	  1,19209e-07	 
TagsEnd:	 	 	 
TagScalesBegin:	 	 	 
TagScalesEnd:	 	 	 
