Header Size:	 78	 	 
Pulse Version:	 42	 	 
Decimal Symbol:	,	 	 
Date Format:	dd-MM-yyyy	 	 
Time Format:	HH:mm:ss:mmm	 	 
Data Type:	Complex	 	 
Slice:	False	 	 
Z-Axis type:	Linear	 	 
Z-Axis size:	1	 	 
Z-Axis unit:	 	 	 
Z-Axis first value:	  0,0000000000e+00	 	 
Z-Axis delta:	  1,0000000000e+00	 	 
X-Axis type:	Linear	 	 
X-Axis size:	6401	 	 
X-Axis unit:	Hz	 	 
X-Axis first value:	  0,0000000000e+00	 	 
X-Axis delta:	  2,0000000000e+00	 	 
	 	 	 
AmplitudeUnit:	Pa/V	 	 
Analyzer:	FFT_Spectrum_Averaging	 	 
AnalyzerName:	FFT Analyzer1	 	 
	 	 	 
	 	 	 
Bipolar:	True	 	 
CenterFrequency:	  6,4000000000e+03	 	 
	 	 	 
	 	 	 
	 	 	 
	 	 	 
	 	 	 
	 	 	 
	 	 	 
	 	 	 
Domain:	1	 	 
Function:	Frequency Response	 	 
	 	 	 
InputRange:	  1,0000000000e+01	 	 
	 	 	 
	 	 	 
MultiBufferName:	Input	 	 
NBW:	  1,5000000000e+00	 	 
	 	 	 
OverlapFailed:	False	 	 
Overrun:	False	 	 
Power:	False	 	 
	 	 	 
Ratio:	True	 	 
RecordLength:	  5,0000000000e-01	 	 
ReducedSize:	True	 	 
Ref_Signal:	Signal 1	 	 
	 	 	 
	 	 	 
RefSignalUnit:	V	 	 
	 	 	 
	 	 	 
Signal:	Signal 16	 	 
	 	 	 
SignalUnit:	Pa	 	 
	 	 	 
	 	 	 
	 	 	 
Title:	Frequency Response H1(Signal 16,Signal 1) - Input	 	 
Title1:	Working : Input : Input : FFT Analyzer1	 	 
	 	 	 
	 	 	 
	 	 	 
ZoomOn:	True	 	 
	 	 	 
TemplateName:	Working	 	 
MeasurementName:	Input	 	 
MeasurementSlice:	False	 	 
	 	 	 
	 	 	 
	 	 	 
EnvelopeOn:	False	 	 
	 	 	 
	 	 	 
	 	 	 
Z-index:	 	1	 
Date:	 	14-07-2026	 
Time:	 	19:05:40:147	 
Relative time:	 	  0,00000e+00	 
Z-axis:	 	  0,0000000000e+00	 
1	  0,0000000000e+00	  4,09648e-04	  9,56328e-08
2	  2,0000000000e+00	  2,93839e-03	  2,11918e-03
3	  4,0000000000e+00	  3,51502e-03	  2,76289e-03
4	  6,0000000000e+00	  2,87313e-03	  3,76314e-03
5	  8,0000000000e+00	  2,29765e-03	  8,63363e-03
6	  1,0000000000e+01	  2,15443e-02	 -2,49559e-03
7	  1,2000000000e+01	  6,48335e-03	 -3,39762e-03
8	  1,4000000000e+01	 -1,42495e-02	  8,23897e-03
9	  1,6000000000e+01	 -9,58751e-03	 -1,73710e-04
10	  1,8000000000e+01	  7,66769e-03	 -2,38852e-03
11	  2,0000000000e+01	  1,37668e-02	  5,55543e-03
12	  2,2000000000e+01	  2,75220e-03	  4,05329e-03
13	  2,4000000000e+01	  9,29022e-03	 -4,51706e-03
14	  2,6000000000e+01	 -4,19644e-03	 -8,40571e-03
15	  2,8000000000e+01	 -6,56201e-03	 -2,32101e-03
16	  3,0000000000e+01	 -1,13117e-02	 -1,64188e-03
17	  3,2000000000e+01	 -1,47615e-02	 -1,22573e-02
18	  3,4000000000e+01	 -9,53945e-03	 -9,23817e-03
19	  3,6000000000e+01	 -8,87976e-03	 -4,25636e-03
20	  3,8000000000e+01	 -9,09236e-03	 -1,40077e-02
21	  4,0000000000e+01	 -1,24343e-02	 -1,25870e-02
22	  4,2000000000e+01	 -1,68601e-02	 -3,59825e-03
23	  4,4000000000e+01	 -2,21240e-02	 -8,34416e-04
24	  4,6000000000e+01	 -1,91077e-02	 -4,87228e-03
25	  4,8000000000e+01	 -2,45795e-02	  2,87324e-03
26	  5,0000000000e+01	 -3,72591e-02	  2,39858e-02
27	  5,2000000000e+01	 -2,97920e-02	  1,82498e-03
28	  5,4000000000e+01	 -3,26799e-02	  1,86240e-03
29	  5,6000000000e+01	 -4,75421e-02	 -1,94411e-03
30	  5,8000000000e+01	 -4,97786e-02	  4,99873e-03
31	  6,0000000000e+01	 -5,43956e-02	  9,92201e-03
32	  6,2000000000e+01	 -5,90074e-02	  1,51327e-02
33	  6,4000000000e+01	 -6,17541e-02	  1,32403e-02
34	  6,6000000000e+01	 -6,29326e-02	  1,74882e-02
35	  6,8000000000e+01	 -6,57736e-02	  2,38177e-02
36	  7,0000000000e+01	 -6,49868e-02	  2,61936e-02
37	  7,2000000000e+01	 -6,02126e-02	  3,07386e-02
38	  7,4000000000e+01	 -6,30483e-02	  4,55015e-02
39	  7,6000000000e+01	 -6,30152e-02	  5,05671e-02
40	  7,8000000000e+01	 -6,92147e-02	  5,34040e-02
41	  8,0000000000e+01	 -7,19486e-02	  5,39143e-02
42	  8,2000000000e+01	 -6,60179e-02	  5,99948e-02
43	  8,4000000000e+01	 -6,48366e-02	  7,34341e-02
44	  8,6000000000e+01	 -6,91654e-02	  7,79196e-02
45	  8,8000000000e+01	 -6,88551e-02	  8,56516e-02
46	  9,0000000000e+01	 -7,15845e-02	  9,21671e-02
47	  9,2000000000e+01	 -6,67186e-02	  1,02889e-01
48	  9,4000000000e+01	 -6,61380e-02	  1,11242e-01
49	  9,6000000000e+01	 -6,55366e-02	  1,13814e-01
50	  9,8000000000e+01	 -6,90528e-02	  1,24326e-01
51	  1,0000000000e+02	 -5,73765e-02	  1,32926e-01
52	  1,0200000000e+02	 -5,46284e-02	  1,40079e-01
53	  1,0400000000e+02	 -5,10127e-02	  1,43406e-01
54	  1,0600000000e+02	 -4,42184e-02	  1,52761e-01
55	  1,0800000000e+02	 -4,07699e-02	  1,61979e-01
56	  1,1000000000e+02	 -3,53523e-02	  1,69103e-01
57	  1,1200000000e+02	 -2,76570e-02	  1,75948e-01
58	  1,1400000000e+02	 -1,31827e-02	  1,84645e-01
59	  1,1600000000e+02	 -5,60885e-03	  1,91570e-01
60	  1,1800000000e+02	 -4,62871e-03	  1,92257e-01
61	  1,2000000000e+02	  6,60577e-03	  2,01044e-01
62	  1,2200000000e+02	  1,63212e-02	  2,11727e-01
63	  1,2400000000e+02	  2,48890e-02	  2,18455e-01
64	  1,2600000000e+02	  3,49741e-02	  2,21583e-01
65	  1,2800000000e+02	  4,47461e-02	  2,25938e-01
66	  1,3000000000e+02	  5,53495e-02	  2,28978e-01
67	  1,3200000000e+02	  6,57978e-02	  2,33626e-01
68	  1,3400000000e+02	  8,51299e-02	  2,36442e-01
69	  1,3600000000e+02	  1,03434e-01	  2,39392e-01
70	  1,3800000000e+02	  1,14810e-01	  2,41503e-01
71	  1,4000000000e+02	  1,28795e-01	  2,39892e-01
72	  1,4200000000e+02	  1,43016e-01	  2,43432e-01
73	  1,4400000000e+02	  1,55679e-01	  2,39148e-01
74	  1,4600000000e+02	  1,71218e-01	  2,34155e-01
75	  1,4800000000e+02	  1,91440e-01	  2,29316e-01
76	  1,5000000000e+02	  2,12542e-01	  2,19458e-01
77	  1,5200000000e+02	  2,15072e-01	  2,14072e-01
78	  1,5400000000e+02	  2,27627e-01	  2,04510e-01
79	  1,5600000000e+02	  2,40587e-01	  1,98713e-01
80	  1,5800000000e+02	  2,50242e-01	  1,87746e-01
81	  1,6000000000e+02	  2,59576e-01	  1,78222e-01
82	  1,6200000000e+02	  2,68136e-01	  1,71617e-01
83	  1,6400000000e+02	  2,79838e-01	  1,57255e-01
84	  1,6600000000e+02	  2,88028e-01	  1,44558e-01
85	  1,6800000000e+02	  2,94881e-01	  1,36364e-01
86	  1,7000000000e+02	  3,00212e-01	  1,24833e-01
87	  1,7200000000e+02	  3,03804e-01	  1,13584e-01
88	  1,7400000000e+02	  3,10882e-01	  9,99528e-02
89	  1,7600000000e+02	  3,17962e-01	  8,81319e-02
90	  1,7800000000e+02	  3,20919e-01	  7,80337e-02
91	  1,8000000000e+02	  3,25359e-01	  6,33577e-02
92	  1,8200000000e+02	  3,30988e-01	  5,10739e-02
93	  1,8400000000e+02	  3,34296e-01	  3,57643e-02
94	  1,8600000000e+02	  3,32414e-01	  2,50597e-02
95	  1,8800000000e+02	  3,32790e-01	  1,59458e-02
96	  1,9000000000e+02	  3,35936e-01	  6,70382e-04
97	  1,9200000000e+02	  3,35664e-01	 -9,79360e-03
98	  1,9400000000e+02	  3,31311e-01	 -2,01063e-02
99	  1,9600000000e+02	  3,29064e-01	 -3,06452e-02
100	  1,9800000000e+02	  3,27077e-01	 -4,00990e-02
101	  2,0000000000e+02	  3,26636e-01	 -5,02904e-02
102	  2,0200000000e+02	  3,24175e-01	 -6,03974e-02
103	  2,0400000000e+02	  3,18899e-01	 -7,02086e-02
104	  2,0600000000e+02	  3,17697e-01	 -7,96442e-02
105	  2,0800000000e+02	  3,14690e-01	 -9,05994e-02
106	  2,1000000000e+02	  3,10657e-01	 -9,63403e-02
107	  2,1200000000e+02	  3,05639e-01	 -1,03383e-01
108	  2,1400000000e+02	  3,04808e-01	 -1,10347e-01
109	  2,1600000000e+02	  3,04473e-01	 -1,20646e-01
110	  2,1800000000e+02	  2,96183e-01	 -1,29596e-01
111	  2,2000000000e+02	  2,90424e-01	 -1,37612e-01
112	  2,2200000000e+02	  2,88956e-01	 -1,41846e-01
113	  2,2400000000e+02	  2,85909e-01	 -1,48677e-01
114	  2,2600000000e+02	  2,83729e-01	 -1,58288e-01
115	  2,2800000000e+02	  2,77860e-01	 -1,66163e-01
116	  2,3000000000e+02	  2,76970e-01	 -1,73556e-01
117	  2,3200000000e+02	  2,71236e-01	 -1,79856e-01
118	  2,3400000000e+02	  2,61903e-01	 -1,84487e-01
119	  2,3600000000e+02	  2,59241e-01	 -1,93082e-01
120	  2,3800000000e+02	  2,52725e-01	 -2,00947e-01
121	  2,4000000000e+02	  2,45280e-01	 -2,03341e-01
122	  2,4200000000e+02	  2,38770e-01	 -2,07380e-01
123	  2,4400000000e+02	  2,31333e-01	 -2,15615e-01
124	  2,4600000000e+02	  2,25141e-01	 -2,18401e-01
125	  2,4800000000e+02	  2,20471e-01	 -2,22569e-01
126	  2,5000000000e+02	  2,20368e-01	 -2,28206e-01
127	  2,5200000000e+02	  2,12817e-01	 -2,31465e-01
128	  2,5400000000e+02	  2,06339e-01	 -2,37748e-01
129	  2,5600000000e+02	  2,01216e-01	 -2,38062e-01
130	  2,5800000000e+02	  1,96716e-01	 -2,39722e-01
131	  2,6000000000e+02	  1,90519e-01	 -2,43307e-01
132	  2,6200000000e+02	  1,86462e-01	 -2,47011e-01
133	  2,6400000000e+02	  1,79651e-01	 -2,52120e-01
134	  2,6600000000e+02	  1,74609e-01	 -2,59747e-01
135	  2,6800000000e+02	  1,71202e-01	 -2,60273e-01
136	  2,7000000000e+02	  1,68654e-01	 -2,64292e-01
137	  2,7200000000e+02	  1,59970e-01	 -2,70569e-01
138	  2,7400000000e+02	  1,52169e-01	 -2,72965e-01
139	  2,7600000000e+02	  1,48364e-01	 -2,77302e-01
140	  2,7800000000e+02	  1,43166e-01	 -2,79880e-01
141	  2,8000000000e+02	  1,35765e-01	 -2,79681e-01
142	  2,8200000000e+02	  1,26514e-01	 -2,80518e-01
143	  2,8400000000e+02	  1,19832e-01	 -2,86049e-01
144	  2,8600000000e+02	  1,17172e-01	 -2,88427e-01
145	  2,8800000000e+02	  1,10011e-01	 -2,89431e-01
146	  2,9000000000e+02	  1,01320e-01	 -2,90068e-01
147	  2,9200000000e+02	  9,34546e-02	 -2,88635e-01
148	  2,9400000000e+02	  8,82471e-02	 -2,90526e-01
149	  2,9600000000e+02	  8,51613e-02	 -2,93931e-01
150	  2,9800000000e+02	  7,84256e-02	 -2,93712e-01
151	  3,0000000000e+02	  7,30334e-02	 -2,92969e-01
152	  3,0200000000e+02	  6,82020e-02	 -2,92198e-01
153	  3,0400000000e+02	  6,49274e-02	 -2,95449e-01
154	  3,0600000000e+02	  5,93106e-02	 -2,99943e-01
155	  3,0800000000e+02	  5,14757e-02	 -2,98382e-01
156	  3,1000000000e+02	  4,15161e-02	 -2,96433e-01
157	  3,1200000000e+02	  3,42561e-02	 -2,93516e-01
158	  3,1400000000e+02	  3,43861e-02	 -2,93953e-01
159	  3,1600000000e+02	  2,99604e-02	 -2,93872e-01
160	  3,1800000000e+02	  2,45677e-02	 -2,90824e-01
161	  3,2000000000e+02	  1,62909e-02	 -2,92194e-01
162	  3,2200000000e+02	  1,39307e-02	 -2,94712e-01
163	  3,2400000000e+02	  8,21783e-03	 -2,95179e-01
164	  3,2600000000e+02	  7,86580e-04	 -2,92533e-01
165	  3,2800000000e+02	 -1,57000e-03	 -2,90521e-01
166	  3,3000000000e+02	 -6,46573e-03	 -2,91304e-01
167	  3,3200000000e+02	 -1,23773e-02	 -2,90843e-01
168	  3,3400000000e+02	 -1,46663e-02	 -2,86673e-01
169	  3,3600000000e+02	 -1,77089e-02	 -2,85541e-01
170	  3,3800000000e+02	 -2,35482e-02	 -2,86065e-01
171	  3,4000000000e+02	 -2,84383e-02	 -2,85736e-01
172	  3,4200000000e+02	 -3,10348e-02	 -2,84192e-01
173	  3,4400000000e+02	 -3,44863e-02	 -2,85264e-01
174	  3,4600000000e+02	 -3,95341e-02	 -2,83238e-01
175	  3,4800000000e+02	 -4,69031e-02	 -2,84949e-01
176	  3,5000000000e+02	 -4,92758e-02	 -2,84453e-01
177	  3,5200000000e+02	 -5,15389e-02	 -2,80953e-01
178	  3,5400000000e+02	 -5,54506e-02	 -2,78375e-01
179	  3,5600000000e+02	 -6,06083e-02	 -2,80169e-01
180	  3,5800000000e+02	 -6,47150e-02	 -2,79357e-01
181	  3,6000000000e+02	 -7,10828e-02	 -2,81181e-01
182	  3,6200000000e+02	 -7,61446e-02	 -2,77998e-01
183	  3,6400000000e+02	 -7,88239e-02	 -2,78317e-01
184	  3,6600000000e+02	 -8,39030e-02	 -2,79264e-01
185	  3,6800000000e+02	 -9,05211e-02	 -2,75296e-01
186	  3,7000000000e+02	 -9,43258e-02	 -2,73713e-01
187	  3,7200000000e+02	 -1,01328e-01	 -2,73872e-01
188	  3,7400000000e+02	 -1,05124e-01	 -2,72124e-01
189	  3,7600000000e+02	 -1,09050e-01	 -2,67010e-01
190	  3,7800000000e+02	 -1,14017e-01	 -2,65003e-01
191	  3,8000000000e+02	 -1,18577e-01	 -2,63311e-01
192	  3,8200000000e+02	 -1,21490e-01	 -2,60642e-01
193	  3,8400000000e+02	 -1,28940e-01	 -2,58953e-01
194	  3,8600000000e+02	 -1,35761e-01	 -2,56334e-01
195	  3,8800000000e+02	 -1,37971e-01	 -2,52837e-01
196	  3,9000000000e+02	 -1,39684e-01	 -2,49923e-01
197	  3,9200000000e+02	 -1,44630e-01	 -2,48237e-01
198	  3,9400000000e+02	 -1,47947e-01	 -2,44153e-01
199	  3,9600000000e+02	 -1,52710e-01	 -2,40286e-01
200	  3,9800000000e+02	 -1,54150e-01	 -2,38938e-01
201	  4,0000000000e+02	 -1,57524e-01	 -2,36683e-01
202	  4,0200000000e+02	 -1,61056e-01	 -2,30563e-01
203	  4,0400000000e+02	 -1,66061e-01	 -2,25863e-01
204	  4,0600000000e+02	 -1,69215e-01	 -2,25627e-01
205	  4,0800000000e+02	 -1,74859e-01	 -2,24200e-01
206	  4,1000000000e+02	 -1,77180e-01	 -2,17674e-01
207	  4,1200000000e+02	 -1,80495e-01	 -2,15531e-01
208	  4,1400000000e+02	 -1,83807e-01	 -2,12766e-01
209	  4,1600000000e+02	 -1,85575e-01	 -2,08622e-01
210	  4,1800000000e+02	 -1,89908e-01	 -2,05803e-01
211	  4,2000000000e+02	 -1,96110e-01	 -2,00987e-01
212	  4,2200000000e+02	 -1,96395e-01	 -1,97204e-01
213	  4,2400000000e+02	 -1,93118e-01	 -1,95543e-01
214	  4,2600000000e+02	 -1,93394e-01	 -1,92868e-01
215	  4,2800000000e+02	 -1,96316e-01	 -1,88640e-01
216	  4,3000000000e+02	 -2,00353e-01	 -1,86672e-01
217	  4,3200000000e+02	 -2,02444e-01	 -1,84294e-01
218	  4,3400000000e+02	 -2,03159e-01	 -1,79994e-01
219	  4,3600000000e+02	 -2,05012e-01	 -1,79010e-01
220	  4,3800000000e+02	 -2,06187e-01	 -1,74063e-01
221	  4,4000000000e+02	 -2,08911e-01	 -1,68718e-01
222	  4,4200000000e+02	 -2,09602e-01	 -1,66070e-01
223	  4,4400000000e+02	 -2,08368e-01	 -1,68592e-01
224	  4,4600000000e+02	 -2,12652e-01	 -1,67730e-01
225	  4,4800000000e+02	 -2,15167e-01	 -1,62053e-01
226	  4,5000000000e+02	 -2,19611e-01	 -1,59734e-01
227	  4,5200000000e+02	 -2,23036e-01	 -1,54609e-01
228	  4,5400000000e+02	 -2,25920e-01	 -1,52827e-01
229	  4,5600000000e+02	 -2,26843e-01	 -1,53152e-01
230	  4,5800000000e+02	 -2,25750e-01	 -1,48619e-01
231	  4,6000000000e+02	 -2,30983e-01	 -1,44228e-01
232	  4,6200000000e+02	 -2,35197e-01	 -1,42585e-01
233	  4,6400000000e+02	 -2,37357e-01	 -1,37313e-01
234	  4,6600000000e+02	 -2,41132e-01	 -1,38306e-01
235	  4,6800000000e+02	 -2,45220e-01	 -1,38576e-01
236	  4,7000000000e+02	 -2,44968e-01	 -1,33622e-01
237	  4,7200000000e+02	 -2,45010e-01	 -1,26866e-01
238	  4,7400000000e+02	 -2,45496e-01	 -1,22876e-01
239	  4,7600000000e+02	 -2,50162e-01	 -1,19421e-01
240	  4,7800000000e+02	 -2,53604e-01	 -1,17835e-01
241	  4,8000000000e+02	 -2,54193e-01	 -1,16001e-01
242	  4,8200000000e+02	 -2,56514e-01	 -1,12572e-01
243	  4,8400000000e+02	 -2,60197e-01	 -1,07918e-01
244	  4,8600000000e+02	 -2,64998e-01	 -1,02923e-01
245	  4,8800000000e+02	 -2,67722e-01	 -9,79502e-02
246	  4,9000000000e+02	 -2,68890e-01	 -9,38910e-02
247	  4,9200000000e+02	 -2,70540e-01	 -8,74258e-02
248	  4,9400000000e+02	 -2,72835e-01	 -7,98616e-02
249	  4,9600000000e+02	 -2,72651e-01	 -7,48780e-02
250	  4,9800000000e+02	 -2,74641e-01	 -7,16257e-02
251	  5,0000000000e+02	 -2,74990e-01	 -6,59604e-02
252	  5,0200000000e+02	 -2,72681e-01	 -6,25870e-02
253	  5,0400000000e+02	 -2,72557e-01	 -5,87174e-02
254	  5,0600000000e+02	 -2,74595e-01	 -5,30114e-02
255	  5,0800000000e+02	 -2,73311e-01	 -5,11870e-02
256	  5,1000000000e+02	 -2,72796e-01	 -4,72326e-02
257	  5,1200000000e+02	 -2,73102e-01	 -3,97424e-02
258	  5,1400000000e+02	 -2,74816e-01	 -3,63243e-02
259	  5,1600000000e+02	 -2,74566e-01	 -3,40684e-02
260	  5,1800000000e+02	 -2,72631e-01	 -3,11973e-02
261	  5,2000000000e+02	 -2,73983e-01	 -2,53120e-02
262	  5,2200000000e+02	 -2,75855e-01	 -2,27292e-02
263	  5,2400000000e+02	 -2,72701e-01	 -1,83316e-02
264	  5,2600000000e+02	 -2,70936e-01	 -1,26019e-02
265	  5,2800000000e+02	 -2,71353e-01	 -1,01644e-02
266	  5,3000000000e+02	 -2,72299e-01	 -8,29558e-03
267	  5,3200000000e+02	 -2,71920e-01	 -3,00452e-03
268	  5,3400000000e+02	 -2,70993e-01	 -8,82257e-04
269	  5,3600000000e+02	 -2,69845e-01	  2,97992e-06
270	  5,3800000000e+02	 -2,70967e-01	  3,64582e-03
271	  5,4000000000e+02	 -2,71692e-01	  6,74650e-03
272	  5,4200000000e+02	 -2,73521e-01	  1,07375e-02
273	  5,4400000000e+02	 -2,73882e-01	  1,24030e-02
274	  5,4600000000e+02	 -2,74477e-01	  1,50738e-02
275	  5,4800000000e+02	 -2,72439e-01	  1,88574e-02
276	  5,5000000000e+02	 -2,72061e-01	  2,17086e-02
277	  5,5200000000e+02	 -2,70443e-01	  2,46285e-02
278	  5,5400000000e+02	 -2,73301e-01	  2,78342e-02
279	  5,5600000000e+02	 -2,78330e-01	  3,20126e-02
280	  5,5800000000e+02	 -2,75533e-01	  3,35990e-02
281	  5,6000000000e+02	 -2,75674e-01	  3,88752e-02
282	  5,6200000000e+02	 -2,78057e-01	  4,46451e-02
283	  5,6400000000e+02	 -2,78807e-01	  5,18388e-02
284	  5,6600000000e+02	 -2,78759e-01	  5,68721e-02
285	  5,6800000000e+02	 -2,80650e-01	  6,33652e-02
286	  5,7000000000e+02	 -2,79460e-01	  6,86029e-02
287	  5,7200000000e+02	 -2,75875e-01	  7,02281e-02
288	  5,7400000000e+02	 -2,74052e-01	  7,45696e-02
289	  5,7600000000e+02	 -2,71871e-01	  8,02440e-02
290	  5,7800000000e+02	 -2,69463e-01	  8,80126e-02
291	  5,8000000000e+02	 -2,70206e-01	  9,44469e-02
292	  5,8200000000e+02	 -2,70510e-01	  9,57522e-02
293	  5,8400000000e+02	 -2,71176e-01	  1,01485e-01
294	  5,8600000000e+02	 -2,67682e-01	  1,06472e-01
295	  5,8800000000e+02	 -2,63876e-01	  1,07313e-01
296	  5,9000000000e+02	 -2,60741e-01	  1,09541e-01
297	  5,9200000000e+02	 -2,58272e-01	  1,15753e-01
298	  5,9400000000e+02	 -2,54990e-01	  1,20521e-01
299	  5,9600000000e+02	 -2,51987e-01	  1,22617e-01
300	  5,9800000000e+02	 -2,51812e-01	  1,25983e-01
301	  6,0000000000e+02	 -2,48078e-01	  1,28552e-01
302	  6,0200000000e+02	 -2,44686e-01	  1,33029e-01
303	  6,0400000000e+02	 -2,43252e-01	  1,35963e-01
304	  6,0600000000e+02	 -2,39208e-01	  1,39462e-01
305	  6,0800000000e+02	 -2,35341e-01	  1,41431e-01
306	  6,1000000000e+02	 -2,34284e-01	  1,44892e-01
307	  6,1200000000e+02	 -2,30787e-01	  1,48095e-01
308	  6,1400000000e+02	 -2,27534e-01	  1,48158e-01
309	  6,1600000000e+02	 -2,26064e-01	  1,49706e-01
310	  6,1800000000e+02	 -2,24567e-01	  1,55403e-01
311	  6,2000000000e+02	 -2,25114e-01	  1,58897e-01
312	  6,2200000000e+02	 -2,22855e-01	  1,60856e-01
313	  6,2400000000e+02	 -2,20406e-01	  1,63021e-01
314	  6,2600000000e+02	 -2,16285e-01	  1,66190e-01
315	  6,2800000000e+02	 -2,15422e-01	  1,69858e-01
316	  6,3000000000e+02	 -2,14565e-01	  1,71670e-01
317	  6,3200000000e+02	 -2,08773e-01	  1,71913e-01
318	  6,3400000000e+02	 -2,05247e-01	  1,77372e-01
319	  6,3600000000e+02	 -2,02683e-01	  1,80002e-01
320	  6,3800000000e+02	 -2,03193e-01	  1,79959e-01
321	  6,4000000000e+02	 -2,02046e-01	  1,81469e-01
322	  6,4200000000e+02	 -1,97012e-01	  1,86688e-01
323	  6,4400000000e+02	 -1,95391e-01	  1,91544e-01
324	  6,4600000000e+02	 -1,94910e-01	  1,93151e-01
325	  6,4800000000e+02	 -1,91223e-01	  1,95399e-01
326	  6,5000000000e+02	 -1,85844e-01	  1,99877e-01
327	  6,5200000000e+02	 -1,80330e-01	  2,01425e-01
328	  6,5400000000e+02	 -1,77034e-01	  2,01474e-01
329	  6,5600000000e+02	 -1,75797e-01	  2,03164e-01
330	  6,5800000000e+02	 -1,71289e-01	  2,01797e-01
331	  6,6000000000e+02	 -1,66942e-01	  2,01293e-01
332	  6,6200000000e+02	 -1,63609e-01	  2,00993e-01
333	  6,6400000000e+02	 -1,63358e-01	  2,03524e-01
334	  6,6600000000e+02	 -1,62905e-01	  2,03029e-01
335	  6,6800000000e+02	 -1,60885e-01	  2,00465e-01
336	  6,7000000000e+02	 -1,59843e-01	  2,01028e-01
337	  6,7200000000e+02	 -1,60450e-01	  2,02729e-01
338	  6,7400000000e+02	 -1,62434e-01	  2,06909e-01
339	  6,7600000000e+02	 -1,62048e-01	  2,08087e-01
340	  6,7800000000e+02	 -1,63189e-01	  2,10673e-01
341	  6,8000000000e+02	 -1,66090e-01	  2,16221e-01
342	  6,8200000000e+02	 -1,63909e-01	  2,22214e-01
343	  6,8400000000e+02	 -1,62438e-01	  2,26279e-01
344	  6,8600000000e+02	 -1,61315e-01	  2,32108e-01
345	  6,8800000000e+02	 -1,56883e-01	  2,36190e-01
346	  6,9000000000e+02	 -1,50068e-01	  2,40451e-01
347	  6,9200000000e+02	 -1,46050e-01	  2,46173e-01
348	  6,9400000000e+02	 -1,42488e-01	  2,48645e-01
349	  6,9600000000e+02	 -1,38270e-01	  2,52045e-01
350	  6,9800000000e+02	 -1,35443e-01	  2,53335e-01
351	  7,0000000000e+02	 -1,32012e-01	  2,53451e-01
352	  7,0200000000e+02	 -1,24799e-01	  2,58072e-01
353	  7,0400000000e+02	 -1,18695e-01	  2,60299e-01
354	  7,0600000000e+02	 -1,18525e-01	  2,61689e-01
355	  7,0800000000e+02	 -1,14388e-01	  2,61934e-01
356	  7,1000000000e+02	 -1,09721e-01	  2,64837e-01
357	  7,1200000000e+02	 -1,07364e-01	  2,66628e-01
358	  7,1400000000e+02	 -1,01700e-01	  2,66484e-01
359	  7,1600000000e+02	 -1,00406e-01	  2,67994e-01
360	  7,1800000000e+02	 -9,59646e-02	  2,70160e-01
361	  7,2000000000e+02	 -9,24391e-02	  2,72606e-01
362	  7,2200000000e+02	 -9,02406e-02	  2,75591e-01
363	  7,2400000000e+02	 -8,80911e-02	  2,74774e-01
364	  7,2600000000e+02	 -8,24772e-02	  2,77652e-01
365	  7,2800000000e+02	 -7,67569e-02	  2,79627e-01
366	  7,3000000000e+02	 -7,29239e-02	  2,81104e-01
367	  7,3200000000e+02	 -6,93869e-02	  2,80167e-01
368	  7,3400000000e+02	 -6,61288e-02	  2,82676e-01
369	  7,3600000000e+02	 -6,32044e-02	  2,83760e-01
370	  7,3800000000e+02	 -5,90702e-02	  2,83929e-01
371	  7,4000000000e+02	 -5,64237e-02	  2,84549e-01
372	  7,4200000000e+02	 -5,23676e-02	  2,87055e-01
373	  7,4400000000e+02	 -4,88763e-02	  2,90454e-01
374	  7,4600000000e+02	 -4,53246e-02	  2,91535e-01
375	  7,4800000000e+02	 -4,03830e-02	  2,96485e-01
376	  7,5000000000e+02	 -3,45388e-02	  2,97467e-01
377	  7,5200000000e+02	 -2,82212e-02	  2,99282e-01
378	  7,5400000000e+02	 -2,30097e-02	  3,00869e-01
379	  7,5600000000e+02	 -1,81637e-02	  3,02037e-01
380	  7,5800000000e+02	 -1,28020e-02	  3,01421e-01
381	  7,6000000000e+02	 -7,78318e-03	  3,01638e-01
382	  7,6200000000e+02	 -8,32763e-04	  3,00705e-01
383	  7,6400000000e+02	  4,91661e-03	  3,01370e-01
384	  7,6600000000e+02	  8,34962e-03	  3,01023e-01
385	  7,6800000000e+02	  1,12857e-02	  3,01175e-01
386	  7,7000000000e+02	  1,83176e-02	  2,99602e-01
387	  7,7200000000e+02	  2,48713e-02	  3,00090e-01
388	  7,7400000000e+02	  2,99354e-02	  2,99844e-01
389	  7,7600000000e+02	  3,55941e-02	  2,97034e-01
390	  7,7800000000e+02	  4,08039e-02	  2,96670e-01
391	  7,8000000000e+02	  4,36950e-02	  2,93764e-01
392	  7,8200000000e+02	  4,70972e-02	  2,93866e-01
393	  7,8400000000e+02	  4,99206e-02	  2,92127e-01
394	  7,8600000000e+02	  5,58752e-02	  2,91428e-01
395	  7,8800000000e+02	  5,92889e-02	  2,90823e-01
396	  7,9000000000e+02	  6,39123e-02	  2,87980e-01
397	  7,9200000000e+02	  6,76173e-02	  2,83518e-01
398	  7,9400000000e+02	  7,01504e-02	  2,82835e-01
399	  7,9600000000e+02	  7,06987e-02	  2,81896e-01
400	  7,9800000000e+02	  7,28462e-02	  2,80379e-01
401	  8,0000000000e+02	  7,62591e-02	  2,78258e-01
402	  8,0200000000e+02	  8,12088e-02	  2,77157e-01
403	  8,0400000000e+02	  8,63079e-02	  2,76605e-01
404	  8,0600000000e+02	  9,13586e-02	  2,74718e-01
405	  8,0800000000e+02	  9,52383e-02	  2,72974e-01
406	  8,1000000000e+02	  9,49272e-02	  2,73170e-01
407	  8,1200000000e+02	  9,89549e-02	  2,73405e-01
408	  8,1400000000e+02	  1,00791e-01	  2,74407e-01
409	  8,1600000000e+02	  1,05194e-01	  2,74086e-01
410	  8,1800000000e+02	  1,08679e-01	  2,73090e-01
411	  8,2000000000e+02	  1,10487e-01	  2,72181e-01
412	  8,2200000000e+02	  1,16903e-01	  2,70964e-01
413	  8,2400000000e+02	  1,23363e-01	  2,70364e-01
414	  8,2600000000e+02	  1,26279e-01	  2,70449e-01
415	  8,2800000000e+02	  1,30471e-01	  2,65992e-01
416	  8,3000000000e+02	  1,34978e-01	  2,63928e-01
417	  8,3200000000e+02	  1,37254e-01	  2,65942e-01
418	  8,3400000000e+02	  1,41683e-01	  2,62344e-01
419	  8,3600000000e+02	  1,44749e-01	  2,61306e-01
420	  8,3800000000e+02	  1,49296e-01	  2,58847e-01
421	  8,4000000000e+02	  1,55171e-01	  2,56152e-01
422	  8,4200000000e+02	  1,57315e-01	  2,53357e-01
423	  8,4400000000e+02	  1,60149e-01	  2,51691e-01
424	  8,4600000000e+02	  1,64879e-01	  2,49818e-01
425	  8,4800000000e+02	  1,67749e-01	  2,45824e-01
426	  8,5000000000e+02	  1,70690e-01	  2,41813e-01
427	  8,5200000000e+02	  1,75502e-01	  2,40431e-01
428	  8,5400000000e+02	  1,78332e-01	  2,39149e-01
429	  8,5600000000e+02	  1,83575e-01	  2,36220e-01
430	  8,5800000000e+02	  1,90053e-01	  2,35748e-01
431	  8,6000000000e+02	  1,92634e-01	  2,31947e-01
432	  8,6200000000e+02	  1,94246e-01	  2,30007e-01
433	  8,6400000000e+02	  1,95713e-01	  2,27142e-01
434	  8,6600000000e+02	  2,00665e-01	  2,21965e-01
435	  8,6800000000e+02	  2,03359e-01	  2,16951e-01
436	  8,7000000000e+02	  2,06931e-01	  2,13947e-01
437	  8,7200000000e+02	  2,11300e-01	  2,11817e-01
438	  8,7400000000e+02	  2,13284e-01	  2,08218e-01
439	  8,7600000000e+02	  2,15841e-01	  2,03625e-01
440	  8,7800000000e+02	  2,18128e-01	  1,99348e-01
441	  8,8000000000e+02	  2,20355e-01	  1,94577e-01
442	  8,8200000000e+02	  2,20998e-01	  1,94097e-01
443	  8,8400000000e+02	  2,21463e-01	  1,91529e-01
444	  8,8600000000e+02	  2,26728e-01	  1,91119e-01
445	  8,8800000000e+02	  2,27690e-01	  1,88638e-01
446	  8,9000000000e+02	  2,28269e-01	  1,84160e-01
447	  8,9200000000e+02	  2,32605e-01	  1,81866e-01
448	  8,9400000000e+02	  2,34999e-01	  1,80983e-01
449	  8,9600000000e+02	  2,35728e-01	  1,77329e-01
450	  8,9800000000e+02	  2,40102e-01	  1,72097e-01
451	  9,0000000000e+02	  2,44903e-01	  1,71695e-01
452	  9,0200000000e+02	  2,46615e-01	  1,69676e-01
453	  9,0400000000e+02	  2,49234e-01	  1,66716e-01
454	  9,0600000000e+02	  2,50017e-01	  1,62727e-01
455	  9,0800000000e+02	  2,54108e-01	  1,58918e-01
456	  9,1000000000e+02	  2,58056e-01	  1,56907e-01
457	  9,1200000000e+02	  2,60309e-01	  1,50229e-01
458	  9,1400000000e+02	  2,64843e-01	  1,44933e-01
459	  9,1600000000e+02	  2,66242e-01	  1,40227e-01
460	  9,1800000000e+02	  2,67705e-01	  1,38147e-01
461	  9,2000000000e+02	  2,67686e-01	  1,35218e-01
462	  9,2200000000e+02	  2,67771e-01	  1,29319e-01
463	  9,2400000000e+02	  2,68787e-01	  1,22972e-01
464	  9,2600000000e+02	  2,71714e-01	  1,18176e-01
465	  9,2800000000e+02	  2,74601e-01	  1,16515e-01
466	  9,3000000000e+02	  2,76306e-01	  1,14450e-01
467	  9,3200000000e+02	  2,76224e-01	  1,10092e-01
468	  9,3400000000e+02	  2,77761e-01	  1,04251e-01
469	  9,3600000000e+02	  2,79057e-01	  9,93518e-02
470	  9,3800000000e+02	  2,81831e-01	  9,61924e-02
471	  9,4000000000e+02	  2,82060e-01	  9,27237e-02
472	  9,4200000000e+02	  2,83642e-01	  8,97866e-02
473	  9,4400000000e+02	  2,84902e-01	  8,48650e-02
474	  9,4600000000e+02	  2,85454e-01	  7,83236e-02
475	  9,4800000000e+02	  2,85444e-01	  7,69671e-02
476	  9,5000000000e+02	  2,86700e-01	  7,59941e-02
477	  9,5200000000e+02	  2,88410e-01	  7,03834e-02
478	  9,5400000000e+02	  2,87274e-01	  6,38555e-02
479	  9,5600000000e+02	  2,90984e-01	  5,81891e-02
480	  9,5800000000e+02	  2,91244e-01	  5,52787e-02
481	  9,6000000000e+02	  2,87349e-01	  5,16201e-02
482	  9,6200000000e+02	  2,87260e-01	  4,78632e-02
483	  9,6400000000e+02	  2,85198e-01	  4,58573e-02
484	  9,6600000000e+02	  2,87442e-01	  4,11136e-02
485	  9,6800000000e+02	  2,89406e-01	  3,53840e-02
486	  9,7000000000e+02	  2,89664e-01	  3,46018e-02
487	  9,7200000000e+02	  2,88431e-01	  3,16780e-02
488	  9,7400000000e+02	  2,87617e-01	  2,94219e-02
489	  9,7600000000e+02	  2,89450e-01	  2,49418e-02
490	  9,7800000000e+02	  2,87411e-01	  2,18823e-02
491	  9,8000000000e+02	  2,88973e-01	  2,15041e-02
492	  9,8200000000e+02	  2,91330e-01	  1,89544e-02
493	  9,8400000000e+02	  2,95446e-01	  1,41424e-02
494	  9,8600000000e+02	  2,94452e-01	  1,17119e-02
495	  9,8800000000e+02	  2,94377e-01	  8,97229e-03
496	  9,9000000000e+02	  2,95399e-01	  4,70931e-03
497	  9,9200000000e+02	  2,93837e-01	 -1,71362e-04
498	  9,9400000000e+02	  2,98030e-01	 -6,32092e-03
499	  9,9600000000e+02	  3,00732e-01	 -9,41369e-03
500	  9,9800000000e+02	  3,01182e-01	 -1,47674e-02
501	  1,0000000000e+03	  2,99592e-01	 -2,09499e-02
502	  1,0020000000e+03	  2,99831e-01	 -2,66958e-02
503	  1,0040000000e+03	  2,98727e-01	 -3,35887e-02
504	  1,0060000000e+03	  2,97979e-01	 -3,59021e-02
505	  1,0080000000e+03	  2,96734e-01	 -3,74033e-02
506	  1,0100000000e+03	  2,96296e-01	 -4,34087e-02
507	  1,0120000000e+03	  2,94692e-01	 -4,75993e-02
508	  1,0140000000e+03	  2,96011e-01	 -5,29584e-02
509	  1,0160000000e+03	  2,94747e-01	 -5,93296e-02
510	  1,0180000000e+03	  2,92578e-01	 -6,39615e-02
511	  1,0200000000e+03	  2,91077e-01	 -6,82474e-02
512	  1,0220000000e+03	  2,90587e-01	 -7,62752e-02
513	  1,0240000000e+03	  2,88172e-01	 -7,93977e-02
514	  1,0260000000e+03	  2,83803e-01	 -8,35766e-02
515	  1,0280000000e+03	  2,81947e-01	 -8,80393e-02
516	  1,0300000000e+03	  2,80121e-01	 -9,43446e-02
517	  1,0320000000e+03	  2,77898e-01	 -9,65998e-02
518	  1,0340000000e+03	  2,75554e-01	 -9,68196e-02
519	  1,0360000000e+03	  2,74377e-01	 -9,68348e-02
520	  1,0380000000e+03	  2,69748e-01	 -9,90798e-02
521	  1,0400000000e+03	  2,68480e-01	 -1,06258e-01
522	  1,0420000000e+03	  2,66706e-01	 -1,10088e-01
523	  1,0440000000e+03	  2,62099e-01	 -1,09963e-01
524	  1,0460000000e+03	  2,60996e-01	 -1,10316e-01
525	  1,0480000000e+03	  2,60253e-01	 -1,14675e-01
526	  1,0500000000e+03	  2,56785e-01	 -1,18899e-01
527	  1,0520000000e+03	  2,52959e-01	 -1,20428e-01
528	  1,0540000000e+03	  2,51189e-01	 -1,22098e-01
529	  1,0560000000e+03	  2,48440e-01	 -1,24369e-01
530	  1,0580000000e+03	  2,45711e-01	 -1,24372e-01
531	  1,0600000000e+03	  2,45513e-01	 -1,25395e-01
532	  1,0620000000e+03	  2,47323e-01	 -1,27619e-01
533	  1,0640000000e+03	  2,45054e-01	 -1,28061e-01
534	  1,0660000000e+03	  2,44507e-01	 -1,31066e-01
535	  1,0680000000e+03	  2,47285e-01	 -1,34541e-01
536	  1,0700000000e+03	  2,46491e-01	 -1,35760e-01
537	  1,0720000000e+03	  2,43564e-01	 -1,39923e-01
538	  1,0740000000e+03	  2,44182e-01	 -1,42115e-01
539	  1,0760000000e+03	  2,41653e-01	 -1,45206e-01
540	  1,0780000000e+03	  2,42431e-01	 -1,50542e-01
541	  1,0800000000e+03	  2,43581e-01	 -1,54646e-01
542	  1,0820000000e+03	  2,42112e-01	 -1,59572e-01
543	  1,0840000000e+03	  2,38153e-01	 -1,61789e-01
544	  1,0860000000e+03	  2,35440e-01	 -1,61412e-01
545	  1,0880000000e+03	  2,35716e-01	 -1,67644e-01
546	  1,0900000000e+03	  2,33271e-01	 -1,74482e-01
547	  1,0920000000e+03	  2,29534e-01	 -1,78332e-01
548	  1,0940000000e+03	  2,28634e-01	 -1,80805e-01
549	  1,0960000000e+03	  2,24427e-01	 -1,83968e-01
550	  1,0980000000e+03	  2,21991e-01	 -1,85286e-01
551	  1,1000000000e+03	  2,19665e-01	 -1,87485e-01
552	  1,1020000000e+03	  2,16204e-01	 -1,91338e-01
553	  1,1040000000e+03	  2,13980e-01	 -1,95609e-01
554	  1,1060000000e+03	  2,08560e-01	 -1,96004e-01
555	  1,1080000000e+03	  2,05361e-01	 -1,97589e-01
556	  1,1100000000e+03	  2,01432e-01	 -1,99702e-01
557	  1,1120000000e+03	  1,96716e-01	 -2,01641e-01
558	  1,1140000000e+03	  1,94113e-01	 -2,01899e-01
559	  1,1160000000e+03	  1,93341e-01	 -2,00305e-01
560	  1,1180000000e+03	  1,89898e-01	 -2,01136e-01
561	  1,1200000000e+03	  1,87406e-01	 -2,02057e-01
562	  1,1220000000e+03	  1,85064e-01	 -2,00594e-01
563	  1,1240000000e+03	  1,84607e-01	 -2,00611e-01
564	  1,1260000000e+03	  1,85076e-01	 -2,00983e-01
565	  1,1280000000e+03	  1,84118e-01	 -2,02292e-01
566	  1,1300000000e+03	  1,82026e-01	 -2,03860e-01
567	  1,1320000000e+03	  1,82392e-01	 -2,04579e-01
568	  1,1340000000e+03	  1,85124e-01	 -2,06842e-01
569	  1,1360000000e+03	  1,87838e-01	 -2,07455e-01
570	  1,1380000000e+03	  1,87552e-01	 -2,08621e-01
571	  1,1400000000e+03	  1,88560e-01	 -2,13619e-01
572	  1,1420000000e+03	  1,88477e-01	 -2,14882e-01
573	  1,1440000000e+03	  1,88117e-01	 -2,17623e-01
574	  1,1460000000e+03	  1,89179e-01	 -2,21053e-01
575	  1,1480000000e+03	  1,90710e-01	 -2,21739e-01
576	  1,1500000000e+03	  1,93149e-01	 -2,24898e-01
577	  1,1520000000e+03	  1,92915e-01	 -2,32597e-01
578	  1,1540000000e+03	  1,91823e-01	 -2,36102e-01
579	  1,1560000000e+03	  1,92059e-01	 -2,42796e-01
580	  1,1580000000e+03	  1,92088e-01	 -2,49248e-01
581	  1,1600000000e+03	  1,92382e-01	 -2,50170e-01
582	  1,1620000000e+03	  1,94031e-01	 -2,56204e-01
583	  1,1640000000e+03	  1,95683e-01	 -2,66064e-01
584	  1,1660000000e+03	  1,95575e-01	 -2,74326e-01
585	  1,1680000000e+03	  1,94543e-01	 -2,86053e-01
586	  1,1700000000e+03	  1,89416e-01	 -2,97337e-01
587	  1,1720000000e+03	  1,84119e-01	 -3,06315e-01
588	  1,1740000000e+03	  1,76870e-01	 -3,14040e-01
589	  1,1760000000e+03	  1,68304e-01	 -3,21884e-01
590	  1,1780000000e+03	  1,60227e-01	 -3,27978e-01
591	  1,1800000000e+03	  1,52082e-01	 -3,35771e-01
592	  1,1820000000e+03	  1,45806e-01	 -3,38149e-01
593	  1,1840000000e+03	  1,34588e-01	 -3,43630e-01
594	  1,1860000000e+03	  1,24626e-01	 -3,49137e-01
595	  1,1880000000e+03	  1,16061e-01	 -3,51950e-01
596	  1,1900000000e+03	  1,05709e-01	 -3,52638e-01
597	  1,1920000000e+03	  9,93544e-02	 -3,51384e-01
598	  1,1940000000e+03	  9,27217e-02	 -3,53140e-01
599	  1,1960000000e+03	  8,29837e-02	 -3,54909e-01
600	  1,1980000000e+03	  7,63066e-02	 -3,53979e-01
601	  1,2000000000e+03	  6,93466e-02	 -3,57113e-01
602	  1,2020000000e+03	  6,15423e-02	 -3,58152e-01
603	  1,2040000000e+03	  5,72673e-02	 -3,54539e-01
604	  1,2060000000e+03	  4,78345e-02	 -3,54828e-01
605	  1,2080000000e+03	  4,30766e-02	 -3,54276e-01
606	  1,2100000000e+03	  3,78771e-02	 -3,52138e-01
607	  1,2120000000e+03	  3,23749e-02	 -3,51264e-01
608	  1,2140000000e+03	  2,50588e-02	 -3,51071e-01
609	  1,2160000000e+03	  2,20712e-02	 -3,49629e-01
610	  1,2180000000e+03	  1,94484e-02	 -3,48452e-01
611	  1,2200000000e+03	  1,48610e-02	 -3,49365e-01
612	  1,2220000000e+03	  9,23385e-03	 -3,48532e-01
613	  1,2240000000e+03	  3,23203e-03	 -3,46154e-01
614	  1,2260000000e+03	 -2,06229e-03	 -3,45159e-01
615	  1,2280000000e+03	 -5,31868e-03	 -3,48507e-01
616	  1,2300000000e+03	 -8,28328e-03	 -3,48491e-01
617	  1,2320000000e+03	 -1,25394e-02	 -3,48422e-01
618	  1,2340000000e+03	 -1,47306e-02	 -3,50982e-01
619	  1,2360000000e+03	 -2,21265e-02	 -3,54056e-01
620	  1,2380000000e+03	 -2,92605e-02	 -3,53792e-01
621	  1,2400000000e+03	 -3,27687e-02	 -3,52295e-01
622	  1,2420000000e+03	 -3,65118e-02	 -3,52068e-01
623	  1,2440000000e+03	 -4,31896e-02	 -3,51574e-01
624	  1,2460000000e+03	 -5,28133e-02	 -3,51662e-01
625	  1,2480000000e+03	 -5,74034e-02	 -3,54634e-01
626	  1,2500000000e+03	 -6,21124e-02	 -3,51799e-01
627	  1,2520000000e+03	 -7,01703e-02	 -3,50851e-01
628	  1,2540000000e+03	 -7,60411e-02	 -3,51041e-01
629	  1,2560000000e+03	 -8,09050e-02	 -3,48454e-01
630	  1,2580000000e+03	 -8,30723e-02	 -3,45308e-01
631	  1,2600000000e+03	 -9,01744e-02	 -3,45219e-01
632	  1,2620000000e+03	 -1,00091e-01	 -3,44819e-01
633	  1,2640000000e+03	 -1,06782e-01	 -3,38564e-01
634	  1,2660000000e+03	 -1,10164e-01	 -3,38471e-01
635	  1,2680000000e+03	 -1,16268e-01	 -3,37291e-01
636	  1,2700000000e+03	 -1,21871e-01	 -3,35453e-01
637	  1,2720000000e+03	 -1,25379e-01	 -3,31119e-01
638	  1,2740000000e+03	 -1,32659e-01	 -3,26835e-01
639	  1,2760000000e+03	 -1,37800e-01	 -3,25119e-01
640	  1,2780000000e+03	 -1,42362e-01	 -3,22420e-01
641	  1,2800000000e+03	 -1,47038e-01	 -3,17627e-01
642	  1,2820000000e+03	 -1,49243e-01	 -3,15401e-01
643	  1,2840000000e+03	 -1,53188e-01	 -3,12189e-01
644	  1,2860000000e+03	 -1,56972e-01	 -3,09389e-01
645	  1,2880000000e+03	 -1,61163e-01	 -3,05305e-01
646	  1,2900000000e+03	 -1,66299e-01	 -2,99875e-01
647	  1,2920000000e+03	 -1,68630e-01	 -2,96681e-01
648	  1,2940000000e+03	 -1,70455e-01	 -2,96290e-01
649	  1,2960000000e+03	 -1,73313e-01	 -2,95017e-01
650	  1,2980000000e+03	 -1,76859e-01	 -2,89128e-01
651	  1,3000000000e+03	 -1,78833e-01	 -2,85709e-01
652	  1,3020000000e+03	 -1,79848e-01	 -2,83559e-01
653	  1,3040000000e+03	 -1,80545e-01	 -2,80990e-01
654	  1,3060000000e+03	 -1,83957e-01	 -2,75656e-01
655	  1,3080000000e+03	 -1,89681e-01	 -2,74402e-01
656	  1,3100000000e+03	 -1,93715e-01	 -2,75495e-01
657	  1,3120000000e+03	 -1,97350e-01	 -2,75312e-01
658	  1,3140000000e+03	 -1,95360e-01	 -2,68951e-01
659	  1,3160000000e+03	 -2,00271e-01	 -2,65559e-01
660	  1,3180000000e+03	 -2,05371e-01	 -2,67989e-01
661	  1,3200000000e+03	 -2,06140e-01	 -2,65839e-01
662	  1,3220000000e+03	 -2,07771e-01	 -2,62749e-01
663	  1,3240000000e+03	 -2,12575e-01	 -2,63795e-01
664	  1,3260000000e+03	 -2,15389e-01	 -2,61321e-01
665	  1,3280000000e+03	 -2,18545e-01	 -2,60972e-01
666	  1,3300000000e+03	 -2,22628e-01	 -2,60060e-01
667	  1,3320000000e+03	 -2,27849e-01	 -2,57439e-01
668	  1,3340000000e+03	 -2,31282e-01	 -2,55365e-01
669	  1,3360000000e+03	 -2,36443e-01	 -2,52289e-01
670	  1,3380000000e+03	 -2,41223e-01	 -2,50665e-01
671	  1,3400000000e+03	 -2,45818e-01	 -2,49292e-01
672	  1,3420000000e+03	 -2,50139e-01	 -2,44724e-01
673	  1,3440000000e+03	 -2,55303e-01	 -2,41879e-01
674	  1,3460000000e+03	 -2,58640e-01	 -2,37883e-01
675	  1,3480000000e+03	 -2,64129e-01	 -2,33725e-01
676	  1,3500000000e+03	 -2,69271e-01	 -2,30550e-01
677	  1,3520000000e+03	 -2,71774e-01	 -2,24525e-01
678	  1,3540000000e+03	 -2,73829e-01	 -2,22121e-01
679	  1,3560000000e+03	 -2,79093e-01	 -2,20845e-01
680	  1,3580000000e+03	 -2,84519e-01	 -2,14996e-01
681	  1,3600000000e+03	 -2,87987e-01	 -2,08273e-01
682	  1,3620000000e+03	 -2,89467e-01	 -2,05142e-01
683	  1,3640000000e+03	 -2,91914e-01	 -1,99821e-01
684	  1,3660000000e+03	 -2,97699e-01	 -1,94973e-01
685	  1,3680000000e+03	 -3,01459e-01	 -1,92471e-01
686	  1,3700000000e+03	 -3,02949e-01	 -1,88866e-01
687	  1,3720000000e+03	 -3,06097e-01	 -1,86568e-01
688	  1,3740000000e+03	 -3,09892e-01	 -1,78346e-01
689	  1,3760000000e+03	 -3,09587e-01	 -1,73829e-01
690	  1,3780000000e+03	 -3,12496e-01	 -1,69892e-01
691	  1,3800000000e+03	 -3,16989e-01	 -1,64401e-01
692	  1,3820000000e+03	 -3,19513e-01	 -1,59658e-01
693	  1,3840000000e+03	 -3,20354e-01	 -1,52094e-01
694	  1,3860000000e+03	 -3,24292e-01	 -1,47248e-01
695	  1,3880000000e+03	 -3,25920e-01	 -1,41499e-01
696	  1,3900000000e+03	 -3,28265e-01	 -1,35498e-01
697	  1,3920000000e+03	 -3,29073e-01	 -1,31970e-01
698	  1,3940000000e+03	 -3,29283e-01	 -1,25715e-01
699	  1,3960000000e+03	 -3,29883e-01	 -1,22382e-01
700	  1,3980000000e+03	 -3,31003e-01	 -1,18945e-01
701	  1,4000000000e+03	 -3,29790e-01	 -1,15707e-01
702	  1,4020000000e+03	 -3,31055e-01	 -1,10820e-01
703	  1,4040000000e+03	 -3,32645e-01	 -1,06749e-01
704	  1,4060000000e+03	 -3,32495e-01	 -1,00026e-01
705	  1,4080000000e+03	 -3,34088e-01	 -9,52971e-02
706	  1,4100000000e+03	 -3,35909e-01	 -9,30127e-02
707	  1,4120000000e+03	 -3,34665e-01	 -9,18049e-02
708	  1,4140000000e+03	 -3,34210e-01	 -8,76378e-02
709	  1,4160000000e+03	 -3,35602e-01	 -8,29746e-02
710	  1,4180000000e+03	 -3,36538e-01	 -7,95486e-02
711	  1,4200000000e+03	 -3,40678e-01	 -7,70473e-02
712	  1,4220000000e+03	 -3,43159e-01	 -7,33912e-02
713	  1,4240000000e+03	 -3,43778e-01	 -6,77649e-02
714	  1,4260000000e+03	 -3,47075e-01	 -6,45177e-02
715	  1,4280000000e+03	 -3,49041e-01	 -5,87523e-02
716	  1,4300000000e+03	 -3,47688e-01	 -5,17998e-02
717	  1,4320000000e+03	 -3,51166e-01	 -4,95051e-02
718	  1,4340000000e+03	 -3,52185e-01	 -4,56967e-02
719	  1,4360000000e+03	 -3,52734e-01	 -3,87516e-02
720	  1,4380000000e+03	 -3,54635e-01	 -3,40070e-02
721	  1,4400000000e+03	 -3,55463e-01	 -3,06397e-02
722	  1,4420000000e+03	 -3,57788e-01	 -2,56836e-02
723	  1,4440000000e+03	 -3,56655e-01	 -1,95096e-02
724	  1,4460000000e+03	 -3,58380e-01	 -1,58897e-02
725	  1,4480000000e+03	 -3,61324e-01	 -9,39107e-03
726	  1,4500000000e+03	 -3,62764e-01	 -3,92036e-03
727	  1,4520000000e+03	 -3,62506e-01	 -1,01828e-03
728	  1,4540000000e+03	 -3,62654e-01	  3,28044e-03
729	  1,4560000000e+03	 -3,63915e-01	  9,20038e-03
730	  1,4580000000e+03	 -3,63289e-01	  1,66824e-02
731	  1,4600000000e+03	 -3,64290e-01	  2,42026e-02
732	  1,4620000000e+03	 -3,65360e-01	  2,90067e-02
733	  1,4640000000e+03	 -3,63959e-01	  3,18259e-02
734	  1,4660000000e+03	 -3,62480e-01	  3,78054e-02
735	  1,4680000000e+03	 -3,60259e-01	  4,20602e-02
736	  1,4700000000e+03	 -3,60539e-01	  5,08304e-02
737	  1,4720000000e+03	 -3,62492e-01	  5,74726e-02
738	  1,4740000000e+03	 -3,61925e-01	  6,23942e-02
739	  1,4760000000e+03	 -3,59373e-01	  6,44405e-02
740	  1,4780000000e+03	 -3,57424e-01	  6,90948e-02
741	  1,4800000000e+03	 -3,56853e-01	  7,51518e-02
742	  1,4820000000e+03	 -3,56807e-01	  8,35107e-02
743	  1,4840000000e+03	 -3,55170e-01	  8,81812e-02
744	  1,4860000000e+03	 -3,54110e-01	  9,19706e-02
745	  1,4880000000e+03	 -3,52809e-01	  9,80007e-02
746	  1,4900000000e+03	 -3,49893e-01	  1,00667e-01
747	  1,4920000000e+03	 -3,47386e-01	  1,04754e-01
748	  1,4940000000e+03	 -3,46605e-01	  1,12477e-01
749	  1,4960000000e+03	 -3,46597e-01	  1,17038e-01
750	  1,4980000000e+03	 -3,46431e-01	  1,20206e-01
751	  1,5000000000e+03	 -3,44680e-01	  1,24954e-01
752	  1,5020000000e+03	 -3,41254e-01	  1,29601e-01
753	  1,5040000000e+03	 -3,39131e-01	  1,33328e-01
754	  1,5060000000e+03	 -3,39574e-01	  1,37811e-01
755	  1,5080000000e+03	 -3,36495e-01	  1,43513e-01
756	  1,5100000000e+03	 -3,33968e-01	  1,46246e-01
757	  1,5120000000e+03	 -3,32599e-01	  1,51458e-01
758	  1,5140000000e+03	 -3,30712e-01	  1,56803e-01
759	  1,5160000000e+03	 -3,28371e-01	  1,61062e-01
760	  1,5180000000e+03	 -3,29845e-01	  1,65844e-01
761	  1,5200000000e+03	 -3,27537e-01	  1,70404e-01
762	  1,5220000000e+03	 -3,21589e-01	  1,75083e-01
763	  1,5240000000e+03	 -3,20375e-01	  1,80781e-01
764	  1,5260000000e+03	 -3,20013e-01	  1,85122e-01
765	  1,5280000000e+03	 -3,14593e-01	  1,90800e-01
766	  1,5300000000e+03	 -3,12924e-01	  1,95477e-01
767	  1,5320000000e+03	 -3,10562e-01	  1,98018e-01
768	  1,5340000000e+03	 -3,08285e-01	  2,05531e-01
769	  1,5360000000e+03	 -3,04357e-01	  2,09914e-01
770	  1,5380000000e+03	 -3,01975e-01	  2,12038e-01
771	  1,5400000000e+03	 -2,98973e-01	  2,13653e-01
772	  1,5420000000e+03	 -2,96292e-01	  2,18745e-01
773	  1,5440000000e+03	 -2,93869e-01	  2,22555e-01
774	  1,5460000000e+03	 -2,89661e-01	  2,27587e-01
775	  1,5480000000e+03	 -2,86923e-01	  2,33193e-01
776	  1,5500000000e+03	 -2,86410e-01	  2,36958e-01
777	  1,5520000000e+03	 -2,83777e-01	  2,39646e-01
778	  1,5540000000e+03	 -2,76503e-01	  2,42831e-01
779	  1,5560000000e+03	 -2,73289e-01	  2,45830e-01
780	  1,5580000000e+03	 -2,71865e-01	  2,44679e-01
781	  1,5600000000e+03	 -2,70242e-01	  2,47814e-01
782	  1,5620000000e+03	 -2,66759e-01	  2,55819e-01
783	  1,5640000000e+03	 -2,65585e-01	  2,58621e-01
784	  1,5660000000e+03	 -2,62519e-01	  2,63006e-01
785	  1,5680000000e+03	 -2,61013e-01	  2,65439e-01
786	  1,5700000000e+03	 -2,57384e-01	  2,72130e-01
787	  1,5720000000e+03	 -2,53830e-01	  2,79138e-01
788	  1,5740000000e+03	 -2,50978e-01	  2,83218e-01
789	  1,5760000000e+03	 -2,46035e-01	  2,84853e-01
790	  1,5780000000e+03	 -2,42262e-01	  2,86791e-01
791	  1,5800000000e+03	 -2,36998e-01	  2,92765e-01
792	  1,5820000000e+03	 -2,33015e-01	  2,97128e-01
793	  1,5840000000e+03	 -2,31659e-01	  3,00044e-01
794	  1,5860000000e+03	 -2,28205e-01	  3,03354e-01
795	  1,5880000000e+03	 -2,22847e-01	  3,07535e-01
796	  1,5900000000e+03	 -2,21987e-01	  3,10083e-01
797	  1,5920000000e+03	 -2,20244e-01	  3,15428e-01
798	  1,5940000000e+03	 -2,11886e-01	  3,18290e-01
799	  1,5960000000e+03	 -2,07812e-01	  3,23960e-01
800	  1,5980000000e+03	 -2,06028e-01	  3,28872e-01
801	  1,6000000000e+03	 -2,01474e-01	  3,32740e-01
802	  1,6020000000e+03	 -1,97358e-01	  3,37710e-01
803	  1,6040000000e+03	 -1,91491e-01	  3,39065e-01
804	  1,6060000000e+03	 -1,84325e-01	  3,42910e-01
805	  1,6080000000e+03	 -1,79023e-01	  3,48014e-01
806	  1,6100000000e+03	 -1,73411e-01	  3,53561e-01
807	  1,6120000000e+03	 -1,66196e-01	  3,56222e-01
808	  1,6140000000e+03	 -1,61273e-01	  3,57498e-01
809	  1,6160000000e+03	 -1,54375e-01	  3,58892e-01
810	  1,6180000000e+03	 -1,47847e-01	  3,62595e-01
811	  1,6200000000e+03	 -1,43713e-01	  3,64426e-01
812	  1,6220000000e+03	 -1,39415e-01	  3,67834e-01
813	  1,6240000000e+03	 -1,33042e-01	  3,69179e-01
814	  1,6260000000e+03	 -1,26353e-01	  3,72862e-01
815	  1,6280000000e+03	 -1,19351e-01	  3,75325e-01
816	  1,6300000000e+03	 -1,12491e-01	  3,75884e-01
817	  1,6320000000e+03	 -1,07878e-01	  3,74430e-01
818	  1,6340000000e+03	 -1,02608e-01	  3,76995e-01
819	  1,6360000000e+03	 -9,66763e-02	  3,77727e-01
820	  1,6380000000e+03	 -8,60412e-02	  3,76690e-01
821	  1,6400000000e+03	 -8,17433e-02	  3,76259e-01
822	  1,6420000000e+03	 -7,77230e-02	  3,78438e-01
823	  1,6440000000e+03	 -7,30338e-02	  3,78664e-01
824	  1,6460000000e+03	 -6,87663e-02	  3,76649e-01
825	  1,6480000000e+03	 -6,16993e-02	  3,76724e-01
826	  1,6500000000e+03	 -5,74206e-02	  3,80132e-01
827	  1,6520000000e+03	 -5,38694e-02	  3,77532e-01
828	  1,6540000000e+03	 -4,93426e-02	  3,79277e-01
829	  1,6560000000e+03	 -4,59150e-02	  3,78166e-01
830	  1,6580000000e+03	 -4,28252e-02	  3,77460e-01
831	  1,6600000000e+03	 -3,40987e-02	  3,78240e-01
832	  1,6620000000e+03	 -2,97222e-02	  3,78117e-01
833	  1,6640000000e+03	 -2,72034e-02	  3,82492e-01
834	  1,6660000000e+03	 -2,25906e-02	  3,82705e-01
835	  1,6680000000e+03	 -1,62157e-02	  3,79983e-01
836	  1,6700000000e+03	 -1,25382e-02	  3,81391e-01
837	  1,6720000000e+03	 -9,02165e-03	  3,83686e-01
838	  1,6740000000e+03	 -6,02588e-03	  3,85918e-01
839	  1,6760000000e+03	 -1,75232e-05	  3,88663e-01
840	  1,6780000000e+03	  5,64243e-03	  3,89299e-01
841	  1,6800000000e+03	  1,11456e-02	  3,90598e-01
842	  1,6820000000e+03	  1,27637e-02	  3,88531e-01
843	  1,6840000000e+03	  1,96286e-02	  3,88537e-01
844	  1,6860000000e+03	  2,58953e-02	  3,90083e-01
845	  1,6880000000e+03	  3,09419e-02	  3,93268e-01
846	  1,6900000000e+03	  3,72712e-02	  3,93879e-01
847	  1,6920000000e+03	  4,34353e-02	  3,93572e-01
848	  1,6940000000e+03	  5,08966e-02	  3,93542e-01
849	  1,6960000000e+03	  5,43806e-02	  3,92419e-01
850	  1,6980000000e+03	  6,27183e-02	  3,92653e-01
851	  1,7000000000e+03	  6,99498e-02	  3,94368e-01
852	  1,7020000000e+03	  7,34661e-02	  3,94317e-01
853	  1,7040000000e+03	  8,00851e-02	  3,95655e-01
854	  1,7060000000e+03	  8,57177e-02	  3,95118e-01
855	  1,7080000000e+03	  8,93172e-02	  3,94755e-01
856	  1,7100000000e+03	  9,74889e-02	  3,92942e-01
857	  1,7120000000e+03	  1,05203e-01	  3,89197e-01
858	  1,7140000000e+03	  1,11332e-01	  3,88059e-01
859	  1,7160000000e+03	  1,18216e-01	  3,88894e-01
860	  1,7180000000e+03	  1,22909e-01	  3,86745e-01
861	  1,7200000000e+03	  1,29025e-01	  3,83581e-01
862	  1,7220000000e+03	  1,33626e-01	  3,82410e-01
863	  1,7240000000e+03	  1,40550e-01	  3,82189e-01
864	  1,7260000000e+03	  1,46989e-01	  3,77574e-01
865	  1,7280000000e+03	  1,55540e-01	  3,74319e-01
866	  1,7300000000e+03	  1,61627e-01	  3,71385e-01
867	  1,7320000000e+03	  1,69007e-01	  3,68222e-01
868	  1,7340000000e+03	  1,74393e-01	  3,66714e-01
869	  1,7360000000e+03	  1,76983e-01	  3,65933e-01
870	  1,7380000000e+03	  1,83913e-01	  3,61158e-01
871	  1,7400000000e+03	  1,87841e-01	  3,59744e-01
872	  1,7420000000e+03	  1,92722e-01	  3,58988e-01
873	  1,7440000000e+03	  2,01232e-01	  3,55049e-01
874	  1,7460000000e+03	  2,07151e-01	  3,51927e-01
875	  1,7480000000e+03	  2,11440e-01	  3,48948e-01
876	  1,7500000000e+03	  2,13618e-01	  3,46009e-01
877	  1,7520000000e+03	  2,21421e-01	  3,45031e-01
878	  1,7540000000e+03	  2,27889e-01	  3,41534e-01
879	  1,7560000000e+03	  2,29934e-01	  3,36411e-01
880	  1,7580000000e+03	  2,33947e-01	  3,35510e-01
881	  1,7600000000e+03	  2,39201e-01	  3,34470e-01
882	  1,7620000000e+03	  2,42951e-01	  3,29741e-01
883	  1,7640000000e+03	  2,51084e-01	  3,25438e-01
884	  1,7660000000e+03	  2,57126e-01	  3,22512e-01
885	  1,7680000000e+03	  2,61095e-01	  3,17940e-01
886	  1,7700000000e+03	  2,67512e-01	  3,15257e-01
887	  1,7720000000e+03	  2,70841e-01	  3,11314e-01
888	  1,7740000000e+03	  2,74358e-01	  3,07898e-01
889	  1,7760000000e+03	  2,81898e-01	  3,01313e-01
890	  1,7780000000e+03	  2,87025e-01	  2,96731e-01
891	  1,7800000000e+03	  2,90473e-01	  2,95639e-01
892	  1,7820000000e+03	  2,93939e-01	  2,90942e-01
893	  1,7840000000e+03	  2,97228e-01	  2,85568e-01
894	  1,7860000000e+03	  3,03376e-01	  2,79729e-01
895	  1,7880000000e+03	  3,06998e-01	  2,74034e-01
896	  1,7900000000e+03	  3,10987e-01	  2,71023e-01
897	  1,7920000000e+03	  3,16957e-01	  2,64684e-01
898	  1,7940000000e+03	  3,21069e-01	  2,59117e-01
899	  1,7960000000e+03	  3,23778e-01	  2,56002e-01
900	  1,7980000000e+03	  3,26627e-01	  2,51991e-01
901	  1,8000000000e+03	  3,29420e-01	  2,48098e-01
902	  1,8020000000e+03	  3,31713e-01	  2,41932e-01
903	  1,8040000000e+03	  3,38523e-01	  2,38599e-01
904	  1,8060000000e+03	  3,42888e-01	  2,34470e-01
905	  1,8080000000e+03	  3,46028e-01	  2,28037e-01
906	  1,8100000000e+03	  3,49876e-01	  2,21944e-01
907	  1,8120000000e+03	  3,54602e-01	  2,18640e-01
908	  1,8140000000e+03	  3,60104e-01	  2,11744e-01
909	  1,8160000000e+03	  3,62813e-01	  2,04171e-01
910	  1,8180000000e+03	  3,63618e-01	  1,99131e-01
911	  1,8200000000e+03	  3,65729e-01	  1,94599e-01
912	  1,8220000000e+03	  3,70690e-01	  1,89387e-01
913	  1,8240000000e+03	  3,72335e-01	  1,82321e-01
914	  1,8260000000e+03	  3,73784e-01	  1,78083e-01
915	  1,8280000000e+03	  3,76326e-01	  1,73777e-01
916	  1,8300000000e+03	  3,80364e-01	  1,66407e-01
917	  1,8320000000e+03	  3,84018e-01	  1,58302e-01
918	  1,8340000000e+03	  3,84896e-01	  1,51620e-01
919	  1,8360000000e+03	  3,86866e-01	  1,45409e-01
920	  1,8380000000e+03	  3,85502e-01	  1,42016e-01
921	  1,8400000000e+03	  3,85173e-01	  1,36136e-01
922	  1,8420000000e+03	  3,87729e-01	  1,32938e-01
923	  1,8440000000e+03	  3,90474e-01	  1,24776e-01
924	  1,8460000000e+03	  3,93786e-01	  1,17227e-01
925	  1,8480000000e+03	  3,95093e-01	  1,14730e-01
926	  1,8500000000e+03	  3,96695e-01	  1,10010e-01
927	  1,8520000000e+03	  4,00527e-01	  1,03032e-01
928	  1,8540000000e+03	  3,99985e-01	  9,63126e-02
929	  1,8560000000e+03	  4,03246e-01	  8,93982e-02
930	  1,8580000000e+03	  4,06763e-01	  8,28214e-02
931	  1,8600000000e+03	  4,06551e-01	  7,54563e-02
932	  1,8620000000e+03	  4,04953e-01	  7,09461e-02
933	  1,8640000000e+03	  4,04224e-01	  6,57172e-02
934	  1,8660000000e+03	  4,04823e-01	  5,97027e-02
935	  1,8680000000e+03	  4,07426e-01	  5,37711e-02
936	  1,8700000000e+03	  4,10582e-01	  4,93545e-02
937	  1,8720000000e+03	  4,09666e-01	  4,25251e-02
938	  1,8740000000e+03	  4,09989e-01	  3,36515e-02
939	  1,8760000000e+03	  4,09740e-01	  2,70698e-02
940	  1,8780000000e+03	  4,10480e-01	  2,16933e-02
941	  1,8800000000e+03	  4,10910e-01	  1,50420e-02
942	  1,8820000000e+03	  4,10665e-01	  6,77271e-03
943	  1,8840000000e+03	  4,10085e-01	  1,56902e-03
944	  1,8860000000e+03	  4,10014e-01	 -3,41676e-03
945	  1,8880000000e+03	  4,07993e-01	 -1,24801e-02
946	  1,8900000000e+03	  4,07789e-01	 -1,71988e-02
947	  1,8920000000e+03	  4,07698e-01	 -2,33085e-02
948	  1,8940000000e+03	  4,06639e-01	 -3,20388e-02
949	  1,8960000000e+03	  4,02500e-01	 -3,75895e-02
950	  1,8980000000e+03	  4,00199e-01	 -3,92745e-02
951	  1,9000000000e+03	  3,99821e-01	 -4,21613e-02
952	  1,9020000000e+03	  3,97721e-01	 -5,00441e-02
953	  1,9040000000e+03	  3,95732e-01	 -5,52977e-02
954	  1,9060000000e+03	  3,95534e-01	 -6,08403e-02
955	  1,9080000000e+03	  3,94489e-01	 -6,47446e-02
956	  1,9100000000e+03	  3,94646e-01	 -6,84749e-02
957	  1,9120000000e+03	  3,93392e-01	 -7,57728e-02
958	  1,9140000000e+03	  3,91774e-01	 -8,11829e-02
959	  1,9160000000e+03	  3,91989e-01	 -8,72761e-02
960	  1,9180000000e+03	  3,90066e-01	 -8,93691e-02
961	  1,9200000000e+03	  3,89017e-01	 -9,23099e-02
962	  1,9220000000e+03	  3,86762e-01	 -9,72819e-02
963	  1,9240000000e+03	  3,86730e-01	 -1,02570e-01
964	  1,9260000000e+03	  3,85399e-01	 -1,06631e-01
965	  1,9280000000e+03	  3,85890e-01	 -1,12851e-01
966	  1,9300000000e+03	  3,84161e-01	 -1,19152e-01
967	  1,9320000000e+03	  3,83273e-01	 -1,25849e-01
968	  1,9340000000e+03	  3,83347e-01	 -1,28328e-01
969	  1,9360000000e+03	  3,82367e-01	 -1,32576e-01
970	  1,9380000000e+03	  3,82431e-01	 -1,39432e-01
971	  1,9400000000e+03	  3,81928e-01	 -1,44521e-01
972	  1,9420000000e+03	  3,82076e-01	 -1,50141e-01
973	  1,9440000000e+03	  3,81320e-01	 -1,58477e-01
974	  1,9460000000e+03	  3,80626e-01	 -1,62947e-01
975	  1,9480000000e+03	  3,78059e-01	 -1,67405e-01
976	  1,9500000000e+03	  3,76104e-01	 -1,77252e-01
977	  1,9520000000e+03	  3,72270e-01	 -1,84483e-01
978	  1,9540000000e+03	  3,68852e-01	 -1,89692e-01
979	  1,9560000000e+03	  3,69802e-01	 -1,97216e-01
980	  1,9580000000e+03	  3,65650e-01	 -2,04625e-01
981	  1,9600000000e+03	  3,61142e-01	 -2,12740e-01
982	  1,9620000000e+03	  3,57928e-01	 -2,19553e-01
983	  1,9640000000e+03	  3,52856e-01	 -2,23732e-01
984	  1,9660000000e+03	  3,48206e-01	 -2,30202e-01
985	  1,9680000000e+03	  3,44402e-01	 -2,37879e-01
986	  1,9700000000e+03	  3,39493e-01	 -2,46024e-01
987	  1,9720000000e+03	  3,35405e-01	 -2,49341e-01
988	  1,9740000000e+03	  3,29271e-01	 -2,54480e-01
989	  1,9760000000e+03	  3,25493e-01	 -2,57639e-01
990	  1,9780000000e+03	  3,21276e-01	 -2,62467e-01
991	  1,9800000000e+03	  3,16808e-01	 -2,67574e-01
992	  1,9820000000e+03	  3,09299e-01	 -2,72163e-01
993	  1,9840000000e+03	  3,04124e-01	 -2,78023e-01
994	  1,9860000000e+03	  3,01902e-01	 -2,82343e-01
995	  1,9880000000e+03	  2,97786e-01	 -2,85561e-01
996	  1,9900000000e+03	  2,90333e-01	 -2,87865e-01
997	  1,9920000000e+03	  2,86322e-01	 -2,91687e-01
998	  1,9940000000e+03	  2,80518e-01	 -2,96485e-01
999	  1,9960000000e+03	  2,76557e-01	 -2,96976e-01
1000	  1,9980000000e+03	  2,71079e-01	 -2,99555e-01
1001	  2,0000000000e+03	  2,65161e-01	 -3,03236e-01
1002	  2,0020000000e+03	  2,60963e-01	 -3,07505e-01
1003	  2,0040000000e+03	  2,57093e-01	 -3,13112e-01
1004	  2,0060000000e+03	  2,50353e-01	 -3,13218e-01
1005	  2,0080000000e+03	  2,43942e-01	 -3,12856e-01
1006	  2,0100000000e+03	  2,39688e-01	 -3,16726e-01
1007	  2,0120000000e+03	  2,35539e-01	 -3,19479e-01
1008	  2,0140000000e+03	  2,30745e-01	 -3,23562e-01
1009	  2,0160000000e+03	  2,26932e-01	 -3,27017e-01
1010	  2,0180000000e+03	  2,24725e-01	 -3,26841e-01
1011	  2,0200000000e+03	  2,18720e-01	 -3,32618e-01
1012	  2,0220000000e+03	  2,13325e-01	 -3,36358e-01
1013	  2,0240000000e+03	  2,09141e-01	 -3,37257e-01
1014	  2,0260000000e+03	  2,02670e-01	 -3,38108e-01
1015	  2,0280000000e+03	  1,97452e-01	 -3,39703e-01
1016	  2,0300000000e+03	  1,93549e-01	 -3,40688e-01
1017	  2,0320000000e+03	  1,87116e-01	 -3,45875e-01
1018	  2,0340000000e+03	  1,83853e-01	 -3,49754e-01
1019	  2,0360000000e+03	  1,78510e-01	 -3,49843e-01
1020	  2,0380000000e+03	  1,74566e-01	 -3,50543e-01
1021	  2,0400000000e+03	  1,69980e-01	 -3,54870e-01
1022	  2,0420000000e+03	  1,65454e-01	 -3,55804e-01
1023	  2,0440000000e+03	  1,57319e-01	 -3,62358e-01
1024	  2,0460000000e+03	  1,51535e-01	 -3,64513e-01
1025	  2,0480000000e+03	  1,49457e-01	 -3,64224e-01
1026	  2,0500000000e+03	  1,41876e-01	 -3,63966e-01
1027	  2,0520000000e+03	  1,34897e-01	 -3,66609e-01
1028	  2,0540000000e+03	  1,31708e-01	 -3,69324e-01
1029	  2,0560000000e+03	  1,28717e-01	 -3,67932e-01
1030	  2,0580000000e+03	  1,23431e-01	 -3,71367e-01
1031	  2,0600000000e+03	  1,16679e-01	 -3,73682e-01
1032	  2,0620000000e+03	  1,10751e-01	 -3,75402e-01
1033	  2,0640000000e+03	  1,05032e-01	 -3,76531e-01
1034	  2,0660000000e+03	  9,86787e-02	 -3,75949e-01
1035	  2,0680000000e+03	  9,47286e-02	 -3,72916e-01
1036	  2,0700000000e+03	  9,06398e-02	 -3,74920e-01
1037	  2,0720000000e+03	  8,43077e-02	 -3,78166e-01
1038	  2,0740000000e+03	  7,96334e-02	 -3,78987e-01
1039	  2,0760000000e+03	  7,49358e-02	 -3,80131e-01
1040	  2,0780000000e+03	  7,10671e-02	 -3,80452e-01
1041	  2,0800000000e+03	  6,36907e-02	 -3,83993e-01
1042	  2,0820000000e+03	  6,05423e-02	 -3,85275e-01
1043	  2,0840000000e+03	  5,68637e-02	 -3,86359e-01
1044	  2,0860000000e+03	  4,88425e-02	 -3,89927e-01
1045	  2,0880000000e+03	  4,33979e-02	 -3,89045e-01
1046	  2,0900000000e+03	  3,66981e-02	 -3,88702e-01
1047	  2,0920000000e+03	  2,90970e-02	 -3,88607e-01
1048	  2,0940000000e+03	  2,43667e-02	 -3,88946e-01
1049	  2,0960000000e+03	  1,59346e-02	 -3,89837e-01
1050	  2,0980000000e+03	  1,15664e-02	 -3,90129e-01
1051	  2,1000000000e+03	  4,03053e-03	 -3,88622e-01
1052	  2,1020000000e+03	 -1,09890e-03	 -3,89382e-01
1053	  2,1040000000e+03	 -7,35868e-03	 -3,88005e-01
1054	  2,1060000000e+03	 -1,29600e-02	 -3,83463e-01
1055	  2,1080000000e+03	 -1,72761e-02	 -3,82473e-01
1056	  2,1100000000e+03	 -2,06454e-02	 -3,83772e-01
1057	  2,1120000000e+03	 -2,61699e-02	 -3,83900e-01
1058	  2,1140000000e+03	 -3,17842e-02	 -3,80605e-01
1059	  2,1160000000e+03	 -3,52936e-02	 -3,80395e-01
1060	  2,1180000000e+03	 -3,98931e-02	 -3,82269e-01
1061	  2,1200000000e+03	 -4,64807e-02	 -3,81329e-01
1062	  2,1220000000e+03	 -5,08606e-02	 -3,77207e-01
1063	  2,1240000000e+03	 -5,51314e-02	 -3,77751e-01
1064	  2,1260000000e+03	 -6,23742e-02	 -3,74955e-01
1065	  2,1280000000e+03	 -6,67141e-02	 -3,73423e-01
1066	  2,1300000000e+03	 -7,28377e-02	 -3,70136e-01
1067	  2,1320000000e+03	 -8,10987e-02	 -3,66915e-01
1068	  2,1340000000e+03	 -8,45836e-02	 -3,66182e-01
1069	  2,1360000000e+03	 -8,98204e-02	 -3,67203e-01
1070	  2,1380000000e+03	 -9,26149e-02	 -3,65235e-01
1071	  2,1400000000e+03	 -9,85158e-02	 -3,58726e-01
1072	  2,1420000000e+03	 -1,03452e-01	 -3,55658e-01
1073	  2,1440000000e+03	 -1,07878e-01	 -3,56102e-01
1074	  2,1460000000e+03	 -1,09148e-01	 -3,55636e-01
1075	  2,1480000000e+03	 -1,14728e-01	 -3,51357e-01
1076	  2,1500000000e+03	 -1,18228e-01	 -3,50528e-01
1077	  2,1520000000e+03	 -1,21630e-01	 -3,47672e-01
1078	  2,1540000000e+03	 -1,27778e-01	 -3,46118e-01
1079	  2,1560000000e+03	 -1,31087e-01	 -3,44682e-01
1080	  2,1580000000e+03	 -1,34511e-01	 -3,41514e-01
1081	  2,1600000000e+03	 -1,37203e-01	 -3,38279e-01
1082	  2,1620000000e+03	 -1,40167e-01	 -3,35030e-01
1083	  2,1640000000e+03	 -1,43776e-01	 -3,35083e-01
1084	  2,1660000000e+03	 -1,46838e-01	 -3,33562e-01
1085	  2,1680000000e+03	 -1,51742e-01	 -3,29835e-01
1086	  2,1700000000e+03	 -1,54833e-01	 -3,31753e-01
1087	  2,1720000000e+03	 -1,57824e-01	 -3,32794e-01
1088	  2,1740000000e+03	 -1,60577e-01	 -3,30520e-01
1089	  2,1760000000e+03	 -1,66610e-01	 -3,32598e-01
1090	  2,1780000000e+03	 -1,73803e-01	 -3,32077e-01
1091	  2,1800000000e+03	 -1,78583e-01	 -3,28914e-01
1092	  2,1820000000e+03	 -1,84276e-01	 -3,25864e-01
1093	  2,1840000000e+03	 -1,88627e-01	 -3,24894e-01
1094	  2,1860000000e+03	 -1,92407e-01	 -3,24247e-01
1095	  2,1880000000e+03	 -1,96669e-01	 -3,21802e-01
1096	  2,1900000000e+03	 -2,01412e-01	 -3,18834e-01
1097	  2,1920000000e+03	 -2,05237e-01	 -3,14947e-01
1098	  2,1940000000e+03	 -2,11294e-01	 -3,11347e-01
1099	  2,1960000000e+03	 -2,17231e-01	 -3,10292e-01
1100	  2,1980000000e+03	 -2,21402e-01	 -3,05486e-01
1101	  2,2000000000e+03	 -2,27727e-01	 -3,03554e-01
1102	  2,2020000000e+03	 -2,31948e-01	 -2,99300e-01
1103	  2,2040000000e+03	 -2,35045e-01	 -2,95146e-01
1104	  2,2060000000e+03	 -2,41493e-01	 -2,88325e-01
1105	  2,2080000000e+03	 -2,44410e-01	 -2,83919e-01
1106	  2,2100000000e+03	 -2,48555e-01	 -2,84118e-01
1107	  2,2120000000e+03	 -2,54634e-01	 -2,76656e-01
1108	  2,2140000000e+03	 -2,57167e-01	 -2,69824e-01
1109	  2,2160000000e+03	 -2,60888e-01	 -2,68697e-01
1110	  2,2180000000e+03	 -2,62463e-01	 -2,64800e-01
1111	  2,2200000000e+03	 -2,66457e-01	 -2,58558e-01
1112	  2,2220000000e+03	 -2,66917e-01	 -2,55572e-01
1113	  2,2240000000e+03	 -2,71361e-01	 -2,50065e-01
1114	  2,2260000000e+03	 -2,74136e-01	 -2,48529e-01
1115	  2,2280000000e+03	 -2,76864e-01	 -2,44741e-01
1116	  2,2300000000e+03	 -2,79850e-01	 -2,41134e-01
1117	  2,2320000000e+03	 -2,81019e-01	 -2,36112e-01
1118	  2,2340000000e+03	 -2,83439e-01	 -2,29840e-01
1119	  2,2360000000e+03	 -2,87502e-01	 -2,25192e-01
1120	  2,2380000000e+03	 -2,92948e-01	 -2,23784e-01
1121	  2,2400000000e+03	 -2,93927e-01	 -2,21811e-01
1122	  2,2420000000e+03	 -2,94578e-01	 -2,19913e-01
1123	  2,2440000000e+03	 -2,96833e-01	 -2,13542e-01
1124	  2,2460000000e+03	 -2,99403e-01	 -2,10383e-01
1125	  2,2480000000e+03	 -3,01041e-01	 -2,07529e-01
1126	  2,2500000000e+03	 -3,03744e-01	 -2,02265e-01
1127	  2,2520000000e+03	 -3,07049e-01	 -1,98738e-01
1128	  2,2540000000e+03	 -3,11633e-01	 -1,95655e-01
1129	  2,2560000000e+03	 -3,13228e-01	 -1,89402e-01
1130	  2,2580000000e+03	 -3,12653e-01	 -1,82653e-01
1131	  2,2600000000e+03	 -3,15930e-01	 -1,79168e-01
1132	  2,2620000000e+03	 -3,21572e-01	 -1,78863e-01
1133	  2,2640000000e+03	 -3,21718e-01	 -1,75299e-01
1134	  2,2660000000e+03	 -3,21651e-01	 -1,68563e-01
1135	  2,2680000000e+03	 -3,23798e-01	 -1,64674e-01
1136	  2,2700000000e+03	 -3,26134e-01	 -1,60637e-01
1137	  2,2720000000e+03	 -3,28050e-01	 -1,54537e-01
1138	  2,2740000000e+03	 -3,29013e-01	 -1,52206e-01
1139	  2,2760000000e+03	 -3,31977e-01	 -1,49340e-01
1140	  2,2780000000e+03	 -3,33558e-01	 -1,45589e-01
1141	  2,2800000000e+03	 -3,34622e-01	 -1,40797e-01
1142	  2,2820000000e+03	 -3,36508e-01	 -1,36023e-01
1143	  2,2840000000e+03	 -3,39044e-01	 -1,32780e-01
1144	  2,2860000000e+03	 -3,38500e-01	 -1,29789e-01
1145	  2,2880000000e+03	 -3,42641e-01	 -1,21904e-01
1146	  2,2900000000e+03	 -3,47048e-01	 -1,18680e-01
1147	  2,2920000000e+03	 -3,47514e-01	 -1,15950e-01
1148	  2,2940000000e+03	 -3,49595e-01	 -1,12801e-01
1149	  2,2960000000e+03	 -3,51577e-01	 -1,08139e-01
1150	  2,2980000000e+03	 -3,51234e-01	 -1,00707e-01
1151	  2,3000000000e+03	 -3,52039e-01	 -9,52154e-02
1152	  2,3020000000e+03	 -3,56793e-01	 -9,01892e-02
1153	  2,3040000000e+03	 -3,58777e-01	 -8,59284e-02
1154	  2,3060000000e+03	 -3,60059e-01	 -8,11304e-02
1155	  2,3080000000e+03	 -3,57880e-01	 -7,64339e-02
1156	  2,3100000000e+03	 -3,59035e-01	 -7,18748e-02
1157	  2,3120000000e+03	 -3,61744e-01	 -7,05572e-02
1158	  2,3140000000e+03	 -3,63524e-01	 -6,63299e-02
1159	  2,3160000000e+03	 -3,64028e-01	 -5,87698e-02
1160	  2,3180000000e+03	 -3,63631e-01	 -5,51127e-02
1161	  2,3200000000e+03	 -3,64588e-01	 -5,29081e-02
1162	  2,3220000000e+03	 -3,65986e-01	 -4,76672e-02
1163	  2,3240000000e+03	 -3,68227e-01	 -4,16072e-02
1164	  2,3260000000e+03	 -3,70158e-01	 -3,34771e-02
1165	  2,3280000000e+03	 -3,72143e-01	 -2,70210e-02
1166	  2,3300000000e+03	 -3,71850e-01	 -2,11316e-02
1167	  2,3320000000e+03	 -3,71454e-01	 -1,75880e-02
1168	  2,3340000000e+03	 -3,73707e-01	 -1,22872e-02
1169	  2,3360000000e+03	 -3,72699e-01	 -8,60355e-03
1170	  2,3380000000e+03	 -3,70415e-01	 -8,05353e-04
1171	  2,3400000000e+03	 -3,71102e-01	  3,41306e-03
1172	  2,3420000000e+03	 -3,72711e-01	  9,72310e-03
1173	  2,3440000000e+03	 -3,73745e-01	  1,42471e-02
1174	  2,3460000000e+03	 -3,73829e-01	  1,88523e-02
1175	  2,3480000000e+03	 -3,71139e-01	  2,46770e-02
1176	  2,3500000000e+03	 -3,70163e-01	  2,90729e-02
1177	  2,3520000000e+03	 -3,71368e-01	  3,50972e-02
1178	  2,3540000000e+03	 -3,69389e-01	  3,93437e-02
1179	  2,3560000000e+03	 -3,67824e-01	  4,37096e-02
1180	  2,3580000000e+03	 -3,66484e-01	  4,89757e-02
1181	  2,3600000000e+03	 -3,65165e-01	  5,61917e-02
1182	  2,3620000000e+03	 -3,64828e-01	  6,12157e-02
1183	  2,3640000000e+03	 -3,61636e-01	  6,48659e-02
1184	  2,3660000000e+03	 -3,60535e-01	  6,92881e-02
1185	  2,3680000000e+03	 -3,60304e-01	  7,27963e-02
1186	  2,3700000000e+03	 -3,60364e-01	  8,00160e-02
1187	  2,3720000000e+03	 -3,56537e-01	  8,30682e-02
1188	  2,3740000000e+03	 -3,57055e-01	  8,47551e-02
1189	  2,3760000000e+03	 -3,55794e-01	  9,15899e-02
1190	  2,3780000000e+03	 -3,55515e-01	  9,62623e-02
1191	  2,3800000000e+03	 -3,51738e-01	  9,85058e-02
1192	  2,3820000000e+03	 -3,48793e-01	  1,05252e-01
1193	  2,3840000000e+03	 -3,47429e-01	  1,07899e-01
1194	  2,3860000000e+03	 -3,46845e-01	  1,10866e-01
1195	  2,3880000000e+03	 -3,46364e-01	  1,16393e-01
1196	  2,3900000000e+03	 -3,44105e-01	  1,19923e-01
1197	  2,3920000000e+03	 -3,44036e-01	  1,22374e-01
1198	  2,3940000000e+03	 -3,43763e-01	  1,23043e-01
1199	  2,3960000000e+03	 -3,42714e-01	  1,25308e-01
1200	  2,3980000000e+03	 -3,44699e-01	  1,34455e-01
1201	  2,4000000000e+03	 -3,42569e-01	  1,43040e-01
1202	  2,4020000000e+03	 -3,41998e-01	  1,46257e-01
1203	  2,4040000000e+03	 -3,39326e-01	  1,49572e-01
1204	  2,4060000000e+03	 -3,35757e-01	  1,52499e-01
1205	  2,4080000000e+03	 -3,37765e-01	  1,58485e-01
1206	  2,4100000000e+03	 -3,38660e-01	  1,64036e-01
1207	  2,4120000000e+03	 -3,33359e-01	  1,68272e-01
1208	  2,4140000000e+03	 -3,31296e-01	  1,71853e-01
1209	  2,4160000000e+03	 -3,32078e-01	  1,78871e-01
1210	  2,4180000000e+03	 -3,30807e-01	  1,84823e-01
1211	  2,4200000000e+03	 -3,27895e-01	  1,89152e-01
1212	  2,4220000000e+03	 -3,23671e-01	  1,96009e-01
1213	  2,4240000000e+03	 -3,22504e-01	  2,01768e-01
1214	  2,4260000000e+03	 -3,20914e-01	  2,05561e-01
1215	  2,4280000000e+03	 -3,16567e-01	  2,07792e-01
1216	  2,4300000000e+03	 -3,12621e-01	  2,12770e-01
1217	  2,4320000000e+03	 -3,12042e-01	  2,16773e-01
1218	  2,4340000000e+03	 -3,09921e-01	  2,21696e-01
1219	  2,4360000000e+03	 -3,06983e-01	  2,26660e-01
1220	  2,4380000000e+03	 -3,04622e-01	  2,28628e-01
1221	  2,4400000000e+03	 -3,00818e-01	  2,33006e-01
1222	  2,4420000000e+03	 -2,98340e-01	  2,38552e-01
1223	  2,4440000000e+03	 -2,97408e-01	  2,42589e-01
1224	  2,4460000000e+03	 -2,92309e-01	  2,50254e-01
1225	  2,4480000000e+03	 -2,88541e-01	  2,56888e-01
1226	  2,4500000000e+03	 -2,86510e-01	  2,59139e-01
1227	  2,4520000000e+03	 -2,83230e-01	  2,62070e-01
1228	  2,4540000000e+03	 -2,77949e-01	  2,66645e-01
1229	  2,4560000000e+03	 -2,73362e-01	  2,71845e-01
1230	  2,4580000000e+03	 -2,69564e-01	  2,74945e-01
1231	  2,4600000000e+03	 -2,68133e-01	  2,79878e-01
1232	  2,4620000000e+03	 -2,63486e-01	  2,82743e-01
1233	  2,4640000000e+03	 -2,59015e-01	  2,83005e-01
1234	  2,4660000000e+03	 -2,53199e-01	  2,87318e-01
1235	  2,4680000000e+03	 -2,50709e-01	  2,93765e-01
1236	  2,4700000000e+03	 -2,47530e-01	  2,97667e-01
1237	  2,4720000000e+03	 -2,43661e-01	  3,02352e-01
1238	  2,4740000000e+03	 -2,42290e-01	  3,06631e-01
1239	  2,4760000000e+03	 -2,37760e-01	  3,10924e-01
1240	  2,4780000000e+03	 -2,32373e-01	  3,15803e-01
1241	  2,4800000000e+03	 -2,26262e-01	  3,17434e-01
1242	  2,4820000000e+03	 -2,22459e-01	  3,19613e-01
1243	  2,4840000000e+03	 -2,15979e-01	  3,22432e-01
1244	  2,4860000000e+03	 -2,09462e-01	  3,23528e-01
1245	  2,4880000000e+03	 -2,04623e-01	  3,28394e-01
1246	  2,4900000000e+03	 -1,99095e-01	  3,28337e-01
1247	  2,4920000000e+03	 -1,97122e-01	  3,28532e-01
1248	  2,4940000000e+03	 -1,92016e-01	  3,32408e-01
1249	  2,4960000000e+03	 -1,86889e-01	  3,35123e-01
1250	  2,4980000000e+03	 -1,83463e-01	  3,36833e-01
1251	  2,5000000000e+03	 -1,81013e-01	  3,41325e-01
1252	  2,5020000000e+03	 -1,80221e-01	  3,42221e-01
1253	  2,5040000000e+03	 -1,75782e-01	  3,42747e-01
1254	  2,5060000000e+03	 -1,71166e-01	  3,44549e-01
1255	  2,5080000000e+03	 -1,66280e-01	  3,47622e-01
1256	  2,5100000000e+03	 -1,63050e-01	  3,51979e-01
1257	  2,5120000000e+03	 -1,59618e-01	  3,55991e-01
1258	  2,5140000000e+03	 -1,55022e-01	  3,57987e-01
1259	  2,5160000000e+03	 -1,50397e-01	  3,57589e-01
1260	  2,5180000000e+03	 -1,44844e-01	  3,59423e-01
1261	  2,5200000000e+03	 -1,41137e-01	  3,65064e-01
1262	  2,5220000000e+03	 -1,36378e-01	  3,67662e-01
1263	  2,5240000000e+03	 -1,30011e-01	  3,67408e-01
1264	  2,5260000000e+03	 -1,27190e-01	  3,68935e-01
1265	  2,5280000000e+03	 -1,23337e-01	  3,70587e-01
1266	  2,5300000000e+03	 -1,22306e-01	  3,73057e-01
1267	  2,5320000000e+03	 -1,19015e-01	  3,74202e-01
1268	  2,5340000000e+03	 -1,13664e-01	  3,79469e-01
1269	  2,5360000000e+03	 -1,10508e-01	  3,84763e-01
1270	  2,5380000000e+03	 -1,08280e-01	  3,87431e-01
1271	  2,5400000000e+03	 -1,04967e-01	  3,90775e-01
1272	  2,5420000000e+03	 -9,81746e-02	  3,95115e-01
1273	  2,5440000000e+03	 -9,18930e-02	  3,97677e-01
1274	  2,5460000000e+03	 -8,81777e-02	  4,01940e-01
1275	  2,5480000000e+03	 -8,38908e-02	  4,04385e-01
1276	  2,5500000000e+03	 -7,93642e-02	  4,07642e-01
1277	  2,5520000000e+03	 -7,21857e-02	  4,12025e-01
1278	  2,5540000000e+03	 -6,40062e-02	  4,15816e-01
1279	  2,5560000000e+03	 -5,82330e-02	  4,21868e-01
1280	  2,5580000000e+03	 -5,46833e-02	  4,23584e-01
1281	  2,5600000000e+03	 -4,58039e-02	  4,24613e-01
1282	  2,5620000000e+03	 -3,79603e-02	  4,28176e-01
1283	  2,5640000000e+03	 -2,79554e-02	  4,33967e-01
1284	  2,5660000000e+03	 -2,09335e-02	  4,34964e-01
1285	  2,5680000000e+03	 -1,37438e-02	  4,35479e-01
1286	  2,5700000000e+03	 -7,24962e-03	  4,36234e-01
1287	  2,5720000000e+03	  2,83953e-03	  4,37407e-01
1288	  2,5740000000e+03	  1,22242e-02	  4,39284e-01
1289	  2,5760000000e+03	  1,94628e-02	  4,42277e-01
1290	  2,5780000000e+03	  2,77381e-02	  4,43359e-01
1291	  2,5800000000e+03	  3,73804e-02	  4,42152e-01
1292	  2,5820000000e+03	  4,38557e-02	  4,42778e-01
1293	  2,5840000000e+03	  5,14140e-02	  4,40501e-01
1294	  2,5860000000e+03	  6,09509e-02	  4,41006e-01
1295	  2,5880000000e+03	  6,95901e-02	  4,39723e-01
1296	  2,5900000000e+03	  7,87665e-02	  4,38240e-01
1297	  2,5920000000e+03	  8,97424e-02	  4,37306e-01
1298	  2,5940000000e+03	  9,60187e-02	  4,34473e-01
1299	  2,5960000000e+03	  1,03656e-01	  4,33388e-01
1300	  2,5980000000e+03	  1,13299e-01	  4,30677e-01
1301	  2,6000000000e+03	  1,19699e-01	  4,25394e-01
1302	  2,6020000000e+03	  1,27169e-01	  4,22695e-01
1303	  2,6040000000e+03	  1,34524e-01	  4,20847e-01
1304	  2,6060000000e+03	  1,44373e-01	  4,18051e-01
1305	  2,6080000000e+03	  1,51614e-01	  4,09790e-01
1306	  2,6100000000e+03	  1,56515e-01	  4,07338e-01
1307	  2,6120000000e+03	  1,60149e-01	  4,02656e-01
1308	  2,6140000000e+03	  1,63744e-01	  3,98720e-01
1309	  2,6160000000e+03	  1,67789e-01	  3,95298e-01
1310	  2,6180000000e+03	  1,74321e-01	  3,93121e-01
1311	  2,6200000000e+03	  1,80904e-01	  3,88852e-01
1312	  2,6220000000e+03	  1,85786e-01	  3,85441e-01
1313	  2,6240000000e+03	  1,91599e-01	  3,81809e-01
1314	  2,6260000000e+03	  1,94923e-01	  3,79391e-01
1315	  2,6280000000e+03	  1,96550e-01	  3,74365e-01
1316	  2,6300000000e+03	  2,01828e-01	  3,69402e-01
1317	  2,6320000000e+03	  2,06937e-01	  3,69551e-01
1318	  2,6340000000e+03	  2,13005e-01	  3,69919e-01
1319	  2,6360000000e+03	  2,17828e-01	  3,67594e-01
1320	  2,6380000000e+03	  2,22577e-01	  3,64547e-01
1321	  2,6400000000e+03	  2,27944e-01	  3,59724e-01
1322	  2,6420000000e+03	  2,33642e-01	  3,60740e-01
1323	  2,6440000000e+03	  2,38609e-01	  3,59130e-01
1324	  2,6460000000e+03	  2,43450e-01	  3,56380e-01
1325	  2,6480000000e+03	  2,50179e-01	  3,53146e-01
1326	  2,6500000000e+03	  2,55060e-01	  3,49630e-01
1327	  2,6520000000e+03	  2,62024e-01	  3,47632e-01
1328	  2,6540000000e+03	  2,67319e-01	  3,44741e-01
1329	  2,6560000000e+03	  2,71858e-01	  3,41269e-01
1330	  2,6580000000e+03	  2,79994e-01	  3,38404e-01
1331	  2,6600000000e+03	  2,86933e-01	  3,33011e-01
1332	  2,6620000000e+03	  2,90728e-01	  3,28779e-01
1333	  2,6640000000e+03	  2,99965e-01	  3,25942e-01
1334	  2,6660000000e+03	  3,05792e-01	  3,20590e-01
1335	  2,6680000000e+03	  3,13607e-01	  3,17700e-01
1336	  2,6700000000e+03	  3,22866e-01	  3,13351e-01
1337	  2,6720000000e+03	  3,29009e-01	  3,06457e-01
1338	  2,6740000000e+03	  3,32926e-01	  3,00306e-01
1339	  2,6760000000e+03	  3,36577e-01	  2,94407e-01
1340	  2,6780000000e+03	  3,42688e-01	  2,86110e-01
1341	  2,6800000000e+03	  3,46606e-01	  2,78610e-01
1342	  2,6820000000e+03	  3,50109e-01	  2,71631e-01
1343	  2,6840000000e+03	  3,54735e-01	  2,65180e-01
1344	  2,6860000000e+03	  3,61116e-01	  2,60259e-01
1345	  2,6880000000e+03	  3,66762e-01	  2,52349e-01
1346	  2,6900000000e+03	  3,69337e-01	  2,45997e-01
1347	  2,6920000000e+03	  3,74003e-01	  2,41120e-01
1348	  2,6940000000e+03	  3,80430e-01	  2,32669e-01
1349	  2,6960000000e+03	  3,84771e-01	  2,24137e-01
1350	  2,6980000000e+03	  3,87169e-01	  2,17847e-01
1351	  2,7000000000e+03	  3,91238e-01	  2,10640e-01
1352	  2,7020000000e+03	  3,92047e-01	  2,01354e-01
1353	  2,7040000000e+03	  3,90695e-01	  1,94257e-01
1354	  2,7060000000e+03	  3,92622e-01	  1,88112e-01
1355	  2,7080000000e+03	  3,96698e-01	  1,80455e-01
1356	  2,7100000000e+03	  3,99282e-01	  1,71643e-01
1357	  2,7120000000e+03	  4,01282e-01	  1,67313e-01
1358	  2,7140000000e+03	  4,02781e-01	  1,62983e-01
1359	  2,7160000000e+03	  4,01358e-01	  1,59506e-01
1360	  2,7180000000e+03	  4,01967e-01	  1,53444e-01
1361	  2,7200000000e+03	  4,07426e-01	  1,45586e-01
1362	  2,7220000000e+03	  4,09456e-01	  1,37775e-01
1363	  2,7240000000e+03	  4,09898e-01	  1,30882e-01
1364	  2,7260000000e+03	  4,12445e-01	  1,22250e-01
1365	  2,7280000000e+03	  4,13941e-01	  1,14759e-01
1366	  2,7300000000e+03	  4,16409e-01	  1,08080e-01
1367	  2,7320000000e+03	  4,13890e-01	  1,01732e-01
1368	  2,7340000000e+03	  4,13764e-01	  9,49326e-02
1369	  2,7360000000e+03	  4,14722e-01	  8,95273e-02
1370	  2,7380000000e+03	  4,16606e-01	  8,23686e-02
1371	  2,7400000000e+03	  4,15957e-01	  7,34351e-02
1372	  2,7420000000e+03	  4,14396e-01	  6,56021e-02
1373	  2,7440000000e+03	  4,14852e-01	  6,00996e-02
1374	  2,7460000000e+03	  4,15425e-01	  5,62798e-02
1375	  2,7480000000e+03	  4,15090e-01	  4,96918e-02
1376	  2,7500000000e+03	  4,16079e-01	  4,34104e-02
1377	  2,7520000000e+03	  4,13277e-01	  3,89301e-02
1378	  2,7540000000e+03	  4,16069e-01	  3,33878e-02
1379	  2,7560000000e+03	  4,16128e-01	  2,51664e-02
1380	  2,7580000000e+03	  4,14243e-01	  1,96859e-02
1381	  2,7600000000e+03	  4,15363e-01	  1,28091e-02
1382	  2,7620000000e+03	  4,15350e-01	  6,38471e-03
1383	  2,7640000000e+03	  4,17423e-01	  2,00476e-03
1384	  2,7660000000e+03	  4,17088e-01	 -4,15694e-03
1385	  2,7680000000e+03	  4,17438e-01	 -9,85889e-03
1386	  2,7700000000e+03	  4,15022e-01	 -1,92906e-02
1387	  2,7720000000e+03	  4,13843e-01	 -2,57563e-02
1388	  2,7740000000e+03	  4,11403e-01	 -3,17211e-02
1389	  2,7760000000e+03	  4,12447e-01	 -3,83737e-02
1390	  2,7780000000e+03	  4,13221e-01	 -4,48891e-02
1391	  2,7800000000e+03	  4,10652e-01	 -4,81795e-02
1392	  2,7820000000e+03	  4,10423e-01	 -5,64203e-02
1393	  2,7840000000e+03	  4,09178e-01	 -6,33167e-02
1394	  2,7860000000e+03	  4,06918e-01	 -7,12288e-02
1395	  2,7880000000e+03	  4,07422e-01	 -7,85084e-02
1396	  2,7900000000e+03	  4,03547e-01	 -8,39287e-02
1397	  2,7920000000e+03	  4,00199e-01	 -9,02667e-02
1398	  2,7940000000e+03	  4,00505e-01	 -9,55876e-02
1399	  2,7960000000e+03	  3,95465e-01	 -1,01968e-01
1400	  2,7980000000e+03	  3,93353e-01	 -1,08608e-01
1401	  2,8000000000e+03	  3,91871e-01	 -1,15074e-01
1402	  2,8020000000e+03	  3,89342e-01	 -1,22774e-01
1403	  2,8040000000e+03	  3,86232e-01	 -1,28950e-01
1404	  2,8060000000e+03	  3,82911e-01	 -1,35954e-01
1405	  2,8080000000e+03	  3,81966e-01	 -1,45061e-01
1406	  2,8100000000e+03	  3,81398e-01	 -1,50781e-01
1407	  2,8120000000e+03	  3,75564e-01	 -1,56730e-01
1408	  2,8140000000e+03	  3,71901e-01	 -1,60619e-01
1409	  2,8160000000e+03	  3,68337e-01	 -1,65705e-01
1410	  2,8180000000e+03	  3,63987e-01	 -1,72595e-01
1411	  2,8200000000e+03	  3,59393e-01	 -1,79076e-01
1412	  2,8220000000e+03	  3,52976e-01	 -1,84235e-01
1413	  2,8240000000e+03	  3,49103e-01	 -1,85837e-01
1414	  2,8260000000e+03	  3,47296e-01	 -1,89753e-01
1415	  2,8280000000e+03	  3,44916e-01	 -1,95369e-01
1416	  2,8300000000e+03	  3,37293e-01	 -1,99580e-01
1417	  2,8320000000e+03	  3,33543e-01	 -2,07061e-01
1418	  2,8340000000e+03	  3,29928e-01	 -2,09801e-01
1419	  2,8360000000e+03	  3,24188e-01	 -2,14017e-01
1420	  2,8380000000e+03	  3,17702e-01	 -2,20319e-01
1421	  2,8400000000e+03	  3,12451e-01	 -2,23241e-01
1422	  2,8420000000e+03	  3,08818e-01	 -2,24638e-01
1423	  2,8440000000e+03	  3,03086e-01	 -2,29708e-01
1424	  2,8460000000e+03	  2,99946e-01	 -2,33882e-01
1425	  2,8480000000e+03	  2,95284e-01	 -2,36975e-01
1426	  2,8500000000e+03	  2,89827e-01	 -2,39166e-01
1427	  2,8520000000e+03	  2,85875e-01	 -2,40849e-01
1428	  2,8540000000e+03	  2,80615e-01	 -2,44116e-01
1429	  2,8560000000e+03	  2,74665e-01	 -2,48617e-01
1430	  2,8580000000e+03	  2,68636e-01	 -2,52353e-01
1431	  2,8600000000e+03	  2,65487e-01	 -2,51316e-01
1432	  2,8620000000e+03	  2,62623e-01	 -2,52154e-01
1433	  2,8640000000e+03	  2,57566e-01	 -2,57049e-01
1434	  2,8660000000e+03	  2,54425e-01	 -2,57674e-01
1435	  2,8680000000e+03	  2,52708e-01	 -2,59423e-01
1436	  2,8700000000e+03	  2,45974e-01	 -2,63621e-01
1437	  2,8720000000e+03	  2,40104e-01	 -2,65053e-01
1438	  2,8740000000e+03	  2,37618e-01	 -2,67807e-01
1439	  2,8760000000e+03	  2,32713e-01	 -2,70819e-01
1440	  2,8780000000e+03	  2,27344e-01	 -2,72291e-01
1441	  2,8800000000e+03	  2,24218e-01	 -2,71576e-01
1442	  2,8820000000e+03	  2,20273e-01	 -2,74875e-01
1443	  2,8840000000e+03	  2,15821e-01	 -2,80973e-01
1444	  2,8860000000e+03	  2,14348e-01	 -2,83951e-01
1445	  2,8880000000e+03	  2,07923e-01	 -2,84084e-01
1446	  2,8900000000e+03	  2,02351e-01	 -2,86996e-01
1447	  2,8920000000e+03	  1,99355e-01	 -2,87058e-01
1448	  2,8940000000e+03	  1,93701e-01	 -2,86924e-01
1449	  2,8960000000e+03	  1,89060e-01	 -2,88663e-01
1450	  2,8980000000e+03	  1,86354e-01	 -2,89528e-01
1451	  2,9000000000e+03	  1,82492e-01	 -2,92753e-01
1452	  2,9020000000e+03	  1,76595e-01	 -2,93179e-01
1453	  2,9040000000e+03	  1,72613e-01	 -2,95128e-01
1454	  2,9060000000e+03	  1,71167e-01	 -2,97594e-01
1455	  2,9080000000e+03	  1,65941e-01	 -2,95098e-01
1456	  2,9100000000e+03	  1,60005e-01	 -2,94939e-01
1457	  2,9120000000e+03	  1,57706e-01	 -2,94857e-01
1458	  2,9140000000e+03	  1,55628e-01	 -2,97539e-01
1459	  2,9160000000e+03	  1,52734e-01	 -3,00175e-01
1460	  2,9180000000e+03	  1,50101e-01	 -3,02438e-01
1461	  2,9200000000e+03	  1,45465e-01	 -3,03693e-01
1462	  2,9220000000e+03	  1,42201e-01	 -3,04542e-01
1463	  2,9240000000e+03	  1,38687e-01	 -3,04950e-01
1464	  2,9260000000e+03	  1,33974e-01	 -3,09200e-01
1465	  2,9280000000e+03	  1,33439e-01	 -3,10924e-01
1466	  2,9300000000e+03	  1,31052e-01	 -3,13372e-01
1467	  2,9320000000e+03	  1,23626e-01	 -3,15953e-01
1468	  2,9340000000e+03	  1,17997e-01	 -3,15269e-01
1469	  2,9360000000e+03	  1,12603e-01	 -3,15958e-01
1470	  2,9380000000e+03	  1,09314e-01	 -3,18086e-01
1471	  2,9400000000e+03	  1,06161e-01	 -3,19373e-01
1472	  2,9420000000e+03	  1,00573e-01	 -3,19843e-01
1473	  2,9440000000e+03	  9,68047e-02	 -3,21733e-01
1474	  2,9460000000e+03	  9,22327e-02	 -3,22709e-01
1475	  2,9480000000e+03	  8,79783e-02	 -3,23944e-01
1476	  2,9500000000e+03	  8,37321e-02	 -3,25727e-01
1477	  2,9520000000e+03	  7,81118e-02	 -3,25990e-01
1478	  2,9540000000e+03	  7,25326e-02	 -3,27409e-01
1479	  2,9560000000e+03	  6,69478e-02	 -3,29191e-01
1480	  2,9580000000e+03	  5,92889e-02	 -3,27543e-01
1481	  2,9600000000e+03	  5,61750e-02	 -3,26672e-01
1482	  2,9620000000e+03	  5,30149e-02	 -3,27158e-01
1483	  2,9640000000e+03	  4,57194e-02	 -3,28723e-01
1484	  2,9660000000e+03	  3,95135e-02	 -3,26395e-01
1485	  2,9680000000e+03	  3,60025e-02	 -3,27742e-01
1486	  2,9700000000e+03	  3,23408e-02	 -3,25953e-01
1487	  2,9720000000e+03	  2,78291e-02	 -3,23863e-01
1488	  2,9740000000e+03	  2,25691e-02	 -3,23472e-01
1489	  2,9760000000e+03	  1,92501e-02	 -3,20644e-01
1490	  2,9780000000e+03	  1,61028e-02	 -3,19015e-01
1491	  2,9800000000e+03	  1,21276e-02	 -3,16104e-01
1492	  2,9820000000e+03	  1,01017e-02	 -3,15961e-01
1493	  2,9840000000e+03	  8,36162e-03	 -3,17456e-01
1494	  2,9860000000e+03	  4,17830e-03	 -3,17230e-01
1495	  2,9880000000e+03	  2,87710e-04	 -3,14079e-01
1496	  2,9900000000e+03	 -3,65160e-03	 -3,12014e-01
1497	  2,9920000000e+03	 -6,25991e-03	 -3,13066e-01
1498	  2,9940000000e+03	 -8,06771e-03	 -3,15000e-01
1499	  2,9960000000e+03	 -1,03263e-02	 -3,14394e-01
1500	  2,9980000000e+03	 -1,23682e-02	 -3,14094e-01
1501	  3,0000000000e+03	 -1,58402e-02	 -3,13598e-01
1502	  3,0020000000e+03	 -1,90930e-02	 -3,12554e-01
1503	  3,0040000000e+03	 -2,44669e-02	 -3,14252e-01
1504	  3,0060000000e+03	 -2,80762e-02	 -3,15895e-01
1505	  3,0080000000e+03	 -3,15478e-02	 -3,15122e-01
1506	  3,0100000000e+03	 -3,29567e-02	 -3,13527e-01
1507	  3,0120000000e+03	 -3,67163e-02	 -3,13345e-01
1508	  3,0140000000e+03	 -4,04238e-02	 -3,13850e-01
1509	  3,0160000000e+03	 -4,33690e-02	 -3,16417e-01
1510	  3,0180000000e+03	 -4,71808e-02	 -3,13237e-01
1511	  3,0200000000e+03	 -5,17347e-02	 -3,10808e-01
1512	  3,0220000000e+03	 -5,87646e-02	 -3,10706e-01
1513	  3,0240000000e+03	 -6,29103e-02	 -3,10568e-01
1514	  3,0260000000e+03	 -6,62106e-02	 -3,09178e-01
1515	  3,0280000000e+03	 -6,84299e-02	 -3,11248e-01
1516	  3,0300000000e+03	 -7,28565e-02	 -3,11891e-01
1517	  3,0320000000e+03	 -7,73271e-02	 -3,11682e-01
1518	  3,0340000000e+03	 -8,13795e-02	 -3,08484e-01
1519	  3,0360000000e+03	 -8,79897e-02	 -3,07898e-01
1520	  3,0380000000e+03	 -9,31346e-02	 -3,07873e-01
1521	  3,0400000000e+03	 -9,85155e-02	 -3,06827e-01
1522	  3,0420000000e+03	 -1,01955e-01	 -3,03603e-01
1523	  3,0440000000e+03	 -1,01624e-01	 -3,00253e-01
1524	  3,0460000000e+03	 -1,05108e-01	 -2,98616e-01
1525	  3,0480000000e+03	 -1,09441e-01	 -2,97953e-01
1526	  3,0500000000e+03	 -1,15275e-01	 -2,97797e-01
1527	  3,0520000000e+03	 -1,22122e-01	 -2,97874e-01
1528	  3,0540000000e+03	 -1,24579e-01	 -2,95322e-01
1529	  3,0560000000e+03	 -1,26081e-01	 -2,94404e-01
1530	  3,0580000000e+03	 -1,29882e-01	 -2,93499e-01
1531	  3,0600000000e+03	 -1,35833e-01	 -2,92397e-01
1532	  3,0620000000e+03	 -1,42464e-01	 -2,90579e-01
1533	  3,0640000000e+03	 -1,45953e-01	 -2,86103e-01
1534	  3,0660000000e+03	 -1,47380e-01	 -2,83259e-01
1535	  3,0680000000e+03	 -1,52304e-01	 -2,79979e-01
1536	  3,0700000000e+03	 -1,57167e-01	 -2,76579e-01
1537	  3,0720000000e+03	 -1,60057e-01	 -2,74652e-01
1538	  3,0740000000e+03	 -1,63637e-01	 -2,72441e-01
1539	  3,0760000000e+03	 -1,65972e-01	 -2,70495e-01
1540	  3,0780000000e+03	 -1,70304e-01	 -2,67418e-01
1541	  3,0800000000e+03	 -1,71879e-01	 -2,63987e-01
1542	  3,0820000000e+03	 -1,75137e-01	 -2,61180e-01
1543	  3,0840000000e+03	 -1,81083e-01	 -2,61887e-01
1544	  3,0860000000e+03	 -1,83305e-01	 -2,57646e-01
1545	  3,0880000000e+03	 -1,85236e-01	 -2,54298e-01
1546	  3,0900000000e+03	 -1,87026e-01	 -2,52278e-01
1547	  3,0920000000e+03	 -1,91022e-01	 -2,50599e-01
1548	  3,0940000000e+03	 -1,96557e-01	 -2,48409e-01
1549	  3,0960000000e+03	 -1,99581e-01	 -2,44243e-01
1550	  3,0980000000e+03	 -2,02477e-01	 -2,37547e-01
1551	  3,1000000000e+03	 -2,03393e-01	 -2,36151e-01
1552	  3,1020000000e+03	 -2,05142e-01	 -2,35595e-01
1553	  3,1040000000e+03	 -2,09057e-01	 -2,35447e-01
1554	  3,1060000000e+03	 -2,11615e-01	 -2,33175e-01
1555	  3,1080000000e+03	 -2,13315e-01	 -2,30214e-01
1556	  3,1100000000e+03	 -2,16294e-01	 -2,24426e-01
1557	  3,1120000000e+03	 -2,18017e-01	 -2,20849e-01
1558	  3,1140000000e+03	 -2,22796e-01	 -2,16844e-01
1559	  3,1160000000e+03	 -2,27700e-01	 -2,14726e-01
1560	  3,1180000000e+03	 -2,29124e-01	 -2,12631e-01
1561	  3,1200000000e+03	 -2,34217e-01	 -2,12351e-01
1562	  3,1220000000e+03	 -2,34660e-01	 -2,08054e-01
1563	  3,1240000000e+03	 -2,35011e-01	 -2,01879e-01
1564	  3,1260000000e+03	 -2,35498e-01	 -1,98898e-01
1565	  3,1280000000e+03	 -2,37317e-01	 -1,98059e-01
1566	  3,1300000000e+03	 -2,41501e-01	 -1,95700e-01
1567	  3,1320000000e+03	 -2,42067e-01	 -1,92118e-01
1568	  3,1340000000e+03	 -2,41884e-01	 -1,88216e-01
1569	  3,1360000000e+03	 -2,46514e-01	 -1,88235e-01
1570	  3,1380000000e+03	 -2,49136e-01	 -1,85703e-01
1571	  3,1400000000e+03	 -2,53532e-01	 -1,84050e-01
1572	  3,1420000000e+03	 -2,57259e-01	 -1,82052e-01
1573	  3,1440000000e+03	 -2,57551e-01	 -1,76850e-01
1574	  3,1460000000e+03	 -2,60959e-01	 -1,72419e-01
1575	  3,1480000000e+03	 -2,64326e-01	 -1,70870e-01
1576	  3,1500000000e+03	 -2,69084e-01	 -1,68255e-01
1577	  3,1520000000e+03	 -2,71885e-01	 -1,66409e-01
1578	  3,1540000000e+03	 -2,72949e-01	 -1,61328e-01
1579	  3,1560000000e+03	 -2,72808e-01	 -1,56639e-01
1580	  3,1580000000e+03	 -2,75448e-01	 -1,53487e-01
1581	  3,1600000000e+03	 -2,80139e-01	 -1,49293e-01
1582	  3,1620000000e+03	 -2,84475e-01	 -1,44508e-01
1583	  3,1640000000e+03	 -2,87102e-01	 -1,42098e-01
1584	  3,1660000000e+03	 -2,89843e-01	 -1,37526e-01
1585	  3,1680000000e+03	 -2,91163e-01	 -1,31205e-01
1586	  3,1700000000e+03	 -2,92143e-01	 -1,28349e-01
1587	  3,1720000000e+03	 -2,91439e-01	 -1,21033e-01
1588	  3,1740000000e+03	 -2,94340e-01	 -1,16187e-01
1589	  3,1760000000e+03	 -2,96984e-01	 -1,12982e-01
1590	  3,1780000000e+03	 -2,99225e-01	 -1,05909e-01
1591	  3,1800000000e+03	 -3,00865e-01	 -1,01587e-01
1592	  3,1820000000e+03	 -2,98816e-01	 -9,76653e-02
1593	  3,1840000000e+03	 -2,98344e-01	 -9,26838e-02
1594	  3,1860000000e+03	 -3,00955e-01	 -8,91934e-02
1595	  3,1880000000e+03	 -2,99506e-01	 -8,68283e-02
1596	  3,1900000000e+03	 -3,00821e-01	 -8,30026e-02
1597	  3,1920000000e+03	 -2,99637e-01	 -7,81862e-02
1598	  3,1940000000e+03	 -3,00172e-01	 -7,37484e-02
1599	  3,1960000000e+03	 -3,00437e-01	 -6,80628e-02
1600	  3,1980000000e+03	 -2,97445e-01	 -6,39716e-02
1601	  3,2000000000e+03	 -2,96776e-01	 -6,11824e-02
1602	  3,2020000000e+03	 -2,98251e-01	 -5,94762e-02
1603	  3,2040000000e+03	 -3,00568e-01	 -5,47878e-02
1604	  3,2060000000e+03	 -3,01285e-01	 -4,95961e-02
1605	  3,2080000000e+03	 -3,02090e-01	 -4,54181e-02
1606	  3,2100000000e+03	 -3,04345e-01	 -4,20632e-02
1607	  3,2120000000e+03	 -3,00322e-01	 -3,87433e-02
1608	  3,2140000000e+03	 -2,97235e-01	 -3,43781e-02
1609	  3,2160000000e+03	 -2,99626e-01	 -3,42174e-02
1610	  3,2180000000e+03	 -3,00812e-01	 -3,16739e-02
1611	  3,2200000000e+03	 -2,99197e-01	 -2,81661e-02
1612	  3,2220000000e+03	 -2,99283e-01	 -2,53791e-02
1613	  3,2240000000e+03	 -3,01331e-01	 -2,39432e-02
1614	  3,2260000000e+03	 -3,01055e-01	 -2,26019e-02
1615	  3,2280000000e+03	 -3,02325e-01	 -1,85763e-02
1616	  3,2300000000e+03	 -3,01401e-01	 -1,59363e-02
1617	  3,2320000000e+03	 -3,04397e-01	 -1,22804e-02
1618	  3,2340000000e+03	 -3,05199e-01	 -1,11145e-02
1619	  3,2360000000e+03	 -3,04725e-01	 -6,53573e-03
1620	  3,2380000000e+03	 -3,07143e-01	 -2,16180e-03
1621	  3,2400000000e+03	 -3,06139e-01	  2,71451e-03
1622	  3,2420000000e+03	 -3,05399e-01	  5,78771e-03
1623	  3,2440000000e+03	 -3,05870e-01	  8,87137e-03
1624	  3,2460000000e+03	 -3,08672e-01	  1,04909e-02
1625	  3,2480000000e+03	 -3,08262e-01	  1,38851e-02
1626	  3,2500000000e+03	 -3,06386e-01	  1,83135e-02
1627	  3,2520000000e+03	 -3,08655e-01	  2,14154e-02
1628	  3,2540000000e+03	 -3,12073e-01	  2,84471e-02
1629	  3,2560000000e+03	 -3,11106e-01	  3,21896e-02
1630	  3,2580000000e+03	 -3,09875e-01	  3,21752e-02
1631	  3,2600000000e+03	 -3,10336e-01	  3,60365e-02
1632	  3,2620000000e+03	 -3,11214e-01	  4,00617e-02
1633	  3,2640000000e+03	 -3,15758e-01	  4,19865e-02
1634	  3,2660000000e+03	 -3,14061e-01	  4,68618e-02
1635	  3,2680000000e+03	 -3,14203e-01	  5,26571e-02
1636	  3,2700000000e+03	 -3,17280e-01	  5,52300e-02
1637	  3,2720000000e+03	 -3,16573e-01	  5,88718e-02
1638	  3,2740000000e+03	 -3,15746e-01	  6,69215e-02
1639	  3,2760000000e+03	 -3,18357e-01	  7,20593e-02
1640	  3,2780000000e+03	 -3,18390e-01	  7,60249e-02
1641	  3,2800000000e+03	 -3,18197e-01	  7,92929e-02
1642	  3,2820000000e+03	 -3,18326e-01	  8,43971e-02
1643	  3,2840000000e+03	 -3,19817e-01	  9,16990e-02
1644	  3,2860000000e+03	 -3,19166e-01	  9,68796e-02
1645	  3,2880000000e+03	 -3,19014e-01	  1,03940e-01
1646	  3,2900000000e+03	 -3,21165e-01	  1,08970e-01
1647	  3,2920000000e+03	 -3,20999e-01	  1,11255e-01
1648	  3,2940000000e+03	 -3,18410e-01	  1,19355e-01
1649	  3,2960000000e+03	 -3,12961e-01	  1,28398e-01
1650	  3,2980000000e+03	 -3,10411e-01	  1,33510e-01
1651	  3,3000000000e+03	 -3,10587e-01	  1,37502e-01
1652	  3,3020000000e+03	 -3,09343e-01	  1,41857e-01
1653	  3,3040000000e+03	 -3,07943e-01	  1,47486e-01
1654	  3,3060000000e+03	 -3,04220e-01	  1,51606e-01
1655	  3,3080000000e+03	 -3,00583e-01	  1,59138e-01
1656	  3,3100000000e+03	 -2,96077e-01	  1,64696e-01
1657	  3,3120000000e+03	 -2,92645e-01	  1,68614e-01
1658	  3,3140000000e+03	 -2,93743e-01	  1,74192e-01
1659	  3,3160000000e+03	 -2,92739e-01	  1,77093e-01
1660	  3,3180000000e+03	 -2,90501e-01	  1,81353e-01
1661	  3,3200000000e+03	 -2,84537e-01	  1,85308e-01
1662	  3,3220000000e+03	 -2,80527e-01	  1,93494e-01
1663	  3,3240000000e+03	 -2,78546e-01	  1,97998e-01
1664	  3,3260000000e+03	 -2,76058e-01	  2,01812e-01
1665	  3,3280000000e+03	 -2,70407e-01	  2,06158e-01
1666	  3,3300000000e+03	 -2,64089e-01	  2,11145e-01
1667	  3,3320000000e+03	 -2,59242e-01	  2,15949e-01
1668	  3,3340000000e+03	 -2,58278e-01	  2,19735e-01
1669	  3,3360000000e+03	 -2,53201e-01	  2,21312e-01
1670	  3,3380000000e+03	 -2,48725e-01	  2,23063e-01
1671	  3,3400000000e+03	 -2,46354e-01	  2,24501e-01
1672	  3,3420000000e+03	 -2,42897e-01	  2,27193e-01
1673	  3,3440000000e+03	 -2,40192e-01	  2,31333e-01
1674	  3,3460000000e+03	 -2,38191e-01	  2,33188e-01
1675	  3,3480000000e+03	 -2,35470e-01	  2,33100e-01
1676	  3,3500000000e+03	 -2,34845e-01	  2,37894e-01
1677	  3,3520000000e+03	 -2,30864e-01	  2,44161e-01
1678	  3,3540000000e+03	 -2,26147e-01	  2,47487e-01
1679	  3,3560000000e+03	 -2,21897e-01	  2,48548e-01
1680	  3,3580000000e+03	 -2,21027e-01	  2,51615e-01
1681	  3,3600000000e+03	 -2,18541e-01	  2,54133e-01
1682	  3,3620000000e+03	 -2,14323e-01	  2,56772e-01
1683	  3,3640000000e+03	 -2,10109e-01	  2,62146e-01
1684	  3,3660000000e+03	 -2,05309e-01	  2,64173e-01
1685	  3,3680000000e+03	 -2,01280e-01	  2,66558e-01
1686	  3,3700000000e+03	 -2,01128e-01	  2,69408e-01
1687	  3,3720000000e+03	 -2,00516e-01	  2,72871e-01
1688	  3,3740000000e+03	 -1,97186e-01	  2,73976e-01
1689	  3,3760000000e+03	 -1,93017e-01	  2,77704e-01
1690	  3,3780000000e+03	 -1,89611e-01	  2,82859e-01
1691	  3,3800000000e+03	 -1,84522e-01	  2,88983e-01
1692	  3,3820000000e+03	 -1,80656e-01	  2,93361e-01
1693	  3,3840000000e+03	 -1,76174e-01	  2,96976e-01
1694	  3,3860000000e+03	 -1,73272e-01	  3,01945e-01
1695	  3,3880000000e+03	 -1,68666e-01	  3,04867e-01
1696	  3,3900000000e+03	 -1,62514e-01	  3,09025e-01
1697	  3,3920000000e+03	 -1,59091e-01	  3,12397e-01
1698	  3,3940000000e+03	 -1,50407e-01	  3,14454e-01
1699	  3,3960000000e+03	 -1,44546e-01	  3,16417e-01
1700	  3,3980000000e+03	 -1,42065e-01	  3,18712e-01
1701	  3,4000000000e+03	 -1,34606e-01	  3,23106e-01
1702	  3,4020000000e+03	 -1,30820e-01	  3,23771e-01
1703	  3,4040000000e+03	 -1,26738e-01	  3,21472e-01
1704	  3,4060000000e+03	 -1,19394e-01	  3,20215e-01
1705	  3,4080000000e+03	 -1,14828e-01	  3,24000e-01
1706	  3,4100000000e+03	 -1,09919e-01	  3,26468e-01
1707	  3,4120000000e+03	 -1,05983e-01	  3,29910e-01
1708	  3,4140000000e+03	 -1,01324e-01	  3,30551e-01
1709	  3,4160000000e+03	 -9,62337e-02	  3,31231e-01
1710	  3,4180000000e+03	 -9,37652e-02	  3,33723e-01
1711	  3,4200000000e+03	 -8,66215e-02	  3,33938e-01
1712	  3,4220000000e+03	 -7,96742e-02	  3,35701e-01
1713	  3,4240000000e+03	 -7,56447e-02	  3,37327e-01
1714	  3,4260000000e+03	 -7,03155e-02	  3,38117e-01
1715	  3,4280000000e+03	 -6,32413e-02	  3,39034e-01
1716	  3,4300000000e+03	 -5,69434e-02	  3,39837e-01
1717	  3,4320000000e+03	 -5,33532e-02	  3,38499e-01
1718	  3,4340000000e+03	 -4,74788e-02	  3,39069e-01
1719	  3,4360000000e+03	 -4,18148e-02	  3,38575e-01
1720	  3,4380000000e+03	 -3,34597e-02	  3,40370e-01
1721	  3,4400000000e+03	 -2,86951e-02	  3,41628e-01
1722	  3,4420000000e+03	 -2,29709e-02	  3,35419e-01
1723	  3,4440000000e+03	 -1,90873e-02	  3,35136e-01
1724	  3,4460000000e+03	 -1,54393e-02	  3,38917e-01
1725	  3,4480000000e+03	 -1,46446e-02	  3,37777e-01
1726	  3,4500000000e+03	 -7,45873e-03	  3,36105e-01
1727	  3,4520000000e+03	 -2,16375e-03	  3,36090e-01
1728	  3,4540000000e+03	  3,85390e-03	  3,35774e-01
1729	  3,4560000000e+03	  6,87094e-03	  3,33664e-01
1730	  3,4580000000e+03	  1,15761e-02	  3,34184e-01
1731	  3,4600000000e+03	  1,89872e-02	  3,34443e-01
1732	  3,4620000000e+03	  2,24766e-02	  3,35834e-01
1733	  3,4640000000e+03	  2,58819e-02	  3,37809e-01
1734	  3,4660000000e+03	  2,97359e-02	  3,39263e-01
1735	  3,4680000000e+03	  3,17179e-02	  3,36829e-01
1736	  3,4700000000e+03	  3,88473e-02	  3,35555e-01
1737	  3,4720000000e+03	  4,62023e-02	  3,38116e-01
1738	  3,4740000000e+03	  4,99940e-02	  3,36513e-01
1739	  3,4760000000e+03	  5,38524e-02	  3,35566e-01
1740	  3,4780000000e+03	  5,85366e-02	  3,35332e-01
1741	  3,4800000000e+03	  6,26073e-02	  3,32621e-01
1742	  3,4820000000e+03	  6,73142e-02	  3,32870e-01
1743	  3,4840000000e+03	  7,43572e-02	  3,30764e-01
1744	  3,4860000000e+03	  7,97368e-02	  3,30197e-01
1745	  3,4880000000e+03	  8,11208e-02	  3,31031e-01
1746	  3,4900000000e+03	  8,76372e-02	  3,28645e-01
1747	  3,4920000000e+03	  9,15722e-02	  3,25050e-01
1748	  3,4940000000e+03	  9,36593e-02	  3,24712e-01
1749	  3,4960000000e+03	  9,74483e-02	  3,24172e-01
1750	  3,4980000000e+03	  1,03353e-01	  3,23676e-01
1751	  3,5000000000e+03	  1,09966e-01	  3,24580e-01
1752	  3,5020000000e+03	  1,13187e-01	  3,24426e-01
1753	  3,5040000000e+03	  1,17670e-01	  3,23545e-01
1754	  3,5060000000e+03	  1,22567e-01	  3,21447e-01
1755	  3,5080000000e+03	  1,27925e-01	  3,20955e-01
1756	  3,5100000000e+03	  1,36545e-01	  3,19515e-01
1757	  3,5120000000e+03	  1,43939e-01	  3,16132e-01
1758	  3,5140000000e+03	  1,49201e-01	  3,12715e-01
1759	  3,5160000000e+03	  1,52522e-01	  3,10566e-01
1760	  3,5180000000e+03	  1,59264e-01	  3,06534e-01
1761	  3,5200000000e+03	  1,63437e-01	  3,03575e-01
1762	  3,5220000000e+03	  1,67000e-01	  2,99303e-01
1763	  3,5240000000e+03	  1,71458e-01	  2,98584e-01
1764	  3,5260000000e+03	  1,76166e-01	  2,96200e-01
1765	  3,5280000000e+03	  1,82708e-01	  2,94145e-01
1766	  3,5300000000e+03	  1,87891e-01	  2,91692e-01
1767	  3,5320000000e+03	  1,94065e-01	  2,89554e-01
1768	  3,5340000000e+03	  1,98380e-01	  2,85535e-01
1769	  3,5360000000e+03	  2,01389e-01	  2,83305e-01
1770	  3,5380000000e+03	  2,07517e-01	  2,78299e-01
1771	  3,5400000000e+03	  2,12788e-01	  2,72841e-01
1772	  3,5420000000e+03	  2,17358e-01	  2,70788e-01
1773	  3,5440000000e+03	  2,22754e-01	  2,68826e-01
1774	  3,5460000000e+03	  2,27197e-01	  2,63649e-01
1775	  3,5480000000e+03	  2,29502e-01	  2,60934e-01
1776	  3,5500000000e+03	  2,35633e-01	  2,55252e-01
1777	  3,5520000000e+03	  2,38561e-01	  2,50911e-01
1778	  3,5540000000e+03	  2,42338e-01	  2,46407e-01
1779	  3,5560000000e+03	  2,45576e-01	  2,42074e-01
1780	  3,5580000000e+03	  2,48987e-01	  2,37713e-01
1781	  3,5600000000e+03	  2,51921e-01	  2,34512e-01
1782	  3,5620000000e+03	  2,58282e-01	  2,27925e-01
1783	  3,5640000000e+03	  2,62405e-01	  2,22115e-01
1784	  3,5660000000e+03	  2,62362e-01	  2,15472e-01
1785	  3,5680000000e+03	  2,65127e-01	  2,11257e-01
1786	  3,5700000000e+03	  2,69521e-01	  2,06734e-01
1787	  3,5720000000e+03	  2,71413e-01	  2,03191e-01
1788	  3,5740000000e+03	  2,72390e-01	  1,97650e-01
1789	  3,5760000000e+03	  2,74223e-01	  1,93325e-01
1790	  3,5780000000e+03	  2,74501e-01	  1,90053e-01
1791	  3,5800000000e+03	  2,75758e-01	  1,85114e-01
1792	  3,5820000000e+03	  2,77814e-01	  1,81040e-01
1793	  3,5840000000e+03	  2,80486e-01	  1,75996e-01
1794	  3,5860000000e+03	  2,84372e-01	  1,73669e-01
1795	  3,5880000000e+03	  2,89673e-01	  1,67023e-01
1796	  3,5900000000e+03	  2,89739e-01	  1,62386e-01
1797	  3,5920000000e+03	  2,89500e-01	  1,58270e-01
1798	  3,5940000000e+03	  2,93017e-01	  1,53290e-01
1799	  3,5960000000e+03	  2,93260e-01	  1,47958e-01
1800	  3,5980000000e+03	  2,93318e-01	  1,41475e-01
1801	  3,6000000000e+03	  2,96337e-01	  1,37386e-01
1802	  3,6020000000e+03	  2,97589e-01	  1,32151e-01
1803	  3,6040000000e+03	  2,96965e-01	  1,26298e-01
1804	  3,6060000000e+03	  2,99123e-01	  1,21118e-01
1805	  3,6080000000e+03	  2,99297e-01	  1,19068e-01
1806	  3,6100000000e+03	  2,97133e-01	  1,17013e-01
1807	  3,6120000000e+03	  2,98631e-01	  1,12556e-01
1808	  3,6140000000e+03	  3,01569e-01	  1,08539e-01
1809	  3,6160000000e+03	  3,04741e-01	  1,05960e-01
1810	  3,6180000000e+03	  3,03530e-01	  1,02148e-01
1811	  3,6200000000e+03	  3,06556e-01	  9,76339e-02
1812	  3,6220000000e+03	  3,09212e-01	  9,26488e-02
1813	  3,6240000000e+03	  3,11100e-01	  8,84100e-02
1814	  3,6260000000e+03	  3,12196e-01	  8,38067e-02
1815	  3,6280000000e+03	  3,12371e-01	  7,84642e-02
1816	  3,6300000000e+03	  3,11898e-01	  7,38493e-02
1817	  3,6320000000e+03	  3,10747e-01	  6,90370e-02
1818	  3,6340000000e+03	  3,11061e-01	  6,60683e-02
1819	  3,6360000000e+03	  3,13233e-01	  6,00944e-02
1820	  3,6380000000e+03	  3,14322e-01	  5,78449e-02
1821	  3,6400000000e+03	  3,11801e-01	  5,53504e-02
1822	  3,6420000000e+03	  3,13211e-01	  4,84673e-02
1823	  3,6440000000e+03	  3,16101e-01	  4,35346e-02
1824	  3,6460000000e+03	  3,17559e-01	  3,80146e-02
1825	  3,6480000000e+03	  3,17328e-01	  3,47764e-02
1826	  3,6500000000e+03	  3,16515e-01	  2,99359e-02
1827	  3,6520000000e+03	  3,19051e-01	  2,44715e-02
1828	  3,6540000000e+03	  3,18243e-01	  1,80868e-02
1829	  3,6560000000e+03	  3,19753e-01	  1,30709e-02
1830	  3,6580000000e+03	  3,20414e-01	  5,54219e-03
1831	  3,6600000000e+03	  3,16993e-01	 -6,12794e-04
1832	  3,6620000000e+03	  3,16917e-01	 -4,05510e-03
1833	  3,6640000000e+03	  3,17883e-01	 -9,81567e-03
1834	  3,6660000000e+03	  3,17264e-01	 -1,61603e-02
1835	  3,6680000000e+03	  3,13900e-01	 -1,64051e-02
1836	  3,6700000000e+03	  3,15063e-01	 -2,03922e-02
1837	  3,6720000000e+03	  3,15220e-01	 -2,80912e-02
1838	  3,6740000000e+03	  3,13056e-01	 -3,35786e-02
1839	  3,6760000000e+03	  3,08262e-01	 -4,19565e-02
1840	  3,6780000000e+03	  3,07045e-01	 -4,49720e-02
1841	  3,6800000000e+03	  3,06837e-01	 -4,93413e-02
1842	  3,6820000000e+03	  3,06536e-01	 -5,22413e-02
1843	  3,6840000000e+03	  3,04539e-01	 -5,85181e-02
1844	  3,6860000000e+03	  3,02466e-01	 -6,34377e-02
1845	  3,6880000000e+03	  2,99769e-01	 -6,50056e-02
1846	  3,6900000000e+03	  2,99315e-01	 -7,22836e-02
1847	  3,6920000000e+03	  3,00874e-01	 -7,51413e-02
1848	  3,6940000000e+03	  2,95606e-01	 -7,95588e-02
1849	  3,6960000000e+03	  2,93396e-01	 -8,34925e-02
1850	  3,6980000000e+03	  2,94096e-01	 -8,95294e-02
1851	  3,7000000000e+03	  2,88625e-01	 -9,30852e-02
1852	  3,7020000000e+03	  2,84193e-01	 -9,54931e-02
1853	  3,7040000000e+03	  2,83614e-01	 -9,99473e-02
1854	  3,7060000000e+03	  2,80093e-01	 -1,04830e-01
1855	  3,7080000000e+03	  2,76153e-01	 -1,07495e-01
1856	  3,7100000000e+03	  2,77147e-01	 -1,08663e-01
1857	  3,7120000000e+03	  2,74754e-01	 -1,14041e-01
1858	  3,7140000000e+03	  2,73352e-01	 -1,15985e-01
1859	  3,7160000000e+03	  2,70603e-01	 -1,21278e-01
1860	  3,7180000000e+03	  2,68451e-01	 -1,25339e-01
1861	  3,7200000000e+03	  2,65374e-01	 -1,26836e-01
1862	  3,7220000000e+03	  2,63362e-01	 -1,29139e-01
1863	  3,7240000000e+03	  2,60390e-01	 -1,32386e-01
1864	  3,7260000000e+03	  2,58375e-01	 -1,36413e-01
1865	  3,7280000000e+03	  2,56911e-01	 -1,39886e-01
1866	  3,7300000000e+03	  2,53585e-01	 -1,41655e-01
1867	  3,7320000000e+03	  2,50193e-01	 -1,42255e-01
1868	  3,7340000000e+03	  2,49664e-01	 -1,47922e-01
1869	  3,7360000000e+03	  2,49875e-01	 -1,50566e-01
1870	  3,7380000000e+03	  2,44421e-01	 -1,52032e-01
1871	  3,7400000000e+03	  2,44215e-01	 -1,53952e-01
1872	  3,7420000000e+03	  2,42052e-01	 -1,57719e-01
1873	  3,7440000000e+03	  2,40200e-01	 -1,62858e-01
1874	  3,7460000000e+03	  2,41324e-01	 -1,67048e-01
1875	  3,7480000000e+03	  2,38311e-01	 -1,71566e-01
1876	  3,7500000000e+03	  2,34739e-01	 -1,75728e-01
1877	  3,7520000000e+03	  2,32006e-01	 -1,78370e-01
1878	  3,7540000000e+03	  2,31178e-01	 -1,80440e-01
1879	  3,7560000000e+03	  2,29118e-01	 -1,83241e-01
1880	  3,7580000000e+03	  2,23809e-01	 -1,85850e-01
1881	  3,7600000000e+03	  2,22130e-01	 -1,90854e-01
1882	  3,7620000000e+03	  2,20428e-01	 -1,95617e-01
1883	  3,7640000000e+03	  2,15488e-01	 -1,98841e-01
1884	  3,7660000000e+03	  2,13230e-01	 -2,00890e-01
1885	  3,7680000000e+03	  2,08917e-01	 -2,05037e-01
1886	  3,7700000000e+03	  2,01627e-01	 -2,09297e-01
1887	  3,7720000000e+03	  1,97659e-01	 -2,12552e-01
1888	  3,7740000000e+03	  1,95117e-01	 -2,15109e-01
1889	  3,7760000000e+03	  1,89020e-01	 -2,17225e-01
1890	  3,7780000000e+03	  1,82225e-01	 -2,21328e-01
1891	  3,7800000000e+03	  1,80705e-01	 -2,22482e-01
1892	  3,7820000000e+03	  1,80038e-01	 -2,21749e-01
1893	  3,7840000000e+03	  1,75678e-01	 -2,21840e-01
1894	  3,7860000000e+03	  1,71589e-01	 -2,24667e-01
1895	  3,7880000000e+03	  1,69922e-01	 -2,28625e-01
1896	  3,7900000000e+03	  1,66702e-01	 -2,28796e-01
1897	  3,7920000000e+03	  1,61784e-01	 -2,29703e-01
1898	  3,7940000000e+03	  1,58102e-01	 -2,33050e-01
1899	  3,7960000000e+03	  1,54627e-01	 -2,33916e-01
1900	  3,7980000000e+03	  1,53306e-01	 -2,36900e-01
1901	  3,8000000000e+03	  1,48690e-01	 -2,39679e-01
1902	  3,8020000000e+03	  1,40953e-01	 -2,40881e-01
1903	  3,8040000000e+03	  1,35112e-01	 -2,44501e-01
1904	  3,8060000000e+03	  1,32178e-01	 -2,44077e-01
1905	  3,8080000000e+03	  1,29848e-01	 -2,42796e-01
1906	  3,8100000000e+03	  1,24066e-01	 -2,45925e-01
1907	  3,8120000000e+03	  1,15298e-01	 -2,45997e-01
1908	  3,8140000000e+03	  1,11651e-01	 -2,45388e-01
1909	  3,8160000000e+03	  1,09729e-01	 -2,46677e-01
1910	  3,8180000000e+03	  1,09400e-01	 -2,44969e-01
1911	  3,8200000000e+03	  1,05179e-01	 -2,45437e-01
1912	  3,8220000000e+03	  1,01423e-01	 -2,47397e-01
1913	  3,8240000000e+03	  9,98457e-02	 -2,48214e-01
1914	  3,8260000000e+03	  9,67309e-02	 -2,48655e-01
1915	  3,8280000000e+03	  8,93352e-02	 -2,52025e-01
1916	  3,8300000000e+03	  8,45192e-02	 -2,49165e-01
1917	  3,8320000000e+03	  8,21961e-02	 -2,47228e-01
1918	  3,8340000000e+03	  7,87792e-02	 -2,49051e-01
1919	  3,8360000000e+03	  7,54887e-02	 -2,50907e-01
1920	  3,8380000000e+03	  7,37333e-02	 -2,49252e-01
1921	  3,8400000000e+03	  7,08400e-02	 -2,49401e-01
1922	  3,8420000000e+03	  6,78914e-02	 -2,47744e-01
1923	  3,8440000000e+03	  6,52456e-02	 -2,49117e-01
1924	  3,8460000000e+03	  6,28205e-02	 -2,51105e-01
1925	  3,8480000000e+03	  5,89897e-02	 -2,49963e-01
1926	  3,8500000000e+03	  5,67987e-02	 -2,48250e-01
1927	  3,8520000000e+03	  5,56260e-02	 -2,48845e-01
1928	  3,8540000000e+03	  5,04248e-02	 -2,48956e-01
1929	  3,8560000000e+03	  4,89922e-02	 -2,52176e-01
1930	  3,8580000000e+03	  4,64389e-02	 -2,52950e-01
1931	  3,8600000000e+03	  4,33088e-02	 -2,54788e-01
1932	  3,8620000000e+03	  4,19589e-02	 -2,53113e-01
1933	  3,8640000000e+03	  3,83957e-02	 -2,52079e-01
1934	  3,8660000000e+03	  3,62070e-02	 -2,52986e-01
1935	  3,8680000000e+03	  3,18352e-02	 -2,54600e-01
1936	  3,8700000000e+03	  2,55154e-02	 -2,55995e-01
1937	  3,8720000000e+03	  2,26109e-02	 -2,56748e-01
1938	  3,8740000000e+03	  2,20474e-02	 -2,54693e-01
1939	  3,8760000000e+03	  2,05294e-02	 -2,58281e-01
1940	  3,8780000000e+03	  1,77868e-02	 -2,58953e-01
1941	  3,8800000000e+03	  1,41001e-02	 -2,57669e-01
1942	  3,8820000000e+03	  1,11280e-02	 -2,60795e-01
1943	  3,8840000000e+03	  6,34784e-03	 -2,63088e-01
1944	  3,8860000000e+03	 -4,04210e-04	 -2,61165e-01
1945	  3,8880000000e+03	 -3,84105e-03	 -2,61785e-01
1946	  3,8900000000e+03	 -6,53190e-03	 -2,63583e-01
1947	  3,8920000000e+03	 -9,84976e-03	 -2,64062e-01
1948	  3,8940000000e+03	 -1,68408e-02	 -2,60896e-01
1949	  3,8960000000e+03	 -2,44103e-02	 -2,61795e-01
1950	  3,8980000000e+03	 -2,77418e-02	 -2,62956e-01
1951	  3,9000000000e+03	 -3,12092e-02	 -2,64603e-01
1952	  3,9020000000e+03	 -3,59134e-02	 -2,61695e-01
1953	  3,9040000000e+03	 -3,90811e-02	 -2,59748e-01
1954	  3,9060000000e+03	 -4,50448e-02	 -2,56863e-01
1955	  3,9080000000e+03	 -4,95897e-02	 -2,56255e-01
1956	  3,9100000000e+03	 -5,38552e-02	 -2,56948e-01
1957	  3,9120000000e+03	 -5,84011e-02	 -2,55764e-01
1958	  3,9140000000e+03	 -6,48259e-02	 -2,50892e-01
1959	  3,9160000000e+03	 -6,84054e-02	 -2,44900e-01
1960	  3,9180000000e+03	 -7,11609e-02	 -2,42917e-01
1961	  3,9200000000e+03	 -7,39012e-02	 -2,41597e-01
1962	  3,9220000000e+03	 -7,73772e-02	 -2,40397e-01
1963	  3,9240000000e+03	 -8,19941e-02	 -2,39041e-01
1964	  3,9260000000e+03	 -8,23690e-02	 -2,35330e-01
1965	  3,9280000000e+03	 -8,49673e-02	 -2,33098e-01
1966	  3,9300000000e+03	 -8,81788e-02	 -2,32356e-01
1967	  3,9320000000e+03	 -8,94160e-02	 -2,28759e-01
1968	  3,9340000000e+03	 -9,40401e-02	 -2,26698e-01
1969	  3,9360000000e+03	 -9,80736e-02	 -2,24773e-01
1970	  3,9380000000e+03	 -1,03620e-01	 -2,23232e-01
1971	  3,9400000000e+03	 -1,07547e-01	 -2,18166e-01
1972	  3,9420000000e+03	 -1,09550e-01	 -2,14951e-01
1973	  3,9440000000e+03	 -1,14561e-01	 -2,10651e-01
1974	  3,9460000000e+03	 -1,15719e-01	 -2,06649e-01
1975	  3,9480000000e+03	 -1,14129e-01	 -2,03298e-01
1976	  3,9500000000e+03	 -1,14997e-01	 -1,99835e-01
1977	  3,9520000000e+03	 -1,14501e-01	 -1,98720e-01
1978	  3,9540000000e+03	 -1,17497e-01	 -2,00611e-01
1979	  3,9560000000e+03	 -1,19985e-01	 -1,97789e-01
1980	  3,9580000000e+03	 -1,18709e-01	 -1,92464e-01
1981	  3,9600000000e+03	 -1,17923e-01	 -1,91421e-01
1982	  3,9620000000e+03	 -1,16143e-01	 -1,90199e-01
1983	  3,9640000000e+03	 -1,19169e-01	 -1,88295e-01
1984	  3,9660000000e+03	 -1,21953e-01	 -1,87382e-01
1985	  3,9680000000e+03	 -1,20729e-01	 -1,87846e-01
1986	  3,9700000000e+03	 -1,21401e-01	 -1,86346e-01
1987	  3,9720000000e+03	 -1,23875e-01	 -1,88707e-01
1988	  3,9740000000e+03	 -1,25596e-01	 -1,87257e-01
1989	  3,9760000000e+03	 -1,27487e-01	 -1,84688e-01
1990	  3,9780000000e+03	 -1,30651e-01	 -1,85220e-01
1991	  3,9800000000e+03	 -1,32064e-01	 -1,85694e-01
1992	  3,9820000000e+03	 -1,35978e-01	 -1,83693e-01
1993	  3,9840000000e+03	 -1,39514e-01	 -1,82029e-01
1994	  3,9860000000e+03	 -1,40681e-01	 -1,78693e-01
1995	  3,9880000000e+03	 -1,39213e-01	 -1,77083e-01
1996	  3,9900000000e+03	 -1,42724e-01	 -1,75912e-01
1997	  3,9920000000e+03	 -1,47224e-01	 -1,75311e-01
1998	  3,9940000000e+03	 -1,49702e-01	 -1,73994e-01
1999	  3,9960000000e+03	 -1,52703e-01	 -1,72674e-01
2000	  3,9980000000e+03	 -1,55288e-01	 -1,69252e-01
2001	  4,0000000000e+03	 -1,55135e-01	 -1,65304e-01
2002	  4,0020000000e+03	 -1,58523e-01	 -1,64344e-01
2003	  4,0040000000e+03	 -1,60715e-01	 -1,61898e-01
2004	  4,0060000000e+03	 -1,65314e-01	 -1,60769e-01
2005	  4,0080000000e+03	 -1,69183e-01	 -1,59768e-01
2006	  4,0100000000e+03	 -1,67704e-01	 -1,58183e-01
2007	  4,0120000000e+03	 -1,69450e-01	 -1,56208e-01
2008	  4,0140000000e+03	 -1,72815e-01	 -1,56259e-01
2009	  4,0160000000e+03	 -1,74777e-01	 -1,51490e-01
2010	  4,0180000000e+03	 -1,76003e-01	 -1,47232e-01
2011	  4,0200000000e+03	 -1,79664e-01	 -1,44099e-01
2012	  4,0220000000e+03	 -1,84130e-01	 -1,42257e-01
2013	  4,0240000000e+03	 -1,84827e-01	 -1,35791e-01
2014	  4,0260000000e+03	 -1,86819e-01	 -1,33706e-01
2015	  4,0280000000e+03	 -1,89534e-01	 -1,33339e-01
2016	  4,0300000000e+03	 -1,91874e-01	 -1,28497e-01
2017	  4,0320000000e+03	 -1,92016e-01	 -1,24600e-01
2018	  4,0340000000e+03	 -1,91612e-01	 -1,21106e-01
2019	  4,0360000000e+03	 -1,94044e-01	 -1,16426e-01
2020	  4,0380000000e+03	 -1,96199e-01	 -1,15058e-01
2021	  4,0400000000e+03	 -1,97429e-01	 -1,14097e-01
2022	  4,0420000000e+03	 -1,99717e-01	 -1,08706e-01
2023	  4,0440000000e+03	 -2,00789e-01	 -1,05447e-01
2024	  4,0460000000e+03	 -2,00299e-01	 -1,05067e-01
2025	  4,0480000000e+03	 -2,02288e-01	 -1,01297e-01
2026	  4,0500000000e+03	 -2,01670e-01	 -9,68682e-02
2027	  4,0520000000e+03	 -2,00618e-01	 -9,50981e-02
2028	  4,0540000000e+03	 -2,02606e-01	 -9,23365e-02
2029	  4,0560000000e+03	 -2,01736e-01	 -8,92606e-02
2030	  4,0580000000e+03	 -2,01558e-01	 -8,37353e-02
2031	  4,0600000000e+03	 -2,01344e-01	 -8,08731e-02
2032	  4,0620000000e+03	 -2,06268e-01	 -8,02617e-02
2033	  4,0640000000e+03	 -2,03510e-01	 -7,50499e-02
2034	  4,0660000000e+03	 -2,03273e-01	 -7,24343e-02
2035	  4,0680000000e+03	 -2,05950e-01	 -7,23679e-02
2036	  4,0700000000e+03	 -2,01857e-01	 -6,83965e-02
2037	  4,0720000000e+03	 -1,99934e-01	 -6,52319e-02
2038	  4,0740000000e+03	 -1,99759e-01	 -6,46336e-02
2039	  4,0760000000e+03	 -1,98157e-01	 -6,46268e-02
2040	  4,0780000000e+03	 -1,96448e-01	 -6,36602e-02
2041	  4,0800000000e+03	 -1,96241e-01	 -6,18003e-02
2042	  4,0820000000e+03	 -1,96147e-01	 -6,26962e-02
2043	  4,0840000000e+03	 -1,95617e-01	 -6,21116e-02
2044	  4,0860000000e+03	 -2,01627e-01	 -5,82121e-02
2045	  4,0880000000e+03	 -2,05385e-01	 -5,92003e-02
2046	  4,0900000000e+03	 -2,05459e-01	 -6,03704e-02
2047	  4,0920000000e+03	 -2,07565e-01	 -5,69620e-02
2048	  4,0940000000e+03	 -2,08774e-01	 -5,33174e-02
2049	  4,0960000000e+03	 -2,12288e-01	 -5,22616e-02
2050	  4,0980000000e+03	 -2,14674e-01	 -5,16486e-02
2051	  4,1000000000e+03	 -2,15216e-01	 -4,57738e-02
2052	  4,1020000000e+03	 -2,14271e-01	 -4,32475e-02
2053	  4,1040000000e+03	 -2,14118e-01	 -4,05771e-02
2054	  4,1060000000e+03	 -2,15717e-01	 -3,86829e-02
2055	  4,1080000000e+03	 -2,21165e-01	 -3,68895e-02
2056	  4,1100000000e+03	 -2,23868e-01	 -3,37880e-02
2057	  4,1120000000e+03	 -2,25581e-01	 -3,14450e-02
2058	  4,1140000000e+03	 -2,27742e-01	 -2,88608e-02
2059	  4,1160000000e+03	 -2,29385e-01	 -2,41996e-02
2060	  4,1180000000e+03	 -2,30068e-01	 -1,81413e-02
2061	  4,1200000000e+03	 -2,32305e-01	 -1,52129e-02
2062	  4,1220000000e+03	 -2,35848e-01	 -1,10908e-02
2063	  4,1240000000e+03	 -2,36173e-01	 -7,20300e-03
2064	  4,1260000000e+03	 -2,36258e-01	 -3,87053e-03
2065	  4,1280000000e+03	 -2,34859e-01	  3,28303e-03
2066	  4,1300000000e+03	 -2,33661e-01	  8,97056e-03
2067	  4,1320000000e+03	 -2,32972e-01	  1,46750e-02
2068	  4,1340000000e+03	 -2,33025e-01	  1,82584e-02
2069	  4,1360000000e+03	 -2,32590e-01	  2,35261e-02
2070	  4,1380000000e+03	 -2,34934e-01	  2,84608e-02
2071	  4,1400000000e+03	 -2,30789e-01	  3,11311e-02
2072	  4,1420000000e+03	 -2,27748e-01	  3,33364e-02
2073	  4,1440000000e+03	 -2,26778e-01	  3,72988e-02
2074	  4,1460000000e+03	 -2,27807e-01	  4,06035e-02
2075	  4,1480000000e+03	 -2,25703e-01	  4,23775e-02
2076	  4,1500000000e+03	 -2,21196e-01	  4,31709e-02
2077	  4,1520000000e+03	 -2,20048e-01	  4,70445e-02
2078	  4,1540000000e+03	 -2,21200e-01	  5,00490e-02
2079	  4,1560000000e+03	 -2,21934e-01	  5,24380e-02
2080	  4,1580000000e+03	 -2,20080e-01	  5,79321e-02
2081	  4,1600000000e+03	 -2,17034e-01	  6,13374e-02
2082	  4,1620000000e+03	 -2,17135e-01	  6,30145e-02
2083	  4,1640000000e+03	 -2,17660e-01	  6,39108e-02
2084	  4,1660000000e+03	 -2,18846e-01	  6,63917e-02
2085	  4,1680000000e+03	 -2,17821e-01	  7,21375e-02
2086	  4,1700000000e+03	 -2,15091e-01	  7,56813e-02
2087	  4,1720000000e+03	 -2,11636e-01	  7,83407e-02
2088	  4,1740000000e+03	 -2,11363e-01	  8,28056e-02
2089	  4,1760000000e+03	 -2,08363e-01	  8,73385e-02
2090	  4,1780000000e+03	 -2,08204e-01	  9,12511e-02
2091	  4,1800000000e+03	 -2,07766e-01	  9,30009e-02
2092	  4,1820000000e+03	 -2,06790e-01	  9,44239e-02
2093	  4,1840000000e+03	 -2,06049e-01	  9,68007e-02
2094	  4,1860000000e+03	 -2,02851e-01	  9,99670e-02
2095	  4,1880000000e+03	 -2,00840e-01	  1,03789e-01
2096	  4,1900000000e+03	 -1,98188e-01	  1,07106e-01
2097	  4,1920000000e+03	 -1,95692e-01	  1,11983e-01
2098	  4,1940000000e+03	 -1,97615e-01	  1,13343e-01
2099	  4,1960000000e+03	 -1,95928e-01	  1,15611e-01
2100	  4,1980000000e+03	 -1,90191e-01	  1,18413e-01
2101	  4,2000000000e+03	 -1,89343e-01	  1,18779e-01
2102	  4,2020000000e+03	 -1,86631e-01	  1,24706e-01
2103	  4,2040000000e+03	 -1,85383e-01	  1,29278e-01
2104	  4,2060000000e+03	 -1,81420e-01	  1,32099e-01
2105	  4,2080000000e+03	 -1,77667e-01	  1,34090e-01
2106	  4,2100000000e+03	 -1,75814e-01	  1,38378e-01
2107	  4,2120000000e+03	 -1,76753e-01	  1,39693e-01
2108	  4,2140000000e+03	 -1,73723e-01	  1,40913e-01
2109	  4,2160000000e+03	 -1,69045e-01	  1,43120e-01
2110	  4,2180000000e+03	 -1,64783e-01	  1,45235e-01
2111	  4,2200000000e+03	 -1,64825e-01	  1,46649e-01
2112	  4,2220000000e+03	 -1,63512e-01	  1,47622e-01
2113	  4,2240000000e+03	 -1,56825e-01	  1,49432e-01
2114	  4,2260000000e+03	 -1,53386e-01	  1,52864e-01
2115	  4,2280000000e+03	 -1,54868e-01	  1,53832e-01
2116	  4,2300000000e+03	 -1,52652e-01	  1,55461e-01
2117	  4,2320000000e+03	 -1,48884e-01	  1,57964e-01
2118	  4,2340000000e+03	 -1,47318e-01	  1,59340e-01
2119	  4,2360000000e+03	 -1,45724e-01	  1,63389e-01
2120	  4,2380000000e+03	 -1,44261e-01	  1,66039e-01
2121	  4,2400000000e+03	 -1,41023e-01	  1,68390e-01
2122	  4,2420000000e+03	 -1,39064e-01	  1,69039e-01
2123	  4,2440000000e+03	 -1,34571e-01	  1,67976e-01
2124	  4,2460000000e+03	 -1,30123e-01	  1,72354e-01
2125	  4,2480000000e+03	 -1,26659e-01	  1,73212e-01
2126	  4,2500000000e+03	 -1,24455e-01	  1,72218e-01
2127	  4,2520000000e+03	 -1,21384e-01	  1,77826e-01
2128	  4,2540000000e+03	 -1,18700e-01	  1,78416e-01
2129	  4,2560000000e+03	 -1,15387e-01	  1,82100e-01
2130	  4,2580000000e+03	 -1,11025e-01	  1,84620e-01
2131	  4,2600000000e+03	 -1,07972e-01	  1,85127e-01
2132	  4,2620000000e+03	 -1,05170e-01	  1,83921e-01
2133	  4,2640000000e+03	 -1,02334e-01	  1,84713e-01
2134	  4,2660000000e+03	 -1,00824e-01	  1,85958e-01
2135	  4,2680000000e+03	 -9,90944e-02	  1,87056e-01
2136	  4,2700000000e+03	 -9,35135e-02	  1,84998e-01
2137	  4,2720000000e+03	 -8,97920e-02	  1,87289e-01
2138	  4,2740000000e+03	 -8,59410e-02	  1,87971e-01
2139	  4,2760000000e+03	 -8,42442e-02	  1,89601e-01
2140	  4,2780000000e+03	 -8,15150e-02	  1,90525e-01
2141	  4,2800000000e+03	 -7,87808e-02	  1,89418e-01
2142	  4,2820000000e+03	 -7,64580e-02	  1,91113e-01
2143	  4,2840000000e+03	 -7,18705e-02	  1,94064e-01
2144	  4,2860000000e+03	 -6,69850e-02	  1,93054e-01
2145	  4,2880000000e+03	 -6,32497e-02	  1,92157e-01
2146	  4,2900000000e+03	 -6,10857e-02	  1,92383e-01
2147	  4,2920000000e+03	 -6,13488e-02	  1,92671e-01
2148	  4,2940000000e+03	 -5,75439e-02	  1,91921e-01
2149	  4,2960000000e+03	 -5,47322e-02	  1,90839e-01
2150	  4,2980000000e+03	 -5,39134e-02	  1,92686e-01
2151	  4,3000000000e+03	 -4,88639e-02	  1,94418e-01
2152	  4,3020000000e+03	 -4,46870e-02	  1,91901e-01
2153	  4,3040000000e+03	 -4,30614e-02	  1,92687e-01
2154	  4,3060000000e+03	 -4,16602e-02	  1,90421e-01
2155	  4,3080000000e+03	 -4,08952e-02	  1,91449e-01
2156	  4,3100000000e+03	 -3,92066e-02	  1,92779e-01
2157	  4,3120000000e+03	 -3,83057e-02	  1,92828e-01
2158	  4,3140000000e+03	 -3,49347e-02	  1,92963e-01
2159	  4,3160000000e+03	 -3,03414e-02	  1,91034e-01
2160	  4,3180000000e+03	 -2,90016e-02	  1,90470e-01
2161	  4,3200000000e+03	 -2,45459e-02	  1,93012e-01
2162	  4,3220000000e+03	 -2,25260e-02	  1,94258e-01
2163	  4,3240000000e+03	 -1,89379e-02	  1,94290e-01
2164	  4,3260000000e+03	 -1,56348e-02	  1,91174e-01
2165	  4,3280000000e+03	 -1,31368e-02	  1,91300e-01
2166	  4,3300000000e+03	 -1,06569e-02	  1,92226e-01
2167	  4,3320000000e+03	 -8,15973e-03	  1,87642e-01
2168	  4,3340000000e+03	 -7,12234e-03	  1,87564e-01
2169	  4,3360000000e+03	 -4,41103e-03	  1,89751e-01
2170	  4,3380000000e+03	 -6,94786e-04	  1,87222e-01
2171	  4,3400000000e+03	  1,92098e-05	  1,88226e-01
2172	  4,3420000000e+03	  2,42483e-03	  1,89143e-01
2173	  4,3440000000e+03	  6,50629e-03	  1,89521e-01
2174	  4,3460000000e+03	  7,96564e-03	  1,88577e-01
2175	  4,3480000000e+03	  8,62489e-03	  1,90512e-01
2176	  4,3500000000e+03	  1,30544e-02	  1,89962e-01
2177	  4,3520000000e+03	  1,69230e-02	  1,84583e-01
2178	  4,3540000000e+03	  1,89370e-02	  1,82613e-01
2179	  4,3560000000e+03	  2,08864e-02	  1,83122e-01
2180	  4,3580000000e+03	  2,04168e-02	  1,84294e-01
2181	  4,3600000000e+03	  2,29562e-02	  1,86133e-01
2182	  4,3620000000e+03	  2,49274e-02	  1,85226e-01
2183	  4,3640000000e+03	  2,90214e-02	  1,84559e-01
2184	  4,3660000000e+03	  3,47410e-02	  1,85246e-01
2185	  4,3680000000e+03	  3,65109e-02	  1,83870e-01
2186	  4,3700000000e+03	  3,63795e-02	  1,83432e-01
2187	  4,3720000000e+03	  4,31045e-02	  1,84129e-01
2188	  4,3740000000e+03	  4,60060e-02	  1,82040e-01
2189	  4,3760000000e+03	  4,80989e-02	  1,79256e-01
2190	  4,3780000000e+03	  5,23614e-02	  1,78037e-01
2191	  4,3800000000e+03	  5,47306e-02	  1,74576e-01
2192	  4,3820000000e+03	  5,80041e-02	  1,74075e-01
2193	  4,3840000000e+03	  5,78722e-02	  1,73576e-01
2194	  4,3860000000e+03	  6,10164e-02	  1,73544e-01
2195	  4,3880000000e+03	  6,37551e-02	  1,74915e-01
2196	  4,3900000000e+03	  6,72568e-02	  1,73496e-01
2197	  4,3920000000e+03	  7,02296e-02	  1,72100e-01
2198	  4,3940000000e+03	  7,58686e-02	  1,64556e-01
2199	  4,3960000000e+03	  7,68745e-02	  1,60936e-01
2200	  4,3980000000e+03	  7,88596e-02	  1,60431e-01
2201	  4,4000000000e+03	  8,21083e-02	  1,59178e-01
2202	  4,4020000000e+03	  8,57807e-02	  1,56870e-01
2203	  4,4040000000e+03	  8,73960e-02	  1,52938e-01
2204	  4,4060000000e+03	  8,87548e-02	  1,51044e-01
2205	  4,4080000000e+03	  8,93496e-02	  1,47027e-01
2206	  4,4100000000e+03	  8,71508e-02	  1,42267e-01
2207	  4,4120000000e+03	  8,77584e-02	  1,39771e-01
2208	  4,4140000000e+03	  9,30211e-02	  1,40133e-01
2209	  4,4160000000e+03	  9,33120e-02	  1,36534e-01
2210	  4,4180000000e+03	  9,21711e-02	  1,31895e-01
2211	  4,4200000000e+03	  9,38285e-02	  1,27386e-01
2212	  4,4220000000e+03	  9,39964e-02	  1,27773e-01
2213	  4,4240000000e+03	  9,47841e-02	  1,27627e-01
2214	  4,4260000000e+03	  9,31926e-02	  1,26392e-01
2215	  4,4280000000e+03	  9,19550e-02	  1,24173e-01
2216	  4,4300000000e+03	  9,22520e-02	  1,21155e-01
2217	  4,4320000000e+03	  9,15895e-02	  1,18396e-01
2218	  4,4340000000e+03	  9,20553e-02	  1,18586e-01
2219	  4,4360000000e+03	  9,22423e-02	  1,17091e-01
2220	  4,4380000000e+03	  9,17751e-02	  1,16542e-01
2221	  4,4400000000e+03	  9,07003e-02	  1,17012e-01
2222	  4,4420000000e+03	  9,13179e-02	  1,18101e-01
2223	  4,4440000000e+03	  9,16941e-02	  1,15653e-01
2224	  4,4460000000e+03	  9,34709e-02	  1,16734e-01
2225	  4,4480000000e+03	  9,10283e-02	  1,15966e-01
2226	  4,4500000000e+03	  9,20947e-02	  1,13379e-01
2227	  4,4520000000e+03	  9,37888e-02	  1,13372e-01
2228	  4,4540000000e+03	  9,37250e-02	  1,12303e-01
2229	  4,4560000000e+03	  9,49281e-02	  1,15135e-01
2230	  4,4580000000e+03	  9,83812e-02	  1,17821e-01
2231	  4,4600000000e+03	  9,90527e-02	  1,13361e-01
2232	  4,4620000000e+03	  1,00345e-01	  1,12250e-01
2233	  4,4640000000e+03	  1,00653e-01	  1,12779e-01
2234	  4,4660000000e+03	  1,01675e-01	  1,10445e-01
2235	  4,4680000000e+03	  1,03444e-01	  1,09694e-01
2236	  4,4700000000e+03	  1,03825e-01	  1,09689e-01
2237	  4,4720000000e+03	  1,05408e-01	  1,08626e-01
2238	  4,4740000000e+03	  1,09812e-01	  1,06457e-01
2239	  4,4760000000e+03	  1,11889e-01	  1,03825e-01
2240	  4,4780000000e+03	  1,14599e-01	  1,05193e-01
2241	  4,4800000000e+03	  1,15190e-01	  1,05083e-01
2242	  4,4820000000e+03	  1,16214e-01	  1,00890e-01
2243	  4,4840000000e+03	  1,16812e-01	  9,64502e-02
2244	  4,4860000000e+03	  1,18830e-01	  9,53598e-02
2245	  4,4880000000e+03	  1,20479e-01	  9,66194e-02
2246	  4,4900000000e+03	  1,19724e-01	  9,47413e-02
2247	  4,4920000000e+03	  1,19742e-01	  9,22061e-02
2248	  4,4940000000e+03	  1,21729e-01	  9,26343e-02
2249	  4,4960000000e+03	  1,24729e-01	  9,12019e-02
2250	  4,4980000000e+03	  1,26215e-01	  9,00348e-02
2251	  4,5000000000e+03	  1,25530e-01	  8,61061e-02
2252	  4,5020000000e+03	  1,26336e-01	  8,18469e-02
2253	  4,5040000000e+03	  1,26406e-01	  8,28787e-02
2254	  4,5060000000e+03	  1,25691e-01	  8,29489e-02
2255	  4,5080000000e+03	  1,24480e-01	  8,01144e-02
2256	  4,5100000000e+03	  1,24895e-01	  7,71127e-02
2257	  4,5120000000e+03	  1,25898e-01	  7,48960e-02
2258	  4,5140000000e+03	  1,25521e-01	  7,62870e-02
2259	  4,5160000000e+03	  1,27142e-01	  7,66290e-02
2260	  4,5180000000e+03	  1,29957e-01	  7,79151e-02
2261	  4,5200000000e+03	  1,31299e-01	  7,54168e-02
2262	  4,5220000000e+03	  1,32445e-01	  7,23963e-02
2263	  4,5240000000e+03	  1,35842e-01	  6,98457e-02
2264	  4,5260000000e+03	  1,32541e-01	  6,78286e-02
2265	  4,5280000000e+03	  1,34102e-01	  6,47467e-02
2266	  4,5300000000e+03	  1,35886e-01	  6,38554e-02
2267	  4,5320000000e+03	  1,35811e-01	  6,65216e-02
2268	  4,5340000000e+03	  1,37111e-01	  6,23474e-02
2269	  4,5360000000e+03	  1,39774e-01	  5,95128e-02
2270	  4,5380000000e+03	  1,40379e-01	  5,89110e-02
2271	  4,5400000000e+03	  1,37425e-01	  5,71678e-02
2272	  4,5420000000e+03	  1,38433e-01	  5,73374e-02
2273	  4,5440000000e+03	  1,39386e-01	  5,62350e-02
2274	  4,5460000000e+03	  1,39914e-01	  5,37876e-02
2275	  4,5480000000e+03	  1,42066e-01	  5,16028e-02
2276	  4,5500000000e+03	  1,42988e-01	  5,01164e-02
2277	  4,5520000000e+03	  1,42195e-01	  4,76379e-02
2278	  4,5540000000e+03	  1,43329e-01	  4,62789e-02
2279	  4,5560000000e+03	  1,44471e-01	  4,54850e-02
2280	  4,5580000000e+03	  1,43738e-01	  4,45839e-02
2281	  4,5600000000e+03	  1,44389e-01	  4,36687e-02
2282	  4,5620000000e+03	  1,45062e-01	  4,25934e-02
2283	  4,5640000000e+03	  1,47355e-01	  3,95166e-02
2284	  4,5660000000e+03	  1,48275e-01	  3,62246e-02
2285	  4,5680000000e+03	  1,49617e-01	  3,49722e-02
2286	  4,5700000000e+03	  1,48920e-01	  3,34059e-02
2287	  4,5720000000e+03	  1,50740e-01	  3,26715e-02
2288	  4,5740000000e+03	  1,51161e-01	  3,20756e-02
2289	  4,5760000000e+03	  1,52939e-01	  2,81864e-02
2290	  4,5780000000e+03	  1,53117e-01	  2,44861e-02
2291	  4,5800000000e+03	  1,53749e-01	  2,12931e-02
2292	  4,5820000000e+03	  1,52576e-01	  2,06189e-02
2293	  4,5840000000e+03	  1,52766e-01	  2,07485e-02
2294	  4,5860000000e+03	  1,52919e-01	  1,82929e-02
2295	  4,5880000000e+03	  1,52882e-01	  1,70979e-02
2296	  4,5900000000e+03	  1,55068e-01	  1,42531e-02
2297	  4,5920000000e+03	  1,56484e-01	  1,24665e-02
2298	  4,5940000000e+03	  1,55958e-01	  1,19828e-02
2299	  4,5960000000e+03	  1,57767e-01	  8,66524e-03
2300	  4,5980000000e+03	  1,57321e-01	  6,02354e-03
2301	  4,6000000000e+03	  1,56063e-01	  5,52138e-03
2302	  4,6020000000e+03	  1,57605e-01	  4,98016e-03
2303	  4,6040000000e+03	  1,54371e-01	  1,71600e-03
2304	  4,6060000000e+03	  1,55318e-01	 -1,67779e-03
2305	  4,6080000000e+03	  1,53819e-01	 -2,40409e-03
2306	  4,6100000000e+03	  1,55419e-01	 -6,23677e-03
2307	  4,6120000000e+03	  1,57689e-01	 -9,57196e-03
2308	  4,6140000000e+03	  1,57990e-01	 -1,14931e-02
2309	  4,6160000000e+03	  1,57894e-01	 -1,17614e-02
2310	  4,6180000000e+03	  1,55784e-01	 -1,41945e-02
2311	  4,6200000000e+03	  1,54767e-01	 -1,82380e-02
2312	  4,6220000000e+03	  1,54432e-01	 -2,30195e-02
2313	  4,6240000000e+03	  1,54083e-01	 -2,39837e-02
2314	  4,6260000000e+03	  1,53210e-01	 -2,45593e-02
2315	  4,6280000000e+03	  1,52842e-01	 -2,45840e-02
2316	  4,6300000000e+03	  1,52800e-01	 -2,56926e-02
2317	  4,6320000000e+03	  1,52374e-01	 -2,89785e-02
2318	  4,6340000000e+03	  1,52935e-01	 -3,14549e-02
2319	  4,6360000000e+03	  1,51225e-01	 -3,27442e-02
2320	  4,6380000000e+03	  1,52590e-01	 -3,52924e-02
2321	  4,6400000000e+03	  1,49496e-01	 -3,71599e-02
2322	  4,6420000000e+03	  1,51386e-01	 -3,94851e-02
2323	  4,6440000000e+03	  1,50972e-01	 -4,27027e-02
2324	  4,6460000000e+03	  1,51030e-01	 -4,28851e-02
2325	  4,6480000000e+03	  1,51504e-01	 -4,43093e-02
2326	  4,6500000000e+03	  1,49002e-01	 -4,43290e-02
2327	  4,6520000000e+03	  1,47897e-01	 -4,38220e-02
2328	  4,6540000000e+03	  1,45960e-01	 -4,60204e-02
2329	  4,6560000000e+03	  1,47216e-01	 -4,81604e-02
2330	  4,6580000000e+03	  1,49339e-01	 -4,88205e-02
2331	  4,6600000000e+03	  1,48449e-01	 -5,32601e-02
2332	  4,6620000000e+03	  1,49015e-01	 -5,60202e-02
2333	  4,6640000000e+03	  1,49887e-01	 -5,67527e-02
2334	  4,6660000000e+03	  1,48124e-01	 -6,00764e-02
2335	  4,6680000000e+03	  1,48119e-01	 -6,11244e-02
2336	  4,6700000000e+03	  1,48852e-01	 -6,29011e-02
2337	  4,6720000000e+03	  1,49139e-01	 -6,64670e-02
2338	  4,6740000000e+03	  1,48412e-01	 -7,05735e-02
2339	  4,6760000000e+03	  1,47932e-01	 -7,22830e-02
2340	  4,6780000000e+03	  1,47375e-01	 -7,44390e-02
2341	  4,6800000000e+03	  1,46890e-01	 -7,54455e-02
2342	  4,6820000000e+03	  1,44785e-01	 -7,80812e-02
2343	  4,6840000000e+03	  1,43090e-01	 -8,09423e-02
2344	  4,6860000000e+03	  1,42249e-01	 -8,38264e-02
2345	  4,6880000000e+03	  1,43363e-01	 -9,03943e-02
2346	  4,6900000000e+03	  1,40896e-01	 -9,51959e-02
2347	  4,6920000000e+03	  1,39959e-01	 -9,83241e-02
2348	  4,6940000000e+03	  1,37741e-01	 -1,00100e-01
2349	  4,6960000000e+03	  1,33765e-01	 -9,97522e-02
2350	  4,6980000000e+03	  1,33036e-01	 -1,00312e-01
2351	  4,7000000000e+03	  1,31904e-01	 -1,03870e-01
2352	  4,7020000000e+03	  1,30843e-01	 -1,06037e-01
2353	  4,7040000000e+03	  1,29066e-01	 -1,11211e-01
2354	  4,7060000000e+03	  1,27314e-01	 -1,13395e-01
2355	  4,7080000000e+03	  1,25187e-01	 -1,14296e-01
2356	  4,7100000000e+03	  1,22498e-01	 -1,15472e-01
2357	  4,7120000000e+03	  1,19329e-01	 -1,19128e-01
2358	  4,7140000000e+03	  1,15765e-01	 -1,21852e-01
2359	  4,7160000000e+03	  1,15212e-01	 -1,22666e-01
2360	  4,7180000000e+03	  1,10974e-01	 -1,24323e-01
2361	  4,7200000000e+03	  1,07177e-01	 -1,26263e-01
2362	  4,7220000000e+03	  1,04954e-01	 -1,27273e-01
2363	  4,7240000000e+03	  1,02223e-01	 -1,28590e-01
2364	  4,7260000000e+03	  1,00122e-01	 -1,32655e-01
2365	  4,7280000000e+03	  9,90252e-02	 -1,32019e-01
2366	  4,7300000000e+03	  9,76407e-02	 -1,32586e-01
2367	  4,7320000000e+03	  9,33332e-02	 -1,34423e-01
2368	  4,7340000000e+03	  9,03765e-02	 -1,36910e-01
2369	  4,7360000000e+03	  8,96041e-02	 -1,38413e-01
2370	  4,7380000000e+03	  9,11791e-02	 -1,37841e-01
2371	  4,7400000000e+03	  8,77705e-02	 -1,39632e-01
2372	  4,7420000000e+03	  8,30159e-02	 -1,38579e-01
2373	  4,7440000000e+03	  7,95125e-02	 -1,39901e-01
2374	  4,7460000000e+03	  7,48796e-02	 -1,44634e-01
2375	  4,7480000000e+03	  7,38354e-02	 -1,46147e-01
2376	  4,7500000000e+03	  7,11746e-02	 -1,45061e-01
2377	  4,7520000000e+03	  6,79636e-02	 -1,47162e-01
2378	  4,7540000000e+03	  6,43711e-02	 -1,48958e-01
2379	  4,7560000000e+03	  6,01965e-02	 -1,50570e-01
2380	  4,7580000000e+03	  5,65922e-02	 -1,51692e-01
2381	  4,7600000000e+03	  5,34759e-02	 -1,52015e-01
2382	  4,7620000000e+03	  5,03205e-02	 -1,51072e-01
2383	  4,7640000000e+03	  4,82652e-02	 -1,48754e-01
2384	  4,7660000000e+03	  4,48386e-02	 -1,48418e-01
2385	  4,7680000000e+03	  4,20216e-02	 -1,47227e-01
2386	  4,7700000000e+03	  4,00921e-02	 -1,45916e-01
2387	  4,7720000000e+03	  3,69103e-02	 -1,46782e-01
2388	  4,7740000000e+03	  3,66780e-02	 -1,47922e-01
2389	  4,7760000000e+03	  3,36662e-02	 -1,46982e-01
2390	  4,7780000000e+03	  2,79420e-02	 -1,44393e-01
2391	  4,7800000000e+03	  2,43589e-02	 -1,42903e-01
2392	  4,7820000000e+03	  2,07569e-02	 -1,43724e-01
2393	  4,7840000000e+03	  2,08845e-02	 -1,45241e-01
2394	  4,7860000000e+03	  2,10924e-02	 -1,42924e-01
2395	  4,7880000000e+03	  1,73090e-02	 -1,41956e-01
2396	  4,7900000000e+03	  1,41467e-02	 -1,45390e-01
2397	  4,7920000000e+03	  1,38147e-02	 -1,43285e-01
2398	  4,7940000000e+03	  1,38110e-02	 -1,39761e-01
2399	  4,7960000000e+03	  9,73364e-03	 -1,38677e-01
2400	  4,7980000000e+03	  9,34178e-03	 -1,38386e-01
2401	  4,8000000000e+03	  7,49956e-03	 -1,38456e-01
2402	  4,8020000000e+03	  4,28051e-03	 -1,38412e-01
2403	  4,8040000000e+03	  3,82415e-04	 -1,37276e-01
2404	  4,8060000000e+03	 -3,65723e-04	 -1,36043e-01
2405	  4,8080000000e+03	 -5,71004e-04	 -1,35699e-01
2406	  4,8100000000e+03	 -2,71622e-03	 -1,35195e-01
2407	  4,8120000000e+03	 -5,62606e-03	 -1,33065e-01
2408	  4,8140000000e+03	 -5,68513e-03	 -1,32553e-01
2409	  4,8160000000e+03	 -7,77567e-03	 -1,32528e-01
2410	  4,8180000000e+03	 -8,26873e-03	 -1,33651e-01
2411	  4,8200000000e+03	 -9,67175e-03	 -1,31766e-01
2412	  4,8220000000e+03	 -9,60029e-03	 -1,30593e-01
2413	  4,8240000000e+03	 -9,56546e-03	 -1,31137e-01
2414	  4,8260000000e+03	 -1,43622e-02	 -1,30247e-01
2415	  4,8280000000e+03	 -1,81528e-02	 -1,29700e-01
2416	  4,8300000000e+03	 -2,20118e-02	 -1,30763e-01
2417	  4,8320000000e+03	 -2,27968e-02	 -1,27708e-01
2418	  4,8340000000e+03	 -2,26401e-02	 -1,25808e-01
2419	  4,8360000000e+03	 -2,26173e-02	 -1,24237e-01
2420	  4,8380000000e+03	 -2,41525e-02	 -1,20696e-01
2421	  4,8400000000e+03	 -2,74465e-02	 -1,20666e-01
2422	  4,8420000000e+03	 -2,94585e-02	 -1,18498e-01
2423	  4,8440000000e+03	 -2,96517e-02	 -1,19730e-01
2424	  4,8460000000e+03	 -3,36680e-02	 -1,18301e-01
2425	  4,8480000000e+03	 -3,48335e-02	 -1,16514e-01
2426	  4,8500000000e+03	 -3,56392e-02	 -1,15003e-01
2427	  4,8520000000e+03	 -3,55536e-02	 -1,13219e-01
2428	  4,8540000000e+03	 -3,72318e-02	 -1,12010e-01
2429	  4,8560000000e+03	 -3,83634e-02	 -1,10377e-01
2430	  4,8580000000e+03	 -4,02591e-02	 -1,10125e-01
2431	  4,8600000000e+03	 -3,91585e-02	 -1,07857e-01
2432	  4,8620000000e+03	 -3,96430e-02	 -1,05882e-01
2433	  4,8640000000e+03	 -3,98834e-02	 -1,05673e-01
2434	  4,8660000000e+03	 -3,96557e-02	 -1,01973e-01
2435	  4,8680000000e+03	 -3,80093e-02	 -9,90411e-02
2436	  4,8700000000e+03	 -3,70504e-02	 -1,00259e-01
2437	  4,8720000000e+03	 -3,82454e-02	 -1,00909e-01
2438	  4,8740000000e+03	 -3,78995e-02	 -9,90194e-02
2439	  4,8760000000e+03	 -4,11434e-02	 -9,68121e-02
2440	  4,8780000000e+03	 -4,31070e-02	 -9,53233e-02
2441	  4,8800000000e+03	 -4,27812e-02	 -9,52290e-02
2442	  4,8820000000e+03	 -4,51386e-02	 -9,49878e-02
2443	  4,8840000000e+03	 -4,31713e-02	 -9,40771e-02
2444	  4,8860000000e+03	 -4,16942e-02	 -9,47062e-02
2445	  4,8880000000e+03	 -4,16309e-02	 -9,22006e-02
2446	  4,8900000000e+03	 -4,40611e-02	 -9,09403e-02
2447	  4,8920000000e+03	 -4,55298e-02	 -8,77531e-02
2448	  4,8940000000e+03	 -4,67761e-02	 -9,02680e-02
2449	  4,8960000000e+03	 -4,45571e-02	 -9,06491e-02
2450	  4,8980000000e+03	 -4,42765e-02	 -8,96472e-02
2451	  4,9000000000e+03	 -4,80339e-02	 -9,05384e-02
2452	  4,9020000000e+03	 -4,73264e-02	 -9,03195e-02
2453	  4,9040000000e+03	 -4,70286e-02	 -8,84565e-02
2454	  4,9060000000e+03	 -4,89694e-02	 -8,64743e-02
2455	  4,9080000000e+03	 -5,04761e-02	 -8,56434e-02
2456	  4,9100000000e+03	 -4,89564e-02	 -8,66223e-02
2457	  4,9120000000e+03	 -5,14459e-02	 -8,55921e-02
2458	  4,9140000000e+03	 -5,23557e-02	 -8,27147e-02
2459	  4,9160000000e+03	 -5,10147e-02	 -8,23181e-02
2460	  4,9180000000e+03	 -5,24518e-02	 -8,18287e-02
2461	  4,9200000000e+03	 -5,24499e-02	 -8,00311e-02
2462	  4,9220000000e+03	 -5,21213e-02	 -8,05693e-02
2463	  4,9240000000e+03	 -5,29939e-02	 -8,03311e-02
2464	  4,9260000000e+03	 -5,43330e-02	 -7,93112e-02
2465	  4,9280000000e+03	 -5,23858e-02	 -7,92072e-02
2466	  4,9300000000e+03	 -5,36724e-02	 -7,66327e-02
2467	  4,9320000000e+03	 -5,40701e-02	 -7,36111e-02
2468	  4,9340000000e+03	 -5,16230e-02	 -7,30300e-02
2469	  4,9360000000e+03	 -5,13413e-02	 -7,45684e-02
2470	  4,9380000000e+03	 -5,15888e-02	 -7,54577e-02
2471	  4,9400000000e+03	 -5,33886e-02	 -7,45863e-02
2472	  4,9420000000e+03	 -5,39221e-02	 -7,50163e-02
2473	  4,9440000000e+03	 -5,43173e-02	 -7,57880e-02
2474	  4,9460000000e+03	 -5,28964e-02	 -7,47138e-02
2475	  4,9480000000e+03	 -5,22628e-02	 -7,44366e-02
2476	  4,9500000000e+03	 -5,32180e-02	 -7,26676e-02
2477	  4,9520000000e+03	 -5,59260e-02	 -7,60064e-02
2478	  4,9540000000e+03	 -5,71576e-02	 -7,53990e-02
2479	  4,9560000000e+03	 -5,80743e-02	 -7,40453e-02
2480	  4,9580000000e+03	 -5,92298e-02	 -7,48041e-02
2481	  4,9600000000e+03	 -6,17033e-02	 -7,76937e-02
2482	  4,9620000000e+03	 -5,86740e-02	 -7,70133e-02
2483	  4,9640000000e+03	 -5,75202e-02	 -7,47047e-02
2484	  4,9660000000e+03	 -5,95144e-02	 -7,46965e-02
2485	  4,9680000000e+03	 -6,17654e-02	 -7,42794e-02
2486	  4,9700000000e+03	 -6,22135e-02	 -7,23556e-02
2487	  4,9720000000e+03	 -6,10342e-02	 -7,24225e-02
2488	  4,9740000000e+03	 -6,39525e-02	 -7,05007e-02
2489	  4,9760000000e+03	 -6,57746e-02	 -6,90366e-02
2490	  4,9780000000e+03	 -6,60070e-02	 -7,08527e-02
2491	  4,9800000000e+03	 -6,42812e-02	 -6,96275e-02
2492	  4,9820000000e+03	 -6,32031e-02	 -6,82588e-02
2493	  4,9840000000e+03	 -6,37350e-02	 -6,89916e-02
2494	  4,9860000000e+03	 -6,49704e-02	 -6,85633e-02
2495	  4,9880000000e+03	 -6,47076e-02	 -6,82086e-02
2496	  4,9900000000e+03	 -6,76504e-02	 -6,76520e-02
2497	  4,9920000000e+03	 -6,81725e-02	 -6,52956e-02
2498	  4,9940000000e+03	 -6,78555e-02	 -6,50305e-02
2499	  4,9960000000e+03	 -6,77818e-02	 -6,73498e-02
2500	  4,9980000000e+03	 -6,87914e-02	 -6,75222e-02
2501	  5,0000000000e+03	 -6,95702e-02	 -6,68208e-02
2502	  5,0020000000e+03	 -6,86160e-02	 -6,65726e-02
2503	  5,0040000000e+03	 -6,87282e-02	 -6,54036e-02
2504	  5,0060000000e+03	 -6,91628e-02	 -6,44808e-02
2505	  5,0080000000e+03	 -7,16345e-02	 -6,36403e-02
2506	  5,0100000000e+03	 -7,37644e-02	 -6,25566e-02
2507	  5,0120000000e+03	 -7,20705e-02	 -6,35971e-02
2508	  5,0140000000e+03	 -7,24674e-02	 -6,27131e-02
2509	  5,0160000000e+03	 -7,37592e-02	 -6,33973e-02
2510	  5,0180000000e+03	 -7,24630e-02	 -6,29991e-02
2511	  5,0200000000e+03	 -7,22068e-02	 -6,37859e-02
2512	  5,0220000000e+03	 -7,54470e-02	 -6,44843e-02
2513	  5,0240000000e+03	 -7,95780e-02	 -6,48390e-02
2514	  5,0260000000e+03	 -7,77464e-02	 -6,45284e-02
2515	  5,0280000000e+03	 -7,56915e-02	 -6,45271e-02
2516	  5,0300000000e+03	 -7,85780e-02	 -6,47873e-02
2517	  5,0320000000e+03	 -7,93268e-02	 -6,34781e-02
2518	  5,0340000000e+03	 -8,02627e-02	 -6,26876e-02
2519	  5,0360000000e+03	 -8,20570e-02	 -6,24483e-02
2520	  5,0380000000e+03	 -8,32235e-02	 -6,30648e-02
2521	  5,0400000000e+03	 -8,53281e-02	 -6,14606e-02
2522	  5,0420000000e+03	 -8,68083e-02	 -6,16092e-02
2523	  5,0440000000e+03	 -8,85975e-02	 -6,07598e-02
2524	  5,0460000000e+03	 -9,00321e-02	 -5,93654e-02
2525	  5,0480000000e+03	 -9,02788e-02	 -5,62603e-02
2526	  5,0500000000e+03	 -9,09692e-02	 -5,51161e-02
2527	  5,0520000000e+03	 -9,11251e-02	 -5,51834e-02
2528	  5,0540000000e+03	 -9,35369e-02	 -5,52842e-02
2529	  5,0560000000e+03	 -9,39390e-02	 -5,58455e-02
2530	  5,0580000000e+03	 -9,59021e-02	 -5,65929e-02
2531	  5,0600000000e+03	 -9,80514e-02	 -5,58321e-02
2532	  5,0620000000e+03	 -9,76628e-02	 -5,52040e-02
2533	  5,0640000000e+03	 -1,00206e-01	 -5,41993e-02
2534	  5,0660000000e+03	 -1,00237e-01	 -5,33394e-02
2535	  5,0680000000e+03	 -1,01024e-01	 -5,02840e-02
2536	  5,0700000000e+03	 -1,01934e-01	 -4,85283e-02
2537	  5,0720000000e+03	 -1,02192e-01	 -4,55025e-02
2538	  5,0740000000e+03	 -1,02878e-01	 -4,50795e-02
2539	  5,0760000000e+03	 -1,05639e-01	 -4,29435e-02
2540	  5,0780000000e+03	 -1,05508e-01	 -4,20044e-02
2541	  5,0800000000e+03	 -1,05341e-01	 -4,08501e-02
2542	  5,0820000000e+03	 -1,03803e-01	 -4,22413e-02
2543	  5,0840000000e+03	 -1,05964e-01	 -3,85258e-02
2544	  5,0860000000e+03	 -1,08392e-01	 -3,40698e-02
2545	  5,0880000000e+03	 -1,05326e-01	 -3,19264e-02
2546	  5,0900000000e+03	 -1,06581e-01	 -3,42719e-02
2547	  5,0920000000e+03	 -1,09240e-01	 -3,48816e-02
2548	  5,0940000000e+03	 -1,10555e-01	 -3,36397e-02
2549	  5,0960000000e+03	 -1,11288e-01	 -3,13923e-02
2550	  5,0980000000e+03	 -1,12123e-01	 -3,06411e-02
2551	  5,1000000000e+03	 -1,11041e-01	 -3,16162e-02
2552	  5,1020000000e+03	 -1,13420e-01	 -3,17329e-02
2553	  5,1040000000e+03	 -1,13984e-01	 -2,83328e-02
2554	  5,1060000000e+03	 -1,14347e-01	 -2,64379e-02
2555	  5,1080000000e+03	 -1,12204e-01	 -2,25417e-02
2556	  5,1100000000e+03	 -1,11683e-01	 -2,46966e-02
2557	  5,1120000000e+03	 -1,13958e-01	 -2,48544e-02
2558	  5,1140000000e+03	 -1,16266e-01	 -2,11721e-02
2559	  5,1160000000e+03	 -1,17046e-01	 -2,01646e-02
2560	  5,1180000000e+03	 -1,19354e-01	 -1,90184e-02
2561	  5,1200000000e+03	 -1,20314e-01	 -1,76416e-02
2562	  5,1220000000e+03	 -1,23202e-01	 -1,64408e-02
2563	  5,1240000000e+03	 -1,23610e-01	 -1,75163e-02
2564	  5,1260000000e+03	 -1,22402e-01	 -1,92182e-02
2565	  5,1280000000e+03	 -1,22511e-01	 -1,61935e-02
2566	  5,1300000000e+03	 -1,23172e-01	 -1,40388e-02
2567	  5,1320000000e+03	 -1,24604e-01	 -1,25335e-02
2568	  5,1340000000e+03	 -1,26426e-01	 -9,55569e-03
2569	  5,1360000000e+03	 -1,28324e-01	 -9,50254e-03
2570	  5,1380000000e+03	 -1,29509e-01	 -7,97228e-03
2571	  5,1400000000e+03	 -1,29402e-01	 -4,08696e-03
2572	  5,1420000000e+03	 -1,29324e-01	 -1,59367e-03
2573	  5,1440000000e+03	 -1,31090e-01	 -5,03181e-04
2574	  5,1460000000e+03	 -1,29957e-01	 -1,32683e-03
2575	  5,1480000000e+03	 -1,31288e-01	 -7,50699e-04
2576	  5,1500000000e+03	 -1,34447e-01	  3,66105e-03
2577	  5,1520000000e+03	 -1,35774e-01	  9,19124e-03
2578	  5,1540000000e+03	 -1,34211e-01	  1,01623e-02
2579	  5,1560000000e+03	 -1,33208e-01	  1,07519e-02
2580	  5,1580000000e+03	 -1,33837e-01	  1,45508e-02
2581	  5,1600000000e+03	 -1,32908e-01	  1,81787e-02
2582	  5,1620000000e+03	 -1,32462e-01	  1,97920e-02
2583	  5,1640000000e+03	 -1,34156e-01	  2,05629e-02
2584	  5,1660000000e+03	 -1,34280e-01	  2,30928e-02
2585	  5,1680000000e+03	 -1,35449e-01	  2,45568e-02
2586	  5,1700000000e+03	 -1,35851e-01	  2,43784e-02
2587	  5,1720000000e+03	 -1,38748e-01	  2,85869e-02
2588	  5,1740000000e+03	 -1,37984e-01	  3,07820e-02
2589	  5,1760000000e+03	 -1,35392e-01	  3,17343e-02
2590	  5,1780000000e+03	 -1,36100e-01	  3,68671e-02
2591	  5,1800000000e+03	 -1,37617e-01	  4,18223e-02
2592	  5,1820000000e+03	 -1,39277e-01	  4,37448e-02
2593	  5,1840000000e+03	 -1,37114e-01	  4,52252e-02
2594	  5,1860000000e+03	 -1,34900e-01	  4,62348e-02
2595	  5,1880000000e+03	 -1,33414e-01	  4,92828e-02
2596	  5,1900000000e+03	 -1,32409e-01	  5,08012e-02
2597	  5,1920000000e+03	 -1,31126e-01	  5,32604e-02
2598	  5,1940000000e+03	 -1,30926e-01	  5,51018e-02
2599	  5,1960000000e+03	 -1,31392e-01	  5,88297e-02
2600	  5,1980000000e+03	 -1,28999e-01	  6,13495e-02
2601	  5,2000000000e+03	 -1,29296e-01	  6,45120e-02
2602	  5,2020000000e+03	 -1,26754e-01	  6,58715e-02
2603	  5,2040000000e+03	 -1,26345e-01	  6,90261e-02
2604	  5,2060000000e+03	 -1,26819e-01	  7,06044e-02
2605	  5,2080000000e+03	 -1,25806e-01	  7,02686e-02
2606	  5,2100000000e+03	 -1,24617e-01	  7,00366e-02
2607	  5,2120000000e+03	 -1,22952e-01	  7,43465e-02
2608	  5,2140000000e+03	 -1,22920e-01	  7,75886e-02
2609	  5,2160000000e+03	 -1,22132e-01	  7,79728e-02
2610	  5,2180000000e+03	 -1,20553e-01	  7,91547e-02
2611	  5,2200000000e+03	 -1,19380e-01	  8,26341e-02
2612	  5,2220000000e+03	 -1,18082e-01	  8,64179e-02
2613	  5,2240000000e+03	 -1,16962e-01	  8,88010e-02
2614	  5,2260000000e+03	 -1,13885e-01	  8,89251e-02
2615	  5,2280000000e+03	 -1,13972e-01	  9,02443e-02
2616	  5,2300000000e+03	 -1,11922e-01	  9,32697e-02
2617	  5,2320000000e+03	 -1,11902e-01	  9,67859e-02
2618	  5,2340000000e+03	 -1,11995e-01	  9,64998e-02
2619	  5,2360000000e+03	 -1,12053e-01	  1,00418e-01
2620	  5,2380000000e+03	 -1,07274e-01	  1,04351e-01
2621	  5,2400000000e+03	 -1,06101e-01	  1,08336e-01
2622	  5,2420000000e+03	 -1,04628e-01	  1,09280e-01
2623	  5,2440000000e+03	 -1,02964e-01	  1,11353e-01
2624	  5,2460000000e+03	 -1,01703e-01	  1,14405e-01
2625	  5,2480000000e+03	 -9,59378e-02	  1,15468e-01
2626	  5,2500000000e+03	 -9,24132e-02	  1,15056e-01
2627	  5,2520000000e+03	 -9,14434e-02	  1,16258e-01
2628	  5,2540000000e+03	 -9,07495e-02	  1,17781e-01
2629	  5,2560000000e+03	 -8,63842e-02	  1,18926e-01
2630	  5,2580000000e+03	 -8,36060e-02	  1,21248e-01
2631	  5,2600000000e+03	 -7,75132e-02	  1,22180e-01
2632	  5,2620000000e+03	 -7,74249e-02	  1,22269e-01
2633	  5,2640000000e+03	 -7,78974e-02	  1,25307e-01
2634	  5,2660000000e+03	 -7,45194e-02	  1,27097e-01
2635	  5,2680000000e+03	 -7,09751e-02	  1,26718e-01
2636	  5,2700000000e+03	 -7,00441e-02	  1,25534e-01
2637	  5,2720000000e+03	 -6,81692e-02	  1,25872e-01
2638	  5,2740000000e+03	 -6,40456e-02	  1,25695e-01
2639	  5,2760000000e+03	 -5,97905e-02	  1,25822e-01
2640	  5,2780000000e+03	 -5,86004e-02	  1,27685e-01
2641	  5,2800000000e+03	 -5,52079e-02	  1,28488e-01
2642	  5,2820000000e+03	 -5,23878e-02	  1,30727e-01
2643	  5,2840000000e+03	 -5,24356e-02	  1,30453e-01
2644	  5,2860000000e+03	 -4,95555e-02	  1,26333e-01
2645	  5,2880000000e+03	 -4,75005e-02	  1,26683e-01
2646	  5,2900000000e+03	 -4,56275e-02	  1,26792e-01
2647	  5,2920000000e+03	 -4,29217e-02	  1,27057e-01
2648	  5,2940000000e+03	 -4,12383e-02	  1,26270e-01
2649	  5,2960000000e+03	 -3,84394e-02	  1,24312e-01
2650	  5,2980000000e+03	 -3,49965e-02	  1,24991e-01
2651	  5,3000000000e+03	 -3,53317e-02	  1,24306e-01
2652	  5,3020000000e+03	 -3,59268e-02	  1,23070e-01
2653	  5,3040000000e+03	 -3,48904e-02	  1,22372e-01
2654	  5,3060000000e+03	 -3,29891e-02	  1,20503e-01
2655	  5,3080000000e+03	 -3,21668e-02	  1,20000e-01
2656	  5,3100000000e+03	 -3,46136e-02	  1,22848e-01
2657	  5,3120000000e+03	 -3,12592e-02	  1,22700e-01
2658	  5,3140000000e+03	 -2,87765e-02	  1,25080e-01
2659	  5,3160000000e+03	 -2,73042e-02	  1,23344e-01
2660	  5,3180000000e+03	 -2,70867e-02	  1,23869e-01
2661	  5,3200000000e+03	 -2,67342e-02	  1,25807e-01
2662	  5,3220000000e+03	 -2,26373e-02	  1,24826e-01
2663	  5,3240000000e+03	 -2,15777e-02	  1,23972e-01
2664	  5,3260000000e+03	 -1,97493e-02	  1,23810e-01
2665	  5,3280000000e+03	 -1,92636e-02	  1,24988e-01
2666	  5,3300000000e+03	 -1,79595e-02	  1,24593e-01
2667	  5,3320000000e+03	 -1,46131e-02	  1,26126e-01
2668	  5,3340000000e+03	 -1,37222e-02	  1,26306e-01
2669	  5,3360000000e+03	 -1,20401e-02	  1,26461e-01
2670	  5,3380000000e+03	 -8,79781e-03	  1,23702e-01
2671	  5,3400000000e+03	 -7,04809e-03	  1,26015e-01
2672	  5,3420000000e+03	 -5,35847e-03	  1,25206e-01
2673	  5,3440000000e+03	 -2,47083e-03	  1,22582e-01
2674	  5,3460000000e+03	 -1,42497e-03	  1,25124e-01
2675	  5,3480000000e+03	 -9,45553e-04	  1,27205e-01
2676	  5,3500000000e+03	 -1,59509e-03	  1,24204e-01
2677	  5,3520000000e+03	 -6,18988e-04	  1,22388e-01
2678	  5,3540000000e+03	  2,33717e-03	  1,23881e-01
2679	  5,3560000000e+03	  5,49992e-03	  1,22111e-01
2680	  5,3580000000e+03	  7,56368e-03	  1,21114e-01
2681	  5,3600000000e+03	  7,68725e-03	  1,20181e-01
2682	  5,3620000000e+03	  8,89697e-03	  1,18569e-01
2683	  5,3640000000e+03	  8,03472e-03	  1,16831e-01
2684	  5,3660000000e+03	  8,33201e-03	  1,17196e-01
2685	  5,3680000000e+03	  9,24014e-03	  1,18612e-01
2686	  5,3700000000e+03	  8,90789e-03	  1,16429e-01
2687	  5,3720000000e+03	  1,22310e-02	  1,15360e-01
2688	  5,3740000000e+03	  1,35355e-02	  1,16561e-01
2689	  5,3760000000e+03	  1,42003e-02	  1,17703e-01
2690	  5,3780000000e+03	  1,44203e-02	  1,14332e-01
2691	  5,3800000000e+03	  1,36534e-02	  1,14502e-01
2692	  5,3820000000e+03	  1,41326e-02	  1,15531e-01
2693	  5,3840000000e+03	  1,53239e-02	  1,14836e-01
2694	  5,3860000000e+03	  1,50885e-02	  1,14761e-01
2695	  5,3880000000e+03	  1,49652e-02	  1,15790e-01
2696	  5,3900000000e+03	  1,42387e-02	  1,17526e-01
2697	  5,3920000000e+03	  1,47602e-02	  1,18190e-01
2698	  5,3940000000e+03	  2,00293e-02	  1,18154e-01
2699	  5,3960000000e+03	  2,22152e-02	  1,19061e-01
2700	  5,3980000000e+03	  2,16277e-02	  1,18873e-01
2701	  5,4000000000e+03	  2,36297e-02	  1,18213e-01
2702	  5,4020000000e+03	  2,48409e-02	  1,19230e-01
2703	  5,4040000000e+03	  2,56937e-02	  1,19379e-01
2704	  5,4060000000e+03	  2,83665e-02	  1,16958e-01
2705	  5,4080000000e+03	  2,76570e-02	  1,14896e-01
2706	  5,4100000000e+03	  2,77402e-02	  1,15168e-01
2707	  5,4120000000e+03	  3,04817e-02	  1,16063e-01
2708	  5,4140000000e+03	  3,45263e-02	  1,17900e-01
2709	  5,4160000000e+03	  3,37474e-02	  1,16997e-01
2710	  5,4180000000e+03	  3,46885e-02	  1,17739e-01
2711	  5,4200000000e+03	  3,77212e-02	  1,18958e-01
2712	  5,4220000000e+03	  3,90663e-02	  1,19428e-01
2713	  5,4240000000e+03	  3,99729e-02	  1,18995e-01
2714	  5,4260000000e+03	  4,40358e-02	  1,15440e-01
2715	  5,4280000000e+03	  4,50106e-02	  1,14649e-01
2716	  5,4300000000e+03	  4,22598e-02	  1,16391e-01
2717	  5,4320000000e+03	  4,38125e-02	  1,14205e-01
2718	  5,4340000000e+03	  4,46227e-02	  1,14320e-01
2719	  5,4360000000e+03	  4,73206e-02	  1,17441e-01
2720	  5,4380000000e+03	  5,08185e-02	  1,17423e-01
2721	  5,4400000000e+03	  4,96636e-02	  1,16150e-01
2722	  5,4420000000e+03	  4,86103e-02	  1,15035e-01
2723	  5,4440000000e+03	  5,23917e-02	  1,17366e-01
2724	  5,4460000000e+03	  5,36053e-02	  1,18755e-01
2725	  5,4480000000e+03	  5,48826e-02	  1,18564e-01
2726	  5,4500000000e+03	  5,87263e-02	  1,16224e-01
2727	  5,4520000000e+03	  6,03709e-02	  1,15885e-01
2728	  5,4540000000e+03	  6,21566e-02	  1,18357e-01
2729	  5,4560000000e+03	  6,36828e-02	  1,18085e-01
2730	  5,4580000000e+03	  6,54587e-02	  1,15847e-01
2731	  5,4600000000e+03	  6,76850e-02	  1,16273e-01
2732	  5,4620000000e+03	  6,90861e-02	  1,15361e-01
2733	  5,4640000000e+03	  7,03370e-02	  1,13442e-01
2734	  5,4660000000e+03	  7,11364e-02	  1,12573e-01
2735	  5,4680000000e+03	  7,46559e-02	  1,09925e-01
2736	  5,4700000000e+03	  7,73955e-02	  1,09434e-01
2737	  5,4720000000e+03	  7,71918e-02	  1,08780e-01
2738	  5,4740000000e+03	  7,94628e-02	  1,11071e-01
2739	  5,4760000000e+03	  8,25810e-02	  1,10607e-01
2740	  5,4780000000e+03	  8,46353e-02	  1,08102e-01
2741	  5,4800000000e+03	  8,54447e-02	  1,08387e-01
2742	  5,4820000000e+03	  8,63757e-02	  1,07131e-01
2743	  5,4840000000e+03	  8,70194e-02	  1,05536e-01
2744	  5,4860000000e+03	  8,95760e-02	  1,04814e-01
2745	  5,4880000000e+03	  9,02724e-02	  1,01151e-01
2746	  5,4900000000e+03	  9,29430e-02	  9,95877e-02
2747	  5,4920000000e+03	  9,46980e-02	  9,94478e-02
2748	  5,4940000000e+03	  9,27176e-02	  9,88795e-02
2749	  5,4960000000e+03	  9,45487e-02	  9,64795e-02
2750	  5,4980000000e+03	  9,70279e-02	  9,56112e-02
2751	  5,5000000000e+03	  9,80740e-02	  9,63261e-02
2752	  5,5020000000e+03	  9,98119e-02	  9,46811e-02
2753	  5,5040000000e+03	  1,01541e-01	  9,23965e-02
2754	  5,5060000000e+03	  1,03550e-01	  9,14681e-02
2755	  5,5080000000e+03	  1,03851e-01	  9,36221e-02
2756	  5,5100000000e+03	  1,04068e-01	  9,18725e-02
2757	  5,5120000000e+03	  1,06540e-01	  9,01566e-02
2758	  5,5140000000e+03	  1,09393e-01	  9,03754e-02
2759	  5,5160000000e+03	  1,12698e-01	  8,77412e-02
2760	  5,5180000000e+03	  1,12579e-01	  8,73591e-02
2761	  5,5200000000e+03	  1,16209e-01	  8,56747e-02
2762	  5,5220000000e+03	  1,16472e-01	  8,41196e-02
2763	  5,5240000000e+03	  1,15583e-01	  8,33862e-02
2764	  5,5260000000e+03	  1,14881e-01	  8,14300e-02
2765	  5,5280000000e+03	  1,17381e-01	  7,93235e-02
2766	  5,5300000000e+03	  1,19811e-01	  7,79922e-02
2767	  5,5320000000e+03	  1,22993e-01	  7,75767e-02
2768	  5,5340000000e+03	  1,24327e-01	  7,64486e-02
2769	  5,5360000000e+03	  1,23010e-01	  7,59889e-02
2770	  5,5380000000e+03	  1,24825e-01	  7,35213e-02
2771	  5,5400000000e+03	  1,25896e-01	  7,12767e-02
2772	  5,5420000000e+03	  1,27078e-01	  7,11697e-02
2773	  5,5440000000e+03	  1,29850e-01	  6,81386e-02
2774	  5,5460000000e+03	  1,31832e-01	  6,54590e-02
2775	  5,5480000000e+03	  1,31519e-01	  6,18175e-02
2776	  5,5500000000e+03	  1,34549e-01	  6,06993e-02
2777	  5,5520000000e+03	  1,34450e-01	  5,91655e-02
2778	  5,5540000000e+03	  1,36090e-01	  5,80548e-02
2779	  5,5560000000e+03	  1,35795e-01	  5,63275e-02
2780	  5,5580000000e+03	  1,35590e-01	  5,65289e-02
2781	  5,5600000000e+03	  1,37132e-01	  5,39760e-02
2782	  5,5620000000e+03	  1,37718e-01	  5,09736e-02
2783	  5,5640000000e+03	  1,40864e-01	  4,97345e-02
2784	  5,5660000000e+03	  1,41378e-01	  4,83267e-02
2785	  5,5680000000e+03	  1,42823e-01	  4,58857e-02
2786	  5,5700000000e+03	  1,42851e-01	  4,47690e-02
2787	  5,5720000000e+03	  1,43447e-01	  4,34820e-02
2788	  5,5740000000e+03	  1,45245e-01	  4,31643e-02
2789	  5,5760000000e+03	  1,46508e-01	  3,89227e-02
2790	  5,5780000000e+03	  1,46811e-01	  3,54355e-02
2791	  5,5800000000e+03	  1,48080e-01	  3,53322e-02
2792	  5,5820000000e+03	  1,50341e-01	  3,28803e-02
2793	  5,5840000000e+03	  1,48751e-01	  3,05262e-02
2794	  5,5860000000e+03	  1,48933e-01	  2,78242e-02
2795	  5,5880000000e+03	  1,49805e-01	  2,83904e-02
2796	  5,5900000000e+03	  1,51451e-01	  2,66158e-02
2797	  5,5920000000e+03	  1,54144e-01	  2,20772e-02
2798	  5,5940000000e+03	  1,53521e-01	  2,08754e-02
2799	  5,5960000000e+03	  1,54961e-01	  1,82690e-02
2800	  5,5980000000e+03	  1,54652e-01	  1,68243e-02
2801	  5,6000000000e+03	  1,55131e-01	  1,44782e-02
2802	  5,6020000000e+03	  1,56679e-01	  1,30213e-02
2803	  5,6040000000e+03	  1,56323e-01	  1,02234e-02
2804	  5,6060000000e+03	  1,53531e-01	  7,86079e-03
2805	  5,6080000000e+03	  1,54902e-01	  5,72983e-03
2806	  5,6100000000e+03	  1,57275e-01	  4,99847e-03
2807	  5,6120000000e+03	  1,59162e-01	  4,95368e-03
2808	  5,6140000000e+03	  1,58457e-01	  6,28768e-04
2809	  5,6160000000e+03	  1,56897e-01	 -2,39309e-03
2810	  5,6180000000e+03	  1,57657e-01	 -4,35740e-03
2811	  5,6200000000e+03	  1,60951e-01	 -6,67582e-03
2812	  5,6220000000e+03	  1,58744e-01	 -6,12093e-03
2813	  5,6240000000e+03	  1,59270e-01	 -7,33047e-03
2814	  5,6260000000e+03	  1,59087e-01	 -1,17078e-02
2815	  5,6280000000e+03	  1,59873e-01	 -1,57037e-02
2816	  5,6300000000e+03	  1,61892e-01	 -1,60388e-02
2817	  5,6320000000e+03	  1,61186e-01	 -1,87540e-02
2818	  5,6340000000e+03	  1,60824e-01	 -2,09847e-02
2819	  5,6360000000e+03	  1,60691e-01	 -2,38271e-02
2820	  5,6380000000e+03	  1,63303e-01	 -2,86924e-02
2821	  5,6400000000e+03	  1,62075e-01	 -3,10639e-02
2822	  5,6420000000e+03	  1,63536e-01	 -3,17153e-02
2823	  5,6440000000e+03	  1,61117e-01	 -3,61945e-02
2824	  5,6460000000e+03	  1,62832e-01	 -3,79703e-02
2825	  5,6480000000e+03	  1,65841e-01	 -3,96710e-02
2826	  5,6500000000e+03	  1,63797e-01	 -4,47391e-02
2827	  5,6520000000e+03	  1,60220e-01	 -4,76104e-02
2828	  5,6540000000e+03	  1,60551e-01	 -4,89171e-02
2829	  5,6560000000e+03	  1,61854e-01	 -5,43629e-02
2830	  5,6580000000e+03	  1,62027e-01	 -5,48121e-02
2831	  5,6600000000e+03	  1,62702e-01	 -5,68951e-02
2832	  5,6620000000e+03	  1,62141e-01	 -5,97273e-02
2833	  5,6640000000e+03	  1,59332e-01	 -6,42627e-02
2834	  5,6660000000e+03	  1,58962e-01	 -6,80355e-02
2835	  5,6680000000e+03	  1,58031e-01	 -6,99684e-02
2836	  5,6700000000e+03	  1,58850e-01	 -7,00355e-02
2837	  5,6720000000e+03	  1,58848e-01	 -7,17859e-02
2838	  5,6740000000e+03	  1,57554e-01	 -7,49661e-02
2839	  5,6760000000e+03	  1,57021e-01	 -7,70973e-02
2840	  5,6780000000e+03	  1,58293e-01	 -8,12575e-02
2841	  5,6800000000e+03	  1,57917e-01	 -8,70005e-02
2842	  5,6820000000e+03	  1,55890e-01	 -8,99589e-02
2843	  5,6840000000e+03	  1,52122e-01	 -9,14585e-02
2844	  5,6860000000e+03	  1,51219e-01	 -9,35653e-02
2845	  5,6880000000e+03	  1,49866e-01	 -9,38302e-02
2846	  5,6900000000e+03	  1,47642e-01	 -9,74145e-02
2847	  5,6920000000e+03	  1,47502e-01	 -1,01834e-01
2848	  5,6940000000e+03	  1,48177e-01	 -1,02482e-01
2849	  5,6960000000e+03	  1,46329e-01	 -1,05912e-01
2850	  5,6980000000e+03	  1,44543e-01	 -1,08254e-01
2851	  5,7000000000e+03	  1,40759e-01	 -1,10985e-01
2852	  5,7020000000e+03	  1,38186e-01	 -1,14227e-01
2853	  5,7040000000e+03	  1,36036e-01	 -1,16920e-01
2854	  5,7060000000e+03	  1,35200e-01	 -1,18514e-01
2855	  5,7080000000e+03	  1,33367e-01	 -1,20771e-01
2856	  5,7100000000e+03	  1,33754e-01	 -1,25413e-01
2857	  5,7120000000e+03	  1,30010e-01	 -1,30557e-01
2858	  5,7140000000e+03	  1,28430e-01	 -1,32472e-01
2859	  5,7160000000e+03	  1,24861e-01	 -1,32268e-01
2860	  5,7180000000e+03	  1,24009e-01	 -1,34975e-01
2861	  5,7200000000e+03	  1,23435e-01	 -1,37767e-01
2862	  5,7220000000e+03	  1,19735e-01	 -1,39238e-01
2863	  5,7240000000e+03	  1,16944e-01	 -1,38839e-01
2864	  5,7260000000e+03	  1,14981e-01	 -1,42000e-01
2865	  5,7280000000e+03	  1,12247e-01	 -1,46725e-01
2866	  5,7300000000e+03	  1,10985e-01	 -1,48794e-01
2867	  5,7320000000e+03	  1,07882e-01	 -1,51544e-01
2868	  5,7340000000e+03	  1,05412e-01	 -1,53059e-01
2869	  5,7360000000e+03	  1,01033e-01	 -1,53917e-01
2870	  5,7380000000e+03	  9,67756e-02	 -1,55267e-01
2871	  5,7400000000e+03	  9,69084e-02	 -1,57642e-01
2872	  5,7420000000e+03	  9,41528e-02	 -1,58971e-01
2873	  5,7440000000e+03	  9,17237e-02	 -1,61594e-01
2874	  5,7460000000e+03	  9,03526e-02	 -1,63595e-01
2875	  5,7480000000e+03	  8,69849e-02	 -1,62696e-01
2876	  5,7500000000e+03	  8,31669e-02	 -1,64883e-01
2877	  5,7520000000e+03	  8,00594e-02	 -1,68333e-01
2878	  5,7540000000e+03	  7,65021e-02	 -1,69417e-01
2879	  5,7560000000e+03	  7,61962e-02	 -1,71211e-01
2880	  5,7580000000e+03	  7,45442e-02	 -1,69281e-01
2881	  5,7600000000e+03	  6,95980e-02	 -1,69182e-01
2882	  5,7620000000e+03	  6,67974e-02	 -1,73759e-01
2883	  5,7640000000e+03	  6,38483e-02	 -1,75483e-01
2884	  5,7660000000e+03	  6,07298e-02	 -1,77652e-01
2885	  5,7680000000e+03	  5,54904e-02	 -1,79683e-01
2886	  5,7700000000e+03	  5,35477e-02	 -1,79080e-01
2887	  5,7720000000e+03	  5,11669e-02	 -1,79915e-01
2888	  5,7740000000e+03	  4,95193e-02	 -1,79826e-01
2889	  5,7760000000e+03	  4,47711e-02	 -1,82691e-01
2890	  5,7780000000e+03	  3,83271e-02	 -1,82900e-01
2891	  5,7800000000e+03	  3,67233e-02	 -1,81699e-01
2892	  5,7820000000e+03	  3,32389e-02	 -1,82542e-01
2893	  5,7840000000e+03	  3,04359e-02	 -1,83255e-01
2894	  5,7860000000e+03	  2,75683e-02	 -1,82111e-01
2895	  5,7880000000e+03	  2,49288e-02	 -1,84096e-01
2896	  5,7900000000e+03	  2,31230e-02	 -1,83491e-01
2897	  5,7920000000e+03	  2,02258e-02	 -1,84610e-01
2898	  5,7940000000e+03	  1,66643e-02	 -1,86523e-01
2899	  5,7960000000e+03	  1,35496e-02	 -1,84490e-01
2900	  5,7980000000e+03	  7,48667e-03	 -1,85183e-01
2901	  5,8000000000e+03	  2,79086e-03	 -1,84968e-01
2902	  5,8020000000e+03	  1,76500e-04	 -1,86662e-01
2903	  5,8040000000e+03	 -3,66561e-03	 -1,86748e-01
2904	  5,8060000000e+03	 -8,43729e-03	 -1,85108e-01
2905	  5,8080000000e+03	 -1,01799e-02	 -1,86270e-01
2906	  5,8100000000e+03	 -1,19904e-02	 -1,84665e-01
2907	  5,8120000000e+03	 -1,46429e-02	 -1,84001e-01
2908	  5,8140000000e+03	 -1,70875e-02	 -1,84430e-01
2909	  5,8160000000e+03	 -2,14205e-02	 -1,82348e-01
2910	  5,8180000000e+03	 -2,61871e-02	 -1,80929e-01
2911	  5,8200000000e+03	 -2,78431e-02	 -1,78978e-01
2912	  5,8220000000e+03	 -3,21215e-02	 -1,76312e-01
2913	  5,8240000000e+03	 -3,65440e-02	 -1,76060e-01
2914	  5,8260000000e+03	 -3,74905e-02	 -1,77361e-01
2915	  5,8280000000e+03	 -3,57710e-02	 -1,77585e-01
2916	  5,8300000000e+03	 -3,91416e-02	 -1,78368e-01
2917	  5,8320000000e+03	 -4,15871e-02	 -1,75965e-01
2918	  5,8340000000e+03	 -4,71296e-02	 -1,72793e-01
2919	  5,8360000000e+03	 -4,94345e-02	 -1,70750e-01
2920	  5,8380000000e+03	 -4,97728e-02	 -1,69057e-01
2921	  5,8400000000e+03	 -5,32853e-02	 -1,70628e-01
2922	  5,8420000000e+03	 -5,76741e-02	 -1,69008e-01
2923	  5,8440000000e+03	 -6,09296e-02	 -1,66608e-01
2924	  5,8460000000e+03	 -6,14706e-02	 -1,64794e-01
2925	  5,8480000000e+03	 -6,53284e-02	 -1,64193e-01
2926	  5,8500000000e+03	 -6,88714e-02	 -1,59974e-01
2927	  5,8520000000e+03	 -7,03053e-02	 -1,59643e-01
2928	  5,8540000000e+03	 -7,33373e-02	 -1,59030e-01
2929	  5,8560000000e+03	 -7,74674e-02	 -1,58110e-01
2930	  5,8580000000e+03	 -7,95963e-02	 -1,57618e-01
2931	  5,8600000000e+03	 -8,36635e-02	 -1,57279e-01
2932	  5,8620000000e+03	 -8,40952e-02	 -1,53063e-01
2933	  5,8640000000e+03	 -8,70737e-02	 -1,50946e-01
2934	  5,8660000000e+03	 -9,10772e-02	 -1,49348e-01
2935	  5,8680000000e+03	 -9,19353e-02	 -1,46955e-01
2936	  5,8700000000e+03	 -9,42199e-02	 -1,46861e-01
2937	  5,8720000000e+03	 -9,79237e-02	 -1,44726e-01
2938	  5,8740000000e+03	 -9,89600e-02	 -1,43086e-01
2939	  5,8760000000e+03	 -1,00836e-01	 -1,41805e-01
2940	  5,8780000000e+03	 -1,03988e-01	 -1,39883e-01
2941	  5,8800000000e+03	 -1,04176e-01	 -1,38176e-01
2942	  5,8820000000e+03	 -1,07252e-01	 -1,33086e-01
2943	  5,8840000000e+03	 -1,09491e-01	 -1,30642e-01
2944	  5,8860000000e+03	 -1,11192e-01	 -1,29681e-01
2945	  5,8880000000e+03	 -1,12382e-01	 -1,27792e-01
2946	  5,8900000000e+03	 -1,15375e-01	 -1,24296e-01
2947	  5,8920000000e+03	 -1,16659e-01	 -1,23151e-01
2948	  5,8940000000e+03	 -1,15676e-01	 -1,20428e-01
2949	  5,8960000000e+03	 -1,16874e-01	 -1,15411e-01
2950	  5,8980000000e+03	 -1,18409e-01	 -1,13975e-01
2951	  5,9000000000e+03	 -1,19749e-01	 -1,12841e-01
2952	  5,9020000000e+03	 -1,20410e-01	 -1,11046e-01
2953	  5,9040000000e+03	 -1,22035e-01	 -1,10294e-01
2954	  5,9060000000e+03	 -1,20292e-01	 -1,06718e-01
2955	  5,9080000000e+03	 -1,21829e-01	 -1,03052e-01
2956	  5,9100000000e+03	 -1,24439e-01	 -1,03369e-01
2957	  5,9120000000e+03	 -1,25967e-01	 -1,00842e-01
2958	  5,9140000000e+03	 -1,26451e-01	 -9,77315e-02
2959	  5,9160000000e+03	 -1,27321e-01	 -9,52781e-02
2960	  5,9180000000e+03	 -1,27676e-01	 -9,45152e-02
2961	  5,9200000000e+03	 -1,28859e-01	 -9,40951e-02
2962	  5,9220000000e+03	 -1,30644e-01	 -9,04445e-02
2963	  5,9240000000e+03	 -1,33712e-01	 -8,63751e-02
2964	  5,9260000000e+03	 -1,34809e-01	 -8,47748e-02
2965	  5,9280000000e+03	 -1,35876e-01	 -8,35190e-02
2966	  5,9300000000e+03	 -1,36803e-01	 -7,89665e-02
2967	  5,9320000000e+03	 -1,35848e-01	 -7,73109e-02
2968	  5,9340000000e+03	 -1,36531e-01	 -7,49189e-02
2969	  5,9360000000e+03	 -1,37991e-01	 -7,29024e-02
2970	  5,9380000000e+03	 -1,38661e-01	 -7,02622e-02
2971	  5,9400000000e+03	 -1,39348e-01	 -6,61930e-02
2972	  5,9420000000e+03	 -1,40785e-01	 -6,63128e-02
2973	  5,9440000000e+03	 -1,40362e-01	 -6,61639e-02
2974	  5,9460000000e+03	 -1,39064e-01	 -6,32228e-02
2975	  5,9480000000e+03	 -1,40983e-01	 -5,96718e-02
2976	  5,9500000000e+03	 -1,40510e-01	 -5,73904e-02
2977	  5,9520000000e+03	 -1,41481e-01	 -5,50995e-02
2978	  5,9540000000e+03	 -1,40953e-01	 -5,21420e-02
2979	  5,9560000000e+03	 -1,38395e-01	 -5,03449e-02
2980	  5,9580000000e+03	 -1,38357e-01	 -4,71202e-02
2981	  5,9600000000e+03	 -1,41187e-01	 -4,64720e-02
2982	  5,9620000000e+03	 -1,41363e-01	 -4,24951e-02
2983	  5,9640000000e+03	 -1,38540e-01	 -3,97825e-02
2984	  5,9660000000e+03	 -1,38169e-01	 -3,87869e-02
2985	  5,9680000000e+03	 -1,37534e-01	 -3,82170e-02
2986	  5,9700000000e+03	 -1,38074e-01	 -3,75572e-02
2987	  5,9720000000e+03	 -1,38083e-01	 -3,38618e-02
2988	  5,9740000000e+03	 -1,38407e-01	 -3,07641e-02
2989	  5,9760000000e+03	 -1,37657e-01	 -2,88381e-02
2990	  5,9780000000e+03	 -1,39095e-01	 -2,79346e-02
2991	  5,9800000000e+03	 -1,39541e-01	 -2,53763e-02
2992	  5,9820000000e+03	 -1,39425e-01	 -2,44819e-02
2993	  5,9840000000e+03	 -1,37268e-01	 -2,28893e-02
2994	  5,9860000000e+03	 -1,37067e-01	 -2,23692e-02
2995	  5,9880000000e+03	 -1,38562e-01	 -2,11296e-02
2996	  5,9900000000e+03	 -1,37722e-01	 -1,81457e-02
2997	  5,9920000000e+03	 -1,36939e-01	 -1,62015e-02
2998	  5,9940000000e+03	 -1,37637e-01	 -1,58007e-02
2999	  5,9960000000e+03	 -1,39570e-01	 -1,28585e-02
3000	  5,9980000000e+03	 -1,40865e-01	 -1,15067e-02
3001	  6,0000000000e+03	 -1,41140e-01	 -1,01482e-02
3002	  6,0020000000e+03	 -1,39660e-01	 -7,75260e-03
3003	  6,0040000000e+03	 -1,35814e-01	 -5,84299e-03
3004	  6,0060000000e+03	 -1,36009e-01	 -4,47462e-03
3005	  6,0080000000e+03	 -1,36730e-01	 -2,94746e-03
3006	  6,0100000000e+03	 -1,35906e-01	 -3,15975e-04
3007	  6,0120000000e+03	 -1,36923e-01	  2,25394e-03
3008	  6,0140000000e+03	 -1,36834e-01	  3,83817e-03
3009	  6,0160000000e+03	 -1,37245e-01	  3,28414e-03
3010	  6,0180000000e+03	 -1,35829e-01	  3,49055e-03
3011	  6,0200000000e+03	 -1,36082e-01	  7,47297e-03
3012	  6,0220000000e+03	 -1,36494e-01	  1,07496e-02
3013	  6,0240000000e+03	 -1,36113e-01	  1,16420e-02
3014	  6,0260000000e+03	 -1,36619e-01	  1,42869e-02
3015	  6,0280000000e+03	 -1,36425e-01	  1,59082e-02
3016	  6,0300000000e+03	 -1,34310e-01	  1,55080e-02
3017	  6,0320000000e+03	 -1,31998e-01	  1,97820e-02
3018	  6,0340000000e+03	 -1,33156e-01	  1,92907e-02
3019	  6,0360000000e+03	 -1,34395e-01	  1,99280e-02
3020	  6,0380000000e+03	 -1,34895e-01	  2,38020e-02
3021	  6,0400000000e+03	 -1,36383e-01	  2,69851e-02
3022	  6,0420000000e+03	 -1,36293e-01	  2,91493e-02
3023	  6,0440000000e+03	 -1,34269e-01	  2,87440e-02
3024	  6,0460000000e+03	 -1,31300e-01	  2,87564e-02
3025	  6,0480000000e+03	 -1,31348e-01	  2,96311e-02
3026	  6,0500000000e+03	 -1,33231e-01	  3,09333e-02
3027	  6,0520000000e+03	 -1,33747e-01	  3,48221e-02
3028	  6,0540000000e+03	 -1,32548e-01	  3,85941e-02
3029	  6,0560000000e+03	 -1,29146e-01	  3,98462e-02
3030	  6,0580000000e+03	 -1,28773e-01	  4,14401e-02
3031	  6,0600000000e+03	 -1,29353e-01	  4,36674e-02
3032	  6,0620000000e+03	 -1,31111e-01	  4,43133e-02
3033	  6,0640000000e+03	 -1,30033e-01	  4,62647e-02
3034	  6,0660000000e+03	 -1,27321e-01	  4,99762e-02
3035	  6,0680000000e+03	 -1,29115e-01	  5,08109e-02
3036	  6,0700000000e+03	 -1,28566e-01	  5,35438e-02
3037	  6,0720000000e+03	 -1,26819e-01	  5,61159e-02
3038	  6,0740000000e+03	 -1,22380e-01	  5,77005e-02
3039	  6,0760000000e+03	 -1,21799e-01	  5,82323e-02
3040	  6,0780000000e+03	 -1,22932e-01	  5,97585e-02
3041	  6,0800000000e+03	 -1,21068e-01	  6,41784e-02
3042	  6,0820000000e+03	 -1,21130e-01	  6,47644e-02
3043	  6,0840000000e+03	 -1,20158e-01	  6,54905e-02
3044	  6,0860000000e+03	 -1,18678e-01	  6,81392e-02
3045	  6,0880000000e+03	 -1,16549e-01	  6,86854e-02
3046	  6,0900000000e+03	 -1,13930e-01	  7,10815e-02
3047	  6,0920000000e+03	 -1,12748e-01	  7,29753e-02
3048	  6,0940000000e+03	 -1,14066e-01	  7,46173e-02
3049	  6,0960000000e+03	 -1,13311e-01	  7,61047e-02
3050	  6,0980000000e+03	 -1,10063e-01	  8,00471e-02
3051	  6,1000000000e+03	 -1,06203e-01	  8,24770e-02
3052	  6,1020000000e+03	 -1,05406e-01	  8,32884e-02
3053	  6,1040000000e+03	 -1,07605e-01	  8,27717e-02
3054	  6,1060000000e+03	 -1,04986e-01	  8,32479e-02
3055	  6,1080000000e+03	 -1,02797e-01	  8,65073e-02
3056	  6,1100000000e+03	 -9,80316e-02	  8,87991e-02
3057	  6,1120000000e+03	 -9,68879e-02	  8,95452e-02
3058	  6,1140000000e+03	 -9,62132e-02	  9,00036e-02
3059	  6,1160000000e+03	 -9,57828e-02	  9,07502e-02
3060	  6,1180000000e+03	 -9,21969e-02	  9,21114e-02
3061	  6,1200000000e+03	 -9,12715e-02	  9,30260e-02
3062	  6,1220000000e+03	 -9,14198e-02	  9,24504e-02
3063	  6,1240000000e+03	 -8,84646e-02	  9,13973e-02
3064	  6,1260000000e+03	 -8,51958e-02	  9,58270e-02
3065	  6,1280000000e+03	 -8,53073e-02	  9,75292e-02
3066	  6,1300000000e+03	 -8,27289e-02	  9,85642e-02
3067	  6,1320000000e+03	 -8,00656e-02	  9,89590e-02
3068	  6,1340000000e+03	 -8,01702e-02	  9,79111e-02
3069	  6,1360000000e+03	 -8,02090e-02	  9,91164e-02
3070	  6,1380000000e+03	 -7,86368e-02	  9,95129e-02
3071	  6,1400000000e+03	 -7,94142e-02	  9,97158e-02
3072	  6,1420000000e+03	 -7,61125e-02	  1,00874e-01
3073	  6,1440000000e+03	 -7,28985e-02	  1,02098e-01
3074	  6,1460000000e+03	 -7,27184e-02	  1,01045e-01
3075	  6,1480000000e+03	 -7,05242e-02	  1,03213e-01
3076	  6,1500000000e+03	 -6,83407e-02	  1,04084e-01
3077	  6,1520000000e+03	 -6,51619e-02	  1,02888e-01
3078	  6,1540000000e+03	 -6,46055e-02	  1,05503e-01
3079	  6,1560000000e+03	 -6,19188e-02	  1,07679e-01
3080	  6,1580000000e+03	 -6,08509e-02	  1,07176e-01
3081	  6,1600000000e+03	 -6,20566e-02	  1,06886e-01
3082	  6,1620000000e+03	 -5,82737e-02	  1,08709e-01
3083	  6,1640000000e+03	 -5,58597e-02	  1,10883e-01
3084	  6,1660000000e+03	 -5,42179e-02	  1,10687e-01
3085	  6,1680000000e+03	 -5,37453e-02	  1,11724e-01
3086	  6,1700000000e+03	 -5,26212e-02	  1,10101e-01
3087	  6,1720000000e+03	 -5,08581e-02	  1,08436e-01
3088	  6,1740000000e+03	 -5,05395e-02	  1,10753e-01
3089	  6,1760000000e+03	 -4,57020e-02	  1,13483e-01
3090	  6,1780000000e+03	 -4,52893e-02	  1,15662e-01
3091	  6,1800000000e+03	 -4,59430e-02	  1,14636e-01
3092	  6,1820000000e+03	 -4,82929e-02	  1,13568e-01
3093	  6,1840000000e+03	 -4,61758e-02	  1,13047e-01
3094	  6,1860000000e+03	 -4,18701e-02	  1,14307e-01
3095	  6,1880000000e+03	 -4,05256e-02	  1,16854e-01
3096	  6,1900000000e+03	 -3,67551e-02	  1,16533e-01
3097	  6,1920000000e+03	 -3,31916e-02	  1,14513e-01
3098	  6,1940000000e+03	 -2,93526e-02	  1,14973e-01
3099	  6,1960000000e+03	 -2,71041e-02	  1,15501e-01
3100	  6,1980000000e+03	 -2,81132e-02	  1,14386e-01
3101	  6,2000000000e+03	 -2,75845e-02	  1,14352e-01
3102	  6,2020000000e+03	 -2,51172e-02	  1,14850e-01
3103	  6,2040000000e+03	 -2,34878e-02	  1,15335e-01
3104	  6,2060000000e+03	 -2,16958e-02	  1,16225e-01
3105	  6,2080000000e+03	 -2,05189e-02	  1,15199e-01
3106	  6,2100000000e+03	 -2,29473e-02	  1,14721e-01
3107	  6,2120000000e+03	 -2,19385e-02	  1,15075e-01
3108	  6,2140000000e+03	 -1,84140e-02	  1,13350e-01
3109	  6,2160000000e+03	 -1,65925e-02	  1,13613e-01
3110	  6,2180000000e+03	 -1,25104e-02	  1,14834e-01
3111	  6,2200000000e+03	 -1,03718e-02	  1,15963e-01
3112	  6,2220000000e+03	 -8,00507e-03	  1,15233e-01
3113	  6,2240000000e+03	 -8,72654e-03	  1,16466e-01
3114	  6,2260000000e+03	 -7,14106e-03	  1,15007e-01
3115	  6,2280000000e+03	 -3,86720e-03	  1,12908e-01
3116	  6,2300000000e+03	 -2,54693e-03	  1,14488e-01
3117	  6,2320000000e+03	 -1,86399e-03	  1,14207e-01
3118	  6,2340000000e+03	  7,41997e-04	  1,13526e-01
3119	  6,2360000000e+03	  2,27071e-03	  1,13735e-01
3120	  6,2380000000e+03	  3,31797e-03	  1,14756e-01
3121	  6,2400000000e+03	  5,30573e-03	  1,15963e-01
3122	  6,2420000000e+03	  7,87586e-03	  1,13731e-01
3123	  6,2440000000e+03	  1,14643e-02	  1,12664e-01
3124	  6,2460000000e+03	  1,24405e-02	  1,12568e-01
3125	  6,2480000000e+03	  1,11300e-02	  1,10161e-01
3126	  6,2500000000e+03	  1,18865e-02	  1,10662e-01
3127	  6,2520000000e+03	  1,43017e-02	  1,12082e-01
3128	  6,2540000000e+03	  1,67417e-02	  1,12258e-01
3129	  6,2560000000e+03	  1,84432e-02	  1,10415e-01
3130	  6,2580000000e+03	  1,74283e-02	  1,09036e-01
3131	  6,2600000000e+03	  2,21822e-02	  1,09863e-01
3132	  6,2620000000e+03	  2,31483e-02	  1,07931e-01
3133	  6,2640000000e+03	  2,38260e-02	  1,05588e-01
3134	  6,2660000000e+03	  2,41096e-02	  1,05907e-01
3135	  6,2680000000e+03	  2,61541e-02	  1,06306e-01
3136	  6,2700000000e+03	  2,69982e-02	  1,05867e-01
3137	  6,2720000000e+03	  3,02242e-02	  1,05732e-01
3138	  6,2740000000e+03	  3,22463e-02	  1,02921e-01
3139	  6,2760000000e+03	  3,40570e-02	  1,04422e-01
3140	  6,2780000000e+03	  3,30319e-02	  1,01482e-01
3141	  6,2800000000e+03	  3,46321e-02	  1,01819e-01
3142	  6,2820000000e+03	  3,75790e-02	  1,01204e-01
3143	  6,2840000000e+03	  3,92532e-02	  9,95660e-02
3144	  6,2860000000e+03	  3,96376e-02	  9,68856e-02
3145	  6,2880000000e+03	  4,02833e-02	  9,81773e-02
3146	  6,2900000000e+03	  4,13440e-02	  9,85091e-02
3147	  6,2920000000e+03	  4,53208e-02	  9,93815e-02
3148	  6,2940000000e+03	  4,40845e-02	  9,59567e-02
3149	  6,2960000000e+03	  4,44115e-02	  9,29482e-02
3150	  6,2980000000e+03	  4,72555e-02	  9,14325e-02
3151	  6,3000000000e+03	  4,79101e-02	  9,14644e-02
3152	  6,3020000000e+03	  4,89847e-02	  9,16145e-02
3153	  6,3040000000e+03	  5,02268e-02	  9,21768e-02
3154	  6,3060000000e+03	  4,95598e-02	  8,81262e-02
3155	  6,3080000000e+03	  5,13347e-02	  8,78102e-02
3156	  6,3100000000e+03	  5,20434e-02	  8,69867e-02
3157	  6,3120000000e+03	  5,29652e-02	  8,53872e-02
3158	  6,3140000000e+03	  5,42535e-02	  8,38002e-02
3159	  6,3160000000e+03	  5,39287e-02	  8,24681e-02
3160	  6,3180000000e+03	  5,47905e-02	  8,11951e-02
3161	  6,3200000000e+03	  5,54159e-02	  7,85992e-02
3162	  6,3220000000e+03	  5,54503e-02	  7,90388e-02
3163	  6,3240000000e+03	  5,78879e-02	  7,82531e-02
3164	  6,3260000000e+03	  5,92850e-02	  7,40967e-02
3165	  6,3280000000e+03	  5,80176e-02	  7,38987e-02
3166	  6,3300000000e+03	  5,86909e-02	  7,21694e-02
3167	  6,3320000000e+03	  5,76341e-02	  7,03271e-02
3168	  6,3340000000e+03	  5,78584e-02	  7,17242e-02
3169	  6,3360000000e+03	  5,55213e-02	  7,18433e-02
3170	  6,3380000000e+03	  5,55941e-02	  6,95295e-02
3171	  6,3400000000e+03	  5,69509e-02	  6,94745e-02
3172	  6,3420000000e+03	  6,00586e-02	  6,78785e-02
3173	  6,3440000000e+03	  5,95225e-02	  6,76528e-02
3174	  6,3460000000e+03	  6,00156e-02	  6,92095e-02
3175	  6,3480000000e+03	  6,13913e-02	  6,82798e-02
3176	  6,3500000000e+03	  6,16655e-02	  6,56222e-02
3177	  6,3520000000e+03	  6,08741e-02	  6,37766e-02
3178	  6,3540000000e+03	  6,12853e-02	  6,26369e-02
3179	  6,3560000000e+03	  6,16944e-02	  6,28605e-02
3180	  6,3580000000e+03	  6,10195e-02	  6,24761e-02
3181	  6,3600000000e+03	  6,08392e-02	  6,24334e-02
3182	  6,3620000000e+03	  6,12468e-02	  6,05729e-02
3183	  6,3640000000e+03	  6,20786e-02	  6,16821e-02
3184	  6,3660000000e+03	  6,35558e-02	  6,11600e-02
3185	  6,3680000000e+03	  6,42288e-02	  5,98564e-02
3186	  6,3700000000e+03	  6,37989e-02	  5,95096e-02
3187	  6,3720000000e+03	  6,19136e-02	  5,76253e-02
3188	  6,3740000000e+03	  6,56969e-02	  5,56477e-02
3189	  6,3760000000e+03	  6,68286e-02	  5,32653e-02
3190	  6,3780000000e+03	  6,75398e-02	  5,42440e-02
3191	  6,3800000000e+03	  6,78846e-02	  5,33006e-02
3192	  6,3820000000e+03	  6,96566e-02	  5,13227e-02
3193	  6,3840000000e+03	  6,88105e-02	  4,98732e-02
3194	  6,3860000000e+03	  6,73916e-02	  4,93280e-02
3195	  6,3880000000e+03	  6,78630e-02	  5,23932e-02
3196	  6,3900000000e+03	  7,13166e-02	  5,22542e-02
3197	  6,3920000000e+03	  6,97955e-02	  5,05709e-02
3198	  6,3940000000e+03	  6,80803e-02	  5,08289e-02
3199	  6,3960000000e+03	  6,82151e-02	  5,05509e-02
3200	  6,3980000000e+03	  7,26765e-02	  5,07594e-02
3201	  6,4000000000e+03	  7,07312e-02	  4,92922e-02
3202	  6,4020000000e+03	  6,97696e-02	  4,64767e-02
3203	  6,4040000000e+03	  6,98768e-02	  4,72514e-02
3204	  6,4060000000e+03	  7,17580e-02	  4,58797e-02
3205	  6,4080000000e+03	  7,20492e-02	  4,66742e-02
3206	  6,4100000000e+03	  7,11365e-02	  4,51691e-02
3207	  6,4120000000e+03	  7,32654e-02	  4,35987e-02
3208	  6,4140000000e+03	  7,22969e-02	  4,33020e-02
3209	  6,4160000000e+03	  7,10198e-02	  4,18300e-02
3210	  6,4180000000e+03	  7,28315e-02	  4,08773e-02
3211	  6,4200000000e+03	  7,30455e-02	  4,21172e-02
3212	  6,4220000000e+03	  7,61623e-02	  3,97283e-02
3213	  6,4240000000e+03	  7,74539e-02	  3,93284e-02
3214	  6,4260000000e+03	  7,68231e-02	  4,10856e-02
3215	  6,4280000000e+03	  7,56220e-02	  4,12112e-02
3216	  6,4300000000e+03	  7,63344e-02	  3,94190e-02
3217	  6,4320000000e+03	  7,93693e-02	  3,66383e-02
3218	  6,4340000000e+03	  7,99667e-02	  3,43305e-02
3219	  6,4360000000e+03	  7,95002e-02	  3,33344e-02
3220	  6,4380000000e+03	  8,03408e-02	  3,31997e-02
3221	  6,4400000000e+03	  7,87934e-02	  3,12290e-02
3222	  6,4420000000e+03	  8,09235e-02	  2,96068e-02
3223	  6,4440000000e+03	  8,29111e-02	  2,97157e-02
3224	  6,4460000000e+03	  8,01617e-02	  2,83882e-02
3225	  6,4480000000e+03	  7,79281e-02	  2,79525e-02
3226	  6,4500000000e+03	  7,78828e-02	  2,95182e-02
3227	  6,4520000000e+03	  8,17524e-02	  2,67751e-02
3228	  6,4540000000e+03	  8,32093e-02	  2,68404e-02
3229	  6,4560000000e+03	  8,31915e-02	  2,47536e-02
3230	  6,4580000000e+03	  8,24154e-02	  2,56272e-02
3231	  6,4600000000e+03	  8,14370e-02	  2,71197e-02
3232	  6,4620000000e+03	  8,00889e-02	  2,54462e-02
3233	  6,4640000000e+03	  8,21580e-02	  2,30856e-02
3234	  6,4660000000e+03	  8,28752e-02	  2,19924e-02
3235	  6,4680000000e+03	  8,34161e-02	  1,95715e-02
3236	  6,4700000000e+03	  8,43023e-02	  1,99853e-02
3237	  6,4720000000e+03	  8,30843e-02	  1,88719e-02
3238	  6,4740000000e+03	  8,38068e-02	  2,05436e-02
3239	  6,4760000000e+03	  8,47167e-02	  2,01365e-02
3240	  6,4780000000e+03	  8,62762e-02	  1,87441e-02
3241	  6,4800000000e+03	  8,69907e-02	  1,84072e-02
3242	  6,4820000000e+03	  8,63048e-02	  1,75077e-02
3243	  6,4840000000e+03	  8,60990e-02	  1,33435e-02
3244	  6,4860000000e+03	  8,65839e-02	  1,18834e-02
3245	  6,4880000000e+03	  8,66437e-02	  1,10841e-02
3246	  6,4900000000e+03	  8,81094e-02	  9,36144e-03
3247	  6,4920000000e+03	  8,69552e-02	  8,60434e-03
3248	  6,4940000000e+03	  8,57631e-02	  7,21332e-03
3249	  6,4960000000e+03	  8,59748e-02	  5,94826e-03
3250	  6,4980000000e+03	  8,77348e-02	  7,16555e-03
3251	  6,5000000000e+03	  8,63702e-02	  7,42415e-03
3252	  6,5020000000e+03	  8,66507e-02	  3,98095e-03
3253	  6,5040000000e+03	  8,68572e-02	  2,32209e-03
3254	  6,5060000000e+03	  8,84512e-02	  3,58849e-03
3255	  6,5080000000e+03	  8,96803e-02	  3,68449e-03
3256	  6,5100000000e+03	  8,70546e-02	  2,94444e-03
3257	  6,5120000000e+03	  8,63230e-02	 -1,45851e-03
3258	  6,5140000000e+03	  8,76164e-02	 -4,38423e-03
3259	  6,5160000000e+03	  8,80642e-02	 -4,45699e-03
3260	  6,5180000000e+03	  8,81661e-02	 -2,02810e-03
3261	  6,5200000000e+03	  8,72682e-02	 -5,05327e-03
3262	  6,5220000000e+03	  8,49326e-02	 -5,64675e-03
3263	  6,5240000000e+03	  8,67613e-02	 -4,60764e-03
3264	  6,5260000000e+03	  8,81111e-02	 -4,31122e-03
3265	  6,5280000000e+03	  8,77214e-02	 -5,16762e-03
3266	  6,5300000000e+03	  8,86268e-02	 -8,27842e-03
3267	  6,5320000000e+03	  8,69322e-02	 -8,58299e-03
3268	  6,5340000000e+03	  8,67529e-02	 -9,27786e-03
3269	  6,5360000000e+03	  8,59814e-02	 -1,10255e-02
3270	  6,5380000000e+03	  8,57914e-02	 -1,06057e-02
3271	  6,5400000000e+03	  8,63356e-02	 -1,15699e-02
3272	  6,5420000000e+03	  8,57955e-02	 -1,29017e-02
3273	  6,5440000000e+03	  8,99912e-02	 -1,28427e-02
3274	  6,5460000000e+03	  9,22157e-02	 -1,27769e-02
3275	  6,5480000000e+03	  8,98985e-02	 -1,48731e-02
3276	  6,5500000000e+03	  8,90009e-02	 -1,72881e-02
3277	  6,5520000000e+03	  8,98206e-02	 -1,66825e-02
3278	  6,5540000000e+03	  8,92559e-02	 -1,86693e-02
3279	  6,5560000000e+03	  9,15533e-02	 -2,01961e-02
3280	  6,5580000000e+03	  9,20944e-02	 -2,17031e-02
3281	  6,5600000000e+03	  9,19412e-02	 -2,31973e-02
3282	  6,5620000000e+03	  9,25771e-02	 -2,54839e-02
3283	  6,5640000000e+03	  9,28107e-02	 -2,78080e-02
3284	  6,5660000000e+03	  9,29710e-02	 -2,97082e-02
3285	  6,5680000000e+03	  9,19126e-02	 -2,73930e-02
3286	  6,5700000000e+03	  8,96023e-02	 -3,01091e-02
3287	  6,5720000000e+03	  8,65307e-02	 -3,16419e-02
3288	  6,5740000000e+03	  8,71920e-02	 -3,09162e-02
3289	  6,5760000000e+03	  8,55258e-02	 -3,48007e-02
3290	  6,5780000000e+03	  8,47841e-02	 -3,86720e-02
3291	  6,5800000000e+03	  8,66342e-02	 -3,90992e-02
3292	  6,5820000000e+03	  8,57315e-02	 -3,78455e-02
3293	  6,5840000000e+03	  8,47755e-02	 -3,63380e-02
3294	  6,5860000000e+03	  8,63960e-02	 -3,54524e-02
3295	  6,5880000000e+03	  8,65310e-02	 -3,94429e-02
3296	  6,5900000000e+03	  8,28395e-02	 -4,16333e-02
3297	  6,5920000000e+03	  8,15970e-02	 -4,21886e-02
3298	  6,5940000000e+03	  8,38554e-02	 -4,18881e-02
3299	  6,5960000000e+03	  8,41438e-02	 -4,22946e-02
3300	  6,5980000000e+03	  8,56717e-02	 -4,52618e-02
3301	  6,6000000000e+03	  8,48530e-02	 -4,80505e-02
3302	  6,6020000000e+03	  8,64610e-02	 -4,84172e-02
3303	  6,6040000000e+03	  8,49532e-02	 -4,87995e-02
3304	  6,6060000000e+03	  8,40592e-02	 -4,80147e-02
3305	  6,6080000000e+03	  8,61917e-02	 -4,91633e-02
3306	  6,6100000000e+03	  8,48586e-02	 -4,87990e-02
3307	  6,6120000000e+03	  8,18730e-02	 -5,22276e-02
3308	  6,6140000000e+03	  8,08078e-02	 -5,45112e-02
3309	  6,6160000000e+03	  8,16746e-02	 -5,73651e-02
3310	  6,6180000000e+03	  8,18619e-02	 -5,85076e-02
3311	  6,6200000000e+03	  8,21625e-02	 -5,80309e-02
3312	  6,6220000000e+03	  7,97338e-02	 -6,17474e-02
3313	  6,6240000000e+03	  7,76610e-02	 -6,38716e-02
3314	  6,6260000000e+03	  7,82145e-02	 -6,27171e-02
3315	  6,6280000000e+03	  7,90605e-02	 -6,33614e-02
3316	  6,6300000000e+03	  7,89625e-02	 -6,64044e-02
3317	  6,6320000000e+03	  7,74435e-02	 -6,87511e-02
3318	  6,6340000000e+03	  7,66451e-02	 -6,92941e-02
3319	  6,6360000000e+03	  7,63583e-02	 -7,13782e-02
3320	  6,6380000000e+03	  7,65561e-02	 -7,16307e-02
3321	  6,6400000000e+03	  7,49048e-02	 -7,27002e-02
3322	  6,6420000000e+03	  7,30018e-02	 -7,24481e-02
3323	  6,6440000000e+03	  7,02428e-02	 -7,25071e-02
3324	  6,6460000000e+03	  6,98788e-02	 -7,72001e-02
3325	  6,6480000000e+03	  6,95697e-02	 -7,75205e-02
3326	  6,6500000000e+03	  6,75952e-02	 -7,73916e-02
3327	  6,6520000000e+03	  6,70171e-02	 -7,99293e-02
3328	  6,6540000000e+03	  6,77943e-02	 -8,14357e-02
3329	  6,6560000000e+03	  6,74890e-02	 -8,06438e-02
3330	  6,6580000000e+03	  6,48301e-02	 -8,41006e-02
3331	  6,6600000000e+03	  6,32762e-02	 -8,41141e-02
3332	  6,6620000000e+03	  6,18200e-02	 -8,41977e-02
3333	  6,6640000000e+03	  6,09711e-02	 -8,58184e-02
3334	  6,6660000000e+03	  6,02350e-02	 -8,72898e-02
3335	  6,6680000000e+03	  5,93391e-02	 -8,93884e-02
3336	  6,6700000000e+03	  5,83746e-02	 -8,99951e-02
3337	  6,6720000000e+03	  5,71791e-02	 -8,90617e-02
3338	  6,6740000000e+03	  5,49642e-02	 -9,13550e-02
3339	  6,6760000000e+03	  5,49229e-02	 -9,41385e-02
3340	  6,6780000000e+03	  5,33636e-02	 -9,41742e-02
3341	  6,6800000000e+03	  4,99138e-02	 -9,47875e-02
3342	  6,6820000000e+03	  4,78272e-02	 -9,80734e-02
3343	  6,6840000000e+03	  4,52758e-02	 -9,69479e-02
3344	  6,6860000000e+03	  4,70986e-02	 -9,83860e-02
3345	  6,6880000000e+03	  4,89838e-02	 -1,01100e-01
3346	  6,6900000000e+03	  4,71973e-02	 -9,88001e-02
3347	  6,6920000000e+03	  4,51787e-02	 -9,76609e-02
3348	  6,6940000000e+03	  4,25925e-02	 -1,00402e-01
3349	  6,6960000000e+03	  3,83579e-02	 -1,03209e-01
3350	  6,6980000000e+03	  3,81096e-02	 -1,04067e-01
3351	  6,7000000000e+03	  3,74158e-02	 -1,03353e-01
3352	  6,7020000000e+03	  3,53180e-02	 -1,02154e-01
3353	  6,7040000000e+03	  3,39978e-02	 -1,04360e-01
3354	  6,7060000000e+03	  3,10667e-02	 -1,04591e-01
3355	  6,7080000000e+03	  2,87296e-02	 -1,04853e-01
3356	  6,7100000000e+03	  2,51094e-02	 -1,06281e-01
3357	  6,7120000000e+03	  2,68456e-02	 -1,07493e-01
3358	  6,7140000000e+03	  2,67607e-02	 -1,07180e-01
3359	  6,7160000000e+03	  2,25016e-02	 -1,07099e-01
3360	  6,7180000000e+03	  2,00475e-02	 -1,10385e-01
3361	  6,7200000000e+03	  1,95769e-02	 -1,10096e-01
3362	  6,7220000000e+03	  1,89630e-02	 -1,07208e-01
3363	  6,7240000000e+03	  1,73167e-02	 -1,08372e-01
3364	  6,7260000000e+03	  1,46030e-02	 -1,10736e-01
3365	  6,7280000000e+03	  1,45548e-02	 -1,10383e-01
3366	  6,7300000000e+03	  1,14198e-02	 -1,10091e-01
3367	  6,7320000000e+03	  1,02715e-02	 -1,11881e-01
3368	  6,7340000000e+03	  9,33222e-03	 -1,13904e-01
3369	  6,7360000000e+03	  8,71788e-03	 -1,14768e-01
3370	  6,7380000000e+03	  8,04559e-03	 -1,15019e-01
3371	  6,7400000000e+03	  5,93347e-03	 -1,14851e-01
3372	  6,7420000000e+03	  8,10368e-04	 -1,15118e-01
3373	  6,7440000000e+03	 -4,82826e-04	 -1,13285e-01
3374	  6,7460000000e+03	 -1,87508e-03	 -1,12012e-01
3375	  6,7480000000e+03	 -3,08846e-03	 -1,10450e-01
3376	  6,7500000000e+03	 -5,03594e-03	 -1,13424e-01
3377	  6,7520000000e+03	 -8,23915e-03	 -1,15495e-01
3378	  6,7540000000e+03	 -1,02591e-02	 -1,14942e-01
3379	  6,7560000000e+03	 -1,20578e-02	 -1,15954e-01
3380	  6,7580000000e+03	 -1,34461e-02	 -1,14857e-01
3381	  6,7600000000e+03	 -1,50947e-02	 -1,15181e-01
3382	  6,7620000000e+03	 -1,95635e-02	 -1,14935e-01
3383	  6,7640000000e+03	 -2,07002e-02	 -1,13290e-01
3384	  6,7660000000e+03	 -2,00569e-02	 -1,14084e-01
3385	  6,7680000000e+03	 -2,03962e-02	 -1,12920e-01
3386	  6,7700000000e+03	 -2,24431e-02	 -1,12727e-01
3387	  6,7720000000e+03	 -2,42861e-02	 -1,11760e-01
3388	  6,7740000000e+03	 -2,55789e-02	 -1,11919e-01
3389	  6,7760000000e+03	 -2,85761e-02	 -1,12970e-01
3390	  6,7780000000e+03	 -3,08579e-02	 -1,13795e-01
3391	  6,7800000000e+03	 -3,50688e-02	 -1,13888e-01
3392	  6,7820000000e+03	 -3,81137e-02	 -1,13024e-01
3393	  6,7840000000e+03	 -3,87407e-02	 -1,11056e-01
3394	  6,7860000000e+03	 -3,80104e-02	 -1,11497e-01
3395	  6,7880000000e+03	 -3,99195e-02	 -1,11917e-01
3396	  6,7900000000e+03	 -4,17919e-02	 -1,12210e-01
3397	  6,7920000000e+03	 -4,41613e-02	 -1,10125e-01
3398	  6,7940000000e+03	 -4,99127e-02	 -1,09672e-01
3399	  6,7960000000e+03	 -5,16684e-02	 -1,10077e-01
3400	  6,7980000000e+03	 -5,16324e-02	 -1,10575e-01
3401	  6,8000000000e+03	 -5,23961e-02	 -1,09658e-01
3402	  6,8020000000e+03	 -5,58050e-02	 -1,09216e-01
3403	  6,8040000000e+03	 -5,77112e-02	 -1,04546e-01
3404	  6,8060000000e+03	 -5,98958e-02	 -1,02724e-01
3405	  6,8080000000e+03	 -5,93149e-02	 -1,02617e-01
3406	  6,8100000000e+03	 -6,01777e-02	 -1,03622e-01
3407	  6,8120000000e+03	 -6,48939e-02	 -1,01737e-01
3408	  6,8140000000e+03	 -6,79954e-02	 -9,99144e-02
3409	  6,8160000000e+03	 -6,72532e-02	 -9,88688e-02
3410	  6,8180000000e+03	 -6,88436e-02	 -9,91525e-02
3411	  6,8200000000e+03	 -7,29318e-02	 -9,67199e-02
3412	  6,8220000000e+03	 -7,46352e-02	 -9,64061e-02
3413	  6,8240000000e+03	 -7,71121e-02	 -9,39618e-02
3414	  6,8260000000e+03	 -7,78200e-02	 -9,16113e-02
3415	  6,8280000000e+03	 -8,00933e-02	 -9,12927e-02
3416	  6,8300000000e+03	 -8,32378e-02	 -8,99628e-02
3417	  6,8320000000e+03	 -8,28079e-02	 -8,67473e-02
3418	  6,8340000000e+03	 -8,41931e-02	 -8,65181e-02
3419	  6,8360000000e+03	 -8,48378e-02	 -8,49567e-02
3420	  6,8380000000e+03	 -8,72917e-02	 -8,32909e-02
3421	  6,8400000000e+03	 -9,16253e-02	 -7,95167e-02
3422	  6,8420000000e+03	 -9,23891e-02	 -7,68873e-02
3423	  6,8440000000e+03	 -9,16843e-02	 -7,33797e-02
3424	  6,8460000000e+03	 -9,13587e-02	 -7,22121e-02
3425	  6,8480000000e+03	 -9,28664e-02	 -7,08404e-02
3426	  6,8500000000e+03	 -9,44593e-02	 -6,92897e-02
3427	  6,8520000000e+03	 -9,57344e-02	 -6,87649e-02
3428	  6,8540000000e+03	 -9,58599e-02	 -6,76902e-02
3429	  6,8560000000e+03	 -9,66989e-02	 -6,70952e-02
3430	  6,8580000000e+03	 -9,86167e-02	 -6,49502e-02
3431	  6,8600000000e+03	 -1,01145e-01	 -6,11861e-02
3432	  6,8620000000e+03	 -1,01161e-01	 -5,89018e-02
3433	  6,8640000000e+03	 -9,97270e-02	 -5,89959e-02
3434	  6,8660000000e+03	 -1,00398e-01	 -5,61800e-02
3435	  6,8680000000e+03	 -1,04116e-01	 -5,20794e-02
3436	  6,8700000000e+03	 -1,04175e-01	 -5,08629e-02
3437	  6,8720000000e+03	 -1,06214e-01	 -4,88627e-02
3438	  6,8740000000e+03	 -1,08753e-01	 -4,98531e-02
3439	  6,8760000000e+03	 -1,06809e-01	 -4,88669e-02
3440	  6,8780000000e+03	 -1,05904e-01	 -4,49759e-02
3441	  6,8800000000e+03	 -1,07608e-01	 -4,22768e-02
3442	  6,8820000000e+03	 -1,08481e-01	 -3,93816e-02
3443	  6,8840000000e+03	 -1,08445e-01	 -3,79274e-02
3444	  6,8860000000e+03	 -1,08516e-01	 -3,45364e-02
3445	  6,8880000000e+03	 -1,11021e-01	 -3,34968e-02
3446	  6,8900000000e+03	 -1,12548e-01	 -3,21696e-02
3447	  6,8920000000e+03	 -1,11101e-01	 -3,05344e-02
3448	  6,8940000000e+03	 -1,08578e-01	 -2,75675e-02
3449	  6,8960000000e+03	 -1,10652e-01	 -2,46499e-02
3450	  6,8980000000e+03	 -1,12249e-01	 -2,21422e-02
3451	  6,9000000000e+03	 -1,12977e-01	 -1,90818e-02
3452	  6,9020000000e+03	 -1,10421e-01	 -1,63669e-02
3453	  6,9040000000e+03	 -1,12296e-01	 -1,71166e-02
3454	  6,9060000000e+03	 -1,11860e-01	 -1,30582e-02
3455	  6,9080000000e+03	 -1,09793e-01	 -9,22081e-03
3456	  6,9100000000e+03	 -1,11644e-01	 -7,63717e-03
3457	  6,9120000000e+03	 -1,13162e-01	 -5,76596e-03
3458	  6,9140000000e+03	 -1,12898e-01	 -4,60494e-03
3459	  6,9160000000e+03	 -1,10234e-01	 -7,81697e-04
3460	  6,9180000000e+03	 -1,09383e-01	  6,97535e-04
3461	  6,9200000000e+03	 -1,09147e-01	  1,47078e-03
3462	  6,9220000000e+03	 -1,05620e-01	  4,07783e-03
3463	  6,9240000000e+03	 -1,04333e-01	  5,04916e-03
3464	  6,9260000000e+03	 -1,04824e-01	  9,84290e-03
3465	  6,9280000000e+03	 -1,05738e-01	  1,00546e-02
3466	  6,9300000000e+03	 -1,04054e-01	  1,03164e-02
3467	  6,9320000000e+03	 -1,00036e-01	  1,12976e-02
3468	  6,9340000000e+03	 -9,91196e-02	  1,17141e-02
3469	  6,9360000000e+03	 -1,01225e-01	  1,42316e-02
3470	  6,9380000000e+03	 -1,00810e-01	  1,71228e-02
3471	  6,9400000000e+03	 -1,00644e-01	  1,89366e-02
3472	  6,9420000000e+03	 -1,02106e-01	  2,03805e-02
3473	  6,9440000000e+03	 -1,00253e-01	  2,20620e-02
3474	  6,9460000000e+03	 -9,85694e-02	  2,24480e-02
3475	  6,9480000000e+03	 -9,86910e-02	  2,45589e-02
3476	  6,9500000000e+03	 -9,45334e-02	  2,42676e-02
3477	  6,9520000000e+03	 -9,21250e-02	  2,52173e-02
3478	  6,9540000000e+03	 -9,14461e-02	  2,77349e-02
3479	  6,9560000000e+03	 -8,86592e-02	  3,08124e-02
3480	  6,9580000000e+03	 -9,01769e-02	  3,09201e-02
3481	  6,9600000000e+03	 -8,90706e-02	  3,15027e-02
3482	  6,9620000000e+03	 -8,63160e-02	  3,59439e-02
3483	  6,9640000000e+03	 -8,48217e-02	  3,51251e-02
3484	  6,9660000000e+03	 -8,54282e-02	  3,30080e-02
3485	  6,9680000000e+03	 -8,59562e-02	  3,74786e-02
3486	  6,9700000000e+03	 -8,41508e-02	  3,62336e-02
3487	  6,9720000000e+03	 -8,33027e-02	  3,65577e-02
3488	  6,9740000000e+03	 -8,08054e-02	  3,81418e-02
3489	  6,9760000000e+03	 -7,96929e-02	  4,15915e-02
3490	  6,9780000000e+03	 -8,15748e-02	  4,44490e-02
3491	  6,9800000000e+03	 -7,91946e-02	  4,27432e-02
3492	  6,9820000000e+03	 -7,74701e-02	  3,99874e-02
3493	  6,9840000000e+03	 -7,57426e-02	  4,39525e-02
3494	  6,9860000000e+03	 -7,69401e-02	  4,62047e-02
3495	  6,9880000000e+03	 -7,63546e-02	  4,62705e-02
3496	  6,9900000000e+03	 -7,35944e-02	  4,54012e-02
3497	  6,9920000000e+03	 -7,37504e-02	  4,57763e-02
3498	  6,9940000000e+03	 -7,33209e-02	  4,63933e-02
3499	  6,9960000000e+03	 -7,27354e-02	  4,80517e-02
3500	  6,9980000000e+03	 -7,12234e-02	  5,05340e-02
3501	  7,0000000000e+03	 -7,13869e-02	  5,01727e-02
3502	  7,0020000000e+03	 -7,07177e-02	  4,78948e-02
3503	  7,0040000000e+03	 -6,83943e-02	  5,15326e-02
3504	  7,0060000000e+03	 -6,95691e-02	  5,22078e-02
3505	  7,0080000000e+03	 -6,71217e-02	  5,08801e-02
3506	  7,0100000000e+03	 -6,35975e-02	  4,96702e-02
3507	  7,0120000000e+03	 -6,29625e-02	  5,06612e-02
3508	  7,0140000000e+03	 -6,00028e-02	  5,27024e-02
3509	  7,0160000000e+03	 -6,06360e-02	  5,55405e-02
3510	  7,0180000000e+03	 -6,18373e-02	  5,57996e-02
3511	  7,0200000000e+03	 -6,03094e-02	  5,42336e-02
3512	  7,0220000000e+03	 -6,01792e-02	  5,45539e-02
3513	  7,0240000000e+03	 -5,90039e-02	  5,58223e-02
3514	  7,0260000000e+03	 -5,67684e-02	  5,70346e-02
3515	  7,0280000000e+03	 -5,83602e-02	  5,78687e-02
3516	  7,0300000000e+03	 -5,69030e-02	  5,85664e-02
3517	  7,0320000000e+03	 -5,61647e-02	  6,01847e-02
3518	  7,0340000000e+03	 -5,55379e-02	  5,94586e-02
3519	  7,0360000000e+03	 -5,28536e-02	  6,01678e-02
3520	  7,0380000000e+03	 -5,20769e-02	  5,93934e-02
3521	  7,0400000000e+03	 -5,23342e-02	  5,98697e-02
3522	  7,0420000000e+03	 -4,93710e-02	  6,38658e-02
3523	  7,0440000000e+03	 -4,82454e-02	  6,46339e-02
3524	  7,0460000000e+03	 -4,59627e-02	  6,38119e-02
3525	  7,0480000000e+03	 -4,77752e-02	  6,61831e-02
3526	  7,0500000000e+03	 -4,73115e-02	  6,52664e-02
3527	  7,0520000000e+03	 -4,54492e-02	  6,40416e-02
3528	  7,0540000000e+03	 -4,45481e-02	  6,27212e-02
3529	  7,0560000000e+03	 -4,31914e-02	  6,28660e-02
3530	  7,0580000000e+03	 -4,26473e-02	  6,56085e-02
3531	  7,0600000000e+03	 -4,04429e-02	  6,71439e-02
3532	  7,0620000000e+03	 -4,10235e-02	  6,59328e-02
3533	  7,0640000000e+03	 -3,93062e-02	  6,63756e-02
3534	  7,0660000000e+03	 -3,89399e-02	  6,64093e-02
3535	  7,0680000000e+03	 -3,88194e-02	  6,54213e-02
3536	  7,0700000000e+03	 -3,67377e-02	  6,50376e-02
3537	  7,0720000000e+03	 -3,55355e-02	  6,57830e-02
3538	  7,0740000000e+03	 -3,27288e-02	  6,86955e-02
3539	  7,0760000000e+03	 -3,02269e-02	  6,85389e-02
3540	  7,0780000000e+03	 -2,88594e-02	  6,73685e-02
3541	  7,0800000000e+03	 -3,18651e-02	  6,69474e-02
3542	  7,0820000000e+03	 -3,24050e-02	  6,62573e-02
3543	  7,0840000000e+03	 -2,93541e-02	  6,55611e-02
3544	  7,0860000000e+03	 -2,78583e-02	  6,52248e-02
3545	  7,0880000000e+03	 -2,66502e-02	  6,63261e-02
3546	  7,0900000000e+03	 -2,62580e-02	  6,62898e-02
3547	  7,0920000000e+03	 -2,51581e-02	  6,56436e-02
3548	  7,0940000000e+03	 -2,41441e-02	  6,81234e-02
3549	  7,0960000000e+03	 -2,50049e-02	  6,84699e-02
3550	  7,0980000000e+03	 -2,56862e-02	  6,60011e-02
3551	  7,1000000000e+03	 -2,33809e-02	  6,44158e-02
3552	  7,1020000000e+03	 -2,15087e-02	  6,42536e-02
3553	  7,1040000000e+03	 -2,17224e-02	  6,58866e-02
3554	  7,1060000000e+03	 -2,25776e-02	  6,80143e-02
3555	  7,1080000000e+03	 -1,95456e-02	  6,91758e-02
3556	  7,1100000000e+03	 -1,63156e-02	  6,66854e-02
3557	  7,1120000000e+03	 -1,75630e-02	  6,54509e-02
3558	  7,1140000000e+03	 -1,70221e-02	  6,70722e-02
3559	  7,1160000000e+03	 -1,24457e-02	  6,87875e-02
3560	  7,1180000000e+03	 -1,10876e-02	  7,02860e-02
3561	  7,1200000000e+03	 -1,10977e-02	  7,10896e-02
3562	  7,1220000000e+03	 -9,54721e-03	  6,67344e-02
3563	  7,1240000000e+03	 -5,65972e-03	  6,68079e-02
3564	  7,1260000000e+03	 -6,48200e-03	  6,71159e-02
3565	  7,1280000000e+03	 -4,39903e-03	  6,56047e-02
3566	  7,1300000000e+03	 -4,22673e-03	  6,59493e-02
3567	  7,1320000000e+03	 -7,23955e-03	  6,53388e-02
3568	  7,1340000000e+03	 -3,93393e-03	  6,62927e-02
3569	  7,1360000000e+03	 -1,35158e-03	  6,59221e-02
3570	  7,1380000000e+03	 -9,02902e-04	  6,66927e-02
3571	  7,1400000000e+03	  2,84806e-04	  6,44225e-02
3572	  7,1420000000e+03	  4,06193e-03	  6,28773e-02
3573	  7,1440000000e+03	  2,13591e-03	  6,17516e-02
3574	  7,1460000000e+03	  1,45126e-03	  6,21709e-02
3575	  7,1480000000e+03	  3,07802e-03	  6,37046e-02
3576	  7,1500000000e+03	  3,47642e-03	  6,25086e-02
3577	  7,1520000000e+03	  4,56552e-03	  6,09079e-02
3578	  7,1540000000e+03	  2,86004e-03	  6,14540e-02
3579	  7,1560000000e+03	  2,75590e-03	  6,06426e-02
3580	  7,1580000000e+03	  5,46727e-03	  6,03653e-02
3581	  7,1600000000e+03	  5,20998e-03	  5,77527e-02
3582	  7,1620000000e+03	  3,50944e-03	  5,91760e-02
3583	  7,1640000000e+03	  4,79269e-03	  5,91050e-02
3584	  7,1660000000e+03	  7,77773e-03	  5,73002e-02
3585	  7,1680000000e+03	  8,85135e-03	  5,62226e-02
3586	  7,1700000000e+03	  7,99168e-03	  5,53325e-02
3587	  7,1720000000e+03	  8,53477e-03	  5,45198e-02
3588	  7,1740000000e+03	  8,80689e-03	  5,47381e-02
3589	  7,1760000000e+03	  8,23315e-03	  5,56760e-02
3590	  7,1780000000e+03	  8,23539e-03	  5,47789e-02
3591	  7,1800000000e+03	  1,13461e-02	  5,51051e-02
3592	  7,1820000000e+03	  1,15682e-02	  5,63648e-02
3593	  7,1840000000e+03	  1,29665e-02	  5,75569e-02
3594	  7,1860000000e+03	  1,01186e-02	  5,48389e-02
3595	  7,1880000000e+03	  8,23226e-03	  5,55641e-02
3596	  7,1900000000e+03	  1,10167e-02	  5,63203e-02
3597	  7,1920000000e+03	  1,00069e-02	  5,47152e-02
3598	  7,1940000000e+03	  1,19717e-02	  5,74153e-02
3599	  7,1960000000e+03	  1,58083e-02	  5,63036e-02
3600	  7,1980000000e+03	  1,76443e-02	  5,64000e-02
3601	  7,2000000000e+03	  1,55963e-02	  5,37960e-02
3602	  7,2020000000e+03	  1,72269e-02	  5,22981e-02
3603	  7,2040000000e+03	  1,76902e-02	  5,26537e-02
3604	  7,2060000000e+03	  1,94167e-02	  5,22485e-02
3605	  7,2080000000e+03	  1,72952e-02	  5,14024e-02
3606	  7,2100000000e+03	  1,84289e-02	  4,96405e-02
3607	  7,2120000000e+03	  2,00935e-02	  5,05883e-02
3608	  7,2140000000e+03	  2,15163e-02	  5,25330e-02
3609	  7,2160000000e+03	  2,07308e-02	  4,99475e-02
3610	  7,2180000000e+03	  1,67253e-02	  4,98710e-02
3611	  7,2200000000e+03	  1,74784e-02	  5,20865e-02
3612	  7,2220000000e+03	  1,72937e-02	  4,99673e-02
3613	  7,2240000000e+03	  2,01080e-02	  4,78910e-02
3614	  7,2260000000e+03	  1,93721e-02	  4,88226e-02
3615	  7,2280000000e+03	  2,06536e-02	  4,82798e-02
3616	  7,2300000000e+03	  1,90813e-02	  4,91286e-02
3617	  7,2320000000e+03	  2,02872e-02	  5,05339e-02
3618	  7,2340000000e+03	  2,17239e-02	  4,81855e-02
3619	  7,2360000000e+03	  2,23267e-02	  4,77111e-02
3620	  7,2380000000e+03	  2,32195e-02	  4,85068e-02
3621	  7,2400000000e+03	  2,55705e-02	  4,76418e-02
3622	  7,2420000000e+03	  2,63400e-02	  4,76361e-02
3623	  7,2440000000e+03	  2,68048e-02	  4,80218e-02
3624	  7,2460000000e+03	  2,68305e-02	  4,76260e-02
3625	  7,2480000000e+03	  2,80273e-02	  4,61427e-02
3626	  7,2500000000e+03	  2,69610e-02	  4,70203e-02
3627	  7,2520000000e+03	  2,34345e-02	  4,65659e-02
3628	  7,2540000000e+03	  2,49987e-02	  4,54178e-02
3629	  7,2560000000e+03	  2,92584e-02	  4,44402e-02
3630	  7,2580000000e+03	  3,04839e-02	  4,82653e-02
3631	  7,2600000000e+03	  3,14350e-02	  4,78671e-02
3632	  7,2620000000e+03	  3,09985e-02	  4,66759e-02
3633	  7,2640000000e+03	  3,11173e-02	  4,66832e-02
3634	  7,2660000000e+03	  3,10398e-02	  4,71088e-02
3635	  7,2680000000e+03	  2,94474e-02	  4,71129e-02
3636	  7,2700000000e+03	  3,20735e-02	  4,68725e-02
3637	  7,2720000000e+03	  3,43957e-02	  4,65429e-02
3638	  7,2740000000e+03	  3,48801e-02	  4,53124e-02
3639	  7,2760000000e+03	  3,40106e-02	  4,33729e-02
3640	  7,2780000000e+03	  3,62624e-02	  4,11852e-02
3641	  7,2800000000e+03	  3,60878e-02	  4,15250e-02
3642	  7,2820000000e+03	  3,40435e-02	  4,11860e-02
3643	  7,2840000000e+03	  3,39387e-02	  4,16444e-02
3644	  7,2860000000e+03	  3,44299e-02	  4,04737e-02
3645	  7,2880000000e+03	  3,67456e-02	  4,10603e-02
3646	  7,2900000000e+03	  3,77982e-02	  4,28849e-02
3647	  7,2920000000e+03	  3,85282e-02	  4,21117e-02
3648	  7,2940000000e+03	  3,88489e-02	  4,14207e-02
3649	  7,2960000000e+03	  3,65814e-02	  4,06516e-02
3650	  7,2980000000e+03	  3,98754e-02	  3,89100e-02
3651	  7,3000000000e+03	  3,88048e-02	  3,70564e-02
3652	  7,3020000000e+03	  3,90003e-02	  3,70254e-02
3653	  7,3040000000e+03	  4,12021e-02	  3,83684e-02
3654	  7,3060000000e+03	  3,89019e-02	  3,61424e-02
3655	  7,3080000000e+03	  3,79589e-02	  3,54839e-02
3656	  7,3100000000e+03	  3,79122e-02	  3,52224e-02
3657	  7,3120000000e+03	  4,09637e-02	  3,40640e-02
3658	  7,3140000000e+03	  4,33502e-02	  3,42852e-02
3659	  7,3160000000e+03	  4,13503e-02	  3,28510e-02
3660	  7,3180000000e+03	  4,21998e-02	  3,30210e-02
3661	  7,3200000000e+03	  4,36421e-02	  3,51321e-02
3662	  7,3220000000e+03	  4,34399e-02	  3,47143e-02
3663	  7,3240000000e+03	  4,43800e-02	  3,24166e-02
3664	  7,3260000000e+03	  4,31274e-02	  3,29013e-02
3665	  7,3280000000e+03	  4,55273e-02	  3,36337e-02
3666	  7,3300000000e+03	  4,61084e-02	  3,19990e-02
3667	  7,3320000000e+03	  4,65054e-02	  3,30833e-02
3668	  7,3340000000e+03	  4,64166e-02	  2,80034e-02
3669	  7,3360000000e+03	  4,77062e-02	  2,77401e-02
3670	  7,3380000000e+03	  4,76550e-02	  2,56780e-02
3671	  7,3400000000e+03	  4,91828e-02	  2,49945e-02
3672	  7,3420000000e+03	  4,86317e-02	  2,86139e-02
3673	  7,3440000000e+03	  4,88921e-02	  2,88091e-02
3674	  7,3460000000e+03	  4,86164e-02	  2,73551e-02
3675	  7,3480000000e+03	  4,81979e-02	  2,47009e-02
3676	  7,3500000000e+03	  4,85932e-02	  2,37125e-02
3677	  7,3520000000e+03	  4,85375e-02	  2,30053e-02
3678	  7,3540000000e+03	  4,92386e-02	  2,39825e-02
3679	  7,3560000000e+03	  5,19223e-02	  2,46561e-02
3680	  7,3580000000e+03	  5,36488e-02	  2,45671e-02
3681	  7,3600000000e+03	  5,29895e-02	  2,38145e-02
3682	  7,3620000000e+03	  5,19901e-02	  2,02536e-02
3683	  7,3640000000e+03	  5,08023e-02	  1,89213e-02
3684	  7,3660000000e+03	  5,06855e-02	  1,93215e-02
3685	  7,3680000000e+03	  5,32234e-02	  2,02112e-02
3686	  7,3700000000e+03	  5,22491e-02	  1,93915e-02
3687	  7,3720000000e+03	  5,22009e-02	  1,55128e-02
3688	  7,3740000000e+03	  5,13346e-02	  1,73602e-02
3689	  7,3760000000e+03	  5,38349e-02	  1,73510e-02
3690	  7,3780000000e+03	  5,60597e-02	  1,49231e-02
3691	  7,3800000000e+03	  5,51273e-02	  1,16314e-02
3692	  7,3820000000e+03	  5,51569e-02	  1,32253e-02
3693	  7,3840000000e+03	  5,40096e-02	  1,56330e-02
3694	  7,3860000000e+03	  5,51096e-02	  1,32677e-02
3695	  7,3880000000e+03	  5,59411e-02	  1,18300e-02
3696	  7,3900000000e+03	  5,69441e-02	  1,09417e-02
3697	  7,3920000000e+03	  5,74932e-02	  8,22044e-03
3698	  7,3940000000e+03	  5,58118e-02	  7,01431e-03
3699	  7,3960000000e+03	  5,66533e-02	  7,12343e-03
3700	  7,3980000000e+03	  5,74827e-02	  5,77240e-03
3701	  7,4000000000e+03	  5,47758e-02	  4,76948e-03
3702	  7,4020000000e+03	  5,43490e-02	  6,60870e-03
3703	  7,4040000000e+03	  5,64873e-02	  6,02458e-03
3704	  7,4060000000e+03	  5,72679e-02	  3,19070e-03
3705	  7,4080000000e+03	  5,46178e-02	 -8,34862e-04
3706	  7,4100000000e+03	  5,68776e-02	  9,69905e-04
3707	  7,4120000000e+03	  5,92679e-02	  2,69392e-03
3708	  7,4140000000e+03	  5,71429e-02	 -1,37579e-03
3709	  7,4160000000e+03	  5,71060e-02	 -1,40175e-03
3710	  7,4180000000e+03	  5,68745e-02	  3,72969e-04
3711	  7,4200000000e+03	  5,67897e-02	 -7,99192e-04
3712	  7,4220000000e+03	  5,98015e-02	 -2,23973e-03
3713	  7,4240000000e+03	  6,06560e-02	 -4,66797e-03
3714	  7,4260000000e+03	  5,60473e-02	 -6,06381e-03
3715	  7,4280000000e+03	  5,59903e-02	 -8,45411e-03
3716	  7,4300000000e+03	  5,81436e-02	 -8,31689e-03
3717	  7,4320000000e+03	  5,68808e-02	 -7,74323e-03
3718	  7,4340000000e+03	  5,52616e-02	 -7,96672e-03
3719	  7,4360000000e+03	  5,50830e-02	 -8,82864e-03
3720	  7,4380000000e+03	  5,49543e-02	 -1,05999e-02
3721	  7,4400000000e+03	  5,20256e-02	 -1,40560e-02
3722	  7,4420000000e+03	  5,35891e-02	 -1,35711e-02
3723	  7,4440000000e+03	  5,58823e-02	 -1,19399e-02
3724	  7,4460000000e+03	  5,76839e-02	 -1,51417e-02
3725	  7,4480000000e+03	  5,79933e-02	 -1,43060e-02
3726	  7,4500000000e+03	  5,43665e-02	 -1,64076e-02
3727	  7,4520000000e+03	  5,51138e-02	 -1,95064e-02
3728	  7,4540000000e+03	  5,15710e-02	 -1,82227e-02
3729	  7,4560000000e+03	  4,98706e-02	 -1,80140e-02
3730	  7,4580000000e+03	  5,22181e-02	 -2,10294e-02
3731	  7,4600000000e+03	  5,22651e-02	 -2,45799e-02
3732	  7,4620000000e+03	  4,96079e-02	 -2,47731e-02
3733	  7,4640000000e+03	  5,07306e-02	 -2,36594e-02
3734	  7,4660000000e+03	  5,31034e-02	 -2,55254e-02
3735	  7,4680000000e+03	  4,97255e-02	 -2,46427e-02
3736	  7,4700000000e+03	  4,78242e-02	 -2,47731e-02
3737	  7,4720000000e+03	  4,74057e-02	 -2,52478e-02
3738	  7,4740000000e+03	  4,56960e-02	 -2,35443e-02
3739	  7,4760000000e+03	  4,66744e-02	 -2,47226e-02
3740	  7,4780000000e+03	  4,53263e-02	 -2,61095e-02
3741	  7,4800000000e+03	  4,50696e-02	 -2,57403e-02
3742	  7,4820000000e+03	  4,56739e-02	 -2,46635e-02
3743	  7,4840000000e+03	  4,59372e-02	 -2,67080e-02
3744	  7,4860000000e+03	  4,45357e-02	 -2,99644e-02
3745	  7,4880000000e+03	  4,46329e-02	 -2,98815e-02
3746	  7,4900000000e+03	  4,26941e-02	 -2,77951e-02
3747	  7,4920000000e+03	  4,21100e-02	 -2,78171e-02
3748	  7,4940000000e+03	  4,04489e-02	 -2,87765e-02
3749	  7,4960000000e+03	  4,03674e-02	 -2,92680e-02
3750	  7,4980000000e+03	  3,96136e-02	 -3,09140e-02
3751	  7,5000000000e+03	  3,92620e-02	 -3,30120e-02
3752	  7,5020000000e+03	  3,90495e-02	 -3,66560e-02
3753	  7,5040000000e+03	  3,78611e-02	 -3,56171e-02
3754	  7,5060000000e+03	  3,78251e-02	 -3,27006e-02
3755	  7,5080000000e+03	  3,60104e-02	 -3,43547e-02
3756	  7,5100000000e+03	  3,46374e-02	 -3,57795e-02
3757	  7,5120000000e+03	  3,15246e-02	 -3,48697e-02
3758	  7,5140000000e+03	  3,16424e-02	 -3,45395e-02
3759	  7,5160000000e+03	  3,39154e-02	 -3,52768e-02
3760	  7,5180000000e+03	  3,41395e-02	 -3,57874e-02
3761	  7,5200000000e+03	  3,25539e-02	 -3,50918e-02
3762	  7,5220000000e+03	  3,18384e-02	 -3,66364e-02
3763	  7,5240000000e+03	  3,06667e-02	 -3,58430e-02
3764	  7,5260000000e+03	  3,11704e-02	 -3,71425e-02
3765	  7,5280000000e+03	  3,06738e-02	 -3,84651e-02
3766	  7,5300000000e+03	  3,04385e-02	 -3,51965e-02
3767	  7,5320000000e+03	  3,16291e-02	 -3,42652e-02
3768	  7,5340000000e+03	  3,13569e-02	 -3,60634e-02
3769	  7,5360000000e+03	  3,09161e-02	 -3,64579e-02
3770	  7,5380000000e+03	  2,91624e-02	 -3,61223e-02
3771	  7,5400000000e+03	  2,52503e-02	 -4,08214e-02
3772	  7,5420000000e+03	  2,67637e-02	 -4,09439e-02
3773	  7,5440000000e+03	  2,69256e-02	 -4,07506e-02
3774	  7,5460000000e+03	  2,46564e-02	 -4,14041e-02
3775	  7,5480000000e+03	  2,29682e-02	 -4,10320e-02
3776	  7,5500000000e+03	  2,20338e-02	 -3,84966e-02
3777	  7,5520000000e+03	  2,20813e-02	 -3,99624e-02
3778	  7,5540000000e+03	  2,10637e-02	 -3,77375e-02
3779	  7,5560000000e+03	  1,93080e-02	 -3,68745e-02
3780	  7,5580000000e+03	  1,82731e-02	 -3,77121e-02
3781	  7,5600000000e+03	  1,81303e-02	 -3,77110e-02
3782	  7,5620000000e+03	  1,85238e-02	 -3,83603e-02
3783	  7,5640000000e+03	  1,76459e-02	 -3,69730e-02
3784	  7,5660000000e+03	  1,75784e-02	 -3,79265e-02
3785	  7,5680000000e+03	  1,79139e-02	 -3,83019e-02
3786	  7,5700000000e+03	  1,68230e-02	 -3,88876e-02
3787	  7,5720000000e+03	  1,69600e-02	 -3,82689e-02
3788	  7,5740000000e+03	  1,85057e-02	 -3,79732e-02
3789	  7,5760000000e+03	  1,68620e-02	 -3,89299e-02
3790	  7,5780000000e+03	  1,61952e-02	 -3,88831e-02
3791	  7,5800000000e+03	  1,56947e-02	 -3,72228e-02
3792	  7,5820000000e+03	  1,69289e-02	 -3,76940e-02
3793	  7,5840000000e+03	  1,62918e-02	 -3,66797e-02
3794	  7,5860000000e+03	  1,30485e-02	 -3,67073e-02
3795	  7,5880000000e+03	  1,39865e-02	 -3,93879e-02
3796	  7,5900000000e+03	  1,40498e-02	 -3,83190e-02
3797	  7,5920000000e+03	  1,51830e-02	 -3,86648e-02
3798	  7,5940000000e+03	  1,44936e-02	 -3,57909e-02
3799	  7,5960000000e+03	  1,29441e-02	 -3,84344e-02
3800	  7,5980000000e+03	  1,50580e-02	 -3,97175e-02
3801	  7,6000000000e+03	  1,36423e-02	 -3,76459e-02
3802	  7,6020000000e+03	  1,44002e-02	 -3,65614e-02
3803	  7,6040000000e+03	  1,47506e-02	 -3,64350e-02
3804	  7,6060000000e+03	  1,25775e-02	 -3,72473e-02
3805	  7,6080000000e+03	  1,18139e-02	 -3,63693e-02
3806	  7,6100000000e+03	  1,29746e-02	 -3,86924e-02
3807	  7,6120000000e+03	  1,32010e-02	 -3,92092e-02
3808	  7,6140000000e+03	  1,49974e-02	 -4,00992e-02
3809	  7,6160000000e+03	  1,38190e-02	 -4,27932e-02
3810	  7,6180000000e+03	  1,27020e-02	 -4,36037e-02
3811	  7,6200000000e+03	  8,51744e-03	 -4,41206e-02
3812	  7,6220000000e+03	  1,01731e-02	 -4,26809e-02
3813	  7,6240000000e+03	  1,05879e-02	 -4,14271e-02
3814	  7,6260000000e+03	  9,98489e-03	 -4,27973e-02
3815	  7,6280000000e+03	  9,76482e-03	 -4,26980e-02
3816	  7,6300000000e+03	  7,59719e-03	 -4,42926e-02
3817	  7,6320000000e+03	  5,91236e-03	 -4,57877e-02
3818	  7,6340000000e+03	  5,44471e-03	 -4,20989e-02
3819	  7,6360000000e+03	  6,60708e-03	 -4,27917e-02
3820	  7,6380000000e+03	  6,83519e-03	 -4,34885e-02
3821	  7,6400000000e+03	  4,85766e-03	 -4,45427e-02
3822	  7,6420000000e+03	  3,36309e-03	 -4,54332e-02
3823	  7,6440000000e+03	  4,26733e-03	 -4,60147e-02
3824	  7,6460000000e+03	  4,36488e-03	 -4,40668e-02
3825	  7,6480000000e+03	  1,35377e-03	 -4,64309e-02
3826	  7,6500000000e+03	  4,49241e-04	 -4,59310e-02
3827	  7,6520000000e+03	  3,12177e-03	 -4,51080e-02
3828	  7,6540000000e+03	  3,89005e-04	 -4,41207e-02
3829	  7,6560000000e+03	  1,79341e-03	 -4,44786e-02
3830	  7,6580000000e+03	  2,94237e-04	 -4,73306e-02
3831	  7,6600000000e+03	 -6,14910e-04	 -4,64831e-02
3832	  7,6620000000e+03	 -2,16479e-03	 -4,55095e-02
3833	  7,6640000000e+03	 -2,69264e-03	 -4,52661e-02
3834	  7,6660000000e+03	 -3,36090e-03	 -4,39720e-02
3835	  7,6680000000e+03	 -8,16568e-03	 -4,38282e-02
3836	  7,6700000000e+03	 -8,10006e-03	 -4,45700e-02
3837	  7,6720000000e+03	 -7,14897e-03	 -4,64761e-02
3838	  7,6740000000e+03	 -8,98485e-03	 -4,51250e-02
3839	  7,6760000000e+03	 -1,11932e-02	 -4,38478e-02
3840	  7,6780000000e+03	 -8,92332e-03	 -4,55614e-02
3841	  7,6800000000e+03	 -9,47441e-03	 -4,39306e-02
3842	  7,6820000000e+03	 -1,13454e-02	 -4,38167e-02
3843	  7,6840000000e+03	 -1,39731e-02	 -4,47056e-02
3844	  7,6860000000e+03	 -1,31396e-02	 -4,35356e-02
3845	  7,6880000000e+03	 -1,35264e-02	 -4,27619e-02
3846	  7,6900000000e+03	 -1,42123e-02	 -4,15380e-02
3847	  7,6920000000e+03	 -1,48073e-02	 -4,11471e-02
3848	  7,6940000000e+03	 -1,51938e-02	 -3,83846e-02
3849	  7,6960000000e+03	 -1,49793e-02	 -4,07906e-02
3850	  7,6980000000e+03	 -1,81788e-02	 -4,18023e-02
3851	  7,7000000000e+03	 -1,69793e-02	 -4,16426e-02
3852	  7,7020000000e+03	 -1,78768e-02	 -4,04284e-02
3853	  7,7040000000e+03	 -1,86474e-02	 -3,96708e-02
3854	  7,7060000000e+03	 -1,74583e-02	 -3,94915e-02
3855	  7,7080000000e+03	 -1,62034e-02	 -3,83062e-02
3856	  7,7100000000e+03	 -1,67252e-02	 -3,98056e-02
3857	  7,7120000000e+03	 -1,94063e-02	 -3,89005e-02
3858	  7,7140000000e+03	 -2,04034e-02	 -4,13994e-02
3859	  7,7160000000e+03	 -2,19337e-02	 -4,06557e-02
3860	  7,7180000000e+03	 -2,17580e-02	 -3,72287e-02
3861	  7,7200000000e+03	 -2,14055e-02	 -3,55477e-02
3862	  7,7220000000e+03	 -2,48174e-02	 -3,67123e-02
3863	  7,7240000000e+03	 -2,81060e-02	 -3,63635e-02
3864	  7,7260000000e+03	 -2,61556e-02	 -3,54415e-02
3865	  7,7280000000e+03	 -2,57933e-02	 -3,45289e-02
3866	  7,7300000000e+03	 -2,74383e-02	 -3,35800e-02
3867	  7,7320000000e+03	 -3,03363e-02	 -3,51009e-02
3868	  7,7340000000e+03	 -2,85215e-02	 -3,46339e-02
3869	  7,7360000000e+03	 -2,61383e-02	 -3,36034e-02
3870	  7,7380000000e+03	 -2,78077e-02	 -3,40888e-02
3871	  7,7400000000e+03	 -2,96345e-02	 -3,23274e-02
3872	  7,7420000000e+03	 -3,01958e-02	 -3,02570e-02
3873	  7,7440000000e+03	 -2,71834e-02	 -3,02569e-02
3874	  7,7460000000e+03	 -2,82367e-02	 -2,95028e-02
3875	  7,7480000000e+03	 -3,06083e-02	 -2,79332e-02
3876	  7,7500000000e+03	 -3,05315e-02	 -2,61471e-02
3877	  7,7520000000e+03	 -2,95715e-02	 -2,67149e-02
3878	  7,7540000000e+03	 -2,90129e-02	 -2,58071e-02
3879	  7,7560000000e+03	 -2,85620e-02	 -2,74450e-02
3880	  7,7580000000e+03	 -2,77123e-02	 -2,60030e-02
3881	  7,7600000000e+03	 -2,87702e-02	 -2,52381e-02
3882	  7,7620000000e+03	 -2,88138e-02	 -2,39716e-02
3883	  7,7640000000e+03	 -3,07575e-02	 -2,06916e-02
3884	  7,7660000000e+03	 -3,16921e-02	 -2,10416e-02
3885	  7,7680000000e+03	 -3,11106e-02	 -2,20827e-02
3886	  7,7700000000e+03	 -3,06587e-02	 -2,15014e-02
3887	  7,7720000000e+03	 -3,14796e-02	 -2,00534e-02
3888	  7,7740000000e+03	 -2,99718e-02	 -2,02417e-02
3889	  7,7760000000e+03	 -3,13364e-02	 -1,86988e-02
3890	  7,7780000000e+03	 -3,19114e-02	 -1,76000e-02
3891	  7,7800000000e+03	 -3,09245e-02	 -1,74537e-02
3892	  7,7820000000e+03	 -3,23672e-02	 -1,86904e-02
3893	  7,7840000000e+03	 -3,22500e-02	 -1,92267e-02
3894	  7,7860000000e+03	 -3,05828e-02	 -1,55614e-02
3895	  7,7880000000e+03	 -3,18042e-02	 -1,49858e-02
3896	  7,7900000000e+03	 -3,30793e-02	 -1,77282e-02
3897	  7,7920000000e+03	 -3,07508e-02	 -1,84102e-02
3898	  7,7940000000e+03	 -3,27470e-02	 -1,58392e-02
3899	  7,7960000000e+03	 -3,27866e-02	 -1,49025e-02
3900	  7,7980000000e+03	 -3,13654e-02	 -1,43734e-02
3901	  7,8000000000e+03	 -3,05611e-02	 -1,43177e-02
3902	  7,8020000000e+03	 -3,10894e-02	 -1,25010e-02
3903	  7,8040000000e+03	 -3,09931e-02	 -1,29023e-02
3904	  7,8060000000e+03	 -3,04166e-02	 -1,31183e-02
3905	  7,8080000000e+03	 -3,14647e-02	 -1,13631e-02
3906	  7,8100000000e+03	 -3,28449e-02	 -1,11459e-02
3907	  7,8120000000e+03	 -3,20638e-02	 -1,23450e-02
3908	  7,8140000000e+03	 -3,10659e-02	 -1,10746e-02
3909	  7,8160000000e+03	 -3,21675e-02	 -9,64337e-03
3910	  7,8180000000e+03	 -3,40361e-02	 -8,61115e-03
3911	  7,8200000000e+03	 -3,04979e-02	 -8,11345e-03
3912	  7,8220000000e+03	 -3,06150e-02	 -8,19554e-03
3913	  7,8240000000e+03	 -3,41617e-02	 -7,08290e-03
3914	  7,8260000000e+03	 -3,31459e-02	 -7,58363e-03
3915	  7,8280000000e+03	 -3,15322e-02	 -5,71131e-03
3916	  7,8300000000e+03	 -3,16043e-02	 -4,86000e-03
3917	  7,8320000000e+03	 -3,28436e-02	 -4,00837e-03
3918	  7,8340000000e+03	 -3,03847e-02	 -4,68376e-03
3919	  7,8360000000e+03	 -2,79961e-02	 -5,44541e-03
3920	  7,8380000000e+03	 -2,82283e-02	 -6,82065e-03
3921	  7,8400000000e+03	 -2,84497e-02	 -4,80083e-03
3922	  7,8420000000e+03	 -2,94064e-02	 -5,36038e-03
3923	  7,8440000000e+03	 -3,13213e-02	 -3,85594e-03
3924	  7,8460000000e+03	 -3,14115e-02	 -2,17341e-03
3925	  7,8480000000e+03	 -3,12819e-02	 -4,31120e-03
3926	  7,8500000000e+03	 -2,95993e-02	 -5,56537e-03
3927	  7,8520000000e+03	 -2,79254e-02	 -3,74710e-03
3928	  7,8540000000e+03	 -2,76449e-02	 -2,06072e-03
3929	  7,8560000000e+03	 -2,85814e-02	 -3,24033e-03
3930	  7,8580000000e+03	 -2,79647e-02	 -3,92459e-03
3931	  7,8600000000e+03	 -2,73192e-02	 -3,33039e-03
3932	  7,8620000000e+03	 -2,57818e-02	 -7,80162e-04
3933	  7,8640000000e+03	 -2,63161e-02	  5,20749e-05
3934	  7,8660000000e+03	 -2,60598e-02	 -2,37515e-04
3935	  7,8680000000e+03	 -2,69029e-02	 -1,78433e-03
3936	  7,8700000000e+03	 -3,09804e-02	 -2,12780e-03
3937	  7,8720000000e+03	 -3,17465e-02	 -9,29110e-04
3938	  7,8740000000e+03	 -3,04767e-02	 -3,23440e-04
3939	  7,8760000000e+03	 -3,04265e-02	 -1,42205e-04
3940	  7,8780000000e+03	 -2,88198e-02	 -1,16240e-03
3941	  7,8800000000e+03	 -2,54535e-02	  4,45545e-04
3942	  7,8820000000e+03	 -2,55479e-02	  3,09346e-04
3943	  7,8840000000e+03	 -2,77943e-02	 -1,27722e-03
3944	  7,8860000000e+03	 -2,78247e-02	  1,76590e-04
3945	  7,8880000000e+03	 -2,86179e-02	 -1,21045e-03
3946	  7,8900000000e+03	 -2,99230e-02	  2,25055e-03
3947	  7,8920000000e+03	 -2,86879e-02	  5,51647e-03
3948	  7,8940000000e+03	 -2,50354e-02	  4,45985e-03
3949	  7,8960000000e+03	 -2,47897e-02	  4,91520e-03
3950	  7,8980000000e+03	 -2,47290e-02	  4,74795e-03
3951	  7,9000000000e+03	 -2,57111e-02	  5,58076e-03
3952	  7,9020000000e+03	 -2,57829e-02	  3,80004e-03
3953	  7,9040000000e+03	 -2,62934e-02	  4,49722e-03
3954	  7,9060000000e+03	 -2,46080e-02	  4,07679e-03
3955	  7,9080000000e+03	 -2,63021e-02	  5,55975e-03
3956	  7,9100000000e+03	 -2,69541e-02	  7,22471e-03
3957	  7,9120000000e+03	 -2,67421e-02	  6,35495e-03
3958	  7,9140000000e+03	 -2,44752e-02	  5,57437e-03
3959	  7,9160000000e+03	 -2,42511e-02	  5,00662e-03
3960	  7,9180000000e+03	 -2,26781e-02	  6,00453e-03
3961	  7,9200000000e+03	 -2,49304e-02	  5,55316e-03
3962	  7,9220000000e+03	 -2,59821e-02	  5,27428e-03
3963	  7,9240000000e+03	 -2,47397e-02	  5,79789e-03
3964	  7,9260000000e+03	 -2,24385e-02	  6,33645e-03
3965	  7,9280000000e+03	 -2,20744e-02	  8,04012e-03
3966	  7,9300000000e+03	 -2,20315e-02	  7,68941e-03
3967	  7,9320000000e+03	 -2,16529e-02	  6,31667e-03
3968	  7,9340000000e+03	 -2,07173e-02	  5,83386e-03
3969	  7,9360000000e+03	 -2,14313e-02	  4,92880e-03
3970	  7,9380000000e+03	 -2,15416e-02	  5,19501e-03
3971	  7,9400000000e+03	 -2,07692e-02	  5,91445e-03
3972	  7,9420000000e+03	 -2,30171e-02	  4,27594e-03
3973	  7,9440000000e+03	 -2,40647e-02	  6,36790e-03
3974	  7,9460000000e+03	 -2,50150e-02	  5,80949e-03
3975	  7,9480000000e+03	 -2,59326e-02	  6,21909e-03
3976	  7,9500000000e+03	 -2,61712e-02	  7,48441e-03
3977	  7,9520000000e+03	 -2,57528e-02	  6,91521e-03
3978	  7,9540000000e+03	 -2,52033e-02	  6,45484e-03
3979	  7,9560000000e+03	 -2,66262e-02	  9,58308e-03
3980	  7,9580000000e+03	 -2,64544e-02	  9,26372e-03
3981	  7,9600000000e+03	 -2,47742e-02	  8,05087e-03
3982	  7,9620000000e+03	 -2,17471e-02	  9,12047e-03
3983	  7,9640000000e+03	 -2,38277e-02	  9,83750e-03
3984	  7,9660000000e+03	 -2,49485e-02	  1,08575e-02
3985	  7,9680000000e+03	 -2,19549e-02	  8,66195e-03
3986	  7,9700000000e+03	 -2,11410e-02	  6,95659e-03
3987	  7,9720000000e+03	 -2,17599e-02	  8,28448e-03
3988	  7,9740000000e+03	 -2,05014e-02	  1,12850e-02
3989	  7,9760000000e+03	 -1,98295e-02	  1,24274e-02
3990	  7,9780000000e+03	 -1,71313e-02	  1,19493e-02
3991	  7,9800000000e+03	 -1,93198e-02	  1,11238e-02
3992	  7,9820000000e+03	 -2,17384e-02	  1,03123e-02
3993	  7,9840000000e+03	 -2,22361e-02	  7,65676e-03
3994	  7,9860000000e+03	 -1,91722e-02	  7,33603e-03
3995	  7,9880000000e+03	 -1,92329e-02	  6,75015e-03
3996	  7,9900000000e+03	 -2,17011e-02	  8,46261e-03
3997	  7,9920000000e+03	 -2,10627e-02	  9,10158e-03
3998	  7,9940000000e+03	 -2,11815e-02	  6,97896e-03
3999	  7,9960000000e+03	 -1,82786e-02	  5,44296e-03
4000	  7,9980000000e+03	 -1,77245e-02	  7,60191e-03
4001	  8,0000000000e+03	 -1,74163e-02	  1,14004e-02
4002	  8,0020000000e+03	 -1,92008e-02	  9,00807e-03
4003	  8,0040000000e+03	 -2,11135e-02	  8,45998e-03
4004	  8,0060000000e+03	 -2,15005e-02	  1,13597e-02
4005	  8,0080000000e+03	 -2,21241e-02	  1,28307e-02
4006	  8,0100000000e+03	 -2,19286e-02	  1,36240e-02
4007	  8,0120000000e+03	 -1,88263e-02	  1,25966e-02
4008	  8,0140000000e+03	 -2,14422e-02	  1,05300e-02
4009	  8,0160000000e+03	 -2,32738e-02	  1,04420e-02
4010	  8,0180000000e+03	 -2,02900e-02	  1,29840e-02
4011	  8,0200000000e+03	 -2,32198e-02	  1,34271e-02
4012	  8,0220000000e+03	 -2,30200e-02	  1,22948e-02
4013	  8,0240000000e+03	 -1,99158e-02	  1,13585e-02
4014	  8,0260000000e+03	 -2,10974e-02	  1,21734e-02
4015	  8,0280000000e+03	 -2,40991e-02	  1,25253e-02
4016	  8,0300000000e+03	 -2,24119e-02	  1,48099e-02
4017	  8,0320000000e+03	 -2,39018e-02	  1,44210e-02
4018	  8,0340000000e+03	 -2,48192e-02	  1,37770e-02
4019	  8,0360000000e+03	 -2,39954e-02	  1,47236e-02
4020	  8,0380000000e+03	 -2,20014e-02	  1,34609e-02
4021	  8,0400000000e+03	 -2,24499e-02	  1,32275e-02
4022	  8,0420000000e+03	 -2,37780e-02	  1,52860e-02
4023	  8,0440000000e+03	 -2,29388e-02	  1,63932e-02
4024	  8,0460000000e+03	 -2,12619e-02	  1,56391e-02
4025	  8,0480000000e+03	 -2,09130e-02	  1,82398e-02
4026	  8,0500000000e+03	 -2,32814e-02	  1,78989e-02
4027	  8,0520000000e+03	 -2,49126e-02	  1,72982e-02
4028	  8,0540000000e+03	 -2,55671e-02	  1,95475e-02
4029	  8,0560000000e+03	 -2,56548e-02	  2,01411e-02
4030	  8,0580000000e+03	 -2,28251e-02	  1,91713e-02
4031	  8,0600000000e+03	 -2,14294e-02	  1,89985e-02
4032	  8,0620000000e+03	 -2,14215e-02	  1,95332e-02
4033	  8,0640000000e+03	 -2,30990e-02	  1,93490e-02
4034	  8,0660000000e+03	 -2,25348e-02	  2,12821e-02
4035	  8,0680000000e+03	 -2,35180e-02	  2,01729e-02
4036	  8,0700000000e+03	 -2,27055e-02	  1,90779e-02
4037	  8,0720000000e+03	 -2,02623e-02	  2,04525e-02
4038	  8,0740000000e+03	 -2,12299e-02	  1,85805e-02
4039	  8,0760000000e+03	 -2,26293e-02	  1,84495e-02
4040	  8,0780000000e+03	 -2,30844e-02	  2,05932e-02
4041	  8,0800000000e+03	 -2,42120e-02	  2,44705e-02
4042	  8,0820000000e+03	 -2,33545e-02	  2,34399e-02
4043	  8,0840000000e+03	 -2,19623e-02	  2,19219e-02
4044	  8,0860000000e+03	 -2,06290e-02	  2,11317e-02
4045	  8,0880000000e+03	 -2,11754e-02	  2,25976e-02
4046	  8,0900000000e+03	 -1,91378e-02	  2,42510e-02
4047	  8,0920000000e+03	 -1,78142e-02	  2,49037e-02
4048	  8,0940000000e+03	 -2,06653e-02	  2,50133e-02
4049	  8,0960000000e+03	 -2,11135e-02	  2,55502e-02
4050	  8,0980000000e+03	 -2,10758e-02	  2,76980e-02
4051	  8,1000000000e+03	 -2,03203e-02	  2,81028e-02
4052	  8,1020000000e+03	 -1,66793e-02	  2,81336e-02
4053	  8,1040000000e+03	 -1,59112e-02	  2,79226e-02
4054	  8,1060000000e+03	 -1,72613e-02	  2,78931e-02
4055	  8,1080000000e+03	 -1,60510e-02	  2,69261e-02
4056	  8,1100000000e+03	 -1,65922e-02	  2,91398e-02
4057	  8,1120000000e+03	 -1,59313e-02	  3,04244e-02
4058	  8,1140000000e+03	 -1,53874e-02	  3,28576e-02
4059	  8,1160000000e+03	 -1,45440e-02	  3,31657e-02
4060	  8,1180000000e+03	 -1,34111e-02	  3,32913e-02
4061	  8,1200000000e+03	 -1,17333e-02	  3,36683e-02
4062	  8,1220000000e+03	 -1,08670e-02	  3,30698e-02
4063	  8,1240000000e+03	 -1,19074e-02	  3,52046e-02
4064	  8,1260000000e+03	 -1,28014e-02	  3,53605e-02
4065	  8,1280000000e+03	 -1,13118e-02	  3,32223e-02
4066	  8,1300000000e+03	 -9,34273e-03	  3,58460e-02
4067	  8,1320000000e+03	 -8,50323e-03	  3,79572e-02
4068	  8,1340000000e+03	 -8,80567e-03	  3,57370e-02
4069	  8,1360000000e+03	 -8,10517e-03	  3,57105e-02
4070	  8,1380000000e+03	 -8,03504e-03	  3,63138e-02
4071	  8,1400000000e+03	 -6,70198e-03	  3,56185e-02
4072	  8,1420000000e+03	 -7,32084e-03	  3,50112e-02
4073	  8,1440000000e+03	 -6,54937e-03	  3,34558e-02
4074	  8,1460000000e+03	 -4,32142e-03	  3,50344e-02
4075	  8,1480000000e+03	 -3,07685e-03	  3,57003e-02
4076	  8,1500000000e+03	 -4,31236e-03	  3,50426e-02
4077	  8,1520000000e+03	 -4,62817e-03	  3,31089e-02
4078	  8,1540000000e+03	 -2,42361e-03	  3,51977e-02
4079	  8,1560000000e+03	 -4,87075e-03	  3,67110e-02
4080	  8,1580000000e+03	 -6,36171e-03	  3,46799e-02
4081	  8,1600000000e+03	 -4,25390e-03	  3,38556e-02
4082	  8,1620000000e+03	 -3,23813e-03	  3,51939e-02
4083	  8,1640000000e+03	 -1,23890e-03	  3,62101e-02
4084	  8,1660000000e+03	 -1,92514e-03	  3,61355e-02
4085	  8,1680000000e+03	 -1,85409e-03	  3,87772e-02
4086	  8,1700000000e+03	 -1,77734e-04	  3,96264e-02
4087	  8,1720000000e+03	  4,89651e-04	  3,90570e-02
4088	  8,1740000000e+03	  3,37322e-03	  3,87679e-02
4089	  8,1760000000e+03	  4,23546e-03	  3,92781e-02
4090	  8,1780000000e+03	  2,47034e-03	  3,83250e-02
4091	  8,1800000000e+03	  5,24409e-03	  3,59829e-02
4092	  8,1820000000e+03	  4,68409e-03	  3,75848e-02
4093	  8,1840000000e+03	  4,04480e-03	  3,72718e-02
4094	  8,1860000000e+03	  5,03262e-03	  3,87337e-02
4095	  8,1880000000e+03	  6,93634e-03	  3,85690e-02
4096	  8,1900000000e+03	  6,99851e-03	  3,74449e-02
4097	  8,1920000000e+03	  7,46745e-03	  3,83516e-02
4098	  8,1940000000e+03	  9,10743e-03	  3,88559e-02
4099	  8,1960000000e+03	  7,26543e-03	  3,85709e-02
4100	  8,1980000000e+03	  7,83053e-03	  3,75977e-02
4101	  8,2000000000e+03	  1,17041e-02	  3,99158e-02
4102	  8,2020000000e+03	  1,19207e-02	  4,01978e-02
4103	  8,2040000000e+03	  1,30983e-02	  4,00281e-02
4104	  8,2060000000e+03	  1,51793e-02	  4,09401e-02
4105	  8,2080000000e+03	  1,51103e-02	  4,01355e-02
4106	  8,2100000000e+03	  1,43116e-02	  3,88525e-02
4107	  8,2120000000e+03	  1,38448e-02	  3,92193e-02
4108	  8,2140000000e+03	  1,74144e-02	  3,80450e-02
4109	  8,2160000000e+03	  2,01925e-02	  3,56070e-02
4110	  8,2180000000e+03	  2,14690e-02	  3,70613e-02
4111	  8,2200000000e+03	  2,02497e-02	  3,65625e-02
4112	  8,2220000000e+03	  2,04438e-02	  3,61903e-02
4113	  8,2240000000e+03	  2,00484e-02	  3,64682e-02
4114	  8,2260000000e+03	  2,21553e-02	  3,80162e-02
4115	  8,2280000000e+03	  2,33121e-02	  3,67761e-02
4116	  8,2300000000e+03	  2,40387e-02	  3,42011e-02
4117	  8,2320000000e+03	  2,28020e-02	  3,30599e-02
4118	  8,2340000000e+03	  2,51605e-02	  3,44833e-02
4119	  8,2360000000e+03	  2,54309e-02	  3,37364e-02
4120	  8,2380000000e+03	  2,34975e-02	  3,23316e-02
4121	  8,2400000000e+03	  2,60525e-02	  3,14110e-02
4122	  8,2420000000e+03	  2,73823e-02	  3,26697e-02
4123	  8,2440000000e+03	  2,81449e-02	  3,04088e-02
4124	  8,2460000000e+03	  2,91592e-02	  2,96994e-02
4125	  8,2480000000e+03	  2,83742e-02	  3,12535e-02
4126	  8,2500000000e+03	  3,00072e-02	  3,03347e-02
4127	  8,2520000000e+03	  3,06216e-02	  3,08489e-02
4128	  8,2540000000e+03	  3,06983e-02	  2,82017e-02
4129	  8,2560000000e+03	  2,96539e-02	  2,61445e-02
4130	  8,2580000000e+03	  2,94752e-02	  2,60689e-02
4131	  8,2600000000e+03	  3,21630e-02	  2,60254e-02
4132	  8,2620000000e+03	  3,17765e-02	  2,40868e-02
4133	  8,2640000000e+03	  3,15065e-02	  2,46441e-02
4134	  8,2660000000e+03	  3,29927e-02	  2,15656e-02
4135	  8,2680000000e+03	  3,35499e-02	  2,36937e-02
4136	  8,2700000000e+03	  3,48646e-02	  2,62896e-02
4137	  8,2720000000e+03	  3,60122e-02	  2,49179e-02
4138	  8,2740000000e+03	  3,71265e-02	  2,09166e-02
4139	  8,2760000000e+03	  3,47277e-02	  1,96623e-02
4140	  8,2780000000e+03	  3,42884e-02	  2,42732e-02
4141	  8,2800000000e+03	  3,65742e-02	  2,18884e-02
4142	  8,2820000000e+03	  3,80012e-02	  1,87994e-02
4143	  8,2840000000e+03	  3,75076e-02	  1,89070e-02
4144	  8,2860000000e+03	  3,51094e-02	  1,68548e-02
4145	  8,2880000000e+03	  3,82998e-02	  1,50542e-02
4146	  8,2900000000e+03	  3,94106e-02	  1,44614e-02
4147	  8,2920000000e+03	  3,66384e-02	  1,64012e-02
4148	  8,2940000000e+03	  3,65598e-02	  1,48673e-02
4149	  8,2960000000e+03	  3,56691e-02	  1,29895e-02
4150	  8,2980000000e+03	  3,72720e-02	  1,27442e-02
4151	  8,3000000000e+03	  3,87110e-02	  1,23135e-02
4152	  8,3020000000e+03	  3,98926e-02	  1,19847e-02
4153	  8,3040000000e+03	  4,04974e-02	  1,09600e-02
4154	  8,3060000000e+03	  3,93560e-02	  1,07086e-02
4155	  8,3080000000e+03	  3,90271e-02	  1,01466e-02
4156	  8,3100000000e+03	  4,02584e-02	  9,76392e-03
4157	  8,3120000000e+03	  3,86971e-02	  8,57413e-03
4158	  8,3140000000e+03	  3,48227e-02	  9,31451e-03
4159	  8,3160000000e+03	  3,54615e-02	  7,43313e-03
4160	  8,3180000000e+03	  3,63842e-02	  7,27265e-03
4161	  8,3200000000e+03	  3,89628e-02	  6,67354e-03
4162	  8,3220000000e+03	  4,00861e-02	  5,61314e-03
4163	  8,3240000000e+03	  4,21060e-02	  4,35484e-03
4164	  8,3260000000e+03	  3,97021e-02	  4,59081e-03
4165	  8,3280000000e+03	  3,92382e-02	  4,73075e-03
4166	  8,3300000000e+03	  4,11609e-02	  4,14056e-03
4167	  8,3320000000e+03	  4,03809e-02	  1,76460e-03
4168	  8,3340000000e+03	  4,08930e-02	  7,66005e-04
4169	  8,3360000000e+03	  4,33464e-02	  2,05186e-04
4170	  8,3380000000e+03	  4,27067e-02	  6,03040e-04
4171	  8,3400000000e+03	  4,32485e-02	  1,72935e-03
4172	  8,3420000000e+03	  4,10011e-02	  1,84978e-04
4173	  8,3440000000e+03	  4,03483e-02	 -9,04077e-04
4174	  8,3460000000e+03	  4,19814e-02	 -3,00804e-03
4175	  8,3480000000e+03	  4,34421e-02	 -4,71857e-03
4176	  8,3500000000e+03	  4,24803e-02	 -5,21284e-03
4177	  8,3520000000e+03	  4,33851e-02	 -3,28039e-03
4178	  8,3540000000e+03	  4,34257e-02	 -6,23647e-03
4179	  8,3560000000e+03	  4,46671e-02	 -9,67738e-03
4180	  8,3580000000e+03	  4,38755e-02	 -1,10475e-02
4181	  8,3600000000e+03	  4,01042e-02	 -1,01630e-02
4182	  8,3620000000e+03	  4,02922e-02	 -9,11647e-03
4183	  8,3640000000e+03	  4,04777e-02	 -8,98594e-03
4184	  8,3660000000e+03	  3,91015e-02	 -9,57313e-03
4185	  8,3680000000e+03	  3,77695e-02	 -1,22141e-02
4186	  8,3700000000e+03	  3,84666e-02	 -1,50122e-02
4187	  8,3720000000e+03	  3,81124e-02	 -1,47057e-02
4188	  8,3740000000e+03	  3,92349e-02	 -1,34209e-02
4189	  8,3760000000e+03	  3,86907e-02	 -1,56597e-02
4190	  8,3780000000e+03	  3,85730e-02	 -1,71979e-02
4191	  8,3800000000e+03	  3,82762e-02	 -1,75279e-02
4192	  8,3820000000e+03	  3,77478e-02	 -2,07461e-02
4193	  8,3840000000e+03	  3,79381e-02	 -1,98922e-02
4194	  8,3860000000e+03	  3,69983e-02	 -1,70931e-02
4195	  8,3880000000e+03	  3,81376e-02	 -1,84195e-02
4196	  8,3900000000e+03	  3,64019e-02	 -2,05028e-02
4197	  8,3920000000e+03	  3,54709e-02	 -2,03716e-02
4198	  8,3940000000e+03	  3,39397e-02	 -2,06228e-02
4199	  8,3960000000e+03	  3,27209e-02	 -2,25503e-02
4200	  8,3980000000e+03	  3,35604e-02	 -2,11988e-02
4201	  8,4000000000e+03	  3,48050e-02	 -2,39301e-02
4202	  8,4020000000e+03	  3,57598e-02	 -2,48820e-02
4203	  8,4040000000e+03	  3,41391e-02	 -2,57993e-02
4204	  8,4060000000e+03	  3,26462e-02	 -2,73427e-02
4205	  8,4080000000e+03	  3,43421e-02	 -3,01885e-02
4206	  8,4100000000e+03	  3,32588e-02	 -3,08314e-02
4207	  8,4120000000e+03	  3,27049e-02	 -3,12064e-02
4208	  8,4140000000e+03	  3,13225e-02	 -3,07266e-02
4209	  8,4160000000e+03	  3,04222e-02	 -2,96463e-02
4210	  8,4180000000e+03	  2,78362e-02	 -3,18217e-02
4211	  8,4200000000e+03	  2,61591e-02	 -3,30182e-02
4212	  8,4220000000e+03	  2,65088e-02	 -3,09833e-02
4213	  8,4240000000e+03	  2,56658e-02	 -3,52776e-02
4214	  8,4260000000e+03	  2,59933e-02	 -3,71442e-02
4215	  8,4280000000e+03	  2,63364e-02	 -3,58075e-02
4216	  8,4300000000e+03	  2,48012e-02	 -3,55930e-02
4217	  8,4320000000e+03	  2,28400e-02	 -3,74488e-02
4218	  8,4340000000e+03	  2,23750e-02	 -3,72736e-02
4219	  8,4360000000e+03	  1,99232e-02	 -3,44283e-02
4220	  8,4380000000e+03	  2,04864e-02	 -3,37129e-02
4221	  8,4400000000e+03	  1,98055e-02	 -3,64291e-02
4222	  8,4420000000e+03	  1,92735e-02	 -3,93081e-02
4223	  8,4440000000e+03	  1,99942e-02	 -3,86289e-02
4224	  8,4460000000e+03	  2,04482e-02	 -3,68772e-02
4225	  8,4480000000e+03	  1,73386e-02	 -3,78727e-02
4226	  8,4500000000e+03	  1,69760e-02	 -3,90830e-02
4227	  8,4520000000e+03	  1,33530e-02	 -3,90156e-02
4228	  8,4540000000e+03	  1,22254e-02	 -3,86848e-02
4229	  8,4560000000e+03	  1,35638e-02	 -3,78317e-02
4230	  8,4580000000e+03	  1,56724e-02	 -3,94437e-02
4231	  8,4600000000e+03	  1,52926e-02	 -4,03932e-02
4232	  8,4620000000e+03	  1,11817e-02	 -4,06173e-02
4233	  8,4640000000e+03	  1,29878e-02	 -3,89069e-02
4234	  8,4660000000e+03	  1,07900e-02	 -4,08408e-02
4235	  8,4680000000e+03	  8,90065e-03	 -4,12271e-02
4236	  8,4700000000e+03	  6,70990e-03	 -4,13758e-02
4237	  8,4720000000e+03	  8,18309e-03	 -4,09884e-02
4238	  8,4740000000e+03	  9,66481e-03	 -3,83187e-02
4239	  8,4760000000e+03	  6,14177e-03	 -3,85421e-02
4240	  8,4780000000e+03	  5,07035e-03	 -4,07487e-02
4241	  8,4800000000e+03	  3,71979e-03	 -4,14379e-02
4242	  8,4820000000e+03	  4,72160e-03	 -4,25911e-02
4243	  8,4840000000e+03	  4,58512e-03	 -4,07441e-02
4244	  8,4860000000e+03	  2,45251e-03	 -4,02713e-02
4245	  8,4880000000e+03	  1,29135e-03	 -4,24495e-02
4246	  8,4900000000e+03	 -4,72855e-06	 -4,26103e-02
4247	  8,4920000000e+03	 -1,27037e-03	 -4,34827e-02
4248	  8,4940000000e+03	 -1,16419e-03	 -4,27809e-02
4249	  8,4960000000e+03	 -4,09060e-03	 -4,18937e-02
4250	  8,4980000000e+03	 -5,49921e-03	 -4,22337e-02
4251	  8,5000000000e+03	 -5,10550e-03	 -4,23339e-02
4252	  8,5020000000e+03	 -5,78223e-03	 -3,93711e-02
4253	  8,5040000000e+03	 -7,93890e-03	 -4,05447e-02
4254	  8,5060000000e+03	 -9,41712e-03	 -3,96834e-02
4255	  8,5080000000e+03	 -9,78593e-03	 -3,77879e-02
4256	  8,5100000000e+03	 -9,40198e-03	 -3,71857e-02
4257	  8,5120000000e+03	 -7,66280e-03	 -3,62256e-02
4258	  8,5140000000e+03	 -1,11625e-02	 -3,58412e-02
4259	  8,5160000000e+03	 -1,24042e-02	 -3,79955e-02
4260	  8,5180000000e+03	 -1,21307e-02	 -3,89148e-02
4261	  8,5200000000e+03	 -1,45912e-02	 -3,73780e-02
4262	  8,5220000000e+03	 -1,47185e-02	 -3,83348e-02
4263	  8,5240000000e+03	 -1,47970e-02	 -3,98523e-02
4264	  8,5260000000e+03	 -1,31526e-02	 -3,84755e-02
4265	  8,5280000000e+03	 -1,16416e-02	 -3,60683e-02
4266	  8,5300000000e+03	 -1,40223e-02	 -3,49545e-02
4267	  8,5320000000e+03	 -1,56176e-02	 -3,63313e-02
4268	  8,5340000000e+03	 -1,69673e-02	 -3,58770e-02
4269	  8,5360000000e+03	 -1,70849e-02	 -3,62926e-02
4270	  8,5380000000e+03	 -1,92981e-02	 -3,58761e-02
4271	  8,5400000000e+03	 -1,97367e-02	 -3,61639e-02
4272	  8,5420000000e+03	 -1,84403e-02	 -3,72440e-02
4273	  8,5440000000e+03	 -1,90546e-02	 -3,56614e-02
4274	  8,5460000000e+03	 -2,06206e-02	 -3,71939e-02
4275	  8,5480000000e+03	 -2,11479e-02	 -3,88567e-02
4276	  8,5500000000e+03	 -2,20283e-02	 -3,61999e-02
4277	  8,5520000000e+03	 -2,25447e-02	 -3,38968e-02
4278	  8,5540000000e+03	 -2,10116e-02	 -3,26258e-02
4279	  8,5560000000e+03	 -2,25350e-02	 -3,32131e-02
4280	  8,5580000000e+03	 -2,61664e-02	 -3,31023e-02
4281	  8,5600000000e+03	 -2,87470e-02	 -3,33251e-02
4282	  8,5620000000e+03	 -2,93153e-02	 -3,01236e-02
4283	  8,5640000000e+03	 -2,83656e-02	 -2,75605e-02
4284	  8,5660000000e+03	 -2,97670e-02	 -2,78960e-02
4285	  8,5680000000e+03	 -2,97541e-02	 -2,65903e-02
4286	  8,5700000000e+03	 -2,94199e-02	 -2,64692e-02
4287	  8,5720000000e+03	 -3,04797e-02	 -2,56978e-02
4288	  8,5740000000e+03	 -3,14853e-02	 -2,37016e-02
4289	  8,5760000000e+03	 -3,08756e-02	 -2,26868e-02
4290	  8,5780000000e+03	 -3,15255e-02	 -2,49398e-02
4291	  8,5800000000e+03	 -3,00949e-02	 -2,33141e-02
4292	  8,5820000000e+03	 -2,85930e-02	 -2,13513e-02
4293	  8,5840000000e+03	 -3,05709e-02	 -2,14459e-02
4294	  8,5860000000e+03	 -2,99036e-02	 -2,37898e-02
4295	  8,5880000000e+03	 -3,23649e-02	 -2,32854e-02
4296	  8,5900000000e+03	 -3,12218e-02	 -2,08515e-02
4297	  8,5920000000e+03	 -2,93496e-02	 -1,94813e-02
4298	  8,5940000000e+03	 -3,19799e-02	 -1,79536e-02
4299	  8,5960000000e+03	 -3,25369e-02	 -1,96417e-02
4300	  8,5980000000e+03	 -3,30851e-02	 -1,89327e-02
4301	  8,6000000000e+03	 -3,58140e-02	 -1,77090e-02
4302	  8,6020000000e+03	 -3,46226e-02	 -1,75879e-02
4303	  8,6040000000e+03	 -3,44225e-02	 -1,55676e-02
4304	  8,6060000000e+03	 -3,54339e-02	 -1,51324e-02
4305	  8,6080000000e+03	 -3,45564e-02	 -1,56409e-02
4306	  8,6100000000e+03	 -3,52040e-02	 -1,66302e-02
4307	  8,6120000000e+03	 -3,72310e-02	 -1,68902e-02
4308	  8,6140000000e+03	 -3,53264e-02	 -1,56808e-02
4309	  8,6160000000e+03	 -3,44566e-02	 -1,63702e-02
4310	  8,6180000000e+03	 -3,56200e-02	 -1,57706e-02
4311	  8,6200000000e+03	 -3,88291e-02	 -1,39974e-02
4312	  8,6220000000e+03	 -3,81936e-02	 -1,28589e-02
4313	  8,6240000000e+03	 -3,83167e-02	 -1,20314e-02
4314	  8,6260000000e+03	 -3,77567e-02	 -1,04400e-02
4315	  8,6280000000e+03	 -3,62679e-02	 -9,61596e-03
4316	  8,6300000000e+03	 -3,91162e-02	 -8,55700e-03
4317	  8,6320000000e+03	 -4,06575e-02	 -9,24864e-03
4318	  8,6340000000e+03	 -4,02023e-02	 -7,53900e-03
4319	  8,6360000000e+03	 -3,87843e-02	 -6,53791e-03
4320	  8,6380000000e+03	 -3,74611e-02	 -6,86466e-03
4321	  8,6400000000e+03	 -3,75140e-02	 -6,38489e-03
4322	  8,6420000000e+03	 -3,81061e-02	 -6,21305e-03
4323	  8,6440000000e+03	 -3,77280e-02	 -4,49175e-03
4324	  8,6460000000e+03	 -4,03289e-02	 -3,69064e-03
4325	  8,6480000000e+03	 -3,99753e-02	 -3,69347e-03
4326	  8,6500000000e+03	 -3,87320e-02	 -2,52191e-03
4327	  8,6520000000e+03	 -3,87570e-02	 -1,57097e-03
4328	  8,6540000000e+03	 -4,01384e-02	 -3,66133e-04
4329	  8,6560000000e+03	 -3,86384e-02	  1,17179e-03
4330	  8,6580000000e+03	 -3,81174e-02	  2,34257e-03
4331	  8,6600000000e+03	 -3,76051e-02	  1,80198e-03
4332	  8,6620000000e+03	 -3,71273e-02	  5,27159e-04
4333	  8,6640000000e+03	 -3,75467e-02	 -1,38896e-03
4334	  8,6660000000e+03	 -3,73328e-02	  1,65977e-03
4335	  8,6680000000e+03	 -3,87128e-02	  2,39222e-03
4336	  8,6700000000e+03	 -4,00725e-02	  3,17277e-03
4337	  8,6720000000e+03	 -4,01111e-02	  4,02479e-03
4338	  8,6740000000e+03	 -4,05757e-02	  4,15228e-03
4339	  8,6760000000e+03	 -4,12909e-02	  5,61795e-03
4340	  8,6780000000e+03	 -4,16004e-02	  7,45307e-03
4341	  8,6800000000e+03	 -3,98585e-02	  7,68226e-03
4342	  8,6820000000e+03	 -4,08793e-02	  9,35895e-03
4343	  8,6840000000e+03	 -3,99619e-02	  1,08181e-02
4344	  8,6860000000e+03	 -3,90823e-02	  1,34555e-02
4345	  8,6880000000e+03	 -3,86690e-02	  1,36989e-02
4346	  8,6900000000e+03	 -3,81039e-02	  1,39973e-02
4347	  8,6920000000e+03	 -3,79679e-02	  1,36201e-02
4348	  8,6940000000e+03	 -3,84086e-02	  1,22495e-02
4349	  8,6960000000e+03	 -3,53523e-02	  1,28584e-02
4350	  8,6980000000e+03	 -3,58026e-02	  1,31335e-02
4351	  8,7000000000e+03	 -3,55320e-02	  1,70290e-02
4352	  8,7020000000e+03	 -3,48704e-02	  1,58374e-02
4353	  8,7040000000e+03	 -3,52319e-02	  1,69282e-02
4354	  8,7060000000e+03	 -3,60433e-02	  2,03276e-02
4355	  8,7080000000e+03	 -3,57043e-02	  1,88678e-02
4356	  8,7100000000e+03	 -3,48054e-02	  1,60060e-02
4357	  8,7120000000e+03	 -3,56510e-02	  1,76006e-02
4358	  8,7140000000e+03	 -3,61002e-02	  2,01934e-02
4359	  8,7160000000e+03	 -3,44376e-02	  1,91586e-02
4360	  8,7180000000e+03	 -3,35560e-02	  2,06808e-02
4361	  8,7200000000e+03	 -3,58509e-02	  1,89854e-02
4362	  8,7220000000e+03	 -3,54294e-02	  1,96884e-02
4363	  8,7240000000e+03	 -3,49352e-02	  2,11459e-02
4364	  8,7260000000e+03	 -3,34477e-02	  2,17888e-02
4365	  8,7280000000e+03	 -3,28635e-02	  2,47729e-02
4366	  8,7300000000e+03	 -3,36146e-02	  2,38465e-02
4367	  8,7320000000e+03	 -3,39821e-02	  2,32238e-02
4368	  8,7340000000e+03	 -3,33870e-02	  2,36614e-02
4369	  8,7360000000e+03	 -3,32086e-02	  2,46555e-02
4370	  8,7380000000e+03	 -3,02832e-02	  2,55546e-02
4371	  8,7400000000e+03	 -3,16505e-02	  2,53150e-02
4372	  8,7420000000e+03	 -3,45932e-02	  2,81178e-02
4373	  8,7440000000e+03	 -3,41385e-02	  2,72793e-02
4374	  8,7460000000e+03	 -3,20625e-02	  2,90051e-02
4375	  8,7480000000e+03	 -3,16951e-02	  3,08513e-02
4376	  8,7500000000e+03	 -3,30796e-02	  3,08290e-02
4377	  8,7520000000e+03	 -3,36194e-02	  3,20154e-02
4378	  8,7540000000e+03	 -3,33603e-02	  3,26235e-02
4379	  8,7560000000e+03	 -2,99655e-02	  2,94576e-02
4380	  8,7580000000e+03	 -3,00816e-02	  3,23630e-02
4381	  8,7600000000e+03	 -3,19416e-02	  3,38412e-02
4382	  8,7620000000e+03	 -3,19301e-02	  3,38937e-02
4383	  8,7640000000e+03	 -3,11487e-02	  3,74659e-02
4384	  8,7660000000e+03	 -3,05537e-02	  3,85731e-02
4385	  8,7680000000e+03	 -2,89443e-02	  3,87837e-02
4386	  8,7700000000e+03	 -2,63594e-02	  3,94177e-02
4387	  8,7720000000e+03	 -2,82572e-02	  3,96655e-02
4388	  8,7740000000e+03	 -2,56183e-02	  4,10368e-02
4389	  8,7760000000e+03	 -2,36922e-02	  4,04183e-02
4390	  8,7780000000e+03	 -2,35537e-02	  4,09473e-02
4391	  8,7800000000e+03	 -2,32424e-02	  4,06592e-02
4392	  8,7820000000e+03	 -2,09536e-02	  4,15721e-02
4393	  8,7840000000e+03	 -2,16313e-02	  4,47406e-02
4394	  8,7860000000e+03	 -2,03160e-02	  4,64078e-02
4395	  8,7880000000e+03	 -1,99406e-02	  4,40498e-02
4396	  8,7900000000e+03	 -2,05057e-02	  4,27848e-02
4397	  8,7920000000e+03	 -1,70772e-02	  4,20824e-02
4398	  8,7940000000e+03	 -1,76138e-02	  4,19258e-02
4399	  8,7960000000e+03	 -1,82370e-02	  4,47916e-02
4400	  8,7980000000e+03	 -1,69955e-02	  4,56910e-02
4401	  8,8000000000e+03	 -1,51109e-02	  4,61012e-02
4402	  8,8020000000e+03	 -1,49536e-02	  4,61230e-02
4403	  8,8040000000e+03	 -1,37384e-02	  4,79636e-02
4404	  8,8060000000e+03	 -1,49349e-02	  4,79151e-02
4405	  8,8080000000e+03	 -1,22710e-02	  4,70171e-02
4406	  8,8100000000e+03	 -1,08042e-02	  4,74502e-02
4407	  8,8120000000e+03	 -1,32400e-02	  4,74931e-02
4408	  8,8140000000e+03	 -1,22503e-02	  4,99996e-02
4409	  8,8160000000e+03	 -1,16859e-02	  5,05797e-02
4410	  8,8180000000e+03	 -1,21827e-02	  4,82947e-02
4411	  8,8200000000e+03	 -1,10163e-02	  5,02788e-02
4412	  8,8220000000e+03	 -8,39433e-03	  4,75136e-02
4413	  8,8240000000e+03	 -7,36911e-03	  4,84936e-02
4414	  8,8260000000e+03	 -9,48515e-03	  5,06008e-02
4415	  8,8280000000e+03	 -7,04617e-03	  5,14635e-02
4416	  8,8300000000e+03	 -7,03952e-03	  5,51280e-02
4417	  8,8320000000e+03	 -7,56875e-03	  5,34583e-02
4418	  8,8340000000e+03	 -5,84210e-03	  5,44660e-02
4419	  8,8360000000e+03	 -4,78400e-03	  5,35933e-02
4420	  8,8380000000e+03	 -4,85224e-03	  5,30780e-02
4421	  8,8400000000e+03	 -1,46241e-03	  5,56443e-02
4422	  8,8420000000e+03	  1,51613e-03	  5,64426e-02
4423	  8,8440000000e+03	  2,22064e-04	  5,59437e-02
4424	  8,8460000000e+03	 -4,10648e-04	  5,61031e-02
4425	  8,8480000000e+03	 -5,17233e-05	  5,75819e-02
4426	  8,8500000000e+03	  2,35157e-03	  5,69651e-02
4427	  8,8520000000e+03	  3,27317e-03	  5,65418e-02
4428	  8,8540000000e+03	  5,12429e-03	  5,65817e-02
4429	  8,8560000000e+03	  6,38816e-03	  5,63117e-02
4430	  8,8580000000e+03	  8,72681e-03	  5,57338e-02
4431	  8,8600000000e+03	  8,61840e-03	  5,72399e-02
4432	  8,8620000000e+03	  7,93240e-03	  5,78734e-02
4433	  8,8640000000e+03	  9,43529e-03	  5,89739e-02
4434	  8,8660000000e+03	  1,01172e-02	  5,71769e-02
4435	  8,8680000000e+03	  1,27701e-02	  5,82692e-02
4436	  8,8700000000e+03	  1,53422e-02	  5,87268e-02
4437	  8,8720000000e+03	  1,60909e-02	  5,92124e-02
4438	  8,8740000000e+03	  1,63317e-02	  5,98790e-02
4439	  8,8760000000e+03	  1,84167e-02	  6,13794e-02
4440	  8,8780000000e+03	  1,90287e-02	  6,03879e-02
4441	  8,8800000000e+03	  1,99556e-02	  5,88108e-02
4442	  8,8820000000e+03	  2,07421e-02	  6,16735e-02
4443	  8,8840000000e+03	  2,39309e-02	  6,28970e-02
4444	  8,8860000000e+03	  2,70466e-02	  6,08874e-02
4445	  8,8880000000e+03	  2,81252e-02	  6,12139e-02
4446	  8,8900000000e+03	  2,94210e-02	  6,22094e-02
4447	  8,8920000000e+03	  3,15802e-02	  6,08700e-02
4448	  8,8940000000e+03	  3,15742e-02	  6,08042e-02
4449	  8,8960000000e+03	  3,03549e-02	  6,12094e-02
4450	  8,8980000000e+03	  3,18593e-02	  6,01543e-02
4451	  8,9000000000e+03	  3,46171e-02	  5,87894e-02
4452	  8,9020000000e+03	  3,72248e-02	  5,93507e-02
4453	  8,9040000000e+03	  4,07157e-02	  6,08990e-02
4454	  8,9060000000e+03	  4,05840e-02	  5,81412e-02
4455	  8,9080000000e+03	  4,23209e-02	  5,76526e-02
4456	  8,9100000000e+03	  4,17262e-02	  5,73627e-02
4457	  8,9120000000e+03	  4,17772e-02	  5,69464e-02
4458	  8,9140000000e+03	  4,29541e-02	  5,46536e-02
4459	  8,9160000000e+03	  4,47986e-02	  5,31523e-02
4460	  8,9180000000e+03	  4,66088e-02	  5,48096e-02
4461	  8,9200000000e+03	  4,82561e-02	  5,37877e-02
4462	  8,9220000000e+03	  4,92668e-02	  5,35580e-02
4463	  8,9240000000e+03	  4,93296e-02	  5,09448e-02
4464	  8,9260000000e+03	  5,21480e-02	  4,88274e-02
4465	  8,9280000000e+03	  5,52005e-02	  4,92577e-02
4466	  8,9300000000e+03	  5,62193e-02	  4,75252e-02
4467	  8,9320000000e+03	  5,62492e-02	  4,64407e-02
4468	  8,9340000000e+03	  5,73509e-02	  4,71936e-02
4469	  8,9360000000e+03	  5,62774e-02	  4,49751e-02
4470	  8,9380000000e+03	  5,81443e-02	  4,42183e-02
4471	  8,9400000000e+03	  5,93833e-02	  4,50834e-02
4472	  8,9420000000e+03	  6,08561e-02	  4,47885e-02
4473	  8,9440000000e+03	  6,23453e-02	  4,24164e-02
4474	  8,9460000000e+03	  6,38479e-02	  3,88036e-02
4475	  8,9480000000e+03	  6,37568e-02	  3,72957e-02
4476	  8,9500000000e+03	  6,48782e-02	  3,68563e-02
4477	  8,9520000000e+03	  6,81914e-02	  3,37966e-02
4478	  8,9540000000e+03	  6,61626e-02	  3,22973e-02
4479	  8,9560000000e+03	  6,73679e-02	  3,04083e-02
4480	  8,9580000000e+03	  6,89440e-02	  2,95964e-02
4481	  8,9600000000e+03	  6,67493e-02	  2,81880e-02
4482	  8,9620000000e+03	  6,76272e-02	  2,72664e-02
4483	  8,9640000000e+03	  6,83885e-02	  2,70966e-02
4484	  8,9660000000e+03	  6,67626e-02	  2,65447e-02
4485	  8,9680000000e+03	  6,69184e-02	  2,45836e-02
4486	  8,9700000000e+03	  6,75532e-02	  2,33986e-02
4487	  8,9720000000e+03	  6,97089e-02	  2,28673e-02
4488	  8,9740000000e+03	  6,93729e-02	  2,22985e-02
4489	  8,9760000000e+03	  7,04885e-02	  2,10378e-02
4490	  8,9780000000e+03	  7,08475e-02	  2,06060e-02
4491	  8,9800000000e+03	  6,96082e-02	  2,22227e-02
4492	  8,9820000000e+03	  7,14541e-02	  2,13596e-02
4493	  8,9840000000e+03	  7,16889e-02	  1,72551e-02
4494	  8,9860000000e+03	  7,25373e-02	  1,63800e-02
4495	  8,9880000000e+03	  7,18368e-02	  1,63518e-02
4496	  8,9900000000e+03	  7,65721e-02	  1,47834e-02
4497	  8,9920000000e+03	  7,92833e-02	  1,49775e-02
4498	  8,9940000000e+03	  7,81744e-02	  1,50723e-02
4499	  8,9960000000e+03	  8,00777e-02	  1,43818e-02
4500	  8,9980000000e+03	  8,07498e-02	  1,30861e-02
4501	  9,0000000000e+03	  8,20436e-02	  1,11945e-02
4502	  9,0020000000e+03	  8,15984e-02	  7,56141e-03
4503	  9,0040000000e+03	  7,90773e-02	  7,18114e-03
4504	  9,0060000000e+03	  7,97571e-02	  3,77927e-03
4505	  9,0080000000e+03	  8,04612e-02	  4,12080e-03
4506	  9,0100000000e+03	  7,91954e-02	  2,04241e-03
4507	  9,0120000000e+03	  8,00389e-02	  3,44464e-04
4508	  9,0140000000e+03	  8,21913e-02	 -8,94203e-04
4509	  9,0160000000e+03	  8,17374e-02	  6,51646e-04
4510	  9,0180000000e+03	  8,18584e-02	  5,30119e-04
4511	  9,0200000000e+03	  8,17499e-02	 -1,53139e-03
4512	  9,0220000000e+03	  8,40460e-02	 -4,47715e-03
4513	  9,0240000000e+03	  8,32366e-02	 -7,45513e-03
4514	  9,0260000000e+03	  8,31055e-02	 -8,36718e-03
4515	  9,0280000000e+03	  8,39208e-02	 -9,13768e-03
4516	  9,0300000000e+03	  8,33088e-02	 -1,18590e-02
4517	  9,0320000000e+03	  8,40654e-02	 -1,08135e-02
4518	  9,0340000000e+03	  8,55781e-02	 -6,82248e-03
4519	  9,0360000000e+03	  8,76793e-02	 -9,33906e-03
4520	  9,0380000000e+03	  8,51088e-02	 -1,24140e-02
4521	  9,0400000000e+03	  8,64978e-02	 -1,30883e-02
4522	  9,0420000000e+03	  8,61357e-02	 -1,11806e-02
4523	  9,0440000000e+03	  8,58779e-02	 -1,33558e-02
4524	  9,0460000000e+03	  8,72427e-02	 -1,63848e-02
4525	  9,0480000000e+03	  8,90531e-02	 -1,85794e-02
4526	  9,0500000000e+03	  9,26707e-02	 -1,85392e-02
4527	  9,0520000000e+03	  9,39317e-02	 -1,90620e-02
4528	  9,0540000000e+03	  9,51029e-02	 -2,08748e-02
4529	  9,0560000000e+03	  9,62751e-02	 -2,38670e-02
4530	  9,0580000000e+03	  9,58728e-02	 -2,62054e-02
4531	  9,0600000000e+03	  9,54898e-02	 -2,91142e-02
4532	  9,0620000000e+03	  9,80090e-02	 -3,05611e-02
4533	  9,0640000000e+03	  9,89751e-02	 -3,32733e-02
4534	  9,0660000000e+03	  9,69384e-02	 -3,68658e-02
4535	  9,0680000000e+03	  9,71745e-02	 -3,77119e-02
4536	  9,0700000000e+03	  9,97478e-02	 -4,06708e-02
4537	  9,0720000000e+03	  9,81590e-02	 -4,45311e-02
4538	  9,0740000000e+03	  9,80162e-02	 -4,90546e-02
4539	  9,0760000000e+03	  9,94394e-02	 -4,78916e-02
4540	  9,0780000000e+03	  9,90495e-02	 -5,13736e-02
4541	  9,0800000000e+03	  9,74297e-02	 -5,32732e-02
4542	  9,0820000000e+03	  9,61002e-02	 -5,33642e-02
4543	  9,0840000000e+03	  9,42655e-02	 -5,73356e-02
4544	  9,0860000000e+03	  9,34081e-02	 -6,30938e-02
4545	  9,0880000000e+03	  9,49263e-02	 -6,68144e-02
4546	  9,0900000000e+03	  9,22025e-02	 -6,81551e-02
4547	  9,0920000000e+03	  8,99499e-02	 -6,85376e-02
4548	  9,0940000000e+03	  9,11297e-02	 -7,17937e-02
4549	  9,0960000000e+03	  9,11511e-02	 -7,40891e-02
4550	  9,0980000000e+03	  9,01847e-02	 -7,61377e-02
4551	  9,1000000000e+03	  8,93779e-02	 -7,68574e-02
4552	  9,1020000000e+03	  8,77507e-02	 -8,00489e-02
4553	  9,1040000000e+03	  8,45265e-02	 -8,69096e-02
4554	  9,1060000000e+03	  8,45632e-02	 -8,77487e-02
4555	  9,1080000000e+03	  8,40907e-02	 -9,08081e-02
4556	  9,1100000000e+03	  8,57726e-02	 -9,16106e-02
4557	  9,1120000000e+03	  8,52461e-02	 -9,24384e-02
4558	  9,1140000000e+03	  8,31348e-02	 -9,74994e-02
4559	  9,1160000000e+03	  8,03140e-02	 -1,01785e-01
4560	  9,1180000000e+03	  7,96220e-02	 -1,02549e-01
4561	  9,1200000000e+03	  7,89080e-02	 -1,03448e-01
4562	  9,1220000000e+03	  7,55296e-02	 -1,05837e-01
4563	  9,1240000000e+03	  7,34805e-02	 -1,07763e-01
4564	  9,1260000000e+03	  7,20985e-02	 -1,11708e-01
4565	  9,1280000000e+03	  6,81693e-02	 -1,17194e-01
4566	  9,1300000000e+03	  6,70534e-02	 -1,19266e-01
4567	  9,1320000000e+03	  6,38504e-02	 -1,18380e-01
4568	  9,1340000000e+03	  5,87244e-02	 -1,19107e-01
4569	  9,1360000000e+03	  5,22466e-02	 -1,23400e-01
4570	  9,1380000000e+03	  5,07792e-02	 -1,24899e-01
4571	  9,1400000000e+03	  5,15207e-02	 -1,26621e-01
4572	  9,1420000000e+03	  4,82489e-02	 -1,28470e-01
4573	  9,1440000000e+03	  4,42713e-02	 -1,27395e-01
4574	  9,1460000000e+03	  4,19975e-02	 -1,31027e-01
4575	  9,1480000000e+03	  3,93956e-02	 -1,32369e-01
4576	  9,1500000000e+03	  3,46809e-02	 -1,33038e-01
4577	  9,1520000000e+03	  3,11603e-02	 -1,35093e-01
4578	  9,1540000000e+03	  2,87478e-02	 -1,35340e-01
4579	  9,1560000000e+03	  2,51202e-02	 -1,36925e-01
4580	  9,1580000000e+03	  2,32399e-02	 -1,36403e-01
4581	  9,1600000000e+03	  1,94456e-02	 -1,37258e-01
4582	  9,1620000000e+03	  1,79369e-02	 -1,39638e-01
4583	  9,1640000000e+03	  1,57237e-02	 -1,38746e-01
4584	  9,1660000000e+03	  1,00557e-02	 -1,41028e-01
4585	  9,1680000000e+03	  5,54253e-03	 -1,40673e-01
4586	  9,1700000000e+03	  1,80775e-03	 -1,38925e-01
4587	  9,1720000000e+03	 -8,24037e-04	 -1,38887e-01
4588	  9,1740000000e+03	 -2,93921e-03	 -1,39686e-01
4589	  9,1760000000e+03	 -4,64775e-03	 -1,42142e-01
4590	  9,1780000000e+03	 -8,83185e-03	 -1,41495e-01
4591	  9,1800000000e+03	 -1,43161e-02	 -1,39642e-01
4592	  9,1820000000e+03	 -1,49656e-02	 -1,39449e-01
4593	  9,1840000000e+03	 -1,58168e-02	 -1,35557e-01
4594	  9,1860000000e+03	 -1,97435e-02	 -1,37019e-01
4595	  9,1880000000e+03	 -2,32332e-02	 -1,38236e-01
4596	  9,1900000000e+03	 -2,56118e-02	 -1,38763e-01
4597	  9,1920000000e+03	 -2,59895e-02	 -1,39284e-01
4598	  9,1940000000e+03	 -2,81811e-02	 -1,35795e-01
4599	  9,1960000000e+03	 -3,32598e-02	 -1,35329e-01
4600	  9,1980000000e+03	 -3,84438e-02	 -1,36396e-01
4601	  9,2000000000e+03	 -4,01157e-02	 -1,35928e-01
4602	  9,2020000000e+03	 -4,46957e-02	 -1,35835e-01
4603	  9,2040000000e+03	 -4,74682e-02	 -1,33479e-01
4604	  9,2060000000e+03	 -4,86243e-02	 -1,33480e-01
4605	  9,2080000000e+03	 -4,92608e-02	 -1,32938e-01
4606	  9,2100000000e+03	 -5,29572e-02	 -1,29702e-01
4607	  9,2120000000e+03	 -5,67906e-02	 -1,29600e-01
4608	  9,2140000000e+03	 -5,62122e-02	 -1,28151e-01
4609	  9,2160000000e+03	 -5,97402e-02	 -1,27056e-01
4610	  9,2180000000e+03	 -6,48448e-02	 -1,25676e-01
4611	  9,2200000000e+03	 -6,66821e-02	 -1,22609e-01
4612	  9,2220000000e+03	 -7,02415e-02	 -1,20403e-01
4613	  9,2240000000e+03	 -7,14222e-02	 -1,19011e-01
4614	  9,2260000000e+03	 -7,25447e-02	 -1,18167e-01
4615	  9,2280000000e+03	 -7,10840e-02	 -1,18138e-01
4616	  9,2300000000e+03	 -7,33108e-02	 -1,17210e-01
4617	  9,2320000000e+03	 -7,56816e-02	 -1,14411e-01
4618	  9,2340000000e+03	 -8,00934e-02	 -1,10788e-01
4619	  9,2360000000e+03	 -8,20884e-02	 -1,09910e-01
4620	  9,2380000000e+03	 -8,19571e-02	 -1,10158e-01
4621	  9,2400000000e+03	 -8,24608e-02	 -1,07907e-01
4622	  9,2420000000e+03	 -8,41791e-02	 -1,06564e-01
4623	  9,2440000000e+03	 -8,48391e-02	 -1,06890e-01
4624	  9,2460000000e+03	 -8,62750e-02	 -1,04330e-01
4625	  9,2480000000e+03	 -8,78003e-02	 -1,05034e-01
4626	  9,2500000000e+03	 -8,94643e-02	 -1,04229e-01
4627	  9,2520000000e+03	 -9,41555e-02	 -1,01658e-01
4628	  9,2540000000e+03	 -9,35169e-02	 -1,01006e-01
4629	  9,2560000000e+03	 -9,44179e-02	 -9,89155e-02
4630	  9,2580000000e+03	 -9,92679e-02	 -9,89565e-02
4631	  9,2600000000e+03	 -1,01135e-01	 -9,63723e-02
4632	  9,2620000000e+03	 -9,98610e-02	 -9,49766e-02
4633	  9,2640000000e+03	 -1,01868e-01	 -9,46659e-02
4634	  9,2660000000e+03	 -1,04845e-01	 -9,26964e-02
4635	  9,2680000000e+03	 -1,07260e-01	 -8,82621e-02
4636	  9,2700000000e+03	 -1,09373e-01	 -8,48980e-02
4637	  9,2720000000e+03	 -1,10118e-01	 -8,38070e-02
4638	  9,2740000000e+03	 -1,13507e-01	 -8,22144e-02
4639	  9,2760000000e+03	 -1,14486e-01	 -8,23661e-02
4640	  9,2780000000e+03	 -1,15260e-01	 -8,04284e-02
4641	  9,2800000000e+03	 -1,17469e-01	 -7,70097e-02
4642	  9,2820000000e+03	 -1,19900e-01	 -7,74348e-02
4643	  9,2840000000e+03	 -1,21618e-01	 -7,58242e-02
4644	  9,2860000000e+03	 -1,24143e-01	 -7,13894e-02
4645	  9,2880000000e+03	 -1,25475e-01	 -7,02156e-02
4646	  9,2900000000e+03	 -1,27467e-01	 -6,78700e-02
4647	  9,2920000000e+03	 -1,28458e-01	 -6,61835e-02
4648	  9,2940000000e+03	 -1,27939e-01	 -6,27247e-02
4649	  9,2960000000e+03	 -1,28656e-01	 -5,98952e-02
4650	  9,2980000000e+03	 -1,31190e-01	 -5,94542e-02
4651	  9,3000000000e+03	 -1,31661e-01	 -5,96480e-02
4652	  9,3020000000e+03	 -1,31503e-01	 -5,56925e-02
4653	  9,3040000000e+03	 -1,36299e-01	 -5,33601e-02
4654	  9,3060000000e+03	 -1,37037e-01	 -5,19300e-02
4655	  9,3080000000e+03	 -1,36399e-01	 -4,89252e-02
4656	  9,3100000000e+03	 -1,36969e-01	 -4,45256e-02
4657	  9,3120000000e+03	 -1,36782e-01	 -4,26470e-02
4658	  9,3140000000e+03	 -1,38981e-01	 -3,98057e-02
4659	  9,3160000000e+03	 -1,38066e-01	 -3,70245e-02
4660	  9,3180000000e+03	 -1,39263e-01	 -3,62196e-02
4661	  9,3200000000e+03	 -1,41118e-01	 -3,32529e-02
4662	  9,3220000000e+03	 -1,41019e-01	 -3,08018e-02
4663	  9,3240000000e+03	 -1,43666e-01	 -3,00248e-02
4664	  9,3260000000e+03	 -1,43817e-01	 -2,72185e-02
4665	  9,3280000000e+03	 -1,45215e-01	 -2,52757e-02
4666	  9,3300000000e+03	 -1,45694e-01	 -2,32401e-02
4667	  9,3320000000e+03	 -1,47534e-01	 -2,03144e-02
4668	  9,3340000000e+03	 -1,48862e-01	 -1,65133e-02
4669	  9,3360000000e+03	 -1,48962e-01	 -1,56017e-02
4670	  9,3380000000e+03	 -1,47299e-01	 -1,30064e-02
4671	  9,3400000000e+03	 -1,44979e-01	 -1,09211e-02
4672	  9,3420000000e+03	 -1,45719e-01	 -5,79434e-03
4673	  9,3440000000e+03	 -1,48998e-01	 -1,24619e-03
4674	  9,3460000000e+03	 -1,48337e-01	 -1,39378e-03
4675	  9,3480000000e+03	 -1,47938e-01	 -6,00544e-05
4676	  9,3500000000e+03	 -1,50131e-01	  3,39909e-03
4677	  9,3520000000e+03	 -1,52579e-01	  7,75397e-03
4678	  9,3540000000e+03	 -1,50569e-01	  1,13442e-02
4679	  9,3560000000e+03	 -1,49185e-01	  1,43381e-02
4680	  9,3580000000e+03	 -1,50208e-01	  1,51344e-02
4681	  9,3600000000e+03	 -1,48797e-01	  1,71243e-02
4682	  9,3620000000e+03	 -1,47959e-01	  1,87500e-02
4683	  9,3640000000e+03	 -1,48386e-01	  2,02992e-02
4684	  9,3660000000e+03	 -1,50116e-01	  2,35187e-02
4685	  9,3680000000e+03	 -1,49822e-01	  2,73181e-02
4686	  9,3700000000e+03	 -1,46176e-01	  3,06376e-02
4687	  9,3720000000e+03	 -1,47075e-01	  3,30047e-02
4688	  9,3740000000e+03	 -1,46449e-01	  3,54322e-02
4689	  9,3760000000e+03	 -1,47045e-01	  3,67090e-02
4690	  9,3780000000e+03	 -1,45672e-01	  4,01936e-02
4691	  9,3800000000e+03	 -1,42535e-01	  4,29005e-02
4692	  9,3820000000e+03	 -1,43154e-01	  4,65253e-02
4693	  9,3840000000e+03	 -1,44344e-01	  5,02101e-02
4694	  9,3860000000e+03	 -1,44237e-01	  5,05936e-02
4695	  9,3880000000e+03	 -1,43039e-01	  5,19798e-02
4696	  9,3900000000e+03	 -1,40858e-01	  5,60387e-02
4697	  9,3920000000e+03	 -1,41143e-01	  5,97186e-02
4698	  9,3940000000e+03	 -1,41058e-01	  6,17555e-02
4699	  9,3960000000e+03	 -1,38491e-01	  6,54423e-02
4700	  9,3980000000e+03	 -1,39513e-01	  6,96845e-02
4701	  9,4000000000e+03	 -1,37314e-01	  6,99607e-02
4702	  9,4020000000e+03	 -1,34007e-01	  7,09661e-02
4703	  9,4040000000e+03	 -1,31698e-01	  7,31310e-02
4704	  9,4060000000e+03	 -1,32855e-01	  7,61469e-02
4705	  9,4080000000e+03	 -1,32819e-01	  7,84692e-02
4706	  9,4100000000e+03	 -1,31847e-01	  8,06429e-02
4707	  9,4120000000e+03	 -1,28768e-01	  8,41522e-02
4708	  9,4140000000e+03	 -1,26914e-01	  8,54715e-02
4709	  9,4160000000e+03	 -1,23296e-01	  8,63125e-02
4710	  9,4180000000e+03	 -1,22229e-01	  8,81385e-02
4711	  9,4200000000e+03	 -1,23500e-01	  8,94705e-02
4712	  9,4220000000e+03	 -1,20135e-01	  9,55490e-02
4713	  9,4240000000e+03	 -1,18701e-01	  9,83577e-02
4714	  9,4260000000e+03	 -1,16257e-01	  9,69263e-02
4715	  9,4280000000e+03	 -1,12277e-01	  9,58158e-02
4716	  9,4300000000e+03	 -1,12580e-01	  9,85984e-02
4717	  9,4320000000e+03	 -1,14163e-01	  1,04913e-01
4718	  9,4340000000e+03	 -1,12202e-01	  1,08066e-01
4719	  9,4360000000e+03	 -1,09579e-01	  1,05829e-01
4720	  9,4380000000e+03	 -1,05758e-01	  1,07392e-01
4721	  9,4400000000e+03	 -1,04391e-01	  1,10012e-01
4722	  9,4420000000e+03	 -1,03972e-01	  1,12065e-01
4723	  9,4440000000e+03	 -1,02858e-01	  1,14769e-01
4724	  9,4460000000e+03	 -9,75768e-02	  1,13365e-01
4725	  9,4480000000e+03	 -9,62565e-02	  1,14412e-01
4726	  9,4500000000e+03	 -9,77338e-02	  1,15840e-01
4727	  9,4520000000e+03	 -9,56938e-02	  1,15111e-01
4728	  9,4540000000e+03	 -9,32502e-02	  1,18738e-01
4729	  9,4560000000e+03	 -9,16022e-02	  1,22084e-01
4730	  9,4580000000e+03	 -8,62503e-02	  1,23122e-01
4731	  9,4600000000e+03	 -8,30978e-02	  1,24800e-01
4732	  9,4620000000e+03	 -8,10172e-02	  1,23919e-01
4733	  9,4640000000e+03	 -7,71993e-02	  1,22170e-01
4734	  9,4660000000e+03	 -7,76137e-02	  1,23078e-01
4735	  9,4680000000e+03	 -7,80172e-02	  1,26108e-01
4736	  9,4700000000e+03	 -7,33194e-02	  1,27825e-01
4737	  9,4720000000e+03	 -7,20737e-02	  1,27775e-01
4738	  9,4740000000e+03	 -6,94111e-02	  1,28865e-01
4739	  9,4760000000e+03	 -6,85477e-02	  1,27745e-01
4740	  9,4780000000e+03	 -6,66879e-02	  1,26843e-01
4741	  9,4800000000e+03	 -6,44238e-02	  1,28148e-01
4742	  9,4820000000e+03	 -6,27606e-02	  1,28972e-01
4743	  9,4840000000e+03	 -6,19010e-02	  1,30978e-01
4744	  9,4860000000e+03	 -6,24829e-02	  1,30535e-01
4745	  9,4880000000e+03	 -6,16767e-02	  1,30085e-01
4746	  9,4900000000e+03	 -5,98773e-02	  1,33610e-01
4747	  9,4920000000e+03	 -5,82072e-02	  1,34616e-01
4748	  9,4940000000e+03	 -5,61917e-02	  1,37611e-01
4749	  9,4960000000e+03	 -5,40064e-02	  1,38526e-01
4750	  9,4980000000e+03	 -5,10709e-02	  1,38919e-01
4751	  9,5000000000e+03	 -4,86629e-02	  1,38779e-01
4752	  9,5020000000e+03	 -4,82231e-02	  1,40317e-01
4753	  9,5040000000e+03	 -4,83519e-02	  1,42429e-01
4754	  9,5060000000e+03	 -4,65557e-02	  1,44273e-01
4755	  9,5080000000e+03	 -4,59267e-02	  1,45205e-01
4756	  9,5100000000e+03	 -4,19580e-02	  1,44257e-01
4757	  9,5120000000e+03	 -4,05880e-02	  1,46788e-01
4758	  9,5140000000e+03	 -3,99791e-02	  1,46639e-01
4759	  9,5160000000e+03	 -3,57417e-02	  1,48276e-01
4760	  9,5180000000e+03	 -3,42354e-02	  1,52034e-01
4761	  9,5200000000e+03	 -3,18052e-02	  1,53397e-01
4762	  9,5220000000e+03	 -2,91011e-02	  1,54190e-01
4763	  9,5240000000e+03	 -2,73318e-02	  1,52379e-01
4764	  9,5260000000e+03	 -2,25526e-02	  1,53614e-01
4765	  9,5280000000e+03	 -1,93120e-02	  1,55017e-01
4766	  9,5300000000e+03	 -1,84905e-02	  1,54273e-01
4767	  9,5320000000e+03	 -1,80036e-02	  1,54627e-01
4768	  9,5340000000e+03	 -1,69516e-02	  1,53806e-01
4769	  9,5360000000e+03	 -1,35252e-02	  1,55909e-01
4770	  9,5380000000e+03	 -1,17983e-02	  1,57302e-01
4771	  9,5400000000e+03	 -9,55658e-03	  1,58171e-01
4772	  9,5420000000e+03	 -5,30116e-03	  1,55786e-01
4773	  9,5440000000e+03	 -3,68029e-03	  1,55531e-01
4774	  9,5460000000e+03	 -2,85466e-03	  1,58741e-01
4775	  9,5480000000e+03	  3,81118e-04	  1,61939e-01
4776	  9,5500000000e+03	  2,51255e-03	  1,61960e-01
4777	  9,5520000000e+03	  3,98304e-03	  1,62121e-01
4778	  9,5540000000e+03	  7,66729e-03	  1,61317e-01
4779	  9,5560000000e+03	  9,96024e-03	  1,63559e-01
4780	  9,5580000000e+03	  1,13977e-02	  1,65828e-01
4781	  9,5600000000e+03	  1,52144e-02	  1,64582e-01
4782	  9,5620000000e+03	  1,76101e-02	  1,64956e-01
4783	  9,5640000000e+03	  2,14628e-02	  1,63005e-01
4784	  9,5660000000e+03	  2,55199e-02	  1,61098e-01
4785	  9,5680000000e+03	  2,66287e-02	  1,63076e-01
4786	  9,5700000000e+03	  2,86160e-02	  1,64961e-01
4787	  9,5720000000e+03	  3,34700e-02	  1,65628e-01
4788	  9,5740000000e+03	  3,70017e-02	  1,64649e-01
4789	  9,5760000000e+03	  4,02567e-02	  1,62080e-01
4790	  9,5780000000e+03	  4,23504e-02	  1,62046e-01
4791	  9,5800000000e+03	  4,54599e-02	  1,60568e-01
4792	  9,5820000000e+03	  4,84570e-02	  1,58437e-01
4793	  9,5840000000e+03	  5,21253e-02	  1,59839e-01
4794	  9,5860000000e+03	  5,47174e-02	  1,58479e-01
4795	  9,5880000000e+03	  5,96386e-02	  1,56274e-01
4796	  9,5900000000e+03	  6,10742e-02	  1,57341e-01
4797	  9,5920000000e+03	  5,96573e-02	  1,55820e-01
4798	  9,5940000000e+03	  6,14477e-02	  1,54114e-01
4799	  9,5960000000e+03	  6,35424e-02	  1,53655e-01
4800	  9,5980000000e+03	  6,89499e-02	  1,51715e-01
4801	  9,6000000000e+03	  7,21119e-02	  1,51114e-01
4802	  9,6020000000e+03	  7,24818e-02	  1,50496e-01
4803	  9,6040000000e+03	  7,31476e-02	  1,47804e-01
4804	  9,6060000000e+03	  7,47881e-02	  1,46835e-01
4805	  9,6080000000e+03	  7,64152e-02	  1,44096e-01
4806	  9,6100000000e+03	  7,66385e-02	  1,42837e-01
4807	  9,6120000000e+03	  7,98338e-02	  1,42990e-01
4808	  9,6140000000e+03	  8,28640e-02	  1,44574e-01
4809	  9,6160000000e+03	  8,41936e-02	  1,44364e-01
4810	  9,6180000000e+03	  8,78581e-02	  1,43634e-01
4811	  9,6200000000e+03	  8,99538e-02	  1,41912e-01
4812	  9,6220000000e+03	  9,19858e-02	  1,40659e-01
4813	  9,6240000000e+03	  9,57732e-02	  1,40343e-01
4814	  9,6260000000e+03	  1,00216e-01	  1,42400e-01
4815	  9,6280000000e+03	  1,03900e-01	  1,39752e-01
4816	  9,6300000000e+03	  1,05334e-01	  1,35883e-01
4817	  9,6320000000e+03	  1,07306e-01	  1,34990e-01
4818	  9,6340000000e+03	  1,09406e-01	  1,33622e-01
4819	  9,6360000000e+03	  1,10691e-01	  1,33531e-01
4820	  9,6380000000e+03	  1,11562e-01	  1,32617e-01
4821	  9,6400000000e+03	  1,15257e-01	  1,29513e-01
4822	  9,6420000000e+03	  1,17986e-01	  1,24759e-01
4823	  9,6440000000e+03	  1,19355e-01	  1,22030e-01
4824	  9,6460000000e+03	  1,23246e-01	  1,21158e-01
4825	  9,6480000000e+03	  1,24283e-01	  1,23217e-01
4826	  9,6500000000e+03	  1,25655e-01	  1,21704e-01
4827	  9,6520000000e+03	  1,26955e-01	  1,18647e-01
4828	  9,6540000000e+03	  1,28273e-01	  1,17251e-01
4829	  9,6560000000e+03	  1,30439e-01	  1,16203e-01
4830	  9,6580000000e+03	  1,33946e-01	  1,15585e-01
4831	  9,6600000000e+03	  1,36181e-01	  1,11062e-01
4832	  9,6620000000e+03	  1,37351e-01	  1,10615e-01
4833	  9,6640000000e+03	  1,38981e-01	  1,08555e-01
4834	  9,6660000000e+03	  1,37527e-01	  1,04818e-01
4835	  9,6680000000e+03	  1,39974e-01	  1,01413e-01
4836	  9,6700000000e+03	  1,43814e-01	  1,01410e-01
4837	  9,6720000000e+03	  1,44951e-01	  1,01845e-01
4838	  9,6740000000e+03	  1,47330e-01	  9,87664e-02
4839	  9,6760000000e+03	  1,49122e-01	  9,52826e-02
4840	  9,6780000000e+03	  1,48656e-01	  9,25707e-02
4841	  9,6800000000e+03	  1,52858e-01	  8,97031e-02
4842	  9,6820000000e+03	  1,54725e-01	  8,81530e-02
4843	  9,6840000000e+03	  1,54817e-01	  8,62346e-02
4844	  9,6860000000e+03	  1,56552e-01	  8,30141e-02
4845	  9,6880000000e+03	  1,55944e-01	  8,04900e-02
4846	  9,6900000000e+03	  1,57439e-01	  7,87311e-02
4847	  9,6920000000e+03	  1,58777e-01	  7,63950e-02
4848	  9,6940000000e+03	  1,60503e-01	  7,36099e-02
4849	  9,6960000000e+03	  1,62044e-01	  7,20903e-02
4850	  9,6980000000e+03	  1,61869e-01	  6,97242e-02
4851	  9,7000000000e+03	  1,64585e-01	  7,02989e-02
4852	  9,7020000000e+03	  1,67210e-01	  6,68806e-02
4853	  9,7040000000e+03	  1,67306e-01	  6,55854e-02
4854	  9,7060000000e+03	  1,66649e-01	  6,31199e-02
4855	  9,7080000000e+03	  1,69300e-01	  6,02940e-02
4856	  9,7100000000e+03	  1,74528e-01	  6,02846e-02
4857	  9,7120000000e+03	  1,73296e-01	  5,76910e-02
4858	  9,7140000000e+03	  1,75293e-01	  5,61743e-02
4859	  9,7160000000e+03	  1,77412e-01	  5,31069e-02
4860	  9,7180000000e+03	  1,77898e-01	  5,23016e-02
4861	  9,7200000000e+03	  1,76834e-01	  5,11510e-02
4862	  9,7220000000e+03	  1,77511e-01	  4,89867e-02
4863	  9,7240000000e+03	  1,80577e-01	  4,55038e-02
4864	  9,7260000000e+03	  1,82375e-01	  3,89256e-02
4865	  9,7280000000e+03	  1,84921e-01	  3,76158e-02
4866	  9,7300000000e+03	  1,87951e-01	  3,55776e-02
4867	  9,7320000000e+03	  1,89059e-01	  3,06977e-02
4868	  9,7340000000e+03	  1,88066e-01	  2,78655e-02
4869	  9,7360000000e+03	  1,87286e-01	  2,66300e-02
4870	  9,7380000000e+03	  1,91265e-01	  2,29209e-02
4871	  9,7400000000e+03	  1,93559e-01	  2,15852e-02
4872	  9,7420000000e+03	  1,92551e-01	  1,87260e-02
4873	  9,7440000000e+03	  1,92075e-01	  1,29309e-02
4874	  9,7460000000e+03	  1,93171e-01	  1,01476e-02
4875	  9,7480000000e+03	  1,93658e-01	  6,27057e-03
4876	  9,7500000000e+03	  1,97169e-01	  2,93258e-03
4877	  9,7520000000e+03	  1,93549e-01	 -5,87506e-04
4878	  9,7540000000e+03	  1,93680e-01	 -3,69515e-03
4879	  9,7560000000e+03	  1,96163e-01	 -6,58087e-03
4880	  9,7580000000e+03	  1,95197e-01	 -1,23033e-02
4881	  9,7600000000e+03	  1,94150e-01	 -1,43976e-02
4882	  9,7620000000e+03	  1,94764e-01	 -1,53708e-02
4883	  9,7640000000e+03	  1,95163e-01	 -1,57652e-02
4884	  9,7660000000e+03	  1,97351e-01	 -1,77299e-02
4885	  9,7680000000e+03	  2,00294e-01	 -2,08531e-02
4886	  9,7700000000e+03	  2,00368e-01	 -2,51711e-02
4887	  9,7720000000e+03	  2,00416e-01	 -2,75510e-02
4888	  9,7740000000e+03	  2,00098e-01	 -2,91058e-02
4889	  9,7760000000e+03	  2,02502e-01	 -3,34323e-02
4890	  9,7780000000e+03	  2,03937e-01	 -3,95339e-02
4891	  9,7800000000e+03	  2,06558e-01	 -4,34599e-02
4892	  9,7820000000e+03	  2,05788e-01	 -4,67698e-02
4893	  9,7840000000e+03	  2,04175e-01	 -4,92901e-02
4894	  9,7860000000e+03	  2,03496e-01	 -5,47429e-02
4895	  9,7880000000e+03	  2,03577e-01	 -6,07125e-02
4896	  9,7900000000e+03	  2,03264e-01	 -6,53274e-02
4897	  9,7920000000e+03	  2,06017e-01	 -6,97704e-02
4898	  9,7940000000e+03	  2,05000e-01	 -7,37089e-02
4899	  9,7960000000e+03	  2,02078e-01	 -7,77842e-02
4900	  9,7980000000e+03	  2,00333e-01	 -8,34503e-02
4901	  9,8000000000e+03	  1,99222e-01	 -8,86574e-02
4902	  9,8020000000e+03	  1,98190e-01	 -8,97670e-02
4903	  9,8040000000e+03	  1,95817e-01	 -9,41873e-02
4904	  9,8060000000e+03	  1,93763e-01	 -1,00171e-01
4905	  9,8080000000e+03	  1,90610e-01	 -1,03934e-01
4906	  9,8100000000e+03	  1,88616e-01	 -1,07700e-01
4907	  9,8120000000e+03	  1,86240e-01	 -1,10989e-01
4908	  9,8140000000e+03	  1,82815e-01	 -1,12790e-01
4909	  9,8160000000e+03	  1,80214e-01	 -1,18359e-01
4910	  9,8180000000e+03	  1,79033e-01	 -1,21451e-01
4911	  9,8200000000e+03	  1,77175e-01	 -1,22303e-01
4912	  9,8220000000e+03	  1,74381e-01	 -1,25960e-01
4913	  9,8240000000e+03	  1,69474e-01	 -1,28571e-01
4914	  9,8260000000e+03	  1,69769e-01	 -1,32439e-01
4915	  9,8280000000e+03	  1,70235e-01	 -1,35933e-01
4916	  9,8300000000e+03	  1,67576e-01	 -1,38885e-01
4917	  9,8320000000e+03	  1,64456e-01	 -1,40032e-01
4918	  9,8340000000e+03	  1,60646e-01	 -1,42749e-01
4919	  9,8360000000e+03	  1,59728e-01	 -1,44699e-01
4920	  9,8380000000e+03	  1,57595e-01	 -1,48095e-01
4921	  9,8400000000e+03	  1,55665e-01	 -1,48152e-01
4922	  9,8420000000e+03	  1,52123e-01	 -1,49969e-01
4923	  9,8440000000e+03	  1,49809e-01	 -1,54146e-01
4924	  9,8460000000e+03	  1,48790e-01	 -1,58171e-01
4925	  9,8480000000e+03	  1,48109e-01	 -1,60726e-01
4926	  9,8500000000e+03	  1,42755e-01	 -1,63078e-01
4927	  9,8520000000e+03	  1,38491e-01	 -1,65415e-01
4928	  9,8540000000e+03	  1,37909e-01	 -1,66974e-01
4929	  9,8560000000e+03	  1,33626e-01	 -1,70596e-01
4930	  9,8580000000e+03	  1,33129e-01	 -1,75117e-01
4931	  9,8600000000e+03	  1,31038e-01	 -1,75149e-01
4932	  9,8620000000e+03	  1,29875e-01	 -1,78024e-01
4933	  9,8640000000e+03	  1,27542e-01	 -1,80357e-01
4934	  9,8660000000e+03	  1,23709e-01	 -1,83723e-01
4935	  9,8680000000e+03	  1,16887e-01	 -1,84832e-01
4936	  9,8700000000e+03	  1,11959e-01	 -1,86976e-01
4937	  9,8720000000e+03	  1,12815e-01	 -1,90642e-01
4938	  9,8740000000e+03	  1,12530e-01	 -1,92173e-01
4939	  9,8760000000e+03	  1,09988e-01	 -1,96808e-01
4940	  9,8780000000e+03	  1,00829e-01	 -1,98600e-01
4941	  9,8800000000e+03	  9,69998e-02	 -1,99905e-01
4942	  9,8820000000e+03	  9,72986e-02	 -2,02362e-01
4943	  9,8840000000e+03	  9,32623e-02	 -2,04374e-01
4944	  9,8860000000e+03	  9,07701e-02	 -2,06019e-01
4945	  9,8880000000e+03	  8,58221e-02	 -2,09305e-01
4946	  9,8900000000e+03	  8,24623e-02	 -2,09022e-01
4947	  9,8920000000e+03	  7,89675e-02	 -2,11095e-01
4948	  9,8940000000e+03	  7,52303e-02	 -2,14159e-01
4949	  9,8960000000e+03	  7,04942e-02	 -2,13430e-01
4950	  9,8980000000e+03	  6,72651e-02	 -2,12834e-01
4951	  9,9000000000e+03	  6,36280e-02	 -2,14131e-01
4952	  9,9020000000e+03	  6,01209e-02	 -2,15354e-01
4953	  9,9040000000e+03	  5,84724e-02	 -2,16876e-01
4954	  9,9060000000e+03	  5,18316e-02	 -2,18714e-01
4955	  9,9080000000e+03	  4,86101e-02	 -2,18234e-01
4956	  9,9100000000e+03	  4,40897e-02	 -2,18462e-01
4957	  9,9120000000e+03	  3,91072e-02	 -2,20803e-01
4958	  9,9140000000e+03	  3,31377e-02	 -2,21148e-01
4959	  9,9160000000e+03	  3,08619e-02	 -2,21049e-01
4960	  9,9180000000e+03	  2,73989e-02	 -2,22492e-01
4961	  9,9200000000e+03	  2,47788e-02	 -2,21268e-01
4962	  9,9220000000e+03	  2,17295e-02	 -2,21796e-01
4963	  9,9240000000e+03	  1,84525e-02	 -2,21878e-01
4964	  9,9260000000e+03	  1,31839e-02	 -2,20948e-01
4965	  9,9280000000e+03	  8,47364e-03	 -2,21560e-01
4966	  9,9300000000e+03	  6,22656e-03	 -2,21595e-01
4967	  9,9320000000e+03	  2,58878e-03	 -2,23463e-01
4968	  9,9340000000e+03	 -1,62064e-03	 -2,23763e-01
4969	  9,9360000000e+03	 -5,78331e-03	 -2,24439e-01
4970	  9,9380000000e+03	 -6,96297e-03	 -2,26401e-01
4971	  9,9400000000e+03	 -1,00616e-02	 -2,25780e-01
4972	  9,9420000000e+03	 -1,61271e-02	 -2,26427e-01
4973	  9,9440000000e+03	 -2,16914e-02	 -2,26092e-01
4974	  9,9460000000e+03	 -2,72999e-02	 -2,23878e-01
4975	  9,9480000000e+03	 -2,87644e-02	 -2,23453e-01
4976	  9,9500000000e+03	 -3,38891e-02	 -2,20557e-01
4977	  9,9520000000e+03	 -3,65576e-02	 -2,21071e-01
4978	  9,9540000000e+03	 -3,87092e-02	 -2,19957e-01
4979	  9,9560000000e+03	 -4,29599e-02	 -2,19623e-01
4980	  9,9580000000e+03	 -4,83050e-02	 -2,17375e-01
4981	  9,9600000000e+03	 -5,16394e-02	 -2,15615e-01
4982	  9,9620000000e+03	 -5,68705e-02	 -2,17831e-01
4983	  9,9640000000e+03	 -6,28701e-02	 -2,19524e-01
4984	  9,9660000000e+03	 -6,41778e-02	 -2,18945e-01
4985	  9,9680000000e+03	 -6,68387e-02	 -2,14899e-01
4986	  9,9700000000e+03	 -7,18890e-02	 -2,13971e-01
4987	  9,9720000000e+03	 -7,71894e-02	 -2,12982e-01
4988	  9,9740000000e+03	 -8,20587e-02	 -2,10351e-01
4989	  9,9760000000e+03	 -8,38304e-02	 -2,09525e-01
4990	  9,9780000000e+03	 -8,57248e-02	 -2,08621e-01
4991	  9,9800000000e+03	 -9,09086e-02	 -2,05966e-01
4992	  9,9820000000e+03	 -9,30015e-02	 -2,01396e-01
4993	  9,9840000000e+03	 -9,58705e-02	 -2,01601e-01
4994	  9,9860000000e+03	 -9,84562e-02	 -1,99912e-01
4995	  9,9880000000e+03	 -1,02071e-01	 -1,98553e-01
4996	  9,9900000000e+03	 -1,06079e-01	 -1,94474e-01
4997	  9,9920000000e+03	 -1,09099e-01	 -1,91706e-01
4998	  9,9940000000e+03	 -1,12639e-01	 -1,92104e-01
4999	  9,9960000000e+03	 -1,16391e-01	 -1,90660e-01
5000	  9,9980000000e+03	 -1,19610e-01	 -1,89156e-01
5001	  1,0000000000e+04	 -1,21742e-01	 -1,85478e-01
5002	  1,0002000000e+04	 -1,24227e-01	 -1,81930e-01
5003	  1,0004000000e+04	 -1,26941e-01	 -1,82262e-01
5004	  1,0006000000e+04	 -1,29895e-01	 -1,81295e-01
5005	  1,0008000000e+04	 -1,32293e-01	 -1,77770e-01
5006	  1,0010000000e+04	 -1,35563e-01	 -1,73666e-01
5007	  1,0012000000e+04	 -1,40411e-01	 -1,71361e-01
5008	  1,0014000000e+04	 -1,45223e-01	 -1,69763e-01
5009	  1,0016000000e+04	 -1,47280e-01	 -1,66338e-01
5010	  1,0018000000e+04	 -1,48987e-01	 -1,61211e-01
5011	  1,0020000000e+04	 -1,52078e-01	 -1,59338e-01
5012	  1,0022000000e+04	 -1,54343e-01	 -1,58774e-01
5013	  1,0024000000e+04	 -1,57420e-01	 -1,54963e-01
5014	  1,0026000000e+04	 -1,60426e-01	 -1,50703e-01
5015	  1,0028000000e+04	 -1,62043e-01	 -1,49859e-01
5016	  1,0030000000e+04	 -1,62887e-01	 -1,44502e-01
5017	  1,0032000000e+04	 -1,65876e-01	 -1,40219e-01
5018	  1,0034000000e+04	 -1,69712e-01	 -1,39418e-01
5019	  1,0036000000e+04	 -1,71341e-01	 -1,37147e-01
5020	  1,0038000000e+04	 -1,72949e-01	 -1,32634e-01
5021	  1,0040000000e+04	 -1,74557e-01	 -1,29240e-01
5022	  1,0042000000e+04	 -1,75197e-01	 -1,27761e-01
5023	  1,0044000000e+04	 -1,79764e-01	 -1,24733e-01
5024	  1,0046000000e+04	 -1,81633e-01	 -1,18263e-01
5025	  1,0048000000e+04	 -1,81767e-01	 -1,14326e-01
5026	  1,0050000000e+04	 -1,82719e-01	 -1,11564e-01
5027	  1,0052000000e+04	 -1,84170e-01	 -1,07204e-01
5028	  1,0054000000e+04	 -1,82576e-01	 -1,06284e-01
5029	  1,0056000000e+04	 -1,84772e-01	 -1,02587e-01
5030	  1,0058000000e+04	 -1,87326e-01	 -9,66226e-02
5031	  1,0060000000e+04	 -1,87222e-01	 -9,43299e-02
5032	  1,0062000000e+04	 -1,92026e-01	 -9,05028e-02
5033	  1,0064000000e+04	 -1,93372e-01	 -8,33909e-02
5034	  1,0066000000e+04	 -1,92094e-01	 -8,04607e-02
5035	  1,0068000000e+04	 -1,91967e-01	 -7,78034e-02
5036	  1,0070000000e+04	 -1,91241e-01	 -7,59624e-02
5037	  1,0072000000e+04	 -1,92361e-01	 -7,37487e-02
5038	  1,0074000000e+04	 -1,92281e-01	 -7,02249e-02
5039	  1,0076000000e+04	 -1,93279e-01	 -6,65597e-02
5040	  1,0078000000e+04	 -1,92750e-01	 -6,25915e-02
5041	  1,0080000000e+04	 -1,92399e-01	 -6,07783e-02
5042	  1,0082000000e+04	 -1,93311e-01	 -5,89706e-02
5043	  1,0084000000e+04	 -1,89431e-01	 -5,45532e-02
5044	  1,0086000000e+04	 -1,91706e-01	 -5,20633e-02
5045	  1,0088000000e+04	 -1,93024e-01	 -4,93663e-02
5046	  1,0090000000e+04	 -1,94885e-01	 -4,60123e-02
5047	  1,0092000000e+04	 -1,94751e-01	 -4,35509e-02
5048	  1,0094000000e+04	 -1,94513e-01	 -4,14032e-02
5049	  1,0096000000e+04	 -1,93830e-01	 -3,84794e-02
5050	  1,0098000000e+04	 -1,93051e-01	 -3,42410e-02
5051	  1,0100000000e+04	 -1,96038e-01	 -3,29346e-02
5052	  1,0102000000e+04	 -1,97309e-01	 -3,03660e-02
5053	  1,0104000000e+04	 -1,97807e-01	 -2,60989e-02
5054	  1,0106000000e+04	 -1,95181e-01	 -2,32699e-02
5055	  1,0108000000e+04	 -1,93985e-01	 -2,16957e-02
5056	  1,0110000000e+04	 -1,95254e-01	 -1,97498e-02
5057	  1,0112000000e+04	 -1,97971e-01	 -1,28161e-02
5058	  1,0114000000e+04	 -1,97811e-01	 -1,17723e-02
5059	  1,0116000000e+04	 -1,95930e-01	 -1,16850e-02
5060	  1,0118000000e+04	 -1,96219e-01	 -7,35106e-03
5061	  1,0120000000e+04	 -1,94978e-01	 -3,56409e-03
5062	  1,0122000000e+04	 -1,95229e-01	 -1,94720e-04
5063	  1,0124000000e+04	 -1,95582e-01	  3,68906e-03
5064	  1,0126000000e+04	 -1,94374e-01	  6,18925e-03
5065	  1,0128000000e+04	 -1,93147e-01	  9,19677e-03
5066	  1,0130000000e+04	 -1,93566e-01	  1,17681e-02
5067	  1,0132000000e+04	 -1,94491e-01	  1,59117e-02
5068	  1,0134000000e+04	 -1,93709e-01	  2,00037e-02
5069	  1,0136000000e+04	 -1,92324e-01	  2,19573e-02
5070	  1,0138000000e+04	 -1,93028e-01	  2,31238e-02
5071	  1,0140000000e+04	 -1,92268e-01	  2,67408e-02
5072	  1,0142000000e+04	 -1,89482e-01	  2,97274e-02
5073	  1,0144000000e+04	 -1,87883e-01	  3,34623e-02
5074	  1,0146000000e+04	 -1,88509e-01	  3,56325e-02
5075	  1,0148000000e+04	 -1,88441e-01	  3,64988e-02
5076	  1,0150000000e+04	 -1,86133e-01	  4,08631e-02
5077	  1,0152000000e+04	 -1,82974e-01	  4,36199e-02
5078	  1,0154000000e+04	 -1,81153e-01	  4,48198e-02
5079	  1,0156000000e+04	 -1,81653e-01	  4,58817e-02
5080	  1,0158000000e+04	 -1,81764e-01	  4,89888e-02
5081	  1,0160000000e+04	 -1,81178e-01	  5,01918e-02
5082	  1,0162000000e+04	 -1,80090e-01	  5,20723e-02
5083	  1,0164000000e+04	 -1,76305e-01	  5,51054e-02
5084	  1,0166000000e+04	 -1,74860e-01	  5,87766e-02
5085	  1,0168000000e+04	 -1,74954e-01	  6,16984e-02
5086	  1,0170000000e+04	 -1,78054e-01	  6,38281e-02
5087	  1,0172000000e+04	 -1,78880e-01	  6,61013e-02
5088	  1,0174000000e+04	 -1,73440e-01	  7,07681e-02
5089	  1,0176000000e+04	 -1,72917e-01	  7,25541e-02
5090	  1,0178000000e+04	 -1,73876e-01	  7,49547e-02
5091	  1,0180000000e+04	 -1,73493e-01	  7,81990e-02
5092	  1,0182000000e+04	 -1,72166e-01	  8,21979e-02
5093	  1,0184000000e+04	 -1,68949e-01	  8,38162e-02
5094	  1,0186000000e+04	 -1,66929e-01	  8,77722e-02
5095	  1,0188000000e+04	 -1,63517e-01	  9,13143e-02
5096	  1,0190000000e+04	 -1,61325e-01	  9,71952e-02
5097	  1,0192000000e+04	 -1,57784e-01	  9,76053e-02
5098	  1,0194000000e+04	 -1,55772e-01	  9,83461e-02
5099	  1,0196000000e+04	 -1,56361e-01	  1,00537e-01
5100	  1,0198000000e+04	 -1,51825e-01	  9,99878e-02
5101	  1,0200000000e+04	 -1,50483e-01	  1,01101e-01
5102	  1,0202000000e+04	 -1,50659e-01	  1,04134e-01
5103	  1,0204000000e+04	 -1,48650e-01	  1,06254e-01
5104	  1,0206000000e+04	 -1,46103e-01	  1,07738e-01
5105	  1,0208000000e+04	 -1,44081e-01	  1,09106e-01
5106	  1,0210000000e+04	 -1,41392e-01	  1,10693e-01
5107	  1,0212000000e+04	 -1,36584e-01	  1,12137e-01
5108	  1,0214000000e+04	 -1,35977e-01	  1,11988e-01
5109	  1,0216000000e+04	 -1,36688e-01	  1,14525e-01
5110	  1,0218000000e+04	 -1,34040e-01	  1,16028e-01
5111	  1,0220000000e+04	 -1,32880e-01	  1,16742e-01
5112	  1,0222000000e+04	 -1,31120e-01	  1,20667e-01
5113	  1,0224000000e+04	 -1,27116e-01	  1,23300e-01
5114	  1,0226000000e+04	 -1,27920e-01	  1,25971e-01
5115	  1,0228000000e+04	 -1,25590e-01	  1,25335e-01
5116	  1,0230000000e+04	 -1,22255e-01	  1,26721e-01
5117	  1,0232000000e+04	 -1,20013e-01	  1,29282e-01
5118	  1,0234000000e+04	 -1,17720e-01	  1,31435e-01
5119	  1,0236000000e+04	 -1,15160e-01	  1,29965e-01
5120	  1,0238000000e+04	 -1,13887e-01	  1,32152e-01
5121	  1,0240000000e+04	 -1,09713e-01	  1,33707e-01
5122	  1,0242000000e+04	 -1,08721e-01	  1,36756e-01
5123	  1,0244000000e+04	 -1,07089e-01	  1,37885e-01
5124	  1,0246000000e+04	 -1,04599e-01	  1,39746e-01
5125	  1,0248000000e+04	 -1,00852e-01	  1,39946e-01
5126	  1,0250000000e+04	 -9,88855e-02	  1,38391e-01
5127	  1,0252000000e+04	 -9,68799e-02	  1,40579e-01
5128	  1,0254000000e+04	 -9,36907e-02	  1,43567e-01
5129	  1,0256000000e+04	 -9,23300e-02	  1,42570e-01
5130	  1,0258000000e+04	 -8,83125e-02	  1,44874e-01
5131	  1,0260000000e+04	 -8,70427e-02	  1,46310e-01
5132	  1,0262000000e+04	 -8,42190e-02	  1,46252e-01
5133	  1,0264000000e+04	 -8,23945e-02	  1,46268e-01
5134	  1,0266000000e+04	 -8,00207e-02	  1,48397e-01
5135	  1,0268000000e+04	 -7,60959e-02	  1,50591e-01
5136	  1,0270000000e+04	 -7,35943e-02	  1,50766e-01
5137	  1,0272000000e+04	 -7,07611e-02	  1,51291e-01
5138	  1,0274000000e+04	 -6,83664e-02	  1,51976e-01
5139	  1,0276000000e+04	 -6,29774e-02	  1,51858e-01
5140	  1,0278000000e+04	 -6,25453e-02	  1,52688e-01
5141	  1,0280000000e+04	 -5,80745e-02	  1,53102e-01
5142	  1,0282000000e+04	 -5,35287e-02	  1,55613e-01
5143	  1,0284000000e+04	 -5,19156e-02	  1,55257e-01
5144	  1,0286000000e+04	 -5,08554e-02	  1,53399e-01
5145	  1,0288000000e+04	 -4,80163e-02	  1,51795e-01
5146	  1,0290000000e+04	 -4,63338e-02	  1,51951e-01
5147	  1,0292000000e+04	 -4,42132e-02	  1,52800e-01
5148	  1,0294000000e+04	 -4,35249e-02	  1,50256e-01
5149	  1,0296000000e+04	 -4,18952e-02	  1,46891e-01
5150	  1,0298000000e+04	 -4,13034e-02	  1,46140e-01
5151	  1,0300000000e+04	 -3,76282e-02	  1,50561e-01
5152	  1,0302000000e+04	 -3,50253e-02	  1,49908e-01
5153	  1,0304000000e+04	 -3,31481e-02	  1,48497e-01
5154	  1,0306000000e+04	 -2,97383e-02	  1,47746e-01
5155	  1,0308000000e+04	 -2,78559e-02	  1,48183e-01
5156	  1,0310000000e+04	 -2,73552e-02	  1,49686e-01
5157	  1,0312000000e+04	 -2,82055e-02	  1,51034e-01
5158	  1,0314000000e+04	 -2,61564e-02	  1,49711e-01
5159	  1,0316000000e+04	 -2,31004e-02	  1,49895e-01
5160	  1,0318000000e+04	 -1,96998e-02	  1,50183e-01
5161	  1,0320000000e+04	 -1,59694e-02	  1,46893e-01
5162	  1,0322000000e+04	 -1,53722e-02	  1,46781e-01
5163	  1,0324000000e+04	 -1,40579e-02	  1,49362e-01
5164	  1,0326000000e+04	 -1,11351e-02	  1,49487e-01
5165	  1,0328000000e+04	 -8,49444e-03	  1,47010e-01
5166	  1,0330000000e+04	 -7,30868e-03	  1,46991e-01
5167	  1,0332000000e+04	 -6,03040e-03	  1,44723e-01
5168	  1,0334000000e+04	 -6,52964e-03	  1,44237e-01
5169	  1,0336000000e+04	 -3,01457e-03	  1,45104e-01
5170	  1,0338000000e+04	 -2,94431e-03	  1,44730e-01
5171	  1,0340000000e+04	  7,48194e-04	  1,43163e-01
5172	  1,0342000000e+04	  6,05640e-03	  1,44234e-01
5173	  1,0344000000e+04	  7,25502e-03	  1,41211e-01
5174	  1,0346000000e+04	  9,01796e-03	  1,40245e-01
5175	  1,0348000000e+04	  8,60855e-03	  1,39490e-01
5176	  1,0350000000e+04	  8,22121e-03	  1,37767e-01
5177	  1,0352000000e+04	  1,03713e-02	  1,36833e-01
5178	  1,0354000000e+04	  1,15135e-02	  1,34316e-01
5179	  1,0356000000e+04	  1,30403e-02	  1,32280e-01
5180	  1,0358000000e+04	  1,48823e-02	  1,31797e-01
5181	  1,0360000000e+04	  1,47563e-02	  1,31011e-01
5182	  1,0362000000e+04	  1,47081e-02	  1,30076e-01
5183	  1,0364000000e+04	  1,67664e-02	  1,29547e-01
5184	  1,0366000000e+04	  1,74761e-02	  1,27879e-01
5185	  1,0368000000e+04	  1,82209e-02	  1,27175e-01
5186	  1,0370000000e+04	  2,00000e-02	  1,29133e-01
5187	  1,0372000000e+04	  1,82005e-02	  1,29635e-01
5188	  1,0374000000e+04	  1,82956e-02	  1,29617e-01
5189	  1,0376000000e+04	  1,94692e-02	  1,27913e-01
5190	  1,0378000000e+04	  2,13247e-02	  1,27585e-01
5191	  1,0380000000e+04	  2,29887e-02	  1,26351e-01
5192	  1,0382000000e+04	  2,45465e-02	  1,26978e-01
5193	  1,0384000000e+04	  2,80526e-02	  1,28805e-01
5194	  1,0386000000e+04	  2,67043e-02	  1,29104e-01
5195	  1,0388000000e+04	  2,62569e-02	  1,29014e-01
5196	  1,0390000000e+04	  2,89803e-02	  1,27924e-01
5197	  1,0392000000e+04	  3,10613e-02	  1,26986e-01
5198	  1,0394000000e+04	  3,20887e-02	  1,26338e-01
5199	  1,0396000000e+04	  3,41906e-02	  1,25605e-01
5200	  1,0398000000e+04	  3,43061e-02	  1,27505e-01
5201	  1,0400000000e+04	  3,70040e-02	  1,27025e-01
5202	  1,0402000000e+04	  3,85624e-02	  1,24348e-01
5203	  1,0404000000e+04	  3,90259e-02	  1,23893e-01
5204	  1,0406000000e+04	  4,11885e-02	  1,25842e-01
5205	  1,0408000000e+04	  4,29982e-02	  1,26003e-01
5206	  1,0410000000e+04	  4,49109e-02	  1,23017e-01
5207	  1,0412000000e+04	  4,56400e-02	  1,22584e-01
5208	  1,0414000000e+04	  4,69596e-02	  1,23156e-01
5209	  1,0416000000e+04	  4,85254e-02	  1,20954e-01
5210	  1,0418000000e+04	  4,85533e-02	  1,18308e-01
5211	  1,0420000000e+04	  4,90653e-02	  1,20476e-01
5212	  1,0422000000e+04	  4,85496e-02	  1,21051e-01
5213	  1,0424000000e+04	  4,97620e-02	  1,17316e-01
5214	  1,0426000000e+04	  4,99007e-02	  1,16241e-01
5215	  1,0428000000e+04	  5,16903e-02	  1,16183e-01
5216	  1,0430000000e+04	  5,43154e-02	  1,16571e-01
5217	  1,0432000000e+04	  5,25526e-02	  1,17186e-01
5218	  1,0434000000e+04	  5,33439e-02	  1,18858e-01
5219	  1,0436000000e+04	  5,51631e-02	  1,18250e-01
5220	  1,0438000000e+04	  5,64397e-02	  1,16761e-01
5221	  1,0440000000e+04	  6,02842e-02	  1,14247e-01
5222	  1,0442000000e+04	  6,16862e-02	  1,12948e-01
5223	  1,0444000000e+04	  6,28390e-02	  1,12793e-01
5224	  1,0446000000e+04	  6,44105e-02	  1,14348e-01
5225	  1,0448000000e+04	  6,33288e-02	  1,14357e-01
5226	  1,0450000000e+04	  6,70902e-02	  1,12385e-01
5227	  1,0452000000e+04	  6,85775e-02	  1,13166e-01
5228	  1,0454000000e+04	  7,08227e-02	  1,10370e-01
5229	  1,0456000000e+04	  7,08821e-02	  1,08108e-01
5230	  1,0458000000e+04	  7,04490e-02	  1,07800e-01
5231	  1,0460000000e+04	  7,17314e-02	  1,06351e-01
5232	  1,0462000000e+04	  7,29471e-02	  1,05952e-01
5233	  1,0464000000e+04	  7,28251e-02	  1,04894e-01
5234	  1,0466000000e+04	  7,12773e-02	  1,03764e-01
5235	  1,0468000000e+04	  7,13817e-02	  1,01795e-01
5236	  1,0470000000e+04	  7,20739e-02	  1,02428e-01
5237	  1,0472000000e+04	  7,35355e-02	  1,02246e-01
5238	  1,0474000000e+04	  7,55274e-02	  9,98459e-02
5239	  1,0476000000e+04	  7,89971e-02	  9,91757e-02
5240	  1,0478000000e+04	  8,27373e-02	  9,68794e-02
5241	  1,0480000000e+04	  8,16360e-02	  1,00061e-01
5242	  1,0482000000e+04	  8,20683e-02	  9,85299e-02
5243	  1,0484000000e+04	  8,44734e-02	  9,70895e-02
5244	  1,0486000000e+04	  8,47821e-02	  9,73194e-02
5245	  1,0488000000e+04	  8,38253e-02	  9,59712e-02
5246	  1,0490000000e+04	  8,53898e-02	  9,56804e-02
5247	  1,0492000000e+04	  8,74634e-02	  9,73822e-02
5248	  1,0494000000e+04	  8,86367e-02	  9,73237e-02
5249	  1,0496000000e+04	  9,13935e-02	  9,51878e-02
5250	  1,0498000000e+04	  9,15120e-02	  9,21881e-02
5251	  1,0500000000e+04	  9,21469e-02	  9,14778e-02
5252	  1,0502000000e+04	  9,19008e-02	  9,01665e-02
5253	  1,0504000000e+04	  9,37049e-02	  8,77055e-02
5254	  1,0506000000e+04	  9,44417e-02	  8,86052e-02
5255	  1,0508000000e+04	  9,34904e-02	  9,00014e-02
5256	  1,0510000000e+04	  9,59157e-02	  8,70057e-02
5257	  1,0512000000e+04	  9,50408e-02	  8,47273e-02
5258	  1,0514000000e+04	  9,69599e-02	  8,57047e-02
5259	  1,0516000000e+04	  9,62758e-02	  8,52818e-02
5260	  1,0518000000e+04	  9,89633e-02	  8,38949e-02
5261	  1,0520000000e+04	  1,00608e-01	  8,32785e-02
5262	  1,0522000000e+04	  1,00055e-01	  8,40574e-02
5263	  1,0524000000e+04	  9,98845e-02	  8,22191e-02
5264	  1,0526000000e+04	  1,00387e-01	  8,06455e-02
5265	  1,0528000000e+04	  1,02134e-01	  7,96650e-02
5266	  1,0530000000e+04	  1,02804e-01	  8,26098e-02
5267	  1,0532000000e+04	  1,04049e-01	  7,96822e-02
5268	  1,0534000000e+04	  1,04091e-01	  7,49140e-02
5269	  1,0536000000e+04	  1,06793e-01	  7,68522e-02
5270	  1,0538000000e+04	  1,08704e-01	  7,53136e-02
5271	  1,0540000000e+04	  1,09896e-01	  7,38085e-02
5272	  1,0542000000e+04	  1,10197e-01	  7,42783e-02
5273	  1,0544000000e+04	  1,11355e-01	  7,59041e-02
5274	  1,0546000000e+04	  1,13132e-01	  7,56192e-02
5275	  1,0548000000e+04	  1,14581e-01	  7,23928e-02
5276	  1,0550000000e+04	  1,17354e-01	  6,86885e-02
5277	  1,0552000000e+04	  1,19118e-01	  6,90808e-02
5278	  1,0554000000e+04	  1,18813e-01	  6,88788e-02
5279	  1,0556000000e+04	  1,19669e-01	  6,64419e-02
5280	  1,0558000000e+04	  1,21356e-01	  6,38995e-02
5281	  1,0560000000e+04	  1,22152e-01	  6,25261e-02
5282	  1,0562000000e+04	  1,22954e-01	  6,15543e-02
5283	  1,0564000000e+04	  1,22361e-01	  5,89120e-02
5284	  1,0566000000e+04	  1,22403e-01	  5,92327e-02
5285	  1,0568000000e+04	  1,26350e-01	  5,75285e-02
5286	  1,0570000000e+04	  1,26471e-01	  5,63534e-02
5287	  1,0572000000e+04	  1,26638e-01	  5,38103e-02
5288	  1,0574000000e+04	  1,28837e-01	  4,76249e-02
5289	  1,0576000000e+04	  1,28857e-01	  4,56260e-02
5290	  1,0578000000e+04	  1,27241e-01	  4,52665e-02
5291	  1,0580000000e+04	  1,26317e-01	  4,49885e-02
5292	  1,0582000000e+04	  1,26014e-01	  4,54425e-02
5293	  1,0584000000e+04	  1,26283e-01	  4,51213e-02
5294	  1,0586000000e+04	  1,27047e-01	  4,49666e-02
5295	  1,0588000000e+04	  1,25074e-01	  4,29621e-02
5296	  1,0590000000e+04	  1,26500e-01	  4,22735e-02
5297	  1,0592000000e+04	  1,26440e-01	  4,13119e-02
5298	  1,0594000000e+04	  1,27061e-01	  4,14325e-02
5299	  1,0596000000e+04	  1,29523e-01	  4,24492e-02
5300	  1,0598000000e+04	  1,29906e-01	  4,00798e-02
5301	  1,0600000000e+04	  1,30546e-01	  3,75539e-02
5302	  1,0602000000e+04	  1,32035e-01	  3,62390e-02
5303	  1,0604000000e+04	  1,34052e-01	  3,77520e-02
5304	  1,0606000000e+04	  1,34567e-01	  3,69968e-02
5305	  1,0608000000e+04	  1,36192e-01	  3,76697e-02
5306	  1,0610000000e+04	  1,39678e-01	  3,68463e-02
5307	  1,0612000000e+04	  1,40465e-01	  3,27418e-02
5308	  1,0614000000e+04	  1,40066e-01	  3,09035e-02
5309	  1,0616000000e+04	  1,41518e-01	  3,17145e-02
5310	  1,0618000000e+04	  1,41465e-01	  2,80652e-02
5311	  1,0620000000e+04	  1,42139e-01	  2,39488e-02
5312	  1,0622000000e+04	  1,45919e-01	  2,26889e-02
5313	  1,0624000000e+04	  1,47400e-01	  1,97905e-02
5314	  1,0626000000e+04	  1,45125e-01	  1,54659e-02
5315	  1,0628000000e+04	  1,45604e-01	  1,66811e-02
5316	  1,0630000000e+04	  1,44152e-01	  1,44158e-02
5317	  1,0632000000e+04	  1,43434e-01	  1,20812e-02
5318	  1,0634000000e+04	  1,46818e-01	  1,03062e-02
5319	  1,0636000000e+04	  1,46283e-01	  4,69516e-03
5320	  1,0638000000e+04	  1,45921e-01	  4,77344e-03
5321	  1,0640000000e+04	  1,45996e-01	  2,22993e-03
5322	  1,0642000000e+04	  1,47196e-01	 -6,80262e-04
5323	  1,0644000000e+04	  1,47484e-01	 -7,09406e-04
5324	  1,0646000000e+04	  1,45180e-01	 -3,22834e-03
5325	  1,0648000000e+04	  1,42701e-01	 -5,49474e-03
5326	  1,0650000000e+04	  1,44343e-01	 -7,58489e-03
5327	  1,0652000000e+04	  1,43373e-01	 -1,12997e-02
5328	  1,0654000000e+04	  1,40994e-01	 -1,00929e-02
5329	  1,0656000000e+04	  1,37517e-01	 -1,02031e-02
5330	  1,0658000000e+04	  1,38915e-01	 -1,10879e-02
5331	  1,0660000000e+04	  1,38383e-01	 -1,23426e-02
5332	  1,0662000000e+04	  1,34857e-01	 -1,27531e-02
5333	  1,0664000000e+04	  1,32947e-01	 -1,61232e-02
5334	  1,0666000000e+04	  1,33541e-01	 -1,60291e-02
5335	  1,0668000000e+04	  1,33804e-01	 -1,58452e-02
5336	  1,0670000000e+04	  1,33340e-01	 -1,81438e-02
5337	  1,0672000000e+04	  1,33887e-01	 -1,81722e-02
5338	  1,0674000000e+04	  1,30804e-01	 -1,74068e-02
5339	  1,0676000000e+04	  1,27488e-01	 -1,67435e-02
5340	  1,0678000000e+04	  1,26547e-01	 -1,79270e-02
5341	  1,0680000000e+04	  1,28252e-01	 -2,17113e-02
5342	  1,0682000000e+04	  1,28851e-01	 -2,12416e-02
5343	  1,0684000000e+04	  1,27226e-01	 -2,18813e-02
5344	  1,0686000000e+04	  1,26433e-01	 -2,10058e-02
5345	  1,0688000000e+04	  1,24569e-01	 -2,05096e-02
5346	  1,0690000000e+04	  1,25642e-01	 -2,08710e-02
5347	  1,0692000000e+04	  1,22190e-01	 -1,85563e-02
5348	  1,0694000000e+04	  1,20665e-01	 -1,89009e-02
5349	  1,0696000000e+04	  1,23081e-01	 -1,60784e-02
5350	  1,0698000000e+04	  1,25458e-01	 -1,45057e-02
5351	  1,0700000000e+04	  1,25571e-01	 -1,40777e-02
5352	  1,0702000000e+04	  1,25657e-01	 -1,11786e-02
5353	  1,0704000000e+04	  1,26482e-01	 -5,62021e-03
5354	  1,0706000000e+04	  1,26777e-01	 -4,82739e-03
5355	  1,0708000000e+04	  1,28504e-01	 -2,22909e-03
5356	  1,0710000000e+04	  1,32446e-01	 -1,78376e-04
5357	  1,0712000000e+04	  1,35431e-01	 -5,85332e-04
5358	  1,0714000000e+04	  1,36126e-01	 -2,42160e-04
5359	  1,0716000000e+04	  1,39789e-01	  2,57110e-03
5360	  1,0718000000e+04	  1,45455e-01	  6,11513e-03
5361	  1,0720000000e+04	  1,47131e-01	  7,32822e-03
5362	  1,0722000000e+04	  1,52501e-01	  6,42184e-03
5363	  1,0724000000e+04	  1,58679e-01	  9,28422e-03
5364	  1,0726000000e+04	  1,61433e-01	  1,22489e-02
5365	  1,0728000000e+04	  1,66732e-01	  1,22357e-02
5366	  1,0730000000e+04	  1,74554e-01	  9,65520e-03
5367	  1,0732000000e+04	  1,80641e-01	  5,88144e-03
5368	  1,0734000000e+04	  1,86338e-01	  5,37741e-04
5369	  1,0736000000e+04	  1,93004e-01	 -2,37308e-03
5370	  1,0738000000e+04	  1,97569e-01	 -3,75397e-03
5371	  1,0740000000e+04	  2,04754e-01	 -8,81866e-03
5372	  1,0742000000e+04	  2,13299e-01	 -1,38634e-02
5373	  1,0744000000e+04	  2,17822e-01	 -2,04193e-02
5374	  1,0746000000e+04	  2,21453e-01	 -2,80102e-02
5375	  1,0748000000e+04	  2,27968e-01	 -3,28054e-02
5376	  1,0750000000e+04	  2,31931e-01	 -3,97541e-02
5377	  1,0752000000e+04	  2,33750e-01	 -4,83178e-02
5378	  1,0754000000e+04	  2,35062e-01	 -5,44063e-02
5379	  1,0756000000e+04	  2,37781e-01	 -6,09286e-02
5380	  1,0758000000e+04	  2,40162e-01	 -6,93270e-02
5381	  1,0760000000e+04	  2,42668e-01	 -7,77789e-02
5382	  1,0762000000e+04	  2,43009e-01	 -8,94416e-02
5383	  1,0764000000e+04	  2,43273e-01	 -9,53901e-02
5384	  1,0766000000e+04	  2,41766e-01	 -1,00817e-01
5385	  1,0768000000e+04	  2,42047e-01	 -1,10399e-01
5386	  1,0770000000e+04	  2,41668e-01	 -1,18050e-01
5387	  1,0772000000e+04	  2,40451e-01	 -1,23114e-01
5388	  1,0774000000e+04	  2,35430e-01	 -1,32076e-01
5389	  1,0776000000e+04	  2,34331e-01	 -1,40286e-01
5390	  1,0778000000e+04	  2,32708e-01	 -1,46892e-01
5391	  1,0780000000e+04	  2,27994e-01	 -1,54937e-01
5392	  1,0782000000e+04	  2,28158e-01	 -1,63490e-01
5393	  1,0784000000e+04	  2,24937e-01	 -1,69212e-01
5394	  1,0786000000e+04	  2,18479e-01	 -1,74516e-01
5395	  1,0788000000e+04	  2,15395e-01	 -1,79471e-01
5396	  1,0790000000e+04	  2,11071e-01	 -1,83759e-01
5397	  1,0792000000e+04	  2,08555e-01	 -1,89360e-01
5398	  1,0794000000e+04	  2,07793e-01	 -1,92424e-01
5399	  1,0796000000e+04	  2,05262e-01	 -1,96300e-01
5400	  1,0798000000e+04	  2,00211e-01	 -2,01485e-01
5401	  1,0800000000e+04	  1,95651e-01	 -2,02877e-01
5402	  1,0802000000e+04	  1,92423e-01	 -2,08392e-01
5403	  1,0804000000e+04	  1,88540e-01	 -2,14289e-01
5404	  1,0806000000e+04	  1,83883e-01	 -2,18013e-01
5405	  1,0808000000e+04	  1,81148e-01	 -2,23062e-01
5406	  1,0810000000e+04	  1,81013e-01	 -2,27526e-01
5407	  1,0812000000e+04	  1,77454e-01	 -2,30622e-01
5408	  1,0814000000e+04	  1,74726e-01	 -2,34891e-01
5409	  1,0816000000e+04	  1,72213e-01	 -2,38471e-01
5410	  1,0818000000e+04	  1,67106e-01	 -2,40053e-01
5411	  1,0820000000e+04	  1,60974e-01	 -2,48505e-01
5412	  1,0822000000e+04	  1,58596e-01	 -2,53510e-01
5413	  1,0824000000e+04	  1,53925e-01	 -2,57386e-01
5414	  1,0826000000e+04	  1,49529e-01	 -2,61185e-01
5415	  1,0828000000e+04	  1,44921e-01	 -2,66229e-01
5416	  1,0830000000e+04	  1,40762e-01	 -2,67721e-01
5417	  1,0832000000e+04	  1,37124e-01	 -2,72339e-01
5418	  1,0834000000e+04	  1,29633e-01	 -2,77957e-01
5419	  1,0836000000e+04	  1,25523e-01	 -2,81965e-01
5420	  1,0838000000e+04	  1,20112e-01	 -2,86370e-01
5421	  1,0840000000e+04	  1,13505e-01	 -2,90262e-01
5422	  1,0842000000e+04	  1,09037e-01	 -2,91036e-01
5423	  1,0844000000e+04	  1,03416e-01	 -2,92519e-01
5424	  1,0846000000e+04	  9,78008e-02	 -2,95852e-01
5425	  1,0848000000e+04	  9,07216e-02	 -3,00950e-01
5426	  1,0850000000e+04	  8,26202e-02	 -3,05425e-01
5427	  1,0852000000e+04	  7,74185e-02	 -3,07898e-01
5428	  1,0854000000e+04	  7,56015e-02	 -3,08809e-01
5429	  1,0856000000e+04	  7,02073e-02	 -3,08913e-01
5430	  1,0858000000e+04	  5,90796e-02	 -3,09633e-01
5431	  1,0860000000e+04	  5,41631e-02	 -3,12191e-01
5432	  1,0862000000e+04	  5,09903e-02	 -3,13271e-01
5433	  1,0864000000e+04	  4,44199e-02	 -3,16321e-01
5434	  1,0866000000e+04	  3,92916e-02	 -3,15188e-01
5435	  1,0868000000e+04	  3,18208e-02	 -3,17529e-01
5436	  1,0870000000e+04	  2,85734e-02	 -3,16721e-01
5437	  1,0872000000e+04	  2,30304e-02	 -3,19508e-01
5438	  1,0874000000e+04	  1,56492e-02	 -3,23891e-01
5439	  1,0876000000e+04	  1,03321e-02	 -3,25887e-01
5440	  1,0878000000e+04	  7,36094e-03	 -3,26111e-01
5441	  1,0880000000e+04	 -7,28463e-04	 -3,26006e-01
5442	  1,0882000000e+04	 -5,37356e-03	 -3,26836e-01
5443	  1,0884000000e+04	 -1,08613e-02	 -3,29151e-01
5444	  1,0886000000e+04	 -1,69552e-02	 -3,31724e-01
5445	  1,0888000000e+04	 -2,17981e-02	 -3,31369e-01
5446	  1,0890000000e+04	 -2,77406e-02	 -3,29446e-01
5447	  1,0892000000e+04	 -3,44270e-02	 -3,28151e-01
5448	  1,0894000000e+04	 -4,30295e-02	 -3,31029e-01
5449	  1,0896000000e+04	 -5,02171e-02	 -3,31674e-01
5450	  1,0898000000e+04	 -5,71997e-02	 -3,28433e-01
5451	  1,0900000000e+04	 -6,27862e-02	 -3,27202e-01
5452	  1,0902000000e+04	 -7,02320e-02	 -3,27442e-01
5453	  1,0904000000e+04	 -7,55267e-02	 -3,28766e-01
5454	  1,0906000000e+04	 -8,23482e-02	 -3,27059e-01
5455	  1,0908000000e+04	 -8,93286e-02	 -3,26245e-01
5456	  1,0910000000e+04	 -9,67612e-02	 -3,25056e-01
5457	  1,0912000000e+04	 -1,02925e-01	 -3,24064e-01
5458	  1,0914000000e+04	 -1,09334e-01	 -3,23297e-01
5459	  1,0916000000e+04	 -1,17683e-01	 -3,20282e-01
5460	  1,0918000000e+04	 -1,21352e-01	 -3,18918e-01
5461	  1,0920000000e+04	 -1,25091e-01	 -3,18086e-01
5462	  1,0922000000e+04	 -1,30374e-01	 -3,16583e-01
5463	  1,0924000000e+04	 -1,37436e-01	 -3,12776e-01
5464	  1,0926000000e+04	 -1,40715e-01	 -3,09455e-01
5465	  1,0928000000e+04	 -1,46290e-01	 -3,05665e-01
5466	  1,0930000000e+04	 -1,52072e-01	 -3,04210e-01
5467	  1,0932000000e+04	 -1,57565e-01	 -3,03353e-01
5468	  1,0934000000e+04	 -1,61636e-01	 -3,01651e-01
5469	  1,0936000000e+04	 -1,66908e-01	 -2,98387e-01
5470	  1,0938000000e+04	 -1,71566e-01	 -2,93807e-01
5471	  1,0940000000e+04	 -1,79162e-01	 -2,91037e-01
5472	  1,0942000000e+04	 -1,84241e-01	 -2,88989e-01
5473	  1,0944000000e+04	 -1,87447e-01	 -2,86701e-01
5474	  1,0946000000e+04	 -1,92995e-01	 -2,86676e-01
5475	  1,0948000000e+04	 -2,01054e-01	 -2,84890e-01
5476	  1,0950000000e+04	 -2,07387e-01	 -2,82830e-01
5477	  1,0952000000e+04	 -2,11790e-01	 -2,79683e-01
5478	  1,0954000000e+04	 -2,17296e-01	 -2,76435e-01
5479	  1,0956000000e+04	 -2,23445e-01	 -2,73000e-01
5480	  1,0958000000e+04	 -2,30147e-01	 -2,71755e-01
5481	  1,0960000000e+04	 -2,34999e-01	 -2,68611e-01
5482	  1,0962000000e+04	 -2,39500e-01	 -2,62287e-01
5483	  1,0964000000e+04	 -2,45465e-01	 -2,57606e-01
5484	  1,0966000000e+04	 -2,53575e-01	 -2,52546e-01
5485	  1,0968000000e+04	 -2,58813e-01	 -2,49651e-01
5486	  1,0970000000e+04	 -2,64891e-01	 -2,46999e-01
5487	  1,0972000000e+04	 -2,71483e-01	 -2,40314e-01
5488	  1,0974000000e+04	 -2,76235e-01	 -2,37003e-01
5489	  1,0976000000e+04	 -2,82957e-01	 -2,31135e-01
5490	  1,0978000000e+04	 -2,86342e-01	 -2,26114e-01
5491	  1,0980000000e+04	 -2,92359e-01	 -2,21769e-01
5492	  1,0982000000e+04	 -2,97161e-01	 -2,14629e-01
5493	  1,0984000000e+04	 -3,01736e-01	 -2,08843e-01
5494	  1,0986000000e+04	 -3,06595e-01	 -2,02879e-01
5495	  1,0988000000e+04	 -3,12559e-01	 -1,97198e-01
5496	  1,0990000000e+04	 -3,17573e-01	 -1,88516e-01
5497	  1,0992000000e+04	 -3,20569e-01	 -1,81275e-01
5498	  1,0994000000e+04	 -3,23094e-01	 -1,76160e-01
5499	  1,0996000000e+04	 -3,23815e-01	 -1,69293e-01
5500	  1,0998000000e+04	 -3,24808e-01	 -1,62489e-01
5501	  1,1000000000e+04	 -3,29834e-01	 -1,53189e-01
5502	  1,1002000000e+04	 -3,32698e-01	 -1,46844e-01
5503	  1,1004000000e+04	 -3,34186e-01	 -1,42619e-01
5504	  1,1006000000e+04	 -3,37088e-01	 -1,35201e-01
5505	  1,1008000000e+04	 -3,40804e-01	 -1,27460e-01
5506	  1,1010000000e+04	 -3,43139e-01	 -1,22774e-01
5507	  1,1012000000e+04	 -3,42172e-01	 -1,17199e-01
5508	  1,1014000000e+04	 -3,43169e-01	 -1,10377e-01
5509	  1,1016000000e+04	 -3,45867e-01	 -1,03403e-01
5510	  1,1018000000e+04	 -3,49932e-01	 -9,62722e-02
5511	  1,1020000000e+04	 -3,51235e-01	 -8,89568e-02
5512	  1,1022000000e+04	 -3,51123e-01	 -8,30660e-02
5513	  1,1024000000e+04	 -3,52221e-01	 -7,69462e-02
5514	  1,1026000000e+04	 -3,53228e-01	 -7,06909e-02
5515	  1,1028000000e+04	 -3,53648e-01	 -6,55970e-02
5516	  1,1030000000e+04	 -3,57172e-01	 -5,62075e-02
5517	  1,1032000000e+04	 -3,56149e-01	 -4,80015e-02
5518	  1,1034000000e+04	 -3,56152e-01	 -4,21683e-02
5519	  1,1036000000e+04	 -3,55832e-01	 -3,40946e-02
5520	  1,1038000000e+04	 -3,58844e-01	 -2,86020e-02
5521	  1,1040000000e+04	 -3,59061e-01	 -2,23388e-02
5522	  1,1042000000e+04	 -3,56001e-01	 -1,61172e-02
5523	  1,1044000000e+04	 -3,56018e-01	 -8,17895e-03
5524	  1,1046000000e+04	 -3,56278e-01	 -1,40922e-03
5525	  1,1048000000e+04	 -3,57737e-01	  5,83057e-03
5526	  1,1050000000e+04	 -3,57484e-01	  1,19940e-02
5527	  1,1052000000e+04	 -3,54578e-01	  1,71214e-02
5528	  1,1054000000e+04	 -3,53644e-01	  2,35541e-02
5529	  1,1056000000e+04	 -3,53453e-01	  3,08737e-02
5530	  1,1058000000e+04	 -3,53998e-01	  3,91487e-02
5531	  1,1060000000e+04	 -3,53024e-01	  4,59534e-02
5532	  1,1062000000e+04	 -3,49945e-01	  5,32614e-02
5533	  1,1064000000e+04	 -3,47027e-01	  6,36766e-02
5534	  1,1066000000e+04	 -3,43559e-01	  6,94322e-02
5535	  1,1068000000e+04	 -3,42307e-01	  7,38901e-02
5536	  1,1070000000e+04	 -3,42083e-01	  8,25794e-02
5537	  1,1072000000e+04	 -3,37006e-01	  8,94447e-02
5538	  1,1074000000e+04	 -3,32003e-01	  9,51789e-02
5539	  1,1076000000e+04	 -3,29397e-01	  1,02075e-01
5540	  1,1078000000e+04	 -3,28069e-01	  1,06724e-01
5541	  1,1080000000e+04	 -3,25067e-01	  1,14661e-01
5542	  1,1082000000e+04	 -3,21834e-01	  1,20306e-01
5543	  1,1084000000e+04	 -3,17547e-01	  1,28463e-01
5544	  1,1086000000e+04	 -3,13463e-01	  1,34895e-01
5545	  1,1088000000e+04	 -3,08095e-01	  1,39401e-01
5546	  1,1090000000e+04	 -3,03827e-01	  1,44687e-01
5547	  1,1092000000e+04	 -2,98426e-01	  1,49183e-01
5548	  1,1094000000e+04	 -2,92596e-01	  1,51954e-01
5549	  1,1096000000e+04	 -2,86871e-01	  1,57484e-01
5550	  1,1098000000e+04	 -2,80928e-01	  1,61667e-01
5551	  1,1100000000e+04	 -2,75812e-01	  1,65444e-01
5552	  1,1102000000e+04	 -2,71285e-01	  1,70148e-01
5553	  1,1104000000e+04	 -2,66518e-01	  1,74163e-01
5554	  1,1106000000e+04	 -2,59061e-01	  1,77350e-01
5555	  1,1108000000e+04	 -2,52128e-01	  1,79692e-01
5556	  1,1110000000e+04	 -2,45885e-01	  1,80918e-01
5557	  1,1112000000e+04	 -2,41549e-01	  1,83417e-01
5558	  1,1114000000e+04	 -2,37515e-01	  1,87771e-01
5559	  1,1116000000e+04	 -2,30749e-01	  1,90893e-01
5560	  1,1118000000e+04	 -2,25827e-01	  1,92161e-01
5561	  1,1120000000e+04	 -2,22014e-01	  1,90575e-01
5562	  1,1122000000e+04	 -2,16756e-01	  1,90133e-01
5563	  1,1124000000e+04	 -2,11301e-01	  1,93160e-01
5564	  1,1126000000e+04	 -2,05133e-01	  1,95182e-01
5565	  1,1128000000e+04	 -2,01458e-01	  1,94356e-01
5566	  1,1130000000e+04	 -1,97335e-01	  1,95728e-01
5567	  1,1132000000e+04	 -1,92223e-01	  1,93656e-01
5568	  1,1134000000e+04	 -1,85957e-01	  1,93093e-01
5569	  1,1136000000e+04	 -1,80974e-01	  1,96540e-01
5570	  1,1138000000e+04	 -1,78384e-01	  1,94360e-01
5571	  1,1140000000e+04	 -1,76964e-01	  1,91191e-01
5572	  1,1142000000e+04	 -1,74230e-01	  1,90936e-01
5573	  1,1144000000e+04	 -1,69378e-01	  1,90308e-01
5574	  1,1146000000e+04	 -1,63756e-01	  1,90164e-01
5575	  1,1148000000e+04	 -1,61341e-01	  1,88655e-01
5576	  1,1150000000e+04	 -1,62151e-01	  1,86608e-01
5577	  1,1152000000e+04	 -1,61130e-01	  1,85708e-01
5578	  1,1154000000e+04	 -1,59365e-01	  1,85650e-01
5579	  1,1156000000e+04	 -1,58516e-01	  1,85595e-01
5580	  1,1158000000e+04	 -1,57774e-01	  1,87288e-01
5581	  1,1160000000e+04	 -1,55116e-01	  1,84189e-01
5582	  1,1162000000e+04	 -1,50283e-01	  1,83089e-01
5583	  1,1164000000e+04	 -1,49618e-01	  1,83140e-01
5584	  1,1166000000e+04	 -1,48265e-01	  1,81963e-01
5585	  1,1168000000e+04	 -1,48269e-01	  1,82264e-01
5586	  1,1170000000e+04	 -1,47352e-01	  1,81193e-01
5587	  1,1172000000e+04	 -1,47998e-01	  1,80468e-01
5588	  1,1174000000e+04	 -1,48725e-01	  1,82782e-01
5589	  1,1176000000e+04	 -1,48283e-01	  1,82990e-01
5590	  1,1178000000e+04	 -1,48086e-01	  1,84355e-01
5591	  1,1180000000e+04	 -1,47939e-01	  1,85214e-01
5592	  1,1182000000e+04	 -1,48693e-01	  1,85313e-01
5593	  1,1184000000e+04	 -1,48557e-01	  1,85604e-01
5594	  1,1186000000e+04	 -1,47408e-01	  1,88346e-01
5595	  1,1188000000e+04	 -1,44624e-01	  1,88986e-01
5596	  1,1190000000e+04	 -1,45800e-01	  1,90126e-01
5597	  1,1192000000e+04	 -1,47819e-01	  1,89383e-01
5598	  1,1194000000e+04	 -1,47507e-01	  1,93716e-01
5599	  1,1196000000e+04	 -1,47337e-01	  1,96559e-01
5600	  1,1198000000e+04	 -1,44898e-01	  1,97002e-01
5601	  1,1200000000e+04	 -1,42086e-01	  1,98113e-01
5602	  1,1202000000e+04	 -1,38272e-01	  2,00231e-01
5603	  1,1204000000e+04	 -1,37879e-01	  2,03849e-01
5604	  1,1206000000e+04	 -1,38444e-01	  2,06974e-01
5605	  1,1208000000e+04	 -1,36562e-01	  2,08473e-01
5606	  1,1210000000e+04	 -1,36653e-01	  2,12762e-01
5607	  1,1212000000e+04	 -1,36301e-01	  2,15740e-01
5608	  1,1214000000e+04	 -1,36410e-01	  2,19274e-01
5609	  1,1216000000e+04	 -1,34498e-01	  2,21104e-01
5610	  1,1218000000e+04	 -1,31768e-01	  2,24250e-01
5611	  1,1220000000e+04	 -1,31401e-01	  2,26647e-01
5612	  1,1222000000e+04	 -1,30617e-01	  2,29822e-01
5613	  1,1224000000e+04	 -1,26805e-01	  2,32157e-01
5614	  1,1226000000e+04	 -1,24667e-01	  2,32217e-01
5615	  1,1228000000e+04	 -1,25787e-01	  2,36532e-01
5616	  1,1230000000e+04	 -1,23196e-01	  2,41640e-01
5617	  1,1232000000e+04	 -1,18639e-01	  2,44653e-01
5618	  1,1234000000e+04	 -1,16810e-01	  2,48266e-01
5619	  1,1236000000e+04	 -1,14463e-01	  2,50301e-01
5620	  1,1238000000e+04	 -1,11311e-01	  2,51208e-01
5621	  1,1240000000e+04	 -1,09534e-01	  2,55573e-01
5622	  1,1242000000e+04	 -1,09858e-01	  2,57999e-01
5623	  1,1244000000e+04	 -1,04365e-01	  2,59160e-01
5624	  1,1246000000e+04	 -1,01347e-01	  2,63297e-01
5625	  1,1248000000e+04	 -9,79853e-02	  2,63108e-01
5626	  1,1250000000e+04	 -9,57223e-02	  2,66383e-01
5627	  1,1252000000e+04	 -9,53787e-02	  2,74683e-01
5628	  1,1254000000e+04	 -9,19834e-02	  2,79294e-01
5629	  1,1256000000e+04	 -8,69921e-02	  2,80679e-01
5630	  1,1258000000e+04	 -8,47884e-02	  2,81835e-01
5631	  1,1260000000e+04	 -8,14056e-02	  2,84352e-01
5632	  1,1262000000e+04	 -7,73749e-02	  2,87840e-01
5633	  1,1264000000e+04	 -7,31310e-02	  2,89531e-01
5634	  1,1266000000e+04	 -6,83450e-02	  2,91912e-01
5635	  1,1268000000e+04	 -6,58668e-02	  2,91907e-01
5636	  1,1270000000e+04	 -6,11364e-02	  2,94984e-01
5637	  1,1272000000e+04	 -5,60530e-02	  2,98709e-01
5638	  1,1274000000e+04	 -5,09465e-02	  3,01302e-01
5639	  1,1276000000e+04	 -4,76785e-02	  3,02931e-01
5640	  1,1278000000e+04	 -4,37895e-02	  3,06250e-01
5641	  1,1280000000e+04	 -4,10449e-02	  3,07898e-01
5642	  1,1282000000e+04	 -3,78194e-02	  3,10217e-01
5643	  1,1284000000e+04	 -3,07786e-02	  3,14526e-01
5644	  1,1286000000e+04	 -2,53846e-02	  3,15350e-01
5645	  1,1288000000e+04	 -2,16284e-02	  3,17835e-01
5646	  1,1290000000e+04	 -1,77358e-02	  3,19526e-01
5647	  1,1292000000e+04	 -9,59697e-03	  3,17099e-01
5648	  1,1294000000e+04	 -4,38127e-03	  3,19962e-01
5649	  1,1296000000e+04	 -2,86078e-04	  3,23112e-01
5650	  1,1298000000e+04	  5,15172e-03	  3,24880e-01
5651	  1,1300000000e+04	  1,01885e-02	  3,25258e-01
5652	  1,1302000000e+04	  1,60028e-02	  3,26746e-01
5653	  1,1304000000e+04	  2,16600e-02	  3,29031e-01
5654	  1,1306000000e+04	  2,64373e-02	  3,29094e-01
5655	  1,1308000000e+04	  3,43835e-02	  3,29230e-01
5656	  1,1310000000e+04	  3,75057e-02	  3,30473e-01
5657	  1,1312000000e+04	  4,02721e-02	  3,28570e-01
5658	  1,1314000000e+04	  4,63134e-02	  3,28539e-01
5659	  1,1316000000e+04	  5,11317e-02	  3,30823e-01
5660	  1,1318000000e+04	  5,68185e-02	  3,32177e-01
5661	  1,1320000000e+04	  6,51908e-02	  3,31509e-01
5662	  1,1322000000e+04	  7,06809e-02	  3,29996e-01
5663	  1,1324000000e+04	  7,47310e-02	  3,31010e-01
5664	  1,1326000000e+04	  7,85986e-02	  3,33363e-01
5665	  1,1328000000e+04	  8,43325e-02	  3,32410e-01
5666	  1,1330000000e+04	  9,19814e-02	  3,30860e-01
5667	  1,1332000000e+04	  9,90682e-02	  3,31986e-01
5668	  1,1334000000e+04	  1,03866e-01	  3,29722e-01
5669	  1,1336000000e+04	  1,10494e-01	  3,28346e-01
5670	  1,1338000000e+04	  1,15969e-01	  3,27260e-01
5671	  1,1340000000e+04	  1,22717e-01	  3,25937e-01
5672	  1,1342000000e+04	  1,31777e-01	  3,24382e-01
5673	  1,1344000000e+04	  1,37840e-01	  3,22117e-01
5674	  1,1346000000e+04	  1,45413e-01	  3,21804e-01
5675	  1,1348000000e+04	  1,51399e-01	  3,20786e-01
5676	  1,1350000000e+04	  1,55358e-01	  3,17052e-01
5677	  1,1352000000e+04	  1,61978e-01	  3,13999e-01
5678	  1,1354000000e+04	  1,65579e-01	  3,13426e-01
5679	  1,1356000000e+04	  1,73428e-01	  3,11095e-01
5680	  1,1358000000e+04	  1,79261e-01	  3,10043e-01
5681	  1,1360000000e+04	  1,81273e-01	  3,06918e-01
5682	  1,1362000000e+04	  1,88250e-01	  3,02023e-01
5683	  1,1364000000e+04	  1,97519e-01	  2,98542e-01
5684	  1,1366000000e+04	  2,00635e-01	  2,95116e-01
5685	  1,1368000000e+04	  2,05776e-01	  2,90804e-01
5686	  1,1370000000e+04	  2,12964e-01	  2,89716e-01
5687	  1,1372000000e+04	  2,18269e-01	  2,86478e-01
5688	  1,1374000000e+04	  2,22250e-01	  2,81969e-01
5689	  1,1376000000e+04	  2,25068e-01	  2,77319e-01
5690	  1,1378000000e+04	  2,30907e-01	  2,75374e-01
5691	  1,1380000000e+04	  2,34229e-01	  2,69866e-01
5692	  1,1382000000e+04	  2,37390e-01	  2,66331e-01
5693	  1,1384000000e+04	  2,43868e-01	  2,62699e-01
5694	  1,1386000000e+04	  2,49453e-01	  2,56603e-01
5695	  1,1388000000e+04	  2,52289e-01	  2,53864e-01
5696	  1,1390000000e+04	  2,58775e-01	  2,50569e-01
5697	  1,1392000000e+04	  2,63007e-01	  2,48153e-01
5698	  1,1394000000e+04	  2,64587e-01	  2,44227e-01
5699	  1,1396000000e+04	  2,69366e-01	  2,39794e-01
5700	  1,1398000000e+04	  2,72695e-01	  2,33673e-01
5701	  1,1400000000e+04	  2,77489e-01	  2,29506e-01
5702	  1,1402000000e+04	  2,81458e-01	  2,25419e-01
5703	  1,1404000000e+04	  2,83568e-01	  2,21239e-01
5704	  1,1406000000e+04	  2,88209e-01	  2,14884e-01
5705	  1,1408000000e+04	  2,93515e-01	  2,07634e-01
5706	  1,1410000000e+04	  2,98317e-01	  2,03743e-01
5707	  1,1412000000e+04	  3,00702e-01	  2,00051e-01
5708	  1,1414000000e+04	  3,02278e-01	  1,95580e-01
5709	  1,1416000000e+04	  3,07838e-01	  1,91110e-01
5710	  1,1418000000e+04	  3,13171e-01	  1,87204e-01
5711	  1,1420000000e+04	  3,15996e-01	  1,81191e-01
5712	  1,1422000000e+04	  3,17074e-01	  1,73775e-01
5713	  1,1424000000e+04	  3,20424e-01	  1,71083e-01
5714	  1,1426000000e+04	  3,22847e-01	  1,65121e-01
5715	  1,1428000000e+04	  3,24273e-01	  1,60912e-01
5716	  1,1430000000e+04	  3,25799e-01	  1,57297e-01
5717	  1,1432000000e+04	  3,28829e-01	  1,52568e-01
5718	  1,1434000000e+04	  3,31627e-01	  1,44435e-01
5719	  1,1436000000e+04	  3,34280e-01	  1,37823e-01
5720	  1,1438000000e+04	  3,36690e-01	  1,34570e-01
5721	  1,1440000000e+04	  3,39854e-01	  1,30363e-01
5722	  1,1442000000e+04	  3,40799e-01	  1,24432e-01
5723	  1,1444000000e+04	  3,39757e-01	  1,21140e-01
5724	  1,1446000000e+04	  3,44220e-01	  1,14490e-01
5725	  1,1448000000e+04	  3,44524e-01	  1,06977e-01
5726	  1,1450000000e+04	  3,45510e-01	  1,00785e-01
5727	  1,1452000000e+04	  3,47424e-01	  9,53803e-02
5728	  1,1454000000e+04	  3,47914e-01	  8,72887e-02
5729	  1,1456000000e+04	  3,50205e-01	  8,36494e-02
5730	  1,1458000000e+04	  3,51866e-01	  7,71671e-02
5731	  1,1460000000e+04	  3,51467e-01	  7,19910e-02
5732	  1,1462000000e+04	  3,53575e-01	  6,72539e-02
5733	  1,1464000000e+04	  3,55778e-01	  6,12612e-02
5734	  1,1466000000e+04	  3,55495e-01	  5,52627e-02
5735	  1,1468000000e+04	  3,57752e-01	  5,02058e-02
5736	  1,1470000000e+04	  3,57844e-01	  4,28916e-02
5737	  1,1472000000e+04	  3,56937e-01	  3,48916e-02
5738	  1,1474000000e+04	  3,58078e-01	  3,03696e-02
5739	  1,1476000000e+04	  3,58149e-01	  2,37068e-02
5740	  1,1478000000e+04	  3,57666e-01	  1,97331e-02
5741	  1,1480000000e+04	  3,58891e-01	  1,50623e-02
5742	  1,1482000000e+04	  3,58188e-01	  9,80080e-03
5743	  1,1484000000e+04	  3,56122e-01	  1,78045e-03
5744	  1,1486000000e+04	  3,54621e-01	 -1,51366e-03
5745	  1,1488000000e+04	  3,54002e-01	 -6,83082e-03
5746	  1,1490000000e+04	  3,56795e-01	 -1,09815e-02
5747	  1,1492000000e+04	  3,54767e-01	 -1,60350e-02
5748	  1,1494000000e+04	  3,52347e-01	 -2,07739e-02
5749	  1,1496000000e+04	  3,52501e-01	 -2,42354e-02
5750	  1,1498000000e+04	  3,53273e-01	 -2,96757e-02
5751	  1,1500000000e+04	  3,51247e-01	 -3,49224e-02
5752	  1,1502000000e+04	  3,49368e-01	 -4,01043e-02
5753	  1,1504000000e+04	  3,46935e-01	 -4,55807e-02
5754	  1,1506000000e+04	  3,48008e-01	 -4,96927e-02
5755	  1,1508000000e+04	  3,47399e-01	 -5,18051e-02
5756	  1,1510000000e+04	  3,46277e-01	 -5,53463e-02
5757	  1,1512000000e+04	  3,46473e-01	 -6,07235e-02
5758	  1,1514000000e+04	  3,42935e-01	 -6,65019e-02
5759	  1,1516000000e+04	  3,44798e-01	 -7,14369e-02
5760	  1,1518000000e+04	  3,45295e-01	 -7,76595e-02
5761	  1,1520000000e+04	  3,45344e-01	 -8,42008e-02
5762	  1,1522000000e+04	  3,43101e-01	 -8,90978e-02
5763	  1,1524000000e+04	  3,43422e-01	 -9,50659e-02
5764	  1,1526000000e+04	  3,40036e-01	 -9,95824e-02
5765	  1,1528000000e+04	  3,39924e-01	 -1,04516e-01
5766	  1,1530000000e+04	  3,40825e-01	 -1,10575e-01
5767	  1,1532000000e+04	  3,39812e-01	 -1,16098e-01
5768	  1,1534000000e+04	  3,35582e-01	 -1,20806e-01
5769	  1,1536000000e+04	  3,32576e-01	 -1,25990e-01
5770	  1,1538000000e+04	  3,31562e-01	 -1,29778e-01
5771	  1,1540000000e+04	  3,31834e-01	 -1,36713e-01
5772	  1,1542000000e+04	  3,29115e-01	 -1,40771e-01
5773	  1,1544000000e+04	  3,26365e-01	 -1,46577e-01
5774	  1,1546000000e+04	  3,22372e-01	 -1,51957e-01
5775	  1,1548000000e+04	  3,22403e-01	 -1,58119e-01
5776	  1,1550000000e+04	  3,20581e-01	 -1,61868e-01
5777	  1,1552000000e+04	  3,16690e-01	 -1,66719e-01
5778	  1,1554000000e+04	  3,11904e-01	 -1,72888e-01
5779	  1,1556000000e+04	  3,11147e-01	 -1,78845e-01
5780	  1,1558000000e+04	  3,06941e-01	 -1,81080e-01
5781	  1,1560000000e+04	  3,04006e-01	 -1,85446e-01
5782	  1,1562000000e+04	  3,00991e-01	 -1,90702e-01
5783	  1,1564000000e+04	  2,99626e-01	 -1,93805e-01
5784	  1,1566000000e+04	  2,95316e-01	 -1,97303e-01
5785	  1,1568000000e+04	  2,92893e-01	 -2,02035e-01
5786	  1,1570000000e+04	  2,87570e-01	 -2,08920e-01
5787	  1,1572000000e+04	  2,83539e-01	 -2,12977e-01
5788	  1,1574000000e+04	  2,81277e-01	 -2,16447e-01
5789	  1,1576000000e+04	  2,78838e-01	 -2,16459e-01
5790	  1,1578000000e+04	  2,75316e-01	 -2,18705e-01
5791	  1,1580000000e+04	  2,72236e-01	 -2,22507e-01
5792	  1,1582000000e+04	  2,68421e-01	 -2,27699e-01
5793	  1,1584000000e+04	  2,64386e-01	 -2,34650e-01
5794	  1,1586000000e+04	  2,62406e-01	 -2,35562e-01
5795	  1,1588000000e+04	  2,60001e-01	 -2,38889e-01
5796	  1,1590000000e+04	  2,56232e-01	 -2,41217e-01
5797	  1,1592000000e+04	  2,51560e-01	 -2,46510e-01
5798	  1,1594000000e+04	  2,49045e-01	 -2,51621e-01
5799	  1,1596000000e+04	  2,47187e-01	 -2,55213e-01
5800	  1,1598000000e+04	  2,41474e-01	 -2,58219e-01
5801	  1,1600000000e+04	  2,39187e-01	 -2,60390e-01
5802	  1,1602000000e+04	  2,37320e-01	 -2,64555e-01
5803	  1,1604000000e+04	  2,34113e-01	 -2,69198e-01
5804	  1,1606000000e+04	  2,29409e-01	 -2,73462e-01
5805	  1,1608000000e+04	  2,24504e-01	 -2,75073e-01
5806	  1,1610000000e+04	  2,18753e-01	 -2,79351e-01
5807	  1,1612000000e+04	  2,16216e-01	 -2,83090e-01
5808	  1,1614000000e+04	  2,13090e-01	 -2,86524e-01
5809	  1,1616000000e+04	  2,08875e-01	 -2,90465e-01
5810	  1,1618000000e+04	  2,03642e-01	 -2,93081e-01
5811	  1,1620000000e+04	  2,00212e-01	 -2,96882e-01
5812	  1,1622000000e+04	  1,97079e-01	 -3,00290e-01
5813	  1,1624000000e+04	  1,91932e-01	 -3,03421e-01
5814	  1,1626000000e+04	  1,83611e-01	 -3,06643e-01
5815	  1,1628000000e+04	  1,77147e-01	 -3,09242e-01
5816	  1,1630000000e+04	  1,75447e-01	 -3,10497e-01
5817	  1,1632000000e+04	  1,73055e-01	 -3,12941e-01
5818	  1,1634000000e+04	  1,67929e-01	 -3,16632e-01
5819	  1,1636000000e+04	  1,58721e-01	 -3,19709e-01
5820	  1,1638000000e+04	  1,52706e-01	 -3,23064e-01
5821	  1,1640000000e+04	  1,49706e-01	 -3,23156e-01
5822	  1,1642000000e+04	  1,48037e-01	 -3,22971e-01
5823	  1,1644000000e+04	  1,40452e-01	 -3,24176e-01
5824	  1,1646000000e+04	  1,36830e-01	 -3,27262e-01
5825	  1,1648000000e+04	  1,32351e-01	 -3,32498e-01
5826	  1,1650000000e+04	  1,27381e-01	 -3,35364e-01
5827	  1,1652000000e+04	  1,24319e-01	 -3,34278e-01
5828	  1,1654000000e+04	  1,19845e-01	 -3,36090e-01
5829	  1,1656000000e+04	  1,13825e-01	 -3,36846e-01
5830	  1,1658000000e+04	  1,06256e-01	 -3,37653e-01
5831	  1,1660000000e+04	  1,00487e-01	 -3,40778e-01
5832	  1,1662000000e+04	  9,97308e-02	 -3,42945e-01
5833	  1,1664000000e+04	  9,70788e-02	 -3,42793e-01
5834	  1,1666000000e+04	  9,02737e-02	 -3,43846e-01
5835	  1,1668000000e+04	  8,46744e-02	 -3,45277e-01
5836	  1,1670000000e+04	  7,98571e-02	 -3,46357e-01
5837	  1,1672000000e+04	  7,51615e-02	 -3,48553e-01
5838	  1,1674000000e+04	  6,89457e-02	 -3,48732e-01
5839	  1,1676000000e+04	  6,39312e-02	 -3,48922e-01
5840	  1,1678000000e+04	  5,84405e-02	 -3,50753e-01
5841	  1,1680000000e+04	  5,71168e-02	 -3,53222e-01
5842	  1,1682000000e+04	  5,43747e-02	 -3,51847e-01
5843	  1,1684000000e+04	  4,75629e-02	 -3,54298e-01
5844	  1,1686000000e+04	  4,15977e-02	 -3,55316e-01
5845	  1,1688000000e+04	  3,60095e-02	 -3,55892e-01
5846	  1,1690000000e+04	  3,11185e-02	 -3,58794e-01
5847	  1,1692000000e+04	  2,64654e-02	 -3,59815e-01
5848	  1,1694000000e+04	  2,08576e-02	 -3,59590e-01
5849	  1,1696000000e+04	  1,70517e-02	 -3,57737e-01
5850	  1,1698000000e+04	  9,88129e-03	 -3,60277e-01
5851	  1,1700000000e+04	  3,40360e-03	 -3,61527e-01
5852	  1,1702000000e+04	 -4,55006e-04	 -3,59552e-01
5853	  1,1704000000e+04	 -5,97326e-03	 -3,58768e-01
5854	  1,1706000000e+04	 -1,20078e-02	 -3,62395e-01
5855	  1,1708000000e+04	 -1,81910e-02	 -3,63050e-01
5856	  1,1710000000e+04	 -2,27859e-02	 -3,59184e-01
5857	  1,1712000000e+04	 -2,97257e-02	 -3,57140e-01
5858	  1,1714000000e+04	 -3,54181e-02	 -3,60281e-01
5859	  1,1716000000e+04	 -3,91199e-02	 -3,60011e-01
5860	  1,1718000000e+04	 -4,34466e-02	 -3,59237e-01
5861	  1,1720000000e+04	 -4,85802e-02	 -3,58331e-01
5862	  1,1722000000e+04	 -5,54421e-02	 -3,56949e-01
5863	  1,1724000000e+04	 -5,95559e-02	 -3,57977e-01
5864	  1,1726000000e+04	 -6,33858e-02	 -3,55777e-01
5865	  1,1728000000e+04	 -6,86487e-02	 -3,53659e-01
5866	  1,1730000000e+04	 -7,36352e-02	 -3,53430e-01
5867	  1,1732000000e+04	 -8,05810e-02	 -3,51886e-01
5868	  1,1734000000e+04	 -8,53643e-02	 -3,51669e-01
5869	  1,1736000000e+04	 -9,03140e-02	 -3,48443e-01
5870	  1,1738000000e+04	 -9,57023e-02	 -3,45864e-01
5871	  1,1740000000e+04	 -9,92344e-02	 -3,46249e-01
5872	  1,1742000000e+04	 -1,02477e-01	 -3,45305e-01
5873	  1,1744000000e+04	 -1,08599e-01	 -3,43223e-01
5874	  1,1746000000e+04	 -1,16048e-01	 -3,41582e-01
5875	  1,1748000000e+04	 -1,19833e-01	 -3,38714e-01
5876	  1,1750000000e+04	 -1,25250e-01	 -3,36269e-01
5877	  1,1752000000e+04	 -1,28830e-01	 -3,36853e-01
5878	  1,1754000000e+04	 -1,32902e-01	 -3,35559e-01
5879	  1,1756000000e+04	 -1,36317e-01	 -3,31724e-01
5880	  1,1758000000e+04	 -1,38473e-01	 -3,29397e-01
5881	  1,1760000000e+04	 -1,44036e-01	 -3,27245e-01
5882	  1,1762000000e+04	 -1,49104e-01	 -3,24629e-01
5883	  1,1764000000e+04	 -1,53859e-01	 -3,27003e-01
5884	  1,1766000000e+04	 -1,58674e-01	 -3,25920e-01
5885	  1,1768000000e+04	 -1,59357e-01	 -3,21798e-01
5886	  1,1770000000e+04	 -1,63938e-01	 -3,16948e-01
5887	  1,1772000000e+04	 -1,70048e-01	 -3,18253e-01
5888	  1,1774000000e+04	 -1,73484e-01	 -3,18571e-01
5889	  1,1776000000e+04	 -1,76745e-01	 -3,16057e-01
5890	  1,1778000000e+04	 -1,81990e-01	 -3,16085e-01
5891	  1,1780000000e+04	 -1,87900e-01	 -3,13426e-01
5892	  1,1782000000e+04	 -1,91075e-01	 -3,11709e-01
5893	  1,1784000000e+04	 -1,95062e-01	 -3,09367e-01
5894	  1,1786000000e+04	 -2,01910e-01	 -3,06546e-01
5895	  1,1788000000e+04	 -2,05565e-01	 -3,05424e-01
5896	  1,1790000000e+04	 -2,10956e-01	 -3,01949e-01
5897	  1,1792000000e+04	 -2,18985e-01	 -3,01145e-01
5898	  1,1794000000e+04	 -2,21401e-01	 -3,00137e-01
5899	  1,1796000000e+04	 -2,28528e-01	 -2,97279e-01
5900	  1,1798000000e+04	 -2,34192e-01	 -2,92906e-01
5901	  1,1800000000e+04	 -2,39217e-01	 -2,89963e-01
5902	  1,1802000000e+04	 -2,43246e-01	 -2,86781e-01
5903	  1,1804000000e+04	 -2,48842e-01	 -2,82978e-01
5904	  1,1806000000e+04	 -2,55761e-01	 -2,77818e-01
5905	  1,1808000000e+04	 -2,59194e-01	 -2,76644e-01
5906	  1,1810000000e+04	 -2,65209e-01	 -2,70980e-01
5907	  1,1812000000e+04	 -2,70094e-01	 -2,64178e-01
5908	  1,1814000000e+04	 -2,71633e-01	 -2,57514e-01
5909	  1,1816000000e+04	 -2,74767e-01	 -2,54005e-01
5910	  1,1818000000e+04	 -2,79775e-01	 -2,50892e-01
5911	  1,1820000000e+04	 -2,84581e-01	 -2,46655e-01
5912	  1,1822000000e+04	 -2,88002e-01	 -2,40863e-01
5913	  1,1824000000e+04	 -2,90651e-01	 -2,34653e-01
5914	  1,1826000000e+04	 -2,91475e-01	 -2,33431e-01
5915	  1,1828000000e+04	 -2,93080e-01	 -2,30264e-01
5916	  1,1830000000e+04	 -2,96568e-01	 -2,24325e-01
5917	  1,1832000000e+04	 -3,01076e-01	 -2,22275e-01
5918	  1,1834000000e+04	 -3,02276e-01	 -2,19003e-01
5919	  1,1836000000e+04	 -3,02981e-01	 -2,12905e-01
5920	  1,1838000000e+04	 -3,07446e-01	 -2,07254e-01
5921	  1,1840000000e+04	 -3,10044e-01	 -2,04189e-01
5922	  1,1842000000e+04	 -3,12545e-01	 -2,01816e-01
5923	  1,1844000000e+04	 -3,14048e-01	 -1,98086e-01
5924	  1,1846000000e+04	 -3,17789e-01	 -1,95076e-01
5925	  1,1848000000e+04	 -3,21679e-01	 -1,92000e-01
5926	  1,1850000000e+04	 -3,22352e-01	 -1,90026e-01
5927	  1,1852000000e+04	 -3,26626e-01	 -1,85854e-01
5928	  1,1854000000e+04	 -3,32818e-01	 -1,81892e-01
5929	  1,1856000000e+04	 -3,35131e-01	 -1,80579e-01
5930	  1,1858000000e+04	 -3,41324e-01	 -1,78740e-01
5931	  1,1860000000e+04	 -3,45198e-01	 -1,75134e-01
5932	  1,1862000000e+04	 -3,48670e-01	 -1,69924e-01
5933	  1,1864000000e+04	 -3,52371e-01	 -1,62813e-01
5934	  1,1866000000e+04	 -3,55967e-01	 -1,57590e-01
5935	  1,1868000000e+04	 -3,59489e-01	 -1,54350e-01
5936	  1,1870000000e+04	 -3,64144e-01	 -1,48763e-01
5937	  1,1872000000e+04	 -3,66147e-01	 -1,43160e-01
5938	  1,1874000000e+04	 -3,73009e-01	 -1,37207e-01
5939	  1,1876000000e+04	 -3,76112e-01	 -1,31481e-01
5940	  1,1878000000e+04	 -3,78992e-01	 -1,26929e-01
5941	  1,1880000000e+04	 -3,82627e-01	 -1,19416e-01
5942	  1,1882000000e+04	 -3,88101e-01	 -1,12226e-01
5943	  1,1884000000e+04	 -3,89362e-01	 -1,04977e-01
5944	  1,1886000000e+04	 -3,91228e-01	 -9,77269e-02
5945	  1,1888000000e+04	 -3,93444e-01	 -9,41795e-02
5946	  1,1890000000e+04	 -3,94913e-01	 -8,83499e-02
5947	  1,1892000000e+04	 -3,95879e-01	 -8,00131e-02
5948	  1,1894000000e+04	 -3,97215e-01	 -7,25140e-02
5949	  1,1896000000e+04	 -3,98993e-01	 -6,39921e-02
5950	  1,1898000000e+04	 -4,01854e-01	 -5,88540e-02
5951	  1,1900000000e+04	 -4,02694e-01	 -5,25572e-02
5952	  1,1902000000e+04	 -4,04546e-01	 -4,89824e-02
5953	  1,1904000000e+04	 -4,09021e-01	 -4,12620e-02
5954	  1,1906000000e+04	 -4,07107e-01	 -3,26777e-02
5955	  1,1908000000e+04	 -4,07721e-01	 -2,71106e-02
5956	  1,1910000000e+04	 -4,09145e-01	 -2,12526e-02
5957	  1,1912000000e+04	 -4,06843e-01	 -1,55947e-02
5958	  1,1914000000e+04	 -4,09173e-01	 -9,37537e-03
5959	  1,1916000000e+04	 -4,09089e-01	 -2,14801e-03
5960	  1,1918000000e+04	 -4,07148e-01	  4,59679e-03
5961	  1,1920000000e+04	 -4,07735e-01	  1,12485e-02
5962	  1,1922000000e+04	 -4,06574e-01	  1,87267e-02
5963	  1,1924000000e+04	 -4,09031e-01	  2,70753e-02
5964	  1,1926000000e+04	 -4,11095e-01	  3,34906e-02
5965	  1,1928000000e+04	 -4,08490e-01	  3,83204e-02
5966	  1,1930000000e+04	 -4,06028e-01	  4,54319e-02
5967	  1,1932000000e+04	 -4,05868e-01	  5,43942e-02
5968	  1,1934000000e+04	 -4,08449e-01	  6,32131e-02
5969	  1,1936000000e+04	 -4,07906e-01	  6,97542e-02
5970	  1,1938000000e+04	 -4,04309e-01	  7,60795e-02
5971	  1,1940000000e+04	 -4,02410e-01	  8,13220e-02
5972	  1,1942000000e+04	 -4,00626e-01	  8,67966e-02
5973	  1,1944000000e+04	 -3,98683e-01	  9,35420e-02
5974	  1,1946000000e+04	 -3,94852e-01	  9,99748e-02
5975	  1,1948000000e+04	 -3,91671e-01	  1,07005e-01
5976	  1,1950000000e+04	 -3,94482e-01	  1,14914e-01
5977	  1,1952000000e+04	 -3,94305e-01	  1,19884e-01
5978	  1,1954000000e+04	 -3,92069e-01	  1,24866e-01
5979	  1,1956000000e+04	 -3,87902e-01	  1,29367e-01
5980	  1,1958000000e+04	 -3,86755e-01	  1,35053e-01
5981	  1,1960000000e+04	 -3,82428e-01	  1,41213e-01
5982	  1,1962000000e+04	 -3,80082e-01	  1,44632e-01
5983	  1,1964000000e+04	 -3,76274e-01	  1,49783e-01
5984	  1,1966000000e+04	 -3,72382e-01	  1,56735e-01
5985	  1,1968000000e+04	 -3,74589e-01	  1,63203e-01
5986	  1,1970000000e+04	 -3,73603e-01	  1,70043e-01
5987	  1,1972000000e+04	 -3,69174e-01	  1,78294e-01
5988	  1,1974000000e+04	 -3,67893e-01	  1,82522e-01
5989	  1,1976000000e+04	 -3,68561e-01	  1,87544e-01
5990	  1,1978000000e+04	 -3,64977e-01	  1,95006e-01
5991	  1,1980000000e+04	 -3,64019e-01	  2,00117e-01
5992	  1,1982000000e+04	 -3,60798e-01	  2,08642e-01
5993	  1,1984000000e+04	 -3,59995e-01	  2,15457e-01
5994	  1,1986000000e+04	 -3,55613e-01	  2,23720e-01
5995	  1,1988000000e+04	 -3,50507e-01	  2,28946e-01
5996	  1,1990000000e+04	 -3,46474e-01	  2,34103e-01
5997	  1,1992000000e+04	 -3,43487e-01	  2,40387e-01
5998	  1,1994000000e+04	 -3,41273e-01	  2,44016e-01
5999	  1,1996000000e+04	 -3,37632e-01	  2,49389e-01
6000	  1,1998000000e+04	 -3,30307e-01	  2,59886e-01
6001	  1,2000000000e+04	 -3,25766e-01	  2,67132e-01
6002	  1,2002000000e+04	 -3,20420e-01	  2,72051e-01
6003	  1,2004000000e+04	 -3,14432e-01	  2,79795e-01
6004	  1,2006000000e+04	 -3,12201e-01	  2,83805e-01
6005	  1,2008000000e+04	 -3,07080e-01	  2,87826e-01
6006	  1,2010000000e+04	 -2,99654e-01	  2,93528e-01
6007	  1,2012000000e+04	 -2,94446e-01	  3,00498e-01
6008	  1,2014000000e+04	 -2,90526e-01	  3,05664e-01
6009	  1,2016000000e+04	 -2,83755e-01	  3,09291e-01
6010	  1,2018000000e+04	 -2,77233e-01	  3,12958e-01
6011	  1,2020000000e+04	 -2,71966e-01	  3,15855e-01
6012	  1,2022000000e+04	 -2,67845e-01	  3,21027e-01
6013	  1,2024000000e+04	 -2,59357e-01	  3,24188e-01
6014	  1,2026000000e+04	 -2,54161e-01	  3,25546e-01
6015	  1,2028000000e+04	 -2,50347e-01	  3,27243e-01
6016	  1,2030000000e+04	 -2,41490e-01	  3,31111e-01
6017	  1,2032000000e+04	 -2,36011e-01	  3,34697e-01
6018	  1,2034000000e+04	 -2,32509e-01	  3,38331e-01
6019	  1,2036000000e+04	 -2,27598e-01	  3,42122e-01
6020	  1,2038000000e+04	 -2,20068e-01	  3,42106e-01
6021	  1,2040000000e+04	 -2,16918e-01	  3,45582e-01
6022	  1,2042000000e+04	 -2,10841e-01	  3,47956e-01
6023	  1,2044000000e+04	 -2,05029e-01	  3,49212e-01
6024	  1,2046000000e+04	 -2,01264e-01	  3,51365e-01
6025	  1,2048000000e+04	 -1,96193e-01	  3,55414e-01
6026	  1,2050000000e+04	 -1,92334e-01	  3,60241e-01
6027	  1,2052000000e+04	 -1,87406e-01	  3,62530e-01
6028	  1,2054000000e+04	 -1,80378e-01	  3,66761e-01
6029	  1,2056000000e+04	 -1,73276e-01	  3,70767e-01
6030	  1,2058000000e+04	 -1,68279e-01	  3,73184e-01
6031	  1,2060000000e+04	 -1,63661e-01	  3,75826e-01
6032	  1,2062000000e+04	 -1,58367e-01	  3,79313e-01
6033	  1,2064000000e+04	 -1,52835e-01	  3,83119e-01
6034	  1,2066000000e+04	 -1,47113e-01	  3,84392e-01
6035	  1,2068000000e+04	 -1,37714e-01	  3,86004e-01
6036	  1,2070000000e+04	 -1,30470e-01	  3,88150e-01
6037	  1,2072000000e+04	 -1,25793e-01	  3,90070e-01
6038	  1,2074000000e+04	 -1,17733e-01	  3,91479e-01
6039	  1,2076000000e+04	 -1,10675e-01	  3,95602e-01
6040	  1,2078000000e+04	 -1,02294e-01	  3,97890e-01
6041	  1,2080000000e+04	 -9,52103e-02	  4,00116e-01
6042	  1,2082000000e+04	 -9,12342e-02	  4,01371e-01
6043	  1,2084000000e+04	 -8,20651e-02	  4,00335e-01
6044	  1,2086000000e+04	 -7,34759e-02	  4,02086e-01
6045	  1,2088000000e+04	 -6,81263e-02	  4,01684e-01
6046	  1,2090000000e+04	 -5,86254e-02	  4,01109e-01
6047	  1,2092000000e+04	 -5,09724e-02	  4,01043e-01
6048	  1,2094000000e+04	 -4,42007e-02	  4,00377e-01
6049	  1,2096000000e+04	 -3,52715e-02	  3,96781e-01
6050	  1,2098000000e+04	 -3,05350e-02	  3,95751e-01
6051	  1,2100000000e+04	 -2,49477e-02	  3,94613e-01
6052	  1,2102000000e+04	 -1,89869e-02	  3,93604e-01
6053	  1,2104000000e+04	 -1,46339e-02	  3,93736e-01
6054	  1,2106000000e+04	 -6,82696e-03	  3,93340e-01
6055	  1,2108000000e+04	 -7,70804e-04	  3,93366e-01
6056	  1,2110000000e+04	  1,88466e-03	  3,90042e-01
6057	  1,2112000000e+04	  9,06738e-03	  3,88153e-01
6058	  1,2114000000e+04	  1,47808e-02	  3,87961e-01
6059	  1,2116000000e+04	  1,98706e-02	  3,88175e-01
6060	  1,2118000000e+04	  2,25087e-02	  3,86539e-01
6061	  1,2120000000e+04	  2,68654e-02	  3,85998e-01
6062	  1,2122000000e+04	  3,19439e-02	  3,87123e-01
6063	  1,2124000000e+04	  3,93704e-02	  3,87420e-01
6064	  1,2126000000e+04	  4,72254e-02	  3,86313e-01
6065	  1,2128000000e+04	  5,09310e-02	  3,85511e-01
6066	  1,2130000000e+04	  5,46175e-02	  3,84969e-01
6067	  1,2132000000e+04	  6,11643e-02	  3,83157e-01
6068	  1,2134000000e+04	  6,73230e-02	  3,81791e-01
6069	  1,2136000000e+04	  7,40783e-02	  3,79915e-01
6070	  1,2138000000e+04	  8,03435e-02	  3,77570e-01
6071	  1,2140000000e+04	  8,94521e-02	  3,77233e-01
6072	  1,2142000000e+04	  9,47408e-02	  3,75313e-01
6073	  1,2144000000e+04	  1,01641e-01	  3,70763e-01
6074	  1,2146000000e+04	  1,07727e-01	  3,69949e-01
6075	  1,2148000000e+04	  1,11513e-01	  3,66545e-01
6076	  1,2150000000e+04	  1,13914e-01	  3,63132e-01
6077	  1,2152000000e+04	  1,19043e-01	  3,62166e-01
6078	  1,2154000000e+04	  1,25760e-01	  3,56633e-01
6079	  1,2156000000e+04	  1,31881e-01	  3,52246e-01
6080	  1,2158000000e+04	  1,36330e-01	  3,50166e-01
6081	  1,2160000000e+04	  1,37133e-01	  3,47033e-01
6082	  1,2162000000e+04	  1,42747e-01	  3,43118e-01
6083	  1,2164000000e+04	  1,48936e-01	  3,40940e-01
6084	  1,2166000000e+04	  1,50580e-01	  3,36003e-01
6085	  1,2168000000e+04	  1,53572e-01	  3,34125e-01
6086	  1,2170000000e+04	  1,59912e-01	  3,34190e-01
6087	  1,2172000000e+04	  1,64274e-01	  3,31473e-01
6088	  1,2174000000e+04	  1,68103e-01	  3,28413e-01
6089	  1,2176000000e+04	  1,70478e-01	  3,25929e-01
6090	  1,2178000000e+04	  1,74422e-01	  3,22330e-01
6091	  1,2180000000e+04	  1,80089e-01	  3,19778e-01
6092	  1,2182000000e+04	  1,84764e-01	  3,18556e-01
6093	  1,2184000000e+04	  1,85901e-01	  3,15287e-01
6094	  1,2186000000e+04	  1,91030e-01	  3,14908e-01
6095	  1,2188000000e+04	  1,96818e-01	  3,12426e-01
6096	  1,2190000000e+04	  1,99579e-01	  3,08476e-01
6097	  1,2192000000e+04	  2,04083e-01	  3,06016e-01
6098	  1,2194000000e+04	  2,07214e-01	  3,03075e-01
6099	  1,2196000000e+04	  2,12939e-01	  3,01511e-01
6100	  1,2198000000e+04	  2,18661e-01	  2,98417e-01
6101	  1,2200000000e+04	  2,24941e-01	  2,93712e-01
6102	  1,2202000000e+04	  2,30281e-01	  2,92396e-01
6103	  1,2204000000e+04	  2,33412e-01	  2,86496e-01
6104	  1,2206000000e+04	  2,34424e-01	  2,82899e-01
6105	  1,2208000000e+04	  2,37986e-01	  2,80639e-01
6106	  1,2210000000e+04	  2,40440e-01	  2,76904e-01
6107	  1,2212000000e+04	  2,43887e-01	  2,71711e-01
6108	  1,2214000000e+04	  2,48120e-01	  2,65757e-01
6109	  1,2216000000e+04	  2,51899e-01	  2,61453e-01
6110	  1,2218000000e+04	  2,57310e-01	  2,59730e-01
6111	  1,2220000000e+04	  2,60572e-01	  2,57337e-01
6112	  1,2222000000e+04	  2,62264e-01	  2,51892e-01
6113	  1,2224000000e+04	  2,62377e-01	  2,46491e-01
6114	  1,2226000000e+04	  2,66179e-01	  2,43453e-01
6115	  1,2228000000e+04	  2,70143e-01	  2,38392e-01
6116	  1,2230000000e+04	  2,71718e-01	  2,35027e-01
6117	  1,2232000000e+04	  2,74880e-01	  2,31169e-01
6118	  1,2234000000e+04	  2,78311e-01	  2,28221e-01
6119	  1,2236000000e+04	  2,79946e-01	  2,21513e-01
6120	  1,2238000000e+04	  2,82797e-01	  2,18655e-01
6121	  1,2240000000e+04	  2,83388e-01	  2,14975e-01
6122	  1,2242000000e+04	  2,85889e-01	  2,13303e-01
6123	  1,2244000000e+04	  2,87762e-01	  2,07247e-01
6124	  1,2246000000e+04	  2,88793e-01	  2,02701e-01
6125	  1,2248000000e+04	  2,92206e-01	  2,01806e-01
6126	  1,2250000000e+04	  2,93582e-01	  1,99901e-01
6127	  1,2252000000e+04	  2,98784e-01	  1,96295e-01
6128	  1,2254000000e+04	  3,02928e-01	  1,93624e-01
6129	  1,2256000000e+04	  3,03544e-01	  1,88493e-01
6130	  1,2258000000e+04	  3,07533e-01	  1,84171e-01
6131	  1,2260000000e+04	  3,08910e-01	  1,82036e-01
6132	  1,2262000000e+04	  3,11962e-01	  1,77521e-01
6133	  1,2264000000e+04	  3,16472e-01	  1,72533e-01
6134	  1,2266000000e+04	  3,19347e-01	  1,67605e-01
6135	  1,2268000000e+04	  3,21137e-01	  1,62001e-01
6136	  1,2270000000e+04	  3,23119e-01	  1,58317e-01
6137	  1,2272000000e+04	  3,26430e-01	  1,55082e-01
6138	  1,2274000000e+04	  3,28917e-01	  1,50955e-01
6139	  1,2276000000e+04	  3,29508e-01	  1,45620e-01
6140	  1,2278000000e+04	  3,31469e-01	  1,41333e-01
6141	  1,2280000000e+04	  3,34473e-01	  1,38399e-01
6142	  1,2282000000e+04	  3,36381e-01	  1,33606e-01
6143	  1,2284000000e+04	  3,38534e-01	  1,26373e-01
6144	  1,2286000000e+04	  3,40987e-01	  1,19372e-01
6145	  1,2288000000e+04	  3,41982e-01	  1,13024e-01
6146	  1,2290000000e+04	  3,44259e-01	  1,06770e-01
6147	  1,2292000000e+04	  3,48165e-01	  1,03272e-01
6148	  1,2294000000e+04	  3,51128e-01	  9,85804e-02
6149	  1,2296000000e+04	  3,50069e-01	  9,50123e-02
6150	  1,2298000000e+04	  3,48677e-01	  8,87471e-02
6151	  1,2300000000e+04	  3,50848e-01	  8,36214e-02
6152	  1,2302000000e+04	  3,51564e-01	  7,86705e-02
6153	  1,2304000000e+04	  3,52369e-01	  7,44058e-02
6154	  1,2306000000e+04	  3,53487e-01	  6,83184e-02
6155	  1,2308000000e+04	  3,53850e-01	  6,26958e-02
6156	  1,2310000000e+04	  3,54488e-01	  5,76264e-02
6157	  1,2312000000e+04	  3,56339e-01	  5,15665e-02
6158	  1,2314000000e+04	  3,58227e-01	  4,75316e-02
6159	  1,2316000000e+04	  3,57096e-01	  4,44830e-02
6160	  1,2318000000e+04	  3,55975e-01	  3,86618e-02
6161	  1,2320000000e+04	  3,59886e-01	  3,39268e-02
6162	  1,2322000000e+04	  3,58436e-01	  2,82013e-02
6163	  1,2324000000e+04	  3,56597e-01	  2,28443e-02
6164	  1,2326000000e+04	  3,57175e-01	  1,85916e-02
6165	  1,2328000000e+04	  3,60014e-01	  1,41692e-02
6166	  1,2330000000e+04	  3,60472e-01	  1,08763e-02
6167	  1,2332000000e+04	  3,60080e-01	  7,86573e-03
6168	  1,2334000000e+04	  3,60177e-01	  2,36564e-03
6169	  1,2336000000e+04	  3,61209e-01	 -4,03005e-03
6170	  1,2338000000e+04	  3,62850e-01	 -1,10042e-02
6171	  1,2340000000e+04	  3,61764e-01	 -1,64526e-02
6172	  1,2342000000e+04	  3,62246e-01	 -1,98558e-02
6173	  1,2344000000e+04	  3,61486e-01	 -2,58134e-02
6174	  1,2346000000e+04	  3,59403e-01	 -3,08189e-02
6175	  1,2348000000e+04	  3,59703e-01	 -3,82185e-02
6176	  1,2350000000e+04	  3,58942e-01	 -3,93325e-02
6177	  1,2352000000e+04	  3,57685e-01	 -4,61558e-02
6178	  1,2354000000e+04	  3,59424e-01	 -5,06836e-02
6179	  1,2356000000e+04	  3,59653e-01	 -5,81556e-02
6180	  1,2358000000e+04	  3,57736e-01	 -6,70816e-02
6181	  1,2360000000e+04	  3,57236e-01	 -6,91805e-02
6182	  1,2362000000e+04	  3,53495e-01	 -7,19705e-02
6183	  1,2364000000e+04	  3,53798e-01	 -7,67219e-02
6184	  1,2366000000e+04	  3,53888e-01	 -8,26290e-02
6185	  1,2368000000e+04	  3,50698e-01	 -8,75935e-02
6186	  1,2370000000e+04	  3,48597e-01	 -9,32828e-02
6187	  1,2372000000e+04	  3,48957e-01	 -9,87794e-02
6188	  1,2374000000e+04	  3,47859e-01	 -1,03495e-01
6189	  1,2376000000e+04	  3,45628e-01	 -1,08414e-01
6190	  1,2378000000e+04	  3,44889e-01	 -1,12200e-01
6191	  1,2380000000e+04	  3,41404e-01	 -1,16276e-01
6192	  1,2382000000e+04	  3,39479e-01	 -1,21270e-01
6193	  1,2384000000e+04	  3,37402e-01	 -1,25980e-01
6194	  1,2386000000e+04	  3,36601e-01	 -1,30291e-01
6195	  1,2388000000e+04	  3,35809e-01	 -1,36231e-01
6196	  1,2390000000e+04	  3,33473e-01	 -1,42831e-01
6197	  1,2392000000e+04	  3,31886e-01	 -1,47189e-01
6198	  1,2394000000e+04	  3,32147e-01	 -1,52941e-01
6199	  1,2396000000e+04	  3,31787e-01	 -1,59823e-01
6200	  1,2398000000e+04	  3,32762e-01	 -1,64627e-01
6201	  1,2400000000e+04	  3,28641e-01	 -1,70790e-01
6202	  1,2402000000e+04	  3,21358e-01	 -1,76822e-01
6203	  1,2404000000e+04	  3,19324e-01	 -1,77662e-01
6204	  1,2406000000e+04	  3,16499e-01	 -1,85338e-01
6205	  1,2408000000e+04	  3,11061e-01	 -1,93884e-01
6206	  1,2410000000e+04	  3,07772e-01	 -1,98755e-01
6207	  1,2412000000e+04	  3,06208e-01	 -2,02723e-01
6208	  1,2414000000e+04	  3,03327e-01	 -2,05149e-01
6209	  1,2416000000e+04	  2,98173e-01	 -2,12508e-01
6210	  1,2418000000e+04	  2,94291e-01	 -2,15592e-01
6211	  1,2420000000e+04	  2,91838e-01	 -2,19743e-01
6212	  1,2422000000e+04	  2,87741e-01	 -2,25841e-01
6213	  1,2424000000e+04	  2,83027e-01	 -2,27302e-01
6214	  1,2426000000e+04	  2,78438e-01	 -2,31788e-01
6215	  1,2428000000e+04	  2,74714e-01	 -2,36895e-01
6216	  1,2430000000e+04	  2,72003e-01	 -2,39908e-01
6217	  1,2432000000e+04	  2,68171e-01	 -2,43106e-01
6218	  1,2434000000e+04	  2,65144e-01	 -2,45550e-01
6219	  1,2436000000e+04	  2,60892e-01	 -2,47881e-01
6220	  1,2438000000e+04	  2,55291e-01	 -2,53800e-01
6221	  1,2440000000e+04	  2,50041e-01	 -2,58333e-01
6222	  1,2442000000e+04	  2,45242e-01	 -2,60703e-01
6223	  1,2444000000e+04	  2,42050e-01	 -2,64472e-01
6224	  1,2446000000e+04	  2,37420e-01	 -2,66702e-01
6225	  1,2448000000e+04	  2,32088e-01	 -2,69575e-01
6226	  1,2450000000e+04	  2,27347e-01	 -2,75148e-01
6227	  1,2452000000e+04	  2,23903e-01	 -2,75839e-01
6228	  1,2454000000e+04	  2,19553e-01	 -2,78858e-01
6229	  1,2456000000e+04	  2,15437e-01	 -2,79425e-01
6230	  1,2458000000e+04	  2,09065e-01	 -2,81797e-01
6231	  1,2460000000e+04	  2,06419e-01	 -2,83911e-01
6232	  1,2462000000e+04	  2,00672e-01	 -2,86124e-01
6233	  1,2464000000e+04	  1,94512e-01	 -2,88188e-01
6234	  1,2466000000e+04	  1,92876e-01	 -2,90365e-01
6235	  1,2468000000e+04	  1,90256e-01	 -2,90763e-01
6236	  1,2470000000e+04	  1,84519e-01	 -2,94912e-01
6237	  1,2472000000e+04	  1,79772e-01	 -2,98405e-01
6238	  1,2474000000e+04	  1,75256e-01	 -2,99345e-01
6239	  1,2476000000e+04	  1,73139e-01	 -3,00064e-01
6240	  1,2478000000e+04	  1,68709e-01	 -3,01836e-01
6241	  1,2480000000e+04	  1,64410e-01	 -3,04036e-01
6242	  1,2482000000e+04	  1,61302e-01	 -3,06407e-01
6243	  1,2484000000e+04	  1,53574e-01	 -3,06840e-01
6244	  1,2486000000e+04	  1,52798e-01	 -3,10056e-01
6245	  1,2488000000e+04	  1,51245e-01	 -3,09908e-01
6246	  1,2490000000e+04	  1,45928e-01	 -3,10519e-01
6247	  1,2492000000e+04	  1,41910e-01	 -3,11809e-01
6248	  1,2494000000e+04	  1,38034e-01	 -3,14896e-01
6249	  1,2496000000e+04	  1,31846e-01	 -3,18068e-01
6250	  1,2498000000e+04	  1,27353e-01	 -3,20657e-01
6251	  1,2500000000e+04	  1,23626e-01	 -3,21570e-01
6252	  1,2502000000e+04	  1,21128e-01	 -3,23325e-01
6253	  1,2504000000e+04	  1,16319e-01	 -3,22411e-01
6254	  1,2506000000e+04	  1,08406e-01	 -3,22511e-01
6255	  1,2508000000e+04	  1,05357e-01	 -3,26526e-01
6256	  1,2510000000e+04	  9,98766e-02	 -3,25702e-01
6257	  1,2512000000e+04	  9,47410e-02	 -3,27926e-01
6258	  1,2514000000e+04	  9,02846e-02	 -3,31661e-01
6259	  1,2516000000e+04	  8,73992e-02	 -3,30895e-01
6260	  1,2518000000e+04	  8,08730e-02	 -3,30646e-01
6261	  1,2520000000e+04	  7,47569e-02	 -3,31339e-01
6262	  1,2522000000e+04	  7,00107e-02	 -3,31275e-01
6263	  1,2524000000e+04	  6,76730e-02	 -3,31049e-01
6264	  1,2526000000e+04	  6,13656e-02	 -3,34541e-01
6265	  1,2528000000e+04	  5,49218e-02	 -3,38867e-01
6266	  1,2530000000e+04	  5,18796e-02	 -3,37385e-01
6267	  1,2532000000e+04	  4,74492e-02	 -3,35727e-01
6268	  1,2534000000e+04	  4,39011e-02	 -3,38955e-01
6269	  1,2536000000e+04	  3,87802e-02	 -3,41176e-01
6270	  1,2538000000e+04	  3,33474e-02	 -3,41423e-01
6271	  1,2540000000e+04	  2,89297e-02	 -3,38044e-01
6272	  1,2542000000e+04	  2,64365e-02	 -3,37896e-01
6273	  1,2544000000e+04	  2,04355e-02	 -3,38507e-01
6274	  1,2546000000e+04	  1,28001e-02	 -3,39082e-01
6275	  1,2548000000e+04	  1,05791e-02	 -3,35209e-01
6276	  1,2550000000e+04	  6,28685e-03	 -3,33976e-01
6277	  1,2552000000e+04	  2,55774e-03	 -3,33745e-01
6278	  1,2554000000e+04	 -4,98797e-04	 -3,31977e-01
6279	  1,2556000000e+04	 -6,00184e-03	 -3,32690e-01
6280	  1,2558000000e+04	 -1,00612e-02	 -3,31671e-01
6281	  1,2560000000e+04	 -1,06660e-02	 -3,31768e-01
6282	  1,2562000000e+04	 -1,35378e-02	 -3,30510e-01
6283	  1,2564000000e+04	 -1,79659e-02	 -3,27071e-01
6284	  1,2566000000e+04	 -2,13217e-02	 -3,28193e-01
6285	  1,2568000000e+04	 -2,41808e-02	 -3,28523e-01
6286	  1,2570000000e+04	 -2,56200e-02	 -3,26845e-01
6287	  1,2572000000e+04	 -3,19266e-02	 -3,29207e-01
6288	  1,2574000000e+04	 -3,78818e-02	 -3,29143e-01
6289	  1,2576000000e+04	 -3,95289e-02	 -3,27713e-01
6290	  1,2578000000e+04	 -4,31480e-02	 -3,27071e-01
6291	  1,2580000000e+04	 -4,73229e-02	 -3,27690e-01
6292	  1,2582000000e+04	 -5,09150e-02	 -3,27627e-01
6293	  1,2584000000e+04	 -5,65581e-02	 -3,28593e-01
6294	  1,2586000000e+04	 -6,10973e-02	 -3,28161e-01
6295	  1,2588000000e+04	 -6,33754e-02	 -3,30578e-01
6296	  1,2590000000e+04	 -6,79049e-02	 -3,29298e-01
6297	  1,2592000000e+04	 -7,16768e-02	 -3,28402e-01
6298	  1,2594000000e+04	 -7,43311e-02	 -3,28797e-01
6299	  1,2596000000e+04	 -8,00104e-02	 -3,27513e-01
6300	  1,2598000000e+04	 -8,38861e-02	 -3,26964e-01
6301	  1,2600000000e+04	 -8,57573e-02	 -3,28969e-01
6302	  1,2602000000e+04	 -8,94672e-02	 -3,28047e-01
6303	  1,2604000000e+04	 -9,57397e-02	 -3,25140e-01
6304	  1,2606000000e+04	 -1,00095e-01	 -3,22324e-01
6305	  1,2608000000e+04	 -1,04815e-01	 -3,23711e-01
6306	  1,2610000000e+04	 -1,08559e-01	 -3,22735e-01
6307	  1,2612000000e+04	 -1,13071e-01	 -3,24153e-01
6308	  1,2614000000e+04	 -1,19320e-01	 -3,24552e-01
6309	  1,2616000000e+04	 -1,23579e-01	 -3,22378e-01
6310	  1,2618000000e+04	 -1,28615e-01	 -3,19798e-01
6311	  1,2620000000e+04	 -1,31905e-01	 -3,19365e-01
6312	  1,2622000000e+04	 -1,35296e-01	 -3,19872e-01
6313	  1,2624000000e+04	 -1,38201e-01	 -3,18155e-01
6314	  1,2626000000e+04	 -1,45416e-01	 -3,17951e-01
6315	  1,2628000000e+04	 -1,50487e-01	 -3,16748e-01
6316	  1,2630000000e+04	 -1,55529e-01	 -3,15413e-01
6317	  1,2632000000e+04	 -1,61644e-01	 -3,12769e-01
6318	  1,2634000000e+04	 -1,64043e-01	 -3,11809e-01
6319	  1,2636000000e+04	 -1,66331e-01	 -3,08387e-01
6320	  1,2638000000e+04	 -1,72416e-01	 -3,07193e-01
6321	  1,2640000000e+04	 -1,76419e-01	 -3,07840e-01
6322	  1,2642000000e+04	 -1,82097e-01	 -3,06214e-01
6323	  1,2644000000e+04	 -1,89177e-01	 -3,05247e-01
6324	  1,2646000000e+04	 -1,93572e-01	 -3,01405e-01
6325	  1,2648000000e+04	 -2,00533e-01	 -3,00102e-01
6326	  1,2650000000e+04	 -2,02087e-01	 -2,98971e-01
6327	  1,2652000000e+04	 -2,06804e-01	 -2,94762e-01
6328	  1,2654000000e+04	 -2,13676e-01	 -2,89088e-01
6329	  1,2656000000e+04	 -2,18510e-01	 -2,87383e-01
6330	  1,2658000000e+04	 -2,24883e-01	 -2,85005e-01
6331	  1,2660000000e+04	 -2,26437e-01	 -2,79707e-01
6332	  1,2662000000e+04	 -2,28605e-01	 -2,77396e-01
6333	  1,2664000000e+04	 -2,33217e-01	 -2,76306e-01
6334	  1,2666000000e+04	 -2,38084e-01	 -2,71522e-01
6335	  1,2668000000e+04	 -2,40109e-01	 -2,69346e-01
6336	  1,2670000000e+04	 -2,44507e-01	 -2,69221e-01
6337	  1,2672000000e+04	 -2,49392e-01	 -2,62543e-01
6338	  1,2674000000e+04	 -2,51471e-01	 -2,58151e-01
6339	  1,2676000000e+04	 -2,56607e-01	 -2,57653e-01
6340	  1,2678000000e+04	 -2,59986e-01	 -2,55646e-01
6341	  1,2680000000e+04	 -2,61725e-01	 -2,53170e-01
6342	  1,2682000000e+04	 -2,64405e-01	 -2,50744e-01
6343	  1,2684000000e+04	 -2,70387e-01	 -2,45890e-01
6344	  1,2686000000e+04	 -2,74964e-01	 -2,43340e-01
6345	  1,2688000000e+04	 -2,79635e-01	 -2,39474e-01
6346	  1,2690000000e+04	 -2,82851e-01	 -2,34841e-01
6347	  1,2692000000e+04	 -2,86240e-01	 -2,33781e-01
6348	  1,2694000000e+04	 -2,92714e-01	 -2,31697e-01
6349	  1,2696000000e+04	 -2,95658e-01	 -2,28153e-01
6350	  1,2698000000e+04	 -2,98995e-01	 -2,23394e-01
6351	  1,2700000000e+04	 -3,03576e-01	 -2,20153e-01
6352	  1,2702000000e+04	 -3,09016e-01	 -2,19013e-01
6353	  1,2704000000e+04	 -3,15184e-01	 -2,14884e-01
6354	  1,2706000000e+04	 -3,21845e-01	 -2,10236e-01
6355	  1,2708000000e+04	 -3,24117e-01	 -2,05142e-01
6356	  1,2710000000e+04	 -3,28579e-01	 -2,00413e-01
6357	  1,2712000000e+04	 -3,34207e-01	 -1,94843e-01
6358	  1,2714000000e+04	 -3,38390e-01	 -1,92600e-01
6359	  1,2716000000e+04	 -3,42643e-01	 -1,88991e-01
6360	  1,2718000000e+04	 -3,49778e-01	 -1,82275e-01
6361	  1,2720000000e+04	 -3,53758e-01	 -1,75413e-01
6362	  1,2722000000e+04	 -3,54575e-01	 -1,71014e-01
6363	  1,2724000000e+04	 -3,59598e-01	 -1,65418e-01
6364	  1,2726000000e+04	 -3,63951e-01	 -1,55041e-01
6365	  1,2728000000e+04	 -3,66162e-01	 -1,49040e-01
6366	  1,2730000000e+04	 -3,67764e-01	 -1,46419e-01
6367	  1,2732000000e+04	 -3,67665e-01	 -1,41650e-01
6368	  1,2734000000e+04	 -3,71594e-01	 -1,36329e-01
6369	  1,2736000000e+04	 -3,75748e-01	 -1,27911e-01
6370	  1,2738000000e+04	 -3,77438e-01	 -1,21957e-01
6371	  1,2740000000e+04	 -3,79991e-01	 -1,14940e-01
6372	  1,2742000000e+04	 -3,80554e-01	 -1,07122e-01
6373	  1,2744000000e+04	 -3,83817e-01	 -1,04760e-01
6374	  1,2746000000e+04	 -3,84888e-01	 -9,73790e-02
6375	  1,2748000000e+04	 -3,84916e-01	 -8,96427e-02
6376	  1,2750000000e+04	 -3,88644e-01	 -8,31475e-02
6377	  1,2752000000e+04	 -3,92454e-01	 -7,83606e-02
6378	  1,2754000000e+04	 -3,93898e-01	 -7,50106e-02
6379	  1,2756000000e+04	 -3,94308e-01	 -7,02545e-02
6380	  1,2758000000e+04	 -3,95418e-01	 -5,93871e-02
6381	  1,2760000000e+04	 -3,97467e-01	 -5,07871e-02
6382	  1,2762000000e+04	 -4,00193e-01	 -4,56921e-02
6383	  1,2764000000e+04	 -4,02441e-01	 -3,95416e-02
6384	  1,2766000000e+04	 -4,05318e-01	 -3,49716e-02
6385	  1,2768000000e+04	 -4,07499e-01	 -2,94611e-02
6386	  1,2770000000e+04	 -4,07180e-01	 -2,06294e-02
6387	  1,2772000000e+04	 -4,07221e-01	 -1,05636e-02
6388	  1,2774000000e+04	 -4,08115e-01	 -2,36343e-03
6389	  1,2776000000e+04	 -4,10127e-01	  3,18563e-03
6390	  1,2778000000e+04	 -4,08505e-01	  9,45024e-03
6391	  1,2780000000e+04	 -4,08278e-01	  1,49384e-02
6392	  1,2782000000e+04	 -4,11152e-01	  2,28250e-02
6393	  1,2784000000e+04	 -4,10940e-01	  3,02160e-02
6394	  1,2786000000e+04	 -4,07512e-01	  4,01093e-02
6395	  1,2788000000e+04	 -4,04936e-01	  4,75043e-02
6396	  1,2790000000e+04	 -4,04302e-01	  5,48652e-02
6397	  1,2792000000e+04	 -4,02071e-01	  6,52646e-02
6398	  1,2794000000e+04	 -4,02054e-01	  7,12969e-02
6399	  1,2796000000e+04	 -3,96938e-01	  7,73596e-02
6400	  1,2798000000e+04	 -3,95914e-01	  8,33967e-02
6401	  1,2800000000e+04	 -3,91667e-01	  8,81123e-02
TagsBegin:	 	 	 
OverLoad:	 	False	 
AverageNumber: []	 	  2,00000e+02	 
OverLoadRatio: []	 	  1,19209e-07	 
TagsEnd:	 	 	 
TagScalesBegin:	 	 	 
TagScalesEnd:	 	 	 
