Header Size:	 78	 	 
Pulse Version:	 42	 	 
Decimal Symbol:	,	 	 
Date Format:	dd-MM-yyyy	 	 
Time Format:	HH:mm:ss:mmm	 	 
Data Type:	Complex	 	 
Slice:	False	 	 
Z-Axis type:	Linear	 	 
Z-Axis size:	1	 	 
Z-Axis unit:	 	 	 
Z-Axis first value:	  0,0000000000e+00	 	 
Z-Axis delta:	  1,0000000000e+00	 	 
X-Axis type:	Linear	 	 
X-Axis size:	6401	 	 
X-Axis unit:	Hz	 	 
X-Axis first value:	  0,0000000000e+00	 	 
X-Axis delta:	  2,0000000000e+00	 	 
	 	 	 
AmplitudeUnit:	Pa/V	 	 
Analyzer:	FFT_Spectrum_Averaging	 	 
AnalyzerName:	FFT Analyzer2	 	 
	 	 	 
	 	 	 
Bipolar:	True	 	 
CenterFrequency:	  6,4000000000e+03	 	 
	 	 	 
	 	 	 
	 	 	 
	 	 	 
	 	 	 
	 	 	 
	 	 	 
	 	 	 
Domain:	1	 	 
Function:	Frequency Response	 	 
	 	 	 
InputRange:	  1,0000000000e+01	 	 
	 	 	 
	 	 	 
MultiBufferName:	Input	 	 
NBW:	  1,5000000000e+00	 	 
	 	 	 
OverlapFailed:	False	 	 
Overrun:	False	 	 
Power:	False	 	 
	 	 	 
Ratio:	True	 	 
RecordLength:	  5,0000000000e-01	 	 
ReducedSize:	True	 	 
Ref_Signal:	Signal 1	 	 
	 	 	 
	 	 	 
RefSignalUnit:	V	 	 
	 	 	 
	 	 	 
Signal:	Signal 28	 	 
	 	 	 
SignalUnit:	Pa	 	 
	 	 	 
	 	 	 
	 	 	 
Title:	Frequency Response H1(Signal 28,Signal 1) - Input	 	 
Title1:	Working : Input : Input : FFT Analyzer2	 	 
	 	 	 
	 	 	 
	 	 	 
ZoomOn:	True	 	 
	 	 	 
TemplateName:	Working	 	 
MeasurementName:	Input	 	 
MeasurementSlice:	False	 	 
	 	 	 
	 	 	 
	 	 	 
EnvelopeOn:	False	 	 
	 	 	 
	 	 	 
	 	 	 
Z-index:	 	1	 
Date:	 	14-07-2026	 
Time:	 	16:57:38:522	 
Relative time:	 	  0,00000e+00	 
Z-axis:	 	  0,0000000000e+00	 
1	  0,0000000000e+00	 -2,14907e-04	 -3,45026e-08
2	  2,0000000000e+00	  1,23736e-03	 -5,74351e-04
3	  4,0000000000e+00	  1,88355e-03	 -2,03965e-03
4	  6,0000000000e+00	  3,33130e-03	  2,05120e-05
5	  8,0000000000e+00	 -2,17560e-03	  2,42104e-03
6	  1,0000000000e+01	 -6,86115e-02	  2,22667e-02
7	  1,2000000000e+01	 -3,70301e-02	  3,29273e-04
8	  1,4000000000e+01	 -1,41907e-03	 -5,30089e-03
9	  1,6000000000e+01	  1,62858e-02	  2,66195e-03
10	  1,8000000000e+01	 -1,25386e-03	  9,72151e-03
11	  2,0000000000e+01	 -2,40121e-02	  2,44200e-02
12	  2,2000000000e+01	 -1,31051e-02	  2,78258e-02
13	  2,4000000000e+01	  9,74210e-05	 -7,54729e-03
14	  2,6000000000e+01	 -4,02513e-03	 -9,04185e-03
15	  2,8000000000e+01	 -1,69772e-02	 -7,48402e-03
16	  3,0000000000e+01	 -1,61795e-02	 -5,53743e-03
17	  3,2000000000e+01	 -1,11125e-02	 -1,38701e-02
18	  3,4000000000e+01	 -1,12035e-02	 -1,09725e-02
19	  3,6000000000e+01	 -1,45539e-02	 -9,86986e-03
20	  3,8000000000e+01	 -2,04229e-02	 -1,77003e-02
21	  4,0000000000e+01	 -2,20362e-02	 -3,06224e-02
22	  4,2000000000e+01	 -9,83608e-03	 -8,55084e-03
23	  4,4000000000e+01	 -2,60630e-02	 -1,18358e-02
24	  4,6000000000e+01	 -4,01587e-02	 -1,87590e-02
25	  4,8000000000e+01	 -2,29235e-02	 -1,86834e-02
26	  5,0000000000e+01	 -1,66750e-02	 -7,74781e-03
27	  5,2000000000e+01	 -4,37055e-02	 -8,96399e-03
28	  5,4000000000e+01	 -3,66384e-02	 -8,73774e-03
29	  5,6000000000e+01	 -5,78549e-02	 -4,94589e-03
30	  5,8000000000e+01	 -6,17964e-02	 -3,35128e-04
31	  6,0000000000e+01	 -6,87583e-02	 -1,21271e-03
32	  6,2000000000e+01	 -8,26884e-02	  6,70174e-04
33	  6,4000000000e+01	 -8,96821e-02	  3,37389e-03
34	  6,6000000000e+01	 -9,35657e-02	  1,00960e-02
35	  6,8000000000e+01	 -9,72207e-02	  1,49641e-02
36	  7,0000000000e+01	 -9,66579e-02	  2,81450e-02
37	  7,2000000000e+01	 -1,09063e-01	  3,19079e-02
38	  7,4000000000e+01	 -1,21258e-01	  4,36695e-02
39	  7,6000000000e+01	 -1,19343e-01	  5,35880e-02
40	  7,8000000000e+01	 -1,20278e-01	  5,93029e-02
41	  8,0000000000e+01	 -1,34116e-01	  6,00279e-02
42	  8,2000000000e+01	 -1,36416e-01	  7,46001e-02
43	  8,4000000000e+01	 -1,30242e-01	  8,60817e-02
44	  8,6000000000e+01	 -1,29725e-01	  8,92794e-02
45	  8,8000000000e+01	 -1,35110e-01	  1,00132e-01
46	  9,0000000000e+01	 -1,36994e-01	  1,11025e-01
47	  9,2000000000e+01	 -1,42225e-01	  1,21753e-01
48	  9,4000000000e+01	 -1,41939e-01	  1,25622e-01
49	  9,6000000000e+01	 -1,42353e-01	  1,43370e-01
50	  9,8000000000e+01	 -1,42279e-01	  1,61229e-01
51	  1,0000000000e+02	 -1,51986e-01	  1,71472e-01
52	  1,0200000000e+02	 -1,49631e-01	  1,82457e-01
53	  1,0400000000e+02	 -1,45454e-01	  1,92782e-01
54	  1,0600000000e+02	 -1,41741e-01	  2,13979e-01
55	  1,0800000000e+02	 -1,37487e-01	  2,29791e-01
56	  1,1000000000e+02	 -1,30683e-01	  2,42987e-01
57	  1,1200000000e+02	 -1,25497e-01	  2,56566e-01
58	  1,1400000000e+02	 -1,19762e-01	  2,69759e-01
59	  1,1600000000e+02	 -1,14588e-01	  2,85188e-01
60	  1,1800000000e+02	 -1,06313e-01	  3,00222e-01
61	  1,2000000000e+02	 -9,97668e-02	  3,12160e-01
62	  1,2200000000e+02	 -9,19439e-02	  3,29925e-01
63	  1,2400000000e+02	 -7,47397e-02	  3,41504e-01
64	  1,2600000000e+02	 -6,29339e-02	  3,56015e-01
65	  1,2800000000e+02	 -4,99552e-02	  3,68069e-01
66	  1,3000000000e+02	 -3,77214e-02	  3,82137e-01
67	  1,3200000000e+02	 -2,04698e-02	  3,93731e-01
68	  1,3400000000e+02	 -3,75505e-03	  4,09459e-01
69	  1,3600000000e+02	  1,19307e-02	  4,17423e-01
70	  1,3800000000e+02	  3,55493e-02	  4,29513e-01
71	  1,4000000000e+02	  5,31378e-02	  4,41584e-01
72	  1,4200000000e+02	  7,60151e-02	  4,47831e-01
73	  1,4400000000e+02	  9,53286e-02	  4,51520e-01
74	  1,4600000000e+02	  1,18713e-01	  4,58505e-01
75	  1,4800000000e+02	  1,43745e-01	  4,59629e-01
76	  1,5000000000e+02	  1,71540e-01	  4,51652e-01
77	  1,5200000000e+02	  1,91620e-01	  4,57643e-01
78	  1,5400000000e+02	  2,11495e-01	  4,54336e-01
79	  1,5600000000e+02	  2,30412e-01	  4,47956e-01
80	  1,5800000000e+02	  2,51198e-01	  4,46617e-01
81	  1,6000000000e+02	  2,69913e-01	  4,40649e-01
82	  1,6200000000e+02	  2,89395e-01	  4,28604e-01
83	  1,6400000000e+02	  3,12371e-01	  4,21803e-01
84	  1,6600000000e+02	  3,30802e-01	  4,14826e-01
85	  1,6800000000e+02	  3,44183e-01	  4,00677e-01
86	  1,7000000000e+02	  3,56276e-01	  3,89225e-01
87	  1,7200000000e+02	  3,70263e-01	  3,80988e-01
88	  1,7400000000e+02	  3,89234e-01	  3,66638e-01
89	  1,7600000000e+02	  4,04352e-01	  3,56263e-01
90	  1,7800000000e+02	  4,15438e-01	  3,45659e-01
91	  1,8000000000e+02	  4,30744e-01	  3,32308e-01
92	  1,8200000000e+02	  4,41990e-01	  3,19239e-01
93	  1,8400000000e+02	  4,55146e-01	  3,06001e-01
94	  1,8600000000e+02	  4,65937e-01	  2,92725e-01
95	  1,8800000000e+02	  4,76372e-01	  2,74667e-01
96	  1,9000000000e+02	  4,85581e-01	  2,60420e-01
97	  1,9200000000e+02	  4,92625e-01	  2,48664e-01
98	  1,9400000000e+02	  5,00890e-01	  2,32292e-01
99	  1,9600000000e+02	  5,06317e-01	  2,14113e-01
100	  1,9800000000e+02	  5,12292e-01	  1,99073e-01
101	  2,0000000000e+02	  5,18162e-01	  1,83704e-01
102	  2,0200000000e+02	  5,20597e-01	  1,70190e-01
103	  2,0400000000e+02	  5,22610e-01	  1,59277e-01
104	  2,0600000000e+02	  5,24765e-01	  1,44748e-01
105	  2,0800000000e+02	  5,27096e-01	  1,31460e-01
106	  2,1000000000e+02	  5,28357e-01	  1,20996e-01
107	  2,1200000000e+02	  5,32134e-01	  1,09036e-01
108	  2,1400000000e+02	  5,35918e-01	  9,68327e-02
109	  2,1600000000e+02	  5,31766e-01	  8,08237e-02
110	  2,1800000000e+02	  5,29828e-01	  7,18608e-02
111	  2,2000000000e+02	  5,31328e-01	  5,93565e-02
112	  2,2200000000e+02	  5,36679e-01	  4,71100e-02
113	  2,2400000000e+02	  5,43065e-01	  3,34893e-02
114	  2,2600000000e+02	  5,44007e-01	  2,09464e-02
115	  2,2800000000e+02	  5,43133e-01	  1,04503e-02
116	  2,3000000000e+02	  5,42753e-01	  1,57744e-04
117	  2,3200000000e+02	  5,41705e-01	 -1,10930e-02
118	  2,3400000000e+02	  5,41780e-01	 -2,14900e-02
119	  2,3600000000e+02	  5,41193e-01	 -3,33179e-02
120	  2,3800000000e+02	  5,36049e-01	 -4,47075e-02
121	  2,4000000000e+02	  5,31119e-01	 -5,83021e-02
122	  2,4200000000e+02	  5,29803e-01	 -6,99503e-02
123	  2,4400000000e+02	  5,26404e-01	 -7,81254e-02
124	  2,4600000000e+02	  5,21695e-01	 -8,66019e-02
125	  2,4800000000e+02	  5,21370e-01	 -9,79404e-02
126	  2,5000000000e+02	  5,17577e-01	 -1,13367e-01
127	  2,5200000000e+02	  5,16387e-01	 -1,18355e-01
128	  2,5400000000e+02	  5,13047e-01	 -1,26558e-01
129	  2,5600000000e+02	  5,07549e-01	 -1,37763e-01
130	  2,5800000000e+02	  5,05086e-01	 -1,44909e-01
131	  2,6000000000e+02	  5,00027e-01	 -1,49585e-01
132	  2,6200000000e+02	  4,96294e-01	 -1,57777e-01
133	  2,6400000000e+02	  4,96174e-01	 -1,68320e-01
134	  2,6600000000e+02	  4,93631e-01	 -1,76912e-01
135	  2,6800000000e+02	  4,92294e-01	 -1,84395e-01
136	  2,7000000000e+02	  4,89372e-01	 -1,92245e-01
137	  2,7200000000e+02	  4,81317e-01	 -2,02656e-01
138	  2,7400000000e+02	  4,71986e-01	 -2,11849e-01
139	  2,7600000000e+02	  4,68475e-01	 -2,19838e-01
140	  2,7800000000e+02	  4,66362e-01	 -2,25365e-01
141	  2,8000000000e+02	  4,60216e-01	 -2,34366e-01
142	  2,8200000000e+02	  4,53446e-01	 -2,43458e-01
143	  2,8400000000e+02	  4,50035e-01	 -2,46537e-01
144	  2,8600000000e+02	  4,44284e-01	 -2,54282e-01
145	  2,8800000000e+02	  4,36652e-01	 -2,62278e-01
146	  2,9000000000e+02	  4,34983e-01	 -2,65226e-01
147	  2,9200000000e+02	  4,29729e-01	 -2,71427e-01
148	  2,9400000000e+02	  4,22589e-01	 -2,73625e-01
149	  2,9600000000e+02	  4,15506e-01	 -2,79357e-01
150	  2,9800000000e+02	  4,10983e-01	 -2,88534e-01
151	  3,0000000000e+02	  4,07192e-01	 -2,88657e-01
152	  3,0200000000e+02	  4,01336e-01	 -2,90973e-01
153	  3,0400000000e+02	  3,96164e-01	 -2,95984e-01
154	  3,0600000000e+02	  3,90280e-01	 -3,02523e-01
155	  3,0800000000e+02	  3,88012e-01	 -3,06287e-01
156	  3,1000000000e+02	  3,85008e-01	 -3,11226e-01
157	  3,1200000000e+02	  3,81286e-01	 -3,13863e-01
158	  3,1400000000e+02	  3,78998e-01	 -3,19971e-01
159	  3,1600000000e+02	  3,75579e-01	 -3,29622e-01
160	  3,1800000000e+02	  3,70115e-01	 -3,36843e-01
161	  3,2000000000e+02	  3,61728e-01	 -3,49014e-01
162	  3,2200000000e+02	  3,48791e-01	 -3,59324e-01
163	  3,2400000000e+02	  3,33819e-01	 -3,55427e-01
164	  3,2600000000e+02	  3,30220e-01	 -3,52544e-01
165	  3,2800000000e+02	  3,26774e-01	 -3,56523e-01
166	  3,3000000000e+02	  3,24115e-01	 -3,56536e-01
167	  3,3200000000e+02	  3,21569e-01	 -3,57446e-01
168	  3,3400000000e+02	  3,15060e-01	 -3,61195e-01
169	  3,3600000000e+02	  3,10348e-01	 -3,60517e-01
170	  3,3800000000e+02	  3,06444e-01	 -3,64670e-01
171	  3,4000000000e+02	  3,02974e-01	 -3,69841e-01
172	  3,4200000000e+02	  2,99417e-01	 -3,70424e-01
173	  3,4400000000e+02	  2,99308e-01	 -3,70937e-01
174	  3,4600000000e+02	  2,93022e-01	 -3,75846e-01
175	  3,4800000000e+02	  2,85969e-01	 -3,80506e-01
176	  3,5000000000e+02	  2,80076e-01	 -3,83398e-01
177	  3,5200000000e+02	  2,78210e-01	 -3,83865e-01
178	  3,5400000000e+02	  2,74305e-01	 -3,85675e-01
179	  3,5600000000e+02	  2,71002e-01	 -3,91377e-01
180	  3,5800000000e+02	  2,62805e-01	 -3,99578e-01
181	  3,6000000000e+02	  2,56468e-01	 -4,02057e-01
182	  3,6200000000e+02	  2,51653e-01	 -4,03820e-01
183	  3,6400000000e+02	  2,45164e-01	 -4,02702e-01
184	  3,6600000000e+02	  2,42066e-01	 -4,06663e-01
185	  3,6800000000e+02	  2,40521e-01	 -4,11783e-01
186	  3,7000000000e+02	  2,35702e-01	 -4,13598e-01
187	  3,7200000000e+02	  2,27761e-01	 -4,14429e-01
188	  3,7400000000e+02	  2,20350e-01	 -4,16572e-01
189	  3,7600000000e+02	  2,15206e-01	 -4,22983e-01
190	  3,7800000000e+02	  2,09061e-01	 -4,24015e-01
191	  3,8000000000e+02	  2,03505e-01	 -4,25918e-01
192	  3,8200000000e+02	  1,99876e-01	 -4,27360e-01
193	  3,8400000000e+02	  1,91751e-01	 -4,25771e-01
194	  3,8600000000e+02	  1,84652e-01	 -4,26899e-01
195	  3,8800000000e+02	  1,82667e-01	 -4,30627e-01
196	  3,9000000000e+02	  1,77264e-01	 -4,30281e-01
197	  3,9200000000e+02	  1,71848e-01	 -4,32221e-01
198	  3,9400000000e+02	  1,67276e-01	 -4,33358e-01
199	  3,9600000000e+02	  1,59849e-01	 -4,33671e-01
200	  3,9800000000e+02	  1,55982e-01	 -4,36070e-01
201	  4,0000000000e+02	  1,52002e-01	 -4,37459e-01
202	  4,0200000000e+02	  1,47019e-01	 -4,35850e-01
203	  4,0400000000e+02	  1,43986e-01	 -4,37137e-01
204	  4,0600000000e+02	  1,36978e-01	 -4,38699e-01
205	  4,0800000000e+02	  1,27185e-01	 -4,39876e-01
206	  4,1000000000e+02	  1,23287e-01	 -4,39532e-01
207	  4,1200000000e+02	  1,18935e-01	 -4,40961e-01
208	  4,1400000000e+02	  1,13591e-01	 -4,41981e-01
209	  4,1600000000e+02	  1,10192e-01	 -4,45259e-01
210	  4,1800000000e+02	  1,05760e-01	 -4,42650e-01
211	  4,2000000000e+02	  1,01515e-01	 -4,42448e-01
212	  4,2200000000e+02	  9,74433e-02	 -4,41700e-01
213	  4,2400000000e+02	  9,25969e-02	 -4,40871e-01
214	  4,2600000000e+02	  8,78193e-02	 -4,42005e-01
215	  4,2800000000e+02	  8,12027e-02	 -4,42023e-01
216	  4,3000000000e+02	  7,76103e-02	 -4,40928e-01
217	  4,3200000000e+02	  7,49964e-02	 -4,39303e-01
218	  4,3400000000e+02	  6,94934e-02	 -4,40296e-01
219	  4,3600000000e+02	  6,58587e-02	 -4,40418e-01
220	  4,3800000000e+02	  6,22142e-02	 -4,41440e-01
221	  4,4000000000e+02	  5,92466e-02	 -4,40384e-01
222	  4,4200000000e+02	  5,76629e-02	 -4,40248e-01
223	  4,4400000000e+02	  5,00499e-02	 -4,40412e-01
224	  4,4600000000e+02	  4,50979e-02	 -4,41261e-01
225	  4,4800000000e+02	  4,18961e-02	 -4,43050e-01
226	  4,5000000000e+02	  3,87665e-02	 -4,43696e-01
227	  4,5200000000e+02	  3,61202e-02	 -4,44289e-01
228	  4,5400000000e+02	  3,42484e-02	 -4,46701e-01
229	  4,5600000000e+02	  2,97641e-02	 -4,47068e-01
230	  4,5800000000e+02	  2,39586e-02	 -4,48529e-01
231	  4,6000000000e+02	  1,82735e-02	 -4,49657e-01
232	  4,6200000000e+02	  1,17178e-02	 -4,49861e-01
233	  4,6400000000e+02	  9,04379e-03	 -4,50319e-01
234	  4,6600000000e+02	  5,78248e-03	 -4,47257e-01
235	  4,6800000000e+02	  5,68659e-04	 -4,46160e-01
236	  4,7000000000e+02	 -5,86091e-03	 -4,47868e-01
237	  4,7200000000e+02	 -1,01185e-02	 -4,44446e-01
238	  4,7400000000e+02	 -1,36774e-02	 -4,44045e-01
239	  4,7600000000e+02	 -1,77626e-02	 -4,44303e-01
240	  4,7800000000e+02	 -2,23166e-02	 -4,43408e-01
241	  4,8000000000e+02	 -2,63935e-02	 -4,40055e-01
242	  4,8200000000e+02	 -2,89994e-02	 -4,39874e-01
243	  4,8400000000e+02	 -3,04195e-02	 -4,43029e-01
244	  4,8600000000e+02	 -3,24029e-02	 -4,43751e-01
245	  4,8800000000e+02	 -3,78446e-02	 -4,43616e-01
246	  4,9000000000e+02	 -4,18839e-02	 -4,45533e-01
247	  4,9200000000e+02	 -4,59145e-02	 -4,48954e-01
248	  4,9400000000e+02	 -5,04346e-02	 -4,49732e-01
249	  4,9600000000e+02	 -5,58583e-02	 -4,48891e-01
250	  4,9800000000e+02	 -6,39505e-02	 -4,49059e-01
251	  5,0000000000e+02	 -7,23365e-02	 -4,50813e-01
252	  5,0200000000e+02	 -7,46957e-02	 -4,47810e-01
253	  5,0400000000e+02	 -8,10793e-02	 -4,46990e-01
254	  5,0600000000e+02	 -8,85482e-02	 -4,46925e-01
255	  5,0800000000e+02	 -9,52342e-02	 -4,44153e-01
256	  5,1000000000e+02	 -1,02598e-01	 -4,42780e-01
257	  5,1200000000e+02	 -1,06208e-01	 -4,40494e-01
258	  5,1400000000e+02	 -1,07833e-01	 -4,36588e-01
259	  5,1600000000e+02	 -1,11296e-01	 -4,34326e-01
260	  5,1800000000e+02	 -1,18537e-01	 -4,34356e-01
261	  5,2000000000e+02	 -1,24605e-01	 -4,27858e-01
262	  5,2200000000e+02	 -1,26838e-01	 -4,26193e-01
263	  5,2400000000e+02	 -1,29489e-01	 -4,23038e-01
264	  5,2600000000e+02	 -1,34365e-01	 -4,21680e-01
265	  5,2800000000e+02	 -1,37532e-01	 -4,19935e-01
266	  5,3000000000e+02	 -1,39164e-01	 -4,18010e-01
267	  5,3200000000e+02	 -1,43571e-01	 -4,17363e-01
268	  5,3400000000e+02	 -1,44887e-01	 -4,15194e-01
269	  5,3600000000e+02	 -1,47908e-01	 -4,09323e-01
270	  5,3800000000e+02	 -1,51559e-01	 -4,06973e-01
271	  5,4000000000e+02	 -1,54042e-01	 -4,03954e-01
272	  5,4200000000e+02	 -1,56530e-01	 -4,01803e-01
273	  5,4400000000e+02	 -1,55298e-01	 -3,98932e-01
274	  5,4600000000e+02	 -1,54099e-01	 -4,00199e-01
275	  5,4800000000e+02	 -1,55598e-01	 -4,06652e-01
276	  5,5000000000e+02	 -1,58930e-01	 -4,08141e-01
277	  5,5200000000e+02	 -1,65241e-01	 -4,06132e-01
278	  5,5400000000e+02	 -1,70785e-01	 -4,07099e-01
279	  5,5600000000e+02	 -1,76758e-01	 -4,07328e-01
280	  5,5800000000e+02	 -1,79727e-01	 -4,02813e-01
281	  5,6000000000e+02	 -1,85805e-01	 -4,01526e-01
282	  5,6200000000e+02	 -1,91617e-01	 -4,02533e-01
283	  5,6400000000e+02	 -1,95838e-01	 -4,02699e-01
284	  5,6600000000e+02	 -2,01432e-01	 -4,01492e-01
285	  5,6800000000e+02	 -2,05084e-01	 -3,99874e-01
286	  5,7000000000e+02	 -2,09253e-01	 -3,95719e-01
287	  5,7200000000e+02	 -2,12015e-01	 -3,93848e-01
288	  5,7400000000e+02	 -2,19143e-01	 -3,94231e-01
289	  5,7600000000e+02	 -2,24818e-01	 -3,91595e-01
290	  5,7800000000e+02	 -2,27625e-01	 -3,87569e-01
291	  5,8000000000e+02	 -2,28828e-01	 -3,88429e-01
292	  5,8200000000e+02	 -2,33652e-01	 -3,84708e-01
293	  5,8400000000e+02	 -2,38188e-01	 -3,80868e-01
294	  5,8600000000e+02	 -2,42684e-01	 -3,79361e-01
295	  5,8800000000e+02	 -2,46778e-01	 -3,76730e-01
296	  5,9000000000e+02	 -2,52316e-01	 -3,71647e-01
297	  5,9200000000e+02	 -2,56840e-01	 -3,67079e-01
298	  5,9400000000e+02	 -2,61114e-01	 -3,65862e-01
299	  5,9600000000e+02	 -2,61452e-01	 -3,65476e-01
300	  5,9800000000e+02	 -2,65847e-01	 -3,63181e-01
301	  6,0000000000e+02	 -2,69669e-01	 -3,58245e-01
302	  6,0200000000e+02	 -2,74051e-01	 -3,56459e-01
303	  6,0400000000e+02	 -2,77701e-01	 -3,54042e-01
304	  6,0600000000e+02	 -2,82169e-01	 -3,48551e-01
305	  6,0800000000e+02	 -2,84706e-01	 -3,43561e-01
306	  6,1000000000e+02	 -2,87543e-01	 -3,38020e-01
307	  6,1200000000e+02	 -2,88484e-01	 -3,36436e-01
308	  6,1400000000e+02	 -2,92594e-01	 -3,30560e-01
309	  6,1600000000e+02	 -2,95220e-01	 -3,27070e-01
310	  6,1800000000e+02	 -2,99492e-01	 -3,22475e-01
311	  6,2000000000e+02	 -3,02257e-01	 -3,19808e-01
312	  6,2200000000e+02	 -3,04868e-01	 -3,17264e-01
313	  6,2400000000e+02	 -3,06510e-01	 -3,12525e-01
314	  6,2600000000e+02	 -3,08755e-01	 -3,08661e-01
315	  6,2800000000e+02	 -3,11320e-01	 -3,06589e-01
316	  6,3000000000e+02	 -3,12856e-01	 -3,04043e-01
317	  6,3200000000e+02	 -3,11381e-01	 -2,98046e-01
318	  6,3400000000e+02	 -3,14334e-01	 -2,95442e-01
319	  6,3600000000e+02	 -3,20037e-01	 -2,95344e-01
320	  6,3800000000e+02	 -3,20084e-01	 -2,91535e-01
321	  6,4000000000e+02	 -3,20419e-01	 -2,89940e-01
322	  6,4200000000e+02	 -3,23902e-01	 -2,88017e-01
323	  6,4400000000e+02	 -3,28042e-01	 -2,83217e-01
324	  6,4600000000e+02	 -3,28381e-01	 -2,81252e-01
325	  6,4800000000e+02	 -3,28727e-01	 -2,78075e-01
326	  6,5000000000e+02	 -3,30645e-01	 -2,73619e-01
327	  6,5200000000e+02	 -3,33089e-01	 -2,69422e-01
328	  6,5400000000e+02	 -3,37153e-01	 -2,67113e-01
329	  6,5600000000e+02	 -3,40455e-01	 -2,67428e-01
330	  6,5800000000e+02	 -3,42285e-01	 -2,63657e-01
331	  6,6000000000e+02	 -3,45575e-01	 -2,53917e-01
332	  6,6200000000e+02	 -3,50022e-01	 -2,51400e-01
333	  6,6400000000e+02	 -3,48115e-01	 -2,48472e-01
334	  6,6600000000e+02	 -3,44795e-01	 -2,45398e-01
335	  6,6800000000e+02	 -3,46143e-01	 -2,42672e-01
336	  6,7000000000e+02	 -3,44575e-01	 -2,41998e-01
337	  6,7200000000e+02	 -3,42323e-01	 -2,41350e-01
338	  6,7400000000e+02	 -3,42858e-01	 -2,40993e-01
339	  6,7600000000e+02	 -3,45746e-01	 -2,40679e-01
340	  6,7800000000e+02	 -3,48490e-01	 -2,42234e-01
341	  6,8000000000e+02	 -3,50104e-01	 -2,41394e-01
342	  6,8200000000e+02	 -3,52425e-01	 -2,42637e-01
343	  6,8400000000e+02	 -3,57791e-01	 -2,42174e-01
344	  6,8600000000e+02	 -3,64305e-01	 -2,37744e-01
345	  6,8800000000e+02	 -3,68880e-01	 -2,33601e-01
346	  6,9000000000e+02	 -3,73736e-01	 -2,32502e-01
347	  6,9200000000e+02	 -3,78060e-01	 -2,26058e-01
348	  6,9400000000e+02	 -3,79145e-01	 -2,20726e-01
349	  6,9600000000e+02	 -3,81837e-01	 -2,18856e-01
350	  6,9800000000e+02	 -3,86366e-01	 -2,12553e-01
351	  7,0000000000e+02	 -3,89429e-01	 -2,08162e-01
352	  7,0200000000e+02	 -3,87869e-01	 -2,05140e-01
353	  7,0400000000e+02	 -3,89777e-01	 -2,01153e-01
354	  7,0600000000e+02	 -3,90397e-01	 -1,98655e-01
355	  7,0800000000e+02	 -3,90349e-01	 -1,94427e-01
356	  7,1000000000e+02	 -3,92042e-01	 -1,89066e-01
357	  7,1200000000e+02	 -3,94645e-01	 -1,86996e-01
358	  7,1400000000e+02	 -3,98630e-01	 -1,85076e-01
359	  7,1600000000e+02	 -4,00088e-01	 -1,82722e-01
360	  7,1800000000e+02	 -3,99004e-01	 -1,80044e-01
361	  7,2000000000e+02	 -3,98780e-01	 -1,76326e-01
362	  7,2200000000e+02	 -4,04076e-01	 -1,70824e-01
363	  7,2400000000e+02	 -4,05178e-01	 -1,68977e-01
364	  7,2600000000e+02	 -4,08156e-01	 -1,65412e-01
365	  7,2800000000e+02	 -4,09666e-01	 -1,61015e-01
366	  7,3000000000e+02	 -4,12397e-01	 -1,58074e-01
367	  7,3200000000e+02	 -4,14085e-01	 -1,56008e-01
368	  7,3400000000e+02	 -4,17375e-01	 -1,53253e-01
369	  7,3600000000e+02	 -4,23063e-01	 -1,49190e-01
370	  7,3800000000e+02	 -4,24769e-01	 -1,43087e-01
371	  7,4000000000e+02	 -4,25511e-01	 -1,39449e-01
372	  7,4200000000e+02	 -4,26157e-01	 -1,34067e-01
373	  7,4400000000e+02	 -4,28331e-01	 -1,30999e-01
374	  7,4600000000e+02	 -4,31481e-01	 -1,27522e-01
375	  7,4800000000e+02	 -4,32704e-01	 -1,20956e-01
376	  7,5000000000e+02	 -4,33471e-01	 -1,14853e-01
377	  7,5200000000e+02	 -4,37235e-01	 -1,10068e-01
378	  7,5400000000e+02	 -4,38749e-01	 -1,04355e-01
379	  7,5600000000e+02	 -4,38297e-01	 -9,87088e-02
380	  7,5800000000e+02	 -4,38347e-01	 -9,57256e-02
381	  7,6000000000e+02	 -4,38601e-01	 -9,22341e-02
382	  7,6200000000e+02	 -4,37647e-01	 -8,70046e-02
383	  7,6400000000e+02	 -4,35584e-01	 -8,24344e-02
384	  7,6600000000e+02	 -4,36098e-01	 -7,72776e-02
385	  7,6800000000e+02	 -4,37798e-01	 -7,37126e-02
386	  7,7000000000e+02	 -4,38890e-01	 -6,83938e-02
387	  7,7200000000e+02	 -4,37089e-01	 -6,47645e-02
388	  7,7400000000e+02	 -4,35546e-01	 -6,16069e-02
389	  7,7600000000e+02	 -4,34516e-01	 -5,76587e-02
390	  7,7800000000e+02	 -4,34938e-01	 -5,24417e-02
391	  7,8000000000e+02	 -4,37112e-01	 -4,91577e-02
392	  7,8200000000e+02	 -4,37651e-01	 -4,70701e-02
393	  7,8400000000e+02	 -4,36215e-01	 -4,38904e-02
394	  7,8600000000e+02	 -4,35877e-01	 -4,21890e-02
395	  7,8800000000e+02	 -4,32675e-01	 -4,24123e-02
396	  7,9000000000e+02	 -4,34260e-01	 -3,88568e-02
397	  7,9200000000e+02	 -4,39620e-01	 -3,55223e-02
398	  7,9400000000e+02	 -4,41712e-01	 -2,81278e-02
399	  7,9600000000e+02	 -4,42175e-01	 -2,48750e-02
400	  7,9800000000e+02	 -4,42817e-01	 -2,05342e-02
401	  8,0000000000e+02	 -4,41883e-01	 -1,44854e-02
402	  8,0200000000e+02	 -4,40693e-01	 -1,32204e-02
403	  8,0400000000e+02	 -4,40487e-01	 -8,91666e-03
404	  8,0600000000e+02	 -4,41809e-01	 -5,42821e-04
405	  8,0800000000e+02	 -4,41876e-01	  2,24670e-03
406	  8,1000000000e+02	 -4,41918e-01	  3,57204e-03
407	  8,1200000000e+02	 -4,40712e-01	  5,80138e-03
408	  8,1400000000e+02	 -4,39253e-01	  1,03753e-02
409	  8,1600000000e+02	 -4,41340e-01	  1,51551e-02
410	  8,1800000000e+02	 -4,41394e-01	  1,56391e-02
411	  8,2000000000e+02	 -4,42242e-01	  1,79265e-02
412	  8,2200000000e+02	 -4,41150e-01	  2,36119e-02
413	  8,2400000000e+02	 -4,40972e-01	  2,63441e-02
414	  8,2600000000e+02	 -4,45151e-01	  3,20716e-02
415	  8,2800000000e+02	 -4,44440e-01	  3,75393e-02
416	  8,3000000000e+02	 -4,45422e-01	  4,54485e-02
417	  8,3200000000e+02	 -4,48441e-01	  4,91348e-02
418	  8,3400000000e+02	 -4,48326e-01	  5,07615e-02
419	  8,3600000000e+02	 -4,46206e-01	  5,14818e-02
420	  8,3800000000e+02	 -4,47820e-01	  5,77510e-02
421	  8,4000000000e+02	 -4,46992e-01	  6,23901e-02
422	  8,4200000000e+02	 -4,45403e-01	  6,90317e-02
423	  8,4400000000e+02	 -4,45429e-01	  7,40591e-02
424	  8,4600000000e+02	 -4,46697e-01	  7,66261e-02
425	  8,4800000000e+02	 -4,45650e-01	  7,94818e-02
426	  8,5000000000e+02	 -4,43219e-01	  8,77179e-02
427	  8,5200000000e+02	 -4,41938e-01	  9,45426e-02
428	  8,5400000000e+02	 -4,43647e-01	  9,88103e-02
429	  8,5600000000e+02	 -4,41719e-01	  1,04221e-01
430	  8,5800000000e+02	 -4,40556e-01	  1,06754e-01
431	  8,6000000000e+02	 -4,35364e-01	  1,12468e-01
432	  8,6200000000e+02	 -4,34174e-01	  1,18586e-01
433	  8,6400000000e+02	 -4,33117e-01	  1,22459e-01
434	  8,6600000000e+02	 -4,34183e-01	  1,25419e-01
435	  8,6800000000e+02	 -4,31613e-01	  1,26432e-01
436	  8,7000000000e+02	 -4,27622e-01	  1,30966e-01
437	  8,7200000000e+02	 -4,25342e-01	  1,36750e-01
438	  8,7400000000e+02	 -4,21376e-01	  1,43655e-01
439	  8,7600000000e+02	 -4,20377e-01	  1,45797e-01
440	  8,7800000000e+02	 -4,20087e-01	  1,49039e-01
441	  8,8000000000e+02	 -4,18785e-01	  1,51460e-01
442	  8,8200000000e+02	 -4,16927e-01	  1,54818e-01
443	  8,8400000000e+02	 -4,13672e-01	  1,56260e-01
444	  8,8600000000e+02	 -4,13718e-01	  1,57420e-01
445	  8,8800000000e+02	 -4,14408e-01	  1,64023e-01
446	  8,9000000000e+02	 -4,12527e-01	  1,66024e-01
447	  8,9200000000e+02	 -4,11576e-01	  1,69632e-01
448	  8,9400000000e+02	 -4,06970e-01	  1,73222e-01
449	  8,9600000000e+02	 -4,03034e-01	  1,76687e-01
450	  8,9800000000e+02	 -4,01752e-01	  1,79315e-01
451	  9,0000000000e+02	 -4,01511e-01	  1,83277e-01
452	  9,0200000000e+02	 -4,00090e-01	  1,85987e-01
453	  9,0400000000e+02	 -3,98200e-01	  1,91161e-01
454	  9,0600000000e+02	 -3,97085e-01	  1,96606e-01
455	  9,0800000000e+02	 -3,95657e-01	  2,02189e-01
456	  9,1000000000e+02	 -3,91887e-01	  2,06781e-01
457	  9,1200000000e+02	 -3,90335e-01	  2,08362e-01
458	  9,1400000000e+02	 -3,86444e-01	  2,11554e-01
459	  9,1600000000e+02	 -3,87181e-01	  2,15723e-01
460	  9,1800000000e+02	 -3,83267e-01	  2,14005e-01
461	  9,2000000000e+02	 -3,81012e-01	  2,19892e-01
462	  9,2200000000e+02	 -3,80697e-01	  2,23835e-01
463	  9,2400000000e+02	 -3,76939e-01	  2,26846e-01
464	  9,2600000000e+02	 -3,76169e-01	  2,29046e-01
465	  9,2800000000e+02	 -3,73501e-01	  2,32369e-01
466	  9,3000000000e+02	 -3,71470e-01	  2,36196e-01
467	  9,3200000000e+02	 -3,70595e-01	  2,38202e-01
468	  9,3400000000e+02	 -3,66557e-01	  2,37471e-01
469	  9,3600000000e+02	 -3,64483e-01	  2,41526e-01
470	  9,3800000000e+02	 -3,62753e-01	  2,45677e-01
471	  9,4000000000e+02	 -3,58233e-01	  2,47538e-01
472	  9,4200000000e+02	 -3,54713e-01	  2,52064e-01
473	  9,4400000000e+02	 -3,54719e-01	  2,56556e-01
474	  9,4600000000e+02	 -3,53375e-01	  2,58069e-01
475	  9,4800000000e+02	 -3,49921e-01	  2,62042e-01
476	  9,5000000000e+02	 -3,46335e-01	  2,65385e-01
477	  9,5200000000e+02	 -3,42905e-01	  2,66954e-01
478	  9,5400000000e+02	 -3,40282e-01	  2,70959e-01
479	  9,5600000000e+02	 -3,37380e-01	  2,72602e-01
480	  9,5800000000e+02	 -3,35581e-01	  2,71019e-01
481	  9,6000000000e+02	 -3,32711e-01	  2,72228e-01
482	  9,6200000000e+02	 -3,30162e-01	  2,76345e-01
483	  9,6400000000e+02	 -3,28204e-01	  2,79063e-01
484	  9,6600000000e+02	 -3,28158e-01	  2,80825e-01
485	  9,6800000000e+02	 -3,27145e-01	  2,85230e-01
486	  9,7000000000e+02	 -3,25163e-01	  2,88426e-01
487	  9,7200000000e+02	 -3,24178e-01	  2,91212e-01
488	  9,7400000000e+02	 -3,21520e-01	  2,94323e-01
489	  9,7600000000e+02	 -3,18707e-01	  2,98142e-01
490	  9,7800000000e+02	 -3,15934e-01	  3,01405e-01
491	  9,8000000000e+02	 -3,14631e-01	  3,04360e-01
492	  9,8200000000e+02	 -3,12047e-01	  3,04264e-01
493	  9,8400000000e+02	 -3,12283e-01	  3,08362e-01
494	  9,8600000000e+02	 -3,10113e-01	  3,14486e-01
495	  9,8800000000e+02	 -3,03784e-01	  3,19815e-01
496	  9,9000000000e+02	 -2,99409e-01	  3,21007e-01
497	  9,9200000000e+02	 -2,96340e-01	  3,20497e-01
498	  9,9400000000e+02	 -2,91939e-01	  3,23314e-01
499	  9,9600000000e+02	 -2,89533e-01	  3,29286e-01
500	  9,9800000000e+02	 -2,85472e-01	  3,32197e-01
501	  1,0000000000e+03	 -2,80042e-01	  3,32959e-01
502	  1,0020000000e+03	 -2,78233e-01	  3,37297e-01
503	  1,0040000000e+03	 -2,75497e-01	  3,41196e-01
504	  1,0060000000e+03	 -2,72716e-01	  3,44452e-01
505	  1,0080000000e+03	 -2,70394e-01	  3,46293e-01
506	  1,0100000000e+03	 -2,65174e-01	  3,48351e-01
507	  1,0120000000e+03	 -2,59272e-01	  3,49388e-01
508	  1,0140000000e+03	 -2,54814e-01	  3,49161e-01
509	  1,0160000000e+03	 -2,50483e-01	  3,48827e-01
510	  1,0180000000e+03	 -2,45439e-01	  3,51395e-01
511	  1,0200000000e+03	 -2,42362e-01	  3,54489e-01
512	  1,0220000000e+03	 -2,40560e-01	  3,56742e-01
513	  1,0240000000e+03	 -2,37212e-01	  3,55824e-01
514	  1,0260000000e+03	 -2,33299e-01	  3,53539e-01
515	  1,0280000000e+03	 -2,29448e-01	  3,53501e-01
516	  1,0300000000e+03	 -2,26510e-01	  3,55932e-01
517	  1,0320000000e+03	 -2,24027e-01	  3,56101e-01
518	  1,0340000000e+03	 -2,21500e-01	  3,57033e-01
519	  1,0360000000e+03	 -2,17770e-01	  3,57027e-01
520	  1,0380000000e+03	 -2,14848e-01	  3,59644e-01
521	  1,0400000000e+03	 -2,12579e-01	  3,62021e-01
522	  1,0420000000e+03	 -2,09730e-01	  3,61754e-01
523	  1,0440000000e+03	 -2,10276e-01	  3,63449e-01
524	  1,0460000000e+03	 -2,06444e-01	  3,63311e-01
525	  1,0480000000e+03	 -2,01127e-01	  3,64266e-01
526	  1,0500000000e+03	 -1,98827e-01	  3,66587e-01
527	  1,0520000000e+03	 -1,96873e-01	  3,66280e-01
528	  1,0540000000e+03	 -1,94799e-01	  3,68300e-01
529	  1,0560000000e+03	 -1,92754e-01	  3,73294e-01
530	  1,0580000000e+03	 -1,89784e-01	  3,76159e-01
531	  1,0600000000e+03	 -1,87559e-01	  3,73309e-01
532	  1,0620000000e+03	 -1,84516e-01	  3,74558e-01
533	  1,0640000000e+03	 -1,83737e-01	  3,75404e-01
534	  1,0660000000e+03	 -1,82543e-01	  3,76803e-01
535	  1,0680000000e+03	 -1,78138e-01	  3,79383e-01
536	  1,0700000000e+03	 -1,75768e-01	  3,81461e-01
537	  1,0720000000e+03	 -1,75474e-01	  3,84492e-01
538	  1,0740000000e+03	 -1,72750e-01	  3,84920e-01
539	  1,0760000000e+03	 -1,69075e-01	  3,87225e-01
540	  1,0780000000e+03	 -1,65040e-01	  3,88850e-01
541	  1,0800000000e+03	 -1,61950e-01	  3,91193e-01
542	  1,0820000000e+03	 -1,57102e-01	  3,93601e-01
543	  1,0840000000e+03	 -1,51561e-01	  3,95853e-01
544	  1,0860000000e+03	 -1,47899e-01	  3,97138e-01
545	  1,0880000000e+03	 -1,44023e-01	  3,94245e-01
546	  1,0900000000e+03	 -1,35958e-01	  3,95662e-01
547	  1,0920000000e+03	 -1,31572e-01	  3,97142e-01
548	  1,0940000000e+03	 -1,27729e-01	  3,94915e-01
549	  1,0960000000e+03	 -1,23644e-01	  3,95876e-01
550	  1,0980000000e+03	 -1,21193e-01	  3,97201e-01
551	  1,1000000000e+03	 -1,16611e-01	  3,95104e-01
552	  1,1020000000e+03	 -1,12766e-01	  3,93844e-01
553	  1,1040000000e+03	 -1,08060e-01	  3,91839e-01
554	  1,1060000000e+03	 -1,04679e-01	  3,89204e-01
555	  1,1080000000e+03	 -1,01934e-01	  3,88733e-01
556	  1,1100000000e+03	 -1,01198e-01	  3,83434e-01
557	  1,1120000000e+03	 -1,01959e-01	  3,80984e-01
558	  1,1140000000e+03	 -1,02611e-01	  3,81722e-01
559	  1,1160000000e+03	 -9,89179e-02	  3,77046e-01
560	  1,1180000000e+03	 -9,89286e-02	  3,71741e-01
561	  1,1200000000e+03	 -9,83519e-02	  3,69051e-01
562	  1,1220000000e+03	 -9,79868e-02	  3,70583e-01
563	  1,1240000000e+03	 -9,82674e-02	  3,67030e-01
564	  1,1260000000e+03	 -1,03481e-01	  3,64416e-01
565	  1,1280000000e+03	 -1,05856e-01	  3,65844e-01
566	  1,1300000000e+03	 -1,08182e-01	  3,66624e-01
567	  1,1320000000e+03	 -1,11578e-01	  3,67002e-01
568	  1,1340000000e+03	 -1,15543e-01	  3,70490e-01
569	  1,1360000000e+03	 -1,19744e-01	  3,74208e-01
570	  1,1380000000e+03	 -1,22736e-01	  3,81240e-01
571	  1,1400000000e+03	 -1,23619e-01	  3,87760e-01
572	  1,1420000000e+03	 -1,20443e-01	  3,93228e-01
573	  1,1440000000e+03	 -1,19386e-01	  3,97438e-01
574	  1,1460000000e+03	 -1,17818e-01	  4,00479e-01
575	  1,1480000000e+03	 -1,17786e-01	  4,05371e-01
576	  1,1500000000e+03	 -1,15242e-01	  4,08336e-01
577	  1,1520000000e+03	 -1,13593e-01	  4,11438e-01
578	  1,1540000000e+03	 -1,12915e-01	  4,13541e-01
579	  1,1560000000e+03	 -1,14790e-01	  4,17750e-01
580	  1,1580000000e+03	 -1,17581e-01	  4,24124e-01
581	  1,1600000000e+03	 -1,17397e-01	  4,31095e-01
582	  1,1620000000e+03	 -1,16006e-01	  4,33885e-01
583	  1,1640000000e+03	 -1,16324e-01	  4,42514e-01
584	  1,1660000000e+03	 -1,15399e-01	  4,53731e-01
585	  1,1680000000e+03	 -1,14203e-01	  4,65743e-01
586	  1,1700000000e+03	 -1,04007e-01	  4,80979e-01
587	  1,1720000000e+03	 -9,40242e-02	  4,88253e-01
588	  1,1740000000e+03	 -8,41910e-02	  4,97271e-01
589	  1,1760000000e+03	 -7,39238e-02	  5,04046e-01
590	  1,1780000000e+03	 -6,24043e-02	  5,08333e-01
591	  1,1800000000e+03	 -4,89218e-02	  5,12107e-01
592	  1,1820000000e+03	 -3,79019e-02	  5,15920e-01
593	  1,1840000000e+03	 -2,73286e-02	  5,20499e-01
594	  1,1860000000e+03	 -1,80621e-02	  5,20945e-01
595	  1,1880000000e+03	 -5,08350e-03	  5,18506e-01
596	  1,1900000000e+03	  3,45503e-03	  5,14266e-01
597	  1,1920000000e+03	  8,04504e-03	  5,10413e-01
598	  1,1940000000e+03	  1,53210e-02	  5,12633e-01
599	  1,1960000000e+03	  2,20195e-02	  5,12155e-01
600	  1,1980000000e+03	  3,06531e-02	  5,10714e-01
601	  1,2000000000e+03	  3,80110e-02	  5,09964e-01
602	  1,2020000000e+03	  4,52589e-02	  5,05278e-01
603	  1,2040000000e+03	  5,16255e-02	  5,03867e-01
604	  1,2060000000e+03	  5,66600e-02	  5,03897e-01
605	  1,2080000000e+03	  6,34770e-02	  5,00317e-01
606	  1,2100000000e+03	  6,96550e-02	  4,97719e-01
607	  1,2120000000e+03	  7,74033e-02	  4,98774e-01
608	  1,2140000000e+03	  8,25610e-02	  4,97901e-01
609	  1,2160000000e+03	  8,84077e-02	  4,92360e-01
610	  1,2180000000e+03	  9,35888e-02	  4,92237e-01
611	  1,2200000000e+03	  9,81500e-02	  4,90941e-01
612	  1,2220000000e+03	  1,03335e-01	  4,88435e-01
613	  1,2240000000e+03	  1,06371e-01	  4,88594e-01
614	  1,2260000000e+03	  1,11091e-01	  4,84999e-01
615	  1,2280000000e+03	  1,15995e-01	  4,82610e-01
616	  1,2300000000e+03	  1,21246e-01	  4,80125e-01
617	  1,2320000000e+03	  1,25440e-01	  4,80360e-01
618	  1,2340000000e+03	  1,31477e-01	  4,78108e-01
619	  1,2360000000e+03	  1,37605e-01	  4,73291e-01
620	  1,2380000000e+03	  1,41927e-01	  4,68480e-01
621	  1,2400000000e+03	  1,47817e-01	  4,66825e-01
622	  1,2420000000e+03	  1,48210e-01	  4,64310e-01
623	  1,2440000000e+03	  1,54118e-01	  4,64475e-01
624	  1,2460000000e+03	  1,58565e-01	  4,60659e-01
625	  1,2480000000e+03	  1,62930e-01	  4,57602e-01
626	  1,2500000000e+03	  1,67156e-01	  4,54810e-01
627	  1,2520000000e+03	  1,67858e-01	  4,54964e-01
628	  1,2540000000e+03	  1,71491e-01	  4,54851e-01
629	  1,2560000000e+03	  1,75533e-01	  4,53019e-01
630	  1,2580000000e+03	  1,80910e-01	  4,49174e-01
631	  1,2600000000e+03	  1,84420e-01	  4,44744e-01
632	  1,2620000000e+03	  1,88753e-01	  4,43555e-01
633	  1,2640000000e+03	  1,92139e-01	  4,41277e-01
634	  1,2660000000e+03	  1,93186e-01	  4,40462e-01
635	  1,2680000000e+03	  1,95435e-01	  4,38687e-01
636	  1,2700000000e+03	  1,99600e-01	  4,36433e-01
637	  1,2720000000e+03	  2,00996e-01	  4,36425e-01
638	  1,2740000000e+03	  2,05575e-01	  4,35907e-01
639	  1,2760000000e+03	  2,10522e-01	  4,32637e-01
640	  1,2780000000e+03	  2,12676e-01	  4,29845e-01
641	  1,2800000000e+03	  2,17080e-01	  4,27307e-01
642	  1,2820000000e+03	  2,23208e-01	  4,25071e-01
643	  1,2840000000e+03	  2,29415e-01	  4,24383e-01
644	  1,2860000000e+03	  2,31080e-01	  4,22290e-01
645	  1,2880000000e+03	  2,35071e-01	  4,17996e-01
646	  1,2900000000e+03	  2,37261e-01	  4,18864e-01
647	  1,2920000000e+03	  2,41372e-01	  4,16757e-01
648	  1,2940000000e+03	  2,46205e-01	  4,14604e-01
649	  1,2960000000e+03	  2,48394e-01	  4,15250e-01
650	  1,2980000000e+03	  2,51720e-01	  4,11882e-01
651	  1,3000000000e+03	  2,56028e-01	  4,09859e-01
652	  1,3020000000e+03	  2,58692e-01	  4,07679e-01
653	  1,3040000000e+03	  2,63765e-01	  4,06873e-01
654	  1,3060000000e+03	  2,70295e-01	  4,04659e-01
655	  1,3080000000e+03	  2,74111e-01	  4,02437e-01
656	  1,3100000000e+03	  2,75990e-01	  4,00377e-01
657	  1,3120000000e+03	  2,77613e-01	  3,98127e-01
658	  1,3140000000e+03	  2,81333e-01	  3,97804e-01
659	  1,3160000000e+03	  2,87007e-01	  3,94650e-01
660	  1,3180000000e+03	  2,90060e-01	  3,92360e-01
661	  1,3200000000e+03	  2,95170e-01	  3,91347e-01
662	  1,3220000000e+03	  2,99939e-01	  3,87846e-01
663	  1,3240000000e+03	  3,04504e-01	  3,86329e-01
664	  1,3260000000e+03	  3,09395e-01	  3,82689e-01
665	  1,3280000000e+03	  3,15418e-01	  3,79639e-01
666	  1,3300000000e+03	  3,18003e-01	  3,76137e-01
667	  1,3320000000e+03	  3,22895e-01	  3,70431e-01
668	  1,3340000000e+03	  3,30248e-01	  3,66569e-01
669	  1,3360000000e+03	  3,30638e-01	  3,63865e-01
670	  1,3380000000e+03	  3,31553e-01	  3,59392e-01
671	  1,3400000000e+03	  3,35886e-01	  3,50656e-01
672	  1,3420000000e+03	  3,39658e-01	  3,45591e-01
673	  1,3440000000e+03	  3,43420e-01	  3,44960e-01
674	  1,3460000000e+03	  3,44193e-01	  3,45844e-01
675	  1,3480000000e+03	  3,45356e-01	  3,39214e-01
676	  1,3500000000e+03	  3,48263e-01	  3,34283e-01
677	  1,3520000000e+03	  3,48028e-01	  3,30907e-01
678	  1,3540000000e+03	  3,50631e-01	  3,26428e-01
679	  1,3560000000e+03	  3,55875e-01	  3,23921e-01
680	  1,3580000000e+03	  3,59700e-01	  3,18863e-01
681	  1,3600000000e+03	  3,62227e-01	  3,13658e-01
682	  1,3620000000e+03	  3,62881e-01	  3,10848e-01
683	  1,3640000000e+03	  3,64204e-01	  3,09656e-01
684	  1,3660000000e+03	  3,68326e-01	  3,05791e-01
685	  1,3680000000e+03	  3,68147e-01	  3,03608e-01
686	  1,3700000000e+03	  3,66964e-01	  2,98406e-01
687	  1,3720000000e+03	  3,69169e-01	  2,94752e-01
688	  1,3740000000e+03	  3,69671e-01	  2,90218e-01
689	  1,3760000000e+03	  3,72676e-01	  2,86922e-01
690	  1,3780000000e+03	  3,72607e-01	  2,82316e-01
691	  1,3800000000e+03	  3,71344e-01	  2,81024e-01
692	  1,3820000000e+03	  3,72546e-01	  2,80353e-01
693	  1,3840000000e+03	  3,73544e-01	  2,78142e-01
694	  1,3860000000e+03	  3,75016e-01	  2,76711e-01
695	  1,3880000000e+03	  3,72931e-01	  2,76946e-01
696	  1,3900000000e+03	  3,78574e-01	  2,77182e-01
697	  1,3920000000e+03	  3,83645e-01	  2,76017e-01
698	  1,3940000000e+03	  3,84497e-01	  2,74049e-01
699	  1,3960000000e+03	  3,85491e-01	  2,69473e-01
700	  1,3980000000e+03	  3,88041e-01	  2,69815e-01
701	  1,4000000000e+03	  3,90311e-01	  2,66414e-01
702	  1,4020000000e+03	  3,94604e-01	  2,64477e-01
703	  1,4040000000e+03	  4,00216e-01	  2,64145e-01
704	  1,4060000000e+03	  4,04385e-01	  2,62283e-01
705	  1,4080000000e+03	  4,08228e-01	  2,57043e-01
706	  1,4100000000e+03	  4,12621e-01	  2,55237e-01
707	  1,4120000000e+03	  4,16269e-01	  2,54079e-01
708	  1,4140000000e+03	  4,21706e-01	  2,51551e-01
709	  1,4160000000e+03	  4,24890e-01	  2,47496e-01
710	  1,4180000000e+03	  4,26252e-01	  2,44791e-01
711	  1,4200000000e+03	  4,26927e-01	  2,39483e-01
712	  1,4220000000e+03	  4,33140e-01	  2,34947e-01
713	  1,4240000000e+03	  4,36930e-01	  2,32072e-01
714	  1,4260000000e+03	  4,42059e-01	  2,28954e-01
715	  1,4280000000e+03	  4,43490e-01	  2,24627e-01
716	  1,4300000000e+03	  4,46598e-01	  2,18365e-01
717	  1,4320000000e+03	  4,51036e-01	  2,14516e-01
718	  1,4340000000e+03	  4,54612e-01	  2,08394e-01
719	  1,4360000000e+03	  4,57956e-01	  2,03021e-01
720	  1,4380000000e+03	  4,60095e-01	  1,97875e-01
721	  1,4400000000e+03	  4,60291e-01	  1,94983e-01
722	  1,4420000000e+03	  4,62276e-01	  1,89724e-01
723	  1,4440000000e+03	  4,67296e-01	  1,83496e-01
724	  1,4460000000e+03	  4,69492e-01	  1,78411e-01
725	  1,4480000000e+03	  4,71658e-01	  1,72920e-01
726	  1,4500000000e+03	  4,72651e-01	  1,67361e-01
727	  1,4520000000e+03	  4,72642e-01	  1,61547e-01
728	  1,4540000000e+03	  4,72495e-01	  1,58054e-01
729	  1,4560000000e+03	  4,74892e-01	  1,52075e-01
730	  1,4580000000e+03	  4,75254e-01	  1,45858e-01
731	  1,4600000000e+03	  4,74422e-01	  1,40199e-01
732	  1,4620000000e+03	  4,75148e-01	  1,33365e-01
733	  1,4640000000e+03	  4,75315e-01	  1,31931e-01
734	  1,4660000000e+03	  4,75656e-01	  1,28546e-01
735	  1,4680000000e+03	  4,77594e-01	  1,22389e-01
736	  1,4700000000e+03	  4,76562e-01	  1,17681e-01
737	  1,4720000000e+03	  4,77014e-01	  1,15128e-01
738	  1,4740000000e+03	  4,76493e-01	  1,11636e-01
739	  1,4760000000e+03	  4,75426e-01	  1,08666e-01
740	  1,4780000000e+03	  4,74638e-01	  1,06014e-01
741	  1,4800000000e+03	  4,72709e-01	  1,01004e-01
742	  1,4820000000e+03	  4,73201e-01	  9,61347e-02
743	  1,4840000000e+03	  4,75627e-01	  9,32655e-02
744	  1,4860000000e+03	  4,75288e-01	  8,92668e-02
745	  1,4880000000e+03	  4,76845e-01	  8,53752e-02
746	  1,4900000000e+03	  4,79210e-01	  8,34752e-02
747	  1,4920000000e+03	  4,77968e-01	  8,21596e-02
748	  1,4940000000e+03	  4,78042e-01	  8,18472e-02
749	  1,4960000000e+03	  4,79296e-01	  7,87303e-02
750	  1,4980000000e+03	  4,82161e-01	  7,31058e-02
751	  1,5000000000e+03	  4,84089e-01	  7,07335e-02
752	  1,5020000000e+03	  4,89401e-01	  6,61692e-02
753	  1,5040000000e+03	  4,88539e-01	  5,83465e-02
754	  1,5060000000e+03	  4,88143e-01	  5,58266e-02
755	  1,5080000000e+03	  4,90822e-01	  5,37239e-02
756	  1,5100000000e+03	  4,92280e-01	  4,99752e-02
757	  1,5120000000e+03	  4,92395e-01	  4,65527e-02
758	  1,5140000000e+03	  4,94244e-01	  4,31848e-02
759	  1,5160000000e+03	  4,94874e-01	  3,98948e-02
760	  1,5180000000e+03	  4,97016e-01	  3,60403e-02
761	  1,5200000000e+03	  5,00853e-01	  3,10218e-02
762	  1,5220000000e+03	  4,98214e-01	  2,50378e-02
763	  1,5240000000e+03	  5,00825e-01	  1,99219e-02
764	  1,5260000000e+03	  5,00851e-01	  1,32326e-02
765	  1,5280000000e+03	  5,00589e-01	  7,36214e-03
766	  1,5300000000e+03	  5,04426e-01	 -8,14101e-04
767	  1,5320000000e+03	  5,06343e-01	 -3,17244e-03
768	  1,5340000000e+03	  5,04025e-01	 -8,81710e-03
769	  1,5360000000e+03	  5,05088e-01	 -1,48439e-02
770	  1,5380000000e+03	  5,03091e-01	 -1,99960e-02
771	  1,5400000000e+03	  5,02159e-01	 -2,37819e-02
772	  1,5420000000e+03	  5,00830e-01	 -2,89358e-02
773	  1,5440000000e+03	  4,98820e-01	 -3,53433e-02
774	  1,5460000000e+03	  4,98706e-01	 -4,01007e-02
775	  1,5480000000e+03	  4,99375e-01	 -4,34834e-02
776	  1,5500000000e+03	  4,98759e-01	 -4,74094e-02
777	  1,5520000000e+03	  4,96924e-01	 -5,38856e-02
778	  1,5540000000e+03	  4,95911e-01	 -5,76334e-02
779	  1,5560000000e+03	  4,93780e-01	 -6,08164e-02
780	  1,5580000000e+03	  4,91627e-01	 -6,47685e-02
781	  1,5600000000e+03	  4,90383e-01	 -6,95021e-02
782	  1,5620000000e+03	  4,91505e-01	 -7,24989e-02
783	  1,5640000000e+03	  4,93417e-01	 -7,57744e-02
784	  1,5660000000e+03	  4,94823e-01	 -7,91228e-02
785	  1,5680000000e+03	  4,93140e-01	 -8,30583e-02
786	  1,5700000000e+03	  4,93636e-01	 -8,90462e-02
787	  1,5720000000e+03	  4,92468e-01	 -9,30670e-02
788	  1,5740000000e+03	  4,92000e-01	 -9,73167e-02
789	  1,5760000000e+03	  4,90494e-01	 -1,02737e-01
790	  1,5780000000e+03	  4,90428e-01	 -1,06659e-01
791	  1,5800000000e+03	  4,89242e-01	 -1,11734e-01
792	  1,5820000000e+03	  4,88556e-01	 -1,17600e-01
793	  1,5840000000e+03	  4,88399e-01	 -1,19186e-01
794	  1,5860000000e+03	  4,87466e-01	 -1,23516e-01
795	  1,5880000000e+03	  4,88225e-01	 -1,28606e-01
796	  1,5900000000e+03	  4,86694e-01	 -1,33835e-01
797	  1,5920000000e+03	  4,83418e-01	 -1,38445e-01
798	  1,5940000000e+03	  4,81878e-01	 -1,42148e-01
799	  1,5960000000e+03	  4,81787e-01	 -1,46652e-01
800	  1,5980000000e+03	  4,82540e-01	 -1,49608e-01
801	  1,6000000000e+03	  4,80326e-01	 -1,53724e-01
802	  1,6020000000e+03	  4,78583e-01	 -1,61091e-01
803	  1,6040000000e+03	  4,77900e-01	 -1,62924e-01
804	  1,6060000000e+03	  4,76032e-01	 -1,65573e-01
805	  1,6080000000e+03	  4,74760e-01	 -1,69348e-01
806	  1,6100000000e+03	  4,71825e-01	 -1,71921e-01
807	  1,6120000000e+03	  4,70554e-01	 -1,77806e-01
808	  1,6140000000e+03	  4,68701e-01	 -1,83740e-01
809	  1,6160000000e+03	  4,66780e-01	 -1,88954e-01
810	  1,6180000000e+03	  4,66219e-01	 -1,91764e-01
811	  1,6200000000e+03	  4,62989e-01	 -1,94711e-01
812	  1,6220000000e+03	  4,63536e-01	 -1,99354e-01
813	  1,6240000000e+03	  4,62168e-01	 -2,01368e-01
814	  1,6260000000e+03	  4,59793e-01	 -2,01974e-01
815	  1,6280000000e+03	  4,56579e-01	 -2,07704e-01
816	  1,6300000000e+03	  4,55260e-01	 -2,11718e-01
817	  1,6320000000e+03	  4,56901e-01	 -2,16465e-01
818	  1,6340000000e+03	  4,56009e-01	 -2,19871e-01
819	  1,6360000000e+03	  4,54144e-01	 -2,23063e-01
820	  1,6380000000e+03	  4,54223e-01	 -2,25365e-01
821	  1,6400000000e+03	  4,54327e-01	 -2,28128e-01
822	  1,6420000000e+03	  4,54068e-01	 -2,35563e-01
823	  1,6440000000e+03	  4,50549e-01	 -2,40825e-01
824	  1,6460000000e+03	  4,48660e-01	 -2,46813e-01
825	  1,6480000000e+03	  4,48892e-01	 -2,50230e-01
826	  1,6500000000e+03	  4,48648e-01	 -2,56321e-01
827	  1,6520000000e+03	  4,48106e-01	 -2,61497e-01
828	  1,6540000000e+03	  4,45934e-01	 -2,63414e-01
829	  1,6560000000e+03	  4,44050e-01	 -2,67584e-01
830	  1,6580000000e+03	  4,43012e-01	 -2,72144e-01
831	  1,6600000000e+03	  4,41069e-01	 -2,78131e-01
832	  1,6620000000e+03	  4,40610e-01	 -2,82204e-01
833	  1,6640000000e+03	  4,39444e-01	 -2,88109e-01
834	  1,6660000000e+03	  4,32425e-01	 -2,94997e-01
835	  1,6680000000e+03	  4,30384e-01	 -2,99346e-01
836	  1,6700000000e+03	  4,29685e-01	 -3,04243e-01
837	  1,6720000000e+03	  4,26008e-01	 -3,10145e-01
838	  1,6740000000e+03	  4,23880e-01	 -3,16799e-01
839	  1,6760000000e+03	  4,23855e-01	 -3,22153e-01
840	  1,6780000000e+03	  4,20305e-01	 -3,27375e-01
841	  1,6800000000e+03	  4,14424e-01	 -3,31114e-01
842	  1,6820000000e+03	  4,11123e-01	 -3,37986e-01
843	  1,6840000000e+03	  4,06629e-01	 -3,43841e-01
844	  1,6860000000e+03	  4,01912e-01	 -3,47235e-01
845	  1,6880000000e+03	  3,97249e-01	 -3,50066e-01
846	  1,6900000000e+03	  3,92424e-01	 -3,54772e-01
847	  1,6920000000e+03	  3,87649e-01	 -3,59832e-01
848	  1,6940000000e+03	  3,83187e-01	 -3,60536e-01
849	  1,6960000000e+03	  3,80395e-01	 -3,62901e-01
850	  1,6980000000e+03	  3,77389e-01	 -3,65535e-01
851	  1,7000000000e+03	  3,71812e-01	 -3,70162e-01
852	  1,7020000000e+03	  3,67337e-01	 -3,73375e-01
853	  1,7040000000e+03	  3,64135e-01	 -3,74988e-01
854	  1,7060000000e+03	  3,61401e-01	 -3,77256e-01
855	  1,7080000000e+03	  3,58828e-01	 -3,78756e-01
856	  1,7100000000e+03	  3,50868e-01	 -3,81315e-01
857	  1,7120000000e+03	  3,45690e-01	 -3,86783e-01
858	  1,7140000000e+03	  3,44549e-01	 -3,89320e-01
859	  1,7160000000e+03	  3,38392e-01	 -3,89644e-01
860	  1,7180000000e+03	  3,32337e-01	 -3,90793e-01
861	  1,7200000000e+03	  3,30172e-01	 -3,92116e-01
862	  1,7220000000e+03	  3,26817e-01	 -3,94801e-01
863	  1,7240000000e+03	  3,22838e-01	 -3,96602e-01
864	  1,7260000000e+03	  3,20187e-01	 -3,97013e-01
865	  1,7280000000e+03	  3,18204e-01	 -4,02218e-01
866	  1,7300000000e+03	  3,17153e-01	 -4,00839e-01
867	  1,7320000000e+03	  3,14756e-01	 -4,04938e-01
868	  1,7340000000e+03	  3,11585e-01	 -4,08698e-01
869	  1,7360000000e+03	  3,11406e-01	 -4,08786e-01
870	  1,7380000000e+03	  3,05531e-01	 -4,12357e-01
871	  1,7400000000e+03	  3,03427e-01	 -4,15753e-01
872	  1,7420000000e+03	  3,04110e-01	 -4,18554e-01
873	  1,7440000000e+03	  3,01379e-01	 -4,22798e-01
874	  1,7460000000e+03	  3,01562e-01	 -4,28357e-01
875	  1,7480000000e+03	  2,97487e-01	 -4,32687e-01
876	  1,7500000000e+03	  2,93243e-01	 -4,31899e-01
877	  1,7520000000e+03	  2,89526e-01	 -4,35203e-01
878	  1,7540000000e+03	  2,85364e-01	 -4,38459e-01
879	  1,7560000000e+03	  2,82728e-01	 -4,42536e-01
880	  1,7580000000e+03	  2,77395e-01	 -4,48334e-01
881	  1,7600000000e+03	  2,76362e-01	 -4,51213e-01
882	  1,7620000000e+03	  2,74303e-01	 -4,53604e-01
883	  1,7640000000e+03	  2,69581e-01	 -4,56025e-01
884	  1,7660000000e+03	  2,66414e-01	 -4,60579e-01
885	  1,7680000000e+03	  2,63949e-01	 -4,64658e-01
886	  1,7700000000e+03	  2,58841e-01	 -4,68396e-01
887	  1,7720000000e+03	  2,55998e-01	 -4,75744e-01
888	  1,7740000000e+03	  2,52290e-01	 -4,78895e-01
889	  1,7760000000e+03	  2,46260e-01	 -4,81142e-01
890	  1,7780000000e+03	  2,39560e-01	 -4,86537e-01
891	  1,7800000000e+03	  2,33155e-01	 -4,90413e-01
892	  1,7820000000e+03	  2,29634e-01	 -4,91954e-01
893	  1,7840000000e+03	  2,22264e-01	 -4,97066e-01
894	  1,7860000000e+03	  2,17592e-01	 -5,00382e-01
895	  1,7880000000e+03	  2,12246e-01	 -5,04332e-01
896	  1,7900000000e+03	  2,07289e-01	 -5,08444e-01
897	  1,7920000000e+03	  2,02924e-01	 -5,12124e-01
898	  1,7940000000e+03	  1,94753e-01	 -5,11116e-01
899	  1,7960000000e+03	  1,87811e-01	 -5,13170e-01
900	  1,7980000000e+03	  1,81708e-01	 -5,15194e-01
901	  1,8000000000e+03	  1,74180e-01	 -5,18839e-01
902	  1,8020000000e+03	  1,66988e-01	 -5,18799e-01
903	  1,8040000000e+03	  1,59593e-01	 -5,20822e-01
904	  1,8060000000e+03	  1,53726e-01	 -5,23031e-01
905	  1,8080000000e+03	  1,50151e-01	 -5,21903e-01
906	  1,8100000000e+03	  1,44409e-01	 -5,19032e-01
907	  1,8120000000e+03	  1,37121e-01	 -5,19541e-01
908	  1,8140000000e+03	  1,32681e-01	 -5,19619e-01
909	  1,8160000000e+03	  1,24906e-01	 -5,20386e-01
910	  1,8180000000e+03	  1,19907e-01	 -5,19355e-01
911	  1,8200000000e+03	  1,15054e-01	 -5,18098e-01
912	  1,8220000000e+03	  1,10028e-01	 -5,17574e-01
913	  1,8240000000e+03	  1,06305e-01	 -5,17058e-01
914	  1,8260000000e+03	  1,01014e-01	 -5,15207e-01
915	  1,8280000000e+03	  9,87576e-02	 -5,16588e-01
916	  1,8300000000e+03	  9,52794e-02	 -5,16226e-01
917	  1,8320000000e+03	  9,20573e-02	 -5,16298e-01
918	  1,8340000000e+03	  8,60702e-02	 -5,17357e-01
919	  1,8360000000e+03	  8,44540e-02	 -5,17916e-01
920	  1,8380000000e+03	  7,88901e-02	 -5,18806e-01
921	  1,8400000000e+03	  7,70994e-02	 -5,18744e-01
922	  1,8420000000e+03	  7,52717e-02	 -5,19785e-01
923	  1,8440000000e+03	  6,89531e-02	 -5,21424e-01
924	  1,8460000000e+03	  6,22010e-02	 -5,23799e-01
925	  1,8480000000e+03	  5,88831e-02	 -5,24461e-01
926	  1,8500000000e+03	  5,61782e-02	 -5,24665e-01
927	  1,8520000000e+03	  5,27103e-02	 -5,26601e-01
928	  1,8540000000e+03	  4,91240e-02	 -5,26365e-01
929	  1,8560000000e+03	  4,62192e-02	 -5,27266e-01
930	  1,8580000000e+03	  3,98130e-02	 -5,31077e-01
931	  1,8600000000e+03	  3,48302e-02	 -5,31289e-01
932	  1,8620000000e+03	  3,31254e-02	 -5,32533e-01
933	  1,8640000000e+03	  2,97556e-02	 -5,34561e-01
934	  1,8660000000e+03	  2,34329e-02	 -5,36598e-01
935	  1,8680000000e+03	  1,60489e-02	 -5,35508e-01
936	  1,8700000000e+03	  1,26143e-02	 -5,39727e-01
937	  1,8720000000e+03	  1,01927e-02	 -5,44185e-01
938	  1,8740000000e+03	  4,57855e-03	 -5,43726e-01
939	  1,8760000000e+03	 -3,21120e-03	 -5,43378e-01
940	  1,8780000000e+03	 -8,73247e-03	 -5,42979e-01
941	  1,8800000000e+03	 -1,30072e-02	 -5,43828e-01
942	  1,8820000000e+03	 -2,23822e-02	 -5,46991e-01
943	  1,8840000000e+03	 -3,07712e-02	 -5,49972e-01
944	  1,8860000000e+03	 -3,87337e-02	 -5,48803e-01
945	  1,8880000000e+03	 -4,44845e-02	 -5,48241e-01
946	  1,8900000000e+03	 -5,12330e-02	 -5,50351e-01
947	  1,8920000000e+03	 -5,78845e-02	 -5,50304e-01
948	  1,8940000000e+03	 -6,57533e-02	 -5,48318e-01
949	  1,8960000000e+03	 -7,29070e-02	 -5,46230e-01
950	  1,8980000000e+03	 -8,13809e-02	 -5,44560e-01
951	  1,9000000000e+03	 -8,82263e-02	 -5,41359e-01
952	  1,9020000000e+03	 -9,44510e-02	 -5,39484e-01
953	  1,9040000000e+03	 -1,00566e-01	 -5,38962e-01
954	  1,9060000000e+03	 -1,06097e-01	 -5,36909e-01
955	  1,9080000000e+03	 -1,13107e-01	 -5,32467e-01
956	  1,9100000000e+03	 -1,17797e-01	 -5,28838e-01
957	  1,9120000000e+03	 -1,22501e-01	 -5,26042e-01
958	  1,9140000000e+03	 -1,28696e-01	 -5,24466e-01
959	  1,9160000000e+03	 -1,34118e-01	 -5,19220e-01
960	  1,9180000000e+03	 -1,38537e-01	 -5,15320e-01
961	  1,9200000000e+03	 -1,43823e-01	 -5,12569e-01
962	  1,9220000000e+03	 -1,48250e-01	 -5,07986e-01
963	  1,9240000000e+03	 -1,51912e-01	 -5,02715e-01
964	  1,9260000000e+03	 -1,57699e-01	 -4,99596e-01
965	  1,9280000000e+03	 -1,60593e-01	 -4,95756e-01
966	  1,9300000000e+03	 -1,62093e-01	 -4,92738e-01
967	  1,9320000000e+03	 -1,64890e-01	 -4,91165e-01
968	  1,9340000000e+03	 -1,66190e-01	 -4,88427e-01
969	  1,9360000000e+03	 -1,68562e-01	 -4,85918e-01
970	  1,9380000000e+03	 -1,69580e-01	 -4,82787e-01
971	  1,9400000000e+03	 -1,73045e-01	 -4,81625e-01
972	  1,9420000000e+03	 -1,79715e-01	 -4,81010e-01
973	  1,9440000000e+03	 -1,82405e-01	 -4,78516e-01
974	  1,9460000000e+03	 -1,83184e-01	 -4,77557e-01
975	  1,9480000000e+03	 -1,84338e-01	 -4,77975e-01
976	  1,9500000000e+03	 -1,87735e-01	 -4,75148e-01
977	  1,9520000000e+03	 -1,89251e-01	 -4,71999e-01
978	  1,9540000000e+03	 -1,92037e-01	 -4,69648e-01
979	  1,9560000000e+03	 -1,96881e-01	 -4,69228e-01
980	  1,9580000000e+03	 -1,99159e-01	 -4,70537e-01
981	  1,9600000000e+03	 -2,03356e-01	 -4,68990e-01
982	  1,9620000000e+03	 -2,06054e-01	 -4,67551e-01
983	  1,9640000000e+03	 -2,10249e-01	 -4,67973e-01
984	  1,9660000000e+03	 -2,14495e-01	 -4,69085e-01
985	  1,9680000000e+03	 -2,12091e-01	 -4,71024e-01
986	  1,9700000000e+03	 -2,16092e-01	 -4,71453e-01
987	  1,9720000000e+03	 -2,24446e-01	 -4,69730e-01
988	  1,9740000000e+03	 -2,30013e-01	 -4,68192e-01
989	  1,9760000000e+03	 -2,34605e-01	 -4,68152e-01
990	  1,9780000000e+03	 -2,38787e-01	 -4,65403e-01
991	  1,9800000000e+03	 -2,45800e-01	 -4,63237e-01
992	  1,9820000000e+03	 -2,50967e-01	 -4,61788e-01
993	  1,9840000000e+03	 -2,53745e-01	 -4,62150e-01
994	  1,9860000000e+03	 -2,59173e-01	 -4,59873e-01
995	  1,9880000000e+03	 -2,65450e-01	 -4,60469e-01
996	  1,9900000000e+03	 -2,68753e-01	 -4,59312e-01
997	  1,9920000000e+03	 -2,73879e-01	 -4,57993e-01
998	  1,9940000000e+03	 -2,82997e-01	 -4,54515e-01
999	  1,9960000000e+03	 -2,88876e-01	 -4,49727e-01
1000	  1,9980000000e+03	 -2,91836e-01	 -4,46072e-01
1001	  2,0000000000e+03	 -2,96697e-01	 -4,42664e-01
1002	  2,0020000000e+03	 -3,00728e-01	 -4,40652e-01
1003	  2,0040000000e+03	 -3,04725e-01	 -4,38988e-01
1004	  2,0060000000e+03	 -3,09380e-01	 -4,35323e-01
1005	  2,0080000000e+03	 -3,13506e-01	 -4,32013e-01
1006	  2,0100000000e+03	 -3,20509e-01	 -4,28951e-01
1007	  2,0120000000e+03	 -3,28496e-01	 -4,26901e-01
1008	  2,0140000000e+03	 -3,33035e-01	 -4,23299e-01
1009	  2,0160000000e+03	 -3,35048e-01	 -4,19259e-01
1010	  2,0180000000e+03	 -3,38642e-01	 -4,14729e-01
1011	  2,0200000000e+03	 -3,45668e-01	 -4,10696e-01
1012	  2,0220000000e+03	 -3,50625e-01	 -4,04947e-01
1013	  2,0240000000e+03	 -3,53956e-01	 -3,99547e-01
1014	  2,0260000000e+03	 -3,58372e-01	 -3,94098e-01
1015	  2,0280000000e+03	 -3,61433e-01	 -3,90618e-01
1016	  2,0300000000e+03	 -3,64358e-01	 -3,85371e-01
1017	  2,0320000000e+03	 -3,64041e-01	 -3,80680e-01
1018	  2,0340000000e+03	 -3,66744e-01	 -3,74380e-01
1019	  2,0360000000e+03	 -3,71306e-01	 -3,71154e-01
1020	  2,0380000000e+03	 -3,75323e-01	 -3,67745e-01
1021	  2,0400000000e+03	 -3,76357e-01	 -3,63628e-01
1022	  2,0420000000e+03	 -3,77321e-01	 -3,60141e-01
1023	  2,0440000000e+03	 -3,79989e-01	 -3,58210e-01
1024	  2,0460000000e+03	 -3,81175e-01	 -3,53290e-01
1025	  2,0480000000e+03	 -3,83043e-01	 -3,50648e-01
1026	  2,0500000000e+03	 -3,85273e-01	 -3,49501e-01
1027	  2,0520000000e+03	 -3,85629e-01	 -3,43850e-01
1028	  2,0540000000e+03	 -3,88413e-01	 -3,40553e-01
1029	  2,0560000000e+03	 -3,92303e-01	 -3,37339e-01
1030	  2,0580000000e+03	 -3,93769e-01	 -3,33135e-01
1031	  2,0600000000e+03	 -3,94470e-01	 -3,28570e-01
1032	  2,0620000000e+03	 -3,96994e-01	 -3,24940e-01
1033	  2,0640000000e+03	 -4,01884e-01	 -3,22078e-01
1034	  2,0660000000e+03	 -4,05723e-01	 -3,20970e-01
1035	  2,0680000000e+03	 -4,09614e-01	 -3,17058e-01
1036	  2,0700000000e+03	 -4,12516e-01	 -3,13313e-01
1037	  2,0720000000e+03	 -4,14103e-01	 -3,13718e-01
1038	  2,0740000000e+03	 -4,16999e-01	 -3,08582e-01
1039	  2,0760000000e+03	 -4,19748e-01	 -3,06234e-01
1040	  2,0780000000e+03	 -4,22186e-01	 -3,03322e-01
1041	  2,0800000000e+03	 -4,24512e-01	 -2,98613e-01
1042	  2,0820000000e+03	 -4,25947e-01	 -2,96222e-01
1043	  2,0840000000e+03	 -4,29914e-01	 -2,92091e-01
1044	  2,0860000000e+03	 -4,35466e-01	 -2,90206e-01
1045	  2,0880000000e+03	 -4,39788e-01	 -2,86851e-01
1046	  2,0900000000e+03	 -4,42034e-01	 -2,83006e-01
1047	  2,0920000000e+03	 -4,45328e-01	 -2,78402e-01
1048	  2,0940000000e+03	 -4,47995e-01	 -2,74195e-01
1049	  2,0960000000e+03	 -4,48659e-01	 -2,66632e-01
1050	  2,0980000000e+03	 -4,52327e-01	 -2,63319e-01
1051	  2,1000000000e+03	 -4,56368e-01	 -2,59268e-01
1052	  2,1020000000e+03	 -4,58635e-01	 -2,54774e-01
1053	  2,1040000000e+03	 -4,62263e-01	 -2,52413e-01
1054	  2,1060000000e+03	 -4,65770e-01	 -2,48783e-01
1055	  2,1080000000e+03	 -4,67830e-01	 -2,45719e-01
1056	  2,1100000000e+03	 -4,70500e-01	 -2,39535e-01
1057	  2,1120000000e+03	 -4,74126e-01	 -2,31154e-01
1058	  2,1140000000e+03	 -4,75541e-01	 -2,26467e-01
1059	  2,1160000000e+03	 -4,80499e-01	 -2,23133e-01
1060	  2,1180000000e+03	 -4,82565e-01	 -2,18999e-01
1061	  2,1200000000e+03	 -4,82859e-01	 -2,11667e-01
1062	  2,1220000000e+03	 -4,85370e-01	 -2,05305e-01
1063	  2,1240000000e+03	 -4,86628e-01	 -2,00432e-01
1064	  2,1260000000e+03	 -4,86768e-01	 -1,91813e-01
1065	  2,1280000000e+03	 -4,89763e-01	 -1,87248e-01
1066	  2,1300000000e+03	 -4,90698e-01	 -1,85120e-01
1067	  2,1320000000e+03	 -4,90431e-01	 -1,77431e-01
1068	  2,1340000000e+03	 -4,88531e-01	 -1,71824e-01
1069	  2,1360000000e+03	 -4,91504e-01	 -1,68249e-01
1070	  2,1380000000e+03	 -4,94543e-01	 -1,60967e-01
1071	  2,1400000000e+03	 -4,94511e-01	 -1,57438e-01
1072	  2,1420000000e+03	 -4,91840e-01	 -1,55112e-01
1073	  2,1440000000e+03	 -4,89025e-01	 -1,50043e-01
1074	  2,1460000000e+03	 -4,89188e-01	 -1,42607e-01
1075	  2,1480000000e+03	 -4,90418e-01	 -1,38584e-01
1076	  2,1500000000e+03	 -4,90304e-01	 -1,36100e-01
1077	  2,1520000000e+03	 -4,88388e-01	 -1,32403e-01
1078	  2,1540000000e+03	 -4,90408e-01	 -1,27344e-01
1079	  2,1560000000e+03	 -4,90065e-01	 -1,25323e-01
1080	  2,1580000000e+03	 -4,88101e-01	 -1,21980e-01
1081	  2,1600000000e+03	 -4,88282e-01	 -1,17977e-01
1082	  2,1620000000e+03	 -4,89762e-01	 -1,16402e-01
1083	  2,1640000000e+03	 -4,90604e-01	 -1,11912e-01
1084	  2,1660000000e+03	 -4,92461e-01	 -1,05842e-01
1085	  2,1680000000e+03	 -4,92416e-01	 -1,04005e-01
1086	  2,1700000000e+03	 -4,90980e-01	 -9,94312e-02
1087	  2,1720000000e+03	 -4,90131e-01	 -9,73390e-02
1088	  2,1740000000e+03	 -4,93036e-01	 -9,23335e-02
1089	  2,1760000000e+03	 -4,95448e-01	 -8,95167e-02
1090	  2,1780000000e+03	 -4,96359e-01	 -8,72415e-02
1091	  2,1800000000e+03	 -4,96587e-01	 -8,29541e-02
1092	  2,1820000000e+03	 -4,96742e-01	 -7,96931e-02
1093	  2,1840000000e+03	 -4,96896e-01	 -7,89146e-02
1094	  2,1860000000e+03	 -4,99072e-01	 -7,62184e-02
1095	  2,1880000000e+03	 -5,01629e-01	 -7,42406e-02
1096	  2,1900000000e+03	 -5,04713e-01	 -6,88450e-02
1097	  2,1920000000e+03	 -5,05966e-01	 -6,46088e-02
1098	  2,1940000000e+03	 -5,08067e-01	 -6,11610e-02
1099	  2,1960000000e+03	 -5,09158e-01	 -5,62947e-02
1100	  2,1980000000e+03	 -5,12176e-01	 -5,29081e-02
1101	  2,2000000000e+03	 -5,15055e-01	 -4,72473e-02
1102	  2,2020000000e+03	 -5,17921e-01	 -4,38847e-02
1103	  2,2040000000e+03	 -5,20577e-01	 -3,93655e-02
1104	  2,2060000000e+03	 -5,19584e-01	 -3,47450e-02
1105	  2,2080000000e+03	 -5,19696e-01	 -2,84746e-02
1106	  2,2100000000e+03	 -5,23058e-01	 -2,34670e-02
1107	  2,2120000000e+03	 -5,21178e-01	 -1,80996e-02
1108	  2,2140000000e+03	 -5,24472e-01	 -1,09687e-02
1109	  2,2160000000e+03	 -5,27396e-01	 -5,49210e-03
1110	  2,2180000000e+03	 -5,26797e-01	  3,00330e-04
1111	  2,2200000000e+03	 -5,25711e-01	  5,82873e-03
1112	  2,2220000000e+03	 -5,25610e-01	  1,10010e-02
1113	  2,2240000000e+03	 -5,24074e-01	  1,65734e-02
1114	  2,2260000000e+03	 -5,25994e-01	  2,35166e-02
1115	  2,2280000000e+03	 -5,27436e-01	  2,99236e-02
1116	  2,2300000000e+03	 -5,28293e-01	  3,46897e-02
1117	  2,2320000000e+03	 -5,27097e-01	  3,70278e-02
1118	  2,2340000000e+03	 -5,26480e-01	  4,28979e-02
1119	  2,2360000000e+03	 -5,25297e-01	  5,00714e-02
1120	  2,2380000000e+03	 -5,25125e-01	  5,43669e-02
1121	  2,2400000000e+03	 -5,24095e-01	  6,01019e-02
1122	  2,2420000000e+03	 -5,22052e-01	  6,43496e-02
1123	  2,2440000000e+03	 -5,22317e-01	  7,17671e-02
1124	  2,2460000000e+03	 -5,21396e-01	  7,71838e-02
1125	  2,2480000000e+03	 -5,21460e-01	  8,11758e-02
1126	  2,2500000000e+03	 -5,18055e-01	  8,80117e-02
1127	  2,2520000000e+03	 -5,14091e-01	  9,41986e-02
1128	  2,2540000000e+03	 -5,11382e-01	  9,83338e-02
1129	  2,2560000000e+03	 -5,10673e-01	  1,04530e-01
1130	  2,2580000000e+03	 -5,09850e-01	  1,07684e-01
1131	  2,2600000000e+03	 -5,08520e-01	  1,12437e-01
1132	  2,2620000000e+03	 -5,08619e-01	  1,14055e-01
1133	  2,2640000000e+03	 -5,06616e-01	  1,19269e-01
1134	  2,2660000000e+03	 -5,04791e-01	  1,24872e-01
1135	  2,2680000000e+03	 -5,03615e-01	  1,29371e-01
1136	  2,2700000000e+03	 -5,01299e-01	  1,32143e-01
1137	  2,2720000000e+03	 -5,01249e-01	  1,38346e-01
1138	  2,2740000000e+03	 -5,00615e-01	  1,43623e-01
1139	  2,2760000000e+03	 -4,97977e-01	  1,47162e-01
1140	  2,2780000000e+03	 -4,95278e-01	  1,52679e-01
1141	  2,2800000000e+03	 -4,92891e-01	  1,54049e-01
1142	  2,2820000000e+03	 -4,90387e-01	  1,55047e-01
1143	  2,2840000000e+03	 -4,88687e-01	  1,62275e-01
1144	  2,2860000000e+03	 -4,88844e-01	  1,66184e-01
1145	  2,2880000000e+03	 -4,92154e-01	  1,64438e-01
1146	  2,2900000000e+03	 -4,91536e-01	  1,69789e-01
1147	  2,2920000000e+03	 -4,91068e-01	  1,77261e-01
1148	  2,2940000000e+03	 -4,91848e-01	  1,77936e-01
1149	  2,2960000000e+03	 -4,93076e-01	  1,84779e-01
1150	  2,2980000000e+03	 -4,92388e-01	  1,90780e-01
1151	  2,3000000000e+03	 -4,89213e-01	  1,96318e-01
1152	  2,3020000000e+03	 -4,88945e-01	  2,03557e-01
1153	  2,3040000000e+03	 -4,88350e-01	  2,09302e-01
1154	  2,3060000000e+03	 -4,84797e-01	  2,16494e-01
1155	  2,3080000000e+03	 -4,82825e-01	  2,20346e-01
1156	  2,3100000000e+03	 -4,82194e-01	  2,23975e-01
1157	  2,3120000000e+03	 -4,79574e-01	  2,30001e-01
1158	  2,3140000000e+03	 -4,76877e-01	  2,36336e-01
1159	  2,3160000000e+03	 -4,75078e-01	  2,42060e-01
1160	  2,3180000000e+03	 -4,72726e-01	  2,48650e-01
1161	  2,3200000000e+03	 -4,70676e-01	  2,54430e-01
1162	  2,3220000000e+03	 -4,67663e-01	  2,58702e-01
1163	  2,3240000000e+03	 -4,64491e-01	  2,62492e-01
1164	  2,3260000000e+03	 -4,61822e-01	  2,67848e-01
1165	  2,3280000000e+03	 -4,58667e-01	  2,73970e-01
1166	  2,3300000000e+03	 -4,56136e-01	  2,77022e-01
1167	  2,3320000000e+03	 -4,51509e-01	  2,79712e-01
1168	  2,3340000000e+03	 -4,48397e-01	  2,85635e-01
1169	  2,3360000000e+03	 -4,43005e-01	  2,91495e-01
1170	  2,3380000000e+03	 -4,38611e-01	  2,98151e-01
1171	  2,3400000000e+03	 -4,36252e-01	  3,00885e-01
1172	  2,3420000000e+03	 -4,35156e-01	  3,07756e-01
1173	  2,3440000000e+03	 -4,31793e-01	  3,12146e-01
1174	  2,3460000000e+03	 -4,29989e-01	  3,12621e-01
1175	  2,3480000000e+03	 -4,26797e-01	  3,18212e-01
1176	  2,3500000000e+03	 -4,21972e-01	  3,23606e-01
1177	  2,3520000000e+03	 -4,15128e-01	  3,29113e-01
1178	  2,3540000000e+03	 -4,09822e-01	  3,34155e-01
1179	  2,3560000000e+03	 -4,07386e-01	  3,37333e-01
1180	  2,3580000000e+03	 -4,03312e-01	  3,38672e-01
1181	  2,3600000000e+03	 -4,00493e-01	  3,40782e-01
1182	  2,3620000000e+03	 -3,95840e-01	  3,45236e-01
1183	  2,3640000000e+03	 -3,90444e-01	  3,48574e-01
1184	  2,3660000000e+03	 -3,85637e-01	  3,55832e-01
1185	  2,3680000000e+03	 -3,81062e-01	  3,60164e-01
1186	  2,3700000000e+03	 -3,75575e-01	  3,63999e-01
1187	  2,3720000000e+03	 -3,69909e-01	  3,64875e-01
1188	  2,3740000000e+03	 -3,66230e-01	  3,66376e-01
1189	  2,3760000000e+03	 -3,61614e-01	  3,69289e-01
1190	  2,3780000000e+03	 -3,56757e-01	  3,72045e-01
1191	  2,3800000000e+03	 -3,53561e-01	  3,70300e-01
1192	  2,3820000000e+03	 -3,48572e-01	  3,73198e-01
1193	  2,3840000000e+03	 -3,45713e-01	  3,73355e-01
1194	  2,3860000000e+03	 -3,41539e-01	  3,77487e-01
1195	  2,3880000000e+03	 -3,37725e-01	  3,82336e-01
1196	  2,3900000000e+03	 -3,35274e-01	  3,84382e-01
1197	  2,3920000000e+03	 -3,32564e-01	  3,85416e-01
1198	  2,3940000000e+03	 -3,29710e-01	  3,85948e-01
1199	  2,3960000000e+03	 -3,25237e-01	  3,89470e-01
1200	  2,3980000000e+03	 -3,20711e-01	  3,92731e-01
1201	  2,4000000000e+03	 -3,15444e-01	  3,94341e-01
1202	  2,4020000000e+03	 -3,11796e-01	  3,96474e-01
1203	  2,4040000000e+03	 -3,07857e-01	  4,00777e-01
1204	  2,4060000000e+03	 -3,05537e-01	  4,05393e-01
1205	  2,4080000000e+03	 -3,04082e-01	  4,05937e-01
1206	  2,4100000000e+03	 -3,00115e-01	  4,04636e-01
1207	  2,4120000000e+03	 -2,96337e-01	  4,07476e-01
1208	  2,4140000000e+03	 -2,92485e-01	  4,10469e-01
1209	  2,4160000000e+03	 -2,90677e-01	  4,13269e-01
1210	  2,4180000000e+03	 -2,86809e-01	  4,16346e-01
1211	  2,4200000000e+03	 -2,82330e-01	  4,18933e-01
1212	  2,4220000000e+03	 -2,78568e-01	  4,21532e-01
1213	  2,4240000000e+03	 -2,73437e-01	  4,25714e-01
1214	  2,4260000000e+03	 -2,70393e-01	  4,28985e-01
1215	  2,4280000000e+03	 -2,65662e-01	  4,30921e-01
1216	  2,4300000000e+03	 -2,60871e-01	  4,34428e-01
1217	  2,4320000000e+03	 -2,55474e-01	  4,36658e-01
1218	  2,4340000000e+03	 -2,54105e-01	  4,41825e-01
1219	  2,4360000000e+03	 -2,49280e-01	  4,41999e-01
1220	  2,4380000000e+03	 -2,43907e-01	  4,43589e-01
1221	  2,4400000000e+03	 -2,37937e-01	  4,45724e-01
1222	  2,4420000000e+03	 -2,30215e-01	  4,45751e-01
1223	  2,4440000000e+03	 -2,26786e-01	  4,49168e-01
1224	  2,4460000000e+03	 -2,23822e-01	  4,52227e-01
1225	  2,4480000000e+03	 -2,20396e-01	  4,54190e-01
1226	  2,4500000000e+03	 -2,16049e-01	  4,54343e-01
1227	  2,4520000000e+03	 -2,08169e-01	  4,56513e-01
1228	  2,4540000000e+03	 -2,04127e-01	  4,55783e-01
1229	  2,4560000000e+03	 -1,99606e-01	  4,58375e-01
1230	  2,4580000000e+03	 -1,94452e-01	  4,59423e-01
1231	  2,4600000000e+03	 -1,88665e-01	  4,60107e-01
1232	  2,4620000000e+03	 -1,85823e-01	  4,60685e-01
1233	  2,4640000000e+03	 -1,78862e-01	  4,62503e-01
1234	  2,4660000000e+03	 -1,73908e-01	  4,62355e-01
1235	  2,4680000000e+03	 -1,71744e-01	  4,63157e-01
1236	  2,4700000000e+03	 -1,67118e-01	  4,63403e-01
1237	  2,4720000000e+03	 -1,60876e-01	  4,62852e-01
1238	  2,4740000000e+03	 -1,56638e-01	  4,64583e-01
1239	  2,4760000000e+03	 -1,51507e-01	  4,62937e-01
1240	  2,4780000000e+03	 -1,48180e-01	  4,63503e-01
1241	  2,4800000000e+03	 -1,45533e-01	  4,65661e-01
1242	  2,4820000000e+03	 -1,41098e-01	  4,66315e-01
1243	  2,4840000000e+03	 -1,35559e-01	  4,65612e-01
1244	  2,4860000000e+03	 -1,32329e-01	  4,65660e-01
1245	  2,4880000000e+03	 -1,27426e-01	  4,64665e-01
1246	  2,4900000000e+03	 -1,21923e-01	  4,66264e-01
1247	  2,4920000000e+03	 -1,18718e-01	  4,65263e-01
1248	  2,4940000000e+03	 -1,15775e-01	  4,67443e-01
1249	  2,4960000000e+03	 -1,11203e-01	  4,68655e-01
1250	  2,4980000000e+03	 -1,08771e-01	  4,67491e-01
1251	  2,5000000000e+03	 -1,05085e-01	  4,70534e-01
1252	  2,5020000000e+03	 -9,81785e-02	  4,68386e-01
1253	  2,5040000000e+03	 -9,39024e-02	  4,65875e-01
1254	  2,5060000000e+03	 -9,41651e-02	  4,64506e-01
1255	  2,5080000000e+03	 -9,03635e-02	  4,64550e-01
1256	  2,5100000000e+03	 -8,69930e-02	  4,62862e-01
1257	  2,5120000000e+03	 -8,34103e-02	  4,62340e-01
1258	  2,5140000000e+03	 -8,07557e-02	  4,63162e-01
1259	  2,5160000000e+03	 -8,09793e-02	  4,60939e-01
1260	  2,5180000000e+03	 -7,82526e-02	  4,62100e-01
1261	  2,5200000000e+03	 -7,29654e-02	  4,66356e-01
1262	  2,5220000000e+03	 -7,01399e-02	  4,67410e-01
1263	  2,5240000000e+03	 -6,65726e-02	  4,70637e-01
1264	  2,5260000000e+03	 -6,41667e-02	  4,69995e-01
1265	  2,5280000000e+03	 -6,07371e-02	  4,70936e-01
1266	  2,5300000000e+03	 -5,58477e-02	  4,74825e-01
1267	  2,5320000000e+03	 -5,57189e-02	  4,77712e-01
1268	  2,5340000000e+03	 -5,40201e-02	  4,74816e-01
1269	  2,5360000000e+03	 -4,78424e-02	  4,78414e-01
1270	  2,5380000000e+03	 -4,52192e-02	  4,77604e-01
1271	  2,5400000000e+03	 -4,10932e-02	  4,82956e-01
1272	  2,5420000000e+03	 -3,49365e-02	  4,87185e-01
1273	  2,5440000000e+03	 -3,12952e-02	  4,90195e-01
1274	  2,5460000000e+03	 -2,84642e-02	  4,90084e-01
1275	  2,5480000000e+03	 -2,24773e-02	  4,88698e-01
1276	  2,5500000000e+03	 -1,75357e-02	  4,89352e-01
1277	  2,5520000000e+03	 -9,87631e-03	  4,89811e-01
1278	  2,5540000000e+03	 -5,62698e-03	  4,91208e-01
1279	  2,5560000000e+03	 -1,69953e-04	  4,93977e-01
1280	  2,5580000000e+03	  5,34240e-03	  4,93373e-01
1281	  2,5600000000e+03	  8,03267e-03	  4,92373e-01
1282	  2,5620000000e+03	  1,30726e-02	  4,92982e-01
1283	  2,5640000000e+03	  1,88572e-02	  4,92948e-01
1284	  2,5660000000e+03	  2,46266e-02	  4,93031e-01
1285	  2,5680000000e+03	  3,02027e-02	  4,93357e-01
1286	  2,5700000000e+03	  3,71783e-02	  4,95346e-01
1287	  2,5720000000e+03	  4,21094e-02	  4,96620e-01
1288	  2,5740000000e+03	  4,83254e-02	  4,94677e-01
1289	  2,5760000000e+03	  5,34127e-02	  4,93288e-01
1290	  2,5780000000e+03	  5,98453e-02	  4,94844e-01
1291	  2,5800000000e+03	  6,73025e-02	  4,95329e-01
1292	  2,5820000000e+03	  7,41320e-02	  4,93483e-01
1293	  2,5840000000e+03	  8,16206e-02	  4,90975e-01
1294	  2,5860000000e+03	  8,76777e-02	  4,88576e-01
1295	  2,5880000000e+03	  9,50365e-02	  4,84688e-01
1296	  2,5900000000e+03	  9,89840e-02	  4,82017e-01
1297	  2,5920000000e+03	  1,03860e-01	  4,80981e-01
1298	  2,5940000000e+03	  1,05550e-01	  4,76470e-01
1299	  2,5960000000e+03	  1,10259e-01	  4,74654e-01
1300	  2,5980000000e+03	  1,14647e-01	  4,70649e-01
1301	  2,6000000000e+03	  1,17225e-01	  4,68855e-01
1302	  2,6020000000e+03	  1,19405e-01	  4,66519e-01
1303	  2,6040000000e+03	  1,22988e-01	  4,66633e-01
1304	  2,6060000000e+03	  1,29290e-01	  4,63424e-01
1305	  2,6080000000e+03	  1,35563e-01	  4,61844e-01
1306	  2,6100000000e+03	  1,37118e-01	  4,60300e-01
1307	  2,6120000000e+03	  1,39805e-01	  4,58467e-01
1308	  2,6140000000e+03	  1,46386e-01	  4,57796e-01
1309	  2,6160000000e+03	  1,49350e-01	  4,53564e-01
1310	  2,6180000000e+03	  1,52215e-01	  4,51635e-01
1311	  2,6200000000e+03	  1,55230e-01	  4,48374e-01
1312	  2,6220000000e+03	  1,61114e-01	  4,45140e-01
1313	  2,6240000000e+03	  1,64593e-01	  4,44984e-01
1314	  2,6260000000e+03	  1,67410e-01	  4,45149e-01
1315	  2,6280000000e+03	  1,72953e-01	  4,40222e-01
1316	  2,6300000000e+03	  1,75153e-01	  4,40090e-01
1317	  2,6320000000e+03	  1,79632e-01	  4,39089e-01
1318	  2,6340000000e+03	  1,82520e-01	  4,36886e-01
1319	  2,6360000000e+03	  1,86138e-01	  4,33302e-01
1320	  2,6380000000e+03	  1,89009e-01	  4,32919e-01
1321	  2,6400000000e+03	  1,92637e-01	  4,35731e-01
1322	  2,6420000000e+03	  1,97742e-01	  4,35801e-01
1323	  2,6440000000e+03	  2,01523e-01	  4,31205e-01
1324	  2,6460000000e+03	  2,05342e-01	  4,26785e-01
1325	  2,6480000000e+03	  2,11431e-01	  4,23589e-01
1326	  2,6500000000e+03	  2,14789e-01	  4,23819e-01
1327	  2,6520000000e+03	  2,18726e-01	  4,21461e-01
1328	  2,6540000000e+03	  2,23485e-01	  4,17459e-01
1329	  2,6560000000e+03	  2,27556e-01	  4,15951e-01
1330	  2,6580000000e+03	  2,30297e-01	  4,13602e-01
1331	  2,6600000000e+03	  2,34844e-01	  4,12317e-01
1332	  2,6620000000e+03	  2,40538e-01	  4,07501e-01
1333	  2,6640000000e+03	  2,44326e-01	  4,04762e-01
1334	  2,6660000000e+03	  2,46704e-01	  4,03528e-01
1335	  2,6680000000e+03	  2,50455e-01	  3,99975e-01
1336	  2,6700000000e+03	  2,55877e-01	  3,98070e-01
1337	  2,6720000000e+03	  2,63858e-01	  3,95177e-01
1338	  2,6740000000e+03	  2,68044e-01	  3,93940e-01
1339	  2,6760000000e+03	  2,72324e-01	  3,89419e-01
1340	  2,6780000000e+03	  2,78132e-01	  3,82374e-01
1341	  2,6800000000e+03	  2,80035e-01	  3,80075e-01
1342	  2,6820000000e+03	  2,84133e-01	  3,76907e-01
1343	  2,6840000000e+03	  2,88388e-01	  3,71000e-01
1344	  2,6860000000e+03	  2,91393e-01	  3,65441e-01
1345	  2,6880000000e+03	  2,94888e-01	  3,61954e-01
1346	  2,6900000000e+03	  2,98241e-01	  3,58609e-01
1347	  2,6920000000e+03	  3,00658e-01	  3,51113e-01
1348	  2,6940000000e+03	  3,00414e-01	  3,43528e-01
1349	  2,6960000000e+03	  2,99289e-01	  3,41103e-01
1350	  2,6980000000e+03	  3,02984e-01	  3,38798e-01
1351	  2,7000000000e+03	  3,05538e-01	  3,34433e-01
1352	  2,7020000000e+03	  3,07136e-01	  3,31260e-01
1353	  2,7040000000e+03	  3,07208e-01	  3,26017e-01
1354	  2,7060000000e+03	  3,08088e-01	  3,22724e-01
1355	  2,7080000000e+03	  3,09745e-01	  3,19006e-01
1356	  2,7100000000e+03	  3,12807e-01	  3,16505e-01
1357	  2,7120000000e+03	  3,14354e-01	  3,13947e-01
1358	  2,7140000000e+03	  3,17288e-01	  3,08112e-01
1359	  2,7160000000e+03	  3,18133e-01	  3,03820e-01
1360	  2,7180000000e+03	  3,18893e-01	  2,99661e-01
1361	  2,7200000000e+03	  3,18664e-01	  2,93649e-01
1362	  2,7220000000e+03	  3,19738e-01	  2,92639e-01
1363	  2,7240000000e+03	  3,22060e-01	  2,91031e-01
1364	  2,7260000000e+03	  3,19413e-01	  2,90073e-01
1365	  2,7280000000e+03	  3,20186e-01	  2,85358e-01
1366	  2,7300000000e+03	  3,24091e-01	  2,81204e-01
1367	  2,7320000000e+03	  3,24246e-01	  2,80946e-01
1368	  2,7340000000e+03	  3,26456e-01	  2,77140e-01
1369	  2,7360000000e+03	  3,29284e-01	  2,73694e-01
1370	  2,7380000000e+03	  3,28327e-01	  2,75746e-01
1371	  2,7400000000e+03	  3,28784e-01	  2,75382e-01
1372	  2,7420000000e+03	  3,33896e-01	  2,71725e-01
1373	  2,7440000000e+03	  3,37072e-01	  2,68526e-01
1374	  2,7460000000e+03	  3,38346e-01	  2,65426e-01
1375	  2,7480000000e+03	  3,42274e-01	  2,62372e-01
1376	  2,7500000000e+03	  3,42867e-01	  2,61543e-01
1377	  2,7520000000e+03	  3,44063e-01	  2,56212e-01
1378	  2,7540000000e+03	  3,45820e-01	  2,53027e-01
1379	  2,7560000000e+03	  3,50427e-01	  2,49572e-01
1380	  2,7580000000e+03	  3,53596e-01	  2,48502e-01
1381	  2,7600000000e+03	  3,53459e-01	  2,45856e-01
1382	  2,7620000000e+03	  3,57101e-01	  2,42140e-01
1383	  2,7640000000e+03	  3,59884e-01	  2,36267e-01
1384	  2,7660000000e+03	  3,62242e-01	  2,31667e-01
1385	  2,7680000000e+03	  3,64033e-01	  2,28684e-01
1386	  2,7700000000e+03	  3,65753e-01	  2,23566e-01
1387	  2,7720000000e+03	  3,65042e-01	  2,19044e-01
1388	  2,7740000000e+03	  3,64915e-01	  2,15845e-01
1389	  2,7760000000e+03	  3,66038e-01	  2,08929e-01
1390	  2,7780000000e+03	  3,69395e-01	  2,04795e-01
1391	  2,7800000000e+03	  3,67930e-01	  2,01161e-01
1392	  2,7820000000e+03	  3,66019e-01	  1,99537e-01
1393	  2,7840000000e+03	  3,64811e-01	  1,92861e-01
1394	  2,7860000000e+03	  3,66188e-01	  1,91350e-01
1395	  2,7880000000e+03	  3,67445e-01	  1,89843e-01
1396	  2,7900000000e+03	  3,68651e-01	  1,87048e-01
1397	  2,7920000000e+03	  3,68695e-01	  1,84930e-01
1398	  2,7940000000e+03	  3,69282e-01	  1,81650e-01
1399	  2,7960000000e+03	  3,70778e-01	  1,78701e-01
1400	  2,7980000000e+03	  3,72360e-01	  1,75392e-01
1401	  2,8000000000e+03	  3,73838e-01	  1,72123e-01
1402	  2,8020000000e+03	  3,76744e-01	  1,70053e-01
1403	  2,8040000000e+03	  3,75395e-01	  1,66483e-01
1404	  2,8060000000e+03	  3,75371e-01	  1,63268e-01
1405	  2,8080000000e+03	  3,77405e-01	  1,60782e-01
1406	  2,8100000000e+03	  3,76098e-01	  1,57042e-01
1407	  2,8120000000e+03	  3,75007e-01	  1,52620e-01
1408	  2,8140000000e+03	  3,75749e-01	  1,51630e-01
1409	  2,8160000000e+03	  3,79393e-01	  1,48585e-01
1410	  2,8180000000e+03	  3,79282e-01	  1,49091e-01
1411	  2,8200000000e+03	  3,82354e-01	  1,46027e-01
1412	  2,8220000000e+03	  3,83754e-01	  1,43134e-01
1413	  2,8240000000e+03	  3,81631e-01	  1,39722e-01
1414	  2,8260000000e+03	  3,81354e-01	  1,34730e-01
1415	  2,8280000000e+03	  3,81811e-01	  1,29200e-01
1416	  2,8300000000e+03	  3,83584e-01	  1,25953e-01
1417	  2,8320000000e+03	  3,85454e-01	  1,22166e-01
1418	  2,8340000000e+03	  3,85674e-01	  1,21238e-01
1419	  2,8360000000e+03	  3,82415e-01	  1,16690e-01
1420	  2,8380000000e+03	  3,81814e-01	  1,14560e-01
1421	  2,8400000000e+03	  3,82653e-01	  1,12538e-01
1422	  2,8420000000e+03	  3,83632e-01	  1,11518e-01
1423	  2,8440000000e+03	  3,84370e-01	  1,12160e-01
1424	  2,8460000000e+03	  3,84261e-01	  1,09241e-01
1425	  2,8480000000e+03	  3,83197e-01	  1,05370e-01
1426	  2,8500000000e+03	  3,83095e-01	  1,01598e-01
1427	  2,8520000000e+03	  3,85740e-01	  1,00748e-01
1428	  2,8540000000e+03	  3,88482e-01	  9,80322e-02
1429	  2,8560000000e+03	  3,91578e-01	  9,38809e-02
1430	  2,8580000000e+03	  3,90228e-01	  9,15663e-02
1431	  2,8600000000e+03	  3,90596e-01	  8,66708e-02
1432	  2,8620000000e+03	  3,92863e-01	  8,64854e-02
1433	  2,8640000000e+03	  3,94277e-01	  8,31475e-02
1434	  2,8660000000e+03	  3,92802e-01	  7,82728e-02
1435	  2,8680000000e+03	  3,92321e-01	  7,54098e-02
1436	  2,8700000000e+03	  3,93744e-01	  7,37204e-02
1437	  2,8720000000e+03	  3,94380e-01	  7,15575e-02
1438	  2,8740000000e+03	  3,94892e-01	  7,00608e-02
1439	  2,8760000000e+03	  3,95374e-01	  6,66587e-02
1440	  2,8780000000e+03	  3,96410e-01	  6,47263e-02
1441	  2,8800000000e+03	  3,99006e-01	  6,36293e-02
1442	  2,8820000000e+03	  3,99073e-01	  5,75460e-02
1443	  2,8840000000e+03	  4,00453e-01	  5,09159e-02
1444	  2,8860000000e+03	  4,03421e-01	  4,84149e-02
1445	  2,8880000000e+03	  4,01845e-01	  4,39909e-02
1446	  2,8900000000e+03	  4,01587e-01	  3,85153e-02
1447	  2,8920000000e+03	  4,00753e-01	  3,16532e-02
1448	  2,8940000000e+03	  4,01284e-01	  2,96051e-02
1449	  2,8960000000e+03	  4,00509e-01	  2,90046e-02
1450	  2,8980000000e+03	  4,02044e-01	  2,44019e-02
1451	  2,9000000000e+03	  4,00812e-01	  2,14721e-02
1452	  2,9020000000e+03	  3,99926e-01	  2,11405e-02
1453	  2,9040000000e+03	  3,97057e-01	  1,70671e-02
1454	  2,9060000000e+03	  3,96159e-01	  1,21949e-02
1455	  2,9080000000e+03	  3,97766e-01	  7,59219e-03
1456	  2,9100000000e+03	  3,99124e-01	  3,40453e-03
1457	  2,9120000000e+03	  3,98306e-01	  1,65005e-03
1458	  2,9140000000e+03	  3,95355e-01	 -6,29958e-04
1459	  2,9160000000e+03	  3,94095e-01	 -3,59880e-03
1460	  2,9180000000e+03	  3,93812e-01	 -7,40791e-03
1461	  2,9200000000e+03	  3,94100e-01	 -9,21977e-03
1462	  2,9220000000e+03	  3,93705e-01	 -1,01143e-02
1463	  2,9240000000e+03	  3,93042e-01	 -1,42352e-02
1464	  2,9260000000e+03	  3,93296e-01	 -1,73633e-02
1465	  2,9280000000e+03	  3,94197e-01	 -2,20183e-02
1466	  2,9300000000e+03	  3,94052e-01	 -2,36357e-02
1467	  2,9320000000e+03	  3,97130e-01	 -2,40683e-02
1468	  2,9340000000e+03	  3,98657e-01	 -2,76075e-02
1469	  2,9360000000e+03	  3,99138e-01	 -3,45445e-02
1470	  2,9380000000e+03	  3,96487e-01	 -3,94282e-02
1471	  2,9400000000e+03	  3,97365e-01	 -4,43053e-02
1472	  2,9420000000e+03	  3,97111e-01	 -4,57310e-02
1473	  2,9440000000e+03	  3,95758e-01	 -4,93042e-02
1474	  2,9460000000e+03	  3,94309e-01	 -5,45599e-02
1475	  2,9480000000e+03	  3,92777e-01	 -6,01649e-02
1476	  2,9500000000e+03	  3,88830e-01	 -6,24775e-02
1477	  2,9520000000e+03	  3,87345e-01	 -6,26026e-02
1478	  2,9540000000e+03	  3,87857e-01	 -6,33034e-02
1479	  2,9560000000e+03	  3,89074e-01	 -6,68107e-02
1480	  2,9580000000e+03	  3,88905e-01	 -6,67152e-02
1481	  2,9600000000e+03	  3,85280e-01	 -7,24170e-02
1482	  2,9620000000e+03	  3,83927e-01	 -7,56181e-02
1483	  2,9640000000e+03	  3,86258e-01	 -7,71146e-02
1484	  2,9660000000e+03	  3,84908e-01	 -8,07512e-02
1485	  2,9680000000e+03	  3,83925e-01	 -8,35528e-02
1486	  2,9700000000e+03	  3,83545e-01	 -8,74970e-02
1487	  2,9720000000e+03	  3,81074e-01	 -9,01792e-02
1488	  2,9740000000e+03	  3,77814e-01	 -9,25982e-02
1489	  2,9760000000e+03	  3,76803e-01	 -9,38565e-02
1490	  2,9780000000e+03	  3,76859e-01	 -9,73212e-02
1491	  2,9800000000e+03	  3,75399e-01	 -1,01729e-01
1492	  2,9820000000e+03	  3,72861e-01	 -1,02667e-01
1493	  2,9840000000e+03	  3,73399e-01	 -1,05136e-01
1494	  2,9860000000e+03	  3,72833e-01	 -1,09215e-01
1495	  2,9880000000e+03	  3,73878e-01	 -1,10934e-01
1496	  2,9900000000e+03	  3,75938e-01	 -1,14619e-01
1497	  2,9920000000e+03	  3,75869e-01	 -1,17465e-01
1498	  2,9940000000e+03	  3,72402e-01	 -1,19883e-01
1499	  2,9960000000e+03	  3,71606e-01	 -1,22843e-01
1500	  2,9980000000e+03	  3,68788e-01	 -1,26219e-01
1501	  3,0000000000e+03	  3,69709e-01	 -1,25765e-01
1502	  3,0020000000e+03	  3,67306e-01	 -1,30326e-01
1503	  3,0040000000e+03	  3,66265e-01	 -1,31947e-01
1504	  3,0060000000e+03	  3,64953e-01	 -1,34320e-01
1505	  3,0080000000e+03	  3,66175e-01	 -1,38045e-01
1506	  3,0100000000e+03	  3,64633e-01	 -1,37545e-01
1507	  3,0120000000e+03	  3,63881e-01	 -1,40568e-01
1508	  3,0140000000e+03	  3,65780e-01	 -1,44480e-01
1509	  3,0160000000e+03	  3,64108e-01	 -1,49048e-01
1510	  3,0180000000e+03	  3,64189e-01	 -1,53765e-01
1511	  3,0200000000e+03	  3,61729e-01	 -1,56050e-01
1512	  3,0220000000e+03	  3,57618e-01	 -1,57582e-01
1513	  3,0240000000e+03	  3,57886e-01	 -1,60433e-01
1514	  3,0260000000e+03	  3,57696e-01	 -1,66246e-01
1515	  3,0280000000e+03	  3,55647e-01	 -1,71808e-01
1516	  3,0300000000e+03	  3,55199e-01	 -1,72820e-01
1517	  3,0320000000e+03	  3,50437e-01	 -1,73018e-01
1518	  3,0340000000e+03	  3,49600e-01	 -1,76938e-01
1519	  3,0360000000e+03	  3,48732e-01	 -1,78821e-01
1520	  3,0380000000e+03	  3,47369e-01	 -1,81154e-01
1521	  3,0400000000e+03	  3,48427e-01	 -1,85909e-01
1522	  3,0420000000e+03	  3,44283e-01	 -1,89014e-01
1523	  3,0440000000e+03	  3,41227e-01	 -1,92717e-01
1524	  3,0460000000e+03	  3,39536e-01	 -1,93957e-01
1525	  3,0480000000e+03	  3,38846e-01	 -1,95310e-01
1526	  3,0500000000e+03	  3,36254e-01	 -1,97916e-01
1527	  3,0520000000e+03	  3,36404e-01	 -1,97347e-01
1528	  3,0540000000e+03	  3,36762e-01	 -2,00435e-01
1529	  3,0560000000e+03	  3,34481e-01	 -2,07264e-01
1530	  3,0580000000e+03	  3,31789e-01	 -2,08655e-01
1531	  3,0600000000e+03	  3,31226e-01	 -2,11321e-01
1532	  3,0620000000e+03	  3,29998e-01	 -2,14540e-01
1533	  3,0640000000e+03	  3,27421e-01	 -2,18181e-01
1534	  3,0660000000e+03	  3,23912e-01	 -2,18156e-01
1535	  3,0680000000e+03	  3,23772e-01	 -2,19667e-01
1536	  3,0700000000e+03	  3,23054e-01	 -2,22161e-01
1537	  3,0720000000e+03	  3,22046e-01	 -2,24386e-01
1538	  3,0740000000e+03	  3,20453e-01	 -2,27824e-01
1539	  3,0760000000e+03	  3,20788e-01	 -2,27102e-01
1540	  3,0780000000e+03	  3,19167e-01	 -2,29991e-01
1541	  3,0800000000e+03	  3,15600e-01	 -2,33437e-01
1542	  3,0820000000e+03	  3,17686e-01	 -2,36480e-01
1543	  3,0840000000e+03	  3,17995e-01	 -2,40170e-01
1544	  3,0860000000e+03	  3,14882e-01	 -2,42725e-01
1545	  3,0880000000e+03	  3,11435e-01	 -2,45847e-01
1546	  3,0900000000e+03	  3,10076e-01	 -2,49372e-01
1547	  3,0920000000e+03	  3,06886e-01	 -2,52634e-01
1548	  3,0940000000e+03	  3,05717e-01	 -2,54466e-01
1549	  3,0960000000e+03	  3,05067e-01	 -2,55531e-01
1550	  3,0980000000e+03	  3,03633e-01	 -2,58434e-01
1551	  3,1000000000e+03	  3,02860e-01	 -2,63714e-01
1552	  3,1020000000e+03	  3,01235e-01	 -2,66097e-01
1553	  3,1040000000e+03	  2,96433e-01	 -2,68074e-01
1554	  3,1060000000e+03	  2,94465e-01	 -2,71899e-01
1555	  3,1080000000e+03	  2,92995e-01	 -2,76853e-01
1556	  3,1100000000e+03	  2,92433e-01	 -2,82191e-01
1557	  3,1120000000e+03	  2,92721e-01	 -2,84446e-01
1558	  3,1140000000e+03	  2,88681e-01	 -2,87339e-01
1559	  3,1160000000e+03	  2,85909e-01	 -2,90626e-01
1560	  3,1180000000e+03	  2,81562e-01	 -2,94150e-01
1561	  3,1200000000e+03	  2,79339e-01	 -2,97020e-01
1562	  3,1220000000e+03	  2,77959e-01	 -2,99667e-01
1563	  3,1240000000e+03	  2,73215e-01	 -3,02266e-01
1564	  3,1260000000e+03	  2,71897e-01	 -3,05166e-01
1565	  3,1280000000e+03	  2,69470e-01	 -3,07788e-01
1566	  3,1300000000e+03	  2,64642e-01	 -3,10057e-01
1567	  3,1320000000e+03	  2,61297e-01	 -3,13095e-01
1568	  3,1340000000e+03	  2,59291e-01	 -3,16024e-01
1569	  3,1360000000e+03	  2,57225e-01	 -3,17152e-01
1570	  3,1380000000e+03	  2,51253e-01	 -3,21162e-01
1571	  3,1400000000e+03	  2,46206e-01	 -3,22005e-01
1572	  3,1420000000e+03	  2,45137e-01	 -3,22362e-01
1573	  3,1440000000e+03	  2,43076e-01	 -3,24961e-01
1574	  3,1460000000e+03	  2,39641e-01	 -3,26237e-01
1575	  3,1480000000e+03	  2,36702e-01	 -3,28385e-01
1576	  3,1500000000e+03	  2,34820e-01	 -3,32201e-01
1577	  3,1520000000e+03	  2,32000e-01	 -3,33327e-01
1578	  3,1540000000e+03	  2,25944e-01	 -3,32910e-01
1579	  3,1560000000e+03	  2,23893e-01	 -3,33246e-01
1580	  3,1580000000e+03	  2,22735e-01	 -3,37960e-01
1581	  3,1600000000e+03	  2,19809e-01	 -3,39722e-01
1582	  3,1620000000e+03	  2,15386e-01	 -3,43655e-01
1583	  3,1640000000e+03	  2,13408e-01	 -3,45653e-01
1584	  3,1660000000e+03	  2,09310e-01	 -3,47685e-01
1585	  3,1680000000e+03	  2,05609e-01	 -3,48770e-01
1586	  3,1700000000e+03	  2,01683e-01	 -3,49926e-01
1587	  3,1720000000e+03	  2,00754e-01	 -3,51720e-01
1588	  3,1740000000e+03	  1,97027e-01	 -3,53194e-01
1589	  3,1760000000e+03	  1,94124e-01	 -3,51615e-01
1590	  3,1780000000e+03	  1,91636e-01	 -3,52451e-01
1591	  3,1800000000e+03	  1,88037e-01	 -3,52788e-01
1592	  3,1820000000e+03	  1,85045e-01	 -3,56027e-01
1593	  3,1840000000e+03	  1,84551e-01	 -3,59934e-01
1594	  3,1860000000e+03	  1,83861e-01	 -3,61913e-01
1595	  3,1880000000e+03	  1,81089e-01	 -3,63963e-01
1596	  3,1900000000e+03	  1,76645e-01	 -3,65874e-01
1597	  3,1920000000e+03	  1,70132e-01	 -3,67175e-01
1598	  3,1940000000e+03	  1,67005e-01	 -3,66460e-01
1599	  3,1960000000e+03	  1,64786e-01	 -3,68390e-01
1600	  3,1980000000e+03	  1,62870e-01	 -3,70332e-01
1601	  3,2000000000e+03	  1,58794e-01	 -3,74019e-01
1602	  3,2020000000e+03	  1,55426e-01	 -3,73427e-01
1603	  3,2040000000e+03	  1,51486e-01	 -3,73803e-01
1604	  3,2060000000e+03	  1,48140e-01	 -3,76239e-01
1605	  3,2080000000e+03	  1,47384e-01	 -3,78129e-01
1606	  3,2100000000e+03	  1,44839e-01	 -3,80411e-01
1607	  3,2120000000e+03	  1,43225e-01	 -3,80985e-01
1608	  3,2140000000e+03	  1,41865e-01	 -3,81210e-01
1609	  3,2160000000e+03	  1,35045e-01	 -3,84805e-01
1610	  3,2180000000e+03	  1,30449e-01	 -3,88961e-01
1611	  3,2200000000e+03	  1,26068e-01	 -3,88222e-01
1612	  3,2220000000e+03	  1,23539e-01	 -3,86320e-01
1613	  3,2240000000e+03	  1,19182e-01	 -3,86076e-01
1614	  3,2260000000e+03	  1,18119e-01	 -3,84623e-01
1615	  3,2280000000e+03	  1,16550e-01	 -3,85798e-01
1616	  3,2300000000e+03	  1,13257e-01	 -3,90739e-01
1617	  3,2320000000e+03	  1,06373e-01	 -3,94081e-01
1618	  3,2340000000e+03	  1,03258e-01	 -3,94049e-01
1619	  3,2360000000e+03	  1,02382e-01	 -3,92906e-01
1620	  3,2380000000e+03	  1,01492e-01	 -3,95380e-01
1621	  3,2400000000e+03	  9,83170e-02	 -3,96857e-01
1622	  3,2420000000e+03	  9,35960e-02	 -3,98222e-01
1623	  3,2440000000e+03	  8,87664e-02	 -3,97007e-01
1624	  3,2460000000e+03	  8,56172e-02	 -3,96036e-01
1625	  3,2480000000e+03	  8,13089e-02	 -3,99207e-01
1626	  3,2500000000e+03	  8,24809e-02	 -4,00249e-01
1627	  3,2520000000e+03	  7,84263e-02	 -4,01159e-01
1628	  3,2540000000e+03	  7,47503e-02	 -4,01205e-01
1629	  3,2560000000e+03	  7,08536e-02	 -4,02715e-01
1630	  3,2580000000e+03	  6,99166e-02	 -4,01835e-01
1631	  3,2600000000e+03	  6,49874e-02	 -4,03820e-01
1632	  3,2620000000e+03	  6,12657e-02	 -4,05707e-01
1633	  3,2640000000e+03	  5,83259e-02	 -4,07142e-01
1634	  3,2660000000e+03	  5,48599e-02	 -4,09218e-01
1635	  3,2680000000e+03	  5,12251e-02	 -4,07624e-01
1636	  3,2700000000e+03	  4,84819e-02	 -4,06231e-01
1637	  3,2720000000e+03	  4,35660e-02	 -4,09190e-01
1638	  3,2740000000e+03	  3,82914e-02	 -4,09410e-01
1639	  3,2760000000e+03	  3,46341e-02	 -4,10527e-01
1640	  3,2780000000e+03	  3,06196e-02	 -4,10627e-01
1641	  3,2800000000e+03	  2,75023e-02	 -4,10410e-01
1642	  3,2820000000e+03	  2,60041e-02	 -4,09454e-01
1643	  3,2840000000e+03	  2,26811e-02	 -4,07535e-01
1644	  3,2860000000e+03	  2,13064e-02	 -4,06819e-01
1645	  3,2880000000e+03	  1,64623e-02	 -4,09720e-01
1646	  3,2900000000e+03	  1,21688e-02	 -4,11709e-01
1647	  3,2920000000e+03	  1,17538e-02	 -4,10464e-01
1648	  3,2940000000e+03	  1,04115e-02	 -4,12920e-01
1649	  3,2960000000e+03	  5,45828e-03	 -4,14601e-01
1650	  3,2980000000e+03	  7,66408e-04	 -4,15080e-01
1651	  3,3000000000e+03	 -2,53690e-03	 -4,16909e-01
1652	  3,3020000000e+03	 -6,66573e-03	 -4,15787e-01
1653	  3,3040000000e+03	 -1,09538e-02	 -4,18751e-01
1654	  3,3060000000e+03	 -1,36089e-02	 -4,22134e-01
1655	  3,3080000000e+03	 -1,65233e-02	 -4,21241e-01
1656	  3,3100000000e+03	 -2,18918e-02	 -4,18178e-01
1657	  3,3120000000e+03	 -2,41229e-02	 -4,17633e-01
1658	  3,3140000000e+03	 -2,83949e-02	 -4,18477e-01
1659	  3,3160000000e+03	 -3,23471e-02	 -4,20236e-01
1660	  3,3180000000e+03	 -3,41460e-02	 -4,20240e-01
1661	  3,3200000000e+03	 -3,77194e-02	 -4,19295e-01
1662	  3,3220000000e+03	 -4,06831e-02	 -4,19329e-01
1663	  3,3240000000e+03	 -4,63585e-02	 -4,21508e-01
1664	  3,3260000000e+03	 -5,02327e-02	 -4,22287e-01
1665	  3,3280000000e+03	 -5,25225e-02	 -4,23630e-01
1666	  3,3300000000e+03	 -5,93924e-02	 -4,22596e-01
1667	  3,3320000000e+03	 -6,40204e-02	 -4,22066e-01
1668	  3,3340000000e+03	 -6,64929e-02	 -4,20692e-01
1669	  3,3360000000e+03	 -7,11519e-02	 -4,21611e-01
1670	  3,3380000000e+03	 -7,33056e-02	 -4,23520e-01
1671	  3,3400000000e+03	 -7,52833e-02	 -4,23201e-01
1672	  3,3420000000e+03	 -8,13037e-02	 -4,22473e-01
1673	  3,3440000000e+03	 -8,66348e-02	 -4,23435e-01
1674	  3,3460000000e+03	 -9,19696e-02	 -4,22026e-01
1675	  3,3480000000e+03	 -9,45558e-02	 -4,20936e-01
1676	  3,3500000000e+03	 -1,01693e-01	 -4,21002e-01
1677	  3,3520000000e+03	 -1,07178e-01	 -4,22881e-01
1678	  3,3540000000e+03	 -1,10920e-01	 -4,19394e-01
1679	  3,3560000000e+03	 -1,13935e-01	 -4,17986e-01
1680	  3,3580000000e+03	 -1,18975e-01	 -4,17443e-01
1681	  3,3600000000e+03	 -1,24452e-01	 -4,13360e-01
1682	  3,3620000000e+03	 -1,27600e-01	 -4,13745e-01
1683	  3,3640000000e+03	 -1,28926e-01	 -4,14069e-01
1684	  3,3660000000e+03	 -1,32943e-01	 -4,12498e-01
1685	  3,3680000000e+03	 -1,37091e-01	 -4,13161e-01
1686	  3,3700000000e+03	 -1,40448e-01	 -4,11810e-01
1687	  3,3720000000e+03	 -1,44746e-01	 -4,10720e-01
1688	  3,3740000000e+03	 -1,48407e-01	 -4,09602e-01
1689	  3,3760000000e+03	 -1,52816e-01	 -4,07663e-01
1690	  3,3780000000e+03	 -1,56790e-01	 -4,07277e-01
1691	  3,3800000000e+03	 -1,63162e-01	 -4,06612e-01
1692	  3,3820000000e+03	 -1,67194e-01	 -4,06046e-01
1693	  3,3840000000e+03	 -1,72275e-01	 -4,08585e-01
1694	  3,3860000000e+03	 -1,75306e-01	 -4,06317e-01
1695	  3,3880000000e+03	 -1,81241e-01	 -4,04974e-01
1696	  3,3900000000e+03	 -1,84501e-01	 -4,00916e-01
1697	  3,3920000000e+03	 -1,87122e-01	 -3,97995e-01
1698	  3,3940000000e+03	 -1,94457e-01	 -3,96565e-01
1699	  3,3960000000e+03	 -1,96104e-01	 -3,94918e-01
1700	  3,3980000000e+03	 -1,96255e-01	 -3,92837e-01
1701	  3,4000000000e+03	 -2,02238e-01	 -3,91715e-01
1702	  3,4020000000e+03	 -2,04707e-01	 -3,90286e-01
1703	  3,4040000000e+03	 -2,07447e-01	 -3,87495e-01
1704	  3,4060000000e+03	 -2,10380e-01	 -3,87091e-01
1705	  3,4080000000e+03	 -2,14667e-01	 -3,84531e-01
1706	  3,4100000000e+03	 -2,19183e-01	 -3,82459e-01
1707	  3,4120000000e+03	 -2,24494e-01	 -3,83367e-01
1708	  3,4140000000e+03	 -2,26170e-01	 -3,83568e-01
1709	  3,4160000000e+03	 -2,31086e-01	 -3,84576e-01
1710	  3,4180000000e+03	 -2,35815e-01	 -3,80068e-01
1711	  3,4200000000e+03	 -2,38477e-01	 -3,76909e-01
1712	  3,4220000000e+03	 -2,41656e-01	 -3,75540e-01
1713	  3,4240000000e+03	 -2,48953e-01	 -3,74515e-01
1714	  3,4260000000e+03	 -2,52393e-01	 -3,70645e-01
1715	  3,4280000000e+03	 -2,54965e-01	 -3,68422e-01
1716	  3,4300000000e+03	 -2,63292e-01	 -3,67120e-01
1717	  3,4320000000e+03	 -2,67683e-01	 -3,64963e-01
1718	  3,4340000000e+03	 -2,72622e-01	 -3,62068e-01
1719	  3,4360000000e+03	 -2,76920e-01	 -3,61138e-01
1720	  3,4380000000e+03	 -2,80104e-01	 -3,56060e-01
1721	  3,4400000000e+03	 -2,84850e-01	 -3,50267e-01
1722	  3,4420000000e+03	 -2,87753e-01	 -3,49652e-01
1723	  3,4440000000e+03	 -2,91379e-01	 -3,46191e-01
1724	  3,4460000000e+03	 -2,97274e-01	 -3,41309e-01
1725	  3,4480000000e+03	 -2,99285e-01	 -3,40147e-01
1726	  3,4500000000e+03	 -3,01190e-01	 -3,36995e-01
1727	  3,4520000000e+03	 -3,04520e-01	 -3,33642e-01
1728	  3,4540000000e+03	 -3,08310e-01	 -3,32581e-01
1729	  3,4560000000e+03	 -3,09984e-01	 -3,32086e-01
1730	  3,4580000000e+03	 -3,12444e-01	 -3,27718e-01
1731	  3,4600000000e+03	 -3,18763e-01	 -3,24980e-01
1732	  3,4620000000e+03	 -3,23385e-01	 -3,23016e-01
1733	  3,4640000000e+03	 -3,25392e-01	 -3,20640e-01
1734	  3,4660000000e+03	 -3,29135e-01	 -3,16584e-01
1735	  3,4680000000e+03	 -3,31084e-01	 -3,12368e-01
1736	  3,4700000000e+03	 -3,37164e-01	 -3,09535e-01
1737	  3,4720000000e+03	 -3,43480e-01	 -3,06350e-01
1738	  3,4740000000e+03	 -3,46941e-01	 -3,01624e-01
1739	  3,4760000000e+03	 -3,46370e-01	 -2,96483e-01
1740	  3,4780000000e+03	 -3,49501e-01	 -2,93883e-01
1741	  3,4800000000e+03	 -3,55574e-01	 -2,91599e-01
1742	  3,4820000000e+03	 -3,56844e-01	 -2,90500e-01
1743	  3,4840000000e+03	 -3,61688e-01	 -2,85971e-01
1744	  3,4860000000e+03	 -3,65028e-01	 -2,80782e-01
1745	  3,4880000000e+03	 -3,65631e-01	 -2,76878e-01
1746	  3,4900000000e+03	 -3,69108e-01	 -2,73345e-01
1747	  3,4920000000e+03	 -3,72728e-01	 -2,67958e-01
1748	  3,4940000000e+03	 -3,77238e-01	 -2,62949e-01
1749	  3,4960000000e+03	 -3,79271e-01	 -2,57241e-01
1750	  3,4980000000e+03	 -3,81786e-01	 -2,53808e-01
1751	  3,5000000000e+03	 -3,83933e-01	 -2,52169e-01
1752	  3,5020000000e+03	 -3,87277e-01	 -2,49060e-01
1753	  3,5040000000e+03	 -3,89272e-01	 -2,44508e-01
1754	  3,5060000000e+03	 -3,91266e-01	 -2,40668e-01
1755	  3,5080000000e+03	 -3,94104e-01	 -2,37443e-01
1756	  3,5100000000e+03	 -3,97974e-01	 -2,31789e-01
1757	  3,5120000000e+03	 -3,99681e-01	 -2,25036e-01
1758	  3,5140000000e+03	 -4,03169e-01	 -2,22293e-01
1759	  3,5160000000e+03	 -4,07326e-01	 -2,18672e-01
1760	  3,5180000000e+03	 -4,05327e-01	 -2,15757e-01
1761	  3,5200000000e+03	 -4,08488e-01	 -2,10375e-01
1762	  3,5220000000e+03	 -4,12154e-01	 -2,05884e-01
1763	  3,5240000000e+03	 -4,14591e-01	 -2,01572e-01
1764	  3,5260000000e+03	 -4,15426e-01	 -2,00849e-01
1765	  3,5280000000e+03	 -4,15588e-01	 -1,96212e-01
1766	  3,5300000000e+03	 -4,19374e-01	 -1,91723e-01
1767	  3,5320000000e+03	 -4,21917e-01	 -1,87727e-01
1768	  3,5340000000e+03	 -4,23832e-01	 -1,82082e-01
1769	  3,5360000000e+03	 -4,27926e-01	 -1,75769e-01
1770	  3,5380000000e+03	 -4,30698e-01	 -1,71260e-01
1771	  3,5400000000e+03	 -4,32563e-01	 -1,67809e-01
1772	  3,5420000000e+03	 -4,35970e-01	 -1,64461e-01
1773	  3,5440000000e+03	 -4,39545e-01	 -1,58743e-01
1774	  3,5460000000e+03	 -4,37581e-01	 -1,56090e-01
1775	  3,5480000000e+03	 -4,39650e-01	 -1,47413e-01
1776	  3,5500000000e+03	 -4,41974e-01	 -1,41158e-01
1777	  3,5520000000e+03	 -4,43324e-01	 -1,36466e-01
1778	  3,5540000000e+03	 -4,45403e-01	 -1,31983e-01
1779	  3,5560000000e+03	 -4,46321e-01	 -1,27243e-01
1780	  3,5580000000e+03	 -4,47877e-01	 -1,24176e-01
1781	  3,5600000000e+03	 -4,49654e-01	 -1,15017e-01
1782	  3,5620000000e+03	 -4,53110e-01	 -1,07837e-01
1783	  3,5640000000e+03	 -4,53776e-01	 -1,02601e-01
1784	  3,5660000000e+03	 -4,53069e-01	 -9,65362e-02
1785	  3,5680000000e+03	 -4,54113e-01	 -9,14581e-02
1786	  3,5700000000e+03	 -4,56069e-01	 -8,64105e-02
1787	  3,5720000000e+03	 -4,56218e-01	 -8,29040e-02
1788	  3,5740000000e+03	 -4,56024e-01	 -7,66374e-02
1789	  3,5760000000e+03	 -4,54156e-01	 -6,89454e-02
1790	  3,5780000000e+03	 -4,51792e-01	 -6,14984e-02
1791	  3,5800000000e+03	 -4,52613e-01	 -5,51817e-02
1792	  3,5820000000e+03	 -4,51535e-01	 -5,15606e-02
1793	  3,5840000000e+03	 -4,50784e-01	 -4,87431e-02
1794	  3,5860000000e+03	 -4,50308e-01	 -4,52819e-02
1795	  3,5880000000e+03	 -4,50941e-01	 -3,82628e-02
1796	  3,5900000000e+03	 -4,50865e-01	 -3,33374e-02
1797	  3,5920000000e+03	 -4,50342e-01	 -2,87810e-02
1798	  3,5940000000e+03	 -4,51968e-01	 -2,45138e-02
1799	  3,5960000000e+03	 -4,51559e-01	 -1,96497e-02
1800	  3,5980000000e+03	 -4,49273e-01	 -1,67721e-02
1801	  3,6000000000e+03	 -4,45811e-01	 -1,34686e-02
1802	  3,6020000000e+03	 -4,47032e-01	 -8,58048e-03
1803	  3,6040000000e+03	 -4,48297e-01	 -3,48322e-03
1804	  3,6060000000e+03	 -4,48120e-01	  2,11702e-03
1805	  3,6080000000e+03	 -4,44439e-01	  5,79357e-03
1806	  3,6100000000e+03	 -4,44248e-01	  8,44964e-03
1807	  3,6120000000e+03	 -4,45361e-01	  1,16489e-02
1808	  3,6140000000e+03	 -4,45296e-01	  1,78146e-02
1809	  3,6160000000e+03	 -4,44099e-01	  2,36539e-02
1810	  3,6180000000e+03	 -4,44236e-01	  2,80460e-02
1811	  3,6200000000e+03	 -4,46197e-01	  3,34635e-02
1812	  3,6220000000e+03	 -4,45512e-01	  3,66159e-02
1813	  3,6240000000e+03	 -4,43945e-01	  4,23806e-02
1814	  3,6260000000e+03	 -4,40491e-01	  4,69987e-02
1815	  3,6280000000e+03	 -4,39741e-01	  5,17793e-02
1816	  3,6300000000e+03	 -4,41239e-01	  5,64706e-02
1817	  3,6320000000e+03	 -4,41482e-01	  6,26337e-02
1818	  3,6340000000e+03	 -4,40444e-01	  6,66767e-02
1819	  3,6360000000e+03	 -4,37697e-01	  6,92133e-02
1820	  3,6380000000e+03	 -4,35416e-01	  7,75473e-02
1821	  3,6400000000e+03	 -4,35115e-01	  8,33246e-02
1822	  3,6420000000e+03	 -4,33413e-01	  8,63601e-02
1823	  3,6440000000e+03	 -4,28626e-01	  9,38914e-02
1824	  3,6460000000e+03	 -4,28842e-01	  1,00529e-01
1825	  3,6480000000e+03	 -4,25549e-01	  1,05572e-01
1826	  3,6500000000e+03	 -4,22883e-01	  1,05505e-01
1827	  3,6520000000e+03	 -4,19767e-01	  1,10506e-01
1828	  3,6540000000e+03	 -4,18577e-01	  1,18220e-01
1829	  3,6560000000e+03	 -4,16033e-01	  1,21577e-01
1830	  3,6580000000e+03	 -4,13991e-01	  1,22237e-01
1831	  3,6600000000e+03	 -4,08564e-01	  1,26144e-01
1832	  3,6620000000e+03	 -4,04730e-01	  1,31447e-01
1833	  3,6640000000e+03	 -4,04772e-01	  1,36182e-01
1834	  3,6660000000e+03	 -4,02810e-01	  1,37816e-01
1835	  3,6680000000e+03	 -3,98729e-01	  1,42451e-01
1836	  3,6700000000e+03	 -3,95588e-01	  1,47645e-01
1837	  3,6720000000e+03	 -3,92619e-01	  1,51049e-01
1838	  3,6740000000e+03	 -3,93450e-01	  1,52679e-01
1839	  3,6760000000e+03	 -3,92131e-01	  1,53432e-01
1840	  3,6780000000e+03	 -3,89178e-01	  1,54466e-01
1841	  3,6800000000e+03	 -3,86281e-01	  1,56589e-01
1842	  3,6820000000e+03	 -3,83564e-01	  1,60563e-01
1843	  3,6840000000e+03	 -3,81430e-01	  1,64657e-01
1844	  3,6860000000e+03	 -3,78811e-01	  1,68070e-01
1845	  3,6880000000e+03	 -3,76476e-01	  1,73225e-01
1846	  3,6900000000e+03	 -3,72180e-01	  1,75976e-01
1847	  3,6920000000e+03	 -3,67087e-01	  1,77363e-01
1848	  3,6940000000e+03	 -3,65041e-01	  1,78966e-01
1849	  3,6960000000e+03	 -3,63620e-01	  1,79525e-01
1850	  3,6980000000e+03	 -3,61293e-01	  1,81798e-01
1851	  3,7000000000e+03	 -3,62479e-01	  1,84519e-01
1852	  3,7020000000e+03	 -3,63710e-01	  1,89505e-01
1853	  3,7040000000e+03	 -3,63719e-01	  1,92698e-01
1854	  3,7060000000e+03	 -3,61849e-01	  1,91898e-01
1855	  3,7080000000e+03	 -3,57712e-01	  1,96788e-01
1856	  3,7100000000e+03	 -3,54674e-01	  2,01483e-01
1857	  3,7120000000e+03	 -3,52131e-01	  2,07486e-01
1858	  3,7140000000e+03	 -3,50792e-01	  2,10669e-01
1859	  3,7160000000e+03	 -3,48622e-01	  2,11693e-01
1860	  3,7180000000e+03	 -3,47234e-01	  2,16052e-01
1861	  3,7200000000e+03	 -3,44818e-01	  2,19540e-01
1862	  3,7220000000e+03	 -3,43383e-01	  2,21543e-01
1863	  3,7240000000e+03	 -3,42140e-01	  2,24327e-01
1864	  3,7260000000e+03	 -3,39545e-01	  2,27252e-01
1865	  3,7280000000e+03	 -3,34545e-01	  2,29433e-01
1866	  3,7300000000e+03	 -3,31985e-01	  2,31717e-01
1867	  3,7320000000e+03	 -3,30390e-01	  2,34714e-01
1868	  3,7340000000e+03	 -3,28490e-01	  2,37595e-01
1869	  3,7360000000e+03	 -3,26659e-01	  2,42618e-01
1870	  3,7380000000e+03	 -3,26465e-01	  2,46490e-01
1871	  3,7400000000e+03	 -3,23400e-01	  2,49412e-01
1872	  3,7420000000e+03	 -3,20464e-01	  2,55021e-01
1873	  3,7440000000e+03	 -3,15326e-01	  2,59548e-01
1874	  3,7460000000e+03	 -3,11600e-01	  2,62150e-01
1875	  3,7480000000e+03	 -3,09992e-01	  2,63055e-01
1876	  3,7500000000e+03	 -3,08038e-01	  2,67434e-01
1877	  3,7520000000e+03	 -3,04189e-01	  2,71554e-01
1878	  3,7540000000e+03	 -3,02080e-01	  2,72297e-01
1879	  3,7560000000e+03	 -2,97886e-01	  2,74998e-01
1880	  3,7580000000e+03	 -2,91439e-01	  2,79164e-01
1881	  3,7600000000e+03	 -2,89833e-01	  2,78505e-01
1882	  3,7620000000e+03	 -2,85538e-01	  2,81355e-01
1883	  3,7640000000e+03	 -2,81443e-01	  2,83857e-01
1884	  3,7660000000e+03	 -2,75654e-01	  2,85411e-01
1885	  3,7680000000e+03	 -2,73834e-01	  2,87147e-01
1886	  3,7700000000e+03	 -2,72035e-01	  2,91965e-01
1887	  3,7720000000e+03	 -2,69299e-01	  2,93444e-01
1888	  3,7740000000e+03	 -2,66492e-01	  2,93358e-01
1889	  3,7760000000e+03	 -2,63343e-01	  2,96213e-01
1890	  3,7780000000e+03	 -2,58562e-01	  2,99563e-01
1891	  3,7800000000e+03	 -2,55224e-01	  3,00391e-01
1892	  3,7820000000e+03	 -2,50429e-01	  3,03086e-01
1893	  3,7840000000e+03	 -2,50209e-01	  3,05103e-01
1894	  3,7860000000e+03	 -2,49279e-01	  3,08024e-01
1895	  3,7880000000e+03	 -2,42959e-01	  3,10136e-01
1896	  3,7900000000e+03	 -2,35308e-01	  3,08596e-01
1897	  3,7920000000e+03	 -2,33123e-01	  3,10102e-01
1898	  3,7940000000e+03	 -2,31424e-01	  3,12173e-01
1899	  3,7960000000e+03	 -2,27762e-01	  3,15224e-01
1900	  3,7980000000e+03	 -2,24936e-01	  3,15222e-01
1901	  3,8000000000e+03	 -2,21998e-01	  3,14562e-01
1902	  3,8020000000e+03	 -2,18923e-01	  3,18378e-01
1903	  3,8040000000e+03	 -2,16287e-01	  3,21549e-01
1904	  3,8060000000e+03	 -2,15222e-01	  3,24051e-01
1905	  3,8080000000e+03	 -2,11019e-01	  3,23918e-01
1906	  3,8100000000e+03	 -2,06512e-01	  3,23806e-01
1907	  3,8120000000e+03	 -2,03624e-01	  3,23704e-01
1908	  3,8140000000e+03	 -2,03019e-01	  3,25797e-01
1909	  3,8160000000e+03	 -1,98367e-01	  3,28215e-01
1910	  3,8180000000e+03	 -1,93026e-01	  3,29310e-01
1911	  3,8200000000e+03	 -1,91509e-01	  3,31714e-01
1912	  3,8220000000e+03	 -1,89946e-01	  3,30713e-01
1913	  3,8240000000e+03	 -1,85637e-01	  3,31561e-01
1914	  3,8260000000e+03	 -1,81258e-01	  3,38263e-01
1915	  3,8280000000e+03	 -1,78274e-01	  3,38098e-01
1916	  3,8300000000e+03	 -1,74510e-01	  3,38357e-01
1917	  3,8320000000e+03	 -1,71869e-01	  3,42277e-01
1918	  3,8340000000e+03	 -1,69819e-01	  3,42029e-01
1919	  3,8360000000e+03	 -1,67643e-01	  3,41401e-01
1920	  3,8380000000e+03	 -1,64240e-01	  3,44781e-01
1921	  3,8400000000e+03	 -1,61360e-01	  3,44266e-01
1922	  3,8420000000e+03	 -1,59077e-01	  3,44660e-01
1923	  3,8440000000e+03	 -1,56417e-01	  3,47757e-01
1924	  3,8460000000e+03	 -1,52635e-01	  3,51665e-01
1925	  3,8480000000e+03	 -1,47321e-01	  3,53872e-01
1926	  3,8500000000e+03	 -1,42149e-01	  3,55277e-01
1927	  3,8520000000e+03	 -1,39114e-01	  3,57269e-01
1928	  3,8540000000e+03	 -1,34139e-01	  3,59561e-01
1929	  3,8560000000e+03	 -1,29819e-01	  3,60339e-01
1930	  3,8580000000e+03	 -1,27991e-01	  3,61038e-01
1931	  3,8600000000e+03	 -1,23148e-01	  3,60743e-01
1932	  3,8620000000e+03	 -1,20512e-01	  3,64754e-01
1933	  3,8640000000e+03	 -1,15304e-01	  3,66535e-01
1934	  3,8660000000e+03	 -1,09435e-01	  3,64713e-01
1935	  3,8680000000e+03	 -1,03543e-01	  3,65741e-01
1936	  3,8700000000e+03	 -9,91817e-02	  3,67153e-01
1937	  3,8720000000e+03	 -9,47119e-02	  3,66354e-01
1938	  3,8740000000e+03	 -8,97332e-02	  3,64449e-01
1939	  3,8760000000e+03	 -8,66141e-02	  3,65594e-01
1940	  3,8780000000e+03	 -8,30279e-02	  3,63190e-01
1941	  3,8800000000e+03	 -7,71099e-02	  3,62693e-01
1942	  3,8820000000e+03	 -7,53944e-02	  3,61719e-01
1943	  3,8840000000e+03	 -7,35894e-02	  3,61024e-01
1944	  3,8860000000e+03	 -7,08600e-02	  3,60802e-01
1945	  3,8880000000e+03	 -6,67082e-02	  3,63116e-01
1946	  3,8900000000e+03	 -6,29952e-02	  3,63697e-01
1947	  3,8920000000e+03	 -5,97341e-02	  3,62853e-01
1948	  3,8940000000e+03	 -5,57307e-02	  3,62909e-01
1949	  3,8960000000e+03	 -5,33457e-02	  3,60982e-01
1950	  3,8980000000e+03	 -4,82390e-02	  3,62071e-01
1951	  3,9000000000e+03	 -4,45101e-02	  3,61991e-01
1952	  3,9020000000e+03	 -4,25287e-02	  3,61677e-01
1953	  3,9040000000e+03	 -3,72786e-02	  3,59394e-01
1954	  3,9060000000e+03	 -3,32046e-02	  3,56698e-01
1955	  3,9080000000e+03	 -3,10571e-02	  3,57759e-01
1956	  3,9100000000e+03	 -2,71948e-02	  3,56747e-01
1957	  3,9120000000e+03	 -2,75589e-02	  3,56105e-01
1958	  3,9140000000e+03	 -2,47597e-02	  3,58035e-01
1959	  3,9160000000e+03	 -2,04091e-02	  3,58642e-01
1960	  3,9180000000e+03	 -1,71404e-02	  3,57635e-01
1961	  3,9200000000e+03	 -1,43091e-02	  3,57311e-01
1962	  3,9220000000e+03	 -1,21449e-02	  3,56648e-01
1963	  3,9240000000e+03	 -8,61691e-03	  3,54696e-01
1964	  3,9260000000e+03	 -5,71500e-03	  3,54649e-01
1965	  3,9280000000e+03	 -1,78690e-03	  3,56276e-01
1966	  3,9300000000e+03	  2,97644e-03	  3,57729e-01
1967	  3,9320000000e+03	  3,42145e-03	  3,60346e-01
1968	  3,9340000000e+03	  7,05038e-03	  3,61139e-01
1969	  3,9360000000e+03	  9,87710e-03	  3,59193e-01
1970	  3,9380000000e+03	  1,25090e-02	  3,55823e-01
1971	  3,9400000000e+03	  1,60002e-02	  3,54195e-01
1972	  3,9420000000e+03	  2,11312e-02	  3,56236e-01
1973	  3,9440000000e+03	  2,49423e-02	  3,55724e-01
1974	  3,9460000000e+03	  2,70816e-02	  3,55737e-01
1975	  3,9480000000e+03	  2,85297e-02	  3,54469e-01
1976	  3,9500000000e+03	  3,21068e-02	  3,52019e-01
1977	  3,9520000000e+03	  3,65658e-02	  3,52383e-01
1978	  3,9540000000e+03	  3,81200e-02	  3,53721e-01
1979	  3,9560000000e+03	  4,22201e-02	  3,54079e-01
1980	  3,9580000000e+03	  4,46648e-02	  3,55505e-01
1981	  3,9600000000e+03	  4,75216e-02	  3,58961e-01
1982	  3,9620000000e+03	  5,27490e-02	  3,58181e-01
1983	  3,9640000000e+03	  5,94933e-02	  3,55450e-01
1984	  3,9660000000e+03	  6,51953e-02	  3,53355e-01
1985	  3,9680000000e+03	  6,91246e-02	  3,53852e-01
1986	  3,9700000000e+03	  7,19620e-02	  3,52770e-01
1987	  3,9720000000e+03	  7,76917e-02	  3,50317e-01
1988	  3,9740000000e+03	  8,21460e-02	  3,50932e-01
1989	  3,9760000000e+03	  8,53527e-02	  3,50117e-01
1990	  3,9780000000e+03	  8,95422e-02	  3,47629e-01
1991	  3,9800000000e+03	  9,42701e-02	  3,46059e-01
1992	  3,9820000000e+03	  9,95793e-02	  3,44226e-01
1993	  3,9840000000e+03	  1,04455e-01	  3,42866e-01
1994	  3,9860000000e+03	  1,11277e-01	  3,39918e-01
1995	  3,9880000000e+03	  1,14818e-01	  3,36997e-01
1996	  3,9900000000e+03	  1,18216e-01	  3,34836e-01
1997	  3,9920000000e+03	  1,20895e-01	  3,31609e-01
1998	  3,9940000000e+03	  1,22059e-01	  3,28328e-01
1999	  3,9960000000e+03	  1,23402e-01	  3,26786e-01
2000	  3,9980000000e+03	  1,28296e-01	  3,23804e-01
2001	  4,0000000000e+03	  1,33649e-01	  3,19514e-01
2002	  4,0020000000e+03	  1,34295e-01	  3,16850e-01
2003	  4,0040000000e+03	  1,35635e-01	  3,13630e-01
2004	  4,0060000000e+03	  1,39369e-01	  3,12319e-01
2005	  4,0080000000e+03	  1,40534e-01	  3,09882e-01
2006	  4,0100000000e+03	  1,44059e-01	  3,05808e-01
2007	  4,0120000000e+03	  1,45652e-01	  3,02731e-01
2008	  4,0140000000e+03	  1,47938e-01	  3,01281e-01
2009	  4,0160000000e+03	  1,48057e-01	  3,01229e-01
2010	  4,0180000000e+03	  1,49501e-01	  3,00395e-01
2011	  4,0200000000e+03	  1,53220e-01	  2,96260e-01
2012	  4,0220000000e+03	  1,55878e-01	  2,93219e-01
2013	  4,0240000000e+03	  1,56232e-01	  2,93220e-01
2014	  4,0260000000e+03	  1,57842e-01	  2,91840e-01
2015	  4,0280000000e+03	  1,58662e-01	  2,87930e-01
2016	  4,0300000000e+03	  1,59767e-01	  2,88145e-01
2017	  4,0320000000e+03	  1,65202e-01	  2,86852e-01
2018	  4,0340000000e+03	  1,68122e-01	  2,86636e-01
2019	  4,0360000000e+03	  1,67190e-01	  2,85285e-01
2020	  4,0380000000e+03	  1,68459e-01	  2,83025e-01
2021	  4,0400000000e+03	  1,74842e-01	  2,81319e-01
2022	  4,0420000000e+03	  1,78385e-01	  2,79452e-01
2023	  4,0440000000e+03	  1,81751e-01	  2,77378e-01
2024	  4,0460000000e+03	  1,84047e-01	  2,77327e-01
2025	  4,0480000000e+03	  1,86315e-01	  2,75555e-01
2026	  4,0500000000e+03	  1,87988e-01	  2,72718e-01
2027	  4,0520000000e+03	  1,92713e-01	  2,68719e-01
2028	  4,0540000000e+03	  1,97420e-01	  2,66367e-01
2029	  4,0560000000e+03	  1,99805e-01	  2,65697e-01
2030	  4,0580000000e+03	  2,00918e-01	  2,62463e-01
2031	  4,0600000000e+03	  2,06095e-01	  2,58153e-01
2032	  4,0620000000e+03	  2,10206e-01	  2,54897e-01
2033	  4,0640000000e+03	  2,10970e-01	  2,52805e-01
2034	  4,0660000000e+03	  2,13195e-01	  2,53475e-01
2035	  4,0680000000e+03	  2,16832e-01	  2,47479e-01
2036	  4,0700000000e+03	  2,19266e-01	  2,44153e-01
2037	  4,0720000000e+03	  2,21354e-01	  2,40709e-01
2038	  4,0740000000e+03	  2,23854e-01	  2,37251e-01
2039	  4,0760000000e+03	  2,25827e-01	  2,34373e-01
2040	  4,0780000000e+03	  2,27911e-01	  2,31056e-01
2041	  4,0800000000e+03	  2,32046e-01	  2,27340e-01
2042	  4,0820000000e+03	  2,34182e-01	  2,23390e-01
2043	  4,0840000000e+03	  2,37787e-01	  2,21343e-01
2044	  4,0860000000e+03	  2,40891e-01	  2,18982e-01
2045	  4,0880000000e+03	  2,41563e-01	  2,12563e-01
2046	  4,0900000000e+03	  2,44430e-01	  2,07466e-01
2047	  4,0920000000e+03	  2,48137e-01	  2,01947e-01
2048	  4,0940000000e+03	  2,48305e-01	  1,97304e-01
2049	  4,0960000000e+03	  2,48416e-01	  1,94812e-01
2050	  4,0980000000e+03	  2,49687e-01	  1,90690e-01
2051	  4,1000000000e+03	  2,49187e-01	  1,83201e-01
2052	  4,1020000000e+03	  2,52125e-01	  1,79216e-01
2053	  4,1040000000e+03	  2,52177e-01	  1,76716e-01
2054	  4,1060000000e+03	  2,52993e-01	  1,72436e-01
2055	  4,1080000000e+03	  2,50411e-01	  1,70440e-01
2056	  4,1100000000e+03	  2,49703e-01	  1,65964e-01
2057	  4,1120000000e+03	  2,49548e-01	  1,61260e-01
2058	  4,1140000000e+03	  2,48432e-01	  1,57697e-01
2059	  4,1160000000e+03	  2,47210e-01	  1,55548e-01
2060	  4,1180000000e+03	  2,48036e-01	  1,52582e-01
2061	  4,1200000000e+03	  2,45039e-01	  1,52021e-01
2062	  4,1220000000e+03	  2,47092e-01	  1,50800e-01
2063	  4,1240000000e+03	  2,47007e-01	  1,48917e-01
2064	  4,1260000000e+03	  2,47073e-01	  1,44176e-01
2065	  4,1280000000e+03	  2,48446e-01	  1,39131e-01
2066	  4,1300000000e+03	  2,47660e-01	  1,36254e-01
2067	  4,1320000000e+03	  2,48251e-01	  1,34105e-01
2068	  4,1340000000e+03	  2,49671e-01	  1,31086e-01
2069	  4,1360000000e+03	  2,46538e-01	  1,30508e-01
2070	  4,1380000000e+03	  2,49017e-01	  1,26475e-01
2071	  4,1400000000e+03	  2,48503e-01	  1,22969e-01
2072	  4,1420000000e+03	  2,47838e-01	  1,21410e-01
2073	  4,1440000000e+03	  2,49839e-01	  1,21031e-01
2074	  4,1460000000e+03	  2,47987e-01	  1,18051e-01
2075	  4,1480000000e+03	  2,41838e-01	  1,16054e-01
2076	  4,1500000000e+03	  2,41706e-01	  1,16070e-01
2077	  4,1520000000e+03	  2,45430e-01	  1,12726e-01
2078	  4,1540000000e+03	  2,46537e-01	  1,08354e-01
2079	  4,1560000000e+03	  2,47090e-01	  1,08671e-01
2080	  4,1580000000e+03	  2,45910e-01	  1,07472e-01
2081	  4,1600000000e+03	  2,44434e-01	  1,01756e-01
2082	  4,1620000000e+03	  2,43425e-01	  9,89432e-02
2083	  4,1640000000e+03	  2,43394e-01	  9,78431e-02
2084	  4,1660000000e+03	  2,42763e-01	  9,73647e-02
2085	  4,1680000000e+03	  2,42835e-01	  9,54875e-02
2086	  4,1700000000e+03	  2,45591e-01	  9,17490e-02
2087	  4,1720000000e+03	  2,46904e-01	  9,18020e-02
2088	  4,1740000000e+03	  2,47416e-01	  8,78335e-02
2089	  4,1760000000e+03	  2,49152e-01	  8,47012e-02
2090	  4,1780000000e+03	  2,48040e-01	  8,30667e-02
2091	  4,1800000000e+03	  2,47008e-01	  7,81086e-02
2092	  4,1820000000e+03	  2,49838e-01	  7,77666e-02
2093	  4,1840000000e+03	  2,48044e-01	  7,43655e-02
2094	  4,1860000000e+03	  2,46451e-01	  7,11819e-02
2095	  4,1880000000e+03	  2,47629e-01	  7,00049e-02
2096	  4,1900000000e+03	  2,45661e-01	  6,74032e-02
2097	  4,1920000000e+03	  2,46368e-01	  6,41882e-02
2098	  4,1940000000e+03	  2,45596e-01	  6,31930e-02
2099	  4,1960000000e+03	  2,45475e-01	  5,89373e-02
2100	  4,1980000000e+03	  2,46977e-01	  5,62987e-02
2101	  4,2000000000e+03	  2,48100e-01	  5,65603e-02
2102	  4,2020000000e+03	  2,46276e-01	  5,37944e-02
2103	  4,2040000000e+03	  2,45438e-01	  5,00296e-02
2104	  4,2060000000e+03	  2,46003e-01	  4,79502e-02
2105	  4,2080000000e+03	  2,43976e-01	  4,45297e-02
2106	  4,2100000000e+03	  2,41747e-01	  4,11458e-02
2107	  4,2120000000e+03	  2,39452e-01	  3,91767e-02
2108	  4,2140000000e+03	  2,38154e-01	  3,74106e-02
2109	  4,2160000000e+03	  2,35790e-01	  3,38687e-02
2110	  4,2180000000e+03	  2,36075e-01	  3,28575e-02
2111	  4,2200000000e+03	  2,35267e-01	  3,27389e-02
2112	  4,2220000000e+03	  2,35769e-01	  2,97402e-02
2113	  4,2240000000e+03	  2,35185e-01	  2,89233e-02
2114	  4,2260000000e+03	  2,34397e-01	  2,68237e-02
2115	  4,2280000000e+03	  2,32259e-01	  2,33521e-02
2116	  4,2300000000e+03	  2,30150e-01	  2,28983e-02
2117	  4,2320000000e+03	  2,28174e-01	  2,34833e-02
2118	  4,2340000000e+03	  2,28528e-01	  1,98260e-02
2119	  4,2360000000e+03	  2,27038e-01	  1,90812e-02
2120	  4,2380000000e+03	  2,27080e-01	  1,72101e-02
2121	  4,2400000000e+03	  2,24296e-01	  1,61617e-02
2122	  4,2420000000e+03	  2,23947e-01	  1,75816e-02
2123	  4,2440000000e+03	  2,23830e-01	  1,65148e-02
2124	  4,2460000000e+03	  2,24739e-01	  1,40208e-02
2125	  4,2480000000e+03	  2,24571e-01	  1,06000e-02
2126	  4,2500000000e+03	  2,24077e-01	  7,47935e-03
2127	  4,2520000000e+03	  2,23158e-01	  9,11385e-03
2128	  4,2540000000e+03	  2,19545e-01	  6,37065e-03
2129	  4,2560000000e+03	  2,18543e-01	  4,37315e-03
2130	  4,2580000000e+03	  2,18010e-01	  2,09162e-03
2131	  4,2600000000e+03	  2,18489e-01	  7,81839e-04
2132	  4,2620000000e+03	  2,17972e-01	 -6,44205e-04
2133	  4,2640000000e+03	  2,17910e-01	 -1,56212e-03
2134	  4,2660000000e+03	  2,14918e-01	 -1,57459e-03
2135	  4,2680000000e+03	  2,14535e-01	 -1,90120e-03
2136	  4,2700000000e+03	  2,14291e-01	 -2,83732e-03
2137	  4,2720000000e+03	  2,10118e-01	 -3,50612e-03
2138	  4,2740000000e+03	  2,10843e-01	 -3,53099e-03
2139	  4,2760000000e+03	  2,09850e-01	 -5,37580e-03
2140	  4,2780000000e+03	  2,06997e-01	 -5,73571e-03
2141	  4,2800000000e+03	  2,05509e-01	 -5,61477e-03
2142	  4,2820000000e+03	  2,04700e-01	 -4,54606e-03
2143	  4,2840000000e+03	  2,07915e-01	 -3,88666e-03
2144	  4,2860000000e+03	  2,08780e-01	 -5,99699e-03
2145	  4,2880000000e+03	  2,08501e-01	 -8,58564e-03
2146	  4,2900000000e+03	  2,09642e-01	 -6,69438e-03
2147	  4,2920000000e+03	  2,08819e-01	 -8,86367e-03
2148	  4,2940000000e+03	  2,05983e-01	 -9,37572e-03
2149	  4,2960000000e+03	  2,05788e-01	 -9,78869e-03
2150	  4,2980000000e+03	  2,07587e-01	 -1,32672e-02
2151	  4,3000000000e+03	  2,08604e-01	 -1,45121e-02
2152	  4,3020000000e+03	  2,09717e-01	 -1,65543e-02
2153	  4,3040000000e+03	  2,09340e-01	 -1,74566e-02
2154	  4,3060000000e+03	  2,08461e-01	 -1,52820e-02
2155	  4,3080000000e+03	  2,09031e-01	 -1,54940e-02
2156	  4,3100000000e+03	  2,10445e-01	 -2,00973e-02
2157	  4,3120000000e+03	  2,10025e-01	 -1,96281e-02
2158	  4,3140000000e+03	  2,11042e-01	 -2,41021e-02
2159	  4,3160000000e+03	  2,10050e-01	 -2,73713e-02
2160	  4,3180000000e+03	  2,09784e-01	 -2,96252e-02
2161	  4,3200000000e+03	  2,10501e-01	 -3,27528e-02
2162	  4,3220000000e+03	  2,07972e-01	 -3,59151e-02
2163	  4,3240000000e+03	  2,06320e-01	 -3,79060e-02
2164	  4,3260000000e+03	  2,06114e-01	 -3,72010e-02
2165	  4,3280000000e+03	  2,04840e-01	 -3,87186e-02
2166	  4,3300000000e+03	  2,04941e-01	 -4,08723e-02
2167	  4,3320000000e+03	  2,04291e-01	 -4,11172e-02
2168	  4,3340000000e+03	  2,03521e-01	 -4,06553e-02
2169	  4,3360000000e+03	  2,02692e-01	 -4,41596e-02
2170	  4,3380000000e+03	  2,00728e-01	 -4,62492e-02
2171	  4,3400000000e+03	  1,98772e-01	 -4,63255e-02
2172	  4,3420000000e+03	  1,98242e-01	 -4,71530e-02
2173	  4,3440000000e+03	  1,98475e-01	 -4,52864e-02
2174	  4,3460000000e+03	  1,98074e-01	 -4,58798e-02
2175	  4,3480000000e+03	  1,94770e-01	 -4,82432e-02
2176	  4,3500000000e+03	  1,96566e-01	 -4,89746e-02
2177	  4,3520000000e+03	  1,97924e-01	 -4,93136e-02
2178	  4,3540000000e+03	  1,97133e-01	 -5,22514e-02
2179	  4,3560000000e+03	  1,94236e-01	 -5,26705e-02
2180	  4,3580000000e+03	  1,94207e-01	 -5,31477e-02
2181	  4,3600000000e+03	  1,94106e-01	 -5,29908e-02
2182	  4,3620000000e+03	  1,94316e-01	 -5,19397e-02
2183	  4,3640000000e+03	  1,94312e-01	 -5,40930e-02
2184	  4,3660000000e+03	  1,91693e-01	 -5,57285e-02
2185	  4,3680000000e+03	  1,91390e-01	 -5,58282e-02
2186	  4,3700000000e+03	  1,94206e-01	 -5,68671e-02
2187	  4,3720000000e+03	  1,93194e-01	 -5,92253e-02
2188	  4,3740000000e+03	  1,92942e-01	 -5,86510e-02
2189	  4,3760000000e+03	  1,93941e-01	 -5,95443e-02
2190	  4,3780000000e+03	  1,93223e-01	 -6,26611e-02
2191	  4,3800000000e+03	  1,92458e-01	 -6,56804e-02
2192	  4,3820000000e+03	  1,92317e-01	 -6,58273e-02
2193	  4,3840000000e+03	  1,91403e-01	 -6,57291e-02
2194	  4,3860000000e+03	  1,90556e-01	 -6,65752e-02
2195	  4,3880000000e+03	  1,91317e-01	 -6,76349e-02
2196	  4,3900000000e+03	  1,90739e-01	 -6,89288e-02
2197	  4,3920000000e+03	  1,90292e-01	 -6,91457e-02
2198	  4,3940000000e+03	  1,90123e-01	 -7,00732e-02
2199	  4,3960000000e+03	  1,89521e-01	 -7,32559e-02
2200	  4,3980000000e+03	  1,90632e-01	 -7,69933e-02
2201	  4,4000000000e+03	  1,90851e-01	 -7,64886e-02
2202	  4,4020000000e+03	  1,91509e-01	 -7,60395e-02
2203	  4,4040000000e+03	  1,90122e-01	 -7,82381e-02
2204	  4,4060000000e+03	  1,89655e-01	 -7,89637e-02
2205	  4,4080000000e+03	  1,90226e-01	 -8,01470e-02
2206	  4,4100000000e+03	  1,86988e-01	 -8,26969e-02
2207	  4,4120000000e+03	  1,88624e-01	 -8,46202e-02
2208	  4,4140000000e+03	  1,86747e-01	 -8,55144e-02
2209	  4,4160000000e+03	  1,86376e-01	 -8,76643e-02
2210	  4,4180000000e+03	  1,88885e-01	 -8,80084e-02
2211	  4,4200000000e+03	  1,88952e-01	 -9,16423e-02
2212	  4,4220000000e+03	  1,86779e-01	 -9,33140e-02
2213	  4,4240000000e+03	  1,86384e-01	 -9,45483e-02
2214	  4,4260000000e+03	  1,85938e-01	 -9,61709e-02
2215	  4,4280000000e+03	  1,83496e-01	 -9,78395e-02
2216	  4,4300000000e+03	  1,82912e-01	 -1,02257e-01
2217	  4,4320000000e+03	  1,82756e-01	 -1,04056e-01
2218	  4,4340000000e+03	  1,80742e-01	 -1,04035e-01
2219	  4,4360000000e+03	  1,80005e-01	 -1,02729e-01
2220	  4,4380000000e+03	  1,79781e-01	 -1,06774e-01
2221	  4,4400000000e+03	  1,79625e-01	 -1,08153e-01
2222	  4,4420000000e+03	  1,76622e-01	 -1,08486e-01
2223	  4,4440000000e+03	  1,72976e-01	 -1,12225e-01
2224	  4,4460000000e+03	  1,73039e-01	 -1,13730e-01
2225	  4,4480000000e+03	  1,72223e-01	 -1,15783e-01
2226	  4,4500000000e+03	  1,72792e-01	 -1,16996e-01
2227	  4,4520000000e+03	  1,72099e-01	 -1,19682e-01
2228	  4,4540000000e+03	  1,70669e-01	 -1,18369e-01
2229	  4,4560000000e+03	  1,67708e-01	 -1,18728e-01
2230	  4,4580000000e+03	  1,67119e-01	 -1,19812e-01
2231	  4,4600000000e+03	  1,65502e-01	 -1,22155e-01
2232	  4,4620000000e+03	  1,66001e-01	 -1,23051e-01
2233	  4,4640000000e+03	  1,65468e-01	 -1,24343e-01
2234	  4,4660000000e+03	  1,66473e-01	 -1,23489e-01
2235	  4,4680000000e+03	  1,66808e-01	 -1,25131e-01
2236	  4,4700000000e+03	  1,65272e-01	 -1,25774e-01
2237	  4,4720000000e+03	  1,62318e-01	 -1,27639e-01
2238	  4,4740000000e+03	  1,60947e-01	 -1,28091e-01
2239	  4,4760000000e+03	  1,59779e-01	 -1,30009e-01
2240	  4,4780000000e+03	  1,58673e-01	 -1,30460e-01
2241	  4,4800000000e+03	  1,58913e-01	 -1,31219e-01
2242	  4,4820000000e+03	  1,58113e-01	 -1,34989e-01
2243	  4,4840000000e+03	  1,56608e-01	 -1,34076e-01
2244	  4,4860000000e+03	  1,56822e-01	 -1,33406e-01
2245	  4,4880000000e+03	  1,57697e-01	 -1,37518e-01
2246	  4,4900000000e+03	  1,55613e-01	 -1,41120e-01
2247	  4,4920000000e+03	  1,53631e-01	 -1,40171e-01
2248	  4,4940000000e+03	  1,51631e-01	 -1,43074e-01
2249	  4,4960000000e+03	  1,53018e-01	 -1,42000e-01
2250	  4,4980000000e+03	  1,53238e-01	 -1,41393e-01
2251	  4,5000000000e+03	  1,53705e-01	 -1,43273e-01
2252	  4,5020000000e+03	  1,53645e-01	 -1,45265e-01
2253	  4,5040000000e+03	  1,54362e-01	 -1,46567e-01
2254	  4,5060000000e+03	  1,53985e-01	 -1,50997e-01
2255	  4,5080000000e+03	  1,53327e-01	 -1,53979e-01
2256	  4,5100000000e+03	  1,50768e-01	 -1,55221e-01
2257	  4,5120000000e+03	  1,50667e-01	 -1,59587e-01
2258	  4,5140000000e+03	  1,48573e-01	 -1,60647e-01
2259	  4,5160000000e+03	  1,45214e-01	 -1,60680e-01
2260	  4,5180000000e+03	  1,44320e-01	 -1,61596e-01
2261	  4,5200000000e+03	  1,43895e-01	 -1,64616e-01
2262	  4,5220000000e+03	  1,43134e-01	 -1,67690e-01
2263	  4,5240000000e+03	  1,41476e-01	 -1,67850e-01
2264	  4,5260000000e+03	  1,39995e-01	 -1,69692e-01
2265	  4,5280000000e+03	  1,40811e-01	 -1,72587e-01
2266	  4,5300000000e+03	  1,38933e-01	 -1,76218e-01
2267	  4,5320000000e+03	  1,34715e-01	 -1,77760e-01
2268	  4,5340000000e+03	  1,29795e-01	 -1,78454e-01
2269	  4,5360000000e+03	  1,29484e-01	 -1,79411e-01
2270	  4,5380000000e+03	  1,27606e-01	 -1,79610e-01
2271	  4,5400000000e+03	  1,25867e-01	 -1,82064e-01
2272	  4,5420000000e+03	  1,22029e-01	 -1,85500e-01
2273	  4,5440000000e+03	  1,19478e-01	 -1,86742e-01
2274	  4,5460000000e+03	  1,15668e-01	 -1,84170e-01
2275	  4,5480000000e+03	  1,13405e-01	 -1,84744e-01
2276	  4,5500000000e+03	  1,13367e-01	 -1,86399e-01
2277	  4,5520000000e+03	  1,10382e-01	 -1,88816e-01
2278	  4,5540000000e+03	  1,06636e-01	 -1,89095e-01
2279	  4,5560000000e+03	  1,05152e-01	 -1,90198e-01
2280	  4,5580000000e+03	  1,04052e-01	 -1,90673e-01
2281	  4,5600000000e+03	  1,01917e-01	 -1,93212e-01
2282	  4,5620000000e+03	  9,80663e-02	 -1,93497e-01
2283	  4,5640000000e+03	  9,69118e-02	 -1,92545e-01
2284	  4,5660000000e+03	  9,37834e-02	 -1,89178e-01
2285	  4,5680000000e+03	  9,40805e-02	 -1,90419e-01
2286	  4,5700000000e+03	  9,21886e-02	 -1,91727e-01
2287	  4,5720000000e+03	  9,39206e-02	 -1,91449e-01
2288	  4,5740000000e+03	  9,26446e-02	 -1,93528e-01
2289	  4,5760000000e+03	  9,00608e-02	 -1,93777e-01
2290	  4,5780000000e+03	  8,60477e-02	 -1,94308e-01
2291	  4,5800000000e+03	  8,28966e-02	 -1,93734e-01
2292	  4,5820000000e+03	  8,35316e-02	 -1,95510e-01
2293	  4,5840000000e+03	  8,11310e-02	 -1,98293e-01
2294	  4,5860000000e+03	  7,91341e-02	 -1,99130e-01
2295	  4,5880000000e+03	  8,13151e-02	 -1,95956e-01
2296	  4,5900000000e+03	  7,71121e-02	 -1,94864e-01
2297	  4,5920000000e+03	  7,36150e-02	 -1,94905e-01
2298	  4,5940000000e+03	  7,22202e-02	 -1,97805e-01
2299	  4,5960000000e+03	  7,23074e-02	 -1,98785e-01
2300	  4,5980000000e+03	  7,36057e-02	 -2,00910e-01
2301	  4,6000000000e+03	  7,36524e-02	 -2,00705e-01
2302	  4,6020000000e+03	  6,94292e-02	 -1,99086e-01
2303	  4,6040000000e+03	  6,84028e-02	 -2,00488e-01
2304	  4,6060000000e+03	  6,67646e-02	 -2,01399e-01
2305	  4,6080000000e+03	  6,34836e-02	 -2,00897e-01
2306	  4,6100000000e+03	  6,11326e-02	 -2,01493e-01
2307	  4,6120000000e+03	  5,89179e-02	 -2,03893e-01
2308	  4,6140000000e+03	  5,86238e-02	 -2,04916e-01
2309	  4,6160000000e+03	  5,85316e-02	 -2,06722e-01
2310	  4,6180000000e+03	  5,81797e-02	 -2,07577e-01
2311	  4,6200000000e+03	  5,39099e-02	 -2,09043e-01
2312	  4,6220000000e+03	  5,02274e-02	 -2,09253e-01
2313	  4,6240000000e+03	  5,08811e-02	 -2,09871e-01
2314	  4,6260000000e+03	  5,00720e-02	 -2,11197e-01
2315	  4,6280000000e+03	  4,57663e-02	 -2,15002e-01
2316	  4,6300000000e+03	  4,41083e-02	 -2,16756e-01
2317	  4,6320000000e+03	  4,40750e-02	 -2,15365e-01
2318	  4,6340000000e+03	  4,22447e-02	 -2,17548e-01
2319	  4,6360000000e+03	  3,56176e-02	 -2,18593e-01
2320	  4,6380000000e+03	  3,26565e-02	 -2,18434e-01
2321	  4,6400000000e+03	  3,17316e-02	 -2,21023e-01
2322	  4,6420000000e+03	  2,81140e-02	 -2,19859e-01
2323	  4,6440000000e+03	  2,53508e-02	 -2,21661e-01
2324	  4,6460000000e+03	  2,20578e-02	 -2,21367e-01
2325	  4,6480000000e+03	  1,80832e-02	 -2,22044e-01
2326	  4,6500000000e+03	  1,55850e-02	 -2,23075e-01
2327	  4,6520000000e+03	  1,32249e-02	 -2,22918e-01
2328	  4,6540000000e+03	  1,12302e-02	 -2,22599e-01
2329	  4,6560000000e+03	  8,65451e-03	 -2,21099e-01
2330	  4,6580000000e+03	  6,59914e-03	 -2,20433e-01
2331	  4,6600000000e+03	  3,80650e-03	 -2,19178e-01
2332	  4,6620000000e+03	  3,46172e-03	 -2,17238e-01
2333	  4,6640000000e+03	 -1,49998e-03	 -2,15837e-01
2334	  4,6660000000e+03	 -5,80738e-03	 -2,17465e-01
2335	  4,6680000000e+03	 -7,10966e-03	 -2,17585e-01
2336	  4,6700000000e+03	 -1,02049e-02	 -2,17239e-01
2337	  4,6720000000e+03	 -1,22948e-02	 -2,16110e-01
2338	  4,6740000000e+03	 -1,71368e-02	 -2,14528e-01
2339	  4,6760000000e+03	 -2,09485e-02	 -2,13587e-01
2340	  4,6780000000e+03	 -2,16519e-02	 -2,11281e-01
2341	  4,6800000000e+03	 -2,23226e-02	 -2,12642e-01
2342	  4,6820000000e+03	 -2,29196e-02	 -2,11526e-01
2343	  4,6840000000e+03	 -2,64581e-02	 -2,11046e-01
2344	  4,6860000000e+03	 -2,97565e-02	 -2,11368e-01
2345	  4,6880000000e+03	 -3,06585e-02	 -2,09805e-01
2346	  4,6900000000e+03	 -2,99379e-02	 -2,09279e-01
2347	  4,6920000000e+03	 -3,07028e-02	 -2,07817e-01
2348	  4,6940000000e+03	 -3,20045e-02	 -2,06009e-01
2349	  4,6960000000e+03	 -3,31521e-02	 -2,07278e-01
2350	  4,6980000000e+03	 -3,27582e-02	 -2,06498e-01
2351	  4,7000000000e+03	 -3,50370e-02	 -2,03436e-01
2352	  4,7020000000e+03	 -4,09148e-02	 -2,04327e-01
2353	  4,7040000000e+03	 -4,34598e-02	 -2,04970e-01
2354	  4,7060000000e+03	 -4,39630e-02	 -2,05862e-01
2355	  4,7080000000e+03	 -4,44371e-02	 -2,07514e-01
2356	  4,7100000000e+03	 -4,76057e-02	 -2,06886e-01
2357	  4,7120000000e+03	 -4,82508e-02	 -2,05833e-01
2358	  4,7140000000e+03	 -4,73816e-02	 -2,05753e-01
2359	  4,7160000000e+03	 -4,90770e-02	 -2,05139e-01
2360	  4,7180000000e+03	 -5,25218e-02	 -2,05546e-01
2361	  4,7200000000e+03	 -5,72084e-02	 -2,02567e-01
2362	  4,7220000000e+03	 -5,92228e-02	 -2,01382e-01
2363	  4,7240000000e+03	 -6,00597e-02	 -2,02678e-01
2364	  4,7260000000e+03	 -6,29071e-02	 -2,00719e-01
2365	  4,7280000000e+03	 -6,50995e-02	 -1,99872e-01
2366	  4,7300000000e+03	 -6,87575e-02	 -1,98714e-01
2367	  4,7320000000e+03	 -6,96849e-02	 -1,98355e-01
2368	  4,7340000000e+03	 -7,07420e-02	 -1,98841e-01
2369	  4,7360000000e+03	 -7,37827e-02	 -1,99662e-01
2370	  4,7380000000e+03	 -7,64891e-02	 -1,99697e-01
2371	  4,7400000000e+03	 -7,80338e-02	 -1,95908e-01
2372	  4,7420000000e+03	 -8,02804e-02	 -1,96094e-01
2373	  4,7440000000e+03	 -8,30764e-02	 -1,96479e-01
2374	  4,7460000000e+03	 -8,47944e-02	 -1,96462e-01
2375	  4,7480000000e+03	 -8,74576e-02	 -1,92562e-01
2376	  4,7500000000e+03	 -9,12759e-02	 -1,91627e-01
2377	  4,7520000000e+03	 -9,25569e-02	 -1,90878e-01
2378	  4,7540000000e+03	 -9,53840e-02	 -1,90775e-01
2379	  4,7560000000e+03	 -9,90760e-02	 -1,89278e-01
2380	  4,7580000000e+03	 -1,01244e-01	 -1,88359e-01
2381	  4,7600000000e+03	 -1,02606e-01	 -1,88359e-01
2382	  4,7620000000e+03	 -1,03860e-01	 -1,85788e-01
2383	  4,7640000000e+03	 -1,07195e-01	 -1,81349e-01
2384	  4,7660000000e+03	 -1,06042e-01	 -1,77578e-01
2385	  4,7680000000e+03	 -1,09319e-01	 -1,76965e-01
2386	  4,7700000000e+03	 -1,11341e-01	 -1,76212e-01
2387	  4,7720000000e+03	 -1,12657e-01	 -1,73330e-01
2388	  4,7740000000e+03	 -1,13088e-01	 -1,73087e-01
2389	  4,7760000000e+03	 -1,15523e-01	 -1,70135e-01
2390	  4,7780000000e+03	 -1,17490e-01	 -1,68394e-01
2391	  4,7800000000e+03	 -1,17060e-01	 -1,68312e-01
2392	  4,7820000000e+03	 -1,20240e-01	 -1,67243e-01
2393	  4,7840000000e+03	 -1,20976e-01	 -1,63827e-01
2394	  4,7860000000e+03	 -1,20909e-01	 -1,62308e-01
2395	  4,7880000000e+03	 -1,23579e-01	 -1,63540e-01
2396	  4,7900000000e+03	 -1,26024e-01	 -1,61481e-01
2397	  4,7920000000e+03	 -1,25141e-01	 -1,59098e-01
2398	  4,7940000000e+03	 -1,28707e-01	 -1,58998e-01
2399	  4,7960000000e+03	 -1,33473e-01	 -1,56713e-01
2400	  4,7980000000e+03	 -1,34768e-01	 -1,54043e-01
2401	  4,8000000000e+03	 -1,35246e-01	 -1,53021e-01
2402	  4,8020000000e+03	 -1,35715e-01	 -1,51083e-01
2403	  4,8040000000e+03	 -1,39770e-01	 -1,48047e-01
2404	  4,8060000000e+03	 -1,41671e-01	 -1,47593e-01
2405	  4,8080000000e+03	 -1,44217e-01	 -1,47175e-01
2406	  4,8100000000e+03	 -1,44450e-01	 -1,45994e-01
2407	  4,8120000000e+03	 -1,44450e-01	 -1,42936e-01
2408	  4,8140000000e+03	 -1,46322e-01	 -1,39343e-01
2409	  4,8160000000e+03	 -1,47354e-01	 -1,36808e-01
2410	  4,8180000000e+03	 -1,50397e-01	 -1,33229e-01
2411	  4,8200000000e+03	 -1,50902e-01	 -1,30865e-01
2412	  4,8220000000e+03	 -1,52242e-01	 -1,28616e-01
2413	  4,8240000000e+03	 -1,52574e-01	 -1,26036e-01
2414	  4,8260000000e+03	 -1,54883e-01	 -1,26071e-01
2415	  4,8280000000e+03	 -1,56239e-01	 -1,23261e-01
2416	  4,8300000000e+03	 -1,56616e-01	 -1,19792e-01
2417	  4,8320000000e+03	 -1,57037e-01	 -1,19019e-01
2418	  4,8340000000e+03	 -1,56522e-01	 -1,18362e-01
2419	  4,8360000000e+03	 -1,58008e-01	 -1,17350e-01
2420	  4,8380000000e+03	 -1,58930e-01	 -1,14079e-01
2421	  4,8400000000e+03	 -1,60038e-01	 -1,12426e-01
2422	  4,8420000000e+03	 -1,60171e-01	 -1,11791e-01
2423	  4,8440000000e+03	 -1,59440e-01	 -1,10512e-01
2424	  4,8460000000e+03	 -1,60534e-01	 -1,05229e-01
2425	  4,8480000000e+03	 -1,60584e-01	 -1,00284e-01
2426	  4,8500000000e+03	 -1,62684e-01	 -9,90043e-02
2427	  4,8520000000e+03	 -1,64409e-01	 -9,74607e-02
2428	  4,8540000000e+03	 -1,65233e-01	 -9,76685e-02
2429	  4,8560000000e+03	 -1,65431e-01	 -9,77336e-02
2430	  4,8580000000e+03	 -1,64830e-01	 -9,53645e-02
2431	  4,8600000000e+03	 -1,64930e-01	 -9,38732e-02
2432	  4,8620000000e+03	 -1,69455e-01	 -9,22488e-02
2433	  4,8640000000e+03	 -1,70147e-01	 -8,97157e-02
2434	  4,8660000000e+03	 -1,71658e-01	 -8,60088e-02
2435	  4,8680000000e+03	 -1,71775e-01	 -8,29979e-02
2436	  4,8700000000e+03	 -1,73360e-01	 -8,17883e-02
2437	  4,8720000000e+03	 -1,75480e-01	 -7,99948e-02
2438	  4,8740000000e+03	 -1,77425e-01	 -7,49307e-02
2439	  4,8760000000e+03	 -1,78420e-01	 -7,23470e-02
2440	  4,8780000000e+03	 -1,78164e-01	 -6,83055e-02
2441	  4,8800000000e+03	 -1,76360e-01	 -6,58079e-02
2442	  4,8820000000e+03	 -1,77171e-01	 -6,39474e-02
2443	  4,8840000000e+03	 -1,79801e-01	 -6,03161e-02
2444	  4,8860000000e+03	 -1,78416e-01	 -5,88463e-02
2445	  4,8880000000e+03	 -1,77276e-01	 -5,51237e-02
2446	  4,8900000000e+03	 -1,76694e-01	 -5,04634e-02
2447	  4,8920000000e+03	 -1,74158e-01	 -4,80019e-02
2448	  4,8940000000e+03	 -1,74456e-01	 -4,56902e-02
2449	  4,8960000000e+03	 -1,74745e-01	 -4,24893e-02
2450	  4,8980000000e+03	 -1,71936e-01	 -4,02407e-02
2451	  4,9000000000e+03	 -1,71201e-01	 -3,86338e-02
2452	  4,9020000000e+03	 -1,70882e-01	 -3,56472e-02
2453	  4,9040000000e+03	 -1,71242e-01	 -3,37991e-02
2454	  4,9060000000e+03	 -1,73039e-01	 -3,20913e-02
2455	  4,9080000000e+03	 -1,71883e-01	 -3,21214e-02
2456	  4,9100000000e+03	 -1,71327e-01	 -3,00744e-02
2457	  4,9120000000e+03	 -1,68281e-01	 -2,68370e-02
2458	  4,9140000000e+03	 -1,70305e-01	 -2,47139e-02
2459	  4,9160000000e+03	 -1,69808e-01	 -2,06693e-02
2460	  4,9180000000e+03	 -1,67432e-01	 -1,89388e-02
2461	  4,9200000000e+03	 -1,64290e-01	 -1,81909e-02
2462	  4,9220000000e+03	 -1,63134e-01	 -1,37738e-02
2463	  4,9240000000e+03	 -1,64096e-01	 -1,23531e-02
2464	  4,9260000000e+03	 -1,62435e-01	 -1,11385e-02
2465	  4,9280000000e+03	 -1,59384e-01	 -1,02670e-02
2466	  4,9300000000e+03	 -1,58672e-01	 -6,23259e-03
2467	  4,9320000000e+03	 -1,61187e-01	 -5,44450e-03
2468	  4,9340000000e+03	 -1,60701e-01	 -5,22002e-03
2469	  4,9360000000e+03	 -1,60066e-01	 -5,98787e-03
2470	  4,9380000000e+03	 -1,59231e-01	 -3,97000e-03
2471	  4,9400000000e+03	 -1,57851e-01	 -7,44325e-04
2472	  4,9420000000e+03	 -1,58328e-01	  6,89439e-04
2473	  4,9440000000e+03	 -1,56623e-01	  2,64678e-03
2474	  4,9460000000e+03	 -1,56037e-01	  4,00777e-03
2475	  4,9480000000e+03	 -1,55496e-01	  7,37031e-03
2476	  4,9500000000e+03	 -1,55555e-01	  1,18497e-02
2477	  4,9520000000e+03	 -1,56822e-01	  1,41192e-02
2478	  4,9540000000e+03	 -1,55083e-01	  1,49478e-02
2479	  4,9560000000e+03	 -1,54525e-01	  1,63188e-02
2480	  4,9580000000e+03	 -1,53208e-01	  2,06911e-02
2481	  4,9600000000e+03	 -1,51347e-01	  2,18338e-02
2482	  4,9620000000e+03	 -1,50600e-01	  2,35394e-02
2483	  4,9640000000e+03	 -1,48058e-01	  2,44301e-02
2484	  4,9660000000e+03	 -1,47360e-01	  2,52273e-02
2485	  4,9680000000e+03	 -1,44847e-01	  2,74865e-02
2486	  4,9700000000e+03	 -1,43760e-01	  3,06011e-02
2487	  4,9720000000e+03	 -1,41903e-01	  2,91813e-02
2488	  4,9740000000e+03	 -1,38955e-01	  3,20104e-02
2489	  4,9760000000e+03	 -1,37779e-01	  3,34481e-02
2490	  4,9780000000e+03	 -1,35541e-01	  3,50334e-02
2491	  4,9800000000e+03	 -1,35230e-01	  3,50225e-02
2492	  4,9820000000e+03	 -1,33944e-01	  3,56551e-02
2493	  4,9840000000e+03	 -1,30856e-01	  3,68726e-02
2494	  4,9860000000e+03	 -1,28317e-01	  3,72455e-02
2495	  4,9880000000e+03	 -1,27299e-01	  3,78948e-02
2496	  4,9900000000e+03	 -1,27415e-01	  4,06335e-02
2497	  4,9920000000e+03	 -1,27069e-01	  4,36699e-02
2498	  4,9940000000e+03	 -1,23382e-01	  4,25113e-02
2499	  4,9960000000e+03	 -1,20564e-01	  4,17244e-02
2500	  4,9980000000e+03	 -1,20697e-01	  4,24213e-02
2501	  5,0000000000e+03	 -1,19323e-01	  4,52472e-02
2502	  5,0020000000e+03	 -1,18467e-01	  4,59164e-02
2503	  5,0040000000e+03	 -1,16521e-01	  4,51802e-02
2504	  5,0060000000e+03	 -1,13896e-01	  4,40340e-02
2505	  5,0080000000e+03	 -1,11955e-01	  4,51683e-02
2506	  5,0100000000e+03	 -1,11828e-01	  4,55028e-02
2507	  5,0120000000e+03	 -1,11627e-01	  4,38394e-02
2508	  5,0140000000e+03	 -1,13131e-01	  4,59362e-02
2509	  5,0160000000e+03	 -1,10842e-01	  4,61475e-02
2510	  5,0180000000e+03	 -1,08445e-01	  4,64169e-02
2511	  5,0200000000e+03	 -1,09785e-01	  4,83470e-02
2512	  5,0220000000e+03	 -1,07142e-01	  4,99247e-02
2513	  5,0240000000e+03	 -1,04702e-01	  5,05632e-02
2514	  5,0260000000e+03	 -1,02584e-01	  4,89905e-02
2515	  5,0280000000e+03	 -1,00206e-01	  4,80985e-02
2516	  5,0300000000e+03	 -9,90340e-02	  5,26926e-02
2517	  5,0320000000e+03	 -9,88444e-02	  5,77175e-02
2518	  5,0340000000e+03	 -9,46219e-02	  5,53861e-02
2519	  5,0360000000e+03	 -9,44844e-02	  5,41812e-02
2520	  5,0380000000e+03	 -9,45238e-02	  5,64568e-02
2521	  5,0400000000e+03	 -9,22374e-02	  5,79810e-02
2522	  5,0420000000e+03	 -9,01807e-02	  5,85888e-02
2523	  5,0440000000e+03	 -8,59513e-02	  5,93245e-02
2524	  5,0460000000e+03	 -8,37848e-02	  5,98023e-02
2525	  5,0480000000e+03	 -8,47054e-02	  5,72267e-02
2526	  5,0500000000e+03	 -8,47239e-02	  5,67046e-02
2527	  5,0520000000e+03	 -8,14937e-02	  5,85456e-02
2528	  5,0540000000e+03	 -8,12456e-02	  5,85388e-02
2529	  5,0560000000e+03	 -8,01145e-02	  5,93489e-02
2530	  5,0580000000e+03	 -7,64251e-02	  6,06696e-02
2531	  5,0600000000e+03	 -7,32729e-02	  5,85138e-02
2532	  5,0620000000e+03	 -7,45923e-02	  5,65007e-02
2533	  5,0640000000e+03	 -7,09787e-02	  5,49303e-02
2534	  5,0660000000e+03	 -6,75258e-02	  5,39603e-02
2535	  5,0680000000e+03	 -6,76397e-02	  5,14688e-02
2536	  5,0700000000e+03	 -6,86170e-02	  5,24257e-02
2537	  5,0720000000e+03	 -6,75665e-02	  5,42140e-02
2538	  5,0740000000e+03	 -6,68974e-02	  5,03782e-02
2539	  5,0760000000e+03	 -6,61413e-02	  4,91955e-02
2540	  5,0780000000e+03	 -6,68323e-02	  4,98086e-02
2541	  5,0800000000e+03	 -6,46565e-02	  4,91031e-02
2542	  5,0820000000e+03	 -6,13756e-02	  4,97026e-02
2543	  5,0840000000e+03	 -6,11534e-02	  4,81955e-02
2544	  5,0860000000e+03	 -6,36505e-02	  4,58730e-02
2545	  5,0880000000e+03	 -6,39037e-02	  4,54147e-02
2546	  5,0900000000e+03	 -6,27800e-02	  4,49401e-02
2547	  5,0920000000e+03	 -6,26801e-02	  4,67774e-02
2548	  5,0940000000e+03	 -6,29351e-02	  4,70039e-02
2549	  5,0960000000e+03	 -6,14523e-02	  4,57205e-02
2550	  5,0980000000e+03	 -5,97360e-02	  4,85474e-02
2551	  5,1000000000e+03	 -6,02964e-02	  4,76878e-02
2552	  5,1020000000e+03	 -5,98550e-02	  4,57897e-02
2553	  5,1040000000e+03	 -5,64462e-02	  4,53672e-02
2554	  5,1060000000e+03	 -5,58164e-02	  4,42702e-02
2555	  5,1080000000e+03	 -5,67133e-02	  4,23301e-02
2556	  5,1100000000e+03	 -5,51645e-02	  4,38885e-02
2557	  5,1120000000e+03	 -5,40068e-02	  4,61936e-02
2558	  5,1140000000e+03	 -5,53341e-02	  4,23974e-02
2559	  5,1160000000e+03	 -5,42357e-02	  4,13288e-02
2560	  5,1180000000e+03	 -5,30745e-02	  4,07421e-02
2561	  5,1200000000e+03	 -5,21329e-02	  3,98253e-02
2562	  5,1220000000e+03	 -5,25031e-02	  3,84630e-02
2563	  5,1240000000e+03	 -5,52618e-02	  4,04469e-02
2564	  5,1260000000e+03	 -5,52872e-02	  4,23150e-02
2565	  5,1280000000e+03	 -5,26243e-02	  4,11306e-02
2566	  5,1300000000e+03	 -5,17662e-02	  4,14541e-02
2567	  5,1320000000e+03	 -5,24717e-02	  4,13370e-02
2568	  5,1340000000e+03	 -5,19147e-02	  4,04772e-02
2569	  5,1360000000e+03	 -5,11363e-02	  3,89705e-02
2570	  5,1380000000e+03	 -5,03118e-02	  4,00911e-02
2571	  5,1400000000e+03	 -4,96741e-02	  3,79760e-02
2572	  5,1420000000e+03	 -5,01224e-02	  3,88059e-02
2573	  5,1440000000e+03	 -4,91419e-02	  3,94993e-02
2574	  5,1460000000e+03	 -4,75423e-02	  3,95165e-02
2575	  5,1480000000e+03	 -4,84280e-02	  3,82002e-02
2576	  5,1500000000e+03	 -5,02111e-02	  3,67398e-02
2577	  5,1520000000e+03	 -4,69705e-02	  3,51832e-02
2578	  5,1540000000e+03	 -4,64216e-02	  3,38983e-02
2579	  5,1560000000e+03	 -4,56493e-02	  3,54955e-02
2580	  5,1580000000e+03	 -4,55203e-02	  3,70633e-02
2581	  5,1600000000e+03	 -4,49888e-02	  3,41054e-02
2582	  5,1620000000e+03	 -4,20624e-02	  3,20149e-02
2583	  5,1640000000e+03	 -4,19254e-02	  3,19156e-02
2584	  5,1660000000e+03	 -4,43128e-02	  3,19585e-02
2585	  5,1680000000e+03	 -4,65558e-02	  3,19810e-02
2586	  5,1700000000e+03	 -4,70483e-02	  2,90733e-02
2587	  5,1720000000e+03	 -4,44101e-02	  2,64701e-02
2588	  5,1740000000e+03	 -4,57960e-02	  2,92436e-02
2589	  5,1760000000e+03	 -4,55072e-02	  2,91895e-02
2590	  5,1780000000e+03	 -4,75645e-02	  2,70867e-02
2591	  5,1800000000e+03	 -4,90372e-02	  2,54219e-02
2592	  5,1820000000e+03	 -4,85409e-02	  2,63457e-02
2593	  5,1840000000e+03	 -4,80776e-02	  2,62601e-02
2594	  5,1860000000e+03	 -4,95752e-02	  2,68441e-02
2595	  5,1880000000e+03	 -5,08929e-02	  2,42547e-02
2596	  5,1900000000e+03	 -5,17893e-02	  2,45617e-02
2597	  5,1920000000e+03	 -5,23691e-02	  2,50397e-02
2598	  5,1940000000e+03	 -5,28800e-02	  2,43837e-02
2599	  5,1960000000e+03	 -5,17157e-02	  2,38605e-02
2600	  5,1980000000e+03	 -4,92847e-02	  2,19286e-02
2601	  5,2000000000e+03	 -4,99913e-02	  2,26985e-02
2602	  5,2020000000e+03	 -5,52980e-02	  2,29513e-02
2603	  5,2040000000e+03	 -5,63784e-02	  2,45640e-02
2604	  5,2060000000e+03	 -5,45994e-02	  2,46892e-02
2605	  5,2080000000e+03	 -5,37022e-02	  2,37139e-02
2606	  5,2100000000e+03	 -5,66539e-02	  2,39239e-02
2607	  5,2120000000e+03	 -5,81770e-02	  2,47119e-02
2608	  5,2140000000e+03	 -5,80455e-02	  2,54974e-02
2609	  5,2160000000e+03	 -5,74844e-02	  2,64943e-02
2610	  5,2180000000e+03	 -5,69204e-02	  2,61946e-02
2611	  5,2200000000e+03	 -5,66145e-02	  2,51306e-02
2612	  5,2220000000e+03	 -5,62883e-02	  2,38111e-02
2613	  5,2240000000e+03	 -5,75947e-02	  2,71102e-02
2614	  5,2260000000e+03	 -5,86471e-02	  2,93505e-02
2615	  5,2280000000e+03	 -5,79439e-02	  2,86230e-02
2616	  5,2300000000e+03	 -5,89008e-02	  2,68062e-02
2617	  5,2320000000e+03	 -6,01418e-02	  3,01010e-02
2618	  5,2340000000e+03	 -5,91358e-02	  2,89570e-02
2619	  5,2360000000e+03	 -5,94583e-02	  2,97106e-02
2620	  5,2380000000e+03	 -5,89067e-02	  3,07482e-02
2621	  5,2400000000e+03	 -6,10019e-02	  3,13836e-02
2622	  5,2420000000e+03	 -6,33108e-02	  3,09839e-02
2623	  5,2440000000e+03	 -6,20019e-02	  2,90107e-02
2624	  5,2460000000e+03	 -6,15239e-02	  2,85557e-02
2625	  5,2480000000e+03	 -5,97020e-02	  3,01984e-02
2626	  5,2500000000e+03	 -6,14715e-02	  3,14997e-02
2627	  5,2520000000e+03	 -6,35218e-02	  3,18076e-02
2628	  5,2540000000e+03	 -6,20022e-02	  3,11814e-02
2629	  5,2560000000e+03	 -6,12079e-02	  3,05846e-02
2630	  5,2580000000e+03	 -6,30148e-02	  3,16610e-02
2631	  5,2600000000e+03	 -6,35208e-02	  3,27421e-02
2632	  5,2620000000e+03	 -6,49327e-02	  3,22855e-02
2633	  5,2640000000e+03	 -6,77841e-02	  3,15396e-02
2634	  5,2660000000e+03	 -6,61674e-02	  3,23199e-02
2635	  5,2680000000e+03	 -6,71889e-02	  3,07966e-02
2636	  5,2700000000e+03	 -6,88348e-02	  3,18885e-02
2637	  5,2720000000e+03	 -6,78847e-02	  3,23742e-02
2638	  5,2740000000e+03	 -6,93782e-02	  3,30988e-02
2639	  5,2760000000e+03	 -7,05169e-02	  3,53180e-02
2640	  5,2780000000e+03	 -7,12509e-02	  3,79475e-02
2641	  5,2800000000e+03	 -7,23011e-02	  4,06231e-02
2642	  5,2820000000e+03	 -7,33790e-02	  4,20124e-02
2643	  5,2840000000e+03	 -7,43827e-02	  4,27417e-02
2644	  5,2860000000e+03	 -7,59586e-02	  4,14179e-02
2645	  5,2880000000e+03	 -7,74058e-02	  4,25897e-02
2646	  5,2900000000e+03	 -7,55236e-02	  4,39056e-02
2647	  5,2920000000e+03	 -7,32887e-02	  4,67305e-02
2648	  5,2940000000e+03	 -7,43816e-02	  5,18766e-02
2649	  5,2960000000e+03	 -7,48079e-02	  5,00048e-02
2650	  5,2980000000e+03	 -7,42218e-02	  4,97523e-02
2651	  5,3000000000e+03	 -7,49299e-02	  5,33174e-02
2652	  5,3020000000e+03	 -7,42815e-02	  5,46567e-02
2653	  5,3040000000e+03	 -7,09970e-02	  5,72841e-02
2654	  5,3060000000e+03	 -7,07519e-02	  5,71237e-02
2655	  5,3080000000e+03	 -7,28231e-02	  5,93855e-02
2656	  5,3100000000e+03	 -7,27493e-02	  6,08431e-02
2657	  5,3120000000e+03	 -7,11582e-02	  6,08798e-02
2658	  5,3140000000e+03	 -7,01040e-02	  6,07681e-02
2659	  5,3160000000e+03	 -7,11807e-02	  6,36858e-02
2660	  5,3180000000e+03	 -7,35044e-02	  6,73518e-02
2661	  5,3200000000e+03	 -7,09554e-02	  6,81230e-02
2662	  5,3220000000e+03	 -7,01599e-02	  6,63776e-02
2663	  5,3240000000e+03	 -6,74978e-02	  6,87972e-02
2664	  5,3260000000e+03	 -6,48492e-02	  7,27219e-02
2665	  5,3280000000e+03	 -6,27826e-02	  7,29327e-02
2666	  5,3300000000e+03	 -6,17925e-02	  7,25839e-02
2667	  5,3320000000e+03	 -6,25862e-02	  7,04661e-02
2668	  5,3340000000e+03	 -6,27351e-02	  7,16279e-02
2669	  5,3360000000e+03	 -6,36538e-02	  7,46379e-02
2670	  5,3380000000e+03	 -6,27211e-02	  7,71951e-02
2671	  5,3400000000e+03	 -6,27044e-02	  7,72661e-02
2672	  5,3420000000e+03	 -6,28783e-02	  7,83047e-02
2673	  5,3440000000e+03	 -5,99840e-02	  7,74497e-02
2674	  5,3460000000e+03	 -5,72990e-02	  8,00459e-02
2675	  5,3480000000e+03	 -5,65171e-02	  7,92208e-02
2676	  5,3500000000e+03	 -5,87727e-02	  7,99774e-02
2677	  5,3520000000e+03	 -5,68930e-02	  8,10902e-02
2678	  5,3540000000e+03	 -5,39886e-02	  8,12767e-02
2679	  5,3560000000e+03	 -5,47259e-02	  8,41762e-02
2680	  5,3580000000e+03	 -5,57024e-02	  8,65238e-02
2681	  5,3600000000e+03	 -5,25394e-02	  8,66495e-02
2682	  5,3620000000e+03	 -5,02233e-02	  8,70598e-02
2683	  5,3640000000e+03	 -4,99651e-02	  8,89512e-02
2684	  5,3660000000e+03	 -4,53180e-02	  8,87550e-02
2685	  5,3680000000e+03	 -4,38459e-02	  8,98232e-02
2686	  5,3700000000e+03	 -4,37710e-02	  9,23255e-02
2687	  5,3720000000e+03	 -4,38705e-02	  9,19662e-02
2688	  5,3740000000e+03	 -4,20274e-02	  9,31989e-02
2689	  5,3760000000e+03	 -4,29392e-02	  9,31754e-02
2690	  5,3780000000e+03	 -3,90951e-02	  9,33103e-02
2691	  5,3800000000e+03	 -3,54237e-02	  9,15839e-02
2692	  5,3820000000e+03	 -3,54870e-02	  9,15703e-02
2693	  5,3840000000e+03	 -3,44400e-02	  9,50879e-02
2694	  5,3860000000e+03	 -3,26804e-02	  9,61824e-02
2695	  5,3880000000e+03	 -3,16906e-02	  9,61856e-02
2696	  5,3900000000e+03	 -2,97699e-02	  9,75996e-02
2697	  5,3920000000e+03	 -2,96726e-02	  9,55592e-02
2698	  5,3940000000e+03	 -2,84270e-02	  9,30002e-02
2699	  5,3960000000e+03	 -2,44405e-02	  9,18125e-02
2700	  5,3980000000e+03	 -2,48578e-02	  9,18536e-02
2701	  5,4000000000e+03	 -2,68187e-02	  9,15492e-02
2702	  5,4020000000e+03	 -2,41746e-02	  9,21033e-02
2703	  5,4040000000e+03	 -2,16596e-02	  9,39453e-02
2704	  5,4060000000e+03	 -2,16471e-02	  9,56395e-02
2705	  5,4080000000e+03	 -2,06691e-02	  9,38134e-02
2706	  5,4100000000e+03	 -2,02464e-02	  9,59163e-02
2707	  5,4120000000e+03	 -1,55017e-02	  9,56134e-02
2708	  5,4140000000e+03	 -1,52841e-02	  9,40645e-02
2709	  5,4160000000e+03	 -1,47328e-02	  9,27044e-02
2710	  5,4180000000e+03	 -1,31643e-02	  9,13479e-02
2711	  5,4200000000e+03	 -1,08452e-02	  9,28182e-02
2712	  5,4220000000e+03	 -9,67417e-03	  9,17910e-02
2713	  5,4240000000e+03	 -8,14989e-03	  9,16300e-02
2714	  5,4260000000e+03	 -6,23257e-03	  9,31706e-02
2715	  5,4280000000e+03	 -5,15253e-03	  9,04426e-02
2716	  5,4300000000e+03	 -6,75532e-03	  8,99391e-02
2717	  5,4320000000e+03	 -6,21249e-03	  8,96571e-02
2718	  5,4340000000e+03	 -6,43918e-03	  8,90374e-02
2719	  5,4360000000e+03	 -5,77840e-03	  8,83707e-02
2720	  5,4380000000e+03	 -3,01734e-03	  9,10134e-02
2721	  5,4400000000e+03	 -2,13484e-03	  9,08423e-02
2722	  5,4420000000e+03	 -8,06246e-04	  8,83804e-02
2723	  5,4440000000e+03	  9,52599e-04	  8,75604e-02
2724	  5,4460000000e+03	  3,46616e-03	  8,83058e-02
2725	  5,4480000000e+03	  3,72626e-03	  8,63630e-02
2726	  5,4500000000e+03	  3,99281e-03	  8,91049e-02
2727	  5,4520000000e+03	  5,79986e-03	  8,76126e-02
2728	  5,4540000000e+03	  5,32890e-03	  8,66834e-02
2729	  5,4560000000e+03	  5,48009e-03	  8,52742e-02
2730	  5,4580000000e+03	  3,61544e-03	  8,52662e-02
2731	  5,4600000000e+03	  6,01002e-03	  8,45099e-02
2732	  5,4620000000e+03	  1,17398e-02	  8,10176e-02
2733	  5,4640000000e+03	  1,25023e-02	  8,17348e-02
2734	  5,4660000000e+03	  1,23587e-02	  8,19951e-02
2735	  5,4680000000e+03	  1,02959e-02	  8,32761e-02
2736	  5,4700000000e+03	  8,28898e-03	  8,01596e-02
2737	  5,4720000000e+03	  1,08750e-02	  7,98557e-02
2738	  5,4740000000e+03	  1,31272e-02	  8,02260e-02
2739	  5,4760000000e+03	  1,38218e-02	  8,01414e-02
2740	  5,4780000000e+03	  1,21550e-02	  7,85343e-02
2741	  5,4800000000e+03	  1,34265e-02	  7,55431e-02
2742	  5,4820000000e+03	  1,42788e-02	  7,40970e-02
2743	  5,4840000000e+03	  1,59972e-02	  7,55362e-02
2744	  5,4860000000e+03	  1,49456e-02	  7,61039e-02
2745	  5,4880000000e+03	  1,33108e-02	  7,61128e-02
2746	  5,4900000000e+03	  1,44534e-02	  7,49562e-02
2747	  5,4920000000e+03	  1,60037e-02	  7,67922e-02
2748	  5,4940000000e+03	  1,77262e-02	  7,47349e-02
2749	  5,4960000000e+03	  1,63463e-02	  7,33502e-02
2750	  5,4980000000e+03	  1,67782e-02	  7,33897e-02
2751	  5,5000000000e+03	  1,59029e-02	  7,47352e-02
2752	  5,5020000000e+03	  1,55180e-02	  7,25737e-02
2753	  5,5040000000e+03	  1,70791e-02	  7,26121e-02
2754	  5,5060000000e+03	  1,93503e-02	  7,17811e-02
2755	  5,5080000000e+03	  1,87092e-02	  7,13628e-02
2756	  5,5100000000e+03	  1,84203e-02	  7,10753e-02
2757	  5,5120000000e+03	  2,16073e-02	  7,09935e-02
2758	  5,5140000000e+03	  2,38148e-02	  7,14004e-02
2759	  5,5160000000e+03	  2,21859e-02	  7,02554e-02
2760	  5,5180000000e+03	  2,04588e-02	  6,76497e-02
2761	  5,5200000000e+03	  2,02401e-02	  6,78064e-02
2762	  5,5220000000e+03	  2,29267e-02	  6,88369e-02
2763	  5,5240000000e+03	  2,33405e-02	  6,79036e-02
2764	  5,5260000000e+03	  2,31010e-02	  6,47641e-02
2765	  5,5280000000e+03	  2,15873e-02	  6,48794e-02
2766	  5,5300000000e+03	  2,03126e-02	  6,55461e-02
2767	  5,5320000000e+03	  1,86692e-02	  6,63410e-02
2768	  5,5340000000e+03	  2,14954e-02	  6,62081e-02
2769	  5,5360000000e+03	  2,22826e-02	  6,46424e-02
2770	  5,5380000000e+03	  2,25276e-02	  6,40156e-02
2771	  5,5400000000e+03	  2,48151e-02	  6,37272e-02
2772	  5,5420000000e+03	  2,35279e-02	  6,28976e-02
2773	  5,5440000000e+03	  2,50385e-02	  6,51347e-02
2774	  5,5460000000e+03	  2,84064e-02	  6,13843e-02
2775	  5,5480000000e+03	  2,75523e-02	  6,09194e-02
2776	  5,5500000000e+03	  2,58794e-02	  5,99944e-02
2777	  5,5520000000e+03	  2,46358e-02	  5,80364e-02
2778	  5,5540000000e+03	  2,58167e-02	  5,96368e-02
2779	  5,5560000000e+03	  2,49323e-02	  5,87719e-02
2780	  5,5580000000e+03	  2,43392e-02	  5,75900e-02
2781	  5,5600000000e+03	  2,34590e-02	  5,79564e-02
2782	  5,5620000000e+03	  2,30254e-02	  5,55431e-02
2783	  5,5640000000e+03	  2,06060e-02	  5,60372e-02
2784	  5,5660000000e+03	  2,11589e-02	  5,63804e-02
2785	  5,5680000000e+03	  2,33054e-02	  5,56574e-02
2786	  5,5700000000e+03	  2,25239e-02	  5,83735e-02
2787	  5,5720000000e+03	  2,48836e-02	  5,70407e-02
2788	  5,5740000000e+03	  2,50280e-02	  5,53476e-02
2789	  5,5760000000e+03	  2,55255e-02	  5,77819e-02
2790	  5,5780000000e+03	  2,51071e-02	  5,87241e-02
2791	  5,5800000000e+03	  2,34730e-02	  5,88064e-02
2792	  5,5820000000e+03	  2,51292e-02	  5,62183e-02
2793	  5,5840000000e+03	  2,37943e-02	  5,61508e-02
2794	  5,5860000000e+03	  2,13416e-02	  5,95415e-02
2795	  5,5880000000e+03	  2,33282e-02	  6,10471e-02
2796	  5,5900000000e+03	  2,51466e-02	  5,79985e-02
2797	  5,5920000000e+03	  2,51267e-02	  5,61763e-02
2798	  5,5940000000e+03	  2,58833e-02	  5,86826e-02
2799	  5,5960000000e+03	  2,53700e-02	  5,87516e-02
2800	  5,5980000000e+03	  2,65085e-02	  5,78003e-02
2801	  5,6000000000e+03	  2,40701e-02	  5,95079e-02
2802	  5,6020000000e+03	  2,56035e-02	  6,06290e-02
2803	  5,6040000000e+03	  2,93593e-02	  5,72867e-02
2804	  5,6060000000e+03	  2,79844e-02	  5,51102e-02
2805	  5,6080000000e+03	  2,72120e-02	  5,69718e-02
2806	  5,6100000000e+03	  2,83753e-02	  6,01594e-02
2807	  5,6120000000e+03	  3,20593e-02	  6,04495e-02
2808	  5,6140000000e+03	  3,32836e-02	  5,83122e-02
2809	  5,6160000000e+03	  3,33076e-02	  5,50445e-02
2810	  5,6180000000e+03	  3,59206e-02	  5,74516e-02
2811	  5,6200000000e+03	  3,69690e-02	  5,62562e-02
2812	  5,6220000000e+03	  3,43182e-02	  5,49745e-02
2813	  5,6240000000e+03	  3,40335e-02	  5,52173e-02
2814	  5,6260000000e+03	  3,49330e-02	  5,37863e-02
2815	  5,6280000000e+03	  3,37394e-02	  5,27712e-02
2816	  5,6300000000e+03	  3,21904e-02	  5,10591e-02
2817	  5,6320000000e+03	  3,36094e-02	  5,27678e-02
2818	  5,6340000000e+03	  3,49303e-02	  5,23837e-02
2819	  5,6360000000e+03	  3,27192e-02	  5,08149e-02
2820	  5,6380000000e+03	  3,17817e-02	  4,81733e-02
2821	  5,6400000000e+03	  3,34822e-02	  4,66622e-02
2822	  5,6420000000e+03	  3,34856e-02	  4,68567e-02
2823	  5,6440000000e+03	  3,24243e-02	  4,95115e-02
2824	  5,6460000000e+03	  3,14956e-02	  4,94205e-02
2825	  5,6480000000e+03	  3,16743e-02	  4,68883e-02
2826	  5,6500000000e+03	  3,11678e-02	  4,97967e-02
2827	  5,6520000000e+03	  3,13835e-02	  5,19379e-02
2828	  5,6540000000e+03	  3,19489e-02	  4,87643e-02
2829	  5,6560000000e+03	  3,31837e-02	  5,15267e-02
2830	  5,6580000000e+03	  3,32187e-02	  5,10555e-02
2831	  5,6600000000e+03	  3,10504e-02	  5,06237e-02
2832	  5,6620000000e+03	  3,05193e-02	  5,16154e-02
2833	  5,6640000000e+03	  3,19764e-02	  5,33553e-02
2834	  5,6660000000e+03	  3,37826e-02	  5,10534e-02
2835	  5,6680000000e+03	  3,30747e-02	  5,00165e-02
2836	  5,6700000000e+03	  3,43842e-02	  5,12134e-02
2837	  5,6720000000e+03	  3,48477e-02	  4,85841e-02
2838	  5,6740000000e+03	  3,33159e-02	  4,67110e-02
2839	  5,6760000000e+03	  3,44025e-02	  4,60988e-02
2840	  5,6780000000e+03	  3,37150e-02	  5,13269e-02
2841	  5,6800000000e+03	  3,52340e-02	  5,10672e-02
2842	  5,6820000000e+03	  3,67624e-02	  4,95780e-02
2843	  5,6840000000e+03	  3,75092e-02	  4,94582e-02
2844	  5,6860000000e+03	  3,52446e-02	  5,02469e-02
2845	  5,6880000000e+03	  3,60674e-02	  5,05962e-02
2846	  5,6900000000e+03	  3,71327e-02	  5,21208e-02
2847	  5,6920000000e+03	  3,79242e-02	  5,05614e-02
2848	  5,6940000000e+03	  3,82335e-02	  4,80311e-02
2849	  5,6960000000e+03	  3,82848e-02	  4,97621e-02
2850	  5,6980000000e+03	  3,92126e-02	  4,89064e-02
2851	  5,7000000000e+03	  4,21526e-02	  4,84199e-02
2852	  5,7020000000e+03	  4,07931e-02	  4,79018e-02
2853	  5,7040000000e+03	  3,87070e-02	  4,68771e-02
2854	  5,7060000000e+03	  4,01579e-02	  4,79123e-02
2855	  5,7080000000e+03	  4,20400e-02	  4,51641e-02
2856	  5,7100000000e+03	  4,30348e-02	  4,39381e-02
2857	  5,7120000000e+03	  4,00480e-02	  4,71599e-02
2858	  5,7140000000e+03	  4,19058e-02	  4,58322e-02
2859	  5,7160000000e+03	  4,49591e-02	  4,48767e-02
2860	  5,7180000000e+03	  4,28271e-02	  4,46114e-02
2861	  5,7200000000e+03	  4,27331e-02	  4,52287e-02
2862	  5,7220000000e+03	  4,36040e-02	  4,78883e-02
2863	  5,7240000000e+03	  4,56553e-02	  4,76521e-02
2864	  5,7260000000e+03	  4,45539e-02	  4,61932e-02
2865	  5,7280000000e+03	  4,56853e-02	  4,62545e-02
2866	  5,7300000000e+03	  4,66053e-02	  4,46518e-02
2867	  5,7320000000e+03	  4,58523e-02	  4,66803e-02
2868	  5,7340000000e+03	  4,54276e-02	  4,65184e-02
2869	  5,7360000000e+03	  4,88899e-02	  4,41007e-02
2870	  5,7380000000e+03	  5,09433e-02	  4,35027e-02
2871	  5,7400000000e+03	  5,16307e-02	  4,28292e-02
2872	  5,7420000000e+03	  5,37237e-02	  4,03807e-02
2873	  5,7440000000e+03	  5,48702e-02	  4,18325e-02
2874	  5,7460000000e+03	  5,09564e-02	  4,53483e-02
2875	  5,7480000000e+03	  5,18134e-02	  4,55003e-02
2876	  5,7500000000e+03	  5,44383e-02	  4,00401e-02
2877	  5,7520000000e+03	  5,40141e-02	  3,80703e-02
2878	  5,7540000000e+03	  5,36875e-02	  3,77315e-02
2879	  5,7560000000e+03	  5,62089e-02	  3,96526e-02
2880	  5,7580000000e+03	  5,60380e-02	  3,97819e-02
2881	  5,7600000000e+03	  5,44195e-02	  3,68410e-02
2882	  5,7620000000e+03	  5,36412e-02	  3,63578e-02
2883	  5,7640000000e+03	  5,49424e-02	  3,38573e-02
2884	  5,7660000000e+03	  5,53861e-02	  3,55271e-02
2885	  5,7680000000e+03	  5,68438e-02	  3,64185e-02
2886	  5,7700000000e+03	  5,78561e-02	  3,49170e-02
2887	  5,7720000000e+03	  5,67814e-02	  3,63140e-02
2888	  5,7740000000e+03	  5,38225e-02	  3,37670e-02
2889	  5,7760000000e+03	  5,51876e-02	  3,10336e-02
2890	  5,7780000000e+03	  5,58144e-02	  3,06391e-02
2891	  5,7800000000e+03	  5,53307e-02	  3,04474e-02
2892	  5,7820000000e+03	  5,65371e-02	  3,01396e-02
2893	  5,7840000000e+03	  5,63425e-02	  2,97156e-02
2894	  5,7860000000e+03	  5,63528e-02	  3,14246e-02
2895	  5,7880000000e+03	  5,64926e-02	  3,22140e-02
2896	  5,7900000000e+03	  5,59597e-02	  3,03069e-02
2897	  5,7920000000e+03	  5,45949e-02	  2,97247e-02
2898	  5,7940000000e+03	  5,70215e-02	  2,79840e-02
2899	  5,7960000000e+03	  5,83419e-02	  2,53202e-02
2900	  5,7980000000e+03	  6,02525e-02	  2,44637e-02
2901	  5,8000000000e+03	  5,98766e-02	  2,51160e-02
2902	  5,8020000000e+03	  5,91226e-02	  2,77156e-02
2903	  5,8040000000e+03	  5,77515e-02	  2,67688e-02
2904	  5,8060000000e+03	  5,81820e-02	  2,61309e-02
2905	  5,8080000000e+03	  6,27224e-02	  2,43245e-02
2906	  5,8100000000e+03	  6,00652e-02	  2,30930e-02
2907	  5,8120000000e+03	  5,97389e-02	  2,22016e-02
2908	  5,8140000000e+03	  6,26660e-02	  2,18175e-02
2909	  5,8160000000e+03	  6,16777e-02	  2,11893e-02
2910	  5,8180000000e+03	  6,12280e-02	  2,08783e-02
2911	  5,8200000000e+03	  6,17871e-02	  1,93734e-02
2912	  5,8220000000e+03	  6,15036e-02	  1,93517e-02
2913	  5,8240000000e+03	  6,13162e-02	  1,89542e-02
2914	  5,8260000000e+03	  5,95059e-02	  1,74724e-02
2915	  5,8280000000e+03	  5,94446e-02	  1,51723e-02
2916	  5,8300000000e+03	  6,25764e-02	  1,42060e-02
2917	  5,8320000000e+03	  6,14047e-02	  1,42411e-02
2918	  5,8340000000e+03	  6,04776e-02	  1,19090e-02
2919	  5,8360000000e+03	  6,08656e-02	  1,33190e-02
2920	  5,8380000000e+03	  6,09282e-02	  1,25781e-02
2921	  5,8400000000e+03	  6,19189e-02	  1,33001e-02
2922	  5,8420000000e+03	  6,05625e-02	  1,03756e-02
2923	  5,8440000000e+03	  5,99949e-02	  1,02350e-02
2924	  5,8460000000e+03	  5,99199e-02	  9,14933e-03
2925	  5,8480000000e+03	  5,87382e-02	  7,82111e-03
2926	  5,8500000000e+03	  5,80490e-02	  6,81767e-03
2927	  5,8520000000e+03	  5,77611e-02	  7,60929e-03
2928	  5,8540000000e+03	  5,94293e-02	  8,45093e-03
2929	  5,8560000000e+03	  5,70944e-02	  4,80587e-03
2930	  5,8580000000e+03	  5,59380e-02	  3,04384e-03
2931	  5,8600000000e+03	  5,55676e-02	  4,48189e-03
2932	  5,8620000000e+03	  5,63406e-02	  3,52665e-03
2933	  5,8640000000e+03	  5,83511e-02	  2,88515e-03
2934	  5,8660000000e+03	  5,81056e-02	  4,13340e-03
2935	  5,8680000000e+03	  5,53285e-02	  3,63011e-03
2936	  5,8700000000e+03	  5,57007e-02	  3,66483e-03
2937	  5,8720000000e+03	  5,60177e-02	  2,87004e-03
2938	  5,8740000000e+03	  5,29844e-02	  8,70136e-04
2939	  5,8760000000e+03	  5,05171e-02	  1,65470e-03
2940	  5,8780000000e+03	  5,05135e-02	  1,23452e-03
2941	  5,8800000000e+03	  5,34009e-02	  3,61781e-04
2942	  5,8820000000e+03	  5,08700e-02	  4,13123e-04
2943	  5,8840000000e+03	  4,82522e-02	  9,74397e-04
2944	  5,8860000000e+03	  4,93329e-02	  3,20126e-03
2945	  5,8880000000e+03	  5,10849e-02	  2,76525e-03
2946	  5,8900000000e+03	  4,92218e-02	  3,18003e-04
2947	  5,8920000000e+03	  4,76281e-02	  2,11621e-03
2948	  5,8940000000e+03	  5,04661e-02	  5,43937e-04
2949	  5,8960000000e+03	  5,29841e-02	 -2,27057e-03
2950	  5,8980000000e+03	  5,12912e-02	 -2,13035e-03
2951	  5,9000000000e+03	  4,63350e-02	 -2,93687e-03
2952	  5,9020000000e+03	  4,59427e-02	  9,62458e-04
2953	  5,9040000000e+03	  5,07673e-02	  2,84709e-03
2954	  5,9060000000e+03	  5,05921e-02	 -7,38727e-04
2955	  5,9080000000e+03	  5,00707e-02	 -1,72354e-03
2956	  5,9100000000e+03	  4,83837e-02	 -1,11896e-03
2957	  5,9120000000e+03	  4,91117e-02	  1,05686e-04
2958	  5,9140000000e+03	  4,97246e-02	 -4,97804e-04
2959	  5,9160000000e+03	  4,66332e-02	 -1,03504e-03
2960	  5,9180000000e+03	  4,68775e-02	 -9,22326e-04
2961	  5,9200000000e+03	  4,61695e-02	 -4,07035e-03
2962	  5,9220000000e+03	  4,72460e-02	 -2,78096e-03
2963	  5,9240000000e+03	  4,67568e-02	 -1,07090e-03
2964	  5,9260000000e+03	  4,64716e-02	 -2,09020e-03
2965	  5,9280000000e+03	  4,94583e-02	 -4,00488e-04
2966	  5,9300000000e+03	  4,53896e-02	 -6,46067e-04
2967	  5,9320000000e+03	  4,48967e-02	 -1,97421e-03
2968	  5,9340000000e+03	  4,75865e-02	 -3,04932e-03
2969	  5,9360000000e+03	  4,77422e-02	 -3,99672e-03
2970	  5,9380000000e+03	  4,54202e-02	 -4,67880e-03
2971	  5,9400000000e+03	  4,68890e-02	 -2,03788e-03
2972	  5,9420000000e+03	  4,64841e-02	 -2,24532e-03
2973	  5,9440000000e+03	  4,58477e-02	 -4,76113e-03
2974	  5,9460000000e+03	  4,39821e-02	 -5,50229e-03
2975	  5,9480000000e+03	  4,50015e-02	 -2,92543e-03
2976	  5,9500000000e+03	  4,77047e-02	 -1,55298e-03
2977	  5,9520000000e+03	  4,97778e-02	 -2,11144e-03
2978	  5,9540000000e+03	  5,10099e-02	 -3,25212e-03
2979	  5,9560000000e+03	  4,93014e-02	 -2,49611e-03
2980	  5,9580000000e+03	  4,82521e-02	 -3,15852e-03
2981	  5,9600000000e+03	  4,65047e-02	 -3,73471e-03
2982	  5,9620000000e+03	  4,74200e-02	 -5,28868e-03
2983	  5,9640000000e+03	  5,00850e-02	 -6,46757e-03
2984	  5,9660000000e+03	  5,06054e-02	 -7,14680e-03
2985	  5,9680000000e+03	  4,88786e-02	 -8,95456e-03
2986	  5,9700000000e+03	  4,81163e-02	 -9,75348e-03
2987	  5,9720000000e+03	  4,57012e-02	 -1,14860e-02
2988	  5,9740000000e+03	  4,55913e-02	 -1,14001e-02
2989	  5,9760000000e+03	  4,63664e-02	 -1,13056e-02
2990	  5,9780000000e+03	  4,58703e-02	 -1,11190e-02
2991	  5,9800000000e+03	  4,63990e-02	 -1,02671e-02
2992	  5,9820000000e+03	  4,61977e-02	 -9,78955e-03
2993	  5,9840000000e+03	  4,69646e-02	 -1,15476e-02
2994	  5,9860000000e+03	  4,57616e-02	 -1,27964e-02
2995	  5,9880000000e+03	  4,44596e-02	 -1,37745e-02
2996	  5,9900000000e+03	  4,44706e-02	 -1,30823e-02
2997	  5,9920000000e+03	  4,20265e-02	 -1,16617e-02
2998	  5,9940000000e+03	  4,00951e-02	 -1,36857e-02
2999	  5,9960000000e+03	  3,90169e-02	 -1,26172e-02
3000	  5,9980000000e+03	  4,18228e-02	 -1,15811e-02
3001	  6,0000000000e+03	  4,01133e-02	 -1,18405e-02
3002	  6,0020000000e+03	  4,00651e-02	 -1,09183e-02
3003	  6,0040000000e+03	  4,26782e-02	 -1,11482e-02
3004	  6,0060000000e+03	  4,07691e-02	 -1,25584e-02
3005	  6,0080000000e+03	  3,87465e-02	 -1,20489e-02
3006	  6,0100000000e+03	  3,70830e-02	 -9,59231e-03
3007	  6,0120000000e+03	  3,81085e-02	 -8,68451e-03
3008	  6,0140000000e+03	  3,88115e-02	 -9,76302e-03
3009	  6,0160000000e+03	  3,80859e-02	 -9,99797e-03
3010	  6,0180000000e+03	  3,75737e-02	 -9,38156e-03
3011	  6,0200000000e+03	  3,67463e-02	 -1,06694e-02
3012	  6,0220000000e+03	  3,72356e-02	 -8,94791e-03
3013	  6,0240000000e+03	  3,62218e-02	 -1,00014e-02
3014	  6,0260000000e+03	  3,74106e-02	 -1,05288e-02
3015	  6,0280000000e+03	  3,80523e-02	 -8,51867e-03
3016	  6,0300000000e+03	  3,72269e-02	 -7,46949e-03
3017	  6,0320000000e+03	  3,71722e-02	 -7,99752e-03
3018	  6,0340000000e+03	  3,73885e-02	 -6,79480e-03
3019	  6,0360000000e+03	  3,85530e-02	 -8,59155e-03
3020	  6,0380000000e+03	  3,82348e-02	 -9,66341e-03
3021	  6,0400000000e+03	  3,94434e-02	 -1,06174e-02
3022	  6,0420000000e+03	  4,07699e-02	 -1,04647e-02
3023	  6,0440000000e+03	  3,93588e-02	 -1,24262e-02
3024	  6,0460000000e+03	  3,72610e-02	 -1,33373e-02
3025	  6,0480000000e+03	  3,82616e-02	 -1,33128e-02
3026	  6,0500000000e+03	  3,67749e-02	 -1,18955e-02
3027	  6,0520000000e+03	  3,52852e-02	 -1,42579e-02
3028	  6,0540000000e+03	  3,55908e-02	 -1,41490e-02
3029	  6,0560000000e+03	  3,75331e-02	 -1,69559e-02
3030	  6,0580000000e+03	  3,83641e-02	 -1,74433e-02
3031	  6,0600000000e+03	  3,63462e-02	 -1,28618e-02
3032	  6,0620000000e+03	  3,19874e-02	 -1,20351e-02
3033	  6,0640000000e+03	  3,53823e-02	 -1,37029e-02
3034	  6,0660000000e+03	  3,40830e-02	 -1,11639e-02
3035	  6,0680000000e+03	  3,11190e-02	 -8,85604e-03
3036	  6,0700000000e+03	  3,27010e-02	 -1,03516e-02
3037	  6,0720000000e+03	  3,48402e-02	 -9,70836e-03
3038	  6,0740000000e+03	  3,46155e-02	 -8,65076e-03
3039	  6,0760000000e+03	  3,35016e-02	 -9,60662e-03
3040	  6,0780000000e+03	  3,52327e-02	 -1,01007e-02
3041	  6,0800000000e+03	  3,35179e-02	 -1,17231e-02
3042	  6,0820000000e+03	  3,33542e-02	 -1,03067e-02
3043	  6,0840000000e+03	  3,68269e-02	 -1,14798e-02
3044	  6,0860000000e+03	  3,62197e-02	 -1,06254e-02
3045	  6,0880000000e+03	  3,66104e-02	 -8,06880e-03
3046	  6,0900000000e+03	  3,51066e-02	 -8,39339e-03
3047	  6,0920000000e+03	  3,42090e-02	 -9,57213e-03
3048	  6,0940000000e+03	  3,61723e-02	 -9,53969e-03
3049	  6,0960000000e+03	  3,71657e-02	 -8,91397e-03
3050	  6,0980000000e+03	  3,67445e-02	 -8,20187e-03
3051	  6,1000000000e+03	  3,61597e-02	 -7,69963e-03
3052	  6,1020000000e+03	  3,65207e-02	 -7,71627e-03
3053	  6,1040000000e+03	  3,52747e-02	 -1,07737e-02
3054	  6,1060000000e+03	  3,44501e-02	 -1,06533e-02
3055	  6,1080000000e+03	  3,65938e-02	 -7,36923e-03
3056	  6,1100000000e+03	  3,76010e-02	 -7,05281e-03
3057	  6,1120000000e+03	  3,62161e-02	 -7,87260e-03
3058	  6,1140000000e+03	  3,56302e-02	 -7,34824e-03
3059	  6,1160000000e+03	  3,68710e-02	 -9,11473e-03
3060	  6,1180000000e+03	  3,80148e-02	 -9,42149e-03
3061	  6,1200000000e+03	  3,88439e-02	 -9,27812e-03
3062	  6,1220000000e+03	  3,99782e-02	 -9,44941e-03
3063	  6,1240000000e+03	  3,95327e-02	 -7,48324e-03
3064	  6,1260000000e+03	  3,95049e-02	 -7,60601e-03
3065	  6,1280000000e+03	  3,71661e-02	 -9,42814e-03
3066	  6,1300000000e+03	  3,83189e-02	 -8,53358e-03
3067	  6,1320000000e+03	  3,96734e-02	 -1,00453e-02
3068	  6,1340000000e+03	  4,25412e-02	 -1,05001e-02
3069	  6,1360000000e+03	  4,28571e-02	 -1,14667e-02
3070	  6,1380000000e+03	  4,22286e-02	 -1,14742e-02
3071	  6,1400000000e+03	  4,10273e-02	 -9,67087e-03
3072	  6,1420000000e+03	  4,26472e-02	 -8,10018e-03
3073	  6,1440000000e+03	  4,37512e-02	 -7,05796e-03
3074	  6,1460000000e+03	  4,36830e-02	 -1,01412e-02
3075	  6,1480000000e+03	  4,48448e-02	 -1,04291e-02
3076	  6,1500000000e+03	  4,29970e-02	 -8,16524e-03
3077	  6,1520000000e+03	  4,67052e-02	 -1,07559e-02
3078	  6,1540000000e+03	  4,80619e-02	 -1,13260e-02
3079	  6,1560000000e+03	  4,62791e-02	 -1,18701e-02
3080	  6,1580000000e+03	  4,69981e-02	 -1,36421e-02
3081	  6,1600000000e+03	  4,86563e-02	 -1,24802e-02
3082	  6,1620000000e+03	  4,89556e-02	 -1,23255e-02
3083	  6,1640000000e+03	  4,86098e-02	 -1,44654e-02
3084	  6,1660000000e+03	  5,11194e-02	 -1,79362e-02
3085	  6,1680000000e+03	  5,05621e-02	 -1,91752e-02
3086	  6,1700000000e+03	  4,95179e-02	 -1,66024e-02
3087	  6,1720000000e+03	  4,71204e-02	 -1,76539e-02
3088	  6,1740000000e+03	  4,76329e-02	 -1,96612e-02
3089	  6,1760000000e+03	  4,75298e-02	 -2,14475e-02
3090	  6,1780000000e+03	  4,43685e-02	 -2,34078e-02
3091	  6,1800000000e+03	  4,15058e-02	 -2,43491e-02
3092	  6,1820000000e+03	  4,31163e-02	 -2,57159e-02
3093	  6,1840000000e+03	  4,31527e-02	 -2,52478e-02
3094	  6,1860000000e+03	  4,43786e-02	 -2,29418e-02
3095	  6,1880000000e+03	  4,51282e-02	 -2,35572e-02
3096	  6,1900000000e+03	  4,27628e-02	 -2,42791e-02
3097	  6,1920000000e+03	  4,39870e-02	 -2,46083e-02
3098	  6,1940000000e+03	  4,47747e-02	 -2,30403e-02
3099	  6,1960000000e+03	  4,12688e-02	 -2,49981e-02
3100	  6,1980000000e+03	  4,32999e-02	 -2,51068e-02
3101	  6,2000000000e+03	  4,38842e-02	 -2,59646e-02
3102	  6,2020000000e+03	  4,03184e-02	 -2,66853e-02
3103	  6,2040000000e+03	  4,06366e-02	 -2,72809e-02
3104	  6,2060000000e+03	  4,00023e-02	 -2,91325e-02
3105	  6,2080000000e+03	  4,04175e-02	 -3,17619e-02
3106	  6,2100000000e+03	  3,94119e-02	 -2,72799e-02
3107	  6,2120000000e+03	  3,99155e-02	 -2,63426e-02
3108	  6,2140000000e+03	  3,88706e-02	 -2,68181e-02
3109	  6,2160000000e+03	  3,84709e-02	 -2,60867e-02
3110	  6,2180000000e+03	  3,95746e-02	 -2,61850e-02
3111	  6,2200000000e+03	  4,06838e-02	 -2,69510e-02
3112	  6,2220000000e+03	  4,05385e-02	 -2,69394e-02
3113	  6,2240000000e+03	  3,97718e-02	 -2,77031e-02
3114	  6,2260000000e+03	  3,90361e-02	 -2,82656e-02
3115	  6,2280000000e+03	  3,76182e-02	 -2,76260e-02
3116	  6,2300000000e+03	  3,84351e-02	 -2,92776e-02
3117	  6,2320000000e+03	  4,02664e-02	 -3,19176e-02
3118	  6,2340000000e+03	  3,98696e-02	 -3,24398e-02
3119	  6,2360000000e+03	  4,05387e-02	 -3,11320e-02
3120	  6,2380000000e+03	  4,16182e-02	 -3,18243e-02
3121	  6,2400000000e+03	  4,08751e-02	 -3,17724e-02
3122	  6,2420000000e+03	  3,99732e-02	 -3,29598e-02
3123	  6,2440000000e+03	  3,70909e-02	 -3,36417e-02
3124	  6,2460000000e+03	  3,83915e-02	 -3,19924e-02
3125	  6,2480000000e+03	  3,71907e-02	 -3,24382e-02
3126	  6,2500000000e+03	  3,62884e-02	 -3,46883e-02
3127	  6,2520000000e+03	  3,66445e-02	 -3,46345e-02
3128	  6,2540000000e+03	  3,80031e-02	 -3,60456e-02
3129	  6,2560000000e+03	  3,72903e-02	 -3,48261e-02
3130	  6,2580000000e+03	  3,58517e-02	 -3,35341e-02
3131	  6,2600000000e+03	  3,36211e-02	 -3,21540e-02
3132	  6,2620000000e+03	  3,19232e-02	 -3,20004e-02
3133	  6,2640000000e+03	  3,64653e-02	 -3,21921e-02
3134	  6,2660000000e+03	  3,57106e-02	 -3,17673e-02
3135	  6,2680000000e+03	  3,52700e-02	 -3,37322e-02
3136	  6,2700000000e+03	  3,49955e-02	 -3,52487e-02
3137	  6,2720000000e+03	  3,52291e-02	 -3,48640e-02
3138	  6,2740000000e+03	  3,56050e-02	 -3,41435e-02
3139	  6,2760000000e+03	  3,37533e-02	 -3,60256e-02
3140	  6,2780000000e+03	  3,30759e-02	 -3,71806e-02
3141	  6,2800000000e+03	  3,38522e-02	 -3,42346e-02
3142	  6,2820000000e+03	  3,22663e-02	 -3,34214e-02
3143	  6,2840000000e+03	  3,33515e-02	 -3,58179e-02
3144	  6,2860000000e+03	  3,09430e-02	 -3,67938e-02
3145	  6,2880000000e+03	  3,19972e-02	 -3,32209e-02
3146	  6,2900000000e+03	  3,29711e-02	 -3,45051e-02
3147	  6,2920000000e+03	  3,27204e-02	 -3,45328e-02
3148	  6,2940000000e+03	  3,45637e-02	 -3,50621e-02
3149	  6,2960000000e+03	  3,42688e-02	 -3,52155e-02
3150	  6,2980000000e+03	  3,47497e-02	 -3,42104e-02
3151	  6,3000000000e+03	  3,34006e-02	 -3,53374e-02
3152	  6,3020000000e+03	  3,25966e-02	 -3,69597e-02
3153	  6,3040000000e+03	  3,43526e-02	 -3,59822e-02
3154	  6,3060000000e+03	  3,67582e-02	 -3,80958e-02
3155	  6,3080000000e+03	  3,69841e-02	 -3,84094e-02
3156	  6,3100000000e+03	  3,72794e-02	 -3,68712e-02
3157	  6,3120000000e+03	  3,53398e-02	 -3,78415e-02
3158	  6,3140000000e+03	  3,36523e-02	 -4,00977e-02
3159	  6,3160000000e+03	  3,31353e-02	 -3,96304e-02
3160	  6,3180000000e+03	  3,40201e-02	 -3,98363e-02
3161	  6,3200000000e+03	  3,25049e-02	 -3,99687e-02
3162	  6,3220000000e+03	  2,78846e-02	 -4,10233e-02
3163	  6,3240000000e+03	  3,03815e-02	 -4,40416e-02
3164	  6,3260000000e+03	  3,02097e-02	 -4,30553e-02
3165	  6,3280000000e+03	  2,89670e-02	 -3,90718e-02
3166	  6,3300000000e+03	  2,99880e-02	 -3,73998e-02
3167	  6,3320000000e+03	  2,88299e-02	 -3,78159e-02
3168	  6,3340000000e+03	  2,67776e-02	 -3,76685e-02
3169	  6,3360000000e+03	  3,06794e-02	 -3,62413e-02
3170	  6,3380000000e+03	  3,04607e-02	 -3,67640e-02
3171	  6,3400000000e+03	  2,83412e-02	 -3,51012e-02
3172	  6,3420000000e+03	  2,89948e-02	 -3,41416e-02
3173	  6,3440000000e+03	  2,91773e-02	 -3,66743e-02
3174	  6,3460000000e+03	  3,00173e-02	 -3,65079e-02
3175	  6,3480000000e+03	  3,27961e-02	 -3,55776e-02
3176	  6,3500000000e+03	  3,31567e-02	 -3,80295e-02
3177	  6,3520000000e+03	  3,30354e-02	 -3,79499e-02
3178	  6,3540000000e+03	  3,47531e-02	 -3,92908e-02
3179	  6,3560000000e+03	  3,53997e-02	 -4,23033e-02
3180	  6,3580000000e+03	  3,62476e-02	 -4,14612e-02
3181	  6,3600000000e+03	  3,70629e-02	 -3,95606e-02
3182	  6,3620000000e+03	  3,66815e-02	 -4,04036e-02
3183	  6,3640000000e+03	  3,55304e-02	 -4,17391e-02
3184	  6,3660000000e+03	  3,69130e-02	 -4,32584e-02
3185	  6,3680000000e+03	  3,59098e-02	 -4,25243e-02
3186	  6,3700000000e+03	  3,62070e-02	 -4,12553e-02
3187	  6,3720000000e+03	  3,58807e-02	 -4,33264e-02
3188	  6,3740000000e+03	  3,41595e-02	 -4,46144e-02
3189	  6,3760000000e+03	  3,42843e-02	 -4,58025e-02
3190	  6,3780000000e+03	  3,73305e-02	 -4,65927e-02
3191	  6,3800000000e+03	  3,91227e-02	 -4,74831e-02
3192	  6,3820000000e+03	  3,50387e-02	 -4,86820e-02
3193	  6,3840000000e+03	  3,31032e-02	 -5,14428e-02
3194	  6,3860000000e+03	  3,28363e-02	 -5,04737e-02
3195	  6,3880000000e+03	  3,46687e-02	 -4,88340e-02
3196	  6,3900000000e+03	  3,60680e-02	 -4,96177e-02
3197	  6,3920000000e+03	  3,62859e-02	 -4,95507e-02
3198	  6,3940000000e+03	  3,34553e-02	 -5,05749e-02
3199	  6,3960000000e+03	  3,31839e-02	 -5,22093e-02
3200	  6,3980000000e+03	  3,29531e-02	 -5,12887e-02
3201	  6,4000000000e+03	  3,25012e-02	 -5,25705e-02
3202	  6,4020000000e+03	  3,30513e-02	 -5,28183e-02
3203	  6,4040000000e+03	  3,33748e-02	 -5,65914e-02
3204	  6,4060000000e+03	  3,39185e-02	 -5,65121e-02
3205	  6,4080000000e+03	  3,34949e-02	 -5,67612e-02
3206	  6,4100000000e+03	  3,08991e-02	 -5,70322e-02
3207	  6,4120000000e+03	  3,01502e-02	 -5,74295e-02
3208	  6,4140000000e+03	  2,90532e-02	 -5,89103e-02
3209	  6,4160000000e+03	  2,98908e-02	 -5,98173e-02
3210	  6,4180000000e+03	  2,74192e-02	 -6,14829e-02
3211	  6,4200000000e+03	  2,58437e-02	 -6,20790e-02
3212	  6,4220000000e+03	  2,74247e-02	 -5,94794e-02
3213	  6,4240000000e+03	  2,73947e-02	 -5,92148e-02
3214	  6,4260000000e+03	  2,85387e-02	 -5,78500e-02
3215	  6,4280000000e+03	  3,00773e-02	 -5,96842e-02
3216	  6,4300000000e+03	  2,83537e-02	 -6,12576e-02
3217	  6,4320000000e+03	  2,63603e-02	 -6,25157e-02
3218	  6,4340000000e+03	  2,57441e-02	 -6,09156e-02
3219	  6,4360000000e+03	  2,56029e-02	 -6,23251e-02
3220	  6,4380000000e+03	  2,57362e-02	 -6,39349e-02
3221	  6,4400000000e+03	  2,43692e-02	 -6,62396e-02
3222	  6,4420000000e+03	  2,31724e-02	 -6,82493e-02
3223	  6,4440000000e+03	  2,33590e-02	 -6,65567e-02
3224	  6,4460000000e+03	  2,22371e-02	 -6,75848e-02
3225	  6,4480000000e+03	  2,25658e-02	 -6,66470e-02
3226	  6,4500000000e+03	  2,41504e-02	 -6,81973e-02
3227	  6,4520000000e+03	  2,28963e-02	 -6,91118e-02
3228	  6,4540000000e+03	  2,08251e-02	 -6,80323e-02
3229	  6,4560000000e+03	  2,41693e-02	 -7,10995e-02
3230	  6,4580000000e+03	  1,95693e-02	 -7,22820e-02
3231	  6,4600000000e+03	  1,97983e-02	 -6,99705e-02
3232	  6,4620000000e+03	  1,98608e-02	 -6,80139e-02
3233	  6,4640000000e+03	  1,81199e-02	 -7,02316e-02
3234	  6,4660000000e+03	  1,83283e-02	 -7,13509e-02
3235	  6,4680000000e+03	  1,81404e-02	 -7,04441e-02
3236	  6,4700000000e+03	  1,80778e-02	 -7,06469e-02
3237	  6,4720000000e+03	  1,62889e-02	 -7,13953e-02
3238	  6,4740000000e+03	  1,75718e-02	 -7,08237e-02
3239	  6,4760000000e+03	  1,81029e-02	 -7,08436e-02
3240	  6,4780000000e+03	  1,76018e-02	 -7,21405e-02
3241	  6,4800000000e+03	  1,60993e-02	 -7,36739e-02
3242	  6,4820000000e+03	  1,27491e-02	 -7,38693e-02
3243	  6,4840000000e+03	  1,45189e-02	 -7,38277e-02
3244	  6,4860000000e+03	  1,33354e-02	 -7,47405e-02
3245	  6,4880000000e+03	  1,20008e-02	 -7,74979e-02
3246	  6,4900000000e+03	  1,09753e-02	 -7,96380e-02
3247	  6,4920000000e+03	  1,16939e-02	 -7,88162e-02
3248	  6,4940000000e+03	  9,13913e-03	 -7,94516e-02
3249	  6,4960000000e+03	  8,61547e-03	 -7,78791e-02
3250	  6,4980000000e+03	  9,56482e-03	 -7,76894e-02
3251	  6,5000000000e+03	  6,81924e-03	 -7,74773e-02
3252	  6,5020000000e+03	  5,49344e-03	 -7,95178e-02
3253	  6,5040000000e+03	  4,76897e-03	 -8,10349e-02
3254	  6,5060000000e+03	  6,22732e-03	 -8,07199e-02
3255	  6,5080000000e+03	  5,70030e-03	 -8,14911e-02
3256	  6,5100000000e+03	  4,59408e-03	 -8,28638e-02
3257	  6,5120000000e+03	  3,17564e-03	 -8,33175e-02
3258	  6,5140000000e+03	  3,06554e-03	 -8,47670e-02
3259	  6,5160000000e+03	  1,77301e-03	 -8,42017e-02
3260	  6,5180000000e+03	 -4,62458e-03	 -8,21796e-02
3261	  6,5200000000e+03	 -6,49976e-03	 -8,34992e-02
3262	  6,5220000000e+03	 -4,67254e-03	 -8,33813e-02
3263	  6,5240000000e+03	 -2,37477e-03	 -8,61618e-02
3264	  6,5260000000e+03	 -3,44051e-03	 -8,50700e-02
3265	  6,5280000000e+03	 -6,13314e-03	 -8,27918e-02
3266	  6,5300000000e+03	 -4,04286e-03	 -8,63086e-02
3267	  6,5320000000e+03	 -7,21976e-03	 -8,78305e-02
3268	  6,5340000000e+03	 -9,83898e-03	 -8,78599e-02
3269	  6,5360000000e+03	 -1,01450e-02	 -8,64542e-02
3270	  6,5380000000e+03	 -1,21101e-02	 -8,79371e-02
3271	  6,5400000000e+03	 -1,02521e-02	 -8,83966e-02
3272	  6,5420000000e+03	 -1,30105e-02	 -8,82166e-02
3273	  6,5440000000e+03	 -1,60498e-02	 -8,89624e-02
3274	  6,5460000000e+03	 -1,65424e-02	 -8,91703e-02
3275	  6,5480000000e+03	 -1,82790e-02	 -9,06994e-02
3276	  6,5500000000e+03	 -2,11610e-02	 -9,26988e-02
3277	  6,5520000000e+03	 -2,12367e-02	 -9,03279e-02
3278	  6,5540000000e+03	 -2,37457e-02	 -8,73927e-02
3279	  6,5560000000e+03	 -2,41992e-02	 -8,62199e-02
3280	  6,5580000000e+03	 -2,48825e-02	 -8,51172e-02
3281	  6,5600000000e+03	 -2,52357e-02	 -8,45482e-02
3282	  6,5620000000e+03	 -2,53792e-02	 -8,53267e-02
3283	  6,5640000000e+03	 -2,69196e-02	 -8,87509e-02
3284	  6,5660000000e+03	 -2,69460e-02	 -9,00274e-02
3285	  6,5680000000e+03	 -2,99554e-02	 -8,76673e-02
3286	  6,5700000000e+03	 -3,19950e-02	 -8,67272e-02
3287	  6,5720000000e+03	 -3,15407e-02	 -8,54913e-02
3288	  6,5740000000e+03	 -3,40527e-02	 -8,59692e-02
3289	  6,5760000000e+03	 -3,55480e-02	 -8,54711e-02
3290	  6,5780000000e+03	 -3,67434e-02	 -8,57048e-02
3291	  6,5800000000e+03	 -4,12258e-02	 -8,65223e-02
3292	  6,5820000000e+03	 -4,43521e-02	 -8,33638e-02
3293	  6,5840000000e+03	 -4,47855e-02	 -8,32295e-02
3294	  6,5860000000e+03	 -4,55678e-02	 -8,25321e-02
3295	  6,5880000000e+03	 -4,97095e-02	 -8,21576e-02
3296	  6,5900000000e+03	 -5,09846e-02	 -8,19120e-02
3297	  6,5920000000e+03	 -4,83528e-02	 -7,97473e-02
3298	  6,5940000000e+03	 -4,70317e-02	 -7,82666e-02
3299	  6,5960000000e+03	 -5,06446e-02	 -7,90501e-02
3300	  6,5980000000e+03	 -5,11884e-02	 -7,98125e-02
3301	  6,6000000000e+03	 -5,36872e-02	 -7,90493e-02
3302	  6,6020000000e+03	 -5,11057e-02	 -7,75584e-02
3303	  6,6040000000e+03	 -5,19283e-02	 -7,51543e-02
3304	  6,6060000000e+03	 -5,38191e-02	 -7,36784e-02
3305	  6,6080000000e+03	 -5,59606e-02	 -7,32163e-02
3306	  6,6100000000e+03	 -5,68348e-02	 -7,19521e-02
3307	  6,6120000000e+03	 -5,63270e-02	 -7,19355e-02
3308	  6,6140000000e+03	 -5,57114e-02	 -7,04434e-02
3309	  6,6160000000e+03	 -5,53579e-02	 -7,17210e-02
3310	  6,6180000000e+03	 -5,71454e-02	 -6,99952e-02
3311	  6,6200000000e+03	 -5,87938e-02	 -6,86039e-02
3312	  6,6220000000e+03	 -5,96922e-02	 -6,84880e-02
3313	  6,6240000000e+03	 -6,05976e-02	 -6,72234e-02
3314	  6,6260000000e+03	 -6,14661e-02	 -6,64474e-02
3315	  6,6280000000e+03	 -6,16175e-02	 -6,65645e-02
3316	  6,6300000000e+03	 -6,28558e-02	 -6,72788e-02
3317	  6,6320000000e+03	 -6,25897e-02	 -6,44980e-02
3318	  6,6340000000e+03	 -6,12073e-02	 -6,22096e-02
3319	  6,6360000000e+03	 -6,26662e-02	 -6,37190e-02
3320	  6,6380000000e+03	 -6,49880e-02	 -6,18596e-02
3321	  6,6400000000e+03	 -6,45828e-02	 -6,18657e-02
3322	  6,6420000000e+03	 -6,64178e-02	 -6,00444e-02
3323	  6,6440000000e+03	 -6,82430e-02	 -6,07538e-02
3324	  6,6460000000e+03	 -6,80756e-02	 -5,85050e-02
3325	  6,6480000000e+03	 -7,15884e-02	 -5,71058e-02
3326	  6,6500000000e+03	 -7,31771e-02	 -5,50834e-02
3327	  6,6520000000e+03	 -7,26066e-02	 -5,29722e-02
3328	  6,6540000000e+03	 -7,19638e-02	 -5,30073e-02
3329	  6,6560000000e+03	 -7,13697e-02	 -5,42051e-02
3330	  6,6580000000e+03	 -7,13497e-02	 -5,33121e-02
3331	  6,6600000000e+03	 -7,27481e-02	 -5,05835e-02
3332	  6,6620000000e+03	 -7,12834e-02	 -4,99142e-02
3333	  6,6640000000e+03	 -7,22888e-02	 -4,93325e-02
3334	  6,6660000000e+03	 -7,33848e-02	 -4,70346e-02
3335	  6,6680000000e+03	 -7,23051e-02	 -4,56030e-02
3336	  6,6700000000e+03	 -7,40164e-02	 -4,44297e-02
3337	  6,6720000000e+03	 -7,35945e-02	 -4,54890e-02
3338	  6,6740000000e+03	 -7,47229e-02	 -4,42779e-02
3339	  6,6760000000e+03	 -7,59437e-02	 -4,04515e-02
3340	  6,6780000000e+03	 -7,38378e-02	 -3,76918e-02
3341	  6,6800000000e+03	 -7,38907e-02	 -3,76151e-02
3342	  6,6820000000e+03	 -7,58264e-02	 -3,60301e-02
3343	  6,6840000000e+03	 -7,44298e-02	 -3,71084e-02
3344	  6,6860000000e+03	 -7,32356e-02	 -3,77507e-02
3345	  6,6880000000e+03	 -7,35686e-02	 -3,75246e-02
3346	  6,6900000000e+03	 -7,39986e-02	 -3,66773e-02
3347	  6,6920000000e+03	 -7,20752e-02	 -3,29115e-02
3348	  6,6940000000e+03	 -7,30824e-02	 -3,28726e-02
3349	  6,6960000000e+03	 -7,30383e-02	 -3,52080e-02
3350	  6,6980000000e+03	 -7,49577e-02	 -3,42231e-02
3351	  6,7000000000e+03	 -7,52551e-02	 -3,22414e-02
3352	  6,7020000000e+03	 -7,51610e-02	 -2,86938e-02
3353	  6,7040000000e+03	 -7,32471e-02	 -2,71042e-02
3354	  6,7060000000e+03	 -7,53642e-02	 -2,78024e-02
3355	  6,7080000000e+03	 -7,75022e-02	 -2,68263e-02
3356	  6,7100000000e+03	 -7,46195e-02	 -2,65027e-02
3357	  6,7120000000e+03	 -7,43550e-02	 -2,64413e-02
3358	  6,7140000000e+03	 -7,53554e-02	 -2,46318e-02
3359	  6,7160000000e+03	 -7,41132e-02	 -2,23052e-02
3360	  6,7180000000e+03	 -7,43123e-02	 -2,08317e-02
3361	  6,7200000000e+03	 -7,47744e-02	 -2,16672e-02
3362	  6,7220000000e+03	 -7,31517e-02	 -2,08247e-02
3363	  6,7240000000e+03	 -7,28086e-02	 -2,18889e-02
3364	  6,7260000000e+03	 -7,27073e-02	 -1,96656e-02
3365	  6,7280000000e+03	 -7,21223e-02	 -1,90955e-02
3366	  6,7300000000e+03	 -7,43967e-02	 -2,11787e-02
3367	  6,7320000000e+03	 -7,60427e-02	 -1,95803e-02
3368	  6,7340000000e+03	 -7,67715e-02	 -1,98528e-02
3369	  6,7360000000e+03	 -7,70408e-02	 -1,73297e-02
3370	  6,7380000000e+03	 -7,56793e-02	 -1,57010e-02
3371	  6,7400000000e+03	 -7,51739e-02	 -1,35686e-02
3372	  6,7420000000e+03	 -7,63396e-02	 -1,38710e-02
3373	  6,7440000000e+03	 -7,09124e-02	 -1,26185e-02
3374	  6,7460000000e+03	 -6,99755e-02	 -9,59431e-03
3375	  6,7480000000e+03	 -7,29833e-02	 -8,48983e-03
3376	  6,7500000000e+03	 -7,14869e-02	 -8,67041e-03
3377	  6,7520000000e+03	 -6,95578e-02	 -9,23498e-03
3378	  6,7540000000e+03	 -7,11554e-02	 -9,14205e-03
3379	  6,7560000000e+03	 -7,09696e-02	 -8,38547e-03
3380	  6,7580000000e+03	 -7,01327e-02	 -9,32027e-03
3381	  6,7600000000e+03	 -7,07866e-02	 -1,02573e-02
3382	  6,7620000000e+03	 -7,07466e-02	 -1,07819e-02
3383	  6,7640000000e+03	 -7,07127e-02	 -7,35409e-03
3384	  6,7660000000e+03	 -7,06866e-02	 -4,87260e-03
3385	  6,7680000000e+03	 -7,21046e-02	 -5,33478e-03
3386	  6,7700000000e+03	 -7,12368e-02	 -6,80172e-03
3387	  6,7720000000e+03	 -6,93515e-02	 -5,08067e-03
3388	  6,7740000000e+03	 -6,95527e-02	 -5,25782e-03
3389	  6,7760000000e+03	 -7,16938e-02	 -6,29368e-03
3390	  6,7780000000e+03	 -7,07439e-02	 -4,62555e-03
3391	  6,7800000000e+03	 -7,22630e-02	 -2,91655e-03
3392	  6,7820000000e+03	 -7,23670e-02	 -3,01659e-03
3393	  6,7840000000e+03	 -7,01866e-02	 -2,39611e-03
3394	  6,7860000000e+03	 -7,09268e-02	 -1,18670e-03
3395	  6,7880000000e+03	 -7,28935e-02	  2,44480e-03
3396	  6,7900000000e+03	 -6,98871e-02	  3,97114e-03
3397	  6,7920000000e+03	 -6,83629e-02	  4,85932e-03
3398	  6,7940000000e+03	 -6,87617e-02	  4,90225e-03
3399	  6,7960000000e+03	 -6,86095e-02	  4,91420e-03
3400	  6,7980000000e+03	 -6,84050e-02	  4,52661e-03
3401	  6,8000000000e+03	 -6,96294e-02	  2,83307e-03
3402	  6,8020000000e+03	 -6,66138e-02	  2,72405e-03
3403	  6,8040000000e+03	 -6,50773e-02	  5,97893e-03
3404	  6,8060000000e+03	 -6,41690e-02	  7,39242e-03
3405	  6,8080000000e+03	 -6,37917e-02	  7,77466e-03
3406	  6,8100000000e+03	 -6,41913e-02	  8,16612e-03
3407	  6,8120000000e+03	 -6,38963e-02	  8,30729e-03
3408	  6,8140000000e+03	 -6,43755e-02	  1,05918e-02
3409	  6,8160000000e+03	 -6,27265e-02	  1,11544e-02
3410	  6,8180000000e+03	 -6,30252e-02	  9,54044e-03
3411	  6,8200000000e+03	 -6,19730e-02	  8,96944e-03
3412	  6,8220000000e+03	 -5,93914e-02	  1,07391e-02
3413	  6,8240000000e+03	 -6,01175e-02	  1,11404e-02
3414	  6,8260000000e+03	 -6,04188e-02	  9,44955e-03
3415	  6,8280000000e+03	 -5,84867e-02	  9,60418e-03
3416	  6,8300000000e+03	 -5,96414e-02	  1,17525e-02
3417	  6,8320000000e+03	 -5,89800e-02	  1,26055e-02
3418	  6,8340000000e+03	 -5,68359e-02	  9,57361e-03
3419	  6,8360000000e+03	 -5,48193e-02	  1,06208e-02
3420	  6,8380000000e+03	 -5,47365e-02	  1,16399e-02
3421	  6,8400000000e+03	 -5,74848e-02	  1,33314e-02
3422	  6,8420000000e+03	 -5,64740e-02	  1,43352e-02
3423	  6,8440000000e+03	 -5,65582e-02	  1,19112e-02
3424	  6,8460000000e+03	 -5,38226e-02	  1,08563e-02
3425	  6,8480000000e+03	 -5,44404e-02	  1,07184e-02
3426	  6,8500000000e+03	 -5,54963e-02	  1,07797e-02
3427	  6,8520000000e+03	 -5,43225e-02	  7,56018e-03
3428	  6,8540000000e+03	 -5,24996e-02	  8,13508e-03
3429	  6,8560000000e+03	 -5,31926e-02	  9,53031e-03
3430	  6,8580000000e+03	 -5,83546e-02	  8,61404e-03
3431	  6,8600000000e+03	 -5,83103e-02	  8,80622e-03
3432	  6,8620000000e+03	 -5,60317e-02	  7,64116e-03
3433	  6,8640000000e+03	 -5,71644e-02	  9,65044e-03
3434	  6,8660000000e+03	 -5,75703e-02	  1,35076e-02
3435	  6,8680000000e+03	 -5,72358e-02	  1,10119e-02
3436	  6,8700000000e+03	 -5,64531e-02	  9,89420e-03
3437	  6,8720000000e+03	 -5,57771e-02	  9,59920e-03
3438	  6,8740000000e+03	 -5,64327e-02	  1,15411e-02
3439	  6,8760000000e+03	 -5,46972e-02	  1,20994e-02
3440	  6,8780000000e+03	 -5,41975e-02	  1,37324e-02
3441	  6,8800000000e+03	 -5,67114e-02	  1,48120e-02
3442	  6,8820000000e+03	 -5,58884e-02	  1,45830e-02
3443	  6,8840000000e+03	 -5,60714e-02	  1,20144e-02
3444	  6,8860000000e+03	 -5,41871e-02	  1,27353e-02
3445	  6,8880000000e+03	 -5,18110e-02	  1,52070e-02
3446	  6,8900000000e+03	 -5,38235e-02	  1,27225e-02
3447	  6,8920000000e+03	 -5,31438e-02	  1,22489e-02
3448	  6,8940000000e+03	 -5,54320e-02	  1,21132e-02
3449	  6,8960000000e+03	 -5,41399e-02	  1,41078e-02
3450	  6,8980000000e+03	 -5,32456e-02	  1,60888e-02
3451	  6,9000000000e+03	 -5,47882e-02	  1,77946e-02
3452	  6,9020000000e+03	 -5,62816e-02	  1,53809e-02
3453	  6,9040000000e+03	 -5,57115e-02	  1,33659e-02
3454	  6,9060000000e+03	 -5,49263e-02	  1,44879e-02
3455	  6,9080000000e+03	 -5,56261e-02	  1,50435e-02
3456	  6,9100000000e+03	 -5,51301e-02	  1,36556e-02
3457	  6,9120000000e+03	 -5,62645e-02	  1,49252e-02
3458	  6,9140000000e+03	 -5,38802e-02	  1,84009e-02
3459	  6,9160000000e+03	 -5,25968e-02	  1,61731e-02
3460	  6,9180000000e+03	 -5,55990e-02	  1,68040e-02
3461	  6,9200000000e+03	 -5,22866e-02	  1,64195e-02
3462	  6,9220000000e+03	 -5,37369e-02	  1,75870e-02
3463	  6,9240000000e+03	 -5,55046e-02	  1,55758e-02
3464	  6,9260000000e+03	 -5,44732e-02	  1,52451e-02
3465	  6,9280000000e+03	 -5,33315e-02	  1,52528e-02
3466	  6,9300000000e+03	 -5,56092e-02	  1,54636e-02
3467	  6,9320000000e+03	 -5,62926e-02	  1,58064e-02
3468	  6,9340000000e+03	 -5,54612e-02	  1,59008e-02
3469	  6,9360000000e+03	 -5,75959e-02	  1,59040e-02
3470	  6,9380000000e+03	 -5,69531e-02	  1,74267e-02
3471	  6,9400000000e+03	 -5,65403e-02	  1,88196e-02
3472	  6,9420000000e+03	 -5,90092e-02	  1,80149e-02
3473	  6,9440000000e+03	 -5,84105e-02	  1,97547e-02
3474	  6,9460000000e+03	 -5,83449e-02	  1,75745e-02
3475	  6,9480000000e+03	 -5,82767e-02	  1,58552e-02
3476	  6,9500000000e+03	 -6,11317e-02	  1,91140e-02
3477	  6,9520000000e+03	 -6,12332e-02	  1,99068e-02
3478	  6,9540000000e+03	 -5,91562e-02	  2,02960e-02
3479	  6,9560000000e+03	 -5,76636e-02	  2,34010e-02
3480	  6,9580000000e+03	 -5,79318e-02	  2,53068e-02
3481	  6,9600000000e+03	 -5,95631e-02	  2,45801e-02
3482	  6,9620000000e+03	 -5,83832e-02	  2,48603e-02
3483	  6,9640000000e+03	 -5,90348e-02	  2,39300e-02
3484	  6,9660000000e+03	 -6,26085e-02	  2,37425e-02
3485	  6,9680000000e+03	 -6,26602e-02	  2,33354e-02
3486	  6,9700000000e+03	 -6,21689e-02	  2,59802e-02
3487	  6,9720000000e+03	 -6,14376e-02	  2,68374e-02
3488	  6,9740000000e+03	 -5,93101e-02	  2,73186e-02
3489	  6,9760000000e+03	 -6,11114e-02	  2,83963e-02
3490	  6,9780000000e+03	 -6,29115e-02	  3,03270e-02
3491	  6,9800000000e+03	 -6,22293e-02	  3,10727e-02
3492	  6,9820000000e+03	 -6,13716e-02	  3,19948e-02
3493	  6,9840000000e+03	 -6,11836e-02	  3,38436e-02
3494	  6,9860000000e+03	 -6,02413e-02	  3,54768e-02
3495	  6,9880000000e+03	 -6,13451e-02	  3,18283e-02
3496	  6,9900000000e+03	 -6,04931e-02	  3,16527e-02
3497	  6,9920000000e+03	 -5,83463e-02	  3,48522e-02
3498	  6,9940000000e+03	 -6,21341e-02	  3,69951e-02
3499	  6,9960000000e+03	 -6,25545e-02	  3,92266e-02
3500	  6,9980000000e+03	 -5,91083e-02	  4,09325e-02
3501	  7,0000000000e+03	 -5,59408e-02	  4,07702e-02
3502	  7,0020000000e+03	 -5,76445e-02	  4,17933e-02
3503	  7,0040000000e+03	 -5,80240e-02	  4,22989e-02
3504	  7,0060000000e+03	 -5,96350e-02	  4,26385e-02
3505	  7,0080000000e+03	 -5,90506e-02	  4,37232e-02
3506	  7,0100000000e+03	 -5,57958e-02	  4,14312e-02
3507	  7,0120000000e+03	 -5,74524e-02	  3,94587e-02
3508	  7,0140000000e+03	 -5,52501e-02	  4,24561e-02
3509	  7,0160000000e+03	 -5,38245e-02	  4,40827e-02
3510	  7,0180000000e+03	 -5,47587e-02	  4,48267e-02
3511	  7,0200000000e+03	 -5,46713e-02	  4,45042e-02
3512	  7,0220000000e+03	 -5,49392e-02	  4,52765e-02
3513	  7,0240000000e+03	 -5,30317e-02	  4,67056e-02
3514	  7,0260000000e+03	 -5,13029e-02	  4,62823e-02
3515	  7,0280000000e+03	 -5,19679e-02	  4,73706e-02
3516	  7,0300000000e+03	 -5,24665e-02	  4,68718e-02
3517	  7,0320000000e+03	 -5,10280e-02	  4,79882e-02
3518	  7,0340000000e+03	 -5,16629e-02	  4,78905e-02
3519	  7,0360000000e+03	 -5,09962e-02	  4,92069e-02
3520	  7,0380000000e+03	 -4,96967e-02	  4,98874e-02
3521	  7,0400000000e+03	 -5,06440e-02	  5,01628e-02
3522	  7,0420000000e+03	 -4,77647e-02	  5,19185e-02
3523	  7,0440000000e+03	 -4,73568e-02	  5,18035e-02
3524	  7,0460000000e+03	 -4,72272e-02	  5,30458e-02
3525	  7,0480000000e+03	 -4,62992e-02	  5,53707e-02
3526	  7,0500000000e+03	 -4,60242e-02	  5,41863e-02
3527	  7,0520000000e+03	 -4,57146e-02	  5,29371e-02
3528	  7,0540000000e+03	 -4,46936e-02	  5,65096e-02
3529	  7,0560000000e+03	 -4,37732e-02	  5,71736e-02
3530	  7,0580000000e+03	 -4,43788e-02	  5,57250e-02
3531	  7,0600000000e+03	 -4,24916e-02	  5,56321e-02
3532	  7,0620000000e+03	 -4,17944e-02	  5,49557e-02
3533	  7,0640000000e+03	 -4,31736e-02	  5,69720e-02
3534	  7,0660000000e+03	 -4,10226e-02	  5,79439e-02
3535	  7,0680000000e+03	 -4,05270e-02	  5,71273e-02
3536	  7,0700000000e+03	 -3,93353e-02	  5,63907e-02
3537	  7,0720000000e+03	 -3,85162e-02	  5,89169e-02
3538	  7,0740000000e+03	 -3,85042e-02	  5,88349e-02
3539	  7,0760000000e+03	 -3,86635e-02	  5,76236e-02
3540	  7,0780000000e+03	 -3,94322e-02	  5,81878e-02
3541	  7,0800000000e+03	 -3,59828e-02	  5,91264e-02
3542	  7,0820000000e+03	 -3,45285e-02	  5,99885e-02
3543	  7,0840000000e+03	 -3,38828e-02	  5,95341e-02
3544	  7,0860000000e+03	 -3,30136e-02	  6,04329e-02
3545	  7,0880000000e+03	 -3,06506e-02	  5,95343e-02
3546	  7,0900000000e+03	 -3,16557e-02	  5,79750e-02
3547	  7,0920000000e+03	 -3,04700e-02	  5,90147e-02
3548	  7,0940000000e+03	 -2,73695e-02	  5,90047e-02
3549	  7,0960000000e+03	 -2,64125e-02	  5,70857e-02
3550	  7,0980000000e+03	 -2,88536e-02	  5,72227e-02
3551	  7,1000000000e+03	 -2,82797e-02	  5,80951e-02
3552	  7,1020000000e+03	 -2,77957e-02	  5,99350e-02
3553	  7,1040000000e+03	 -2,94849e-02	  6,06929e-02
3554	  7,1060000000e+03	 -2,84831e-02	  6,12338e-02
3555	  7,1080000000e+03	 -2,77644e-02	  5,94439e-02
3556	  7,1100000000e+03	 -2,50769e-02	  5,86992e-02
3557	  7,1120000000e+03	 -2,46660e-02	  5,92971e-02
3558	  7,1140000000e+03	 -2,48003e-02	  5,85169e-02
3559	  7,1160000000e+03	 -2,33297e-02	  6,02549e-02
3560	  7,1180000000e+03	 -2,03757e-02	  6,23409e-02
3561	  7,1200000000e+03	 -2,33187e-02	  6,23247e-02
3562	  7,1220000000e+03	 -2,35326e-02	  6,28127e-02
3563	  7,1240000000e+03	 -2,15291e-02	  6,33168e-02
3564	  7,1260000000e+03	 -2,09169e-02	  6,00086e-02
3565	  7,1280000000e+03	 -2,08642e-02	  6,00688e-02
3566	  7,1300000000e+03	 -2,23272e-02	  5,86900e-02
3567	  7,1320000000e+03	 -2,18877e-02	  5,92140e-02
3568	  7,1340000000e+03	 -1,81483e-02	  5,84493e-02
3569	  7,1360000000e+03	 -1,77714e-02	  5,66204e-02
3570	  7,1380000000e+03	 -1,83214e-02	  5,83692e-02
3571	  7,1400000000e+03	 -2,06152e-02	  5,93308e-02
3572	  7,1420000000e+03	 -2,07118e-02	  5,97914e-02
3573	  7,1440000000e+03	 -2,00597e-02	  5,87922e-02
3574	  7,1460000000e+03	 -1,92903e-02	  5,63942e-02
3575	  7,1480000000e+03	 -1,89625e-02	  5,65948e-02
3576	  7,1500000000e+03	 -1,74740e-02	  5,83987e-02
3577	  7,1520000000e+03	 -1,57210e-02	  5,98758e-02
3578	  7,1540000000e+03	 -1,70391e-02	  6,21657e-02
3579	  7,1560000000e+03	 -1,67752e-02	  5,92509e-02
3580	  7,1580000000e+03	 -1,53004e-02	  5,84086e-02
3581	  7,1600000000e+03	 -1,42851e-02	  5,77348e-02
3582	  7,1620000000e+03	 -1,37231e-02	  5,85668e-02
3583	  7,1640000000e+03	 -1,35447e-02	  6,05014e-02
3584	  7,1660000000e+03	 -1,25870e-02	  6,05311e-02
3585	  7,1680000000e+03	 -1,14324e-02	  5,66192e-02
3586	  7,1700000000e+03	 -1,07448e-02	  5,50464e-02
3587	  7,1720000000e+03	 -1,12010e-02	  5,73464e-02
3588	  7,1740000000e+03	 -1,21399e-02	  5,85973e-02
3589	  7,1760000000e+03	 -1,32434e-02	  5,81147e-02
3590	  7,1780000000e+03	 -1,18558e-02	  5,88482e-02
3591	  7,1800000000e+03	 -1,10176e-02	  5,62600e-02
3592	  7,1820000000e+03	 -1,15863e-02	  5,43454e-02
3593	  7,1840000000e+03	 -1,07154e-02	  5,57054e-02
3594	  7,1860000000e+03	 -8,63539e-03	  5,77437e-02
3595	  7,1880000000e+03	 -1,00149e-02	  5,68696e-02
3596	  7,1900000000e+03	 -1,05923e-02	  5,94236e-02
3597	  7,1920000000e+03	 -1,17183e-02	  5,96290e-02
3598	  7,1940000000e+03	 -1,23910e-02	  5,69630e-02
3599	  7,1960000000e+03	 -1,21206e-02	  5,74551e-02
3600	  7,1980000000e+03	 -1,19185e-02	  5,66415e-02
3601	  7,2000000000e+03	 -8,02011e-03	  5,87081e-02
3602	  7,2020000000e+03	 -7,02082e-03	  6,16187e-02
3603	  7,2040000000e+03	 -7,93821e-03	  6,27773e-02
3604	  7,2060000000e+03	 -6,54598e-03	  6,01137e-02
3605	  7,2080000000e+03	 -6,05502e-03	  6,00794e-02
3606	  7,2100000000e+03	 -8,12985e-03	  6,07643e-02
3607	  7,2120000000e+03	 -8,77386e-03	  6,16323e-02
3608	  7,2140000000e+03	 -9,38902e-03	  6,14360e-02
3609	  7,2160000000e+03	 -7,27419e-03	  6,03246e-02
3610	  7,2180000000e+03	 -8,47071e-03	  5,91693e-02
3611	  7,2200000000e+03	 -7,44724e-03	  5,95720e-02
3612	  7,2220000000e+03	 -8,91851e-03	  6,09827e-02
3613	  7,2240000000e+03	 -8,76965e-03	  6,30836e-02
3614	  7,2260000000e+03	 -6,68655e-03	  6,36999e-02
3615	  7,2280000000e+03	 -7,76335e-03	  6,49401e-02
3616	  7,2300000000e+03	 -7,13492e-03	  6,41993e-02
3617	  7,2320000000e+03	 -4,62357e-03	  6,38144e-02
3618	  7,2340000000e+03	 -2,36465e-03	  6,49618e-02
3619	  7,2360000000e+03	 -1,96656e-03	  6,53844e-02
3620	  7,2380000000e+03	 -3,39507e-03	  6,38519e-02
3621	  7,2400000000e+03	 -4,08584e-03	  6,30083e-02
3622	  7,2420000000e+03	 -1,67324e-03	  6,29615e-02
3623	  7,2440000000e+03	 -1,23242e-03	  6,34169e-02
3624	  7,2460000000e+03	 -2,49336e-03	  6,15985e-02
3625	  7,2480000000e+03	 -3,57103e-03	  6,37507e-02
3626	  7,2500000000e+03	 -7,75547e-04	  6,33900e-02
3627	  7,2520000000e+03	  1,14139e-03	  6,34448e-02
3628	  7,2540000000e+03	  3,02669e-04	  6,37199e-02
3629	  7,2560000000e+03	  3,98348e-04	  6,39445e-02
3630	  7,2580000000e+03	  4,70186e-04	  6,48434e-02
3631	  7,2600000000e+03	  7,86030e-04	  6,36781e-02
3632	  7,2620000000e+03	  1,04500e-03	  6,45889e-02
3633	  7,2640000000e+03	  3,04654e-03	  6,55290e-02
3634	  7,2660000000e+03	  2,72380e-03	  6,82477e-02
3635	  7,2680000000e+03	  2,58837e-03	  6,70391e-02
3636	  7,2700000000e+03	  2,48470e-03	  6,91574e-02
3637	  7,2720000000e+03	  4,63346e-03	  6,78658e-02
3638	  7,2740000000e+03	  6,73981e-03	  6,79518e-02
3639	  7,2760000000e+03	  7,65963e-03	  6,86722e-02
3640	  7,2780000000e+03	  6,97897e-03	  6,76817e-02
3641	  7,2800000000e+03	  7,17770e-03	  6,57310e-02
3642	  7,2820000000e+03	  9,65454e-03	  6,63807e-02
3643	  7,2840000000e+03	  9,45981e-03	  6,79953e-02
3644	  7,2860000000e+03	  1,15601e-02	  6,75521e-02
3645	  7,2880000000e+03	  1,09200e-02	  6,88007e-02
3646	  7,2900000000e+03	  1,07480e-02	  6,90250e-02
3647	  7,2920000000e+03	  9,71784e-03	  6,85159e-02
3648	  7,2940000000e+03	  1,13208e-02	  6,68202e-02
3649	  7,2960000000e+03	  1,22109e-02	  6,70899e-02
3650	  7,2980000000e+03	  1,28081e-02	  6,74452e-02
3651	  7,3000000000e+03	  1,25102e-02	  6,71954e-02
3652	  7,3020000000e+03	  1,27285e-02	  6,90116e-02
3653	  7,3040000000e+03	  1,58144e-02	  6,93614e-02
3654	  7,3060000000e+03	  1,60579e-02	  6,81618e-02
3655	  7,3080000000e+03	  1,46077e-02	  6,86991e-02
3656	  7,3100000000e+03	  1,88199e-02	  6,71148e-02
3657	  7,3120000000e+03	  2,10734e-02	  6,66530e-02
3658	  7,3140000000e+03	  2,08707e-02	  6,72080e-02
3659	  7,3160000000e+03	  2,04918e-02	  6,72633e-02
3660	  7,3180000000e+03	  2,25302e-02	  6,59361e-02
3661	  7,3200000000e+03	  2,14309e-02	  6,47838e-02
3662	  7,3220000000e+03	  2,21974e-02	  6,68201e-02
3663	  7,3240000000e+03	  2,15977e-02	  6,69748e-02
3664	  7,3260000000e+03	  2,11325e-02	  6,80689e-02
3665	  7,3280000000e+03	  2,35783e-02	  6,67999e-02
3666	  7,3300000000e+03	  2,34293e-02	  6,55490e-02
3667	  7,3320000000e+03	  2,13876e-02	  6,61325e-02
3668	  7,3340000000e+03	  2,21656e-02	  6,55296e-02
3669	  7,3360000000e+03	  2,43905e-02	  6,64364e-02
3670	  7,3380000000e+03	  2,34358e-02	  6,39482e-02
3671	  7,3400000000e+03	  2,19822e-02	  6,51272e-02
3672	  7,3420000000e+03	  2,51476e-02	  6,68886e-02
3673	  7,3440000000e+03	  2,43330e-02	  6,71300e-02
3674	  7,3460000000e+03	  2,56465e-02	  6,63933e-02
3675	  7,3480000000e+03	  2,59804e-02	  6,66255e-02
3676	  7,3500000000e+03	  2,74737e-02	  6,64347e-02
3677	  7,3520000000e+03	  3,08142e-02	  6,76389e-02
3678	  7,3540000000e+03	  3,24260e-02	  6,72873e-02
3679	  7,3560000000e+03	  3,19339e-02	  6,50998e-02
3680	  7,3580000000e+03	  3,44215e-02	  6,59153e-02
3681	  7,3600000000e+03	  3,45188e-02	  6,41292e-02
3682	  7,3620000000e+03	  3,35861e-02	  6,41381e-02
3683	  7,3640000000e+03	  3,35341e-02	  6,36911e-02
3684	  7,3660000000e+03	  3,50466e-02	  6,43755e-02
3685	  7,3680000000e+03	  3,80681e-02	  6,75525e-02
3686	  7,3700000000e+03	  3,77178e-02	  6,76734e-02
3687	  7,3720000000e+03	  3,65243e-02	  6,72518e-02
3688	  7,3740000000e+03	  3,73025e-02	  6,89095e-02
3689	  7,3760000000e+03	  3,93016e-02	  6,69242e-02
3690	  7,3780000000e+03	  4,17852e-02	  6,56328e-02
3691	  7,3800000000e+03	  4,60536e-02	  6,56964e-02
3692	  7,3820000000e+03	  4,47865e-02	  6,59224e-02
3693	  7,3840000000e+03	  4,41836e-02	  6,78882e-02
3694	  7,3860000000e+03	  4,46563e-02	  6,65666e-02
3695	  7,3880000000e+03	  4,41364e-02	  6,40898e-02
3696	  7,3900000000e+03	  4,50021e-02	  6,25856e-02
3697	  7,3920000000e+03	  4,58412e-02	  6,12751e-02
3698	  7,3940000000e+03	  4,67623e-02	  6,19508e-02
3699	  7,3960000000e+03	  4,82989e-02	  6,22897e-02
3700	  7,3980000000e+03	  5,08542e-02	  5,94251e-02
3701	  7,4000000000e+03	  4,95839e-02	  5,83125e-02
3702	  7,4020000000e+03	  4,81866e-02	  5,77235e-02
3703	  7,4040000000e+03	  4,88360e-02	  5,71813e-02
3704	  7,4060000000e+03	  5,21929e-02	  5,96374e-02
3705	  7,4080000000e+03	  5,42963e-02	  5,92960e-02
3706	  7,4100000000e+03	  5,42978e-02	  5,60756e-02
3707	  7,4120000000e+03	  5,41895e-02	  5,73053e-02
3708	  7,4140000000e+03	  5,47641e-02	  5,78728e-02
3709	  7,4160000000e+03	  5,52660e-02	  5,65422e-02
3710	  7,4180000000e+03	  5,53489e-02	  5,54929e-02
3711	  7,4200000000e+03	  5,63756e-02	  5,63211e-02
3712	  7,4220000000e+03	  5,90530e-02	  5,42781e-02
3713	  7,4240000000e+03	  5,94493e-02	  5,17717e-02
3714	  7,4260000000e+03	  5,94425e-02	  5,22571e-02
3715	  7,4280000000e+03	  6,08766e-02	  5,29428e-02
3716	  7,4300000000e+03	  6,17809e-02	  5,08074e-02
3717	  7,4320000000e+03	  6,28387e-02	  4,74454e-02
3718	  7,4340000000e+03	  6,17943e-02	  4,86212e-02
3719	  7,4360000000e+03	  6,18289e-02	  4,66878e-02
3720	  7,4380000000e+03	  6,13209e-02	  4,45241e-02
3721	  7,4400000000e+03	  6,36792e-02	  4,71799e-02
3722	  7,4420000000e+03	  6,59644e-02	  4,68984e-02
3723	  7,4440000000e+03	  6,68932e-02	  4,53774e-02
3724	  7,4460000000e+03	  6,94745e-02	  4,66336e-02
3725	  7,4480000000e+03	  6,80130e-02	  4,70032e-02
3726	  7,4500000000e+03	  6,40149e-02	  4,61508e-02
3727	  7,4520000000e+03	  6,52303e-02	  4,35677e-02
3728	  7,4540000000e+03	  6,84964e-02	  4,16772e-02
3729	  7,4560000000e+03	  6,99092e-02	  4,11509e-02
3730	  7,4580000000e+03	  7,06032e-02	  4,20852e-02
3731	  7,4600000000e+03	  7,03078e-02	  4,02063e-02
3732	  7,4620000000e+03	  7,12351e-02	  3,83428e-02
3733	  7,4640000000e+03	  6,88403e-02	  3,63879e-02
3734	  7,4660000000e+03	  6,85823e-02	  3,72666e-02
3735	  7,4680000000e+03	  7,17001e-02	  3,65273e-02
3736	  7,4700000000e+03	  7,14157e-02	  3,46827e-02
3737	  7,4720000000e+03	  7,33475e-02	  3,57664e-02
3738	  7,4740000000e+03	  7,40103e-02	  3,70540e-02
3739	  7,4760000000e+03	  7,37609e-02	  3,52351e-02
3740	  7,4780000000e+03	  7,46317e-02	  3,17147e-02
3741	  7,4800000000e+03	  7,28372e-02	  3,44205e-02
3742	  7,4820000000e+03	  7,33080e-02	  3,34531e-02
3743	  7,4840000000e+03	  7,54402e-02	  3,05301e-02
3744	  7,4860000000e+03	  7,18763e-02	  2,97794e-02
3745	  7,4880000000e+03	  7,21726e-02	  3,05859e-02
3746	  7,4900000000e+03	  7,44202e-02	  2,95454e-02
3747	  7,4920000000e+03	  7,48821e-02	  2,67889e-02
3748	  7,4940000000e+03	  7,65531e-02	  2,64654e-02
3749	  7,4960000000e+03	  7,83767e-02	  2,69307e-02
3750	  7,4980000000e+03	  7,75164e-02	  2,46720e-02
3751	  7,5000000000e+03	  7,59790e-02	  2,28207e-02
3752	  7,5020000000e+03	  7,64352e-02	  2,17066e-02
3753	  7,5040000000e+03	  7,70597e-02	  1,95932e-02
3754	  7,5060000000e+03	  7,89137e-02	  2,11382e-02
3755	  7,5080000000e+03	  7,68331e-02	  1,98088e-02
3756	  7,5100000000e+03	  7,72096e-02	  1,73258e-02
3757	  7,5120000000e+03	  7,82296e-02	  1,55892e-02
3758	  7,5140000000e+03	  7,96084e-02	  1,39219e-02
3759	  7,5160000000e+03	  8,01674e-02	  1,46309e-02
3760	  7,5180000000e+03	  7,97396e-02	  1,45791e-02
3761	  7,5200000000e+03	  7,85275e-02	  1,35056e-02
3762	  7,5220000000e+03	  8,17466e-02	  1,26360e-02
3763	  7,5240000000e+03	  8,19739e-02	  1,31186e-02
3764	  7,5260000000e+03	  7,96524e-02	  1,14413e-02
3765	  7,5280000000e+03	  7,92038e-02	  1,05778e-02
3766	  7,5300000000e+03	  8,02546e-02	  6,63333e-03
3767	  7,5320000000e+03	  8,02954e-02	  6,59359e-03
3768	  7,5340000000e+03	  8,07655e-02	  4,72389e-03
3769	  7,5360000000e+03	  8,17490e-02	  5,02659e-03
3770	  7,5380000000e+03	  8,13807e-02	  5,74565e-03
3771	  7,5400000000e+03	  8,10220e-02	  8,55302e-04
3772	  7,5420000000e+03	  8,05768e-02	 -1,96379e-04
3773	  7,5440000000e+03	  8,02906e-02	  1,13916e-03
3774	  7,5460000000e+03	  7,84553e-02	  7,82960e-04
3775	  7,5480000000e+03	  7,89806e-02	 -1,09830e-03
3776	  7,5500000000e+03	  8,00913e-02	 -6,19638e-03
3777	  7,5520000000e+03	  7,89962e-02	 -4,42807e-03
3778	  7,5540000000e+03	  7,95016e-02	 -1,12938e-03
3779	  7,5560000000e+03	  8,01394e-02	 -2,71227e-03
3780	  7,5580000000e+03	  7,96534e-02	 -4,62458e-03
3781	  7,5600000000e+03	  7,83269e-02	 -7,87031e-03
3782	  7,5620000000e+03	  8,06454e-02	 -8,02984e-03
3783	  7,5640000000e+03	  8,02828e-02	 -6,75176e-03
3784	  7,5660000000e+03	  8,00507e-02	 -9,72386e-03
3785	  7,5680000000e+03	  7,81548e-02	 -1,13864e-02
3786	  7,5700000000e+03	  7,64840e-02	 -1,12134e-02
3787	  7,5720000000e+03	  7,64347e-02	 -1,35066e-02
3788	  7,5740000000e+03	  7,66621e-02	 -1,50357e-02
3789	  7,5760000000e+03	  7,69221e-02	 -1,37463e-02
3790	  7,5780000000e+03	  7,62987e-02	 -1,38977e-02
3791	  7,5800000000e+03	  7,85151e-02	 -1,63501e-02
3792	  7,5820000000e+03	  7,73047e-02	 -1,78437e-02
3793	  7,5840000000e+03	  7,38646e-02	 -1,77001e-02
3794	  7,5860000000e+03	  7,46775e-02	 -2,05300e-02
3795	  7,5880000000e+03	  7,52559e-02	 -2,17042e-02
3796	  7,5900000000e+03	  7,45558e-02	 -2,17993e-02
3797	  7,5920000000e+03	  7,50641e-02	 -2,28058e-02
3798	  7,5940000000e+03	  7,40930e-02	 -2,39580e-02
3799	  7,5960000000e+03	  7,47553e-02	 -2,34867e-02
3800	  7,5980000000e+03	  7,33326e-02	 -2,66123e-02
3801	  7,6000000000e+03	  7,07533e-02	 -2,75541e-02
3802	  7,6020000000e+03	  6,98880e-02	 -2,48057e-02
3803	  7,6040000000e+03	  7,08503e-02	 -2,53240e-02
3804	  7,6060000000e+03	  6,88778e-02	 -2,97433e-02
3805	  7,6080000000e+03	  7,05175e-02	 -2,96616e-02
3806	  7,6100000000e+03	  7,00289e-02	 -3,00339e-02
3807	  7,6120000000e+03	  6,97448e-02	 -3,23986e-02
3808	  7,6140000000e+03	  6,98079e-02	 -3,23184e-02
3809	  7,6160000000e+03	  6,96692e-02	 -3,14315e-02
3810	  7,6180000000e+03	  7,01370e-02	 -3,35893e-02
3811	  7,6200000000e+03	  6,72433e-02	 -3,67705e-02
3812	  7,6220000000e+03	  6,39945e-02	 -3,84653e-02
3813	  7,6240000000e+03	  6,43350e-02	 -3,82185e-02
3814	  7,6260000000e+03	  6,48352e-02	 -3,77076e-02
3815	  7,6280000000e+03	  6,41962e-02	 -3,72992e-02
3816	  7,6300000000e+03	  6,23246e-02	 -3,86967e-02
3817	  7,6320000000e+03	  6,35907e-02	 -4,07823e-02
3818	  7,6340000000e+03	  6,29354e-02	 -4,37271e-02
3819	  7,6360000000e+03	  6,13490e-02	 -4,43486e-02
3820	  7,6380000000e+03	  5,87132e-02	 -4,31288e-02
3821	  7,6400000000e+03	  5,68838e-02	 -4,19140e-02
3822	  7,6420000000e+03	  5,83255e-02	 -4,32252e-02
3823	  7,6440000000e+03	  5,63231e-02	 -4,25250e-02
3824	  7,6460000000e+03	  5,46023e-02	 -4,13591e-02
3825	  7,6480000000e+03	  5,45280e-02	 -4,13052e-02
3826	  7,6500000000e+03	  5,34059e-02	 -4,47409e-02
3827	  7,6520000000e+03	  5,23860e-02	 -4,57914e-02
3828	  7,6540000000e+03	  5,17627e-02	 -4,56874e-02
3829	  7,6560000000e+03	  5,14770e-02	 -4,71223e-02
3830	  7,6580000000e+03	  4,83045e-02	 -4,75348e-02
3831	  7,6600000000e+03	  4,89158e-02	 -4,80306e-02
3832	  7,6620000000e+03	  4,99280e-02	 -4,84135e-02
3833	  7,6640000000e+03	  4,43118e-02	 -4,97413e-02
3834	  7,6660000000e+03	  4,24452e-02	 -4,79975e-02
3835	  7,6680000000e+03	  4,45208e-02	 -4,93075e-02
3836	  7,6700000000e+03	  4,28407e-02	 -5,07079e-02
3837	  7,6720000000e+03	  4,26837e-02	 -5,07690e-02
3838	  7,6740000000e+03	  4,31973e-02	 -4,98530e-02
3839	  7,6760000000e+03	  4,22597e-02	 -4,86734e-02
3840	  7,6780000000e+03	  4,05236e-02	 -4,89719e-02
3841	  7,6800000000e+03	  4,13302e-02	 -4,83924e-02
3842	  7,6820000000e+03	  4,08259e-02	 -4,84854e-02
3843	  7,6840000000e+03	  4,09567e-02	 -4,80115e-02
3844	  7,6860000000e+03	  3,92371e-02	 -4,95323e-02
3845	  7,6880000000e+03	  3,78340e-02	 -5,23237e-02
3846	  7,6900000000e+03	  3,74553e-02	 -5,01568e-02
3847	  7,6920000000e+03	  3,76088e-02	 -4,81034e-02
3848	  7,6940000000e+03	  3,43183e-02	 -5,14278e-02
3849	  7,6960000000e+03	  3,24153e-02	 -5,30097e-02
3850	  7,6980000000e+03	  3,31338e-02	 -5,35968e-02
3851	  7,7000000000e+03	  3,33965e-02	 -5,26495e-02
3852	  7,7020000000e+03	  3,22896e-02	 -5,12919e-02
3853	  7,7040000000e+03	  2,97339e-02	 -5,27490e-02
3854	  7,7060000000e+03	  2,99873e-02	 -5,43722e-02
3855	  7,7080000000e+03	  2,90168e-02	 -5,31707e-02
3856	  7,7100000000e+03	  2,87980e-02	 -5,08201e-02
3857	  7,7120000000e+03	  2,76210e-02	 -5,14715e-02
3858	  7,7140000000e+03	  2,50135e-02	 -5,27657e-02
3859	  7,7160000000e+03	  2,59292e-02	 -5,39448e-02
3860	  7,7180000000e+03	  2,67974e-02	 -5,35333e-02
3861	  7,7200000000e+03	  2,49643e-02	 -5,07854e-02
3862	  7,7220000000e+03	  2,39481e-02	 -5,19404e-02
3863	  7,7240000000e+03	  2,43898e-02	 -5,19680e-02
3864	  7,7260000000e+03	  2,30669e-02	 -5,23553e-02
3865	  7,7280000000e+03	  2,20763e-02	 -4,92857e-02
3866	  7,7300000000e+03	  2,08942e-02	 -4,63326e-02
3867	  7,7320000000e+03	  2,06411e-02	 -4,67134e-02
3868	  7,7340000000e+03	  2,13346e-02	 -4,97775e-02
3869	  7,7360000000e+03	  1,99393e-02	 -5,11888e-02
3870	  7,7380000000e+03	  1,69150e-02	 -4,95915e-02
3871	  7,7400000000e+03	  1,91229e-02	 -4,80483e-02
3872	  7,7420000000e+03	  1,99702e-02	 -4,89223e-02
3873	  7,7440000000e+03	  1,77237e-02	 -5,06249e-02
3874	  7,7460000000e+03	  1,94765e-02	 -4,78403e-02
3875	  7,7480000000e+03	  1,85764e-02	 -4,70670e-02
3876	  7,7500000000e+03	  1,75429e-02	 -4,88831e-02
3877	  7,7520000000e+03	  1,69551e-02	 -4,82740e-02
3878	  7,7540000000e+03	  1,86602e-02	 -4,88864e-02
3879	  7,7560000000e+03	  2,10623e-02	 -5,13507e-02
3880	  7,7580000000e+03	  1,63507e-02	 -4,96238e-02
3881	  7,7600000000e+03	  1,65364e-02	 -5,01151e-02
3882	  7,7620000000e+03	  1,73728e-02	 -5,12394e-02
3883	  7,7640000000e+03	  1,78304e-02	 -4,84780e-02
3884	  7,7660000000e+03	  1,51945e-02	 -4,69347e-02
3885	  7,7680000000e+03	  1,18275e-02	 -4,93681e-02
3886	  7,7700000000e+03	  1,43007e-02	 -5,02201e-02
3887	  7,7720000000e+03	  1,45877e-02	 -4,65286e-02
3888	  7,7740000000e+03	  1,21662e-02	 -4,63023e-02
3889	  7,7760000000e+03	  1,09931e-02	 -4,80737e-02
3890	  7,7780000000e+03	  1,08318e-02	 -4,86173e-02
3891	  7,7800000000e+03	  1,11876e-02	 -4,75082e-02
3892	  7,7820000000e+03	  9,10711e-03	 -4,81313e-02
3893	  7,7840000000e+03	  8,01134e-03	 -4,84521e-02
3894	  7,7860000000e+03	  9,65165e-03	 -5,02267e-02
3895	  7,7880000000e+03	  9,20266e-03	 -5,06169e-02
3896	  7,7900000000e+03	  7,43553e-03	 -4,95475e-02
3897	  7,7920000000e+03	  6,68323e-03	 -4,66075e-02
3898	  7,7940000000e+03	  8,42419e-03	 -4,71585e-02
3899	  7,7960000000e+03	  7,58124e-03	 -4,85505e-02
3900	  7,7980000000e+03	  6,21253e-03	 -4,95412e-02
3901	  7,8000000000e+03	  5,06726e-03	 -5,14058e-02
3902	  7,8020000000e+03	  5,48267e-03	 -5,02314e-02
3903	  7,8040000000e+03	  7,20852e-03	 -4,76913e-02
3904	  7,8060000000e+03	  6,48968e-03	 -4,83501e-02
3905	  7,8080000000e+03	  6,92075e-03	 -4,86040e-02
3906	  7,8100000000e+03	  4,57925e-03	 -4,93884e-02
3907	  7,8120000000e+03	  4,83764e-03	 -4,88077e-02
3908	  7,8140000000e+03	  4,79780e-03	 -4,81864e-02
3909	  7,8160000000e+03	  2,82692e-03	 -4,95133e-02
3910	  7,8180000000e+03	  1,76488e-03	 -5,06321e-02
3911	  7,8200000000e+03	  2,62253e-03	 -5,21162e-02
3912	  7,8220000000e+03	  3,06455e-03	 -4,75265e-02
3913	  7,8240000000e+03	  3,00552e-04	 -4,75330e-02
3914	  7,8260000000e+03	  5,66043e-04	 -4,98595e-02
3915	  7,8280000000e+03	  2,02161e-03	 -4,74061e-02
3916	  7,8300000000e+03	  2,11378e-04	 -4,63422e-02
3917	  7,8320000000e+03	  1,08021e-04	 -4,50822e-02
3918	  7,8340000000e+03	 -2,13103e-03	 -4,71097e-02
3919	  7,8360000000e+03	 -3,23033e-03	 -5,00590e-02
3920	  7,8380000000e+03	 -6,37721e-04	 -5,06595e-02
3921	  7,8400000000e+03	 -8,54589e-04	 -4,96101e-02
3922	  7,8420000000e+03	 -4,08704e-03	 -4,80399e-02
3923	  7,8440000000e+03	 -4,75592e-03	 -4,64274e-02
3924	  7,8460000000e+03	 -5,20805e-03	 -4,59494e-02
3925	  7,8480000000e+03	 -7,19913e-03	 -4,68592e-02
3926	  7,8500000000e+03	 -7,47418e-03	 -4,74619e-02
3927	  7,8520000000e+03	 -8,21759e-03	 -4,91163e-02
3928	  7,8540000000e+03	 -9,09771e-03	 -4,87182e-02
3929	  7,8560000000e+03	 -9,40267e-03	 -4,78656e-02
3930	  7,8580000000e+03	 -1,01548e-02	 -4,83660e-02
3931	  7,8600000000e+03	 -1,00708e-02	 -4,58820e-02
3932	  7,8620000000e+03	 -1,13263e-02	 -4,66298e-02
3933	  7,8640000000e+03	 -1,30593e-02	 -4,66636e-02
3934	  7,8660000000e+03	 -1,39087e-02	 -4,69625e-02
3935	  7,8680000000e+03	 -1,30023e-02	 -4,44718e-02
3936	  7,8700000000e+03	 -1,30022e-02	 -4,41592e-02
3937	  7,8720000000e+03	 -1,28281e-02	 -4,40173e-02
3938	  7,8740000000e+03	 -1,27352e-02	 -4,19479e-02
3939	  7,8760000000e+03	 -1,47911e-02	 -4,22803e-02
3940	  7,8780000000e+03	 -1,59854e-02	 -4,25233e-02
3941	  7,8800000000e+03	 -1,59008e-02	 -4,41136e-02
3942	  7,8820000000e+03	 -1,59285e-02	 -4,49398e-02
3943	  7,8840000000e+03	 -1,55256e-02	 -4,40362e-02
3944	  7,8860000000e+03	 -1,74019e-02	 -4,05453e-02
3945	  7,8880000000e+03	 -1,82393e-02	 -3,95181e-02
3946	  7,8900000000e+03	 -1,76835e-02	 -3,84524e-02
3947	  7,8920000000e+03	 -1,87996e-02	 -3,69656e-02
3948	  7,8940000000e+03	 -1,92273e-02	 -3,91548e-02
3949	  7,8960000000e+03	 -1,90506e-02	 -4,12610e-02
3950	  7,8980000000e+03	 -2,15727e-02	 -4,09900e-02
3951	  7,9000000000e+03	 -2,19731e-02	 -4,02909e-02
3952	  7,9020000000e+03	 -2,11959e-02	 -3,90061e-02
3953	  7,9040000000e+03	 -2,10703e-02	 -3,86905e-02
3954	  7,9060000000e+03	 -2,22763e-02	 -3,86881e-02
3955	  7,9080000000e+03	 -2,21824e-02	 -3,66374e-02
3956	  7,9100000000e+03	 -2,25281e-02	 -3,62193e-02
3957	  7,9120000000e+03	 -2,45362e-02	 -3,70899e-02
3958	  7,9140000000e+03	 -2,57297e-02	 -3,85982e-02
3959	  7,9160000000e+03	 -2,62613e-02	 -3,75202e-02
3960	  7,9180000000e+03	 -2,56041e-02	 -3,68472e-02
3961	  7,9200000000e+03	 -2,55324e-02	 -3,42846e-02
3962	  7,9220000000e+03	 -2,59236e-02	 -3,30012e-02
3963	  7,9240000000e+03	 -2,80751e-02	 -3,30473e-02
3964	  7,9260000000e+03	 -3,10426e-02	 -3,26286e-02
3965	  7,9280000000e+03	 -3,05245e-02	 -2,88381e-02
3966	  7,9300000000e+03	 -2,88007e-02	 -2,78968e-02
3967	  7,9320000000e+03	 -2,79144e-02	 -2,90146e-02
3968	  7,9340000000e+03	 -2,75672e-02	 -2,93244e-02
3969	  7,9360000000e+03	 -2,81457e-02	 -2,95217e-02
3970	  7,9380000000e+03	 -2,99318e-02	 -2,85895e-02
3971	  7,9400000000e+03	 -2,94013e-02	 -2,71607e-02
3972	  7,9420000000e+03	 -2,82881e-02	 -2,71929e-02
3973	  7,9440000000e+03	 -2,95344e-02	 -2,71448e-02
3974	  7,9460000000e+03	 -2,90360e-02	 -2,56108e-02
3975	  7,9480000000e+03	 -3,07561e-02	 -2,55296e-02
3976	  7,9500000000e+03	 -3,02019e-02	 -2,40732e-02
3977	  7,9520000000e+03	 -2,99366e-02	 -2,33973e-02
3978	  7,9540000000e+03	 -3,04569e-02	 -2,34170e-02
3979	  7,9560000000e+03	 -3,02813e-02	 -2,39941e-02
3980	  7,9580000000e+03	 -2,79220e-02	 -2,37448e-02
3981	  7,9600000000e+03	 -2,86053e-02	 -2,55299e-02
3982	  7,9620000000e+03	 -3,00590e-02	 -2,20682e-02
3983	  7,9640000000e+03	 -2,99305e-02	 -1,87994e-02
3984	  7,9660000000e+03	 -3,05371e-02	 -2,22329e-02
3985	  7,9680000000e+03	 -3,13892e-02	 -2,41308e-02
3986	  7,9700000000e+03	 -2,98519e-02	 -2,00664e-02
3987	  7,9720000000e+03	 -3,05199e-02	 -1,86014e-02
3988	  7,9740000000e+03	 -3,43919e-02	 -1,92238e-02
3989	  7,9760000000e+03	 -3,52657e-02	 -1,88089e-02
3990	  7,9780000000e+03	 -3,62741e-02	 -1,69622e-02
3991	  7,9800000000e+03	 -3,53482e-02	 -1,61153e-02
3992	  7,9820000000e+03	 -3,28822e-02	 -1,73722e-02
3993	  7,9840000000e+03	 -3,20487e-02	 -1,77579e-02
3994	  7,9860000000e+03	 -3,26543e-02	 -1,63363e-02
3995	  7,9880000000e+03	 -3,27599e-02	 -1,66869e-02
3996	  7,9900000000e+03	 -3,27043e-02	 -1,50597e-02
3997	  7,9920000000e+03	 -3,56533e-02	 -1,32086e-02
3998	  7,9940000000e+03	 -3,52198e-02	 -1,33127e-02
3999	  7,9960000000e+03	 -3,32075e-02	 -1,36907e-02
4000	  7,9980000000e+03	 -3,43201e-02	 -1,15929e-02
4001	  8,0000000000e+03	 -3,46246e-02	 -9,85176e-03
4002	  8,0020000000e+03	 -3,35745e-02	 -8,26771e-03
4003	  8,0040000000e+03	 -3,52971e-02	 -9,20814e-03
4004	  8,0060000000e+03	 -3,47457e-02	 -8,74449e-03
4005	  8,0080000000e+03	 -3,39555e-02	 -9,95707e-03
4006	  8,0100000000e+03	 -3,30725e-02	 -8,39727e-03
4007	  8,0120000000e+03	 -3,09238e-02	 -6,90781e-03
4008	  8,0140000000e+03	 -3,25507e-02	 -7,30579e-03
4009	  8,0160000000e+03	 -3,56251e-02	 -7,16602e-03
4010	  8,0180000000e+03	 -3,45755e-02	 -4,59854e-03
4011	  8,0200000000e+03	 -3,54151e-02	 -7,50154e-03
4012	  8,0220000000e+03	 -3,40972e-02	 -8,28061e-03
4013	  8,0240000000e+03	 -3,37889e-02	 -5,52204e-03
4014	  8,0260000000e+03	 -3,35844e-02	 -4,97740e-03
4015	  8,0280000000e+03	 -3,41282e-02	 -3,25806e-03
4016	  8,0300000000e+03	 -3,24308e-02	 -4,01534e-03
4017	  8,0320000000e+03	 -3,37634e-02	 -2,07342e-03
4018	  8,0340000000e+03	 -3,53488e-02	 -8,97187e-04
4019	  8,0360000000e+03	 -3,61055e-02	  1,69053e-04
4020	  8,0380000000e+03	 -3,71571e-02	 -1,56518e-04
4021	  8,0400000000e+03	 -3,58919e-02	  9,90760e-05
4022	  8,0420000000e+03	 -3,60554e-02	  1,29394e-04
4023	  8,0440000000e+03	 -3,43342e-02	  9,77163e-05
4024	  8,0460000000e+03	 -3,47352e-02	  5,89750e-04
4025	  8,0480000000e+03	 -3,58711e-02	  2,90196e-03
4026	  8,0500000000e+03	 -3,36971e-02	  4,01919e-03
4027	  8,0520000000e+03	 -3,29078e-02	  4,00465e-03
4028	  8,0540000000e+03	 -3,43905e-02	  4,90073e-03
4029	  8,0560000000e+03	 -3,46680e-02	  5,18345e-03
4030	  8,0580000000e+03	 -3,21934e-02	  7,22301e-03
4031	  8,0600000000e+03	 -3,10800e-02	  9,96742e-03
4032	  8,0620000000e+03	 -3,24813e-02	  1,03576e-02
4033	  8,0640000000e+03	 -3,10859e-02	  1,18126e-02
4034	  8,0660000000e+03	 -3,04596e-02	  1,11886e-02
4035	  8,0680000000e+03	 -3,25193e-02	  1,04851e-02
4036	  8,0700000000e+03	 -3,26395e-02	  1,26017e-02
4037	  8,0720000000e+03	 -3,02744e-02	  1,32694e-02
4038	  8,0740000000e+03	 -2,93049e-02	  1,22777e-02
4039	  8,0760000000e+03	 -2,98130e-02	  1,35067e-02
4040	  8,0780000000e+03	 -2,94120e-02	  1,50766e-02
4041	  8,0800000000e+03	 -2,89459e-02	  1,34376e-02
4042	  8,0820000000e+03	 -2,84999e-02	  1,23713e-02
4043	  8,0840000000e+03	 -2,90691e-02	  1,45623e-02
4044	  8,0860000000e+03	 -2,94112e-02	  1,72440e-02
4045	  8,0880000000e+03	 -2,86959e-02	  1,64686e-02
4046	  8,0900000000e+03	 -2,75874e-02	  1,70461e-02
4047	  8,0920000000e+03	 -2,65906e-02	  1,95540e-02
4048	  8,0940000000e+03	 -2,73640e-02	  1,96812e-02
4049	  8,0960000000e+03	 -2,83196e-02	  1,89117e-02
4050	  8,0980000000e+03	 -2,75022e-02	  1,99679e-02
4051	  8,1000000000e+03	 -2,46627e-02	  2,00806e-02
4052	  8,1020000000e+03	 -2,53724e-02	  2,09363e-02
4053	  8,1040000000e+03	 -2,54129e-02	  2,20985e-02
4054	  8,1060000000e+03	 -2,16686e-02	  2,22606e-02
4055	  8,1080000000e+03	 -2,20461e-02	  2,18150e-02
4056	  8,1100000000e+03	 -2,26167e-02	  2,18390e-02
4057	  8,1120000000e+03	 -2,15610e-02	  2,32582e-02
4058	  8,1140000000e+03	 -1,95535e-02	  2,37488e-02
4059	  8,1160000000e+03	 -1,93964e-02	  2,25913e-02
4060	  8,1180000000e+03	 -1,69688e-02	  2,13416e-02
4061	  8,1200000000e+03	 -1,75585e-02	  2,07842e-02
4062	  8,1220000000e+03	 -1,80641e-02	  2,21896e-02
4063	  8,1240000000e+03	 -1,94228e-02	  2,40259e-02
4064	  8,1260000000e+03	 -1,88692e-02	  2,35037e-02
4065	  8,1280000000e+03	 -1,77371e-02	  2,59184e-02
4066	  8,1300000000e+03	 -1,73384e-02	  2,66840e-02
4067	  8,1320000000e+03	 -1,80281e-02	  2,67628e-02
4068	  8,1340000000e+03	 -1,86195e-02	  2,85868e-02
4069	  8,1360000000e+03	 -1,89708e-02	  2,68022e-02
4070	  8,1380000000e+03	 -1,56444e-02	  2,78089e-02
4071	  8,1400000000e+03	 -1,31253e-02	  2,82391e-02
4072	  8,1420000000e+03	 -1,13676e-02	  2,80345e-02
4073	  8,1440000000e+03	 -1,38968e-02	  2,97018e-02
4074	  8,1460000000e+03	 -1,35615e-02	  2,93950e-02
4075	  8,1480000000e+03	 -1,05878e-02	  2,87681e-02
4076	  8,1500000000e+03	 -7,79713e-03	  2,79206e-02
4077	  8,1520000000e+03	 -6,35737e-03	  3,16083e-02
4078	  8,1540000000e+03	 -7,70802e-03	  3,05839e-02
4079	  8,1560000000e+03	 -7,69425e-03	  3,05072e-02
4080	  8,1580000000e+03	 -5,72085e-03	  3,11437e-02
4081	  8,1600000000e+03	 -6,95368e-03	  3,16854e-02
4082	  8,1620000000e+03	 -9,07737e-03	  3,01661e-02
4083	  8,1640000000e+03	 -5,10412e-03	  3,01021e-02
4084	  8,1660000000e+03	 -3,21353e-03	  3,09000e-02
4085	  8,1680000000e+03	 -3,18118e-03	  3,35163e-02
4086	  8,1700000000e+03	 -2,90448e-03	  3,28591e-02
4087	  8,1720000000e+03	 -2,43426e-03	  3,16559e-02
4088	  8,1740000000e+03	 -3,20315e-03	  3,34683e-02
4089	  8,1760000000e+03	 -7,45626e-04	  3,67996e-02
4090	  8,1780000000e+03	  3,07255e-03	  3,47733e-02
4091	  8,1800000000e+03	  4,41137e-03	  3,35184e-02
4092	  8,1820000000e+03	  3,11666e-03	  3,28904e-02
4093	  8,1840000000e+03	  2,52107e-03	  3,26901e-02
4094	  8,1860000000e+03	  3,20523e-03	  3,39576e-02
4095	  8,1880000000e+03	  5,93019e-03	  3,43097e-02
4096	  8,1900000000e+03	  3,02400e-03	  3,00245e-02
4097	  8,1920000000e+03	  4,02686e-03	  2,97547e-02
4098	  8,1940000000e+03	  4,08083e-03	  3,10881e-02
4099	  8,1960000000e+03	  4,76561e-03	  3,04260e-02
4100	  8,1980000000e+03	  7,03665e-03	  3,20412e-02
4101	  8,2000000000e+03	  7,19957e-03	  2,92889e-02
4102	  8,2020000000e+03	  9,44366e-03	  3,13275e-02
4103	  8,2040000000e+03	  8,08698e-03	  3,40782e-02
4104	  8,2060000000e+03	  1,06148e-02	  3,14031e-02
4105	  8,2080000000e+03	  1,25306e-02	  3,05551e-02
4106	  8,2100000000e+03	  1,21324e-02	  3,07708e-02
4107	  8,2120000000e+03	  1,36737e-02	  3,11091e-02
4108	  8,2140000000e+03	  1,49635e-02	  3,15808e-02
4109	  8,2160000000e+03	  1,46611e-02	  3,30166e-02
4110	  8,2180000000e+03	  1,33836e-02	  3,29891e-02
4111	  8,2200000000e+03	  1,53162e-02	  3,22500e-02
4112	  8,2220000000e+03	  1,42786e-02	  3,13710e-02
4113	  8,2240000000e+03	  1,50987e-02	  3,22922e-02
4114	  8,2260000000e+03	  1,70357e-02	  3,41924e-02
4115	  8,2280000000e+03	  1,81224e-02	  3,16630e-02
4116	  8,2300000000e+03	  2,30068e-02	  3,06270e-02
4117	  8,2320000000e+03	  1,99931e-02	  3,04944e-02
4118	  8,2340000000e+03	  2,24693e-02	  2,82487e-02
4119	  8,2360000000e+03	  2,22190e-02	  2,77763e-02
4120	  8,2380000000e+03	  2,14643e-02	  2,65352e-02
4121	  8,2400000000e+03	  2,36585e-02	  2,60516e-02
4122	  8,2420000000e+03	  2,63201e-02	  2,53438e-02
4123	  8,2440000000e+03	  2,48930e-02	  2,81694e-02
4124	  8,2460000000e+03	  2,24000e-02	  2,92541e-02
4125	  8,2480000000e+03	  2,34561e-02	  2,77993e-02
4126	  8,2500000000e+03	  2,53777e-02	  2,78513e-02
4127	  8,2520000000e+03	  2,70043e-02	  2,65040e-02
4128	  8,2540000000e+03	  2,74570e-02	  2,64490e-02
4129	  8,2560000000e+03	  2,68581e-02	  2,76707e-02
4130	  8,2580000000e+03	  2,64630e-02	  2,77094e-02
4131	  8,2600000000e+03	  2,70980e-02	  2,65416e-02
4132	  8,2620000000e+03	  2,99884e-02	  2,61003e-02
4133	  8,2640000000e+03	  2,89403e-02	  2,59506e-02
4134	  8,2660000000e+03	  3,03886e-02	  2,51304e-02
4135	  8,2680000000e+03	  3,19618e-02	  2,32293e-02
4136	  8,2700000000e+03	  3,25624e-02	  2,22796e-02
4137	  8,2720000000e+03	  3,26760e-02	  2,26521e-02
4138	  8,2740000000e+03	  3,40205e-02	  2,09398e-02
4139	  8,2760000000e+03	  3,56726e-02	  2,18666e-02
4140	  8,2780000000e+03	  3,76790e-02	  2,29751e-02
4141	  8,2800000000e+03	  3,83542e-02	  1,88022e-02
4142	  8,2820000000e+03	  3,73979e-02	  1,69643e-02
4143	  8,2840000000e+03	  3,70749e-02	  1,84212e-02
4144	  8,2860000000e+03	  3,73663e-02	  1,84043e-02
4145	  8,2880000000e+03	  3,77484e-02	  1,85661e-02
4146	  8,2900000000e+03	  3,88209e-02	  1,82412e-02
4147	  8,2920000000e+03	  4,21955e-02	  1,58887e-02
4148	  8,2940000000e+03	  4,21317e-02	  1,31002e-02
4149	  8,2960000000e+03	  4,08711e-02	  1,01540e-02
4150	  8,2980000000e+03	  4,04346e-02	  1,23328e-02
4151	  8,3000000000e+03	  4,00816e-02	  1,37149e-02
4152	  8,3020000000e+03	  4,04498e-02	  1,21055e-02
4153	  8,3040000000e+03	  4,31611e-02	  7,46324e-03
4154	  8,3060000000e+03	  4,28964e-02	  7,99118e-03
4155	  8,3080000000e+03	  4,28216e-02	  1,10957e-02
4156	  8,3100000000e+03	  4,33543e-02	  9,82767e-03
4157	  8,3120000000e+03	  4,55569e-02	  9,66182e-03
4158	  8,3140000000e+03	  4,55918e-02	  1,22435e-02
4159	  8,3160000000e+03	  4,42364e-02	  7,61952e-03
4160	  8,3180000000e+03	  4,71210e-02	  5,78208e-03
4161	  8,3200000000e+03	  4,78989e-02	  6,87698e-03
4162	  8,3220000000e+03	  4,80396e-02	  6,77381e-03
4163	  8,3240000000e+03	  4,88102e-02	  6,70401e-03
4164	  8,3260000000e+03	  4,89850e-02	  5,71867e-03
4165	  8,3280000000e+03	  4,87313e-02	  4,32317e-03
4166	  8,3300000000e+03	  4,94670e-02	  3,06598e-03
4167	  8,3320000000e+03	  4,89326e-02	  8,19861e-04
4168	  8,3340000000e+03	  5,09242e-02	 -1,21349e-03
4169	  8,3360000000e+03	  5,11186e-02	 -1,70421e-03
4170	  8,3380000000e+03	  4,92469e-02	 -1,26463e-03
4171	  8,3400000000e+03	  4,92615e-02	 -4,10043e-03
4172	  8,3420000000e+03	  4,80911e-02	 -4,23837e-03
4173	  8,3440000000e+03	  4,95197e-02	 -3,41748e-03
4174	  8,3460000000e+03	  4,93127e-02	 -4,90789e-03
4175	  8,3480000000e+03	  5,01659e-02	 -6,12365e-03
4176	  8,3500000000e+03	  5,14135e-02	 -6,23945e-03
4177	  8,3520000000e+03	  5,09668e-02	 -6,53310e-03
4178	  8,3540000000e+03	  5,08397e-02	 -7,42530e-03
4179	  8,3560000000e+03	  4,89062e-02	 -7,37747e-03
4180	  8,3580000000e+03	  4,93967e-02	 -9,03268e-03
4181	  8,3600000000e+03	  5,13095e-02	 -1,22475e-02
4182	  8,3620000000e+03	  5,15798e-02	 -1,21394e-02
4183	  8,3640000000e+03	  5,10704e-02	 -1,38218e-02
4184	  8,3660000000e+03	  4,97961e-02	 -1,70369e-02
4185	  8,3680000000e+03	  5,17850e-02	 -1,84299e-02
4186	  8,3700000000e+03	  5,25682e-02	 -1,89268e-02
4187	  8,3720000000e+03	  5,16273e-02	 -1,95030e-02
4188	  8,3740000000e+03	  5,14440e-02	 -2,01742e-02
4189	  8,3760000000e+03	  5,01315e-02	 -2,03579e-02
4190	  8,3780000000e+03	  5,09158e-02	 -2,07312e-02
4191	  8,3800000000e+03	  5,21917e-02	 -1,81052e-02
4192	  8,3820000000e+03	  5,15349e-02	 -2,07356e-02
4193	  8,3840000000e+03	  4,87756e-02	 -2,11569e-02
4194	  8,3860000000e+03	  4,88589e-02	 -2,34028e-02
4195	  8,3880000000e+03	  5,10862e-02	 -2,31299e-02
4196	  8,3900000000e+03	  5,01279e-02	 -2,53994e-02
4197	  8,3920000000e+03	  4,89000e-02	 -2,78786e-02
4198	  8,3940000000e+03	  4,87124e-02	 -2,55660e-02
4199	  8,3960000000e+03	  5,03393e-02	 -2,80546e-02
4200	  8,3980000000e+03	  5,26288e-02	 -2,83804e-02
4201	  8,4000000000e+03	  5,02802e-02	 -2,88618e-02
4202	  8,4020000000e+03	  4,91863e-02	 -3,07296e-02
4203	  8,4040000000e+03	  4,97112e-02	 -3,42630e-02
4204	  8,4060000000e+03	  4,98420e-02	 -3,59673e-02
4205	  8,4080000000e+03	  5,11005e-02	 -3,58302e-02
4206	  8,4100000000e+03	  4,96810e-02	 -3,65257e-02
4207	  8,4120000000e+03	  4,89361e-02	 -3,76970e-02
4208	  8,4140000000e+03	  4,77513e-02	 -3,72242e-02
4209	  8,4160000000e+03	  4,62084e-02	 -3,91031e-02
4210	  8,4180000000e+03	  4,52366e-02	 -3,86877e-02
4211	  8,4200000000e+03	  4,59473e-02	 -3,95141e-02
4212	  8,4220000000e+03	  4,31400e-02	 -4,06359e-02
4213	  8,4240000000e+03	  4,01521e-02	 -4,11322e-02
4214	  8,4260000000e+03	  4,16878e-02	 -4,08702e-02
4215	  8,4280000000e+03	  4,49859e-02	 -4,23648e-02
4216	  8,4300000000e+03	  4,30203e-02	 -4,26592e-02
4217	  8,4320000000e+03	  4,17598e-02	 -4,24733e-02
4218	  8,4340000000e+03	  4,20443e-02	 -4,19182e-02
4219	  8,4360000000e+03	  4,30586e-02	 -4,31715e-02
4220	  8,4380000000e+03	  4,31232e-02	 -4,38112e-02
4221	  8,4400000000e+03	  4,27049e-02	 -4,46723e-02
4222	  8,4420000000e+03	  4,07615e-02	 -4,48749e-02
4223	  8,4440000000e+03	  4,00649e-02	 -4,51326e-02
4224	  8,4460000000e+03	  3,86611e-02	 -4,57676e-02
4225	  8,4480000000e+03	  3,64725e-02	 -4,76066e-02
4226	  8,4500000000e+03	  3,89351e-02	 -4,75121e-02
4227	  8,4520000000e+03	  3,88670e-02	 -4,95396e-02
4228	  8,4540000000e+03	  3,77670e-02	 -5,12849e-02
4229	  8,4560000000e+03	  3,68606e-02	 -5,17346e-02
4230	  8,4580000000e+03	  3,66848e-02	 -5,19639e-02
4231	  8,4600000000e+03	  3,64432e-02	 -5,13661e-02
4232	  8,4620000000e+03	  3,49454e-02	 -5,22962e-02
4233	  8,4640000000e+03	  3,46204e-02	 -5,50684e-02
4234	  8,4660000000e+03	  3,46187e-02	 -5,74947e-02
4235	  8,4680000000e+03	  3,38593e-02	 -5,66223e-02
4236	  8,4700000000e+03	  3,23550e-02	 -5,57923e-02
4237	  8,4720000000e+03	  2,93749e-02	 -5,84378e-02
4238	  8,4740000000e+03	  2,97653e-02	 -5,85727e-02
4239	  8,4760000000e+03	  3,07515e-02	 -5,72798e-02
4240	  8,4780000000e+03	  2,91027e-02	 -5,82060e-02
4241	  8,4800000000e+03	  2,90571e-02	 -5,94841e-02
4242	  8,4820000000e+03	  2,78975e-02	 -5,84116e-02
4243	  8,4840000000e+03	  2,62053e-02	 -5,71839e-02
4244	  8,4860000000e+03	  2,46931e-02	 -5,84489e-02
4245	  8,4880000000e+03	  2,41771e-02	 -5,90208e-02
4246	  8,4900000000e+03	  2,55540e-02	 -5,70617e-02
4247	  8,4920000000e+03	  2,36707e-02	 -6,02667e-02
4248	  8,4940000000e+03	  2,23465e-02	 -6,05862e-02
4249	  8,4960000000e+03	  2,06324e-02	 -6,15544e-02
4250	  8,4980000000e+03	  1,97500e-02	 -6,25082e-02
4251	  8,5000000000e+03	  2,16980e-02	 -5,90265e-02
4252	  8,5020000000e+03	  2,27646e-02	 -5,82359e-02
4253	  8,5040000000e+03	  1,95554e-02	 -5,94064e-02
4254	  8,5060000000e+03	  1,96921e-02	 -5,91951e-02
4255	  8,5080000000e+03	  2,04870e-02	 -6,07492e-02
4256	  8,5100000000e+03	  2,06856e-02	 -6,14998e-02
4257	  8,5120000000e+03	  2,16825e-02	 -6,17340e-02
4258	  8,5140000000e+03	  1,90523e-02	 -6,04497e-02
4259	  8,5160000000e+03	  1,64223e-02	 -6,23310e-02
4260	  8,5180000000e+03	  1,65205e-02	 -6,30124e-02
4261	  8,5200000000e+03	  1,64128e-02	 -6,36045e-02
4262	  8,5220000000e+03	  1,57434e-02	 -6,58479e-02
4263	  8,5240000000e+03	  1,63608e-02	 -6,71718e-02
4264	  8,5260000000e+03	  1,51314e-02	 -6,77896e-02
4265	  8,5280000000e+03	  1,55921e-02	 -6,75389e-02
4266	  8,5300000000e+03	  1,51258e-02	 -6,67060e-02
4267	  8,5320000000e+03	  1,29292e-02	 -6,94481e-02
4268	  8,5340000000e+03	  1,11776e-02	 -6,95363e-02
4269	  8,5360000000e+03	  1,07067e-02	 -6,68472e-02
4270	  8,5380000000e+03	  9,79662e-03	 -6,67374e-02
4271	  8,5400000000e+03	  7,91722e-03	 -7,10607e-02
4272	  8,5420000000e+03	  8,33040e-03	 -7,24758e-02
4273	  8,5440000000e+03	  7,23414e-03	 -7,42745e-02
4274	  8,5460000000e+03	  5,51017e-03	 -7,30200e-02
4275	  8,5480000000e+03	  3,88567e-03	 -7,22832e-02
4276	  8,5500000000e+03	  2,05081e-03	 -7,33550e-02
4277	  8,5520000000e+03	  3,18759e-03	 -7,34495e-02
4278	  8,5540000000e+03	  1,90353e-03	 -7,41947e-02
4279	  8,5560000000e+03	  1,30818e-03	 -7,36210e-02
4280	  8,5580000000e+03	 -6,51451e-04	 -7,32509e-02
4281	  8,5600000000e+03	 -3,66124e-03	 -7,20295e-02
4282	  8,5620000000e+03	 -3,39242e-03	 -7,16013e-02
4283	  8,5640000000e+03	 -5,45380e-03	 -7,34844e-02
4284	  8,5660000000e+03	 -7,03754e-03	 -7,37353e-02
4285	  8,5680000000e+03	 -6,06851e-03	 -7,44043e-02
4286	  8,5700000000e+03	 -5,42322e-03	 -7,42166e-02
4287	  8,5720000000e+03	 -6,64926e-03	 -7,40214e-02
4288	  8,5740000000e+03	 -7,08959e-03	 -7,45859e-02
4289	  8,5760000000e+03	 -9,09734e-03	 -7,68872e-02
4290	  8,5780000000e+03	 -9,40757e-03	 -7,62177e-02
4291	  8,5800000000e+03	 -1,03122e-02	 -7,46206e-02
4292	  8,5820000000e+03	 -1,11695e-02	 -7,23255e-02
4293	  8,5840000000e+03	 -1,18016e-02	 -7,34365e-02
4294	  8,5860000000e+03	 -9,92804e-03	 -7,35294e-02
4295	  8,5880000000e+03	 -8,89618e-03	 -7,44101e-02
4296	  8,5900000000e+03	 -1,33406e-02	 -7,36371e-02
4297	  8,5920000000e+03	 -1,47727e-02	 -7,34934e-02
4298	  8,5940000000e+03	 -1,53159e-02	 -7,40205e-02
4299	  8,5960000000e+03	 -1,53657e-02	 -7,52760e-02
4300	  8,5980000000e+03	 -1,67850e-02	 -7,53073e-02
4301	  8,6000000000e+03	 -1,70648e-02	 -7,34865e-02
4302	  8,6020000000e+03	 -1,90953e-02	 -7,50007e-02
4303	  8,6040000000e+03	 -2,08142e-02	 -7,36873e-02
4304	  8,6060000000e+03	 -2,30566e-02	 -7,33374e-02
4305	  8,6080000000e+03	 -2,41967e-02	 -7,56764e-02
4306	  8,6100000000e+03	 -2,40749e-02	 -7,59352e-02
4307	  8,6120000000e+03	 -2,53085e-02	 -7,40203e-02
4308	  8,6140000000e+03	 -2,63904e-02	 -7,17706e-02
4309	  8,6160000000e+03	 -2,75472e-02	 -7,19711e-02
4310	  8,6180000000e+03	 -3,18034e-02	 -7,39679e-02
4311	  8,6200000000e+03	 -3,20524e-02	 -7,29221e-02
4312	  8,6220000000e+03	 -2,95226e-02	 -7,09448e-02
4313	  8,6240000000e+03	 -3,15685e-02	 -6,92349e-02
4314	  8,6260000000e+03	 -3,17372e-02	 -7,08726e-02
4315	  8,6280000000e+03	 -3,17248e-02	 -7,28774e-02
4316	  8,6300000000e+03	 -3,06833e-02	 -7,16206e-02
4317	  8,6320000000e+03	 -3,19619e-02	 -7,22071e-02
4318	  8,6340000000e+03	 -3,42799e-02	 -7,21434e-02
4319	  8,6360000000e+03	 -3,69247e-02	 -7,24219e-02
4320	  8,6380000000e+03	 -3,69532e-02	 -7,49103e-02
4321	  8,6400000000e+03	 -3,90073e-02	 -7,38586e-02
4322	  8,6420000000e+03	 -3,96129e-02	 -7,19511e-02
4323	  8,6440000000e+03	 -4,03345e-02	 -7,13591e-02
4324	  8,6460000000e+03	 -4,15097e-02	 -7,20481e-02
4325	  8,6480000000e+03	 -4,27140e-02	 -6,88929e-02
4326	  8,6500000000e+03	 -4,41224e-02	 -7,03936e-02
4327	  8,6520000000e+03	 -4,38781e-02	 -7,02625e-02
4328	  8,6540000000e+03	 -4,44175e-02	 -6,80094e-02
4329	  8,6560000000e+03	 -4,47771e-02	 -6,67121e-02
4330	  8,6580000000e+03	 -4,80092e-02	 -6,53131e-02
4331	  8,6600000000e+03	 -4,74532e-02	 -6,66085e-02
4332	  8,6620000000e+03	 -4,79482e-02	 -6,65824e-02
4333	  8,6640000000e+03	 -4,88042e-02	 -6,40634e-02
4334	  8,6660000000e+03	 -4,86884e-02	 -6,22724e-02
4335	  8,6680000000e+03	 -4,90310e-02	 -6,50738e-02
4336	  8,6700000000e+03	 -5,01277e-02	 -6,52043e-02
4337	  8,6720000000e+03	 -4,99074e-02	 -6,33456e-02
4338	  8,6740000000e+03	 -5,10994e-02	 -6,29271e-02
4339	  8,6760000000e+03	 -5,30584e-02	 -6,18623e-02
4340	  8,6780000000e+03	 -5,29749e-02	 -6,15509e-02
4341	  8,6800000000e+03	 -5,45446e-02	 -5,98420e-02
4342	  8,6820000000e+03	 -5,34974e-02	 -5,94223e-02
4343	  8,6840000000e+03	 -5,31539e-02	 -5,93630e-02
4344	  8,6860000000e+03	 -5,36060e-02	 -5,91951e-02
4345	  8,6880000000e+03	 -5,46561e-02	 -5,86207e-02
4346	  8,6900000000e+03	 -5,79534e-02	 -5,76258e-02
4347	  8,6920000000e+03	 -5,64126e-02	 -5,72083e-02
4348	  8,6940000000e+03	 -5,95254e-02	 -5,60070e-02
4349	  8,6960000000e+03	 -5,83395e-02	 -5,62726e-02
4350	  8,6980000000e+03	 -5,69048e-02	 -5,53566e-02
4351	  8,7000000000e+03	 -5,90983e-02	 -5,42225e-02
4352	  8,7020000000e+03	 -5,60921e-02	 -5,30630e-02
4353	  8,7040000000e+03	 -5,76857e-02	 -5,31275e-02
4354	  8,7060000000e+03	 -5,94978e-02	 -5,20140e-02
4355	  8,7080000000e+03	 -5,86235e-02	 -5,24134e-02
4356	  8,7100000000e+03	 -6,18895e-02	 -5,45095e-02
4357	  8,7120000000e+03	 -6,52234e-02	 -5,09013e-02
4358	  8,7140000000e+03	 -6,31130e-02	 -5,00335e-02
4359	  8,7160000000e+03	 -6,20759e-02	 -5,16203e-02
4360	  8,7180000000e+03	 -6,38138e-02	 -5,05492e-02
4361	  8,7200000000e+03	 -6,39018e-02	 -4,82205e-02
4362	  8,7220000000e+03	 -6,59713e-02	 -4,67520e-02
4363	  8,7240000000e+03	 -6,59532e-02	 -4,47004e-02
4364	  8,7260000000e+03	 -6,38451e-02	 -4,60592e-02
4365	  8,7280000000e+03	 -6,62914e-02	 -4,63698e-02
4366	  8,7300000000e+03	 -6,63665e-02	 -4,45342e-02
4367	  8,7320000000e+03	 -6,51280e-02	 -4,80402e-02
4368	  8,7340000000e+03	 -6,61591e-02	 -4,74434e-02
4369	  8,7360000000e+03	 -6,75746e-02	 -4,35091e-02
4370	  8,7380000000e+03	 -6,78712e-02	 -4,31215e-02
4371	  8,7400000000e+03	 -6,85307e-02	 -4,29073e-02
4372	  8,7420000000e+03	 -6,89836e-02	 -4,27193e-02
4373	  8,7440000000e+03	 -6,94438e-02	 -4,29391e-02
4374	  8,7460000000e+03	 -6,84187e-02	 -4,28010e-02
4375	  8,7480000000e+03	 -7,01053e-02	 -4,41992e-02
4376	  8,7500000000e+03	 -7,08544e-02	 -4,06393e-02
4377	  8,7520000000e+03	 -6,95848e-02	 -3,98148e-02
4378	  8,7540000000e+03	 -6,94105e-02	 -3,86213e-02
4379	  8,7560000000e+03	 -6,99500e-02	 -3,59562e-02
4380	  8,7580000000e+03	 -7,15132e-02	 -3,64756e-02
4381	  8,7600000000e+03	 -7,20093e-02	 -3,87089e-02
4382	  8,7620000000e+03	 -7,31982e-02	 -3,64572e-02
4383	  8,7640000000e+03	 -6,98801e-02	 -3,43651e-02
4384	  8,7660000000e+03	 -6,99602e-02	 -3,33434e-02
4385	  8,7680000000e+03	 -7,10710e-02	 -3,46639e-02
4386	  8,7700000000e+03	 -7,29057e-02	 -3,64691e-02
4387	  8,7720000000e+03	 -7,28144e-02	 -3,34892e-02
4388	  8,7740000000e+03	 -7,23787e-02	 -3,06764e-02
4389	  8,7760000000e+03	 -7,24153e-02	 -3,12138e-02
4390	  8,7780000000e+03	 -7,24600e-02	 -3,34763e-02
4391	  8,7800000000e+03	 -7,33881e-02	 -3,18393e-02
4392	  8,7820000000e+03	 -7,36121e-02	 -2,95914e-02
4393	  8,7840000000e+03	 -7,26345e-02	 -3,11347e-02
4394	  8,7860000000e+03	 -7,35756e-02	 -3,12476e-02
4395	  8,7880000000e+03	 -7,72217e-02	 -3,18860e-02
4396	  8,7900000000e+03	 -7,36145e-02	 -3,00025e-02
4397	  8,7920000000e+03	 -7,27830e-02	 -2,79557e-02
4398	  8,7940000000e+03	 -7,56089e-02	 -2,56646e-02
4399	  8,7960000000e+03	 -7,51258e-02	 -2,74294e-02
4400	  8,7980000000e+03	 -7,39616e-02	 -2,75797e-02
4401	  8,8000000000e+03	 -7,36340e-02	 -2,84737e-02
4402	  8,8020000000e+03	 -7,52913e-02	 -2,98964e-02
4403	  8,8040000000e+03	 -7,69804e-02	 -2,89737e-02
4404	  8,8060000000e+03	 -7,69895e-02	 -2,70265e-02
4405	  8,8080000000e+03	 -7,73975e-02	 -2,56656e-02
4406	  8,8100000000e+03	 -7,80120e-02	 -2,48178e-02
4407	  8,8120000000e+03	 -7,61816e-02	 -2,58211e-02
4408	  8,8140000000e+03	 -7,86936e-02	 -2,42618e-02
4409	  8,8160000000e+03	 -7,95665e-02	 -2,41306e-02
4410	  8,8180000000e+03	 -7,80920e-02	 -2,46454e-02
4411	  8,8200000000e+03	 -7,79772e-02	 -2,81139e-02
4412	  8,8220000000e+03	 -8,14452e-02	 -2,69886e-02
4413	  8,8240000000e+03	 -8,23621e-02	 -2,69060e-02
4414	  8,8260000000e+03	 -8,11044e-02	 -2,72470e-02
4415	  8,8280000000e+03	 -8,14962e-02	 -2,32644e-02
4416	  8,8300000000e+03	 -8,11175e-02	 -2,12085e-02
4417	  8,8320000000e+03	 -8,04691e-02	 -2,04687e-02
4418	  8,8340000000e+03	 -8,10219e-02	 -2,12741e-02
4419	  8,8360000000e+03	 -8,32315e-02	 -2,15332e-02
4420	  8,8380000000e+03	 -8,38122e-02	 -1,93149e-02
4421	  8,8400000000e+03	 -8,28934e-02	 -2,09148e-02
4422	  8,8420000000e+03	 -8,46509e-02	 -2,14804e-02
4423	  8,8440000000e+03	 -8,53207e-02	 -2,04906e-02
4424	  8,8460000000e+03	 -8,53722e-02	 -2,06905e-02
4425	  8,8480000000e+03	 -8,26237e-02	 -2,23191e-02
4426	  8,8500000000e+03	 -8,49302e-02	 -2,08317e-02
4427	  8,8520000000e+03	 -8,77276e-02	 -1,86869e-02
4428	  8,8540000000e+03	 -8,75422e-02	 -1,73501e-02
4429	  8,8560000000e+03	 -8,68304e-02	 -1,77480e-02
4430	  8,8580000000e+03	 -8,80874e-02	 -1,71169e-02
4431	  8,8600000000e+03	 -8,87675e-02	 -1,64514e-02
4432	  8,8620000000e+03	 -8,68923e-02	 -1,61358e-02
4433	  8,8640000000e+03	 -8,85288e-02	 -1,47994e-02
4434	  8,8660000000e+03	 -9,13400e-02	 -1,29333e-02
4435	  8,8680000000e+03	 -9,29012e-02	 -1,32120e-02
4436	  8,8700000000e+03	 -9,04608e-02	 -1,29986e-02
4437	  8,8720000000e+03	 -9,18455e-02	 -1,00583e-02
4438	  8,8740000000e+03	 -9,35359e-02	 -9,41453e-03
4439	  8,8760000000e+03	 -9,19951e-02	 -9,83657e-03
4440	  8,8780000000e+03	 -9,15602e-02	 -1,19611e-02
4441	  8,8800000000e+03	 -9,36825e-02	 -1,03788e-02
4442	  8,8820000000e+03	 -9,51136e-02	 -7,65334e-03
4443	  8,8840000000e+03	 -9,49824e-02	 -6,69484e-03
4444	  8,8860000000e+03	 -9,31795e-02	 -7,23900e-03
4445	  8,8880000000e+03	 -9,53694e-02	 -7,30516e-03
4446	  8,8900000000e+03	 -9,69443e-02	 -4,13859e-03
4447	  8,8920000000e+03	 -9,73463e-02	 -4,42866e-03
4448	  8,8940000000e+03	 -9,51377e-02	 -7,04070e-03
4449	  8,8960000000e+03	 -9,58453e-02	 -7,79094e-03
4450	  8,8980000000e+03	 -9,68925e-02	 -5,39536e-03
4451	  8,9000000000e+03	 -9,65747e-02	 -5,56476e-03
4452	  8,9020000000e+03	 -9,72443e-02	 -3,39768e-03
4453	  8,9040000000e+03	 -1,00118e-01	 -1,08180e-04
4454	  8,9060000000e+03	 -1,01275e-01	  9,09779e-05
4455	  8,9080000000e+03	 -1,02221e-01	  7,66770e-04
4456	  8,9100000000e+03	 -1,01894e-01	  1,90790e-03
4457	  8,9120000000e+03	 -1,03159e-01	 -3,55555e-05
4458	  8,9140000000e+03	 -1,04784e-01	  2,09100e-03
4459	  8,9160000000e+03	 -1,06225e-01	  4,26387e-03
4460	  8,9180000000e+03	 -1,05725e-01	  5,01424e-03
4461	  8,9200000000e+03	 -1,05082e-01	  8,27054e-03
4462	  8,9220000000e+03	 -1,04192e-01	  8,14880e-03
4463	  8,9240000000e+03	 -1,07084e-01	  8,42387e-03
4464	  8,9260000000e+03	 -1,06972e-01	  8,95279e-03
4465	  8,9280000000e+03	 -1,06943e-01	  9,67087e-03
4466	  8,9300000000e+03	 -1,08768e-01	  1,14543e-02
4467	  8,9320000000e+03	 -1,07743e-01	  1,30475e-02
4468	  8,9340000000e+03	 -1,06919e-01	  1,49150e-02
4469	  8,9360000000e+03	 -1,09775e-01	  1,78109e-02
4470	  8,9380000000e+03	 -1,10343e-01	  2,08230e-02
4471	  8,9400000000e+03	 -1,08912e-01	  2,00308e-02
4472	  8,9420000000e+03	 -1,09002e-01	  1,99710e-02
4473	  8,9440000000e+03	 -1,06541e-01	  2,30199e-02
4474	  8,9460000000e+03	 -1,09744e-01	  2,24805e-02
4475	  8,9480000000e+03	 -1,10507e-01	  2,23506e-02
4476	  8,9500000000e+03	 -1,10442e-01	  2,47300e-02
4477	  8,9520000000e+03	 -1,10669e-01	  2,70096e-02
4478	  8,9540000000e+03	 -1,11242e-01	  2,69598e-02
4479	  8,9560000000e+03	 -1,12844e-01	  2,84144e-02
4480	  8,9580000000e+03	 -1,11041e-01	  2,80968e-02
4481	  8,9600000000e+03	 -1,09096e-01	  3,03791e-02
4482	  8,9620000000e+03	 -1,11032e-01	  3,45408e-02
4483	  8,9640000000e+03	 -1,09371e-01	  3,38754e-02
4484	  8,9660000000e+03	 -1,08374e-01	  3,30580e-02
4485	  8,9680000000e+03	 -1,07658e-01	  3,41942e-02
4486	  8,9700000000e+03	 -1,09666e-01	  3,51847e-02
4487	  8,9720000000e+03	 -1,09444e-01	  3,72288e-02
4488	  8,9740000000e+03	 -1,11327e-01	  4,11900e-02
4489	  8,9760000000e+03	 -1,11481e-01	  4,08182e-02
4490	  8,9780000000e+03	 -1,11092e-01	  4,10161e-02
4491	  8,9800000000e+03	 -1,11241e-01	  4,36477e-02
4492	  8,9820000000e+03	 -1,11284e-01	  4,49241e-02
4493	  8,9840000000e+03	 -1,11015e-01	  4,51333e-02
4494	  8,9860000000e+03	 -1,11315e-01	  4,69811e-02
4495	  8,9880000000e+03	 -1,11111e-01	  5,00809e-02
4496	  8,9900000000e+03	 -1,09777e-01	  5,29610e-02
4497	  8,9920000000e+03	 -1,12255e-01	  5,32499e-02
4498	  8,9940000000e+03	 -1,12455e-01	  5,35059e-02
4499	  8,9960000000e+03	 -1,08533e-01	  5,40154e-02
4500	  8,9980000000e+03	 -1,06766e-01	  5,57329e-02
4501	  9,0000000000e+03	 -1,07771e-01	  5,80022e-02
4502	  9,0020000000e+03	 -1,08099e-01	  5,81100e-02
4503	  9,0040000000e+03	 -1,06686e-01	  5,80070e-02
4504	  9,0060000000e+03	 -1,07260e-01	  5,98892e-02
4505	  9,0080000000e+03	 -1,06684e-01	  5,96530e-02
4506	  9,0100000000e+03	 -1,07926e-01	  6,07562e-02
4507	  9,0120000000e+03	 -1,10205e-01	  6,29579e-02
4508	  9,0140000000e+03	 -1,10739e-01	  6,36308e-02
4509	  9,0160000000e+03	 -1,10408e-01	  6,60794e-02
4510	  9,0180000000e+03	 -1,07358e-01	  6,74893e-02
4511	  9,0200000000e+03	 -1,07842e-01	  6,97262e-02
4512	  9,0220000000e+03	 -1,08294e-01	  7,09833e-02
4513	  9,0240000000e+03	 -1,07306e-01	  7,31528e-02
4514	  9,0260000000e+03	 -1,07550e-01	  7,58021e-02
4515	  9,0280000000e+03	 -1,08411e-01	  7,51103e-02
4516	  9,0300000000e+03	 -1,07314e-01	  7,94858e-02
4517	  9,0320000000e+03	 -1,07609e-01	  8,16180e-02
4518	  9,0340000000e+03	 -1,07929e-01	  8,19799e-02
4519	  9,0360000000e+03	 -1,04421e-01	  7,95377e-02
4520	  9,0380000000e+03	 -1,03279e-01	  8,18508e-02
4521	  9,0400000000e+03	 -1,03559e-01	  8,50835e-02
4522	  9,0420000000e+03	 -1,04634e-01	  8,41202e-02
4523	  9,0440000000e+03	 -1,04555e-01	  8,75741e-02
4524	  9,0460000000e+03	 -1,04644e-01	  8,96366e-02
4525	  9,0480000000e+03	 -1,02278e-01	  8,72416e-02
4526	  9,0500000000e+03	 -9,99700e-02	  8,80357e-02
4527	  9,0520000000e+03	 -1,00117e-01	  9,02813e-02
4528	  9,0540000000e+03	 -1,00132e-01	  9,34013e-02
4529	  9,0560000000e+03	 -9,89365e-02	  9,46233e-02
4530	  9,0580000000e+03	 -9,57948e-02	  9,55010e-02
4531	  9,0600000000e+03	 -9,58188e-02	  9,82151e-02
4532	  9,0620000000e+03	 -9,62265e-02	  9,92756e-02
4533	  9,0640000000e+03	 -9,47848e-02	  1,02467e-01
4534	  9,0660000000e+03	 -9,36162e-02	  1,03194e-01
4535	  9,0680000000e+03	 -9,72298e-02	  1,02678e-01
4536	  9,0700000000e+03	 -9,74483e-02	  1,03863e-01
4537	  9,0720000000e+03	 -9,40295e-02	  1,05104e-01
4538	  9,0740000000e+03	 -9,40206e-02	  1,08001e-01
4539	  9,0760000000e+03	 -9,16353e-02	  1,09383e-01
4540	  9,0780000000e+03	 -9,06929e-02	  1,05794e-01
4541	  9,0800000000e+03	 -9,08295e-02	  1,09012e-01
4542	  9,0820000000e+03	 -8,93176e-02	  1,14475e-01
4543	  9,0840000000e+03	 -8,74492e-02	  1,11986e-01
4544	  9,0860000000e+03	 -8,45029e-02	  1,13370e-01
4545	  9,0880000000e+03	 -8,47940e-02	  1,15135e-01
4546	  9,0900000000e+03	 -8,59615e-02	  1,17959e-01
4547	  9,0920000000e+03	 -8,34994e-02	  1,20585e-01
4548	  9,0940000000e+03	 -8,05633e-02	  1,20430e-01
4549	  9,0960000000e+03	 -8,25710e-02	  1,20621e-01
4550	  9,0980000000e+03	 -8,38022e-02	  1,23598e-01
4551	  9,1000000000e+03	 -8,11243e-02	  1,23348e-01
4552	  9,1020000000e+03	 -7,97816e-02	  1,25493e-01
4553	  9,1040000000e+03	 -7,70900e-02	  1,29507e-01
4554	  9,1060000000e+03	 -7,58780e-02	  1,27684e-01
4555	  9,1080000000e+03	 -7,83172e-02	  1,27682e-01
4556	  9,1100000000e+03	 -7,58929e-02	  1,30793e-01
4557	  9,1120000000e+03	 -7,35293e-02	  1,31275e-01
4558	  9,1140000000e+03	 -7,55879e-02	  1,30549e-01
4559	  9,1160000000e+03	 -7,35876e-02	  1,34271e-01
4560	  9,1180000000e+03	 -7,21069e-02	  1,34840e-01
4561	  9,1200000000e+03	 -7,00995e-02	  1,36368e-01
4562	  9,1220000000e+03	 -6,88226e-02	  1,38246e-01
4563	  9,1240000000e+03	 -6,87229e-02	  1,38411e-01
4564	  9,1260000000e+03	 -6,68010e-02	  1,40720e-01
4565	  9,1280000000e+03	 -6,39859e-02	  1,47331e-01
4566	  9,1300000000e+03	 -6,39197e-02	  1,47528e-01
4567	  9,1320000000e+03	 -5,95355e-02	  1,45935e-01
4568	  9,1340000000e+03	 -5,77675e-02	  1,46537e-01
4569	  9,1360000000e+03	 -5,78804e-02	  1,47558e-01
4570	  9,1380000000e+03	 -5,73220e-02	  1,48857e-01
4571	  9,1400000000e+03	 -5,46460e-02	  1,49329e-01
4572	  9,1420000000e+03	 -5,22272e-02	  1,49390e-01
4573	  9,1440000000e+03	 -4,99536e-02	  1,51441e-01
4574	  9,1460000000e+03	 -4,91186e-02	  1,52614e-01
4575	  9,1480000000e+03	 -5,07498e-02	  1,53451e-01
4576	  9,1500000000e+03	 -4,48543e-02	  1,54740e-01
4577	  9,1520000000e+03	 -4,42020e-02	  1,56514e-01
4578	  9,1540000000e+03	 -4,40126e-02	  1,58257e-01
4579	  9,1560000000e+03	 -3,93883e-02	  1,57299e-01
4580	  9,1580000000e+03	 -3,77112e-02	  1,62054e-01
4581	  9,1600000000e+03	 -3,64434e-02	  1,62623e-01
4582	  9,1620000000e+03	 -3,46687e-02	  1,61124e-01
4583	  9,1640000000e+03	 -3,14402e-02	  1,61132e-01
4584	  9,1660000000e+03	 -2,89452e-02	  1,61931e-01
4585	  9,1680000000e+03	 -2,71861e-02	  1,62477e-01
4586	  9,1700000000e+03	 -2,57770e-02	  1,63429e-01
4587	  9,1720000000e+03	 -2,35269e-02	  1,63425e-01
4588	  9,1740000000e+03	 -1,89838e-02	  1,62938e-01
4589	  9,1760000000e+03	 -1,71695e-02	  1,67199e-01
4590	  9,1780000000e+03	 -1,66242e-02	  1,66610e-01
4591	  9,1800000000e+03	 -1,53954e-02	  1,66615e-01
4592	  9,1820000000e+03	 -1,20268e-02	  1,67729e-01
4593	  9,1840000000e+03	 -1,05395e-02	  1,71132e-01
4594	  9,1860000000e+03	 -1,00354e-02	  1,72063e-01
4595	  9,1880000000e+03	 -5,97112e-03	  1,69695e-01
4596	  9,1900000000e+03	 -1,60614e-03	  1,69875e-01
4597	  9,1920000000e+03	 -1,13861e-04	  1,69389e-01
4598	  9,1940000000e+03	  3,76536e-03	  1,71315e-01
4599	  9,1960000000e+03	  8,85887e-03	  1,72513e-01
4600	  9,1980000000e+03	  8,28076e-03	  1,71520e-01
4601	  9,2000000000e+03	  8,25875e-03	  1,72008e-01
4602	  9,2020000000e+03	  1,03014e-02	  1,72456e-01
4603	  9,2040000000e+03	  1,32478e-02	  1,70176e-01
4604	  9,2060000000e+03	  1,61589e-02	  1,70849e-01
4605	  9,2080000000e+03	  1,97891e-02	  1,69367e-01
4606	  9,2100000000e+03	  2,22805e-02	  1,69180e-01
4607	  9,2120000000e+03	  2,32167e-02	  1,68053e-01
4608	  9,2140000000e+03	  2,39286e-02	  1,68429e-01
4609	  9,2160000000e+03	  2,43353e-02	  1,67725e-01
4610	  9,2180000000e+03	  2,74437e-02	  1,68911e-01
4611	  9,2200000000e+03	  2,98350e-02	  1,72201e-01
4612	  9,2220000000e+03	  3,30964e-02	  1,70232e-01
4613	  9,2240000000e+03	  3,49929e-02	  1,67485e-01
4614	  9,2260000000e+03	  3,68949e-02	  1,67778e-01
4615	  9,2280000000e+03	  3,84526e-02	  1,68755e-01
4616	  9,2300000000e+03	  3,96249e-02	  1,66887e-01
4617	  9,2320000000e+03	  4,18282e-02	  1,67354e-01
4618	  9,2340000000e+03	  4,53501e-02	  1,67546e-01
4619	  9,2360000000e+03	  4,63412e-02	  1,66555e-01
4620	  9,2380000000e+03	  4,99619e-02	  1,64253e-01
4621	  9,2400000000e+03	  5,29767e-02	  1,64730e-01
4622	  9,2420000000e+03	  5,41502e-02	  1,63003e-01
4623	  9,2440000000e+03	  5,56064e-02	  1,61474e-01
4624	  9,2460000000e+03	  6,01809e-02	  1,61121e-01
4625	  9,2480000000e+03	  6,50349e-02	  1,60560e-01
4626	  9,2500000000e+03	  6,27894e-02	  1,59146e-01
4627	  9,2520000000e+03	  6,52355e-02	  1,57847e-01
4628	  9,2540000000e+03	  6,83245e-02	  1,57728e-01
4629	  9,2560000000e+03	  7,07163e-02	  1,56663e-01
4630	  9,2580000000e+03	  7,13531e-02	  1,55053e-01
4631	  9,2600000000e+03	  7,45377e-02	  1,53147e-01
4632	  9,2620000000e+03	  7,83763e-02	  1,49999e-01
4633	  9,2640000000e+03	  7,71785e-02	  1,48200e-01
4634	  9,2660000000e+03	  7,83063e-02	  1,45747e-01
4635	  9,2680000000e+03	  7,99231e-02	  1,44630e-01
4636	  9,2700000000e+03	  8,11485e-02	  1,44796e-01
4637	  9,2720000000e+03	  8,24768e-02	  1,42891e-01
4638	  9,2740000000e+03	  8,30785e-02	  1,40667e-01
4639	  9,2760000000e+03	  8,37859e-02	  1,39791e-01
4640	  9,2780000000e+03	  8,51937e-02	  1,40259e-01
4641	  9,2800000000e+03	  8,50873e-02	  1,39295e-01
4642	  9,2820000000e+03	  8,52988e-02	  1,36247e-01
4643	  9,2840000000e+03	  8,54955e-02	  1,33616e-01
4644	  9,2860000000e+03	  8,77728e-02	  1,34107e-01
4645	  9,2880000000e+03	  8,82901e-02	  1,32483e-01
4646	  9,2900000000e+03	  8,74481e-02	  1,31545e-01
4647	  9,2920000000e+03	  8,88640e-02	  1,31346e-01
4648	  9,2940000000e+03	  9,02587e-02	  1,29464e-01
4649	  9,2960000000e+03	  8,99346e-02	  1,28660e-01
4650	  9,2980000000e+03	  8,99047e-02	  1,27181e-01
4651	  9,3000000000e+03	  9,19828e-02	  1,27588e-01
4652	  9,3020000000e+03	  9,36124e-02	  1,24124e-01
4653	  9,3040000000e+03	  9,50757e-02	  1,24382e-01
4654	  9,3060000000e+03	  9,55214e-02	  1,23081e-01
4655	  9,3080000000e+03	  1,00918e-01	  1,23135e-01
4656	  9,3100000000e+03	  1,02722e-01	  1,22432e-01
4657	  9,3120000000e+03	  1,02366e-01	  1,20711e-01
4658	  9,3140000000e+03	  1,02208e-01	  1,19426e-01
4659	  9,3160000000e+03	  1,00889e-01	  1,19265e-01
4660	  9,3180000000e+03	  1,01638e-01	  1,17936e-01
4661	  9,3200000000e+03	  1,05125e-01	  1,17518e-01
4662	  9,3220000000e+03	  1,05209e-01	  1,15490e-01
4663	  9,3240000000e+03	  1,03780e-01	  1,17043e-01
4664	  9,3260000000e+03	  1,05075e-01	  1,17607e-01
4665	  9,3280000000e+03	  1,07046e-01	  1,14310e-01
4666	  9,3300000000e+03	  1,07857e-01	  1,12956e-01
4667	  9,3320000000e+03	  1,11497e-01	  1,10251e-01
4668	  9,3340000000e+03	  1,10505e-01	  1,07758e-01
4669	  9,3360000000e+03	  1,06768e-01	  1,10307e-01
4670	  9,3380000000e+03	  1,08475e-01	  1,11148e-01
4671	  9,3400000000e+03	  1,10251e-01	  1,08895e-01
4672	  9,3420000000e+03	  1,11972e-01	  1,08361e-01
4673	  9,3440000000e+03	  1,16768e-01	  1,05330e-01
4674	  9,3460000000e+03	  1,16172e-01	  1,04914e-01
4675	  9,3480000000e+03	  1,12649e-01	  1,04759e-01
4676	  9,3500000000e+03	  1,13714e-01	  1,05219e-01
4677	  9,3520000000e+03	  1,17761e-01	  1,04410e-01
4678	  9,3540000000e+03	  1,19392e-01	  1,02175e-01
4679	  9,3560000000e+03	  1,19316e-01	  1,01762e-01
4680	  9,3580000000e+03	  1,20482e-01	  1,00682e-01
4681	  9,3600000000e+03	  1,21557e-01	  1,00066e-01
4682	  9,3620000000e+03	  1,20711e-01	  9,93141e-02
4683	  9,3640000000e+03	  1,23312e-01	  9,74560e-02
4684	  9,3660000000e+03	  1,24654e-01	  9,61038e-02
4685	  9,3680000000e+03	  1,21070e-01	  9,40020e-02
4686	  9,3700000000e+03	  1,22605e-01	  9,27526e-02
4687	  9,3720000000e+03	  1,25140e-01	  9,29891e-02
4688	  9,3740000000e+03	  1,24148e-01	  8,93085e-02
4689	  9,3760000000e+03	  1,25228e-01	  8,97589e-02
4690	  9,3780000000e+03	  1,27534e-01	  8,89765e-02
4691	  9,3800000000e+03	  1,29764e-01	  9,07426e-02
4692	  9,3820000000e+03	  1,31226e-01	  8,87531e-02
4693	  9,3840000000e+03	  1,30156e-01	  8,64824e-02
4694	  9,3860000000e+03	  1,30628e-01	  8,32183e-02
4695	  9,3880000000e+03	  1,30634e-01	  8,36928e-02
4696	  9,3900000000e+03	  1,32654e-01	  8,34617e-02
4697	  9,3920000000e+03	  1,32969e-01	  8,17827e-02
4698	  9,3940000000e+03	  1,33044e-01	  7,99111e-02
4699	  9,3960000000e+03	  1,34457e-01	  8,19764e-02
4700	  9,3980000000e+03	  1,36197e-01	  8,15303e-02
4701	  9,4000000000e+03	  1,35031e-01	  7,68061e-02
4702	  9,4020000000e+03	  1,34537e-01	  7,58962e-02
4703	  9,4040000000e+03	  1,38940e-01	  7,67421e-02
4704	  9,4060000000e+03	  1,39321e-01	  7,58319e-02
4705	  9,4080000000e+03	  1,38943e-01	  7,37508e-02
4706	  9,4100000000e+03	  1,37843e-01	  7,21389e-02
4707	  9,4120000000e+03	  1,37352e-01	  7,05126e-02
4708	  9,4140000000e+03	  1,39730e-01	  7,08178e-02
4709	  9,4160000000e+03	  1,41811e-01	  6,94397e-02
4710	  9,4180000000e+03	  1,42414e-01	  6,61678e-02
4711	  9,4200000000e+03	  1,44098e-01	  6,59218e-02
4712	  9,4220000000e+03	  1,45120e-01	  6,54617e-02
4713	  9,4240000000e+03	  1,44475e-01	  6,65857e-02
4714	  9,4260000000e+03	  1,45000e-01	  6,38086e-02
4715	  9,4280000000e+03	  1,44211e-01	  6,39731e-02
4716	  9,4300000000e+03	  1,45122e-01	  6,51950e-02
4717	  9,4320000000e+03	  1,46223e-01	  6,23439e-02
4718	  9,4340000000e+03	  1,47088e-01	  6,01370e-02
4719	  9,4360000000e+03	  1,46972e-01	  5,48880e-02
4720	  9,4380000000e+03	  1,45467e-01	  5,53897e-02
4721	  9,4400000000e+03	  1,48168e-01	  5,45404e-02
4722	  9,4420000000e+03	  1,49972e-01	  5,34341e-02
4723	  9,4440000000e+03	  1,50580e-01	  5,20160e-02
4724	  9,4460000000e+03	  1,51560e-01	  4,99336e-02
4725	  9,4480000000e+03	  1,50099e-01	  4,88610e-02
4726	  9,4500000000e+03	  1,51876e-01	  4,69255e-02
4727	  9,4520000000e+03	  1,53130e-01	  4,45165e-02
4728	  9,4540000000e+03	  1,54421e-01	  4,62159e-02
4729	  9,4560000000e+03	  1,55194e-01	  4,46879e-02
4730	  9,4580000000e+03	  1,55107e-01	  4,18073e-02
4731	  9,4600000000e+03	  1,56005e-01	  3,97792e-02
4732	  9,4620000000e+03	  1,55209e-01	  3,80510e-02
4733	  9,4640000000e+03	  1,54595e-01	  3,80116e-02
4734	  9,4660000000e+03	  1,55469e-01	  3,71156e-02
4735	  9,4680000000e+03	  1,55995e-01	  3,30392e-02
4736	  9,4700000000e+03	  1,55771e-01	  3,13348e-02
4737	  9,4720000000e+03	  1,55096e-01	  3,05962e-02
4738	  9,4740000000e+03	  1,53859e-01	  2,89279e-02
4739	  9,4760000000e+03	  1,55320e-01	  2,69032e-02
4740	  9,4780000000e+03	  1,57117e-01	  2,70532e-02
4741	  9,4800000000e+03	  1,55527e-01	  2,68767e-02
4742	  9,4820000000e+03	  1,55769e-01	  2,66277e-02
4743	  9,4840000000e+03	  1,54985e-01	  2,34636e-02
4744	  9,4860000000e+03	  1,54385e-01	  2,16344e-02
4745	  9,4880000000e+03	  1,54909e-01	  2,23508e-02
4746	  9,4900000000e+03	  1,53560e-01	  2,18484e-02
4747	  9,4920000000e+03	  1,53584e-01	  1,92436e-02
4748	  9,4940000000e+03	  1,55645e-01	  1,88293e-02
4749	  9,4960000000e+03	  1,57098e-01	  1,97460e-02
4750	  9,4980000000e+03	  1,56497e-01	  1,78996e-02
4751	  9,5000000000e+03	  1,54782e-01	  1,65247e-02
4752	  9,5020000000e+03	  1,53792e-01	  1,54376e-02
4753	  9,5040000000e+03	  1,54742e-01	  1,41457e-02
4754	  9,5060000000e+03	  1,54933e-01	  1,45453e-02
4755	  9,5080000000e+03	  1,54430e-01	  1,49498e-02
4756	  9,5100000000e+03	  1,55195e-01	  1,31145e-02
4757	  9,5120000000e+03	  1,55609e-01	  1,28741e-02
4758	  9,5140000000e+03	  1,58515e-01	  9,23003e-03
4759	  9,5160000000e+03	  1,61413e-01	  1,01543e-02
4760	  9,5180000000e+03	  1,61160e-01	  1,05879e-02
4761	  9,5200000000e+03	  1,59393e-01	  8,28729e-03
4762	  9,5220000000e+03	  1,60674e-01	  8,02014e-03
4763	  9,5240000000e+03	  1,61638e-01	  8,01864e-03
4764	  9,5260000000e+03	  1,62261e-01	  4,95348e-03
4765	  9,5280000000e+03	  1,62954e-01	  1,92985e-03
4766	  9,5300000000e+03	  1,61193e-01	  2,61094e-04
4767	  9,5320000000e+03	  1,58763e-01	  2,61953e-04
4768	  9,5340000000e+03	  1,59387e-01	 -2,28837e-03
4769	  9,5360000000e+03	  1,61577e-01	 -3,50351e-03
4770	  9,5380000000e+03	  1,62729e-01	 -5,83032e-03
4771	  9,5400000000e+03	  1,63923e-01	 -6,46237e-03
4772	  9,5420000000e+03	  1,65247e-01	 -5,10379e-03
4773	  9,5440000000e+03	  1,64882e-01	 -6,52154e-03
4774	  9,5460000000e+03	  1,62571e-01	 -1,32779e-02
4775	  9,5480000000e+03	  1,59431e-01	 -1,57744e-02
4776	  9,5500000000e+03	  1,61808e-01	 -1,50280e-02
4777	  9,5520000000e+03	  1,63745e-01	 -1,27883e-02
4778	  9,5540000000e+03	  1,65263e-01	 -1,30615e-02
4779	  9,5560000000e+03	  1,67018e-01	 -1,60849e-02
4780	  9,5580000000e+03	  1,67262e-01	 -1,70027e-02
4781	  9,5600000000e+03	  1,67819e-01	 -1,99730e-02
4782	  9,5620000000e+03	  1,68266e-01	 -2,30988e-02
4783	  9,5640000000e+03	  1,67838e-01	 -2,35042e-02
4784	  9,5660000000e+03	  1,67882e-01	 -2,26119e-02
4785	  9,5680000000e+03	  1,67385e-01	 -2,51346e-02
4786	  9,5700000000e+03	  1,64594e-01	 -2,72314e-02
4787	  9,5720000000e+03	  1,66035e-01	 -2,71303e-02
4788	  9,5740000000e+03	  1,66299e-01	 -2,72086e-02
4789	  9,5760000000e+03	  1,67542e-01	 -2,80378e-02
4790	  9,5780000000e+03	  1,69352e-01	 -3,01881e-02
4791	  9,5800000000e+03	  1,68293e-01	 -3,14172e-02
4792	  9,5820000000e+03	  1,66885e-01	 -3,38960e-02
4793	  9,5840000000e+03	  1,66223e-01	 -3,72457e-02
4794	  9,5860000000e+03	  1,66777e-01	 -3,92572e-02
4795	  9,5880000000e+03	  1,67539e-01	 -3,99332e-02
4796	  9,5900000000e+03	  1,65906e-01	 -4,46279e-02
4797	  9,5920000000e+03	  1,65701e-01	 -4,55458e-02
4798	  9,5940000000e+03	  1,64663e-01	 -4,39941e-02
4799	  9,5960000000e+03	  1,64757e-01	 -4,79220e-02
4800	  9,5980000000e+03	  1,65027e-01	 -5,00562e-02
4801	  9,6000000000e+03	  1,63195e-01	 -4,98223e-02
4802	  9,6020000000e+03	  1,61640e-01	 -4,74627e-02
4803	  9,6040000000e+03	  1,62627e-01	 -4,88090e-02
4804	  9,6060000000e+03	  1,61365e-01	 -5,07151e-02
4805	  9,6080000000e+03	  1,63338e-01	 -5,34758e-02
4806	  9,6100000000e+03	  1,65429e-01	 -5,46631e-02
4807	  9,6120000000e+03	  1,64292e-01	 -5,44575e-02
4808	  9,6140000000e+03	  1,65096e-01	 -5,52471e-02
4809	  9,6160000000e+03	  1,64525e-01	 -5,45457e-02
4810	  9,6180000000e+03	  1,67445e-01	 -5,59991e-02
4811	  9,6200000000e+03	  1,68575e-01	 -6,05210e-02
4812	  9,6220000000e+03	  1,68051e-01	 -6,43133e-02
4813	  9,6240000000e+03	  1,64668e-01	 -6,69452e-02
4814	  9,6260000000e+03	  1,63927e-01	 -6,87582e-02
4815	  9,6280000000e+03	  1,65522e-01	 -6,96699e-02
4816	  9,6300000000e+03	  1,65405e-01	 -6,86431e-02
4817	  9,6320000000e+03	  1,63528e-01	 -7,00860e-02
4818	  9,6340000000e+03	  1,64068e-01	 -7,23523e-02
4819	  9,6360000000e+03	  1,64362e-01	 -7,40989e-02
4820	  9,6380000000e+03	  1,64659e-01	 -7,55195e-02
4821	  9,6400000000e+03	  1,66512e-01	 -7,82479e-02
4822	  9,6420000000e+03	  1,65431e-01	 -8,20453e-02
4823	  9,6440000000e+03	  1,63720e-01	 -8,34236e-02
4824	  9,6460000000e+03	  1,64330e-01	 -8,34396e-02
4825	  9,6480000000e+03	  1,63682e-01	 -8,51620e-02
4826	  9,6500000000e+03	  1,64828e-01	 -8,82539e-02
4827	  9,6520000000e+03	  1,66110e-01	 -8,87408e-02
4828	  9,6540000000e+03	  1,63751e-01	 -9,03444e-02
4829	  9,6560000000e+03	  1,65153e-01	 -9,21936e-02
4830	  9,6580000000e+03	  1,63807e-01	 -9,35619e-02
4831	  9,6600000000e+03	  1,61878e-01	 -9,73110e-02
4832	  9,6620000000e+03	  1,62526e-01	 -9,87818e-02
4833	  9,6640000000e+03	  1,60246e-01	 -1,00140e-01
4834	  9,6660000000e+03	  1,59749e-01	 -1,02559e-01
4835	  9,6680000000e+03	  1,59889e-01	 -1,07729e-01
4836	  9,6700000000e+03	  1,59126e-01	 -1,09172e-01
4837	  9,6720000000e+03	  1,56809e-01	 -1,08849e-01
4838	  9,6740000000e+03	  1,56857e-01	 -1,12505e-01
4839	  9,6760000000e+03	  1,55410e-01	 -1,14459e-01
4840	  9,6780000000e+03	  1,54858e-01	 -1,13691e-01
4841	  9,6800000000e+03	  1,55625e-01	 -1,17770e-01
4842	  9,6820000000e+03	  1,53318e-01	 -1,19907e-01
4843	  9,6840000000e+03	  1,50515e-01	 -1,19843e-01
4844	  9,6860000000e+03	  1,47078e-01	 -1,22687e-01
4845	  9,6880000000e+03	  1,47351e-01	 -1,26132e-01
4846	  9,6900000000e+03	  1,44997e-01	 -1,27290e-01
4847	  9,6920000000e+03	  1,45087e-01	 -1,28358e-01
4848	  9,6940000000e+03	  1,41431e-01	 -1,31405e-01
4849	  9,6960000000e+03	  1,42929e-01	 -1,32782e-01
4850	  9,6980000000e+03	  1,42567e-01	 -1,31584e-01
4851	  9,7000000000e+03	  1,41461e-01	 -1,33929e-01
4852	  9,7020000000e+03	  1,40341e-01	 -1,33773e-01
4853	  9,7040000000e+03	  1,39656e-01	 -1,36107e-01
4854	  9,7060000000e+03	  1,38040e-01	 -1,37234e-01
4855	  9,7080000000e+03	  1,36077e-01	 -1,40354e-01
4856	  9,7100000000e+03	  1,33600e-01	 -1,41874e-01
4857	  9,7120000000e+03	  1,33627e-01	 -1,41347e-01
4858	  9,7140000000e+03	  1,33426e-01	 -1,43687e-01
4859	  9,7160000000e+03	  1,33771e-01	 -1,46712e-01
4860	  9,7180000000e+03	  1,31373e-01	 -1,48162e-01
4861	  9,7200000000e+03	  1,31373e-01	 -1,49262e-01
4862	  9,7220000000e+03	  1,29268e-01	 -1,49878e-01
4863	  9,7240000000e+03	  1,28893e-01	 -1,48205e-01
4864	  9,7260000000e+03	  1,28019e-01	 -1,48710e-01
4865	  9,7280000000e+03	  1,26823e-01	 -1,51606e-01
4866	  9,7300000000e+03	  1,28673e-01	 -1,53743e-01
4867	  9,7320000000e+03	  1,24584e-01	 -1,56946e-01
4868	  9,7340000000e+03	  1,20737e-01	 -1,59132e-01
4869	  9,7360000000e+03	  1,19167e-01	 -1,59696e-01
4870	  9,7380000000e+03	  1,20795e-01	 -1,58763e-01
4871	  9,7400000000e+03	  1,18684e-01	 -1,60073e-01
4872	  9,7420000000e+03	  1,15802e-01	 -1,62113e-01
4873	  9,7440000000e+03	  1,12655e-01	 -1,63633e-01
4874	  9,7460000000e+03	  1,11501e-01	 -1,65942e-01
4875	  9,7480000000e+03	  1,12311e-01	 -1,66986e-01
4876	  9,7500000000e+03	  1,11746e-01	 -1,69700e-01
4877	  9,7520000000e+03	  1,11579e-01	 -1,71236e-01
4878	  9,7540000000e+03	  1,07255e-01	 -1,71865e-01
4879	  9,7560000000e+03	  1,07153e-01	 -1,71868e-01
4880	  9,7580000000e+03	  1,07556e-01	 -1,72980e-01
4881	  9,7600000000e+03	  1,06865e-01	 -1,74960e-01
4882	  9,7620000000e+03	  1,04668e-01	 -1,75229e-01
4883	  9,7640000000e+03	  1,02191e-01	 -1,77516e-01
4884	  9,7660000000e+03	  9,94594e-02	 -1,77943e-01
4885	  9,7680000000e+03	  9,90645e-02	 -1,80956e-01
4886	  9,7700000000e+03	  9,59557e-02	 -1,83823e-01
4887	  9,7720000000e+03	  9,20773e-02	 -1,85285e-01
4888	  9,7740000000e+03	  9,08750e-02	 -1,85995e-01
4889	  9,7760000000e+03	  9,04758e-02	 -1,87722e-01
4890	  9,7780000000e+03	  8,92117e-02	 -1,89369e-01
4891	  9,7800000000e+03	  8,80147e-02	 -1,90256e-01
4892	  9,7820000000e+03	  8,48278e-02	 -1,91861e-01
4893	  9,7840000000e+03	  8,19739e-02	 -1,92031e-01
4894	  9,7860000000e+03	  8,17602e-02	 -1,91585e-01
4895	  9,7880000000e+03	  8,04109e-02	 -1,95425e-01
4896	  9,7900000000e+03	  7,68163e-02	 -1,95518e-01
4897	  9,7920000000e+03	  7,84325e-02	 -1,95183e-01
4898	  9,7940000000e+03	  7,51796e-02	 -1,95860e-01
4899	  9,7960000000e+03	  7,02323e-02	 -1,97442e-01
4900	  9,7980000000e+03	  6,93122e-02	 -1,99177e-01
4901	  9,8000000000e+03	  6,68596e-02	 -1,95706e-01
4902	  9,8020000000e+03	  6,61501e-02	 -1,95552e-01
4903	  9,8040000000e+03	  6,47193e-02	 -1,99600e-01
4904	  9,8060000000e+03	  6,02222e-02	 -1,97737e-01
4905	  9,8080000000e+03	  5,57386e-02	 -1,96752e-01
4906	  9,8100000000e+03	  5,32104e-02	 -1,99079e-01
4907	  9,8120000000e+03	  5,01517e-02	 -2,01391e-01
4908	  9,8140000000e+03	  5,35135e-02	 -2,01861e-01
4909	  9,8160000000e+03	  5,22280e-02	 -2,01281e-01
4910	  9,8180000000e+03	  4,75412e-02	 -2,03676e-01
4911	  9,8200000000e+03	  4,64731e-02	 -2,04204e-01
4912	  9,8220000000e+03	  4,65128e-02	 -2,04305e-01
4913	  9,8240000000e+03	  4,45140e-02	 -2,02597e-01
4914	  9,8260000000e+03	  4,23339e-02	 -2,03735e-01
4915	  9,8280000000e+03	  4,26077e-02	 -2,05803e-01
4916	  9,8300000000e+03	  4,20869e-02	 -2,05226e-01
4917	  9,8320000000e+03	  3,97321e-02	 -2,05768e-01
4918	  9,8340000000e+03	  3,62409e-02	 -2,08642e-01
4919	  9,8360000000e+03	  3,39783e-02	 -2,10132e-01
4920	  9,8380000000e+03	  3,22524e-02	 -2,09034e-01
4921	  9,8400000000e+03	  3,03756e-02	 -2,10204e-01
4922	  9,8420000000e+03	  2,86051e-02	 -2,10120e-01
4923	  9,8440000000e+03	  2,85328e-02	 -2,08455e-01
4924	  9,8460000000e+03	  2,79308e-02	 -2,10138e-01
4925	  9,8480000000e+03	  2,58431e-02	 -2,10965e-01
4926	  9,8500000000e+03	  2,49142e-02	 -2,13187e-01
4927	  9,8520000000e+03	  2,10484e-02	 -2,11807e-01
4928	  9,8540000000e+03	  1,80846e-02	 -2,11497e-01
4929	  9,8560000000e+03	  1,71722e-02	 -2,12941e-01
4930	  9,8580000000e+03	  1,42417e-02	 -2,13091e-01
4931	  9,8600000000e+03	  1,24656e-02	 -2,12652e-01
4932	  9,8620000000e+03	  8,68068e-03	 -2,14822e-01
4933	  9,8640000000e+03	  5,53747e-03	 -2,14537e-01
4934	  9,8660000000e+03	  3,46313e-03	 -2,15764e-01
4935	  9,8680000000e+03	  3,25357e-03	 -2,17015e-01
4936	  9,8700000000e+03	  1,29687e-03	 -2,13422e-01
4937	  9,8720000000e+03	 -4,97048e-04	 -2,13738e-01
4938	  9,8740000000e+03	 -2,81574e-03	 -2,15529e-01
4939	  9,8760000000e+03	 -9,20844e-04	 -2,16575e-01
4940	  9,8780000000e+03	 -7,68360e-04	 -2,15853e-01
4941	  9,8800000000e+03	 -2,13725e-03	 -2,14934e-01
4942	  9,8820000000e+03	 -6,88237e-03	 -2,17468e-01
4943	  9,8840000000e+03	 -9,78117e-03	 -2,20459e-01
4944	  9,8860000000e+03	 -1,20572e-02	 -2,20581e-01
4945	  9,8880000000e+03	 -1,44590e-02	 -2,20415e-01
4946	  9,8900000000e+03	 -1,44334e-02	 -2,20019e-01
4947	  9,8920000000e+03	 -1,74562e-02	 -2,18226e-01
4948	  9,8940000000e+03	 -1,82902e-02	 -2,19112e-01
4949	  9,8960000000e+03	 -2,36704e-02	 -2,21210e-01
4950	  9,8980000000e+03	 -2,97104e-02	 -2,21315e-01
4951	  9,9000000000e+03	 -2,87747e-02	 -2,21446e-01
4952	  9,9020000000e+03	 -3,07564e-02	 -2,22150e-01
4953	  9,9040000000e+03	 -3,39816e-02	 -2,22186e-01
4954	  9,9060000000e+03	 -3,48086e-02	 -2,20556e-01
4955	  9,9080000000e+03	 -3,57157e-02	 -2,19079e-01
4956	  9,9100000000e+03	 -3,88498e-02	 -2,20252e-01
4957	  9,9120000000e+03	 -4,35262e-02	 -2,19140e-01
4958	  9,9140000000e+03	 -4,49744e-02	 -2,16410e-01
4959	  9,9160000000e+03	 -4,88955e-02	 -2,16894e-01
4960	  9,9180000000e+03	 -4,94176e-02	 -2,16649e-01
4961	  9,9200000000e+03	 -5,24437e-02	 -2,14155e-01
4962	  9,9220000000e+03	 -5,52314e-02	 -2,12010e-01
4963	  9,9240000000e+03	 -5,67305e-02	 -2,10597e-01
4964	  9,9260000000e+03	 -5,88922e-02	 -2,12894e-01
4965	  9,9280000000e+03	 -5,98960e-02	 -2,12760e-01
4966	  9,9300000000e+03	 -5,81510e-02	 -2,11882e-01
4967	  9,9320000000e+03	 -5,88656e-02	 -2,11556e-01
4968	  9,9340000000e+03	 -6,32964e-02	 -2,11317e-01
4969	  9,9360000000e+03	 -6,56411e-02	 -2,10676e-01
4970	  9,9380000000e+03	 -6,57917e-02	 -2,10231e-01
4971	  9,9400000000e+03	 -6,70691e-02	 -2,11664e-01
4972	  9,9420000000e+03	 -6,76589e-02	 -2,10857e-01
4973	  9,9440000000e+03	 -7,24974e-02	 -2,11093e-01
4974	  9,9460000000e+03	 -7,48021e-02	 -2,11244e-01
4975	  9,9480000000e+03	 -7,45606e-02	 -2,11194e-01
4976	  9,9500000000e+03	 -7,65387e-02	 -2,09258e-01
4977	  9,9520000000e+03	 -7,82902e-02	 -2,08536e-01
4978	  9,9540000000e+03	 -8,08616e-02	 -2,08703e-01
4979	  9,9560000000e+03	 -8,31788e-02	 -2,08574e-01
4980	  9,9580000000e+03	 -8,35461e-02	 -2,08275e-01
4981	  9,9600000000e+03	 -8,54433e-02	 -2,07292e-01
4982	  9,9620000000e+03	 -8,85141e-02	 -2,06876e-01
4983	  9,9640000000e+03	 -9,09626e-02	 -2,06257e-01
4984	  9,9660000000e+03	 -9,27337e-02	 -2,06001e-01
4985	  9,9680000000e+03	 -9,30328e-02	 -2,07271e-01
4986	  9,9700000000e+03	 -9,50224e-02	 -2,06701e-01
4987	  9,9720000000e+03	 -9,64852e-02	 -2,05884e-01
4988	  9,9740000000e+03	 -1,00030e-01	 -2,08355e-01
4989	  9,9760000000e+03	 -1,03536e-01	 -2,08705e-01
4990	  9,9780000000e+03	 -1,03930e-01	 -2,08128e-01
4991	  9,9800000000e+03	 -1,04684e-01	 -2,06287e-01
4992	  9,9820000000e+03	 -1,09059e-01	 -2,04625e-01
4993	  9,9840000000e+03	 -1,12509e-01	 -2,05299e-01
4994	  9,9860000000e+03	 -1,14758e-01	 -2,04710e-01
4995	  9,9880000000e+03	 -1,15484e-01	 -2,01753e-01
4996	  9,9900000000e+03	 -1,19063e-01	 -2,01859e-01
4997	  9,9920000000e+03	 -1,22648e-01	 -2,03018e-01
4998	  9,9940000000e+03	 -1,23089e-01	 -2,04476e-01
4999	  9,9960000000e+03	 -1,23277e-01	 -2,02683e-01
5000	  9,9980000000e+03	 -1,27670e-01	 -2,00937e-01
5001	  1,0000000000e+04	 -1,30574e-01	 -2,03655e-01
5002	  1,0002000000e+04	 -1,33876e-01	 -2,01192e-01
5003	  1,0004000000e+04	 -1,34294e-01	 -1,97778e-01
5004	  1,0006000000e+04	 -1,32544e-01	 -1,97336e-01
5005	  1,0008000000e+04	 -1,36800e-01	 -1,95499e-01
5006	  1,0010000000e+04	 -1,42449e-01	 -1,93440e-01
5007	  1,0012000000e+04	 -1,43928e-01	 -1,94346e-01
5008	  1,0014000000e+04	 -1,45979e-01	 -1,95848e-01
5009	  1,0016000000e+04	 -1,49654e-01	 -1,95749e-01
5010	  1,0018000000e+04	 -1,49332e-01	 -1,94055e-01
5011	  1,0020000000e+04	 -1,51800e-01	 -1,92545e-01
5012	  1,0022000000e+04	 -1,53620e-01	 -1,90014e-01
5013	  1,0024000000e+04	 -1,57849e-01	 -1,87891e-01
5014	  1,0026000000e+04	 -1,61086e-01	 -1,85377e-01
5015	  1,0028000000e+04	 -1,61916e-01	 -1,82754e-01
5016	  1,0030000000e+04	 -1,63701e-01	 -1,83489e-01
5017	  1,0032000000e+04	 -1,63027e-01	 -1,82119e-01
5018	  1,0034000000e+04	 -1,65767e-01	 -1,81279e-01
5019	  1,0036000000e+04	 -1,71813e-01	 -1,81774e-01
5020	  1,0038000000e+04	 -1,74512e-01	 -1,83605e-01
5021	  1,0040000000e+04	 -1,75418e-01	 -1,80240e-01
5022	  1,0042000000e+04	 -1,73921e-01	 -1,80513e-01
5023	  1,0044000000e+04	 -1,77134e-01	 -1,78481e-01
5024	  1,0046000000e+04	 -1,78863e-01	 -1,73967e-01
5025	  1,0048000000e+04	 -1,80831e-01	 -1,73601e-01
5026	  1,0050000000e+04	 -1,84268e-01	 -1,74163e-01
5027	  1,0052000000e+04	 -1,86473e-01	 -1,71150e-01
5028	  1,0054000000e+04	 -1,88727e-01	 -1,70089e-01
5029	  1,0056000000e+04	 -1,91903e-01	 -1,69068e-01
5030	  1,0058000000e+04	 -1,94278e-01	 -1,67629e-01
5031	  1,0060000000e+04	 -1,96113e-01	 -1,64502e-01
5032	  1,0062000000e+04	 -1,98994e-01	 -1,63240e-01
5033	  1,0064000000e+04	 -2,01622e-01	 -1,62633e-01
5034	  1,0066000000e+04	 -2,01071e-01	 -1,59839e-01
5035	  1,0068000000e+04	 -2,04980e-01	 -1,58169e-01
5036	  1,0070000000e+04	 -2,07589e-01	 -1,57943e-01
5037	  1,0072000000e+04	 -2,10898e-01	 -1,56156e-01
5038	  1,0074000000e+04	 -2,14047e-01	 -1,52351e-01
5039	  1,0076000000e+04	 -2,15753e-01	 -1,50669e-01
5040	  1,0078000000e+04	 -2,15753e-01	 -1,48401e-01
5041	  1,0080000000e+04	 -2,17474e-01	 -1,46790e-01
5042	  1,0082000000e+04	 -2,20053e-01	 -1,42503e-01
5043	  1,0084000000e+04	 -2,23868e-01	 -1,37673e-01
5044	  1,0086000000e+04	 -2,22785e-01	 -1,36002e-01
5045	  1,0088000000e+04	 -2,27339e-01	 -1,38042e-01
5046	  1,0090000000e+04	 -2,30937e-01	 -1,36247e-01
5047	  1,0092000000e+04	 -2,33661e-01	 -1,31083e-01
5048	  1,0094000000e+04	 -2,34351e-01	 -1,29509e-01
5049	  1,0096000000e+04	 -2,33096e-01	 -1,27293e-01
5050	  1,0098000000e+04	 -2,34208e-01	 -1,24765e-01
5051	  1,0100000000e+04	 -2,36182e-01	 -1,23047e-01
5052	  1,0102000000e+04	 -2,37190e-01	 -1,20829e-01
5053	  1,0104000000e+04	 -2,38161e-01	 -1,20506e-01
5054	  1,0106000000e+04	 -2,40148e-01	 -1,18848e-01
5055	  1,0108000000e+04	 -2,42840e-01	 -1,15401e-01
5056	  1,0110000000e+04	 -2,43007e-01	 -1,13247e-01
5057	  1,0112000000e+04	 -2,45245e-01	 -1,11773e-01
5058	  1,0114000000e+04	 -2,47658e-01	 -1,07997e-01
5059	  1,0116000000e+04	 -2,48924e-01	 -1,04698e-01
5060	  1,0118000000e+04	 -2,51563e-01	 -1,02363e-01
5061	  1,0120000000e+04	 -2,53967e-01	 -1,01995e-01
5062	  1,0122000000e+04	 -2,56329e-01	 -9,94121e-02
5063	  1,0124000000e+04	 -2,57482e-01	 -9,45154e-02
5064	  1,0126000000e+04	 -2,59373e-01	 -8,90315e-02
5065	  1,0128000000e+04	 -2,60869e-01	 -8,77470e-02
5066	  1,0130000000e+04	 -2,61257e-01	 -8,91877e-02
5067	  1,0132000000e+04	 -2,64998e-01	 -8,70930e-02
5068	  1,0134000000e+04	 -2,66312e-01	 -8,35651e-02
5069	  1,0136000000e+04	 -2,68163e-01	 -7,90529e-02
5070	  1,0138000000e+04	 -2,71056e-01	 -7,54735e-02
5071	  1,0140000000e+04	 -2,74580e-01	 -7,16386e-02
5072	  1,0142000000e+04	 -2,72493e-01	 -6,77242e-02
5073	  1,0144000000e+04	 -2,71835e-01	 -6,36893e-02
5074	  1,0146000000e+04	 -2,73883e-01	 -6,14117e-02
5075	  1,0148000000e+04	 -2,74192e-01	 -5,96358e-02
5076	  1,0150000000e+04	 -2,71105e-01	 -5,61538e-02
5077	  1,0152000000e+04	 -2,72523e-01	 -5,08464e-02
5078	  1,0154000000e+04	 -2,73968e-01	 -4,96053e-02
5079	  1,0156000000e+04	 -2,73715e-01	 -4,74582e-02
5080	  1,0158000000e+04	 -2,74947e-01	 -4,22029e-02
5081	  1,0160000000e+04	 -2,77317e-01	 -4,01031e-02
5082	  1,0162000000e+04	 -2,80430e-01	 -3,85469e-02
5083	  1,0164000000e+04	 -2,82323e-01	 -3,56352e-02
5084	  1,0166000000e+04	 -2,81040e-01	 -3,23888e-02
5085	  1,0168000000e+04	 -2,80627e-01	 -2,92800e-02
5086	  1,0170000000e+04	 -2,83513e-01	 -2,84419e-02
5087	  1,0172000000e+04	 -2,85704e-01	 -2,58623e-02
5088	  1,0174000000e+04	 -2,85720e-01	 -2,21735e-02
5089	  1,0176000000e+04	 -2,86098e-01	 -1,72234e-02
5090	  1,0178000000e+04	 -2,85586e-01	 -1,53043e-02
5091	  1,0180000000e+04	 -2,89482e-01	 -1,37401e-02
5092	  1,0182000000e+04	 -2,90583e-01	 -1,14750e-02
5093	  1,0184000000e+04	 -2,91268e-01	 -6,53886e-03
5094	  1,0186000000e+04	 -2,89067e-01	 -6,45044e-04
5095	  1,0188000000e+04	 -2,88867e-01	  3,09750e-03
5096	  1,0190000000e+04	 -2,89890e-01	  3,90724e-03
5097	  1,0192000000e+04	 -2,90842e-01	  8,07998e-03
5098	  1,0194000000e+04	 -2,92660e-01	  1,09886e-02
5099	  1,0196000000e+04	 -2,92349e-01	  1,53910e-02
5100	  1,0198000000e+04	 -2,90163e-01	  1,92359e-02
5101	  1,0200000000e+04	 -2,89274e-01	  2,37521e-02
5102	  1,0202000000e+04	 -2,89833e-01	  2,61764e-02
5103	  1,0204000000e+04	 -2,90662e-01	  2,93972e-02
5104	  1,0206000000e+04	 -2,89058e-01	  3,34518e-02
5105	  1,0208000000e+04	 -2,89618e-01	  3,80317e-02
5106	  1,0210000000e+04	 -2,89433e-01	  4,20687e-02
5107	  1,0212000000e+04	 -2,90573e-01	  4,45133e-02
5108	  1,0214000000e+04	 -2,92164e-01	  4,76911e-02
5109	  1,0216000000e+04	 -2,92720e-01	  5,08939e-02
5110	  1,0218000000e+04	 -2,91548e-01	  5,37714e-02
5111	  1,0220000000e+04	 -2,89527e-01	  5,61597e-02
5112	  1,0222000000e+04	 -2,90457e-01	  5,90339e-02
5113	  1,0224000000e+04	 -2,90318e-01	  6,10530e-02
5114	  1,0226000000e+04	 -2,90517e-01	  6,60321e-02
5115	  1,0228000000e+04	 -2,90503e-01	  6,89883e-02
5116	  1,0230000000e+04	 -2,89611e-01	  7,36970e-02
5117	  1,0232000000e+04	 -2,87535e-01	  7,70645e-02
5118	  1,0234000000e+04	 -2,87317e-01	  8,09235e-02
5119	  1,0236000000e+04	 -2,87259e-01	  8,49793e-02
5120	  1,0238000000e+04	 -2,86538e-01	  8,81700e-02
5121	  1,0240000000e+04	 -2,83657e-01	  9,26641e-02
5122	  1,0242000000e+04	 -2,83678e-01	  9,56974e-02
5123	  1,0244000000e+04	 -2,87403e-01	  9,85601e-02
5124	  1,0246000000e+04	 -2,86124e-01	  1,00207e-01
5125	  1,0248000000e+04	 -2,87346e-01	  1,05801e-01
5126	  1,0250000000e+04	 -2,84751e-01	  1,10147e-01
5127	  1,0252000000e+04	 -2,80704e-01	  1,13055e-01
5128	  1,0254000000e+04	 -2,79801e-01	  1,18558e-01
5129	  1,0256000000e+04	 -2,79658e-01	  1,23510e-01
5130	  1,0258000000e+04	 -2,77027e-01	  1,26833e-01
5131	  1,0260000000e+04	 -2,74345e-01	  1,28904e-01
5132	  1,0262000000e+04	 -2,74320e-01	  1,31303e-01
5133	  1,0264000000e+04	 -2,73525e-01	  1,35644e-01
5134	  1,0266000000e+04	 -2,72702e-01	  1,40821e-01
5135	  1,0268000000e+04	 -2,70483e-01	  1,45766e-01
5136	  1,0270000000e+04	 -2,67680e-01	  1,48499e-01
5137	  1,0272000000e+04	 -2,66563e-01	  1,51262e-01
5138	  1,0274000000e+04	 -2,63262e-01	  1,53633e-01
5139	  1,0276000000e+04	 -2,61398e-01	  1,57692e-01
5140	  1,0278000000e+04	 -2,59274e-01	  1,61763e-01
5141	  1,0280000000e+04	 -2,56605e-01	  1,64862e-01
5142	  1,0282000000e+04	 -2,55768e-01	  1,67896e-01
5143	  1,0284000000e+04	 -2,54714e-01	  1,70816e-01
5144	  1,0286000000e+04	 -2,50011e-01	  1,74556e-01
5145	  1,0288000000e+04	 -2,45202e-01	  1,76403e-01
5146	  1,0290000000e+04	 -2,44448e-01	  1,78636e-01
5147	  1,0292000000e+04	 -2,44836e-01	  1,82738e-01
5148	  1,0294000000e+04	 -2,38556e-01	  1,85460e-01
5149	  1,0296000000e+04	 -2,35019e-01	  1,87857e-01
5150	  1,0298000000e+04	 -2,35775e-01	  1,91413e-01
5151	  1,0300000000e+04	 -2,32632e-01	  1,92770e-01
5152	  1,0302000000e+04	 -2,27349e-01	  1,99169e-01
5153	  1,0304000000e+04	 -2,24628e-01	  2,03515e-01
5154	  1,0306000000e+04	 -2,24234e-01	  2,04089e-01
5155	  1,0308000000e+04	 -2,20358e-01	  2,08146e-01
5156	  1,0310000000e+04	 -2,18965e-01	  2,09697e-01
5157	  1,0312000000e+04	 -2,18259e-01	  2,10614e-01
5158	  1,0314000000e+04	 -2,14114e-01	  2,12171e-01
5159	  1,0316000000e+04	 -2,11367e-01	  2,13411e-01
5160	  1,0318000000e+04	 -2,08529e-01	  2,15739e-01
5161	  1,0320000000e+04	 -2,07685e-01	  2,19307e-01
5162	  1,0322000000e+04	 -2,05788e-01	  2,22404e-01
5163	  1,0324000000e+04	 -2,01950e-01	  2,26369e-01
5164	  1,0326000000e+04	 -1,97407e-01	  2,29527e-01
5165	  1,0328000000e+04	 -1,93751e-01	  2,30625e-01
5166	  1,0330000000e+04	 -1,91204e-01	  2,33862e-01
5167	  1,0332000000e+04	 -1,88926e-01	  2,35114e-01
5168	  1,0334000000e+04	 -1,86298e-01	  2,37414e-01
5169	  1,0336000000e+04	 -1,83399e-01	  2,39305e-01
5170	  1,0338000000e+04	 -1,81180e-01	  2,41740e-01
5171	  1,0340000000e+04	 -1,79186e-01	  2,43104e-01
5172	  1,0342000000e+04	 -1,73996e-01	  2,45418e-01
5173	  1,0344000000e+04	 -1,67938e-01	  2,47684e-01
5174	  1,0346000000e+04	 -1,68194e-01	  2,47503e-01
5175	  1,0348000000e+04	 -1,64181e-01	  2,49922e-01
5176	  1,0350000000e+04	 -1,60880e-01	  2,53208e-01
5177	  1,0352000000e+04	 -1,59252e-01	  2,54768e-01
5178	  1,0354000000e+04	 -1,54569e-01	  2,57209e-01
5179	  1,0356000000e+04	 -1,49133e-01	  2,58262e-01
5180	  1,0358000000e+04	 -1,45366e-01	  2,59500e-01
5181	  1,0360000000e+04	 -1,40565e-01	  2,62595e-01
5182	  1,0362000000e+04	 -1,37112e-01	  2,63787e-01
5183	  1,0364000000e+04	 -1,35652e-01	  2,65446e-01
5184	  1,0366000000e+04	 -1,33721e-01	  2,66523e-01
5185	  1,0368000000e+04	 -1,30025e-01	  2,68243e-01
5186	  1,0370000000e+04	 -1,25508e-01	  2,68210e-01
5187	  1,0372000000e+04	 -1,21111e-01	  2,67568e-01
5188	  1,0374000000e+04	 -1,17267e-01	  2,68223e-01
5189	  1,0376000000e+04	 -1,13867e-01	  2,70305e-01
5190	  1,0378000000e+04	 -1,11519e-01	  2,71195e-01
5191	  1,0380000000e+04	 -1,06973e-01	  2,70415e-01
5192	  1,0382000000e+04	 -1,02775e-01	  2,72177e-01
5193	  1,0384000000e+04	 -9,74565e-02	  2,73299e-01
5194	  1,0386000000e+04	 -9,55622e-02	  2,73995e-01
5195	  1,0388000000e+04	 -9,39360e-02	  2,76532e-01
5196	  1,0390000000e+04	 -9,04811e-02	  2,76078e-01
5197	  1,0392000000e+04	 -8,61555e-02	  2,76133e-01
5198	  1,0394000000e+04	 -8,54705e-02	  2,78171e-01
5199	  1,0396000000e+04	 -8,56147e-02	  2,78743e-01
5200	  1,0398000000e+04	 -8,17502e-02	  2,79162e-01
5201	  1,0400000000e+04	 -7,38464e-02	  2,79624e-01
5202	  1,0402000000e+04	 -6,73102e-02	  2,81341e-01
5203	  1,0404000000e+04	 -6,38696e-02	  2,80521e-01
5204	  1,0406000000e+04	 -6,11806e-02	  2,80367e-01
5205	  1,0408000000e+04	 -5,56325e-02	  2,80398e-01
5206	  1,0410000000e+04	 -5,25296e-02	  2,82012e-01
5207	  1,0412000000e+04	 -5,04197e-02	  2,82460e-01
5208	  1,0414000000e+04	 -4,60652e-02	  2,81874e-01
5209	  1,0416000000e+04	 -4,23902e-02	  2,81644e-01
5210	  1,0418000000e+04	 -3,87799e-02	  2,78226e-01
5211	  1,0420000000e+04	 -3,17589e-02	  2,76345e-01
5212	  1,0422000000e+04	 -3,14386e-02	  2,78978e-01
5213	  1,0424000000e+04	 -2,62187e-02	  2,80094e-01
5214	  1,0426000000e+04	 -1,94355e-02	  2,77385e-01
5215	  1,0428000000e+04	 -1,86788e-02	  2,75566e-01
5216	  1,0430000000e+04	 -1,88670e-02	  2,73493e-01
5217	  1,0432000000e+04	 -1,47837e-02	  2,73219e-01
5218	  1,0434000000e+04	 -1,19967e-02	  2,76019e-01
5219	  1,0436000000e+04	 -9,18283e-03	  2,75900e-01
5220	  1,0438000000e+04	 -4,16703e-03	  2,72576e-01
5221	  1,0440000000e+04	 -1,82296e-03	  2,71309e-01
5222	  1,0442000000e+04	 -4,51948e-04	  2,74339e-01
5223	  1,0444000000e+04	  2,49140e-03	  2,71315e-01
5224	  1,0446000000e+04	  3,46633e-03	  2,71553e-01
5225	  1,0448000000e+04	  9,57072e-03	  2,70973e-01
5226	  1,0450000000e+04	  1,45846e-02	  2,70329e-01
5227	  1,0452000000e+04	  1,52071e-02	  2,72659e-01
5228	  1,0454000000e+04	  1,99355e-02	  2,70173e-01
5229	  1,0456000000e+04	  2,23750e-02	  2,70021e-01
5230	  1,0458000000e+04	  2,20058e-02	  2,70822e-01
5231	  1,0460000000e+04	  2,49504e-02	  2,67123e-01
5232	  1,0462000000e+04	  3,40348e-02	  2,66008e-01
5233	  1,0464000000e+04	  3,82329e-02	  2,69060e-01
5234	  1,0466000000e+04	  4,04561e-02	  2,66318e-01
5235	  1,0468000000e+04	  4,34817e-02	  2,63519e-01
5236	  1,0470000000e+04	  4,78867e-02	  2,61499e-01
5237	  1,0472000000e+04	  5,08036e-02	  2,57665e-01
5238	  1,0474000000e+04	  5,21511e-02	  2,56391e-01
5239	  1,0476000000e+04	  5,63092e-02	  2,57754e-01
5240	  1,0478000000e+04	  5,78903e-02	  2,56291e-01
5241	  1,0480000000e+04	  6,06536e-02	  2,53447e-01
5242	  1,0482000000e+04	  6,16336e-02	  2,51768e-01
5243	  1,0484000000e+04	  6,46248e-02	  2,49796e-01
5244	  1,0486000000e+04	  6,66634e-02	  2,46395e-01
5245	  1,0488000000e+04	  7,09213e-02	  2,44818e-01
5246	  1,0490000000e+04	  7,48348e-02	  2,45093e-01
5247	  1,0492000000e+04	  7,71592e-02	  2,45188e-01
5248	  1,0494000000e+04	  7,95862e-02	  2,45451e-01
5249	  1,0496000000e+04	  8,05844e-02	  2,40906e-01
5250	  1,0498000000e+04	  8,32673e-02	  2,39528e-01
5251	  1,0500000000e+04	  8,59162e-02	  2,37991e-01
5252	  1,0502000000e+04	  8,95679e-02	  2,35451e-01
5253	  1,0504000000e+04	  9,26952e-02	  2,31176e-01
5254	  1,0506000000e+04	  9,42528e-02	  2,29645e-01
5255	  1,0508000000e+04	  9,66048e-02	  2,32725e-01
5256	  1,0510000000e+04	  1,00697e-01	  2,30323e-01
5257	  1,0512000000e+04	  1,01751e-01	  2,27339e-01
5258	  1,0514000000e+04	  1,05018e-01	  2,25309e-01
5259	  1,0516000000e+04	  1,06985e-01	  2,21799e-01
5260	  1,0518000000e+04	  1,06538e-01	  2,21067e-01
5261	  1,0520000000e+04	  1,08702e-01	  2,20130e-01
5262	  1,0522000000e+04	  1,11965e-01	  2,17352e-01
5263	  1,0524000000e+04	  1,18060e-01	  2,15413e-01
5264	  1,0526000000e+04	  1,22158e-01	  2,11270e-01
5265	  1,0528000000e+04	  1,23081e-01	  2,09954e-01
5266	  1,0530000000e+04	  1,25334e-01	  2,06933e-01
5267	  1,0532000000e+04	  1,27889e-01	  2,03230e-01
5268	  1,0534000000e+04	  1,28771e-01	  2,03503e-01
5269	  1,0536000000e+04	  1,32670e-01	  2,00995e-01
5270	  1,0538000000e+04	  1,36282e-01	  1,95323e-01
5271	  1,0540000000e+04	  1,34866e-01	  1,92809e-01
5272	  1,0542000000e+04	  1,36463e-01	  1,88836e-01
5273	  1,0544000000e+04	  1,40772e-01	  1,85193e-01
5274	  1,0546000000e+04	  1,44343e-01	  1,85686e-01
5275	  1,0548000000e+04	  1,43949e-01	  1,80512e-01
5276	  1,0550000000e+04	  1,44420e-01	  1,75568e-01
5277	  1,0552000000e+04	  1,43703e-01	  1,72503e-01
5278	  1,0554000000e+04	  1,43231e-01	  1,68132e-01
5279	  1,0556000000e+04	  1,42505e-01	  1,65472e-01
5280	  1,0558000000e+04	  1,45500e-01	  1,65642e-01
5281	  1,0560000000e+04	  1,49101e-01	  1,62189e-01
5282	  1,0562000000e+04	  1,48335e-01	  1,59216e-01
5283	  1,0564000000e+04	  1,50553e-01	  1,55256e-01
5284	  1,0566000000e+04	  1,50355e-01	  1,52713e-01
5285	  1,0568000000e+04	  1,49043e-01	  1,48390e-01
5286	  1,0570000000e+04	  1,51833e-01	  1,45341e-01
5287	  1,0572000000e+04	  1,51410e-01	  1,42797e-01
5288	  1,0574000000e+04	  1,51876e-01	  1,38907e-01
5289	  1,0576000000e+04	  1,55341e-01	  1,39256e-01
5290	  1,0578000000e+04	  1,53284e-01	  1,37121e-01
5291	  1,0580000000e+04	  1,51755e-01	  1,33314e-01
5292	  1,0582000000e+04	  1,52947e-01	  1,29399e-01
5293	  1,0584000000e+04	  1,51613e-01	  1,26396e-01
5294	  1,0586000000e+04	  1,55605e-01	  1,25094e-01
5295	  1,0588000000e+04	  1,56919e-01	  1,24789e-01
5296	  1,0590000000e+04	  1,54990e-01	  1,23312e-01
5297	  1,0592000000e+04	  1,55289e-01	  1,20276e-01
5298	  1,0594000000e+04	  1,54140e-01	  1,17045e-01
5299	  1,0596000000e+04	  1,55498e-01	  1,14788e-01
5300	  1,0598000000e+04	  1,56246e-01	  1,13080e-01
5301	  1,0600000000e+04	  1,56363e-01	  1,09116e-01
5302	  1,0602000000e+04	  1,54235e-01	  1,03610e-01
5303	  1,0604000000e+04	  1,54977e-01	  1,03747e-01
5304	  1,0606000000e+04	  1,55278e-01	  1,00686e-01
5305	  1,0608000000e+04	  1,55957e-01	  9,93100e-02
5306	  1,0610000000e+04	  1,53899e-01	  9,36966e-02
5307	  1,0612000000e+04	  1,53888e-01	  9,03785e-02
5308	  1,0614000000e+04	  1,53383e-01	  9,08543e-02
5309	  1,0616000000e+04	  1,53924e-01	  8,97574e-02
5310	  1,0618000000e+04	  1,54165e-01	  8,50885e-02
5311	  1,0620000000e+04	  1,52089e-01	  8,05509e-02
5312	  1,0622000000e+04	  1,50096e-01	  7,99277e-02
5313	  1,0624000000e+04	  1,50723e-01	  7,70594e-02
5314	  1,0626000000e+04	  1,50190e-01	  7,29190e-02
5315	  1,0628000000e+04	  1,48481e-01	  7,31311e-02
5316	  1,0630000000e+04	  1,47517e-01	  7,07499e-02
5317	  1,0632000000e+04	  1,46610e-01	  6,70908e-02
5318	  1,0634000000e+04	  1,45888e-01	  6,58762e-02
5319	  1,0636000000e+04	  1,46063e-01	  6,25379e-02
5320	  1,0638000000e+04	  1,45185e-01	  5,93742e-02
5321	  1,0640000000e+04	  1,42354e-01	  5,67665e-02
5322	  1,0642000000e+04	  1,37811e-01	  5,53408e-02
5323	  1,0644000000e+04	  1,36854e-01	  5,41672e-02
5324	  1,0646000000e+04	  1,36032e-01	  5,06652e-02
5325	  1,0648000000e+04	  1,34086e-01	  4,76143e-02
5326	  1,0650000000e+04	  1,31482e-01	  4,65682e-02
5327	  1,0652000000e+04	  1,28132e-01	  4,68169e-02
5328	  1,0654000000e+04	  1,25056e-01	  4,52708e-02
5329	  1,0656000000e+04	  1,21573e-01	  4,42794e-02
5330	  1,0658000000e+04	  1,19304e-01	  4,28297e-02
5331	  1,0660000000e+04	  1,20510e-01	  4,28254e-02
5332	  1,0662000000e+04	  1,18043e-01	  4,20213e-02
5333	  1,0664000000e+04	  1,16005e-01	  4,04398e-02
5334	  1,0666000000e+04	  1,15461e-01	  3,85585e-02
5335	  1,0668000000e+04	  1,11313e-01	  3,54367e-02
5336	  1,0670000000e+04	  1,07664e-01	  3,54907e-02
5337	  1,0672000000e+04	  1,05076e-01	  3,71334e-02
5338	  1,0674000000e+04	  1,05292e-01	  3,93631e-02
5339	  1,0676000000e+04	  1,06072e-01	  3,70320e-02
5340	  1,0678000000e+04	  1,02263e-01	  3,43565e-02
5341	  1,0680000000e+04	  9,90579e-02	  3,50039e-02
5342	  1,0682000000e+04	  9,67437e-02	  3,57166e-02
5343	  1,0684000000e+04	  9,27705e-02	  3,63168e-02
5344	  1,0686000000e+04	  9,22689e-02	  3,70578e-02
5345	  1,0688000000e+04	  8,93092e-02	  3,95295e-02
5346	  1,0690000000e+04	  8,61769e-02	  3,91664e-02
5347	  1,0692000000e+04	  8,39135e-02	  3,83073e-02
5348	  1,0694000000e+04	  8,35785e-02	  3,98318e-02
5349	  1,0696000000e+04	  7,84277e-02	  4,07677e-02
5350	  1,0698000000e+04	  7,62245e-02	  4,37067e-02
5351	  1,0700000000e+04	  7,58400e-02	  4,74716e-02
5352	  1,0702000000e+04	  7,36200e-02	  4,87619e-02
5353	  1,0704000000e+04	  7,21653e-02	  4,88116e-02
5354	  1,0706000000e+04	  7,15280e-02	  5,23682e-02
5355	  1,0708000000e+04	  7,16435e-02	  5,52307e-02
5356	  1,0710000000e+04	  6,82992e-02	  5,59707e-02
5357	  1,0712000000e+04	  6,83003e-02	  5,85491e-02
5358	  1,0714000000e+04	  7,09537e-02	  6,30953e-02
5359	  1,0716000000e+04	  7,27742e-02	  6,57461e-02
5360	  1,0718000000e+04	  7,46076e-02	  7,13970e-02
5361	  1,0720000000e+04	  7,34003e-02	  7,26884e-02
5362	  1,0722000000e+04	  7,26962e-02	  7,47276e-02
5363	  1,0724000000e+04	  7,38436e-02	  7,69166e-02
5364	  1,0726000000e+04	  7,67617e-02	  7,74236e-02
5365	  1,0728000000e+04	  8,02901e-02	  8,02475e-02
5366	  1,0730000000e+04	  8,40356e-02	  8,11329e-02
5367	  1,0732000000e+04	  8,80229e-02	  8,34665e-02
5368	  1,0734000000e+04	  8,96204e-02	  8,41665e-02
5369	  1,0736000000e+04	  9,15571e-02	  8,54799e-02
5370	  1,0738000000e+04	  9,61158e-02	  8,86555e-02
5371	  1,0740000000e+04	  9,89174e-02	  8,61456e-02
5372	  1,0742000000e+04	  9,89857e-02	  8,40278e-02
5373	  1,0744000000e+04	  9,96068e-02	  8,41511e-02
5374	  1,0746000000e+04	  1,01580e-01	  8,47976e-02
5375	  1,0748000000e+04	  1,04471e-01	  8,14203e-02
5376	  1,0750000000e+04	  1,03706e-01	  7,93916e-02
5377	  1,0752000000e+04	  1,03841e-01	  7,61482e-02
5378	  1,0754000000e+04	  1,06275e-01	  7,60336e-02
5379	  1,0756000000e+04	  1,08284e-01	  7,60758e-02
5380	  1,0758000000e+04	  1,11694e-01	  7,40398e-02
5381	  1,0760000000e+04	  1,09529e-01	  7,16701e-02
5382	  1,0762000000e+04	  1,10232e-01	  7,15353e-02
5383	  1,0764000000e+04	  1,13330e-01	  7,29025e-02
5384	  1,0766000000e+04	  1,15888e-01	  7,42879e-02
5385	  1,0768000000e+04	  1,15508e-01	  7,08958e-02
5386	  1,0770000000e+04	  1,13895e-01	  6,89085e-02
5387	  1,0772000000e+04	  1,12677e-01	  6,50028e-02
5388	  1,0774000000e+04	  1,13023e-01	  6,36217e-02
5389	  1,0776000000e+04	  1,12396e-01	  6,24731e-02
5390	  1,0778000000e+04	  1,11890e-01	  6,26520e-02
5391	  1,0780000000e+04	  1,13870e-01	  6,33110e-02
5392	  1,0782000000e+04	  1,14036e-01	  6,20973e-02
5393	  1,0784000000e+04	  1,13884e-01	  6,10678e-02
5394	  1,0786000000e+04	  1,13541e-01	  6,21981e-02
5395	  1,0788000000e+04	  1,13291e-01	  6,11149e-02
5396	  1,0790000000e+04	  1,15770e-01	  6,21572e-02
5397	  1,0792000000e+04	  1,14239e-01	  5,86633e-02
5398	  1,0794000000e+04	  1,13145e-01	  5,79118e-02
5399	  1,0796000000e+04	  1,12998e-01	  6,04757e-02
5400	  1,0798000000e+04	  1,11274e-01	  5,98676e-02
5401	  1,0800000000e+04	  1,10928e-01	  6,13162e-02
5402	  1,0802000000e+04	  1,12763e-01	  6,02655e-02
5403	  1,0804000000e+04	  1,15357e-01	  5,97359e-02
5404	  1,0806000000e+04	  1,13071e-01	  6,11251e-02
5405	  1,0808000000e+04	  1,12058e-01	  5,99088e-02
5406	  1,0810000000e+04	  1,11638e-01	  6,08295e-02
5407	  1,0812000000e+04	  1,11814e-01	  6,05553e-02
5408	  1,0814000000e+04	  1,14045e-01	  5,95680e-02
5409	  1,0816000000e+04	  1,13364e-01	  6,18596e-02
5410	  1,0818000000e+04	  1,14160e-01	  6,30383e-02
5411	  1,0820000000e+04	  1,13954e-01	  6,15903e-02
5412	  1,0822000000e+04	  1,13392e-01	  6,06342e-02
5413	  1,0824000000e+04	  1,15481e-01	  6,11140e-02
5414	  1,0826000000e+04	  1,14489e-01	  5,87915e-02
5415	  1,0828000000e+04	  1,14390e-01	  6,11035e-02
5416	  1,0830000000e+04	  1,14500e-01	  6,22004e-02
5417	  1,0832000000e+04	  1,13513e-01	  6,06077e-02
5418	  1,0834000000e+04	  1,13592e-01	  6,26219e-02
5419	  1,0836000000e+04	  1,15985e-01	  6,25176e-02
5420	  1,0838000000e+04	  1,19441e-01	  6,44259e-02
5421	  1,0840000000e+04	  1,18144e-01	  6,52823e-02
5422	  1,0842000000e+04	  1,16414e-01	  6,55880e-02
5423	  1,0844000000e+04	  1,18816e-01	  6,37484e-02
5424	  1,0846000000e+04	  1,20421e-01	  6,25798e-02
5425	  1,0848000000e+04	  1,20938e-01	  6,66611e-02
5426	  1,0850000000e+04	  1,21496e-01	  6,62538e-02
5427	  1,0852000000e+04	  1,21917e-01	  6,54313e-02
5428	  1,0854000000e+04	  1,21659e-01	  6,76695e-02
5429	  1,0856000000e+04	  1,24744e-01	  6,83099e-02
5430	  1,0858000000e+04	  1,26349e-01	  6,90739e-02
5431	  1,0860000000e+04	  1,26995e-01	  7,03173e-02
5432	  1,0862000000e+04	  1,28290e-01	  7,00243e-02
5433	  1,0864000000e+04	  1,29507e-01	  7,15690e-02
5434	  1,0866000000e+04	  1,27784e-01	  7,17754e-02
5435	  1,0868000000e+04	  1,28759e-01	  7,08022e-02
5436	  1,0870000000e+04	  1,31493e-01	  6,99700e-02
5437	  1,0872000000e+04	  1,34515e-01	  6,95934e-02
5438	  1,0874000000e+04	  1,36703e-01	  7,07908e-02
5439	  1,0876000000e+04	  1,39613e-01	  7,23167e-02
5440	  1,0878000000e+04	  1,40795e-01	  7,08335e-02
5441	  1,0880000000e+04	  1,39783e-01	  7,09002e-02
5442	  1,0882000000e+04	  1,41363e-01	  7,02849e-02
5443	  1,0884000000e+04	  1,44788e-01	  7,10778e-02
5444	  1,0886000000e+04	  1,46328e-01	  7,18815e-02
5445	  1,0888000000e+04	  1,47241e-01	  7,12311e-02
5446	  1,0890000000e+04	  1,51694e-01	  7,08203e-02
5447	  1,0892000000e+04	  1,52196e-01	  7,06609e-02
5448	  1,0894000000e+04	  1,53312e-01	  7,07557e-02
5449	  1,0896000000e+04	  1,56429e-01	  7,10418e-02
5450	  1,0898000000e+04	  1,58430e-01	  7,08190e-02
5451	  1,0900000000e+04	  1,58410e-01	  7,02966e-02
5452	  1,0902000000e+04	  1,59202e-01	  7,13162e-02
5453	  1,0904000000e+04	  1,61693e-01	  7,23650e-02
5454	  1,0906000000e+04	  1,64703e-01	  6,89928e-02
5455	  1,0908000000e+04	  1,66147e-01	  6,97593e-02
5456	  1,0910000000e+04	  1,68392e-01	  6,70335e-02
5457	  1,0912000000e+04	  1,73554e-01	  6,74959e-02
5458	  1,0914000000e+04	  1,77007e-01	  6,59321e-02
5459	  1,0916000000e+04	  1,78141e-01	  6,47613e-02
5460	  1,0918000000e+04	  1,77889e-01	  6,53519e-02
5461	  1,0920000000e+04	  1,80752e-01	  6,65446e-02
5462	  1,0922000000e+04	  1,87422e-01	  6,37210e-02
5463	  1,0924000000e+04	  1,86265e-01	  6,49117e-02
5464	  1,0926000000e+04	  1,85858e-01	  6,49703e-02
5465	  1,0928000000e+04	  1,89195e-01	  6,35985e-02
5466	  1,0930000000e+04	  1,94726e-01	  6,35641e-02
5467	  1,0932000000e+04	  1,97695e-01	  6,12023e-02
5468	  1,0934000000e+04	  1,98328e-01	  5,74438e-02
5469	  1,0936000000e+04	  2,01866e-01	  5,71218e-02
5470	  1,0938000000e+04	  2,04799e-01	  5,49136e-02
5471	  1,0940000000e+04	  2,07377e-01	  5,43763e-02
5472	  1,0942000000e+04	  2,11108e-01	  5,10454e-02
5473	  1,0944000000e+04	  2,12392e-01	  5,13903e-02
5474	  1,0946000000e+04	  2,13919e-01	  5,14103e-02
5475	  1,0948000000e+04	  2,18647e-01	  4,86322e-02
5476	  1,0950000000e+04	  2,20716e-01	  4,68553e-02
5477	  1,0952000000e+04	  2,21748e-01	  4,31066e-02
5478	  1,0954000000e+04	  2,24730e-01	  3,95503e-02
5479	  1,0956000000e+04	  2,27884e-01	  3,76360e-02
5480	  1,0958000000e+04	  2,29294e-01	  3,50397e-02
5481	  1,0960000000e+04	  2,30741e-01	  3,24092e-02
5482	  1,0962000000e+04	  2,33397e-01	  2,92410e-02
5483	  1,0964000000e+04	  2,37551e-01	  2,74970e-02
5484	  1,0966000000e+04	  2,41693e-01	  2,30528e-02
5485	  1,0968000000e+04	  2,43732e-01	  1,82915e-02
5486	  1,0970000000e+04	  2,45829e-01	  1,52902e-02
5487	  1,0972000000e+04	  2,47607e-01	  1,21479e-02
5488	  1,0974000000e+04	  2,49780e-01	  9,98117e-03
5489	  1,0976000000e+04	  2,51998e-01	  5,27721e-03
5490	  1,0978000000e+04	  2,53777e-01	  1,98141e-03
5491	  1,0980000000e+04	  2,54296e-01	 -4,21791e-03
5492	  1,0982000000e+04	  2,57194e-01	 -6,45315e-03
5493	  1,0984000000e+04	  2,60900e-01	 -9,26952e-03
5494	  1,0986000000e+04	  2,60621e-01	 -1,41558e-02
5495	  1,0988000000e+04	  2,62573e-01	 -1,57270e-02
5496	  1,0990000000e+04	  2,63545e-01	 -1,96094e-02
5497	  1,0992000000e+04	  2,64873e-01	 -2,56439e-02
5498	  1,0994000000e+04	  2,65649e-01	 -3,01414e-02
5499	  1,0996000000e+04	  2,65765e-01	 -3,30267e-02
5500	  1,0998000000e+04	  2,67581e-01	 -3,68244e-02
5501	  1,1000000000e+04	  2,69024e-01	 -4,31762e-02
5502	  1,1002000000e+04	  2,70929e-01	 -4,63751e-02
5503	  1,1004000000e+04	  2,71399e-01	 -5,00379e-02
5504	  1,1006000000e+04	  2,70522e-01	 -5,36613e-02
5505	  1,1008000000e+04	  2,70235e-01	 -5,84174e-02
5506	  1,1010000000e+04	  2,71155e-01	 -6,44537e-02
5507	  1,1012000000e+04	  2,71917e-01	 -6,85810e-02
5508	  1,1014000000e+04	  2,71494e-01	 -7,03593e-02
5509	  1,1016000000e+04	  2,70893e-01	 -7,67608e-02
5510	  1,1018000000e+04	  2,72518e-01	 -8,31572e-02
5511	  1,1020000000e+04	  2,69432e-01	 -8,74918e-02
5512	  1,1022000000e+04	  2,68744e-01	 -9,22956e-02
5513	  1,1024000000e+04	  2,68379e-01	 -9,65239e-02
5514	  1,1026000000e+04	  2,66540e-01	 -1,00156e-01
5515	  1,1028000000e+04	  2,66233e-01	 -1,05664e-01
5516	  1,1030000000e+04	  2,65333e-01	 -1,09028e-01
5517	  1,1032000000e+04	  2,65054e-01	 -1,15949e-01
5518	  1,1034000000e+04	  2,66416e-01	 -1,21996e-01
5519	  1,1036000000e+04	  2,65116e-01	 -1,24632e-01
5520	  1,1038000000e+04	  2,59343e-01	 -1,27545e-01
5521	  1,1040000000e+04	  2,56872e-01	 -1,33695e-01
5522	  1,1042000000e+04	  2,56748e-01	 -1,40950e-01
5523	  1,1044000000e+04	  2,54486e-01	 -1,45901e-01
5524	  1,1046000000e+04	  2,54222e-01	 -1,48899e-01
5525	  1,1048000000e+04	  2,52093e-01	 -1,48220e-01
5526	  1,1050000000e+04	  2,50895e-01	 -1,52517e-01
5527	  1,1052000000e+04	  2,48283e-01	 -1,59709e-01
5528	  1,1054000000e+04	  2,45278e-01	 -1,64757e-01
5529	  1,1056000000e+04	  2,42876e-01	 -1,69471e-01
5530	  1,1058000000e+04	  2,40399e-01	 -1,73308e-01
5531	  1,1060000000e+04	  2,36119e-01	 -1,77741e-01
5532	  1,1062000000e+04	  2,35763e-01	 -1,82143e-01
5533	  1,1064000000e+04	  2,35342e-01	 -1,86811e-01
5534	  1,1066000000e+04	  2,28989e-01	 -1,92180e-01
5535	  1,1068000000e+04	  2,25733e-01	 -1,94252e-01
5536	  1,1070000000e+04	  2,22253e-01	 -1,99244e-01
5537	  1,1072000000e+04	  2,16696e-01	 -2,01237e-01
5538	  1,1074000000e+04	  2,13110e-01	 -2,04586e-01
5539	  1,1076000000e+04	  2,07797e-01	 -2,09507e-01
5540	  1,1078000000e+04	  2,03212e-01	 -2,12474e-01
5541	  1,1080000000e+04	  1,98370e-01	 -2,15862e-01
5542	  1,1082000000e+04	  1,95175e-01	 -2,15958e-01
5543	  1,1084000000e+04	  1,91776e-01	 -2,18031e-01
5544	  1,1086000000e+04	  1,86784e-01	 -2,22479e-01
5545	  1,1088000000e+04	  1,79673e-01	 -2,24743e-01
5546	  1,1090000000e+04	  1,73648e-01	 -2,26092e-01
5547	  1,1092000000e+04	  1,69706e-01	 -2,27937e-01
5548	  1,1094000000e+04	  1,65028e-01	 -2,30910e-01
5549	  1,1096000000e+04	  1,60550e-01	 -2,28348e-01
5550	  1,1098000000e+04	  1,54120e-01	 -2,29818e-01
5551	  1,1100000000e+04	  1,50732e-01	 -2,31377e-01
5552	  1,1102000000e+04	  1,45741e-01	 -2,29467e-01
5553	  1,1104000000e+04	  1,41555e-01	 -2,26556e-01
5554	  1,1106000000e+04	  1,36188e-01	 -2,30053e-01
5555	  1,1108000000e+04	  1,33543e-01	 -2,30833e-01
5556	  1,1110000000e+04	  1,28961e-01	 -2,28905e-01
5557	  1,1112000000e+04	  1,25553e-01	 -2,27583e-01
5558	  1,1114000000e+04	  1,22052e-01	 -2,24853e-01
5559	  1,1116000000e+04	  1,16886e-01	 -2,25313e-01
5560	  1,1118000000e+04	  1,14011e-01	 -2,25253e-01
5561	  1,1120000000e+04	  1,09907e-01	 -2,23769e-01
5562	  1,1122000000e+04	  1,06066e-01	 -2,22193e-01
5563	  1,1124000000e+04	  1,04051e-01	 -2,21591e-01
5564	  1,1126000000e+04	  1,02515e-01	 -2,22750e-01
5565	  1,1128000000e+04	  1,00802e-01	 -2,20925e-01
5566	  1,1130000000e+04	  9,86551e-02	 -2,17243e-01
5567	  1,1132000000e+04	  9,70334e-02	 -2,13469e-01
5568	  1,1134000000e+04	  9,38738e-02	 -2,13112e-01
5569	  1,1136000000e+04	  9,37802e-02	 -2,12611e-01
5570	  1,1138000000e+04	  9,30725e-02	 -2,09421e-01
5571	  1,1140000000e+04	  9,26551e-02	 -2,08542e-01
5572	  1,1142000000e+04	  9,26637e-02	 -2,06884e-01
5573	  1,1144000000e+04	  9,13747e-02	 -2,04756e-01
5574	  1,1146000000e+04	  8,95761e-02	 -2,05035e-01
5575	  1,1148000000e+04	  8,69811e-02	 -2,05565e-01
5576	  1,1150000000e+04	  8,90181e-02	 -2,03388e-01
5577	  1,1152000000e+04	  8,92383e-02	 -2,00017e-01
5578	  1,1154000000e+04	  8,52775e-02	 -2,00683e-01
5579	  1,1156000000e+04	  8,74338e-02	 -1,99918e-01
5580	  1,1158000000e+04	  8,79182e-02	 -2,00322e-01
5581	  1,1160000000e+04	  8,75522e-02	 -1,99229e-01
5582	  1,1162000000e+04	  8,66282e-02	 -2,00418e-01
5583	  1,1164000000e+04	  8,78644e-02	 -1,97496e-01
5584	  1,1166000000e+04	  8,69087e-02	 -1,96808e-01
5585	  1,1168000000e+04	  8,73426e-02	 -1,98807e-01
5586	  1,1170000000e+04	  8,96829e-02	 -1,99906e-01
5587	  1,1172000000e+04	  8,89903e-02	 -2,01237e-01
5588	  1,1174000000e+04	  8,78861e-02	 -2,01696e-01
5589	  1,1176000000e+04	  8,77008e-02	 -2,03331e-01
5590	  1,1178000000e+04	  8,90023e-02	 -2,02524e-01
5591	  1,1180000000e+04	  9,06163e-02	 -2,03176e-01
5592	  1,1182000000e+04	  9,03019e-02	 -2,04442e-01
5593	  1,1184000000e+04	  9,05974e-02	 -2,05259e-01
5594	  1,1186000000e+04	  9,10573e-02	 -2,08378e-01
5595	  1,1188000000e+04	  9,12098e-02	 -2,08294e-01
5596	  1,1190000000e+04	  9,05791e-02	 -2,09152e-01
5597	  1,1192000000e+04	  9,00010e-02	 -2,12672e-01
5598	  1,1194000000e+04	  8,83937e-02	 -2,15298e-01
5599	  1,1196000000e+04	  8,85156e-02	 -2,16874e-01
5600	  1,1198000000e+04	  8,94425e-02	 -2,19189e-01
5601	  1,1200000000e+04	  8,97860e-02	 -2,21712e-01
5602	  1,1202000000e+04	  8,94885e-02	 -2,24353e-01
5603	  1,1204000000e+04	  8,54115e-02	 -2,25970e-01
5604	  1,1206000000e+04	  8,27217e-02	 -2,28179e-01
5605	  1,1208000000e+04	  8,21218e-02	 -2,29998e-01
5606	  1,1210000000e+04	  8,01991e-02	 -2,32539e-01
5607	  1,1212000000e+04	  8,05662e-02	 -2,36304e-01
5608	  1,1214000000e+04	  7,97002e-02	 -2,38105e-01
5609	  1,1216000000e+04	  7,58905e-02	 -2,40567e-01
5610	  1,1218000000e+04	  7,43066e-02	 -2,44943e-01
5611	  1,1220000000e+04	  7,16395e-02	 -2,47614e-01
5612	  1,1222000000e+04	  7,06304e-02	 -2,48176e-01
5613	  1,1224000000e+04	  6,97272e-02	 -2,48715e-01
5614	  1,1226000000e+04	  6,76889e-02	 -2,50699e-01
5615	  1,1228000000e+04	  6,29515e-02	 -2,54607e-01
5616	  1,1230000000e+04	  6,21548e-02	 -2,56567e-01
5617	  1,1232000000e+04	  5,92590e-02	 -2,56832e-01
5618	  1,1234000000e+04	  5,50431e-02	 -2,57095e-01
5619	  1,1236000000e+04	  5,44092e-02	 -2,60094e-01
5620	  1,1238000000e+04	  5,24845e-02	 -2,63305e-01
5621	  1,1240000000e+04	  4,79328e-02	 -2,67291e-01
5622	  1,1242000000e+04	  4,51432e-02	 -2,69194e-01
5623	  1,1244000000e+04	  4,27657e-02	 -2,68218e-01
5624	  1,1246000000e+04	  3,93435e-02	 -2,68412e-01
5625	  1,1248000000e+04	  3,68076e-02	 -2,69901e-01
5626	  1,1250000000e+04	  3,32598e-02	 -2,70751e-01
5627	  1,1252000000e+04	  3,35986e-02	 -2,73399e-01
5628	  1,1254000000e+04	  3,05924e-02	 -2,73674e-01
5629	  1,1256000000e+04	  2,51348e-02	 -2,77410e-01
5630	  1,1258000000e+04	  2,03457e-02	 -2,77691e-01
5631	  1,1260000000e+04	  1,62872e-02	 -2,78334e-01
5632	  1,1262000000e+04	  1,50216e-02	 -2,80773e-01
5633	  1,1264000000e+04	  1,33453e-02	 -2,79605e-01
5634	  1,1266000000e+04	  1,18638e-02	 -2,79373e-01
5635	  1,1268000000e+04	  7,94339e-03	 -2,82647e-01
5636	  1,1270000000e+04	  2,80043e-03	 -2,83690e-01
5637	  1,1272000000e+04	 -7,87648e-04	 -2,87842e-01
5638	  1,1274000000e+04	 -2,79125e-03	 -2,88587e-01
5639	  1,1276000000e+04	 -6,27338e-03	 -2,89499e-01
5640	  1,1278000000e+04	 -1,15739e-02	 -2,88343e-01
5641	  1,1280000000e+04	 -1,41420e-02	 -2,88991e-01
5642	  1,1282000000e+04	 -1,85075e-02	 -2,91585e-01
5643	  1,1284000000e+04	 -2,42214e-02	 -2,90487e-01
5644	  1,1286000000e+04	 -2,72790e-02	 -2,91800e-01
5645	  1,1288000000e+04	 -3,06543e-02	 -2,91647e-01
5646	  1,1290000000e+04	 -3,12654e-02	 -2,92599e-01
5647	  1,1292000000e+04	 -3,64271e-02	 -2,94471e-01
5648	  1,1294000000e+04	 -4,26680e-02	 -2,92194e-01
5649	  1,1296000000e+04	 -4,61084e-02	 -2,92782e-01
5650	  1,1298000000e+04	 -4,96178e-02	 -2,95267e-01
5651	  1,1300000000e+04	 -5,37977e-02	 -2,94447e-01
5652	  1,1302000000e+04	 -5,84596e-02	 -2,93356e-01
5653	  1,1304000000e+04	 -6,18157e-02	 -2,93976e-01
5654	  1,1306000000e+04	 -6,56232e-02	 -2,91239e-01
5655	  1,1308000000e+04	 -7,02319e-02	 -2,89271e-01
5656	  1,1310000000e+04	 -7,54924e-02	 -2,89260e-01
5657	  1,1312000000e+04	 -8,15841e-02	 -2,87862e-01
5658	  1,1314000000e+04	 -8,63462e-02	 -2,85295e-01
5659	  1,1316000000e+04	 -8,79263e-02	 -2,84952e-01
5660	  1,1318000000e+04	 -9,24591e-02	 -2,85461e-01
5661	  1,1320000000e+04	 -9,36281e-02	 -2,85265e-01
5662	  1,1322000000e+04	 -9,77892e-02	 -2,81113e-01
5663	  1,1324000000e+04	 -1,03577e-01	 -2,78164e-01
5664	  1,1326000000e+04	 -1,06424e-01	 -2,77772e-01
5665	  1,1328000000e+04	 -1,08995e-01	 -2,74713e-01
5666	  1,1330000000e+04	 -1,10920e-01	 -2,73150e-01
5667	  1,1332000000e+04	 -1,14347e-01	 -2,72010e-01
5668	  1,1334000000e+04	 -1,19211e-01	 -2,68969e-01
5669	  1,1336000000e+04	 -1,22740e-01	 -2,67406e-01
5670	  1,1338000000e+04	 -1,23417e-01	 -2,66218e-01
5671	  1,1340000000e+04	 -1,25471e-01	 -2,66094e-01
5672	  1,1342000000e+04	 -1,28754e-01	 -2,65187e-01
5673	  1,1344000000e+04	 -1,30974e-01	 -2,61537e-01
5674	  1,1346000000e+04	 -1,35345e-01	 -2,59897e-01
5675	  1,1348000000e+04	 -1,37462e-01	 -2,57883e-01
5676	  1,1350000000e+04	 -1,40796e-01	 -2,56036e-01
5677	  1,1352000000e+04	 -1,45323e-01	 -2,53430e-01
5678	  1,1354000000e+04	 -1,48720e-01	 -2,49859e-01
5679	  1,1356000000e+04	 -1,49732e-01	 -2,47767e-01
5680	  1,1358000000e+04	 -1,52134e-01	 -2,46556e-01
5681	  1,1360000000e+04	 -1,56588e-01	 -2,44095e-01
5682	  1,1362000000e+04	 -1,59571e-01	 -2,40321e-01
5683	  1,1364000000e+04	 -1,59176e-01	 -2,38020e-01
5684	  1,1366000000e+04	 -1,58749e-01	 -2,34668e-01
5685	  1,1368000000e+04	 -1,61949e-01	 -2,33247e-01
5686	  1,1370000000e+04	 -1,66388e-01	 -2,30525e-01
5687	  1,1372000000e+04	 -1,68578e-01	 -2,26182e-01
5688	  1,1374000000e+04	 -1,71159e-01	 -2,27927e-01
5689	  1,1376000000e+04	 -1,73946e-01	 -2,25203e-01
5690	  1,1378000000e+04	 -1,72984e-01	 -2,21562e-01
5691	  1,1380000000e+04	 -1,73944e-01	 -2,18853e-01
5692	  1,1382000000e+04	 -1,75002e-01	 -2,17788e-01
5693	  1,1384000000e+04	 -1,77634e-01	 -2,16684e-01
5694	  1,1386000000e+04	 -1,79176e-01	 -2,15369e-01
5695	  1,1388000000e+04	 -1,78835e-01	 -2,12819e-01
5696	  1,1390000000e+04	 -1,83612e-01	 -2,08771e-01
5697	  1,1392000000e+04	 -1,84906e-01	 -2,06694e-01
5698	  1,1394000000e+04	 -1,85055e-01	 -2,05866e-01
5699	  1,1396000000e+04	 -1,84497e-01	 -2,03812e-01
5700	  1,1398000000e+04	 -1,87698e-01	 -2,00785e-01
5701	  1,1400000000e+04	 -1,90651e-01	 -2,00295e-01
5702	  1,1402000000e+04	 -1,92899e-01	 -1,99452e-01
5703	  1,1404000000e+04	 -1,96105e-01	 -1,96980e-01
5704	  1,1406000000e+04	 -1,97196e-01	 -1,92807e-01
5705	  1,1408000000e+04	 -1,96483e-01	 -1,90390e-01
5706	  1,1410000000e+04	 -1,96872e-01	 -1,88971e-01
5707	  1,1412000000e+04	 -1,97220e-01	 -1,88825e-01
5708	  1,1414000000e+04	 -1,96943e-01	 -1,87477e-01
5709	  1,1416000000e+04	 -1,99016e-01	 -1,84546e-01
5710	  1,1418000000e+04	 -1,99833e-01	 -1,83607e-01
5711	  1,1420000000e+04	 -2,01095e-01	 -1,82584e-01
5712	  1,1422000000e+04	 -2,04158e-01	 -1,77983e-01
5713	  1,1424000000e+04	 -2,05555e-01	 -1,78619e-01
5714	  1,1426000000e+04	 -2,07152e-01	 -1,75776e-01
5715	  1,1428000000e+04	 -2,08860e-01	 -1,73228e-01
5716	  1,1430000000e+04	 -2,10129e-01	 -1,71146e-01
5717	  1,1432000000e+04	 -2,13040e-01	 -1,70315e-01
5718	  1,1434000000e+04	 -2,11335e-01	 -1,68143e-01
5719	  1,1436000000e+04	 -2,12004e-01	 -1,65708e-01
5720	  1,1438000000e+04	 -2,14997e-01	 -1,63921e-01
5721	  1,1440000000e+04	 -2,17446e-01	 -1,60407e-01
5722	  1,1442000000e+04	 -2,19618e-01	 -1,55245e-01
5723	  1,1444000000e+04	 -2,21400e-01	 -1,53310e-01
5724	  1,1446000000e+04	 -2,21877e-01	 -1,51158e-01
5725	  1,1448000000e+04	 -2,22105e-01	 -1,51739e-01
5726	  1,1450000000e+04	 -2,23285e-01	 -1,49163e-01
5727	  1,1452000000e+04	 -2,23171e-01	 -1,48196e-01
5728	  1,1454000000e+04	 -2,21886e-01	 -1,44569e-01
5729	  1,1456000000e+04	 -2,20901e-01	 -1,43635e-01
5730	  1,1458000000e+04	 -2,21506e-01	 -1,41064e-01
5731	  1,1460000000e+04	 -2,23400e-01	 -1,40134e-01
5732	  1,1462000000e+04	 -2,24317e-01	 -1,34759e-01
5733	  1,1464000000e+04	 -2,24613e-01	 -1,32559e-01
5734	  1,1466000000e+04	 -2,26198e-01	 -1,32850e-01
5735	  1,1468000000e+04	 -2,25800e-01	 -1,31504e-01
5736	  1,1470000000e+04	 -2,25696e-01	 -1,27609e-01
5737	  1,1472000000e+04	 -2,26033e-01	 -1,27968e-01
5738	  1,1474000000e+04	 -2,27263e-01	 -1,28087e-01
5739	  1,1476000000e+04	 -2,27667e-01	 -1,24273e-01
5740	  1,1478000000e+04	 -2,27728e-01	 -1,22014e-01
5741	  1,1480000000e+04	 -2,30496e-01	 -1,19658e-01
5742	  1,1482000000e+04	 -2,32128e-01	 -1,21005e-01
5743	  1,1484000000e+04	 -2,29336e-01	 -1,21626e-01
5744	  1,1486000000e+04	 -2,30397e-01	 -1,17333e-01
5745	  1,1488000000e+04	 -2,30236e-01	 -1,15005e-01
5746	  1,1490000000e+04	 -2,31773e-01	 -1,14193e-01
5747	  1,1492000000e+04	 -2,34071e-01	 -1,13054e-01
5748	  1,1494000000e+04	 -2,34146e-01	 -1,14000e-01
5749	  1,1496000000e+04	 -2,37093e-01	 -1,13172e-01
5750	  1,1498000000e+04	 -2,38169e-01	 -1,11370e-01
5751	  1,1500000000e+04	 -2,41730e-01	 -1,08854e-01
5752	  1,1502000000e+04	 -2,40702e-01	 -1,08431e-01
5753	  1,1504000000e+04	 -2,42645e-01	 -1,08529e-01
5754	  1,1506000000e+04	 -2,45360e-01	 -1,05854e-01
5755	  1,1508000000e+04	 -2,46628e-01	 -1,03018e-01
5756	  1,1510000000e+04	 -2,46774e-01	 -1,02333e-01
5757	  1,1512000000e+04	 -2,46898e-01	 -1,01033e-01
5758	  1,1514000000e+04	 -2,50109e-01	 -9,58731e-02
5759	  1,1516000000e+04	 -2,48242e-01	 -9,30267e-02
5760	  1,1518000000e+04	 -2,49698e-01	 -9,27289e-02
5761	  1,1520000000e+04	 -2,50368e-01	 -9,00079e-02
5762	  1,1522000000e+04	 -2,52726e-01	 -8,67822e-02
5763	  1,1524000000e+04	 -2,55889e-01	 -8,55014e-02
5764	  1,1526000000e+04	 -2,55833e-01	 -8,22117e-02
5765	  1,1528000000e+04	 -2,55661e-01	 -8,02415e-02
5766	  1,1530000000e+04	 -2,56566e-01	 -7,69080e-02
5767	  1,1532000000e+04	 -2,59744e-01	 -7,65527e-02
5768	  1,1534000000e+04	 -2,61389e-01	 -7,82961e-02
5769	  1,1536000000e+04	 -2,60445e-01	 -7,59978e-02
5770	  1,1538000000e+04	 -2,61057e-01	 -7,31365e-02
5771	  1,1540000000e+04	 -2,61548e-01	 -6,98151e-02
5772	  1,1542000000e+04	 -2,61871e-01	 -6,59278e-02
5773	  1,1544000000e+04	 -2,62455e-01	 -6,50378e-02
5774	  1,1546000000e+04	 -2,63893e-01	 -6,34989e-02
5775	  1,1548000000e+04	 -2,64334e-01	 -6,19745e-02
5776	  1,1550000000e+04	 -2,64825e-01	 -6,19341e-02
5777	  1,1552000000e+04	 -2,64492e-01	 -6,17446e-02
5778	  1,1554000000e+04	 -2,63698e-01	 -5,96359e-02
5779	  1,1556000000e+04	 -2,64345e-01	 -5,71762e-02
5780	  1,1558000000e+04	 -2,67754e-01	 -5,52708e-02
5781	  1,1560000000e+04	 -2,67485e-01	 -5,36537e-02
5782	  1,1562000000e+04	 -2,68309e-01	 -5,02421e-02
5783	  1,1564000000e+04	 -2,71724e-01	 -4,76015e-02
5784	  1,1566000000e+04	 -2,71940e-01	 -4,63580e-02
5785	  1,1568000000e+04	 -2,70929e-01	 -4,38152e-02
5786	  1,1570000000e+04	 -2,74394e-01	 -4,04045e-02
5787	  1,1572000000e+04	 -2,74549e-01	 -3,90096e-02
5788	  1,1574000000e+04	 -2,75281e-01	 -3,62269e-02
5789	  1,1576000000e+04	 -2,77499e-01	 -3,38340e-02
5790	  1,1578000000e+04	 -2,79515e-01	 -3,35159e-02
5791	  1,1580000000e+04	 -2,81166e-01	 -2,98797e-02
5792	  1,1582000000e+04	 -2,82317e-01	 -2,68620e-02
5793	  1,1584000000e+04	 -2,83262e-01	 -2,24328e-02
5794	  1,1586000000e+04	 -2,83960e-01	 -1,77019e-02
5795	  1,1588000000e+04	 -2,84543e-01	 -1,68395e-02
5796	  1,1590000000e+04	 -2,85019e-01	 -1,32514e-02
5797	  1,1592000000e+04	 -2,85652e-01	 -1,02866e-02
5798	  1,1594000000e+04	 -2,83777e-01	 -6,70568e-03
5799	  1,1596000000e+04	 -2,82237e-01	 -4,19542e-03
5800	  1,1598000000e+04	 -2,82954e-01	  1,37183e-03
5801	  1,1600000000e+04	 -2,83274e-01	  2,53789e-03
5802	  1,1602000000e+04	 -2,81424e-01	  2,92567e-03
5803	  1,1604000000e+04	 -2,79098e-01	  4,53836e-03
5804	  1,1606000000e+04	 -2,81808e-01	  7,04265e-03
5805	  1,1608000000e+04	 -2,81082e-01	  9,12573e-03
5806	  1,1610000000e+04	 -2,79464e-01	  9,39713e-03
5807	  1,1612000000e+04	 -2,78634e-01	  1,27114e-02
5808	  1,1614000000e+04	 -2,78342e-01	  1,75559e-02
5809	  1,1616000000e+04	 -2,78764e-01	  1,67289e-02
5810	  1,1618000000e+04	 -2,78438e-01	  1,80304e-02
5811	  1,1620000000e+04	 -2,79570e-01	  2,03844e-02
5812	  1,1622000000e+04	 -2,78813e-01	  2,27804e-02
5813	  1,1624000000e+04	 -2,76978e-01	  2,12239e-02
5814	  1,1626000000e+04	 -2,79479e-01	  2,39783e-02
5815	  1,1628000000e+04	 -2,81789e-01	  2,43392e-02
5816	  1,1630000000e+04	 -2,82782e-01	  2,53852e-02
5817	  1,1632000000e+04	 -2,84155e-01	  2,47980e-02
5818	  1,1634000000e+04	 -2,86543e-01	  2,70708e-02
5819	  1,1636000000e+04	 -2,87621e-01	  3,07166e-02
5820	  1,1638000000e+04	 -2,86329e-01	  3,33870e-02
5821	  1,1640000000e+04	 -2,90139e-01	  3,60154e-02
5822	  1,1642000000e+04	 -2,92819e-01	  3,68827e-02
5823	  1,1644000000e+04	 -2,93972e-01	  3,93648e-02
5824	  1,1646000000e+04	 -2,95576e-01	  4,26872e-02
5825	  1,1648000000e+04	 -2,95620e-01	  4,46616e-02
5826	  1,1650000000e+04	 -2,95547e-01	  5,06433e-02
5827	  1,1652000000e+04	 -2,99873e-01	  5,35374e-02
5828	  1,1654000000e+04	 -3,01272e-01	  5,62372e-02
5829	  1,1656000000e+04	 -3,02885e-01	  5,99995e-02
5830	  1,1658000000e+04	 -3,04996e-01	  6,40243e-02
5831	  1,1660000000e+04	 -3,05704e-01	  6,94758e-02
5832	  1,1662000000e+04	 -3,02610e-01	  7,48060e-02
5833	  1,1664000000e+04	 -3,00971e-01	  7,78574e-02
5834	  1,1666000000e+04	 -3,01836e-01	  8,01354e-02
5835	  1,1668000000e+04	 -3,03467e-01	  8,14774e-02
5836	  1,1670000000e+04	 -3,02409e-01	  8,79782e-02
5837	  1,1672000000e+04	 -2,97375e-01	  9,36828e-02
5838	  1,1674000000e+04	 -2,99577e-01	  9,43918e-02
5839	  1,1676000000e+04	 -2,99476e-01	  9,60546e-02
5840	  1,1678000000e+04	 -2,94822e-01	  9,98988e-02
5841	  1,1680000000e+04	 -2,95334e-01	  1,05127e-01
5842	  1,1682000000e+04	 -2,94702e-01	  1,09865e-01
5843	  1,1684000000e+04	 -2,94301e-01	  1,11431e-01
5844	  1,1686000000e+04	 -2,91876e-01	  1,13481e-01
5845	  1,1688000000e+04	 -2,88650e-01	  1,14540e-01
5846	  1,1690000000e+04	 -2,90643e-01	  1,15050e-01
5847	  1,1692000000e+04	 -2,92158e-01	  1,19909e-01
5848	  1,1694000000e+04	 -2,90126e-01	  1,23353e-01
5849	  1,1696000000e+04	 -2,88497e-01	  1,24345e-01
5850	  1,1698000000e+04	 -2,87223e-01	  1,26878e-01
5851	  1,1700000000e+04	 -2,87256e-01	  1,29402e-01
5852	  1,1702000000e+04	 -2,87512e-01	  1,32733e-01
5853	  1,1704000000e+04	 -2,86673e-01	  1,37481e-01
5854	  1,1706000000e+04	 -2,84430e-01	  1,40732e-01
5855	  1,1708000000e+04	 -2,87945e-01	  1,41758e-01
5856	  1,1710000000e+04	 -2,87724e-01	  1,42788e-01
5857	  1,1712000000e+04	 -2,84624e-01	  1,46653e-01
5858	  1,1714000000e+04	 -2,84216e-01	  1,49129e-01
5859	  1,1716000000e+04	 -2,85383e-01	  1,49119e-01
5860	  1,1718000000e+04	 -2,85754e-01	  1,52379e-01
5861	  1,1720000000e+04	 -2,84945e-01	  1,56131e-01
5862	  1,1722000000e+04	 -2,85737e-01	  1,60130e-01
5863	  1,1724000000e+04	 -2,85022e-01	  1,63263e-01
5864	  1,1726000000e+04	 -2,83026e-01	  1,65000e-01
5865	  1,1728000000e+04	 -2,82834e-01	  1,67942e-01
5866	  1,1730000000e+04	 -2,84539e-01	  1,70582e-01
5867	  1,1732000000e+04	 -2,82970e-01	  1,76882e-01
5868	  1,1734000000e+04	 -2,83379e-01	  1,81265e-01
5869	  1,1736000000e+04	 -2,83843e-01	  1,82151e-01
5870	  1,1738000000e+04	 -2,80921e-01	  1,88735e-01
5871	  1,1740000000e+04	 -2,79605e-01	  1,93142e-01
5872	  1,1742000000e+04	 -2,81293e-01	  1,94601e-01
5873	  1,1744000000e+04	 -2,79651e-01	  1,95882e-01
5874	  1,1746000000e+04	 -2,76520e-01	  2,00188e-01
5875	  1,1748000000e+04	 -2,75111e-01	  2,06330e-01
5876	  1,1750000000e+04	 -2,73789e-01	  2,08213e-01
5877	  1,1752000000e+04	 -2,73166e-01	  2,12788e-01
5878	  1,1754000000e+04	 -2,71745e-01	  2,18111e-01
5879	  1,1756000000e+04	 -2,71379e-01	  2,21094e-01
5880	  1,1758000000e+04	 -2,69705e-01	  2,24281e-01
5881	  1,1760000000e+04	 -2,67110e-01	  2,28983e-01
5882	  1,1762000000e+04	 -2,66975e-01	  2,33607e-01
5883	  1,1764000000e+04	 -2,66133e-01	  2,36565e-01
5884	  1,1766000000e+04	 -2,66099e-01	  2,40583e-01
5885	  1,1768000000e+04	 -2,65622e-01	  2,46661e-01
5886	  1,1770000000e+04	 -2,60484e-01	  2,52829e-01
5887	  1,1772000000e+04	 -2,56520e-01	  2,56417e-01
5888	  1,1774000000e+04	 -2,53105e-01	  2,58595e-01
5889	  1,1776000000e+04	 -2,51980e-01	  2,64646e-01
5890	  1,1778000000e+04	 -2,51345e-01	  2,69593e-01
5891	  1,1780000000e+04	 -2,47490e-01	  2,74114e-01
5892	  1,1782000000e+04	 -2,46725e-01	  2,79291e-01
5893	  1,1784000000e+04	 -2,42898e-01	  2,81434e-01
5894	  1,1786000000e+04	 -2,37027e-01	  2,85668e-01
5895	  1,1788000000e+04	 -2,33727e-01	  2,92401e-01
5896	  1,1790000000e+04	 -2,28197e-01	  2,94721e-01
5897	  1,1792000000e+04	 -2,22792e-01	  2,96557e-01
5898	  1,1794000000e+04	 -2,20329e-01	  3,00562e-01
5899	  1,1796000000e+04	 -2,19667e-01	  3,04372e-01
5900	  1,1798000000e+04	 -2,18003e-01	  3,06825e-01
5901	  1,1800000000e+04	 -2,11011e-01	  3,10599e-01
5902	  1,1802000000e+04	 -2,07579e-01	  3,14528e-01
5903	  1,1804000000e+04	 -2,03602e-01	  3,15229e-01
5904	  1,1806000000e+04	 -1,97840e-01	  3,15900e-01
5905	  1,1808000000e+04	 -1,95221e-01	  3,19147e-01
5906	  1,1810000000e+04	 -1,93665e-01	  3,23364e-01
5907	  1,1812000000e+04	 -1,89172e-01	  3,23538e-01
5908	  1,1814000000e+04	 -1,84540e-01	  3,24929e-01
5909	  1,1816000000e+04	 -1,79893e-01	  3,29329e-01
5910	  1,1818000000e+04	 -1,76027e-01	  3,29619e-01
5911	  1,1820000000e+04	 -1,73477e-01	  3,32525e-01
5912	  1,1822000000e+04	 -1,72635e-01	  3,35927e-01
5913	  1,1824000000e+04	 -1,70197e-01	  3,35797e-01
5914	  1,1826000000e+04	 -1,64612e-01	  3,37696e-01
5915	  1,1828000000e+04	 -1,61967e-01	  3,38679e-01
5916	  1,1830000000e+04	 -1,60317e-01	  3,42232e-01
5917	  1,1832000000e+04	 -1,57422e-01	  3,43873e-01
5918	  1,1834000000e+04	 -1,53787e-01	  3,47160e-01
5919	  1,1836000000e+04	 -1,50375e-01	  3,50713e-01
5920	  1,1838000000e+04	 -1,49214e-01	  3,53543e-01
5921	  1,1840000000e+04	 -1,43591e-01	  3,57723e-01
5922	  1,1842000000e+04	 -1,38636e-01	  3,58910e-01
5923	  1,1844000000e+04	 -1,36148e-01	  3,61084e-01
5924	  1,1846000000e+04	 -1,34018e-01	  3,62543e-01
5925	  1,1848000000e+04	 -1,28517e-01	  3,65502e-01
5926	  1,1850000000e+04	 -1,24644e-01	  3,70473e-01
5927	  1,1852000000e+04	 -1,18247e-01	  3,74316e-01
5928	  1,1854000000e+04	 -1,12072e-01	  3,77641e-01
5929	  1,1856000000e+04	 -1,09219e-01	  3,79880e-01
5930	  1,1858000000e+04	 -1,07490e-01	  3,83617e-01
5931	  1,1860000000e+04	 -1,03477e-01	  3,85262e-01
5932	  1,1862000000e+04	 -9,79614e-02	  3,88221e-01
5933	  1,1864000000e+04	 -9,03921e-02	  3,89735e-01
5934	  1,1866000000e+04	 -8,50532e-02	  3,90475e-01
5935	  1,1868000000e+04	 -8,14606e-02	  3,93264e-01
5936	  1,1870000000e+04	 -7,56702e-02	  3,94050e-01
5937	  1,1872000000e+04	 -6,78077e-02	  3,95267e-01
5938	  1,1874000000e+04	 -6,13450e-02	  3,98304e-01
5939	  1,1876000000e+04	 -5,69569e-02	  3,96721e-01
5940	  1,1878000000e+04	 -5,04648e-02	  3,99205e-01
5941	  1,1880000000e+04	 -4,28911e-02	  4,02986e-01
5942	  1,1882000000e+04	 -3,72767e-02	  4,02069e-01
5943	  1,1884000000e+04	 -3,29185e-02	  4,04120e-01
5944	  1,1886000000e+04	 -2,86769e-02	  4,04368e-01
5945	  1,1888000000e+04	 -2,27884e-02	  4,01076e-01
5946	  1,1890000000e+04	 -1,75429e-02	  4,01424e-01
5947	  1,1892000000e+04	 -1,18267e-02	  4,01378e-01
5948	  1,1894000000e+04	 -5,42497e-03	  4,00549e-01
5949	  1,1896000000e+04	 -4,07170e-04	  4,01285e-01
5950	  1,1898000000e+04	  5,16070e-03	  4,01296e-01
5951	  1,1900000000e+04	  7,44085e-03	  3,98172e-01
5952	  1,1902000000e+04	  1,27362e-02	  3,98059e-01
5953	  1,1904000000e+04	  1,80354e-02	  3,96336e-01
5954	  1,1906000000e+04	  2,43200e-02	  3,94517e-01
5955	  1,1908000000e+04	  2,76311e-02	  3,96112e-01
5956	  1,1910000000e+04	  3,17868e-02	  3,96592e-01
5957	  1,1912000000e+04	  3,71404e-02	  3,92458e-01
5958	  1,1914000000e+04	  4,03576e-02	  3,92361e-01
5959	  1,1916000000e+04	  4,32829e-02	  3,91394e-01
5960	  1,1918000000e+04	  4,96058e-02	  3,89355e-01
5961	  1,1920000000e+04	  5,46419e-02	  3,90182e-01
5962	  1,1922000000e+04	  5,60172e-02	  3,86519e-01
5963	  1,1924000000e+04	  5,91600e-02	  3,86712e-01
5964	  1,1926000000e+04	  6,53711e-02	  3,88407e-01
5965	  1,1928000000e+04	  6,92643e-02	  3,85749e-01
5966	  1,1930000000e+04	  7,14513e-02	  3,85566e-01
5967	  1,1932000000e+04	  7,86244e-02	  3,85090e-01
5968	  1,1934000000e+04	  8,39606e-02	  3,85893e-01
5969	  1,1936000000e+04	  8,58227e-02	  3,85530e-01
5970	  1,1938000000e+04	  9,06654e-02	  3,85159e-01
5971	  1,1940000000e+04	  9,61504e-02	  3,85925e-01
5972	  1,1942000000e+04	  1,01017e-01	  3,85422e-01
5973	  1,1944000000e+04	  1,06231e-01	  3,82630e-01
5974	  1,1946000000e+04	  1,10315e-01	  3,81675e-01
5975	  1,1948000000e+04	  1,15910e-01	  3,81690e-01
5976	  1,1950000000e+04	  1,19877e-01	  3,82848e-01
5977	  1,1952000000e+04	  1,24084e-01	  3,78983e-01
5978	  1,1954000000e+04	  1,27078e-01	  3,77840e-01
5979	  1,1956000000e+04	  1,32667e-01	  3,76592e-01
5980	  1,1958000000e+04	  1,37856e-01	  3,77651e-01
5981	  1,1960000000e+04	  1,43789e-01	  3,76181e-01
5982	  1,1962000000e+04	  1,45951e-01	  3,72750e-01
5983	  1,1964000000e+04	  1,49682e-01	  3,70042e-01
5984	  1,1966000000e+04	  1,54001e-01	  3,69804e-01
5985	  1,1968000000e+04	  1,59316e-01	  3,70870e-01
5986	  1,1970000000e+04	  1,65152e-01	  3,66982e-01
5987	  1,1972000000e+04	  1,69884e-01	  3,64599e-01
5988	  1,1974000000e+04	  1,74781e-01	  3,64951e-01
5989	  1,1976000000e+04	  1,78179e-01	  3,63103e-01
5990	  1,1978000000e+04	  1,83667e-01	  3,61226e-01
5991	  1,1980000000e+04	  1,87363e-01	  3,54794e-01
5992	  1,1982000000e+04	  1,93095e-01	  3,50589e-01
5993	  1,1984000000e+04	  2,00594e-01	  3,50912e-01
5994	  1,1986000000e+04	  2,03264e-01	  3,49094e-01
5995	  1,1988000000e+04	  2,06294e-01	  3,47068e-01
5996	  1,1990000000e+04	  2,12703e-01	  3,43103e-01
5997	  1,1992000000e+04	  2,17236e-01	  3,37988e-01
5998	  1,1994000000e+04	  2,20502e-01	  3,33934e-01
5999	  1,1996000000e+04	  2,22903e-01	  3,31754e-01
6000	  1,1998000000e+04	  2,28754e-01	  3,31444e-01
6001	  1,2000000000e+04	  2,31931e-01	  3,30640e-01
6002	  1,2002000000e+04	  2,35131e-01	  3,26937e-01
6003	  1,2004000000e+04	  2,39950e-01	  3,23522e-01
6004	  1,2006000000e+04	  2,44554e-01	  3,18978e-01
6005	  1,2008000000e+04	  2,47195e-01	  3,17459e-01
6006	  1,2010000000e+04	  2,50168e-01	  3,14539e-01
6007	  1,2012000000e+04	  2,54664e-01	  3,09817e-01
6008	  1,2014000000e+04	  2,60215e-01	  3,05835e-01
6009	  1,2016000000e+04	  2,64872e-01	  3,02408e-01
6010	  1,2018000000e+04	  2,68925e-01	  3,00733e-01
6011	  1,2020000000e+04	  2,73460e-01	  2,95823e-01
6012	  1,2022000000e+04	  2,78088e-01	  2,93391e-01
6013	  1,2024000000e+04	  2,83322e-01	  2,85156e-01
6014	  1,2026000000e+04	  2,84342e-01	  2,81149e-01
6015	  1,2028000000e+04	  2,87868e-01	  2,79180e-01
6016	  1,2030000000e+04	  2,90879e-01	  2,75877e-01
6017	  1,2032000000e+04	  2,93623e-01	  2,72678e-01
6018	  1,2034000000e+04	  2,96731e-01	  2,67431e-01
6019	  1,2036000000e+04	  2,99732e-01	  2,60957e-01
6020	  1,2038000000e+04	  3,02624e-01	  2,59737e-01
6021	  1,2040000000e+04	  3,06140e-01	  2,54579e-01
6022	  1,2042000000e+04	  3,08022e-01	  2,50556e-01
6023	  1,2044000000e+04	  3,10146e-01	  2,47147e-01
6024	  1,2046000000e+04	  3,12009e-01	  2,42075e-01
6025	  1,2048000000e+04	  3,14575e-01	  2,39159e-01
6026	  1,2050000000e+04	  3,18770e-01	  2,35876e-01
6027	  1,2052000000e+04	  3,21293e-01	  2,29268e-01
6028	  1,2054000000e+04	  3,21732e-01	  2,23737e-01
6029	  1,2056000000e+04	  3,22758e-01	  2,19504e-01
6030	  1,2058000000e+04	  3,27110e-01	  2,13152e-01
6031	  1,2060000000e+04	  3,29042e-01	  2,08463e-01
6032	  1,2062000000e+04	  3,31668e-01	  2,06266e-01
6033	  1,2064000000e+04	  3,33299e-01	  1,99921e-01
6034	  1,2066000000e+04	  3,33250e-01	  1,99362e-01
6035	  1,2068000000e+04	  3,35510e-01	  1,97361e-01
6036	  1,2070000000e+04	  3,36906e-01	  1,89849e-01
6037	  1,2072000000e+04	  3,39338e-01	  1,86207e-01
6038	  1,2074000000e+04	  3,43302e-01	  1,82111e-01
6039	  1,2076000000e+04	  3,46325e-01	  1,74415e-01
6040	  1,2078000000e+04	  3,45897e-01	  1,71803e-01
6041	  1,2080000000e+04	  3,46363e-01	  1,67309e-01
6042	  1,2082000000e+04	  3,47647e-01	  1,63730e-01
6043	  1,2084000000e+04	  3,48886e-01	  1,59795e-01
6044	  1,2086000000e+04	  3,50289e-01	  1,54557e-01
6045	  1,2088000000e+04	  3,52198e-01	  1,51190e-01
6046	  1,2090000000e+04	  3,54089e-01	  1,48561e-01
6047	  1,2092000000e+04	  3,55202e-01	  1,42751e-01
6048	  1,2094000000e+04	  3,56073e-01	  1,40905e-01
6049	  1,2096000000e+04	  3,56779e-01	  1,37800e-01
6050	  1,2098000000e+04	  3,59791e-01	  1,30105e-01
6051	  1,2100000000e+04	  3,62094e-01	  1,21686e-01
6052	  1,2102000000e+04	  3,60983e-01	  1,15426e-01
6053	  1,2104000000e+04	  3,62520e-01	  1,13613e-01
6054	  1,2106000000e+04	  3,61716e-01	  1,08765e-01
6055	  1,2108000000e+04	  3,61195e-01	  1,03881e-01
6056	  1,2110000000e+04	  3,64745e-01	  9,98867e-02
6057	  1,2112000000e+04	  3,67464e-01	  9,77661e-02
6058	  1,2114000000e+04	  3,65896e-01	  9,12134e-02
6059	  1,2116000000e+04	  3,64123e-01	  8,53139e-02
6060	  1,2118000000e+04	  3,63768e-01	  8,04993e-02
6061	  1,2120000000e+04	  3,62229e-01	  7,48312e-02
6062	  1,2122000000e+04	  3,62920e-01	  7,26181e-02
6063	  1,2124000000e+04	  3,63711e-01	  6,97571e-02
6064	  1,2126000000e+04	  3,65423e-01	  6,72783e-02
6065	  1,2128000000e+04	  3,61080e-01	  6,22973e-02
6066	  1,2130000000e+04	  3,59750e-01	  5,55614e-02
6067	  1,2132000000e+04	  3,62304e-01	  5,12998e-02
6068	  1,2134000000e+04	  3,63588e-01	  4,77416e-02
6069	  1,2136000000e+04	  3,60956e-01	  4,45415e-02
6070	  1,2138000000e+04	  3,59796e-01	  4,19805e-02
6071	  1,2140000000e+04	  3,59322e-01	  3,52044e-02
6072	  1,2142000000e+04	  3,60482e-01	  3,15716e-02
6073	  1,2144000000e+04	  3,59174e-01	  2,82116e-02
6074	  1,2146000000e+04	  3,59357e-01	  2,41671e-02
6075	  1,2148000000e+04	  3,59426e-01	  2,17006e-02
6076	  1,2150000000e+04	  3,59766e-01	  2,07960e-02
6077	  1,2152000000e+04	  3,60013e-01	  1,69827e-02
6078	  1,2154000000e+04	  3,58635e-01	  1,05655e-02
6079	  1,2156000000e+04	  3,57472e-01	  6,76563e-03
6080	  1,2158000000e+04	  3,60570e-01	  2,38444e-04
6081	  1,2160000000e+04	  3,61879e-01	 -3,19430e-03
6082	  1,2162000000e+04	  3,62302e-01	 -5,71725e-03
6083	  1,2164000000e+04	  3,58340e-01	 -1,00503e-02
6084	  1,2166000000e+04	  3,58173e-01	 -1,23060e-02
6085	  1,2168000000e+04	  3,58728e-01	 -1,46581e-02
6086	  1,2170000000e+04	  3,57152e-01	 -1,86289e-02
6087	  1,2172000000e+04	  3,54450e-01	 -2,25953e-02
6088	  1,2174000000e+04	  3,52475e-01	 -3,08834e-02
6089	  1,2176000000e+04	  3,52592e-01	 -3,42285e-02
6090	  1,2178000000e+04	  3,51025e-01	 -3,90558e-02
6091	  1,2180000000e+04	  3,49236e-01	 -4,08605e-02
6092	  1,2182000000e+04	  3,47377e-01	 -4,41635e-02
6093	  1,2184000000e+04	  3,46535e-01	 -4,97375e-02
6094	  1,2186000000e+04	  3,47542e-01	 -5,17755e-02
6095	  1,2188000000e+04	  3,46143e-01	 -5,46147e-02
6096	  1,2190000000e+04	  3,45640e-01	 -5,60516e-02
6097	  1,2192000000e+04	  3,44775e-01	 -5,98984e-02
6098	  1,2194000000e+04	  3,44704e-01	 -6,27021e-02
6099	  1,2196000000e+04	  3,46716e-01	 -6,65063e-02
6100	  1,2198000000e+04	  3,46601e-01	 -7,27021e-02
6101	  1,2200000000e+04	  3,44683e-01	 -7,66143e-02
6102	  1,2202000000e+04	  3,44120e-01	 -8,05687e-02
6103	  1,2204000000e+04	  3,44654e-01	 -8,38418e-02
6104	  1,2206000000e+04	  3,42992e-01	 -8,72225e-02
6105	  1,2208000000e+04	  3,40673e-01	 -9,40716e-02
6106	  1,2210000000e+04	  3,39563e-01	 -9,96026e-02
6107	  1,2212000000e+04	  3,39672e-01	 -1,03300e-01
6108	  1,2214000000e+04	  3,36449e-01	 -1,06978e-01
6109	  1,2216000000e+04	  3,36815e-01	 -1,11119e-01
6110	  1,2218000000e+04	  3,31885e-01	 -1,16542e-01
6111	  1,2220000000e+04	  3,30569e-01	 -1,18957e-01
6112	  1,2222000000e+04	  3,29344e-01	 -1,22915e-01
6113	  1,2224000000e+04	  3,27624e-01	 -1,28544e-01
6114	  1,2226000000e+04	  3,24101e-01	 -1,33568e-01
6115	  1,2228000000e+04	  3,21031e-01	 -1,35005e-01
6116	  1,2230000000e+04	  3,17429e-01	 -1,39375e-01
6117	  1,2232000000e+04	  3,15626e-01	 -1,44655e-01
6118	  1,2234000000e+04	  3,14669e-01	 -1,47161e-01
6119	  1,2236000000e+04	  3,13717e-01	 -1,48531e-01
6120	  1,2238000000e+04	  3,10097e-01	 -1,50946e-01
6121	  1,2240000000e+04	  3,05792e-01	 -1,55888e-01
6122	  1,2242000000e+04	  3,01235e-01	 -1,60686e-01
6123	  1,2244000000e+04	  2,99825e-01	 -1,62999e-01
6124	  1,2246000000e+04	  2,96173e-01	 -1,66926e-01
6125	  1,2248000000e+04	  2,96840e-01	 -1,69842e-01
6126	  1,2250000000e+04	  2,94932e-01	 -1,73544e-01
6127	  1,2252000000e+04	  2,94133e-01	 -1,76179e-01
6128	  1,2254000000e+04	  2,90168e-01	 -1,81348e-01
6129	  1,2256000000e+04	  2,87840e-01	 -1,82751e-01
6130	  1,2258000000e+04	  2,86243e-01	 -1,84300e-01
6131	  1,2260000000e+04	  2,85048e-01	 -1,88472e-01
6132	  1,2262000000e+04	  2,83116e-01	 -1,91892e-01
6133	  1,2264000000e+04	  2,78190e-01	 -1,95929e-01
6134	  1,2266000000e+04	  2,75244e-01	 -1,99695e-01
6135	  1,2268000000e+04	  2,74980e-01	 -2,01493e-01
6136	  1,2270000000e+04	  2,73560e-01	 -2,03425e-01
6137	  1,2272000000e+04	  2,69037e-01	 -2,08019e-01
6138	  1,2274000000e+04	  2,63605e-01	 -2,10611e-01
6139	  1,2276000000e+04	  2,65280e-01	 -2,14100e-01
6140	  1,2278000000e+04	  2,63815e-01	 -2,16906e-01
6141	  1,2280000000e+04	  2,59060e-01	 -2,20279e-01
6142	  1,2282000000e+04	  2,56196e-01	 -2,27136e-01
6143	  1,2284000000e+04	  2,53847e-01	 -2,30292e-01
6144	  1,2286000000e+04	  2,49435e-01	 -2,31965e-01
6145	  1,2288000000e+04	  2,43096e-01	 -2,36851e-01
6146	  1,2290000000e+04	  2,40387e-01	 -2,40599e-01
6147	  1,2292000000e+04	  2,36679e-01	 -2,43777e-01
6148	  1,2294000000e+04	  2,31843e-01	 -2,46845e-01
6149	  1,2296000000e+04	  2,25856e-01	 -2,49734e-01
6150	  1,2298000000e+04	  2,19713e-01	 -2,50695e-01
6151	  1,2300000000e+04	  2,17561e-01	 -2,52760e-01
6152	  1,2302000000e+04	  2,12764e-01	 -2,55603e-01
6153	  1,2304000000e+04	  2,08394e-01	 -2,57517e-01
6154	  1,2306000000e+04	  2,04834e-01	 -2,59235e-01
6155	  1,2308000000e+04	  2,00818e-01	 -2,61198e-01
6156	  1,2310000000e+04	  1,97487e-01	 -2,63437e-01
6157	  1,2312000000e+04	  1,90646e-01	 -2,64419e-01
6158	  1,2314000000e+04	  1,88447e-01	 -2,66968e-01
6159	  1,2316000000e+04	  1,83844e-01	 -2,68410e-01
6160	  1,2318000000e+04	  1,78492e-01	 -2,65808e-01
6161	  1,2320000000e+04	  1,72548e-01	 -2,63928e-01
6162	  1,2322000000e+04	  1,66342e-01	 -2,66008e-01
6163	  1,2324000000e+04	  1,63129e-01	 -2,67570e-01
6164	  1,2326000000e+04	  1,61396e-01	 -2,69871e-01
6165	  1,2328000000e+04	  1,58285e-01	 -2,70350e-01
6166	  1,2330000000e+04	  1,54826e-01	 -2,69490e-01
6167	  1,2332000000e+04	  1,53162e-01	 -2,69863e-01
6168	  1,2334000000e+04	  1,50364e-01	 -2,71346e-01
6169	  1,2336000000e+04	  1,46699e-01	 -2,73536e-01
6170	  1,2338000000e+04	  1,42377e-01	 -2,75547e-01
6171	  1,2340000000e+04	  1,40254e-01	 -2,76341e-01
6172	  1,2342000000e+04	  1,36254e-01	 -2,75426e-01
6173	  1,2344000000e+04	  1,30950e-01	 -2,74147e-01
6174	  1,2346000000e+04	  1,26737e-01	 -2,78426e-01
6175	  1,2348000000e+04	  1,24064e-01	 -2,80270e-01
6176	  1,2350000000e+04	  1,20326e-01	 -2,78297e-01
6177	  1,2352000000e+04	  1,14588e-01	 -2,77932e-01
6178	  1,2354000000e+04	  1,13588e-01	 -2,77303e-01
6179	  1,2356000000e+04	  1,10898e-01	 -2,77856e-01
6180	  1,2358000000e+04	  1,02610e-01	 -2,78900e-01
6181	  1,2360000000e+04	  9,81086e-02	 -2,80646e-01
6182	  1,2362000000e+04	  9,58322e-02	 -2,80828e-01
6183	  1,2364000000e+04	  9,25428e-02	 -2,82825e-01
6184	  1,2366000000e+04	  8,78951e-02	 -2,84386e-01
6185	  1,2368000000e+04	  8,31497e-02	 -2,83906e-01
6186	  1,2370000000e+04	  8,05490e-02	 -2,80604e-01
6187	  1,2372000000e+04	  7,72832e-02	 -2,81139e-01
6188	  1,2374000000e+04	  7,37946e-02	 -2,82128e-01
6189	  1,2376000000e+04	  6,93830e-02	 -2,77577e-01
6190	  1,2378000000e+04	  6,59418e-02	 -2,78634e-01
6191	  1,2380000000e+04	  6,14210e-02	 -2,79246e-01
6192	  1,2382000000e+04	  5,86249e-02	 -2,79528e-01
6193	  1,2384000000e+04	  5,62654e-02	 -2,78028e-01
6194	  1,2386000000e+04	  5,06205e-02	 -2,75348e-01
6195	  1,2388000000e+04	  4,56188e-02	 -2,77356e-01
6196	  1,2390000000e+04	  4,21654e-02	 -2,78009e-01
6197	  1,2392000000e+04	  4,04020e-02	 -2,78036e-01
6198	  1,2394000000e+04	  3,85650e-02	 -2,75135e-01
6199	  1,2396000000e+04	  3,37256e-02	 -2,77580e-01
6200	  1,2398000000e+04	  3,12361e-02	 -2,76715e-01
6201	  1,2400000000e+04	  2,73630e-02	 -2,75331e-01
6202	  1,2402000000e+04	  2,31706e-02	 -2,73581e-01
6203	  1,2404000000e+04	  2,03286e-02	 -2,71156e-01
6204	  1,2406000000e+04	  1,61352e-02	 -2,70244e-01
6205	  1,2408000000e+04	  1,26361e-02	 -2,69318e-01
6206	  1,2410000000e+04	  1,13600e-02	 -2,69822e-01
6207	  1,2412000000e+04	  8,01715e-03	 -2,68957e-01
6208	  1,2414000000e+04	  2,89454e-03	 -2,65952e-01
6209	  1,2416000000e+04	 -1,05275e-03	 -2,64458e-01
6210	  1,2418000000e+04	 -3,32651e-03	 -2,63071e-01
6211	  1,2420000000e+04	 -7,35942e-03	 -2,61693e-01
6212	  1,2422000000e+04	 -9,14923e-03	 -2,59483e-01
6213	  1,2424000000e+04	 -1,03767e-02	 -2,58130e-01
6214	  1,2426000000e+04	 -1,22158e-02	 -2,56580e-01
6215	  1,2428000000e+04	 -1,71615e-02	 -2,55173e-01
6216	  1,2430000000e+04	 -2,02452e-02	 -2,55050e-01
6217	  1,2432000000e+04	 -2,35908e-02	 -2,51716e-01
6218	  1,2434000000e+04	 -2,75497e-02	 -2,51175e-01
6219	  1,2436000000e+04	 -2,63767e-02	 -2,49984e-01
6220	  1,2438000000e+04	 -2,92719e-02	 -2,49221e-01
6221	  1,2440000000e+04	 -3,39384e-02	 -2,47970e-01
6222	  1,2442000000e+04	 -3,72147e-02	 -2,45358e-01
6223	  1,2444000000e+04	 -4,10304e-02	 -2,42866e-01
6224	  1,2446000000e+04	 -4,31147e-02	 -2,41738e-01
6225	  1,2448000000e+04	 -4,60326e-02	 -2,39323e-01
6226	  1,2450000000e+04	 -4,92209e-02	 -2,35472e-01
6227	  1,2452000000e+04	 -5,03180e-02	 -2,35125e-01
6228	  1,2454000000e+04	 -5,09530e-02	 -2,32755e-01
6229	  1,2456000000e+04	 -5,45802e-02	 -2,31353e-01
6230	  1,2458000000e+04	 -5,70053e-02	 -2,30879e-01
6231	  1,2460000000e+04	 -5,77668e-02	 -2,27960e-01
6232	  1,2462000000e+04	 -6,14242e-02	 -2,24504e-01
6233	  1,2464000000e+04	 -6,18735e-02	 -2,23963e-01
6234	  1,2466000000e+04	 -6,50742e-02	 -2,22341e-01
6235	  1,2468000000e+04	 -6,69575e-02	 -2,20475e-01
6236	  1,2470000000e+04	 -6,92779e-02	 -2,20049e-01
6237	  1,2472000000e+04	 -7,16768e-02	 -2,18665e-01
6238	  1,2474000000e+04	 -7,60663e-02	 -2,16239e-01
6239	  1,2476000000e+04	 -7,72091e-02	 -2,13325e-01
6240	  1,2478000000e+04	 -7,97346e-02	 -2,11197e-01
6241	  1,2480000000e+04	 -8,02384e-02	 -2,07842e-01
6242	  1,2482000000e+04	 -8,32888e-02	 -2,05587e-01
6243	  1,2484000000e+04	 -8,62164e-02	 -2,05157e-01
6244	  1,2486000000e+04	 -8,57652e-02	 -2,00238e-01
6245	  1,2488000000e+04	 -8,72904e-02	 -1,98468e-01
6246	  1,2490000000e+04	 -8,89774e-02	 -1,95369e-01
6247	  1,2492000000e+04	 -8,82592e-02	 -1,92139e-01
6248	  1,2494000000e+04	 -9,03269e-02	 -1,90676e-01
6249	  1,2496000000e+04	 -9,16401e-02	 -1,89352e-01
6250	  1,2498000000e+04	 -9,37562e-02	 -1,87397e-01
6251	  1,2500000000e+04	 -9,40553e-02	 -1,85986e-01
6252	  1,2502000000e+04	 -9,48991e-02	 -1,82876e-01
6253	  1,2504000000e+04	 -9,64151e-02	 -1,80174e-01
6254	  1,2506000000e+04	 -9,77530e-02	 -1,78870e-01
6255	  1,2508000000e+04	 -9,68172e-02	 -1,78970e-01
6256	  1,2510000000e+04	 -9,92698e-02	 -1,76573e-01
6257	  1,2512000000e+04	 -9,96145e-02	 -1,75351e-01
6258	  1,2514000000e+04	 -9,89970e-02	 -1,73554e-01
6259	  1,2516000000e+04	 -1,01252e-01	 -1,74230e-01
6260	  1,2518000000e+04	 -1,02195e-01	 -1,72613e-01
6261	  1,2520000000e+04	 -1,04749e-01	 -1,67209e-01
6262	  1,2522000000e+04	 -1,08081e-01	 -1,66165e-01
6263	  1,2524000000e+04	 -1,11752e-01	 -1,63887e-01
6264	  1,2526000000e+04	 -1,11838e-01	 -1,62934e-01
6265	  1,2528000000e+04	 -1,11694e-01	 -1,60946e-01
6266	  1,2530000000e+04	 -1,11179e-01	 -1,59220e-01
6267	  1,2532000000e+04	 -1,14145e-01	 -1,55252e-01
6268	  1,2534000000e+04	 -1,16651e-01	 -1,53010e-01
6269	  1,2536000000e+04	 -1,16696e-01	 -1,51772e-01
6270	  1,2538000000e+04	 -1,16386e-01	 -1,50560e-01
6271	  1,2540000000e+04	 -1,21347e-01	 -1,48823e-01
6272	  1,2542000000e+04	 -1,20562e-01	 -1,45379e-01
6273	  1,2544000000e+04	 -1,23210e-01	 -1,43024e-01
6274	  1,2546000000e+04	 -1,22963e-01	 -1,38766e-01
6275	  1,2548000000e+04	 -1,21881e-01	 -1,33611e-01
6276	  1,2550000000e+04	 -1,23270e-01	 -1,30674e-01
6277	  1,2552000000e+04	 -1,23665e-01	 -1,28306e-01
6278	  1,2554000000e+04	 -1,21111e-01	 -1,25977e-01
6279	  1,2556000000e+04	 -1,20157e-01	 -1,23819e-01
6280	  1,2558000000e+04	 -1,21069e-01	 -1,18857e-01
6281	  1,2560000000e+04	 -1,19680e-01	 -1,16128e-01
6282	  1,2562000000e+04	 -1,20258e-01	 -1,15936e-01
6283	  1,2564000000e+04	 -1,20047e-01	 -1,15469e-01
6284	  1,2566000000e+04	 -1,19766e-01	 -1,11936e-01
6285	  1,2568000000e+04	 -1,18435e-01	 -1,10702e-01
6286	  1,2570000000e+04	 -1,16944e-01	 -1,09891e-01
6287	  1,2572000000e+04	 -1,18391e-01	 -1,08066e-01
6288	  1,2574000000e+04	 -1,18326e-01	 -1,06512e-01
6289	  1,2576000000e+04	 -1,18607e-01	 -1,05609e-01
6290	  1,2578000000e+04	 -1,18672e-01	 -1,03043e-01
6291	  1,2580000000e+04	 -1,16607e-01	 -1,03313e-01
6292	  1,2582000000e+04	 -1,16343e-01	 -1,02090e-01
6293	  1,2584000000e+04	 -1,16488e-01	 -9,81067e-02
6294	  1,2586000000e+04	 -1,15977e-01	 -9,68339e-02
6295	  1,2588000000e+04	 -1,15543e-01	 -9,80003e-02
6296	  1,2590000000e+04	 -1,15841e-01	 -9,66788e-02
6297	  1,2592000000e+04	 -1,16064e-01	 -9,50703e-02
6298	  1,2594000000e+04	 -1,18877e-01	 -9,22563e-02
6299	  1,2596000000e+04	 -1,19552e-01	 -9,01354e-02
6300	  1,2598000000e+04	 -1,14599e-01	 -8,82706e-02
6301	  1,2600000000e+04	 -1,18426e-01	 -8,56840e-02
6302	  1,2602000000e+04	 -1,17482e-01	 -8,27385e-02
6303	  1,2604000000e+04	 -1,16840e-01	 -8,08906e-02
6304	  1,2606000000e+04	 -1,17091e-01	 -7,78800e-02
6305	  1,2608000000e+04	 -1,17066e-01	 -7,86764e-02
6306	  1,2610000000e+04	 -1,13830e-01	 -7,62926e-02
6307	  1,2612000000e+04	 -1,14569e-01	 -7,45555e-02
6308	  1,2614000000e+04	 -1,11975e-01	 -7,39107e-02
6309	  1,2616000000e+04	 -1,12715e-01	 -7,07818e-02
6310	  1,2618000000e+04	 -1,10512e-01	 -7,02502e-02
6311	  1,2620000000e+04	 -1,08099e-01	 -7,08633e-02
6312	  1,2622000000e+04	 -1,05836e-01	 -6,78779e-02
6313	  1,2624000000e+04	 -1,06807e-01	 -6,50887e-02
6314	  1,2626000000e+04	 -1,06314e-01	 -6,48961e-02
6315	  1,2628000000e+04	 -1,03748e-01	 -6,50996e-02
6316	  1,2630000000e+04	 -1,02738e-01	 -6,51165e-02
6317	  1,2632000000e+04	 -1,03513e-01	 -6,47667e-02
6318	  1,2634000000e+04	 -1,04796e-01	 -6,25767e-02
6319	  1,2636000000e+04	 -1,01855e-01	 -6,19599e-02
6320	  1,2638000000e+04	 -1,01056e-01	 -6,38174e-02
6321	  1,2640000000e+04	 -9,85794e-02	 -6,27232e-02
6322	  1,2642000000e+04	 -9,69038e-02	 -6,00595e-02
6323	  1,2644000000e+04	 -9,65816e-02	 -5,96801e-02
6324	  1,2646000000e+04	 -9,50851e-02	 -6,05582e-02
6325	  1,2648000000e+04	 -9,29240e-02	 -6,40484e-02
6326	  1,2650000000e+04	 -9,57103e-02	 -6,26403e-02
6327	  1,2652000000e+04	 -9,65104e-02	 -6,31761e-02
6328	  1,2654000000e+04	 -9,21022e-02	 -6,38632e-02
6329	  1,2656000000e+04	 -9,17654e-02	 -6,61330e-02
6330	  1,2658000000e+04	 -9,13585e-02	 -6,51904e-02
6331	  1,2660000000e+04	 -9,10053e-02	 -5,95991e-02
6332	  1,2662000000e+04	 -9,12012e-02	 -6,06397e-02
6333	  1,2664000000e+04	 -9,29786e-02	 -6,27608e-02
6334	  1,2666000000e+04	 -9,26212e-02	 -6,14535e-02
6335	  1,2668000000e+04	 -9,42922e-02	 -6,18785e-02
6336	  1,2670000000e+04	 -9,16251e-02	 -6,17370e-02
6337	  1,2672000000e+04	 -9,23964e-02	 -6,39471e-02
6338	  1,2674000000e+04	 -9,28219e-02	 -6,43762e-02
6339	  1,2676000000e+04	 -9,13206e-02	 -6,27011e-02
6340	  1,2678000000e+04	 -9,05355e-02	 -6,21300e-02
6341	  1,2680000000e+04	 -9,09157e-02	 -6,12935e-02
6342	  1,2682000000e+04	 -9,15889e-02	 -6,31242e-02
6343	  1,2684000000e+04	 -9,28908e-02	 -6,32980e-02
6344	  1,2686000000e+04	 -9,33178e-02	 -6,24050e-02
6345	  1,2688000000e+04	 -9,39887e-02	 -6,23002e-02
6346	  1,2690000000e+04	 -9,37086e-02	 -6,33755e-02
6347	  1,2692000000e+04	 -9,35552e-02	 -6,14378e-02
6348	  1,2694000000e+04	 -9,54319e-02	 -6,13444e-02
6349	  1,2696000000e+04	 -9,27534e-02	 -6,23750e-02
6350	  1,2698000000e+04	 -9,53654e-02	 -6,18455e-02
6351	  1,2700000000e+04	 -9,52367e-02	 -6,28743e-02
6352	  1,2702000000e+04	 -9,20323e-02	 -6,49085e-02
6353	  1,2704000000e+04	 -9,37916e-02	 -6,28843e-02
6354	  1,2706000000e+04	 -9,62433e-02	 -5,95858e-02
6355	  1,2708000000e+04	 -9,71316e-02	 -5,95858e-02
6356	  1,2710000000e+04	 -9,45354e-02	 -6,08395e-02
6357	  1,2712000000e+04	 -9,77719e-02	 -5,94351e-02
6358	  1,2714000000e+04	 -9,58934e-02	 -5,88590e-02
6359	  1,2716000000e+04	 -9,43057e-02	 -5,60729e-02
6360	  1,2718000000e+04	 -9,43469e-02	 -5,66411e-02
6361	  1,2720000000e+04	 -9,41066e-02	 -5,97080e-02
6362	  1,2722000000e+04	 -9,69650e-02	 -5,97406e-02
6363	  1,2724000000e+04	 -9,67258e-02	 -6,03723e-02
6364	  1,2726000000e+04	 -9,19435e-02	 -6,35541e-02
6365	  1,2728000000e+04	 -9,25546e-02	 -6,35530e-02
6366	  1,2730000000e+04	 -9,67848e-02	 -6,26648e-02
6367	  1,2732000000e+04	 -9,74973e-02	 -6,48542e-02
6368	  1,2734000000e+04	 -9,85789e-02	 -6,38015e-02
6369	  1,2736000000e+04	 -9,90831e-02	 -6,33932e-02
6370	  1,2738000000e+04	 -9,96338e-02	 -6,57740e-02
6371	  1,2740000000e+04	 -1,03568e-01	 -6,58057e-02
6372	  1,2742000000e+04	 -1,09452e-01	 -6,50132e-02
6373	  1,2744000000e+04	 -1,09431e-01	 -6,56474e-02
6374	  1,2746000000e+04	 -1,10670e-01	 -6,58389e-02
6375	  1,2748000000e+04	 -1,14786e-01	 -6,32867e-02
6376	  1,2750000000e+04	 -1,16571e-01	 -6,29970e-02
6377	  1,2752000000e+04	 -1,17210e-01	 -6,10788e-02
6378	  1,2754000000e+04	 -1,20600e-01	 -6,05771e-02
6379	  1,2756000000e+04	 -1,21900e-01	 -6,11878e-02
6380	  1,2758000000e+04	 -1,22518e-01	 -5,98020e-02
6381	  1,2760000000e+04	 -1,24504e-01	 -5,59532e-02
6382	  1,2762000000e+04	 -1,24607e-01	 -5,26846e-02
6383	  1,2764000000e+04	 -1,25808e-01	 -4,94236e-02
6384	  1,2766000000e+04	 -1,29437e-01	 -5,02126e-02
6385	  1,2768000000e+04	 -1,32599e-01	 -4,87449e-02
6386	  1,2770000000e+04	 -1,33004e-01	 -4,30762e-02
6387	  1,2772000000e+04	 -1,31112e-01	 -3,99648e-02
6388	  1,2774000000e+04	 -1,31604e-01	 -3,80191e-02
6389	  1,2776000000e+04	 -1,31132e-01	 -3,55292e-02
6390	  1,2778000000e+04	 -1,31808e-01	 -3,31480e-02
6391	  1,2780000000e+04	 -1,30836e-01	 -3,08438e-02
6392	  1,2782000000e+04	 -1,30786e-01	 -3,18657e-02
6393	  1,2784000000e+04	 -1,31435e-01	 -3,03676e-02
6394	  1,2786000000e+04	 -1,29150e-01	 -2,71930e-02
6395	  1,2788000000e+04	 -1,27507e-01	 -2,77608e-02
6396	  1,2790000000e+04	 -1,28395e-01	 -2,38861e-02
6397	  1,2792000000e+04	 -1,29273e-01	 -2,01960e-02
6398	  1,2794000000e+04	 -1,26690e-01	 -2,33027e-02
6399	  1,2796000000e+04	 -1,24041e-01	 -1,98164e-02
6400	  1,2798000000e+04	 -1,24018e-01	 -2,00634e-02
6401	  1,2800000000e+04	 -1,26687e-01	 -1,94370e-02
TagsBegin:	 	 	 
OverLoad:	 	False	 
AverageNumber: []	 	  2,00000e+02	 
OverLoadRatio: []	 	  1,19209e-07	 
TagsEnd:	 	 	 
TagScalesBegin:	 	 	 
TagScalesEnd:	 	 	 
