Header Size:	 78	 	 
Pulse Version:	 42	 	 
Decimal Symbol:	,	 	 
Date Format:	dd-MM-yyyy	 	 
Time Format:	HH:mm:ss:mmm	 	 
Data Type:	Complex	 	 
Slice:	False	 	 
Z-Axis type:	Linear	 	 
Z-Axis size:	1	 	 
Z-Axis unit:	 	 	 
Z-Axis first value:	  0,0000000000e+00	 	 
Z-Axis delta:	  1,0000000000e+00	 	 
X-Axis type:	Linear	 	 
X-Axis size:	6401	 	 
X-Axis unit:	Hz	 	 
X-Axis first value:	  0,0000000000e+00	 	 
X-Axis delta:	  2,0000000000e+00	 	 
	 	 	 
AmplitudeUnit:	Pa/V	 	 
Analyzer:	FFT_Spectrum_Averaging	 	 
AnalyzerName:	FFT Analyzer3	 	 
	 	 	 
	 	 	 
Bipolar:	True	 	 
CenterFrequency:	  6,4000000000e+03	 	 
	 	 	 
	 	 	 
	 	 	 
	 	 	 
	 	 	 
	 	 	 
	 	 	 
	 	 	 
Domain:	1	 	 
Function:	Frequency Response	 	 
	 	 	 
InputRange:	  1,0000000000e+01	 	 
	 	 	 
	 	 	 
MultiBufferName:	Input	 	 
NBW:	  1,5000000000e+00	 	 
	 	 	 
OverlapFailed:	False	 	 
Overrun:	False	 	 
Power:	False	 	 
	 	 	 
Ratio:	True	 	 
RecordLength:	  5,0000000000e-01	 	 
ReducedSize:	True	 	 
Ref_Signal:	Signal 1	 	 
	 	 	 
	 	 	 
RefSignalUnit:	V	 	 
	 	 	 
	 	 	 
Signal:	Signal 37	 	 
	 	 	 
SignalUnit:	Pa	 	 
	 	 	 
	 	 	 
	 	 	 
Title:	Frequency Response H1(Signal 37,Signal 1) - Input	 	 
Title1:	Working : Input : Input : FFT Analyzer3	 	 
	 	 	 
	 	 	 
	 	 	 
ZoomOn:	True	 	 
	 	 	 
TemplateName:	Working	 	 
MeasurementName:	Input	 	 
MeasurementSlice:	False	 	 
	 	 	 
	 	 	 
	 	 	 
EnvelopeOn:	False	 	 
	 	 	 
	 	 	 
	 	 	 
Z-index:	 	1	 
Date:	 	14-07-2026	 
Time:	 	16:57:38:522	 
Relative time:	 	  0,00000e+00	 
Z-axis:	 	  0,0000000000e+00	 
1	  0,0000000000e+00	 -8,85360e-05	 -2,40743e-08
2	  2,0000000000e+00	  7,49232e-04	 -4,22578e-04
3	  4,0000000000e+00	  7,99223e-05	 -1,44143e-03
4	  6,0000000000e+00	  3,88738e-04	 -1,59919e-03
5	  8,0000000000e+00	  8,02293e-03	 -4,08258e-03
6	  1,0000000000e+01	 -1,13828e-02	  4,03173e-03
7	  1,2000000000e+01	 -5,37836e-03	  3,67187e-03
8	  1,4000000000e+01	  1,01789e-02	 -9,84162e-03
9	  1,6000000000e+01	  1,26892e-02	 -1,64975e-02
10	  1,8000000000e+01	 -5,13352e-03	 -2,96571e-02
11	  2,0000000000e+01	 -3,50090e-02	 -2,90139e-02
12	  2,2000000000e+01	 -4,43167e-02	 -1,88160e-02
13	  2,4000000000e+01	 -5,56884e-02	 -2,70324e-02
14	  2,6000000000e+01	 -6,19778e-02	 -2,67101e-02
15	  2,8000000000e+01	 -8,03989e-02	 -2,08228e-02
16	  3,0000000000e+01	 -8,20842e-02	  2,02580e-03
17	  3,2000000000e+01	 -9,00759e-02	  1,19419e-02
18	  3,4000000000e+01	 -8,58213e-02	  1,88998e-02
19	  3,6000000000e+01	 -9,14429e-02	  2,26606e-02
20	  3,8000000000e+01	 -9,66211e-02	  1,95383e-02
21	  4,0000000000e+01	 -9,81654e-02	  1,41519e-02
22	  4,2000000000e+01	 -7,00839e-02	  1,88428e-02
23	  4,4000000000e+01	 -8,41856e-02	  1,23285e-02
24	  4,6000000000e+01	 -1,06166e-01	 -6,12728e-04
25	  4,8000000000e+01	 -1,06386e-01	  6,57835e-03
26	  5,0000000000e+01	 -1,04844e-01	  8,59918e-03
27	  5,2000000000e+01	 -1,20837e-01	  2,64387e-03
28	  5,4000000000e+01	 -1,37339e-01	  2,66072e-03
29	  5,6000000000e+01	 -1,56209e-01	  9,80601e-03
30	  5,8000000000e+01	 -1,77390e-01	  1,11835e-02
31	  6,0000000000e+01	 -1,89897e-01	  8,38810e-03
32	  6,2000000000e+01	 -2,06360e-01	  1,63338e-02
33	  6,4000000000e+01	 -2,29405e-01	  2,74053e-02
34	  6,6000000000e+01	 -2,49618e-01	  4,40898e-02
35	  6,8000000000e+01	 -2,64742e-01	  5,64769e-02
36	  7,0000000000e+01	 -2,85364e-01	  7,61805e-02
37	  7,2000000000e+01	 -3,00241e-01	  8,41571e-02
38	  7,4000000000e+01	 -3,14895e-01	  9,12182e-02
39	  7,6000000000e+01	 -3,35370e-01	  1,02360e-01
40	  7,8000000000e+01	 -3,57326e-01	  1,21105e-01
41	  8,0000000000e+01	 -3,76222e-01	  1,45111e-01
42	  8,2000000000e+01	 -3,92141e-01	  1,60479e-01
43	  8,4000000000e+01	 -4,06362e-01	  1,69969e-01
44	  8,6000000000e+01	 -4,30350e-01	  2,03628e-01
45	  8,8000000000e+01	 -4,53147e-01	  2,32544e-01
46	  9,0000000000e+01	 -4,66717e-01	  2,55241e-01
47	  9,2000000000e+01	 -4,83704e-01	  2,86225e-01
48	  9,4000000000e+01	 -5,05108e-01	  3,18626e-01
49	  9,6000000000e+01	 -5,23593e-01	  3,51145e-01
50	  9,8000000000e+01	 -5,34550e-01	  3,89484e-01
51	  1,0000000000e+02	 -5,48954e-01	  4,20857e-01
52	  1,0200000000e+02	 -5,63297e-01	  4,65660e-01
53	  1,0400000000e+02	 -5,78534e-01	  5,08978e-01
54	  1,0600000000e+02	 -5,81922e-01	  5,52021e-01
55	  1,0800000000e+02	 -5,84142e-01	  5,91018e-01
56	  1,1000000000e+02	 -5,89489e-01	  6,32450e-01
57	  1,1200000000e+02	 -5,89023e-01	  6,78816e-01
58	  1,1400000000e+02	 -5,84035e-01	  7,30238e-01
59	  1,1600000000e+02	 -5,87392e-01	  7,78957e-01
60	  1,1800000000e+02	 -5,85189e-01	  8,34480e-01
61	  1,2000000000e+02	 -5,72499e-01	  8,75421e-01
62	  1,2200000000e+02	 -5,61422e-01	  9,26754e-01
63	  1,2400000000e+02	 -5,53331e-01	  9,78122e-01
64	  1,2600000000e+02	 -5,30351e-01	  1,03490e+00
65	  1,2800000000e+02	 -4,96641e-01	  1,08372e+00
66	  1,3000000000e+02	 -4,77401e-01	  1,13168e+00
67	  1,3200000000e+02	 -4,49240e-01	  1,18576e+00
68	  1,3400000000e+02	 -4,14300e-01	  1,23573e+00
69	  1,3600000000e+02	 -3,79901e-01	  1,28225e+00
70	  1,3800000000e+02	 -3,43395e-01	  1,33145e+00
71	  1,4000000000e+02	 -3,04880e-01	  1,36931e+00
72	  1,4200000000e+02	 -2,52883e-01	  1,41360e+00
73	  1,4400000000e+02	 -2,09222e-01	  1,44793e+00
74	  1,4600000000e+02	 -1,58199e-01	  1,48680e+00
75	  1,4800000000e+02	 -1,04132e-01	  1,51916e+00
76	  1,5000000000e+02	 -4,59493e-02	  1,54898e+00
77	  1,5200000000e+02	  5,00759e-03	  1,57423e+00
78	  1,5400000000e+02	  6,45080e-02	  1,59251e+00
79	  1,5600000000e+02	  1,16979e-01	  1,61039e+00
80	  1,5800000000e+02	  1,77560e-01	  1,62738e+00
81	  1,6000000000e+02	  2,36740e-01	  1,63899e+00
82	  1,6200000000e+02	  2,88350e-01	  1,64491e+00
83	  1,6400000000e+02	  3,52352e-01	  1,64876e+00
84	  1,6600000000e+02	  4,06302e-01	  1,65281e+00
85	  1,6800000000e+02	  4,58065e-01	  1,65499e+00
86	  1,7000000000e+02	  5,04998e-01	  1,65331e+00
87	  1,7200000000e+02	  5,56562e-01	  1,64495e+00
88	  1,7400000000e+02	  6,11394e-01	  1,63616e+00
89	  1,7600000000e+02	  6,62654e-01	  1,62563e+00
90	  1,7800000000e+02	  7,10245e-01	  1,61831e+00
91	  1,8000000000e+02	  7,61830e-01	  1,60637e+00
92	  1,8200000000e+02	  8,11164e-01	  1,58794e+00
93	  1,8400000000e+02	  8,53952e-01	  1,57079e+00
94	  1,8600000000e+02	  8,98241e-01	  1,55320e+00
95	  1,8800000000e+02	  9,43084e-01	  1,53418e+00
96	  1,9000000000e+02	  9,86769e-01	  1,51422e+00
97	  1,9200000000e+02	  1,02461e+00	  1,49332e+00
98	  1,9400000000e+02	  1,06266e+00	  1,46762e+00
99	  1,9600000000e+02	  1,10274e+00	  1,44341e+00
100	  1,9800000000e+02	  1,13218e+00	  1,42255e+00
101	  2,0000000000e+02	  1,16216e+00	  1,39165e+00
102	  2,0200000000e+02	  1,18951e+00	  1,36715e+00
103	  2,0400000000e+02	  1,21676e+00	  1,34500e+00
104	  2,0600000000e+02	  1,24258e+00	  1,31783e+00
105	  2,0800000000e+02	  1,26939e+00	  1,28675e+00
106	  2,1000000000e+02	  1,29624e+00	  1,26413e+00
107	  2,1200000000e+02	  1,32117e+00	  1,23970e+00
108	  2,1400000000e+02	  1,33948e+00	  1,21316e+00
109	  2,1600000000e+02	  1,36006e+00	  1,18549e+00
110	  2,1800000000e+02	  1,38254e+00	  1,16449e+00
111	  2,2000000000e+02	  1,40102e+00	  1,13704e+00
112	  2,2200000000e+02	  1,41664e+00	  1,10984e+00
113	  2,2400000000e+02	  1,43037e+00	  1,08720e+00
114	  2,2600000000e+02	  1,44943e+00	  1,06397e+00
115	  2,2800000000e+02	  1,46642e+00	  1,03542e+00
116	  2,3000000000e+02	  1,47743e+00	  1,01216e+00
117	  2,3200000000e+02	  1,49351e+00	  9,88496e-01
118	  2,3400000000e+02	  1,50914e+00	  9,61648e-01
119	  2,3600000000e+02	  1,52100e+00	  9,29630e-01
120	  2,3800000000e+02	  1,53099e+00	  9,05354e-01
121	  2,4000000000e+02	  1,54049e+00	  8,83328e-01
122	  2,4200000000e+02	  1,55139e+00	  8,60178e-01
123	  2,4400000000e+02	  1,55484e+00	  8,36904e-01
124	  2,4600000000e+02	  1,56751e+00	  8,18632e-01
125	  2,4800000000e+02	  1,57824e+00	  7,91639e-01
126	  2,5000000000e+02	  1,58719e+00	  7,66264e-01
127	  2,5200000000e+02	  1,58790e+00	  7,47701e-01
128	  2,5400000000e+02	  1,59294e+00	  7,26276e-01
129	  2,5600000000e+02	  1,60356e+00	  7,07717e-01
130	  2,5800000000e+02	  1,61027e+00	  6,87164e-01
131	  2,6000000000e+02	  1,61686e+00	  6,63543e-01
132	  2,6200000000e+02	  1,62112e+00	  6,43647e-01
133	  2,6400000000e+02	  1,62300e+00	  6,27876e-01
134	  2,6600000000e+02	  1,62987e+00	  6,05837e-01
135	  2,6800000000e+02	  1,63261e+00	  5,85623e-01
136	  2,7000000000e+02	  1,63825e+00	  5,64039e-01
137	  2,7200000000e+02	  1,64449e+00	  5,44345e-01
138	  2,7400000000e+02	  1,64355e+00	  5,24381e-01
139	  2,7600000000e+02	  1,64389e+00	  5,01687e-01
140	  2,7800000000e+02	  1,64695e+00	  4,84015e-01
141	  2,8000000000e+02	  1,64724e+00	  4,65192e-01
142	  2,8200000000e+02	  1,64977e+00	  4,44480e-01
143	  2,8400000000e+02	  1,65015e+00	  4,28372e-01
144	  2,8600000000e+02	  1,64989e+00	  4,10734e-01
145	  2,8800000000e+02	  1,64461e+00	  3,88939e-01
146	  2,9000000000e+02	  1,64646e+00	  3,71108e-01
147	  2,9200000000e+02	  1,64616e+00	  3,59477e-01
148	  2,9400000000e+02	  1,64104e+00	  3,44682e-01
149	  2,9600000000e+02	  1,64420e+00	  3,29193e-01
150	  2,9800000000e+02	  1,64466e+00	  3,15518e-01
151	  3,0000000000e+02	  1,64386e+00	  3,00041e-01
152	  3,0200000000e+02	  1,64043e+00	  2,87714e-01
153	  3,0400000000e+02	  1,64091e+00	  2,78361e-01
154	  3,0600000000e+02	  1,64210e+00	  2,62792e-01
155	  3,0800000000e+02	  1,64480e+00	  2,48536e-01
156	  3,1000000000e+02	  1,64502e+00	  2,35377e-01
157	  3,1200000000e+02	  1,63985e+00	  2,23519e-01
158	  3,1400000000e+02	  1,63856e+00	  2,10772e-01
159	  3,1600000000e+02	  1,63992e+00	  1,98656e-01
160	  3,1800000000e+02	  1,63675e+00	  1,86670e-01
161	  3,2000000000e+02	  1,63296e+00	  1,74946e-01
162	  3,2200000000e+02	  1,63996e+00	  1,66641e-01
163	  3,2400000000e+02	  1,64565e+00	  1,56863e-01
164	  3,2600000000e+02	  1,64598e+00	  1,40202e-01
165	  3,2800000000e+02	  1,64467e+00	  1,22967e-01
166	  3,3000000000e+02	  1,63982e+00	  1,07893e-01
167	  3,3200000000e+02	  1,63930e+00	  9,25578e-02
168	  3,3400000000e+02	  1,63951e+00	  8,39620e-02
169	  3,3600000000e+02	  1,63737e+00	  6,93795e-02
170	  3,3800000000e+02	  1,63372e+00	  5,67991e-02
171	  3,4000000000e+02	  1,63233e+00	  4,84020e-02
172	  3,4200000000e+02	  1,63283e+00	  3,47271e-02
173	  3,4400000000e+02	  1,63443e+00	  2,33152e-02
174	  3,4600000000e+02	  1,63037e+00	  1,01236e-02
175	  3,4800000000e+02	  1,62807e+00	 -2,88821e-04
176	  3,5000000000e+02	  1,62739e+00	 -8,22914e-03
177	  3,5200000000e+02	  1,62432e+00	 -1,92081e-02
178	  3,5400000000e+02	  1,62085e+00	 -2,84767e-02
179	  3,5600000000e+02	  1,61746e+00	 -3,96141e-02
180	  3,5800000000e+02	  1,61932e+00	 -5,53484e-02
181	  3,6000000000e+02	  1,61890e+00	 -6,29580e-02
182	  3,6200000000e+02	  1,61711e+00	 -7,05498e-02
183	  3,6400000000e+02	  1,61401e+00	 -7,81351e-02
184	  3,6600000000e+02	  1,61139e+00	 -8,58550e-02
185	  3,6800000000e+02	  1,61038e+00	 -1,00763e-01
186	  3,7000000000e+02	  1,60761e+00	 -1,14532e-01
187	  3,7200000000e+02	  1,60646e+00	 -1,24465e-01
188	  3,7400000000e+02	  1,60300e+00	 -1,34820e-01
189	  3,7600000000e+02	  1,59982e+00	 -1,41768e-01
190	  3,7800000000e+02	  1,59881e+00	 -1,50577e-01
191	  3,8000000000e+02	  1,59406e+00	 -1,57650e-01
192	  3,8200000000e+02	  1,59073e+00	 -1,70283e-01
193	  3,8400000000e+02	  1,59171e+00	 -1,80816e-01
194	  3,8600000000e+02	  1,59123e+00	 -1,90699e-01
195	  3,8800000000e+02	  1,58840e+00	 -1,99401e-01
196	  3,9000000000e+02	  1,58712e+00	 -2,08721e-01
197	  3,9200000000e+02	  1,58717e+00	 -2,19769e-01
198	  3,9400000000e+02	  1,59033e+00	 -2,31877e-01
199	  3,9600000000e+02	  1,58559e+00	 -2,38366e-01
200	  3,9800000000e+02	  1,58144e+00	 -2,46231e-01
201	  4,0000000000e+02	  1,57754e+00	 -2,56641e-01
202	  4,0200000000e+02	  1,57193e+00	 -2,62410e-01
203	  4,0400000000e+02	  1,57219e+00	 -2,72512e-01
204	  4,0600000000e+02	  1,57298e+00	 -2,84555e-01
205	  4,0800000000e+02	  1,57011e+00	 -2,95586e-01
206	  4,1000000000e+02	  1,56585e+00	 -3,08972e-01
207	  4,1200000000e+02	  1,56489e+00	 -3,15765e-01
208	  4,1400000000e+02	  1,55991e+00	 -3,22760e-01
209	  4,1600000000e+02	  1,55331e+00	 -3,33028e-01
210	  4,1800000000e+02	  1,54914e+00	 -3,37891e-01
211	  4,2000000000e+02	  1,54345e+00	 -3,48546e-01
212	  4,2200000000e+02	  1,54469e+00	 -3,62817e-01
213	  4,2400000000e+02	  1,53862e+00	 -3,72848e-01
214	  4,2600000000e+02	  1,53285e+00	 -3,76219e-01
215	  4,2800000000e+02	  1,53048e+00	 -3,87459e-01
216	  4,3000000000e+02	  1,53043e+00	 -3,93007e-01
217	  4,3200000000e+02	  1,52615e+00	 -3,97239e-01
218	  4,3400000000e+02	  1,52059e+00	 -4,06314e-01
219	  4,3600000000e+02	  1,51840e+00	 -4,11089e-01
220	  4,3800000000e+02	  1,51518e+00	 -4,19534e-01
221	  4,4000000000e+02	  1,50964e+00	 -4,26770e-01
222	  4,4200000000e+02	  1,50464e+00	 -4,32606e-01
223	  4,4400000000e+02	  1,50580e+00	 -4,38124e-01
224	  4,4600000000e+02	  1,50544e+00	 -4,44081e-01
225	  4,4800000000e+02	  1,50146e+00	 -4,50425e-01
226	  4,5000000000e+02	  1,49660e+00	 -4,55856e-01
227	  4,5200000000e+02	  1,49538e+00	 -4,60745e-01
228	  4,5400000000e+02	  1,49266e+00	 -4,68777e-01
229	  4,5600000000e+02	  1,48895e+00	 -4,77711e-01
230	  4,5800000000e+02	  1,48933e+00	 -4,81831e-01
231	  4,6000000000e+02	  1,48917e+00	 -4,87226e-01
232	  4,6200000000e+02	  1,48284e+00	 -4,97294e-01
233	  4,6400000000e+02	  1,48113e+00	 -5,02900e-01
234	  4,6600000000e+02	  1,47770e+00	 -5,09864e-01
235	  4,6800000000e+02	  1,47627e+00	 -5,18658e-01
236	  4,7000000000e+02	  1,47743e+00	 -5,25039e-01
237	  4,7200000000e+02	  1,47985e+00	 -5,34079e-01
238	  4,7400000000e+02	  1,47652e+00	 -5,39617e-01
239	  4,7600000000e+02	  1,47580e+00	 -5,48088e-01
240	  4,7800000000e+02	  1,47485e+00	 -5,55018e-01
241	  4,8000000000e+02	  1,46851e+00	 -5,64038e-01
242	  4,8200000000e+02	  1,46633e+00	 -5,73512e-01
243	  4,8400000000e+02	  1,46648e+00	 -5,81742e-01
244	  4,8600000000e+02	  1,45853e+00	 -5,90532e-01
245	  4,8800000000e+02	  1,45382e+00	 -5,98344e-01
246	  4,9000000000e+02	  1,44859e+00	 -6,09822e-01
247	  4,9200000000e+02	  1,44491e+00	 -6,16952e-01
248	  4,9400000000e+02	  1,44010e+00	 -6,22390e-01
249	  4,9600000000e+02	  1,43425e+00	 -6,26985e-01
250	  4,9800000000e+02	  1,42987e+00	 -6,32417e-01
251	  5,0000000000e+02	  1,42627e+00	 -6,39028e-01
252	  5,0200000000e+02	  1,42411e+00	 -6,47296e-01
253	  5,0400000000e+02	  1,41876e+00	 -6,51614e-01
254	  5,0600000000e+02	  1,41945e+00	 -6,57567e-01
255	  5,0800000000e+02	  1,41619e+00	 -6,62228e-01
256	  5,1000000000e+02	  1,41005e+00	 -6,68473e-01
257	  5,1200000000e+02	  1,40840e+00	 -6,75447e-01
258	  5,1400000000e+02	  1,40605e+00	 -6,84029e-01
259	  5,1600000000e+02	  1,40376e+00	 -6,92026e-01
260	  5,1800000000e+02	  1,40156e+00	 -6,97032e-01
261	  5,2000000000e+02	  1,39834e+00	 -7,04664e-01
262	  5,2200000000e+02	  1,39279e+00	 -7,12718e-01
263	  5,2400000000e+02	  1,38751e+00	 -7,19737e-01
264	  5,2600000000e+02	  1,37985e+00	 -7,26003e-01
265	  5,2800000000e+02	  1,37551e+00	 -7,31433e-01
266	  5,3000000000e+02	  1,37389e+00	 -7,37624e-01
267	  5,3200000000e+02	  1,37031e+00	 -7,41591e-01
268	  5,3400000000e+02	  1,36525e+00	 -7,48165e-01
269	  5,3600000000e+02	  1,36062e+00	 -7,54689e-01
270	  5,3800000000e+02	  1,35751e+00	 -7,61532e-01
271	  5,4000000000e+02	  1,35410e+00	 -7,68503e-01
272	  5,4200000000e+02	  1,34807e+00	 -7,75184e-01
273	  5,4400000000e+02	  1,33962e+00	 -7,81959e-01
274	  5,4600000000e+02	  1,32941e+00	 -7,85953e-01
275	  5,4800000000e+02	  1,32568e+00	 -7,85018e-01
276	  5,5000000000e+02	  1,32131e+00	 -7,87669e-01
277	  5,5200000000e+02	  1,31691e+00	 -7,91761e-01
278	  5,5400000000e+02	  1,31519e+00	 -7,91533e-01
279	  5,5600000000e+02	  1,31582e+00	 -7,93872e-01
280	  5,5800000000e+02	  1,31334e+00	 -7,95319e-01
281	  5,6000000000e+02	  1,31266e+00	 -8,02504e-01
282	  5,6200000000e+02	  1,31295e+00	 -8,09514e-01
283	  5,6400000000e+02	  1,31100e+00	 -8,12551e-01
284	  5,6600000000e+02	  1,30618e+00	 -8,20912e-01
285	  5,6800000000e+02	  1,30254e+00	 -8,29396e-01
286	  5,7000000000e+02	  1,30300e+00	 -8,37150e-01
287	  5,7200000000e+02	  1,29945e+00	 -8,39880e-01
288	  5,7400000000e+02	  1,29801e+00	 -8,46984e-01
289	  5,7600000000e+02	  1,29442e+00	 -8,56864e-01
290	  5,7800000000e+02	  1,28962e+00	 -8,61150e-01
291	  5,8000000000e+02	  1,28693e+00	 -8,66757e-01
292	  5,8200000000e+02	  1,28332e+00	 -8,73127e-01
293	  5,8400000000e+02	  1,28179e+00	 -8,79666e-01
294	  5,8600000000e+02	  1,27749e+00	 -8,87136e-01
295	  5,8800000000e+02	  1,27504e+00	 -8,95166e-01
296	  5,9000000000e+02	  1,27214e+00	 -9,01122e-01
297	  5,9200000000e+02	  1,26621e+00	 -9,08104e-01
298	  5,9400000000e+02	  1,26155e+00	 -9,14311e-01
299	  5,9600000000e+02	  1,25330e+00	 -9,21102e-01
300	  5,9800000000e+02	  1,24552e+00	 -9,25803e-01
301	  6,0000000000e+02	  1,23969e+00	 -9,32390e-01
302	  6,0200000000e+02	  1,23754e+00	 -9,36936e-01
303	  6,0400000000e+02	  1,23393e+00	 -9,44794e-01
304	  6,0600000000e+02	  1,22794e+00	 -9,52426e-01
305	  6,0800000000e+02	  1,22239e+00	 -9,57754e-01
306	  6,1000000000e+02	  1,21752e+00	 -9,63578e-01
307	  6,1200000000e+02	  1,21018e+00	 -9,66543e-01
308	  6,1400000000e+02	  1,20168e+00	 -9,71154e-01
309	  6,1600000000e+02	  1,19749e+00	 -9,74163e-01
310	  6,1800000000e+02	  1,18939e+00	 -9,80268e-01
311	  6,2000000000e+02	  1,18167e+00	 -9,81953e-01
312	  6,2200000000e+02	  1,17596e+00	 -9,83746e-01
313	  6,2400000000e+02	  1,17009e+00	 -9,85352e-01
314	  6,2600000000e+02	  1,16440e+00	 -9,89511e-01
315	  6,2800000000e+02	  1,15504e+00	 -9,96037e-01
316	  6,3000000000e+02	  1,14759e+00	 -9,95626e-01
317	  6,3200000000e+02	  1,14324e+00	 -9,99445e-01
318	  6,3400000000e+02	  1,13492e+00	 -9,99910e-01
319	  6,3600000000e+02	  1,12924e+00	 -1,00056e+00
320	  6,3800000000e+02	  1,12042e+00	 -9,98572e-01
321	  6,4000000000e+02	  1,11160e+00	 -1,00168e+00
322	  6,4200000000e+02	  1,10475e+00	 -1,00482e+00
323	  6,4400000000e+02	  1,10346e+00	 -9,99772e-01
324	  6,4600000000e+02	  1,09707e+00	 -9,96367e-01
325	  6,4800000000e+02	  1,09228e+00	 -9,94894e-01
326	  6,5000000000e+02	  1,08895e+00	 -9,95846e-01
327	  6,5200000000e+02	  1,08451e+00	 -9,97474e-01
328	  6,5400000000e+02	  1,07798e+00	 -9,90855e-01
329	  6,5600000000e+02	  1,07346e+00	 -9,85794e-01
330	  6,5800000000e+02	  1,06980e+00	 -9,81807e-01
331	  6,6000000000e+02	  1,07002e+00	 -9,73859e-01
332	  6,6200000000e+02	  1,07579e+00	 -9,65044e-01
333	  6,6400000000e+02	  1,08121e+00	 -9,58843e-01
334	  6,6600000000e+02	  1,08913e+00	 -9,48978e-01
335	  6,6800000000e+02	  1,09948e+00	 -9,45675e-01
336	  6,7000000000e+02	  1,11112e+00	 -9,42418e-01
337	  6,7200000000e+02	  1,12999e+00	 -9,43625e-01
338	  6,7400000000e+02	  1,14492e+00	 -9,55379e-01
339	  6,7600000000e+02	  1,16051e+00	 -9,67349e-01
340	  6,7800000000e+02	  1,17260e+00	 -9,84183e-01
341	  6,8000000000e+02	  1,17938e+00	 -1,00289e+00
342	  6,8200000000e+02	  1,18494e+00	 -1,02315e+00
343	  6,8400000000e+02	  1,18476e+00	 -1,04188e+00
344	  6,8600000000e+02	  1,18272e+00	 -1,05956e+00
345	  6,8800000000e+02	  1,17945e+00	 -1,07579e+00
346	  6,9000000000e+02	  1,16996e+00	 -1,09058e+00
347	  6,9200000000e+02	  1,16415e+00	 -1,10602e+00
348	  6,9400000000e+02	  1,16118e+00	 -1,11704e+00
349	  6,9600000000e+02	  1,15214e+00	 -1,12405e+00
350	  6,9800000000e+02	  1,14179e+00	 -1,13351e+00
351	  7,0000000000e+02	  1,13481e+00	 -1,14382e+00
352	  7,0200000000e+02	  1,12588e+00	 -1,15291e+00
353	  7,0400000000e+02	  1,11593e+00	 -1,15958e+00
354	  7,0600000000e+02	  1,10943e+00	 -1,16792e+00
355	  7,0800000000e+02	  1,10247e+00	 -1,16937e+00
356	  7,1000000000e+02	  1,09648e+00	 -1,17356e+00
357	  7,1200000000e+02	  1,09056e+00	 -1,18174e+00
358	  7,1400000000e+02	  1,08479e+00	 -1,19234e+00
359	  7,1600000000e+02	  1,07718e+00	 -1,19707e+00
360	  7,1800000000e+02	  1,07111e+00	 -1,19706e+00
361	  7,2000000000e+02	  1,06625e+00	 -1,20169e+00
362	  7,2200000000e+02	  1,05969e+00	 -1,20488e+00
363	  7,2400000000e+02	  1,05369e+00	 -1,21125e+00
364	  7,2600000000e+02	  1,05026e+00	 -1,21883e+00
365	  7,2800000000e+02	  1,04409e+00	 -1,22546e+00
366	  7,3000000000e+02	  1,03689e+00	 -1,22957e+00
367	  7,3200000000e+02	  1,03106e+00	 -1,23003e+00
368	  7,3400000000e+02	  1,02988e+00	 -1,23316e+00
369	  7,3600000000e+02	  1,02687e+00	 -1,24069e+00
370	  7,3800000000e+02	  1,02270e+00	 -1,24635e+00
371	  7,4000000000e+02	  1,01914e+00	 -1,24972e+00
372	  7,4200000000e+02	  1,01119e+00	 -1,25499e+00
373	  7,4400000000e+02	  1,00454e+00	 -1,26154e+00
374	  7,4600000000e+02	  1,00432e+00	 -1,26703e+00
375	  7,4800000000e+02	  9,97721e-01	 -1,27413e+00
376	  7,5000000000e+02	  9,88198e-01	 -1,27855e+00
377	  7,5200000000e+02	  9,83759e-01	 -1,28196e+00
378	  7,5400000000e+02	  9,81912e-01	 -1,28588e+00
379	  7,5600000000e+02	  9,77513e-01	 -1,29432e+00
380	  7,5800000000e+02	  9,71876e-01	 -1,30191e+00
381	  7,6000000000e+02	  9,66494e-01	 -1,30851e+00
382	  7,6200000000e+02	  9,62431e-01	 -1,31496e+00
383	  7,6400000000e+02	  9,53883e-01	 -1,31944e+00
384	  7,6600000000e+02	  9,45675e-01	 -1,32524e+00
385	  7,6800000000e+02	  9,41159e-01	 -1,32829e+00
386	  7,7000000000e+02	  9,40250e-01	 -1,33396e+00
387	  7,7200000000e+02	  9,32513e-01	 -1,34204e+00
388	  7,7400000000e+02	  9,21376e-01	 -1,34676e+00
389	  7,7600000000e+02	  9,11765e-01	 -1,34955e+00
390	  7,7800000000e+02	  9,07881e-01	 -1,35283e+00
391	  7,8000000000e+02	  9,00548e-01	 -1,35941e+00
392	  7,8200000000e+02	  8,90394e-01	 -1,36688e+00
393	  7,8400000000e+02	  8,82225e-01	 -1,37112e+00
394	  7,8600000000e+02	  8,73953e-01	 -1,37311e+00
395	  7,8800000000e+02	  8,64838e-01	 -1,37565e+00
396	  7,9000000000e+02	  8,56782e-01	 -1,37981e+00
397	  7,9200000000e+02	  8,51260e-01	 -1,38015e+00
398	  7,9400000000e+02	  8,45697e-01	 -1,37668e+00
399	  7,9600000000e+02	  8,36114e-01	 -1,37801e+00
400	  7,9800000000e+02	  8,29459e-01	 -1,37901e+00
401	  8,0000000000e+02	  8,24552e-01	 -1,37929e+00
402	  8,0200000000e+02	  8,19754e-01	 -1,38273e+00
403	  8,0400000000e+02	  8,15633e-01	 -1,38799e+00
404	  8,0600000000e+02	  8,08949e-01	 -1,38810e+00
405	  8,0800000000e+02	  8,03951e-01	 -1,38906e+00
406	  8,1000000000e+02	  7,97419e-01	 -1,38860e+00
407	  8,1200000000e+02	  7,92943e-01	 -1,39081e+00
408	  8,1400000000e+02	  7,91179e-01	 -1,39401e+00
409	  8,1600000000e+02	  7,85473e-01	 -1,39673e+00
410	  8,1800000000e+02	  7,82985e-01	 -1,39886e+00
411	  8,2000000000e+02	  7,77565e-01	 -1,40067e+00
412	  8,2200000000e+02	  7,71873e-01	 -1,40529e+00
413	  8,2400000000e+02	  7,67165e-01	 -1,40672e+00
414	  8,2600000000e+02	  7,63363e-01	 -1,40772e+00
415	  8,2800000000e+02	  7,61803e-01	 -1,41216e+00
416	  8,3000000000e+02	  7,59133e-01	 -1,41542e+00
417	  8,3200000000e+02	  7,50140e-01	 -1,41797e+00
418	  8,3400000000e+02	  7,44154e-01	 -1,41766e+00
419	  8,3600000000e+02	  7,40275e-01	 -1,42092e+00
420	  8,3800000000e+02	  7,36424e-01	 -1,42539e+00
421	  8,4000000000e+02	  7,33849e-01	 -1,43023e+00
422	  8,4200000000e+02	  7,26212e-01	 -1,43343e+00
423	  8,4400000000e+02	  7,22320e-01	 -1,43420e+00
424	  8,4600000000e+02	  7,17802e-01	 -1,43690e+00
425	  8,4800000000e+02	  7,13095e-01	 -1,44431e+00
426	  8,5000000000e+02	  7,11180e-01	 -1,44652e+00
427	  8,5200000000e+02	  7,06785e-01	 -1,45326e+00
428	  8,5400000000e+02	  7,02806e-01	 -1,45613e+00
429	  8,5600000000e+02	  6,94734e-01	 -1,45827e+00
430	  8,5800000000e+02	  6,89902e-01	 -1,46111e+00
431	  8,6000000000e+02	  6,82584e-01	 -1,46439e+00
432	  8,6200000000e+02	  6,73643e-01	 -1,46998e+00
433	  8,6400000000e+02	  6,66020e-01	 -1,47604e+00
434	  8,6600000000e+02	  6,61273e-01	 -1,47814e+00
435	  8,6800000000e+02	  6,55196e-01	 -1,47894e+00
436	  8,7000000000e+02	  6,50532e-01	 -1,48160e+00
437	  8,7200000000e+02	  6,44851e-01	 -1,48594e+00
438	  8,7400000000e+02	  6,39711e-01	 -1,49288e+00
439	  8,7600000000e+02	  6,31837e-01	 -1,49369e+00
440	  8,7800000000e+02	  6,22566e-01	 -1,49107e+00
441	  8,8000000000e+02	  6,18154e-01	 -1,49494e+00
442	  8,8200000000e+02	  6,11996e-01	 -1,49652e+00
443	  8,8400000000e+02	  6,06396e-01	 -1,49852e+00
444	  8,8600000000e+02	  6,02677e-01	 -1,50003e+00
445	  8,8800000000e+02	  5,96086e-01	 -1,50342e+00
446	  8,9000000000e+02	  5,86785e-01	 -1,50774e+00
447	  8,9200000000e+02	  5,84345e-01	 -1,51242e+00
448	  8,9400000000e+02	  5,79075e-01	 -1,51013e+00
449	  8,9600000000e+02	  5,69449e-01	 -1,51221e+00
450	  8,9800000000e+02	  5,62358e-01	 -1,51557e+00
451	  9,0000000000e+02	  5,60987e-01	 -1,51572e+00
452	  9,0200000000e+02	  5,54666e-01	 -1,51680e+00
453	  9,0400000000e+02	  5,47648e-01	 -1,51914e+00
454	  9,0600000000e+02	  5,41360e-01	 -1,52057e+00
455	  9,0800000000e+02	  5,34497e-01	 -1,52099e+00
456	  9,1000000000e+02	  5,29984e-01	 -1,52354e+00
457	  9,1200000000e+02	  5,24256e-01	 -1,52272e+00
458	  9,1400000000e+02	  5,16850e-01	 -1,52085e+00
459	  9,1600000000e+02	  5,12987e-01	 -1,52162e+00
460	  9,1800000000e+02	  5,12461e-01	 -1,52152e+00
461	  9,2000000000e+02	  5,02874e-01	 -1,52219e+00
462	  9,2200000000e+02	  5,00168e-01	 -1,52628e+00
463	  9,2400000000e+02	  4,96581e-01	 -1,53073e+00
464	  9,2600000000e+02	  4,93178e-01	 -1,53063e+00
465	  9,2800000000e+02	  4,86838e-01	 -1,52901e+00
466	  9,3000000000e+02	  4,82133e-01	 -1,53296e+00
467	  9,3200000000e+02	  4,78866e-01	 -1,53362e+00
468	  9,3400000000e+02	  4,72616e-01	 -1,53609e+00
469	  9,3600000000e+02	  4,67565e-01	 -1,53943e+00
470	  9,3800000000e+02	  4,62658e-01	 -1,54305e+00
471	  9,4000000000e+02	  4,61145e-01	 -1,54628e+00
472	  9,4200000000e+02	  4,55757e-01	 -1,54701e+00
473	  9,4400000000e+02	  4,47578e-01	 -1,54720e+00
474	  9,4600000000e+02	  4,41220e-01	 -1,54851e+00
475	  9,4800000000e+02	  4,37871e-01	 -1,55090e+00
476	  9,5000000000e+02	  4,33415e-01	 -1,55545e+00
477	  9,5200000000e+02	  4,25994e-01	 -1,55748e+00
478	  9,5400000000e+02	  4,21643e-01	 -1,55968e+00
479	  9,5600000000e+02	  4,15018e-01	 -1,55915e+00
480	  9,5800000000e+02	  4,08037e-01	 -1,56318e+00
481	  9,6000000000e+02	  3,99560e-01	 -1,56205e+00
482	  9,6200000000e+02	  3,95903e-01	 -1,56425e+00
483	  9,6400000000e+02	  3,92756e-01	 -1,56550e+00
484	  9,6600000000e+02	  3,86210e-01	 -1,56693e+00
485	  9,6800000000e+02	  3,81948e-01	 -1,56784e+00
486	  9,7000000000e+02	  3,73629e-01	 -1,56977e+00
487	  9,7200000000e+02	  3,68331e-01	 -1,57062e+00
488	  9,7400000000e+02	  3,64723e-01	 -1,57097e+00
489	  9,7600000000e+02	  3,59337e-01	 -1,57264e+00
490	  9,7800000000e+02	  3,56054e-01	 -1,57483e+00
491	  9,8000000000e+02	  3,50612e-01	 -1,57632e+00
492	  9,8200000000e+02	  3,45683e-01	 -1,57542e+00
493	  9,8400000000e+02	  3,40154e-01	 -1,57719e+00
494	  9,8600000000e+02	  3,35350e-01	 -1,57886e+00
495	  9,8800000000e+02	  3,31851e-01	 -1,58333e+00
496	  9,9000000000e+02	  3,26385e-01	 -1,58318e+00
497	  9,9200000000e+02	  3,19313e-01	 -1,58582e+00
498	  9,9400000000e+02	  3,13276e-01	 -1,58835e+00
499	  9,9600000000e+02	  3,07409e-01	 -1,59003e+00
500	  9,9800000000e+02	  3,03538e-01	 -1,59278e+00
501	  1,0000000000e+03	  3,00157e-01	 -1,59656e+00
502	  1,0020000000e+03	  2,96488e-01	 -1,59613e+00
503	  1,0040000000e+03	  2,90557e-01	 -1,59792e+00
504	  1,0060000000e+03	  2,82285e-01	 -1,60163e+00
505	  1,0080000000e+03	  2,76035e-01	 -1,60352e+00
506	  1,0100000000e+03	  2,72247e-01	 -1,60692e+00
507	  1,0120000000e+03	  2,65538e-01	 -1,60550e+00
508	  1,0140000000e+03	  2,56192e-01	 -1,60455e+00
509	  1,0160000000e+03	  2,51924e-01	 -1,60528e+00
510	  1,0180000000e+03	  2,44693e-01	 -1,60704e+00
511	  1,0200000000e+03	  2,35063e-01	 -1,60975e+00
512	  1,0220000000e+03	  2,28370e-01	 -1,61165e+00
513	  1,0240000000e+03	  2,23458e-01	 -1,61447e+00
514	  1,0260000000e+03	  2,18745e-01	 -1,61170e+00
515	  1,0280000000e+03	  2,09805e-01	 -1,61141e+00
516	  1,0300000000e+03	  2,03031e-01	 -1,61146e+00
517	  1,0320000000e+03	  1,98668e-01	 -1,60923e+00
518	  1,0340000000e+03	  1,90035e-01	 -1,61125e+00
519	  1,0360000000e+03	  1,82626e-01	 -1,61275e+00
520	  1,0380000000e+03	  1,75726e-01	 -1,61142e+00
521	  1,0400000000e+03	  1,66918e-01	 -1,61006e+00
522	  1,0420000000e+03	  1,65172e-01	 -1,60845e+00
523	  1,0440000000e+03	  1,56726e-01	 -1,60841e+00
524	  1,0460000000e+03	  1,50339e-01	 -1,60612e+00
525	  1,0480000000e+03	  1,46881e-01	 -1,60331e+00
526	  1,0500000000e+03	  1,36807e-01	 -1,60421e+00
527	  1,0520000000e+03	  1,33248e-01	 -1,60231e+00
528	  1,0540000000e+03	  1,28872e-01	 -1,59885e+00
529	  1,0560000000e+03	  1,21861e-01	 -1,60042e+00
530	  1,0580000000e+03	  1,14165e-01	 -1,59796e+00
531	  1,0600000000e+03	  1,09227e-01	 -1,58998e+00
532	  1,0620000000e+03	  1,06931e-01	 -1,58571e+00
533	  1,0640000000e+03	  1,03264e-01	 -1,58636e+00
534	  1,0660000000e+03	  9,84246e-02	 -1,58563e+00
535	  1,0680000000e+03	  9,75574e-02	 -1,58277e+00
536	  1,0700000000e+03	  9,59166e-02	 -1,58086e+00
537	  1,0720000000e+03	  9,16104e-02	 -1,57988e+00
538	  1,0740000000e+03	  8,69947e-02	 -1,57878e+00
539	  1,0760000000e+03	  8,11608e-02	 -1,57673e+00
540	  1,0780000000e+03	  7,68370e-02	 -1,57725e+00
541	  1,0800000000e+03	  7,65587e-02	 -1,57469e+00
542	  1,0820000000e+03	  7,53457e-02	 -1,57319e+00
543	  1,0840000000e+03	  7,34204e-02	 -1,57095e+00
544	  1,0860000000e+03	  7,08437e-02	 -1,56446e+00
545	  1,0880000000e+03	  6,56280e-02	 -1,56263e+00
546	  1,0900000000e+03	  6,18773e-02	 -1,56080e+00
547	  1,0920000000e+03	  5,93727e-02	 -1,55991e+00
548	  1,0940000000e+03	  5,78840e-02	 -1,55852e+00
549	  1,0960000000e+03	  5,43138e-02	 -1,55715e+00
550	  1,0980000000e+03	  5,29364e-02	 -1,55280e+00
551	  1,1000000000e+03	  5,05796e-02	 -1,54961e+00
552	  1,1020000000e+03	  5,03876e-02	 -1,54773e+00
553	  1,1040000000e+03	  4,56714e-02	 -1,54266e+00
554	  1,1060000000e+03	  4,24910e-02	 -1,53850e+00
555	  1,1080000000e+03	  4,23704e-02	 -1,53035e+00
556	  1,1100000000e+03	  4,28937e-02	 -1,52907e+00
557	  1,1120000000e+03	  4,77046e-02	 -1,52614e+00
558	  1,1140000000e+03	  4,97500e-02	 -1,52274e+00
559	  1,1160000000e+03	  5,19190e-02	 -1,51951e+00
560	  1,1180000000e+03	  5,44418e-02	 -1,51252e+00
561	  1,1200000000e+03	  6,02686e-02	 -1,50567e+00
562	  1,1220000000e+03	  7,14787e-02	 -1,50265e+00
563	  1,1240000000e+03	  7,68710e-02	 -1,49995e+00
564	  1,1260000000e+03	  8,47589e-02	 -1,49829e+00
565	  1,1280000000e+03	  9,80838e-02	 -1,49801e+00
566	  1,1300000000e+03	  1,09163e-01	 -1,50202e+00
567	  1,1320000000e+03	  1,20565e-01	 -1,50949e+00
568	  1,1340000000e+03	  1,29224e-01	 -1,51010e+00
569	  1,1360000000e+03	  1,39649e-01	 -1,51754e+00
570	  1,1380000000e+03	  1,50859e-01	 -1,52317e+00
571	  1,1400000000e+03	  1,65118e-01	 -1,53068e+00
572	  1,1420000000e+03	  1,77194e-01	 -1,54039e+00
573	  1,1440000000e+03	  1,87517e-01	 -1,54960e+00
574	  1,1460000000e+03	  2,04353e-01	 -1,56783e+00
575	  1,1480000000e+03	  2,14093e-01	 -1,58347e+00
576	  1,1500000000e+03	  2,22533e-01	 -1,60221e+00
577	  1,1520000000e+03	  2,30411e-01	 -1,62265e+00
578	  1,1540000000e+03	  2,37883e-01	 -1,64746e+00
579	  1,1560000000e+03	  2,44009e-01	 -1,67391e+00
580	  1,1580000000e+03	  2,52131e-01	 -1,70160e+00
581	  1,1600000000e+03	  2,60022e-01	 -1,73389e+00
582	  1,1620000000e+03	  2,63617e-01	 -1,76673e+00
583	  1,1640000000e+03	  2,56925e-01	 -1,80339e+00
584	  1,1660000000e+03	  2,45298e-01	 -1,84106e+00
585	  1,1680000000e+03	  2,22647e-01	 -1,88040e+00
586	  1,1700000000e+03	  1,92279e-01	 -1,92332e+00
587	  1,1720000000e+03	  1,62609e-01	 -1,94626e+00
588	  1,1740000000e+03	  1,29436e-01	 -1,96841e+00
589	  1,1760000000e+03	  9,22337e-02	 -1,98624e+00
590	  1,1780000000e+03	  5,86179e-02	 -1,99572e+00
591	  1,1800000000e+03	  2,81523e-02	 -2,00067e+00
592	  1,1820000000e+03	 -4,93053e-03	 -2,00563e+00
593	  1,1840000000e+03	 -3,58170e-02	 -2,00649e+00
594	  1,1860000000e+03	 -5,75763e-02	 -2,00703e+00
595	  1,1880000000e+03	 -8,48796e-02	 -2,00475e+00
596	  1,1900000000e+03	 -1,09734e-01	 -2,00268e+00
597	  1,1920000000e+03	 -1,27402e-01	 -1,99570e+00
598	  1,1940000000e+03	 -1,50978e-01	 -1,99104e+00
599	  1,1960000000e+03	 -1,63850e-01	 -1,99000e+00
600	  1,1980000000e+03	 -1,80987e-01	 -1,98649e+00
601	  1,2000000000e+03	 -1,97314e-01	 -1,98389e+00
602	  1,2020000000e+03	 -2,12878e-01	 -1,97797e+00
603	  1,2040000000e+03	 -2,29720e-01	 -1,97236e+00
604	  1,2060000000e+03	 -2,45026e-01	 -1,96624e+00
605	  1,2080000000e+03	 -2,59780e-01	 -1,96145e+00
606	  1,2100000000e+03	 -2,70791e-01	 -1,96022e+00
607	  1,2120000000e+03	 -2,85313e-01	 -1,95804e+00
608	  1,2140000000e+03	 -2,99870e-01	 -1,95649e+00
609	  1,2160000000e+03	 -3,11354e-01	 -1,95327e+00
610	  1,2180000000e+03	 -3,21886e-01	 -1,94603e+00
611	  1,2200000000e+03	 -3,31292e-01	 -1,93922e+00
612	  1,2220000000e+03	 -3,42001e-01	 -1,93726e+00
613	  1,2240000000e+03	 -3,52915e-01	 -1,93721e+00
614	  1,2260000000e+03	 -3,64773e-01	 -1,93319e+00
615	  1,2280000000e+03	 -3,77103e-01	 -1,92878e+00
616	  1,2300000000e+03	 -3,84749e-01	 -1,92372e+00
617	  1,2320000000e+03	 -3,94000e-01	 -1,92281e+00
618	  1,2340000000e+03	 -4,06399e-01	 -1,92243e+00
619	  1,2360000000e+03	 -4,16374e-01	 -1,91941e+00
620	  1,2380000000e+03	 -4,30162e-01	 -1,91541e+00
621	  1,2400000000e+03	 -4,40354e-01	 -1,90999e+00
622	  1,2420000000e+03	 -4,50021e-01	 -1,90601e+00
623	  1,2440000000e+03	 -4,62303e-01	 -1,90540e+00
624	  1,2460000000e+03	 -4,72711e-01	 -1,90286e+00
625	  1,2480000000e+03	 -4,79833e-01	 -1,89947e+00
626	  1,2500000000e+03	 -4,86823e-01	 -1,89322e+00
627	  1,2520000000e+03	 -4,95419e-01	 -1,88998e+00
628	  1,2540000000e+03	 -5,04585e-01	 -1,88874e+00
629	  1,2560000000e+03	 -5,14937e-01	 -1,88592e+00
630	  1,2580000000e+03	 -5,28543e-01	 -1,87745e+00
631	  1,2600000000e+03	 -5,36604e-01	 -1,87320e+00
632	  1,2620000000e+03	 -5,42479e-01	 -1,86922e+00
633	  1,2640000000e+03	 -5,48302e-01	 -1,86599e+00
634	  1,2660000000e+03	 -5,58844e-01	 -1,86601e+00
635	  1,2680000000e+03	 -5,66400e-01	 -1,86208e+00
636	  1,2700000000e+03	 -5,73707e-01	 -1,85695e+00
637	  1,2720000000e+03	 -5,78981e-01	 -1,85466e+00
638	  1,2740000000e+03	 -5,89997e-01	 -1,85422e+00
639	  1,2760000000e+03	 -6,00660e-01	 -1,85104e+00
640	  1,2780000000e+03	 -6,10835e-01	 -1,84636e+00
641	  1,2800000000e+03	 -6,18676e-01	 -1,84327e+00
642	  1,2820000000e+03	 -6,24515e-01	 -1,84160e+00
643	  1,2840000000e+03	 -6,31439e-01	 -1,83913e+00
644	  1,2860000000e+03	 -6,40941e-01	 -1,83358e+00
645	  1,2880000000e+03	 -6,46790e-01	 -1,82918e+00
646	  1,2900000000e+03	 -6,55329e-01	 -1,82880e+00
647	  1,2920000000e+03	 -6,64364e-01	 -1,82588e+00
648	  1,2940000000e+03	 -6,70621e-01	 -1,82399e+00
649	  1,2960000000e+03	 -6,75846e-01	 -1,81906e+00
650	  1,2980000000e+03	 -6,84385e-01	 -1,81318e+00
651	  1,3000000000e+03	 -6,94145e-01	 -1,80674e+00
652	  1,3020000000e+03	 -7,02556e-01	 -1,80678e+00
653	  1,3040000000e+03	 -7,08577e-01	 -1,80603e+00
654	  1,3060000000e+03	 -7,13671e-01	 -1,80272e+00
655	  1,3080000000e+03	 -7,20392e-01	 -1,80166e+00
656	  1,3100000000e+03	 -7,27305e-01	 -1,79884e+00
657	  1,3120000000e+03	 -7,31571e-01	 -1,79377e+00
658	  1,3140000000e+03	 -7,39488e-01	 -1,79344e+00
659	  1,3160000000e+03	 -7,45451e-01	 -1,78834e+00
660	  1,3180000000e+03	 -7,55095e-01	 -1,78878e+00
661	  1,3200000000e+03	 -7,65133e-01	 -1,79141e+00
662	  1,3220000000e+03	 -7,71716e-01	 -1,78748e+00
663	  1,3240000000e+03	 -7,80748e-01	 -1,78533e+00
664	  1,3260000000e+03	 -7,90026e-01	 -1,78589e+00
665	  1,3280000000e+03	 -7,97312e-01	 -1,78276e+00
666	  1,3300000000e+03	 -8,03187e-01	 -1,77708e+00
667	  1,3320000000e+03	 -8,14173e-01	 -1,77277e+00
668	  1,3340000000e+03	 -8,23989e-01	 -1,76780e+00
669	  1,3360000000e+03	 -8,33640e-01	 -1,76285e+00
670	  1,3380000000e+03	 -8,38621e-01	 -1,76169e+00
671	  1,3400000000e+03	 -8,45679e-01	 -1,76099e+00
672	  1,3420000000e+03	 -8,51635e-01	 -1,75482e+00
673	  1,3440000000e+03	 -8,61394e-01	 -1,75016e+00
674	  1,3460000000e+03	 -8,66093e-01	 -1,74972e+00
675	  1,3480000000e+03	 -8,69564e-01	 -1,74866e+00
676	  1,3500000000e+03	 -8,77957e-01	 -1,74708e+00
677	  1,3520000000e+03	 -8,87299e-01	 -1,74284e+00
678	  1,3540000000e+03	 -9,00218e-01	 -1,74032e+00
679	  1,3560000000e+03	 -9,06980e-01	 -1,73916e+00
680	  1,3580000000e+03	 -9,14732e-01	 -1,73359e+00
681	  1,3600000000e+03	 -9,23784e-01	 -1,73064e+00
682	  1,3620000000e+03	 -9,29020e-01	 -1,73143e+00
683	  1,3640000000e+03	 -9,41920e-01	 -1,72734e+00
684	  1,3660000000e+03	 -9,51575e-01	 -1,72167e+00
685	  1,3680000000e+03	 -9,57396e-01	 -1,71739e+00
686	  1,3700000000e+03	 -9,66371e-01	 -1,71253e+00
687	  1,3720000000e+03	 -9,74009e-01	 -1,70822e+00
688	  1,3740000000e+03	 -9,86144e-01	 -1,70001e+00
689	  1,3760000000e+03	 -9,92201e-01	 -1,69751e+00
690	  1,3780000000e+03	 -9,98515e-01	 -1,69409e+00
691	  1,3800000000e+03	 -1,00533e+00	 -1,69069e+00
692	  1,3820000000e+03	 -1,01509e+00	 -1,68357e+00
693	  1,3840000000e+03	 -1,01993e+00	 -1,67727e+00
694	  1,3860000000e+03	 -1,02728e+00	 -1,67014e+00
695	  1,3880000000e+03	 -1,03733e+00	 -1,66869e+00
696	  1,3900000000e+03	 -1,04617e+00	 -1,66439e+00
697	  1,3920000000e+03	 -1,05148e+00	 -1,66002e+00
698	  1,3940000000e+03	 -1,05815e+00	 -1,64793e+00
699	  1,3960000000e+03	 -1,06288e+00	 -1,64200e+00
700	  1,3980000000e+03	 -1,07107e+00	 -1,63857e+00
701	  1,4000000000e+03	 -1,07621e+00	 -1,63378e+00
702	  1,4020000000e+03	 -1,08188e+00	 -1,62855e+00
703	  1,4040000000e+03	 -1,08637e+00	 -1,62238e+00
704	  1,4060000000e+03	 -1,09185e+00	 -1,61759e+00
705	  1,4080000000e+03	 -1,09691e+00	 -1,61266e+00
706	  1,4100000000e+03	 -1,10201e+00	 -1,60788e+00
707	  1,4120000000e+03	 -1,10415e+00	 -1,60480e+00
708	  1,4140000000e+03	 -1,10870e+00	 -1,59835e+00
709	  1,4160000000e+03	 -1,11230e+00	 -1,59385e+00
710	  1,4180000000e+03	 -1,11985e+00	 -1,59219e+00
711	  1,4200000000e+03	 -1,12540e+00	 -1,58749e+00
712	  1,4220000000e+03	 -1,12944e+00	 -1,58203e+00
713	  1,4240000000e+03	 -1,13428e+00	 -1,57823e+00
714	  1,4260000000e+03	 -1,13578e+00	 -1,57577e+00
715	  1,4280000000e+03	 -1,14010e+00	 -1,57582e+00
716	  1,4300000000e+03	 -1,14701e+00	 -1,57400e+00
717	  1,4320000000e+03	 -1,15471e+00	 -1,57111e+00
718	  1,4340000000e+03	 -1,15885e+00	 -1,56789e+00
719	  1,4360000000e+03	 -1,16483e+00	 -1,56718e+00
720	  1,4380000000e+03	 -1,17062e+00	 -1,56737e+00
721	  1,4400000000e+03	 -1,17796e+00	 -1,56722e+00
722	  1,4420000000e+03	 -1,18458e+00	 -1,56338e+00
723	  1,4440000000e+03	 -1,19007e+00	 -1,55730e+00
724	  1,4460000000e+03	 -1,19979e+00	 -1,55124e+00
725	  1,4480000000e+03	 -1,20848e+00	 -1,55178e+00
726	  1,4500000000e+03	 -1,21724e+00	 -1,55023e+00
727	  1,4520000000e+03	 -1,22516e+00	 -1,54251e+00
728	  1,4540000000e+03	 -1,23304e+00	 -1,54220e+00
729	  1,4560000000e+03	 -1,23818e+00	 -1,53884e+00
730	  1,4580000000e+03	 -1,24744e+00	 -1,53590e+00
731	  1,4600000000e+03	 -1,25642e+00	 -1,52774e+00
732	  1,4620000000e+03	 -1,26342e+00	 -1,52568e+00
733	  1,4640000000e+03	 -1,27222e+00	 -1,52348e+00
734	  1,4660000000e+03	 -1,28214e+00	 -1,52057e+00
735	  1,4680000000e+03	 -1,29321e+00	 -1,51140e+00
736	  1,4700000000e+03	 -1,29608e+00	 -1,50217e+00
737	  1,4720000000e+03	 -1,30432e+00	 -1,50053e+00
738	  1,4740000000e+03	 -1,31284e+00	 -1,49715e+00
739	  1,4760000000e+03	 -1,32124e+00	 -1,48802e+00
740	  1,4780000000e+03	 -1,32847e+00	 -1,48202e+00
741	  1,4800000000e+03	 -1,33575e+00	 -1,47447e+00
742	  1,4820000000e+03	 -1,34336e+00	 -1,46850e+00
743	  1,4840000000e+03	 -1,35093e+00	 -1,46379e+00
744	  1,4860000000e+03	 -1,35737e+00	 -1,45569e+00
745	  1,4880000000e+03	 -1,36150e+00	 -1,44712e+00
746	  1,4900000000e+03	 -1,36761e+00	 -1,44066e+00
747	  1,4920000000e+03	 -1,37360e+00	 -1,43384e+00
748	  1,4940000000e+03	 -1,37941e+00	 -1,42611e+00
749	  1,4960000000e+03	 -1,38685e+00	 -1,42068e+00
750	  1,4980000000e+03	 -1,39472e+00	 -1,41618e+00
751	  1,5000000000e+03	 -1,39834e+00	 -1,40841e+00
752	  1,5020000000e+03	 -1,40458e+00	 -1,40190e+00
753	  1,5040000000e+03	 -1,40764e+00	 -1,39367e+00
754	  1,5060000000e+03	 -1,41033e+00	 -1,38870e+00
755	  1,5080000000e+03	 -1,41253e+00	 -1,38375e+00
756	  1,5100000000e+03	 -1,42065e+00	 -1,37323e+00
757	  1,5120000000e+03	 -1,42137e+00	 -1,36665e+00
758	  1,5140000000e+03	 -1,42707e+00	 -1,35976e+00
759	  1,5160000000e+03	 -1,43162e+00	 -1,35570e+00
760	  1,5180000000e+03	 -1,43387e+00	 -1,35439e+00
761	  1,5200000000e+03	 -1,43706e+00	 -1,35119e+00
762	  1,5220000000e+03	 -1,44389e+00	 -1,34257e+00
763	  1,5240000000e+03	 -1,44681e+00	 -1,33905e+00
764	  1,5260000000e+03	 -1,44743e+00	 -1,33388e+00
765	  1,5280000000e+03	 -1,45299e+00	 -1,32985e+00
766	  1,5300000000e+03	 -1,45872e+00	 -1,32494e+00
767	  1,5320000000e+03	 -1,46305e+00	 -1,32002e+00
768	  1,5340000000e+03	 -1,46801e+00	 -1,31517e+00
769	  1,5360000000e+03	 -1,47016e+00	 -1,31052e+00
770	  1,5380000000e+03	 -1,47528e+00	 -1,30817e+00
771	  1,5400000000e+03	 -1,48255e+00	 -1,30527e+00
772	  1,5420000000e+03	 -1,48667e+00	 -1,29793e+00
773	  1,5440000000e+03	 -1,49143e+00	 -1,29441e+00
774	  1,5460000000e+03	 -1,49734e+00	 -1,29197e+00
775	  1,5480000000e+03	 -1,50060e+00	 -1,28965e+00
776	  1,5500000000e+03	 -1,50589e+00	 -1,28610e+00
777	  1,5520000000e+03	 -1,51300e+00	 -1,27961e+00
778	  1,5540000000e+03	 -1,51971e+00	 -1,27603e+00
779	  1,5560000000e+03	 -1,52324e+00	 -1,27429e+00
780	  1,5580000000e+03	 -1,53061e+00	 -1,26980e+00
781	  1,5600000000e+03	 -1,53951e+00	 -1,26313e+00
782	  1,5620000000e+03	 -1,54199e+00	 -1,25535e+00
783	  1,5640000000e+03	 -1,54782e+00	 -1,25238e+00
784	  1,5660000000e+03	 -1,55374e+00	 -1,24965e+00
785	  1,5680000000e+03	 -1,55772e+00	 -1,24752e+00
786	  1,5700000000e+03	 -1,56408e+00	 -1,24048e+00
787	  1,5720000000e+03	 -1,57182e+00	 -1,23279e+00
788	  1,5740000000e+03	 -1,58017e+00	 -1,22685e+00
789	  1,5760000000e+03	 -1,58585e+00	 -1,22276e+00
790	  1,5780000000e+03	 -1,59172e+00	 -1,21537e+00
791	  1,5800000000e+03	 -1,59566e+00	 -1,20866e+00
792	  1,5820000000e+03	 -1,60316e+00	 -1,20304e+00
793	  1,5840000000e+03	 -1,61083e+00	 -1,19677e+00
794	  1,5860000000e+03	 -1,61614e+00	 -1,19181e+00
795	  1,5880000000e+03	 -1,62125e+00	 -1,18593e+00
796	  1,5900000000e+03	 -1,62626e+00	 -1,18189e+00
797	  1,5920000000e+03	 -1,63461e+00	 -1,17482e+00
798	  1,5940000000e+03	 -1,64096e+00	 -1,16897e+00
799	  1,5960000000e+03	 -1,64434e+00	 -1,16052e+00
800	  1,5980000000e+03	 -1,64694e+00	 -1,15181e+00
801	  1,6000000000e+03	 -1,65300e+00	 -1,14609e+00
802	  1,6020000000e+03	 -1,65694e+00	 -1,13978e+00
803	  1,6040000000e+03	 -1,66307e+00	 -1,13246e+00
804	  1,6060000000e+03	 -1,67095e+00	 -1,12818e+00
805	  1,6080000000e+03	 -1,67433e+00	 -1,12030e+00
806	  1,6100000000e+03	 -1,67957e+00	 -1,11219e+00
807	  1,6120000000e+03	 -1,68657e+00	 -1,10464e+00
808	  1,6140000000e+03	 -1,69269e+00	 -1,09586e+00
809	  1,6160000000e+03	 -1,69594e+00	 -1,08846e+00
810	  1,6180000000e+03	 -1,69698e+00	 -1,08239e+00
811	  1,6200000000e+03	 -1,69705e+00	 -1,07626e+00
812	  1,6220000000e+03	 -1,70068e+00	 -1,07136e+00
813	  1,6240000000e+03	 -1,70802e+00	 -1,06526e+00
814	  1,6260000000e+03	 -1,70931e+00	 -1,06035e+00
815	  1,6280000000e+03	 -1,70947e+00	 -1,05479e+00
816	  1,6300000000e+03	 -1,71424e+00	 -1,04837e+00
817	  1,6320000000e+03	 -1,71866e+00	 -1,04159e+00
818	  1,6340000000e+03	 -1,72130e+00	 -1,03574e+00
819	  1,6360000000e+03	 -1,72643e+00	 -1,02773e+00
820	  1,6380000000e+03	 -1,73439e+00	 -1,02527e+00
821	  1,6400000000e+03	 -1,73489e+00	 -1,02098e+00
822	  1,6420000000e+03	 -1,73722e+00	 -1,01638e+00
823	  1,6440000000e+03	 -1,74319e+00	 -1,01032e+00
824	  1,6460000000e+03	 -1,74775e+00	 -1,00304e+00
825	  1,6480000000e+03	 -1,75019e+00	 -9,99772e-01
826	  1,6500000000e+03	 -1,75511e+00	 -9,97055e-01
827	  1,6520000000e+03	 -1,75853e+00	 -9,88799e-01
828	  1,6540000000e+03	 -1,76342e+00	 -9,82728e-01
829	  1,6560000000e+03	 -1,76807e+00	 -9,78134e-01
830	  1,6580000000e+03	 -1,77168e+00	 -9,70649e-01
831	  1,6600000000e+03	 -1,77920e+00	 -9,67849e-01
832	  1,6620000000e+03	 -1,78391e+00	 -9,59801e-01
833	  1,6640000000e+03	 -1,78613e+00	 -9,57288e-01
834	  1,6660000000e+03	 -1,79011e+00	 -9,50673e-01
835	  1,6680000000e+03	 -1,79583e+00	 -9,42819e-01
836	  1,6700000000e+03	 -1,80126e+00	 -9,36321e-01
837	  1,6720000000e+03	 -1,80563e+00	 -9,31434e-01
838	  1,6740000000e+03	 -1,81131e+00	 -9,27409e-01
839	  1,6760000000e+03	 -1,81455e+00	 -9,22391e-01
840	  1,6780000000e+03	 -1,81787e+00	 -9,15400e-01
841	  1,6800000000e+03	 -1,82639e+00	 -9,07989e-01
842	  1,6820000000e+03	 -1,83030e+00	 -9,02531e-01
843	  1,6840000000e+03	 -1,83333e+00	 -8,93104e-01
844	  1,6860000000e+03	 -1,83850e+00	 -8,85944e-01
845	  1,6880000000e+03	 -1,84676e+00	 -8,82589e-01
846	  1,6900000000e+03	 -1,85148e+00	 -8,76604e-01
847	  1,6920000000e+03	 -1,85588e+00	 -8,73663e-01
848	  1,6940000000e+03	 -1,86391e+00	 -8,65862e-01
849	  1,6960000000e+03	 -1,86858e+00	 -8,60249e-01
850	  1,6980000000e+03	 -1,87419e+00	 -8,57388e-01
851	  1,7000000000e+03	 -1,88193e+00	 -8,51431e-01
852	  1,7020000000e+03	 -1,88498e+00	 -8,42408e-01
853	  1,7040000000e+03	 -1,88710e+00	 -8,32068e-01
854	  1,7060000000e+03	 -1,89733e+00	 -8,24348e-01
855	  1,7080000000e+03	 -1,90493e+00	 -8,16495e-01
856	  1,7100000000e+03	 -1,90864e+00	 -8,05615e-01
857	  1,7120000000e+03	 -1,91318e+00	 -7,98798e-01
858	  1,7140000000e+03	 -1,91727e+00	 -7,91965e-01
859	  1,7160000000e+03	 -1,92389e+00	 -7,86653e-01
860	  1,7180000000e+03	 -1,92553e+00	 -7,77061e-01
861	  1,7200000000e+03	 -1,92723e+00	 -7,70297e-01
862	  1,7220000000e+03	 -1,93472e+00	 -7,66335e-01
863	  1,7240000000e+03	 -1,94017e+00	 -7,53328e-01
864	  1,7260000000e+03	 -1,94009e+00	 -7,44627e-01
865	  1,7280000000e+03	 -1,94224e+00	 -7,38900e-01
866	  1,7300000000e+03	 -1,94935e+00	 -7,29345e-01
867	  1,7320000000e+03	 -1,95465e+00	 -7,19985e-01
868	  1,7340000000e+03	 -1,95751e+00	 -7,13548e-01
869	  1,7360000000e+03	 -1,96245e+00	 -7,06635e-01
870	  1,7380000000e+03	 -1,96450e+00	 -6,98905e-01
871	  1,7400000000e+03	 -1,96774e+00	 -6,87996e-01
872	  1,7420000000e+03	 -1,97303e+00	 -6,81495e-01
873	  1,7440000000e+03	 -1,97849e+00	 -6,77121e-01
874	  1,7460000000e+03	 -1,97950e+00	 -6,66927e-01
875	  1,7480000000e+03	 -1,98229e+00	 -6,55977e-01
876	  1,7500000000e+03	 -1,98492e+00	 -6,51756e-01
877	  1,7520000000e+03	 -1,98724e+00	 -6,43438e-01
878	  1,7540000000e+03	 -1,98936e+00	 -6,34182e-01
879	  1,7560000000e+03	 -1,99333e+00	 -6,21645e-01
880	  1,7580000000e+03	 -1,99420e+00	 -6,15533e-01
881	  1,7600000000e+03	 -1,99479e+00	 -6,10530e-01
882	  1,7620000000e+03	 -1,99818e+00	 -6,01537e-01
883	  1,7640000000e+03	 -2,00190e+00	 -5,94421e-01
884	  1,7660000000e+03	 -2,00597e+00	 -5,85070e-01
885	  1,7680000000e+03	 -2,00442e+00	 -5,78201e-01
886	  1,7700000000e+03	 -2,01004e+00	 -5,74020e-01
887	  1,7720000000e+03	 -2,01170e+00	 -5,65823e-01
888	  1,7740000000e+03	 -2,01514e+00	 -5,58581e-01
889	  1,7760000000e+03	 -2,01807e+00	 -5,53667e-01
890	  1,7780000000e+03	 -2,02125e+00	 -5,49529e-01
891	  1,7800000000e+03	 -2,02363e+00	 -5,39160e-01
892	  1,7820000000e+03	 -2,02610e+00	 -5,33592e-01
893	  1,7840000000e+03	 -2,03139e+00	 -5,26806e-01
894	  1,7860000000e+03	 -2,03522e+00	 -5,18943e-01
895	  1,7880000000e+03	 -2,03893e+00	 -5,12057e-01
896	  1,7900000000e+03	 -2,04104e+00	 -5,04229e-01
897	  1,7920000000e+03	 -2,04573e+00	 -5,00068e-01
898	  1,7940000000e+03	 -2,05019e+00	 -4,92525e-01
899	  1,7960000000e+03	 -2,05564e+00	 -4,84893e-01
900	  1,7980000000e+03	 -2,06195e+00	 -4,75883e-01
901	  1,8000000000e+03	 -2,06267e+00	 -4,67652e-01
902	  1,8020000000e+03	 -2,06448e+00	 -4,61944e-01
903	  1,8040000000e+03	 -2,06797e+00	 -4,56869e-01
904	  1,8060000000e+03	 -2,07227e+00	 -4,46971e-01
905	  1,8080000000e+03	 -2,07547e+00	 -4,40805e-01
906	  1,8100000000e+03	 -2,07751e+00	 -4,35240e-01
907	  1,8120000000e+03	 -2,07973e+00	 -4,29480e-01
908	  1,8140000000e+03	 -2,08921e+00	 -4,19764e-01
909	  1,8160000000e+03	 -2,09291e+00	 -4,12804e-01
910	  1,8180000000e+03	 -2,09405e+00	 -4,06503e-01
911	  1,8200000000e+03	 -2,10072e+00	 -3,97426e-01
912	  1,8220000000e+03	 -2,10564e+00	 -3,85234e-01
913	  1,8240000000e+03	 -2,10836e+00	 -3,77927e-01
914	  1,8260000000e+03	 -2,11495e+00	 -3,68264e-01
915	  1,8280000000e+03	 -2,11922e+00	 -3,57821e-01
916	  1,8300000000e+03	 -2,12330e+00	 -3,45986e-01
917	  1,8320000000e+03	 -2,12647e+00	 -3,39304e-01
918	  1,8340000000e+03	 -2,13400e+00	 -3,29334e-01
919	  1,8360000000e+03	 -2,13798e+00	 -3,20564e-01
920	  1,8380000000e+03	 -2,13718e+00	 -3,08662e-01
921	  1,8400000000e+03	 -2,14185e+00	 -2,98313e-01
922	  1,8420000000e+03	 -2,14631e+00	 -2,86740e-01
923	  1,8440000000e+03	 -2,14556e+00	 -2,73979e-01
924	  1,8460000000e+03	 -2,14742e+00	 -2,61735e-01
925	  1,8480000000e+03	 -2,14697e+00	 -2,51339e-01
926	  1,8500000000e+03	 -2,14705e+00	 -2,40028e-01
927	  1,8520000000e+03	 -2,15083e+00	 -2,31664e-01
928	  1,8540000000e+03	 -2,15435e+00	 -2,20048e-01
929	  1,8560000000e+03	 -2,15453e+00	 -2,10356e-01
930	  1,8580000000e+03	 -2,15597e+00	 -2,00852e-01
931	  1,8600000000e+03	 -2,15479e+00	 -1,92394e-01
932	  1,8620000000e+03	 -2,15318e+00	 -1,82069e-01
933	  1,8640000000e+03	 -2,15637e+00	 -1,73837e-01
934	  1,8660000000e+03	 -2,15789e+00	 -1,65901e-01
935	  1,8680000000e+03	 -2,15802e+00	 -1,56681e-01
936	  1,8700000000e+03	 -2,16255e+00	 -1,51365e-01
937	  1,8720000000e+03	 -2,16391e+00	 -1,38656e-01
938	  1,8740000000e+03	 -2,16249e+00	 -1,27435e-01
939	  1,8760000000e+03	 -2,16008e+00	 -1,20340e-01
940	  1,8780000000e+03	 -2,15822e+00	 -1,13864e-01
941	  1,8800000000e+03	 -2,15778e+00	 -1,03595e-01
942	  1,8820000000e+03	 -2,15868e+00	 -9,58289e-02
943	  1,8840000000e+03	 -2,15862e+00	 -8,78160e-02
944	  1,8860000000e+03	 -2,15987e+00	 -8,11968e-02
945	  1,8880000000e+03	 -2,16468e+00	 -7,46239e-02
946	  1,8900000000e+03	 -2,16510e+00	 -6,68701e-02
947	  1,8920000000e+03	 -2,16734e+00	 -5,73606e-02
948	  1,8940000000e+03	 -2,16788e+00	 -5,05496e-02
949	  1,8960000000e+03	 -2,16806e+00	 -4,35094e-02
950	  1,8980000000e+03	 -2,17052e+00	 -3,41891e-02
951	  1,9000000000e+03	 -2,17388e+00	 -2,42587e-02
952	  1,9020000000e+03	 -2,17256e+00	 -1,52747e-02
953	  1,9040000000e+03	 -2,17535e+00	 -8,96614e-03
954	  1,9060000000e+03	 -2,17904e+00	 -2,48411e-03
955	  1,9080000000e+03	 -2,18443e+00	  6,35858e-03
956	  1,9100000000e+03	 -2,18957e+00	  1,46384e-02
957	  1,9120000000e+03	 -2,18557e+00	  2,45177e-02
958	  1,9140000000e+03	 -2,18840e+00	  3,43001e-02
959	  1,9160000000e+03	 -2,19338e+00	  4,61454e-02
960	  1,9180000000e+03	 -2,19337e+00	  5,29995e-02
961	  1,9200000000e+03	 -2,19386e+00	  6,44566e-02
962	  1,9220000000e+03	 -2,19667e+00	  7,66986e-02
963	  1,9240000000e+03	 -2,19682e+00	  8,57848e-02
964	  1,9260000000e+03	 -2,19660e+00	  9,73325e-02
965	  1,9280000000e+03	 -2,19973e+00	  1,09762e-01
966	  1,9300000000e+03	 -2,19934e+00	  1,22558e-01
967	  1,9320000000e+03	 -2,19862e+00	  1,32917e-01
968	  1,9340000000e+03	 -2,19913e+00	  1,40303e-01
969	  1,9360000000e+03	 -2,19596e+00	  1,51009e-01
970	  1,9380000000e+03	 -2,19717e+00	  1,58261e-01
971	  1,9400000000e+03	 -2,20073e+00	  1,67493e-01
972	  1,9420000000e+03	 -2,19860e+00	  1,80729e-01
973	  1,9440000000e+03	 -2,19850e+00	  1,92269e-01
974	  1,9460000000e+03	 -2,19837e+00	  2,03529e-01
975	  1,9480000000e+03	 -2,19862e+00	  2,16129e-01
976	  1,9500000000e+03	 -2,19776e+00	  2,26404e-01
977	  1,9520000000e+03	 -2,19699e+00	  2,35949e-01
978	  1,9540000000e+03	 -2,19529e+00	  2,45855e-01
979	  1,9560000000e+03	 -2,19405e+00	  2,59034e-01
980	  1,9580000000e+03	 -2,19408e+00	  2,68911e-01
981	  1,9600000000e+03	 -2,19010e+00	  2,77285e-01
982	  1,9620000000e+03	 -2,18774e+00	  2,87846e-01
983	  1,9640000000e+03	 -2,18977e+00	  2,96588e-01
984	  1,9660000000e+03	 -2,18548e+00	  3,05823e-01
985	  1,9680000000e+03	 -2,18573e+00	  3,15169e-01
986	  1,9700000000e+03	 -2,18746e+00	  3,25526e-01
987	  1,9720000000e+03	 -2,18387e+00	  3,34424e-01
988	  1,9740000000e+03	 -2,18069e+00	  3,41092e-01
989	  1,9760000000e+03	 -2,17869e+00	  3,54114e-01
990	  1,9780000000e+03	 -2,17614e+00	  3,63904e-01
991	  1,9800000000e+03	 -2,17227e+00	  3,73835e-01
992	  1,9820000000e+03	 -2,16979e+00	  3,86147e-01
993	  1,9840000000e+03	 -2,17109e+00	  3,91814e-01
994	  1,9860000000e+03	 -2,16879e+00	  4,02066e-01
995	  1,9880000000e+03	 -2,16307e+00	  4,11383e-01
996	  1,9900000000e+03	 -2,16041e+00	  4,21135e-01
997	  1,9920000000e+03	 -2,15847e+00	  4,24791e-01
998	  1,9940000000e+03	 -2,15515e+00	  4,34371e-01
999	  1,9960000000e+03	 -2,15311e+00	  4,43403e-01
1000	  1,9980000000e+03	 -2,15507e+00	  4,49764e-01
1001	  2,0000000000e+03	 -2,15375e+00	  4,57152e-01
1002	  2,0020000000e+03	 -2,15164e+00	  4,64966e-01
1003	  2,0040000000e+03	 -2,14828e+00	  4,70663e-01
1004	  2,0060000000e+03	 -2,14516e+00	  4,78326e-01
1005	  2,0080000000e+03	 -2,14299e+00	  4,86600e-01
1006	  2,0100000000e+03	 -2,14340e+00	  4,94260e-01
1007	  2,0120000000e+03	 -2,14569e+00	  4,99588e-01
1008	  2,0140000000e+03	 -2,14355e+00	  5,10362e-01
1009	  2,0160000000e+03	 -2,14188e+00	  5,17358e-01
1010	  2,0180000000e+03	 -2,13875e+00	  5,25596e-01
1011	  2,0200000000e+03	 -2,13752e+00	  5,38460e-01
1012	  2,0220000000e+03	 -2,13792e+00	  5,44124e-01
1013	  2,0240000000e+03	 -2,13552e+00	  5,52502e-01
1014	  2,0260000000e+03	 -2,13541e+00	  5,61249e-01
1015	  2,0280000000e+03	 -2,13344e+00	  5,67061e-01
1016	  2,0300000000e+03	 -2,13044e+00	  5,75985e-01
1017	  2,0320000000e+03	 -2,13185e+00	  5,88650e-01
1018	  2,0340000000e+03	 -2,12983e+00	  5,96832e-01
1019	  2,0360000000e+03	 -2,12693e+00	  6,00971e-01
1020	  2,0380000000e+03	 -2,12963e+00	  6,11845e-01
1021	  2,0400000000e+03	 -2,12907e+00	  6,23579e-01
1022	  2,0420000000e+03	 -2,12667e+00	  6,31205e-01
1023	  2,0440000000e+03	 -2,12386e+00	  6,41313e-01
1024	  2,0460000000e+03	 -2,12374e+00	  6,51037e-01
1025	  2,0480000000e+03	 -2,12292e+00	  6,60173e-01
1026	  2,0500000000e+03	 -2,12180e+00	  6,69762e-01
1027	  2,0520000000e+03	 -2,12020e+00	  6,79543e-01
1028	  2,0540000000e+03	 -2,11505e+00	  6,84265e-01
1029	  2,0560000000e+03	 -2,11277e+00	  6,92595e-01
1030	  2,0580000000e+03	 -2,11207e+00	  7,01768e-01
1031	  2,0600000000e+03	 -2,11115e+00	  7,08326e-01
1032	  2,0620000000e+03	 -2,11213e+00	  7,18324e-01
1033	  2,0640000000e+03	 -2,11240e+00	  7,30143e-01
1034	  2,0660000000e+03	 -2,10971e+00	  7,40541e-01
1035	  2,0680000000e+03	 -2,10807e+00	  7,47451e-01
1036	  2,0700000000e+03	 -2,10442e+00	  7,59434e-01
1037	  2,0720000000e+03	 -2,10065e+00	  7,66924e-01
1038	  2,0740000000e+03	 -2,09639e+00	  7,74122e-01
1039	  2,0760000000e+03	 -2,09456e+00	  7,89469e-01
1040	  2,0780000000e+03	 -2,09425e+00	  7,96337e-01
1041	  2,0800000000e+03	 -2,09182e+00	  8,05160e-01
1042	  2,0820000000e+03	 -2,08913e+00	  8,15961e-01
1043	  2,0840000000e+03	 -2,08682e+00	  8,24890e-01
1044	  2,0860000000e+03	 -2,08214e+00	  8,34736e-01
1045	  2,0880000000e+03	 -2,07760e+00	  8,46569e-01
1046	  2,0900000000e+03	 -2,07369e+00	  8,53892e-01
1047	  2,0920000000e+03	 -2,07165e+00	  8,63550e-01
1048	  2,0940000000e+03	 -2,06684e+00	  8,73565e-01
1049	  2,0960000000e+03	 -2,06422e+00	  8,80108e-01
1050	  2,0980000000e+03	 -2,06292e+00	  8,86495e-01
1051	  2,1000000000e+03	 -2,06007e+00	  8,99013e-01
1052	  2,1020000000e+03	 -2,05544e+00	  9,07801e-01
1053	  2,1040000000e+03	 -2,05244e+00	  9,14289e-01
1054	  2,1060000000e+03	 -2,04915e+00	  9,25197e-01
1055	  2,1080000000e+03	 -2,04698e+00	  9,37910e-01
1056	  2,1100000000e+03	 -2,04433e+00	  9,47082e-01
1057	  2,1120000000e+03	 -2,04052e+00	  9,56839e-01
1058	  2,1140000000e+03	 -2,03737e+00	  9,62794e-01
1059	  2,1160000000e+03	 -2,03420e+00	  9,71463e-01
1060	  2,1180000000e+03	 -2,02956e+00	  9,82074e-01
1061	  2,1200000000e+03	 -2,02582e+00	  9,90987e-01
1062	  2,1220000000e+03	 -2,02071e+00	  9,98572e-01
1063	  2,1240000000e+03	 -2,01394e+00	  1,00852e+00
1064	  2,1260000000e+03	 -2,01008e+00	  1,01898e+00
1065	  2,1280000000e+03	 -2,00944e+00	  1,02472e+00
1066	  2,1300000000e+03	 -2,00589e+00	  1,03109e+00
1067	  2,1320000000e+03	 -1,99996e+00	  1,03934e+00
1068	  2,1340000000e+03	 -1,99670e+00	  1,04595e+00
1069	  2,1360000000e+03	 -1,99790e+00	  1,05486e+00
1070	  2,1380000000e+03	 -1,99405e+00	  1,06006e+00
1071	  2,1400000000e+03	 -1,99030e+00	  1,07100e+00
1072	  2,1420000000e+03	 -1,98371e+00	  1,08053e+00
1073	  2,1440000000e+03	 -1,98046e+00	  1,08815e+00
1074	  2,1460000000e+03	 -1,97916e+00	  1,09318e+00
1075	  2,1480000000e+03	 -1,97689e+00	  1,10417e+00
1076	  2,1500000000e+03	 -1,97327e+00	  1,11397e+00
1077	  2,1520000000e+03	 -1,97204e+00	  1,12128e+00
1078	  2,1540000000e+03	 -1,96854e+00	  1,13266e+00
1079	  2,1560000000e+03	 -1,96959e+00	  1,14086e+00
1080	  2,1580000000e+03	 -1,96752e+00	  1,15292e+00
1081	  2,1600000000e+03	 -1,96183e+00	  1,16199e+00
1082	  2,1620000000e+03	 -1,96020e+00	  1,17202e+00
1083	  2,1640000000e+03	 -1,95511e+00	  1,18210e+00
1084	  2,1660000000e+03	 -1,95027e+00	  1,19262e+00
1085	  2,1680000000e+03	 -1,94762e+00	  1,19874e+00
1086	  2,1700000000e+03	 -1,94216e+00	  1,21130e+00
1087	  2,1720000000e+03	 -1,93883e+00	  1,22095e+00
1088	  2,1740000000e+03	 -1,93441e+00	  1,23095e+00
1089	  2,1760000000e+03	 -1,92829e+00	  1,23808e+00
1090	  2,1780000000e+03	 -1,92044e+00	  1,24833e+00
1091	  2,1800000000e+03	 -1,91461e+00	  1,26108e+00
1092	  2,1820000000e+03	 -1,91240e+00	  1,26964e+00
1093	  2,1840000000e+03	 -1,91155e+00	  1,27987e+00
1094	  2,1860000000e+03	 -1,90414e+00	  1,29305e+00
1095	  2,1880000000e+03	 -1,89957e+00	  1,30341e+00
1096	  2,1900000000e+03	 -1,89230e+00	  1,31462e+00
1097	  2,1920000000e+03	 -1,88423e+00	  1,32260e+00
1098	  2,1940000000e+03	 -1,87994e+00	  1,32898e+00
1099	  2,1960000000e+03	 -1,87351e+00	  1,34168e+00
1100	  2,1980000000e+03	 -1,86861e+00	  1,35111e+00
1101	  2,2000000000e+03	 -1,85871e+00	  1,35945e+00
1102	  2,2020000000e+03	 -1,85390e+00	  1,36704e+00
1103	  2,2040000000e+03	 -1,84620e+00	  1,37733e+00
1104	  2,2060000000e+03	 -1,83888e+00	  1,38688e+00
1105	  2,2080000000e+03	 -1,83113e+00	  1,39690e+00
1106	  2,2100000000e+03	 -1,82103e+00	  1,40749e+00
1107	  2,2120000000e+03	 -1,81406e+00	  1,41490e+00
1108	  2,2140000000e+03	 -1,81011e+00	  1,42096e+00
1109	  2,2160000000e+03	 -1,80198e+00	  1,42742e+00
1110	  2,2180000000e+03	 -1,79539e+00	  1,43684e+00
1111	  2,2200000000e+03	 -1,78810e+00	  1,44414e+00
1112	  2,2220000000e+03	 -1,78034e+00	  1,44823e+00
1113	  2,2240000000e+03	 -1,77881e+00	  1,45445e+00
1114	  2,2260000000e+03	 -1,76984e+00	  1,46198e+00
1115	  2,2280000000e+03	 -1,76540e+00	  1,46987e+00
1116	  2,2300000000e+03	 -1,76167e+00	  1,47878e+00
1117	  2,2320000000e+03	 -1,75547e+00	  1,48699e+00
1118	  2,2340000000e+03	 -1,74787e+00	  1,49185e+00
1119	  2,2360000000e+03	 -1,74370e+00	  1,50020e+00
1120	  2,2380000000e+03	 -1,73863e+00	  1,50876e+00
1121	  2,2400000000e+03	 -1,73231e+00	  1,51706e+00
1122	  2,2420000000e+03	 -1,72874e+00	  1,52137e+00
1123	  2,2440000000e+03	 -1,71900e+00	  1,53151e+00
1124	  2,2460000000e+03	 -1,71442e+00	  1,54165e+00
1125	  2,2480000000e+03	 -1,70576e+00	  1,54885e+00
1126	  2,2500000000e+03	 -1,69655e+00	  1,55708e+00
1127	  2,2520000000e+03	 -1,68851e+00	  1,56456e+00
1128	  2,2540000000e+03	 -1,68124e+00	  1,56769e+00
1129	  2,2560000000e+03	 -1,67700e+00	  1,57495e+00
1130	  2,2580000000e+03	 -1,67204e+00	  1,58014e+00
1131	  2,2600000000e+03	 -1,66889e+00	  1,58765e+00
1132	  2,2620000000e+03	 -1,66857e+00	  1,59425e+00
1133	  2,2640000000e+03	 -1,66449e+00	  1,60083e+00
1134	  2,2660000000e+03	 -1,65796e+00	  1,61095e+00
1135	  2,2680000000e+03	 -1,65342e+00	  1,62298e+00
1136	  2,2700000000e+03	 -1,64896e+00	  1,63311e+00
1137	  2,2720000000e+03	 -1,64178e+00	  1,63989e+00
1138	  2,2740000000e+03	 -1,63501e+00	  1,64931e+00
1139	  2,2760000000e+03	 -1,62774e+00	  1,66210e+00
1140	  2,2780000000e+03	 -1,62068e+00	  1,66954e+00
1141	  2,2800000000e+03	 -1,61345e+00	  1,67728e+00
1142	  2,2820000000e+03	 -1,60499e+00	  1,68712e+00
1143	  2,2840000000e+03	 -1,59739e+00	  1,69878e+00
1144	  2,2860000000e+03	 -1,59177e+00	  1,70765e+00
1145	  2,2880000000e+03	 -1,58481e+00	  1,71729e+00
1146	  2,2900000000e+03	 -1,57917e+00	  1,72879e+00
1147	  2,2920000000e+03	 -1,57097e+00	  1,73816e+00
1148	  2,2940000000e+03	 -1,56123e+00	  1,74694e+00
1149	  2,2960000000e+03	 -1,54967e+00	  1,75890e+00
1150	  2,2980000000e+03	 -1,53846e+00	  1,76583e+00
1151	  2,3000000000e+03	 -1,53360e+00	  1,77413e+00
1152	  2,3020000000e+03	 -1,51985e+00	  1,78857e+00
1153	  2,3040000000e+03	 -1,50577e+00	  1,80183e+00
1154	  2,3060000000e+03	 -1,49609e+00	  1,80513e+00
1155	  2,3080000000e+03	 -1,48331e+00	  1,80763e+00
1156	  2,3100000000e+03	 -1,46914e+00	  1,81493e+00
1157	  2,3120000000e+03	 -1,45966e+00	  1,82258e+00
1158	  2,3140000000e+03	 -1,44796e+00	  1,82975e+00
1159	  2,3160000000e+03	 -1,43719e+00	  1,83011e+00
1160	  2,3180000000e+03	 -1,42715e+00	  1,83637e+00
1161	  2,3200000000e+03	 -1,41988e+00	  1,84203e+00
1162	  2,3220000000e+03	 -1,41520e+00	  1,84708e+00
1163	  2,3240000000e+03	 -1,40652e+00	  1,84937e+00
1164	  2,3260000000e+03	 -1,38944e+00	  1,85504e+00
1165	  2,3280000000e+03	 -1,38059e+00	  1,85992e+00
1166	  2,3300000000e+03	 -1,37158e+00	  1,86594e+00
1167	  2,3320000000e+03	 -1,36307e+00	  1,87047e+00
1168	  2,3340000000e+03	 -1,35635e+00	  1,87459e+00
1169	  2,3360000000e+03	 -1,34768e+00	  1,87895e+00
1170	  2,3380000000e+03	 -1,33855e+00	  1,88311e+00
1171	  2,3400000000e+03	 -1,33032e+00	  1,88880e+00
1172	  2,3420000000e+03	 -1,32387e+00	  1,89488e+00
1173	  2,3440000000e+03	 -1,31596e+00	  1,89859e+00
1174	  2,3460000000e+03	 -1,30238e+00	  1,90189e+00
1175	  2,3480000000e+03	 -1,29558e+00	  1,90632e+00
1176	  2,3500000000e+03	 -1,28734e+00	  1,91226e+00
1177	  2,3520000000e+03	 -1,27778e+00	  1,91901e+00
1178	  2,3540000000e+03	 -1,26804e+00	  1,92571e+00
1179	  2,3560000000e+03	 -1,26004e+00	  1,92991e+00
1180	  2,3580000000e+03	 -1,25212e+00	  1,93578e+00
1181	  2,3600000000e+03	 -1,24762e+00	  1,94079e+00
1182	  2,3620000000e+03	 -1,23911e+00	  1,94582e+00
1183	  2,3640000000e+03	 -1,23045e+00	  1,95141e+00
1184	  2,3660000000e+03	 -1,21699e+00	  1,95571e+00
1185	  2,3680000000e+03	 -1,20959e+00	  1,96258e+00
1186	  2,3700000000e+03	 -1,20358e+00	  1,96859e+00
1187	  2,3720000000e+03	 -1,19523e+00	  1,97504e+00
1188	  2,3740000000e+03	 -1,18469e+00	  1,97886e+00
1189	  2,3760000000e+03	 -1,17294e+00	  1,98305e+00
1190	  2,3780000000e+03	 -1,16653e+00	  1,98727e+00
1191	  2,3800000000e+03	 -1,15349e+00	  1,99694e+00
1192	  2,3820000000e+03	 -1,14315e+00	  2,00251e+00
1193	  2,3840000000e+03	 -1,13488e+00	  2,00885e+00
1194	  2,3860000000e+03	 -1,12852e+00	  2,01421e+00
1195	  2,3880000000e+03	 -1,11653e+00	  2,01793e+00
1196	  2,3900000000e+03	 -1,10635e+00	  2,01977e+00
1197	  2,3920000000e+03	 -1,09878e+00	  2,02544e+00
1198	  2,3940000000e+03	 -1,08754e+00	  2,03485e+00
1199	  2,3960000000e+03	 -1,07934e+00	  2,04118e+00
1200	  2,3980000000e+03	 -1,06611e+00	  2,04941e+00
1201	  2,4000000000e+03	 -1,05073e+00	  2,05174e+00
1202	  2,4020000000e+03	 -1,03767e+00	  2,05469e+00
1203	  2,4040000000e+03	 -1,02771e+00	  2,05655e+00
1204	  2,4060000000e+03	 -1,01955e+00	  2,05774e+00
1205	  2,4080000000e+03	 -1,00696e+00	  2,06025e+00
1206	  2,4100000000e+03	 -9,98397e-01	  2,06223e+00
1207	  2,4120000000e+03	 -9,91142e-01	  2,06394e+00
1208	  2,4140000000e+03	 -9,80626e-01	  2,06806e+00
1209	  2,4160000000e+03	 -9,68727e-01	  2,07297e+00
1210	  2,4180000000e+03	 -9,58159e-01	  2,07672e+00
1211	  2,4200000000e+03	 -9,50644e-01	  2,07919e+00
1212	  2,4220000000e+03	 -9,39922e-01	  2,08403e+00
1213	  2,4240000000e+03	 -9,24406e-01	  2,09080e+00
1214	  2,4260000000e+03	 -9,15084e-01	  2,09260e+00
1215	  2,4280000000e+03	 -9,03387e-01	  2,09491e+00
1216	  2,4300000000e+03	 -8,86501e-01	  2,09843e+00
1217	  2,4320000000e+03	 -8,78550e-01	  2,09902e+00
1218	  2,4340000000e+03	 -8,66691e-01	  2,09867e+00
1219	  2,4360000000e+03	 -8,57381e-01	  2,09715e+00
1220	  2,4380000000e+03	 -8,49379e-01	  2,09961e+00
1221	  2,4400000000e+03	 -8,41450e-01	  2,10288e+00
1222	  2,4420000000e+03	 -8,32812e-01	  2,10071e+00
1223	  2,4440000000e+03	 -8,21286e-01	  2,10449e+00
1224	  2,4460000000e+03	 -8,11482e-01	  2,10542e+00
1225	  2,4480000000e+03	 -8,02260e-01	  2,10580e+00
1226	  2,4500000000e+03	 -7,92263e-01	  2,11136e+00
1227	  2,4520000000e+03	 -7,82706e-01	  2,11214e+00
1228	  2,4540000000e+03	 -7,68035e-01	  2,11223e+00
1229	  2,4560000000e+03	 -7,59013e-01	  2,11117e+00
1230	  2,4580000000e+03	 -7,53006e-01	  2,10819e+00
1231	  2,4600000000e+03	 -7,43526e-01	  2,10850e+00
1232	  2,4620000000e+03	 -7,34169e-01	  2,11080e+00
1233	  2,4640000000e+03	 -7,26995e-01	  2,11257e+00
1234	  2,4660000000e+03	 -7,18825e-01	  2,11276e+00
1235	  2,4680000000e+03	 -7,07042e-01	  2,11585e+00
1236	  2,4700000000e+03	 -7,00193e-01	  2,12028e+00
1237	  2,4720000000e+03	 -6,89241e-01	  2,11912e+00
1238	  2,4740000000e+03	 -6,81027e-01	  2,11962e+00
1239	  2,4760000000e+03	 -6,71298e-01	  2,12071e+00
1240	  2,4780000000e+03	 -6,59657e-01	  2,12282e+00
1241	  2,4800000000e+03	 -6,53497e-01	  2,12395e+00
1242	  2,4820000000e+03	 -6,42167e-01	  2,12117e+00
1243	  2,4840000000e+03	 -6,36426e-01	  2,12177e+00
1244	  2,4860000000e+03	 -6,26696e-01	  2,12392e+00
1245	  2,4880000000e+03	 -6,17340e-01	  2,12265e+00
1246	  2,4900000000e+03	 -6,11281e-01	  2,11883e+00
1247	  2,4920000000e+03	 -6,03020e-01	  2,11867e+00
1248	  2,4940000000e+03	 -5,94933e-01	  2,11939e+00
1249	  2,4960000000e+03	 -5,87472e-01	  2,12193e+00
1250	  2,4980000000e+03	 -5,82315e-01	  2,12033e+00
1251	  2,5000000000e+03	 -5,70766e-01	  2,12135e+00
1252	  2,5020000000e+03	 -5,58480e-01	  2,12270e+00
1253	  2,5040000000e+03	 -5,54011e-01	  2,11872e+00
1254	  2,5060000000e+03	 -5,44055e-01	  2,11896e+00
1255	  2,5080000000e+03	 -5,35302e-01	  2,11594e+00
1256	  2,5100000000e+03	 -5,31497e-01	  2,11610e+00
1257	  2,5120000000e+03	 -5,23765e-01	  2,11279e+00
1258	  2,5140000000e+03	 -5,17207e-01	  2,11244e+00
1259	  2,5160000000e+03	 -5,13482e-01	  2,10987e+00
1260	  2,5180000000e+03	 -5,13165e-01	  2,10909e+00
1261	  2,5200000000e+03	 -5,08232e-01	  2,10672e+00
1262	  2,5220000000e+03	 -5,06702e-01	  2,10537e+00
1263	  2,5240000000e+03	 -5,02737e-01	  2,10884e+00
1264	  2,5260000000e+03	 -4,97857e-01	  2,11335e+00
1265	  2,5280000000e+03	 -4,98550e-01	  2,11488e+00
1266	  2,5300000000e+03	 -4,93685e-01	  2,11769e+00
1267	  2,5320000000e+03	 -4,91797e-01	  2,12299e+00
1268	  2,5340000000e+03	 -4,86017e-01	  2,12808e+00
1269	  2,5360000000e+03	 -4,79629e-01	  2,13243e+00
1270	  2,5380000000e+03	 -4,77677e-01	  2,14038e+00
1271	  2,5400000000e+03	 -4,74224e-01	  2,14607e+00
1272	  2,5420000000e+03	 -4,70534e-01	  2,15120e+00
1273	  2,5440000000e+03	 -4,61427e-01	  2,16062e+00
1274	  2,5460000000e+03	 -4,52527e-01	  2,16846e+00
1275	  2,5480000000e+03	 -4,43427e-01	  2,17634e+00
1276	  2,5500000000e+03	 -4,34705e-01	  2,18182e+00
1277	  2,5520000000e+03	 -4,28068e-01	  2,18543e+00
1278	  2,5540000000e+03	 -4,19663e-01	  2,19328e+00
1279	  2,5560000000e+03	 -4,07678e-01	  2,20229e+00
1280	  2,5580000000e+03	 -3,99163e-01	  2,21252e+00
1281	  2,5600000000e+03	 -3,87582e-01	  2,21699e+00
1282	  2,5620000000e+03	 -3,71394e-01	  2,22009e+00
1283	  2,5640000000e+03	 -3,62392e-01	  2,22383e+00
1284	  2,5660000000e+03	 -3,49571e-01	  2,23303e+00
1285	  2,5680000000e+03	 -3,35686e-01	  2,24004e+00
1286	  2,5700000000e+03	 -3,21035e-01	  2,24512e+00
1287	  2,5720000000e+03	 -3,06007e-01	  2,24800e+00
1288	  2,5740000000e+03	 -2,89050e-01	  2,25099e+00
1289	  2,5760000000e+03	 -2,74619e-01	  2,25466e+00
1290	  2,5780000000e+03	 -2,57949e-01	  2,25666e+00
1291	  2,5800000000e+03	 -2,42167e-01	  2,25777e+00
1292	  2,5820000000e+03	 -2,28644e-01	  2,25752e+00
1293	  2,5840000000e+03	 -2,13855e-01	  2,25530e+00
1294	  2,5860000000e+03	 -2,00261e-01	  2,25419e+00
1295	  2,5880000000e+03	 -1,85013e-01	  2,24955e+00
1296	  2,5900000000e+03	 -1,73145e-01	  2,24898e+00
1297	  2,5920000000e+03	 -1,61150e-01	  2,24796e+00
1298	  2,5940000000e+03	 -1,49712e-01	  2,24691e+00
1299	  2,5960000000e+03	 -1,40488e-01	  2,24391e+00
1300	  2,5980000000e+03	 -1,26009e-01	  2,24118e+00
1301	  2,6000000000e+03	 -1,12403e-01	  2,24008e+00
1302	  2,6020000000e+03	 -1,03291e-01	  2,23479e+00
1303	  2,6040000000e+03	 -8,83629e-02	  2,23419e+00
1304	  2,6060000000e+03	 -7,84699e-02	  2,23137e+00
1305	  2,6080000000e+03	 -6,79737e-02	  2,22712e+00
1306	  2,6100000000e+03	 -5,46787e-02	  2,22469e+00
1307	  2,6120000000e+03	 -4,38327e-02	  2,22365e+00
1308	  2,6140000000e+03	 -3,36964e-02	  2,21778e+00
1309	  2,6160000000e+03	 -2,22010e-02	  2,21217e+00
1310	  2,6180000000e+03	 -1,32133e-02	  2,20509e+00
1311	  2,6200000000e+03	 -7,23766e-03	  2,20291e+00
1312	  2,6220000000e+03	  4,00428e-03	  2,19742e+00
1313	  2,6240000000e+03	  9,74211e-03	  2,19629e+00
1314	  2,6260000000e+03	  1,77818e-02	  2,19050e+00
1315	  2,6280000000e+03	  2,29465e-02	  2,18695e+00
1316	  2,6300000000e+03	  2,98043e-02	  2,18735e+00
1317	  2,6320000000e+03	  3,93044e-02	  2,18482e+00
1318	  2,6340000000e+03	  4,98581e-02	  2,18017e+00
1319	  2,6360000000e+03	  5,84031e-02	  2,18074e+00
1320	  2,6380000000e+03	  6,57427e-02	  2,18251e+00
1321	  2,6400000000e+03	  7,66479e-02	  2,17910e+00
1322	  2,6420000000e+03	  8,13028e-02	  2,17732e+00
1323	  2,6440000000e+03	  8,98425e-02	  2,17579e+00
1324	  2,6460000000e+03	  9,81716e-02	  2,16993e+00
1325	  2,6480000000e+03	  1,06204e-01	  2,16583e+00
1326	  2,6500000000e+03	  1,15004e-01	  2,16846e+00
1327	  2,6520000000e+03	  1,23185e-01	  2,16338e+00
1328	  2,6540000000e+03	  1,27180e-01	  2,16113e+00
1329	  2,6560000000e+03	  1,34243e-01	  2,15796e+00
1330	  2,6580000000e+03	  1,42409e-01	  2,15956e+00
1331	  2,6600000000e+03	  1,51963e-01	  2,15548e+00
1332	  2,6620000000e+03	  1,61339e-01	  2,15456e+00
1333	  2,6640000000e+03	  1,66036e-01	  2,15410e+00
1334	  2,6660000000e+03	  1,73098e-01	  2,15591e+00
1335	  2,6680000000e+03	  1,83688e-01	  2,15576e+00
1336	  2,6700000000e+03	  1,97029e-01	  2,15311e+00
1337	  2,6720000000e+03	  2,08768e-01	  2,14647e+00
1338	  2,6740000000e+03	  2,13942e-01	  2,14304e+00
1339	  2,6760000000e+03	  2,20180e-01	  2,14054e+00
1340	  2,6780000000e+03	  2,29289e-01	  2,13551e+00
1341	  2,6800000000e+03	  2,37395e-01	  2,13366e+00
1342	  2,6820000000e+03	  2,45160e-01	  2,13044e+00
1343	  2,6840000000e+03	  2,49976e-01	  2,12895e+00
1344	  2,6860000000e+03	  2,57947e-01	  2,12854e+00
1345	  2,6880000000e+03	  2,67796e-01	  2,12625e+00
1346	  2,6900000000e+03	  2,75117e-01	  2,12777e+00
1347	  2,6920000000e+03	  2,81081e-01	  2,12233e+00
1348	  2,6940000000e+03	  2,89388e-01	  2,11705e+00
1349	  2,6960000000e+03	  3,00398e-01	  2,10981e+00
1350	  2,6980000000e+03	  3,04372e-01	  2,10856e+00
1351	  2,7000000000e+03	  3,07310e-01	  2,10926e+00
1352	  2,7020000000e+03	  3,16710e-01	  2,10948e+00
1353	  2,7040000000e+03	  3,25982e-01	  2,10843e+00
1354	  2,7060000000e+03	  3,34723e-01	  2,10600e+00
1355	  2,7080000000e+03	  3,43711e-01	  2,09955e+00
1356	  2,7100000000e+03	  3,50823e-01	  2,09598e+00
1357	  2,7120000000e+03	  3,57888e-01	  2,09193e+00
1358	  2,7140000000e+03	  3,64141e-01	  2,08893e+00
1359	  2,7160000000e+03	  3,71347e-01	  2,08592e+00
1360	  2,7180000000e+03	  3,78584e-01	  2,08596e+00
1361	  2,7200000000e+03	  3,82922e-01	  2,08234e+00
1362	  2,7220000000e+03	  3,87888e-01	  2,07547e+00
1363	  2,7240000000e+03	  3,91101e-01	  2,07695e+00
1364	  2,7260000000e+03	  3,96670e-01	  2,07766e+00
1365	  2,7280000000e+03	  4,04815e-01	  2,07712e+00
1366	  2,7300000000e+03	  4,13174e-01	  2,07267e+00
1367	  2,7320000000e+03	  4,20654e-01	  2,07101e+00
1368	  2,7340000000e+03	  4,22224e-01	  2,07118e+00
1369	  2,7360000000e+03	  4,28574e-01	  2,07335e+00
1370	  2,7380000000e+03	  4,37694e-01	  2,07095e+00
1371	  2,7400000000e+03	  4,43131e-01	  2,07318e+00
1372	  2,7420000000e+03	  4,51034e-01	  2,07297e+00
1373	  2,7440000000e+03	  4,60055e-01	  2,07535e+00
1374	  2,7460000000e+03	  4,70873e-01	  2,06950e+00
1375	  2,7480000000e+03	  4,80675e-01	  2,06888e+00
1376	  2,7500000000e+03	  4,88275e-01	  2,06622e+00
1377	  2,7520000000e+03	  4,97319e-01	  2,06565e+00
1378	  2,7540000000e+03	  5,06121e-01	  2,06800e+00
1379	  2,7560000000e+03	  5,14677e-01	  2,06511e+00
1380	  2,7580000000e+03	  5,20328e-01	  2,05845e+00
1381	  2,7600000000e+03	  5,29572e-01	  2,05289e+00
1382	  2,7620000000e+03	  5,35013e-01	  2,04937e+00
1383	  2,7640000000e+03	  5,41850e-01	  2,04470e+00
1384	  2,7660000000e+03	  5,53685e-01	  2,04286e+00
1385	  2,7680000000e+03	  5,62880e-01	  2,04195e+00
1386	  2,7700000000e+03	  5,66071e-01	  2,03707e+00
1387	  2,7720000000e+03	  5,73533e-01	  2,03463e+00
1388	  2,7740000000e+03	  5,79128e-01	  2,03527e+00
1389	  2,7760000000e+03	  5,86457e-01	  2,03145e+00
1390	  2,7780000000e+03	  5,94882e-01	  2,02832e+00
1391	  2,7800000000e+03	  6,02694e-01	  2,02498e+00
1392	  2,7820000000e+03	  6,07865e-01	  2,02371e+00
1393	  2,7840000000e+03	  6,15745e-01	  2,01948e+00
1394	  2,7860000000e+03	  6,24576e-01	  2,01478e+00
1395	  2,7880000000e+03	  6,31973e-01	  2,01559e+00
1396	  2,7900000000e+03	  6,37589e-01	  2,01416e+00
1397	  2,7920000000e+03	  6,45229e-01	  2,01110e+00
1398	  2,7940000000e+03	  6,52699e-01	  2,00639e+00
1399	  2,7960000000e+03	  6,60832e-01	  2,00739e+00
1400	  2,7980000000e+03	  6,67117e-01	  2,00394e+00
1401	  2,8000000000e+03	  6,69851e-01	  1,99918e+00
1402	  2,8020000000e+03	  6,76728e-01	  1,99837e+00
1403	  2,8040000000e+03	  6,83315e-01	  1,99804e+00
1404	  2,8060000000e+03	  6,90818e-01	  1,99791e+00
1405	  2,8080000000e+03	  7,04165e-01	  1,99314e+00
1406	  2,8100000000e+03	  7,16498e-01	  1,98989e+00
1407	  2,8120000000e+03	  7,19722e-01	  1,99019e+00
1408	  2,8140000000e+03	  7,24552e-01	  1,99069e+00
1409	  2,8160000000e+03	  7,31937e-01	  1,98531e+00
1410	  2,8180000000e+03	  7,40311e-01	  1,98180e+00
1411	  2,8200000000e+03	  7,48761e-01	  1,98226e+00
1412	  2,8220000000e+03	  7,57493e-01	  1,98107e+00
1413	  2,8240000000e+03	  7,65825e-01	  1,97405e+00
1414	  2,8260000000e+03	  7,69372e-01	  1,97260e+00
1415	  2,8280000000e+03	  7,77958e-01	  1,96994e+00
1416	  2,8300000000e+03	  7,86324e-01	  1,96926e+00
1417	  2,8320000000e+03	  7,96250e-01	  1,96706e+00
1418	  2,8340000000e+03	  8,05082e-01	  1,96240e+00
1419	  2,8360000000e+03	  8,10472e-01	  1,95790e+00
1420	  2,8380000000e+03	  8,20734e-01	  1,95277e+00
1421	  2,8400000000e+03	  8,27001e-01	  1,94771e+00
1422	  2,8420000000e+03	  8,32954e-01	  1,94548e+00
1423	  2,8440000000e+03	  8,38013e-01	  1,94125e+00
1424	  2,8460000000e+03	  8,41897e-01	  1,94314e+00
1425	  2,8480000000e+03	  8,48917e-01	  1,94374e+00
1426	  2,8500000000e+03	  8,56842e-01	  1,94153e+00
1427	  2,8520000000e+03	  8,69301e-01	  1,93874e+00
1428	  2,8540000000e+03	  8,78836e-01	  1,93773e+00
1429	  2,8560000000e+03	  8,86003e-01	  1,93464e+00
1430	  2,8580000000e+03	  8,92365e-01	  1,93145e+00
1431	  2,8600000000e+03	  9,07055e-01	  1,92960e+00
1432	  2,8620000000e+03	  9,16432e-01	  1,92211e+00
1433	  2,8640000000e+03	  9,19451e-01	  1,91532e+00
1434	  2,8660000000e+03	  9,28184e-01	  1,91315e+00
1435	  2,8680000000e+03	  9,38310e-01	  1,91101e+00
1436	  2,8700000000e+03	  9,46701e-01	  1,90525e+00
1437	  2,8720000000e+03	  9,54282e-01	  1,90391e+00
1438	  2,8740000000e+03	  9,64928e-01	  1,90479e+00
1439	  2,8760000000e+03	  9,73182e-01	  1,90008e+00
1440	  2,8780000000e+03	  9,79935e-01	  1,89384e+00
1441	  2,8800000000e+03	  9,87909e-01	  1,88938e+00
1442	  2,8820000000e+03	  9,97606e-01	  1,89065e+00
1443	  2,8840000000e+03	  1,00279e+00	  1,88409e+00
1444	  2,8860000000e+03	  1,01250e+00	  1,88110e+00
1445	  2,8880000000e+03	  1,02184e+00	  1,87837e+00
1446	  2,8900000000e+03	  1,03016e+00	  1,87391e+00
1447	  2,8920000000e+03	  1,04176e+00	  1,86613e+00
1448	  2,8940000000e+03	  1,05383e+00	  1,86278e+00
1449	  2,8960000000e+03	  1,05605e+00	  1,85944e+00
1450	  2,8980000000e+03	  1,06305e+00	  1,85393e+00
1451	  2,9000000000e+03	  1,07514e+00	  1,84712e+00
1452	  2,9020000000e+03	  1,08039e+00	  1,84059e+00
1453	  2,9040000000e+03	  1,08471e+00	  1,83776e+00
1454	  2,9060000000e+03	  1,09434e+00	  1,83271e+00
1455	  2,9080000000e+03	  1,10261e+00	  1,82519e+00
1456	  2,9100000000e+03	  1,10749e+00	  1,82144e+00
1457	  2,9120000000e+03	  1,11222e+00	  1,81937e+00
1458	  2,9140000000e+03	  1,12016e+00	  1,81153e+00
1459	  2,9160000000e+03	  1,13153e+00	  1,80357e+00
1460	  2,9180000000e+03	  1,13983e+00	  1,79855e+00
1461	  2,9200000000e+03	  1,14481e+00	  1,79490e+00
1462	  2,9220000000e+03	  1,15315e+00	  1,79097e+00
1463	  2,9240000000e+03	  1,15939e+00	  1,78891e+00
1464	  2,9260000000e+03	  1,16815e+00	  1,78334e+00
1465	  2,9280000000e+03	  1,17379e+00	  1,77630e+00
1466	  2,9300000000e+03	  1,17867e+00	  1,77255e+00
1467	  2,9320000000e+03	  1,18763e+00	  1,77039e+00
1468	  2,9340000000e+03	  1,19462e+00	  1,76585e+00
1469	  2,9360000000e+03	  1,20093e+00	  1,76420e+00
1470	  2,9380000000e+03	  1,20872e+00	  1,76417e+00
1471	  2,9400000000e+03	  1,21952e+00	  1,75773e+00
1472	  2,9420000000e+03	  1,23267e+00	  1,75522e+00
1473	  2,9440000000e+03	  1,24473e+00	  1,74661e+00
1474	  2,9460000000e+03	  1,25459e+00	  1,74168e+00
1475	  2,9480000000e+03	  1,25963e+00	  1,73000e+00
1476	  2,9500000000e+03	  1,26717e+00	  1,72132e+00
1477	  2,9520000000e+03	  1,27443e+00	  1,71693e+00
1478	  2,9540000000e+03	  1,28628e+00	  1,71362e+00
1479	  2,9560000000e+03	  1,28964e+00	  1,70612e+00
1480	  2,9580000000e+03	  1,29686e+00	  1,70049e+00
1481	  2,9600000000e+03	  1,30876e+00	  1,69427e+00
1482	  2,9620000000e+03	  1,31434e+00	  1,68685e+00
1483	  2,9640000000e+03	  1,32122e+00	  1,67749e+00
1484	  2,9660000000e+03	  1,32756e+00	  1,67007e+00
1485	  2,9680000000e+03	  1,33716e+00	  1,66401e+00
1486	  2,9700000000e+03	  1,34447e+00	  1,65763e+00
1487	  2,9720000000e+03	  1,34926e+00	  1,65057e+00
1488	  2,9740000000e+03	  1,35420e+00	  1,64345e+00
1489	  2,9760000000e+03	  1,35981e+00	  1,63541e+00
1490	  2,9780000000e+03	  1,36608e+00	  1,62820e+00
1491	  2,9800000000e+03	  1,37386e+00	  1,62238e+00
1492	  2,9820000000e+03	  1,38176e+00	  1,61464e+00
1493	  2,9840000000e+03	  1,38940e+00	  1,60658e+00
1494	  2,9860000000e+03	  1,39193e+00	  1,59775e+00
1495	  2,9880000000e+03	  1,39521e+00	  1,58825e+00
1496	  2,9900000000e+03	  1,40040e+00	  1,58203e+00
1497	  2,9920000000e+03	  1,40687e+00	  1,57697e+00
1498	  2,9940000000e+03	  1,41579e+00	  1,57559e+00
1499	  2,9960000000e+03	  1,41787e+00	  1,56917e+00
1500	  2,9980000000e+03	  1,42325e+00	  1,56184e+00
1501	  3,0000000000e+03	  1,43087e+00	  1,55850e+00
1502	  3,0020000000e+03	  1,43812e+00	  1,55408e+00
1503	  3,0040000000e+03	  1,44468e+00	  1,54715e+00
1504	  3,0060000000e+03	  1,45276e+00	  1,54152e+00
1505	  3,0080000000e+03	  1,45839e+00	  1,53513e+00
1506	  3,0100000000e+03	  1,46282e+00	  1,52867e+00
1507	  3,0120000000e+03	  1,46549e+00	  1,52270e+00
1508	  3,0140000000e+03	  1,47276e+00	  1,51479e+00
1509	  3,0160000000e+03	  1,48451e+00	  1,50384e+00
1510	  3,0180000000e+03	  1,48994e+00	  1,49958e+00
1511	  3,0200000000e+03	  1,49440e+00	  1,49665e+00
1512	  3,0220000000e+03	  1,49985e+00	  1,48749e+00
1513	  3,0240000000e+03	  1,50765e+00	  1,47940e+00
1514	  3,0260000000e+03	  1,51169e+00	  1,47337e+00
1515	  3,0280000000e+03	  1,51511e+00	  1,46586e+00
1516	  3,0300000000e+03	  1,52413e+00	  1,45524e+00
1517	  3,0320000000e+03	  1,53070e+00	  1,44810e+00
1518	  3,0340000000e+03	  1,53220e+00	  1,44143e+00
1519	  3,0360000000e+03	  1,54053e+00	  1,43454e+00
1520	  3,0380000000e+03	  1,54711e+00	  1,42259e+00
1521	  3,0400000000e+03	  1,54854e+00	  1,41626e+00
1522	  3,0420000000e+03	  1,55187e+00	  1,40951e+00
1523	  3,0440000000e+03	  1,55349e+00	  1,40396e+00
1524	  3,0460000000e+03	  1,55785e+00	  1,39953e+00
1525	  3,0480000000e+03	  1,56579e+00	  1,39386e+00
1526	  3,0500000000e+03	  1,57262e+00	  1,38676e+00
1527	  3,0520000000e+03	  1,57576e+00	  1,38145e+00
1528	  3,0540000000e+03	  1,58423e+00	  1,37251e+00
1529	  3,0560000000e+03	  1,59134e+00	  1,36447e+00
1530	  3,0580000000e+03	  1,59585e+00	  1,35783e+00
1531	  3,0600000000e+03	  1,59897e+00	  1,34991e+00
1532	  3,0620000000e+03	  1,60209e+00	  1,33903e+00
1533	  3,0640000000e+03	  1,60611e+00	  1,32993e+00
1534	  3,0660000000e+03	  1,61126e+00	  1,32478e+00
1535	  3,0680000000e+03	  1,61455e+00	  1,32235e+00
1536	  3,0700000000e+03	  1,62084e+00	  1,31362e+00
1537	  3,0720000000e+03	  1,62650e+00	  1,30588e+00
1538	  3,0740000000e+03	  1,63354e+00	  1,30216e+00
1539	  3,0760000000e+03	  1,63958e+00	  1,29697e+00
1540	  3,0780000000e+03	  1,64213e+00	  1,28833e+00
1541	  3,0800000000e+03	  1,65056e+00	  1,28062e+00
1542	  3,0820000000e+03	  1,65802e+00	  1,27074e+00
1543	  3,0840000000e+03	  1,65966e+00	  1,26479e+00
1544	  3,0860000000e+03	  1,66568e+00	  1,25968e+00
1545	  3,0880000000e+03	  1,67023e+00	  1,25329e+00
1546	  3,0900000000e+03	  1,67695e+00	  1,24305e+00
1547	  3,0920000000e+03	  1,68158e+00	  1,23401e+00
1548	  3,0940000000e+03	  1,68509e+00	  1,22445e+00
1549	  3,0960000000e+03	  1,68908e+00	  1,21706e+00
1550	  3,0980000000e+03	  1,69295e+00	  1,21127e+00
1551	  3,1000000000e+03	  1,69666e+00	  1,20137e+00
1552	  3,1020000000e+03	  1,70130e+00	  1,19352e+00
1553	  3,1040000000e+03	  1,70567e+00	  1,18871e+00
1554	  3,1060000000e+03	  1,70963e+00	  1,17971e+00
1555	  3,1080000000e+03	  1,71514e+00	  1,17088e+00
1556	  3,1100000000e+03	  1,72056e+00	  1,16417e+00
1557	  3,1120000000e+03	  1,72455e+00	  1,15766e+00
1558	  3,1140000000e+03	  1,72942e+00	  1,14979e+00
1559	  3,1160000000e+03	  1,73375e+00	  1,13976e+00
1560	  3,1180000000e+03	  1,73915e+00	  1,12985e+00
1561	  3,1200000000e+03	  1,74178e+00	  1,12205e+00
1562	  3,1220000000e+03	  1,74584e+00	  1,11757e+00
1563	  3,1240000000e+03	  1,75270e+00	  1,10838e+00
1564	  3,1260000000e+03	  1,75615e+00	  1,09796e+00
1565	  3,1280000000e+03	  1,75919e+00	  1,08806e+00
1566	  3,1300000000e+03	  1,76286e+00	  1,07832e+00
1567	  3,1320000000e+03	  1,76467e+00	  1,07144e+00
1568	  3,1340000000e+03	  1,76935e+00	  1,06440e+00
1569	  3,1360000000e+03	  1,76916e+00	  1,05856e+00
1570	  3,1380000000e+03	  1,76895e+00	  1,04912e+00
1571	  3,1400000000e+03	  1,77439e+00	  1,03576e+00
1572	  3,1420000000e+03	  1,77926e+00	  1,02755e+00
1573	  3,1440000000e+03	  1,78091e+00	  1,02656e+00
1574	  3,1460000000e+03	  1,78493e+00	  1,01836e+00
1575	  3,1480000000e+03	  1,78855e+00	  1,00863e+00
1576	  3,1500000000e+03	  1,79029e+00	  1,00334e+00
1577	  3,1520000000e+03	  1,79500e+00	  9,93734e-01
1578	  3,1540000000e+03	  1,80010e+00	  9,85130e-01
1579	  3,1560000000e+03	  1,80048e+00	  9,78196e-01
1580	  3,1580000000e+03	  1,80336e+00	  9,66029e-01
1581	  3,1600000000e+03	  1,80800e+00	  9,60555e-01
1582	  3,1620000000e+03	  1,80788e+00	  9,56805e-01
1583	  3,1640000000e+03	  1,80943e+00	  9,51141e-01
1584	  3,1660000000e+03	  1,81117e+00	  9,39569e-01
1585	  3,1680000000e+03	  1,81669e+00	  9,30992e-01
1586	  3,1700000000e+03	  1,82081e+00	  9,24442e-01
1587	  3,1720000000e+03	  1,82276e+00	  9,15915e-01
1588	  3,1740000000e+03	  1,81917e+00	  9,07779e-01
1589	  3,1760000000e+03	  1,82524e+00	  9,00369e-01
1590	  3,1780000000e+03	  1,83108e+00	  8,92074e-01
1591	  3,1800000000e+03	  1,83584e+00	  8,82807e-01
1592	  3,1820000000e+03	  1,83768e+00	  8,75444e-01
1593	  3,1840000000e+03	  1,83976e+00	  8,70635e-01
1594	  3,1860000000e+03	  1,84253e+00	  8,63240e-01
1595	  3,1880000000e+03	  1,84648e+00	  8,52390e-01
1596	  3,1900000000e+03	  1,84961e+00	  8,43019e-01
1597	  3,1920000000e+03	  1,85354e+00	  8,36867e-01
1598	  3,1940000000e+03	  1,85361e+00	  8,29654e-01
1599	  3,1960000000e+03	  1,85698e+00	  8,21286e-01
1600	  3,1980000000e+03	  1,85603e+00	  8,11762e-01
1601	  3,2000000000e+03	  1,85707e+00	  8,01970e-01
1602	  3,2020000000e+03	  1,85985e+00	  7,96791e-01
1603	  3,2040000000e+03	  1,86248e+00	  7,89871e-01
1604	  3,2060000000e+03	  1,86638e+00	  7,83608e-01
1605	  3,2080000000e+03	  1,86834e+00	  7,74925e-01
1606	  3,2100000000e+03	  1,87196e+00	  7,67542e-01
1607	  3,2120000000e+03	  1,87320e+00	  7,62160e-01
1608	  3,2140000000e+03	  1,87401e+00	  7,52178e-01
1609	  3,2160000000e+03	  1,87737e+00	  7,44513e-01
1610	  3,2180000000e+03	  1,87984e+00	  7,38594e-01
1611	  3,2200000000e+03	  1,87915e+00	  7,30156e-01
1612	  3,2220000000e+03	  1,88319e+00	  7,21600e-01
1613	  3,2240000000e+03	  1,88579e+00	  7,10456e-01
1614	  3,2260000000e+03	  1,88668e+00	  7,01966e-01
1615	  3,2280000000e+03	  1,89017e+00	  6,93480e-01
1616	  3,2300000000e+03	  1,89103e+00	  6,87360e-01
1617	  3,2320000000e+03	  1,89682e+00	  6,81059e-01
1618	  3,2340000000e+03	  1,89894e+00	  6,73207e-01
1619	  3,2360000000e+03	  1,90034e+00	  6,69594e-01
1620	  3,2380000000e+03	  1,90220e+00	  6,62145e-01
1621	  3,2400000000e+03	  1,90773e+00	  6,51723e-01
1622	  3,2420000000e+03	  1,90997e+00	  6,40429e-01
1623	  3,2440000000e+03	  1,91196e+00	  6,31949e-01
1624	  3,2460000000e+03	  1,91615e+00	  6,22438e-01
1625	  3,2480000000e+03	  1,91653e+00	  6,13361e-01
1626	  3,2500000000e+03	  1,91754e+00	  6,05050e-01
1627	  3,2520000000e+03	  1,91783e+00	  5,93116e-01
1628	  3,2540000000e+03	  1,91553e+00	  5,82549e-01
1629	  3,2560000000e+03	  1,91705e+00	  5,76459e-01
1630	  3,2580000000e+03	  1,91631e+00	  5,68805e-01
1631	  3,2600000000e+03	  1,91875e+00	  5,62071e-01
1632	  3,2620000000e+03	  1,91878e+00	  5,54009e-01
1633	  3,2640000000e+03	  1,91802e+00	  5,46954e-01
1634	  3,2660000000e+03	  1,92277e+00	  5,41079e-01
1635	  3,2680000000e+03	  1,92450e+00	  5,30518e-01
1636	  3,2700000000e+03	  1,92472e+00	  5,23057e-01
1637	  3,2720000000e+03	  1,92997e+00	  5,12740e-01
1638	  3,2740000000e+03	  1,93024e+00	  5,02677e-01
1639	  3,2760000000e+03	  1,92801e+00	  4,96713e-01
1640	  3,2780000000e+03	  1,92813e+00	  4,88982e-01
1641	  3,2800000000e+03	  1,92815e+00	  4,85428e-01
1642	  3,2820000000e+03	  1,92736e+00	  4,77495e-01
1643	  3,2840000000e+03	  1,92641e+00	  4,68615e-01
1644	  3,2860000000e+03	  1,92927e+00	  4,60546e-01
1645	  3,2880000000e+03	  1,93314e+00	  4,52241e-01
1646	  3,2900000000e+03	  1,93323e+00	  4,42702e-01
1647	  3,2920000000e+03	  1,93653e+00	  4,36046e-01
1648	  3,2940000000e+03	  1,93762e+00	  4,29852e-01
1649	  3,2960000000e+03	  1,93902e+00	  4,20295e-01
1650	  3,2980000000e+03	  1,94462e+00	  4,10410e-01
1651	  3,3000000000e+03	  1,94462e+00	  4,04531e-01
1652	  3,3020000000e+03	  1,94201e+00	  3,96843e-01
1653	  3,3040000000e+03	  1,94106e+00	  3,85426e-01
1654	  3,3060000000e+03	  1,94254e+00	  3,75163e-01
1655	  3,3080000000e+03	  1,94385e+00	  3,65943e-01
1656	  3,3100000000e+03	  1,93949e+00	  3,60122e-01
1657	  3,3120000000e+03	  1,94199e+00	  3,51696e-01
1658	  3,3140000000e+03	  1,94144e+00	  3,45268e-01
1659	  3,3160000000e+03	  1,94282e+00	  3,33527e-01
1660	  3,3180000000e+03	  1,94476e+00	  3,26069e-01
1661	  3,3200000000e+03	  1,94539e+00	  3,22250e-01
1662	  3,3220000000e+03	  1,94311e+00	  3,13529e-01
1663	  3,3240000000e+03	  1,94579e+00	  3,06828e-01
1664	  3,3260000000e+03	  1,94552e+00	  2,97687e-01
1665	  3,3280000000e+03	  1,94411e+00	  2,89309e-01
1666	  3,3300000000e+03	  1,94416e+00	  2,80875e-01
1667	  3,3320000000e+03	  1,94250e+00	  2,70380e-01
1668	  3,3340000000e+03	  1,94147e+00	  2,63576e-01
1669	  3,3360000000e+03	  1,94311e+00	  2,56723e-01
1670	  3,3380000000e+03	  1,94193e+00	  2,49357e-01
1671	  3,3400000000e+03	  1,94039e+00	  2,40486e-01
1672	  3,3420000000e+03	  1,93916e+00	  2,33661e-01
1673	  3,3440000000e+03	  1,93901e+00	  2,23350e-01
1674	  3,3460000000e+03	  1,93815e+00	  2,16539e-01
1675	  3,3480000000e+03	  1,93787e+00	  2,11565e-01
1676	  3,3500000000e+03	  1,93916e+00	  2,03104e-01
1677	  3,3520000000e+03	  1,93947e+00	  1,93835e-01
1678	  3,3540000000e+03	  1,93812e+00	  1,86519e-01
1679	  3,3560000000e+03	  1,93778e+00	  1,76981e-01
1680	  3,3580000000e+03	  1,93743e+00	  1,67228e-01
1681	  3,3600000000e+03	  1,93695e+00	  1,61915e-01
1682	  3,3620000000e+03	  1,93548e+00	  1,54789e-01
1683	  3,3640000000e+03	  1,93427e+00	  1,44694e-01
1684	  3,3660000000e+03	  1,93592e+00	  1,37227e-01
1685	  3,3680000000e+03	  1,93537e+00	  1,29966e-01
1686	  3,3700000000e+03	  1,93552e+00	  1,24312e-01
1687	  3,3720000000e+03	  1,93741e+00	  1,15816e-01
1688	  3,3740000000e+03	  1,93235e+00	  1,05547e-01
1689	  3,3760000000e+03	  1,93202e+00	  9,92513e-02
1690	  3,3780000000e+03	  1,92957e+00	  9,22177e-02
1691	  3,3800000000e+03	  1,92872e+00	  8,41719e-02
1692	  3,3820000000e+03	  1,92874e+00	  7,77945e-02
1693	  3,3840000000e+03	  1,92533e+00	  7,12756e-02
1694	  3,3860000000e+03	  1,92330e+00	  6,49726e-02
1695	  3,3880000000e+03	  1,92316e+00	  5,78186e-02
1696	  3,3900000000e+03	  1,92150e+00	  4,82942e-02
1697	  3,3920000000e+03	  1,92111e+00	  3,90648e-02
1698	  3,3940000000e+03	  1,91977e+00	  3,43813e-02
1699	  3,3960000000e+03	  1,92251e+00	  3,00202e-02
1700	  3,3980000000e+03	  1,92021e+00	  2,08718e-02
1701	  3,4000000000e+03	  1,91862e+00	  1,48898e-02
1702	  3,4020000000e+03	  1,91997e+00	  7,25377e-03
1703	  3,4040000000e+03	  1,92047e+00	  2,19372e-03
1704	  3,4060000000e+03	  1,92000e+00	 -9,65999e-03
1705	  3,4080000000e+03	  1,91654e+00	 -1,93237e-02
1706	  3,4100000000e+03	  1,91691e+00	 -2,48723e-02
1707	  3,4120000000e+03	  1,91568e+00	 -3,28528e-02
1708	  3,4140000000e+03	  1,91162e+00	 -4,13433e-02
1709	  3,4160000000e+03	  1,91208e+00	 -4,94982e-02
1710	  3,4180000000e+03	  1,91099e+00	 -5,54746e-02
1711	  3,4200000000e+03	  1,90940e+00	 -6,13939e-02
1712	  3,4220000000e+03	  1,90887e+00	 -6,79941e-02
1713	  3,4240000000e+03	  1,91059e+00	 -7,53400e-02
1714	  3,4260000000e+03	  1,90769e+00	 -8,20530e-02
1715	  3,4280000000e+03	  1,90719e+00	 -8,85497e-02
1716	  3,4300000000e+03	  1,90646e+00	 -9,64740e-02
1717	  3,4320000000e+03	  1,90457e+00	 -1,08515e-01
1718	  3,4340000000e+03	  1,90432e+00	 -1,13569e-01
1719	  3,4360000000e+03	  1,90250e+00	 -1,21765e-01
1720	  3,4380000000e+03	  1,90091e+00	 -1,27086e-01
1721	  3,4400000000e+03	  1,90153e+00	 -1,37429e-01
1722	  3,4420000000e+03	  1,90342e+00	 -1,49731e-01
1723	  3,4440000000e+03	  1,89928e+00	 -1,60024e-01
1724	  3,4460000000e+03	  1,89415e+00	 -1,66226e-01
1725	  3,4480000000e+03	  1,89276e+00	 -1,72412e-01
1726	  3,4500000000e+03	  1,88911e+00	 -1,78225e-01
1727	  3,4520000000e+03	  1,88722e+00	 -1,85904e-01
1728	  3,4540000000e+03	  1,88791e+00	 -1,91933e-01
1729	  3,4560000000e+03	  1,88439e+00	 -1,97327e-01
1730	  3,4580000000e+03	  1,88053e+00	 -2,03264e-01
1731	  3,4600000000e+03	  1,88283e+00	 -2,07570e-01
1732	  3,4620000000e+03	  1,87933e+00	 -2,14299e-01
1733	  3,4640000000e+03	  1,87908e+00	 -2,20243e-01
1734	  3,4660000000e+03	  1,88017e+00	 -2,31261e-01
1735	  3,4680000000e+03	  1,87819e+00	 -2,36677e-01
1736	  3,4700000000e+03	  1,87272e+00	 -2,45059e-01
1737	  3,4720000000e+03	  1,86506e+00	 -2,52683e-01
1738	  3,4740000000e+03	  1,86458e+00	 -2,58181e-01
1739	  3,4760000000e+03	  1,86735e+00	 -2,64470e-01
1740	  3,4780000000e+03	  1,86683e+00	 -2,72616e-01
1741	  3,4800000000e+03	  1,86515e+00	 -2,78716e-01
1742	  3,4820000000e+03	  1,86526e+00	 -2,84380e-01
1743	  3,4840000000e+03	  1,86163e+00	 -2,92810e-01
1744	  3,4860000000e+03	  1,85765e+00	 -3,01092e-01
1745	  3,4880000000e+03	  1,85916e+00	 -3,07330e-01
1746	  3,4900000000e+03	  1,85784e+00	 -3,15955e-01
1747	  3,4920000000e+03	  1,85407e+00	 -3,25466e-01
1748	  3,4940000000e+03	  1,85421e+00	 -3,31554e-01
1749	  3,4960000000e+03	  1,85166e+00	 -3,38508e-01
1750	  3,4980000000e+03	  1,84678e+00	 -3,45330e-01
1751	  3,5000000000e+03	  1,84088e+00	 -3,54415e-01
1752	  3,5020000000e+03	  1,83859e+00	 -3,62168e-01
1753	  3,5040000000e+03	  1,83833e+00	 -3,66676e-01
1754	  3,5060000000e+03	  1,83346e+00	 -3,75118e-01
1755	  3,5080000000e+03	  1,82726e+00	 -3,79761e-01
1756	  3,5100000000e+03	  1,82575e+00	 -3,85522e-01
1757	  3,5120000000e+03	  1,82656e+00	 -3,91911e-01
1758	  3,5140000000e+03	  1,82576e+00	 -3,97606e-01
1759	  3,5160000000e+03	  1,82137e+00	 -4,09075e-01
1760	  3,5180000000e+03	  1,81881e+00	 -4,20059e-01
1761	  3,5200000000e+03	  1,81612e+00	 -4,26036e-01
1762	  3,5220000000e+03	  1,81051e+00	 -4,28791e-01
1763	  3,5240000000e+03	  1,80851e+00	 -4,36189e-01
1764	  3,5260000000e+03	  1,80960e+00	 -4,43237e-01
1765	  3,5280000000e+03	  1,80445e+00	 -4,47383e-01
1766	  3,5300000000e+03	  1,80082e+00	 -4,50790e-01
1767	  3,5320000000e+03	  1,79729e+00	 -4,54787e-01
1768	  3,5340000000e+03	  1,78990e+00	 -4,60557e-01
1769	  3,5360000000e+03	  1,78520e+00	 -4,66800e-01
1770	  3,5380000000e+03	  1,78823e+00	 -4,74954e-01
1771	  3,5400000000e+03	  1,78920e+00	 -4,79512e-01
1772	  3,5420000000e+03	  1,78611e+00	 -4,85550e-01
1773	  3,5440000000e+03	  1,78118e+00	 -4,91168e-01
1774	  3,5460000000e+03	  1,78270e+00	 -4,95734e-01
1775	  3,5480000000e+03	  1,78139e+00	 -5,02524e-01
1776	  3,5500000000e+03	  1,78042e+00	 -5,12365e-01
1777	  3,5520000000e+03	  1,78044e+00	 -5,16791e-01
1778	  3,5540000000e+03	  1,77684e+00	 -5,18956e-01
1779	  3,5560000000e+03	  1,77418e+00	 -5,28159e-01
1780	  3,5580000000e+03	  1,77179e+00	 -5,37119e-01
1781	  3,5600000000e+03	  1,76894e+00	 -5,46903e-01
1782	  3,5620000000e+03	  1,76846e+00	 -5,53558e-01
1783	  3,5640000000e+03	  1,76715e+00	 -5,60008e-01
1784	  3,5660000000e+03	  1,76233e+00	 -5,69075e-01
1785	  3,5680000000e+03	  1,75868e+00	 -5,74544e-01
1786	  3,5700000000e+03	  1,75784e+00	 -5,86341e-01
1787	  3,5720000000e+03	  1,75515e+00	 -5,94186e-01
1788	  3,5740000000e+03	  1,75149e+00	 -5,98879e-01
1789	  3,5760000000e+03	  1,74708e+00	 -6,02095e-01
1790	  3,5780000000e+03	  1,74102e+00	 -6,08801e-01
1791	  3,5800000000e+03	  1,73495e+00	 -6,19482e-01
1792	  3,5820000000e+03	  1,72924e+00	 -6,27755e-01
1793	  3,5840000000e+03	  1,72945e+00	 -6,34218e-01
1794	  3,5860000000e+03	  1,72700e+00	 -6,40448e-01
1795	  3,5880000000e+03	  1,72039e+00	 -6,40992e-01
1796	  3,5900000000e+03	  1,71881e+00	 -6,44445e-01
1797	  3,5920000000e+03	  1,71672e+00	 -6,54180e-01
1798	  3,5940000000e+03	  1,71182e+00	 -6,60558e-01
1799	  3,5960000000e+03	  1,71010e+00	 -6,64354e-01
1800	  3,5980000000e+03	  1,70774e+00	 -6,71136e-01
1801	  3,6000000000e+03	  1,70407e+00	 -6,81903e-01
1802	  3,6020000000e+03	  1,70035e+00	 -6,85797e-01
1803	  3,6040000000e+03	  1,69859e+00	 -6,91216e-01
1804	  3,6060000000e+03	  1,69634e+00	 -6,96905e-01
1805	  3,6080000000e+03	  1,69235e+00	 -7,01913e-01
1806	  3,6100000000e+03	  1,68380e+00	 -7,08631e-01
1807	  3,6120000000e+03	  1,68033e+00	 -7,14611e-01
1808	  3,6140000000e+03	  1,67979e+00	 -7,18380e-01
1809	  3,6160000000e+03	  1,67625e+00	 -7,24843e-01
1810	  3,6180000000e+03	  1,67302e+00	 -7,31943e-01
1811	  3,6200000000e+03	  1,67469e+00	 -7,36168e-01
1812	  3,6220000000e+03	  1,67248e+00	 -7,41599e-01
1813	  3,6240000000e+03	  1,66514e+00	 -7,49166e-01
1814	  3,6260000000e+03	  1,66230e+00	 -7,53758e-01
1815	  3,6280000000e+03	  1,66036e+00	 -7,57072e-01
1816	  3,6300000000e+03	  1,65681e+00	 -7,66731e-01
1817	  3,6320000000e+03	  1,65287e+00	 -7,77317e-01
1818	  3,6340000000e+03	  1,64807e+00	 -7,82307e-01
1819	  3,6360000000e+03	  1,64720e+00	 -7,84365e-01
1820	  3,6380000000e+03	  1,64517e+00	 -7,94543e-01
1821	  3,6400000000e+03	  1,64244e+00	 -8,03433e-01
1822	  3,6420000000e+03	  1,63783e+00	 -8,09816e-01
1823	  3,6440000000e+03	  1,63497e+00	 -8,16476e-01
1824	  3,6460000000e+03	  1,63203e+00	 -8,19864e-01
1825	  3,6480000000e+03	  1,62552e+00	 -8,25660e-01
1826	  3,6500000000e+03	  1,62542e+00	 -8,32675e-01
1827	  3,6520000000e+03	  1,62002e+00	 -8,40378e-01
1828	  3,6540000000e+03	  1,61544e+00	 -8,46398e-01
1829	  3,6560000000e+03	  1,61205e+00	 -8,50881e-01
1830	  3,6580000000e+03	  1,60964e+00	 -8,57288e-01
1831	  3,6600000000e+03	  1,60354e+00	 -8,63041e-01
1832	  3,6620000000e+03	  1,59968e+00	 -8,65692e-01
1833	  3,6640000000e+03	  1,59647e+00	 -8,73477e-01
1834	  3,6660000000e+03	  1,59377e+00	 -8,80248e-01
1835	  3,6680000000e+03	  1,58908e+00	 -8,87885e-01
1836	  3,6700000000e+03	  1,58417e+00	 -8,93020e-01
1837	  3,6720000000e+03	  1,57968e+00	 -9,00664e-01
1838	  3,6740000000e+03	  1,57586e+00	 -9,07989e-01
1839	  3,6760000000e+03	  1,57045e+00	 -9,09857e-01
1840	  3,6780000000e+03	  1,56660e+00	 -9,14165e-01
1841	  3,6800000000e+03	  1,56418e+00	 -9,19709e-01
1842	  3,6820000000e+03	  1,56119e+00	 -9,28473e-01
1843	  3,6840000000e+03	  1,55839e+00	 -9,30775e-01
1844	  3,6860000000e+03	  1,54997e+00	 -9,33795e-01
1845	  3,6880000000e+03	  1,55029e+00	 -9,40271e-01
1846	  3,6900000000e+03	  1,54992e+00	 -9,50017e-01
1847	  3,6920000000e+03	  1,54387e+00	 -9,56509e-01
1848	  3,6940000000e+03	  1,53929e+00	 -9,61996e-01
1849	  3,6960000000e+03	  1,53684e+00	 -9,69507e-01
1850	  3,6980000000e+03	  1,53448e+00	 -9,74633e-01
1851	  3,7000000000e+03	  1,53153e+00	 -9,77469e-01
1852	  3,7020000000e+03	  1,52402e+00	 -9,83354e-01
1853	  3,7040000000e+03	  1,51664e+00	 -9,89337e-01
1854	  3,7060000000e+03	  1,51177e+00	 -9,99442e-01
1855	  3,7080000000e+03	  1,50917e+00	 -1,00872e+00
1856	  3,7100000000e+03	  1,50711e+00	 -1,01092e+00
1857	  3,7120000000e+03	  1,50345e+00	 -1,02033e+00
1858	  3,7140000000e+03	  1,49676e+00	 -1,02575e+00
1859	  3,7160000000e+03	  1,49374e+00	 -1,03244e+00
1860	  3,7180000000e+03	  1,49204e+00	 -1,03851e+00
1861	  3,7200000000e+03	  1,48674e+00	 -1,04622e+00
1862	  3,7220000000e+03	  1,48168e+00	 -1,04910e+00
1863	  3,7240000000e+03	  1,47940e+00	 -1,05405e+00
1864	  3,7260000000e+03	  1,47729e+00	 -1,06060e+00
1865	  3,7280000000e+03	  1,46725e+00	 -1,06874e+00
1866	  3,7300000000e+03	  1,46187e+00	 -1,07698e+00
1867	  3,7320000000e+03	  1,45671e+00	 -1,08205e+00
1868	  3,7340000000e+03	  1,45171e+00	 -1,08733e+00
1869	  3,7360000000e+03	  1,44290e+00	 -1,09075e+00
1870	  3,7380000000e+03	  1,43667e+00	 -1,09251e+00
1871	  3,7400000000e+03	  1,43350e+00	 -1,09968e+00
1872	  3,7420000000e+03	  1,43076e+00	 -1,10526e+00
1873	  3,7440000000e+03	  1,42433e+00	 -1,11055e+00
1874	  3,7460000000e+03	  1,41687e+00	 -1,11841e+00
1875	  3,7480000000e+03	  1,41237e+00	 -1,12369e+00
1876	  3,7500000000e+03	  1,41026e+00	 -1,12916e+00
1877	  3,7520000000e+03	  1,40539e+00	 -1,13556e+00
1878	  3,7540000000e+03	  1,39809e+00	 -1,14044e+00
1879	  3,7560000000e+03	  1,39576e+00	 -1,14539e+00
1880	  3,7580000000e+03	  1,39242e+00	 -1,15225e+00
1881	  3,7600000000e+03	  1,38459e+00	 -1,15718e+00
1882	  3,7620000000e+03	  1,37764e+00	 -1,16208e+00
1883	  3,7640000000e+03	  1,37148e+00	 -1,16533e+00
1884	  3,7660000000e+03	  1,36948e+00	 -1,16898e+00
1885	  3,7680000000e+03	  1,36402e+00	 -1,17321e+00
1886	  3,7700000000e+03	  1,35719e+00	 -1,18027e+00
1887	  3,7720000000e+03	  1,35278e+00	 -1,18242e+00
1888	  3,7740000000e+03	  1,35057e+00	 -1,18843e+00
1889	  3,7760000000e+03	  1,34575e+00	 -1,19643e+00
1890	  3,7780000000e+03	  1,33999e+00	 -1,20292e+00
1891	  3,7800000000e+03	  1,33456e+00	 -1,20952e+00
1892	  3,7820000000e+03	  1,32919e+00	 -1,21582e+00
1893	  3,7840000000e+03	  1,32442e+00	 -1,21928e+00
1894	  3,7860000000e+03	  1,31832e+00	 -1,22330e+00
1895	  3,7880000000e+03	  1,30996e+00	 -1,23338e+00
1896	  3,7900000000e+03	  1,30390e+00	 -1,23710e+00
1897	  3,7920000000e+03	  1,29928e+00	 -1,24114e+00
1898	  3,7940000000e+03	  1,29097e+00	 -1,24513e+00
1899	  3,7960000000e+03	  1,28523e+00	 -1,25024e+00
1900	  3,7980000000e+03	  1,27906e+00	 -1,25595e+00
1901	  3,8000000000e+03	  1,27546e+00	 -1,26144e+00
1902	  3,8020000000e+03	  1,27024e+00	 -1,26299e+00
1903	  3,8040000000e+03	  1,26640e+00	 -1,26641e+00
1904	  3,8060000000e+03	  1,26056e+00	 -1,27666e+00
1905	  3,8080000000e+03	  1,25563e+00	 -1,28072e+00
1906	  3,8100000000e+03	  1,25003e+00	 -1,28438e+00
1907	  3,8120000000e+03	  1,24250e+00	 -1,28979e+00
1908	  3,8140000000e+03	  1,23668e+00	 -1,29282e+00
1909	  3,8160000000e+03	  1,23065e+00	 -1,29678e+00
1910	  3,8180000000e+03	  1,22585e+00	 -1,30581e+00
1911	  3,8200000000e+03	  1,21876e+00	 -1,31189e+00
1912	  3,8220000000e+03	  1,21458e+00	 -1,31243e+00
1913	  3,8240000000e+03	  1,21058e+00	 -1,31557e+00
1914	  3,8260000000e+03	  1,19948e+00	 -1,32186e+00
1915	  3,8280000000e+03	  1,19667e+00	 -1,32824e+00
1916	  3,8300000000e+03	  1,19542e+00	 -1,33345e+00
1917	  3,8320000000e+03	  1,18964e+00	 -1,33843e+00
1918	  3,8340000000e+03	  1,18274e+00	 -1,34758e+00
1919	  3,8360000000e+03	  1,17993e+00	 -1,35147e+00
1920	  3,8380000000e+03	  1,17326e+00	 -1,35742e+00
1921	  3,8400000000e+03	  1,16425e+00	 -1,36149e+00
1922	  3,8420000000e+03	  1,15801e+00	 -1,36442e+00
1923	  3,8440000000e+03	  1,14982e+00	 -1,37142e+00
1924	  3,8460000000e+03	  1,14204e+00	 -1,37912e+00
1925	  3,8480000000e+03	  1,13197e+00	 -1,38566e+00
1926	  3,8500000000e+03	  1,12368e+00	 -1,39119e+00
1927	  3,8520000000e+03	  1,11810e+00	 -1,39162e+00
1928	  3,8540000000e+03	  1,11345e+00	 -1,39522e+00
1929	  3,8560000000e+03	  1,10749e+00	 -1,39908e+00
1930	  3,8580000000e+03	  1,09880e+00	 -1,40334e+00
1931	  3,8600000000e+03	  1,08845e+00	 -1,40707e+00
1932	  3,8620000000e+03	  1,08319e+00	 -1,41257e+00
1933	  3,8640000000e+03	  1,07497e+00	 -1,41737e+00
1934	  3,8660000000e+03	  1,06894e+00	 -1,42165e+00
1935	  3,8680000000e+03	  1,06101e+00	 -1,42591e+00
1936	  3,8700000000e+03	  1,05362e+00	 -1,42837e+00
1937	  3,8720000000e+03	  1,04500e+00	 -1,43103e+00
1938	  3,8740000000e+03	  1,04178e+00	 -1,43402e+00
1939	  3,8760000000e+03	  1,03666e+00	 -1,43826e+00
1940	  3,8780000000e+03	  1,02668e+00	 -1,44538e+00
1941	  3,8800000000e+03	  1,01775e+00	 -1,44994e+00
1942	  3,8820000000e+03	  1,01144e+00	 -1,45213e+00
1943	  3,8840000000e+03	  1,00512e+00	 -1,45436e+00
1944	  3,8860000000e+03	  9,93812e-01	 -1,45591e+00
1945	  3,8880000000e+03	  9,87439e-01	 -1,45907e+00
1946	  3,8900000000e+03	  9,81767e-01	 -1,46172e+00
1947	  3,8920000000e+03	  9,72496e-01	 -1,46306e+00
1948	  3,8940000000e+03	  9,65928e-01	 -1,46594e+00
1949	  3,8960000000e+03	  9,57062e-01	 -1,47105e+00
1950	  3,8980000000e+03	  9,52854e-01	 -1,47096e+00
1951	  3,9000000000e+03	  9,50317e-01	 -1,47447e+00
1952	  3,9020000000e+03	  9,41783e-01	 -1,47733e+00
1953	  3,9040000000e+03	  9,32460e-01	 -1,47949e+00
1954	  3,9060000000e+03	  9,26948e-01	 -1,48211e+00
1955	  3,9080000000e+03	  9,18986e-01	 -1,48853e+00
1956	  3,9100000000e+03	  9,10544e-01	 -1,49274e+00
1957	  3,9120000000e+03	  9,02236e-01	 -1,49062e+00
1958	  3,9140000000e+03	  8,96432e-01	 -1,49150e+00
1959	  3,9160000000e+03	  8,86490e-01	 -1,49398e+00
1960	  3,9180000000e+03	  8,83352e-01	 -1,49532e+00
1961	  3,9200000000e+03	  8,80482e-01	 -1,49757e+00
1962	  3,9220000000e+03	  8,72878e-01	 -1,50016e+00
1963	  3,9240000000e+03	  8,65483e-01	 -1,50187e+00
1964	  3,9260000000e+03	  8,62368e-01	 -1,50629e+00
1965	  3,9280000000e+03	  8,54355e-01	 -1,50918e+00
1966	  3,9300000000e+03	  8,44966e-01	 -1,51056e+00
1967	  3,9320000000e+03	  8,42018e-01	 -1,51184e+00
1968	  3,9340000000e+03	  8,34145e-01	 -1,51595e+00
1969	  3,9360000000e+03	  8,30364e-01	 -1,51876e+00
1970	  3,9380000000e+03	  8,24590e-01	 -1,52221e+00
1971	  3,9400000000e+03	  8,16263e-01	 -1,52562e+00
1972	  3,9420000000e+03	  8,12057e-01	 -1,53077e+00
1973	  3,9440000000e+03	  8,07727e-01	 -1,53131e+00
1974	  3,9460000000e+03	  8,01649e-01	 -1,53681e+00
1975	  3,9480000000e+03	  7,94778e-01	 -1,54137e+00
1976	  3,9500000000e+03	  7,89693e-01	 -1,54724e+00
1977	  3,9520000000e+03	  7,81161e-01	 -1,54938e+00
1978	  3,9540000000e+03	  7,69685e-01	 -1,55075e+00
1979	  3,9560000000e+03	  7,57618e-01	 -1,55565e+00
1980	  3,9580000000e+03	  7,46880e-01	 -1,56389e+00
1981	  3,9600000000e+03	  7,34090e-01	 -1,56043e+00
1982	  3,9620000000e+03	  7,28302e-01	 -1,55244e+00
1983	  3,9640000000e+03	  7,26857e-01	 -1,55637e+00
1984	  3,9660000000e+03	  7,21664e-01	 -1,55958e+00
1985	  3,9680000000e+03	  7,16284e-01	 -1,56485e+00
1986	  3,9700000000e+03	  7,08361e-01	 -1,56597e+00
1987	  3,9720000000e+03	  7,01776e-01	 -1,56337e+00
1988	  3,9740000000e+03	  6,94527e-01	 -1,56684e+00
1989	  3,9760000000e+03	  6,88299e-01	 -1,57341e+00
1990	  3,9780000000e+03	  6,81197e-01	 -1,57739e+00
1991	  3,9800000000e+03	  6,75550e-01	 -1,57677e+00
1992	  3,9820000000e+03	  6,67659e-01	 -1,58210e+00
1993	  3,9840000000e+03	  6,57341e-01	 -1,58654e+00
1994	  3,9860000000e+03	  6,52228e-01	 -1,58586e+00
1995	  3,9880000000e+03	  6,44430e-01	 -1,58505e+00
1996	  3,9900000000e+03	  6,33110e-01	 -1,58332e+00
1997	  3,9920000000e+03	  6,29000e-01	 -1,58484e+00
1998	  3,9940000000e+03	  6,23016e-01	 -1,58908e+00
1999	  3,9960000000e+03	  6,13490e-01	 -1,59236e+00
2000	  3,9980000000e+03	  6,05792e-01	 -1,59508e+00
2001	  4,0000000000e+03	  5,96290e-01	 -1,59651e+00
2002	  4,0020000000e+03	  5,87274e-01	 -1,59855e+00
2003	  4,0040000000e+03	  5,81698e-01	 -1,59887e+00
2004	  4,0060000000e+03	  5,74473e-01	 -1,59881e+00
2005	  4,0080000000e+03	  5,66284e-01	 -1,59861e+00
2006	  4,0100000000e+03	  5,61098e-01	 -1,59785e+00
2007	  4,0120000000e+03	  5,58699e-01	 -1,59630e+00
2008	  4,0140000000e+03	  5,53328e-01	 -1,60015e+00
2009	  4,0160000000e+03	  5,46336e-01	 -1,60196e+00
2010	  4,0180000000e+03	  5,40424e-01	 -1,60293e+00
2011	  4,0200000000e+03	  5,33987e-01	 -1,60903e+00
2012	  4,0220000000e+03	  5,27388e-01	 -1,61122e+00
2013	  4,0240000000e+03	  5,18848e-01	 -1,61505e+00
2014	  4,0260000000e+03	  5,07014e-01	 -1,62019e+00
2015	  4,0280000000e+03	  4,98290e-01	 -1,61935e+00
2016	  4,0300000000e+03	  4,89197e-01	 -1,62062e+00
2017	  4,0320000000e+03	  4,80684e-01	 -1,62444e+00
2018	  4,0340000000e+03	  4,73274e-01	 -1,62741e+00
2019	  4,0360000000e+03	  4,66125e-01	 -1,62885e+00
2020	  4,0380000000e+03	  4,57108e-01	 -1,62905e+00
2021	  4,0400000000e+03	  4,45089e-01	 -1,62901e+00
2022	  4,0420000000e+03	  4,38095e-01	 -1,62820e+00
2023	  4,0440000000e+03	  4,31243e-01	 -1,63058e+00
2024	  4,0460000000e+03	  4,23832e-01	 -1,63498e+00
2025	  4,0480000000e+03	  4,16258e-01	 -1,63267e+00
2026	  4,0500000000e+03	  4,07771e-01	 -1,63154e+00
2027	  4,0520000000e+03	  4,00366e-01	 -1,63220e+00
2028	  4,0540000000e+03	  3,93134e-01	 -1,63114e+00
2029	  4,0560000000e+03	  3,84384e-01	 -1,63367e+00
2030	  4,0580000000e+03	  3,74919e-01	 -1,63241e+00
2031	  4,0600000000e+03	  3,69016e-01	 -1,63201e+00
2032	  4,0620000000e+03	  3,62805e-01	 -1,63534e+00
2033	  4,0640000000e+03	  3,55050e-01	 -1,63666e+00
2034	  4,0660000000e+03	  3,45289e-01	 -1,63852e+00
2035	  4,0680000000e+03	  3,37634e-01	 -1,63969e+00
2036	  4,0700000000e+03	  3,24739e-01	 -1,63911e+00
2037	  4,0720000000e+03	  3,16270e-01	 -1,64259e+00
2038	  4,0740000000e+03	  3,06376e-01	 -1,64154e+00
2039	  4,0760000000e+03	  2,96739e-01	 -1,64004e+00
2040	  4,0780000000e+03	  2,89938e-01	 -1,63872e+00
2041	  4,0800000000e+03	  2,82621e-01	 -1,63457e+00
2042	  4,0820000000e+03	  2,73997e-01	 -1,63078e+00
2043	  4,0840000000e+03	  2,69536e-01	 -1,63277e+00
2044	  4,0860000000e+03	  2,62235e-01	 -1,63088e+00
2045	  4,0880000000e+03	  2,55659e-01	 -1,62809e+00
2046	  4,0900000000e+03	  2,51720e-01	 -1,62721e+00
2047	  4,0920000000e+03	  2,43655e-01	 -1,62904e+00
2048	  4,0940000000e+03	  2,35930e-01	 -1,62827e+00
2049	  4,0960000000e+03	  2,23407e-01	 -1,63045e+00
2050	  4,0980000000e+03	  2,14804e-01	 -1,62970e+00
2051	  4,1000000000e+03	  2,11033e-01	 -1,63122e+00
2052	  4,1020000000e+03	  2,02586e-01	 -1,62906e+00
2053	  4,1040000000e+03	  1,90919e-01	 -1,62723e+00
2054	  4,1060000000e+03	  1,79821e-01	 -1,62845e+00
2055	  4,1080000000e+03	  1,67378e-01	 -1,62470e+00
2056	  4,1100000000e+03	  1,60701e-01	 -1,62021e+00
2057	  4,1120000000e+03	  1,54802e-01	 -1,61774e+00
2058	  4,1140000000e+03	  1,45466e-01	 -1,61723e+00
2059	  4,1160000000e+03	  1,35424e-01	 -1,61521e+00
2060	  4,1180000000e+03	  1,27611e-01	 -1,60798e+00
2061	  4,1200000000e+03	  1,20313e-01	 -1,60941e+00
2062	  4,1220000000e+03	  1,14318e-01	 -1,60789e+00
2063	  4,1240000000e+03	  1,05663e-01	 -1,60117e+00
2064	  4,1260000000e+03	  9,83740e-02	 -1,59698e+00
2065	  4,1280000000e+03	  9,03274e-02	 -1,59692e+00
2066	  4,1300000000e+03	  8,42929e-02	 -1,59659e+00
2067	  4,1320000000e+03	  7,72357e-02	 -1,59334e+00
2068	  4,1340000000e+03	  6,91615e-02	 -1,59200e+00
2069	  4,1360000000e+03	  6,78554e-02	 -1,58674e+00
2070	  4,1380000000e+03	  6,32446e-02	 -1,58348e+00
2071	  4,1400000000e+03	  5,53177e-02	 -1,58161e+00
2072	  4,1420000000e+03	  5,17744e-02	 -1,57868e+00
2073	  4,1440000000e+03	  4,33770e-02	 -1,57966e+00
2074	  4,1460000000e+03	  3,44838e-02	 -1,57995e+00
2075	  4,1480000000e+03	  2,94377e-02	 -1,57525e+00
2076	  4,1500000000e+03	  1,90146e-02	 -1,56417e+00
2077	  4,1520000000e+03	  8,94547e-03	 -1,56205e+00
2078	  4,1540000000e+03	  4,30559e-03	 -1,56411e+00
2079	  4,1560000000e+03	 -4,52465e-04	 -1,55897e+00
2080	  4,1580000000e+03	 -4,38353e-03	 -1,55774e+00
2081	  4,1600000000e+03	 -1,00064e-02	 -1,55611e+00
2082	  4,1620000000e+03	 -1,47392e-02	 -1,55313e+00
2083	  4,1640000000e+03	 -2,10415e-02	 -1,54801e+00
2084	  4,1660000000e+03	 -2,45875e-02	 -1,54520e+00
2085	  4,1680000000e+03	 -3,11759e-02	 -1,54574e+00
2086	  4,1700000000e+03	 -3,94125e-02	 -1,54641e+00
2087	  4,1720000000e+03	 -4,93175e-02	 -1,54460e+00
2088	  4,1740000000e+03	 -5,41817e-02	 -1,54169e+00
2089	  4,1760000000e+03	 -6,20119e-02	 -1,53810e+00
2090	  4,1780000000e+03	 -7,18044e-02	 -1,53562e+00
2091	  4,1800000000e+03	 -8,05876e-02	 -1,53123e+00
2092	  4,1820000000e+03	 -8,19572e-02	 -1,52794e+00
2093	  4,1840000000e+03	 -8,84408e-02	 -1,52534e+00
2094	  4,1860000000e+03	 -9,35805e-02	 -1,51916e+00
2095	  4,1880000000e+03	 -9,79180e-02	 -1,51296e+00
2096	  4,1900000000e+03	 -1,00386e-01	 -1,51003e+00
2097	  4,1920000000e+03	 -1,05815e-01	 -1,50662e+00
2098	  4,1940000000e+03	 -1,11254e-01	 -1,50544e+00
2099	  4,1960000000e+03	 -1,13447e-01	 -1,50260e+00
2100	  4,1980000000e+03	 -1,18602e-01	 -1,49775e+00
2101	  4,2000000000e+03	 -1,24559e-01	 -1,49493e+00
2102	  4,2020000000e+03	 -1,29010e-01	 -1,49446e+00
2103	  4,2040000000e+03	 -1,34891e-01	 -1,49114e+00
2104	  4,2060000000e+03	 -1,41318e-01	 -1,48757e+00
2105	  4,2080000000e+03	 -1,49218e-01	 -1,48483e+00
2106	  4,2100000000e+03	 -1,54180e-01	 -1,48414e+00
2107	  4,2120000000e+03	 -1,53302e-01	 -1,48092e+00
2108	  4,2140000000e+03	 -1,55624e-01	 -1,47377e+00
2109	  4,2160000000e+03	 -1,62258e-01	 -1,47237e+00
2110	  4,2180000000e+03	 -1,70093e-01	 -1,47404e+00
2111	  4,2200000000e+03	 -1,74705e-01	 -1,46868e+00
2112	  4,2220000000e+03	 -1,79494e-01	 -1,46601e+00
2113	  4,2240000000e+03	 -1,82335e-01	 -1,46316e+00
2114	  4,2260000000e+03	 -1,88419e-01	 -1,45714e+00
2115	  4,2280000000e+03	 -1,93592e-01	 -1,45544e+00
2116	  4,2300000000e+03	 -1,97599e-01	 -1,45309e+00
2117	  4,2320000000e+03	 -2,01911e-01	 -1,45006e+00
2118	  4,2340000000e+03	 -2,05028e-01	 -1,44606e+00
2119	  4,2360000000e+03	 -2,07058e-01	 -1,44332e+00
2120	  4,2380000000e+03	 -2,11647e-01	 -1,44175e+00
2121	  4,2400000000e+03	 -2,17793e-01	 -1,43705e+00
2122	  4,2420000000e+03	 -2,18969e-01	 -1,43307e+00
2123	  4,2440000000e+03	 -2,23198e-01	 -1,43061e+00
2124	  4,2460000000e+03	 -2,26174e-01	 -1,42820e+00
2125	  4,2480000000e+03	 -2,30361e-01	 -1,42630e+00
2126	  4,2500000000e+03	 -2,36211e-01	 -1,42531e+00
2127	  4,2520000000e+03	 -2,43218e-01	 -1,42211e+00
2128	  4,2540000000e+03	 -2,46135e-01	 -1,41970e+00
2129	  4,2560000000e+03	 -2,50312e-01	 -1,41929e+00
2130	  4,2580000000e+03	 -2,54089e-01	 -1,41909e+00
2131	  4,2600000000e+03	 -2,58262e-01	 -1,41509e+00
2132	  4,2620000000e+03	 -2,61915e-01	 -1,41113e+00
2133	  4,2640000000e+03	 -2,64447e-01	 -1,40696e+00
2134	  4,2660000000e+03	 -2,69687e-01	 -1,40814e+00
2135	  4,2680000000e+03	 -2,73918e-01	 -1,40763e+00
2136	  4,2700000000e+03	 -2,77899e-01	 -1,40583e+00
2137	  4,2720000000e+03	 -2,81163e-01	 -1,40159e+00
2138	  4,2740000000e+03	 -2,86467e-01	 -1,39918e+00
2139	  4,2760000000e+03	 -2,92217e-01	 -1,39847e+00
2140	  4,2780000000e+03	 -2,96905e-01	 -1,39677e+00
2141	  4,2800000000e+03	 -2,99804e-01	 -1,39379e+00
2142	  4,2820000000e+03	 -3,03434e-01	 -1,39148e+00
2143	  4,2840000000e+03	 -3,05522e-01	 -1,39071e+00
2144	  4,2860000000e+03	 -3,11082e-01	 -1,38957e+00
2145	  4,2880000000e+03	 -3,17792e-01	 -1,38814e+00
2146	  4,2900000000e+03	 -3,20268e-01	 -1,38270e+00
2147	  4,2920000000e+03	 -3,23422e-01	 -1,38228e+00
2148	  4,2940000000e+03	 -3,28526e-01	 -1,38303e+00
2149	  4,2960000000e+03	 -3,38710e-01	 -1,38035e+00
2150	  4,2980000000e+03	 -3,41180e-01	 -1,37981e+00
2151	  4,3000000000e+03	 -3,42883e-01	 -1,37906e+00
2152	  4,3020000000e+03	 -3,49863e-01	 -1,37768e+00
2153	  4,3040000000e+03	 -3,56128e-01	 -1,37282e+00
2154	  4,3060000000e+03	 -3,63330e-01	 -1,37153e+00
2155	  4,3080000000e+03	 -3,71144e-01	 -1,36961e+00
2156	  4,3100000000e+03	 -3,69515e-01	 -1,36536e+00
2157	  4,3120000000e+03	 -3,73023e-01	 -1,36246e+00
2158	  4,3140000000e+03	 -3,77931e-01	 -1,36139e+00
2159	  4,3160000000e+03	 -3,83748e-01	 -1,36019e+00
2160	  4,3180000000e+03	 -3,88135e-01	 -1,35717e+00
2161	  4,3200000000e+03	 -3,90860e-01	 -1,35259e+00
2162	  4,3220000000e+03	 -3,97049e-01	 -1,35079e+00
2163	  4,3240000000e+03	 -4,00664e-01	 -1,34681e+00
2164	  4,3260000000e+03	 -4,09703e-01	 -1,34538e+00
2165	  4,3280000000e+03	 -4,18722e-01	 -1,34585e+00
2166	  4,3300000000e+03	 -4,21133e-01	 -1,34393e+00
2167	  4,3320000000e+03	 -4,25944e-01	 -1,34255e+00
2168	  4,3340000000e+03	 -4,31044e-01	 -1,33946e+00
2169	  4,3360000000e+03	 -4,36718e-01	 -1,33555e+00
2170	  4,3380000000e+03	 -4,42531e-01	 -1,33254e+00
2171	  4,3400000000e+03	 -4,45883e-01	 -1,33098e+00
2172	  4,3420000000e+03	 -4,49634e-01	 -1,32691e+00
2173	  4,3440000000e+03	 -4,56364e-01	 -1,32532e+00
2174	  4,3460000000e+03	 -4,61547e-01	 -1,32218e+00
2175	  4,3480000000e+03	 -4,66577e-01	 -1,31911e+00
2176	  4,3500000000e+03	 -4,72581e-01	 -1,31475e+00
2177	  4,3520000000e+03	 -4,77995e-01	 -1,31062e+00
2178	  4,3540000000e+03	 -4,80571e-01	 -1,30656e+00
2179	  4,3560000000e+03	 -4,89520e-01	 -1,30227e+00
2180	  4,3580000000e+03	 -4,95775e-01	 -1,29859e+00
2181	  4,3600000000e+03	 -5,00072e-01	 -1,29444e+00
2182	  4,3620000000e+03	 -5,05676e-01	 -1,29099e+00
2183	  4,3640000000e+03	 -5,08728e-01	 -1,28849e+00
2184	  4,3660000000e+03	 -5,11122e-01	 -1,28295e+00
2185	  4,3680000000e+03	 -5,17248e-01	 -1,27906e+00
2186	  4,3700000000e+03	 -5,20582e-01	 -1,27714e+00
2187	  4,3720000000e+03	 -5,25329e-01	 -1,27475e+00
2188	  4,3740000000e+03	 -5,30459e-01	 -1,26765e+00
2189	  4,3760000000e+03	 -5,38116e-01	 -1,26320e+00
2190	  4,3780000000e+03	 -5,42871e-01	 -1,25909e+00
2191	  4,3800000000e+03	 -5,51512e-01	 -1,25261e+00
2192	  4,3820000000e+03	 -5,52225e-01	 -1,24732e+00
2193	  4,3840000000e+03	 -5,54053e-01	 -1,24453e+00
2194	  4,3860000000e+03	 -5,56082e-01	 -1,24041e+00
2195	  4,3880000000e+03	 -5,62788e-01	 -1,23912e+00
2196	  4,3900000000e+03	 -5,65175e-01	 -1,23488e+00
2197	  4,3920000000e+03	 -5,66930e-01	 -1,23049e+00
2198	  4,3940000000e+03	 -5,69669e-01	 -1,22162e+00
2199	  4,3960000000e+03	 -5,74525e-01	 -1,21772e+00
2200	  4,3980000000e+03	 -5,75390e-01	 -1,21508e+00
2201	  4,4000000000e+03	 -5,80611e-01	 -1,21312e+00
2202	  4,4020000000e+03	 -5,86812e-01	 -1,20816e+00
2203	  4,4040000000e+03	 -5,88573e-01	 -1,20088e+00
2204	  4,4060000000e+03	 -5,86937e-01	 -1,19685e+00
2205	  4,4080000000e+03	 -5,89350e-01	 -1,19560e+00
2206	  4,4100000000e+03	 -5,94670e-01	 -1,19032e+00
2207	  4,4120000000e+03	 -5,94401e-01	 -1,18722e+00
2208	  4,4140000000e+03	 -5,96053e-01	 -1,18426e+00
2209	  4,4160000000e+03	 -6,01846e-01	 -1,17973e+00
2210	  4,4180000000e+03	 -6,03003e-01	 -1,17502e+00
2211	  4,4200000000e+03	 -6,07996e-01	 -1,17817e+00
2212	  4,4220000000e+03	 -6,15493e-01	 -1,17620e+00
2213	  4,4240000000e+03	 -6,17733e-01	 -1,16825e+00
2214	  4,4260000000e+03	 -6,22242e-01	 -1,16383e+00
2215	  4,4280000000e+03	 -6,24838e-01	 -1,16169e+00
2216	  4,4300000000e+03	 -6,25589e-01	 -1,15890e+00
2217	  4,4320000000e+03	 -6,26593e-01	 -1,15348e+00
2218	  4,4340000000e+03	 -6,31892e-01	 -1,14948e+00
2219	  4,4360000000e+03	 -6,39519e-01	 -1,14809e+00
2220	  4,4380000000e+03	 -6,43396e-01	 -1,14465e+00
2221	  4,4400000000e+03	 -6,46251e-01	 -1,13789e+00
2222	  4,4420000000e+03	 -6,47359e-01	 -1,13464e+00
2223	  4,4440000000e+03	 -6,51595e-01	 -1,13146e+00
2224	  4,4460000000e+03	 -6,53372e-01	 -1,12494e+00
2225	  4,4480000000e+03	 -6,53357e-01	 -1,12415e+00
2226	  4,4500000000e+03	 -6,56511e-01	 -1,12394e+00
2227	  4,4520000000e+03	 -6,60673e-01	 -1,11519e+00
2228	  4,4540000000e+03	 -6,65988e-01	 -1,11165e+00
2229	  4,4560000000e+03	 -6,73257e-01	 -1,10940e+00
2230	  4,4580000000e+03	 -6,73533e-01	 -1,10518e+00
2231	  4,4600000000e+03	 -6,73792e-01	 -1,10007e+00
2232	  4,4620000000e+03	 -6,75224e-01	 -1,09562e+00
2233	  4,4640000000e+03	 -6,78936e-01	 -1,08923e+00
2234	  4,4660000000e+03	 -6,80700e-01	 -1,08512e+00
2235	  4,4680000000e+03	 -6,82988e-01	 -1,08228e+00
2236	  4,4700000000e+03	 -6,82670e-01	 -1,07770e+00
2237	  4,4720000000e+03	 -6,84105e-01	 -1,07342e+00
2238	  4,4740000000e+03	 -6,86851e-01	 -1,06656e+00
2239	  4,4760000000e+03	 -6,90599e-01	 -1,06753e+00
2240	  4,4780000000e+03	 -6,93812e-01	 -1,06500e+00
2241	  4,4800000000e+03	 -6,95057e-01	 -1,05946e+00
2242	  4,4820000000e+03	 -6,94886e-01	 -1,05547e+00
2243	  4,4840000000e+03	 -6,97051e-01	 -1,05351e+00
2244	  4,4860000000e+03	 -7,02568e-01	 -1,05231e+00
2245	  4,4880000000e+03	 -7,08475e-01	 -1,04799e+00
2246	  4,4900000000e+03	 -7,09309e-01	 -1,04271e+00
2247	  4,4920000000e+03	 -7,06896e-01	 -1,03909e+00
2248	  4,4940000000e+03	 -7,10468e-01	 -1,03886e+00
2249	  4,4960000000e+03	 -7,16049e-01	 -1,03409e+00
2250	  4,4980000000e+03	 -7,19648e-01	 -1,03119e+00
2251	  4,5000000000e+03	 -7,19730e-01	 -1,02984e+00
2252	  4,5020000000e+03	 -7,18652e-01	 -1,02702e+00
2253	  4,5040000000e+03	 -7,19872e-01	 -1,02265e+00
2254	  4,5060000000e+03	 -7,20823e-01	 -1,01435e+00
2255	  4,5080000000e+03	 -7,25047e-01	 -1,00843e+00
2256	  4,5100000000e+03	 -7,30827e-01	 -1,00848e+00
2257	  4,5120000000e+03	 -7,31729e-01	 -1,00354e+00
2258	  4,5140000000e+03	 -7,36469e-01	 -9,97448e-01
2259	  4,5160000000e+03	 -7,36528e-01	 -9,98152e-01
2260	  4,5180000000e+03	 -7,35390e-01	 -9,94826e-01
2261	  4,5200000000e+03	 -7,36874e-01	 -9,88588e-01
2262	  4,5220000000e+03	 -7,38028e-01	 -9,86258e-01
2263	  4,5240000000e+03	 -7,42685e-01	 -9,80364e-01
2264	  4,5260000000e+03	 -7,43679e-01	 -9,78645e-01
2265	  4,5280000000e+03	 -7,42662e-01	 -9,78993e-01
2266	  4,5300000000e+03	 -7,44699e-01	 -9,75612e-01
2267	  4,5320000000e+03	 -7,50069e-01	 -9,72976e-01
2268	  4,5340000000e+03	 -7,53387e-01	 -9,72226e-01
2269	  4,5360000000e+03	 -7,52985e-01	 -9,65893e-01
2270	  4,5380000000e+03	 -7,54855e-01	 -9,64450e-01
2271	  4,5400000000e+03	 -7,57387e-01	 -9,63014e-01
2272	  4,5420000000e+03	 -7,57528e-01	 -9,58174e-01
2273	  4,5440000000e+03	 -7,59322e-01	 -9,54781e-01
2274	  4,5460000000e+03	 -7,61175e-01	 -9,51758e-01
2275	  4,5480000000e+03	 -7,67208e-01	 -9,50614e-01
2276	  4,5500000000e+03	 -7,68468e-01	 -9,50122e-01
2277	  4,5520000000e+03	 -7,69343e-01	 -9,48380e-01
2278	  4,5540000000e+03	 -7,72489e-01	 -9,42974e-01
2279	  4,5560000000e+03	 -7,75415e-01	 -9,41767e-01
2280	  4,5580000000e+03	 -7,76447e-01	 -9,39160e-01
2281	  4,5600000000e+03	 -7,79149e-01	 -9,36494e-01
2282	  4,5620000000e+03	 -7,83505e-01	 -9,33766e-01
2283	  4,5640000000e+03	 -7,86213e-01	 -9,31734e-01
2284	  4,5660000000e+03	 -7,86152e-01	 -9,31200e-01
2285	  4,5680000000e+03	 -7,87047e-01	 -9,29219e-01
2286	  4,5700000000e+03	 -7,94111e-01	 -9,23141e-01
2287	  4,5720000000e+03	 -7,99403e-01	 -9,21193e-01
2288	  4,5740000000e+03	 -8,02357e-01	 -9,16392e-01
2289	  4,5760000000e+03	 -8,05421e-01	 -9,09454e-01
2290	  4,5780000000e+03	 -8,07779e-01	 -9,04298e-01
2291	  4,5800000000e+03	 -8,10371e-01	 -8,98177e-01
2292	  4,5820000000e+03	 -8,12806e-01	 -8,97797e-01
2293	  4,5840000000e+03	 -8,11165e-01	 -8,94928e-01
2294	  4,5860000000e+03	 -8,14087e-01	 -8,90339e-01
2295	  4,5880000000e+03	 -8,16068e-01	 -8,85083e-01
2296	  4,5900000000e+03	 -8,20670e-01	 -8,80112e-01
2297	  4,5920000000e+03	 -8,20511e-01	 -8,75665e-01
2298	  4,5940000000e+03	 -8,20984e-01	 -8,75394e-01
2299	  4,5960000000e+03	 -8,23753e-01	 -8,72046e-01
2300	  4,5980000000e+03	 -8,25384e-01	 -8,67875e-01
2301	  4,6000000000e+03	 -8,26443e-01	 -8,66203e-01
2302	  4,6020000000e+03	 -8,25112e-01	 -8,63466e-01
2303	  4,6040000000e+03	 -8,25940e-01	 -8,56841e-01
2304	  4,6060000000e+03	 -8,26773e-01	 -8,52272e-01
2305	  4,6080000000e+03	 -8,30804e-01	 -8,50285e-01
2306	  4,6100000000e+03	 -8,30312e-01	 -8,47121e-01
2307	  4,6120000000e+03	 -8,28499e-01	 -8,45217e-01
2308	  4,6140000000e+03	 -8,34040e-01	 -8,44701e-01
2309	  4,6160000000e+03	 -8,36783e-01	 -8,39083e-01
2310	  4,6180000000e+03	 -8,37149e-01	 -8,36492e-01
2311	  4,6200000000e+03	 -8,40161e-01	 -8,33768e-01
2312	  4,6220000000e+03	 -8,44161e-01	 -8,30915e-01
2313	  4,6240000000e+03	 -8,45943e-01	 -8,28185e-01
2314	  4,6260000000e+03	 -8,45176e-01	 -8,24369e-01
2315	  4,6280000000e+03	 -8,43520e-01	 -8,20703e-01
2316	  4,6300000000e+03	 -8,41981e-01	 -8,21220e-01
2317	  4,6320000000e+03	 -8,43659e-01	 -8,16597e-01
2318	  4,6340000000e+03	 -8,45203e-01	 -8,14089e-01
2319	  4,6360000000e+03	 -8,45381e-01	 -8,13500e-01
2320	  4,6380000000e+03	 -8,46455e-01	 -8,11286e-01
2321	  4,6400000000e+03	 -8,46525e-01	 -8,07644e-01
2322	  4,6420000000e+03	 -8,49296e-01	 -8,05666e-01
2323	  4,6440000000e+03	 -8,54753e-01	 -8,06030e-01
2324	  4,6460000000e+03	 -8,58974e-01	 -8,04961e-01
2325	  4,6480000000e+03	 -8,58041e-01	 -8,00893e-01
2326	  4,6500000000e+03	 -8,59308e-01	 -7,97825e-01
2327	  4,6520000000e+03	 -8,64230e-01	 -7,95028e-01
2328	  4,6540000000e+03	 -8,68141e-01	 -7,94056e-01
2329	  4,6560000000e+03	 -8,69187e-01	 -7,90699e-01
2330	  4,6580000000e+03	 -8,74436e-01	 -7,86796e-01
2331	  4,6600000000e+03	 -8,73510e-01	 -7,88301e-01
2332	  4,6620000000e+03	 -8,75553e-01	 -7,86082e-01
2333	  4,6640000000e+03	 -8,81744e-01	 -7,79308e-01
2334	  4,6660000000e+03	 -8,84286e-01	 -7,78420e-01
2335	  4,6680000000e+03	 -8,86396e-01	 -7,73150e-01
2336	  4,6700000000e+03	 -8,89089e-01	 -7,72676e-01
2337	  4,6720000000e+03	 -8,90549e-01	 -7,74060e-01
2338	  4,6740000000e+03	 -8,92269e-01	 -7,68527e-01
2339	  4,6760000000e+03	 -8,96861e-01	 -7,65903e-01
2340	  4,6780000000e+03	 -8,99676e-01	 -7,63453e-01
2341	  4,6800000000e+03	 -9,03458e-01	 -7,57894e-01
2342	  4,6820000000e+03	 -9,08346e-01	 -7,56523e-01
2343	  4,6840000000e+03	 -9,08979e-01	 -7,50924e-01
2344	  4,6860000000e+03	 -9,09938e-01	 -7,46456e-01
2345	  4,6880000000e+03	 -9,13502e-01	 -7,44866e-01
2346	  4,6900000000e+03	 -9,13479e-01	 -7,38743e-01
2347	  4,6920000000e+03	 -9,15421e-01	 -7,32571e-01
2348	  4,6940000000e+03	 -9,20953e-01	 -7,29207e-01
2349	  4,6960000000e+03	 -9,23306e-01	 -7,28436e-01
2350	  4,6980000000e+03	 -9,24731e-01	 -7,25329e-01
2351	  4,7000000000e+03	 -9,28237e-01	 -7,20098e-01
2352	  4,7020000000e+03	 -9,28883e-01	 -7,15449e-01
2353	  4,7040000000e+03	 -9,31078e-01	 -7,10942e-01
2354	  4,7060000000e+03	 -9,31893e-01	 -7,11233e-01
2355	  4,7080000000e+03	 -9,29512e-01	 -7,05658e-01
2356	  4,7100000000e+03	 -9,32620e-01	 -7,02437e-01
2357	  4,7120000000e+03	 -9,34479e-01	 -7,00663e-01
2358	  4,7140000000e+03	 -9,35871e-01	 -6,97825e-01
2359	  4,7160000000e+03	 -9,37346e-01	 -6,93982e-01
2360	  4,7180000000e+03	 -9,41610e-01	 -6,88959e-01
2361	  4,7200000000e+03	 -9,43560e-01	 -6,83457e-01
2362	  4,7220000000e+03	 -9,40712e-01	 -6,82456e-01
2363	  4,7240000000e+03	 -9,42157e-01	 -6,82527e-01
2364	  4,7260000000e+03	 -9,45759e-01	 -6,80417e-01
2365	  4,7280000000e+03	 -9,48263e-01	 -6,75547e-01
2366	  4,7300000000e+03	 -9,48274e-01	 -6,70176e-01
2367	  4,7320000000e+03	 -9,48817e-01	 -6,66739e-01
2368	  4,7340000000e+03	 -9,50537e-01	 -6,64702e-01
2369	  4,7360000000e+03	 -9,53458e-01	 -6,59749e-01
2370	  4,7380000000e+03	 -9,54874e-01	 -6,58674e-01
2371	  4,7400000000e+03	 -9,55013e-01	 -6,53361e-01
2372	  4,7420000000e+03	 -9,54430e-01	 -6,49988e-01
2373	  4,7440000000e+03	 -9,58400e-01	 -6,48377e-01
2374	  4,7460000000e+03	 -9,60150e-01	 -6,46239e-01
2375	  4,7480000000e+03	 -9,60201e-01	 -6,46816e-01
2376	  4,7500000000e+03	 -9,60500e-01	 -6,47512e-01
2377	  4,7520000000e+03	 -9,63273e-01	 -6,45449e-01
2378	  4,7540000000e+03	 -9,65956e-01	 -6,40969e-01
2379	  4,7560000000e+03	 -9,67087e-01	 -6,37966e-01
2380	  4,7580000000e+03	 -9,68327e-01	 -6,36486e-01
2381	  4,7600000000e+03	 -9,73051e-01	 -6,30359e-01
2382	  4,7620000000e+03	 -9,75474e-01	 -6,26894e-01
2383	  4,7640000000e+03	 -9,78907e-01	 -6,26227e-01
2384	  4,7660000000e+03	 -9,80955e-01	 -6,21083e-01
2385	  4,7680000000e+03	 -9,83571e-01	 -6,17977e-01
2386	  4,7700000000e+03	 -9,86050e-01	 -6,18448e-01
2387	  4,7720000000e+03	 -9,88875e-01	 -6,15740e-01
2388	  4,7740000000e+03	 -9,89670e-01	 -6,11877e-01
2389	  4,7760000000e+03	 -9,90750e-01	 -6,08789e-01
2390	  4,7780000000e+03	 -9,95889e-01	 -6,06284e-01
2391	  4,7800000000e+03	 -1,00104e+00	 -6,01934e-01
2392	  4,7820000000e+03	 -1,00265e+00	 -5,94993e-01
2393	  4,7840000000e+03	 -1,00214e+00	 -5,91025e-01
2394	  4,7860000000e+03	 -1,00483e+00	 -5,91727e-01
2395	  4,7880000000e+03	 -1,00994e+00	 -5,88728e-01
2396	  4,7900000000e+03	 -1,01297e+00	 -5,83351e-01
2397	  4,7920000000e+03	 -1,01440e+00	 -5,80533e-01
2398	  4,7940000000e+03	 -1,01119e+00	 -5,77405e-01
2399	  4,7960000000e+03	 -1,01626e+00	 -5,73892e-01
2400	  4,7980000000e+03	 -1,02176e+00	 -5,70030e-01
2401	  4,8000000000e+03	 -1,02529e+00	 -5,65000e-01
2402	  4,8020000000e+03	 -1,02692e+00	 -5,59718e-01
2403	  4,8040000000e+03	 -1,02546e+00	 -5,56973e-01
2404	  4,8060000000e+03	 -1,02806e+00	 -5,55249e-01
2405	  4,8080000000e+03	 -1,03340e+00	 -5,51760e-01
2406	  4,8100000000e+03	 -1,03225e+00	 -5,45119e-01
2407	  4,8120000000e+03	 -1,03279e+00	 -5,42749e-01
2408	  4,8140000000e+03	 -1,03306e+00	 -5,39519e-01
2409	  4,8160000000e+03	 -1,03487e+00	 -5,36694e-01
2410	  4,8180000000e+03	 -1,03608e+00	 -5,31293e-01
2411	  4,8200000000e+03	 -1,03858e+00	 -5,28139e-01
2412	  4,8220000000e+03	 -1,04019e+00	 -5,26457e-01
2413	  4,8240000000e+03	 -1,04589e+00	 -5,26246e-01
2414	  4,8260000000e+03	 -1,04538e+00	 -5,22314e-01
2415	  4,8280000000e+03	 -1,04544e+00	 -5,15402e-01
2416	  4,8300000000e+03	 -1,04954e+00	 -5,10286e-01
2417	  4,8320000000e+03	 -1,05166e+00	 -5,07484e-01
2418	  4,8340000000e+03	 -1,04990e+00	 -5,04307e-01
2419	  4,8360000000e+03	 -1,05115e+00	 -5,03817e-01
2420	  4,8380000000e+03	 -1,05436e+00	 -5,00502e-01
2421	  4,8400000000e+03	 -1,05455e+00	 -4,99486e-01
2422	  4,8420000000e+03	 -1,05698e+00	 -4,93743e-01
2423	  4,8440000000e+03	 -1,06121e+00	 -4,92489e-01
2424	  4,8460000000e+03	 -1,06591e+00	 -4,90198e-01
2425	  4,8480000000e+03	 -1,06850e+00	 -4,87325e-01
2426	  4,8500000000e+03	 -1,07093e+00	 -4,83978e-01
2427	  4,8520000000e+03	 -1,07153e+00	 -4,79586e-01
2428	  4,8540000000e+03	 -1,07410e+00	 -4,75450e-01
2429	  4,8560000000e+03	 -1,07901e+00	 -4,73563e-01
2430	  4,8580000000e+03	 -1,08149e+00	 -4,67006e-01
2431	  4,8600000000e+03	 -1,07960e+00	 -4,63961e-01
2432	  4,8620000000e+03	 -1,08553e+00	 -4,62886e-01
2433	  4,8640000000e+03	 -1,09144e+00	 -4,59580e-01
2434	  4,8660000000e+03	 -1,09504e+00	 -4,55890e-01
2435	  4,8680000000e+03	 -1,09746e+00	 -4,53981e-01
2436	  4,8700000000e+03	 -1,09681e+00	 -4,48615e-01
2437	  4,8720000000e+03	 -1,09752e+00	 -4,46991e-01
2438	  4,8740000000e+03	 -1,10240e+00	 -4,44925e-01
2439	  4,8760000000e+03	 -1,10911e+00	 -4,42883e-01
2440	  4,8780000000e+03	 -1,11218e+00	 -4,37448e-01
2441	  4,8800000000e+03	 -1,11269e+00	 -4,35219e-01
2442	  4,8820000000e+03	 -1,12136e+00	 -4,30128e-01
2443	  4,8840000000e+03	 -1,12556e+00	 -4,23935e-01
2444	  4,8860000000e+03	 -1,12643e+00	 -4,21171e-01
2445	  4,8880000000e+03	 -1,12693e+00	 -4,16148e-01
2446	  4,8900000000e+03	 -1,13368e+00	 -4,12341e-01
2447	  4,8920000000e+03	 -1,13906e+00	 -4,03880e-01
2448	  4,8940000000e+03	 -1,14269e+00	 -4,00945e-01
2449	  4,8960000000e+03	 -1,14687e+00	 -3,94693e-01
2450	  4,8980000000e+03	 -1,15029e+00	 -3,87917e-01
2451	  4,9000000000e+03	 -1,15362e+00	 -3,82519e-01
2452	  4,9020000000e+03	 -1,15902e+00	 -3,73798e-01
2453	  4,9040000000e+03	 -1,16048e+00	 -3,68744e-01
2454	  4,9060000000e+03	 -1,16368e+00	 -3,64782e-01
2455	  4,9080000000e+03	 -1,16582e+00	 -3,53400e-01
2456	  4,9100000000e+03	 -1,16879e+00	 -3,47579e-01
2457	  4,9120000000e+03	 -1,17148e+00	 -3,45612e-01
2458	  4,9140000000e+03	 -1,17525e+00	 -3,39462e-01
2459	  4,9160000000e+03	 -1,17512e+00	 -3,32722e-01
2460	  4,9180000000e+03	 -1,17728e+00	 -3,26696e-01
2461	  4,9200000000e+03	 -1,18091e+00	 -3,22426e-01
2462	  4,9220000000e+03	 -1,18604e+00	 -3,14619e-01
2463	  4,9240000000e+03	 -1,18791e+00	 -3,04086e-01
2464	  4,9260000000e+03	 -1,18850e+00	 -2,99596e-01
2465	  4,9280000000e+03	 -1,18859e+00	 -2,89911e-01
2466	  4,9300000000e+03	 -1,19273e+00	 -2,81641e-01
2467	  4,9320000000e+03	 -1,19191e+00	 -2,76018e-01
2468	  4,9340000000e+03	 -1,19222e+00	 -2,71373e-01
2469	  4,9360000000e+03	 -1,19517e+00	 -2,64383e-01
2470	  4,9380000000e+03	 -1,19920e+00	 -2,57903e-01
2471	  4,9400000000e+03	 -1,19853e+00	 -2,46931e-01
2472	  4,9420000000e+03	 -1,19999e+00	 -2,39219e-01
2473	  4,9440000000e+03	 -1,20089e+00	 -2,35094e-01
2474	  4,9460000000e+03	 -1,20078e+00	 -2,29431e-01
2475	  4,9480000000e+03	 -1,20119e+00	 -2,21030e-01
2476	  4,9500000000e+03	 -1,20469e+00	 -2,10302e-01
2477	  4,9520000000e+03	 -1,20487e+00	 -2,04487e-01
2478	  4,9540000000e+03	 -1,20401e+00	 -1,97337e-01
2479	  4,9560000000e+03	 -1,20429e+00	 -1,92012e-01
2480	  4,9580000000e+03	 -1,20675e+00	 -1,85999e-01
2481	  4,9600000000e+03	 -1,20668e+00	 -1,79608e-01
2482	  4,9620000000e+03	 -1,20687e+00	 -1,71595e-01
2483	  4,9640000000e+03	 -1,20644e+00	 -1,65409e-01
2484	  4,9660000000e+03	 -1,20918e+00	 -1,56749e-01
2485	  4,9680000000e+03	 -1,21147e+00	 -1,50197e-01
2486	  4,9700000000e+03	 -1,20882e+00	 -1,46899e-01
2487	  4,9720000000e+03	 -1,21116e+00	 -1,40633e-01
2488	  4,9740000000e+03	 -1,21364e+00	 -1,29672e-01
2489	  4,9760000000e+03	 -1,21365e+00	 -1,19976e-01
2490	  4,9780000000e+03	 -1,21261e+00	 -1,13174e-01
2491	  4,9800000000e+03	 -1,21168e+00	 -1,04601e-01
2492	  4,9820000000e+03	 -1,21051e+00	 -9,63268e-02
2493	  4,9840000000e+03	 -1,20898e+00	 -8,70812e-02
2494	  4,9860000000e+03	 -1,21029e+00	 -8,09364e-02
2495	  4,9880000000e+03	 -1,20914e+00	 -7,26434e-02
2496	  4,9900000000e+03	 -1,20887e+00	 -6,53102e-02
2497	  4,9920000000e+03	 -1,20629e+00	 -5,59334e-02
2498	  4,9940000000e+03	 -1,20651e+00	 -5,14970e-02
2499	  4,9960000000e+03	 -1,20504e+00	 -4,40578e-02
2500	  4,9980000000e+03	 -1,20188e+00	 -3,44285e-02
2501	  5,0000000000e+03	 -1,20123e+00	 -3,00065e-02
2502	  5,0020000000e+03	 -1,19886e+00	 -2,22084e-02
2503	  5,0040000000e+03	 -1,19701e+00	 -1,17988e-02
2504	  5,0060000000e+03	 -1,19502e+00	 -3,64509e-03
2505	  5,0080000000e+03	 -1,19387e+00	  6,13004e-03
2506	  5,0100000000e+03	 -1,19169e+00	  1,34818e-02
2507	  5,0120000000e+03	 -1,18979e+00	  1,71492e-02
2508	  5,0140000000e+03	 -1,18490e+00	  1,97039e-02
2509	  5,0160000000e+03	 -1,18209e+00	  2,53559e-02
2510	  5,0180000000e+03	 -1,18346e+00	  3,51053e-02
2511	  5,0200000000e+03	 -1,18044e+00	  4,44484e-02
2512	  5,0220000000e+03	 -1,17438e+00	  5,22953e-02
2513	  5,0240000000e+03	 -1,17412e+00	  5,66291e-02
2514	  5,0260000000e+03	 -1,16541e+00	  6,21577e-02
2515	  5,0280000000e+03	 -1,16280e+00	  6,88574e-02
2516	  5,0300000000e+03	 -1,16079e+00	  7,64961e-02
2517	  5,0320000000e+03	 -1,15680e+00	  8,54551e-02
2518	  5,0340000000e+03	 -1,15281e+00	  8,94902e-02
2519	  5,0360000000e+03	 -1,14890e+00	  9,59419e-02
2520	  5,0380000000e+03	 -1,14711e+00	  1,00683e-01
2521	  5,0400000000e+03	 -1,14551e+00	  1,07834e-01
2522	  5,0420000000e+03	 -1,14149e+00	  1,12586e-01
2523	  5,0440000000e+03	 -1,13933e+00	  1,16248e-01
2524	  5,0460000000e+03	 -1,13923e+00	  1,22603e-01
2525	  5,0480000000e+03	 -1,13204e+00	  1,30994e-01
2526	  5,0500000000e+03	 -1,12896e+00	  1,38657e-01
2527	  5,0520000000e+03	 -1,12745e+00	  1,44248e-01
2528	  5,0540000000e+03	 -1,12543e+00	  1,51066e-01
2529	  5,0560000000e+03	 -1,11968e+00	  1,57545e-01
2530	  5,0580000000e+03	 -1,11095e+00	  1,61004e-01
2531	  5,0600000000e+03	 -1,10789e+00	  1,66436e-01
2532	  5,0620000000e+03	 -1,10726e+00	  1,72187e-01
2533	  5,0640000000e+03	 -1,09913e+00	  1,76316e-01
2534	  5,0660000000e+03	 -1,09330e+00	  1,79693e-01
2535	  5,0680000000e+03	 -1,08990e+00	  1,84194e-01
2536	  5,0700000000e+03	 -1,08652e+00	  1,87231e-01
2537	  5,0720000000e+03	 -1,08259e+00	  1,94256e-01
2538	  5,0740000000e+03	 -1,07740e+00	  1,97169e-01
2539	  5,0760000000e+03	 -1,07215e+00	  2,02720e-01
2540	  5,0780000000e+03	 -1,06578e+00	  2,09037e-01
2541	  5,0800000000e+03	 -1,06316e+00	  2,14412e-01
2542	  5,0820000000e+03	 -1,05971e+00	  2,18201e-01
2543	  5,0840000000e+03	 -1,05730e+00	  2,21470e-01
2544	  5,0860000000e+03	 -1,05446e+00	  2,22324e-01
2545	  5,0880000000e+03	 -1,04939e+00	  2,26943e-01
2546	  5,0900000000e+03	 -1,04716e+00	  2,34036e-01
2547	  5,0920000000e+03	 -1,04105e+00	  2,36864e-01
2548	  5,0940000000e+03	 -1,03737e+00	  2,41525e-01
2549	  5,0960000000e+03	 -1,03610e+00	  2,44486e-01
2550	  5,0980000000e+03	 -1,03433e+00	  2,46420e-01
2551	  5,1000000000e+03	 -1,02893e+00	  2,49822e-01
2552	  5,1020000000e+03	 -1,02074e+00	  2,56485e-01
2553	  5,1040000000e+03	 -1,01652e+00	  2,62503e-01
2554	  5,1060000000e+03	 -1,01235e+00	  2,62791e-01
2555	  5,1080000000e+03	 -1,00848e+00	  2,64417e-01
2556	  5,1100000000e+03	 -1,00228e+00	  2,70099e-01
2557	  5,1120000000e+03	 -9,99592e-01	  2,72706e-01
2558	  5,1140000000e+03	 -9,95326e-01	  2,75002e-01
2559	  5,1160000000e+03	 -9,93275e-01	  2,79360e-01
2560	  5,1180000000e+03	 -9,91282e-01	  2,82225e-01
2561	  5,1200000000e+03	 -9,85303e-01	  2,84904e-01
2562	  5,1220000000e+03	 -9,78321e-01	  2,89525e-01
2563	  5,1240000000e+03	 -9,76552e-01	  2,92951e-01
2564	  5,1260000000e+03	 -9,74588e-01	  2,97359e-01
2565	  5,1280000000e+03	 -9,67882e-01	  3,02329e-01
2566	  5,1300000000e+03	 -9,64154e-01	  3,04601e-01
2567	  5,1320000000e+03	 -9,60533e-01	  3,06367e-01
2568	  5,1340000000e+03	 -9,55530e-01	  3,07081e-01
2569	  5,1360000000e+03	 -9,48914e-01	  3,11306e-01
2570	  5,1380000000e+03	 -9,47738e-01	  3,14400e-01
2571	  5,1400000000e+03	 -9,43199e-01	  3,16431e-01
2572	  5,1420000000e+03	 -9,38868e-01	  3,20807e-01
2573	  5,1440000000e+03	 -9,34074e-01	  3,24064e-01
2574	  5,1460000000e+03	 -9,31638e-01	  3,27027e-01
2575	  5,1480000000e+03	 -9,28950e-01	  3,26986e-01
2576	  5,1500000000e+03	 -9,24063e-01	  3,27184e-01
2577	  5,1520000000e+03	 -9,19270e-01	  3,29644e-01
2578	  5,1540000000e+03	 -9,20045e-01	  3,32822e-01
2579	  5,1560000000e+03	 -9,16861e-01	  3,35047e-01
2580	  5,1580000000e+03	 -9,09672e-01	  3,38148e-01
2581	  5,1600000000e+03	 -9,07141e-01	  3,39527e-01
2582	  5,1620000000e+03	 -9,03631e-01	  3,49129e-01
2583	  5,1640000000e+03	 -9,01872e-01	  3,51422e-01
2584	  5,1660000000e+03	 -8,98539e-01	  3,50321e-01
2585	  5,1680000000e+03	 -8,90378e-01	  3,53807e-01
2586	  5,1700000000e+03	 -8,85957e-01	  3,57249e-01
2587	  5,1720000000e+03	 -8,82965e-01	  3,58991e-01
2588	  5,1740000000e+03	 -8,77319e-01	  3,62180e-01
2589	  5,1760000000e+03	 -8,71584e-01	  3,65255e-01
2590	  5,1780000000e+03	 -8,65101e-01	  3,65213e-01
2591	  5,1800000000e+03	 -8,62058e-01	  3,63125e-01
2592	  5,1820000000e+03	 -8,60654e-01	  3,67763e-01
2593	  5,1840000000e+03	 -8,56616e-01	  3,71398e-01
2594	  5,1860000000e+03	 -8,51708e-01	  3,78951e-01
2595	  5,1880000000e+03	 -8,46867e-01	  3,80238e-01
2596	  5,1900000000e+03	 -8,42029e-01	  3,80000e-01
2597	  5,1920000000e+03	 -8,38086e-01	  3,79155e-01
2598	  5,1940000000e+03	 -8,35098e-01	  3,80749e-01
2599	  5,1960000000e+03	 -8,31594e-01	  3,80716e-01
2600	  5,1980000000e+03	 -8,27102e-01	  3,83249e-01
2601	  5,2000000000e+03	 -8,20571e-01	  3,84917e-01
2602	  5,2020000000e+03	 -8,19463e-01	  3,89318e-01
2603	  5,2040000000e+03	 -8,09977e-01	  3,91138e-01
2604	  5,2060000000e+03	 -8,04277e-01	  3,86260e-01
2605	  5,2080000000e+03	 -8,03426e-01	  3,86736e-01
2606	  5,2100000000e+03	 -7,98575e-01	  3,87397e-01
2607	  5,2120000000e+03	 -7,96164e-01	  3,88334e-01
2608	  5,2140000000e+03	 -7,89831e-01	  3,89427e-01
2609	  5,2160000000e+03	 -7,87917e-01	  3,92045e-01
2610	  5,2180000000e+03	 -7,84214e-01	  3,92172e-01
2611	  5,2200000000e+03	 -7,82486e-01	  3,91780e-01
2612	  5,2220000000e+03	 -7,73826e-01	  3,91050e-01
2613	  5,2240000000e+03	 -7,71630e-01	  3,92539e-01
2614	  5,2260000000e+03	 -7,72038e-01	  3,93416e-01
2615	  5,2280000000e+03	 -7,70486e-01	  3,92538e-01
2616	  5,2300000000e+03	 -7,69375e-01	  3,93933e-01
2617	  5,2320000000e+03	 -7,65744e-01	  3,96569e-01
2618	  5,2340000000e+03	 -7,63454e-01	  3,96799e-01
2619	  5,2360000000e+03	 -7,57620e-01	  3,95684e-01
2620	  5,2380000000e+03	 -7,56525e-01	  3,96876e-01
2621	  5,2400000000e+03	 -7,54620e-01	  3,95340e-01
2622	  5,2420000000e+03	 -7,50143e-01	  3,93790e-01
2623	  5,2440000000e+03	 -7,49177e-01	  3,96650e-01
2624	  5,2460000000e+03	 -7,44415e-01	  3,98666e-01
2625	  5,2480000000e+03	 -7,44222e-01	  4,02641e-01
2626	  5,2500000000e+03	 -7,41166e-01	  4,03404e-01
2627	  5,2520000000e+03	 -7,35065e-01	  4,02620e-01
2628	  5,2540000000e+03	 -7,32221e-01	  4,01803e-01
2629	  5,2560000000e+03	 -7,27055e-01	  4,01528e-01
2630	  5,2580000000e+03	 -7,23507e-01	  4,05955e-01
2631	  5,2600000000e+03	 -7,20090e-01	  4,07517e-01
2632	  5,2620000000e+03	 -7,19525e-01	  4,06928e-01
2633	  5,2640000000e+03	 -7,15973e-01	  4,08336e-01
2634	  5,2660000000e+03	 -7,12598e-01	  4,07841e-01
2635	  5,2680000000e+03	 -7,11876e-01	  4,10379e-01
2636	  5,2700000000e+03	 -7,10238e-01	  4,10121e-01
2637	  5,2720000000e+03	 -7,05870e-01	  4,12524e-01
2638	  5,2740000000e+03	 -7,05117e-01	  4,14552e-01
2639	  5,2760000000e+03	 -6,99198e-01	  4,12826e-01
2640	  5,2780000000e+03	 -6,94774e-01	  4,17345e-01
2641	  5,2800000000e+03	 -6,92694e-01	  4,18909e-01
2642	  5,2820000000e+03	 -6,89370e-01	  4,16094e-01
2643	  5,2840000000e+03	 -6,86080e-01	  4,16224e-01
2644	  5,2860000000e+03	 -6,83491e-01	  4,17466e-01
2645	  5,2880000000e+03	 -6,78752e-01	  4,16990e-01
2646	  5,2900000000e+03	 -6,78771e-01	  4,19306e-01
2647	  5,2920000000e+03	 -6,76253e-01	  4,19162e-01
2648	  5,2940000000e+03	 -6,72903e-01	  4,16410e-01
2649	  5,2960000000e+03	 -6,66792e-01	  4,16298e-01
2650	  5,2980000000e+03	 -6,65675e-01	  4,13692e-01
2651	  5,3000000000e+03	 -6,63481e-01	  4,16222e-01
2652	  5,3020000000e+03	 -6,61347e-01	  4,17369e-01
2653	  5,3040000000e+03	 -6,60491e-01	  4,19323e-01
2654	  5,3060000000e+03	 -6,56415e-01	  4,18428e-01
2655	  5,3080000000e+03	 -6,54492e-01	  4,19850e-01
2656	  5,3100000000e+03	 -6,51399e-01	  4,19048e-01
2657	  5,3120000000e+03	 -6,47743e-01	  4,18545e-01
2658	  5,3140000000e+03	 -6,42224e-01	  4,20195e-01
2659	  5,3160000000e+03	 -6,39936e-01	  4,20847e-01
2660	  5,3180000000e+03	 -6,37436e-01	  4,21776e-01
2661	  5,3200000000e+03	 -6,33360e-01	  4,20944e-01
2662	  5,3220000000e+03	 -6,32002e-01	  4,17464e-01
2663	  5,3240000000e+03	 -6,29765e-01	  4,16762e-01
2664	  5,3260000000e+03	 -6,26066e-01	  4,18938e-01
2665	  5,3280000000e+03	 -6,23531e-01	  4,18080e-01
2666	  5,3300000000e+03	 -6,22600e-01	  4,17306e-01
2667	  5,3320000000e+03	 -6,20669e-01	  4,18579e-01
2668	  5,3340000000e+03	 -6,18594e-01	  4,17221e-01
2669	  5,3360000000e+03	 -6,15411e-01	  4,19122e-01
2670	  5,3380000000e+03	 -6,13126e-01	  4,17267e-01
2671	  5,3400000000e+03	 -6,14568e-01	  4,13774e-01
2672	  5,3420000000e+03	 -6,11587e-01	  4,16008e-01
2673	  5,3440000000e+03	 -6,11412e-01	  4,12812e-01
2674	  5,3460000000e+03	 -6,07431e-01	  4,13125e-01
2675	  5,3480000000e+03	 -6,05999e-01	  4,12719e-01
2676	  5,3500000000e+03	 -6,04580e-01	  4,11851e-01
2677	  5,3520000000e+03	 -6,04488e-01	  4,11381e-01
2678	  5,3540000000e+03	 -6,05460e-01	  4,14660e-01
2679	  5,3560000000e+03	 -6,03541e-01	  4,14254e-01
2680	  5,3580000000e+03	 -6,01181e-01	  4,12496e-01
2681	  5,3600000000e+03	 -5,95521e-01	  4,13378e-01
2682	  5,3620000000e+03	 -5,94056e-01	  4,15968e-01
2683	  5,3640000000e+03	 -5,94525e-01	  4,15097e-01
2684	  5,3660000000e+03	 -5,90174e-01	  4,15529e-01
2685	  5,3680000000e+03	 -5,87496e-01	  4,15345e-01
2686	  5,3700000000e+03	 -5,87787e-01	  4,13519e-01
2687	  5,3720000000e+03	 -5,88709e-01	  4,14575e-01
2688	  5,3740000000e+03	 -5,88080e-01	  4,16310e-01
2689	  5,3760000000e+03	 -5,84442e-01	  4,14841e-01
2690	  5,3780000000e+03	 -5,82878e-01	  4,18205e-01
2691	  5,3800000000e+03	 -5,80506e-01	  4,20094e-01
2692	  5,3820000000e+03	 -5,79032e-01	  4,17652e-01
2693	  5,3840000000e+03	 -5,78410e-01	  4,14663e-01
2694	  5,3860000000e+03	 -5,75464e-01	  4,11976e-01
2695	  5,3880000000e+03	 -5,73462e-01	  4,13217e-01
2696	  5,3900000000e+03	 -5,75476e-01	  4,14192e-01
2697	  5,3920000000e+03	 -5,71480e-01	  4,15088e-01
2698	  5,3940000000e+03	 -5,71700e-01	  4,16409e-01
2699	  5,3960000000e+03	 -5,69214e-01	  4,15202e-01
2700	  5,3980000000e+03	 -5,65329e-01	  4,15994e-01
2701	  5,4000000000e+03	 -5,62565e-01	  4,16677e-01
2702	  5,4020000000e+03	 -5,62043e-01	  4,15822e-01
2703	  5,4040000000e+03	 -5,60690e-01	  4,13735e-01
2704	  5,4060000000e+03	 -5,60028e-01	  4,15920e-01
2705	  5,4080000000e+03	 -5,56954e-01	  4,13868e-01
2706	  5,4100000000e+03	 -5,58663e-01	  4,14019e-01
2707	  5,4120000000e+03	 -5,56865e-01	  4,13203e-01
2708	  5,4140000000e+03	 -5,50936e-01	  4,12573e-01
2709	  5,4160000000e+03	 -5,46927e-01	  4,10730e-01
2710	  5,4180000000e+03	 -5,49800e-01	  4,09845e-01
2711	  5,4200000000e+03	 -5,52366e-01	  4,11320e-01
2712	  5,4220000000e+03	 -5,53404e-01	  4,14142e-01
2713	  5,4240000000e+03	 -5,50798e-01	  4,13551e-01
2714	  5,4260000000e+03	 -5,48593e-01	  4,14701e-01
2715	  5,4280000000e+03	 -5,49109e-01	  4,12626e-01
2716	  5,4300000000e+03	 -5,48311e-01	  4,07038e-01
2717	  5,4320000000e+03	 -5,47048e-01	  4,10313e-01
2718	  5,4340000000e+03	 -5,45811e-01	  4,10985e-01
2719	  5,4360000000e+03	 -5,43998e-01	  4,10204e-01
2720	  5,4380000000e+03	 -5,42325e-01	  4,10593e-01
2721	  5,4400000000e+03	 -5,43529e-01	  4,11255e-01
2722	  5,4420000000e+03	 -5,42012e-01	  4,11476e-01
2723	  5,4440000000e+03	 -5,41019e-01	  4,13378e-01
2724	  5,4460000000e+03	 -5,43268e-01	  4,13214e-01
2725	  5,4480000000e+03	 -5,43476e-01	  4,11204e-01
2726	  5,4500000000e+03	 -5,40460e-01	  4,13338e-01
2727	  5,4520000000e+03	 -5,40081e-01	  4,15333e-01
2728	  5,4540000000e+03	 -5,35957e-01	  4,15436e-01
2729	  5,4560000000e+03	 -5,35214e-01	  4,14338e-01
2730	  5,4580000000e+03	 -5,38245e-01	  4,15870e-01
2731	  5,4600000000e+03	 -5,38596e-01	  4,19721e-01
2732	  5,4620000000e+03	 -5,34676e-01	  4,15823e-01
2733	  5,4640000000e+03	 -5,35355e-01	  4,15485e-01
2734	  5,4660000000e+03	 -5,36981e-01	  4,14248e-01
2735	  5,4680000000e+03	 -5,35699e-01	  4,15679e-01
2736	  5,4700000000e+03	 -5,34575e-01	  4,14182e-01
2737	  5,4720000000e+03	 -5,38509e-01	  4,15281e-01
2738	  5,4740000000e+03	 -5,37005e-01	  4,16955e-01
2739	  5,4760000000e+03	 -5,32493e-01	  4,23708e-01
2740	  5,4780000000e+03	 -5,30023e-01	  4,22829e-01
2741	  5,4800000000e+03	 -5,29752e-01	  4,21709e-01
2742	  5,4820000000e+03	 -5,29731e-01	  4,22595e-01
2743	  5,4840000000e+03	 -5,27541e-01	  4,27070e-01
2744	  5,4860000000e+03	 -5,23960e-01	  4,29369e-01
2745	  5,4880000000e+03	 -5,25395e-01	  4,28157e-01
2746	  5,4900000000e+03	 -5,25414e-01	  4,28111e-01
2747	  5,4920000000e+03	 -5,24042e-01	  4,28143e-01
2748	  5,4940000000e+03	 -5,23994e-01	  4,29326e-01
2749	  5,4960000000e+03	 -5,21931e-01	  4,30418e-01
2750	  5,4980000000e+03	 -5,21678e-01	  4,30730e-01
2751	  5,5000000000e+03	 -5,20472e-01	  4,30999e-01
2752	  5,5020000000e+03	 -5,18639e-01	  4,31664e-01
2753	  5,5040000000e+03	 -5,19954e-01	  4,31239e-01
2754	  5,5060000000e+03	 -5,19695e-01	  4,35152e-01
2755	  5,5080000000e+03	 -5,16195e-01	  4,36706e-01
2756	  5,5100000000e+03	 -5,14257e-01	  4,37259e-01
2757	  5,5120000000e+03	 -5,11589e-01	  4,35979e-01
2758	  5,5140000000e+03	 -5,14006e-01	  4,35655e-01
2759	  5,5160000000e+03	 -5,14284e-01	  4,38414e-01
2760	  5,5180000000e+03	 -5,10293e-01	  4,41179e-01
2761	  5,5200000000e+03	 -5,10984e-01	  4,40430e-01
2762	  5,5220000000e+03	 -5,06123e-01	  4,39245e-01
2763	  5,5240000000e+03	 -5,05672e-01	  4,40257e-01
2764	  5,5260000000e+03	 -5,07232e-01	  4,40713e-01
2765	  5,5280000000e+03	 -5,04502e-01	  4,39219e-01
2766	  5,5300000000e+03	 -5,00834e-01	  4,40217e-01
2767	  5,5320000000e+03	 -5,00184e-01	  4,40410e-01
2768	  5,5340000000e+03	 -4,96812e-01	  4,43225e-01
2769	  5,5360000000e+03	 -4,95180e-01	  4,41371e-01
2770	  5,5380000000e+03	 -4,98682e-01	  4,42756e-01
2771	  5,5400000000e+03	 -4,97430e-01	  4,43923e-01
2772	  5,5420000000e+03	 -4,96360e-01	  4,46079e-01
2773	  5,5440000000e+03	 -4,97096e-01	  4,44037e-01
2774	  5,5460000000e+03	 -4,93289e-01	  4,46357e-01
2775	  5,5480000000e+03	 -4,94273e-01	  4,50177e-01
2776	  5,5500000000e+03	 -4,96205e-01	  4,52130e-01
2777	  5,5520000000e+03	 -4,92658e-01	  4,50562e-01
2778	  5,5540000000e+03	 -4,88026e-01	  4,49355e-01
2779	  5,5560000000e+03	 -4,86172e-01	  4,47144e-01
2780	  5,5580000000e+03	 -4,89673e-01	  4,51006e-01
2781	  5,5600000000e+03	 -4,87713e-01	  4,54805e-01
2782	  5,5620000000e+03	 -4,85835e-01	  4,54663e-01
2783	  5,5640000000e+03	 -4,86703e-01	  4,53386e-01
2784	  5,5660000000e+03	 -4,83151e-01	  4,54388e-01
2785	  5,5680000000e+03	 -4,82745e-01	  4,54367e-01
2786	  5,5700000000e+03	 -4,82301e-01	  4,54247e-01
2787	  5,5720000000e+03	 -4,77615e-01	  4,53936e-01
2788	  5,5740000000e+03	 -4,78610e-01	  4,53903e-01
2789	  5,5760000000e+03	 -4,76658e-01	  4,55337e-01
2790	  5,5780000000e+03	 -4,74132e-01	  4,58697e-01
2791	  5,5800000000e+03	 -4,71525e-01	  4,54382e-01
2792	  5,5820000000e+03	 -4,70894e-01	  4,53980e-01
2793	  5,5840000000e+03	 -4,74532e-01	  4,51781e-01
2794	  5,5860000000e+03	 -4,71988e-01	  4,51665e-01
2795	  5,5880000000e+03	 -4,72779e-01	  4,51007e-01
2796	  5,5900000000e+03	 -4,74431e-01	  4,50468e-01
2797	  5,5920000000e+03	 -4,72188e-01	  4,55494e-01
2798	  5,5940000000e+03	 -4,67956e-01	  4,56218e-01
2799	  5,5960000000e+03	 -4,66897e-01	  4,57833e-01
2800	  5,5980000000e+03	 -4,69217e-01	  4,59564e-01
2801	  5,6000000000e+03	 -4,72008e-01	  4,60253e-01
2802	  5,6020000000e+03	 -4,69849e-01	  4,59371e-01
2803	  5,6040000000e+03	 -4,66855e-01	  4,58578e-01
2804	  5,6060000000e+03	 -4,65531e-01	  4,59540e-01
2805	  5,6080000000e+03	 -4,65787e-01	  4,60276e-01
2806	  5,6100000000e+03	 -4,65209e-01	  4,62051e-01
2807	  5,6120000000e+03	 -4,65227e-01	  4,61795e-01
2808	  5,6140000000e+03	 -4,63095e-01	  4,60121e-01
2809	  5,6160000000e+03	 -4,60913e-01	  4,59163e-01
2810	  5,6180000000e+03	 -4,62759e-01	  4,57103e-01
2811	  5,6200000000e+03	 -4,63002e-01	  4,58652e-01
2812	  5,6220000000e+03	 -4,61770e-01	  4,62560e-01
2813	  5,6240000000e+03	 -4,63758e-01	  4,62899e-01
2814	  5,6260000000e+03	 -4,61710e-01	  4,61643e-01
2815	  5,6280000000e+03	 -4,62301e-01	  4,62269e-01
2816	  5,6300000000e+03	 -4,65851e-01	  4,66260e-01
2817	  5,6320000000e+03	 -4,66415e-01	  4,65702e-01
2818	  5,6340000000e+03	 -4,61232e-01	  4,65920e-01
2819	  5,6360000000e+03	 -4,61464e-01	  4,66758e-01
2820	  5,6380000000e+03	 -4,63245e-01	  4,66265e-01
2821	  5,6400000000e+03	 -4,59404e-01	  4,67022e-01
2822	  5,6420000000e+03	 -4,60144e-01	  4,69968e-01
2823	  5,6440000000e+03	 -4,62391e-01	  4,72657e-01
2824	  5,6460000000e+03	 -4,62675e-01	  4,72713e-01
2825	  5,6480000000e+03	 -4,61821e-01	  4,71972e-01
2826	  5,6500000000e+03	 -4,62463e-01	  4,71251e-01
2827	  5,6520000000e+03	 -4,59612e-01	  4,70869e-01
2828	  5,6540000000e+03	 -4,61732e-01	  4,72898e-01
2829	  5,6560000000e+03	 -4,65687e-01	  4,73341e-01
2830	  5,6580000000e+03	 -4,62837e-01	  4,75611e-01
2831	  5,6600000000e+03	 -4,59200e-01	  4,74806e-01
2832	  5,6620000000e+03	 -4,56207e-01	  4,74605e-01
2833	  5,6640000000e+03	 -4,59100e-01	  4,78939e-01
2834	  5,6660000000e+03	 -4,61893e-01	  4,84532e-01
2835	  5,6680000000e+03	 -4,61153e-01	  4,88302e-01
2836	  5,6700000000e+03	 -4,59843e-01	  4,86103e-01
2837	  5,6720000000e+03	 -4,59224e-01	  4,87285e-01
2838	  5,6740000000e+03	 -4,57097e-01	  4,90518e-01
2839	  5,6760000000e+03	 -4,53816e-01	  4,90696e-01
2840	  5,6780000000e+03	 -4,55232e-01	  4,90227e-01
2841	  5,6800000000e+03	 -4,57555e-01	  4,92919e-01
2842	  5,6820000000e+03	 -4,55129e-01	  4,96226e-01
2843	  5,6840000000e+03	 -4,51852e-01	  4,96347e-01
2844	  5,6860000000e+03	 -4,50384e-01	  4,96742e-01
2845	  5,6880000000e+03	 -4,54777e-01	  4,98741e-01
2846	  5,6900000000e+03	 -4,55469e-01	  5,01405e-01
2847	  5,6920000000e+03	 -4,55185e-01	  5,00199e-01
2848	  5,6940000000e+03	 -4,51373e-01	  4,98789e-01
2849	  5,6960000000e+03	 -4,49711e-01	  5,03776e-01
2850	  5,6980000000e+03	 -4,50654e-01	  5,06271e-01
2851	  5,7000000000e+03	 -4,49606e-01	  5,02864e-01
2852	  5,7020000000e+03	 -4,49942e-01	  5,02566e-01
2853	  5,7040000000e+03	 -4,54933e-01	  5,07131e-01
2854	  5,7060000000e+03	 -4,52578e-01	  5,09781e-01
2855	  5,7080000000e+03	 -4,49673e-01	  5,10609e-01
2856	  5,7100000000e+03	 -4,49561e-01	  5,12717e-01
2857	  5,7120000000e+03	 -4,52692e-01	  5,13431e-01
2858	  5,7140000000e+03	 -4,53177e-01	  5,12968e-01
2859	  5,7160000000e+03	 -4,47393e-01	  5,15545e-01
2860	  5,7180000000e+03	 -4,46454e-01	  5,19828e-01
2861	  5,7200000000e+03	 -4,48415e-01	  5,18535e-01
2862	  5,7220000000e+03	 -4,46202e-01	  5,18458e-01
2863	  5,7240000000e+03	 -4,44828e-01	  5,22398e-01
2864	  5,7260000000e+03	 -4,44772e-01	  5,25149e-01
2865	  5,7280000000e+03	 -4,40317e-01	  5,25585e-01
2866	  5,7300000000e+03	 -4,40193e-01	  5,27921e-01
2867	  5,7320000000e+03	 -4,44324e-01	  5,30443e-01
2868	  5,7340000000e+03	 -4,42364e-01	  5,31313e-01
2869	  5,7360000000e+03	 -4,41011e-01	  5,31268e-01
2870	  5,7380000000e+03	 -4,40225e-01	  5,36362e-01
2871	  5,7400000000e+03	 -4,40328e-01	  5,40758e-01
2872	  5,7420000000e+03	 -4,40454e-01	  5,42049e-01
2873	  5,7440000000e+03	 -4,38392e-01	  5,41801e-01
2874	  5,7460000000e+03	 -4,35268e-01	  5,41700e-01
2875	  5,7480000000e+03	 -4,39614e-01	  5,44933e-01
2876	  5,7500000000e+03	 -4,41984e-01	  5,48801e-01
2877	  5,7520000000e+03	 -4,38620e-01	  5,51262e-01
2878	  5,7540000000e+03	 -4,34983e-01	  5,52592e-01
2879	  5,7560000000e+03	 -4,35378e-01	  5,55448e-01
2880	  5,7580000000e+03	 -4,35883e-01	  5,57266e-01
2881	  5,7600000000e+03	 -4,31911e-01	  5,60350e-01
2882	  5,7620000000e+03	 -4,30762e-01	  5,62555e-01
2883	  5,7640000000e+03	 -4,31090e-01	  5,63924e-01
2884	  5,7660000000e+03	 -4,31825e-01	  5,66939e-01
2885	  5,7680000000e+03	 -4,28563e-01	  5,71390e-01
2886	  5,7700000000e+03	 -4,25545e-01	  5,74409e-01
2887	  5,7720000000e+03	 -4,25137e-01	  5,77701e-01
2888	  5,7740000000e+03	 -4,26503e-01	  5,76370e-01
2889	  5,7760000000e+03	 -4,23632e-01	  5,77190e-01
2890	  5,7780000000e+03	 -4,20582e-01	  5,76102e-01
2891	  5,7800000000e+03	 -4,21149e-01	  5,78281e-01
2892	  5,7820000000e+03	 -4,21131e-01	  5,82132e-01
2893	  5,7840000000e+03	 -4,17177e-01	  5,83924e-01
2894	  5,7860000000e+03	 -4,11401e-01	  5,86700e-01
2895	  5,7880000000e+03	 -4,08473e-01	  5,91317e-01
2896	  5,7900000000e+03	 -4,08873e-01	  5,93746e-01
2897	  5,7920000000e+03	 -4,09930e-01	  5,99373e-01
2898	  5,7940000000e+03	 -4,06107e-01	  5,97944e-01
2899	  5,7960000000e+03	 -4,01035e-01	  5,99728e-01
2900	  5,7980000000e+03	 -3,99072e-01	  5,99974e-01
2901	  5,8000000000e+03	 -4,01223e-01	  5,98907e-01
2902	  5,8020000000e+03	 -3,99932e-01	  6,01923e-01
2903	  5,8040000000e+03	 -3,96202e-01	  6,02949e-01
2904	  5,8060000000e+03	 -3,93307e-01	  6,04676e-01
2905	  5,8080000000e+03	 -3,92181e-01	  6,05285e-01
2906	  5,8100000000e+03	 -3,90846e-01	  6,05079e-01
2907	  5,8120000000e+03	 -3,86181e-01	  6,07916e-01
2908	  5,8140000000e+03	 -3,84941e-01	  6,09224e-01
2909	  5,8160000000e+03	 -3,84254e-01	  6,13663e-01
2910	  5,8180000000e+03	 -3,83311e-01	  6,10450e-01
2911	  5,8200000000e+03	 -3,82610e-01	  6,10895e-01
2912	  5,8220000000e+03	 -3,79989e-01	  6,13526e-01
2913	  5,8240000000e+03	 -3,80233e-01	  6,16366e-01
2914	  5,8260000000e+03	 -3,79713e-01	  6,16094e-01
2915	  5,8280000000e+03	 -3,79211e-01	  6,18684e-01
2916	  5,8300000000e+03	 -3,79694e-01	  6,20149e-01
2917	  5,8320000000e+03	 -3,77913e-01	  6,20804e-01
2918	  5,8340000000e+03	 -3,75326e-01	  6,23734e-01
2919	  5,8360000000e+03	 -3,74422e-01	  6,26783e-01
2920	  5,8380000000e+03	 -3,71145e-01	  6,28279e-01
2921	  5,8400000000e+03	 -3,70041e-01	  6,27964e-01
2922	  5,8420000000e+03	 -3,67710e-01	  6,33746e-01
2923	  5,8440000000e+03	 -3,65765e-01	  6,37130e-01
2924	  5,8460000000e+03	 -3,63926e-01	  6,38125e-01
2925	  5,8480000000e+03	 -3,65078e-01	  6,39272e-01
2926	  5,8500000000e+03	 -3,64371e-01	  6,42415e-01
2927	  5,8520000000e+03	 -3,62503e-01	  6,47014e-01
2928	  5,8540000000e+03	 -3,60938e-01	  6,48055e-01
2929	  5,8560000000e+03	 -3,57290e-01	  6,47373e-01
2930	  5,8580000000e+03	 -3,55951e-01	  6,46721e-01
2931	  5,8600000000e+03	 -3,52392e-01	  6,49796e-01
2932	  5,8620000000e+03	 -3,49768e-01	  6,53659e-01
2933	  5,8640000000e+03	 -3,51854e-01	  6,49850e-01
2934	  5,8660000000e+03	 -3,48215e-01	  6,53835e-01
2935	  5,8680000000e+03	 -3,46889e-01	  6,56762e-01
2936	  5,8700000000e+03	 -3,46893e-01	  6,56938e-01
2937	  5,8720000000e+03	 -3,45089e-01	  6,57874e-01
2938	  5,8740000000e+03	 -3,40864e-01	  6,61748e-01
2939	  5,8760000000e+03	 -3,41252e-01	  6,63880e-01
2940	  5,8780000000e+03	 -3,39966e-01	  6,68344e-01
2941	  5,8800000000e+03	 -3,37325e-01	  6,69681e-01
2942	  5,8820000000e+03	 -3,32757e-01	  6,71914e-01
2943	  5,8840000000e+03	 -3,30640e-01	  6,71388e-01
2944	  5,8860000000e+03	 -3,28420e-01	  6,74154e-01
2945	  5,8880000000e+03	 -3,23806e-01	  6,75663e-01
2946	  5,8900000000e+03	 -3,21255e-01	  6,77017e-01
2947	  5,8920000000e+03	 -3,20998e-01	  6,78234e-01
2948	  5,8940000000e+03	 -3,19069e-01	  6,79894e-01
2949	  5,8960000000e+03	 -3,16535e-01	  6,83208e-01
2950	  5,8980000000e+03	 -3,12336e-01	  6,84593e-01
2951	  5,9000000000e+03	 -3,10657e-01	  6,84092e-01
2952	  5,9020000000e+03	 -3,11224e-01	  6,87339e-01
2953	  5,9040000000e+03	 -3,09275e-01	  6,91051e-01
2954	  5,9060000000e+03	 -3,06652e-01	  6,91744e-01
2955	  5,9080000000e+03	 -3,02226e-01	  6,89726e-01
2956	  5,9100000000e+03	 -2,97314e-01	  6,88653e-01
2957	  5,9120000000e+03	 -2,95347e-01	  6,91273e-01
2958	  5,9140000000e+03	 -2,95290e-01	  6,94050e-01
2959	  5,9160000000e+03	 -2,93216e-01	  6,99476e-01
2960	  5,9180000000e+03	 -2,90946e-01	  6,97944e-01
2961	  5,9200000000e+03	 -2,87515e-01	  6,97803e-01
2962	  5,9220000000e+03	 -2,85411e-01	  6,99801e-01
2963	  5,9240000000e+03	 -2,82538e-01	  7,05930e-01
2964	  5,9260000000e+03	 -2,82478e-01	  7,03623e-01
2965	  5,9280000000e+03	 -2,84467e-01	  7,02704e-01
2966	  5,9300000000e+03	 -2,84391e-01	  7,05588e-01
2967	  5,9320000000e+03	 -2,81863e-01	  7,08894e-01
2968	  5,9340000000e+03	 -2,77353e-01	  7,08940e-01
2969	  5,9360000000e+03	 -2,72866e-01	  7,11355e-01
2970	  5,9380000000e+03	 -2,74574e-01	  7,12651e-01
2971	  5,9400000000e+03	 -2,71368e-01	  7,17775e-01
2972	  5,9420000000e+03	 -2,64721e-01	  7,18729e-01
2973	  5,9440000000e+03	 -2,66345e-01	  7,21274e-01
2974	  5,9460000000e+03	 -2,67937e-01	  7,21552e-01
2975	  5,9480000000e+03	 -2,64338e-01	  7,19959e-01
2976	  5,9500000000e+03	 -2,59353e-01	  7,22911e-01
2977	  5,9520000000e+03	 -2,57206e-01	  7,25621e-01
2978	  5,9540000000e+03	 -2,54351e-01	  7,26928e-01
2979	  5,9560000000e+03	 -2,49695e-01	  7,26954e-01
2980	  5,9580000000e+03	 -2,45891e-01	  7,24737e-01
2981	  5,9600000000e+03	 -2,45137e-01	  7,31469e-01
2982	  5,9620000000e+03	 -2,45830e-01	  7,36260e-01
2983	  5,9640000000e+03	 -2,44957e-01	  7,35790e-01
2984	  5,9660000000e+03	 -2,42332e-01	  7,36420e-01
2985	  5,9680000000e+03	 -2,38232e-01	  7,38602e-01
2986	  5,9700000000e+03	 -2,34971e-01	  7,39113e-01
2987	  5,9720000000e+03	 -2,30355e-01	  7,42142e-01
2988	  5,9740000000e+03	 -2,25257e-01	  7,44197e-01
2989	  5,9760000000e+03	 -2,23987e-01	  7,44299e-01
2990	  5,9780000000e+03	 -2,23373e-01	  7,45338e-01
2991	  5,9800000000e+03	 -2,21568e-01	  7,45244e-01
2992	  5,9820000000e+03	 -2,15664e-01	  7,46066e-01
2993	  5,9840000000e+03	 -2,10269e-01	  7,48297e-01
2994	  5,9860000000e+03	 -2,11851e-01	  7,48502e-01
2995	  5,9880000000e+03	 -2,07088e-01	  7,49105e-01
2996	  5,9900000000e+03	 -2,03353e-01	  7,51463e-01
2997	  5,9920000000e+03	 -2,00786e-01	  7,55887e-01
2998	  5,9940000000e+03	 -1,98660e-01	  7,53826e-01
2999	  5,9960000000e+03	 -1,96070e-01	  7,53839e-01
3000	  5,9980000000e+03	 -1,95580e-01	  7,55064e-01
3001	  6,0000000000e+03	 -1,96304e-01	  7,57152e-01
3002	  6,0020000000e+03	 -1,93537e-01	  7,58810e-01
3003	  6,0040000000e+03	 -1,87911e-01	  7,59710e-01
3004	  6,0060000000e+03	 -1,84885e-01	  7,62139e-01
3005	  6,0080000000e+03	 -1,85691e-01	  7,62926e-01
3006	  6,0100000000e+03	 -1,83280e-01	  7,65253e-01
3007	  6,0120000000e+03	 -1,82626e-01	  7,69024e-01
3008	  6,0140000000e+03	 -1,77055e-01	  7,70705e-01
3009	  6,0160000000e+03	 -1,72459e-01	  7,70736e-01
3010	  6,0180000000e+03	 -1,73751e-01	  7,71459e-01
3011	  6,0200000000e+03	 -1,71310e-01	  7,76168e-01
3012	  6,0220000000e+03	 -1,64299e-01	  7,76869e-01
3013	  6,0240000000e+03	 -1,62190e-01	  7,74809e-01
3014	  6,0260000000e+03	 -1,61688e-01	  7,73436e-01
3015	  6,0280000000e+03	 -1,59042e-01	  7,75985e-01
3016	  6,0300000000e+03	 -1,54189e-01	  7,82077e-01
3017	  6,0320000000e+03	 -1,52104e-01	  7,85018e-01
3018	  6,0340000000e+03	 -1,48020e-01	  7,83079e-01
3019	  6,0360000000e+03	 -1,47904e-01	  7,86085e-01
3020	  6,0380000000e+03	 -1,41968e-01	  7,89542e-01
3021	  6,0400000000e+03	 -1,34648e-01	  7,89645e-01
3022	  6,0420000000e+03	 -1,33222e-01	  7,91306e-01
3023	  6,0440000000e+03	 -1,31671e-01	  7,94358e-01
3024	  6,0460000000e+03	 -1,29412e-01	  7,92360e-01
3025	  6,0480000000e+03	 -1,23589e-01	  7,92908e-01
3026	  6,0500000000e+03	 -1,22949e-01	  7,95264e-01
3027	  6,0520000000e+03	 -1,18670e-01	  7,96587e-01
3028	  6,0540000000e+03	 -1,13402e-01	  7,98260e-01
3029	  6,0560000000e+03	 -1,08567e-01	  8,01065e-01
3030	  6,0580000000e+03	 -1,03678e-01	  8,02636e-01
3031	  6,0600000000e+03	 -9,99453e-02	  8,00107e-01
3032	  6,0620000000e+03	 -1,00627e-01	  7,99255e-01
3033	  6,0640000000e+03	 -9,67050e-02	  8,02624e-01
3034	  6,0660000000e+03	 -9,24370e-02	  8,03721e-01
3035	  6,0680000000e+03	 -9,22705e-02	  8,03985e-01
3036	  6,0700000000e+03	 -8,84696e-02	  8,03663e-01
3037	  6,0720000000e+03	 -8,45847e-02	  8,03666e-01
3038	  6,0740000000e+03	 -8,07475e-02	  8,04201e-01
3039	  6,0760000000e+03	 -7,63767e-02	  8,03997e-01
3040	  6,0780000000e+03	 -7,29989e-02	  8,02092e-01
3041	  6,0800000000e+03	 -6,97006e-02	  8,04030e-01
3042	  6,0820000000e+03	 -6,56283e-02	  8,07634e-01
3043	  6,0840000000e+03	 -6,31157e-02	  8,10584e-01
3044	  6,0860000000e+03	 -6,11877e-02	  8,10456e-01
3045	  6,0880000000e+03	 -5,55861e-02	  8,08943e-01
3046	  6,0900000000e+03	 -5,38134e-02	  8,09022e-01
3047	  6,0920000000e+03	 -5,02949e-02	  8,09848e-01
3048	  6,0940000000e+03	 -4,98990e-02	  8,12933e-01
3049	  6,0960000000e+03	 -4,24814e-02	  8,13005e-01
3050	  6,0980000000e+03	 -3,94119e-02	  8,12191e-01
3051	  6,1000000000e+03	 -3,91555e-02	  8,15925e-01
3052	  6,1020000000e+03	 -3,89146e-02	  8,19084e-01
3053	  6,1040000000e+03	 -3,44649e-02	  8,19137e-01
3054	  6,1060000000e+03	 -2,49237e-02	  8,21238e-01
3055	  6,1080000000e+03	 -2,15604e-02	  8,22593e-01
3056	  6,1100000000e+03	 -2,00469e-02	  8,24469e-01
3057	  6,1120000000e+03	 -1,67865e-02	  8,26864e-01
3058	  6,1140000000e+03	 -1,08836e-02	  8,28316e-01
3059	  6,1160000000e+03	 -7,07487e-03	  8,26543e-01
3060	  6,1180000000e+03	 -3,77822e-03	  8,24814e-01
3061	  6,1200000000e+03	  5,41082e-04	  8,29351e-01
3062	  6,1220000000e+03	  3,00196e-03	  8,31485e-01
3063	  6,1240000000e+03	  6,48160e-03	  8,28372e-01
3064	  6,1260000000e+03	  9,46447e-03	  8,31061e-01
3065	  6,1280000000e+03	  1,62993e-02	  8,35059e-01
3066	  6,1300000000e+03	  2,31383e-02	  8,37211e-01
3067	  6,1320000000e+03	  2,36977e-02	  8,36274e-01
3068	  6,1340000000e+03	  2,83256e-02	  8,34184e-01
3069	  6,1360000000e+03	  3,32420e-02	  8,35394e-01
3070	  6,1380000000e+03	  3,49859e-02	  8,36770e-01
3071	  6,1400000000e+03	  4,06629e-02	  8,37255e-01
3072	  6,1420000000e+03	  4,33679e-02	  8,35159e-01
3073	  6,1440000000e+03	  4,76852e-02	  8,35025e-01
3074	  6,1460000000e+03	  5,40873e-02	  8,35371e-01
3075	  6,1480000000e+03	  5,81833e-02	  8,34461e-01
3076	  6,1500000000e+03	  5,85160e-02	  8,35664e-01
3077	  6,1520000000e+03	  6,35256e-02	  8,39928e-01
3078	  6,1540000000e+03	  6,77200e-02	  8,41377e-01
3079	  6,1560000000e+03	  7,37074e-02	  8,40118e-01
3080	  6,1580000000e+03	  8,19069e-02	  8,38260e-01
3081	  6,1600000000e+03	  8,71717e-02	  8,41179e-01
3082	  6,1620000000e+03	  9,13337e-02	  8,41013e-01
3083	  6,1640000000e+03	  9,57976e-02	  8,37117e-01
3084	  6,1660000000e+03	  1,01688e-01	  8,36897e-01
3085	  6,1680000000e+03	  1,04888e-01	  8,37455e-01
3086	  6,1700000000e+03	  1,07968e-01	  8,36481e-01
3087	  6,1720000000e+03	  1,11527e-01	  8,36662e-01
3088	  6,1740000000e+03	  1,17742e-01	  8,39058e-01
3089	  6,1760000000e+03	  1,24371e-01	  8,38453e-01
3090	  6,1780000000e+03	  1,28617e-01	  8,35374e-01
3091	  6,1800000000e+03	  1,32709e-01	  8,36508e-01
3092	  6,1820000000e+03	  1,36487e-01	  8,35218e-01
3093	  6,1840000000e+03	  1,38518e-01	  8,30436e-01
3094	  6,1860000000e+03	  1,45770e-01	  8,28828e-01
3095	  6,1880000000e+03	  1,50670e-01	  8,30962e-01
3096	  6,1900000000e+03	  1,55278e-01	  8,27988e-01
3097	  6,1920000000e+03	  1,59140e-01	  8,29848e-01
3098	  6,1940000000e+03	  1,62081e-01	  8,27688e-01
3099	  6,1960000000e+03	  1,65020e-01	  8,24844e-01
3100	  6,1980000000e+03	  1,69589e-01	  8,28966e-01
3101	  6,2000000000e+03	  1,77647e-01	  8,28811e-01
3102	  6,2020000000e+03	  1,77253e-01	  8,28140e-01
3103	  6,2040000000e+03	  1,82771e-01	  8,22627e-01
3104	  6,2060000000e+03	  1,88265e-01	  8,21665e-01
3105	  6,2080000000e+03	  1,90731e-01	  8,21970e-01
3106	  6,2100000000e+03	  1,95225e-01	  8,19090e-01
3107	  6,2120000000e+03	  1,98994e-01	  8,21071e-01
3108	  6,2140000000e+03	  2,03432e-01	  8,15792e-01
3109	  6,2160000000e+03	  2,07539e-01	  8,13215e-01
3110	  6,2180000000e+03	  2,10741e-01	  8,13819e-01
3111	  6,2200000000e+03	  2,17859e-01	  8,15202e-01
3112	  6,2220000000e+03	  2,22974e-01	  8,13347e-01
3113	  6,2240000000e+03	  2,25208e-01	  8,13029e-01
3114	  6,2260000000e+03	  2,26692e-01	  8,13443e-01
3115	  6,2280000000e+03	  2,30433e-01	  8,11750e-01
3116	  6,2300000000e+03	  2,39035e-01	  8,10435e-01
3117	  6,2320000000e+03	  2,43169e-01	  8,07841e-01
3118	  6,2340000000e+03	  2,47841e-01	  8,07655e-01
3119	  6,2360000000e+03	  2,54095e-01	  8,06733e-01
3120	  6,2380000000e+03	  2,57182e-01	  8,03832e-01
3121	  6,2400000000e+03	  2,59377e-01	  8,01916e-01
3122	  6,2420000000e+03	  2,65269e-01	  8,00871e-01
3123	  6,2440000000e+03	  2,67404e-01	  7,99509e-01
3124	  6,2460000000e+03	  2,72434e-01	  7,98799e-01
3125	  6,2480000000e+03	  2,79703e-01	  7,98247e-01
3126	  6,2500000000e+03	  2,82107e-01	  7,93017e-01
3127	  6,2520000000e+03	  2,89210e-01	  7,88156e-01
3128	  6,2540000000e+03	  2,92526e-01	  7,88166e-01
3129	  6,2560000000e+03	  2,94803e-01	  7,88189e-01
3130	  6,2580000000e+03	  2,99693e-01	  7,83787e-01
3131	  6,2600000000e+03	  3,03532e-01	  7,80527e-01
3132	  6,2620000000e+03	  3,05886e-01	  7,79319e-01
3133	  6,2640000000e+03	  3,10339e-01	  7,75783e-01
3134	  6,2660000000e+03	  3,15895e-01	  7,75081e-01
3135	  6,2680000000e+03	  3,19271e-01	  7,72243e-01
3136	  6,2700000000e+03	  3,24171e-01	  7,67025e-01
3137	  6,2720000000e+03	  3,28446e-01	  7,66958e-01
3138	  6,2740000000e+03	  3,30706e-01	  7,63299e-01
3139	  6,2760000000e+03	  3,34509e-01	  7,62659e-01
3140	  6,2780000000e+03	  3,38447e-01	  7,63190e-01
3141	  6,2800000000e+03	  3,43253e-01	  7,57885e-01
3142	  6,2820000000e+03	  3,45617e-01	  7,55984e-01
3143	  6,2840000000e+03	  3,47989e-01	  7,53059e-01
3144	  6,2860000000e+03	  3,52974e-01	  7,50029e-01
3145	  6,2880000000e+03	  3,57384e-01	  7,45390e-01
3146	  6,2900000000e+03	  3,61932e-01	  7,39457e-01
3147	  6,2920000000e+03	  3,65426e-01	  7,39920e-01
3148	  6,2940000000e+03	  3,70718e-01	  7,37721e-01
3149	  6,2960000000e+03	  3,73484e-01	  7,34731e-01
3150	  6,2980000000e+03	  3,76408e-01	  7,33420e-01
3151	  6,3000000000e+03	  3,79218e-01	  7,28552e-01
3152	  6,3020000000e+03	  3,80504e-01	  7,25493e-01
3153	  6,3040000000e+03	  3,82945e-01	  7,26583e-01
3154	  6,3060000000e+03	  3,86993e-01	  7,25005e-01
3155	  6,3080000000e+03	  3,86848e-01	  7,22936e-01
3156	  6,3100000000e+03	  3,90342e-01	  7,16567e-01
3157	  6,3120000000e+03	  3,94496e-01	  7,11970e-01
3158	  6,3140000000e+03	  3,97918e-01	  7,13695e-01
3159	  6,3160000000e+03	  4,01021e-01	  7,12726e-01
3160	  6,3180000000e+03	  4,02990e-01	  7,02795e-01
3161	  6,3200000000e+03	  4,08109e-01	  6,96442e-01
3162	  6,3220000000e+03	  4,09850e-01	  6,99583e-01
3163	  6,3240000000e+03	  4,10029e-01	  7,00491e-01
3164	  6,3260000000e+03	  4,14630e-01	  6,97524e-01
3165	  6,3280000000e+03	  4,16145e-01	  6,95010e-01
3166	  6,3300000000e+03	  4,20018e-01	  6,94151e-01
3167	  6,3320000000e+03	  4,23576e-01	  6,91065e-01
3168	  6,3340000000e+03	  4,23354e-01	  6,87644e-01
3169	  6,3360000000e+03	  4,27149e-01	  6,86854e-01
3170	  6,3380000000e+03	  4,32999e-01	  6,87778e-01
3171	  6,3400000000e+03	  4,39057e-01	  6,86524e-01
3172	  6,3420000000e+03	  4,43370e-01	  6,84324e-01
3173	  6,3440000000e+03	  4,48025e-01	  6,80897e-01
3174	  6,3460000000e+03	  4,50273e-01	  6,79813e-01
3175	  6,3480000000e+03	  4,54613e-01	  6,75338e-01
3176	  6,3500000000e+03	  4,58309e-01	  6,72265e-01
3177	  6,3520000000e+03	  4,65473e-01	  6,68908e-01
3178	  6,3540000000e+03	  4,72104e-01	  6,64644e-01
3179	  6,3560000000e+03	  4,72714e-01	  6,61770e-01
3180	  6,3580000000e+03	  4,74523e-01	  6,57130e-01
3181	  6,3600000000e+03	  4,80406e-01	  6,54105e-01
3182	  6,3620000000e+03	  4,83922e-01	  6,49240e-01
3183	  6,3640000000e+03	  4,85167e-01	  6,43288e-01
3184	  6,3660000000e+03	  4,89041e-01	  6,42054e-01
3185	  6,3680000000e+03	  4,94789e-01	  6,37205e-01
3186	  6,3700000000e+03	  5,00963e-01	  6,35656e-01
3187	  6,3720000000e+03	  5,01063e-01	  6,32339e-01
3188	  6,3740000000e+03	  5,00439e-01	  6,28768e-01
3189	  6,3760000000e+03	  5,03191e-01	  6,26734e-01
3190	  6,3780000000e+03	  5,06555e-01	  6,19045e-01
3191	  6,3800000000e+03	  5,09912e-01	  6,15828e-01
3192	  6,3820000000e+03	  5,13996e-01	  6,11750e-01
3193	  6,3840000000e+03	  5,16395e-01	  6,10025e-01
3194	  6,3860000000e+03	  5,20116e-01	  6,04945e-01
3195	  6,3880000000e+03	  5,22431e-01	  5,98707e-01
3196	  6,3900000000e+03	  5,24095e-01	  5,94493e-01
3197	  6,3920000000e+03	  5,24496e-01	  5,95578e-01
3198	  6,3940000000e+03	  5,27278e-01	  5,92464e-01
3199	  6,3960000000e+03	  5,31267e-01	  5,85324e-01
3200	  6,3980000000e+03	  5,31354e-01	  5,80972e-01
3201	  6,4000000000e+03	  5,34024e-01	  5,79405e-01
3202	  6,4020000000e+03	  5,39142e-01	  5,76846e-01
3203	  6,4040000000e+03	  5,45037e-01	  5,73971e-01
3204	  6,4060000000e+03	  5,46571e-01	  5,66140e-01
3205	  6,4080000000e+03	  5,47568e-01	  5,64094e-01
3206	  6,4100000000e+03	  5,50591e-01	  5,59312e-01
3207	  6,4120000000e+03	  5,52220e-01	  5,54536e-01
3208	  6,4140000000e+03	  5,55421e-01	  5,52888e-01
3209	  6,4160000000e+03	  5,58813e-01	  5,48528e-01
3210	  6,4180000000e+03	  5,58976e-01	  5,41968e-01
3211	  6,4200000000e+03	  5,55943e-01	  5,39150e-01
3212	  6,4220000000e+03	  5,59845e-01	  5,34042e-01
3213	  6,4240000000e+03	  5,65067e-01	  5,27580e-01
3214	  6,4260000000e+03	  5,66909e-01	  5,25436e-01
3215	  6,4280000000e+03	  5,70001e-01	  5,20026e-01
3216	  6,4300000000e+03	  5,70309e-01	  5,16460e-01
3217	  6,4320000000e+03	  5,72720e-01	  5,14983e-01
3218	  6,4340000000e+03	  5,71723e-01	  5,10851e-01
3219	  6,4360000000e+03	  5,71496e-01	  5,04770e-01
3220	  6,4380000000e+03	  5,75902e-01	  4,98781e-01
3221	  6,4400000000e+03	  5,80948e-01	  4,95326e-01
3222	  6,4420000000e+03	  5,83537e-01	  4,92652e-01
3223	  6,4440000000e+03	  5,83981e-01	  4,87968e-01
3224	  6,4460000000e+03	  5,87563e-01	  4,80292e-01
3225	  6,4480000000e+03	  5,91154e-01	  4,77111e-01
3226	  6,4500000000e+03	  5,90940e-01	  4,71485e-01
3227	  6,4520000000e+03	  5,91483e-01	  4,67938e-01
3228	  6,4540000000e+03	  5,94377e-01	  4,64462e-01
3229	  6,4560000000e+03	  5,93418e-01	  4,61377e-01
3230	  6,4580000000e+03	  5,96814e-01	  4,56848e-01
3231	  6,4600000000e+03	  5,98769e-01	  4,51158e-01
3232	  6,4620000000e+03	  5,98677e-01	  4,46271e-01
3233	  6,4640000000e+03	  6,02039e-01	  4,41570e-01
3234	  6,4660000000e+03	  6,04481e-01	  4,39500e-01
3235	  6,4680000000e+03	  6,04705e-01	  4,32496e-01
3236	  6,4700000000e+03	  6,06358e-01	  4,28936e-01
3237	  6,4720000000e+03	  6,06002e-01	  4,23793e-01
3238	  6,4740000000e+03	  6,08392e-01	  4,18997e-01
3239	  6,4760000000e+03	  6,10042e-01	  4,11991e-01
3240	  6,4780000000e+03	  6,11991e-01	  4,04544e-01
3241	  6,4800000000e+03	  6,11686e-01	  3,99883e-01
3242	  6,4820000000e+03	  6,10770e-01	  3,95816e-01
3243	  6,4840000000e+03	  6,12158e-01	  3,90575e-01
3244	  6,4860000000e+03	  6,15159e-01	  3,83418e-01
3245	  6,4880000000e+03	  6,16127e-01	  3,78159e-01
3246	  6,4900000000e+03	  6,17536e-01	  3,76465e-01
3247	  6,4920000000e+03	  6,17636e-01	  3,72269e-01
3248	  6,4940000000e+03	  6,14297e-01	  3,69913e-01
3249	  6,4960000000e+03	  6,12817e-01	  3,65634e-01
3250	  6,4980000000e+03	  6,13279e-01	  3,58373e-01
3251	  6,5000000000e+03	  6,12270e-01	  3,51924e-01
3252	  6,5020000000e+03	  6,13790e-01	  3,47389e-01
3253	  6,5040000000e+03	  6,14731e-01	  3,41966e-01
3254	  6,5060000000e+03	  6,14986e-01	  3,38214e-01
3255	  6,5080000000e+03	  6,15573e-01	  3,31322e-01
3256	  6,5100000000e+03	  6,16553e-01	  3,26013e-01
3257	  6,5120000000e+03	  6,11993e-01	  3,23492e-01
3258	  6,5140000000e+03	  6,09736e-01	  3,16289e-01
3259	  6,5160000000e+03	  6,10790e-01	  3,12146e-01
3260	  6,5180000000e+03	  6,09079e-01	  3,06039e-01
3261	  6,5200000000e+03	  6,09272e-01	  3,02030e-01
3262	  6,5220000000e+03	  6,08005e-01	  2,99592e-01
3263	  6,5240000000e+03	  6,06054e-01	  2,92725e-01
3264	  6,5260000000e+03	  6,08153e-01	  2,87537e-01
3265	  6,5280000000e+03	  6,07706e-01	  2,80934e-01
3266	  6,5300000000e+03	  6,05106e-01	  2,77127e-01
3267	  6,5320000000e+03	  6,01629e-01	  2,73338e-01
3268	  6,5340000000e+03	  5,99165e-01	  2,70055e-01
3269	  6,5360000000e+03	  5,95729e-01	  2,64937e-01
3270	  6,5380000000e+03	  5,96898e-01	  2,61348e-01
3271	  6,5400000000e+03	  5,94104e-01	  2,56423e-01
3272	  6,5420000000e+03	  5,91107e-01	  2,54441e-01
3273	  6,5440000000e+03	  5,90982e-01	  2,47947e-01
3274	  6,5460000000e+03	  5,87992e-01	  2,44745e-01
3275	  6,5480000000e+03	  5,89216e-01	  2,40949e-01
3276	  6,5500000000e+03	  5,87465e-01	  2,36737e-01
3277	  6,5520000000e+03	  5,86206e-01	  2,33587e-01
3278	  6,5540000000e+03	  5,84640e-01	  2,28661e-01
3279	  6,5560000000e+03	  5,81328e-01	  2,26698e-01
3280	  6,5580000000e+03	  5,79967e-01	  2,21914e-01
3281	  6,5600000000e+03	  5,78010e-01	  2,19102e-01
3282	  6,5620000000e+03	  5,76418e-01	  2,12486e-01
3283	  6,5640000000e+03	  5,77227e-01	  2,07994e-01
3284	  6,5660000000e+03	  5,73309e-01	  2,07808e-01
3285	  6,5680000000e+03	  5,69342e-01	  2,05048e-01
3286	  6,5700000000e+03	  5,69739e-01	  2,01675e-01
3287	  6,5720000000e+03	  5,70672e-01	  1,98824e-01
3288	  6,5740000000e+03	  5,68388e-01	  1,94002e-01
3289	  6,5760000000e+03	  5,63515e-01	  1,91697e-01
3290	  6,5780000000e+03	  5,64218e-01	  1,86895e-01
3291	  6,5800000000e+03	  5,60071e-01	  1,83808e-01
3292	  6,5820000000e+03	  5,54821e-01	  1,81523e-01
3293	  6,5840000000e+03	  5,53514e-01	  1,77164e-01
3294	  6,5860000000e+03	  5,49526e-01	  1,72210e-01
3295	  6,5880000000e+03	  5,50946e-01	  1,69259e-01
3296	  6,5900000000e+03	  5,45864e-01	  1,66218e-01
3297	  6,5920000000e+03	  5,40540e-01	  1,63811e-01
3298	  6,5940000000e+03	  5,40257e-01	  1,65858e-01
3299	  6,5960000000e+03	  5,40883e-01	  1,61962e-01
3300	  6,5980000000e+03	  5,33604e-01	  1,56375e-01
3301	  6,6000000000e+03	  5,31545e-01	  1,56400e-01
3302	  6,6020000000e+03	  5,29939e-01	  1,54365e-01
3303	  6,6040000000e+03	  5,27530e-01	  1,48998e-01
3304	  6,6060000000e+03	  5,26956e-01	  1,50318e-01
3305	  6,6080000000e+03	  5,20567e-01	  1,50708e-01
3306	  6,6100000000e+03	  5,18934e-01	  1,47607e-01
3307	  6,6120000000e+03	  5,21567e-01	  1,46329e-01
3308	  6,6140000000e+03	  5,17717e-01	  1,41862e-01
3309	  6,6160000000e+03	  5,13449e-01	  1,41998e-01
3310	  6,6180000000e+03	  5,09213e-01	  1,39534e-01
3311	  6,6200000000e+03	  5,05368e-01	  1,39426e-01
3312	  6,6220000000e+03	  5,04681e-01	  1,37332e-01
3313	  6,6240000000e+03	  5,05598e-01	  1,35087e-01
3314	  6,6260000000e+03	  5,02918e-01	  1,33086e-01
3315	  6,6280000000e+03	  5,01431e-01	  1,29797e-01
3316	  6,6300000000e+03	  4,99891e-01	  1,28846e-01
3317	  6,6320000000e+03	  4,95292e-01	  1,26104e-01
3318	  6,6340000000e+03	  4,98231e-01	  1,25511e-01
3319	  6,6360000000e+03	  4,94436e-01	  1,23343e-01
3320	  6,6380000000e+03	  4,87187e-01	  1,21886e-01
3321	  6,6400000000e+03	  4,87743e-01	  1,19765e-01
3322	  6,6420000000e+03	  4,85355e-01	  1,20148e-01
3323	  6,6440000000e+03	  4,83792e-01	  1,20473e-01
3324	  6,6460000000e+03	  4,81651e-01	  1,20793e-01
3325	  6,6480000000e+03	  4,78934e-01	  1,19761e-01
3326	  6,6500000000e+03	  4,76028e-01	  1,18950e-01
3327	  6,6520000000e+03	  4,75279e-01	  1,14324e-01
3328	  6,6540000000e+03	  4,69944e-01	  1,13698e-01
3329	  6,6560000000e+03	  4,70259e-01	  1,12621e-01
3330	  6,6580000000e+03	  4,65842e-01	  1,11644e-01
3331	  6,6600000000e+03	  4,65074e-01	  1,09262e-01
3332	  6,6620000000e+03	  4,61574e-01	  1,06157e-01
3333	  6,6640000000e+03	  4,60181e-01	  1,09099e-01
3334	  6,6660000000e+03	  4,61989e-01	  1,10493e-01
3335	  6,6680000000e+03	  4,61350e-01	  1,11641e-01
3336	  6,6700000000e+03	  4,59425e-01	  1,08961e-01
3337	  6,6720000000e+03	  4,58645e-01	  1,06430e-01
3338	  6,6740000000e+03	  4,53941e-01	  1,04610e-01
3339	  6,6760000000e+03	  4,52150e-01	  1,01981e-01
3340	  6,6780000000e+03	  4,50434e-01	  1,07365e-01
3341	  6,6800000000e+03	  4,45064e-01	  1,03809e-01
3342	  6,6820000000e+03	  4,43998e-01	  1,01335e-01
3343	  6,6840000000e+03	  4,45638e-01	  1,03321e-01
3344	  6,6860000000e+03	  4,42788e-01	  9,96023e-02
3345	  6,6880000000e+03	  4,41550e-01	  9,90361e-02
3346	  6,6900000000e+03	  4,38996e-01	  9,91170e-02
3347	  6,6920000000e+03	  4,37094e-01	  9,80098e-02
3348	  6,6940000000e+03	  4,35937e-01	  9,83231e-02
3349	  6,6960000000e+03	  4,37087e-01	  1,00372e-01
3350	  6,6980000000e+03	  4,34918e-01	  9,82537e-02
3351	  6,7000000000e+03	  4,29038e-01	  9,88981e-02
3352	  6,7020000000e+03	  4,27083e-01	  9,70356e-02
3353	  6,7040000000e+03	  4,24740e-01	  1,00217e-01
3354	  6,7060000000e+03	  4,25329e-01	  1,03580e-01
3355	  6,7080000000e+03	  4,27574e-01	  9,99133e-02
3356	  6,7100000000e+03	  4,24308e-01	  9,76187e-02
3357	  6,7120000000e+03	  4,20149e-01	  9,50022e-02
3358	  6,7140000000e+03	  4,18649e-01	  9,53061e-02
3359	  6,7160000000e+03	  4,19160e-01	  1,00205e-01
3360	  6,7180000000e+03	  4,17883e-01	  1,00001e-01
3361	  6,7200000000e+03	  4,15240e-01	  9,70874e-02
3362	  6,7220000000e+03	  4,15788e-01	  9,70985e-02
3363	  6,7240000000e+03	  4,14929e-01	  9,61984e-02
3364	  6,7260000000e+03	  4,12378e-01	  9,68968e-02
3365	  6,7280000000e+03	  4,11766e-01	  9,81399e-02
3366	  6,7300000000e+03	  4,12478e-01	  9,81703e-02
3367	  6,7320000000e+03	  4,10391e-01	  9,61666e-02
3368	  6,7340000000e+03	  4,10301e-01	  9,61933e-02
3369	  6,7360000000e+03	  4,09647e-01	  9,74837e-02
3370	  6,7380000000e+03	  4,04415e-01	  9,83776e-02
3371	  6,7400000000e+03	  4,04234e-01	  9,87535e-02
3372	  6,7420000000e+03	  4,07046e-01	  9,83510e-02
3373	  6,7440000000e+03	  4,05561e-01	  9,51621e-02
3374	  6,7460000000e+03	  4,05237e-01	  9,60909e-02
3375	  6,7480000000e+03	  4,04099e-01	  9,50616e-02
3376	  6,7500000000e+03	  4,03641e-01	  9,71292e-02
3377	  6,7520000000e+03	  4,05773e-01	  9,55734e-02
3378	  6,7540000000e+03	  4,05620e-01	  9,34537e-02
3379	  6,7560000000e+03	  4,02522e-01	  9,29767e-02
3380	  6,7580000000e+03	  3,99950e-01	  9,86827e-02
3381	  6,7600000000e+03	  4,00990e-01	  1,00658e-01
3382	  6,7620000000e+03	  3,98697e-01	  9,75535e-02
3383	  6,7640000000e+03	  3,97968e-01	  9,64321e-02
3384	  6,7660000000e+03	  3,99320e-01	  9,71757e-02
3385	  6,7680000000e+03	  3,98203e-01	  9,42821e-02
3386	  6,7700000000e+03	  3,96422e-01	  9,21941e-02
3387	  6,7720000000e+03	  3,97830e-01	  9,26618e-02
3388	  6,7740000000e+03	  3,96327e-01	  9,15627e-02
3389	  6,7760000000e+03	  3,95374e-01	  9,17809e-02
3390	  6,7780000000e+03	  3,97348e-01	  9,20655e-02
3391	  6,7800000000e+03	  3,95455e-01	  9,49188e-02
3392	  6,7820000000e+03	  3,95027e-01	  9,40677e-02
3393	  6,7840000000e+03	  3,94242e-01	  9,59085e-02
3394	  6,7860000000e+03	  3,96527e-01	  9,57500e-02
3395	  6,7880000000e+03	  3,95803e-01	  9,39233e-02
3396	  6,7900000000e+03	  3,95877e-01	  9,30480e-02
3397	  6,7920000000e+03	  3,94515e-01	  9,33421e-02
3398	  6,7940000000e+03	  3,92115e-01	  9,12862e-02
3399	  6,7960000000e+03	  3,93108e-01	  9,14814e-02
3400	  6,7980000000e+03	  3,92675e-01	  9,56290e-02
3401	  6,8000000000e+03	  3,92302e-01	  9,50686e-02
3402	  6,8020000000e+03	  3,93005e-01	  9,18836e-02
3403	  6,8040000000e+03	  3,93502e-01	  9,47350e-02
3404	  6,8060000000e+03	  3,92467e-01	  9,38076e-02
3405	  6,8080000000e+03	  3,92894e-01	  9,28274e-02
3406	  6,8100000000e+03	  3,92099e-01	  9,37996e-02
3407	  6,8120000000e+03	  3,89596e-01	  9,22263e-02
3408	  6,8140000000e+03	  3,90613e-01	  9,16979e-02
3409	  6,8160000000e+03	  3,89408e-01	  9,01838e-02
3410	  6,8180000000e+03	  3,89076e-01	  8,83287e-02
3411	  6,8200000000e+03	  3,90960e-01	  8,66022e-02
3412	  6,8220000000e+03	  3,90772e-01	  9,05841e-02
3413	  6,8240000000e+03	  3,89002e-01	  9,03115e-02
3414	  6,8260000000e+03	  3,87824e-01	  8,85839e-02
3415	  6,8280000000e+03	  3,91138e-01	  8,84907e-02
3416	  6,8300000000e+03	  3,86812e-01	  9,08635e-02
3417	  6,8320000000e+03	  3,87918e-01	  8,74034e-02
3418	  6,8340000000e+03	  3,89662e-01	  8,69775e-02
3419	  6,8360000000e+03	  3,87547e-01	  8,74942e-02
3420	  6,8380000000e+03	  3,86545e-01	  8,70578e-02
3421	  6,8400000000e+03	  3,86079e-01	  8,62643e-02
3422	  6,8420000000e+03	  3,88384e-01	  8,63674e-02
3423	  6,8440000000e+03	  3,88095e-01	  8,59452e-02
3424	  6,8460000000e+03	  3,89815e-01	  8,79654e-02
3425	  6,8480000000e+03	  3,88183e-01	  9,06034e-02
3426	  6,8500000000e+03	  3,84348e-01	  8,88071e-02
3427	  6,8520000000e+03	  3,83261e-01	  8,54457e-02
3428	  6,8540000000e+03	  3,84731e-01	  8,54695e-02
3429	  6,8560000000e+03	  3,84642e-01	  8,51356e-02
3430	  6,8580000000e+03	  3,82306e-01	  8,61076e-02
3431	  6,8600000000e+03	  3,80721e-01	  8,50697e-02
3432	  6,8620000000e+03	  3,80547e-01	  8,46951e-02
3433	  6,8640000000e+03	  3,82577e-01	  8,57739e-02
3434	  6,8660000000e+03	  3,81743e-01	  8,65626e-02
3435	  6,8680000000e+03	  3,80206e-01	  8,78701e-02
3436	  6,8700000000e+03	  3,81662e-01	  8,78651e-02
3437	  6,8720000000e+03	  3,79927e-01	  8,96551e-02
3438	  6,8740000000e+03	  3,79020e-01	  8,93946e-02
3439	  6,8760000000e+03	  3,80030e-01	  8,86219e-02
3440	  6,8780000000e+03	  3,82464e-01	  8,90960e-02
3441	  6,8800000000e+03	  3,84089e-01	  8,67459e-02
3442	  6,8820000000e+03	  3,82008e-01	  8,42805e-02
3443	  6,8840000000e+03	  3,82333e-01	  8,68374e-02
3444	  6,8860000000e+03	  3,83958e-01	  9,10533e-02
3445	  6,8880000000e+03	  3,81511e-01	  9,04768e-02
3446	  6,8900000000e+03	  3,82717e-01	  8,84640e-02
3447	  6,8920000000e+03	  3,81610e-01	  9,01564e-02
3448	  6,8940000000e+03	  3,80465e-01	  9,31290e-02
3449	  6,8960000000e+03	  3,81298e-01	  9,35016e-02
3450	  6,8980000000e+03	  3,83590e-01	  9,12542e-02
3451	  6,9000000000e+03	  3,86161e-01	  9,06657e-02
3452	  6,9020000000e+03	  3,85426e-01	  9,22209e-02
3453	  6,9040000000e+03	  3,87171e-01	  9,09628e-02
3454	  6,9060000000e+03	  3,86372e-01	  9,09908e-02
3455	  6,9080000000e+03	  3,86462e-01	  9,24789e-02
3456	  6,9100000000e+03	  3,86240e-01	  9,15804e-02
3457	  6,9120000000e+03	  3,87166e-01	  9,22078e-02
3458	  6,9140000000e+03	  3,89318e-01	  9,11702e-02
3459	  6,9160000000e+03	  3,92265e-01	  9,17580e-02
3460	  6,9180000000e+03	  3,94013e-01	  9,41052e-02
3461	  6,9200000000e+03	  3,93301e-01	  9,32161e-02
3462	  6,9220000000e+03	  3,96536e-01	  9,23272e-02
3463	  6,9240000000e+03	  3,99851e-01	  9,48337e-02
3464	  6,9260000000e+03	  3,97561e-01	  9,71832e-02
3465	  6,9280000000e+03	  3,97339e-01	  9,33870e-02
3466	  6,9300000000e+03	  3,99272e-01	  8,97249e-02
3467	  6,9320000000e+03	  4,03645e-01	  8,93918e-02
3468	  6,9340000000e+03	  4,07683e-01	  8,59904e-02
3469	  6,9360000000e+03	  4,07603e-01	  8,77833e-02
3470	  6,9380000000e+03	  4,06712e-01	  9,15763e-02
3471	  6,9400000000e+03	  4,06468e-01	  9,28092e-02
3472	  6,9420000000e+03	  4,05575e-01	  8,93240e-02
3473	  6,9440000000e+03	  4,07894e-01	  8,59507e-02
3474	  6,9460000000e+03	  4,10291e-01	  8,24974e-02
3475	  6,9480000000e+03	  4,11414e-01	  8,11848e-02
3476	  6,9500000000e+03	  4,15586e-01	  8,12944e-02
3477	  6,9520000000e+03	  4,16660e-01	  8,06549e-02
3478	  6,9540000000e+03	  4,14761e-01	  7,92516e-02
3479	  6,9560000000e+03	  4,15808e-01	  7,75751e-02
3480	  6,9580000000e+03	  4,16133e-01	  7,58139e-02
3481	  6,9600000000e+03	  4,19514e-01	  7,59461e-02
3482	  6,9620000000e+03	  4,18976e-01	  7,24927e-02
3483	  6,9640000000e+03	  4,19523e-01	  6,76466e-02
3484	  6,9660000000e+03	  4,19788e-01	  6,84416e-02
3485	  6,9680000000e+03	  4,21009e-01	  6,73525e-02
3486	  6,9700000000e+03	  4,23441e-01	  6,45964e-02
3487	  6,9720000000e+03	  4,25389e-01	  6,43629e-02
3488	  6,9740000000e+03	  4,26628e-01	  6,18139e-02
3489	  6,9760000000e+03	  4,25419e-01	  6,01858e-02
3490	  6,9780000000e+03	  4,23807e-01	  6,06318e-02
3491	  6,9800000000e+03	  4,23931e-01	  6,26514e-02
3492	  6,9820000000e+03	  4,24373e-01	  6,17030e-02
3493	  6,9840000000e+03	  4,26946e-01	  5,86107e-02
3494	  6,9860000000e+03	  4,27061e-01	  6,00738e-02
3495	  6,9880000000e+03	  4,26668e-01	  5,82651e-02
3496	  6,9900000000e+03	  4,25522e-01	  5,46385e-02
3497	  6,9920000000e+03	  4,28793e-01	  5,24424e-02
3498	  6,9940000000e+03	  4,27596e-01	  5,01031e-02
3499	  6,9960000000e+03	  4,29130e-01	  4,55478e-02
3500	  6,9980000000e+03	  4,29396e-01	  4,41417e-02
3501	  7,0000000000e+03	  4,29444e-01	  4,46473e-02
3502	  7,0020000000e+03	  4,33797e-01	  4,37260e-02
3503	  7,0040000000e+03	  4,33196e-01	  4,15233e-02
3504	  7,0060000000e+03	  4,33242e-01	  3,67304e-02
3505	  7,0080000000e+03	  4,34490e-01	  3,77432e-02
3506	  7,0100000000e+03	  4,32114e-01	  3,65642e-02
3507	  7,0120000000e+03	  4,30346e-01	  3,63413e-02
3508	  7,0140000000e+03	  4,32238e-01	  3,50797e-02
3509	  7,0160000000e+03	  4,31821e-01	  3,20880e-02
3510	  7,0180000000e+03	  4,32793e-01	  3,27494e-02
3511	  7,0200000000e+03	  4,33388e-01	  3,20280e-02
3512	  7,0220000000e+03	  4,33488e-01	  2,64804e-02
3513	  7,0240000000e+03	  4,31973e-01	  2,58544e-02
3514	  7,0260000000e+03	  4,31469e-01	  2,76425e-02
3515	  7,0280000000e+03	  4,31784e-01	  2,25756e-02
3516	  7,0300000000e+03	  4,32101e-01	  1,68498e-02
3517	  7,0320000000e+03	  4,32542e-01	  1,62696e-02
3518	  7,0340000000e+03	  4,31488e-01	  1,75400e-02
3519	  7,0360000000e+03	  4,31392e-01	  1,71741e-02
3520	  7,0380000000e+03	  4,33724e-01	  1,53830e-02
3521	  7,0400000000e+03	  4,31979e-01	  1,07643e-02
3522	  7,0420000000e+03	  4,30690e-01	  1,07110e-02
3523	  7,0440000000e+03	  4,32168e-01	  8,86362e-03
3524	  7,0460000000e+03	  4,30628e-01	  8,83103e-03
3525	  7,0480000000e+03	  4,30785e-01	  7,65539e-03
3526	  7,0500000000e+03	  4,30749e-01	  4,66084e-03
3527	  7,0520000000e+03	  4,30910e-01	  5,60509e-03
3528	  7,0540000000e+03	  4,33774e-01	  3,72200e-03
3529	  7,0560000000e+03	  4,33156e-01	 -5,88699e-04
3530	  7,0580000000e+03	  4,31114e-01	  2,44945e-04
3531	  7,0600000000e+03	  4,30652e-01	  3,62975e-04
3532	  7,0620000000e+03	  4,31352e-01	 -2,88634e-03
3533	  7,0640000000e+03	  4,32906e-01	 -5,18791e-03
3534	  7,0660000000e+03	  4,35031e-01	 -1,06840e-02
3535	  7,0680000000e+03	  4,32890e-01	 -1,07906e-02
3536	  7,0700000000e+03	  4,34033e-01	 -1,41626e-02
3537	  7,0720000000e+03	  4,31812e-01	 -1,75030e-02
3538	  7,0740000000e+03	  4,32256e-01	 -1,67143e-02
3539	  7,0760000000e+03	  4,31796e-01	 -1,58785e-02
3540	  7,0780000000e+03	  4,32481e-01	 -1,83560e-02
3541	  7,0800000000e+03	  4,29545e-01	 -2,21049e-02
3542	  7,0820000000e+03	  4,27296e-01	 -2,08330e-02
3543	  7,0840000000e+03	  4,28311e-01	 -2,52514e-02
3544	  7,0860000000e+03	  4,29723e-01	 -2,79121e-02
3545	  7,0880000000e+03	  4,26749e-01	 -2,98733e-02
3546	  7,0900000000e+03	  4,25783e-01	 -3,33329e-02
3547	  7,0920000000e+03	  4,26312e-01	 -3,22061e-02
3548	  7,0940000000e+03	  4,23816e-01	 -3,54049e-02
3549	  7,0960000000e+03	  4,22196e-01	 -3,68977e-02
3550	  7,0980000000e+03	  4,24693e-01	 -3,72911e-02
3551	  7,1000000000e+03	  4,21972e-01	 -3,92003e-02
3552	  7,1020000000e+03	  4,21803e-01	 -3,93508e-02
3553	  7,1040000000e+03	  4,17254e-01	 -3,66302e-02
3554	  7,1060000000e+03	  4,16088e-01	 -3,85796e-02
3555	  7,1080000000e+03	  4,15915e-01	 -4,12855e-02
3556	  7,1100000000e+03	  4,19399e-01	 -4,01910e-02
3557	  7,1120000000e+03	  4,21485e-01	 -4,02002e-02
3558	  7,1140000000e+03	  4,17129e-01	 -4,50016e-02
3559	  7,1160000000e+03	  4,13218e-01	 -4,90506e-02
3560	  7,1180000000e+03	  4,13527e-01	 -4,88656e-02
3561	  7,1200000000e+03	  4,11491e-01	 -4,93299e-02
3562	  7,1220000000e+03	  4,11272e-01	 -5,00349e-02
3563	  7,1240000000e+03	  4,09096e-01	 -5,10093e-02
3564	  7,1260000000e+03	  4,08303e-01	 -5,35373e-02
3565	  7,1280000000e+03	  4,12300e-01	 -5,45168e-02
3566	  7,1300000000e+03	  4,13731e-01	 -5,19530e-02
3567	  7,1320000000e+03	  4,08446e-01	 -5,03792e-02
3568	  7,1340000000e+03	  4,04958e-01	 -5,27537e-02
3569	  7,1360000000e+03	  4,02836e-01	 -5,26038e-02
3570	  7,1380000000e+03	  4,02457e-01	 -5,69580e-02
3571	  7,1400000000e+03	  4,03242e-01	 -6,01590e-02
3572	  7,1420000000e+03	  4,02246e-01	 -5,95109e-02
3573	  7,1440000000e+03	  4,01308e-01	 -6,05659e-02
3574	  7,1460000000e+03	  4,00501e-01	 -5,98390e-02
3575	  7,1480000000e+03	  4,01115e-01	 -6,07427e-02
3576	  7,1500000000e+03	  4,00352e-01	 -6,04968e-02
3577	  7,1520000000e+03	  3,99299e-01	 -5,90662e-02
3578	  7,1540000000e+03	  3,99106e-01	 -5,79334e-02
3579	  7,1560000000e+03	  3,98962e-01	 -6,14224e-02
3580	  7,1580000000e+03	  3,99590e-01	 -6,33340e-02
3581	  7,1600000000e+03	  3,99592e-01	 -6,36836e-02
3582	  7,1620000000e+03	  3,96601e-01	 -6,49424e-02
3583	  7,1640000000e+03	  3,95118e-01	 -6,06878e-02
3584	  7,1660000000e+03	  3,95855e-01	 -6,08152e-02
3585	  7,1680000000e+03	  3,96143e-01	 -6,58287e-02
3586	  7,1700000000e+03	  3,93294e-01	 -6,50466e-02
3587	  7,1720000000e+03	  3,92971e-01	 -6,44910e-02
3588	  7,1740000000e+03	  3,95404e-01	 -6,63829e-02
3589	  7,1760000000e+03	  3,93545e-01	 -6,68437e-02
3590	  7,1780000000e+03	  3,93982e-01	 -6,60350e-02
3591	  7,1800000000e+03	  3,91662e-01	 -6,34087e-02
3592	  7,1820000000e+03	  3,90378e-01	 -6,80986e-02
3593	  7,1840000000e+03	  3,92936e-01	 -7,30375e-02
3594	  7,1860000000e+03	  3,89724e-01	 -7,07657e-02
3595	  7,1880000000e+03	  3,92699e-01	 -7,12486e-02
3596	  7,1900000000e+03	  3,91536e-01	 -7,37414e-02
3597	  7,1920000000e+03	  3,90436e-01	 -7,68153e-02
3598	  7,1940000000e+03	  3,88747e-01	 -7,68866e-02
3599	  7,1960000000e+03	  3,87478e-01	 -7,48366e-02
3600	  7,1980000000e+03	  3,86446e-01	 -7,46725e-02
3601	  7,2000000000e+03	  3,87179e-01	 -7,42782e-02
3602	  7,2020000000e+03	  3,85825e-01	 -7,63615e-02
3603	  7,2040000000e+03	  3,86391e-01	 -7,46476e-02
3604	  7,2060000000e+03	  3,85314e-01	 -7,47851e-02
3605	  7,2080000000e+03	  3,87560e-01	 -7,80271e-02
3606	  7,2100000000e+03	  3,86265e-01	 -7,93310e-02
3607	  7,2120000000e+03	  3,80922e-01	 -7,81677e-02
3608	  7,2140000000e+03	  3,85646e-01	 -7,78217e-02
3609	  7,2160000000e+03	  3,86088e-01	 -7,74834e-02
3610	  7,2180000000e+03	  3,87240e-01	 -7,56839e-02
3611	  7,2200000000e+03	  3,86182e-01	 -7,67026e-02
3612	  7,2220000000e+03	  3,82841e-01	 -8,24531e-02
3613	  7,2240000000e+03	  3,82092e-01	 -8,16660e-02
3614	  7,2260000000e+03	  3,82430e-01	 -8,23660e-02
3615	  7,2280000000e+03	  3,83387e-01	 -8,20309e-02
3616	  7,2300000000e+03	  3,82330e-01	 -8,21324e-02
3617	  7,2320000000e+03	  3,83864e-01	 -8,45278e-02
3618	  7,2340000000e+03	  3,84851e-01	 -8,39282e-02
3619	  7,2360000000e+03	  3,84006e-01	 -8,44430e-02
3620	  7,2380000000e+03	  3,85266e-01	 -8,41699e-02
3621	  7,2400000000e+03	  3,82938e-01	 -8,57468e-02
3622	  7,2420000000e+03	  3,81756e-01	 -8,70418e-02
3623	  7,2440000000e+03	  3,84855e-01	 -8,41140e-02
3624	  7,2460000000e+03	  3,84856e-01	 -8,47523e-02
3625	  7,2480000000e+03	  3,86255e-01	 -8,64151e-02
3626	  7,2500000000e+03	  3,89126e-01	 -8,58425e-02
3627	  7,2520000000e+03	  3,88986e-01	 -8,78107e-02
3628	  7,2540000000e+03	  3,87683e-01	 -8,96486e-02
3629	  7,2560000000e+03	  3,85872e-01	 -9,09106e-02
3630	  7,2580000000e+03	  3,86861e-01	 -9,21487e-02
3631	  7,2600000000e+03	  3,87807e-01	 -9,20758e-02
3632	  7,2620000000e+03	  3,87738e-01	 -9,09862e-02
3633	  7,2640000000e+03	  3,87432e-01	 -9,03944e-02
3634	  7,2660000000e+03	  3,86592e-01	 -9,42438e-02
3635	  7,2680000000e+03	  3,85981e-01	 -9,63572e-02
3636	  7,2700000000e+03	  3,87789e-01	 -9,51219e-02
3637	  7,2720000000e+03	  3,87333e-01	 -9,72914e-02
3638	  7,2740000000e+03	  3,92586e-01	 -9,94830e-02
3639	  7,2760000000e+03	  3,91087e-01	 -1,02598e-01
3640	  7,2780000000e+03	  3,89374e-01	 -1,02713e-01
3641	  7,2800000000e+03	  3,90659e-01	 -1,02429e-01
3642	  7,2820000000e+03	  3,90170e-01	 -1,00628e-01
3643	  7,2840000000e+03	  3,91691e-01	 -1,03579e-01
3644	  7,2860000000e+03	  3,91594e-01	 -1,04783e-01
3645	  7,2880000000e+03	  3,90899e-01	 -1,06349e-01
3646	  7,2900000000e+03	  3,93068e-01	 -1,04541e-01
3647	  7,2920000000e+03	  3,92966e-01	 -1,05856e-01
3648	  7,2940000000e+03	  3,93342e-01	 -1,10847e-01
3649	  7,2960000000e+03	  3,92958e-01	 -1,10585e-01
3650	  7,2980000000e+03	  3,94752e-01	 -1,15312e-01
3651	  7,3000000000e+03	  3,94151e-01	 -1,18816e-01
3652	  7,3020000000e+03	  3,92852e-01	 -1,15212e-01
3653	  7,3040000000e+03	  3,92857e-01	 -1,16456e-01
3654	  7,3060000000e+03	  3,92301e-01	 -1,17310e-01
3655	  7,3080000000e+03	  3,91218e-01	 -1,19180e-01
3656	  7,3100000000e+03	  3,87988e-01	 -1,19675e-01
3657	  7,3120000000e+03	  3,90980e-01	 -1,18484e-01
3658	  7,3140000000e+03	  3,93052e-01	 -1,25079e-01
3659	  7,3160000000e+03	  3,93209e-01	 -1,29062e-01
3660	  7,3180000000e+03	  3,91406e-01	 -1,29146e-01
3661	  7,3200000000e+03	  3,91021e-01	 -1,27879e-01
3662	  7,3220000000e+03	  3,90850e-01	 -1,28514e-01
3663	  7,3240000000e+03	  3,90391e-01	 -1,31341e-01
3664	  7,3260000000e+03	  3,90808e-01	 -1,32638e-01
3665	  7,3280000000e+03	  3,87882e-01	 -1,34755e-01
3666	  7,3300000000e+03	  3,89037e-01	 -1,38140e-01
3667	  7,3320000000e+03	  3,91288e-01	 -1,37458e-01
3668	  7,3340000000e+03	  3,91658e-01	 -1,39094e-01
3669	  7,3360000000e+03	  3,91966e-01	 -1,38394e-01
3670	  7,3380000000e+03	  3,90620e-01	 -1,41876e-01
3671	  7,3400000000e+03	  3,87082e-01	 -1,41875e-01
3672	  7,3420000000e+03	  3,87978e-01	 -1,43298e-01
3673	  7,3440000000e+03	  3,88741e-01	 -1,43818e-01
3674	  7,3460000000e+03	  3,87811e-01	 -1,48502e-01
3675	  7,3480000000e+03	  3,86724e-01	 -1,50788e-01
3676	  7,3500000000e+03	  3,84861e-01	 -1,50646e-01
3677	  7,3520000000e+03	  3,86630e-01	 -1,51840e-01
3678	  7,3540000000e+03	  3,86617e-01	 -1,52828e-01
3679	  7,3560000000e+03	  3,85843e-01	 -1,54777e-01
3680	  7,3580000000e+03	  3,84864e-01	 -1,56642e-01
3681	  7,3600000000e+03	  3,84654e-01	 -1,57219e-01
3682	  7,3620000000e+03	  3,85949e-01	 -1,56790e-01
3683	  7,3640000000e+03	  3,85052e-01	 -1,61760e-01
3684	  7,3660000000e+03	  3,83882e-01	 -1,63927e-01
3685	  7,3680000000e+03	  3,82325e-01	 -1,63460e-01
3686	  7,3700000000e+03	  3,82802e-01	 -1,66040e-01
3687	  7,3720000000e+03	  3,83840e-01	 -1,66125e-01
3688	  7,3740000000e+03	  3,82279e-01	 -1,67352e-01
3689	  7,3760000000e+03	  3,80032e-01	 -1,69580e-01
3690	  7,3780000000e+03	  3,76529e-01	 -1,74213e-01
3691	  7,3800000000e+03	  3,78224e-01	 -1,76033e-01
3692	  7,3820000000e+03	  3,77258e-01	 -1,77627e-01
3693	  7,3840000000e+03	  3,77221e-01	 -1,79436e-01
3694	  7,3860000000e+03	  3,78769e-01	 -1,77518e-01
3695	  7,3880000000e+03	  3,76767e-01	 -1,78557e-01
3696	  7,3900000000e+03	  3,75779e-01	 -1,80743e-01
3697	  7,3920000000e+03	  3,72767e-01	 -1,83156e-01
3698	  7,3940000000e+03	  3,72550e-01	 -1,82105e-01
3699	  7,3960000000e+03	  3,71699e-01	 -1,85604e-01
3700	  7,3980000000e+03	  3,73677e-01	 -1,88912e-01
3701	  7,4000000000e+03	  3,74505e-01	 -1,89661e-01
3702	  7,4020000000e+03	  3,72620e-01	 -1,91173e-01
3703	  7,4040000000e+03	  3,70538e-01	 -1,93218e-01
3704	  7,4060000000e+03	  3,70776e-01	 -1,91347e-01
3705	  7,4080000000e+03	  3,68761e-01	 -1,94567e-01
3706	  7,4100000000e+03	  3,65607e-01	 -1,96287e-01
3707	  7,4120000000e+03	  3,65378e-01	 -1,98572e-01
3708	  7,4140000000e+03	  3,64933e-01	 -1,99917e-01
3709	  7,4160000000e+03	  3,61202e-01	 -2,02878e-01
3710	  7,4180000000e+03	  3,60811e-01	 -2,00813e-01
3711	  7,4200000000e+03	  3,57304e-01	 -2,00109e-01
3712	  7,4220000000e+03	  3,55272e-01	 -2,00478e-01
3713	  7,4240000000e+03	  3,53894e-01	 -2,05380e-01
3714	  7,4260000000e+03	  3,56196e-01	 -2,06590e-01
3715	  7,4280000000e+03	  3,53270e-01	 -2,05816e-01
3716	  7,4300000000e+03	  3,54473e-01	 -2,08080e-01
3717	  7,4320000000e+03	  3,54635e-01	 -2,09932e-01
3718	  7,4340000000e+03	  3,50879e-01	 -2,09925e-01
3719	  7,4360000000e+03	  3,48390e-01	 -2,08163e-01
3720	  7,4380000000e+03	  3,46173e-01	 -2,06815e-01
3721	  7,4400000000e+03	  3,45355e-01	 -2,08575e-01
3722	  7,4420000000e+03	  3,45440e-01	 -2,09817e-01
3723	  7,4440000000e+03	  3,44881e-01	 -2,12260e-01
3724	  7,4460000000e+03	  3,42178e-01	 -2,13791e-01
3725	  7,4480000000e+03	  3,41030e-01	 -2,16179e-01
3726	  7,4500000000e+03	  3,40516e-01	 -2,18483e-01
3727	  7,4520000000e+03	  3,39583e-01	 -2,19089e-01
3728	  7,4540000000e+03	  3,38390e-01	 -2,16689e-01
3729	  7,4560000000e+03	  3,35536e-01	 -2,20375e-01
3730	  7,4580000000e+03	  3,32024e-01	 -2,21757e-01
3731	  7,4600000000e+03	  3,32582e-01	 -2,22265e-01
3732	  7,4620000000e+03	  3,29574e-01	 -2,20391e-01
3733	  7,4640000000e+03	  3,29437e-01	 -2,22187e-01
3734	  7,4660000000e+03	  3,29195e-01	 -2,19507e-01
3735	  7,4680000000e+03	  3,27508e-01	 -2,19930e-01
3736	  7,4700000000e+03	  3,27388e-01	 -2,18043e-01
3737	  7,4720000000e+03	  3,28024e-01	 -2,16282e-01
3738	  7,4740000000e+03	  3,25783e-01	 -2,20865e-01
3739	  7,4760000000e+03	  3,27660e-01	 -2,24766e-01
3740	  7,4780000000e+03	  3,26751e-01	 -2,24312e-01
3741	  7,4800000000e+03	  3,22643e-01	 -2,24261e-01
3742	  7,4820000000e+03	  3,19100e-01	 -2,26476e-01
3743	  7,4840000000e+03	  3,16906e-01	 -2,26069e-01
3744	  7,4860000000e+03	  3,21322e-01	 -2,26036e-01
3745	  7,4880000000e+03	  3,20342e-01	 -2,24453e-01
3746	  7,4900000000e+03	  3,18007e-01	 -2,26213e-01
3747	  7,4920000000e+03	  3,20439e-01	 -2,29979e-01
3748	  7,4940000000e+03	  3,17068e-01	 -2,30091e-01
3749	  7,4960000000e+03	  3,13971e-01	 -2,28823e-01
3750	  7,4980000000e+03	  3,13046e-01	 -2,30466e-01
3751	  7,5000000000e+03	  3,12073e-01	 -2,28326e-01
3752	  7,5020000000e+03	  3,13718e-01	 -2,30465e-01
3753	  7,5040000000e+03	  3,13216e-01	 -2,33383e-01
3754	  7,5060000000e+03	  3,11368e-01	 -2,33869e-01
3755	  7,5080000000e+03	  3,11920e-01	 -2,32944e-01
3756	  7,5100000000e+03	  3,13854e-01	 -2,31370e-01
3757	  7,5120000000e+03	  3,11162e-01	 -2,33368e-01
3758	  7,5140000000e+03	  3,06840e-01	 -2,33932e-01
3759	  7,5160000000e+03	  3,05445e-01	 -2,35017e-01
3760	  7,5180000000e+03	  3,02973e-01	 -2,35236e-01
3761	  7,5200000000e+03	  3,02585e-01	 -2,35412e-01
3762	  7,5220000000e+03	  3,05147e-01	 -2,34679e-01
3763	  7,5240000000e+03	  3,06383e-01	 -2,37439e-01
3764	  7,5260000000e+03	  3,03796e-01	 -2,38136e-01
3765	  7,5280000000e+03	  3,03224e-01	 -2,33410e-01
3766	  7,5300000000e+03	  2,99706e-01	 -2,31188e-01
3767	  7,5320000000e+03	  2,97530e-01	 -2,32951e-01
3768	  7,5340000000e+03	  2,97793e-01	 -2,34696e-01
3769	  7,5360000000e+03	  3,00946e-01	 -2,37888e-01
3770	  7,5380000000e+03	  3,00825e-01	 -2,40221e-01
3771	  7,5400000000e+03	  2,97812e-01	 -2,36209e-01
3772	  7,5420000000e+03	  2,95817e-01	 -2,35053e-01
3773	  7,5440000000e+03	  2,94806e-01	 -2,35665e-01
3774	  7,5460000000e+03	  2,90002e-01	 -2,34543e-01
3775	  7,5480000000e+03	  2,91737e-01	 -2,33834e-01
3776	  7,5500000000e+03	  2,95428e-01	 -2,33877e-01
3777	  7,5520000000e+03	  2,95629e-01	 -2,32143e-01
3778	  7,5540000000e+03	  2,94248e-01	 -2,33308e-01
3779	  7,5560000000e+03	  2,94708e-01	 -2,37930e-01
3780	  7,5580000000e+03	  2,94136e-01	 -2,39071e-01
3781	  7,5600000000e+03	  2,95503e-01	 -2,40547e-01
3782	  7,5620000000e+03	  2,92415e-01	 -2,39954e-01
3783	  7,5640000000e+03	  2,91099e-01	 -2,40298e-01
3784	  7,5660000000e+03	  2,93570e-01	 -2,40896e-01
3785	  7,5680000000e+03	  2,93526e-01	 -2,39248e-01
3786	  7,5700000000e+03	  2,94158e-01	 -2,38548e-01
3787	  7,5720000000e+03	  2,92396e-01	 -2,38765e-01
3788	  7,5740000000e+03	  2,90431e-01	 -2,41446e-01
3789	  7,5760000000e+03	  2,89147e-01	 -2,38065e-01
3790	  7,5780000000e+03	  2,89372e-01	 -2,44018e-01
3791	  7,5800000000e+03	  2,84777e-01	 -2,45755e-01
3792	  7,5820000000e+03	  2,85375e-01	 -2,44315e-01
3793	  7,5840000000e+03	  2,88556e-01	 -2,45057e-01
3794	  7,5860000000e+03	  2,87842e-01	 -2,46550e-01
3795	  7,5880000000e+03	  2,87564e-01	 -2,47021e-01
3796	  7,5900000000e+03	  2,87959e-01	 -2,43888e-01
3797	  7,5920000000e+03	  2,87103e-01	 -2,46301e-01
3798	  7,5940000000e+03	  2,87032e-01	 -2,47706e-01
3799	  7,5960000000e+03	  2,88412e-01	 -2,46782e-01
3800	  7,5980000000e+03	  2,90121e-01	 -2,44959e-01
3801	  7,6000000000e+03	  2,91376e-01	 -2,46714e-01
3802	  7,6020000000e+03	  2,88790e-01	 -2,46982e-01
3803	  7,6040000000e+03	  2,87977e-01	 -2,47066e-01
3804	  7,6060000000e+03	  2,87955e-01	 -2,50694e-01
3805	  7,6080000000e+03	  2,88498e-01	 -2,53266e-01
3806	  7,6100000000e+03	  2,89228e-01	 -2,52898e-01
3807	  7,6120000000e+03	  2,88279e-01	 -2,52297e-01
3808	  7,6140000000e+03	  2,86414e-01	 -2,52547e-01
3809	  7,6160000000e+03	  2,87901e-01	 -2,55450e-01
3810	  7,6180000000e+03	  2,84904e-01	 -2,58435e-01
3811	  7,6200000000e+03	  2,86557e-01	 -2,58816e-01
3812	  7,6220000000e+03	  2,87970e-01	 -2,60363e-01
3813	  7,6240000000e+03	  2,85781e-01	 -2,59450e-01
3814	  7,6260000000e+03	  2,88330e-01	 -2,60211e-01
3815	  7,6280000000e+03	  2,88652e-01	 -2,60759e-01
3816	  7,6300000000e+03	  2,86002e-01	 -2,58315e-01
3817	  7,6320000000e+03	  2,87515e-01	 -2,60446e-01
3818	  7,6340000000e+03	  2,85383e-01	 -2,67063e-01
3819	  7,6360000000e+03	  2,84532e-01	 -2,66102e-01
3820	  7,6380000000e+03	  2,83506e-01	 -2,66222e-01
3821	  7,6400000000e+03	  2,82321e-01	 -2,66472e-01
3822	  7,6420000000e+03	  2,83166e-01	 -2,68093e-01
3823	  7,6440000000e+03	  2,82161e-01	 -2,65431e-01
3824	  7,6460000000e+03	  2,81654e-01	 -2,65894e-01
3825	  7,6480000000e+03	  2,82975e-01	 -2,69307e-01
3826	  7,6500000000e+03	  2,81697e-01	 -2,71203e-01
3827	  7,6520000000e+03	  2,81572e-01	 -2,71281e-01
3828	  7,6540000000e+03	  2,82445e-01	 -2,73071e-01
3829	  7,6560000000e+03	  2,85356e-01	 -2,73007e-01
3830	  7,6580000000e+03	  2,85667e-01	 -2,74702e-01
3831	  7,6600000000e+03	  2,79423e-01	 -2,72329e-01
3832	  7,6620000000e+03	  2,76952e-01	 -2,73025e-01
3833	  7,6640000000e+03	  2,78850e-01	 -2,79527e-01
3834	  7,6660000000e+03	  2,84091e-01	 -2,81032e-01
3835	  7,6680000000e+03	  2,86097e-01	 -2,82595e-01
3836	  7,6700000000e+03	  2,82053e-01	 -2,80551e-01
3837	  7,6720000000e+03	  2,81120e-01	 -2,78590e-01
3838	  7,6740000000e+03	  2,77193e-01	 -2,79222e-01
3839	  7,6760000000e+03	  2,75651e-01	 -2,83393e-01
3840	  7,6780000000e+03	  2,80107e-01	 -2,83251e-01
3841	  7,6800000000e+03	  2,79473e-01	 -2,82849e-01
3842	  7,6820000000e+03	  2,77474e-01	 -2,85886e-01
3843	  7,6840000000e+03	  2,75512e-01	 -2,89457e-01
3844	  7,6860000000e+03	  2,74630e-01	 -2,90835e-01
3845	  7,6880000000e+03	  2,74112e-01	 -2,89269e-01
3846	  7,6900000000e+03	  2,74050e-01	 -2,86547e-01
3847	  7,6920000000e+03	  2,75518e-01	 -2,88147e-01
3848	  7,6940000000e+03	  2,74646e-01	 -2,93493e-01
3849	  7,6960000000e+03	  2,76864e-01	 -2,94081e-01
3850	  7,6980000000e+03	  2,76065e-01	 -2,95574e-01
3851	  7,7000000000e+03	  2,71653e-01	 -2,98361e-01
3852	  7,7020000000e+03	  2,74252e-01	 -2,99616e-01
3853	  7,7040000000e+03	  2,73041e-01	 -3,04516e-01
3854	  7,7060000000e+03	  2,71212e-01	 -3,06870e-01
3855	  7,7080000000e+03	  2,76749e-01	 -3,08312e-01
3856	  7,7100000000e+03	  2,76801e-01	 -3,08642e-01
3857	  7,7120000000e+03	  2,70461e-01	 -3,08760e-01
3858	  7,7140000000e+03	  2,70544e-01	 -3,11938e-01
3859	  7,7160000000e+03	  2,71692e-01	 -3,13266e-01
3860	  7,7180000000e+03	  2,69698e-01	 -3,14057e-01
3861	  7,7200000000e+03	  2,68973e-01	 -3,15845e-01
3862	  7,7220000000e+03	  2,69131e-01	 -3,18200e-01
3863	  7,7240000000e+03	  2,64203e-01	 -3,18904e-01
3864	  7,7260000000e+03	  2,61472e-01	 -3,20899e-01
3865	  7,7280000000e+03	  2,62925e-01	 -3,23443e-01
3866	  7,7300000000e+03	  2,60785e-01	 -3,23895e-01
3867	  7,7320000000e+03	  2,60052e-01	 -3,24920e-01
3868	  7,7340000000e+03	  2,58529e-01	 -3,26822e-01
3869	  7,7360000000e+03	  2,58987e-01	 -3,27877e-01
3870	  7,7380000000e+03	  2,58342e-01	 -3,27896e-01
3871	  7,7400000000e+03	  2,56920e-01	 -3,29013e-01
3872	  7,7420000000e+03	  2,57135e-01	 -3,30773e-01
3873	  7,7440000000e+03	  2,57107e-01	 -3,34971e-01
3874	  7,7460000000e+03	  2,54579e-01	 -3,37866e-01
3875	  7,7480000000e+03	  2,53093e-01	 -3,38182e-01
3876	  7,7500000000e+03	  2,50123e-01	 -3,39821e-01
3877	  7,7520000000e+03	  2,47755e-01	 -3,40946e-01
3878	  7,7540000000e+03	  2,47526e-01	 -3,37908e-01
3879	  7,7560000000e+03	  2,48473e-01	 -3,37600e-01
3880	  7,7580000000e+03	  2,47095e-01	 -3,39042e-01
3881	  7,7600000000e+03	  2,42759e-01	 -3,44046e-01
3882	  7,7620000000e+03	  2,43193e-01	 -3,47469e-01
3883	  7,7640000000e+03	  2,47251e-01	 -3,47182e-01
3884	  7,7660000000e+03	  2,44578e-01	 -3,49442e-01
3885	  7,7680000000e+03	  2,42817e-01	 -3,49777e-01
3886	  7,7700000000e+03	  2,41913e-01	 -3,52605e-01
3887	  7,7720000000e+03	  2,39472e-01	 -3,54062e-01
3888	  7,7740000000e+03	  2,37806e-01	 -3,55383e-01
3889	  7,7760000000e+03	  2,38113e-01	 -3,56951e-01
3890	  7,7780000000e+03	  2,35129e-01	 -3,60872e-01
3891	  7,7800000000e+03	  2,33751e-01	 -3,59273e-01
3892	  7,7820000000e+03	  2,31157e-01	 -3,60617e-01
3893	  7,7840000000e+03	  2,25993e-01	 -3,60437e-01
3894	  7,7860000000e+03	  2,23134e-01	 -3,63550e-01
3895	  7,7880000000e+03	  2,24413e-01	 -3,66311e-01
3896	  7,7900000000e+03	  2,24519e-01	 -3,67231e-01
3897	  7,7920000000e+03	  2,18649e-01	 -3,69398e-01
3898	  7,7940000000e+03	  2,19535e-01	 -3,68132e-01
3899	  7,7960000000e+03	  2,19274e-01	 -3,70963e-01
3900	  7,7980000000e+03	  2,15900e-01	 -3,69808e-01
3901	  7,8000000000e+03	  2,13138e-01	 -3,68993e-01
3902	  7,8020000000e+03	  2,17418e-01	 -3,74108e-01
3903	  7,8040000000e+03	  2,14695e-01	 -3,73911e-01
3904	  7,8060000000e+03	  2,12618e-01	 -3,71421e-01
3905	  7,8080000000e+03	  2,09896e-01	 -3,74372e-01
3906	  7,8100000000e+03	  2,07798e-01	 -3,79362e-01
3907	  7,8120000000e+03	  2,05335e-01	 -3,79871e-01
3908	  7,8140000000e+03	  2,05793e-01	 -3,78656e-01
3909	  7,8160000000e+03	  2,03710e-01	 -3,79767e-01
3910	  7,8180000000e+03	  2,01556e-01	 -3,82724e-01
3911	  7,8200000000e+03	  1,99662e-01	 -3,81999e-01
3912	  7,8220000000e+03	  1,98742e-01	 -3,84343e-01
3913	  7,8240000000e+03	  1,93984e-01	 -3,85190e-01
3914	  7,8260000000e+03	  1,91962e-01	 -3,86210e-01
3915	  7,8280000000e+03	  1,89868e-01	 -3,89103e-01
3916	  7,8300000000e+03	  1,89446e-01	 -3,92649e-01
3917	  7,8320000000e+03	  1,90810e-01	 -3,93993e-01
3918	  7,8340000000e+03	  1,89700e-01	 -3,90471e-01
3919	  7,8360000000e+03	  1,87957e-01	 -3,88085e-01
3920	  7,8380000000e+03	  1,84633e-01	 -3,88749e-01
3921	  7,8400000000e+03	  1,81050e-01	 -3,90403e-01
3922	  7,8420000000e+03	  1,81083e-01	 -3,92193e-01
3923	  7,8440000000e+03	  1,80618e-01	 -3,95766e-01
3924	  7,8460000000e+03	  1,76897e-01	 -3,97084e-01
3925	  7,8480000000e+03	  1,73045e-01	 -3,98051e-01
3926	  7,8500000000e+03	  1,72530e-01	 -3,97495e-01
3927	  7,8520000000e+03	  1,71619e-01	 -3,95413e-01
3928	  7,8540000000e+03	  1,68793e-01	 -3,97999e-01
3929	  7,8560000000e+03	  1,68847e-01	 -3,99404e-01
3930	  7,8580000000e+03	  1,69163e-01	 -3,96220e-01
3931	  7,8600000000e+03	  1,65384e-01	 -4,00743e-01
3932	  7,8620000000e+03	  1,63205e-01	 -4,01015e-01
3933	  7,8640000000e+03	  1,59314e-01	 -4,03025e-01
3934	  7,8660000000e+03	  1,55221e-01	 -4,02510e-01
3935	  7,8680000000e+03	  1,52924e-01	 -4,05427e-01
3936	  7,8700000000e+03	  1,50231e-01	 -4,05345e-01
3937	  7,8720000000e+03	  1,49991e-01	 -4,04473e-01
3938	  7,8740000000e+03	  1,48479e-01	 -4,04948e-01
3939	  7,8760000000e+03	  1,48169e-01	 -4,03097e-01
3940	  7,8780000000e+03	  1,48436e-01	 -4,01993e-01
3941	  7,8800000000e+03	  1,45967e-01	 -4,06044e-01
3942	  7,8820000000e+03	  1,42347e-01	 -4,06686e-01
3943	  7,8840000000e+03	  1,41679e-01	 -4,06695e-01
3944	  7,8860000000e+03	  1,37155e-01	 -4,07856e-01
3945	  7,8880000000e+03	  1,36122e-01	 -4,07265e-01
3946	  7,8900000000e+03	  1,37024e-01	 -4,10428e-01
3947	  7,8920000000e+03	  1,37878e-01	 -4,08901e-01
3948	  7,8940000000e+03	  1,34136e-01	 -4,09732e-01
3949	  7,8960000000e+03	  1,34419e-01	 -4,13248e-01
3950	  7,8980000000e+03	  1,30662e-01	 -4,11633e-01
3951	  7,9000000000e+03	  1,26536e-01	 -4,16207e-01
3952	  7,9020000000e+03	  1,24705e-01	 -4,12258e-01
3953	  7,9040000000e+03	  1,21880e-01	 -4,10775e-01
3954	  7,9060000000e+03	  1,21983e-01	 -4,11771e-01
3955	  7,9080000000e+03	  1,22343e-01	 -4,11825e-01
3956	  7,9100000000e+03	  1,20740e-01	 -4,15550e-01
3957	  7,9120000000e+03	  1,15978e-01	 -4,15409e-01
3958	  7,9140000000e+03	  1,15132e-01	 -4,15709e-01
3959	  7,9160000000e+03	  1,13340e-01	 -4,15602e-01
3960	  7,9180000000e+03	  1,09639e-01	 -4,15586e-01
3961	  7,9200000000e+03	  1,06012e-01	 -4,17622e-01
3962	  7,9220000000e+03	  1,05897e-01	 -4,20200e-01
3963	  7,9240000000e+03	  1,04302e-01	 -4,20130e-01
3964	  7,9260000000e+03	  9,95960e-02	 -4,15013e-01
3965	  7,9280000000e+03	  9,80267e-02	 -4,17376e-01
3966	  7,9300000000e+03	  9,83096e-02	 -4,21283e-01
3967	  7,9320000000e+03	  9,47878e-02	 -4,22244e-01
3968	  7,9340000000e+03	  9,25378e-02	 -4,23018e-01
3969	  7,9360000000e+03	  9,15860e-02	 -4,20894e-01
3970	  7,9380000000e+03	  8,98621e-02	 -4,22754e-01
3971	  7,9400000000e+03	  8,86777e-02	 -4,24027e-01
3972	  7,9420000000e+03	  8,52018e-02	 -4,26335e-01
3973	  7,9440000000e+03	  8,20555e-02	 -4,29122e-01
3974	  7,9460000000e+03	  8,13054e-02	 -4,27894e-01
3975	  7,9480000000e+03	  7,89664e-02	 -4,29619e-01
3976	  7,9500000000e+03	  7,75098e-02	 -4,27788e-01
3977	  7,9520000000e+03	  7,48918e-02	 -4,27893e-01
3978	  7,9540000000e+03	  7,28313e-02	 -4,30519e-01
3979	  7,9560000000e+03	  7,12549e-02	 -4,30813e-01
3980	  7,9580000000e+03	  6,62361e-02	 -4,30991e-01
3981	  7,9600000000e+03	  6,19492e-02	 -4,31826e-01
3982	  7,9620000000e+03	  6,11219e-02	 -4,29780e-01
3983	  7,9640000000e+03	  5,76801e-02	 -4,30210e-01
3984	  7,9660000000e+03	  5,37397e-02	 -4,27123e-01
3985	  7,9680000000e+03	  5,26946e-02	 -4,26011e-01
3986	  7,9700000000e+03	  5,20100e-02	 -4,26342e-01
3987	  7,9720000000e+03	  5,26229e-02	 -4,29363e-01
3988	  7,9740000000e+03	  5,03283e-02	 -4,31595e-01
3989	  7,9760000000e+03	  4,90826e-02	 -4,31911e-01
3990	  7,9780000000e+03	  4,80668e-02	 -4,31510e-01
3991	  7,9800000000e+03	  4,37863e-02	 -4,30413e-01
3992	  7,9820000000e+03	  3,95740e-02	 -4,32363e-01
3993	  7,9840000000e+03	  3,43065e-02	 -4,31510e-01
3994	  7,9860000000e+03	  3,44097e-02	 -4,32764e-01
3995	  7,9880000000e+03	  3,53798e-02	 -4,29209e-01
3996	  7,9900000000e+03	  3,13433e-02	 -4,30946e-01
3997	  7,9920000000e+03	  2,81077e-02	 -4,31921e-01
3998	  7,9940000000e+03	  2,49755e-02	 -4,32724e-01
3999	  7,9960000000e+03	  2,10373e-02	 -4,30938e-01
4000	  7,9980000000e+03	  2,00498e-02	 -4,30537e-01
4001	  8,0000000000e+03	  1,62475e-02	 -4,32867e-01
4002	  8,0020000000e+03	  1,73493e-02	 -4,33199e-01
4003	  8,0040000000e+03	  1,54301e-02	 -4,36182e-01
4004	  8,0060000000e+03	  8,47613e-03	 -4,31458e-01
4005	  8,0080000000e+03	  4,91716e-03	 -4,24368e-01
4006	  8,0100000000e+03	  4,15450e-03	 -4,26293e-01
4007	  8,0120000000e+03	  2,40141e-03	 -4,27117e-01
4008	  8,0140000000e+03	 -5,09948e-04	 -4,30554e-01
4009	  8,0160000000e+03	 -3,70477e-03	 -4,30299e-01
4010	  8,0180000000e+03	 -7,77049e-03	 -4,27799e-01
4011	  8,0200000000e+03	 -8,24638e-03	 -4,26156e-01
4012	  8,0220000000e+03	 -7,78062e-03	 -4,27055e-01
4013	  8,0240000000e+03	 -8,89564e-03	 -4,24778e-01
4014	  8,0260000000e+03	 -1,43168e-02	 -4,25795e-01
4015	  8,0280000000e+03	 -1,75074e-02	 -4,25173e-01
4016	  8,0300000000e+03	 -1,61988e-02	 -4,21872e-01
4017	  8,0320000000e+03	 -2,01741e-02	 -4,21437e-01
4018	  8,0340000000e+03	 -2,81121e-02	 -4,23532e-01
4019	  8,0360000000e+03	 -2,93275e-02	 -4,22402e-01
4020	  8,0380000000e+03	 -2,94651e-02	 -4,23269e-01
4021	  8,0400000000e+03	 -3,03139e-02	 -4,20629e-01
4022	  8,0420000000e+03	 -3,53144e-02	 -4,18979e-01
4023	  8,0440000000e+03	 -3,83796e-02	 -4,21105e-01
4024	  8,0460000000e+03	 -4,02432e-02	 -4,20746e-01
4025	  8,0480000000e+03	 -4,27790e-02	 -4,18654e-01
4026	  8,0500000000e+03	 -4,35386e-02	 -4,18236e-01
4027	  8,0520000000e+03	 -4,94941e-02	 -4,18018e-01
4028	  8,0540000000e+03	 -4,98542e-02	 -4,16630e-01
4029	  8,0560000000e+03	 -5,53397e-02	 -4,13538e-01
4030	  8,0580000000e+03	 -5,82183e-02	 -4,15330e-01
4031	  8,0600000000e+03	 -5,94760e-02	 -4,13066e-01
4032	  8,0620000000e+03	 -6,14965e-02	 -4,10485e-01
4033	  8,0640000000e+03	 -6,17543e-02	 -4,10766e-01
4034	  8,0660000000e+03	 -6,53616e-02	 -4,08929e-01
4035	  8,0680000000e+03	 -6,77486e-02	 -4,08979e-01
4036	  8,0700000000e+03	 -7,05131e-02	 -4,07442e-01
4037	  8,0720000000e+03	 -7,12026e-02	 -4,07415e-01
4038	  8,0740000000e+03	 -7,48865e-02	 -4,05631e-01
4039	  8,0760000000e+03	 -7,94400e-02	 -4,04410e-01
4040	  8,0780000000e+03	 -8,07433e-02	 -4,02231e-01
4041	  8,0800000000e+03	 -8,29140e-02	 -3,99809e-01
4042	  8,0820000000e+03	 -8,76304e-02	 -3,99992e-01
4043	  8,0840000000e+03	 -8,84363e-02	 -3,98837e-01
4044	  8,0860000000e+03	 -9,21941e-02	 -3,95839e-01
4045	  8,0880000000e+03	 -9,48385e-02	 -3,91476e-01
4046	  8,0900000000e+03	 -9,17436e-02	 -3,90676e-01
4047	  8,0920000000e+03	 -9,65683e-02	 -3,88987e-01
4048	  8,0940000000e+03	 -9,85604e-02	 -3,86403e-01
4049	  8,0960000000e+03	 -1,00020e-01	 -3,86268e-01
4050	  8,0980000000e+03	 -9,95072e-02	 -3,86269e-01
4051	  8,1000000000e+03	 -1,01418e-01	 -3,83888e-01
4052	  8,1020000000e+03	 -1,04630e-01	 -3,78017e-01
4053	  8,1040000000e+03	 -1,04459e-01	 -3,78156e-01
4054	  8,1060000000e+03	 -1,07422e-01	 -3,76267e-01
4055	  8,1080000000e+03	 -1,11452e-01	 -3,73906e-01
4056	  8,1100000000e+03	 -1,12523e-01	 -3,73597e-01
4057	  8,1120000000e+03	 -1,17177e-01	 -3,73341e-01
4058	  8,1140000000e+03	 -1,19974e-01	 -3,74038e-01
4059	  8,1160000000e+03	 -1,20388e-01	 -3,70004e-01
4060	  8,1180000000e+03	 -1,22613e-01	 -3,66595e-01
4061	  8,1200000000e+03	 -1,23074e-01	 -3,64758e-01
4062	  8,1220000000e+03	 -1,22494e-01	 -3,63652e-01
4063	  8,1240000000e+03	 -1,26038e-01	 -3,60849e-01
4064	  8,1260000000e+03	 -1,26200e-01	 -3,58415e-01
4065	  8,1280000000e+03	 -1,28086e-01	 -3,55393e-01
4066	  8,1300000000e+03	 -1,31880e-01	 -3,55505e-01
4067	  8,1320000000e+03	 -1,28856e-01	 -3,54918e-01
4068	  8,1340000000e+03	 -1,29958e-01	 -3,50911e-01
4069	  8,1360000000e+03	 -1,31574e-01	 -3,46064e-01
4070	  8,1380000000e+03	 -1,35156e-01	 -3,46877e-01
4071	  8,1400000000e+03	 -1,34471e-01	 -3,44684e-01
4072	  8,1420000000e+03	 -1,34532e-01	 -3,42572e-01
4073	  8,1440000000e+03	 -1,39549e-01	 -3,40358e-01
4074	  8,1460000000e+03	 -1,41886e-01	 -3,39819e-01
4075	  8,1480000000e+03	 -1,41723e-01	 -3,39688e-01
4076	  8,1500000000e+03	 -1,40835e-01	 -3,35636e-01
4077	  8,1520000000e+03	 -1,43257e-01	 -3,35092e-01
4078	  8,1540000000e+03	 -1,43641e-01	 -3,34360e-01
4079	  8,1560000000e+03	 -1,45566e-01	 -3,31229e-01
4080	  8,1580000000e+03	 -1,46003e-01	 -3,29339e-01
4081	  8,1600000000e+03	 -1,46926e-01	 -3,28682e-01
4082	  8,1620000000e+03	 -1,48060e-01	 -3,26401e-01
4083	  8,1640000000e+03	 -1,48666e-01	 -3,25968e-01
4084	  8,1660000000e+03	 -1,47937e-01	 -3,23826e-01
4085	  8,1680000000e+03	 -1,50559e-01	 -3,20987e-01
4086	  8,1700000000e+03	 -1,50546e-01	 -3,21663e-01
4087	  8,1720000000e+03	 -1,52704e-01	 -3,21034e-01
4088	  8,1740000000e+03	 -1,51599e-01	 -3,18673e-01
4089	  8,1760000000e+03	 -1,53405e-01	 -3,13464e-01
4090	  8,1780000000e+03	 -1,55345e-01	 -3,12666e-01
4091	  8,1800000000e+03	 -1,58228e-01	 -3,13085e-01
4092	  8,1820000000e+03	 -1,63143e-01	 -3,12522e-01
4093	  8,1840000000e+03	 -1,63214e-01	 -3,10899e-01
4094	  8,1860000000e+03	 -1,63228e-01	 -3,09139e-01
4095	  8,1880000000e+03	 -1,63909e-01	 -3,02389e-01
4096	  8,1900000000e+03	 -1,64405e-01	 -3,00031e-01
4097	  8,1920000000e+03	 -1,65670e-01	 -2,97354e-01
4098	  8,1940000000e+03	 -1,65443e-01	 -2,95717e-01
4099	  8,1960000000e+03	 -1,63349e-01	 -2,91908e-01
4100	  8,1980000000e+03	 -1,65358e-01	 -2,88802e-01
4101	  8,2000000000e+03	 -1,69351e-01	 -2,89196e-01
4102	  8,2020000000e+03	 -1,66015e-01	 -2,84673e-01
4103	  8,2040000000e+03	 -1,65138e-01	 -2,79498e-01
4104	  8,2060000000e+03	 -1,66737e-01	 -2,82784e-01
4105	  8,2080000000e+03	 -1,64694e-01	 -2,79737e-01
4106	  8,2100000000e+03	 -1,67519e-01	 -2,77486e-01
4107	  8,2120000000e+03	 -1,68611e-01	 -2,76493e-01
4108	  8,2140000000e+03	 -1,67539e-01	 -2,76722e-01
4109	  8,2160000000e+03	 -1,67971e-01	 -2,75273e-01
4110	  8,2180000000e+03	 -1,69348e-01	 -2,71772e-01
4111	  8,2200000000e+03	 -1,71069e-01	 -2,70012e-01
4112	  8,2220000000e+03	 -1,72431e-01	 -2,68426e-01
4113	  8,2240000000e+03	 -1,70878e-01	 -2,70611e-01
4114	  8,2260000000e+03	 -1,70377e-01	 -2,70625e-01
4115	  8,2280000000e+03	 -1,71663e-01	 -2,69136e-01
4116	  8,2300000000e+03	 -1,73955e-01	 -2,67081e-01
4117	  8,2320000000e+03	 -1,73636e-01	 -2,63054e-01
4118	  8,2340000000e+03	 -1,72832e-01	 -2,62186e-01
4119	  8,2360000000e+03	 -1,70622e-01	 -2,60611e-01
4120	  8,2380000000e+03	 -1,75483e-01	 -2,62192e-01
4121	  8,2400000000e+03	 -1,78968e-01	 -2,58043e-01
4122	  8,2420000000e+03	 -1,77492e-01	 -2,56061e-01
4123	  8,2440000000e+03	 -1,78039e-01	 -2,53913e-01
4124	  8,2460000000e+03	 -1,76677e-01	 -2,47489e-01
4125	  8,2480000000e+03	 -1,79355e-01	 -2,46411e-01
4126	  8,2500000000e+03	 -1,80008e-01	 -2,43284e-01
4127	  8,2520000000e+03	 -1,81780e-01	 -2,44027e-01
4128	  8,2540000000e+03	 -1,81136e-01	 -2,44165e-01
4129	  8,2560000000e+03	 -1,79967e-01	 -2,40425e-01
4130	  8,2580000000e+03	 -1,80265e-01	 -2,39773e-01
4131	  8,2600000000e+03	 -1,78167e-01	 -2,35599e-01
4132	  8,2620000000e+03	 -1,82341e-01	 -2,35688e-01
4133	  8,2640000000e+03	 -1,84591e-01	 -2,34687e-01
4134	  8,2660000000e+03	 -1,82916e-01	 -2,31321e-01
4135	  8,2680000000e+03	 -1,84271e-01	 -2,29147e-01
4136	  8,2700000000e+03	 -1,86078e-01	 -2,25863e-01
4137	  8,2720000000e+03	 -1,84052e-01	 -2,23828e-01
4138	  8,2740000000e+03	 -1,84579e-01	 -2,24988e-01
4139	  8,2760000000e+03	 -1,86029e-01	 -2,24480e-01
4140	  8,2780000000e+03	 -1,86943e-01	 -2,20819e-01
4141	  8,2800000000e+03	 -1,84414e-01	 -2,21806e-01
4142	  8,2820000000e+03	 -1,83909e-01	 -2,20542e-01
4143	  8,2840000000e+03	 -1,83977e-01	 -2,17080e-01
4144	  8,2860000000e+03	 -1,86767e-01	 -2,11963e-01
4145	  8,2880000000e+03	 -1,86720e-01	 -2,13487e-01
4146	  8,2900000000e+03	 -1,86982e-01	 -2,10416e-01
4147	  8,2920000000e+03	 -1,88587e-01	 -2,07154e-01
4148	  8,2940000000e+03	 -1,89121e-01	 -2,05430e-01
4149	  8,2960000000e+03	 -1,89925e-01	 -2,07541e-01
4150	  8,2980000000e+03	 -1,90297e-01	 -2,08143e-01
4151	  8,3000000000e+03	 -1,87119e-01	 -2,00709e-01
4152	  8,3020000000e+03	 -1,88986e-01	 -1,94762e-01
4153	  8,3040000000e+03	 -1,87072e-01	 -1,92933e-01
4154	  8,3060000000e+03	 -1,88378e-01	 -1,91344e-01
4155	  8,3080000000e+03	 -1,89704e-01	 -1,89766e-01
4156	  8,3100000000e+03	 -1,90736e-01	 -1,86914e-01
4157	  8,3120000000e+03	 -1,90112e-01	 -1,86272e-01
4158	  8,3140000000e+03	 -1,90190e-01	 -1,82844e-01
4159	  8,3160000000e+03	 -1,89235e-01	 -1,78021e-01
4160	  8,3180000000e+03	 -1,89221e-01	 -1,76469e-01
4161	  8,3200000000e+03	 -1,88011e-01	 -1,74917e-01
4162	  8,3220000000e+03	 -1,86179e-01	 -1,73039e-01
4163	  8,3240000000e+03	 -1,82493e-01	 -1,69410e-01
4164	  8,3260000000e+03	 -1,82552e-01	 -1,65299e-01
4165	  8,3280000000e+03	 -1,81779e-01	 -1,63666e-01
4166	  8,3300000000e+03	 -1,80240e-01	 -1,64100e-01
4167	  8,3320000000e+03	 -1,77961e-01	 -1,60900e-01
4168	  8,3340000000e+03	 -1,76212e-01	 -1,60799e-01
4169	  8,3360000000e+03	 -1,76699e-01	 -1,59478e-01
4170	  8,3380000000e+03	 -1,75453e-01	 -1,57119e-01
4171	  8,3400000000e+03	 -1,76610e-01	 -1,57096e-01
4172	  8,3420000000e+03	 -1,75275e-01	 -1,52205e-01
4173	  8,3440000000e+03	 -1,72055e-01	 -1,52754e-01
4174	  8,3460000000e+03	 -1,71254e-01	 -1,53985e-01
4175	  8,3480000000e+03	 -1,68587e-01	 -1,49633e-01
4176	  8,3500000000e+03	 -1,66448e-01	 -1,48325e-01
4177	  8,3520000000e+03	 -1,67629e-01	 -1,47689e-01
4178	  8,3540000000e+03	 -1,66722e-01	 -1,46855e-01
4179	  8,3560000000e+03	 -1,67561e-01	 -1,47754e-01
4180	  8,3580000000e+03	 -1,69626e-01	 -1,47555e-01
4181	  8,3600000000e+03	 -1,66282e-01	 -1,44537e-01
4182	  8,3620000000e+03	 -1,64687e-01	 -1,41243e-01
4183	  8,3640000000e+03	 -1,65751e-01	 -1,38593e-01
4184	  8,3660000000e+03	 -1,68537e-01	 -1,37952e-01
4185	  8,3680000000e+03	 -1,65352e-01	 -1,35347e-01
4186	  8,3700000000e+03	 -1,60343e-01	 -1,29826e-01
4187	  8,3720000000e+03	 -1,60420e-01	 -1,31327e-01
4188	  8,3740000000e+03	 -1,63460e-01	 -1,33498e-01
4189	  8,3760000000e+03	 -1,59153e-01	 -1,29533e-01
4190	  8,3780000000e+03	 -1,57800e-01	 -1,23169e-01
4191	  8,3800000000e+03	 -1,56546e-01	 -1,22062e-01
4192	  8,3820000000e+03	 -1,55731e-01	 -1,23681e-01
4193	  8,3840000000e+03	 -1,52684e-01	 -1,25383e-01
4194	  8,3860000000e+03	 -1,51690e-01	 -1,20576e-01
4195	  8,3880000000e+03	 -1,50665e-01	 -1,16197e-01
4196	  8,3900000000e+03	 -1,50551e-01	 -1,14955e-01
4197	  8,3920000000e+03	 -1,47783e-01	 -1,16885e-01
4198	  8,3940000000e+03	 -1,41239e-01	 -1,16145e-01
4199	  8,3960000000e+03	 -1,40673e-01	 -1,16022e-01
4200	  8,3980000000e+03	 -1,40608e-01	 -1,16969e-01
4201	  8,4000000000e+03	 -1,37055e-01	 -1,14369e-01
4202	  8,4020000000e+03	 -1,36454e-01	 -1,12874e-01
4203	  8,4040000000e+03	 -1,34255e-01	 -1,12715e-01
4204	  8,4060000000e+03	 -1,31195e-01	 -1,10429e-01
4205	  8,4080000000e+03	 -1,33239e-01	 -1,11149e-01
4206	  8,4100000000e+03	 -1,31408e-01	 -1,13738e-01
4207	  8,4120000000e+03	 -1,28322e-01	 -1,14804e-01
4208	  8,4140000000e+03	 -1,27122e-01	 -1,14089e-01
4209	  8,4160000000e+03	 -1,30055e-01	 -1,12229e-01
4210	  8,4180000000e+03	 -1,31405e-01	 -1,08406e-01
4211	  8,4200000000e+03	 -1,28854e-01	 -1,12187e-01
4212	  8,4220000000e+03	 -1,28397e-01	 -1,13261e-01
4213	  8,4240000000e+03	 -1,27737e-01	 -1,12574e-01
4214	  8,4260000000e+03	 -1,26090e-01	 -1,10893e-01
4215	  8,4280000000e+03	 -1,22686e-01	 -1,09450e-01
4216	  8,4300000000e+03	 -1,21478e-01	 -1,08495e-01
4217	  8,4320000000e+03	 -1,20861e-01	 -1,07076e-01
4218	  8,4340000000e+03	 -1,19632e-01	 -1,03667e-01
4219	  8,4360000000e+03	 -1,17433e-01	 -1,04819e-01
4220	  8,4380000000e+03	 -1,15149e-01	 -1,04182e-01
4221	  8,4400000000e+03	 -1,14589e-01	 -1,03175e-01
4222	  8,4420000000e+03	 -1,16928e-01	 -1,02881e-01
4223	  8,4440000000e+03	 -1,19564e-01	 -1,04126e-01
4224	  8,4460000000e+03	 -1,16840e-01	 -1,03967e-01
4225	  8,4480000000e+03	 -1,14406e-01	 -1,00988e-01
4226	  8,4500000000e+03	 -1,11178e-01	 -1,01043e-01
4227	  8,4520000000e+03	 -1,09161e-01	 -1,02133e-01
4228	  8,4540000000e+03	 -1,10711e-01	 -1,01771e-01
4229	  8,4560000000e+03	 -1,08729e-01	 -1,01608e-01
4230	  8,4580000000e+03	 -1,04740e-01	 -9,85325e-02
4231	  8,4600000000e+03	 -1,03938e-01	 -9,61648e-02
4232	  8,4620000000e+03	 -1,02746e-01	 -9,70420e-02
4233	  8,4640000000e+03	 -1,01977e-01	 -9,86675e-02
4234	  8,4660000000e+03	 -9,91644e-02	 -9,90065e-02
4235	  8,4680000000e+03	 -9,83962e-02	 -1,00874e-01
4236	  8,4700000000e+03	 -9,68240e-02	 -1,00094e-01
4237	  8,4720000000e+03	 -9,31166e-02	 -9,80689e-02
4238	  8,4740000000e+03	 -9,43954e-02	 -9,89879e-02
4239	  8,4760000000e+03	 -9,30211e-02	 -1,00864e-01
4240	  8,4780000000e+03	 -9,05625e-02	 -1,01089e-01
4241	  8,4800000000e+03	 -9,06459e-02	 -9,98109e-02
4242	  8,4820000000e+03	 -9,03815e-02	 -9,89807e-02
4243	  8,4840000000e+03	 -9,05007e-02	 -9,90217e-02
4244	  8,4860000000e+03	 -9,20841e-02	 -1,00190e-01
4245	  8,4880000000e+03	 -8,95248e-02	 -9,89228e-02
4246	  8,4900000000e+03	 -8,52104e-02	 -9,97144e-02
4247	  8,4920000000e+03	 -8,82539e-02	 -1,04090e-01
4248	  8,4940000000e+03	 -8,39770e-02	 -9,99842e-02
4249	  8,4960000000e+03	 -8,10228e-02	 -1,02353e-01
4250	  8,4980000000e+03	 -8,72261e-02	 -1,02085e-01
4251	  8,5000000000e+03	 -8,52107e-02	 -1,01696e-01
4252	  8,5020000000e+03	 -8,31494e-02	 -1,01971e-01
4253	  8,5040000000e+03	 -8,41887e-02	 -9,89564e-02
4254	  8,5060000000e+03	 -8,32001e-02	 -1,00096e-01
4255	  8,5080000000e+03	 -7,85236e-02	 -1,00554e-01
4256	  8,5100000000e+03	 -7,89756e-02	 -1,00622e-01
4257	  8,5120000000e+03	 -7,66905e-02	 -1,01000e-01
4258	  8,5140000000e+03	 -7,71065e-02	 -1,00755e-01
4259	  8,5160000000e+03	 -7,61250e-02	 -1,03107e-01
4260	  8,5180000000e+03	 -7,61118e-02	 -1,02159e-01
4261	  8,5200000000e+03	 -7,45654e-02	 -1,01952e-01
4262	  8,5220000000e+03	 -7,17185e-02	 -1,02990e-01
4263	  8,5240000000e+03	 -6,74869e-02	 -1,02613e-01
4264	  8,5260000000e+03	 -6,66042e-02	 -1,03365e-01
4265	  8,5280000000e+03	 -6,40233e-02	 -1,01750e-01
4266	  8,5300000000e+03	 -6,19706e-02	 -1,04092e-01
4267	  8,5320000000e+03	 -6,16410e-02	 -1,04016e-01
4268	  8,5340000000e+03	 -6,18409e-02	 -1,03002e-01
4269	  8,5360000000e+03	 -6,16340e-02	 -1,03369e-01
4270	  8,5380000000e+03	 -6,18319e-02	 -1,02172e-01
4271	  8,5400000000e+03	 -5,74927e-02	 -1,00730e-01
4272	  8,5420000000e+03	 -5,77561e-02	 -1,04647e-01
4273	  8,5440000000e+03	 -5,73520e-02	 -1,08180e-01
4274	  8,5460000000e+03	 -5,70774e-02	 -1,08887e-01
4275	  8,5480000000e+03	 -5,37539e-02	 -1,09508e-01
4276	  8,5500000000e+03	 -5,21773e-02	 -1,07736e-01
4277	  8,5520000000e+03	 -5,12826e-02	 -1,09229e-01
4278	  8,5540000000e+03	 -5,26976e-02	 -1,09626e-01
4279	  8,5560000000e+03	 -5,38718e-02	 -1,10562e-01
4280	  8,5580000000e+03	 -5,03659e-02	 -1,14098e-01
4281	  8,5600000000e+03	 -5,07246e-02	 -1,10448e-01
4282	  8,5620000000e+03	 -4,93758e-02	 -1,13432e-01
4283	  8,5640000000e+03	 -4,74125e-02	 -1,16966e-01
4284	  8,5660000000e+03	 -4,71992e-02	 -1,16565e-01
4285	  8,5680000000e+03	 -4,67006e-02	 -1,18091e-01
4286	  8,5700000000e+03	 -4,46213e-02	 -1,19888e-01
4287	  8,5720000000e+03	 -4,35508e-02	 -1,17709e-01
4288	  8,5740000000e+03	 -4,78046e-02	 -1,18696e-01
4289	  8,5760000000e+03	 -4,83323e-02	 -1,21683e-01
4290	  8,5780000000e+03	 -4,58931e-02	 -1,19221e-01
4291	  8,5800000000e+03	 -4,25988e-02	 -1,22794e-01
4292	  8,5820000000e+03	 -4,31345e-02	 -1,25336e-01
4293	  8,5840000000e+03	 -4,53980e-02	 -1,22246e-01
4294	  8,5860000000e+03	 -4,43850e-02	 -1,20826e-01
4295	  8,5880000000e+03	 -4,38730e-02	 -1,22143e-01
4296	  8,5900000000e+03	 -3,90290e-02	 -1,24393e-01
4297	  8,5920000000e+03	 -3,61916e-02	 -1,26572e-01
4298	  8,5940000000e+03	 -3,77997e-02	 -1,31080e-01
4299	  8,5960000000e+03	 -3,40283e-02	 -1,31905e-01
4300	  8,5980000000e+03	 -3,24077e-02	 -1,34364e-01
4301	  8,6000000000e+03	 -3,14332e-02	 -1,33207e-01
4302	  8,6020000000e+03	 -3,12045e-02	 -1,31248e-01
4303	  8,6040000000e+03	 -3,30029e-02	 -1,33783e-01
4304	  8,6060000000e+03	 -3,35074e-02	 -1,32852e-01
4305	  8,6080000000e+03	 -3,41122e-02	 -1,35199e-01
4306	  8,6100000000e+03	 -3,28304e-02	 -1,38046e-01
4307	  8,6120000000e+03	 -2,89730e-02	 -1,38194e-01
4308	  8,6140000000e+03	 -2,93734e-02	 -1,40778e-01
4309	  8,6160000000e+03	 -3,27261e-02	 -1,42910e-01
4310	  8,6180000000e+03	 -3,11978e-02	 -1,42604e-01
4311	  8,6200000000e+03	 -2,96903e-02	 -1,43709e-01
4312	  8,6220000000e+03	 -3,05725e-02	 -1,47866e-01
4313	  8,6240000000e+03	 -3,17470e-02	 -1,50042e-01
4314	  8,6260000000e+03	 -2,96623e-02	 -1,49933e-01
4315	  8,6280000000e+03	 -2,84165e-02	 -1,50471e-01
4316	  8,6300000000e+03	 -3,08635e-02	 -1,55936e-01
4317	  8,6320000000e+03	 -3,28535e-02	 -1,57358e-01
4318	  8,6340000000e+03	 -3,25076e-02	 -1,58043e-01
4319	  8,6360000000e+03	 -3,40519e-02	 -1,58674e-01
4320	  8,6380000000e+03	 -3,54791e-02	 -1,60042e-01
4321	  8,6400000000e+03	 -3,74597e-02	 -1,62108e-01
4322	  8,6420000000e+03	 -4,15294e-02	 -1,63904e-01
4323	  8,6440000000e+03	 -3,95569e-02	 -1,63512e-01
4324	  8,6460000000e+03	 -4,05994e-02	 -1,65539e-01
4325	  8,6480000000e+03	 -4,23683e-02	 -1,64532e-01
4326	  8,6500000000e+03	 -4,18013e-02	 -1,63346e-01
4327	  8,6520000000e+03	 -4,23196e-02	 -1,65269e-01
4328	  8,6540000000e+03	 -4,26485e-02	 -1,66972e-01
4329	  8,6560000000e+03	 -4,30862e-02	 -1,65051e-01
4330	  8,6580000000e+03	 -4,28699e-02	 -1,61811e-01
4331	  8,6600000000e+03	 -4,37409e-02	 -1,62003e-01
4332	  8,6620000000e+03	 -4,21493e-02	 -1,65892e-01
4333	  8,6640000000e+03	 -4,17963e-02	 -1,69863e-01
4334	  8,6660000000e+03	 -4,22888e-02	 -1,72177e-01
4335	  8,6680000000e+03	 -4,23102e-02	 -1,73765e-01
4336	  8,6700000000e+03	 -4,37917e-02	 -1,76387e-01
4337	  8,6720000000e+03	 -4,41851e-02	 -1,74688e-01
4338	  8,6740000000e+03	 -4,49797e-02	 -1,73604e-01
4339	  8,6760000000e+03	 -4,64609e-02	 -1,74052e-01
4340	  8,6780000000e+03	 -4,66703e-02	 -1,76776e-01
4341	  8,6800000000e+03	 -4,81992e-02	 -1,75357e-01
4342	  8,6820000000e+03	 -5,14456e-02	 -1,75757e-01
4343	  8,6840000000e+03	 -5,40102e-02	 -1,77773e-01
4344	  8,6860000000e+03	 -5,26107e-02	 -1,79609e-01
4345	  8,6880000000e+03	 -5,08623e-02	 -1,79631e-01
4346	  8,6900000000e+03	 -5,42932e-02	 -1,79180e-01
4347	  8,6920000000e+03	 -5,49414e-02	 -1,77922e-01
4348	  8,6940000000e+03	 -5,29725e-02	 -1,77469e-01
4349	  8,6960000000e+03	 -4,96721e-02	 -1,78187e-01
4350	  8,6980000000e+03	 -4,96172e-02	 -1,77856e-01
4351	  8,7000000000e+03	 -5,18042e-02	 -1,80004e-01
4352	  8,7020000000e+03	 -5,38054e-02	 -1,81373e-01
4353	  8,7040000000e+03	 -5,38130e-02	 -1,82260e-01
4354	  8,7060000000e+03	 -5,39808e-02	 -1,85090e-01
4355	  8,7080000000e+03	 -5,60953e-02	 -1,86210e-01
4356	  8,7100000000e+03	 -5,62189e-02	 -1,87981e-01
4357	  8,7120000000e+03	 -5,81260e-02	 -1,86922e-01
4358	  8,7140000000e+03	 -6,08346e-02	 -1,85593e-01
4359	  8,7160000000e+03	 -5,98827e-02	 -1,86056e-01
4360	  8,7180000000e+03	 -5,97553e-02	 -1,88180e-01
4361	  8,7200000000e+03	 -5,81049e-02	 -1,91417e-01
4362	  8,7220000000e+03	 -5,86356e-02	 -1,87281e-01
4363	  8,7240000000e+03	 -6,13805e-02	 -1,87285e-01
4364	  8,7260000000e+03	 -6,26743e-02	 -1,86362e-01
4365	  8,7280000000e+03	 -6,55874e-02	 -1,87266e-01
4366	  8,7300000000e+03	 -6,70730e-02	 -1,89653e-01
4367	  8,7320000000e+03	 -6,67355e-02	 -1,91643e-01
4368	  8,7340000000e+03	 -6,87046e-02	 -1,93831e-01
4369	  8,7360000000e+03	 -6,81244e-02	 -1,91588e-01
4370	  8,7380000000e+03	 -6,31035e-02	 -1,91164e-01
4371	  8,7400000000e+03	 -6,21378e-02	 -1,90280e-01
4372	  8,7420000000e+03	 -6,51035e-02	 -1,90320e-01
4373	  8,7440000000e+03	 -6,64360e-02	 -1,90105e-01
4374	  8,7460000000e+03	 -6,61809e-02	 -1,90071e-01
4375	  8,7480000000e+03	 -6,50582e-02	 -1,95897e-01
4376	  8,7500000000e+03	 -6,64376e-02	 -1,95339e-01
4377	  8,7520000000e+03	 -7,11394e-02	 -1,96436e-01
4378	  8,7540000000e+03	 -7,05899e-02	 -1,96766e-01
4379	  8,7560000000e+03	 -6,99996e-02	 -1,97137e-01
4380	  8,7580000000e+03	 -6,94757e-02	 -1,97471e-01
4381	  8,7600000000e+03	 -6,76254e-02	 -2,00652e-01
4382	  8,7620000000e+03	 -6,98786e-02	 -2,00884e-01
4383	  8,7640000000e+03	 -7,19414e-02	 -2,00146e-01
4384	  8,7660000000e+03	 -7,21879e-02	 -2,01945e-01
4385	  8,7680000000e+03	 -7,51599e-02	 -2,01026e-01
4386	  8,7700000000e+03	 -7,88660e-02	 -2,02119e-01
4387	  8,7720000000e+03	 -7,83130e-02	 -2,05178e-01
4388	  8,7740000000e+03	 -7,66414e-02	 -2,03504e-01
4389	  8,7760000000e+03	 -8,06882e-02	 -2,07301e-01
4390	  8,7780000000e+03	 -8,09461e-02	 -2,07422e-01
4391	  8,7800000000e+03	 -8,17469e-02	 -2,06249e-01
4392	  8,7820000000e+03	 -8,31778e-02	 -2,05889e-01
4393	  8,7840000000e+03	 -8,65342e-02	 -2,07534e-01
4394	  8,7860000000e+03	 -8,84999e-02	 -2,11532e-01
4395	  8,7880000000e+03	 -8,91343e-02	 -2,09626e-01
4396	  8,7900000000e+03	 -8,87817e-02	 -2,08923e-01
4397	  8,7920000000e+03	 -9,12661e-02	 -2,08760e-01
4398	  8,7940000000e+03	 -9,18439e-02	 -2,09058e-01
4399	  8,7960000000e+03	 -9,34394e-02	 -2,07554e-01
4400	  8,7980000000e+03	 -9,75070e-02	 -2,08808e-01
4401	  8,8000000000e+03	 -9,75150e-02	 -2,11001e-01
4402	  8,8020000000e+03	 -9,55144e-02	 -2,10307e-01
4403	  8,8040000000e+03	 -9,78863e-02	 -2,11089e-01
4404	  8,8060000000e+03	 -1,00663e-01	 -2,08043e-01
4405	  8,8080000000e+03	 -1,01842e-01	 -2,05578e-01
4406	  8,8100000000e+03	 -1,01280e-01	 -2,03910e-01
4407	  8,8120000000e+03	 -1,01047e-01	 -2,05829e-01
4408	  8,8140000000e+03	 -1,03571e-01	 -2,07367e-01
4409	  8,8160000000e+03	 -1,04949e-01	 -2,09755e-01
4410	  8,8180000000e+03	 -1,06770e-01	 -2,07691e-01
4411	  8,8200000000e+03	 -1,05934e-01	 -2,10633e-01
4412	  8,8220000000e+03	 -1,08430e-01	 -2,09055e-01
4413	  8,8240000000e+03	 -1,07287e-01	 -2,09328e-01
4414	  8,8260000000e+03	 -1,09234e-01	 -2,09291e-01
4415	  8,8280000000e+03	 -1,14058e-01	 -2,07864e-01
4416	  8,8300000000e+03	 -1,14642e-01	 -2,11433e-01
4417	  8,8320000000e+03	 -1,15241e-01	 -2,13816e-01
4418	  8,8340000000e+03	 -1,15267e-01	 -2,10618e-01
4419	  8,8360000000e+03	 -1,18559e-01	 -2,08778e-01
4420	  8,8380000000e+03	 -1,20864e-01	 -2,08389e-01
4421	  8,8400000000e+03	 -1,23508e-01	 -2,04777e-01
4422	  8,8420000000e+03	 -1,23676e-01	 -2,03833e-01
4423	  8,8440000000e+03	 -1,26172e-01	 -2,05817e-01
4424	  8,8460000000e+03	 -1,28045e-01	 -2,09286e-01
4425	  8,8480000000e+03	 -1,26392e-01	 -2,05279e-01
4426	  8,8500000000e+03	 -1,24180e-01	 -2,03745e-01
4427	  8,8520000000e+03	 -1,28871e-01	 -2,06535e-01
4428	  8,8540000000e+03	 -1,34170e-01	 -2,05159e-01
4429	  8,8560000000e+03	 -1,34832e-01	 -1,99317e-01
4430	  8,8580000000e+03	 -1,31442e-01	 -1,98584e-01
4431	  8,8600000000e+03	 -1,32814e-01	 -2,02466e-01
4432	  8,8620000000e+03	 -1,35023e-01	 -2,00124e-01
4433	  8,8640000000e+03	 -1,38276e-01	 -1,99001e-01
4434	  8,8660000000e+03	 -1,41170e-01	 -1,97635e-01
4435	  8,8680000000e+03	 -1,38259e-01	 -1,95830e-01
4436	  8,8700000000e+03	 -1,38613e-01	 -1,97427e-01
4437	  8,8720000000e+03	 -1,37741e-01	 -1,96740e-01
4438	  8,8740000000e+03	 -1,38482e-01	 -1,96985e-01
4439	  8,8760000000e+03	 -1,39837e-01	 -1,96054e-01
4440	  8,8780000000e+03	 -1,43221e-01	 -1,93836e-01
4441	  8,8800000000e+03	 -1,42425e-01	 -1,92273e-01
4442	  8,8820000000e+03	 -1,39848e-01	 -1,90179e-01
4443	  8,8840000000e+03	 -1,40463e-01	 -1,89288e-01
4444	  8,8860000000e+03	 -1,40402e-01	 -1,90972e-01
4445	  8,8880000000e+03	 -1,40211e-01	 -1,87361e-01
4446	  8,8900000000e+03	 -1,39760e-01	 -1,84865e-01
4447	  8,8920000000e+03	 -1,41757e-01	 -1,85754e-01
4448	  8,8940000000e+03	 -1,43564e-01	 -1,83157e-01
4449	  8,8960000000e+03	 -1,43822e-01	 -1,83785e-01
4450	  8,8980000000e+03	 -1,43243e-01	 -1,83253e-01
4451	  8,9000000000e+03	 -1,48209e-01	 -1,82829e-01
4452	  8,9020000000e+03	 -1,48547e-01	 -1,80818e-01
4453	  8,9040000000e+03	 -1,45778e-01	 -1,77727e-01
4454	  8,9060000000e+03	 -1,42198e-01	 -1,77552e-01
4455	  8,9080000000e+03	 -1,42963e-01	 -1,78321e-01
4456	  8,9100000000e+03	 -1,41339e-01	 -1,79224e-01
4457	  8,9120000000e+03	 -1,40694e-01	 -1,79156e-01
4458	  8,9140000000e+03	 -1,41278e-01	 -1,79138e-01
4459	  8,9160000000e+03	 -1,42602e-01	 -1,75918e-01
4460	  8,9180000000e+03	 -1,38588e-01	 -1,72064e-01
4461	  8,9200000000e+03	 -1,40046e-01	 -1,74024e-01
4462	  8,9220000000e+03	 -1,38472e-01	 -1,75804e-01
4463	  8,9240000000e+03	 -1,38124e-01	 -1,75424e-01
4464	  8,9260000000e+03	 -1,40532e-01	 -1,76670e-01
4465	  8,9280000000e+03	 -1,39639e-01	 -1,71756e-01
4466	  8,9300000000e+03	 -1,39993e-01	 -1,71352e-01
4467	  8,9320000000e+03	 -1,39121e-01	 -1,73867e-01
4468	  8,9340000000e+03	 -1,36926e-01	 -1,73760e-01
4469	  8,9360000000e+03	 -1,34537e-01	 -1,74509e-01
4470	  8,9380000000e+03	 -1,36151e-01	 -1,74310e-01
4471	  8,9400000000e+03	 -1,36113e-01	 -1,75459e-01
4472	  8,9420000000e+03	 -1,35964e-01	 -1,77888e-01
4473	  8,9440000000e+03	 -1,37739e-01	 -1,77096e-01
4474	  8,9460000000e+03	 -1,38687e-01	 -1,74459e-01
4475	  8,9480000000e+03	 -1,37655e-01	 -1,73253e-01
4476	  8,9500000000e+03	 -1,36944e-01	 -1,74417e-01
4477	  8,9520000000e+03	 -1,36151e-01	 -1,77486e-01
4478	  8,9540000000e+03	 -1,37715e-01	 -1,76248e-01
4479	  8,9560000000e+03	 -1,40823e-01	 -1,75426e-01
4480	  8,9580000000e+03	 -1,39591e-01	 -1,76097e-01
4481	  8,9600000000e+03	 -1,36642e-01	 -1,80763e-01
4482	  8,9620000000e+03	 -1,35749e-01	 -1,81353e-01
4483	  8,9640000000e+03	 -1,36614e-01	 -1,80903e-01
4484	  8,9660000000e+03	 -1,36553e-01	 -1,81611e-01
4485	  8,9680000000e+03	 -1,35260e-01	 -1,82770e-01
4486	  8,9700000000e+03	 -1,36735e-01	 -1,81240e-01
4487	  8,9720000000e+03	 -1,39460e-01	 -1,83539e-01
4488	  8,9740000000e+03	 -1,37998e-01	 -1,84835e-01
4489	  8,9760000000e+03	 -1,35559e-01	 -1,84174e-01
4490	  8,9780000000e+03	 -1,36397e-01	 -1,85915e-01
4491	  8,9800000000e+03	 -1,39710e-01	 -1,83993e-01
4492	  8,9820000000e+03	 -1,41225e-01	 -1,79876e-01
4493	  8,9840000000e+03	 -1,43265e-01	 -1,80619e-01
4494	  8,9860000000e+03	 -1,44690e-01	 -1,81913e-01
4495	  8,9880000000e+03	 -1,43618e-01	 -1,86136e-01
4496	  8,9900000000e+03	 -1,43170e-01	 -1,85491e-01
4497	  8,9920000000e+03	 -1,40694e-01	 -1,87211e-01
4498	  8,9940000000e+03	 -1,39522e-01	 -1,85868e-01
4499	  8,9960000000e+03	 -1,42865e-01	 -1,82806e-01
4500	  8,9980000000e+03	 -1,45044e-01	 -1,84420e-01
4501	  9,0000000000e+03	 -1,44350e-01	 -1,87019e-01
4502	  9,0020000000e+03	 -1,45141e-01	 -1,85352e-01
4503	  9,0040000000e+03	 -1,45831e-01	 -1,86565e-01
4504	  9,0060000000e+03	 -1,45666e-01	 -1,88630e-01
4505	  9,0080000000e+03	 -1,45315e-01	 -1,89873e-01
4506	  9,0100000000e+03	 -1,48469e-01	 -1,87385e-01
4507	  9,0120000000e+03	 -1,47595e-01	 -1,87407e-01
4508	  9,0140000000e+03	 -1,47903e-01	 -1,88892e-01
4509	  9,0160000000e+03	 -1,48567e-01	 -1,91098e-01
4510	  9,0180000000e+03	 -1,47827e-01	 -1,89298e-01
4511	  9,0200000000e+03	 -1,47700e-01	 -1,88603e-01
4512	  9,0220000000e+03	 -1,45931e-01	 -1,91736e-01
4513	  9,0240000000e+03	 -1,48160e-01	 -1,94047e-01
4514	  9,0260000000e+03	 -1,52844e-01	 -1,94896e-01
4515	  9,0280000000e+03	 -1,54431e-01	 -1,93635e-01
4516	  9,0300000000e+03	 -1,53333e-01	 -1,96911e-01
4517	  9,0320000000e+03	 -1,53322e-01	 -1,98345e-01
4518	  9,0340000000e+03	 -1,55227e-01	 -1,98061e-01
4519	  9,0360000000e+03	 -1,56583e-01	 -1,96776e-01
4520	  9,0380000000e+03	 -1,57879e-01	 -1,98865e-01
4521	  9,0400000000e+03	 -1,60689e-01	 -1,98001e-01
4522	  9,0420000000e+03	 -1,61207e-01	 -1,98308e-01
4523	  9,0440000000e+03	 -1,60726e-01	 -1,96160e-01
4524	  9,0460000000e+03	 -1,61562e-01	 -1,97332e-01
4525	  9,0480000000e+03	 -1,62828e-01	 -1,97213e-01
4526	  9,0500000000e+03	 -1,59713e-01	 -1,99095e-01
4527	  9,0520000000e+03	 -1,61641e-01	 -2,01723e-01
4528	  9,0540000000e+03	 -1,62096e-01	 -2,00264e-01
4529	  9,0560000000e+03	 -1,59421e-01	 -2,02053e-01
4530	  9,0580000000e+03	 -1,63514e-01	 -2,03787e-01
4531	  9,0600000000e+03	 -1,67491e-01	 -2,01471e-01
4532	  9,0620000000e+03	 -1,66656e-01	 -2,00439e-01
4533	  9,0640000000e+03	 -1,66045e-01	 -2,01920e-01
4534	  9,0660000000e+03	 -1,68739e-01	 -2,05233e-01
4535	  9,0680000000e+03	 -1,72282e-01	 -2,02100e-01
4536	  9,0700000000e+03	 -1,71399e-01	 -2,00363e-01
4537	  9,0720000000e+03	 -1,73335e-01	 -2,02281e-01
4538	  9,0740000000e+03	 -1,74983e-01	 -2,08981e-01
4539	  9,0760000000e+03	 -1,74919e-01	 -2,09001e-01
4540	  9,0780000000e+03	 -1,74051e-01	 -2,05060e-01
4541	  9,0800000000e+03	 -1,79991e-01	 -2,03071e-01
4542	  9,0820000000e+03	 -1,83369e-01	 -2,03789e-01
4543	  9,0840000000e+03	 -1,80414e-01	 -2,07409e-01
4544	  9,0860000000e+03	 -1,79340e-01	 -2,05256e-01
4545	  9,0880000000e+03	 -1,79177e-01	 -2,03348e-01
4546	  9,0900000000e+03	 -1,82966e-01	 -2,05373e-01
4547	  9,0920000000e+03	 -1,81889e-01	 -2,09050e-01
4548	  9,0940000000e+03	 -1,81189e-01	 -2,09830e-01
4549	  9,0960000000e+03	 -1,83488e-01	 -2,07662e-01
4550	  9,0980000000e+03	 -1,85681e-01	 -2,06989e-01
4551	  9,1000000000e+03	 -1,84564e-01	 -2,05806e-01
4552	  9,1020000000e+03	 -1,87490e-01	 -2,09533e-01
4553	  9,1040000000e+03	 -1,91591e-01	 -2,11703e-01
4554	  9,1060000000e+03	 -1,91936e-01	 -2,11514e-01
4555	  9,1080000000e+03	 -1,91834e-01	 -2,13044e-01
4556	  9,1100000000e+03	 -1,99318e-01	 -2,16175e-01
4557	  9,1120000000e+03	 -2,00186e-01	 -2,14825e-01
4558	  9,1140000000e+03	 -2,00290e-01	 -2,14060e-01
4559	  9,1160000000e+03	 -2,02361e-01	 -2,11671e-01
4560	  9,1180000000e+03	 -2,02201e-01	 -2,10624e-01
4561	  9,1200000000e+03	 -2,01617e-01	 -2,12535e-01
4562	  9,1220000000e+03	 -2,06042e-01	 -2,15403e-01
4563	  9,1240000000e+03	 -2,08819e-01	 -2,15237e-01
4564	  9,1260000000e+03	 -2,07023e-01	 -2,16059e-01
4565	  9,1280000000e+03	 -2,06240e-01	 -2,16416e-01
4566	  9,1300000000e+03	 -2,12322e-01	 -2,18094e-01
4567	  9,1320000000e+03	 -2,14317e-01	 -2,20273e-01
4568	  9,1340000000e+03	 -2,16255e-01	 -2,16376e-01
4569	  9,1360000000e+03	 -2,17253e-01	 -2,16650e-01
4570	  9,1380000000e+03	 -2,20155e-01	 -2,14767e-01
4571	  9,1400000000e+03	 -2,23457e-01	 -2,14396e-01
4572	  9,1420000000e+03	 -2,26493e-01	 -2,13796e-01
4573	  9,1440000000e+03	 -2,28446e-01	 -2,16418e-01
4574	  9,1460000000e+03	 -2,28158e-01	 -2,11404e-01
4575	  9,1480000000e+03	 -2,30058e-01	 -2,13172e-01
4576	  9,1500000000e+03	 -2,32618e-01	 -2,18205e-01
4577	  9,1520000000e+03	 -2,32338e-01	 -2,16659e-01
4578	  9,1540000000e+03	 -2,36313e-01	 -2,14233e-01
4579	  9,1560000000e+03	 -2,37616e-01	 -2,13469e-01
4580	  9,1580000000e+03	 -2,38876e-01	 -2,16172e-01
4581	  9,1600000000e+03	 -2,39604e-01	 -2,11748e-01
4582	  9,1620000000e+03	 -2,41740e-01	 -2,10147e-01
4583	  9,1640000000e+03	 -2,43209e-01	 -2,09465e-01
4584	  9,1660000000e+03	 -2,44747e-01	 -2,11135e-01
4585	  9,1680000000e+03	 -2,46331e-01	 -2,10915e-01
4586	  9,1700000000e+03	 -2,49985e-01	 -2,10225e-01
4587	  9,1720000000e+03	 -2,54981e-01	 -2,12206e-01
4588	  9,1740000000e+03	 -2,56152e-01	 -2,10867e-01
4589	  9,1760000000e+03	 -2,53860e-01	 -2,08464e-01
4590	  9,1780000000e+03	 -2,55341e-01	 -2,09808e-01
4591	  9,1800000000e+03	 -2,58102e-01	 -2,10612e-01
4592	  9,1820000000e+03	 -2,60770e-01	 -2,09962e-01
4593	  9,1840000000e+03	 -2,63173e-01	 -2,08265e-01
4594	  9,1860000000e+03	 -2,61970e-01	 -2,06814e-01
4595	  9,1880000000e+03	 -2,62908e-01	 -2,06909e-01
4596	  9,1900000000e+03	 -2,65554e-01	 -2,06634e-01
4597	  9,1920000000e+03	 -2,69642e-01	 -2,07301e-01
4598	  9,1940000000e+03	 -2,72122e-01	 -2,05338e-01
4599	  9,1960000000e+03	 -2,74205e-01	 -2,02645e-01
4600	  9,1980000000e+03	 -2,76155e-01	 -2,03303e-01
4601	  9,2000000000e+03	 -2,79324e-01	 -2,04091e-01
4602	  9,2020000000e+03	 -2,81643e-01	 -2,02330e-01
4603	  9,2040000000e+03	 -2,81292e-01	 -1,99482e-01
4604	  9,2060000000e+03	 -2,83621e-01	 -1,98876e-01
4605	  9,2080000000e+03	 -2,82503e-01	 -1,96374e-01
4606	  9,2100000000e+03	 -2,84293e-01	 -1,94177e-01
4607	  9,2120000000e+03	 -2,87028e-01	 -1,95359e-01
4608	  9,2140000000e+03	 -2,89976e-01	 -1,97695e-01
4609	  9,2160000000e+03	 -2,90234e-01	 -1,95933e-01
4610	  9,2180000000e+03	 -2,93140e-01	 -1,93512e-01
4611	  9,2200000000e+03	 -2,97113e-01	 -1,96334e-01
4612	  9,2220000000e+03	 -2,96665e-01	 -1,89852e-01
4613	  9,2240000000e+03	 -2,97409e-01	 -1,88925e-01
4614	  9,2260000000e+03	 -2,99357e-01	 -1,91044e-01
4615	  9,2280000000e+03	 -2,99800e-01	 -1,88461e-01
4616	  9,2300000000e+03	 -3,04420e-01	 -1,86422e-01
4617	  9,2320000000e+03	 -3,07276e-01	 -1,88634e-01
4618	  9,2340000000e+03	 -3,07972e-01	 -1,89275e-01
4619	  9,2360000000e+03	 -3,08429e-01	 -1,85191e-01
4620	  9,2380000000e+03	 -3,10623e-01	 -1,85516e-01
4621	  9,2400000000e+03	 -3,13288e-01	 -1,81071e-01
4622	  9,2420000000e+03	 -3,15106e-01	 -1,80347e-01
4623	  9,2440000000e+03	 -3,17184e-01	 -1,80163e-01
4624	  9,2460000000e+03	 -3,20421e-01	 -1,80768e-01
4625	  9,2480000000e+03	 -3,24837e-01	 -1,77832e-01
4626	  9,2500000000e+03	 -3,26617e-01	 -1,77719e-01
4627	  9,2520000000e+03	 -3,25800e-01	 -1,79939e-01
4628	  9,2540000000e+03	 -3,29617e-01	 -1,77322e-01
4629	  9,2560000000e+03	 -3,37206e-01	 -1,74756e-01
4630	  9,2580000000e+03	 -3,39157e-01	 -1,73437e-01
4631	  9,2600000000e+03	 -3,37593e-01	 -1,70251e-01
4632	  9,2620000000e+03	 -3,39222e-01	 -1,69055e-01
4633	  9,2640000000e+03	 -3,41233e-01	 -1,64238e-01
4634	  9,2660000000e+03	 -3,40211e-01	 -1,62653e-01
4635	  9,2680000000e+03	 -3,43653e-01	 -1,61230e-01
4636	  9,2700000000e+03	 -3,44969e-01	 -1,60981e-01
4637	  9,2720000000e+03	 -3,44138e-01	 -1,60498e-01
4638	  9,2740000000e+03	 -3,45637e-01	 -1,61096e-01
4639	  9,2760000000e+03	 -3,50555e-01	 -1,61445e-01
4640	  9,2780000000e+03	 -3,50405e-01	 -1,54178e-01
4641	  9,2800000000e+03	 -3,50302e-01	 -1,54611e-01
4642	  9,2820000000e+03	 -3,51090e-01	 -1,52935e-01
4643	  9,2840000000e+03	 -3,54223e-01	 -1,46705e-01
4644	  9,2860000000e+03	 -3,56060e-01	 -1,46264e-01
4645	  9,2880000000e+03	 -3,59024e-01	 -1,48795e-01
4646	  9,2900000000e+03	 -3,61342e-01	 -1,44711e-01
4647	  9,2920000000e+03	 -3,64603e-01	 -1,42840e-01
4648	  9,2940000000e+03	 -3,64915e-01	 -1,45055e-01
4649	  9,2960000000e+03	 -3,64554e-01	 -1,41971e-01
4650	  9,2980000000e+03	 -3,64184e-01	 -1,38681e-01
4651	  9,3000000000e+03	 -3,65238e-01	 -1,36115e-01
4652	  9,3020000000e+03	 -3,67931e-01	 -1,35379e-01
4653	  9,3040000000e+03	 -3,68621e-01	 -1,33042e-01
4654	  9,3060000000e+03	 -3,69119e-01	 -1,34212e-01
4655	  9,3080000000e+03	 -3,74017e-01	 -1,33585e-01
4656	  9,3100000000e+03	 -3,75478e-01	 -1,28387e-01
4657	  9,3120000000e+03	 -3,74774e-01	 -1,25236e-01
4658	  9,3140000000e+03	 -3,74189e-01	 -1,25014e-01
4659	  9,3160000000e+03	 -3,76856e-01	 -1,22757e-01
4660	  9,3180000000e+03	 -3,81872e-01	 -1,19168e-01
4661	  9,3200000000e+03	 -3,83778e-01	 -1,18107e-01
4662	  9,3220000000e+03	 -3,84708e-01	 -1,16176e-01
4663	  9,3240000000e+03	 -3,87577e-01	 -1,17038e-01
4664	  9,3260000000e+03	 -3,91326e-01	 -1,15781e-01
4665	  9,3280000000e+03	 -3,91538e-01	 -1,14497e-01
4666	  9,3300000000e+03	 -3,93043e-01	 -1,11465e-01
4667	  9,3320000000e+03	 -3,96861e-01	 -1,10125e-01
4668	  9,3340000000e+03	 -3,99007e-01	 -1,11705e-01
4669	  9,3360000000e+03	 -4,00093e-01	 -1,06803e-01
4670	  9,3380000000e+03	 -4,01027e-01	 -1,01698e-01
4671	  9,3400000000e+03	 -4,04478e-01	 -9,93054e-02
4672	  9,3420000000e+03	 -4,06376e-01	 -9,43507e-02
4673	  9,3440000000e+03	 -4,08882e-01	 -9,20008e-02
4674	  9,3460000000e+03	 -4,09069e-01	 -8,99684e-02
4675	  9,3480000000e+03	 -4,09117e-01	 -8,97833e-02
4676	  9,3500000000e+03	 -4,11415e-01	 -8,68987e-02
4677	  9,3520000000e+03	 -4,15885e-01	 -8,38726e-02
4678	  9,3540000000e+03	 -4,18706e-01	 -8,14579e-02
4679	  9,3560000000e+03	 -4,18383e-01	 -7,59886e-02
4680	  9,3580000000e+03	 -4,18913e-01	 -7,15924e-02
4681	  9,3600000000e+03	 -4,15866e-01	 -7,20456e-02
4682	  9,3620000000e+03	 -4,18087e-01	 -7,05784e-02
4683	  9,3640000000e+03	 -4,19808e-01	 -6,62380e-02
4684	  9,3660000000e+03	 -4,21695e-01	 -6,37951e-02
4685	  9,3680000000e+03	 -4,21599e-01	 -6,10534e-02
4686	  9,3700000000e+03	 -4,23390e-01	 -5,51898e-02
4687	  9,3720000000e+03	 -4,26116e-01	 -5,22207e-02
4688	  9,3740000000e+03	 -4,26804e-01	 -4,94022e-02
4689	  9,3760000000e+03	 -4,25251e-01	 -4,48846e-02
4690	  9,3780000000e+03	 -4,28092e-01	 -4,24980e-02
4691	  9,3800000000e+03	 -4,32099e-01	 -3,83767e-02
4692	  9,3820000000e+03	 -4,29493e-01	 -3,46047e-02
4693	  9,3840000000e+03	 -4,30557e-01	 -3,38288e-02
4694	  9,3860000000e+03	 -4,29635e-01	 -3,13049e-02
4695	  9,3880000000e+03	 -4,32128e-01	 -2,98326e-02
4696	  9,3900000000e+03	 -4,32133e-01	 -2,55455e-02
4697	  9,3920000000e+03	 -4,31282e-01	 -2,30363e-02
4698	  9,3940000000e+03	 -4,31672e-01	 -2,10343e-02
4699	  9,3960000000e+03	 -4,31498e-01	 -1,76317e-02
4700	  9,3980000000e+03	 -4,30729e-01	 -1,38205e-02
4701	  9,4000000000e+03	 -4,31837e-01	 -9,43476e-03
4702	  9,4020000000e+03	 -4,33162e-01	 -5,97127e-03
4703	  9,4040000000e+03	 -4,33192e-01	 -4,91947e-03
4704	  9,4060000000e+03	 -4,36332e-01	 -1,73913e-03
4705	  9,4080000000e+03	 -4,37595e-01	  2,03005e-04
4706	  9,4100000000e+03	 -4,37917e-01	  2,99577e-03
4707	  9,4120000000e+03	 -4,36142e-01	  6,45007e-03
4708	  9,4140000000e+03	 -4,38338e-01	  9,28823e-03
4709	  9,4160000000e+03	 -4,40219e-01	  1,16396e-02
4710	  9,4180000000e+03	 -4,36541e-01	  1,33197e-02
4711	  9,4200000000e+03	 -4,35944e-01	  1,96149e-02
4712	  9,4220000000e+03	 -4,38405e-01	  1,97315e-02
4713	  9,4240000000e+03	 -4,38432e-01	  2,28041e-02
4714	  9,4260000000e+03	 -4,37498e-01	  2,84675e-02
4715	  9,4280000000e+03	 -4,36929e-01	  3,11117e-02
4716	  9,4300000000e+03	 -4,39517e-01	  3,62002e-02
4717	  9,4320000000e+03	 -4,40920e-01	  3,67182e-02
4718	  9,4340000000e+03	 -4,40830e-01	  4,04647e-02
4719	  9,4360000000e+03	 -4,39780e-01	  4,35009e-02
4720	  9,4380000000e+03	 -4,36365e-01	  4,59656e-02
4721	  9,4400000000e+03	 -4,36738e-01	  5,12697e-02
4722	  9,4420000000e+03	 -4,37672e-01	  5,43420e-02
4723	  9,4440000000e+03	 -4,35672e-01	  5,76021e-02
4724	  9,4460000000e+03	 -4,34541e-01	  5,83474e-02
4725	  9,4480000000e+03	 -4,36441e-01	  5,86168e-02
4726	  9,4500000000e+03	 -4,37553e-01	  5,99542e-02
4727	  9,4520000000e+03	 -4,37039e-01	  6,38054e-02
4728	  9,4540000000e+03	 -4,37537e-01	  6,86896e-02
4729	  9,4560000000e+03	 -4,38960e-01	  7,74269e-02
4730	  9,4580000000e+03	 -4,37741e-01	  7,95584e-02
4731	  9,4600000000e+03	 -4,36460e-01	  8,13319e-02
4732	  9,4620000000e+03	 -4,35430e-01	  8,55247e-02
4733	  9,4640000000e+03	 -4,37138e-01	  8,84994e-02
4734	  9,4660000000e+03	 -4,35716e-01	  9,00987e-02
4735	  9,4680000000e+03	 -4,35597e-01	  9,13515e-02
4736	  9,4700000000e+03	 -4,35847e-01	  9,53669e-02
4737	  9,4720000000e+03	 -4,35240e-01	  1,02336e-01
4738	  9,4740000000e+03	 -4,33494e-01	  1,03785e-01
4739	  9,4760000000e+03	 -4,34048e-01	  1,05855e-01
4740	  9,4780000000e+03	 -4,33303e-01	  1,05469e-01
4741	  9,4800000000e+03	 -4,32655e-01	  1,10036e-01
4742	  9,4820000000e+03	 -4,32636e-01	  1,14281e-01
4743	  9,4840000000e+03	 -4,32588e-01	  1,16213e-01
4744	  9,4860000000e+03	 -4,31783e-01	  1,20014e-01
4745	  9,4880000000e+03	 -4,31514e-01	  1,24274e-01
4746	  9,4900000000e+03	 -4,32449e-01	  1,28965e-01
4747	  9,4920000000e+03	 -4,29258e-01	  1,30989e-01
4748	  9,4940000000e+03	 -4,24614e-01	  1,32896e-01
4749	  9,4960000000e+03	 -4,27372e-01	  1,37029e-01
4750	  9,4980000000e+03	 -4,26595e-01	  1,40576e-01
4751	  9,5000000000e+03	 -4,27269e-01	  1,41913e-01
4752	  9,5020000000e+03	 -4,26966e-01	  1,46961e-01
4753	  9,5040000000e+03	 -4,25135e-01	  1,50695e-01
4754	  9,5060000000e+03	 -4,25899e-01	  1,51145e-01
4755	  9,5080000000e+03	 -4,28950e-01	  1,54319e-01
4756	  9,5100000000e+03	 -4,25046e-01	  1,61348e-01
4757	  9,5120000000e+03	 -4,22942e-01	  1,62511e-01
4758	  9,5140000000e+03	 -4,25362e-01	  1,63773e-01
4759	  9,5160000000e+03	 -4,24409e-01	  1,65108e-01
4760	  9,5180000000e+03	 -4,19174e-01	  1,71440e-01
4761	  9,5200000000e+03	 -4,17211e-01	  1,74849e-01
4762	  9,5220000000e+03	 -4,18818e-01	  1,80607e-01
4763	  9,5240000000e+03	 -4,15250e-01	  1,85738e-01
4764	  9,5260000000e+03	 -4,13434e-01	  1,89793e-01
4765	  9,5280000000e+03	 -4,13715e-01	  1,91978e-01
4766	  9,5300000000e+03	 -4,13480e-01	  1,96636e-01
4767	  9,5320000000e+03	 -4,12996e-01	  1,97842e-01
4768	  9,5340000000e+03	 -4,12069e-01	  1,98743e-01
4769	  9,5360000000e+03	 -4,11548e-01	  2,02961e-01
4770	  9,5380000000e+03	 -4,04829e-01	  2,10006e-01
4771	  9,5400000000e+03	 -4,04495e-01	  2,14532e-01
4772	  9,5420000000e+03	 -4,03821e-01	  2,14254e-01
4773	  9,5440000000e+03	 -4,00339e-01	  2,17919e-01
4774	  9,5460000000e+03	 -3,95982e-01	  2,23473e-01
4775	  9,5480000000e+03	 -3,95243e-01	  2,27047e-01
4776	  9,5500000000e+03	 -3,92892e-01	  2,27157e-01
4777	  9,5520000000e+03	 -3,90428e-01	  2,29710e-01
4778	  9,5540000000e+03	 -3,87266e-01	  2,33916e-01
4779	  9,5560000000e+03	 -3,89697e-01	  2,37773e-01
4780	  9,5580000000e+03	 -3,90947e-01	  2,38746e-01
4781	  9,5600000000e+03	 -3,84805e-01	  2,42495e-01
4782	  9,5620000000e+03	 -3,80908e-01	  2,47558e-01
4783	  9,5640000000e+03	 -3,80263e-01	  2,48258e-01
4784	  9,5660000000e+03	 -3,79514e-01	  2,51092e-01
4785	  9,5680000000e+03	 -3,77855e-01	  2,54413e-01
4786	  9,5700000000e+03	 -3,73801e-01	  2,57543e-01
4787	  9,5720000000e+03	 -3,70977e-01	  2,60827e-01
4788	  9,5740000000e+03	 -3,72213e-01	  2,64439e-01
4789	  9,5760000000e+03	 -3,70944e-01	  2,68861e-01
4790	  9,5780000000e+03	 -3,65767e-01	  2,68844e-01
4791	  9,5800000000e+03	 -3,64330e-01	  2,71055e-01
4792	  9,5820000000e+03	 -3,66449e-01	  2,73556e-01
4793	  9,5840000000e+03	 -3,64005e-01	  2,78164e-01
4794	  9,5860000000e+03	 -3,64171e-01	  2,84217e-01
4795	  9,5880000000e+03	 -3,58558e-01	  2,85706e-01
4796	  9,5900000000e+03	 -3,56831e-01	  2,89986e-01
4797	  9,5920000000e+03	 -3,55536e-01	  2,94117e-01
4798	  9,5940000000e+03	 -3,48792e-01	  2,98206e-01
4799	  9,5960000000e+03	 -3,46894e-01	  3,03232e-01
4800	  9,5980000000e+03	 -3,46510e-01	  3,09029e-01
4801	  9,6000000000e+03	 -3,41444e-01	  3,11368e-01
4802	  9,6020000000e+03	 -3,33913e-01	  3,11529e-01
4803	  9,6040000000e+03	 -3,31455e-01	  3,16044e-01
4804	  9,6060000000e+03	 -3,31866e-01	  3,17626e-01
4805	  9,6080000000e+03	 -3,29739e-01	  3,20151e-01
4806	  9,6100000000e+03	 -3,27258e-01	  3,20938e-01
4807	  9,6120000000e+03	 -3,20344e-01	  3,25891e-01
4808	  9,6140000000e+03	 -3,16979e-01	  3,27960e-01
4809	  9,6160000000e+03	 -3,15707e-01	  3,29383e-01
4810	  9,6180000000e+03	 -3,10715e-01	  3,33753e-01
4811	  9,6200000000e+03	 -3,04416e-01	  3,39223e-01
4812	  9,6220000000e+03	 -3,05088e-01	  3,42292e-01
4813	  9,6240000000e+03	 -3,01832e-01	  3,40366e-01
4814	  9,6260000000e+03	 -2,95505e-01	  3,40626e-01
4815	  9,6280000000e+03	 -2,92373e-01	  3,44570e-01
4816	  9,6300000000e+03	 -2,90545e-01	  3,48051e-01
4817	  9,6320000000e+03	 -2,83462e-01	  3,53051e-01
4818	  9,6340000000e+03	 -2,78738e-01	  3,55870e-01
4819	  9,6360000000e+03	 -2,75766e-01	  3,56842e-01
4820	  9,6380000000e+03	 -2,73217e-01	  3,59402e-01
4821	  9,6400000000e+03	 -2,70921e-01	  3,61126e-01
4822	  9,6420000000e+03	 -2,64071e-01	  3,62323e-01
4823	  9,6440000000e+03	 -2,60883e-01	  3,64787e-01
4824	  9,6460000000e+03	 -2,56857e-01	  3,67134e-01
4825	  9,6480000000e+03	 -2,51300e-01	  3,68358e-01
4826	  9,6500000000e+03	 -2,50190e-01	  3,70787e-01
4827	  9,6520000000e+03	 -2,44823e-01	  3,74802e-01
4828	  9,6540000000e+03	 -2,39051e-01	  3,74366e-01
4829	  9,6560000000e+03	 -2,34135e-01	  3,76428e-01
4830	  9,6580000000e+03	 -2,35018e-01	  3,79055e-01
4831	  9,6600000000e+03	 -2,31995e-01	  3,79676e-01
4832	  9,6620000000e+03	 -2,25154e-01	  3,84243e-01
4833	  9,6640000000e+03	 -2,20962e-01	  3,86640e-01
4834	  9,6660000000e+03	 -2,18670e-01	  3,87536e-01
4835	  9,6680000000e+03	 -2,12732e-01	  3,87968e-01
4836	  9,6700000000e+03	 -2,05644e-01	  3,88150e-01
4837	  9,6720000000e+03	 -1,99396e-01	  3,90824e-01
4838	  9,6740000000e+03	 -1,98426e-01	  3,92056e-01
4839	  9,6760000000e+03	 -1,95065e-01	  3,88983e-01
4840	  9,6780000000e+03	 -1,92479e-01	  3,90452e-01
4841	  9,6800000000e+03	 -1,88032e-01	  3,91892e-01
4842	  9,6820000000e+03	 -1,82028e-01	  3,91108e-01
4843	  9,6840000000e+03	 -1,79307e-01	  3,94458e-01
4844	  9,6860000000e+03	 -1,74799e-01	  3,93166e-01
4845	  9,6880000000e+03	 -1,68355e-01	  3,89848e-01
4846	  9,6900000000e+03	 -1,61450e-01	  3,93571e-01
4847	  9,6920000000e+03	 -1,58845e-01	  3,98247e-01
4848	  9,6940000000e+03	 -1,54267e-01	  3,99511e-01
4849	  9,6960000000e+03	 -1,50134e-01	  3,97327e-01
4850	  9,6980000000e+03	 -1,46806e-01	  3,97520e-01
4851	  9,7000000000e+03	 -1,40733e-01	  4,02282e-01
4852	  9,7020000000e+03	 -1,39227e-01	  4,04835e-01
4853	  9,7040000000e+03	 -1,35409e-01	  4,02946e-01
4854	  9,7060000000e+03	 -1,32276e-01	  4,00465e-01
4855	  9,7080000000e+03	 -1,25723e-01	  3,98567e-01
4856	  9,7100000000e+03	 -1,21465e-01	  4,02319e-01
4857	  9,7120000000e+03	 -1,17638e-01	  4,04511e-01
4858	  9,7140000000e+03	 -1,15490e-01	  4,03814e-01
4859	  9,7160000000e+03	 -1,12054e-01	  4,05412e-01
4860	  9,7180000000e+03	 -1,04925e-01	  4,05786e-01
4861	  9,7200000000e+03	 -9,69425e-02	  4,05370e-01
4862	  9,7220000000e+03	 -9,55150e-02	  4,04154e-01
4863	  9,7240000000e+03	 -9,11430e-02	  4,07901e-01
4864	  9,7260000000e+03	 -8,47508e-02	  4,08648e-01
4865	  9,7280000000e+03	 -8,07084e-02	  4,06891e-01
4866	  9,7300000000e+03	 -7,73859e-02	  4,08565e-01
4867	  9,7320000000e+03	 -7,38193e-02	  4,08219e-01
4868	  9,7340000000e+03	 -6,62151e-02	  4,10226e-01
4869	  9,7360000000e+03	 -6,26349e-02	  4,09820e-01
4870	  9,7380000000e+03	 -5,72477e-02	  4,08936e-01
4871	  9,7400000000e+03	 -5,04567e-02	  4,07833e-01
4872	  9,7420000000e+03	 -4,64047e-02	  4,08476e-01
4873	  9,7440000000e+03	 -3,66774e-02	  4,09053e-01
4874	  9,7460000000e+03	 -2,82125e-02	  4,08226e-01
4875	  9,7480000000e+03	 -2,94609e-02	  4,07728e-01
4876	  9,7500000000e+03	 -2,70843e-02	  4,02859e-01
4877	  9,7520000000e+03	 -1,83843e-02	  4,01618e-01
4878	  9,7540000000e+03	 -1,57331e-02	  4,02808e-01
4879	  9,7560000000e+03	 -1,03859e-02	  4,02904e-01
4880	  9,7580000000e+03	 -6,46360e-03	  4,00719e-01
4881	  9,7600000000e+03	 -2,12927e-03	  3,97696e-01
4882	  9,7620000000e+03	  1,44824e-03	  3,94764e-01
4883	  9,7640000000e+03	  5,49003e-03	  3,91429e-01
4884	  9,7660000000e+03	  1,17473e-02	  3,90717e-01
4885	  9,7680000000e+03	  1,88926e-02	  3,91627e-01
4886	  9,7700000000e+03	  2,13067e-02	  3,90726e-01
4887	  9,7720000000e+03	  2,64240e-02	  3,89387e-01
4888	  9,7740000000e+03	  3,49058e-02	  3,88673e-01
4889	  9,7760000000e+03	  3,80575e-02	  3,87443e-01
4890	  9,7780000000e+03	  4,22273e-02	  3,84445e-01
4891	  9,7800000000e+03	  4,98557e-02	  3,80778e-01
4892	  9,7820000000e+03	  5,17763e-02	  3,80365e-01
4893	  9,7840000000e+03	  5,51198e-02	  3,80710e-01
4894	  9,7860000000e+03	  6,05264e-02	  3,77956e-01
4895	  9,7880000000e+03	  6,78191e-02	  3,74221e-01
4896	  9,7900000000e+03	  7,22023e-02	  3,69865e-01
4897	  9,7920000000e+03	  7,56407e-02	  3,66373e-01
4898	  9,7940000000e+03	  8,16322e-02	  3,66409e-01
4899	  9,7960000000e+03	  8,78483e-02	  3,64713e-01
4900	  9,7980000000e+03	  8,99744e-02	  3,61663e-01
4901	  9,8000000000e+03	  9,32780e-02	  3,58249e-01
4902	  9,8020000000e+03	  9,89929e-02	  3,53911e-01
4903	  9,8040000000e+03	  1,05063e-01	  3,48604e-01
4904	  9,8060000000e+03	  1,08008e-01	  3,48180e-01
4905	  9,8080000000e+03	  1,13150e-01	  3,48176e-01
4906	  9,8100000000e+03	  1,17157e-01	  3,43366e-01
4907	  9,8120000000e+03	  1,17927e-01	  3,36796e-01
4908	  9,8140000000e+03	  1,21593e-01	  3,29242e-01
4909	  9,8160000000e+03	  1,24305e-01	  3,27560e-01
4910	  9,8180000000e+03	  1,29370e-01	  3,25165e-01
4911	  9,8200000000e+03	  1,34756e-01	  3,24016e-01
4912	  9,8220000000e+03	  1,39852e-01	  3,20688e-01
4913	  9,8240000000e+03	  1,43633e-01	  3,13549e-01
4914	  9,8260000000e+03	  1,46373e-01	  3,12975e-01
4915	  9,8280000000e+03	  1,50020e-01	  3,09997e-01
4916	  9,8300000000e+03	  1,54692e-01	  3,04804e-01
4917	  9,8320000000e+03	  1,55847e-01	  3,02056e-01
4918	  9,8340000000e+03	  1,59624e-01	  2,98271e-01
4919	  9,8360000000e+03	  1,65016e-01	  2,94428e-01
4920	  9,8380000000e+03	  1,67113e-01	  2,89793e-01
4921	  9,8400000000e+03	  1,69786e-01	  2,84955e-01
4922	  9,8420000000e+03	  1,74110e-01	  2,84091e-01
4923	  9,8440000000e+03	  1,76261e-01	  2,81879e-01
4924	  9,8460000000e+03	  1,78565e-01	  2,74881e-01
4925	  9,8480000000e+03	  1,80806e-01	  2,69990e-01
4926	  9,8500000000e+03	  1,84098e-01	  2,66270e-01
4927	  9,8520000000e+03	  1,88289e-01	  2,60882e-01
4928	  9,8540000000e+03	  1,93915e-01	  2,57951e-01
4929	  9,8560000000e+03	  1,98912e-01	  2,53598e-01
4930	  9,8580000000e+03	  2,00911e-01	  2,50126e-01
4931	  9,8600000000e+03	  2,00102e-01	  2,49243e-01
4932	  9,8620000000e+03	  2,03731e-01	  2,45885e-01
4933	  9,8640000000e+03	  2,07480e-01	  2,37177e-01
4934	  9,8660000000e+03	  2,08299e-01	  2,33570e-01
4935	  9,8680000000e+03	  2,11167e-01	  2,29505e-01
4936	  9,8700000000e+03	  2,13762e-01	  2,21728e-01
4937	  9,8720000000e+03	  2,14196e-01	  2,19726e-01
4938	  9,8740000000e+03	  2,19821e-01	  2,13781e-01
4939	  9,8760000000e+03	  2,24354e-01	  2,05369e-01
4940	  9,8780000000e+03	  2,28646e-01	  2,02954e-01
4941	  9,8800000000e+03	  2,27314e-01	  1,96888e-01
4942	  9,8820000000e+03	  2,25026e-01	  1,89423e-01
4943	  9,8840000000e+03	  2,26537e-01	  1,86067e-01
4944	  9,8860000000e+03	  2,32532e-01	  1,86795e-01
4945	  9,8880000000e+03	  2,33082e-01	  1,80856e-01
4946	  9,8900000000e+03	  2,33565e-01	  1,76025e-01
4947	  9,8920000000e+03	  2,37492e-01	  1,69461e-01
4948	  9,8940000000e+03	  2,39678e-01	  1,60466e-01
4949	  9,8960000000e+03	  2,43615e-01	  1,56509e-01
4950	  9,8980000000e+03	  2,42362e-01	  1,53937e-01
4951	  9,9000000000e+03	  2,45793e-01	  1,45666e-01
4952	  9,9020000000e+03	  2,43584e-01	  1,40770e-01
4953	  9,9040000000e+03	  2,45177e-01	  1,35640e-01
4954	  9,9060000000e+03	  2,46116e-01	  1,29515e-01
4955	  9,9080000000e+03	  2,44260e-01	  1,22816e-01
4956	  9,9100000000e+03	  2,47098e-01	  1,18160e-01
4957	  9,9120000000e+03	  2,45607e-01	  1,15217e-01
4958	  9,9140000000e+03	  2,42866e-01	  1,09088e-01
4959	  9,9160000000e+03	  2,46744e-01	  1,00915e-01
4960	  9,9180000000e+03	  2,44818e-01	  9,23674e-02
4961	  9,9200000000e+03	  2,44274e-01	  8,62140e-02
4962	  9,9220000000e+03	  2,48000e-01	  8,10757e-02
4963	  9,9240000000e+03	  2,47603e-01	  7,96316e-02
4964	  9,9260000000e+03	  2,44130e-01	  7,38972e-02
4965	  9,9280000000e+03	  2,41882e-01	  6,91925e-02
4966	  9,9300000000e+03	  2,44998e-01	  6,41385e-02
4967	  9,9320000000e+03	  2,45898e-01	  5,79621e-02
4968	  9,9340000000e+03	  2,44307e-01	  5,58948e-02
4969	  9,9360000000e+03	  2,42403e-01	  4,89376e-02
4970	  9,9380000000e+03	  2,41171e-01	  4,34504e-02
4971	  9,9400000000e+03	  2,41155e-01	  3,94984e-02
4972	  9,9420000000e+03	  2,39754e-01	  3,25082e-02
4973	  9,9440000000e+03	  2,40734e-01	  2,51064e-02
4974	  9,9460000000e+03	  2,39995e-01	  2,35484e-02
4975	  9,9480000000e+03	  2,36646e-01	  2,05785e-02
4976	  9,9500000000e+03	  2,33246e-01	  1,36629e-02
4977	  9,9520000000e+03	  2,33792e-01	  8,71745e-03
4978	  9,9540000000e+03	  2,32376e-01	  5,65659e-03
4979	  9,9560000000e+03	  2,29828e-01	  1,15860e-03
4980	  9,9580000000e+03	  2,31672e-01	 -6,58796e-03
4981	  9,9600000000e+03	  2,30138e-01	 -1,04782e-02
4982	  9,9620000000e+03	  2,25994e-01	 -1,69674e-02
4983	  9,9640000000e+03	  2,25032e-01	 -2,13194e-02
4984	  9,9660000000e+03	  2,22819e-01	 -2,77531e-02
4985	  9,9680000000e+03	  2,24289e-01	 -3,17326e-02
4986	  9,9700000000e+03	  2,20660e-01	 -3,30315e-02
4987	  9,9720000000e+03	  2,16003e-01	 -3,54467e-02
4988	  9,9740000000e+03	  2,14186e-01	 -4,24311e-02
4989	  9,9760000000e+03	  2,13223e-01	 -4,53622e-02
4990	  9,9780000000e+03	  2,10264e-01	 -5,27516e-02
4991	  9,9800000000e+03	  2,08447e-01	 -5,91141e-02
4992	  9,9820000000e+03	  2,08774e-01	 -5,90477e-02
4993	  9,9840000000e+03	  2,04048e-01	 -5,93886e-02
4994	  9,9860000000e+03	  1,99813e-01	 -6,95221e-02
4995	  9,9880000000e+03	  2,00400e-01	 -7,15522e-02
4996	  9,9900000000e+03	  2,01041e-01	 -7,38709e-02
4997	  9,9920000000e+03	  1,93952e-01	 -7,90987e-02
4998	  9,9940000000e+03	  1,92307e-01	 -8,39281e-02
4999	  9,9960000000e+03	  1,90986e-01	 -8,65929e-02
5000	  9,9980000000e+03	  1,84052e-01	 -9,16689e-02
5001	  1,0000000000e+04	  1,78159e-01	 -9,36601e-02
5002	  1,0002000000e+04	  1,75986e-01	 -9,75860e-02
5003	  1,0004000000e+04	  1,76862e-01	 -9,97586e-02
5004	  1,0006000000e+04	  1,77708e-01	 -1,04029e-01
5005	  1,0008000000e+04	  1,72147e-01	 -1,12127e-01
5006	  1,0010000000e+04	  1,70076e-01	 -1,16685e-01
5007	  1,0012000000e+04	  1,64092e-01	 -1,18867e-01
5008	  1,0014000000e+04	  1,58008e-01	 -1,21691e-01
5009	  1,0016000000e+04	  1,54187e-01	 -1,25847e-01
5010	  1,0018000000e+04	  1,50225e-01	 -1,28929e-01
5011	  1,0020000000e+04	  1,48004e-01	 -1,27248e-01
5012	  1,0022000000e+04	  1,46295e-01	 -1,32135e-01
5013	  1,0024000000e+04	  1,41472e-01	 -1,36431e-01
5014	  1,0026000000e+04	  1,37649e-01	 -1,40341e-01
5015	  1,0028000000e+04	  1,34953e-01	 -1,44357e-01
5016	  1,0030000000e+04	  1,30558e-01	 -1,47885e-01
5017	  1,0032000000e+04	  1,26396e-01	 -1,47766e-01
5018	  1,0034000000e+04	  1,20705e-01	 -1,48723e-01
5019	  1,0036000000e+04	  1,17601e-01	 -1,50224e-01
5020	  1,0038000000e+04	  1,14943e-01	 -1,51856e-01
5021	  1,0040000000e+04	  1,10654e-01	 -1,55522e-01
5022	  1,0042000000e+04	  1,04702e-01	 -1,58770e-01
5023	  1,0044000000e+04	  9,77635e-02	 -1,55977e-01
5024	  1,0046000000e+04	  9,57095e-02	 -1,58244e-01
5025	  1,0048000000e+04	  9,06513e-02	 -1,62080e-01
5026	  1,0050000000e+04	  8,84537e-02	 -1,61572e-01
5027	  1,0052000000e+04	  8,46225e-02	 -1,64225e-01
5028	  1,0054000000e+04	  8,07805e-02	 -1,68382e-01
5029	  1,0056000000e+04	  7,68277e-02	 -1,67919e-01
5030	  1,0058000000e+04	  7,45688e-02	 -1,68697e-01
5031	  1,0060000000e+04	  7,06452e-02	 -1,69442e-01
5032	  1,0062000000e+04	  6,55898e-02	 -1,68590e-01
5033	  1,0064000000e+04	  6,44927e-02	 -1,70819e-01
5034	  1,0066000000e+04	  6,25524e-02	 -1,70954e-01
5035	  1,0068000000e+04	  5,63253e-02	 -1,69522e-01
5036	  1,0070000000e+04	  5,20901e-02	 -1,73121e-01
5037	  1,0072000000e+04	  4,68542e-02	 -1,77054e-01
5038	  1,0074000000e+04	  4,92302e-02	 -1,74868e-01
5039	  1,0076000000e+04	  4,81572e-02	 -1,72270e-01
5040	  1,0078000000e+04	  3,82133e-02	 -1,74456e-01
5041	  1,0080000000e+04	  3,36655e-02	 -1,77674e-01
5042	  1,0082000000e+04	  3,32118e-02	 -1,80388e-01
5043	  1,0084000000e+04	  2,96851e-02	 -1,84274e-01
5044	  1,0086000000e+04	  2,51535e-02	 -1,79128e-01
5045	  1,0088000000e+04	  2,12720e-02	 -1,78526e-01
5046	  1,0090000000e+04	  1,81980e-02	 -1,82639e-01
5047	  1,0092000000e+04	  1,44322e-02	 -1,83543e-01
5048	  1,0094000000e+04	  9,09568e-03	 -1,84952e-01
5049	  1,0096000000e+04	  9,18873e-04	 -1,85290e-01
5050	  1,0098000000e+04	 -1,13062e-03	 -1,85721e-01
5051	  1,0100000000e+04	 -5,04974e-03	 -1,83110e-01
5052	  1,0102000000e+04	 -7,65028e-03	 -1,81893e-01
5053	  1,0104000000e+04	 -1,19495e-02	 -1,83466e-01
5054	  1,0106000000e+04	 -1,69882e-02	 -1,84837e-01
5055	  1,0108000000e+04	 -2,08551e-02	 -1,81513e-01
5056	  1,0110000000e+04	 -2,17258e-02	 -1,79992e-01
5057	  1,0112000000e+04	 -2,57070e-02	 -1,78765e-01
5058	  1,0114000000e+04	 -3,00259e-02	 -1,76820e-01
5059	  1,0116000000e+04	 -3,39448e-02	 -1,76156e-01
5060	  1,0118000000e+04	 -3,65141e-02	 -1,74223e-01
5061	  1,0120000000e+04	 -3,50218e-02	 -1,72142e-01
5062	  1,0122000000e+04	 -3,96664e-02	 -1,71088e-01
5063	  1,0124000000e+04	 -4,04267e-02	 -1,70057e-01
5064	  1,0126000000e+04	 -4,39940e-02	 -1,69975e-01
5065	  1,0128000000e+04	 -4,46157e-02	 -1,68636e-01
5066	  1,0130000000e+04	 -4,51208e-02	 -1,64907e-01
5067	  1,0132000000e+04	 -4,79735e-02	 -1,67110e-01
5068	  1,0134000000e+04	 -4,94943e-02	 -1,65204e-01
5069	  1,0136000000e+04	 -5,14705e-02	 -1,65416e-01
5070	  1,0138000000e+04	 -5,73187e-02	 -1,66626e-01
5071	  1,0140000000e+04	 -5,92263e-02	 -1,64477e-01
5072	  1,0142000000e+04	 -6,03977e-02	 -1,62406e-01
5073	  1,0144000000e+04	 -6,38488e-02	 -1,61524e-01
5074	  1,0146000000e+04	 -6,56285e-02	 -1,65015e-01
5075	  1,0148000000e+04	 -6,67926e-02	 -1,63581e-01
5076	  1,0150000000e+04	 -6,88409e-02	 -1,59253e-01
5077	  1,0152000000e+04	 -7,19830e-02	 -1,59568e-01
5078	  1,0154000000e+04	 -7,59343e-02	 -1,60317e-01
5079	  1,0156000000e+04	 -7,79540e-02	 -1,60830e-01
5080	  1,0158000000e+04	 -8,07359e-02	 -1,58981e-01
5081	  1,0160000000e+04	 -7,89488e-02	 -1,59394e-01
5082	  1,0162000000e+04	 -7,96469e-02	 -1,60912e-01
5083	  1,0164000000e+04	 -8,28522e-02	 -1,56942e-01
5084	  1,0166000000e+04	 -8,43526e-02	 -1,52950e-01
5085	  1,0168000000e+04	 -8,59752e-02	 -1,51071e-01
5086	  1,0170000000e+04	 -8,72358e-02	 -1,51068e-01
5087	  1,0172000000e+04	 -8,89134e-02	 -1,47508e-01
5088	  1,0174000000e+04	 -8,91002e-02	 -1,47411e-01
5089	  1,0176000000e+04	 -9,02935e-02	 -1,48388e-01
5090	  1,0178000000e+04	 -8,98317e-02	 -1,46395e-01
5091	  1,0180000000e+04	 -9,28065e-02	 -1,46516e-01
5092	  1,0182000000e+04	 -9,68352e-02	 -1,45566e-01
5093	  1,0184000000e+04	 -9,83821e-02	 -1,46024e-01
5094	  1,0186000000e+04	 -9,72508e-02	 -1,42074e-01
5095	  1,0188000000e+04	 -9,63885e-02	 -1,43649e-01
5096	  1,0190000000e+04	 -9,72351e-02	 -1,45154e-01
5097	  1,0192000000e+04	 -9,84031e-02	 -1,44177e-01
5098	  1,0194000000e+04	 -1,03349e-01	 -1,43701e-01
5099	  1,0196000000e+04	 -1,01212e-01	 -1,41559e-01
5100	  1,0198000000e+04	 -1,03599e-01	 -1,42742e-01
5101	  1,0200000000e+04	 -1,03868e-01	 -1,43927e-01
5102	  1,0202000000e+04	 -1,04624e-01	 -1,43941e-01
5103	  1,0204000000e+04	 -1,04601e-01	 -1,42660e-01
5104	  1,0206000000e+04	 -1,05743e-01	 -1,41196e-01
5105	  1,0208000000e+04	 -1,07962e-01	 -1,40909e-01
5106	  1,0210000000e+04	 -1,09890e-01	 -1,42721e-01
5107	  1,0212000000e+04	 -1,12942e-01	 -1,42730e-01
5108	  1,0214000000e+04	 -1,12322e-01	 -1,40479e-01
5109	  1,0216000000e+04	 -1,14280e-01	 -1,37563e-01
5110	  1,0218000000e+04	 -1,16745e-01	 -1,39179e-01
5111	  1,0220000000e+04	 -1,16841e-01	 -1,39830e-01
5112	  1,0222000000e+04	 -1,18690e-01	 -1,37969e-01
5113	  1,0224000000e+04	 -1,18073e-01	 -1,38040e-01
5114	  1,0226000000e+04	 -1,18582e-01	 -1,38222e-01
5115	  1,0228000000e+04	 -1,19577e-01	 -1,38548e-01
5116	  1,0230000000e+04	 -1,20701e-01	 -1,36200e-01
5117	  1,0232000000e+04	 -1,19863e-01	 -1,31946e-01
5118	  1,0234000000e+04	 -1,25572e-01	 -1,31682e-01
5119	  1,0236000000e+04	 -1,28036e-01	 -1,32523e-01
5120	  1,0238000000e+04	 -1,27591e-01	 -1,32322e-01
5121	  1,0240000000e+04	 -1,26837e-01	 -1,34178e-01
5122	  1,0242000000e+04	 -1,28075e-01	 -1,32895e-01
5123	  1,0244000000e+04	 -1,28998e-01	 -1,30682e-01
5124	  1,0246000000e+04	 -1,26173e-01	 -1,32226e-01
5125	  1,0248000000e+04	 -1,30224e-01	 -1,34723e-01
5126	  1,0250000000e+04	 -1,33481e-01	 -1,33966e-01
5127	  1,0252000000e+04	 -1,31472e-01	 -1,32329e-01
5128	  1,0254000000e+04	 -1,29529e-01	 -1,30658e-01
5129	  1,0256000000e+04	 -1,30714e-01	 -1,31738e-01
5130	  1,0258000000e+04	 -1,33814e-01	 -1,33071e-01
5131	  1,0260000000e+04	 -1,37517e-01	 -1,33405e-01
5132	  1,0262000000e+04	 -1,36838e-01	 -1,34309e-01
5133	  1,0264000000e+04	 -1,33986e-01	 -1,33564e-01
5134	  1,0266000000e+04	 -1,35670e-01	 -1,32448e-01
5135	  1,0268000000e+04	 -1,38046e-01	 -1,32892e-01
5136	  1,0270000000e+04	 -1,39927e-01	 -1,35032e-01
5137	  1,0272000000e+04	 -1,42235e-01	 -1,35210e-01
5138	  1,0274000000e+04	 -1,44552e-01	 -1,36808e-01
5139	  1,0276000000e+04	 -1,40689e-01	 -1,38284e-01
5140	  1,0278000000e+04	 -1,41895e-01	 -1,35477e-01
5141	  1,0280000000e+04	 -1,47016e-01	 -1,34346e-01
5142	  1,0282000000e+04	 -1,49716e-01	 -1,34698e-01
5143	  1,0284000000e+04	 -1,47649e-01	 -1,38759e-01
5144	  1,0286000000e+04	 -1,49866e-01	 -1,41275e-01
5145	  1,0288000000e+04	 -1,53990e-01	 -1,38518e-01
5146	  1,0290000000e+04	 -1,57591e-01	 -1,40528e-01
5147	  1,0292000000e+04	 -1,61166e-01	 -1,38631e-01
5148	  1,0294000000e+04	 -1,61774e-01	 -1,39123e-01
5149	  1,0296000000e+04	 -1,58248e-01	 -1,37278e-01
5150	  1,0298000000e+04	 -1,59585e-01	 -1,34793e-01
5151	  1,0300000000e+04	 -1,64497e-01	 -1,37175e-01
5152	  1,0302000000e+04	 -1,67567e-01	 -1,36301e-01
5153	  1,0304000000e+04	 -1,69641e-01	 -1,37768e-01
5154	  1,0306000000e+04	 -1,71592e-01	 -1,39379e-01
5155	  1,0308000000e+04	 -1,72528e-01	 -1,40587e-01
5156	  1,0310000000e+04	 -1,75036e-01	 -1,39932e-01
5157	  1,0312000000e+04	 -1,80456e-01	 -1,33650e-01
5158	  1,0314000000e+04	 -1,81815e-01	 -1,33961e-01
5159	  1,0316000000e+04	 -1,82936e-01	 -1,34470e-01
5160	  1,0318000000e+04	 -1,83847e-01	 -1,34473e-01
5161	  1,0320000000e+04	 -1,82892e-01	 -1,33493e-01
5162	  1,0322000000e+04	 -1,86589e-01	 -1,33697e-01
5163	  1,0324000000e+04	 -1,87625e-01	 -1,33204e-01
5164	  1,0326000000e+04	 -1,87930e-01	 -1,31167e-01
5165	  1,0328000000e+04	 -1,90180e-01	 -1,33940e-01
5166	  1,0330000000e+04	 -1,90946e-01	 -1,34185e-01
5167	  1,0332000000e+04	 -1,89934e-01	 -1,32214e-01
5168	  1,0334000000e+04	 -1,90255e-01	 -1,30608e-01
5169	  1,0336000000e+04	 -1,90597e-01	 -1,30755e-01
5170	  1,0338000000e+04	 -1,94172e-01	 -1,32457e-01
5171	  1,0340000000e+04	 -1,97733e-01	 -1,34084e-01
5172	  1,0342000000e+04	 -1,98500e-01	 -1,32835e-01
5173	  1,0344000000e+04	 -2,00742e-01	 -1,30599e-01
5174	  1,0346000000e+04	 -2,03639e-01	 -1,32651e-01
5175	  1,0348000000e+04	 -2,09669e-01	 -1,37635e-01
5176	  1,0350000000e+04	 -2,06849e-01	 -1,35927e-01
5177	  1,0352000000e+04	 -2,05315e-01	 -1,37993e-01
5178	  1,0354000000e+04	 -2,08029e-01	 -1,38704e-01
5179	  1,0356000000e+04	 -2,10036e-01	 -1,37720e-01
5180	  1,0358000000e+04	 -2,14560e-01	 -1,37936e-01
5181	  1,0360000000e+04	 -2,17209e-01	 -1,41165e-01
5182	  1,0362000000e+04	 -2,18899e-01	 -1,40984e-01
5183	  1,0364000000e+04	 -2,20458e-01	 -1,41247e-01
5184	  1,0366000000e+04	 -2,26503e-01	 -1,40943e-01
5185	  1,0368000000e+04	 -2,28041e-01	 -1,39005e-01
5186	  1,0370000000e+04	 -2,28171e-01	 -1,36689e-01
5187	  1,0372000000e+04	 -2,31627e-01	 -1,38758e-01
5188	  1,0374000000e+04	 -2,37175e-01	 -1,38289e-01
5189	  1,0376000000e+04	 -2,39086e-01	 -1,38680e-01
5190	  1,0378000000e+04	 -2,40013e-01	 -1,38032e-01
5191	  1,0380000000e+04	 -2,41632e-01	 -1,35583e-01
5192	  1,0382000000e+04	 -2,46920e-01	 -1,32982e-01
5193	  1,0384000000e+04	 -2,48966e-01	 -1,34025e-01
5194	  1,0386000000e+04	 -2,49625e-01	 -1,32649e-01
5195	  1,0388000000e+04	 -2,53574e-01	 -1,28623e-01
5196	  1,0390000000e+04	 -2,54319e-01	 -1,28511e-01
5197	  1,0392000000e+04	 -2,55367e-01	 -1,24023e-01
5198	  1,0394000000e+04	 -2,55835e-01	 -1,21811e-01
5199	  1,0396000000e+04	 -2,62794e-01	 -1,27266e-01
5200	  1,0398000000e+04	 -2,65611e-01	 -1,28756e-01
5201	  1,0400000000e+04	 -2,69249e-01	 -1,26655e-01
5202	  1,0402000000e+04	 -2,69053e-01	 -1,25276e-01
5203	  1,0404000000e+04	 -2,68393e-01	 -1,23279e-01
5204	  1,0406000000e+04	 -2,75440e-01	 -1,20451e-01
5205	  1,0408000000e+04	 -2,75935e-01	 -1,21067e-01
5206	  1,0410000000e+04	 -2,75427e-01	 -1,19698e-01
5207	  1,0412000000e+04	 -2,79542e-01	 -1,13528e-01
5208	  1,0414000000e+04	 -2,81909e-01	 -1,11715e-01
5209	  1,0416000000e+04	 -2,85124e-01	 -1,14840e-01
5210	  1,0418000000e+04	 -2,87434e-01	 -1,13932e-01
5211	  1,0420000000e+04	 -2,88734e-01	 -1,14209e-01
5212	  1,0422000000e+04	 -2,88859e-01	 -1,12430e-01
5213	  1,0424000000e+04	 -2,89795e-01	 -1,10406e-01
5214	  1,0426000000e+04	 -2,96004e-01	 -1,08360e-01
5215	  1,0428000000e+04	 -2,98993e-01	 -1,07993e-01
5216	  1,0430000000e+04	 -3,00128e-01	 -1,04424e-01
5217	  1,0432000000e+04	 -3,02678e-01	 -1,04245e-01
5218	  1,0434000000e+04	 -3,07083e-01	 -1,02519e-01
5219	  1,0436000000e+04	 -3,10925e-01	 -9,97964e-02
5220	  1,0438000000e+04	 -3,12925e-01	 -9,83809e-02
5221	  1,0440000000e+04	 -3,13273e-01	 -9,60331e-02
5222	  1,0442000000e+04	 -3,14761e-01	 -9,60376e-02
5223	  1,0444000000e+04	 -3,15058e-01	 -9,45941e-02
5224	  1,0446000000e+04	 -3,14935e-01	 -9,42986e-02
5225	  1,0448000000e+04	 -3,16569e-01	 -9,29657e-02
5226	  1,0450000000e+04	 -3,17887e-01	 -8,87314e-02
5227	  1,0452000000e+04	 -3,21435e-01	 -8,66923e-02
5228	  1,0454000000e+04	 -3,26816e-01	 -8,53748e-02
5229	  1,0456000000e+04	 -3,26845e-01	 -8,31268e-02
5230	  1,0458000000e+04	 -3,26404e-01	 -8,15882e-02
5231	  1,0460000000e+04	 -3,28737e-01	 -8,08169e-02
5232	  1,0462000000e+04	 -3,28878e-01	 -8,14419e-02
5233	  1,0464000000e+04	 -3,29983e-01	 -8,12672e-02
5234	  1,0466000000e+04	 -3,29720e-01	 -7,94701e-02
5235	  1,0468000000e+04	 -3,31254e-01	 -7,40855e-02
5236	  1,0470000000e+04	 -3,34502e-01	 -7,21441e-02
5237	  1,0472000000e+04	 -3,36013e-01	 -7,00973e-02
5238	  1,0474000000e+04	 -3,40377e-01	 -7,30868e-02
5239	  1,0476000000e+04	 -3,46279e-01	 -6,98982e-02
5240	  1,0478000000e+04	 -3,44289e-01	 -6,80497e-02
5241	  1,0480000000e+04	 -3,46887e-01	 -6,63639e-02
5242	  1,0482000000e+04	 -3,50972e-01	 -6,51123e-02
5243	  1,0484000000e+04	 -3,55883e-01	 -6,28136e-02
5244	  1,0486000000e+04	 -3,56198e-01	 -6,02566e-02
5245	  1,0488000000e+04	 -3,56790e-01	 -5,55167e-02
5246	  1,0490000000e+04	 -3,58773e-01	 -5,65046e-02
5247	  1,0492000000e+04	 -3,63097e-01	 -5,78309e-02
5248	  1,0494000000e+04	 -3,64558e-01	 -5,36183e-02
5249	  1,0496000000e+04	 -3,67345e-01	 -5,16477e-02
5250	  1,0498000000e+04	 -3,69638e-01	 -5,04499e-02
5251	  1,0500000000e+04	 -3,70280e-01	 -4,58072e-02
5252	  1,0502000000e+04	 -3,70628e-01	 -4,32978e-02
5253	  1,0504000000e+04	 -3,73396e-01	 -4,12484e-02
5254	  1,0506000000e+04	 -3,77805e-01	 -3,68380e-02
5255	  1,0508000000e+04	 -3,79350e-01	 -3,20220e-02
5256	  1,0510000000e+04	 -3,80788e-01	 -3,30631e-02
5257	  1,0512000000e+04	 -3,80586e-01	 -3,19403e-02
5258	  1,0514000000e+04	 -3,82898e-01	 -2,45568e-02
5259	  1,0516000000e+04	 -3,82473e-01	 -2,25097e-02
5260	  1,0518000000e+04	 -3,79152e-01	 -1,90005e-02
5261	  1,0520000000e+04	 -3,82352e-01	 -1,83954e-02
5262	  1,0522000000e+04	 -3,81654e-01	 -1,62083e-02
5263	  1,0524000000e+04	 -3,83945e-01	 -1,37853e-02
5264	  1,0526000000e+04	 -3,88402e-01	 -1,27764e-02
5265	  1,0528000000e+04	 -3,90809e-01	 -1,15809e-02
5266	  1,0530000000e+04	 -3,92256e-01	 -5,84815e-03
5267	  1,0532000000e+04	 -3,94841e-01	 -3,49132e-03
5268	  1,0534000000e+04	 -3,93936e-01	 -1,06613e-03
5269	  1,0536000000e+04	 -3,93156e-01	 -3,11451e-05
5270	  1,0538000000e+04	 -3,93934e-01	  2,21046e-03
5271	  1,0540000000e+04	 -3,93506e-01	  7,77378e-03
5272	  1,0542000000e+04	 -3,95854e-01	  9,64652e-03
5273	  1,0544000000e+04	 -3,95723e-01	  1,17884e-02
5274	  1,0546000000e+04	 -3,95273e-01	  1,59487e-02
5275	  1,0548000000e+04	 -3,96506e-01	  2,06729e-02
5276	  1,0550000000e+04	 -3,99344e-01	  2,20207e-02
5277	  1,0552000000e+04	 -3,94399e-01	  2,36005e-02
5278	  1,0554000000e+04	 -3,95057e-01	  2,50069e-02
5279	  1,0556000000e+04	 -3,97047e-01	  3,05521e-02
5280	  1,0558000000e+04	 -3,94272e-01	  3,35044e-02
5281	  1,0560000000e+04	 -3,95823e-01	  3,52305e-02
5282	  1,0562000000e+04	 -3,96789e-01	  3,39812e-02
5283	  1,0564000000e+04	 -3,96622e-01	  3,56629e-02
5284	  1,0566000000e+04	 -3,99676e-01	  4,07371e-02
5285	  1,0568000000e+04	 -4,00861e-01	  3,94599e-02
5286	  1,0570000000e+04	 -4,00096e-01	  4,07213e-02
5287	  1,0572000000e+04	 -4,01166e-01	  4,63572e-02
5288	  1,0574000000e+04	 -4,01977e-01	  4,85967e-02
5289	  1,0576000000e+04	 -4,04263e-01	  5,01844e-02
5290	  1,0578000000e+04	 -4,02218e-01	  5,18134e-02
5291	  1,0580000000e+04	 -4,02724e-01	  5,55003e-02
5292	  1,0582000000e+04	 -4,00119e-01	  5,95623e-02
5293	  1,0584000000e+04	 -4,01396e-01	  5,95517e-02
5294	  1,0586000000e+04	 -4,00718e-01	  6,47213e-02
5295	  1,0588000000e+04	 -3,99668e-01	  7,01617e-02
5296	  1,0590000000e+04	 -4,01337e-01	  7,14637e-02
5297	  1,0592000000e+04	 -3,99793e-01	  7,28013e-02
5298	  1,0594000000e+04	 -3,98619e-01	  7,30138e-02
5299	  1,0596000000e+04	 -4,00491e-01	  7,10638e-02
5300	  1,0598000000e+04	 -3,99798e-01	  7,54473e-02
5301	  1,0600000000e+04	 -3,98497e-01	  7,73776e-02
5302	  1,0602000000e+04	 -3,97961e-01	  7,93405e-02
5303	  1,0604000000e+04	 -3,97265e-01	  8,29524e-02
5304	  1,0606000000e+04	 -3,99495e-01	  8,40639e-02
5305	  1,0608000000e+04	 -4,00466e-01	  8,71755e-02
5306	  1,0610000000e+04	 -3,98877e-01	  9,14675e-02
5307	  1,0612000000e+04	 -3,97457e-01	  9,32744e-02
5308	  1,0614000000e+04	 -3,99442e-01	  9,40722e-02
5309	  1,0616000000e+04	 -3,96784e-01	  9,95688e-02
5310	  1,0618000000e+04	 -3,94159e-01	  1,00602e-01
5311	  1,0620000000e+04	 -3,94071e-01	  9,98615e-02
5312	  1,0622000000e+04	 -3,96514e-01	  1,01964e-01
5313	  1,0624000000e+04	 -3,96476e-01	  1,05375e-01
5314	  1,0626000000e+04	 -3,92547e-01	  1,09064e-01
5315	  1,0628000000e+04	 -3,89239e-01	  1,15701e-01
5316	  1,0630000000e+04	 -3,88024e-01	  1,16364e-01
5317	  1,0632000000e+04	 -3,92487e-01	  1,14582e-01
5318	  1,0634000000e+04	 -3,87247e-01	  1,17489e-01
5319	  1,0636000000e+04	 -3,81264e-01	  1,20189e-01
5320	  1,0638000000e+04	 -3,78414e-01	  1,20531e-01
5321	  1,0640000000e+04	 -3,78104e-01	  1,22038e-01
5322	  1,0642000000e+04	 -3,74788e-01	  1,22196e-01
5323	  1,0644000000e+04	 -3,73303e-01	  1,24162e-01
5324	  1,0646000000e+04	 -3,73933e-01	  1,24183e-01
5325	  1,0648000000e+04	 -3,72221e-01	  1,27227e-01
5326	  1,0650000000e+04	 -3,67212e-01	  1,31252e-01
5327	  1,0652000000e+04	 -3,58516e-01	  1,28474e-01
5328	  1,0654000000e+04	 -3,56375e-01	  1,30035e-01
5329	  1,0656000000e+04	 -3,55549e-01	  1,26530e-01
5330	  1,0658000000e+04	 -3,49917e-01	  1,24300e-01
5331	  1,0660000000e+04	 -3,46474e-01	  1,27641e-01
5332	  1,0662000000e+04	 -3,43717e-01	  1,27439e-01
5333	  1,0664000000e+04	 -3,40194e-01	  1,24275e-01
5334	  1,0666000000e+04	 -3,37154e-01	  1,21549e-01
5335	  1,0668000000e+04	 -3,33112e-01	  1,18497e-01
5336	  1,0670000000e+04	 -3,26806e-01	  1,17450e-01
5337	  1,0672000000e+04	 -3,18825e-01	  1,11437e-01
5338	  1,0674000000e+04	 -3,15978e-01	  1,10444e-01
5339	  1,0676000000e+04	 -3,15833e-01	  1,03742e-01
5340	  1,0678000000e+04	 -3,11150e-01	  9,61288e-02
5341	  1,0680000000e+04	 -3,07985e-01	  9,00545e-02
5342	  1,0682000000e+04	 -3,06256e-01	  8,23193e-02
5343	  1,0684000000e+04	 -3,01625e-01	  7,55789e-02
5344	  1,0686000000e+04	 -2,98694e-01	  6,62534e-02
5345	  1,0688000000e+04	 -2,99293e-01	  5,67186e-02
5346	  1,0690000000e+04	 -2,98308e-01	  4,86965e-02
5347	  1,0692000000e+04	 -2,98330e-01	  4,28579e-02
5348	  1,0694000000e+04	 -3,01133e-01	  2,61292e-02
5349	  1,0696000000e+04	 -3,00168e-01	  1,10746e-02
5350	  1,0698000000e+04	 -3,02135e-01	 -3,25007e-03
5351	  1,0700000000e+04	 -3,05585e-01	 -1,53501e-02
5352	  1,0702000000e+04	 -3,13286e-01	 -2,45159e-02
5353	  1,0704000000e+04	 -3,22099e-01	 -3,74451e-02
5354	  1,0706000000e+04	 -3,26807e-01	 -5,48982e-02
5355	  1,0708000000e+04	 -3,38370e-01	 -6,93750e-02
5356	  1,0710000000e+04	 -3,51100e-01	 -8,06718e-02
5357	  1,0712000000e+04	 -3,67058e-01	 -9,26723e-02
5358	  1,0714000000e+04	 -3,81646e-01	 -1,01664e-01
5359	  1,0716000000e+04	 -3,99152e-01	 -1,13465e-01
5360	  1,0718000000e+04	 -4,15869e-01	 -1,24269e-01
5361	  1,0720000000e+04	 -4,40945e-01	 -1,32680e-01
5362	  1,0722000000e+04	 -4,66571e-01	 -1,37973e-01
5363	  1,0724000000e+04	 -4,84991e-01	 -1,41793e-01
5364	  1,0726000000e+04	 -5,07974e-01	 -1,45648e-01
5365	  1,0728000000e+04	 -5,31198e-01	 -1,42546e-01
5366	  1,0730000000e+04	 -5,58279e-01	 -1,36910e-01
5367	  1,0732000000e+04	 -5,81795e-01	 -1,36040e-01
5368	  1,0734000000e+04	 -6,04776e-01	 -1,30090e-01
5369	  1,0736000000e+04	 -6,25058e-01	 -1,19069e-01
5370	  1,0738000000e+04	 -6,46757e-01	 -1,06745e-01
5371	  1,0740000000e+04	 -6,65086e-01	 -9,80740e-02
5372	  1,0742000000e+04	 -6,84473e-01	 -7,97951e-02
5373	  1,0744000000e+04	 -7,03250e-01	 -6,47757e-02
5374	  1,0746000000e+04	 -7,22826e-01	 -4,97104e-02
5375	  1,0748000000e+04	 -7,36953e-01	 -3,24329e-02
5376	  1,0750000000e+04	 -7,50667e-01	 -1,56450e-02
5377	  1,0752000000e+04	 -7,63386e-01	 -1,60145e-03
5378	  1,0754000000e+04	 -7,72410e-01	  1,36369e-02
5379	  1,0756000000e+04	 -7,83364e-01	  3,11903e-02
5380	  1,0758000000e+04	 -7,91539e-01	  5,20078e-02
5381	  1,0760000000e+04	 -7,99062e-01	  7,23991e-02
5382	  1,0762000000e+04	 -8,03442e-01	  9,14708e-02
5383	  1,0764000000e+04	 -8,12146e-01	  1,11698e-01
5384	  1,0766000000e+04	 -8,17973e-01	  1,26221e-01
5385	  1,0768000000e+04	 -8,22769e-01	  1,42073e-01
5386	  1,0770000000e+04	 -8,28132e-01	  1,60192e-01
5387	  1,0772000000e+04	 -8,32091e-01	  1,77833e-01
5388	  1,0774000000e+04	 -8,33413e-01	  1,90068e-01
5389	  1,0776000000e+04	 -8,35804e-01	  2,10539e-01
5390	  1,0778000000e+04	 -8,35692e-01	  2,28389e-01
5391	  1,0780000000e+04	 -8,36181e-01	  2,42497e-01
5392	  1,0782000000e+04	 -8,34192e-01	  2,56004e-01
5393	  1,0784000000e+04	 -8,33301e-01	  2,76083e-01
5394	  1,0786000000e+04	 -8,35193e-01	  2,91241e-01
5395	  1,0788000000e+04	 -8,33943e-01	  3,05880e-01
5396	  1,0790000000e+04	 -8,32622e-01	  3,19857e-01
5397	  1,0792000000e+04	 -8,27560e-01	  3,34730e-01
5398	  1,0794000000e+04	 -8,27039e-01	  3,56212e-01
5399	  1,0796000000e+04	 -8,24757e-01	  3,66072e-01
5400	  1,0798000000e+04	 -8,24169e-01	  3,77297e-01
5401	  1,0800000000e+04	 -8,22668e-01	  3,93458e-01
5402	  1,0802000000e+04	 -8,19441e-01	  4,07175e-01
5403	  1,0804000000e+04	 -8,12955e-01	  4,19460e-01
5404	  1,0806000000e+04	 -8,07595e-01	  4,30558e-01
5405	  1,0808000000e+04	 -8,05785e-01	  4,41889e-01
5406	  1,0810000000e+04	 -8,02528e-01	  4,50772e-01
5407	  1,0812000000e+04	 -7,99799e-01	  4,63505e-01
5408	  1,0814000000e+04	 -7,95255e-01	  4,78955e-01
5409	  1,0816000000e+04	 -7,89179e-01	  4,90604e-01
5410	  1,0818000000e+04	 -7,85848e-01	  4,99617e-01
5411	  1,0820000000e+04	 -7,79796e-01	  5,08954e-01
5412	  1,0822000000e+04	 -7,75876e-01	  5,22967e-01
5413	  1,0824000000e+04	 -7,73876e-01	  5,34125e-01
5414	  1,0826000000e+04	 -7,69331e-01	  5,44465e-01
5415	  1,0828000000e+04	 -7,64236e-01	  5,52967e-01
5416	  1,0830000000e+04	 -7,62492e-01	  5,59370e-01
5417	  1,0832000000e+04	 -7,59078e-01	  5,71054e-01
5418	  1,0834000000e+04	 -7,52909e-01	  5,85552e-01
5419	  1,0836000000e+04	 -7,45654e-01	  5,93382e-01
5420	  1,0838000000e+04	 -7,40893e-01	  6,01058e-01
5421	  1,0840000000e+04	 -7,36088e-01	  6,11244e-01
5422	  1,0842000000e+04	 -7,33204e-01	  6,20229e-01
5423	  1,0844000000e+04	 -7,23086e-01	  6,28442e-01
5424	  1,0846000000e+04	 -7,16649e-01	  6,39383e-01
5425	  1,0848000000e+04	 -7,10586e-01	  6,48616e-01
5426	  1,0850000000e+04	 -7,04649e-01	  6,59612e-01
5427	  1,0852000000e+04	 -6,99255e-01	  6,68770e-01
5428	  1,0854000000e+04	 -6,92609e-01	  6,78739e-01
5429	  1,0856000000e+04	 -6,87010e-01	  6,87823e-01
5430	  1,0858000000e+04	 -6,82682e-01	  6,96003e-01
5431	  1,0860000000e+04	 -6,76274e-01	  7,03523e-01
5432	  1,0862000000e+04	 -6,67822e-01	  7,09945e-01
5433	  1,0864000000e+04	 -6,60770e-01	  7,18657e-01
5434	  1,0866000000e+04	 -6,52698e-01	  7,26514e-01
5435	  1,0868000000e+04	 -6,48837e-01	  7,35277e-01
5436	  1,0870000000e+04	 -6,45341e-01	  7,46591e-01
5437	  1,0872000000e+04	 -6,37087e-01	  7,55069e-01
5438	  1,0874000000e+04	 -6,28364e-01	  7,60480e-01
5439	  1,0876000000e+04	 -6,24105e-01	  7,69455e-01
5440	  1,0878000000e+04	 -6,14773e-01	  7,80164e-01
5441	  1,0880000000e+04	 -6,05358e-01	  7,88727e-01
5442	  1,0882000000e+04	 -6,00082e-01	  7,95400e-01
5443	  1,0884000000e+04	 -5,91817e-01	  8,03083e-01
5444	  1,0886000000e+04	 -5,82655e-01	  8,10008e-01
5445	  1,0888000000e+04	 -5,78533e-01	  8,13094e-01
5446	  1,0890000000e+04	 -5,69148e-01	  8,22384e-01
5447	  1,0892000000e+04	 -5,60353e-01	  8,29033e-01
5448	  1,0894000000e+04	 -5,53945e-01	  8,35396e-01
5449	  1,0896000000e+04	 -5,43500e-01	  8,42212e-01
5450	  1,0898000000e+04	 -5,33837e-01	  8,50972e-01
5451	  1,0900000000e+04	 -5,26829e-01	  8,59767e-01
5452	  1,0902000000e+04	 -5,22017e-01	  8,64333e-01
5453	  1,0904000000e+04	 -5,13539e-01	  8,70038e-01
5454	  1,0906000000e+04	 -5,02126e-01	  8,75316e-01
5455	  1,0908000000e+04	 -4,93017e-01	  8,82940e-01
5456	  1,0910000000e+04	 -4,83543e-01	  8,89169e-01
5457	  1,0912000000e+04	 -4,76960e-01	  8,92717e-01
5458	  1,0914000000e+04	 -4,66932e-01	  8,99146e-01
5459	  1,0916000000e+04	 -4,58068e-01	  9,07962e-01
5460	  1,0918000000e+04	 -4,50771e-01	  9,12270e-01
5461	  1,0920000000e+04	 -4,41989e-01	  9,14985e-01
5462	  1,0922000000e+04	 -4,30767e-01	  9,22305e-01
5463	  1,0924000000e+04	 -4,21239e-01	  9,26073e-01
5464	  1,0926000000e+04	 -4,13602e-01	  9,28046e-01
5465	  1,0928000000e+04	 -4,05336e-01	  9,30259e-01
5466	  1,0930000000e+04	 -3,94077e-01	  9,35694e-01
5467	  1,0932000000e+04	 -3,82821e-01	  9,40738e-01
5468	  1,0934000000e+04	 -3,76554e-01	  9,45847e-01
5469	  1,0936000000e+04	 -3,68151e-01	  9,50198e-01
5470	  1,0938000000e+04	 -3,57676e-01	  9,53394e-01
5471	  1,0940000000e+04	 -3,49176e-01	  9,60004e-01
5472	  1,0942000000e+04	 -3,41379e-01	  9,67710e-01
5473	  1,0944000000e+04	 -3,31161e-01	  9,69614e-01
5474	  1,0946000000e+04	 -3,17122e-01	  9,73715e-01
5475	  1,0948000000e+04	 -3,06922e-01	  9,75577e-01
5476	  1,0950000000e+04	 -3,01940e-01	  9,81453e-01
5477	  1,0952000000e+04	 -2,94517e-01	  9,84549e-01
5478	  1,0954000000e+04	 -2,81533e-01	  9,86443e-01
5479	  1,0956000000e+04	 -2,69870e-01	  9,91038e-01
5480	  1,0958000000e+04	 -2,64633e-01	  9,93934e-01
5481	  1,0960000000e+04	 -2,54428e-01	  1,00023e+00
5482	  1,0962000000e+04	 -2,40698e-01	  1,00155e+00
5483	  1,0964000000e+04	 -2,32296e-01	  1,00296e+00
5484	  1,0966000000e+04	 -2,23817e-01	  1,00310e+00
5485	  1,0968000000e+04	 -2,06677e-01	  1,00724e+00
5486	  1,0970000000e+04	 -1,95856e-01	  1,01285e+00
5487	  1,0972000000e+04	 -1,86422e-01	  1,01257e+00
5488	  1,0974000000e+04	 -1,75882e-01	  1,01573e+00
5489	  1,0976000000e+04	 -1,61994e-01	  1,01758e+00
5490	  1,0978000000e+04	 -1,53391e-01	  1,01744e+00
5491	  1,0980000000e+04	 -1,42835e-01	  1,01643e+00
5492	  1,0982000000e+04	 -1,32738e-01	  1,01355e+00
5493	  1,0984000000e+04	 -1,24322e-01	  1,01140e+00
5494	  1,0986000000e+04	 -1,13011e-01	  1,01794e+00
5495	  1,0988000000e+04	 -1,02913e-01	  1,01815e+00
5496	  1,0990000000e+04	 -9,24400e-02	  1,01955e+00
5497	  1,0992000000e+04	 -8,04356e-02	  1,02140e+00
5498	  1,0994000000e+04	 -6,88798e-02	  1,02062e+00
5499	  1,0996000000e+04	 -5,56325e-02	  1,02183e+00
5500	  1,0998000000e+04	 -4,47375e-02	  1,02034e+00
5501	  1,1000000000e+04	 -3,54501e-02	  1,01903e+00
5502	  1,1002000000e+04	 -2,52360e-02	  1,01938e+00
5503	  1,1004000000e+04	 -8,93273e-03	  1,01893e+00
5504	  1,1006000000e+04	  1,96270e-04	  1,01695e+00
5505	  1,1008000000e+04	  1,01530e-02	  1,01512e+00
5506	  1,1010000000e+04	  2,08664e-02	  1,01398e+00
5507	  1,1012000000e+04	  3,40740e-02	  1,01190e+00
5508	  1,1014000000e+04	  4,67683e-02	  1,00831e+00
5509	  1,1016000000e+04	  5,62648e-02	  1,00671e+00
5510	  1,1018000000e+04	  6,93346e-02	  1,00615e+00
5511	  1,1020000000e+04	  8,40270e-02	  1,00638e+00
5512	  1,1022000000e+04	  9,54654e-02	  1,00171e+00
5513	  1,1024000000e+04	  1,03536e-01	  9,96783e-01
5514	  1,1026000000e+04	  1,13640e-01	  9,91944e-01
5515	  1,1028000000e+04	  1,26848e-01	  9,87437e-01
5516	  1,1030000000e+04	  1,38919e-01	  9,81311e-01
5517	  1,1032000000e+04	  1,48223e-01	  9,76476e-01
5518	  1,1034000000e+04	  1,59640e-01	  9,75679e-01
5519	  1,1036000000e+04	  1,73540e-01	  9,69927e-01
5520	  1,1038000000e+04	  1,83877e-01	  9,62871e-01
5521	  1,1040000000e+04	  1,92116e-01	  9,55544e-01
5522	  1,1042000000e+04	  2,02668e-01	  9,49847e-01
5523	  1,1044000000e+04	  2,17423e-01	  9,50083e-01
5524	  1,1046000000e+04	  2,29280e-01	  9,41698e-01
5525	  1,1048000000e+04	  2,36924e-01	  9,33879e-01
5526	  1,1050000000e+04	  2,44115e-01	  9,25429e-01
5527	  1,1052000000e+04	  2,54828e-01	  9,14550e-01
5528	  1,1054000000e+04	  2,64438e-01	  9,08612e-01
5529	  1,1056000000e+04	  2,72234e-01	  9,01643e-01
5530	  1,1058000000e+04	  2,81116e-01	  8,92798e-01
5531	  1,1060000000e+04	  2,90149e-01	  8,81735e-01
5532	  1,1062000000e+04	  3,00102e-01	  8,72524e-01
5533	  1,1064000000e+04	  3,09144e-01	  8,65165e-01
5534	  1,1066000000e+04	  3,13951e-01	  8,55266e-01
5535	  1,1068000000e+04	  3,21632e-01	  8,46558e-01
5536	  1,1070000000e+04	  3,30131e-01	  8,35084e-01
5537	  1,1072000000e+04	  3,34915e-01	  8,24700e-01
5538	  1,1074000000e+04	  3,41989e-01	  8,13070e-01
5539	  1,1076000000e+04	  3,50047e-01	  8,05208e-01
5540	  1,1078000000e+04	  3,57908e-01	  7,95249e-01
5541	  1,1080000000e+04	  3,60434e-01	  7,82585e-01
5542	  1,1082000000e+04	  3,67676e-01	  7,72111e-01
5543	  1,1084000000e+04	  3,75807e-01	  7,62457e-01
5544	  1,1086000000e+04	  3,79082e-01	  7,52536e-01
5545	  1,1088000000e+04	  3,84198e-01	  7,40045e-01
5546	  1,1090000000e+04	  3,89173e-01	  7,29962e-01
5547	  1,1092000000e+04	  3,91120e-01	  7,17884e-01
5548	  1,1094000000e+04	  3,94041e-01	  7,05814e-01
5549	  1,1096000000e+04	  3,95169e-01	  6,92847e-01
5550	  1,1098000000e+04	  3,99116e-01	  6,80636e-01
5551	  1,1100000000e+04	  4,00189e-01	  6,68163e-01
5552	  1,1102000000e+04	  3,99024e-01	  6,54142e-01
5553	  1,1104000000e+04	  3,98796e-01	  6,43030e-01
5554	  1,1106000000e+04	  3,99564e-01	  6,29182e-01
5555	  1,1108000000e+04	  4,02844e-01	  6,14648e-01
5556	  1,1110000000e+04	  4,01508e-01	  6,04041e-01
5557	  1,1112000000e+04	  3,99923e-01	  5,94220e-01
5558	  1,1114000000e+04	  3,98284e-01	  5,81206e-01
5559	  1,1116000000e+04	  3,94800e-01	  5,68999e-01
5560	  1,1118000000e+04	  3,93940e-01	  5,58547e-01
5561	  1,1120000000e+04	  3,91253e-01	  5,52024e-01
5562	  1,1122000000e+04	  3,88092e-01	  5,39992e-01
5563	  1,1124000000e+04	  3,79856e-01	  5,26846e-01
5564	  1,1126000000e+04	  3,75030e-01	  5,18187e-01
5565	  1,1128000000e+04	  3,67886e-01	  5,06584e-01
5566	  1,1130000000e+04	  3,62483e-01	  4,97755e-01
5567	  1,1132000000e+04	  3,56273e-01	  4,89371e-01
5568	  1,1134000000e+04	  3,50787e-01	  4,83631e-01
5569	  1,1136000000e+04	  3,43604e-01	  4,75111e-01
5570	  1,1138000000e+04	  3,34323e-01	  4,64827e-01
5571	  1,1140000000e+04	  3,24662e-01	  4,58019e-01
5572	  1,1142000000e+04	  3,16635e-01	  4,49200e-01
5573	  1,1144000000e+04	  3,08091e-01	  4,43419e-01
5574	  1,1146000000e+04	  2,99587e-01	  4,40313e-01
5575	  1,1148000000e+04	  2,92563e-01	  4,34314e-01
5576	  1,1150000000e+04	  2,84349e-01	  4,34309e-01
5577	  1,1152000000e+04	  2,72971e-01	  4,28880e-01
5578	  1,1154000000e+04	  2,66643e-01	  4,22995e-01
5579	  1,1156000000e+04	  2,58940e-01	  4,18695e-01
5580	  1,1158000000e+04	  2,46480e-01	  4,21149e-01
5581	  1,1160000000e+04	  2,39972e-01	  4,21004e-01
5582	  1,1162000000e+04	  2,33421e-01	  4,19122e-01
5583	  1,1164000000e+04	  2,25577e-01	  4,18746e-01
5584	  1,1166000000e+04	  2,17286e-01	  4,17980e-01
5585	  1,1168000000e+04	  2,09760e-01	  4,17216e-01
5586	  1,1170000000e+04	  1,99426e-01	  4,20479e-01
5587	  1,1172000000e+04	  1,93204e-01	  4,25284e-01
5588	  1,1174000000e+04	  1,85628e-01	  4,26396e-01
5589	  1,1176000000e+04	  1,78432e-01	  4,29450e-01
5590	  1,1178000000e+04	  1,73525e-01	  4,32858e-01
5591	  1,1180000000e+04	  1,67519e-01	  4,33506e-01
5592	  1,1182000000e+04	  1,63297e-01	  4,36247e-01
5593	  1,1184000000e+04	  1,57711e-01	  4,39114e-01
5594	  1,1186000000e+04	  1,54822e-01	  4,41019e-01
5595	  1,1188000000e+04	  1,48462e-01	  4,46868e-01
5596	  1,1190000000e+04	  1,44909e-01	  4,56533e-01
5597	  1,1192000000e+04	  1,41221e-01	  4,59245e-01
5598	  1,1194000000e+04	  1,37895e-01	  4,60360e-01
5599	  1,1196000000e+04	  1,32993e-01	  4,67599e-01
5600	  1,1198000000e+04	  1,32420e-01	  4,71075e-01
5601	  1,1200000000e+04	  1,27519e-01	  4,71959e-01
5602	  1,1202000000e+04	  1,25692e-01	  4,75196e-01
5603	  1,1204000000e+04	  1,26681e-01	  4,83367e-01
5604	  1,1206000000e+04	  1,23822e-01	  4,89048e-01
5605	  1,1208000000e+04	  1,23622e-01	  4,91656e-01
5606	  1,1210000000e+04	  1,26207e-01	  4,95575e-01
5607	  1,1212000000e+04	  1,23524e-01	  4,99847e-01
5608	  1,1214000000e+04	  1,21931e-01	  5,06027e-01
5609	  1,1216000000e+04	  1,22135e-01	  5,09914e-01
5610	  1,1218000000e+04	  1,23882e-01	  5,14169e-01
5611	  1,1220000000e+04	  1,23057e-01	  5,16759e-01
5612	  1,1222000000e+04	  1,24501e-01	  5,19463e-01
5613	  1,1224000000e+04	  1,25895e-01	  5,21321e-01
5614	  1,1226000000e+04	  1,28211e-01	  5,24314e-01
5615	  1,1228000000e+04	  1,31362e-01	  5,30199e-01
5616	  1,1230000000e+04	  1,29994e-01	  5,31393e-01
5617	  1,1232000000e+04	  1,28474e-01	  5,32145e-01
5618	  1,1234000000e+04	  1,31591e-01	  5,33160e-01
5619	  1,1236000000e+04	  1,29935e-01	  5,38069e-01
5620	  1,1238000000e+04	  1,31247e-01	  5,39031e-01
5621	  1,1240000000e+04	  1,35201e-01	  5,39765e-01
5622	  1,1242000000e+04	  1,32788e-01	  5,46011e-01
5623	  1,1244000000e+04	  1,33635e-01	  5,51479e-01
5624	  1,1246000000e+04	  1,38824e-01	  5,52645e-01
5625	  1,1248000000e+04	  1,39480e-01	  5,51804e-01
5626	  1,1250000000e+04	  1,34511e-01	  5,52326e-01
5627	  1,1252000000e+04	  1,37041e-01	  5,58024e-01
5628	  1,1254000000e+04	  1,41492e-01	  5,57654e-01
5629	  1,1256000000e+04	  1,42603e-01	  5,58490e-01
5630	  1,1258000000e+04	  1,42302e-01	  5,60851e-01
5631	  1,1260000000e+04	  1,45082e-01	  5,60555e-01
5632	  1,1262000000e+04	  1,45448e-01	  5,62639e-01
5633	  1,1264000000e+04	  1,46598e-01	  5,66355e-01
5634	  1,1266000000e+04	  1,50590e-01	  5,69487e-01
5635	  1,1268000000e+04	  1,50826e-01	  5,70206e-01
5636	  1,1270000000e+04	  1,51010e-01	  5,72095e-01
5637	  1,1272000000e+04	  1,51861e-01	  5,72928e-01
5638	  1,1274000000e+04	  1,54617e-01	  5,75463e-01
5639	  1,1276000000e+04	  1,54245e-01	  5,78807e-01
5640	  1,1278000000e+04	  1,53373e-01	  5,80218e-01
5641	  1,1280000000e+04	  1,58131e-01	  5,78463e-01
5642	  1,1282000000e+04	  1,61837e-01	  5,81735e-01
5643	  1,1284000000e+04	  1,58800e-01	  5,83355e-01
5644	  1,1286000000e+04	  1,59609e-01	  5,88103e-01
5645	  1,1288000000e+04	  1,61429e-01	  5,89300e-01
5646	  1,1290000000e+04	  1,61728e-01	  5,91965e-01
5647	  1,1292000000e+04	  1,60717e-01	  5,92242e-01
5648	  1,1294000000e+04	  1,64035e-01	  5,92774e-01
5649	  1,1296000000e+04	  1,64468e-01	  5,92701e-01
5650	  1,1298000000e+04	  1,65501e-01	  5,93592e-01
5651	  1,1300000000e+04	  1,70976e-01	  5,95010e-01
5652	  1,1302000000e+04	  1,70775e-01	  5,98527e-01
5653	  1,1304000000e+04	  1,70349e-01	  5,99997e-01
5654	  1,1306000000e+04	  1,71945e-01	  6,04873e-01
5655	  1,1308000000e+04	  1,71763e-01	  6,03665e-01
5656	  1,1310000000e+04	  1,71080e-01	  6,03219e-01
5657	  1,1312000000e+04	  1,73861e-01	  6,03243e-01
5658	  1,1314000000e+04	  1,74752e-01	  6,07687e-01
5659	  1,1316000000e+04	  1,74825e-01	  6,06597e-01
5660	  1,1318000000e+04	  1,76199e-01	  6,08422e-01
5661	  1,1320000000e+04	  1,73485e-01	  6,14697e-01
5662	  1,1322000000e+04	  1,75992e-01	  6,15438e-01
5663	  1,1324000000e+04	  1,77990e-01	  6,17892e-01
5664	  1,1326000000e+04	  1,77765e-01	  6,20789e-01
5665	  1,1328000000e+04	  1,78629e-01	  6,23207e-01
5666	  1,1330000000e+04	  1,78693e-01	  6,28938e-01
5667	  1,1332000000e+04	  1,80095e-01	  6,31626e-01
5668	  1,1334000000e+04	  1,84292e-01	  6,35147e-01
5669	  1,1336000000e+04	  1,84967e-01	  6,38301e-01
5670	  1,1338000000e+04	  1,86667e-01	  6,40933e-01
5671	  1,1340000000e+04	  1,90924e-01	  6,47397e-01
5672	  1,1342000000e+04	  1,91264e-01	  6,50572e-01
5673	  1,1344000000e+04	  1,92656e-01	  6,53767e-01
5674	  1,1346000000e+04	  1,95603e-01	  6,55152e-01
5675	  1,1348000000e+04	  2,00009e-01	  6,55656e-01
5676	  1,1350000000e+04	  2,05708e-01	  6,56702e-01
5677	  1,1352000000e+04	  2,09814e-01	  6,57605e-01
5678	  1,1354000000e+04	  2,11364e-01	  6,61062e-01
5679	  1,1356000000e+04	  2,12686e-01	  6,66393e-01
5680	  1,1358000000e+04	  2,16457e-01	  6,70858e-01
5681	  1,1360000000e+04	  2,19387e-01	  6,71075e-01
5682	  1,1362000000e+04	  2,21249e-01	  6,74425e-01
5683	  1,1364000000e+04	  2,29220e-01	  6,79242e-01
5684	  1,1366000000e+04	  2,30907e-01	  6,80830e-01
5685	  1,1368000000e+04	  2,32530e-01	  6,79996e-01
5686	  1,1370000000e+04	  2,37856e-01	  6,81493e-01
5687	  1,1372000000e+04	  2,41379e-01	  6,83794e-01
5688	  1,1374000000e+04	  2,42872e-01	  6,87900e-01
5689	  1,1376000000e+04	  2,47785e-01	  6,88480e-01
5690	  1,1378000000e+04	  2,50765e-01	  6,84911e-01
5691	  1,1380000000e+04	  2,50853e-01	  6,86888e-01
5692	  1,1382000000e+04	  2,56740e-01	  6,91317e-01
5693	  1,1384000000e+04	  2,58975e-01	  6,91192e-01
5694	  1,1386000000e+04	  2,61333e-01	  6,92756e-01
5695	  1,1388000000e+04	  2,62221e-01	  6,95823e-01
5696	  1,1390000000e+04	  2,62395e-01	  6,99300e-01
5697	  1,1392000000e+04	  2,66984e-01	  7,00098e-01
5698	  1,1394000000e+04	  2,72359e-01	  7,02081e-01
5699	  1,1396000000e+04	  2,78334e-01	  7,05531e-01
5700	  1,1398000000e+04	  2,83298e-01	  7,06409e-01
5701	  1,1400000000e+04	  2,81576e-01	  7,10863e-01
5702	  1,1402000000e+04	  2,84444e-01	  7,14515e-01
5703	  1,1404000000e+04	  2,91504e-01	  7,15430e-01
5704	  1,1406000000e+04	  2,94046e-01	  7,16450e-01
5705	  1,1408000000e+04	  2,95624e-01	  7,18058e-01
5706	  1,1410000000e+04	  2,99972e-01	  7,24363e-01
5707	  1,1412000000e+04	  3,02338e-01	  7,27901e-01
5708	  1,1414000000e+04	  3,05657e-01	  7,30369e-01
5709	  1,1416000000e+04	  3,08668e-01	  7,34602e-01
5710	  1,1418000000e+04	  3,10112e-01	  7,39884e-01
5711	  1,1420000000e+04	  3,17522e-01	  7,39710e-01
5712	  1,1422000000e+04	  3,23459e-01	  7,41694e-01
5713	  1,1424000000e+04	  3,25229e-01	  7,46274e-01
5714	  1,1426000000e+04	  3,29083e-01	  7,45605e-01
5715	  1,1428000000e+04	  3,36468e-01	  7,52237e-01
5716	  1,1430000000e+04	  3,44427e-01	  7,54377e-01
5717	  1,1432000000e+04	  3,51825e-01	  7,57264e-01
5718	  1,1434000000e+04	  3,54279e-01	  7,58447e-01
5719	  1,1436000000e+04	  3,60764e-01	  7,60511e-01
5720	  1,1438000000e+04	  3,66336e-01	  7,60652e-01
5721	  1,1440000000e+04	  3,74444e-01	  7,63519e-01
5722	  1,1442000000e+04	  3,79742e-01	  7,65571e-01
5723	  1,1444000000e+04	  3,84257e-01	  7,66500e-01
5724	  1,1446000000e+04	  3,92239e-01	  7,68225e-01
5725	  1,1448000000e+04	  3,97023e-01	  7,69611e-01
5726	  1,1450000000e+04	  4,03812e-01	  7,74144e-01
5727	  1,1452000000e+04	  4,10740e-01	  7,74288e-01
5728	  1,1454000000e+04	  4,19801e-01	  7,74805e-01
5729	  1,1456000000e+04	  4,24875e-01	  7,78678e-01
5730	  1,1458000000e+04	  4,28076e-01	  7,77521e-01
5731	  1,1460000000e+04	  4,33973e-01	  7,78301e-01
5732	  1,1462000000e+04	  4,43232e-01	  7,77564e-01
5733	  1,1464000000e+04	  4,50657e-01	  7,77446e-01
5734	  1,1466000000e+04	  4,53801e-01	  7,76580e-01
5735	  1,1468000000e+04	  4,62834e-01	  7,75747e-01
5736	  1,1470000000e+04	  4,72435e-01	  7,76524e-01
5737	  1,1472000000e+04	  4,79386e-01	  7,76384e-01
5738	  1,1474000000e+04	  4,82714e-01	  7,76817e-01
5739	  1,1476000000e+04	  4,88911e-01	  7,76515e-01
5740	  1,1478000000e+04	  4,97249e-01	  7,71441e-01
5741	  1,1480000000e+04	  5,01478e-01	  7,71442e-01
5742	  1,1482000000e+04	  5,07562e-01	  7,71905e-01
5743	  1,1484000000e+04	  5,15301e-01	  7,71851e-01
5744	  1,1486000000e+04	  5,20738e-01	  7,69381e-01
5745	  1,1488000000e+04	  5,22378e-01	  7,68418e-01
5746	  1,1490000000e+04	  5,30319e-01	  7,70415e-01
5747	  1,1492000000e+04	  5,38492e-01	  7,68565e-01
5748	  1,1494000000e+04	  5,42957e-01	  7,69199e-01
5749	  1,1496000000e+04	  5,51939e-01	  7,68749e-01
5750	  1,1498000000e+04	  5,55599e-01	  7,64731e-01
5751	  1,1500000000e+04	  5,57085e-01	  7,63677e-01
5752	  1,1502000000e+04	  5,66441e-01	  7,61543e-01
5753	  1,1504000000e+04	  5,72203e-01	  7,60383e-01
5754	  1,1506000000e+04	  5,78488e-01	  7,58094e-01
5755	  1,1508000000e+04	  5,83399e-01	  7,55399e-01
5756	  1,1510000000e+04	  5,91635e-01	  7,53319e-01
5757	  1,1512000000e+04	  5,99042e-01	  7,57198e-01
5758	  1,1514000000e+04	  6,07184e-01	  7,54596e-01
5759	  1,1516000000e+04	  6,13778e-01	  7,52672e-01
5760	  1,1518000000e+04	  6,21757e-01	  7,52988e-01
5761	  1,1520000000e+04	  6,27535e-01	  7,53675e-01
5762	  1,1522000000e+04	  6,31940e-01	  7,52103e-01
5763	  1,1524000000e+04	  6,37154e-01	  7,47519e-01
5764	  1,1526000000e+04	  6,43578e-01	  7,45040e-01
5765	  1,1528000000e+04	  6,47777e-01	  7,43232e-01
5766	  1,1530000000e+04	  6,57249e-01	  7,38446e-01
5767	  1,1532000000e+04	  6,64705e-01	  7,38653e-01
5768	  1,1534000000e+04	  6,70156e-01	  7,37020e-01
5769	  1,1536000000e+04	  6,77362e-01	  7,32242e-01
5770	  1,1538000000e+04	  6,82261e-01	  7,29064e-01
5771	  1,1540000000e+04	  6,90029e-01	  7,23252e-01
5772	  1,1542000000e+04	  6,94160e-01	  7,21252e-01
5773	  1,1544000000e+04	  6,98239e-01	  7,15237e-01
5774	  1,1546000000e+04	  7,02461e-01	  7,15587e-01
5775	  1,1548000000e+04	  7,10232e-01	  7,11451e-01
5776	  1,1550000000e+04	  7,18482e-01	  7,09009e-01
5777	  1,1552000000e+04	  7,19941e-01	  7,08868e-01
5778	  1,1554000000e+04	  7,27576e-01	  7,06012e-01
5779	  1,1556000000e+04	  7,32025e-01	  6,98908e-01
5780	  1,1558000000e+04	  7,38689e-01	  6,94959e-01
5781	  1,1560000000e+04	  7,42845e-01	  6,91143e-01
5782	  1,1562000000e+04	  7,46663e-01	  6,89124e-01
5783	  1,1564000000e+04	  7,52844e-01	  6,83491e-01
5784	  1,1566000000e+04	  7,57781e-01	  6,78705e-01
5785	  1,1568000000e+04	  7,61597e-01	  6,74407e-01
5786	  1,1570000000e+04	  7,67330e-01	  6,69878e-01
5787	  1,1572000000e+04	  7,74422e-01	  6,67273e-01
5788	  1,1574000000e+04	  7,79574e-01	  6,60410e-01
5789	  1,1576000000e+04	  7,83264e-01	  6,56484e-01
5790	  1,1578000000e+04	  7,90962e-01	  6,54691e-01
5791	  1,1580000000e+04	  7,93612e-01	  6,48769e-01
5792	  1,1582000000e+04	  7,97913e-01	  6,45714e-01
5793	  1,1584000000e+04	  8,02584e-01	  6,40574e-01
5794	  1,1586000000e+04	  8,07876e-01	  6,34568e-01
5795	  1,1588000000e+04	  8,15318e-01	  6,32154e-01
5796	  1,1590000000e+04	  8,22485e-01	  6,32174e-01
5797	  1,1592000000e+04	  8,24864e-01	  6,27654e-01
5798	  1,1594000000e+04	  8,29485e-01	  6,23896e-01
5799	  1,1596000000e+04	  8,29937e-01	  6,17663e-01
5800	  1,1598000000e+04	  8,31482e-01	  6,12013e-01
5801	  1,1600000000e+04	  8,38535e-01	  6,06901e-01
5802	  1,1602000000e+04	  8,45956e-01	  6,05340e-01
5803	  1,1604000000e+04	  8,51296e-01	  5,99208e-01
5804	  1,1606000000e+04	  8,55627e-01	  5,89708e-01
5805	  1,1608000000e+04	  8,58679e-01	  5,86362e-01
5806	  1,1610000000e+04	  8,64497e-01	  5,82403e-01
5807	  1,1612000000e+04	  8,67909e-01	  5,74498e-01
5808	  1,1614000000e+04	  8,69710e-01	  5,67109e-01
5809	  1,1616000000e+04	  8,70741e-01	  5,64173e-01
5810	  1,1618000000e+04	  8,72392e-01	  5,59385e-01
5811	  1,1620000000e+04	  8,78429e-01	  5,56716e-01
5812	  1,1622000000e+04	  8,81482e-01	  5,52806e-01
5813	  1,1624000000e+04	  8,84499e-01	  5,45545e-01
5814	  1,1626000000e+04	  8,87782e-01	  5,41100e-01
5815	  1,1628000000e+04	  8,90443e-01	  5,35075e-01
5816	  1,1630000000e+04	  8,88643e-01	  5,31220e-01
5817	  1,1632000000e+04	  8,92533e-01	  5,27048e-01
5818	  1,1634000000e+04	  8,96340e-01	  5,22869e-01
5819	  1,1636000000e+04	  9,02055e-01	  5,16131e-01
5820	  1,1638000000e+04	  9,03877e-01	  5,12893e-01
5821	  1,1640000000e+04	  9,03469e-01	  5,09819e-01
5822	  1,1642000000e+04	  9,05146e-01	  5,03483e-01
5823	  1,1644000000e+04	  9,07389e-01	  4,99834e-01
5824	  1,1646000000e+04	  9,08022e-01	  4,96477e-01
5825	  1,1648000000e+04	  9,09075e-01	  4,92180e-01
5826	  1,1650000000e+04	  9,10170e-01	  4,87260e-01
5827	  1,1652000000e+04	  9,13607e-01	  4,81596e-01
5828	  1,1654000000e+04	  9,17111e-01	  4,80948e-01
5829	  1,1656000000e+04	  9,19348e-01	  4,78153e-01
5830	  1,1658000000e+04	  9,21480e-01	  4,74592e-01
5831	  1,1660000000e+04	  9,20928e-01	  4,74673e-01
5832	  1,1662000000e+04	  9,22872e-01	  4,72543e-01
5833	  1,1664000000e+04	  9,27071e-01	  4,66745e-01
5834	  1,1666000000e+04	  9,32924e-01	  4,64182e-01
5835	  1,1668000000e+04	  9,37453e-01	  4,61311e-01
5836	  1,1670000000e+04	  9,39738e-01	  4,58261e-01
5837	  1,1672000000e+04	  9,37881e-01	  4,53774e-01
5838	  1,1674000000e+04	  9,44090e-01	  4,49838e-01
5839	  1,1676000000e+04	  9,49191e-01	  4,42457e-01
5840	  1,1678000000e+04	  9,54237e-01	  4,37466e-01
5841	  1,1680000000e+04	  9,56086e-01	  4,38082e-01
5842	  1,1682000000e+04	  9,59518e-01	  4,31173e-01
5843	  1,1684000000e+04	  9,63489e-01	  4,24074e-01
5844	  1,1686000000e+04	  9,66503e-01	  4,17320e-01
5845	  1,1688000000e+04	  9,71038e-01	  4,12648e-01
5846	  1,1690000000e+04	  9,71776e-01	  4,06738e-01
5847	  1,1692000000e+04	  9,74868e-01	  4,02995e-01
5848	  1,1694000000e+04	  9,78125e-01	  4,00817e-01
5849	  1,1696000000e+04	  9,79063e-01	  3,95053e-01
5850	  1,1698000000e+04	  9,80671e-01	  3,87805e-01
5851	  1,1700000000e+04	  9,80218e-01	  3,85193e-01
5852	  1,1702000000e+04	  9,79362e-01	  3,81901e-01
5853	  1,1704000000e+04	  9,81245e-01	  3,74538e-01
5854	  1,1706000000e+04	  9,84006e-01	  3,65068e-01
5855	  1,1708000000e+04	  9,83629e-01	  3,62392e-01
5856	  1,1710000000e+04	  9,85669e-01	  3,58907e-01
5857	  1,1712000000e+04	  9,87230e-01	  3,55574e-01
5858	  1,1714000000e+04	  9,90052e-01	  3,50704e-01
5859	  1,1716000000e+04	  9,91798e-01	  3,48053e-01
5860	  1,1718000000e+04	  9,93342e-01	  3,48128e-01
5861	  1,1720000000e+04	  9,91817e-01	  3,42240e-01
5862	  1,1722000000e+04	  9,93386e-01	  3,41878e-01
5863	  1,1724000000e+04	  9,96132e-01	  3,37638e-01
5864	  1,1726000000e+04	  9,96722e-01	  3,32160e-01
5865	  1,1728000000e+04	  9,96533e-01	  3,30231e-01
5866	  1,1730000000e+04	  9,99222e-01	  3,26228e-01
5867	  1,1732000000e+04	  1,00108e+00	  3,22082e-01
5868	  1,1734000000e+04	  1,00368e+00	  3,18885e-01
5869	  1,1736000000e+04	  1,00498e+00	  3,12370e-01
5870	  1,1738000000e+04	  1,00965e+00	  3,07518e-01
5871	  1,1740000000e+04	  1,01050e+00	  3,03957e-01
5872	  1,1742000000e+04	  1,01216e+00	  3,03616e-01
5873	  1,1744000000e+04	  1,01579e+00	  2,98933e-01
5874	  1,1746000000e+04	  1,01459e+00	  2,94035e-01
5875	  1,1748000000e+04	  1,01692e+00	  2,93630e-01
5876	  1,1750000000e+04	  1,01513e+00	  2,86431e-01
5877	  1,1752000000e+04	  1,01646e+00	  2,79021e-01
5878	  1,1754000000e+04	  1,02119e+00	  2,75940e-01
5879	  1,1756000000e+04	  1,02345e+00	  2,74048e-01
5880	  1,1758000000e+04	  1,02628e+00	  2,71037e-01
5881	  1,1760000000e+04	  1,02884e+00	  2,67042e-01
5882	  1,1762000000e+04	  1,02761e+00	  2,61675e-01
5883	  1,1764000000e+04	  1,02986e+00	  2,60257e-01
5884	  1,1766000000e+04	  1,03196e+00	  2,57274e-01
5885	  1,1768000000e+04	  1,03294e+00	  2,52318e-01
5886	  1,1770000000e+04	  1,03478e+00	  2,48085e-01
5887	  1,1772000000e+04	  1,03777e+00	  2,46026e-01
5888	  1,1774000000e+04	  1,03799e+00	  2,43523e-01
5889	  1,1776000000e+04	  1,03782e+00	  2,37646e-01
5890	  1,1778000000e+04	  1,03999e+00	  2,32880e-01
5891	  1,1780000000e+04	  1,04190e+00	  2,31773e-01
5892	  1,1782000000e+04	  1,04122e+00	  2,30845e-01
5893	  1,1784000000e+04	  1,04509e+00	  2,26967e-01
5894	  1,1786000000e+04	  1,04545e+00	  2,18401e-01
5895	  1,1788000000e+04	  1,04803e+00	  2,14503e-01
5896	  1,1790000000e+04	  1,04971e+00	  2,15397e-01
5897	  1,1792000000e+04	  1,05040e+00	  2,10875e-01
5898	  1,1794000000e+04	  1,05395e+00	  2,04524e-01
5899	  1,1796000000e+04	  1,05427e+00	  2,03759e-01
5900	  1,1798000000e+04	  1,05910e+00	  2,02198e-01
5901	  1,1800000000e+04	  1,06146e+00	  1,98901e-01
5902	  1,1802000000e+04	  1,06435e+00	  1,96018e-01
5903	  1,1804000000e+04	  1,06688e+00	  1,88603e-01
5904	  1,1806000000e+04	  1,06541e+00	  1,83616e-01
5905	  1,1808000000e+04	  1,06684e+00	  1,81347e-01
5906	  1,1810000000e+04	  1,06649e+00	  1,77904e-01
5907	  1,1812000000e+04	  1,07379e+00	  1,73557e-01
5908	  1,1814000000e+04	  1,07375e+00	  1,69754e-01
5909	  1,1816000000e+04	  1,07465e+00	  1,66089e-01
5910	  1,1818000000e+04	  1,07718e+00	  1,61401e-01
5911	  1,1820000000e+04	  1,07955e+00	  1,57351e-01
5912	  1,1822000000e+04	  1,08218e+00	  1,51467e-01
5913	  1,1824000000e+04	  1,08563e+00	  1,44248e-01
5914	  1,1826000000e+04	  1,08498e+00	  1,40231e-01
5915	  1,1828000000e+04	  1,08563e+00	  1,39031e-01
5916	  1,1830000000e+04	  1,09158e+00	  1,33856e-01
5917	  1,1832000000e+04	  1,09458e+00	  1,29812e-01
5918	  1,1834000000e+04	  1,09575e+00	  1,24851e-01
5919	  1,1836000000e+04	  1,10096e+00	  1,22174e-01
5920	  1,1838000000e+04	  1,10082e+00	  1,21742e-01
5921	  1,1840000000e+04	  1,10254e+00	  1,15740e-01
5922	  1,1842000000e+04	  1,10540e+00	  1,09169e-01
5923	  1,1844000000e+04	  1,10358e+00	  1,03164e-01
5924	  1,1846000000e+04	  1,10306e+00	  1,01322e-01
5925	  1,1848000000e+04	  1,10217e+00	  9,73671e-02
5926	  1,1850000000e+04	  1,10698e+00	  9,32205e-02
5927	  1,1852000000e+04	  1,10937e+00	  9,04476e-02
5928	  1,1854000000e+04	  1,11002e+00	  8,25565e-02
5929	  1,1856000000e+04	  1,11316e+00	  7,69309e-02
5930	  1,1858000000e+04	  1,11162e+00	  7,52510e-02
5931	  1,1860000000e+04	  1,10822e+00	  7,17691e-02
5932	  1,1862000000e+04	  1,11094e+00	  7,01513e-02
5933	  1,1864000000e+04	  1,11079e+00	  6,75015e-02
5934	  1,1866000000e+04	  1,11540e+00	  5,97176e-02
5935	  1,1868000000e+04	  1,11836e+00	  5,56927e-02
5936	  1,1870000000e+04	  1,11681e+00	  5,49718e-02
5937	  1,1872000000e+04	  1,11974e+00	  5,03574e-02
5938	  1,1874000000e+04	  1,12213e+00	  4,60462e-02
5939	  1,1876000000e+04	  1,12443e+00	  4,13884e-02
5940	  1,1878000000e+04	  1,12723e+00	  3,68797e-02
5941	  1,1880000000e+04	  1,12889e+00	  3,34819e-02
5942	  1,1882000000e+04	  1,12630e+00	  3,46203e-02
5943	  1,1884000000e+04	  1,13004e+00	  2,94789e-02
5944	  1,1886000000e+04	  1,12923e+00	  2,61508e-02
5945	  1,1888000000e+04	  1,13169e+00	  2,16881e-02
5946	  1,1890000000e+04	  1,13798e+00	  1,82474e-02
5947	  1,1892000000e+04	  1,14013e+00	  1,66548e-02
5948	  1,1894000000e+04	  1,14456e+00	  1,21616e-02
5949	  1,1896000000e+04	  1,14617e+00	  6,32869e-03
5950	  1,1898000000e+04	  1,14581e+00	  4,73353e-04
5951	  1,1900000000e+04	  1,14784e+00	 -1,23260e-03
5952	  1,1902000000e+04	  1,14957e+00	 -4,31952e-03
5953	  1,1904000000e+04	  1,15232e+00	 -1,10855e-02
5954	  1,1906000000e+04	  1,15757e+00	 -1,51083e-02
5955	  1,1908000000e+04	  1,15765e+00	 -1,98394e-02
5956	  1,1910000000e+04	  1,15946e+00	 -2,25292e-02
5957	  1,1912000000e+04	  1,16475e+00	 -2,62095e-02
5958	  1,1914000000e+04	  1,16674e+00	 -3,42529e-02
5959	  1,1916000000e+04	  1,16353e+00	 -4,21002e-02
5960	  1,1918000000e+04	  1,16429e+00	 -4,33204e-02
5961	  1,1920000000e+04	  1,16844e+00	 -4,86697e-02
5962	  1,1922000000e+04	  1,17306e+00	 -5,48936e-02
5963	  1,1924000000e+04	  1,17784e+00	 -5,68455e-02
5964	  1,1926000000e+04	  1,17561e+00	 -6,26542e-02
5965	  1,1928000000e+04	  1,17651e+00	 -6,57638e-02
5966	  1,1930000000e+04	  1,18076e+00	 -7,02812e-02
5967	  1,1932000000e+04	  1,18267e+00	 -7,57215e-02
5968	  1,1934000000e+04	  1,18304e+00	 -7,99641e-02
5969	  1,1936000000e+04	  1,18513e+00	 -8,27118e-02
5970	  1,1938000000e+04	  1,18659e+00	 -8,99281e-02
5971	  1,1940000000e+04	  1,19138e+00	 -9,60344e-02
5972	  1,1942000000e+04	  1,19686e+00	 -1,00592e-01
5973	  1,1944000000e+04	  1,19487e+00	 -1,04028e-01
5974	  1,1946000000e+04	  1,19660e+00	 -1,07397e-01
5975	  1,1948000000e+04	  1,19958e+00	 -1,13987e-01
5976	  1,1950000000e+04	  1,20347e+00	 -1,18849e-01
5977	  1,1952000000e+04	  1,20216e+00	 -1,21607e-01
5978	  1,1954000000e+04	  1,19954e+00	 -1,30802e-01
5979	  1,1956000000e+04	  1,20290e+00	 -1,40140e-01
5980	  1,1958000000e+04	  1,20464e+00	 -1,44309e-01
5981	  1,1960000000e+04	  1,20906e+00	 -1,52164e-01
5982	  1,1962000000e+04	  1,21120e+00	 -1,55286e-01
5983	  1,1964000000e+04	  1,21089e+00	 -1,57215e-01
5984	  1,1966000000e+04	  1,21036e+00	 -1,61485e-01
5985	  1,1968000000e+04	  1,21100e+00	 -1,68591e-01
5986	  1,1970000000e+04	  1,21272e+00	 -1,74115e-01
5987	  1,1972000000e+04	  1,21756e+00	 -1,79613e-01
5988	  1,1974000000e+04	  1,22167e+00	 -1,86114e-01
5989	  1,1976000000e+04	  1,22198e+00	 -1,90241e-01
5990	  1,1978000000e+04	  1,22285e+00	 -1,94088e-01
5991	  1,1980000000e+04	  1,22680e+00	 -1,98488e-01
5992	  1,1982000000e+04	  1,22683e+00	 -2,03567e-01
5993	  1,1984000000e+04	  1,23003e+00	 -2,10090e-01
5994	  1,1986000000e+04	  1,22936e+00	 -2,16986e-01
5995	  1,1988000000e+04	  1,23467e+00	 -2,22364e-01
5996	  1,1990000000e+04	  1,23546e+00	 -2,26359e-01
5997	  1,1992000000e+04	  1,23727e+00	 -2,30233e-01
5998	  1,1994000000e+04	  1,24044e+00	 -2,36020e-01
5999	  1,1996000000e+04	  1,24445e+00	 -2,44089e-01
6000	  1,1998000000e+04	  1,24536e+00	 -2,49926e-01
6001	  1,2000000000e+04	  1,24387e+00	 -2,56909e-01
6002	  1,2002000000e+04	  1,24509e+00	 -2,63058e-01
6003	  1,2004000000e+04	  1,24453e+00	 -2,65446e-01
6004	  1,2006000000e+04	  1,24763e+00	 -2,71850e-01
6005	  1,2008000000e+04	  1,25137e+00	 -2,81246e-01
6006	  1,2010000000e+04	  1,25352e+00	 -2,84649e-01
6007	  1,2012000000e+04	  1,25220e+00	 -2,88416e-01
6008	  1,2014000000e+04	  1,25090e+00	 -2,97926e-01
6009	  1,2016000000e+04	  1,25290e+00	 -3,05445e-01
6010	  1,2018000000e+04	  1,25763e+00	 -3,11994e-01
6011	  1,2020000000e+04	  1,25879e+00	 -3,17602e-01
6012	  1,2022000000e+04	  1,26144e+00	 -3,23441e-01
6013	  1,2024000000e+04	  1,26645e+00	 -3,27727e-01
6014	  1,2026000000e+04	  1,26503e+00	 -3,31944e-01
6015	  1,2028000000e+04	  1,26475e+00	 -3,39303e-01
6016	  1,2030000000e+04	  1,26634e+00	 -3,44710e-01
6017	  1,2032000000e+04	  1,26788e+00	 -3,49403e-01
6018	  1,2034000000e+04	  1,27186e+00	 -3,58628e-01
6019	  1,2036000000e+04	  1,27637e+00	 -3,65506e-01
6020	  1,2038000000e+04	  1,27956e+00	 -3,70799e-01
6021	  1,2040000000e+04	  1,28036e+00	 -3,73990e-01
6022	  1,2042000000e+04	  1,28082e+00	 -3,79577e-01
6023	  1,2044000000e+04	  1,28278e+00	 -3,84226e-01
6024	  1,2046000000e+04	  1,28533e+00	 -3,90909e-01
6025	  1,2048000000e+04	  1,28760e+00	 -3,98791e-01
6026	  1,2050000000e+04	  1,29166e+00	 -4,06143e-01
6027	  1,2052000000e+04	  1,29335e+00	 -4,15534e-01
6028	  1,2054000000e+04	  1,29921e+00	 -4,25609e-01
6029	  1,2056000000e+04	  1,30027e+00	 -4,31508e-01
6030	  1,2058000000e+04	  1,30128e+00	 -4,39282e-01
6031	  1,2060000000e+04	  1,30187e+00	 -4,51191e-01
6032	  1,2062000000e+04	  1,30643e+00	 -4,59170e-01
6033	  1,2064000000e+04	  1,31239e+00	 -4,70007e-01
6034	  1,2066000000e+04	  1,31322e+00	 -4,78268e-01
6035	  1,2068000000e+04	  1,31479e+00	 -4,86392e-01
6036	  1,2070000000e+04	  1,31468e+00	 -4,95921e-01
6037	  1,2072000000e+04	  1,31200e+00	 -5,06352e-01
6038	  1,2074000000e+04	  1,31282e+00	 -5,12975e-01
6039	  1,2076000000e+04	  1,30992e+00	 -5,23762e-01
6040	  1,2078000000e+04	  1,31044e+00	 -5,34714e-01
6041	  1,2080000000e+04	  1,31360e+00	 -5,45574e-01
6042	  1,2082000000e+04	  1,31218e+00	 -5,56170e-01
6043	  1,2084000000e+04	  1,31099e+00	 -5,62483e-01
6044	  1,2086000000e+04	  1,30990e+00	 -5,70549e-01
6045	  1,2088000000e+04	  1,31025e+00	 -5,81495e-01
6046	  1,2090000000e+04	  1,30714e+00	 -5,85923e-01
6047	  1,2092000000e+04	  1,30414e+00	 -5,93012e-01
6048	  1,2094000000e+04	  1,30356e+00	 -6,05212e-01
6049	  1,2096000000e+04	  1,30462e+00	 -6,17007e-01
6050	  1,2098000000e+04	  1,30422e+00	 -6,23471e-01
6051	  1,2100000000e+04	  1,30176e+00	 -6,30053e-01
6052	  1,2102000000e+04	  1,30476e+00	 -6,36881e-01
6053	  1,2104000000e+04	  1,30504e+00	 -6,46092e-01
6054	  1,2106000000e+04	  1,30346e+00	 -6,54602e-01
6055	  1,2108000000e+04	  1,30596e+00	 -6,62602e-01
6056	  1,2110000000e+04	  1,30288e+00	 -6,71709e-01
6057	  1,2112000000e+04	  1,30321e+00	 -6,79751e-01
6058	  1,2114000000e+04	  1,30288e+00	 -6,86607e-01
6059	  1,2116000000e+04	  1,30048e+00	 -6,96475e-01
6060	  1,2118000000e+04	  1,30088e+00	 -7,06278e-01
6061	  1,2120000000e+04	  1,30459e+00	 -7,14643e-01
6062	  1,2122000000e+04	  1,30242e+00	 -7,25581e-01
6063	  1,2124000000e+04	  1,30142e+00	 -7,34812e-01
6064	  1,2126000000e+04	  1,30275e+00	 -7,43757e-01
6065	  1,2128000000e+04	  1,30405e+00	 -7,53285e-01
6066	  1,2130000000e+04	  1,30170e+00	 -7,59134e-01
6067	  1,2132000000e+04	  1,30116e+00	 -7,70900e-01
6068	  1,2134000000e+04	  1,29743e+00	 -7,87235e-01
6069	  1,2136000000e+04	  1,29688e+00	 -8,00064e-01
6070	  1,2138000000e+04	  1,29661e+00	 -8,11781e-01
6071	  1,2140000000e+04	  1,29520e+00	 -8,15579e-01
6072	  1,2142000000e+04	  1,29073e+00	 -8,26178e-01
6073	  1,2144000000e+04	  1,28938e+00	 -8,38350e-01
6074	  1,2146000000e+04	  1,29081e+00	 -8,49282e-01
6075	  1,2148000000e+04	  1,28445e+00	 -8,59558e-01
6076	  1,2150000000e+04	  1,28343e+00	 -8,73056e-01
6077	  1,2152000000e+04	  1,27972e+00	 -8,83624e-01
6078	  1,2154000000e+04	  1,27757e+00	 -8,92108e-01
6079	  1,2156000000e+04	  1,27699e+00	 -9,04746e-01
6080	  1,2158000000e+04	  1,27218e+00	 -9,16086e-01
6081	  1,2160000000e+04	  1,26448e+00	 -9,29301e-01
6082	  1,2162000000e+04	  1,26259e+00	 -9,37433e-01
6083	  1,2164000000e+04	  1,25655e+00	 -9,46410e-01
6084	  1,2166000000e+04	  1,25176e+00	 -9,56947e-01
6085	  1,2168000000e+04	  1,25001e+00	 -9,65990e-01
6086	  1,2170000000e+04	  1,24410e+00	 -9,79385e-01
6087	  1,2172000000e+04	  1,24312e+00	 -9,89884e-01
6088	  1,2174000000e+04	  1,23936e+00	 -9,99519e-01
6089	  1,2176000000e+04	  1,23119e+00	 -1,00884e+00
6090	  1,2178000000e+04	  1,22485e+00	 -1,02419e+00
6091	  1,2180000000e+04	  1,22038e+00	 -1,03247e+00
6092	  1,2182000000e+04	  1,21598e+00	 -1,04419e+00
6093	  1,2184000000e+04	  1,20731e+00	 -1,05365e+00
6094	  1,2186000000e+04	  1,20522e+00	 -1,06212e+00
6095	  1,2188000000e+04	  1,20014e+00	 -1,07733e+00
6096	  1,2190000000e+04	  1,19409e+00	 -1,08830e+00
6097	  1,2192000000e+04	  1,18496e+00	 -1,09543e+00
6098	  1,2194000000e+04	  1,17974e+00	 -1,10241e+00
6099	  1,2196000000e+04	  1,17641e+00	 -1,10804e+00
6100	  1,2198000000e+04	  1,17199e+00	 -1,12070e+00
6101	  1,2200000000e+04	  1,16695e+00	 -1,13167e+00
6102	  1,2202000000e+04	  1,16008e+00	 -1,14119e+00
6103	  1,2204000000e+04	  1,15067e+00	 -1,14948e+00
6104	  1,2206000000e+04	  1,14287e+00	 -1,16093e+00
6105	  1,2208000000e+04	  1,14031e+00	 -1,17172e+00
6106	  1,2210000000e+04	  1,13584e+00	 -1,18233e+00
6107	  1,2212000000e+04	  1,12678e+00	 -1,19246e+00
6108	  1,2214000000e+04	  1,11941e+00	 -1,20386e+00
6109	  1,2216000000e+04	  1,10872e+00	 -1,21461e+00
6110	  1,2218000000e+04	  1,09773e+00	 -1,22506e+00
6111	  1,2220000000e+04	  1,09209e+00	 -1,23446e+00
6112	  1,2222000000e+04	  1,08561e+00	 -1,24231e+00
6113	  1,2224000000e+04	  1,07506e+00	 -1,24729e+00
6114	  1,2226000000e+04	  1,06417e+00	 -1,26328e+00
6115	  1,2228000000e+04	  1,05694e+00	 -1,27254e+00
6116	  1,2230000000e+04	  1,05087e+00	 -1,27889e+00
6117	  1,2232000000e+04	  1,04331e+00	 -1,28566e+00
6118	  1,2234000000e+04	  1,03673e+00	 -1,29894e+00
6119	  1,2236000000e+04	  1,02636e+00	 -1,30756e+00
6120	  1,2238000000e+04	  1,01307e+00	 -1,31332e+00
6121	  1,2240000000e+04	  1,00415e+00	 -1,32120e+00
6122	  1,2242000000e+04	  9,92391e-01	 -1,33139e+00
6123	  1,2244000000e+04	  9,84685e-01	 -1,33934e+00
6124	  1,2246000000e+04	  9,72913e-01	 -1,34863e+00
6125	  1,2248000000e+04	  9,68033e-01	 -1,35669e+00
6126	  1,2250000000e+04	  9,61259e-01	 -1,36378e+00
6127	  1,2252000000e+04	  9,51332e-01	 -1,37125e+00
6128	  1,2254000000e+04	  9,38403e-01	 -1,38040e+00
6129	  1,2256000000e+04	  9,29364e-01	 -1,38613e+00
6130	  1,2258000000e+04	  9,16970e-01	 -1,39510e+00
6131	  1,2260000000e+04	  9,09607e-01	 -1,40116e+00
6132	  1,2262000000e+04	  8,95233e-01	 -1,40970e+00
6133	  1,2264000000e+04	  8,81548e-01	 -1,41674e+00
6134	  1,2266000000e+04	  8,76262e-01	 -1,42430e+00
6135	  1,2268000000e+04	  8,66872e-01	 -1,43086e+00
6136	  1,2270000000e+04	  8,56761e-01	 -1,43643e+00
6137	  1,2272000000e+04	  8,43112e-01	 -1,44448e+00
6138	  1,2274000000e+04	  8,29872e-01	 -1,45035e+00
6139	  1,2276000000e+04	  8,24256e-01	 -1,45296e+00
6140	  1,2278000000e+04	  8,16041e-01	 -1,46026e+00
6141	  1,2280000000e+04	  8,03848e-01	 -1,46970e+00
6142	  1,2282000000e+04	  7,90749e-01	 -1,47533e+00
6143	  1,2284000000e+04	  7,77853e-01	 -1,47939e+00
6144	  1,2286000000e+04	  7,67348e-01	 -1,48648e+00
6145	  1,2288000000e+04	  7,56630e-01	 -1,49262e+00
6146	  1,2290000000e+04	  7,47658e-01	 -1,49792e+00
6147	  1,2292000000e+04	  7,37178e-01	 -1,49987e+00
6148	  1,2294000000e+04	  7,24553e-01	 -1,50702e+00
6149	  1,2296000000e+04	  7,09269e-01	 -1,51297e+00
6150	  1,2298000000e+04	  6,96412e-01	 -1,51461e+00
6151	  1,2300000000e+04	  6,89761e-01	 -1,51768e+00
6152	  1,2302000000e+04	  6,77491e-01	 -1,52276e+00
6153	  1,2304000000e+04	  6,61390e-01	 -1,52867e+00
6154	  1,2306000000e+04	  6,48433e-01	 -1,53092e+00
6155	  1,2308000000e+04	  6,38752e-01	 -1,53200e+00
6156	  1,2310000000e+04	  6,27191e-01	 -1,53788e+00
6157	  1,2312000000e+04	  6,16710e-01	 -1,54218e+00
6158	  1,2314000000e+04	  6,02546e-01	 -1,54151e+00
6159	  1,2316000000e+04	  5,92407e-01	 -1,54474e+00
6160	  1,2318000000e+04	  5,82867e-01	 -1,54830e+00
6161	  1,2320000000e+04	  5,72872e-01	 -1,55277e+00
6162	  1,2322000000e+04	  5,61151e-01	 -1,55635e+00
6163	  1,2324000000e+04	  5,48194e-01	 -1,55790e+00
6164	  1,2326000000e+04	  5,36735e-01	 -1,56068e+00
6165	  1,2328000000e+04	  5,25786e-01	 -1,56623e+00
6166	  1,2330000000e+04	  5,12063e-01	 -1,56989e+00
6167	  1,2332000000e+04	  4,97791e-01	 -1,57044e+00
6168	  1,2334000000e+04	  4,84747e-01	 -1,57206e+00
6169	  1,2336000000e+04	  4,71501e-01	 -1,57693e+00
6170	  1,2338000000e+04	  4,59750e-01	 -1,58089e+00
6171	  1,2340000000e+04	  4,46393e-01	 -1,57949e+00
6172	  1,2342000000e+04	  4,33437e-01	 -1,57666e+00
6173	  1,2344000000e+04	  4,22846e-01	 -1,57995e+00
6174	  1,2346000000e+04	  4,09615e-01	 -1,58201e+00
6175	  1,2348000000e+04	  3,92590e-01	 -1,57998e+00
6176	  1,2350000000e+04	  3,82980e-01	 -1,58005e+00
6177	  1,2352000000e+04	  3,69002e-01	 -1,57955e+00
6178	  1,2354000000e+04	  3,56883e-01	 -1,57863e+00
6179	  1,2356000000e+04	  3,45009e-01	 -1,57980e+00
6180	  1,2358000000e+04	  3,33886e-01	 -1,57933e+00
6181	  1,2360000000e+04	  3,26530e-01	 -1,57876e+00
6182	  1,2362000000e+04	  3,15991e-01	 -1,57869e+00
6183	  1,2364000000e+04	  3,01642e-01	 -1,57797e+00
6184	  1,2366000000e+04	  2,90676e-01	 -1,57368e+00
6185	  1,2368000000e+04	  2,80349e-01	 -1,57008e+00
6186	  1,2370000000e+04	  2,71133e-01	 -1,57010e+00
6187	  1,2372000000e+04	  2,60225e-01	 -1,57412e+00
6188	  1,2374000000e+04	  2,49740e-01	 -1,57101e+00
6189	  1,2376000000e+04	  2,41666e-01	 -1,56955e+00
6190	  1,2378000000e+04	  2,32884e-01	 -1,56932e+00
6191	  1,2380000000e+04	  2,23991e-01	 -1,56880e+00
6192	  1,2382000000e+04	  2,14687e-01	 -1,56791e+00
6193	  1,2384000000e+04	  1,95730e-01	 -1,56296e+00
6194	  1,2386000000e+04	  1,86265e-01	 -1,55979e+00
6195	  1,2388000000e+04	  1,76089e-01	 -1,55744e+00
6196	  1,2390000000e+04	  1,68497e-01	 -1,55656e+00
6197	  1,2392000000e+04	  1,56751e-01	 -1,55410e+00
6198	  1,2394000000e+04	  1,43771e-01	 -1,55308e+00
6199	  1,2396000000e+04	  1,33954e-01	 -1,55244e+00
6200	  1,2398000000e+04	  1,25202e-01	 -1,54632e+00
6201	  1,2400000000e+04	  1,14174e-01	 -1,54522e+00
6202	  1,2402000000e+04	  1,03070e-01	 -1,54384e+00
6203	  1,2404000000e+04	  9,51154e-02	 -1,54161e+00
6204	  1,2406000000e+04	  8,23316e-02	 -1,54046e+00
6205	  1,2408000000e+04	  7,64262e-02	 -1,53091e+00
6206	  1,2410000000e+04	  7,12967e-02	 -1,52938e+00
6207	  1,2412000000e+04	  5,80382e-02	 -1,53115e+00
6208	  1,2414000000e+04	  4,54151e-02	 -1,52716e+00
6209	  1,2416000000e+04	  3,46573e-02	 -1,52164e+00
6210	  1,2418000000e+04	  2,67659e-02	 -1,52144e+00
6211	  1,2420000000e+04	  1,74672e-02	 -1,51929e+00
6212	  1,2422000000e+04	  6,58636e-03	 -1,51098e+00
6213	  1,2424000000e+04	 -1,83994e-03	 -1,50960e+00
6214	  1,2426000000e+04	 -8,10083e-03	 -1,50547e+00
6215	  1,2428000000e+04	 -1,98026e-02	 -1,49964e+00
6216	  1,2430000000e+04	 -2,92850e-02	 -1,49754e+00
6217	  1,2432000000e+04	 -3,73006e-02	 -1,49112e+00
6218	  1,2434000000e+04	 -4,28655e-02	 -1,48859e+00
6219	  1,2436000000e+04	 -5,31047e-02	 -1,48746e+00
6220	  1,2438000000e+04	 -6,33469e-02	 -1,48387e+00
6221	  1,2440000000e+04	 -7,36522e-02	 -1,47923e+00
6222	  1,2442000000e+04	 -8,41133e-02	 -1,47229e+00
6223	  1,2444000000e+04	 -9,20764e-02	 -1,46927e+00
6224	  1,2446000000e+04	 -9,98900e-02	 -1,46539e+00
6225	  1,2448000000e+04	 -1,03994e-01	 -1,46001e+00
6226	  1,2450000000e+04	 -1,14024e-01	 -1,45334e+00
6227	  1,2452000000e+04	 -1,22255e-01	 -1,44999e+00
6228	  1,2454000000e+04	 -1,34512e-01	 -1,44225e+00
6229	  1,2456000000e+04	 -1,39014e-01	 -1,43649e+00
6230	  1,2458000000e+04	 -1,45414e-01	 -1,43081e+00
6231	  1,2460000000e+04	 -1,56288e-01	 -1,42503e+00
6232	  1,2462000000e+04	 -1,66885e-01	 -1,41990e+00
6233	  1,2464000000e+04	 -1,75150e-01	 -1,41734e+00
6234	  1,2466000000e+04	 -1,80368e-01	 -1,41276e+00
6235	  1,2468000000e+04	 -1,84251e-01	 -1,40213e+00
6236	  1,2470000000e+04	 -1,91734e-01	 -1,39540e+00
6237	  1,2472000000e+04	 -1,97459e-01	 -1,38901e+00
6238	  1,2474000000e+04	 -2,03826e-01	 -1,38380e+00
6239	  1,2476000000e+04	 -2,12721e-01	 -1,38084e+00
6240	  1,2478000000e+04	 -2,18287e-01	 -1,37663e+00
6241	  1,2480000000e+04	 -2,22360e-01	 -1,37011e+00
6242	  1,2482000000e+04	 -2,26106e-01	 -1,36483e+00
6243	  1,2484000000e+04	 -2,34424e-01	 -1,36008e+00
6244	  1,2486000000e+04	 -2,40033e-01	 -1,35473e+00
6245	  1,2488000000e+04	 -2,42770e-01	 -1,34858e+00
6246	  1,2490000000e+04	 -2,45420e-01	 -1,33942e+00
6247	  1,2492000000e+04	 -2,50306e-01	 -1,33533e+00
6248	  1,2494000000e+04	 -2,57436e-01	 -1,32899e+00
6249	  1,2496000000e+04	 -2,61058e-01	 -1,32475e+00
6250	  1,2498000000e+04	 -2,65669e-01	 -1,31969e+00
6251	  1,2500000000e+04	 -2,73318e-01	 -1,31784e+00
6252	  1,2502000000e+04	 -2,74596e-01	 -1,31094e+00
6253	  1,2504000000e+04	 -2,74896e-01	 -1,30527e+00
6254	  1,2506000000e+04	 -2,81776e-01	 -1,30011e+00
6255	  1,2508000000e+04	 -2,86336e-01	 -1,29795e+00
6256	  1,2510000000e+04	 -2,91503e-01	 -1,29023e+00
6257	  1,2512000000e+04	 -2,94952e-01	 -1,28504e+00
6258	  1,2514000000e+04	 -3,00760e-01	 -1,28189e+00
6259	  1,2516000000e+04	 -3,06289e-01	 -1,27793e+00
6260	  1,2518000000e+04	 -3,10962e-01	 -1,27134e+00
6261	  1,2520000000e+04	 -3,16489e-01	 -1,26727e+00
6262	  1,2522000000e+04	 -3,20299e-01	 -1,26457e+00
6263	  1,2524000000e+04	 -3,21324e-01	 -1,25886e+00
6264	  1,2526000000e+04	 -3,24004e-01	 -1,25430e+00
6265	  1,2528000000e+04	 -3,30855e-01	 -1,25081e+00
6266	  1,2530000000e+04	 -3,33878e-01	 -1,24465e+00
6267	  1,2532000000e+04	 -3,36178e-01	 -1,23499e+00
6268	  1,2534000000e+04	 -3,41554e-01	 -1,23291e+00
6269	  1,2536000000e+04	 -3,49641e-01	 -1,23201e+00
6270	  1,2538000000e+04	 -3,53171e-01	 -1,22436e+00
6271	  1,2540000000e+04	 -3,57856e-01	 -1,21919e+00
6272	  1,2542000000e+04	 -3,65486e-01	 -1,21317e+00
6273	  1,2544000000e+04	 -3,67822e-01	 -1,20686e+00
6274	  1,2546000000e+04	 -3,67497e-01	 -1,20578e+00
6275	  1,2548000000e+04	 -3,73261e-01	 -1,20113e+00
6276	  1,2550000000e+04	 -3,80947e-01	 -1,19267e+00
6277	  1,2552000000e+04	 -3,84584e-01	 -1,18601e+00
6278	  1,2554000000e+04	 -3,84771e-01	 -1,18105e+00
6279	  1,2556000000e+04	 -3,87229e-01	 -1,17457e+00
6280	  1,2558000000e+04	 -3,91687e-01	 -1,17171e+00
6281	  1,2560000000e+04	 -3,97479e-01	 -1,16662e+00
6282	  1,2562000000e+04	 -3,98270e-01	 -1,16038e+00
6283	  1,2564000000e+04	 -4,00583e-01	 -1,15075e+00
6284	  1,2566000000e+04	 -4,03010e-01	 -1,14493e+00
6285	  1,2568000000e+04	 -4,01271e-01	 -1,14041e+00
6286	  1,2570000000e+04	 -4,05141e-01	 -1,13394e+00
6287	  1,2572000000e+04	 -4,09343e-01	 -1,12759e+00
6288	  1,2574000000e+04	 -4,09412e-01	 -1,12301e+00
6289	  1,2576000000e+04	 -4,08457e-01	 -1,11895e+00
6290	  1,2578000000e+04	 -4,13575e-01	 -1,11480e+00
6291	  1,2580000000e+04	 -4,17174e-01	 -1,11308e+00
6292	  1,2582000000e+04	 -4,17207e-01	 -1,10647e+00
6293	  1,2584000000e+04	 -4,14428e-01	 -1,09620e+00
6294	  1,2586000000e+04	 -4,12468e-01	 -1,09235e+00
6295	  1,2588000000e+04	 -4,13891e-01	 -1,08813e+00
6296	  1,2590000000e+04	 -4,16195e-01	 -1,08442e+00
6297	  1,2592000000e+04	 -4,17939e-01	 -1,07991e+00
6298	  1,2594000000e+04	 -4,18345e-01	 -1,07408e+00
6299	  1,2596000000e+04	 -4,17304e-01	 -1,07178e+00
6300	  1,2598000000e+04	 -4,18499e-01	 -1,07296e+00
6301	  1,2600000000e+04	 -4,19204e-01	 -1,06782e+00
6302	  1,2602000000e+04	 -4,17894e-01	 -1,06393e+00
6303	  1,2604000000e+04	 -4,20179e-01	 -1,06392e+00
6304	  1,2606000000e+04	 -4,20451e-01	 -1,06068e+00
6305	  1,2608000000e+04	 -4,20403e-01	 -1,05186e+00
6306	  1,2610000000e+04	 -4,20254e-01	 -1,04895e+00
6307	  1,2612000000e+04	 -4,20250e-01	 -1,04798e+00
6308	  1,2614000000e+04	 -4,21896e-01	 -1,04716e+00
6309	  1,2616000000e+04	 -4,24673e-01	 -1,03945e+00
6310	  1,2618000000e+04	 -4,25356e-01	 -1,04018e+00
6311	  1,2620000000e+04	 -4,25466e-01	 -1,03893e+00
6312	  1,2622000000e+04	 -4,28874e-01	 -1,03313e+00
6313	  1,2624000000e+04	 -4,29833e-01	 -1,03108e+00
6314	  1,2626000000e+04	 -4,31945e-01	 -1,02658e+00
6315	  1,2628000000e+04	 -4,29372e-01	 -1,02342e+00
6316	  1,2630000000e+04	 -4,28000e-01	 -1,02280e+00
6317	  1,2632000000e+04	 -4,29645e-01	 -1,01998e+00
6318	  1,2634000000e+04	 -4,32508e-01	 -1,01587e+00
6319	  1,2636000000e+04	 -4,36985e-01	 -1,01354e+00
6320	  1,2638000000e+04	 -4,43273e-01	 -1,00901e+00
6321	  1,2640000000e+04	 -4,44056e-01	 -1,00365e+00
6322	  1,2642000000e+04	 -4,40667e-01	 -1,00155e+00
6323	  1,2644000000e+04	 -4,43948e-01	 -1,00103e+00
6324	  1,2646000000e+04	 -4,43129e-01	 -9,97021e-01
6325	  1,2648000000e+04	 -4,40152e-01	 -9,93636e-01
6326	  1,2650000000e+04	 -4,38421e-01	 -9,89958e-01
6327	  1,2652000000e+04	 -4,40664e-01	 -9,89557e-01
6328	  1,2654000000e+04	 -4,41181e-01	 -9,83471e-01
6329	  1,2656000000e+04	 -4,42343e-01	 -9,82188e-01
6330	  1,2658000000e+04	 -4,39920e-01	 -9,81432e-01
6331	  1,2660000000e+04	 -4,37745e-01	 -9,79801e-01
6332	  1,2662000000e+04	 -4,37908e-01	 -9,78568e-01
6333	  1,2664000000e+04	 -4,38402e-01	 -9,75160e-01
6334	  1,2666000000e+04	 -4,37375e-01	 -9,73251e-01
6335	  1,2668000000e+04	 -4,34619e-01	 -9,72242e-01
6336	  1,2670000000e+04	 -4,35056e-01	 -9,71434e-01
6337	  1,2672000000e+04	 -4,37714e-01	 -9,71511e-01
6338	  1,2674000000e+04	 -4,36991e-01	 -9,69673e-01
6339	  1,2676000000e+04	 -4,38361e-01	 -9,68689e-01
6340	  1,2678000000e+04	 -4,42694e-01	 -9,68557e-01
6341	  1,2680000000e+04	 -4,43485e-01	 -9,68521e-01
6342	  1,2682000000e+04	 -4,43147e-01	 -9,68495e-01
6343	  1,2684000000e+04	 -4,42903e-01	 -9,64709e-01
6344	  1,2686000000e+04	 -4,45199e-01	 -9,62372e-01
6345	  1,2688000000e+04	 -4,47317e-01	 -9,62327e-01
6346	  1,2690000000e+04	 -4,45410e-01	 -9,64009e-01
6347	  1,2692000000e+04	 -4,47806e-01	 -9,61740e-01
6348	  1,2694000000e+04	 -4,47996e-01	 -9,58917e-01
6349	  1,2696000000e+04	 -4,51287e-01	 -9,60163e-01
6350	  1,2698000000e+04	 -4,50908e-01	 -9,56626e-01
6351	  1,2700000000e+04	 -4,49417e-01	 -9,53972e-01
6352	  1,2702000000e+04	 -4,51098e-01	 -9,56152e-01
6353	  1,2704000000e+04	 -4,51423e-01	 -9,55734e-01
6354	  1,2706000000e+04	 -4,52031e-01	 -9,54801e-01
6355	  1,2708000000e+04	 -4,53739e-01	 -9,54305e-01
6356	  1,2710000000e+04	 -4,54396e-01	 -9,51074e-01
6357	  1,2712000000e+04	 -4,56200e-01	 -9,51022e-01
6358	  1,2714000000e+04	 -4,53288e-01	 -9,46352e-01
6359	  1,2716000000e+04	 -4,54568e-01	 -9,45964e-01
6360	  1,2718000000e+04	 -4,57567e-01	 -9,44617e-01
6361	  1,2720000000e+04	 -4,57193e-01	 -9,45236e-01
6362	  1,2722000000e+04	 -4,57191e-01	 -9,48466e-01
6363	  1,2724000000e+04	 -4,54119e-01	 -9,48179e-01
6364	  1,2726000000e+04	 -4,56677e-01	 -9,47604e-01
6365	  1,2728000000e+04	 -4,56649e-01	 -9,47503e-01
6366	  1,2730000000e+04	 -4,57233e-01	 -9,42504e-01
6367	  1,2732000000e+04	 -4,57683e-01	 -9,45236e-01
6368	  1,2734000000e+04	 -4,57141e-01	 -9,48247e-01
6369	  1,2736000000e+04	 -4,58983e-01	 -9,46301e-01
6370	  1,2738000000e+04	 -4,59796e-01	 -9,45639e-01
6371	  1,2740000000e+04	 -4,61916e-01	 -9,48818e-01
6372	  1,2742000000e+04	 -4,63725e-01	 -9,47746e-01
6373	  1,2744000000e+04	 -4,64198e-01	 -9,48681e-01
6374	  1,2746000000e+04	 -4,66106e-01	 -9,50666e-01
6375	  1,2748000000e+04	 -4,69911e-01	 -9,51262e-01
6376	  1,2750000000e+04	 -4,73378e-01	 -9,52432e-01
6377	  1,2752000000e+04	 -4,71944e-01	 -9,53374e-01
6378	  1,2754000000e+04	 -4,74061e-01	 -9,50488e-01
6379	  1,2756000000e+04	 -4,76741e-01	 -9,48866e-01
6380	  1,2758000000e+04	 -4,77725e-01	 -9,49977e-01
6381	  1,2760000000e+04	 -4,82090e-01	 -9,51666e-01
6382	  1,2762000000e+04	 -4,84747e-01	 -9,55142e-01
6383	  1,2764000000e+04	 -4,86536e-01	 -9,54287e-01
6384	  1,2766000000e+04	 -4,90115e-01	 -9,55914e-01
6385	  1,2768000000e+04	 -4,92318e-01	 -9,55407e-01
6386	  1,2770000000e+04	 -4,92592e-01	 -9,56012e-01
6387	  1,2772000000e+04	 -4,94657e-01	 -9,54695e-01
6388	  1,2774000000e+04	 -4,96640e-01	 -9,54668e-01
6389	  1,2776000000e+04	 -5,00521e-01	 -9,51226e-01
6390	  1,2778000000e+04	 -5,02829e-01	 -9,50643e-01
6391	  1,2780000000e+04	 -5,05428e-01	 -9,51721e-01
6392	  1,2782000000e+04	 -5,06501e-01	 -9,46384e-01
6393	  1,2784000000e+04	 -5,06870e-01	 -9,48245e-01
6394	  1,2786000000e+04	 -5,10563e-01	 -9,49101e-01
6395	  1,2788000000e+04	 -5,10314e-01	 -9,49630e-01
6396	  1,2790000000e+04	 -5,12777e-01	 -9,50287e-01
6397	  1,2792000000e+04	 -5,14946e-01	 -9,52291e-01
6398	  1,2794000000e+04	 -5,17350e-01	 -9,55647e-01
6399	  1,2796000000e+04	 -5,17587e-01	 -9,53510e-01
6400	  1,2798000000e+04	 -5,19184e-01	 -9,52032e-01
6401	  1,2800000000e+04	 -5,24398e-01	 -9,53911e-01
TagsBegin:	 	 	 
OverLoad:	 	False	 
AverageNumber: []	 	  2,00000e+02	 
OverLoadRatio: []	 	  1,19209e-07	 
TagsEnd:	 	 	 
TagScalesBegin:	 	 	 
TagScalesEnd:	 	 	 
