Header Size:	 78	 	 
Pulse Version:	 42	 	 
Decimal Symbol:	,	 	 
Date Format:	dd-MM-yyyy	 	 
Time Format:	HH:mm:ss:mmm	 	 
Data Type:	Complex	 	 
Slice:	False	 	 
Z-Axis type:	Linear	 	 
Z-Axis size:	1	 	 
Z-Axis unit:	 	 	 
Z-Axis first value:	  0,0000000000e+00	 	 
Z-Axis delta:	  1,0000000000e+00	 	 
X-Axis type:	Linear	 	 
X-Axis size:	6401	 	 
X-Axis unit:	Hz	 	 
X-Axis first value:	  0,0000000000e+00	 	 
X-Axis delta:	  2,0000000000e+00	 	 
	 	 	 
AmplitudeUnit:	Pa/V	 	 
Analyzer:	FFT_Spectrum_Averaging	 	 
AnalyzerName:	FFT Analyzer1	 	 
	 	 	 
	 	 	 
Bipolar:	True	 	 
CenterFrequency:	  6,4000000000e+03	 	 
	 	 	 
	 	 	 
	 	 	 
	 	 	 
	 	 	 
	 	 	 
	 	 	 
	 	 	 
Domain:	1	 	 
Function:	Frequency Response	 	 
	 	 	 
InputRange:	  1,0000000000e+01	 	 
	 	 	 
	 	 	 
MultiBufferName:	Input	 	 
NBW:	  1,5000000000e+00	 	 
	 	 	 
OverlapFailed:	False	 	 
Overrun:	False	 	 
Power:	False	 	 
	 	 	 
Ratio:	True	 	 
RecordLength:	  5,0000000000e-01	 	 
ReducedSize:	True	 	 
Ref_Signal:	Signal 1	 	 
	 	 	 
	 	 	 
RefSignalUnit:	V	 	 
	 	 	 
	 	 	 
Signal:	Signal 16	 	 
	 	 	 
SignalUnit:	Pa	 	 
	 	 	 
	 	 	 
	 	 	 
Title:	Frequency Response H1(Signal 16,Signal 1) - Input	 	 
Title1:	Working : Input : Input : FFT Analyzer1	 	 
	 	 	 
	 	 	 
	 	 	 
ZoomOn:	True	 	 
	 	 	 
TemplateName:	Working	 	 
MeasurementName:	Input	 	 
MeasurementSlice:	False	 	 
	 	 	 
	 	 	 
	 	 	 
EnvelopeOn:	False	 	 
	 	 	 
	 	 	 
	 	 	 
Z-index:	 	1	 
Date:	 	14-07-2026	 
Time:	 	16:57:38:522	 
Relative time:	 	  0,00000e+00	 
Z-axis:	 	  0,0000000000e+00	 
1	  0,0000000000e+00	  4,70371e-05	  4,35827e-09
2	  2,0000000000e+00	  8,37518e-04	 -6,04778e-04
3	  4,0000000000e+00	  1,06425e-03	 -1,12444e-03
4	  6,0000000000e+00	 -1,36746e-03	  1,95321e-03
5	  8,0000000000e+00	 -2,93730e-03	  2,16417e-03
6	  1,0000000000e+01	 -8,97317e-03	  1,37900e-03
7	  1,2000000000e+01	 -8,51313e-03	  2,83843e-03
8	  1,4000000000e+01	 -2,48093e-03	  5,77590e-03
9	  1,6000000000e+01	  7,61626e-03	 -2,31401e-03
10	  1,8000000000e+01	  1,50580e-04	 -3,02053e-03
11	  2,0000000000e+01	 -9,21658e-04	 -5,52407e-04
12	  2,2000000000e+01	  2,39548e-03	  1,50769e-03
13	  2,4000000000e+01	  5,56551e-03	 -6,07622e-03
14	  2,6000000000e+01	  1,68620e-03	 -4,30861e-03
15	  2,8000000000e+01	 -1,50978e-03	 -5,95837e-03
16	  3,0000000000e+01	 -5,52675e-03	 -1,35440e-02
17	  3,2000000000e+01	 -1,60919e-02	 -1,88856e-02
18	  3,4000000000e+01	 -1,30681e-02	 -1,37169e-02
19	  3,6000000000e+01	 -1,10197e-02	 -8,41940e-03
20	  3,8000000000e+01	 -1,74635e-02	 -1,29047e-02
21	  4,0000000000e+01	 -2,64763e-02	 -1,95025e-02
22	  4,2000000000e+01	 -1,95317e-02	 -1,97072e-02
23	  4,4000000000e+01	 -2,86004e-02	 -1,18074e-02
24	  4,6000000000e+01	 -3,51414e-02	 -7,96927e-03
25	  4,8000000000e+01	 -2,13475e-02	 -7,97544e-03
26	  5,0000000000e+01	  1,05272e-02	 -6,80590e-03
27	  5,2000000000e+01	 -2,09570e-02	 -6,44673e-03
28	  5,4000000000e+01	 -3,00925e-02	 -6,30664e-03
29	  5,6000000000e+01	 -4,21493e-02	 -5,18045e-03
30	  5,8000000000e+01	 -5,06616e-02	 -5,82103e-03
31	  6,0000000000e+01	 -5,10290e-02	  3,13056e-03
32	  6,2000000000e+01	 -5,74022e-02	  1,25236e-02
33	  6,4000000000e+01	 -6,75159e-02	  1,65434e-02
34	  6,6000000000e+01	 -7,01727e-02	  1,82859e-02
35	  6,8000000000e+01	 -6,86034e-02	  2,25603e-02
36	  7,0000000000e+01	 -7,22325e-02	  3,50645e-02
37	  7,2000000000e+01	 -7,80751e-02	  3,28424e-02
38	  7,4000000000e+01	 -8,40964e-02	  3,65882e-02
39	  7,6000000000e+01	 -8,16312e-02	  5,39102e-02
40	  7,8000000000e+01	 -7,74684e-02	  6,60791e-02
41	  8,0000000000e+01	 -7,31570e-02	  6,56577e-02
42	  8,2000000000e+01	 -8,07044e-02	  7,15223e-02
43	  8,4000000000e+01	 -8,11617e-02	  7,37570e-02
44	  8,6000000000e+01	 -8,12578e-02	  8,01156e-02
45	  8,8000000000e+01	 -8,13415e-02	  8,75978e-02
46	  9,0000000000e+01	 -7,96759e-02	  9,52708e-02
47	  9,2000000000e+01	 -7,81979e-02	  1,01135e-01
48	  9,4000000000e+01	 -8,02309e-02	  1,09917e-01
49	  9,6000000000e+01	 -7,70746e-02	  1,23945e-01
50	  9,8000000000e+01	 -7,38633e-02	  1,35744e-01
51	  1,0000000000e+02	 -7,29195e-02	  1,39419e-01
52	  1,0200000000e+02	 -7,35534e-02	  1,46111e-01
53	  1,0400000000e+02	 -7,42373e-02	  1,56793e-01
54	  1,0600000000e+02	 -6,69976e-02	  1,65776e-01
55	  1,0800000000e+02	 -5,82501e-02	  1,74850e-01
56	  1,1000000000e+02	 -5,46325e-02	  1,82218e-01
57	  1,1200000000e+02	 -4,77975e-02	  1,87720e-01
58	  1,1400000000e+02	 -3,67932e-02	  1,98732e-01
59	  1,1600000000e+02	 -3,13444e-02	  2,08638e-01
60	  1,1800000000e+02	 -2,11878e-02	  2,19544e-01
61	  1,2000000000e+02	 -8,47374e-03	  2,25000e-01
62	  1,2200000000e+02	 -2,03473e-04	  2,35629e-01
63	  1,2400000000e+02	  9,88675e-03	  2,41493e-01
64	  1,2600000000e+02	  2,08780e-02	  2,52116e-01
65	  1,2800000000e+02	  3,04427e-02	  2,57025e-01
66	  1,3000000000e+02	  4,21508e-02	  2,64329e-01
67	  1,3200000000e+02	  5,93299e-02	  2,70786e-01
68	  1,3400000000e+02	  8,00114e-02	  2,74535e-01
69	  1,3600000000e+02	  9,24145e-02	  2,76879e-01
70	  1,3800000000e+02	  1,06437e-01	  2,81225e-01
71	  1,4000000000e+02	  1,20993e-01	  2,82890e-01
72	  1,4200000000e+02	  1,35275e-01	  2,81743e-01
73	  1,4400000000e+02	  1,52435e-01	  2,75858e-01
74	  1,4600000000e+02	  1,70330e-01	  2,75265e-01
75	  1,4800000000e+02	  1,90620e-01	  2,67433e-01
76	  1,5000000000e+02	  2,19119e-01	  2,49319e-01
77	  1,5200000000e+02	  2,17169e-01	  2,57366e-01
78	  1,5400000000e+02	  2,26349e-01	  2,49971e-01
79	  1,5600000000e+02	  2,40310e-01	  2,35694e-01
80	  1,5800000000e+02	  2,55007e-01	  2,28472e-01
81	  1,6000000000e+02	  2,67256e-01	  2,25942e-01
82	  1,6200000000e+02	  2,79049e-01	  2,14863e-01
83	  1,6400000000e+02	  2,91076e-01	  1,98148e-01
84	  1,6600000000e+02	  3,01211e-01	  1,90050e-01
85	  1,6800000000e+02	  3,07901e-01	  1,78133e-01
86	  1,7000000000e+02	  3,13857e-01	  1,66071e-01
87	  1,7200000000e+02	  3,23433e-01	  1,54371e-01
88	  1,7400000000e+02	  3,31904e-01	  1,44890e-01
89	  1,7600000000e+02	  3,39407e-01	  1,33297e-01
90	  1,7800000000e+02	  3,44004e-01	  1,20104e-01
91	  1,8000000000e+02	  3,50006e-01	  1,05271e-01
92	  1,8200000000e+02	  3,57236e-01	  9,16188e-02
93	  1,8400000000e+02	  3,57013e-01	  8,17886e-02
94	  1,8600000000e+02	  3,61028e-01	  7,01838e-02
95	  1,8800000000e+02	  3,61369e-01	  5,71162e-02
96	  1,9000000000e+02	  3,63071e-01	  4,23425e-02
97	  1,9200000000e+02	  3,64479e-01	  3,17488e-02
98	  1,9400000000e+02	  3,64095e-01	  1,93724e-02
99	  1,9600000000e+02	  3,64440e-01	  6,69673e-03
100	  1,9800000000e+02	  3,68688e-01	 -7,74822e-04
101	  2,0000000000e+02	  3,66477e-01	 -1,38140e-02
102	  2,0200000000e+02	  3,64935e-01	 -2,56911e-02
103	  2,0400000000e+02	  3,61386e-01	 -3,80385e-02
104	  2,0600000000e+02	  3,58467e-01	 -4,70096e-02
105	  2,0800000000e+02	  3,54790e-01	 -5,60799e-02
106	  2,1000000000e+02	  3,56016e-01	 -6,46460e-02
107	  2,1200000000e+02	  3,52141e-01	 -7,26219e-02
108	  2,1400000000e+02	  3,49774e-01	 -8,23726e-02
109	  2,1600000000e+02	  3,46731e-01	 -9,16008e-02
110	  2,1800000000e+02	  3,46216e-01	 -1,00318e-01
111	  2,2000000000e+02	  3,43889e-01	 -1,08530e-01
112	  2,2200000000e+02	  3,40416e-01	 -1,19615e-01
113	  2,2400000000e+02	  3,36958e-01	 -1,31135e-01
114	  2,2600000000e+02	  3,34027e-01	 -1,37166e-01
115	  2,2800000000e+02	  3,25398e-01	 -1,43949e-01
116	  2,3000000000e+02	  3,20533e-01	 -1,53475e-01
117	  2,3200000000e+02	  3,17360e-01	 -1,59966e-01
118	  2,3400000000e+02	  3,14330e-01	 -1,66324e-01
119	  2,3600000000e+02	  3,06574e-01	 -1,74019e-01
120	  2,3800000000e+02	  3,02649e-01	 -1,81214e-01
121	  2,4000000000e+02	  2,97110e-01	 -1,87499e-01
122	  2,4200000000e+02	  2,89232e-01	 -1,93982e-01
123	  2,4400000000e+02	  2,84370e-01	 -1,97785e-01
124	  2,4600000000e+02	  2,76708e-01	 -1,99596e-01
125	  2,4800000000e+02	  2,72212e-01	 -2,09415e-01
126	  2,5000000000e+02	  2,70830e-01	 -2,26251e-01
127	  2,5200000000e+02	  2,67802e-01	 -2,18711e-01
128	  2,5400000000e+02	  2,61737e-01	 -2,19834e-01
129	  2,5600000000e+02	  2,57182e-01	 -2,26066e-01
130	  2,5800000000e+02	  2,51172e-01	 -2,32504e-01
131	  2,6000000000e+02	  2,46006e-01	 -2,36240e-01
132	  2,6200000000e+02	  2,41355e-01	 -2,41167e-01
133	  2,6400000000e+02	  2,34387e-01	 -2,45472e-01
134	  2,6600000000e+02	  2,28746e-01	 -2,50539e-01
135	  2,6800000000e+02	  2,27931e-01	 -2,52595e-01
136	  2,7000000000e+02	  2,24218e-01	 -2,59515e-01
137	  2,7200000000e+02	  2,15008e-01	 -2,66421e-01
138	  2,7400000000e+02	  2,12522e-01	 -2,73323e-01
139	  2,7600000000e+02	  2,09135e-01	 -2,76561e-01
140	  2,7800000000e+02	  2,02208e-01	 -2,79395e-01
141	  2,8000000000e+02	  1,95795e-01	 -2,83173e-01
142	  2,8200000000e+02	  1,85989e-01	 -2,86401e-01
143	  2,8400000000e+02	  1,78326e-01	 -2,89212e-01
144	  2,8600000000e+02	  1,71538e-01	 -2,93643e-01
145	  2,8800000000e+02	  1,66151e-01	 -2,95822e-01
146	  2,9000000000e+02	  1,60333e-01	 -2,94697e-01
147	  2,9200000000e+02	  1,53754e-01	 -2,98321e-01
148	  2,9400000000e+02	  1,47631e-01	 -3,01381e-01
149	  2,9600000000e+02	  1,39425e-01	 -3,03198e-01
150	  2,9800000000e+02	  1,31556e-01	 -3,01169e-01
151	  3,0000000000e+02	  1,25866e-01	 -3,01260e-01
152	  3,0200000000e+02	  1,22758e-01	 -3,05314e-01
153	  3,0400000000e+02	  1,18677e-01	 -3,08189e-01
154	  3,0600000000e+02	  1,13374e-01	 -3,08569e-01
155	  3,0800000000e+02	  1,08936e-01	 -3,04961e-01
156	  3,1000000000e+02	  1,02777e-01	 -3,03453e-01
157	  3,1200000000e+02	  9,83566e-02	 -3,08750e-01
158	  3,1400000000e+02	  9,23611e-02	 -3,09923e-01
159	  3,1600000000e+02	  8,67664e-02	 -3,11530e-01
160	  3,1800000000e+02	  7,84846e-02	 -3,15564e-01
161	  3,2000000000e+02	  7,31815e-02	 -3,20555e-01
162	  3,2200000000e+02	  6,56302e-02	 -3,18494e-01
163	  3,2400000000e+02	  5,84762e-02	 -3,12936e-01
164	  3,2600000000e+02	  5,54608e-02	 -3,09570e-01
165	  3,2800000000e+02	  5,27304e-02	 -3,08164e-01
166	  3,3000000000e+02	  4,83500e-02	 -3,10964e-01
167	  3,3200000000e+02	  4,33259e-02	 -3,12469e-01
168	  3,3400000000e+02	  3,45709e-02	 -3,12233e-01
169	  3,3600000000e+02	  3,29890e-02	 -3,09733e-01
170	  3,3800000000e+02	  2,70895e-02	 -3,06917e-01
171	  3,4000000000e+02	  2,55642e-02	 -3,08133e-01
172	  3,4200000000e+02	  2,08994e-02	 -3,07582e-01
173	  3,4400000000e+02	  1,75457e-02	 -3,06688e-01
174	  3,4600000000e+02	  1,30546e-02	 -3,08704e-01
175	  3,4800000000e+02	  8,15682e-03	 -3,10811e-01
176	  3,5000000000e+02	  5,71607e-03	 -3,11702e-01
177	  3,5200000000e+02	  1,53526e-03	 -3,11698e-01
178	  3,5400000000e+02	 -1,48287e-03	 -3,12946e-01
179	  3,5600000000e+02	 -4,42888e-03	 -3,10850e-01
180	  3,5800000000e+02	 -1,24174e-02	 -3,12940e-01
181	  3,6000000000e+02	 -1,80919e-02	 -3,15771e-01
182	  3,6200000000e+02	 -2,20332e-02	 -3,14871e-01
183	  3,6400000000e+02	 -2,86311e-02	 -3,15180e-01
184	  3,6600000000e+02	 -3,59713e-02	 -3,14202e-01
185	  3,6800000000e+02	 -3,83035e-02	 -3,12066e-01
186	  3,7000000000e+02	 -4,37586e-02	 -3,12229e-01
187	  3,7200000000e+02	 -4,93899e-02	 -3,12432e-01
188	  3,7400000000e+02	 -5,23767e-02	 -3,11782e-01
189	  3,7600000000e+02	 -6,02715e-02	 -3,08020e-01
190	  3,7800000000e+02	 -6,62613e-02	 -3,05468e-01
191	  3,8000000000e+02	 -7,30727e-02	 -3,01930e-01
192	  3,8200000000e+02	 -7,82611e-02	 -3,03523e-01
193	  3,8400000000e+02	 -7,94479e-02	 -3,04538e-01
194	  3,8600000000e+02	 -8,10957e-02	 -3,02535e-01
195	  3,8800000000e+02	 -8,82314e-02	 -2,99499e-01
196	  3,9000000000e+02	 -9,52362e-02	 -2,95350e-01
197	  3,9200000000e+02	 -9,78059e-02	 -2,93165e-01
198	  3,9400000000e+02	 -9,89206e-02	 -2,89764e-01
199	  3,9600000000e+02	 -1,05100e-01	 -2,86834e-01
200	  3,9800000000e+02	 -1,10247e-01	 -2,86838e-01
201	  4,0000000000e+02	 -1,15480e-01	 -2,83763e-01
202	  4,0200000000e+02	 -1,18931e-01	 -2,82218e-01
203	  4,0400000000e+02	 -1,23215e-01	 -2,81408e-01
204	  4,0600000000e+02	 -1,26424e-01	 -2,78595e-01
205	  4,0800000000e+02	 -1,30066e-01	 -2,74827e-01
206	  4,1000000000e+02	 -1,34340e-01	 -2,72365e-01
207	  4,1200000000e+02	 -1,37401e-01	 -2,67514e-01
208	  4,1400000000e+02	 -1,41031e-01	 -2,64465e-01
209	  4,1600000000e+02	 -1,43772e-01	 -2,62433e-01
210	  4,1800000000e+02	 -1,46562e-01	 -2,60877e-01
211	  4,2000000000e+02	 -1,49784e-01	 -2,57270e-01
212	  4,2200000000e+02	 -1,52987e-01	 -2,54635e-01
213	  4,2400000000e+02	 -1,57915e-01	 -2,55874e-01
214	  4,2600000000e+02	 -1,62763e-01	 -2,50291e-01
215	  4,2800000000e+02	 -1,64301e-01	 -2,44919e-01
216	  4,3000000000e+02	 -1,63173e-01	 -2,42603e-01
217	  4,3200000000e+02	 -1,64152e-01	 -2,36686e-01
218	  4,3400000000e+02	 -1,70006e-01	 -2,33294e-01
219	  4,3600000000e+02	 -1,70657e-01	 -2,32410e-01
220	  4,3800000000e+02	 -1,73134e-01	 -2,31816e-01
221	  4,4000000000e+02	 -1,76164e-01	 -2,29308e-01
222	  4,4200000000e+02	 -1,77659e-01	 -2,26211e-01
223	  4,4400000000e+02	 -1,79332e-01	 -2,22347e-01
224	  4,4600000000e+02	 -1,80738e-01	 -2,21838e-01
225	  4,4800000000e+02	 -1,82641e-01	 -2,22215e-01
226	  4,5000000000e+02	 -1,85825e-01	 -2,19204e-01
227	  4,5200000000e+02	 -1,86116e-01	 -2,18283e-01
228	  4,5400000000e+02	 -1,88578e-01	 -2,18889e-01
229	  4,5600000000e+02	 -1,92629e-01	 -2,17475e-01
230	  4,5800000000e+02	 -1,95943e-01	 -2,15686e-01
231	  4,6000000000e+02	 -2,01084e-01	 -2,13447e-01
232	  4,6200000000e+02	 -2,07085e-01	 -2,11263e-01
233	  4,6400000000e+02	 -2,10250e-01	 -2,07004e-01
234	  4,6600000000e+02	 -2,10200e-01	 -2,04492e-01
235	  4,6800000000e+02	 -2,13850e-01	 -2,03079e-01
236	  4,7000000000e+02	 -2,18391e-01	 -2,00648e-01
237	  4,7200000000e+02	 -2,20940e-01	 -1,97306e-01
238	  4,7400000000e+02	 -2,23717e-01	 -1,94008e-01
239	  4,7600000000e+02	 -2,26010e-01	 -1,90891e-01
240	  4,7800000000e+02	 -2,29147e-01	 -1,85548e-01
241	  4,8000000000e+02	 -2,29142e-01	 -1,83473e-01
242	  4,8200000000e+02	 -2,29620e-01	 -1,80078e-01
243	  4,8400000000e+02	 -2,33209e-01	 -1,79817e-01
244	  4,8600000000e+02	 -2,35246e-01	 -1,79225e-01
245	  4,8800000000e+02	 -2,39321e-01	 -1,77857e-01
246	  4,9000000000e+02	 -2,43201e-01	 -1,76204e-01
247	  4,9200000000e+02	 -2,47369e-01	 -1,72013e-01
248	  4,9400000000e+02	 -2,51474e-01	 -1,65993e-01
249	  4,9600000000e+02	 -2,55227e-01	 -1,64710e-01
250	  4,9800000000e+02	 -2,61282e-01	 -1,61784e-01
251	  5,0000000000e+02	 -2,63852e-01	 -1,54687e-01
252	  5,0200000000e+02	 -2,65300e-01	 -1,51755e-01
253	  5,0400000000e+02	 -2,68569e-01	 -1,44042e-01
254	  5,0600000000e+02	 -2,66645e-01	 -1,37593e-01
255	  5,0800000000e+02	 -2,69873e-01	 -1,33060e-01
256	  5,1000000000e+02	 -2,71839e-01	 -1,26380e-01
257	  5,1200000000e+02	 -2,68997e-01	 -1,23930e-01
258	  5,1400000000e+02	 -2,68462e-01	 -1,21517e-01
259	  5,1600000000e+02	 -2,71993e-01	 -1,15002e-01
260	  5,1800000000e+02	 -2,70737e-01	 -1,10760e-01
261	  5,2000000000e+02	 -2,71200e-01	 -1,06803e-01
262	  5,2200000000e+02	 -2,71389e-01	 -1,03602e-01
263	  5,2400000000e+02	 -2,70590e-01	 -1,00405e-01
264	  5,2600000000e+02	 -2,70760e-01	 -9,83711e-02
265	  5,2800000000e+02	 -2,73571e-01	 -9,52857e-02
266	  5,3000000000e+02	 -2,75849e-01	 -9,25817e-02
267	  5,3200000000e+02	 -2,75889e-01	 -9,12251e-02
268	  5,3400000000e+02	 -2,73775e-01	 -8,77914e-02
269	  5,3600000000e+02	 -2,75299e-01	 -8,25810e-02
270	  5,3800000000e+02	 -2,76322e-01	 -7,88435e-02
271	  5,4000000000e+02	 -2,76995e-01	 -7,52859e-02
272	  5,4200000000e+02	 -2,75784e-01	 -7,25046e-02
273	  5,4400000000e+02	 -2,76340e-01	 -6,99500e-02
274	  5,4600000000e+02	 -2,76491e-01	 -6,96971e-02
275	  5,4800000000e+02	 -2,78658e-01	 -6,92168e-02
276	  5,5000000000e+02	 -2,81979e-01	 -6,99163e-02
277	  5,5200000000e+02	 -2,87071e-01	 -6,57209e-02
278	  5,5400000000e+02	 -2,89781e-01	 -6,23876e-02
279	  5,5600000000e+02	 -2,91533e-01	 -5,34986e-02
280	  5,5800000000e+02	 -2,89852e-01	 -5,02767e-02
281	  5,6000000000e+02	 -2,91559e-01	 -4,81803e-02
282	  5,6200000000e+02	 -2,95687e-01	 -4,52950e-02
283	  5,6400000000e+02	 -2,97114e-01	 -3,92666e-02
284	  5,6600000000e+02	 -2,98050e-01	 -3,43587e-02
285	  5,6800000000e+02	 -2,98906e-01	 -3,14387e-02
286	  5,7000000000e+02	 -2,99709e-01	 -2,63233e-02
287	  5,7200000000e+02	 -3,01451e-01	 -2,10924e-02
288	  5,7400000000e+02	 -3,00237e-01	 -1,55741e-02
289	  5,7600000000e+02	 -2,97279e-01	 -1,01255e-02
290	  5,7800000000e+02	 -2,98752e-01	 -3,80791e-03
291	  5,8000000000e+02	 -2,99421e-01	 -4,05711e-03
292	  5,8200000000e+02	 -3,01395e-01	  5,77655e-04
293	  5,8400000000e+02	 -3,01575e-01	  4,25325e-03
294	  5,8600000000e+02	 -3,00238e-01	  1,16978e-02
295	  5,8800000000e+02	 -2,98416e-01	  1,65908e-02
296	  5,9000000000e+02	 -2,97079e-01	  2,10381e-02
297	  5,9200000000e+02	 -2,94173e-01	  2,29050e-02
298	  5,9400000000e+02	 -2,93695e-01	  2,63477e-02
299	  5,9600000000e+02	 -2,93655e-01	  3,20082e-02
300	  5,9800000000e+02	 -2,92410e-01	  3,69292e-02
301	  6,0000000000e+02	 -2,89178e-01	  3,84298e-02
302	  6,0200000000e+02	 -2,91725e-01	  4,14909e-02
303	  6,0400000000e+02	 -2,94297e-01	  4,37977e-02
304	  6,0600000000e+02	 -2,91226e-01	  4,91559e-02
305	  6,0800000000e+02	 -2,87119e-01	  5,25999e-02
306	  6,1000000000e+02	 -2,86800e-01	  5,45214e-02
307	  6,1200000000e+02	 -2,86180e-01	  5,97099e-02
308	  6,1400000000e+02	 -2,84895e-01	  6,29035e-02
309	  6,1600000000e+02	 -2,84739e-01	  6,62444e-02
310	  6,1800000000e+02	 -2,85181e-01	  6,89995e-02
311	  6,2000000000e+02	 -2,84462e-01	  7,33942e-02
312	  6,2200000000e+02	 -2,80106e-01	  7,85023e-02
313	  6,2400000000e+02	 -2,79188e-01	  8,14334e-02
314	  6,2600000000e+02	 -2,80254e-01	  8,38535e-02
315	  6,2800000000e+02	 -2,76888e-01	  8,76331e-02
316	  6,3000000000e+02	 -2,77729e-01	  9,07655e-02
317	  6,3200000000e+02	 -2,75028e-01	  9,47212e-02
318	  6,3400000000e+02	 -2,73288e-01	  9,87173e-02
319	  6,3600000000e+02	 -2,71659e-01	  1,02703e-01
320	  6,3800000000e+02	 -2,70627e-01	  1,04710e-01
321	  6,4000000000e+02	 -2,68707e-01	  1,09123e-01
322	  6,4200000000e+02	 -2,68329e-01	  1,12851e-01
323	  6,4400000000e+02	 -2,66233e-01	  1,17345e-01
324	  6,4600000000e+02	 -2,66369e-01	  1,19972e-01
325	  6,4800000000e+02	 -2,60956e-01	  1,25258e-01
326	  6,5000000000e+02	 -2,56769e-01	  1,32392e-01
327	  6,5200000000e+02	 -2,55956e-01	  1,34300e-01
328	  6,5400000000e+02	 -2,55450e-01	  1,33217e-01
329	  6,5600000000e+02	 -2,52784e-01	  1,36786e-01
330	  6,5800000000e+02	 -2,48348e-01	  1,41320e-01
331	  6,6000000000e+02	 -2,45354e-01	  1,43978e-01
332	  6,6200000000e+02	 -2,40484e-01	  1,47077e-01
333	  6,6400000000e+02	 -2,37129e-01	  1,46899e-01
334	  6,6600000000e+02	 -2,35013e-01	  1,45712e-01
335	  6,6800000000e+02	 -2,32970e-01	  1,46576e-01
336	  6,7000000000e+02	 -2,30915e-01	  1,46153e-01
337	  6,7200000000e+02	 -2,28901e-01	  1,43607e-01
338	  6,7400000000e+02	 -2,28281e-01	  1,40432e-01
339	  6,7600000000e+02	 -2,30681e-01	  1,43130e-01
340	  6,7800000000e+02	 -2,32488e-01	  1,48354e-01
341	  6,8000000000e+02	 -2,31919e-01	  1,48717e-01
342	  6,8200000000e+02	 -2,35087e-01	  1,51311e-01
343	  6,8400000000e+02	 -2,35972e-01	  1,55114e-01
344	  6,8600000000e+02	 -2,33417e-01	  1,61785e-01
345	  6,8800000000e+02	 -2,33792e-01	  1,65002e-01
346	  6,9000000000e+02	 -2,32905e-01	  1,68024e-01
347	  6,9200000000e+02	 -2,29514e-01	  1,73322e-01
348	  6,9400000000e+02	 -2,29204e-01	  1,75374e-01
349	  6,9600000000e+02	 -2,28153e-01	  1,79129e-01
350	  6,9800000000e+02	 -2,26131e-01	  1,85218e-01
351	  7,0000000000e+02	 -2,24446e-01	  1,89568e-01
352	  7,0200000000e+02	 -2,22795e-01	  1,94010e-01
353	  7,0400000000e+02	 -2,20238e-01	  1,96829e-01
354	  7,0600000000e+02	 -2,17326e-01	  1,99583e-01
355	  7,0800000000e+02	 -2,15483e-01	  2,03335e-01
356	  7,1000000000e+02	 -2,12005e-01	  2,07144e-01
357	  7,1200000000e+02	 -2,07202e-01	  2,08316e-01
358	  7,1400000000e+02	 -2,06424e-01	  2,09420e-01
359	  7,1600000000e+02	 -2,03564e-01	  2,10802e-01
360	  7,1800000000e+02	 -2,02186e-01	  2,13684e-01
361	  7,2000000000e+02	 -2,00338e-01	  2,19824e-01
362	  7,2200000000e+02	 -1,97762e-01	  2,25235e-01
363	  7,2400000000e+02	 -1,95217e-01	  2,24664e-01
364	  7,2600000000e+02	 -1,92254e-01	  2,28428e-01
365	  7,2800000000e+02	 -1,89614e-01	  2,30800e-01
366	  7,3000000000e+02	 -1,86977e-01	  2,34509e-01
367	  7,3200000000e+02	 -1,85118e-01	  2,36172e-01
368	  7,3400000000e+02	 -1,84415e-01	  2,39657e-01
369	  7,3600000000e+02	 -1,81993e-01	  2,42247e-01
370	  7,3800000000e+02	 -1,78110e-01	  2,45566e-01
371	  7,4000000000e+02	 -1,74076e-01	  2,49244e-01
372	  7,4200000000e+02	 -1,72309e-01	  2,52410e-01
373	  7,4400000000e+02	 -1,70525e-01	  2,54805e-01
374	  7,4600000000e+02	 -1,64155e-01	  2,58610e-01
375	  7,4800000000e+02	 -1,60042e-01	  2,60755e-01
376	  7,5000000000e+02	 -1,55758e-01	  2,61820e-01
377	  7,5200000000e+02	 -1,50296e-01	  2,64566e-01
378	  7,5400000000e+02	 -1,48027e-01	  2,67240e-01
379	  7,5600000000e+02	 -1,41746e-01	  2,71876e-01
380	  7,5800000000e+02	 -1,37039e-01	  2,72887e-01
381	  7,6000000000e+02	 -1,33195e-01	  2,75312e-01
382	  7,6200000000e+02	 -1,28443e-01	  2,76282e-01
383	  7,6400000000e+02	 -1,25470e-01	  2,79133e-01
384	  7,6600000000e+02	 -1,20905e-01	  2,81278e-01
385	  7,6800000000e+02	 -1,16739e-01	  2,81055e-01
386	  7,7000000000e+02	 -1,14504e-01	  2,82521e-01
387	  7,7200000000e+02	 -1,12559e-01	  2,83068e-01
388	  7,7400000000e+02	 -1,07677e-01	  2,83059e-01
389	  7,7600000000e+02	 -1,03423e-01	  2,80646e-01
390	  7,7800000000e+02	 -1,01932e-01	  2,82016e-01
391	  7,8000000000e+02	 -9,91987e-02	  2,82258e-01
392	  7,8200000000e+02	 -9,55536e-02	  2,81249e-01
393	  7,8400000000e+02	 -9,16802e-02	  2,84563e-01
394	  7,8600000000e+02	 -8,84817e-02	  2,86035e-01
395	  7,8800000000e+02	 -8,69544e-02	  2,87926e-01
396	  7,9000000000e+02	 -8,37688e-02	  2,91886e-01
397	  7,9200000000e+02	 -8,11588e-02	  2,93326e-01
398	  7,9400000000e+02	 -7,85318e-02	  2,92716e-01
399	  7,9600000000e+02	 -7,41775e-02	  2,93512e-01
400	  7,9800000000e+02	 -6,67262e-02	  2,95426e-01
401	  8,0000000000e+02	 -6,35341e-02	  2,95639e-01
402	  8,0200000000e+02	 -6,17896e-02	  2,98205e-01
403	  8,0400000000e+02	 -5,71401e-02	  2,98861e-01
404	  8,0600000000e+02	 -5,27306e-02	  2,98898e-01
405	  8,0800000000e+02	 -5,14987e-02	  3,00125e-01
406	  8,1000000000e+02	 -4,77160e-02	  3,02514e-01
407	  8,1200000000e+02	 -4,17673e-02	  3,00273e-01
408	  8,1400000000e+02	 -3,60127e-02	  2,99147e-01
409	  8,1600000000e+02	 -2,98870e-02	  3,00222e-01
410	  8,1800000000e+02	 -2,69381e-02	  3,01331e-01
411	  8,2000000000e+02	 -2,28745e-02	  3,00720e-01
412	  8,2200000000e+02	 -2,01886e-02	  3,02000e-01
413	  8,2400000000e+02	 -1,85137e-02	  3,05435e-01
414	  8,2600000000e+02	 -1,47081e-02	  3,05074e-01
415	  8,2800000000e+02	 -8,75190e-03	  3,05891e-01
416	  8,3000000000e+02	 -4,75518e-03	  3,06341e-01
417	  8,3200000000e+02	 -1,47172e-03	  3,02633e-01
418	  8,3400000000e+02	  4,92834e-04	  3,02271e-01
419	  8,3600000000e+02	  6,76880e-03	  3,04963e-01
420	  8,3800000000e+02	  9,91963e-03	  3,04729e-01
421	  8,4000000000e+02	  1,16851e-02	  3,02898e-01
422	  8,4200000000e+02	  1,65075e-02	  3,06164e-01
423	  8,4400000000e+02	  2,48928e-02	  3,05795e-01
424	  8,4600000000e+02	  2,87728e-02	  3,06191e-01
425	  8,4800000000e+02	  3,34567e-02	  3,07321e-01
426	  8,5000000000e+02	  3,58020e-02	  3,04298e-01
427	  8,5200000000e+02	  3,84076e-02	  3,02918e-01
428	  8,5400000000e+02	  4,21721e-02	  3,03497e-01
429	  8,5600000000e+02	  4,65067e-02	  3,05785e-01
430	  8,5800000000e+02	  5,09321e-02	  3,05443e-01
431	  8,6000000000e+02	  5,28334e-02	  3,00558e-01
432	  8,6200000000e+02	  5,71900e-02	  2,98819e-01
433	  8,6400000000e+02	  6,32792e-02	  2,96794e-01
434	  8,6600000000e+02	  6,62614e-02	  2,94926e-01
435	  8,6800000000e+02	  6,74302e-02	  2,94750e-01
436	  8,7000000000e+02	  7,31790e-02	  2,93567e-01
437	  8,7200000000e+02	  7,63211e-02	  2,93636e-01
438	  8,7400000000e+02	  7,73643e-02	  2,94623e-01
439	  8,7600000000e+02	  7,92133e-02	  2,91487e-01
440	  8,7800000000e+02	  8,26187e-02	  2,91652e-01
441	  8,8000000000e+02	  9,04601e-02	  2,89801e-01
442	  8,8200000000e+02	  9,43952e-02	  2,88293e-01
443	  8,8400000000e+02	  9,41477e-02	  2,88220e-01
444	  8,8600000000e+02	  9,74101e-02	  2,87677e-01
445	  8,8800000000e+02	  1,00476e-01	  2,86942e-01
446	  8,9000000000e+02	  1,04877e-01	  2,88147e-01
447	  8,9200000000e+02	  1,11319e-01	  2,87193e-01
448	  8,9400000000e+02	  1,15211e-01	  2,86570e-01
449	  8,9600000000e+02	  1,18495e-01	  2,86853e-01
450	  8,9800000000e+02	  1,21763e-01	  2,86156e-01
451	  9,0000000000e+02	  1,24770e-01	  2,86087e-01
452	  9,0200000000e+02	  1,28830e-01	  2,84169e-01
453	  9,0400000000e+02	  1,34940e-01	  2,80309e-01
454	  9,0600000000e+02	  1,39447e-01	  2,78593e-01
455	  9,0800000000e+02	  1,44998e-01	  2,74622e-01
456	  9,1000000000e+02	  1,50031e-01	  2,73377e-01
457	  9,1200000000e+02	  1,54246e-01	  2,73190e-01
458	  9,1400000000e+02	  1,58949e-01	  2,70433e-01
459	  9,1600000000e+02	  1,59884e-01	  2,68218e-01
460	  9,1800000000e+02	  1,64617e-01	  2,65734e-01
461	  9,2000000000e+02	  1,70377e-01	  2,62987e-01
462	  9,2200000000e+02	  1,74679e-01	  2,60698e-01
463	  9,2400000000e+02	  1,79084e-01	  2,55845e-01
464	  9,2600000000e+02	  1,83333e-01	  2,53618e-01
465	  9,2800000000e+02	  1,86684e-01	  2,51577e-01
466	  9,3000000000e+02	  1,89924e-01	  2,46085e-01
467	  9,3200000000e+02	  1,92317e-01	  2,44615e-01
468	  9,3400000000e+02	  1,93672e-01	  2,38190e-01
469	  9,3600000000e+02	  1,95141e-01	  2,35693e-01
470	  9,3800000000e+02	  1,98228e-01	  2,33312e-01
471	  9,4000000000e+02	  2,03144e-01	  2,28260e-01
472	  9,4200000000e+02	  2,04175e-01	  2,24022e-01
473	  9,4400000000e+02	  2,06859e-01	  2,19682e-01
474	  9,4600000000e+02	  2,08765e-01	  2,16989e-01
475	  9,4800000000e+02	  2,08219e-01	  2,13932e-01
476	  9,5000000000e+02	  2,07562e-01	  2,12571e-01
477	  9,5200000000e+02	  2,07289e-01	  2,07281e-01
478	  9,5400000000e+02	  2,09308e-01	  2,05456e-01
479	  9,5600000000e+02	  2,11444e-01	  2,02886e-01
480	  9,5800000000e+02	  2,13550e-01	  2,02205e-01
481	  9,6000000000e+02	  2,15925e-01	  2,00053e-01
482	  9,6200000000e+02	  2,17687e-01	  1,96476e-01
483	  9,6400000000e+02	  2,17972e-01	  1,94188e-01
484	  9,6600000000e+02	  2,19909e-01	  1,95170e-01
485	  9,6800000000e+02	  2,21515e-01	  1,93997e-01
486	  9,7000000000e+02	  2,22545e-01	  1,93610e-01
487	  9,7200000000e+02	  2,22426e-01	  1,91074e-01
488	  9,7400000000e+02	  2,27487e-01	  1,89449e-01
489	  9,7600000000e+02	  2,29244e-01	  1,89050e-01
490	  9,7800000000e+02	  2,29485e-01	  1,86334e-01
491	  9,8000000000e+02	  2,34333e-01	  1,85818e-01
492	  9,8200000000e+02	  2,39597e-01	  1,82393e-01
493	  9,8400000000e+02	  2,44255e-01	  1,82746e-01
494	  9,8600000000e+02	  2,46171e-01	  1,81380e-01
495	  9,8800000000e+02	  2,48128e-01	  1,79152e-01
496	  9,9000000000e+02	  2,51185e-01	  1,74684e-01
497	  9,9200000000e+02	  2,56713e-01	  1,69445e-01
498	  9,9400000000e+02	  2,59649e-01	  1,66614e-01
499	  9,9600000000e+02	  2,61677e-01	  1,62972e-01
500	  9,9800000000e+02	  2,64034e-01	  1,59952e-01
501	  1,0000000000e+03	  2,67053e-01	  1,54570e-01
502	  1,0020000000e+03	  2,70019e-01	  1,51180e-01
503	  1,0040000000e+03	  2,72007e-01	  1,46775e-01
504	  1,0060000000e+03	  2,76529e-01	  1,42667e-01
505	  1,0080000000e+03	  2,79028e-01	  1,38027e-01
506	  1,0100000000e+03	  2,78162e-01	  1,34090e-01
507	  1,0120000000e+03	  2,82124e-01	  1,31797e-01
508	  1,0140000000e+03	  2,84867e-01	  1,28364e-01
509	  1,0160000000e+03	  2,86763e-01	  1,21482e-01
510	  1,0180000000e+03	  2,88714e-01	  1,15963e-01
511	  1,0200000000e+03	  2,86523e-01	  1,09708e-01
512	  1,0220000000e+03	  2,88788e-01	  1,04621e-01
513	  1,0240000000e+03	  2,89492e-01	  9,97531e-02
514	  1,0260000000e+03	  2,89357e-01	  9,64802e-02
515	  1,0280000000e+03	  2,88972e-01	  9,11405e-02
516	  1,0300000000e+03	  2,87746e-01	  8,53127e-02
517	  1,0320000000e+03	  2,88838e-01	  8,11887e-02
518	  1,0340000000e+03	  2,88404e-01	  7,77182e-02
519	  1,0360000000e+03	  2,90025e-01	  7,32319e-02
520	  1,0380000000e+03	  2,89927e-01	  7,12603e-02
521	  1,0400000000e+03	  2,86411e-01	  6,78409e-02
522	  1,0420000000e+03	  2,85791e-01	  6,34024e-02
523	  1,0440000000e+03	  2,87132e-01	  6,07382e-02
524	  1,0460000000e+03	  2,88508e-01	  5,88071e-02
525	  1,0480000000e+03	  2,87767e-01	  5,46796e-02
526	  1,0500000000e+03	  2,85131e-01	  5,06378e-02
527	  1,0520000000e+03	  2,82031e-01	  5,10514e-02
528	  1,0540000000e+03	  2,80687e-01	  4,90292e-02
529	  1,0560000000e+03	  2,81143e-01	  4,79317e-02
530	  1,0580000000e+03	  2,80476e-01	  4,42573e-02
531	  1,0600000000e+03	  2,83180e-01	  4,20678e-02
532	  1,0620000000e+03	  2,86236e-01	  4,16003e-02
533	  1,0640000000e+03	  2,83480e-01	  3,61354e-02
534	  1,0660000000e+03	  2,82461e-01	  3,15667e-02
535	  1,0680000000e+03	  2,81337e-01	  3,03080e-02
536	  1,0700000000e+03	  2,81539e-01	  2,82483e-02
537	  1,0720000000e+03	  2,85385e-01	  2,71114e-02
538	  1,0740000000e+03	  2,87374e-01	  2,47968e-02
539	  1,0760000000e+03	  2,88139e-01	  2,10439e-02
540	  1,0780000000e+03	  2,87515e-01	  1,84426e-02
541	  1,0800000000e+03	  2,88775e-01	  1,51975e-02
542	  1,0820000000e+03	  2,90897e-01	  1,09966e-02
543	  1,0840000000e+03	  2,91192e-01	  7,21949e-03
544	  1,0860000000e+03	  2,91337e-01	  3,37714e-03
545	  1,0880000000e+03	  2,93178e-01	 -7,30118e-04
546	  1,0900000000e+03	  2,90404e-01	 -5,16057e-03
547	  1,0920000000e+03	  2,91510e-01	 -9,00653e-03
548	  1,0940000000e+03	  2,89624e-01	 -1,03337e-02
549	  1,0960000000e+03	  2,89134e-01	 -1,51752e-02
550	  1,0980000000e+03	  2,88417e-01	 -2,00387e-02
551	  1,1000000000e+03	  2,85586e-01	 -2,49598e-02
552	  1,1020000000e+03	  2,84300e-01	 -2,96844e-02
553	  1,1040000000e+03	  2,82979e-01	 -2,98397e-02
554	  1,1060000000e+03	  2,81777e-01	 -3,12935e-02
555	  1,1080000000e+03	  2,79433e-01	 -3,36111e-02
556	  1,1100000000e+03	  2,75528e-01	 -3,52456e-02
557	  1,1120000000e+03	  2,72176e-01	 -3,82626e-02
558	  1,1140000000e+03	  2,72432e-01	 -3,70365e-02
559	  1,1160000000e+03	  2,72531e-01	 -3,63653e-02
560	  1,1180000000e+03	  2,71619e-01	 -3,80458e-02
561	  1,1200000000e+03	  2,70500e-01	 -3,82508e-02
562	  1,1220000000e+03	  2,68922e-01	 -3,84810e-02
563	  1,1240000000e+03	  2,65496e-01	 -3,71765e-02
564	  1,1260000000e+03	  2,66998e-01	 -3,42786e-02
565	  1,1280000000e+03	  2,70348e-01	 -3,42852e-02
566	  1,1300000000e+03	  2,73283e-01	 -3,32712e-02
567	  1,1320000000e+03	  2,77633e-01	 -3,18674e-02
568	  1,1340000000e+03	  2,79192e-01	 -3,24623e-02
569	  1,1360000000e+03	  2,83491e-01	 -3,42778e-02
570	  1,1380000000e+03	  2,88755e-01	 -3,79765e-02
571	  1,1400000000e+03	  2,95964e-01	 -4,22596e-02
572	  1,1420000000e+03	  2,97987e-01	 -4,70217e-02
573	  1,1440000000e+03	  3,01209e-01	 -5,20914e-02
574	  1,1460000000e+03	  3,02832e-01	 -5,65231e-02
575	  1,1480000000e+03	  3,02398e-01	 -6,04834e-02
576	  1,1500000000e+03	  3,06573e-01	 -6,48615e-02
577	  1,1520000000e+03	  3,06589e-01	 -7,06778e-02
578	  1,1540000000e+03	  3,08781e-01	 -7,54816e-02
579	  1,1560000000e+03	  3,10580e-01	 -7,62402e-02
580	  1,1580000000e+03	  3,12362e-01	 -7,79841e-02
581	  1,1600000000e+03	  3,14884e-01	 -8,37416e-02
582	  1,1620000000e+03	  3,18822e-01	 -9,15151e-02
583	  1,1640000000e+03	  3,21919e-01	 -9,71424e-02
584	  1,1660000000e+03	  3,25651e-01	 -1,02828e-01
585	  1,1680000000e+03	  3,29256e-01	 -1,10622e-01
586	  1,1700000000e+03	  3,31054e-01	 -1,19760e-01
587	  1,1720000000e+03	  3,33060e-01	 -1,29371e-01
588	  1,1740000000e+03	  3,31960e-01	 -1,40056e-01
589	  1,1760000000e+03	  3,28265e-01	 -1,51759e-01
590	  1,1780000000e+03	  3,23708e-01	 -1,61214e-01
591	  1,1800000000e+03	  3,18371e-01	 -1,69692e-01
592	  1,1820000000e+03	  3,13119e-01	 -1,78884e-01
593	  1,1840000000e+03	  3,08729e-01	 -1,84600e-01
594	  1,1860000000e+03	  3,04313e-01	 -1,86292e-01
595	  1,1880000000e+03	  2,98732e-01	 -1,93263e-01
596	  1,1900000000e+03	  2,92555e-01	 -2,00519e-01
597	  1,1920000000e+03	  2,87782e-01	 -2,06620e-01
598	  1,1940000000e+03	  2,83997e-01	 -2,07533e-01
599	  1,1960000000e+03	  2,78547e-01	 -2,06440e-01
600	  1,1980000000e+03	  2,74419e-01	 -2,10335e-01
601	  1,2000000000e+03	  2,70653e-01	 -2,13847e-01
602	  1,2020000000e+03	  2,68497e-01	 -2,16150e-01
603	  1,2040000000e+03	  2,64666e-01	 -2,18650e-01
604	  1,2060000000e+03	  2,61435e-01	 -2,22386e-01
605	  1,2080000000e+03	  2,57978e-01	 -2,26909e-01
606	  1,2100000000e+03	  2,55740e-01	 -2,26506e-01
607	  1,2120000000e+03	  2,52445e-01	 -2,28736e-01
608	  1,2140000000e+03	  2,52279e-01	 -2,32274e-01
609	  1,2160000000e+03	  2,51635e-01	 -2,35463e-01
610	  1,2180000000e+03	  2,49147e-01	 -2,39037e-01
611	  1,2200000000e+03	  2,45140e-01	 -2,43467e-01
612	  1,2220000000e+03	  2,43390e-01	 -2,46801e-01
613	  1,2240000000e+03	  2,41725e-01	 -2,48341e-01
614	  1,2260000000e+03	  2,36667e-01	 -2,53432e-01
615	  1,2280000000e+03	  2,35991e-01	 -2,59656e-01
616	  1,2300000000e+03	  2,35053e-01	 -2,65813e-01
617	  1,2320000000e+03	  2,30532e-01	 -2,69108e-01
618	  1,2340000000e+03	  2,26097e-01	 -2,74495e-01
619	  1,2360000000e+03	  2,20810e-01	 -2,78162e-01
620	  1,2380000000e+03	  2,16263e-01	 -2,84803e-01
621	  1,2400000000e+03	  2,12550e-01	 -2,90416e-01
622	  1,2420000000e+03	  2,09339e-01	 -2,90790e-01
623	  1,2440000000e+03	  2,02517e-01	 -2,96090e-01
624	  1,2460000000e+03	  1,96549e-01	 -3,00445e-01
625	  1,2480000000e+03	  1,94827e-01	 -3,02509e-01
626	  1,2500000000e+03	  1,92591e-01	 -3,07575e-01
627	  1,2520000000e+03	  1,89047e-01	 -3,11084e-01
628	  1,2540000000e+03	  1,80746e-01	 -3,12505e-01
629	  1,2560000000e+03	  1,74177e-01	 -3,14910e-01
630	  1,2580000000e+03	  1,64460e-01	 -3,19613e-01
631	  1,2600000000e+03	  1,58674e-01	 -3,23135e-01
632	  1,2620000000e+03	  1,53874e-01	 -3,27304e-01
633	  1,2640000000e+03	  1,46121e-01	 -3,28227e-01
634	  1,2660000000e+03	  1,38764e-01	 -3,28598e-01
635	  1,2680000000e+03	  1,32921e-01	 -3,27673e-01
636	  1,2700000000e+03	  1,24510e-01	 -3,27776e-01
637	  1,2720000000e+03	  1,20652e-01	 -3,28325e-01
638	  1,2740000000e+03	  1,17151e-01	 -3,28876e-01
639	  1,2760000000e+03	  1,07986e-01	 -3,28942e-01
640	  1,2780000000e+03	  1,02520e-01	 -3,28243e-01
641	  1,2800000000e+03	  9,92841e-02	 -3,26211e-01
642	  1,2820000000e+03	  9,51078e-02	 -3,25776e-01
643	  1,2840000000e+03	  8,98917e-02	 -3,23820e-01
644	  1,2860000000e+03	  8,51342e-02	 -3,21645e-01
645	  1,2880000000e+03	  7,99774e-02	 -3,19865e-01
646	  1,2900000000e+03	  7,73448e-02	 -3,19585e-01
647	  1,2920000000e+03	  7,31213e-02	 -3,20538e-01
648	  1,2940000000e+03	  6,94067e-02	 -3,19287e-01
649	  1,2960000000e+03	  6,87402e-02	 -3,19110e-01
650	  1,2980000000e+03	  6,72240e-02	 -3,19737e-01
651	  1,3000000000e+03	  6,13838e-02	 -3,17394e-01
652	  1,3020000000e+03	  5,64435e-02	 -3,16418e-01
653	  1,3040000000e+03	  5,68476e-02	 -3,17162e-01
654	  1,3060000000e+03	  5,31062e-02	 -3,17826e-01
655	  1,3080000000e+03	  5,08718e-02	 -3,16907e-01
656	  1,3100000000e+03	  5,16855e-02	 -3,15577e-01
657	  1,3120000000e+03	  4,82473e-02	 -3,17910e-01
658	  1,3140000000e+03	  4,73405e-02	 -3,19534e-01
659	  1,3160000000e+03	  4,32090e-02	 -3,19898e-01
660	  1,3180000000e+03	  3,99726e-02	 -3,21651e-01
661	  1,3200000000e+03	  3,82492e-02	 -3,22208e-01
662	  1,3220000000e+03	  3,64162e-02	 -3,23762e-01
663	  1,3240000000e+03	  3,37379e-02	 -3,24926e-01
664	  1,3260000000e+03	  2,85611e-02	 -3,27107e-01
665	  1,3280000000e+03	  2,43301e-02	 -3,29436e-01
666	  1,3300000000e+03	  2,09945e-02	 -3,29670e-01
667	  1,3320000000e+03	  1,60538e-02	 -3,30448e-01
668	  1,3340000000e+03	  1,15564e-02	 -3,32067e-01
669	  1,3360000000e+03	  1,00190e-02	 -3,32602e-01
670	  1,3380000000e+03	  7,50583e-03	 -3,34486e-01
671	  1,3400000000e+03	  1,16191e-03	 -3,37193e-01
672	  1,3420000000e+03	 -3,86497e-03	 -3,40881e-01
673	  1,3440000000e+03	 -9,23501e-03	 -3,43322e-01
674	  1,3460000000e+03	 -1,28151e-02	 -3,43317e-01
675	  1,3480000000e+03	 -2,03208e-02	 -3,44658e-01
676	  1,3500000000e+03	 -2,68579e-02	 -3,43567e-01
677	  1,3520000000e+03	 -3,24301e-02	 -3,43436e-01
678	  1,3540000000e+03	 -3,79324e-02	 -3,44426e-01
679	  1,3560000000e+03	 -4,45422e-02	 -3,44394e-01
680	  1,3580000000e+03	 -5,26361e-02	 -3,40293e-01
681	  1,3600000000e+03	 -6,04764e-02	 -3,36776e-01
682	  1,3620000000e+03	 -6,87083e-02	 -3,36109e-01
683	  1,3640000000e+03	 -7,26165e-02	 -3,35472e-01
684	  1,3660000000e+03	 -7,84708e-02	 -3,32165e-01
685	  1,3680000000e+03	 -8,31947e-02	 -3,29862e-01
686	  1,3700000000e+03	 -8,61235e-02	 -3,25228e-01
687	  1,3720000000e+03	 -9,11728e-02	 -3,21895e-01
688	  1,3740000000e+03	 -9,78102e-02	 -3,19790e-01
689	  1,3760000000e+03	 -9,81776e-02	 -3,16477e-01
690	  1,3780000000e+03	 -1,02580e-01	 -3,16034e-01
691	  1,3800000000e+03	 -1,05287e-01	 -3,10917e-01
692	  1,3820000000e+03	 -1,07960e-01	 -3,07008e-01
693	  1,3840000000e+03	 -1,11005e-01	 -3,05424e-01
694	  1,3860000000e+03	 -1,15679e-01	 -3,03818e-01
695	  1,3880000000e+03	 -1,19125e-01	 -3,00992e-01
696	  1,3900000000e+03	 -1,20294e-01	 -2,99101e-01
697	  1,3920000000e+03	 -1,21285e-01	 -2,98230e-01
698	  1,3940000000e+03	 -1,21346e-01	 -2,93524e-01
699	  1,3960000000e+03	 -1,24026e-01	 -2,93175e-01
700	  1,3980000000e+03	 -1,28392e-01	 -2,92748e-01
701	  1,4000000000e+03	 -1,30517e-01	 -2,87597e-01
702	  1,4020000000e+03	 -1,31361e-01	 -2,85324e-01
703	  1,4040000000e+03	 -1,34346e-01	 -2,85219e-01
704	  1,4060000000e+03	 -1,39335e-01	 -2,81762e-01
705	  1,4080000000e+03	 -1,42492e-01	 -2,81243e-01
706	  1,4100000000e+03	 -1,41332e-01	 -2,81236e-01
707	  1,4120000000e+03	 -1,42124e-01	 -2,79357e-01
708	  1,4140000000e+03	 -1,44947e-01	 -2,78627e-01
709	  1,4160000000e+03	 -1,47957e-01	 -2,76310e-01
710	  1,4180000000e+03	 -1,50869e-01	 -2,75164e-01
711	  1,4200000000e+03	 -1,53341e-01	 -2,74008e-01
712	  1,4220000000e+03	 -1,55885e-01	 -2,74209e-01
713	  1,4240000000e+03	 -1,58920e-01	 -2,75840e-01
714	  1,4260000000e+03	 -1,60084e-01	 -2,74278e-01
715	  1,4280000000e+03	 -1,63372e-01	 -2,74553e-01
716	  1,4300000000e+03	 -1,68631e-01	 -2,72481e-01
717	  1,4320000000e+03	 -1,72766e-01	 -2,69849e-01
718	  1,4340000000e+03	 -1,77526e-01	 -2,69825e-01
719	  1,4360000000e+03	 -1,78844e-01	 -2,68129e-01
720	  1,4380000000e+03	 -1,81862e-01	 -2,68568e-01
721	  1,4400000000e+03	 -1,84510e-01	 -2,66314e-01
722	  1,4420000000e+03	 -1,88372e-01	 -2,62482e-01
723	  1,4440000000e+03	 -1,95754e-01	 -2,64631e-01
724	  1,4460000000e+03	 -2,00326e-01	 -2,62367e-01
725	  1,4480000000e+03	 -2,02720e-01	 -2,59455e-01
726	  1,4500000000e+03	 -2,04112e-01	 -2,55803e-01
727	  1,4520000000e+03	 -2,07200e-01	 -2,51963e-01
728	  1,4540000000e+03	 -2,11978e-01	 -2,50794e-01
729	  1,4560000000e+03	 -2,16178e-01	 -2,49295e-01
730	  1,4580000000e+03	 -2,19770e-01	 -2,46720e-01
731	  1,4600000000e+03	 -2,21920e-01	 -2,46378e-01
732	  1,4620000000e+03	 -2,23743e-01	 -2,43695e-01
733	  1,4640000000e+03	 -2,27843e-01	 -2,41013e-01
734	  1,4660000000e+03	 -2,33536e-01	 -2,38221e-01
735	  1,4680000000e+03	 -2,37876e-01	 -2,37533e-01
736	  1,4700000000e+03	 -2,41672e-01	 -2,34687e-01
737	  1,4720000000e+03	 -2,44228e-01	 -2,29841e-01
738	  1,4740000000e+03	 -2,47569e-01	 -2,27512e-01
739	  1,4760000000e+03	 -2,52329e-01	 -2,24708e-01
740	  1,4780000000e+03	 -2,57477e-01	 -2,21676e-01
741	  1,4800000000e+03	 -2,60161e-01	 -2,15699e-01
742	  1,4820000000e+03	 -2,65036e-01	 -2,10891e-01
743	  1,4840000000e+03	 -2,67732e-01	 -2,10093e-01
744	  1,4860000000e+03	 -2,69840e-01	 -2,05775e-01
745	  1,4880000000e+03	 -2,72425e-01	 -2,00552e-01
746	  1,4900000000e+03	 -2,72450e-01	 -1,96432e-01
747	  1,4920000000e+03	 -2,75259e-01	 -1,90892e-01
748	  1,4940000000e+03	 -2,77461e-01	 -1,85397e-01
749	  1,4960000000e+03	 -2,78336e-01	 -1,83106e-01
750	  1,4980000000e+03	 -2,80029e-01	 -1,81078e-01
751	  1,5000000000e+03	 -2,83012e-01	 -1,76655e-01
752	  1,5020000000e+03	 -2,86908e-01	 -1,73797e-01
753	  1,5040000000e+03	 -2,86374e-01	 -1,69538e-01
754	  1,5060000000e+03	 -2,87637e-01	 -1,64371e-01
755	  1,5080000000e+03	 -2,92605e-01	 -1,62401e-01
756	  1,5100000000e+03	 -2,95412e-01	 -1,57877e-01
757	  1,5120000000e+03	 -2,94411e-01	 -1,51927e-01
758	  1,5140000000e+03	 -2,96526e-01	 -1,48235e-01
759	  1,5160000000e+03	 -2,98298e-01	 -1,43625e-01
760	  1,5180000000e+03	 -2,96750e-01	 -1,39037e-01
761	  1,5200000000e+03	 -3,00426e-01	 -1,33903e-01
762	  1,5220000000e+03	 -3,02160e-01	 -1,31899e-01
763	  1,5240000000e+03	 -3,03135e-01	 -1,28747e-01
764	  1,5260000000e+03	 -3,04525e-01	 -1,25926e-01
765	  1,5280000000e+03	 -3,05982e-01	 -1,20981e-01
766	  1,5300000000e+03	 -3,04213e-01	 -1,15703e-01
767	  1,5320000000e+03	 -3,03751e-01	 -1,12591e-01
768	  1,5340000000e+03	 -3,04160e-01	 -1,08515e-01
769	  1,5360000000e+03	 -3,07051e-01	 -1,06107e-01
770	  1,5380000000e+03	 -3,08379e-01	 -1,03501e-01
771	  1,5400000000e+03	 -3,09504e-01	 -9,86677e-02
772	  1,5420000000e+03	 -3,09804e-01	 -9,51110e-02
773	  1,5440000000e+03	 -3,06793e-01	 -9,27667e-02
774	  1,5460000000e+03	 -3,09038e-01	 -8,88268e-02
775	  1,5480000000e+03	 -3,10083e-01	 -8,63092e-02
776	  1,5500000000e+03	 -3,13152e-01	 -8,37254e-02
777	  1,5520000000e+03	 -3,12769e-01	 -8,09369e-02
778	  1,5540000000e+03	 -3,12776e-01	 -7,71123e-02
779	  1,5560000000e+03	 -3,12291e-01	 -7,47013e-02
780	  1,5580000000e+03	 -3,11655e-01	 -7,18917e-02
781	  1,5600000000e+03	 -3,13202e-01	 -6,99889e-02
782	  1,5620000000e+03	 -3,13795e-01	 -6,99185e-02
783	  1,5640000000e+03	 -3,14850e-01	 -6,43975e-02
784	  1,5660000000e+03	 -3,15883e-01	 -6,07940e-02
785	  1,5680000000e+03	 -3,15607e-01	 -5,72208e-02
786	  1,5700000000e+03	 -3,16746e-01	 -5,56584e-02
787	  1,5720000000e+03	 -3,19926e-01	 -5,30602e-02
788	  1,5740000000e+03	 -3,23901e-01	 -5,15816e-02
789	  1,5760000000e+03	 -3,24741e-01	 -4,90101e-02
790	  1,5780000000e+03	 -3,27667e-01	 -4,68876e-02
791	  1,5800000000e+03	 -3,34531e-01	 -4,37222e-02
792	  1,5820000000e+03	 -3,35516e-01	 -3,74760e-02
793	  1,5840000000e+03	 -3,36989e-01	 -3,25341e-02
794	  1,5860000000e+03	 -3,40185e-01	 -3,12232e-02
795	  1,5880000000e+03	 -3,39459e-01	 -2,90108e-02
796	  1,5900000000e+03	 -3,42390e-01	 -1,84795e-02
797	  1,5920000000e+03	 -3,43353e-01	 -9,49536e-03
798	  1,5940000000e+03	 -3,43973e-01	 -6,94323e-03
799	  1,5960000000e+03	 -3,45252e-01	 -1,94432e-03
800	  1,5980000000e+03	 -3,46118e-01	  3,76310e-03
801	  1,6000000000e+03	 -3,44600e-01	  6,60359e-03
802	  1,6020000000e+03	 -3,46131e-01	  1,24661e-02
803	  1,6040000000e+03	 -3,47570e-01	  1,60885e-02
804	  1,6060000000e+03	 -3,47747e-01	  2,38437e-02
805	  1,6080000000e+03	 -3,46499e-01	  2,98991e-02
806	  1,6100000000e+03	 -3,45524e-01	  3,69659e-02
807	  1,6120000000e+03	 -3,42816e-01	  4,21109e-02
808	  1,6140000000e+03	 -3,43247e-01	  4,69247e-02
809	  1,6160000000e+03	 -3,42641e-01	  5,25827e-02
810	  1,6180000000e+03	 -3,39957e-01	  5,88258e-02
811	  1,6200000000e+03	 -3,35579e-01	  6,40525e-02
812	  1,6220000000e+03	 -3,34123e-01	  6,61625e-02
813	  1,6240000000e+03	 -3,32851e-01	  6,97877e-02
814	  1,6260000000e+03	 -3,30176e-01	  7,29327e-02
815	  1,6280000000e+03	 -3,27571e-01	  7,52448e-02
816	  1,6300000000e+03	 -3,24704e-01	  8,26599e-02
817	  1,6320000000e+03	 -3,24717e-01	  8,50634e-02
818	  1,6340000000e+03	 -3,17925e-01	  8,52409e-02
819	  1,6360000000e+03	 -3,15819e-01	  8,86680e-02
820	  1,6380000000e+03	 -3,16328e-01	  9,40263e-02
821	  1,6400000000e+03	 -3,14637e-01	  9,58283e-02
822	  1,6420000000e+03	 -3,12209e-01	  9,70217e-02
823	  1,6440000000e+03	 -3,08779e-01	  1,00662e-01
824	  1,6460000000e+03	 -3,10287e-01	  1,03118e-01
825	  1,6480000000e+03	 -3,11198e-01	  1,04473e-01
826	  1,6500000000e+03	 -3,11045e-01	  1,04941e-01
827	  1,6520000000e+03	 -3,09514e-01	  1,09268e-01
828	  1,6540000000e+03	 -3,11497e-01	  1,10940e-01
829	  1,6560000000e+03	 -3,09815e-01	  1,13403e-01
830	  1,6580000000e+03	 -3,06968e-01	  1,17345e-01
831	  1,6600000000e+03	 -3,10115e-01	  1,21026e-01
832	  1,6620000000e+03	 -3,10772e-01	  1,24304e-01
833	  1,6640000000e+03	 -3,07329e-01	  1,29746e-01
834	  1,6660000000e+03	 -3,07644e-01	  1,31348e-01
835	  1,6680000000e+03	 -3,07712e-01	  1,31992e-01
836	  1,6700000000e+03	 -3,08365e-01	  1,36451e-01
837	  1,6720000000e+03	 -3,04826e-01	  1,41241e-01
838	  1,6740000000e+03	 -3,00989e-01	  1,45335e-01
839	  1,6760000000e+03	 -3,02760e-01	  1,48712e-01
840	  1,6780000000e+03	 -3,03670e-01	  1,53083e-01
841	  1,6800000000e+03	 -3,01974e-01	  1,55196e-01
842	  1,6820000000e+03	 -3,04378e-01	  1,60701e-01
843	  1,6840000000e+03	 -3,05566e-01	  1,66238e-01
844	  1,6860000000e+03	 -3,04178e-01	  1,70929e-01
845	  1,6880000000e+03	 -3,01472e-01	  1,74475e-01
846	  1,6900000000e+03	 -3,03782e-01	  1,79940e-01
847	  1,6920000000e+03	 -3,02543e-01	  1,88473e-01
848	  1,6940000000e+03	 -2,97245e-01	  1,92198e-01
849	  1,6960000000e+03	 -2,95820e-01	  1,97869e-01
850	  1,6980000000e+03	 -2,94984e-01	  2,03123e-01
851	  1,7000000000e+03	 -2,92995e-01	  2,06911e-01
852	  1,7020000000e+03	 -2,90096e-01	  2,12002e-01
853	  1,7040000000e+03	 -2,90439e-01	  2,20112e-01
854	  1,7060000000e+03	 -2,84756e-01	  2,25488e-01
855	  1,7080000000e+03	 -2,79753e-01	  2,27642e-01
856	  1,7100000000e+03	 -2,75408e-01	  2,33867e-01
857	  1,7120000000e+03	 -2,72363e-01	  2,39198e-01
858	  1,7140000000e+03	 -2,71113e-01	  2,44052e-01
859	  1,7160000000e+03	 -2,67247e-01	  2,48003e-01
860	  1,7180000000e+03	 -2,61079e-01	  2,53155e-01
861	  1,7200000000e+03	 -2,56870e-01	  2,56236e-01
862	  1,7220000000e+03	 -2,52805e-01	  2,60463e-01
863	  1,7240000000e+03	 -2,48970e-01	  2,62973e-01
864	  1,7260000000e+03	 -2,46582e-01	  2,63730e-01
865	  1,7280000000e+03	 -2,42935e-01	  2,67915e-01
866	  1,7300000000e+03	 -2,34013e-01	  2,69320e-01
867	  1,7320000000e+03	 -2,29719e-01	  2,71161e-01
868	  1,7340000000e+03	 -2,25763e-01	  2,74689e-01
869	  1,7360000000e+03	 -2,23385e-01	  2,76002e-01
870	  1,7380000000e+03	 -2,19120e-01	  2,80167e-01
871	  1,7400000000e+03	 -2,11866e-01	  2,83130e-01
872	  1,7420000000e+03	 -2,10511e-01	  2,85008e-01
873	  1,7440000000e+03	 -2,07278e-01	  2,86949e-01
874	  1,7460000000e+03	 -2,03022e-01	  2,89142e-01
875	  1,7480000000e+03	 -2,00809e-01	  2,90686e-01
876	  1,7500000000e+03	 -2,00262e-01	  2,94285e-01
877	  1,7520000000e+03	 -1,93766e-01	  2,96826e-01
878	  1,7540000000e+03	 -1,90377e-01	  2,96081e-01
879	  1,7560000000e+03	 -1,88177e-01	  2,96424e-01
880	  1,7580000000e+03	 -1,84802e-01	  2,98600e-01
881	  1,7600000000e+03	 -1,81287e-01	  2,99159e-01
882	  1,7620000000e+03	 -1,78791e-01	  3,00946e-01
883	  1,7640000000e+03	 -1,74615e-01	  3,02124e-01
884	  1,7660000000e+03	 -1,69699e-01	  3,06467e-01
885	  1,7680000000e+03	 -1,66136e-01	  3,08714e-01
886	  1,7700000000e+03	 -1,62697e-01	  3,11208e-01
887	  1,7720000000e+03	 -1,63132e-01	  3,14043e-01
888	  1,7740000000e+03	 -1,60077e-01	  3,17674e-01
889	  1,7760000000e+03	 -1,57821e-01	  3,21287e-01
890	  1,7780000000e+03	 -1,55161e-01	  3,21511e-01
891	  1,7800000000e+03	 -1,51560e-01	  3,23035e-01
892	  1,7820000000e+03	 -1,47960e-01	  3,26828e-01
893	  1,7840000000e+03	 -1,45073e-01	  3,33525e-01
894	  1,7860000000e+03	 -1,41728e-01	  3,36524e-01
895	  1,7880000000e+03	 -1,34361e-01	  3,37451e-01
896	  1,7900000000e+03	 -1,29707e-01	  3,38366e-01
897	  1,7920000000e+03	 -1,25155e-01	  3,38868e-01
898	  1,7940000000e+03	 -1,20131e-01	  3,41566e-01
899	  1,7960000000e+03	 -1,17494e-01	  3,42288e-01
900	  1,7980000000e+03	 -1,12620e-01	  3,43306e-01
901	  1,8000000000e+03	 -1,08527e-01	  3,44857e-01
902	  1,8020000000e+03	 -1,04602e-01	  3,49154e-01
903	  1,8040000000e+03	 -1,02280e-01	  3,49611e-01
904	  1,8060000000e+03	 -9,75246e-02	  3,52934e-01
905	  1,8080000000e+03	 -9,20332e-02	  3,56959e-01
906	  1,8100000000e+03	 -8,79034e-02	  3,55827e-01
907	  1,8120000000e+03	 -8,55082e-02	  3,58095e-01
908	  1,8140000000e+03	 -7,99843e-02	  3,62061e-01
909	  1,8160000000e+03	 -7,62339e-02	  3,62685e-01
910	  1,8180000000e+03	 -7,13715e-02	  3,66414e-01
911	  1,8200000000e+03	 -6,44417e-02	  3,68167e-01
912	  1,8220000000e+03	 -5,98279e-02	  3,66051e-01
913	  1,8240000000e+03	 -5,38945e-02	  3,66680e-01
914	  1,8260000000e+03	 -4,74603e-02	  3,70815e-01
915	  1,8280000000e+03	 -4,34508e-02	  3,75169e-01
916	  1,8300000000e+03	 -3,93434e-02	  3,78330e-01
917	  1,8320000000e+03	 -2,95123e-02	  3,76354e-01
918	  1,8340000000e+03	 -2,47468e-02	  3,75766e-01
919	  1,8360000000e+03	 -2,21329e-02	  3,74342e-01
920	  1,8380000000e+03	 -1,59467e-02	  3,79423e-01
921	  1,8400000000e+03	 -7,30352e-03	  3,80035e-01
922	  1,8420000000e+03	 -2,55270e-04	  3,78715e-01
923	  1,8440000000e+03	  6,53528e-03	  3,78090e-01
924	  1,8460000000e+03	  1,39327e-02	  3,77600e-01
925	  1,8480000000e+03	  1,86582e-02	  3,76600e-01
926	  1,8500000000e+03	  2,11186e-02	  3,74811e-01
927	  1,8520000000e+03	  2,63977e-02	  3,75555e-01
928	  1,8540000000e+03	  3,25190e-02	  3,75517e-01
929	  1,8560000000e+03	  3,76099e-02	  3,74878e-01
930	  1,8580000000e+03	  4,47720e-02	  3,70491e-01
931	  1,8600000000e+03	  4,96655e-02	  3,69345e-01
932	  1,8620000000e+03	  5,73209e-02	  3,68024e-01
933	  1,8640000000e+03	  6,29375e-02	  3,63305e-01
934	  1,8660000000e+03	  6,37688e-02	  3,58584e-01
935	  1,8680000000e+03	  6,52671e-02	  3,59216e-01
936	  1,8700000000e+03	  7,13709e-02	  3,58257e-01
937	  1,8720000000e+03	  7,42623e-02	  3,57921e-01
938	  1,8740000000e+03	  7,43640e-02	  3,56409e-01
939	  1,8760000000e+03	  7,81668e-02	  3,55482e-01
940	  1,8780000000e+03	  8,21731e-02	  3,51846e-01
941	  1,8800000000e+03	  8,80771e-02	  3,51521e-01
942	  1,8820000000e+03	  9,46451e-02	  3,53288e-01
943	  1,8840000000e+03	  9,67875e-02	  3,53931e-01
944	  1,8860000000e+03	  9,94557e-02	  3,52798e-01
945	  1,8880000000e+03	  1,03243e-01	  3,52819e-01
946	  1,8900000000e+03	  1,07294e-01	  3,52160e-01
947	  1,8920000000e+03	  1,08053e-01	  3,50763e-01
948	  1,8940000000e+03	  1,14158e-01	  3,49486e-01
949	  1,8960000000e+03	  1,19902e-01	  3,47245e-01
950	  1,8980000000e+03	  1,24311e-01	  3,48938e-01
951	  1,9000000000e+03	  1,28832e-01	  3,49678e-01
952	  1,9020000000e+03	  1,32945e-01	  3,47289e-01
953	  1,9040000000e+03	  1,38862e-01	  3,45850e-01
954	  1,9060000000e+03	  1,40344e-01	  3,45262e-01
955	  1,9080000000e+03	  1,44692e-01	  3,45226e-01
956	  1,9100000000e+03	  1,50661e-01	  3,43663e-01
957	  1,9120000000e+03	  1,56122e-01	  3,39857e-01
958	  1,9140000000e+03	  1,60566e-01	  3,37780e-01
959	  1,9160000000e+03	  1,64169e-01	  3,35912e-01
960	  1,9180000000e+03	  1,69975e-01	  3,36976e-01
961	  1,9200000000e+03	  1,77245e-01	  3,33824e-01
962	  1,9220000000e+03	  1,82604e-01	  3,30833e-01
963	  1,9240000000e+03	  1,86590e-01	  3,31138e-01
964	  1,9260000000e+03	  1,89912e-01	  3,26826e-01
965	  1,9280000000e+03	  1,94872e-01	  3,23608e-01
966	  1,9300000000e+03	  2,00848e-01	  3,22306e-01
967	  1,9320000000e+03	  2,07525e-01	  3,20998e-01
968	  1,9340000000e+03	  2,13326e-01	  3,19911e-01
969	  1,9360000000e+03	  2,18276e-01	  3,15481e-01
970	  1,9380000000e+03	  2,23146e-01	  3,11662e-01
971	  1,9400000000e+03	  2,27282e-01	  3,06231e-01
972	  1,9420000000e+03	  2,31389e-01	  3,02745e-01
973	  1,9440000000e+03	  2,36538e-01	  3,00348e-01
974	  1,9460000000e+03	  2,37801e-01	  2,94205e-01
975	  1,9480000000e+03	  2,43254e-01	  2,89207e-01
976	  1,9500000000e+03	  2,49423e-01	  2,88091e-01
977	  1,9520000000e+03	  2,52438e-01	  2,85223e-01
978	  1,9540000000e+03	  2,54882e-01	  2,80068e-01
979	  1,9560000000e+03	  2,60723e-01	  2,76024e-01
980	  1,9580000000e+03	  2,62142e-01	  2,71388e-01
981	  1,9600000000e+03	  2,64589e-01	  2,64913e-01
982	  1,9620000000e+03	  2,66023e-01	  2,59876e-01
983	  1,9640000000e+03	  2,67907e-01	  2,58920e-01
984	  1,9660000000e+03	  2,71718e-01	  2,56478e-01
985	  1,9680000000e+03	  2,73685e-01	  2,51545e-01
986	  1,9700000000e+03	  2,77580e-01	  2,47295e-01
987	  1,9720000000e+03	  2,80514e-01	  2,44599e-01
988	  1,9740000000e+03	  2,80508e-01	  2,41969e-01
989	  1,9760000000e+03	  2,81860e-01	  2,38562e-01
990	  1,9780000000e+03	  2,84259e-01	  2,32956e-01
991	  1,9800000000e+03	  2,87093e-01	  2,28892e-01
992	  1,9820000000e+03	  2,90442e-01	  2,28562e-01
993	  1,9840000000e+03	  2,92360e-01	  2,23271e-01
994	  1,9860000000e+03	  2,91505e-01	  2,20409e-01
995	  1,9880000000e+03	  2,96585e-01	  2,18913e-01
996	  1,9900000000e+03	  3,01242e-01	  2,17918e-01
997	  1,9920000000e+03	  3,01676e-01	  2,18397e-01
998	  1,9940000000e+03	  3,03894e-01	  2,12273e-01
999	  1,9960000000e+03	  3,08996e-01	  2,11893e-01
1000	  1,9980000000e+03	  3,12677e-01	  2,08695e-01
1001	  2,0000000000e+03	  3,17105e-01	  2,03438e-01
1002	  2,0020000000e+03	  3,21182e-01	  2,01756e-01
1003	  2,0040000000e+03	  3,23348e-01	  1,96001e-01
1004	  2,0060000000e+03	  3,26931e-01	  1,94058e-01
1005	  2,0080000000e+03	  3,30240e-01	  1,90393e-01
1006	  2,0100000000e+03	  3,34621e-01	  1,84134e-01
1007	  2,0120000000e+03	  3,37262e-01	  1,83033e-01
1008	  2,0140000000e+03	  3,38998e-01	  1,78606e-01
1009	  2,0160000000e+03	  3,41526e-01	  1,72990e-01
1010	  2,0180000000e+03	  3,43409e-01	  1,69090e-01
1011	  2,0200000000e+03	  3,45677e-01	  1,65280e-01
1012	  2,0220000000e+03	  3,50690e-01	  1,62781e-01
1013	  2,0240000000e+03	  3,56459e-01	  1,58275e-01
1014	  2,0260000000e+03	  3,57434e-01	  1,51408e-01
1015	  2,0280000000e+03	  3,61531e-01	  1,46337e-01
1016	  2,0300000000e+03	  3,65753e-01	  1,41324e-01
1017	  2,0320000000e+03	  3,66962e-01	  1,36328e-01
1018	  2,0340000000e+03	  3,67708e-01	  1,30546e-01
1019	  2,0360000000e+03	  3,70945e-01	  1,22828e-01
1020	  2,0380000000e+03	  3,75458e-01	  1,18135e-01
1021	  2,0400000000e+03	  3,75975e-01	  1,16367e-01
1022	  2,0420000000e+03	  3,76707e-01	  1,11048e-01
1023	  2,0440000000e+03	  3,77542e-01	  1,04454e-01
1024	  2,0460000000e+03	  3,82312e-01	  9,99942e-02
1025	  2,0480000000e+03	  3,82959e-01	  9,54543e-02
1026	  2,0500000000e+03	  3,84659e-01	  8,87536e-02
1027	  2,0520000000e+03	  3,85372e-01	  8,20852e-02
1028	  2,0540000000e+03	  3,86312e-01	  7,55606e-02
1029	  2,0560000000e+03	  3,84629e-01	  6,99769e-02
1030	  2,0580000000e+03	  3,87149e-01	  6,41962e-02
1031	  2,0600000000e+03	  3,90579e-01	  5,93156e-02
1032	  2,0620000000e+03	  3,90505e-01	  5,47014e-02
1033	  2,0640000000e+03	  3,91522e-01	  4,82877e-02
1034	  2,0660000000e+03	  3,92283e-01	  4,25891e-02
1035	  2,0680000000e+03	  3,95900e-01	  3,67699e-02
1036	  2,0700000000e+03	  3,96027e-01	  2,99965e-02
1037	  2,0720000000e+03	  3,95702e-01	  2,62745e-02
1038	  2,0740000000e+03	  3,94149e-01	  1,94843e-02
1039	  2,0760000000e+03	  3,94544e-01	  1,45925e-02
1040	  2,0780000000e+03	  3,95397e-01	  9,77697e-03
1041	  2,0800000000e+03	  3,97724e-01	  4,28083e-03
1042	  2,0820000000e+03	  3,99902e-01	 -3,21328e-03
1043	  2,0840000000e+03	  3,97279e-01	 -1,01633e-02
1044	  2,0860000000e+03	  3,95603e-01	 -1,55076e-02
1045	  2,0880000000e+03	  3,95566e-01	 -1,87456e-02
1046	  2,0900000000e+03	  3,95473e-01	 -2,77838e-02
1047	  2,0920000000e+03	  3,94441e-01	 -3,50004e-02
1048	  2,0940000000e+03	  3,94519e-01	 -3,89451e-02
1049	  2,0960000000e+03	  3,95882e-01	 -4,20086e-02
1050	  2,0980000000e+03	  3,94917e-01	 -4,88226e-02
1051	  2,1000000000e+03	  3,92756e-01	 -5,31599e-02
1052	  2,1020000000e+03	  3,90354e-01	 -5,81891e-02
1053	  2,1040000000e+03	  3,91749e-01	 -6,52783e-02
1054	  2,1060000000e+03	  3,94214e-01	 -7,33488e-02
1055	  2,1080000000e+03	  3,92913e-01	 -7,60490e-02
1056	  2,1100000000e+03	  3,91017e-01	 -8,37312e-02
1057	  2,1120000000e+03	  3,87321e-01	 -9,19186e-02
1058	  2,1140000000e+03	  3,86333e-01	 -9,74931e-02
1059	  2,1160000000e+03	  3,83896e-01	 -1,04786e-01
1060	  2,1180000000e+03	  3,80446e-01	 -1,11118e-01
1061	  2,1200000000e+03	  3,78684e-01	 -1,14647e-01
1062	  2,1220000000e+03	  3,77883e-01	 -1,18434e-01
1063	  2,1240000000e+03	  3,74600e-01	 -1,24119e-01
1064	  2,1260000000e+03	  3,72117e-01	 -1,31386e-01
1065	  2,1280000000e+03	  3,67847e-01	 -1,36689e-01
1066	  2,1300000000e+03	  3,66309e-01	 -1,41099e-01
1067	  2,1320000000e+03	  3,63251e-01	 -1,43387e-01
1068	  2,1340000000e+03	  3,60744e-01	 -1,46863e-01
1069	  2,1360000000e+03	  3,57940e-01	 -1,52108e-01
1070	  2,1380000000e+03	  3,55896e-01	 -1,56484e-01
1071	  2,1400000000e+03	  3,54197e-01	 -1,61748e-01
1072	  2,1420000000e+03	  3,54270e-01	 -1,65323e-01
1073	  2,1440000000e+03	  3,53831e-01	 -1,70514e-01
1074	  2,1460000000e+03	  3,50339e-01	 -1,75574e-01
1075	  2,1480000000e+03	  3,50240e-01	 -1,80059e-01
1076	  2,1500000000e+03	  3,50420e-01	 -1,83395e-01
1077	  2,1520000000e+03	  3,45065e-01	 -1,88238e-01
1078	  2,1540000000e+03	  3,39535e-01	 -1,99072e-01
1079	  2,1560000000e+03	  3,36043e-01	 -2,03519e-01
1080	  2,1580000000e+03	  3,33527e-01	 -2,06377e-01
1081	  2,1600000000e+03	  3,32784e-01	 -2,10550e-01
1082	  2,1620000000e+03	  3,28407e-01	 -2,15493e-01
1083	  2,1640000000e+03	  3,25687e-01	 -2,20514e-01
1084	  2,1660000000e+03	  3,20524e-01	 -2,27608e-01
1085	  2,1680000000e+03	  3,17312e-01	 -2,32088e-01
1086	  2,1700000000e+03	  3,13140e-01	 -2,38324e-01
1087	  2,1720000000e+03	  3,09805e-01	 -2,46262e-01
1088	  2,1740000000e+03	  3,02600e-01	 -2,48976e-01
1089	  2,1760000000e+03	  2,99127e-01	 -2,51366e-01
1090	  2,1780000000e+03	  2,96644e-01	 -2,55326e-01
1091	  2,1800000000e+03	  2,92066e-01	 -2,59747e-01
1092	  2,1820000000e+03	  2,86910e-01	 -2,60508e-01
1093	  2,1840000000e+03	  2,81703e-01	 -2,64082e-01
1094	  2,1860000000e+03	  2,77013e-01	 -2,65572e-01
1095	  2,1880000000e+03	  2,72847e-01	 -2,70119e-01
1096	  2,1900000000e+03	  2,72378e-01	 -2,77716e-01
1097	  2,1920000000e+03	  2,65947e-01	 -2,81498e-01
1098	  2,1940000000e+03	  2,60257e-01	 -2,82605e-01
1099	  2,1960000000e+03	  2,55178e-01	 -2,85308e-01
1100	  2,1980000000e+03	  2,51382e-01	 -2,88914e-01
1101	  2,2000000000e+03	  2,45895e-01	 -2,90463e-01
1102	  2,2020000000e+03	  2,38913e-01	 -2,93887e-01
1103	  2,2040000000e+03	  2,36592e-01	 -2,96340e-01
1104	  2,2060000000e+03	  2,32436e-01	 -2,98313e-01
1105	  2,2080000000e+03	  2,27358e-01	 -3,00669e-01
1106	  2,2100000000e+03	  2,22955e-01	 -3,04548e-01
1107	  2,2120000000e+03	  2,20239e-01	 -3,05064e-01
1108	  2,2140000000e+03	  2,12014e-01	 -3,07951e-01
1109	  2,2160000000e+03	  2,08007e-01	 -3,09625e-01
1110	  2,2180000000e+03	  2,06825e-01	 -3,11322e-01
1111	  2,2200000000e+03	  2,02334e-01	 -3,13071e-01
1112	  2,2220000000e+03	  1,97362e-01	 -3,15035e-01
1113	  2,2240000000e+03	  1,89847e-01	 -3,18495e-01
1114	  2,2260000000e+03	  1,84357e-01	 -3,22828e-01
1115	  2,2280000000e+03	  1,82001e-01	 -3,23763e-01
1116	  2,2300000000e+03	  1,77404e-01	 -3,26361e-01
1117	  2,2320000000e+03	  1,72284e-01	 -3,27037e-01
1118	  2,2340000000e+03	  1,69962e-01	 -3,28436e-01
1119	  2,2360000000e+03	  1,65978e-01	 -3,28526e-01
1120	  2,2380000000e+03	  1,60070e-01	 -3,29056e-01
1121	  2,2400000000e+03	  1,55290e-01	 -3,33162e-01
1122	  2,2420000000e+03	  1,49997e-01	 -3,36069e-01
1123	  2,2440000000e+03	  1,45652e-01	 -3,36708e-01
1124	  2,2460000000e+03	  1,41922e-01	 -3,35998e-01
1125	  2,2480000000e+03	  1,38135e-01	 -3,37269e-01
1126	  2,2500000000e+03	  1,31921e-01	 -3,39230e-01
1127	  2,2520000000e+03	  1,28919e-01	 -3,41063e-01
1128	  2,2540000000e+03	  1,23605e-01	 -3,41881e-01
1129	  2,2560000000e+03	  1,18325e-01	 -3,43503e-01
1130	  2,2580000000e+03	  1,12017e-01	 -3,44265e-01
1131	  2,2600000000e+03	  1,07681e-01	 -3,46144e-01
1132	  2,2620000000e+03	  1,02510e-01	 -3,45955e-01
1133	  2,2640000000e+03	  9,80143e-02	 -3,46171e-01
1134	  2,2660000000e+03	  9,34099e-02	 -3,51022e-01
1135	  2,2680000000e+03	  8,92917e-02	 -3,51522e-01
1136	  2,2700000000e+03	  8,50775e-02	 -3,50130e-01
1137	  2,2720000000e+03	  8,01257e-02	 -3,50443e-01
1138	  2,2740000000e+03	  7,33576e-02	 -3,51117e-01
1139	  2,2760000000e+03	  6,87943e-02	 -3,52164e-01
1140	  2,2780000000e+03	  6,46926e-02	 -3,53423e-01
1141	  2,2800000000e+03	  6,08565e-02	 -3,52417e-01
1142	  2,2820000000e+03	  5,41444e-02	 -3,52522e-01
1143	  2,2840000000e+03	  4,76407e-02	 -3,50798e-01
1144	  2,2860000000e+03	  4,36774e-02	 -3,49609e-01
1145	  2,2880000000e+03	  3,93873e-02	 -3,50355e-01
1146	  2,2900000000e+03	  3,34833e-02	 -3,50914e-01
1147	  2,2920000000e+03	  3,03396e-02	 -3,51769e-01
1148	  2,2940000000e+03	  2,53381e-02	 -3,52221e-01
1149	  2,2960000000e+03	  1,99484e-02	 -3,51443e-01
1150	  2,2980000000e+03	  1,61795e-02	 -3,52789e-01
1151	  2,3000000000e+03	  9,93673e-03	 -3,52929e-01
1152	  2,3020000000e+03	  4,94392e-04	 -3,51205e-01
1153	  2,3040000000e+03	 -1,04140e-03	 -3,51348e-01
1154	  2,3060000000e+03	 -6,47586e-03	 -3,50646e-01
1155	  2,3080000000e+03	 -1,08465e-02	 -3,50065e-01
1156	  2,3100000000e+03	 -1,89875e-02	 -3,47845e-01
1157	  2,3120000000e+03	 -2,49606e-02	 -3,46324e-01
1158	  2,3140000000e+03	 -2,91155e-02	 -3,45810e-01
1159	  2,3160000000e+03	 -3,37017e-02	 -3,44092e-01
1160	  2,3180000000e+03	 -3,98397e-02	 -3,41774e-01
1161	  2,3200000000e+03	 -4,20885e-02	 -3,38685e-01
1162	  2,3220000000e+03	 -4,73277e-02	 -3,33560e-01
1163	  2,3240000000e+03	 -5,30979e-02	 -3,31683e-01
1164	  2,3260000000e+03	 -5,68679e-02	 -3,30430e-01
1165	  2,3280000000e+03	 -5,77251e-02	 -3,28734e-01
1166	  2,3300000000e+03	 -6,06840e-02	 -3,27432e-01
1167	  2,3320000000e+03	 -6,50807e-02	 -3,23804e-01
1168	  2,3340000000e+03	 -7,00943e-02	 -3,21501e-01
1169	  2,3360000000e+03	 -7,25198e-02	 -3,19116e-01
1170	  2,3380000000e+03	 -7,45804e-02	 -3,18576e-01
1171	  2,3400000000e+03	 -7,73021e-02	 -3,13932e-01
1172	  2,3420000000e+03	 -8,15541e-02	 -3,13004e-01
1173	  2,3440000000e+03	 -8,51568e-02	 -3,14152e-01
1174	  2,3460000000e+03	 -8,81422e-02	 -3,10876e-01
1175	  2,3480000000e+03	 -8,80225e-02	 -3,09313e-01
1176	  2,3500000000e+03	 -9,20259e-02	 -3,09498e-01
1177	  2,3520000000e+03	 -9,73521e-02	 -3,07571e-01
1178	  2,3540000000e+03	 -9,89841e-02	 -3,04266e-01
1179	  2,3560000000e+03	 -1,02050e-01	 -3,03079e-01
1180	  2,3580000000e+03	 -1,04600e-01	 -3,00736e-01
1181	  2,3600000000e+03	 -1,08745e-01	 -2,98429e-01
1182	  2,3620000000e+03	 -1,10486e-01	 -2,95949e-01
1183	  2,3640000000e+03	 -1,10614e-01	 -2,95218e-01
1184	  2,3660000000e+03	 -1,13379e-01	 -2,94043e-01
1185	  2,3680000000e+03	 -1,15920e-01	 -2,94965e-01
1186	  2,3700000000e+03	 -1,19786e-01	 -2,92737e-01
1187	  2,3720000000e+03	 -1,26360e-01	 -2,92368e-01
1188	  2,3740000000e+03	 -1,30804e-01	 -2,90930e-01
1189	  2,3760000000e+03	 -1,33446e-01	 -2,89548e-01
1190	  2,3780000000e+03	 -1,35637e-01	 -2,89342e-01
1191	  2,3800000000e+03	 -1,39993e-01	 -2,86755e-01
1192	  2,3820000000e+03	 -1,47356e-01	 -2,84909e-01
1193	  2,3840000000e+03	 -1,51022e-01	 -2,81898e-01
1194	  2,3860000000e+03	 -1,54815e-01	 -2,80176e-01
1195	  2,3880000000e+03	 -1,58705e-01	 -2,78000e-01
1196	  2,3900000000e+03	 -1,64596e-01	 -2,73123e-01
1197	  2,3920000000e+03	 -1,66192e-01	 -2,67935e-01
1198	  2,3940000000e+03	 -1,71192e-01	 -2,66123e-01
1199	  2,3960000000e+03	 -1,76994e-01	 -2,63504e-01
1200	  2,3980000000e+03	 -1,80573e-01	 -2,58179e-01
1201	  2,4000000000e+03	 -1,83486e-01	 -2,52920e-01
1202	  2,4020000000e+03	 -1,86632e-01	 -2,48292e-01
1203	  2,4040000000e+03	 -1,87899e-01	 -2,46326e-01
1204	  2,4060000000e+03	 -1,89133e-01	 -2,43219e-01
1205	  2,4080000000e+03	 -1,92455e-01	 -2,38713e-01
1206	  2,4100000000e+03	 -1,93976e-01	 -2,33050e-01
1207	  2,4120000000e+03	 -1,93781e-01	 -2,28882e-01
1208	  2,4140000000e+03	 -1,94337e-01	 -2,23138e-01
1209	  2,4160000000e+03	 -1,98345e-01	 -2,22183e-01
1210	  2,4180000000e+03	 -1,98213e-01	 -2,21008e-01
1211	  2,4200000000e+03	 -1,98139e-01	 -2,18003e-01
1212	  2,4220000000e+03	 -1,99041e-01	 -2,15880e-01
1213	  2,4240000000e+03	 -1,98484e-01	 -2,11519e-01
1214	  2,4260000000e+03	 -2,04169e-01	 -2,09683e-01
1215	  2,4280000000e+03	 -2,04585e-01	 -2,07794e-01
1216	  2,4300000000e+03	 -2,06343e-01	 -2,02385e-01
1217	  2,4320000000e+03	 -2,07850e-01	 -1,99308e-01
1218	  2,4340000000e+03	 -2,10722e-01	 -1,96143e-01
1219	  2,4360000000e+03	 -2,10329e-01	 -1,92701e-01
1220	  2,4380000000e+03	 -2,10642e-01	 -1,92902e-01
1221	  2,4400000000e+03	 -2,12003e-01	 -1,90588e-01
1222	  2,4420000000e+03	 -2,12005e-01	 -1,82862e-01
1223	  2,4440000000e+03	 -2,11610e-01	 -1,80721e-01
1224	  2,4460000000e+03	 -2,09402e-01	 -1,79726e-01
1225	  2,4480000000e+03	 -2,08275e-01	 -1,78121e-01
1226	  2,4500000000e+03	 -2,08074e-01	 -1,79566e-01
1227	  2,4520000000e+03	 -2,09056e-01	 -1,79646e-01
1228	  2,4540000000e+03	 -2,11135e-01	 -1,77423e-01
1229	  2,4560000000e+03	 -2,12957e-01	 -1,77569e-01
1230	  2,4580000000e+03	 -2,13270e-01	 -1,74010e-01
1231	  2,4600000000e+03	 -2,14807e-01	 -1,71578e-01
1232	  2,4620000000e+03	 -2,17764e-01	 -1,71394e-01
1233	  2,4640000000e+03	 -2,22435e-01	 -1,70010e-01
1234	  2,4660000000e+03	 -2,23614e-01	 -1,68354e-01
1235	  2,4680000000e+03	 -2,29052e-01	 -1,66511e-01
1236	  2,4700000000e+03	 -2,31042e-01	 -1,64058e-01
1237	  2,4720000000e+03	 -2,32198e-01	 -1,59751e-01
1238	  2,4740000000e+03	 -2,32964e-01	 -1,60782e-01
1239	  2,4760000000e+03	 -2,34086e-01	 -1,55763e-01
1240	  2,4780000000e+03	 -2,36771e-01	 -1,51137e-01
1241	  2,4800000000e+03	 -2,36952e-01	 -1,48452e-01
1242	  2,4820000000e+03	 -2,38010e-01	 -1,44497e-01
1243	  2,4840000000e+03	 -2,38149e-01	 -1,41949e-01
1244	  2,4860000000e+03	 -2,38715e-01	 -1,39710e-01
1245	  2,4880000000e+03	 -2,38901e-01	 -1,38180e-01
1246	  2,4900000000e+03	 -2,42581e-01	 -1,34851e-01
1247	  2,4920000000e+03	 -2,44858e-01	 -1,30359e-01
1248	  2,4940000000e+03	 -2,44916e-01	 -1,26889e-01
1249	  2,4960000000e+03	 -2,44146e-01	 -1,24517e-01
1250	  2,4980000000e+03	 -2,46758e-01	 -1,21429e-01
1251	  2,5000000000e+03	 -2,48299e-01	 -1,18264e-01
1252	  2,5020000000e+03	 -2,46543e-01	 -1,17817e-01
1253	  2,5040000000e+03	 -2,47158e-01	 -1,15319e-01
1254	  2,5060000000e+03	 -2,48019e-01	 -1,13703e-01
1255	  2,5080000000e+03	 -2,46879e-01	 -1,11242e-01
1256	  2,5100000000e+03	 -2,45687e-01	 -1,09035e-01
1257	  2,5120000000e+03	 -2,44579e-01	 -1,06648e-01
1258	  2,5140000000e+03	 -2,46819e-01	 -1,04026e-01
1259	  2,5160000000e+03	 -2,46613e-01	 -1,02624e-01
1260	  2,5180000000e+03	 -2,47306e-01	 -1,01552e-01
1261	  2,5200000000e+03	 -2,47424e-01	 -1,01163e-01
1262	  2,5220000000e+03	 -2,48959e-01	 -9,74727e-02
1263	  2,5240000000e+03	 -2,50516e-01	 -9,67937e-02
1264	  2,5260000000e+03	 -2,51985e-01	 -9,74425e-02
1265	  2,5280000000e+03	 -2,51925e-01	 -9,50295e-02
1266	  2,5300000000e+03	 -2,51680e-01	 -9,20259e-02
1267	  2,5320000000e+03	 -2,53842e-01	 -9,23753e-02
1268	  2,5340000000e+03	 -2,57445e-01	 -8,86652e-02
1269	  2,5360000000e+03	 -2,59326e-01	 -8,69589e-02
1270	  2,5380000000e+03	 -2,60336e-01	 -8,72626e-02
1271	  2,5400000000e+03	 -2,59656e-01	 -8,32307e-02
1272	  2,5420000000e+03	 -2,60254e-01	 -8,30467e-02
1273	  2,5440000000e+03	 -2,61671e-01	 -8,06199e-02
1274	  2,5460000000e+03	 -2,63255e-01	 -7,62774e-02
1275	  2,5480000000e+03	 -2,63852e-01	 -7,68756e-02
1276	  2,5500000000e+03	 -2,65807e-01	 -7,38640e-02
1277	  2,5520000000e+03	 -2,69639e-01	 -6,96097e-02
1278	  2,5540000000e+03	 -2,74641e-01	 -7,07990e-02
1279	  2,5560000000e+03	 -2,77551e-01	 -6,93621e-02
1280	  2,5580000000e+03	 -2,78924e-01	 -6,38604e-02
1281	  2,5600000000e+03	 -2,78987e-01	 -6,21826e-02
1282	  2,5620000000e+03	 -2,82188e-01	 -5,97797e-02
1283	  2,5640000000e+03	 -2,84404e-01	 -6,03659e-02
1284	  2,5660000000e+03	 -2,88452e-01	 -5,56070e-02
1285	  2,5680000000e+03	 -2,89983e-01	 -5,01360e-02
1286	  2,5700000000e+03	 -2,91905e-01	 -4,79784e-02
1287	  2,5720000000e+03	 -2,94478e-01	 -4,34763e-02
1288	  2,5740000000e+03	 -2,95881e-01	 -3,85818e-02
1289	  2,5760000000e+03	 -2,97233e-01	 -3,39121e-02
1290	  2,5780000000e+03	 -2,98946e-01	 -3,06446e-02
1291	  2,5800000000e+03	 -3,01832e-01	 -2,50202e-02
1292	  2,5820000000e+03	 -3,04407e-01	 -1,79208e-02
1293	  2,5840000000e+03	 -3,04078e-01	 -1,45636e-02
1294	  2,5860000000e+03	 -3,04358e-01	 -8,29537e-03
1295	  2,5880000000e+03	 -3,00574e-01	 -2,26571e-03
1296	  2,5900000000e+03	 -3,00527e-01	  3,95504e-04
1297	  2,5920000000e+03	 -3,04608e-01	  2,30800e-03
1298	  2,5940000000e+03	 -3,03793e-01	  5,39189e-03
1299	  2,5960000000e+03	 -3,03010e-01	  1,06382e-02
1300	  2,5980000000e+03	 -3,05083e-01	  1,39249e-02
1301	  2,6000000000e+03	 -3,05627e-01	  1,69561e-02
1302	  2,6020000000e+03	 -3,07347e-01	  2,01623e-02
1303	  2,6040000000e+03	 -3,07659e-01	  2,56981e-02
1304	  2,6060000000e+03	 -3,07844e-01	  2,85502e-02
1305	  2,6080000000e+03	 -3,07062e-01	  3,38646e-02
1306	  2,6100000000e+03	 -3,05438e-01	  3,69947e-02
1307	  2,6120000000e+03	 -3,06017e-01	  4,30471e-02
1308	  2,6140000000e+03	 -3,06681e-01	  4,75726e-02
1309	  2,6160000000e+03	 -3,02995e-01	  5,24569e-02
1310	  2,6180000000e+03	 -3,03396e-01	  5,90069e-02
1311	  2,6200000000e+03	 -3,03367e-01	  6,21276e-02
1312	  2,6220000000e+03	 -3,00630e-01	  6,47438e-02
1313	  2,6240000000e+03	 -2,98220e-01	  6,66681e-02
1314	  2,6260000000e+03	 -2,96494e-01	  7,24744e-02
1315	  2,6280000000e+03	 -2,95735e-01	  7,75503e-02
1316	  2,6300000000e+03	 -2,94612e-01	  7,93359e-02
1317	  2,6320000000e+03	 -2,92354e-01	  8,30925e-02
1318	  2,6340000000e+03	 -2,92839e-01	  8,75154e-02
1319	  2,6360000000e+03	 -2,90830e-01	  9,18239e-02
1320	  2,6380000000e+03	 -2,91159e-01	  9,32748e-02
1321	  2,6400000000e+03	 -2,90048e-01	  9,65668e-02
1322	  2,6420000000e+03	 -2,89050e-01	  1,00936e-01
1323	  2,6440000000e+03	 -2,91597e-01	  1,06015e-01
1324	  2,6460000000e+03	 -2,90549e-01	  1,06708e-01
1325	  2,6480000000e+03	 -2,89768e-01	  1,11736e-01
1326	  2,6500000000e+03	 -2,89229e-01	  1,15990e-01
1327	  2,6520000000e+03	 -2,83582e-01	  1,23242e-01
1328	  2,6540000000e+03	 -2,83684e-01	  1,27079e-01
1329	  2,6560000000e+03	 -2,82891e-01	  1,30096e-01
1330	  2,6580000000e+03	 -2,79500e-01	  1,33774e-01
1331	  2,6600000000e+03	 -2,79100e-01	  1,37633e-01
1332	  2,6620000000e+03	 -2,77672e-01	  1,40836e-01
1333	  2,6640000000e+03	 -2,73209e-01	  1,45471e-01
1334	  2,6660000000e+03	 -2,72117e-01	  1,47148e-01
1335	  2,6680000000e+03	 -2,69429e-01	  1,49972e-01
1336	  2,6700000000e+03	 -2,64454e-01	  1,53676e-01
1337	  2,6720000000e+03	 -2,63671e-01	  1,54454e-01
1338	  2,6740000000e+03	 -2,64585e-01	  1,55385e-01
1339	  2,6760000000e+03	 -2,63664e-01	  1,59913e-01
1340	  2,6780000000e+03	 -2,62859e-01	  1,64291e-01
1341	  2,6800000000e+03	 -2,59383e-01	  1,66461e-01
1342	  2,6820000000e+03	 -2,57146e-01	  1,71720e-01
1343	  2,6840000000e+03	 -2,54573e-01	  1,75663e-01
1344	  2,6860000000e+03	 -2,54157e-01	  1,79559e-01
1345	  2,6880000000e+03	 -2,51454e-01	  1,82444e-01
1346	  2,6900000000e+03	 -2,45951e-01	  1,85215e-01
1347	  2,6920000000e+03	 -2,44700e-01	  1,87968e-01
1348	  2,6940000000e+03	 -2,44403e-01	  1,91722e-01
1349	  2,6960000000e+03	 -2,40474e-01	  1,94296e-01
1350	  2,6980000000e+03	 -2,36934e-01	  1,96493e-01
1351	  2,7000000000e+03	 -2,35078e-01	  2,01742e-01
1352	  2,7020000000e+03	 -2,32744e-01	  2,03990e-01
1353	  2,7040000000e+03	 -2,32809e-01	  2,07000e-01
1354	  2,7060000000e+03	 -2,33397e-01	  2,13032e-01
1355	  2,7080000000e+03	 -2,29587e-01	  2,16770e-01
1356	  2,7100000000e+03	 -2,27842e-01	  2,20537e-01
1357	  2,7120000000e+03	 -2,23759e-01	  2,25260e-01
1358	  2,7140000000e+03	 -2,19260e-01	  2,27144e-01
1359	  2,7160000000e+03	 -2,17184e-01	  2,30893e-01
1360	  2,7180000000e+03	 -2,13629e-01	  2,33471e-01
1361	  2,7200000000e+03	 -2,11743e-01	  2,37868e-01
1362	  2,7220000000e+03	 -2,07466e-01	  2,41108e-01
1363	  2,7240000000e+03	 -2,02697e-01	  2,43083e-01
1364	  2,7260000000e+03	 -1,96319e-01	  2,42841e-01
1365	  2,7280000000e+03	 -1,91228e-01	  2,45229e-01
1366	  2,7300000000e+03	 -1,86505e-01	  2,46098e-01
1367	  2,7320000000e+03	 -1,85458e-01	  2,46389e-01
1368	  2,7340000000e+03	 -1,83916e-01	  2,50147e-01
1369	  2,7360000000e+03	 -1,81702e-01	  2,51099e-01
1370	  2,7380000000e+03	 -1,78402e-01	  2,54436e-01
1371	  2,7400000000e+03	 -1,73756e-01	  2,56580e-01
1372	  2,7420000000e+03	 -1,73083e-01	  2,57548e-01
1373	  2,7440000000e+03	 -1,69137e-01	  2,60630e-01
1374	  2,7460000000e+03	 -1,65249e-01	  2,66554e-01
1375	  2,7480000000e+03	 -1,64467e-01	  2,69239e-01
1376	  2,7500000000e+03	 -1,61775e-01	  2,70294e-01
1377	  2,7520000000e+03	 -1,55782e-01	  2,73349e-01
1378	  2,7540000000e+03	 -1,51913e-01	  2,75802e-01
1379	  2,7560000000e+03	 -1,46614e-01	  2,75337e-01
1380	  2,7580000000e+03	 -1,43972e-01	  2,75618e-01
1381	  2,7600000000e+03	 -1,40043e-01	  2,76843e-01
1382	  2,7620000000e+03	 -1,35201e-01	  2,80838e-01
1383	  2,7640000000e+03	 -1,30741e-01	  2,81644e-01
1384	  2,7660000000e+03	 -1,28860e-01	  2,82869e-01
1385	  2,7680000000e+03	 -1,26050e-01	  2,82033e-01
1386	  2,7700000000e+03	 -1,21359e-01	  2,80730e-01
1387	  2,7720000000e+03	 -1,18455e-01	  2,81257e-01
1388	  2,7740000000e+03	 -1,14766e-01	  2,85207e-01
1389	  2,7760000000e+03	 -1,10450e-01	  2,87966e-01
1390	  2,7780000000e+03	 -1,10150e-01	  2,86974e-01
1391	  2,7800000000e+03	 -1,08991e-01	  2,88165e-01
1392	  2,7820000000e+03	 -1,04225e-01	  2,92612e-01
1393	  2,7840000000e+03	 -9,85580e-02	  2,95794e-01
1394	  2,7860000000e+03	 -9,61421e-02	  2,93780e-01
1395	  2,7880000000e+03	 -9,29639e-02	  2,94190e-01
1396	  2,7900000000e+03	 -9,07443e-02	  2,98002e-01
1397	  2,7920000000e+03	 -8,55821e-02	  3,01051e-01
1398	  2,7940000000e+03	 -8,44883e-02	  3,05140e-01
1399	  2,7960000000e+03	 -7,91055e-02	  3,07093e-01
1400	  2,7980000000e+03	 -7,33065e-02	  3,06962e-01
1401	  2,8000000000e+03	 -7,08269e-02	  3,06147e-01
1402	  2,8020000000e+03	 -6,57909e-02	  3,07686e-01
1403	  2,8040000000e+03	 -5,99720e-02	  3,09388e-01
1404	  2,8060000000e+03	 -5,40968e-02	  3,09495e-01
1405	  2,8080000000e+03	 -5,14996e-02	  3,08461e-01
1406	  2,8100000000e+03	 -4,83939e-02	  3,09028e-01
1407	  2,8120000000e+03	 -4,53028e-02	  3,08826e-01
1408	  2,8140000000e+03	 -4,23205e-02	  3,07976e-01
1409	  2,8160000000e+03	 -4,13212e-02	  3,08460e-01
1410	  2,8180000000e+03	 -3,75415e-02	  3,07896e-01
1411	  2,8200000000e+03	 -3,25580e-02	  3,09601e-01
1412	  2,8220000000e+03	 -2,53909e-02	  3,11003e-01
1413	  2,8240000000e+03	 -1,92189e-02	  3,12121e-01
1414	  2,8260000000e+03	 -1,72310e-02	  3,13743e-01
1415	  2,8280000000e+03	 -1,54563e-02	  3,13544e-01
1416	  2,8300000000e+03	 -1,21377e-02	  3,15091e-01
1417	  2,8320000000e+03	 -9,85168e-03	  3,13675e-01
1418	  2,8340000000e+03	 -5,93453e-03	  3,14884e-01
1419	  2,8360000000e+03	 -1,46760e-03	  3,15044e-01
1420	  2,8380000000e+03	  3,61833e-03	  3,14863e-01
1421	  2,8400000000e+03	  7,93722e-03	  3,13009e-01
1422	  2,8420000000e+03	  1,22168e-02	  3,15141e-01
1423	  2,8440000000e+03	  1,74912e-02	  3,15394e-01
1424	  2,8460000000e+03	  1,93406e-02	  3,14641e-01
1425	  2,8480000000e+03	  2,17629e-02	  3,17926e-01
1426	  2,8500000000e+03	  2,61339e-02	  3,18240e-01
1427	  2,8520000000e+03	  3,04869e-02	  3,16771e-01
1428	  2,8540000000e+03	  3,37840e-02	  3,15316e-01
1429	  2,8560000000e+03	  3,74247e-02	  3,18960e-01
1430	  2,8580000000e+03	  4,42660e-02	  3,20819e-01
1431	  2,8600000000e+03	  4,94666e-02	  3,19615e-01
1432	  2,8620000000e+03	  5,16030e-02	  3,21312e-01
1433	  2,8640000000e+03	  5,59567e-02	  3,18066e-01
1434	  2,8660000000e+03	  6,47521e-02	  3,19928e-01
1435	  2,8680000000e+03	  7,02775e-02	  3,17983e-01
1436	  2,8700000000e+03	  7,45013e-02	  3,14709e-01
1437	  2,8720000000e+03	  7,86753e-02	  3,13690e-01
1438	  2,8740000000e+03	  8,29181e-02	  3,13331e-01
1439	  2,8760000000e+03	  8,65476e-02	  3,12566e-01
1440	  2,8780000000e+03	  9,14768e-02	  3,12009e-01
1441	  2,8800000000e+03	  9,61707e-02	  3,09442e-01
1442	  2,8820000000e+03	  1,00129e-01	  3,07698e-01
1443	  2,8840000000e+03	  1,07941e-01	  3,05828e-01
1444	  2,8860000000e+03	  1,12177e-01	  3,04840e-01
1445	  2,8880000000e+03	  1,14495e-01	  3,02863e-01
1446	  2,8900000000e+03	  1,17465e-01	  2,99262e-01
1447	  2,8920000000e+03	  1,21455e-01	  2,97189e-01
1448	  2,8940000000e+03	  1,26035e-01	  2,94504e-01
1449	  2,8960000000e+03	  1,29213e-01	  2,92451e-01
1450	  2,8980000000e+03	  1,31871e-01	  2,90824e-01
1451	  2,9000000000e+03	  1,35360e-01	  2,90480e-01
1452	  2,9020000000e+03	  1,39096e-01	  2,86884e-01
1453	  2,9040000000e+03	  1,42802e-01	  2,85452e-01
1454	  2,9060000000e+03	  1,44419e-01	  2,84305e-01
1455	  2,9080000000e+03	  1,45662e-01	  2,82086e-01
1456	  2,9100000000e+03	  1,48168e-01	  2,82430e-01
1457	  2,9120000000e+03	  1,53603e-01	  2,81450e-01
1458	  2,9140000000e+03	  1,58464e-01	  2,79647e-01
1459	  2,9160000000e+03	  1,63380e-01	  2,77206e-01
1460	  2,9180000000e+03	  1,67352e-01	  2,75613e-01
1461	  2,9200000000e+03	  1,69592e-01	  2,74514e-01
1462	  2,9220000000e+03	  1,73938e-01	  2,75697e-01
1463	  2,9240000000e+03	  1,78546e-01	  2,72077e-01
1464	  2,9260000000e+03	  1,86040e-01	  2,67552e-01
1465	  2,9280000000e+03	  1,89812e-01	  2,66161e-01
1466	  2,9300000000e+03	  1,92308e-01	  2,64897e-01
1467	  2,9320000000e+03	  1,97377e-01	  2,60200e-01
1468	  2,9340000000e+03	  2,01674e-01	  2,58864e-01
1469	  2,9360000000e+03	  2,06911e-01	  2,56305e-01
1470	  2,9380000000e+03	  2,11338e-01	  2,53676e-01
1471	  2,9400000000e+03	  2,15110e-01	  2,50003e-01
1472	  2,9420000000e+03	  2,17799e-01	  2,47573e-01
1473	  2,9440000000e+03	  2,24688e-01	  2,40890e-01
1474	  2,9460000000e+03	  2,30265e-01	  2,38764e-01
1475	  2,9480000000e+03	  2,34555e-01	  2,34049e-01
1476	  2,9500000000e+03	  2,37768e-01	  2,27926e-01
1477	  2,9520000000e+03	  2,39609e-01	  2,24011e-01
1478	  2,9540000000e+03	  2,43102e-01	  2,18742e-01
1479	  2,9560000000e+03	  2,42648e-01	  2,12483e-01
1480	  2,9580000000e+03	  2,44093e-01	  2,08502e-01
1481	  2,9600000000e+03	  2,47220e-01	  2,05736e-01
1482	  2,9620000000e+03	  2,48569e-01	  2,02863e-01
1483	  2,9640000000e+03	  2,49995e-01	  1,99693e-01
1484	  2,9660000000e+03	  2,52352e-01	  1,97447e-01
1485	  2,9680000000e+03	  2,53867e-01	  1,93911e-01
1486	  2,9700000000e+03	  2,57283e-01	  1,87009e-01
1487	  2,9720000000e+03	  2,58049e-01	  1,83553e-01
1488	  2,9740000000e+03	  2,58960e-01	  1,79588e-01
1489	  2,9760000000e+03	  2,61702e-01	  1,77161e-01
1490	  2,9780000000e+03	  2,63728e-01	  1,72487e-01
1491	  2,9800000000e+03	  2,66139e-01	  1,70369e-01
1492	  2,9820000000e+03	  2,67895e-01	  1,66339e-01
1493	  2,9840000000e+03	  2,70727e-01	  1,63534e-01
1494	  2,9860000000e+03	  2,74105e-01	  1,59781e-01
1495	  2,9880000000e+03	  2,77246e-01	  1,55422e-01
1496	  2,9900000000e+03	  2,80612e-01	  1,49171e-01
1497	  2,9920000000e+03	  2,81796e-01	  1,46747e-01
1498	  2,9940000000e+03	  2,81393e-01	  1,43552e-01
1499	  2,9960000000e+03	  2,84589e-01	  1,40015e-01
1500	  2,9980000000e+03	  2,85652e-01	  1,35824e-01
1501	  3,0000000000e+03	  2,85538e-01	  1,31861e-01
1502	  3,0020000000e+03	  2,88674e-01	  1,26037e-01
1503	  3,0040000000e+03	  2,90558e-01	  1,22714e-01
1504	  3,0060000000e+03	  2,90651e-01	  1,19743e-01
1505	  3,0080000000e+03	  2,92140e-01	  1,15440e-01
1506	  3,0100000000e+03	  2,93516e-01	  1,10552e-01
1507	  3,0120000000e+03	  2,95181e-01	  1,04794e-01
1508	  3,0140000000e+03	  2,98350e-01	  9,92921e-02
1509	  3,0160000000e+03	  3,00485e-01	  9,55749e-02
1510	  3,0180000000e+03	  2,98271e-01	  9,19904e-02
1511	  3,0200000000e+03	  3,00865e-01	  8,38295e-02
1512	  3,0220000000e+03	  3,00878e-01	  7,87318e-02
1513	  3,0240000000e+03	  2,99008e-01	  7,60486e-02
1514	  3,0260000000e+03	  2,98725e-01	  6,94169e-02
1515	  3,0280000000e+03	  2,99269e-01	  6,50229e-02
1516	  3,0300000000e+03	  2,99387e-01	  6,05354e-02
1517	  3,0320000000e+03	  2,99280e-01	  5,62699e-02
1518	  3,0340000000e+03	  2,95513e-01	  5,25076e-02
1519	  3,0360000000e+03	  2,94962e-01	  4,68277e-02
1520	  3,0380000000e+03	  2,98902e-01	  4,34520e-02
1521	  3,0400000000e+03	  2,97912e-01	  3,97323e-02
1522	  3,0420000000e+03	  2,95882e-01	  3,56029e-02
1523	  3,0440000000e+03	  2,93945e-01	  3,58978e-02
1524	  3,0460000000e+03	  2,94929e-01	  3,51896e-02
1525	  3,0480000000e+03	  2,97388e-01	  3,02436e-02
1526	  3,0500000000e+03	  2,97390e-01	  2,45603e-02
1527	  3,0520000000e+03	  2,96657e-01	  1,99608e-02
1528	  3,0540000000e+03	  2,93613e-01	  1,54524e-02
1529	  3,0560000000e+03	  2,93759e-01	  1,30974e-02
1530	  3,0580000000e+03	  2,93264e-01	  1,10297e-02
1531	  3,0600000000e+03	  2,93640e-01	  7,52085e-03
1532	  3,0620000000e+03	  2,91370e-01	  4,81618e-03
1533	  3,0640000000e+03	  2,91367e-01	  2,92618e-03
1534	  3,0660000000e+03	  2,92806e-01	 -1,45704e-03
1535	  3,0680000000e+03	  2,93665e-01	 -5,34818e-03
1536	  3,0700000000e+03	  2,91212e-01	 -8,14241e-03
1537	  3,0720000000e+03	  2,90690e-01	 -1,31403e-02
1538	  3,0740000000e+03	  2,89198e-01	 -1,60814e-02
1539	  3,0760000000e+03	  2,89137e-01	 -1,74809e-02
1540	  3,0780000000e+03	  2,90099e-01	 -2,06820e-02
1541	  3,0800000000e+03	  2,91648e-01	 -2,51534e-02
1542	  3,0820000000e+03	  2,89049e-01	 -2,89298e-02
1543	  3,0840000000e+03	  2,86678e-01	 -3,04022e-02
1544	  3,0860000000e+03	  2,88051e-01	 -3,48374e-02
1545	  3,0880000000e+03	  2,88177e-01	 -3,93672e-02
1546	  3,0900000000e+03	  2,87221e-01	 -4,54329e-02
1547	  3,0920000000e+03	  2,88216e-01	 -5,09718e-02
1548	  3,0940000000e+03	  2,86957e-01	 -5,34934e-02
1549	  3,0960000000e+03	  2,84284e-01	 -5,64091e-02
1550	  3,0980000000e+03	  2,83400e-01	 -6,08557e-02
1551	  3,1000000000e+03	  2,81110e-01	 -6,59730e-02
1552	  3,1020000000e+03	  2,80933e-01	 -6,91066e-02
1553	  3,1040000000e+03	  2,80743e-01	 -7,22245e-02
1554	  3,1060000000e+03	  2,78121e-01	 -7,83551e-02
1555	  3,1080000000e+03	  2,77337e-01	 -8,12970e-02
1556	  3,1100000000e+03	  2,75295e-01	 -8,36472e-02
1557	  3,1120000000e+03	  2,72529e-01	 -8,47694e-02
1558	  3,1140000000e+03	  2,71436e-01	 -8,96658e-02
1559	  3,1160000000e+03	  2,69742e-01	 -9,52527e-02
1560	  3,1180000000e+03	  2,65828e-01	 -9,34957e-02
1561	  3,1200000000e+03	  2,64572e-01	 -9,60409e-02
1562	  3,1220000000e+03	  2,62611e-01	 -1,00494e-01
1563	  3,1240000000e+03	  2,61816e-01	 -1,03752e-01
1564	  3,1260000000e+03	  2,61210e-01	 -1,07436e-01
1565	  3,1280000000e+03	  2,60560e-01	 -1,10544e-01
1566	  3,1300000000e+03	  2,58086e-01	 -1,10222e-01
1567	  3,1320000000e+03	  2,57749e-01	 -1,11734e-01
1568	  3,1340000000e+03	  2,53887e-01	 -1,14971e-01
1569	  3,1360000000e+03	  2,51520e-01	 -1,19380e-01
1570	  3,1380000000e+03	  2,50217e-01	 -1,19479e-01
1571	  3,1400000000e+03	  2,49091e-01	 -1,23985e-01
1572	  3,1420000000e+03	  2,46779e-01	 -1,30499e-01
1573	  3,1440000000e+03	  2,45708e-01	 -1,31386e-01
1574	  3,1460000000e+03	  2,44260e-01	 -1,33014e-01
1575	  3,1480000000e+03	  2,44000e-01	 -1,35230e-01
1576	  3,1500000000e+03	  2,41426e-01	 -1,38766e-01
1577	  3,1520000000e+03	  2,41537e-01	 -1,40319e-01
1578	  3,1540000000e+03	  2,40335e-01	 -1,45541e-01
1579	  3,1560000000e+03	  2,37777e-01	 -1,46947e-01
1580	  3,1580000000e+03	  2,35291e-01	 -1,47426e-01
1581	  3,1600000000e+03	  2,33618e-01	 -1,52090e-01
1582	  3,1620000000e+03	  2,31956e-01	 -1,55211e-01
1583	  3,1640000000e+03	  2,31231e-01	 -1,59453e-01
1584	  3,1660000000e+03	  2,28417e-01	 -1,60426e-01
1585	  3,1680000000e+03	  2,24570e-01	 -1,63576e-01
1586	  3,1700000000e+03	  2,24735e-01	 -1,66974e-01
1587	  3,1720000000e+03	  2,20630e-01	 -1,69993e-01
1588	  3,1740000000e+03	  2,18142e-01	 -1,72410e-01
1589	  3,1760000000e+03	  2,17090e-01	 -1,77723e-01
1590	  3,1780000000e+03	  2,15601e-01	 -1,79948e-01
1591	  3,1800000000e+03	  2,12981e-01	 -1,82260e-01
1592	  3,1820000000e+03	  2,10226e-01	 -1,85828e-01
1593	  3,1840000000e+03	  2,06979e-01	 -1,87749e-01
1594	  3,1860000000e+03	  2,04019e-01	 -1,89966e-01
1595	  3,1880000000e+03	  2,01385e-01	 -1,94695e-01
1596	  3,1900000000e+03	  1,99593e-01	 -1,97273e-01
1597	  3,1920000000e+03	  1,97255e-01	 -1,99755e-01
1598	  3,1940000000e+03	  1,94125e-01	 -2,01125e-01
1599	  3,1960000000e+03	  1,89891e-01	 -2,02255e-01
1600	  3,1980000000e+03	  1,87683e-01	 -2,05582e-01
1601	  3,2000000000e+03	  1,87337e-01	 -2,08011e-01
1602	  3,2020000000e+03	  1,80905e-01	 -2,13005e-01
1603	  3,2040000000e+03	  1,79350e-01	 -2,15437e-01
1604	  3,2060000000e+03	  1,74588e-01	 -2,17025e-01
1605	  3,2080000000e+03	  1,70711e-01	 -2,17211e-01
1606	  3,2100000000e+03	  1,69302e-01	 -2,18190e-01
1607	  3,2120000000e+03	  1,66063e-01	 -2,19372e-01
1608	  3,2140000000e+03	  1,62494e-01	 -2,20337e-01
1609	  3,2160000000e+03	  1,60072e-01	 -2,24175e-01
1610	  3,2180000000e+03	  1,58994e-01	 -2,28206e-01
1611	  3,2200000000e+03	  1,56188e-01	 -2,31764e-01
1612	  3,2220000000e+03	  1,52511e-01	 -2,33213e-01
1613	  3,2240000000e+03	  1,49066e-01	 -2,34531e-01
1614	  3,2260000000e+03	  1,43999e-01	 -2,37801e-01
1615	  3,2280000000e+03	  1,41286e-01	 -2,38136e-01
1616	  3,2300000000e+03	  1,39095e-01	 -2,37729e-01
1617	  3,2320000000e+03	  1,34974e-01	 -2,39194e-01
1618	  3,2340000000e+03	  1,27589e-01	 -2,41969e-01
1619	  3,2360000000e+03	  1,25816e-01	 -2,40301e-01
1620	  3,2380000000e+03	  1,23707e-01	 -2,39078e-01
1621	  3,2400000000e+03	  1,19784e-01	 -2,41930e-01
1622	  3,2420000000e+03	  1,17477e-01	 -2,45796e-01
1623	  3,2440000000e+03	  1,16360e-01	 -2,44597e-01
1624	  3,2460000000e+03	  1,10672e-01	 -2,47482e-01
1625	  3,2480000000e+03	  1,07902e-01	 -2,50681e-01
1626	  3,2500000000e+03	  1,04903e-01	 -2,53018e-01
1627	  3,2520000000e+03	  1,00930e-01	 -2,51145e-01
1628	  3,2540000000e+03	  9,86862e-02	 -2,50632e-01
1629	  3,2560000000e+03	  9,54547e-02	 -2,53732e-01
1630	  3,2580000000e+03	  9,02365e-02	 -2,55528e-01
1631	  3,2600000000e+03	  8,44665e-02	 -2,56057e-01
1632	  3,2620000000e+03	  8,02839e-02	 -2,56785e-01
1633	  3,2640000000e+03	  7,84906e-02	 -2,56862e-01
1634	  3,2660000000e+03	  7,65424e-02	 -2,58157e-01
1635	  3,2680000000e+03	  7,23623e-02	 -2,58662e-01
1636	  3,2700000000e+03	  6,92356e-02	 -2,58959e-01
1637	  3,2720000000e+03	  6,50513e-02	 -2,60990e-01
1638	  3,2740000000e+03	  6,08470e-02	 -2,62862e-01
1639	  3,2760000000e+03	  5,91459e-02	 -2,64197e-01
1640	  3,2780000000e+03	  5,37919e-02	 -2,63047e-01
1641	  3,2800000000e+03	  4,95758e-02	 -2,62350e-01
1642	  3,2820000000e+03	  4,52082e-02	 -2,64585e-01
1643	  3,2840000000e+03	  4,41139e-02	 -2,65592e-01
1644	  3,2860000000e+03	  4,04053e-02	 -2,61079e-01
1645	  3,2880000000e+03	  3,26157e-02	 -2,60521e-01
1646	  3,2900000000e+03	  2,93136e-02	 -2,59694e-01
1647	  3,2920000000e+03	  2,75284e-02	 -2,58421e-01
1648	  3,2940000000e+03	  2,32702e-02	 -2,61678e-01
1649	  3,2960000000e+03	  2,13028e-02	 -2,62134e-01
1650	  3,2980000000e+03	  1,83105e-02	 -2,60352e-01
1651	  3,3000000000e+03	  1,39976e-02	 -2,58438e-01
1652	  3,3020000000e+03	  1,03089e-02	 -2,59293e-01
1653	  3,3040000000e+03	  6,48104e-03	 -2,61092e-01
1654	  3,3060000000e+03	  4,60374e-03	 -2,58540e-01
1655	  3,3080000000e+03	 -9,38017e-04	 -2,57004e-01
1656	  3,3100000000e+03	 -2,67462e-03	 -2,57110e-01
1657	  3,3120000000e+03	 -5,90281e-03	 -2,55035e-01
1658	  3,3140000000e+03	 -9,65868e-03	 -2,55339e-01
1659	  3,3160000000e+03	 -1,29751e-02	 -2,54250e-01
1660	  3,3180000000e+03	 -1,86609e-02	 -2,51988e-01
1661	  3,3200000000e+03	 -2,30208e-02	 -2,50484e-01
1662	  3,3220000000e+03	 -2,50291e-02	 -2,47788e-01
1663	  3,3240000000e+03	 -2,76985e-02	 -2,47479e-01
1664	  3,3260000000e+03	 -2,81921e-02	 -2,45225e-01
1665	  3,3280000000e+03	 -2,88929e-02	 -2,42330e-01
1666	  3,3300000000e+03	 -3,26769e-02	 -2,44383e-01
1667	  3,3320000000e+03	 -3,37413e-02	 -2,43968e-01
1668	  3,3340000000e+03	 -3,39207e-02	 -2,41877e-01
1669	  3,3360000000e+03	 -3,64837e-02	 -2,42384e-01
1670	  3,3380000000e+03	 -4,21124e-02	 -2,40870e-01
1671	  3,3400000000e+03	 -4,55083e-02	 -2,39239e-01
1672	  3,3420000000e+03	 -4,66781e-02	 -2,40045e-01
1673	  3,3440000000e+03	 -4,89872e-02	 -2,38187e-01
1674	  3,3460000000e+03	 -5,21763e-02	 -2,38721e-01
1675	  3,3480000000e+03	 -5,28757e-02	 -2,39103e-01
1676	  3,3500000000e+03	 -5,78670e-02	 -2,37144e-01
1677	  3,3520000000e+03	 -6,19215e-02	 -2,35914e-01
1678	  3,3540000000e+03	 -6,48911e-02	 -2,34665e-01
1679	  3,3560000000e+03	 -6,60832e-02	 -2,32724e-01
1680	  3,3580000000e+03	 -6,95677e-02	 -2,33490e-01
1681	  3,3600000000e+03	 -6,96762e-02	 -2,32413e-01
1682	  3,3620000000e+03	 -7,06654e-02	 -2,31388e-01
1683	  3,3640000000e+03	 -7,47988e-02	 -2,28485e-01
1684	  3,3660000000e+03	 -7,83292e-02	 -2,26391e-01
1685	  3,3680000000e+03	 -8,06670e-02	 -2,23771e-01
1686	  3,3700000000e+03	 -8,27502e-02	 -2,24001e-01
1687	  3,3720000000e+03	 -8,46188e-02	 -2,23599e-01
1688	  3,3740000000e+03	 -8,66441e-02	 -2,21162e-01
1689	  3,3760000000e+03	 -8,95500e-02	 -2,20218e-01
1690	  3,3780000000e+03	 -9,06549e-02	 -2,20724e-01
1691	  3,3800000000e+03	 -9,25508e-02	 -2,20889e-01
1692	  3,3820000000e+03	 -9,49562e-02	 -2,20192e-01
1693	  3,3840000000e+03	 -9,95170e-02	 -2,18600e-01
1694	  3,3860000000e+03	 -1,00556e-01	 -2,18895e-01
1695	  3,3880000000e+03	 -1,02057e-01	 -2,17258e-01
1696	  3,3900000000e+03	 -1,05812e-01	 -2,16168e-01
1697	  3,3920000000e+03	 -1,07787e-01	 -2,13476e-01
1698	  3,3940000000e+03	 -1,09769e-01	 -2,10531e-01
1699	  3,3960000000e+03	 -1,12787e-01	 -2,08960e-01
1700	  3,3980000000e+03	 -1,15729e-01	 -2,08678e-01
1701	  3,4000000000e+03	 -1,18382e-01	 -2,08130e-01
1702	  3,4020000000e+03	 -1,18670e-01	 -2,07847e-01
1703	  3,4040000000e+03	 -1,20220e-01	 -2,07486e-01
1704	  3,4060000000e+03	 -1,22070e-01	 -2,06665e-01
1705	  3,4080000000e+03	 -1,25112e-01	 -2,02773e-01
1706	  3,4100000000e+03	 -1,28750e-01	 -2,01049e-01
1707	  3,4120000000e+03	 -1,29784e-01	 -2,03178e-01
1708	  3,4140000000e+03	 -1,33135e-01	 -2,02041e-01
1709	  3,4160000000e+03	 -1,36245e-01	 -1,99705e-01
1710	  3,4180000000e+03	 -1,38660e-01	 -1,99064e-01
1711	  3,4200000000e+03	 -1,40095e-01	 -1,98770e-01
1712	  3,4220000000e+03	 -1,43686e-01	 -1,98706e-01
1713	  3,4240000000e+03	 -1,47369e-01	 -1,94450e-01
1714	  3,4260000000e+03	 -1,50975e-01	 -1,94218e-01
1715	  3,4280000000e+03	 -1,55873e-01	 -1,93912e-01
1716	  3,4300000000e+03	 -1,59657e-01	 -1,90951e-01
1717	  3,4320000000e+03	 -1,62513e-01	 -1,87920e-01
1718	  3,4340000000e+03	 -1,63869e-01	 -1,82948e-01
1719	  3,4360000000e+03	 -1,65628e-01	 -1,81286e-01
1720	  3,4380000000e+03	 -1,68550e-01	 -1,75771e-01
1721	  3,4400000000e+03	 -1,70113e-01	 -1,73182e-01
1722	  3,4420000000e+03	 -1,69003e-01	 -1,72056e-01
1723	  3,4440000000e+03	 -1,71525e-01	 -1,70968e-01
1724	  3,4460000000e+03	 -1,76835e-01	 -1,69424e-01
1725	  3,4480000000e+03	 -1,78682e-01	 -1,66211e-01
1726	  3,4500000000e+03	 -1,82401e-01	 -1,62401e-01
1727	  3,4520000000e+03	 -1,83563e-01	 -1,60183e-01
1728	  3,4540000000e+03	 -1,84845e-01	 -1,56121e-01
1729	  3,4560000000e+03	 -1,88416e-01	 -1,53878e-01
1730	  3,4580000000e+03	 -1,88858e-01	 -1,51882e-01
1731	  3,4600000000e+03	 -1,88221e-01	 -1,49625e-01
1732	  3,4620000000e+03	 -1,89471e-01	 -1,48233e-01
1733	  3,4640000000e+03	 -1,90750e-01	 -1,43895e-01
1734	  3,4660000000e+03	 -1,93814e-01	 -1,39619e-01
1735	  3,4680000000e+03	 -1,94920e-01	 -1,35422e-01
1736	  3,4700000000e+03	 -1,98378e-01	 -1,35816e-01
1737	  3,4720000000e+03	 -2,00917e-01	 -1,33968e-01
1738	  3,4740000000e+03	 -2,01972e-01	 -1,30210e-01
1739	  3,4760000000e+03	 -2,02278e-01	 -1,28171e-01
1740	  3,4780000000e+03	 -2,02163e-01	 -1,26671e-01
1741	  3,4800000000e+03	 -2,04103e-01	 -1,22673e-01
1742	  3,4820000000e+03	 -2,05098e-01	 -1,21955e-01
1743	  3,4840000000e+03	 -2,06495e-01	 -1,20152e-01
1744	  3,4860000000e+03	 -2,06521e-01	 -1,19535e-01
1745	  3,4880000000e+03	 -2,08182e-01	 -1,18775e-01
1746	  3,4900000000e+03	 -2,09552e-01	 -1,14958e-01
1747	  3,4920000000e+03	 -2,10689e-01	 -1,13311e-01
1748	  3,4940000000e+03	 -2,13165e-01	 -1,10945e-01
1749	  3,4960000000e+03	 -2,14883e-01	 -1,06715e-01
1750	  3,4980000000e+03	 -2,16787e-01	 -1,01743e-01
1751	  3,5000000000e+03	 -2,18667e-01	 -9,90423e-02
1752	  3,5020000000e+03	 -2,22104e-01	 -9,58480e-02
1753	  3,5040000000e+03	 -2,28037e-01	 -9,62977e-02
1754	  3,5060000000e+03	 -2,28824e-01	 -9,06276e-02
1755	  3,5080000000e+03	 -2,28149e-01	 -8,79425e-02
1756	  3,5100000000e+03	 -2,30197e-01	 -8,16855e-02
1757	  3,5120000000e+03	 -2,30195e-01	 -7,56375e-02
1758	  3,5140000000e+03	 -2,30955e-01	 -7,51947e-02
1759	  3,5160000000e+03	 -2,29272e-01	 -7,14821e-02
1760	  3,5180000000e+03	 -2,31097e-01	 -6,58388e-02
1761	  3,5200000000e+03	 -2,31657e-01	 -6,62084e-02
1762	  3,5220000000e+03	 -2,30694e-01	 -6,45968e-02
1763	  3,5240000000e+03	 -2,31661e-01	 -5,85562e-02
1764	  3,5260000000e+03	 -2,33783e-01	 -5,53060e-02
1765	  3,5280000000e+03	 -2,33342e-01	 -5,32851e-02
1766	  3,5300000000e+03	 -2,36728e-01	 -5,04554e-02
1767	  3,5320000000e+03	 -2,36291e-01	 -4,39297e-02
1768	  3,5340000000e+03	 -2,34184e-01	 -4,09010e-02
1769	  3,5360000000e+03	 -2,33627e-01	 -3,77215e-02
1770	  3,5380000000e+03	 -2,33558e-01	 -3,49652e-02
1771	  3,5400000000e+03	 -2,34138e-01	 -3,34012e-02
1772	  3,5420000000e+03	 -2,34700e-01	 -3,13744e-02
1773	  3,5440000000e+03	 -2,34530e-01	 -2,69322e-02
1774	  3,5460000000e+03	 -2,36394e-01	 -2,39721e-02
1775	  3,5480000000e+03	 -2,36154e-01	 -2,09057e-02
1776	  3,5500000000e+03	 -2,33796e-01	 -1,83518e-02
1777	  3,5520000000e+03	 -2,32136e-01	 -1,66207e-02
1778	  3,5540000000e+03	 -2,33950e-01	 -1,34798e-02
1779	  3,5560000000e+03	 -2,37785e-01	 -6,10817e-03
1780	  3,5580000000e+03	 -2,37602e-01	 -1,40090e-03
1781	  3,5600000000e+03	 -2,38629e-01	  1,00841e-03
1782	  3,5620000000e+03	 -2,38240e-01	  1,74040e-03
1783	  3,5640000000e+03	 -2,34779e-01	  4,71335e-03
1784	  3,5660000000e+03	 -2,34269e-01	  7,74478e-03
1785	  3,5680000000e+03	 -2,36723e-01	  1,36394e-02
1786	  3,5700000000e+03	 -2,37980e-01	  1,64701e-02
1787	  3,5720000000e+03	 -2,36406e-01	  2,22696e-02
1788	  3,5740000000e+03	 -2,32999e-01	  2,48622e-02
1789	  3,5760000000e+03	 -2,33609e-01	  2,86990e-02
1790	  3,5780000000e+03	 -2,33377e-01	  3,16906e-02
1791	  3,5800000000e+03	 -2,31405e-01	  3,33418e-02
1792	  3,5820000000e+03	 -2,32396e-01	  3,69445e-02
1793	  3,5840000000e+03	 -2,30948e-01	  4,01022e-02
1794	  3,5860000000e+03	 -2,27394e-01	  4,50717e-02
1795	  3,5880000000e+03	 -2,23779e-01	  4,97517e-02
1796	  3,5900000000e+03	 -2,22212e-01	  5,26293e-02
1797	  3,5920000000e+03	 -2,23967e-01	  5,38274e-02
1798	  3,5940000000e+03	 -2,23226e-01	  5,49386e-02
1799	  3,5960000000e+03	 -2,21019e-01	  5,68223e-02
1800	  3,5980000000e+03	 -2,18460e-01	  5,97545e-02
1801	  3,6000000000e+03	 -2,17393e-01	  6,35218e-02
1802	  3,6020000000e+03	 -2,15237e-01	  6,50148e-02
1803	  3,6040000000e+03	 -2,13847e-01	  6,54597e-02
1804	  3,6060000000e+03	 -2,14096e-01	  6,79819e-02
1805	  3,6080000000e+03	 -2,14462e-01	  7,10203e-02
1806	  3,6100000000e+03	 -2,15558e-01	  7,49004e-02
1807	  3,6120000000e+03	 -2,12550e-01	  7,72298e-02
1808	  3,6140000000e+03	 -2,10312e-01	  8,09347e-02
1809	  3,6160000000e+03	 -2,11846e-01	  8,57258e-02
1810	  3,6180000000e+03	 -2,11168e-01	  8,76745e-02
1811	  3,6200000000e+03	 -2,08399e-01	  9,04535e-02
1812	  3,6220000000e+03	 -2,05661e-01	  9,63900e-02
1813	  3,6240000000e+03	 -2,03713e-01	  9,87831e-02
1814	  3,6260000000e+03	 -2,01227e-01	  1,01249e-01
1815	  3,6280000000e+03	 -1,97100e-01	  1,05931e-01
1816	  3,6300000000e+03	 -1,95045e-01	  1,07967e-01
1817	  3,6320000000e+03	 -1,95842e-01	  1,11643e-01
1818	  3,6340000000e+03	 -1,95028e-01	  1,13174e-01
1819	  3,6360000000e+03	 -1,91973e-01	  1,15855e-01
1820	  3,6380000000e+03	 -1,87899e-01	  1,16763e-01
1821	  3,6400000000e+03	 -1,87064e-01	  1,17866e-01
1822	  3,6420000000e+03	 -1,86880e-01	  1,21418e-01
1823	  3,6440000000e+03	 -1,83945e-01	  1,28634e-01
1824	  3,6460000000e+03	 -1,81067e-01	  1,30886e-01
1825	  3,6480000000e+03	 -1,78040e-01	  1,31405e-01
1826	  3,6500000000e+03	 -1,73893e-01	  1,35057e-01
1827	  3,6520000000e+03	 -1,71291e-01	  1,39611e-01
1828	  3,6540000000e+03	 -1,67489e-01	  1,42760e-01
1829	  3,6560000000e+03	 -1,63044e-01	  1,42368e-01
1830	  3,6580000000e+03	 -1,56449e-01	  1,42143e-01
1831	  3,6600000000e+03	 -1,54832e-01	  1,42943e-01
1832	  3,6620000000e+03	 -1,53135e-01	  1,43970e-01
1833	  3,6640000000e+03	 -1,47761e-01	  1,44351e-01
1834	  3,6660000000e+03	 -1,45920e-01	  1,42291e-01
1835	  3,6680000000e+03	 -1,40994e-01	  1,43067e-01
1836	  3,6700000000e+03	 -1,38879e-01	  1,45557e-01
1837	  3,6720000000e+03	 -1,38719e-01	  1,46620e-01
1838	  3,6740000000e+03	 -1,37223e-01	  1,47098e-01
1839	  3,6760000000e+03	 -1,34919e-01	  1,47145e-01
1840	  3,6780000000e+03	 -1,31142e-01	  1,49176e-01
1841	  3,6800000000e+03	 -1,29871e-01	  1,52577e-01
1842	  3,6820000000e+03	 -1,26957e-01	  1,52772e-01
1843	  3,6840000000e+03	 -1,23545e-01	  1,52884e-01
1844	  3,6860000000e+03	 -1,20471e-01	  1,52770e-01
1845	  3,6880000000e+03	 -1,18992e-01	  1,51622e-01
1846	  3,6900000000e+03	 -1,19334e-01	  1,51481e-01
1847	  3,6920000000e+03	 -1,15646e-01	  1,52912e-01
1848	  3,6940000000e+03	 -1,11647e-01	  1,55089e-01
1849	  3,6960000000e+03	 -1,10377e-01	  1,54628e-01
1850	  3,6980000000e+03	 -1,08060e-01	  1,54164e-01
1851	  3,7000000000e+03	 -1,05616e-01	  1,52886e-01
1852	  3,7020000000e+03	 -1,05298e-01	  1,53788e-01
1853	  3,7040000000e+03	 -1,06818e-01	  1,54379e-01
1854	  3,7060000000e+03	 -1,03631e-01	  1,54315e-01
1855	  3,7080000000e+03	 -1,01960e-01	  1,57464e-01
1856	  3,7100000000e+03	 -1,00641e-01	  1,56501e-01
1857	  3,7120000000e+03	 -9,83328e-02	  1,59358e-01
1858	  3,7140000000e+03	 -9,90332e-02	  1,60039e-01
1859	  3,7160000000e+03	 -9,94595e-02	  1,60187e-01
1860	  3,7180000000e+03	 -9,75482e-02	  1,61052e-01
1861	  3,7200000000e+03	 -9,26290e-02	  1,61575e-01
1862	  3,7220000000e+03	 -9,02383e-02	  1,61982e-01
1863	  3,7240000000e+03	 -8,83504e-02	  1,62833e-01
1864	  3,7260000000e+03	 -8,71634e-02	  1,63156e-01
1865	  3,7280000000e+03	 -8,37436e-02	  1,65836e-01
1866	  3,7300000000e+03	 -8,33539e-02	  1,70600e-01
1867	  3,7320000000e+03	 -8,06250e-02	  1,68401e-01
1868	  3,7340000000e+03	 -8,04513e-02	  1,68538e-01
1869	  3,7360000000e+03	 -7,88107e-02	  1,69301e-01
1870	  3,7380000000e+03	 -7,62121e-02	  1,73235e-01
1871	  3,7400000000e+03	 -7,39842e-02	  1,76471e-01
1872	  3,7420000000e+03	 -6,82632e-02	  1,77577e-01
1873	  3,7440000000e+03	 -6,54370e-02	  1,76678e-01
1874	  3,7460000000e+03	 -6,33532e-02	  1,77163e-01
1875	  3,7480000000e+03	 -6,30547e-02	  1,77622e-01
1876	  3,7500000000e+03	 -5,90323e-02	  1,78153e-01
1877	  3,7520000000e+03	 -5,54960e-02	  1,78386e-01
1878	  3,7540000000e+03	 -5,30957e-02	  1,78036e-01
1879	  3,7560000000e+03	 -5,23331e-02	  1,80752e-01
1880	  3,7580000000e+03	 -4,82070e-02	  1,78203e-01
1881	  3,7600000000e+03	 -4,20799e-02	  1,76795e-01
1882	  3,7620000000e+03	 -3,86463e-02	  1,78869e-01
1883	  3,7640000000e+03	 -3,59931e-02	  1,79042e-01
1884	  3,7660000000e+03	 -3,52111e-02	  1,77680e-01
1885	  3,7680000000e+03	 -3,15918e-02	  1,77627e-01
1886	  3,7700000000e+03	 -2,96821e-02	  1,78858e-01
1887	  3,7720000000e+03	 -2,77349e-02	  1,78564e-01
1888	  3,7740000000e+03	 -2,51510e-02	  1,77171e-01
1889	  3,7760000000e+03	 -2,33255e-02	  1,75904e-01
1890	  3,7780000000e+03	 -1,91229e-02	  1,73677e-01
1891	  3,7800000000e+03	 -1,67313e-02	  1,73032e-01
1892	  3,7820000000e+03	 -1,36833e-02	  1,73496e-01
1893	  3,7840000000e+03	 -1,24581e-02	  1,71929e-01
1894	  3,7860000000e+03	 -1,30139e-02	  1,72555e-01
1895	  3,7880000000e+03	 -8,76381e-03	  1,69129e-01
1896	  3,7900000000e+03	 -5,00929e-03	  1,68600e-01
1897	  3,7920000000e+03	 -1,29015e-03	  1,66133e-01
1898	  3,7940000000e+03	 -5,18560e-03	  1,65464e-01
1899	  3,7960000000e+03	 -1,69490e-03	  1,66162e-01
1900	  3,7980000000e+03	  4,11602e-03	  1,64880e-01
1901	  3,8000000000e+03	  4,45612e-03	  1,63111e-01
1902	  3,8020000000e+03	  5,40376e-03	  1,63256e-01
1903	  3,8040000000e+03	  7,88191e-03	  1,61577e-01
1904	  3,8060000000e+03	  9,71906e-03	  1,59287e-01
1905	  3,8080000000e+03	  1,21253e-02	  1,57377e-01
1906	  3,8100000000e+03	  1,23007e-02	  1,56740e-01
1907	  3,8120000000e+03	  1,07442e-02	  1,57173e-01
1908	  3,8140000000e+03	  1,18882e-02	  1,57253e-01
1909	  3,8160000000e+03	  1,52278e-02	  1,55445e-01
1910	  3,8180000000e+03	  1,66437e-02	  1,58474e-01
1911	  3,8200000000e+03	  1,71543e-02	  1,56857e-01
1912	  3,8220000000e+03	  1,95240e-02	  1,52788e-01
1913	  3,8240000000e+03	  1,83552e-02	  1,54490e-01
1914	  3,8260000000e+03	  1,97830e-02	  1,55330e-01
1915	  3,8280000000e+03	  2,33696e-02	  1,56529e-01
1916	  3,8300000000e+03	  2,45388e-02	  1,53750e-01
1917	  3,8320000000e+03	  2,55125e-02	  1,54964e-01
1918	  3,8340000000e+03	  2,81613e-02	  1,56096e-01
1919	  3,8360000000e+03	  2,80216e-02	  1,57614e-01
1920	  3,8380000000e+03	  2,99340e-02	  1,54820e-01
1921	  3,8400000000e+03	  3,10132e-02	  1,50813e-01
1922	  3,8420000000e+03	  3,05799e-02	  1,49927e-01
1923	  3,8440000000e+03	  3,31350e-02	  1,49487e-01
1924	  3,8460000000e+03	  3,40920e-02	  1,50609e-01
1925	  3,8480000000e+03	  3,70413e-02	  1,48993e-01
1926	  3,8500000000e+03	  4,45520e-02	  1,49075e-01
1927	  3,8520000000e+03	  4,62706e-02	  1,45913e-01
1928	  3,8540000000e+03	  4,76642e-02	  1,45605e-01
1929	  3,8560000000e+03	  4,90075e-02	  1,48275e-01
1930	  3,8580000000e+03	  5,13554e-02	  1,46702e-01
1931	  3,8600000000e+03	  5,47637e-02	  1,45470e-01
1932	  3,8620000000e+03	  5,63116e-02	  1,42309e-01
1933	  3,8640000000e+03	  5,84120e-02	  1,39013e-01
1934	  3,8660000000e+03	  5,85144e-02	  1,37245e-01
1935	  3,8680000000e+03	  5,93444e-02	  1,35305e-01
1936	  3,8700000000e+03	  6,15400e-02	  1,30003e-01
1937	  3,8720000000e+03	  6,42442e-02	  1,26655e-01
1938	  3,8740000000e+03	  6,45451e-02	  1,26295e-01
1939	  3,8760000000e+03	  6,35786e-02	  1,25955e-01
1940	  3,8780000000e+03	  6,33204e-02	  1,24700e-01
1941	  3,8800000000e+03	  6,23568e-02	  1,25434e-01
1942	  3,8820000000e+03	  6,19742e-02	  1,23090e-01
1943	  3,8840000000e+03	  6,21217e-02	  1,20995e-01
1944	  3,8860000000e+03	  6,49199e-02	  1,18724e-01
1945	  3,8880000000e+03	  6,43033e-02	  1,17099e-01
1946	  3,8900000000e+03	  6,52031e-02	  1,17028e-01
1947	  3,8920000000e+03	  6,69471e-02	  1,16306e-01
1948	  3,8940000000e+03	  6,74774e-02	  1,12081e-01
1949	  3,8960000000e+03	  6,66267e-02	  1,10079e-01
1950	  3,8980000000e+03	  6,76623e-02	  1,10712e-01
1951	  3,9000000000e+03	  6,68551e-02	  1,09122e-01
1952	  3,9020000000e+03	  6,57891e-02	  1,09594e-01
1953	  3,9040000000e+03	  6,87880e-02	  1,08906e-01
1954	  3,9060000000e+03	  6,85381e-02	  1,06806e-01
1955	  3,9080000000e+03	  6,78038e-02	  1,05753e-01
1956	  3,9100000000e+03	  6,55143e-02	  1,05793e-01
1957	  3,9120000000e+03	  6,49946e-02	  1,07182e-01
1958	  3,9140000000e+03	  6,60163e-02	  1,04358e-01
1959	  3,9160000000e+03	  6,52309e-02	  1,02913e-01
1960	  3,9180000000e+03	  6,51991e-02	  1,02559e-01
1961	  3,9200000000e+03	  6,69914e-02	  1,03797e-01
1962	  3,9220000000e+03	  6,73942e-02	  1,04019e-01
1963	  3,9240000000e+03	  6,85430e-02	  1,05339e-01
1964	  3,9260000000e+03	  7,01229e-02	  1,05694e-01
1965	  3,9280000000e+03	  7,02492e-02	  1,02566e-01
1966	  3,9300000000e+03	  7,29841e-02	  1,01978e-01
1967	  3,9320000000e+03	  7,16394e-02	  1,01442e-01
1968	  3,9340000000e+03	  7,32724e-02	  1,00138e-01
1969	  3,9360000000e+03	  7,61206e-02	  9,93395e-02
1970	  3,9380000000e+03	  7,43958e-02	  9,80805e-02
1971	  3,9400000000e+03	  7,29736e-02	  9,89517e-02
1972	  3,9420000000e+03	  7,42560e-02	  9,86460e-02
1973	  3,9440000000e+03	  7,54725e-02	  9,87252e-02
1974	  3,9460000000e+03	  7,63911e-02	  9,87705e-02
1975	  3,9480000000e+03	  7,79907e-02	  9,61765e-02
1976	  3,9500000000e+03	  7,83191e-02	  9,29745e-02
1977	  3,9520000000e+03	  7,73702e-02	  9,34095e-02
1978	  3,9540000000e+03	  7,70222e-02	  9,55733e-02
1979	  3,9560000000e+03	  7,73130e-02	  9,64336e-02
1980	  3,9580000000e+03	  7,98250e-02	  9,71185e-02
1981	  3,9600000000e+03	  8,09143e-02	  9,82431e-02
1982	  3,9620000000e+03	  8,17252e-02	  1,00072e-01
1983	  3,9640000000e+03	  8,21168e-02	  9,94082e-02
1984	  3,9660000000e+03	  8,42987e-02	  9,71210e-02
1985	  3,9680000000e+03	  8,63403e-02	  9,64764e-02
1986	  3,9700000000e+03	  8,68421e-02	  9,60060e-02
1987	  3,9720000000e+03	  9,17999e-02	  9,59580e-02
1988	  3,9740000000e+03	  9,52139e-02	  9,58453e-02
1989	  3,9760000000e+03	  9,53130e-02	  9,15530e-02
1990	  3,9780000000e+03	  9,37361e-02	  8,89703e-02
1991	  3,9800000000e+03	  9,61548e-02	  8,69816e-02
1992	  3,9820000000e+03	  9,81685e-02	  8,82492e-02
1993	  3,9840000000e+03	  9,96139e-02	  8,65514e-02
1994	  3,9860000000e+03	  1,01780e-01	  8,26195e-02
1995	  3,9880000000e+03	  1,01703e-01	  8,09717e-02
1996	  3,9900000000e+03	  1,01664e-01	  7,82599e-02
1997	  3,9920000000e+03	  1,03108e-01	  7,81851e-02
1998	  3,9940000000e+03	  1,02988e-01	  7,81353e-02
1999	  3,9960000000e+03	  1,00613e-01	  7,57424e-02
2000	  3,9980000000e+03	  9,97945e-02	  7,45360e-02
2001	  4,0000000000e+03	  1,02053e-01	  7,30694e-02
2002	  4,0020000000e+03	  1,03428e-01	  7,21699e-02
2003	  4,0040000000e+03	  1,02707e-01	  7,29943e-02
2004	  4,0060000000e+03	  1,02871e-01	  7,40668e-02
2005	  4,0080000000e+03	  1,06464e-01	  7,09848e-02
2006	  4,0100000000e+03	  1,06958e-01	  6,61252e-02
2007	  4,0120000000e+03	  1,05422e-01	  6,46776e-02
2008	  4,0140000000e+03	  1,06474e-01	  6,20819e-02
2009	  4,0160000000e+03	  1,04677e-01	  6,23589e-02
2010	  4,0180000000e+03	  1,04394e-01	  6,17603e-02
2011	  4,0200000000e+03	  1,03364e-01	  6,02969e-02
2012	  4,0220000000e+03	  1,01434e-01	  5,96084e-02
2013	  4,0240000000e+03	  1,00026e-01	  5,80915e-02
2014	  4,0260000000e+03	  1,01938e-01	  5,94473e-02
2015	  4,0280000000e+03	  1,02315e-01	  6,10000e-02
2016	  4,0300000000e+03	  1,02312e-01	  5,93946e-02
2017	  4,0320000000e+03	  1,04453e-01	  5,73872e-02
2018	  4,0340000000e+03	  1,03342e-01	  5,93678e-02
2019	  4,0360000000e+03	  1,03107e-01	  5,81810e-02
2020	  4,0380000000e+03	  1,04685e-01	  5,65486e-02
2021	  4,0400000000e+03	  1,06435e-01	  5,80169e-02
2022	  4,0420000000e+03	  1,08694e-01	  5,75456e-02
2023	  4,0440000000e+03	  1,10494e-01	  5,94501e-02
2024	  4,0460000000e+03	  1,08754e-01	  5,85359e-02
2025	  4,0480000000e+03	  1,09288e-01	  5,68587e-02
2026	  4,0500000000e+03	  1,11211e-01	  5,85821e-02
2027	  4,0520000000e+03	  1,13961e-01	  5,95541e-02
2028	  4,0540000000e+03	  1,14086e-01	  5,66163e-02
2029	  4,0560000000e+03	  1,15059e-01	  5,44094e-02
2030	  4,0580000000e+03	  1,19763e-01	  5,40444e-02
2031	  4,0600000000e+03	  1,20691e-01	  5,40407e-02
2032	  4,0620000000e+03	  1,18818e-01	  5,22913e-02
2033	  4,0640000000e+03	  1,19990e-01	  5,05498e-02
2034	  4,0660000000e+03	  1,20769e-01	  5,14355e-02
2035	  4,0680000000e+03	  1,18407e-01	  4,93922e-02
2036	  4,0700000000e+03	  1,22230e-01	  4,69102e-02
2037	  4,0720000000e+03	  1,24133e-01	  4,57667e-02
2038	  4,0740000000e+03	  1,24787e-01	  4,45407e-02
2039	  4,0760000000e+03	  1,25400e-01	  4,34290e-02
2040	  4,0780000000e+03	  1,27479e-01	  4,22859e-02
2041	  4,0800000000e+03	  1,27176e-01	  3,94960e-02
2042	  4,0820000000e+03	  1,28903e-01	  3,65701e-02
2043	  4,0840000000e+03	  1,29530e-01	  3,67349e-02
2044	  4,0860000000e+03	  1,30932e-01	  3,43258e-02
2045	  4,0880000000e+03	  1,32551e-01	  2,85928e-02
2046	  4,0900000000e+03	  1,30787e-01	  2,39094e-02
2047	  4,0920000000e+03	  1,27939e-01	  2,26860e-02
2048	  4,0940000000e+03	  1,29191e-01	  2,16255e-02
2049	  4,0960000000e+03	  1,30842e-01	  2,11820e-02
2050	  4,0980000000e+03	  1,27611e-01	  2,04768e-02
2051	  4,1000000000e+03	  1,25645e-01	  1,94451e-02
2052	  4,1020000000e+03	  1,25218e-01	  1,76152e-02
2053	  4,1040000000e+03	  1,24545e-01	  1,75769e-02
2054	  4,1060000000e+03	  1,24808e-01	  1,58589e-02
2055	  4,1080000000e+03	  1,25794e-01	  1,36860e-02
2056	  4,1100000000e+03	  1,26093e-01	  1,31057e-02
2057	  4,1120000000e+03	  1,27047e-01	  1,36630e-02
2058	  4,1140000000e+03	  1,28724e-01	  1,45107e-02
2059	  4,1160000000e+03	  1,27872e-01	  1,34947e-02
2060	  4,1180000000e+03	  1,26636e-01	  1,30651e-02
2061	  4,1200000000e+03	  1,27406e-01	  1,14662e-02
2062	  4,1220000000e+03	  1,25503e-01	  8,90985e-03
2063	  4,1240000000e+03	  1,22580e-01	  7,19083e-03
2064	  4,1260000000e+03	  1,25941e-01	  8,37226e-03
2065	  4,1280000000e+03	  1,25867e-01	  7,14645e-03
2066	  4,1300000000e+03	  1,24297e-01	  5,42495e-03
2067	  4,1320000000e+03	  1,24756e-01	  6,36422e-03
2068	  4,1340000000e+03	  1,25458e-01	  6,85311e-03
2069	  4,1360000000e+03	  1,25255e-01	  5,07855e-03
2070	  4,1380000000e+03	  1,26712e-01	  4,40631e-03
2071	  4,1400000000e+03	  1,28996e-01	  2,12686e-03
2072	  4,1420000000e+03	  1,28584e-01	  1,02198e-03
2073	  4,1440000000e+03	  1,28699e-01	 -7,06199e-04
2074	  4,1460000000e+03	  1,29515e-01	 -5,32222e-04
2075	  4,1480000000e+03	  1,29315e-01	 -2,22953e-03
2076	  4,1500000000e+03	  1,34022e-01	 -4,03352e-03
2077	  4,1520000000e+03	  1,33490e-01	 -1,30288e-03
2078	  4,1540000000e+03	  1,35276e-01	 -1,14697e-03
2079	  4,1560000000e+03	  1,35757e-01	 -2,35810e-03
2080	  4,1580000000e+03	  1,34421e-01	 -5,82453e-03
2081	  4,1600000000e+03	  1,34438e-01	 -9,04724e-03
2082	  4,1620000000e+03	  1,33096e-01	 -1,12728e-02
2083	  4,1640000000e+03	  1,33926e-01	 -1,24139e-02
2084	  4,1660000000e+03	  1,35029e-01	 -1,48064e-02
2085	  4,1680000000e+03	  1,35797e-01	 -1,62743e-02
2086	  4,1700000000e+03	  1,35183e-01	 -1,80805e-02
2087	  4,1720000000e+03	  1,29922e-01	 -1,71680e-02
2088	  4,1740000000e+03	  1,29830e-01	 -1,87170e-02
2089	  4,1760000000e+03	  1,33041e-01	 -2,27274e-02
2090	  4,1780000000e+03	  1,32445e-01	 -2,46718e-02
2091	  4,1800000000e+03	  1,31937e-01	 -2,57746e-02
2092	  4,1820000000e+03	  1,33507e-01	 -2,53436e-02
2093	  4,1840000000e+03	  1,32174e-01	 -2,55282e-02
2094	  4,1860000000e+03	  1,30938e-01	 -2,74037e-02
2095	  4,1880000000e+03	  1,31236e-01	 -2,81841e-02
2096	  4,1900000000e+03	  1,32843e-01	 -3,01618e-02
2097	  4,1920000000e+03	  1,34527e-01	 -3,16677e-02
2098	  4,1940000000e+03	  1,33559e-01	 -3,45520e-02
2099	  4,1960000000e+03	  1,32433e-01	 -3,42485e-02
2100	  4,1980000000e+03	  1,34967e-01	 -3,88893e-02
2101	  4,2000000000e+03	  1,35870e-01	 -3,95851e-02
2102	  4,2020000000e+03	  1,36572e-01	 -4,06236e-02
2103	  4,2040000000e+03	  1,36888e-01	 -4,33899e-02
2104	  4,2060000000e+03	  1,35989e-01	 -4,57787e-02
2105	  4,2080000000e+03	  1,34648e-01	 -4,78394e-02
2106	  4,2100000000e+03	  1,34934e-01	 -4,87191e-02
2107	  4,2120000000e+03	  1,34307e-01	 -5,19822e-02
2108	  4,2140000000e+03	  1,32735e-01	 -5,15310e-02
2109	  4,2160000000e+03	  1,33471e-01	 -5,30735e-02
2110	  4,2180000000e+03	  1,33753e-01	 -5,54793e-02
2111	  4,2200000000e+03	  1,36454e-01	 -5,84173e-02
2112	  4,2220000000e+03	  1,32776e-01	 -6,16927e-02
2113	  4,2240000000e+03	  1,31571e-01	 -6,23316e-02
2114	  4,2260000000e+03	  1,32312e-01	 -6,25638e-02
2115	  4,2280000000e+03	  1,27699e-01	 -6,38414e-02
2116	  4,2300000000e+03	  1,29558e-01	 -6,68443e-02
2117	  4,2320000000e+03	  1,28795e-01	 -6,75554e-02
2118	  4,2340000000e+03	  1,28036e-01	 -6,88903e-02
2119	  4,2360000000e+03	  1,26747e-01	 -7,22893e-02
2120	  4,2380000000e+03	  1,25294e-01	 -7,48173e-02
2121	  4,2400000000e+03	  1,22926e-01	 -7,55602e-02
2122	  4,2420000000e+03	  1,21443e-01	 -7,77223e-02
2123	  4,2440000000e+03	  1,21317e-01	 -7,92679e-02
2124	  4,2460000000e+03	  1,19652e-01	 -8,21501e-02
2125	  4,2480000000e+03	  1,20509e-01	 -8,22642e-02
2126	  4,2500000000e+03	  1,21618e-01	 -8,10627e-02
2127	  4,2520000000e+03	  1,18742e-01	 -8,00492e-02
2128	  4,2540000000e+03	  1,18734e-01	 -8,26899e-02
2129	  4,2560000000e+03	  1,17892e-01	 -8,36826e-02
2130	  4,2580000000e+03	  1,15554e-01	 -8,39583e-02
2131	  4,2600000000e+03	  1,17339e-01	 -8,52114e-02
2132	  4,2620000000e+03	  1,16907e-01	 -8,69785e-02
2133	  4,2640000000e+03	  1,15404e-01	 -8,76187e-02
2134	  4,2660000000e+03	  1,11812e-01	 -9,08647e-02
2135	  4,2680000000e+03	  1,12743e-01	 -9,15188e-02
2136	  4,2700000000e+03	  1,13401e-01	 -9,13437e-02
2137	  4,2720000000e+03	  1,13695e-01	 -9,28296e-02
2138	  4,2740000000e+03	  1,16670e-01	 -9,47104e-02
2139	  4,2760000000e+03	  1,16787e-01	 -9,70000e-02
2140	  4,2780000000e+03	  1,16328e-01	 -1,01314e-01
2141	  4,2800000000e+03	  1,14352e-01	 -1,04457e-01
2142	  4,2820000000e+03	  1,12903e-01	 -1,04149e-01
2143	  4,2840000000e+03	  1,13338e-01	 -1,04864e-01
2144	  4,2860000000e+03	  1,12795e-01	 -1,06771e-01
2145	  4,2880000000e+03	  1,07554e-01	 -1,08128e-01
2146	  4,2900000000e+03	  1,05772e-01	 -1,11174e-01
2147	  4,2920000000e+03	  1,05975e-01	 -1,14808e-01
2148	  4,2940000000e+03	  1,06127e-01	 -1,17603e-01
2149	  4,2960000000e+03	  1,02561e-01	 -1,20186e-01
2150	  4,2980000000e+03	  1,00083e-01	 -1,18830e-01
2151	  4,3000000000e+03	  9,68659e-02	 -1,21435e-01
2152	  4,3020000000e+03	  9,69730e-02	 -1,23808e-01
2153	  4,3040000000e+03	  9,87101e-02	 -1,23160e-01
2154	  4,3060000000e+03	  9,65733e-02	 -1,23849e-01
2155	  4,3080000000e+03	  9,43388e-02	 -1,25242e-01
2156	  4,3100000000e+03	  9,50273e-02	 -1,25530e-01
2157	  4,3120000000e+03	  9,22439e-02	 -1,27626e-01
2158	  4,3140000000e+03	  9,08892e-02	 -1,30522e-01
2159	  4,3160000000e+03	  8,81271e-02	 -1,31806e-01
2160	  4,3180000000e+03	  8,50518e-02	 -1,32914e-01
2161	  4,3200000000e+03	  8,41318e-02	 -1,31085e-01
2162	  4,3220000000e+03	  8,31086e-02	 -1,34725e-01
2163	  4,3240000000e+03	  8,22359e-02	 -1,36605e-01
2164	  4,3260000000e+03	  8,36503e-02	 -1,37250e-01
2165	  4,3280000000e+03	  8,44890e-02	 -1,38156e-01
2166	  4,3300000000e+03	  8,16943e-02	 -1,41172e-01
2167	  4,3320000000e+03	  7,88204e-02	 -1,40081e-01
2168	  4,3340000000e+03	  8,03137e-02	 -1,40956e-01
2169	  4,3360000000e+03	  7,89843e-02	 -1,43472e-01
2170	  4,3380000000e+03	  7,68221e-02	 -1,45825e-01
2171	  4,3400000000e+03	  7,44688e-02	 -1,49802e-01
2172	  4,3420000000e+03	  7,21188e-02	 -1,51303e-01
2173	  4,3440000000e+03	  6,93200e-02	 -1,51211e-01
2174	  4,3460000000e+03	  6,61460e-02	 -1,52840e-01
2175	  4,3480000000e+03	  6,37265e-02	 -1,54486e-01
2176	  4,3500000000e+03	  6,21029e-02	 -1,57207e-01
2177	  4,3520000000e+03	  6,02784e-02	 -1,57946e-01
2178	  4,3540000000e+03	  5,95024e-02	 -1,59641e-01
2179	  4,3560000000e+03	  5,63796e-02	 -1,61958e-01
2180	  4,3580000000e+03	  5,55018e-02	 -1,61703e-01
2181	  4,3600000000e+03	  5,10306e-02	 -1,65444e-01
2182	  4,3620000000e+03	  4,77022e-02	 -1,68333e-01
2183	  4,3640000000e+03	  4,75634e-02	 -1,68147e-01
2184	  4,3660000000e+03	  4,73135e-02	 -1,68272e-01
2185	  4,3680000000e+03	  4,23916e-02	 -1,70162e-01
2186	  4,3700000000e+03	  3,63880e-02	 -1,69148e-01
2187	  4,3720000000e+03	  3,27269e-02	 -1,67843e-01
2188	  4,3740000000e+03	  3,14057e-02	 -1,67144e-01
2189	  4,3760000000e+03	  2,80656e-02	 -1,68897e-01
2190	  4,3780000000e+03	  2,46265e-02	 -1,69577e-01
2191	  4,3800000000e+03	  2,28447e-02	 -1,71240e-01
2192	  4,3820000000e+03	  1,95990e-02	 -1,73248e-01
2193	  4,3840000000e+03	  1,85532e-02	 -1,71471e-01
2194	  4,3860000000e+03	  1,66020e-02	 -1,72483e-01
2195	  4,3880000000e+03	  1,44192e-02	 -1,69808e-01
2196	  4,3900000000e+03	  1,08508e-02	 -1,69082e-01
2197	  4,3920000000e+03	  5,45327e-03	 -1,69636e-01
2198	  4,3940000000e+03	  3,39606e-03	 -1,71939e-01
2199	  4,3960000000e+03	  9,40065e-04	 -1,69001e-01
2200	  4,3980000000e+03	 -9,56507e-05	 -1,71313e-01
2201	  4,4000000000e+03	 -5,02338e-05	 -1,69778e-01
2202	  4,4020000000e+03	 -2,52400e-03	 -1,67055e-01
2203	  4,4040000000e+03	 -4,72663e-03	 -1,69807e-01
2204	  4,4060000000e+03	 -5,31128e-03	 -1,71916e-01
2205	  4,4080000000e+03	 -8,15034e-03	 -1,74076e-01
2206	  4,4100000000e+03	 -1,21965e-02	 -1,73602e-01
2207	  4,4120000000e+03	 -1,36431e-02	 -1,72045e-01
2208	  4,4140000000e+03	 -1,57454e-02	 -1,71140e-01
2209	  4,4160000000e+03	 -1,69943e-02	 -1,72186e-01
2210	  4,4180000000e+03	 -1,77818e-02	 -1,71647e-01
2211	  4,4200000000e+03	 -1,97823e-02	 -1,70043e-01
2212	  4,4220000000e+03	 -2,54878e-02	 -1,71487e-01
2213	  4,4240000000e+03	 -2,78523e-02	 -1,70951e-01
2214	  4,4260000000e+03	 -2,82528e-02	 -1,70971e-01
2215	  4,4280000000e+03	 -3,20552e-02	 -1,69882e-01
2216	  4,4300000000e+03	 -3,43756e-02	 -1,69550e-01
2217	  4,4320000000e+03	 -3,73522e-02	 -1,69974e-01
2218	  4,4340000000e+03	 -4,01402e-02	 -1,69686e-01
2219	  4,4360000000e+03	 -4,10471e-02	 -1,68898e-01
2220	  4,4380000000e+03	 -4,28812e-02	 -1,71172e-01
2221	  4,4400000000e+03	 -4,61625e-02	 -1,71566e-01
2222	  4,4420000000e+03	 -4,73261e-02	 -1,68751e-01
2223	  4,4440000000e+03	 -5,04659e-02	 -1,64710e-01
2224	  4,4460000000e+03	 -5,42315e-02	 -1,64081e-01
2225	  4,4480000000e+03	 -5,58688e-02	 -1,63587e-01
2226	  4,4500000000e+03	 -5,86348e-02	 -1,63442e-01
2227	  4,4520000000e+03	 -6,24273e-02	 -1,63966e-01
2228	  4,4540000000e+03	 -6,66484e-02	 -1,64337e-01
2229	  4,4560000000e+03	 -7,01374e-02	 -1,60738e-01
2230	  4,4580000000e+03	 -7,18664e-02	 -1,58339e-01
2231	  4,4600000000e+03	 -7,18041e-02	 -1,58089e-01
2232	  4,4620000000e+03	 -7,33482e-02	 -1,57341e-01
2233	  4,4640000000e+03	 -7,63273e-02	 -1,54652e-01
2234	  4,4660000000e+03	 -8,06115e-02	 -1,50699e-01
2235	  4,4680000000e+03	 -8,31787e-02	 -1,53625e-01
2236	  4,4700000000e+03	 -8,02957e-02	 -1,53035e-01
2237	  4,4720000000e+03	 -8,25851e-02	 -1,49551e-01
2238	  4,4740000000e+03	 -8,19192e-02	 -1,46757e-01
2239	  4,4760000000e+03	 -8,53031e-02	 -1,45767e-01
2240	  4,4780000000e+03	 -8,73063e-02	 -1,45867e-01
2241	  4,4800000000e+03	 -8,91443e-02	 -1,43174e-01
2242	  4,4820000000e+03	 -8,88617e-02	 -1,43123e-01
2243	  4,4840000000e+03	 -8,85737e-02	 -1,42113e-01
2244	  4,4860000000e+03	 -8,95859e-02	 -1,42419e-01
2245	  4,4880000000e+03	 -9,18819e-02	 -1,42750e-01
2246	  4,4900000000e+03	 -9,46934e-02	 -1,44880e-01
2247	  4,4920000000e+03	 -9,68681e-02	 -1,42536e-01
2248	  4,4940000000e+03	 -1,00991e-01	 -1,41716e-01
2249	  4,4960000000e+03	 -1,05511e-01	 -1,38725e-01
2250	  4,4980000000e+03	 -1,05662e-01	 -1,37373e-01
2251	  4,5000000000e+03	 -1,08002e-01	 -1,38496e-01
2252	  4,5020000000e+03	 -1,09333e-01	 -1,38422e-01
2253	  4,5040000000e+03	 -1,10120e-01	 -1,36510e-01
2254	  4,5060000000e+03	 -1,12576e-01	 -1,34305e-01
2255	  4,5080000000e+03	 -1,15133e-01	 -1,34860e-01
2256	  4,5100000000e+03	 -1,16351e-01	 -1,31201e-01
2257	  4,5120000000e+03	 -1,21482e-01	 -1,29947e-01
2258	  4,5140000000e+03	 -1,26385e-01	 -1,26764e-01
2259	  4,5160000000e+03	 -1,27802e-01	 -1,25844e-01
2260	  4,5180000000e+03	 -1,27399e-01	 -1,23497e-01
2261	  4,5200000000e+03	 -1,32533e-01	 -1,20147e-01
2262	  4,5220000000e+03	 -1,34982e-01	 -1,20181e-01
2263	  4,5240000000e+03	 -1,35865e-01	 -1,18673e-01
2264	  4,5260000000e+03	 -1,36604e-01	 -1,14667e-01
2265	  4,5280000000e+03	 -1,40049e-01	 -1,08863e-01
2266	  4,5300000000e+03	 -1,40700e-01	 -1,06283e-01
2267	  4,5320000000e+03	 -1,42194e-01	 -1,03453e-01
2268	  4,5340000000e+03	 -1,40951e-01	 -9,99220e-02
2269	  4,5360000000e+03	 -1,42534e-01	 -9,62167e-02
2270	  4,5380000000e+03	 -1,43670e-01	 -9,57137e-02
2271	  4,5400000000e+03	 -1,44855e-01	 -9,43259e-02
2272	  4,5420000000e+03	 -1,44220e-01	 -9,25681e-02
2273	  4,5440000000e+03	 -1,44752e-01	 -9,16087e-02
2274	  4,5460000000e+03	 -1,45677e-01	 -8,92947e-02
2275	  4,5480000000e+03	 -1,47227e-01	 -8,84529e-02
2276	  4,5500000000e+03	 -1,47691e-01	 -8,60394e-02
2277	  4,5520000000e+03	 -1,48767e-01	 -8,41020e-02
2278	  4,5540000000e+03	 -1,50808e-01	 -8,55288e-02
2279	  4,5560000000e+03	 -1,51391e-01	 -8,34277e-02
2280	  4,5580000000e+03	 -1,52018e-01	 -8,01679e-02
2281	  4,5600000000e+03	 -1,56495e-01	 -7,88889e-02
2282	  4,5620000000e+03	 -1,58781e-01	 -7,65280e-02
2283	  4,5640000000e+03	 -1,60092e-01	 -7,53103e-02
2284	  4,5660000000e+03	 -1,63073e-01	 -7,42893e-02
2285	  4,5680000000e+03	 -1,62057e-01	 -7,23535e-02
2286	  4,5700000000e+03	 -1,61519e-01	 -7,00244e-02
2287	  4,5720000000e+03	 -1,65159e-01	 -6,94366e-02
2288	  4,5740000000e+03	 -1,67951e-01	 -6,56496e-02
2289	  4,5760000000e+03	 -1,69035e-01	 -6,18571e-02
2290	  4,5780000000e+03	 -1,69081e-01	 -5,71785e-02
2291	  4,5800000000e+03	 -1,68124e-01	 -5,16939e-02
2292	  4,5820000000e+03	 -1,71029e-01	 -5,32472e-02
2293	  4,5840000000e+03	 -1,70181e-01	 -5,11589e-02
2294	  4,5860000000e+03	 -1,71157e-01	 -4,59155e-02
2295	  4,5880000000e+03	 -1,71233e-01	 -4,16008e-02
2296	  4,5900000000e+03	 -1,73040e-01	 -4,06374e-02
2297	  4,5920000000e+03	 -1,74604e-01	 -3,90484e-02
2298	  4,5940000000e+03	 -1,74388e-01	 -3,42941e-02
2299	  4,5960000000e+03	 -1,75601e-01	 -2,85692e-02
2300	  4,5980000000e+03	 -1,75442e-01	 -2,62016e-02
2301	  4,6000000000e+03	 -1,74767e-01	 -2,43595e-02
2302	  4,6020000000e+03	 -1,74513e-01	 -2,05331e-02
2303	  4,6040000000e+03	 -1,72304e-01	 -1,65182e-02
2304	  4,6060000000e+03	 -1,72765e-01	 -1,48897e-02
2305	  4,6080000000e+03	 -1,72946e-01	 -1,28613e-02
2306	  4,6100000000e+03	 -1,71309e-01	 -8,52216e-03
2307	  4,6120000000e+03	 -1,70357e-01	 -5,52126e-03
2308	  4,6140000000e+03	 -1,73190e-01	 -5,02773e-03
2309	  4,6160000000e+03	 -1,74303e-01	 -3,94800e-03
2310	  4,6180000000e+03	 -1,71404e-01	 -2,30412e-03
2311	  4,6200000000e+03	 -1,69128e-01	  7,35899e-04
2312	  4,6220000000e+03	 -1,69335e-01	  5,70691e-03
2313	  4,6240000000e+03	 -1,66910e-01	  7,41756e-03
2314	  4,6260000000e+03	 -1,65076e-01	  9,68450e-03
2315	  4,6280000000e+03	 -1,69976e-01	  9,30161e-03
2316	  4,6300000000e+03	 -1,71439e-01	  1,19066e-02
2317	  4,6320000000e+03	 -1,66390e-01	  1,61607e-02
2318	  4,6340000000e+03	 -1,66171e-01	  1,59377e-02
2319	  4,6360000000e+03	 -1,67637e-01	  1,99176e-02
2320	  4,6380000000e+03	 -1,67243e-01	  2,37583e-02
2321	  4,6400000000e+03	 -1,63558e-01	  2,74547e-02
2322	  4,6420000000e+03	 -1,62661e-01	  2,79169e-02
2323	  4,6440000000e+03	 -1,61265e-01	  3,16128e-02
2324	  4,6460000000e+03	 -1,59320e-01	  3,22109e-02
2325	  4,6480000000e+03	 -1,59032e-01	  3,37262e-02
2326	  4,6500000000e+03	 -1,61891e-01	  3,69393e-02
2327	  4,6520000000e+03	 -1,59452e-01	  4,05608e-02
2328	  4,6540000000e+03	 -1,55089e-01	  4,39072e-02
2329	  4,6560000000e+03	 -1,54419e-01	  4,43864e-02
2330	  4,6580000000e+03	 -1,52966e-01	  4,54598e-02
2331	  4,6600000000e+03	 -1,54260e-01	  4,46118e-02
2332	  4,6620000000e+03	 -1,54291e-01	  4,65173e-02
2333	  4,6640000000e+03	 -1,52813e-01	  4,83758e-02
2334	  4,6660000000e+03	 -1,50945e-01	  5,25181e-02
2335	  4,6680000000e+03	 -1,51825e-01	  5,36580e-02
2336	  4,6700000000e+03	 -1,50005e-01	  5,32059e-02
2337	  4,6720000000e+03	 -1,48068e-01	  5,65158e-02
2338	  4,6740000000e+03	 -1,48391e-01	  5,94532e-02
2339	  4,6760000000e+03	 -1,46348e-01	  5,99156e-02
2340	  4,6780000000e+03	 -1,44508e-01	  6,37884e-02
2341	  4,6800000000e+03	 -1,44791e-01	  6,47004e-02
2342	  4,6820000000e+03	 -1,46643e-01	  6,32288e-02
2343	  4,6840000000e+03	 -1,43405e-01	  6,67534e-02
2344	  4,6860000000e+03	 -1,42553e-01	  7,17046e-02
2345	  4,6880000000e+03	 -1,39947e-01	  7,47664e-02
2346	  4,6900000000e+03	 -1,36354e-01	  7,44716e-02
2347	  4,6920000000e+03	 -1,37489e-01	  7,38833e-02
2348	  4,6940000000e+03	 -1,38527e-01	  7,65003e-02
2349	  4,6960000000e+03	 -1,38442e-01	  7,83175e-02
2350	  4,6980000000e+03	 -1,35816e-01	  8,20796e-02
2351	  4,7000000000e+03	 -1,32200e-01	  8,32177e-02
2352	  4,7020000000e+03	 -1,31157e-01	  8,41161e-02
2353	  4,7040000000e+03	 -1,29578e-01	  8,80068e-02
2354	  4,7060000000e+03	 -1,29132e-01	  8,96490e-02
2355	  4,7080000000e+03	 -1,28545e-01	  8,78209e-02
2356	  4,7100000000e+03	 -1,25295e-01	  9,05443e-02
2357	  4,7120000000e+03	 -1,25834e-01	  9,58368e-02
2358	  4,7140000000e+03	 -1,24499e-01	  9,80048e-02
2359	  4,7160000000e+03	 -1,20769e-01	  9,77594e-02
2360	  4,7180000000e+03	 -1,16725e-01	  9,80675e-02
2361	  4,7200000000e+03	 -1,16514e-01	  9,91495e-02
2362	  4,7220000000e+03	 -1,15112e-01	  9,91314e-02
2363	  4,7240000000e+03	 -1,12877e-01	  1,00863e-01
2364	  4,7260000000e+03	 -1,11954e-01	  1,05276e-01
2365	  4,7280000000e+03	 -1,10977e-01	  1,04512e-01
2366	  4,7300000000e+03	 -1,07202e-01	  1,05951e-01
2367	  4,7320000000e+03	 -1,05590e-01	  1,08588e-01
2368	  4,7340000000e+03	 -1,03658e-01	  1,10528e-01
2369	  4,7360000000e+03	 -1,02134e-01	  1,11510e-01
2370	  4,7380000000e+03	 -9,96455e-02	  1,09442e-01
2371	  4,7400000000e+03	 -9,74140e-02	  1,13708e-01
2372	  4,7420000000e+03	 -9,36106e-02	  1,16137e-01
2373	  4,7440000000e+03	 -9,20404e-02	  1,13864e-01
2374	  4,7460000000e+03	 -9,22513e-02	  1,12624e-01
2375	  4,7480000000e+03	 -9,16123e-02	  1,12574e-01
2376	  4,7500000000e+03	 -8,79182e-02	  1,13615e-01
2377	  4,7520000000e+03	 -8,43223e-02	  1,15680e-01
2378	  4,7540000000e+03	 -8,39057e-02	  1,15366e-01
2379	  4,7560000000e+03	 -8,25462e-02	  1,16124e-01
2380	  4,7580000000e+03	 -8,06318e-02	  1,16820e-01
2381	  4,7600000000e+03	 -7,71236e-02	  1,17190e-01
2382	  4,7620000000e+03	 -7,62738e-02	  1,17486e-01
2383	  4,7640000000e+03	 -7,45292e-02	  1,17876e-01
2384	  4,7660000000e+03	 -7,45906e-02	  1,18099e-01
2385	  4,7680000000e+03	 -7,34333e-02	  1,19479e-01
2386	  4,7700000000e+03	 -6,94010e-02	  1,18962e-01
2387	  4,7720000000e+03	 -7,07911e-02	  1,19328e-01
2388	  4,7740000000e+03	 -7,04461e-02	  1,21853e-01
2389	  4,7760000000e+03	 -6,90621e-02	  1,20431e-01
2390	  4,7780000000e+03	 -6,55971e-02	  1,20476e-01
2391	  4,7800000000e+03	 -6,47023e-02	  1,21212e-01
2392	  4,7820000000e+03	 -6,57164e-02	  1,23307e-01
2393	  4,7840000000e+03	 -6,50282e-02	  1,25720e-01
2394	  4,7860000000e+03	 -6,27170e-02	  1,26849e-01
2395	  4,7880000000e+03	 -5,91292e-02	  1,25230e-01
2396	  4,7900000000e+03	 -5,55113e-02	  1,25184e-01
2397	  4,7920000000e+03	 -5,58378e-02	  1,24145e-01
2398	  4,7940000000e+03	 -5,52383e-02	  1,27459e-01
2399	  4,7960000000e+03	 -5,23677e-02	  1,32185e-01
2400	  4,7980000000e+03	 -5,07476e-02	  1,31386e-01
2401	  4,8000000000e+03	 -5,02243e-02	  1,31581e-01
2402	  4,8020000000e+03	 -5,08108e-02	  1,32617e-01
2403	  4,8040000000e+03	 -4,76778e-02	  1,35435e-01
2404	  4,8060000000e+03	 -4,31964e-02	  1,35991e-01
2405	  4,8080000000e+03	 -4,02861e-02	  1,34692e-01
2406	  4,8100000000e+03	 -4,09964e-02	  1,34778e-01
2407	  4,8120000000e+03	 -4,00537e-02	  1,35725e-01
2408	  4,8140000000e+03	 -3,65950e-02	  1,37851e-01
2409	  4,8160000000e+03	 -3,57516e-02	  1,36588e-01
2410	  4,8180000000e+03	 -3,37620e-02	  1,37062e-01
2411	  4,8200000000e+03	 -2,95612e-02	  1,39880e-01
2412	  4,8220000000e+03	 -2,87097e-02	  1,38839e-01
2413	  4,8240000000e+03	 -2,49418e-02	  1,37501e-01
2414	  4,8260000000e+03	 -2,10129e-02	  1,40802e-01
2415	  4,8280000000e+03	 -1,86501e-02	  1,40912e-01
2416	  4,8300000000e+03	 -1,75307e-02	  1,38458e-01
2417	  4,8320000000e+03	 -1,65364e-02	  1,38918e-01
2418	  4,8340000000e+03	 -1,36512e-02	  1,39362e-01
2419	  4,8360000000e+03	 -1,18099e-02	  1,37746e-01
2420	  4,8380000000e+03	 -1,02519e-02	  1,37997e-01
2421	  4,8400000000e+03	 -8,02876e-03	  1,37032e-01
2422	  4,8420000000e+03	 -3,85714e-03	  1,37061e-01
2423	  4,8440000000e+03	  9,09250e-05	  1,35264e-01
2424	  4,8460000000e+03	 -1,38391e-03	  1,34663e-01
2425	  4,8480000000e+03	 -6,04007e-04	  1,35474e-01
2426	  4,8500000000e+03	  2,23219e-03	  1,36033e-01
2427	  4,8520000000e+03	  5,39196e-03	  1,33321e-01
2428	  4,8540000000e+03	  6,59932e-03	  1,32595e-01
2429	  4,8560000000e+03	  7,19134e-03	  1,31030e-01
2430	  4,8580000000e+03	  9,96339e-03	  1,25557e-01
2431	  4,8600000000e+03	  1,02033e-02	  1,26686e-01
2432	  4,8620000000e+03	  1,35211e-02	  1,29453e-01
2433	  4,8640000000e+03	  1,46566e-02	  1,26754e-01
2434	  4,8660000000e+03	  1,52725e-02	  1,26442e-01
2435	  4,8680000000e+03	  1,68087e-02	  1,23707e-01
2436	  4,8700000000e+03	  1,89820e-02	  1,22150e-01
2437	  4,8720000000e+03	  2,13441e-02	  1,24082e-01
2438	  4,8740000000e+03	  2,20645e-02	  1,24124e-01
2439	  4,8760000000e+03	  2,23371e-02	  1,22617e-01
2440	  4,8780000000e+03	  2,52087e-02	  1,24426e-01
2441	  4,8800000000e+03	  2,55958e-02	  1,23827e-01
2442	  4,8820000000e+03	  2,46305e-02	  1,20581e-01
2443	  4,8840000000e+03	  2,78877e-02	  1,22223e-01
2444	  4,8860000000e+03	  3,00107e-02	  1,22365e-01
2445	  4,8880000000e+03	  2,95089e-02	  1,18713e-01
2446	  4,8900000000e+03	  3,21568e-02	  1,18515e-01
2447	  4,8920000000e+03	  3,53749e-02	  1,20355e-01
2448	  4,8940000000e+03	  3,79108e-02	  1,21509e-01
2449	  4,8960000000e+03	  4,03459e-02	  1,21623e-01
2450	  4,8980000000e+03	  3,99047e-02	  1,22624e-01
2451	  4,9000000000e+03	  4,01726e-02	  1,18842e-01
2452	  4,9020000000e+03	  4,13729e-02	  1,17311e-01
2453	  4,9040000000e+03	  4,36302e-02	  1,17792e-01
2454	  4,9060000000e+03	  4,49177e-02	  1,18231e-01
2455	  4,9080000000e+03	  4,74939e-02	  1,15655e-01
2456	  4,9100000000e+03	  5,14046e-02	  1,14361e-01
2457	  4,9120000000e+03	  5,22687e-02	  1,11222e-01
2458	  4,9140000000e+03	  5,28256e-02	  1,09018e-01
2459	  4,9160000000e+03	  5,33021e-02	  1,10259e-01
2460	  4,9180000000e+03	  5,32917e-02	  1,10455e-01
2461	  4,9200000000e+03	  5,59285e-02	  1,10516e-01
2462	  4,9220000000e+03	  5,85161e-02	  1,08398e-01
2463	  4,9240000000e+03	  5,99330e-02	  1,07616e-01
2464	  4,9260000000e+03	  6,16303e-02	  1,06450e-01
2465	  4,9280000000e+03	  6,53588e-02	  1,04723e-01
2466	  4,9300000000e+03	  6,55841e-02	  1,01998e-01
2467	  4,9320000000e+03	  6,76031e-02	  1,00135e-01
2468	  4,9340000000e+03	  6,96878e-02	  1,00160e-01
2469	  4,9360000000e+03	  6,93709e-02	  9,94655e-02
2470	  4,9380000000e+03	  7,17995e-02	  9,65518e-02
2471	  4,9400000000e+03	  7,55335e-02	  9,46452e-02
2472	  4,9420000000e+03	  7,38832e-02	  9,66136e-02
2473	  4,9440000000e+03	  7,42318e-02	  9,20874e-02
2474	  4,9460000000e+03	  7,78902e-02	  8,81358e-02
2475	  4,9480000000e+03	  7,90467e-02	  8,78841e-02
2476	  4,9500000000e+03	  7,72183e-02	  8,76589e-02
2477	  4,9520000000e+03	  7,95049e-02	  8,37539e-02
2478	  4,9540000000e+03	  8,10563e-02	  8,30955e-02
2479	  4,9560000000e+03	  8,01522e-02	  8,21374e-02
2480	  4,9580000000e+03	  8,12702e-02	  8,03134e-02
2481	  4,9600000000e+03	  8,75759e-02	  7,68032e-02
2482	  4,9620000000e+03	  8,72916e-02	  7,34575e-02
2483	  4,9640000000e+03	  8,75651e-02	  7,09170e-02
2484	  4,9660000000e+03	  8,76201e-02	  6,98281e-02
2485	  4,9680000000e+03	  8,82055e-02	  6,76851e-02
2486	  4,9700000000e+03	  8,79361e-02	  6,84262e-02
2487	  4,9720000000e+03	  8,76143e-02	  6,60000e-02
2488	  4,9740000000e+03	  8,92596e-02	  6,40838e-02
2489	  4,9760000000e+03	  8,95415e-02	  6,20895e-02
2490	  4,9780000000e+03	  8,86109e-02	  5,96214e-02
2491	  4,9800000000e+03	  9,03187e-02	  5,77165e-02
2492	  4,9820000000e+03	  9,07244e-02	  5,51796e-02
2493	  4,9840000000e+03	  9,03588e-02	  5,15302e-02
2494	  4,9860000000e+03	  8,95475e-02	  5,25973e-02
2495	  4,9880000000e+03	  8,92454e-02	  4,97858e-02
2496	  4,9900000000e+03	  8,66954e-02	  4,65337e-02
2497	  4,9920000000e+03	  8,48387e-02	  4,67819e-02
2498	  4,9940000000e+03	  8,71796e-02	  4,42465e-02
2499	  4,9960000000e+03	  8,44831e-02	  4,34684e-02
2500	  4,9980000000e+03	  8,39268e-02	  4,38995e-02
2501	  5,0000000000e+03	  8,37212e-02	  4,52636e-02
2502	  5,0020000000e+03	  8,41252e-02	  4,41611e-02
2503	  5,0040000000e+03	  8,52299e-02	  4,14418e-02
2504	  5,0060000000e+03	  8,57169e-02	  4,20493e-02
2505	  5,0080000000e+03	  8,56147e-02	  4,13708e-02
2506	  5,0100000000e+03	  8,59026e-02	  3,98811e-02
2507	  5,0120000000e+03	  8,63061e-02	  4,03243e-02
2508	  5,0140000000e+03	  8,46652e-02	  3,76343e-02
2509	  5,0160000000e+03	  8,18735e-02	  3,33457e-02
2510	  5,0180000000e+03	  8,20983e-02	  2,97973e-02
2511	  5,0200000000e+03	  8,49423e-02	  2,91665e-02
2512	  5,0220000000e+03	  8,54744e-02	  2,98828e-02
2513	  5,0240000000e+03	  8,62232e-02	  2,85072e-02
2514	  5,0260000000e+03	  8,80021e-02	  2,65754e-02
2515	  5,0280000000e+03	  8,57877e-02	  2,60233e-02
2516	  5,0300000000e+03	  8,51985e-02	  2,51916e-02
2517	  5,0320000000e+03	  8,45142e-02	  2,21799e-02
2518	  5,0340000000e+03	  8,44285e-02	  2,04846e-02
2519	  5,0360000000e+03	  8,56861e-02	  1,90231e-02
2520	  5,0380000000e+03	  8,69907e-02	  1,75977e-02
2521	  5,0400000000e+03	  8,61282e-02	  1,55493e-02
2522	  5,0420000000e+03	  8,55841e-02	  1,36089e-02
2523	  5,0440000000e+03	  8,57467e-02	  1,10195e-02
2524	  5,0460000000e+03	  8,36861e-02	  8,41666e-03
2525	  5,0480000000e+03	  8,25967e-02	  9,07465e-03
2526	  5,0500000000e+03	  8,18951e-02	  9,05134e-03
2527	  5,0520000000e+03	  7,77409e-02	  9,22453e-03
2528	  5,0540000000e+03	  7,55976e-02	  8,00915e-03
2529	  5,0560000000e+03	  7,59648e-02	  7,12228e-03
2530	  5,0580000000e+03	  7,55655e-02	  6,18583e-03
2531	  5,0600000000e+03	  7,60613e-02	  3,99048e-03
2532	  5,0620000000e+03	  7,50456e-02	  2,04140e-03
2533	  5,0640000000e+03	  7,43122e-02	  6,96998e-04
2534	  5,0660000000e+03	  7,22826e-02	  1,13796e-03
2535	  5,0680000000e+03	  7,32768e-02	  8,56818e-04
2536	  5,0700000000e+03	  7,46196e-02	 -2,29955e-03
2537	  5,0720000000e+03	  7,01180e-02	 -4,28623e-04
2538	  5,0740000000e+03	  6,78800e-02	 -5,15419e-04
2539	  5,0760000000e+03	  6,47076e-02	 -9,88667e-04
2540	  5,0780000000e+03	  6,48731e-02	 -6,65843e-04
2541	  5,0800000000e+03	  6,40089e-02	 -8,30582e-04
2542	  5,0820000000e+03	  6,49037e-02	 -2,30878e-03
2543	  5,0840000000e+03	  6,63051e-02	 -5,28148e-03
2544	  5,0860000000e+03	  6,32912e-02	 -2,65233e-03
2545	  5,0880000000e+03	  5,99787e-02	 -9,88403e-04
2546	  5,0900000000e+03	  5,93824e-02	 -3,78914e-03
2547	  5,0920000000e+03	  6,01219e-02	 -6,63732e-03
2548	  5,0940000000e+03	  5,82138e-02	 -7,63458e-03
2549	  5,0960000000e+03	  5,80900e-02	 -6,35240e-03
2550	  5,0980000000e+03	  5,59348e-02	 -5,04122e-03
2551	  5,1000000000e+03	  5,64031e-02	 -5,37499e-03
2552	  5,1020000000e+03	  5,63788e-02	 -3,98315e-03
2553	  5,1040000000e+03	  5,62231e-02	 -5,37326e-03
2554	  5,1060000000e+03	  5,50844e-02	 -6,20060e-03
2555	  5,1080000000e+03	  5,50883e-02	 -5,60695e-03
2556	  5,1100000000e+03	  5,10795e-02	 -5,23674e-03
2557	  5,1120000000e+03	  5,10086e-02	 -6,75084e-03
2558	  5,1140000000e+03	  5,06360e-02	 -4,92541e-03
2559	  5,1160000000e+03	  5,05982e-02	 -3,39059e-03
2560	  5,1180000000e+03	  5,14404e-02	 -4,44517e-03
2561	  5,1200000000e+03	  5,30280e-02	 -3,96288e-03
2562	  5,1220000000e+03	  5,28138e-02	 -5,12845e-03
2563	  5,1240000000e+03	  5,22019e-02	 -5,41334e-03
2564	  5,1260000000e+03	  4,94078e-02	 -6,67793e-03
2565	  5,1280000000e+03	  4,76023e-02	 -6,37760e-03
2566	  5,1300000000e+03	  4,78399e-02	 -7,19319e-03
2567	  5,1320000000e+03	  4,60250e-02	 -5,24339e-03
2568	  5,1340000000e+03	  4,61301e-02	 -4,96593e-03
2569	  5,1360000000e+03	  4,63555e-02	 -3,84871e-03
2570	  5,1380000000e+03	  4,54076e-02	 -1,94591e-03
2571	  5,1400000000e+03	  4,44460e-02	 -4,21658e-03
2572	  5,1420000000e+03	  4,72527e-02	 -5,06110e-03
2573	  5,1440000000e+03	  4,63012e-02	 -4,60113e-03
2574	  5,1460000000e+03	  4,32915e-02	 -2,61387e-03
2575	  5,1480000000e+03	  4,51243e-02	 -3,51382e-03
2576	  5,1500000000e+03	  4,69003e-02	 -3,57747e-03
2577	  5,1520000000e+03	  4,55099e-02	 -4,67926e-04
2578	  5,1540000000e+03	  4,32679e-02	 -7,96191e-04
2579	  5,1560000000e+03	  4,16257e-02	  1,10169e-04
2580	  5,1580000000e+03	  4,29987e-02	  1,87087e-03
2581	  5,1600000000e+03	  4,53890e-02	  3,01003e-03
2582	  5,1620000000e+03	  4,34423e-02	  3,32115e-04
2583	  5,1640000000e+03	  4,17199e-02	 -1,92709e-03
2584	  5,1660000000e+03	  4,12933e-02	  1,36116e-03
2585	  5,1680000000e+03	  4,14313e-02	 -2,66409e-04
2586	  5,1700000000e+03	  4,46086e-02	  2,50450e-06
2587	  5,1720000000e+03	  4,49334e-02	  2,78836e-03
2588	  5,1740000000e+03	  4,44726e-02	  2,71958e-03
2589	  5,1760000000e+03	  4,45337e-02	  1,62485e-03
2590	  5,1780000000e+03	  4,51031e-02	  6,01749e-04
2591	  5,1800000000e+03	  4,62820e-02	  3,26360e-04
2592	  5,1820000000e+03	  4,59180e-02	 -2,09024e-03
2593	  5,1840000000e+03	  4,42299e-02	  2,54519e-03
2594	  5,1860000000e+03	  4,55873e-02	  4,37965e-03
2595	  5,1880000000e+03	  4,52495e-02	  3,78305e-03
2596	  5,1900000000e+03	  4,33546e-02	  5,17506e-03
2597	  5,1920000000e+03	  4,71791e-02	  9,14339e-03
2598	  5,1940000000e+03	  4,78920e-02	  1,10791e-02
2599	  5,1960000000e+03	  4,60833e-02	  8,37739e-03
2600	  5,1980000000e+03	  4,66098e-02	  5,66085e-03
2601	  5,2000000000e+03	  4,65033e-02	  4,48617e-03
2602	  5,2020000000e+03	  5,07411e-02	  3,39115e-03
2603	  5,2040000000e+03	  4,98635e-02	  6,36635e-03
2604	  5,2060000000e+03	  4,76548e-02	  6,79255e-03
2605	  5,2080000000e+03	  4,92641e-02	  7,32643e-03
2606	  5,2100000000e+03	  5,32757e-02	  5,99344e-03
2607	  5,2120000000e+03	  5,41410e-02	  3,69164e-03
2608	  5,2140000000e+03	  5,24644e-02	  4,97537e-03
2609	  5,2160000000e+03	  5,16347e-02	  4,96795e-03
2610	  5,2180000000e+03	  5,31752e-02	  4,22712e-03
2611	  5,2200000000e+03	  5,65204e-02	  4,82796e-03
2612	  5,2220000000e+03	  5,32211e-02	  4,31166e-03
2613	  5,2240000000e+03	  5,44420e-02	  2,79768e-03
2614	  5,2260000000e+03	  5,64697e-02	  1,37125e-03
2615	  5,2280000000e+03	  5,73098e-02	  5,74178e-04
2616	  5,2300000000e+03	  5,99233e-02	 -1,67857e-03
2617	  5,2320000000e+03	  5,73425e-02	  5,42544e-05
2618	  5,2340000000e+03	  5,76794e-02	  3,49914e-04
2619	  5,2360000000e+03	  5,79396e-02	  5,61269e-05
2620	  5,2380000000e+03	  5,76293e-02	 -9,98020e-04
2621	  5,2400000000e+03	  6,08209e-02	 -8,05227e-04
2622	  5,2420000000e+03	  6,26091e-02	  2,21785e-04
2623	  5,2440000000e+03	  5,80955e-02	 -1,22265e-03
2624	  5,2460000000e+03	  5,99392e-02	 -2,21243e-03
2625	  5,2480000000e+03	  6,29058e-02	 -3,81616e-03
2626	  5,2500000000e+03	  6,44028e-02	 -2,39182e-03
2627	  5,2520000000e+03	  6,60654e-02	 -4,42435e-03
2628	  5,2540000000e+03	  6,41434e-02	 -5,99443e-03
2629	  5,2560000000e+03	  6,42416e-02	 -7,69740e-03
2630	  5,2580000000e+03	  6,69689e-02	 -5,34873e-03
2631	  5,2600000000e+03	  6,58719e-02	 -3,35606e-03
2632	  5,2620000000e+03	  6,65941e-02	 -5,16006e-03
2633	  5,2640000000e+03	  6,69383e-02	 -8,79798e-03
2634	  5,2660000000e+03	  6,55477e-02	 -8,32181e-03
2635	  5,2680000000e+03	  6,79852e-02	 -8,98829e-03
2636	  5,2700000000e+03	  6,62007e-02	 -8,83510e-03
2637	  5,2720000000e+03	  6,59995e-02	 -1,12995e-02
2638	  5,2740000000e+03	  6,77694e-02	 -1,03852e-02
2639	  5,2760000000e+03	  6,75326e-02	 -9,60590e-03
2640	  5,2780000000e+03	  6,83274e-02	 -1,05783e-02
2641	  5,2800000000e+03	  7,04101e-02	 -1,22413e-02
2642	  5,2820000000e+03	  7,11678e-02	 -1,37346e-02
2643	  5,2840000000e+03	  7,16187e-02	 -1,39678e-02
2644	  5,2860000000e+03	  7,42206e-02	 -1,46787e-02
2645	  5,2880000000e+03	  7,40307e-02	 -1,68437e-02
2646	  5,2900000000e+03	  7,23746e-02	 -1,68696e-02
2647	  5,2920000000e+03	  7,28713e-02	 -1,81061e-02
2648	  5,2940000000e+03	  7,22393e-02	 -2,10933e-02
2649	  5,2960000000e+03	  7,34835e-02	 -2,45259e-02
2650	  5,2980000000e+03	  7,36008e-02	 -2,53005e-02
2651	  5,3000000000e+03	  7,32042e-02	 -2,71915e-02
2652	  5,3020000000e+03	  7,45740e-02	 -2,90208e-02
2653	  5,3040000000e+03	  7,31227e-02	 -2,86124e-02
2654	  5,3060000000e+03	  7,13252e-02	 -3,07285e-02
2655	  5,3080000000e+03	  7,26710e-02	 -3,27350e-02
2656	  5,3100000000e+03	  7,25680e-02	 -3,32639e-02
2657	  5,3120000000e+03	  7,11229e-02	 -3,37137e-02
2658	  5,3140000000e+03	  7,08347e-02	 -3,37923e-02
2659	  5,3160000000e+03	  7,10808e-02	 -3,47047e-02
2660	  5,3180000000e+03	  7,03122e-02	 -3,73031e-02
2661	  5,3200000000e+03	  7,05684e-02	 -3,83728e-02
2662	  5,3220000000e+03	  7,18093e-02	 -3,89267e-02
2663	  5,3240000000e+03	  7,28536e-02	 -3,82100e-02
2664	  5,3260000000e+03	  7,04791e-02	 -3,94979e-02
2665	  5,3280000000e+03	  6,86175e-02	 -4,23264e-02
2666	  5,3300000000e+03	  6,76777e-02	 -4,27604e-02
2667	  5,3320000000e+03	  6,78098e-02	 -4,40317e-02
2668	  5,3340000000e+03	  6,60189e-02	 -4,73680e-02
2669	  5,3360000000e+03	  6,81312e-02	 -4,73131e-02
2670	  5,3380000000e+03	  7,02226e-02	 -4,82614e-02
2671	  5,3400000000e+03	  6,75546e-02	 -4,73881e-02
2672	  5,3420000000e+03	  6,60076e-02	 -4,85036e-02
2673	  5,3440000000e+03	  6,54604e-02	 -5,05848e-02
2674	  5,3460000000e+03	  6,54736e-02	 -5,33136e-02
2675	  5,3480000000e+03	  6,73339e-02	 -5,48049e-02
2676	  5,3500000000e+03	  6,46353e-02	 -5,45197e-02
2677	  5,3520000000e+03	  6,17697e-02	 -5,34271e-02
2678	  5,3540000000e+03	  6,21724e-02	 -5,55094e-02
2679	  5,3560000000e+03	  6,34823e-02	 -5,62390e-02
2680	  5,3580000000e+03	  6,42994e-02	 -5,53010e-02
2681	  5,3600000000e+03	  6,29536e-02	 -5,58824e-02
2682	  5,3620000000e+03	  6,26120e-02	 -5,70817e-02
2683	  5,3640000000e+03	  6,30294e-02	 -5,86395e-02
2684	  5,3660000000e+03	  6,14915e-02	 -5,86823e-02
2685	  5,3680000000e+03	  5,99213e-02	 -6,11299e-02
2686	  5,3700000000e+03	  5,77749e-02	 -6,19799e-02
2687	  5,3720000000e+03	  5,54186e-02	 -6,38581e-02
2688	  5,3740000000e+03	  5,72300e-02	 -6,40014e-02
2689	  5,3760000000e+03	  5,79338e-02	 -6,31733e-02
2690	  5,3780000000e+03	  5,61206e-02	 -6,46834e-02
2691	  5,3800000000e+03	  5,71229e-02	 -6,48596e-02
2692	  5,3820000000e+03	  5,76419e-02	 -6,79770e-02
2693	  5,3840000000e+03	  5,69317e-02	 -6,95771e-02
2694	  5,3860000000e+03	  5,24563e-02	 -6,88901e-02
2695	  5,3880000000e+03	  5,12663e-02	 -6,94705e-02
2696	  5,3900000000e+03	  5,26767e-02	 -7,03050e-02
2697	  5,3920000000e+03	  5,27341e-02	 -7,23016e-02
2698	  5,3940000000e+03	  5,31017e-02	 -7,49518e-02
2699	  5,3960000000e+03	  5,08948e-02	 -7,49241e-02
2700	  5,3980000000e+03	  4,97209e-02	 -7,33247e-02
2701	  5,4000000000e+03	  4,89160e-02	 -7,46745e-02
2702	  5,4020000000e+03	  4,95262e-02	 -7,75936e-02
2703	  5,4040000000e+03	  4,85630e-02	 -7,94212e-02
2704	  5,4060000000e+03	  4,87515e-02	 -8,03150e-02
2705	  5,4080000000e+03	  5,10696e-02	 -8,11712e-02
2706	  5,4100000000e+03	  4,97300e-02	 -8,29195e-02
2707	  5,4120000000e+03	  4,87751e-02	 -8,30349e-02
2708	  5,4140000000e+03	  4,66850e-02	 -8,25992e-02
2709	  5,4160000000e+03	  4,26660e-02	 -8,17643e-02
2710	  5,4180000000e+03	  4,30156e-02	 -8,28961e-02
2711	  5,4200000000e+03	  4,35868e-02	 -8,37876e-02
2712	  5,4220000000e+03	  4,23246e-02	 -8,63582e-02
2713	  5,4240000000e+03	  3,99592e-02	 -8,57516e-02
2714	  5,4260000000e+03	  3,83800e-02	 -8,70441e-02
2715	  5,4280000000e+03	  3,79101e-02	 -8,97283e-02
2716	  5,4300000000e+03	  3,72784e-02	 -9,24028e-02
2717	  5,4320000000e+03	  3,40742e-02	 -9,20559e-02
2718	  5,4340000000e+03	  3,03705e-02	 -9,15912e-02
2719	  5,4360000000e+03	  3,10682e-02	 -9,09442e-02
2720	  5,4380000000e+03	  2,96120e-02	 -9,33404e-02
2721	  5,4400000000e+03	  2,91396e-02	 -9,39338e-02
2722	  5,4420000000e+03	  2,79396e-02	 -9,50501e-02
2723	  5,4440000000e+03	  2,69396e-02	 -9,72531e-02
2724	  5,4460000000e+03	  2,62425e-02	 -9,73513e-02
2725	  5,4480000000e+03	  2,22634e-02	 -9,53967e-02
2726	  5,4500000000e+03	  2,28031e-02	 -9,91766e-02
2727	  5,4520000000e+03	  2,20287e-02	 -9,83021e-02
2728	  5,4540000000e+03	  2,02353e-02	 -9,59844e-02
2729	  5,4560000000e+03	  1,86201e-02	 -9,77908e-02
2730	  5,4580000000e+03	  1,65072e-02	 -1,01820e-01
2731	  5,4600000000e+03	  1,41118e-02	 -1,03033e-01
2732	  5,4620000000e+03	  1,34797e-02	 -1,00022e-01
2733	  5,4640000000e+03	  1,28224e-02	 -9,82984e-02
2734	  5,4660000000e+03	  1,24031e-02	 -1,01016e-01
2735	  5,4680000000e+03	  1,07502e-02	 -1,00566e-01
2736	  5,4700000000e+03	  7,21819e-03	 -9,97649e-02
2737	  5,4720000000e+03	  5,50581e-03	 -9,91436e-02
2738	  5,4740000000e+03	  4,03698e-03	 -9,82279e-02
2739	  5,4760000000e+03	  7,83170e-04	 -9,90468e-02
2740	  5,4780000000e+03	 -6,81385e-04	 -1,02313e-01
2741	  5,4800000000e+03	 -8,21800e-04	 -1,02654e-01
2742	  5,4820000000e+03	 -2,91232e-03	 -1,02287e-01
2743	  5,4840000000e+03	 -5,47141e-03	 -1,01615e-01
2744	  5,4860000000e+03	 -8,15836e-03	 -9,90011e-02
2745	  5,4880000000e+03	 -6,30663e-03	 -9,93771e-02
2746	  5,4900000000e+03	 -7,77295e-03	 -1,01706e-01
2747	  5,4920000000e+03	 -8,62158e-03	 -9,99208e-02
2748	  5,4940000000e+03	 -1,13098e-02	 -1,01513e-01
2749	  5,4960000000e+03	 -1,41324e-02	 -1,01865e-01
2750	  5,4980000000e+03	 -1,33792e-02	 -9,94440e-02
2751	  5,5000000000e+03	 -1,32788e-02	 -1,00357e-01
2752	  5,5020000000e+03	 -1,52787e-02	 -1,00044e-01
2753	  5,5040000000e+03	 -1,77938e-02	 -9,95846e-02
2754	  5,5060000000e+03	 -1,94878e-02	 -1,00852e-01
2755	  5,5080000000e+03	 -2,19249e-02	 -9,83961e-02
2756	  5,5100000000e+03	 -2,44333e-02	 -1,00470e-01
2757	  5,5120000000e+03	 -2,55204e-02	 -9,87855e-02
2758	  5,5140000000e+03	 -2,62962e-02	 -9,93122e-02
2759	  5,5160000000e+03	 -2,84424e-02	 -9,95529e-02
2760	  5,5180000000e+03	 -2,94660e-02	 -9,99468e-02
2761	  5,5200000000e+03	 -3,10367e-02	 -9,88565e-02
2762	  5,5220000000e+03	 -3,34842e-02	 -9,53493e-02
2763	  5,5240000000e+03	 -3,54606e-02	 -9,50793e-02
2764	  5,5260000000e+03	 -3,63721e-02	 -9,61285e-02
2765	  5,5280000000e+03	 -3,95456e-02	 -9,55040e-02
2766	  5,5300000000e+03	 -4,13734e-02	 -9,35069e-02
2767	  5,5320000000e+03	 -4,07309e-02	 -9,26316e-02
2768	  5,5340000000e+03	 -4,29189e-02	 -9,02846e-02
2769	  5,5360000000e+03	 -4,39456e-02	 -9,07564e-02
2770	  5,5380000000e+03	 -4,63283e-02	 -9,00618e-02
2771	  5,5400000000e+03	 -4,66888e-02	 -8,79196e-02
2772	  5,5420000000e+03	 -4,58287e-02	 -8,74982e-02
2773	  5,5440000000e+03	 -4,84267e-02	 -8,93659e-02
2774	  5,5460000000e+03	 -4,87614e-02	 -8,88737e-02
2775	  5,5480000000e+03	 -4,96767e-02	 -8,86082e-02
2776	  5,5500000000e+03	 -4,91086e-02	 -8,64720e-02
2777	  5,5520000000e+03	 -5,22585e-02	 -8,47489e-02
2778	  5,5540000000e+03	 -5,33465e-02	 -8,49561e-02
2779	  5,5560000000e+03	 -5,66529e-02	 -8,36564e-02
2780	  5,5580000000e+03	 -5,86539e-02	 -8,05798e-02
2781	  5,5600000000e+03	 -5,87609e-02	 -7,95411e-02
2782	  5,5620000000e+03	 -5,85024e-02	 -8,04359e-02
2783	  5,5640000000e+03	 -5,86929e-02	 -8,10855e-02
2784	  5,5660000000e+03	 -5,82359e-02	 -7,90406e-02
2785	  5,5680000000e+03	 -5,97479e-02	 -7,65860e-02
2786	  5,5700000000e+03	 -6,12697e-02	 -7,59869e-02
2787	  5,5720000000e+03	 -6,29248e-02	 -7,29507e-02
2788	  5,5740000000e+03	 -6,52106e-02	 -7,22793e-02
2789	  5,5760000000e+03	 -6,65255e-02	 -7,24931e-02
2790	  5,5780000000e+03	 -6,72229e-02	 -7,05380e-02
2791	  5,5800000000e+03	 -6,98838e-02	 -6,94601e-02
2792	  5,5820000000e+03	 -6,88001e-02	 -6,96770e-02
2793	  5,5840000000e+03	 -6,89450e-02	 -6,79746e-02
2794	  5,5860000000e+03	 -7,07223e-02	 -6,79011e-02
2795	  5,5880000000e+03	 -6,90660e-02	 -6,77838e-02
2796	  5,5900000000e+03	 -6,86573e-02	 -6,59738e-02
2797	  5,5920000000e+03	 -7,33234e-02	 -6,42553e-02
2798	  5,5940000000e+03	 -7,44583e-02	 -6,36488e-02
2799	  5,5960000000e+03	 -7,24643e-02	 -6,11255e-02
2800	  5,5980000000e+03	 -7,23977e-02	 -6,14074e-02
2801	  5,6000000000e+03	 -7,38639e-02	 -6,17247e-02
2802	  5,6020000000e+03	 -7,50860e-02	 -5,87054e-02
2803	  5,6040000000e+03	 -7,63707e-02	 -5,78848e-02
2804	  5,6060000000e+03	 -7,74776e-02	 -5,81848e-02
2805	  5,6080000000e+03	 -7,58817e-02	 -5,66762e-02
2806	  5,6100000000e+03	 -7,65313e-02	 -5,53320e-02
2807	  5,6120000000e+03	 -7,73276e-02	 -5,37209e-02
2808	  5,6140000000e+03	 -7,69010e-02	 -5,49401e-02
2809	  5,6160000000e+03	 -7,67948e-02	 -5,32226e-02
2810	  5,6180000000e+03	 -7,81540e-02	 -4,97925e-02
2811	  5,6200000000e+03	 -7,72030e-02	 -5,07219e-02
2812	  5,6220000000e+03	 -7,91466e-02	 -5,03832e-02
2813	  5,6240000000e+03	 -7,93551e-02	 -4,94803e-02
2814	  5,6260000000e+03	 -8,14567e-02	 -4,78798e-02
2815	  5,6280000000e+03	 -8,31023e-02	 -4,84951e-02
2816	  5,6300000000e+03	 -8,36539e-02	 -4,83571e-02
2817	  5,6320000000e+03	 -8,34657e-02	 -4,79150e-02
2818	  5,6340000000e+03	 -8,14053e-02	 -4,83422e-02
2819	  5,6360000000e+03	 -8,16565e-02	 -4,75318e-02
2820	  5,6380000000e+03	 -8,35852e-02	 -4,57122e-02
2821	  5,6400000000e+03	 -8,57498e-02	 -4,51247e-02
2822	  5,6420000000e+03	 -8,54538e-02	 -4,37053e-02
2823	  5,6440000000e+03	 -8,55017e-02	 -4,11948e-02
2824	  5,6460000000e+03	 -8,69145e-02	 -4,22051e-02
2825	  5,6480000000e+03	 -9,09339e-02	 -3,89308e-02
2826	  5,6500000000e+03	 -8,86688e-02	 -3,83980e-02
2827	  5,6520000000e+03	 -8,65638e-02	 -3,94865e-02
2828	  5,6540000000e+03	 -8,71045e-02	 -3,56376e-02
2829	  5,6560000000e+03	 -9,18415e-02	 -3,18725e-02
2830	  5,6580000000e+03	 -9,26155e-02	 -3,10012e-02
2831	  5,6600000000e+03	 -8,99836e-02	 -3,23111e-02
2832	  5,6620000000e+03	 -9,09661e-02	 -3,15770e-02
2833	  5,6640000000e+03	 -9,17924e-02	 -3,19960e-02
2834	  5,6660000000e+03	 -9,24185e-02	 -2,98039e-02
2835	  5,6680000000e+03	 -9,32993e-02	 -2,76893e-02
2836	  5,6700000000e+03	 -9,55215e-02	 -2,81777e-02
2837	  5,6720000000e+03	 -9,49605e-02	 -2,56456e-02
2838	  5,6740000000e+03	 -9,60456e-02	 -2,36254e-02
2839	  5,6760000000e+03	 -9,58462e-02	 -2,28980e-02
2840	  5,6780000000e+03	 -9,44540e-02	 -2,02048e-02
2841	  5,6800000000e+03	 -9,57467e-02	 -1,97503e-02
2842	  5,6820000000e+03	 -9,82298e-02	 -1,97279e-02
2843	  5,6840000000e+03	 -9,81549e-02	 -1,84657e-02
2844	  5,6860000000e+03	 -9,67987e-02	 -1,77163e-02
2845	  5,6880000000e+03	 -9,79337e-02	 -1,37598e-02
2846	  5,6900000000e+03	 -1,00651e-01	 -1,07439e-02
2847	  5,6920000000e+03	 -9,87908e-02	 -1,02542e-02
2848	  5,6940000000e+03	 -9,96541e-02	 -1,00735e-02
2849	  5,6960000000e+03	 -9,96707e-02	 -7,84952e-03
2850	  5,6980000000e+03	 -9,67037e-02	 -6,54586e-03
2851	  5,7000000000e+03	 -9,45353e-02	 -4,84569e-03
2852	  5,7020000000e+03	 -9,65093e-02	 -3,06952e-03
2853	  5,7040000000e+03	 -9,92934e-02	 -2,86478e-03
2854	  5,7060000000e+03	 -9,94541e-02	 -2,44314e-03
2855	  5,7080000000e+03	 -9,88551e-02	  8,79889e-06
2856	  5,7100000000e+03	 -1,00192e-01	  7,19736e-04
2857	  5,7120000000e+03	 -1,01674e-01	  3,26742e-03
2858	  5,7140000000e+03	 -1,01003e-01	  3,60639e-03
2859	  5,7160000000e+03	 -1,00311e-01	  5,47492e-03
2860	  5,7180000000e+03	 -9,85722e-02	  7,63485e-03
2861	  5,7200000000e+03	 -9,74031e-02	  1,02667e-02
2862	  5,7220000000e+03	 -9,83926e-02	  1,42647e-02
2863	  5,7240000000e+03	 -1,00757e-01	  1,30042e-02
2864	  5,7260000000e+03	 -9,78500e-02	  1,17734e-02
2865	  5,7280000000e+03	 -9,53417e-02	  1,33507e-02
2866	  5,7300000000e+03	 -9,65509e-02	  1,62391e-02
2867	  5,7320000000e+03	 -9,39706e-02	  1,67412e-02
2868	  5,7340000000e+03	 -9,66554e-02	  1,75224e-02
2869	  5,7360000000e+03	 -9,69851e-02	  2,04564e-02
2870	  5,7380000000e+03	 -9,54403e-02	  2,23820e-02
2871	  5,7400000000e+03	 -9,46521e-02	  2,37500e-02
2872	  5,7420000000e+03	 -9,68603e-02	  2,36417e-02
2873	  5,7440000000e+03	 -9,53457e-02	  2,63580e-02
2874	  5,7460000000e+03	 -9,20662e-02	  2,75905e-02
2875	  5,7480000000e+03	 -9,16628e-02	  2,87728e-02
2876	  5,7500000000e+03	 -9,30580e-02	  2,96758e-02
2877	  5,7520000000e+03	 -9,24650e-02	  3,13028e-02
2878	  5,7540000000e+03	 -9,10989e-02	  3,27219e-02
2879	  5,7560000000e+03	 -9,17989e-02	  3,41411e-02
2880	  5,7580000000e+03	 -9,25766e-02	  3,53240e-02
2881	  5,7600000000e+03	 -9,00864e-02	  3,66231e-02
2882	  5,7620000000e+03	 -8,77948e-02	  3,70902e-02
2883	  5,7640000000e+03	 -8,71307e-02	  3,77441e-02
2884	  5,7660000000e+03	 -8,66468e-02	  4,02419e-02
2885	  5,7680000000e+03	 -8,68946e-02	  4,28904e-02
2886	  5,7700000000e+03	 -8,71608e-02	  4,32896e-02
2887	  5,7720000000e+03	 -8,52753e-02	  4,44940e-02
2888	  5,7740000000e+03	 -8,36963e-02	  4,53663e-02
2889	  5,7760000000e+03	 -8,25086e-02	  4,67460e-02
2890	  5,7780000000e+03	 -8,34822e-02	  4,72284e-02
2891	  5,7800000000e+03	 -8,31657e-02	  4,87949e-02
2892	  5,7820000000e+03	 -8,18720e-02	  4,78253e-02
2893	  5,7840000000e+03	 -8,10082e-02	  4,99887e-02
2894	  5,7860000000e+03	 -8,05674e-02	  5,10540e-02
2895	  5,7880000000e+03	 -7,72092e-02	  5,31053e-02
2896	  5,7900000000e+03	 -7,48459e-02	  5,23013e-02
2897	  5,7920000000e+03	 -7,63315e-02	  5,10197e-02
2898	  5,7940000000e+03	 -7,45321e-02	  5,49052e-02
2899	  5,7960000000e+03	 -7,57799e-02	  5,62148e-02
2900	  5,7980000000e+03	 -7,47785e-02	  5,44813e-02
2901	  5,8000000000e+03	 -7,17401e-02	  5,72407e-02
2902	  5,8020000000e+03	 -7,28971e-02	  5,99841e-02
2903	  5,8040000000e+03	 -7,18759e-02	  6,12271e-02
2904	  5,8060000000e+03	 -7,11516e-02	  6,20118e-02
2905	  5,8080000000e+03	 -6,93698e-02	  6,22124e-02
2906	  5,8100000000e+03	 -6,90467e-02	  6,32741e-02
2907	  5,8120000000e+03	 -6,75126e-02	  6,43188e-02
2908	  5,8140000000e+03	 -6,74656e-02	  6,51633e-02
2909	  5,8160000000e+03	 -6,66727e-02	  6,72203e-02
2910	  5,8180000000e+03	 -6,26980e-02	  6,91557e-02
2911	  5,8200000000e+03	 -6,23000e-02	  7,00716e-02
2912	  5,8220000000e+03	 -5,98385e-02	  6,86442e-02
2913	  5,8240000000e+03	 -5,90177e-02	  6,70240e-02
2914	  5,8260000000e+03	 -5,83969e-02	  6,76164e-02
2915	  5,8280000000e+03	 -5,68265e-02	  7,06470e-02
2916	  5,8300000000e+03	 -5,92380e-02	  7,30686e-02
2917	  5,8320000000e+03	 -5,92867e-02	  7,22472e-02
2918	  5,8340000000e+03	 -5,65440e-02	  7,08180e-02
2919	  5,8360000000e+03	 -5,29073e-02	  7,09028e-02
2920	  5,8380000000e+03	 -5,47771e-02	  7,30563e-02
2921	  5,8400000000e+03	 -5,19857e-02	  7,60668e-02
2922	  5,8420000000e+03	 -5,02336e-02	  7,50200e-02
2923	  5,8440000000e+03	 -4,96201e-02	  7,41803e-02
2924	  5,8460000000e+03	 -4,75344e-02	  7,22685e-02
2925	  5,8480000000e+03	 -4,45172e-02	  7,34605e-02
2926	  5,8500000000e+03	 -4,10310e-02	  7,47004e-02
2927	  5,8520000000e+03	 -4,03591e-02	  7,62817e-02
2928	  5,8540000000e+03	 -4,07919e-02	  7,38895e-02
2929	  5,8560000000e+03	 -4,10295e-02	  7,40726e-02
2930	  5,8580000000e+03	 -4,04002e-02	  7,38736e-02
2931	  5,8600000000e+03	 -3,88136e-02	  7,24379e-02
2932	  5,8620000000e+03	 -3,93962e-02	  7,30398e-02
2933	  5,8640000000e+03	 -3,53929e-02	  7,41923e-02
2934	  5,8660000000e+03	 -3,49384e-02	  7,39604e-02
2935	  5,8680000000e+03	 -3,54866e-02	  7,70026e-02
2936	  5,8700000000e+03	 -3,60651e-02	  7,60004e-02
2937	  5,8720000000e+03	 -3,33540e-02	  7,55165e-02
2938	  5,8740000000e+03	 -3,34352e-02	  7,67316e-02
2939	  5,8760000000e+03	 -3,31019e-02	  7,61285e-02
2940	  5,8780000000e+03	 -3,20019e-02	  7,72254e-02
2941	  5,8800000000e+03	 -3,13756e-02	  7,50496e-02
2942	  5,8820000000e+03	 -3,08796e-02	  7,63918e-02
2943	  5,8840000000e+03	 -2,70457e-02	  7,94671e-02
2944	  5,8860000000e+03	 -2,68953e-02	  7,95627e-02
2945	  5,8880000000e+03	 -2,47712e-02	  7,83508e-02
2946	  5,8900000000e+03	 -2,60754e-02	  7,93825e-02
2947	  5,8920000000e+03	 -2,67358e-02	  7,89794e-02
2948	  5,8940000000e+03	 -2,42756e-02	  7,93228e-02
2949	  5,8960000000e+03	 -2,36649e-02	  8,09060e-02
2950	  5,8980000000e+03	 -2,37753e-02	  8,41937e-02
2951	  5,9000000000e+03	 -2,28120e-02	  8,26029e-02
2952	  5,9020000000e+03	 -2,00548e-02	  8,16864e-02
2953	  5,9040000000e+03	 -1,59056e-02	  8,35109e-02
2954	  5,9060000000e+03	 -1,56754e-02	  8,33635e-02
2955	  5,9080000000e+03	 -1,87020e-02	  8,36725e-02
2956	  5,9100000000e+03	 -1,80948e-02	  8,48517e-02
2957	  5,9120000000e+03	 -1,53284e-02	  8,48977e-02
2958	  5,9140000000e+03	 -1,21309e-02	  8,46006e-02
2959	  5,9160000000e+03	 -1,28309e-02	  8,08222e-02
2960	  5,9180000000e+03	 -9,32357e-03	  8,18758e-02
2961	  5,9200000000e+03	 -6,59756e-03	  8,31497e-02
2962	  5,9220000000e+03	 -8,16206e-03	  8,44593e-02
2963	  5,9240000000e+03	 -8,24914e-03	  8,20934e-02
2964	  5,9260000000e+03	 -7,56778e-03	  7,94035e-02
2965	  5,9280000000e+03	 -6,13185e-03	  7,78349e-02
2966	  5,9300000000e+03	 -1,53038e-03	  7,99085e-02
2967	  5,9320000000e+03	 -3,14112e-04	  8,37345e-02
2968	  5,9340000000e+03	  4,46039e-04	  8,30333e-02
2969	  5,9360000000e+03	  4,94853e-04	  8,40244e-02
2970	  5,9380000000e+03	  1,62087e-03	  8,43819e-02
2971	  5,9400000000e+03	  3,73818e-03	  8,28552e-02
2972	  5,9420000000e+03	  3,60225e-03	  8,25382e-02
2973	  5,9440000000e+03	  5,23618e-03	  8,42365e-02
2974	  5,9460000000e+03	  4,53770e-03	  8,33122e-02
2975	  5,9480000000e+03	  4,08270e-03	  8,29813e-02
2976	  5,9500000000e+03	  5,79823e-03	  8,31677e-02
2977	  5,9520000000e+03	  7,28577e-03	  8,36212e-02
2978	  5,9540000000e+03	  1,01479e-02	  8,30082e-02
2979	  5,9560000000e+03	  1,19505e-02	  8,01428e-02
2980	  5,9580000000e+03	  1,28020e-02	  7,92208e-02
2981	  5,9600000000e+03	  1,39561e-02	  7,94328e-02
2982	  5,9620000000e+03	  1,56343e-02	  8,02658e-02
2983	  5,9640000000e+03	  1,65927e-02	  7,99204e-02
2984	  5,9660000000e+03	  1,52290e-02	  8,02842e-02
2985	  5,9680000000e+03	  1,53709e-02	  8,22535e-02
2986	  5,9700000000e+03	  1,92507e-02	  8,37809e-02
2987	  5,9720000000e+03	  2,40752e-02	  8,15863e-02
2988	  5,9740000000e+03	  2,34655e-02	  7,96929e-02
2989	  5,9760000000e+03	  2,39663e-02	  7,85539e-02
2990	  5,9780000000e+03	  2,75565e-02	  7,77948e-02
2991	  5,9800000000e+03	  2,68182e-02	  7,71887e-02
2992	  5,9820000000e+03	  2,49166e-02	  7,72000e-02
2993	  5,9840000000e+03	  2,97694e-02	  7,48792e-02
2994	  5,9860000000e+03	  3,22668e-02	  7,13986e-02
2995	  5,9880000000e+03	  2,99179e-02	  7,28738e-02
2996	  5,9900000000e+03	  2,99162e-02	  7,31379e-02
2997	  5,9920000000e+03	  3,23043e-02	  6,88415e-02
2998	  5,9940000000e+03	  3,22022e-02	  6,88917e-02
2999	  5,9960000000e+03	  3,48780e-02	  6,92989e-02
3000	  5,9980000000e+03	  3,55091e-02	  6,86660e-02
3001	  6,0000000000e+03	  3,58037e-02	  7,08655e-02
3002	  6,0020000000e+03	  3,57975e-02	  6,97569e-02
3003	  6,0040000000e+03	  3,76425e-02	  6,63147e-02
3004	  6,0060000000e+03	  3,88872e-02	  6,54694e-02
3005	  6,0080000000e+03	  3,95207e-02	  6,63528e-02
3006	  6,0100000000e+03	  4,09161e-02	  6,64277e-02
3007	  6,0120000000e+03	  4,40098e-02	  6,50528e-02
3008	  6,0140000000e+03	  4,27407e-02	  6,32005e-02
3009	  6,0160000000e+03	  4,33550e-02	  6,18135e-02
3010	  6,0180000000e+03	  4,39796e-02	  6,15384e-02
3011	  6,0200000000e+03	  4,05765e-02	  6,06871e-02
3012	  6,0220000000e+03	  4,25010e-02	  6,02051e-02
3013	  6,0240000000e+03	  4,62284e-02	  5,82029e-02
3014	  6,0260000000e+03	  4,89842e-02	  5,68715e-02
3015	  6,0280000000e+03	  4,82977e-02	  5,96316e-02
3016	  6,0300000000e+03	  4,84581e-02	  5,96576e-02
3017	  6,0320000000e+03	  4,95744e-02	  5,94475e-02
3018	  6,0340000000e+03	  5,10561e-02	  5,72630e-02
3019	  6,0360000000e+03	  5,24689e-02	  5,56687e-02
3020	  6,0380000000e+03	  5,24048e-02	  5,61420e-02
3021	  6,0400000000e+03	  5,24801e-02	  5,32471e-02
3022	  6,0420000000e+03	  5,30004e-02	  5,13982e-02
3023	  6,0440000000e+03	  5,44141e-02	  5,28395e-02
3024	  6,0460000000e+03	  5,48807e-02	  5,19241e-02
3025	  6,0480000000e+03	  5,79600e-02	  5,02062e-02
3026	  6,0500000000e+03	  5,80770e-02	  4,93134e-02
3027	  6,0520000000e+03	  5,74693e-02	  4,69598e-02
3028	  6,0540000000e+03	  5,85202e-02	  4,45657e-02
3029	  6,0560000000e+03	  5,87208e-02	  4,32513e-02
3030	  6,0580000000e+03	  5,86074e-02	  4,05876e-02
3031	  6,0600000000e+03	  5,86268e-02	  4,10793e-02
3032	  6,0620000000e+03	  5,90685e-02	  4,04546e-02
3033	  6,0640000000e+03	  5,86541e-02	  3,97749e-02
3034	  6,0660000000e+03	  5,74034e-02	  3,68520e-02
3035	  6,0680000000e+03	  5,87216e-02	  3,81035e-02
3036	  6,0700000000e+03	  6,07908e-02	  3,70743e-02
3037	  6,0720000000e+03	  6,11618e-02	  3,39062e-02
3038	  6,0740000000e+03	  6,00402e-02	  3,10182e-02
3039	  6,0760000000e+03	  5,87273e-02	  3,18859e-02
3040	  6,0780000000e+03	  6,05444e-02	  3,08298e-02
3041	  6,0800000000e+03	  6,02920e-02	  3,04752e-02
3042	  6,0820000000e+03	  6,06689e-02	  2,90534e-02
3043	  6,0840000000e+03	  6,02907e-02	  2,55219e-02
3044	  6,0860000000e+03	  5,93655e-02	  2,32675e-02
3045	  6,0880000000e+03	  5,91252e-02	  2,33935e-02
3046	  6,0900000000e+03	  5,74933e-02	  2,50617e-02
3047	  6,0920000000e+03	  5,55533e-02	  2,46453e-02
3048	  6,0940000000e+03	  5,80455e-02	  2,02869e-02
3049	  6,0960000000e+03	  5,81999e-02	  1,84847e-02
3050	  6,0980000000e+03	  5,42751e-02	  1,98013e-02
3051	  6,1000000000e+03	  5,28202e-02	  2,13121e-02
3052	  6,1020000000e+03	  5,51147e-02	  2,12994e-02
3053	  6,1040000000e+03	  5,57985e-02	  2,05212e-02
3054	  6,1060000000e+03	  5,53982e-02	  1,68279e-02
3055	  6,1080000000e+03	  5,51938e-02	  1,73109e-02
3056	  6,1100000000e+03	  5,49613e-02	  1,69214e-02
3057	  6,1120000000e+03	  5,30515e-02	  1,59351e-02
3058	  6,1140000000e+03	  5,31277e-02	  1,40334e-02
3059	  6,1160000000e+03	  5,55145e-02	  1,29260e-02
3060	  6,1180000000e+03	  5,43197e-02	  1,42099e-02
3061	  6,1200000000e+03	  5,59006e-02	  1,54258e-02
3062	  6,1220000000e+03	  5,50578e-02	  1,35925e-02
3063	  6,1240000000e+03	  5,60256e-02	  1,12472e-02
3064	  6,1260000000e+03	  5,81864e-02	  1,13945e-02
3065	  6,1280000000e+03	  5,56176e-02	  1,11582e-02
3066	  6,1300000000e+03	  5,36850e-02	  1,10994e-02
3067	  6,1320000000e+03	  5,55835e-02	  1,02335e-02
3068	  6,1340000000e+03	  5,74672e-02	  7,83157e-03
3069	  6,1360000000e+03	  5,58575e-02	  6,32331e-03
3070	  6,1380000000e+03	  5,53452e-02	  9,44207e-03
3071	  6,1400000000e+03	  5,38113e-02	  9,46561e-03
3072	  6,1420000000e+03	  5,56665e-02	  6,20771e-03
3073	  6,1440000000e+03	  5,85077e-02	  6,36795e-03
3074	  6,1460000000e+03	  5,56603e-02	  6,76867e-03
3075	  6,1480000000e+03	  5,50497e-02	  7,85822e-03
3076	  6,1500000000e+03	  5,55516e-02	  4,01491e-03
3077	  6,1520000000e+03	  5,47171e-02	  1,95861e-03
3078	  6,1540000000e+03	  5,47078e-02	  3,66832e-03
3079	  6,1560000000e+03	  5,76557e-02	  3,97893e-03
3080	  6,1580000000e+03	  5,85677e-02	  3,05398e-03
3081	  6,1600000000e+03	  5,51710e-02	  1,63237e-03
3082	  6,1620000000e+03	  5,45277e-02	 -1,57072e-03
3083	  6,1640000000e+03	  5,56070e-02	 -2,74650e-03
3084	  6,1660000000e+03	  5,38395e-02	 -3,74128e-03
3085	  6,1680000000e+03	  5,56386e-02	 -4,61417e-03
3086	  6,1700000000e+03	  5,37501e-02	 -4,41018e-03
3087	  6,1720000000e+03	  5,31570e-02	 -4,99114e-03
3088	  6,1740000000e+03	  4,99724e-02	 -7,70080e-03
3089	  6,1760000000e+03	  4,99528e-02	 -9,03071e-03
3090	  6,1780000000e+03	  5,03162e-02	 -7,84612e-03
3091	  6,1800000000e+03	  4,96935e-02	 -7,05961e-03
3092	  6,1820000000e+03	  5,10818e-02	 -8,24873e-03
3093	  6,1840000000e+03	  4,91527e-02	 -9,72398e-03
3094	  6,1860000000e+03	  4,62041e-02	 -7,54919e-03
3095	  6,1880000000e+03	  4,60680e-02	 -7,79683e-03
3096	  6,1900000000e+03	  4,55549e-02	 -8,93388e-03
3097	  6,1920000000e+03	  4,35233e-02	 -9,22472e-03
3098	  6,1940000000e+03	  4,17392e-02	 -1,07931e-02
3099	  6,1960000000e+03	  4,25843e-02	 -9,18146e-03
3100	  6,1980000000e+03	  4,38101e-02	 -8,89292e-03
3101	  6,2000000000e+03	  4,39813e-02	 -1,07956e-02
3102	  6,2020000000e+03	  4,28342e-02	 -1,33601e-02
3103	  6,2040000000e+03	  4,57012e-02	 -1,33313e-02
3104	  6,2060000000e+03	  4,45803e-02	 -1,12575e-02
3105	  6,2080000000e+03	  4,17828e-02	 -1,23361e-02
3106	  6,2100000000e+03	  4,21855e-02	 -1,22599e-02
3107	  6,2120000000e+03	  4,11517e-02	 -1,39528e-02
3108	  6,2140000000e+03	  4,23263e-02	 -1,44534e-02
3109	  6,2160000000e+03	  4,11762e-02	 -1,45974e-02
3110	  6,2180000000e+03	  3,80043e-02	 -1,35572e-02
3111	  6,2200000000e+03	  3,74872e-02	 -1,28358e-02
3112	  6,2220000000e+03	  3,83996e-02	 -1,21908e-02
3113	  6,2240000000e+03	  3,89731e-02	 -1,19672e-02
3114	  6,2260000000e+03	  3,40356e-02	 -1,22865e-02
3115	  6,2280000000e+03	  3,56481e-02	 -1,25852e-02
3116	  6,2300000000e+03	  3,89145e-02	 -1,41326e-02
3117	  6,2320000000e+03	  3,42808e-02	 -1,49964e-02
3118	  6,2340000000e+03	  3,22712e-02	 -1,62081e-02
3119	  6,2360000000e+03	  3,36026e-02	 -1,56236e-02
3120	  6,2380000000e+03	  3,40478e-02	 -1,62318e-02
3121	  6,2400000000e+03	  3,43676e-02	 -1,30084e-02
3122	  6,2420000000e+03	  3,44375e-02	 -1,41250e-02
3123	  6,2440000000e+03	  3,40288e-02	 -1,38670e-02
3124	  6,2460000000e+03	  3,56910e-02	 -1,36691e-02
3125	  6,2480000000e+03	  3,45700e-02	 -1,54391e-02
3126	  6,2500000000e+03	  3,41049e-02	 -1,35399e-02
3127	  6,2520000000e+03	  3,34179e-02	 -1,44787e-02
3128	  6,2540000000e+03	  3,68595e-02	 -1,44949e-02
3129	  6,2560000000e+03	  3,58140e-02	 -1,33224e-02
3130	  6,2580000000e+03	  3,48264e-02	 -1,32177e-02
3131	  6,2600000000e+03	  3,40541e-02	 -1,49962e-02
3132	  6,2620000000e+03	  3,23026e-02	 -1,31997e-02
3133	  6,2640000000e+03	  3,28526e-02	 -1,41264e-02
3134	  6,2660000000e+03	  3,60366e-02	 -1,44008e-02
3135	  6,2680000000e+03	  3,57653e-02	 -1,60656e-02
3136	  6,2700000000e+03	  3,78368e-02	 -1,64183e-02
3137	  6,2720000000e+03	  3,84115e-02	 -1,45359e-02
3138	  6,2740000000e+03	  3,54978e-02	 -1,52805e-02
3139	  6,2760000000e+03	  3,55138e-02	 -1,69749e-02
3140	  6,2780000000e+03	  3,95385e-02	 -1,71504e-02
3141	  6,2800000000e+03	  3,71691e-02	 -1,78129e-02
3142	  6,2820000000e+03	  3,79344e-02	 -1,83324e-02
3143	  6,2840000000e+03	  3,72288e-02	 -2,02833e-02
3144	  6,2860000000e+03	  3,58670e-02	 -2,19044e-02
3145	  6,2880000000e+03	  3,53674e-02	 -2,12491e-02
3146	  6,2900000000e+03	  3,47154e-02	 -2,35065e-02
3147	  6,2920000000e+03	  3,62739e-02	 -2,46338e-02
3148	  6,2940000000e+03	  3,55102e-02	 -2,54906e-02
3149	  6,2960000000e+03	  3,44460e-02	 -2,43204e-02
3150	  6,2980000000e+03	  3,53285e-02	 -2,35301e-02
3151	  6,3000000000e+03	  3,17231e-02	 -2,29621e-02
3152	  6,3020000000e+03	  3,23797e-02	 -2,29417e-02
3153	  6,3040000000e+03	  3,34283e-02	 -2,56343e-02
3154	  6,3060000000e+03	  3,13205e-02	 -2,81710e-02
3155	  6,3080000000e+03	  3,27767e-02	 -2,62539e-02
3156	  6,3100000000e+03	  3,47805e-02	 -2,59551e-02
3157	  6,3120000000e+03	  3,33874e-02	 -2,79133e-02
3158	  6,3140000000e+03	  3,12084e-02	 -2,87561e-02
3159	  6,3160000000e+03	  3,07384e-02	 -2,69227e-02
3160	  6,3180000000e+03	  2,84116e-02	 -2,65068e-02
3161	  6,3200000000e+03	  2,85617e-02	 -2,74636e-02
3162	  6,3220000000e+03	  2,79312e-02	 -2,63301e-02
3163	  6,3240000000e+03	  2,63733e-02	 -2,45884e-02
3164	  6,3260000000e+03	  2,59255e-02	 -2,40202e-02
3165	  6,3280000000e+03	  2,75724e-02	 -2,57972e-02
3166	  6,3300000000e+03	  2,57982e-02	 -2,63418e-02
3167	  6,3320000000e+03	  2,65098e-02	 -2,74281e-02
3168	  6,3340000000e+03	  2,92356e-02	 -2,76581e-02
3169	  6,3360000000e+03	  2,91787e-02	 -2,55969e-02
3170	  6,3380000000e+03	  2,91107e-02	 -2,69191e-02
3171	  6,3400000000e+03	  2,64056e-02	 -2,81212e-02
3172	  6,3420000000e+03	  2,65903e-02	 -2,97280e-02
3173	  6,3440000000e+03	  2,91773e-02	 -2,91729e-02
3174	  6,3460000000e+03	  2,71391e-02	 -3,03244e-02
3175	  6,3480000000e+03	  2,47010e-02	 -3,04903e-02
3176	  6,3500000000e+03	  2,39865e-02	 -3,31130e-02
3177	  6,3520000000e+03	  2,50879e-02	 -3,35643e-02
3178	  6,3540000000e+03	  2,66330e-02	 -3,22087e-02
3179	  6,3560000000e+03	  2,66988e-02	 -3,27514e-02
3180	  6,3580000000e+03	  2,50330e-02	 -3,36114e-02
3181	  6,3600000000e+03	  2,43342e-02	 -3,33851e-02
3182	  6,3620000000e+03	  2,10339e-02	 -3,36993e-02
3183	  6,3640000000e+03	  2,11678e-02	 -3,57961e-02
3184	  6,3660000000e+03	  2,14775e-02	 -3,59097e-02
3185	  6,3680000000e+03	  2,10216e-02	 -3,47784e-02
3186	  6,3700000000e+03	  1,84349e-02	 -3,65718e-02
3187	  6,3720000000e+03	  1,89679e-02	 -3,63291e-02
3188	  6,3740000000e+03	  1,92634e-02	 -3,71568e-02
3189	  6,3760000000e+03	  1,89877e-02	 -3,66941e-02
3190	  6,3780000000e+03	  1,86029e-02	 -3,57730e-02
3191	  6,3800000000e+03	  1,60438e-02	 -3,59651e-02
3192	  6,3820000000e+03	  1,61953e-02	 -3,43183e-02
3193	  6,3840000000e+03	  1,47371e-02	 -3,50489e-02
3194	  6,3860000000e+03	  1,51381e-02	 -3,51875e-02
3195	  6,3880000000e+03	  1,52752e-02	 -3,38891e-02
3196	  6,3900000000e+03	  1,40606e-02	 -3,58120e-02
3197	  6,3920000000e+03	  1,07664e-02	 -3,92540e-02
3198	  6,3940000000e+03	  7,34245e-03	 -3,74353e-02
3199	  6,3960000000e+03	  8,28825e-03	 -3,57881e-02
3200	  6,3980000000e+03	  1,20432e-02	 -3,81402e-02
3201	  6,4000000000e+03	  1,14522e-02	 -3,74768e-02
3202	  6,4020000000e+03	  9,44333e-03	 -3,56696e-02
3203	  6,4040000000e+03	  8,02939e-03	 -3,60358e-02
3204	  6,4060000000e+03	  7,40039e-03	 -3,45536e-02
3205	  6,4080000000e+03	  7,63747e-03	 -3,38435e-02
3206	  6,4100000000e+03	  5,48683e-03	 -3,49931e-02
3207	  6,4120000000e+03	  4,25003e-03	 -3,46309e-02
3208	  6,4140000000e+03	  2,76794e-03	 -3,44777e-02
3209	  6,4160000000e+03	  1,12541e-03	 -3,48793e-02
3210	  6,4180000000e+03	  3,20136e-03	 -3,29200e-02
3211	  6,4200000000e+03	  2,96956e-03	 -3,43085e-02
3212	  6,4220000000e+03	  2,20480e-03	 -3,53099e-02
3213	  6,4240000000e+03	 -6,50218e-04	 -3,26257e-02
3214	  6,4260000000e+03	 -8,00017e-04	 -3,08624e-02
3215	  6,4280000000e+03	 -7,70920e-04	 -3,18028e-02
3216	  6,4300000000e+03	  1,25129e-03	 -3,00242e-02
3217	  6,4320000000e+03	 -1,45731e-04	 -2,85926e-02
3218	  6,4340000000e+03	 -1,86617e-04	 -2,87691e-02
3219	  6,4360000000e+03	 -2,87574e-04	 -2,74045e-02
3220	  6,4380000000e+03	 -9,16236e-04	 -2,77425e-02
3221	  6,4400000000e+03	  1,20003e-03	 -2,64607e-02
3222	  6,4420000000e+03	 -3,85460e-04	 -2,60259e-02
3223	  6,4440000000e+03	 -1,87310e-03	 -2,78704e-02
3224	  6,4460000000e+03	 -8,57318e-04	 -2,54433e-02
3225	  6,4480000000e+03	 -5,48032e-04	 -2,66944e-02
3226	  6,4500000000e+03	 -1,02901e-03	 -2,63305e-02
3227	  6,4520000000e+03	  3,10138e-04	 -2,55795e-02
3228	  6,4540000000e+03	 -1,32040e-04	 -2,73199e-02
3229	  6,4560000000e+03	  2,73183e-03	 -2,52466e-02
3230	  6,4580000000e+03	  1,87737e-03	 -2,43299e-02
3231	  6,4600000000e+03	  9,16116e-04	 -2,43403e-02
3232	  6,4620000000e+03	  2,49091e-04	 -2,48857e-02
3233	  6,4640000000e+03	 -2,04279e-03	 -2,53627e-02
3234	  6,4660000000e+03	 -2,21247e-03	 -2,50647e-02
3235	  6,4680000000e+03	 -1,67277e-03	 -2,70209e-02
3236	  6,4700000000e+03	 -2,08400e-03	 -2,52989e-02
3237	  6,4720000000e+03	 -2,66604e-03	 -2,49382e-02
3238	  6,4740000000e+03	 -2,28010e-03	 -2,48783e-02
3239	  6,4760000000e+03	 -2,14075e-03	 -2,55611e-02
3240	  6,4780000000e+03	 -3,62640e-03	 -2,28152e-02
3241	  6,4800000000e+03	 -4,50164e-03	 -2,48746e-02
3242	  6,4820000000e+03	 -1,69337e-03	 -2,52300e-02
3243	  6,4840000000e+03	 -2,44960e-03	 -2,41794e-02
3244	  6,4860000000e+03	 -4,16906e-03	 -2,39640e-02
3245	  6,4880000000e+03	 -5,02375e-03	 -2,58746e-02
3246	  6,4900000000e+03	 -4,26111e-03	 -2,41238e-02
3247	  6,4920000000e+03	 -5,64112e-03	 -2,36551e-02
3248	  6,4940000000e+03	 -5,75814e-03	 -2,51825e-02
3249	  6,4960000000e+03	 -5,63832e-03	 -2,33110e-02
3250	  6,4980000000e+03	 -5,95963e-03	 -2,15002e-02
3251	  6,5000000000e+03	 -7,18209e-03	 -2,16403e-02
3252	  6,5020000000e+03	 -6,92273e-03	 -2,19013e-02
3253	  6,5040000000e+03	 -5,74237e-03	 -2,09071e-02
3254	  6,5060000000e+03	 -5,46761e-03	 -2,06739e-02
3255	  6,5080000000e+03	 -4,28309e-03	 -2,17631e-02
3256	  6,5100000000e+03	 -2,92441e-03	 -2,09727e-02
3257	  6,5120000000e+03	 -1,36531e-03	 -1,95560e-02
3258	  6,5140000000e+03	 -3,43100e-03	 -2,07406e-02
3259	  6,5160000000e+03	 -2,32437e-03	 -2,02064e-02
3260	  6,5180000000e+03	 -2,34782e-03	 -1,75985e-02
3261	  6,5200000000e+03	 -2,62105e-03	 -1,70973e-02
3262	  6,5220000000e+03	 -2,56693e-03	 -1,67267e-02
3263	  6,5240000000e+03	 -2,43376e-03	 -1,73723e-02
3264	  6,5260000000e+03	 -1,88038e-03	 -1,83539e-02
3265	  6,5280000000e+03	 -2,90245e-03	 -1,96955e-02
3266	  6,5300000000e+03	 -5,07579e-03	 -1,68507e-02
3267	  6,5320000000e+03	 -3,13951e-03	 -1,74747e-02
3268	  6,5340000000e+03	 -2,03798e-03	 -1,89674e-02
3269	  6,5360000000e+03	 -4,69854e-03	 -2,20294e-02
3270	  6,5380000000e+03	 -4,34804e-03	 -2,07427e-02
3271	  6,5400000000e+03	 -3,48146e-03	 -2,10156e-02
3272	  6,5420000000e+03	 -3,25257e-03	 -2,11047e-02
3273	  6,5440000000e+03	 -3,29023e-03	 -1,92115e-02
3274	  6,5460000000e+03	 -4,85768e-03	 -1,97337e-02
3275	  6,5480000000e+03	 -4,32011e-03	 -1,98831e-02
3276	  6,5500000000e+03	 -5,28413e-03	 -1,96886e-02
3277	  6,5520000000e+03	 -5,31872e-03	 -1,90749e-02
3278	  6,5540000000e+03	 -7,48514e-03	 -1,83742e-02
3279	  6,5560000000e+03	 -6,99390e-03	 -2,07506e-02
3280	  6,5580000000e+03	 -5,77099e-03	 -2,05415e-02
3281	  6,5600000000e+03	 -4,36992e-03	 -1,92886e-02
3282	  6,5620000000e+03	 -3,33420e-03	 -1,92336e-02
3283	  6,5640000000e+03	 -5,13256e-03	 -1,82122e-02
3284	  6,5660000000e+03	 -2,39480e-03	 -1,68875e-02
3285	  6,5680000000e+03	 -2,72299e-03	 -1,60532e-02
3286	  6,5700000000e+03	 -3,36063e-03	 -1,52022e-02
3287	  6,5720000000e+03	 -3,92545e-03	 -1,79067e-02
3288	  6,5740000000e+03	 -4,65736e-03	 -1,75710e-02
3289	  6,5760000000e+03	 -3,20752e-03	 -1,60581e-02
3290	  6,5780000000e+03	 -4,08791e-03	 -1,76992e-02
3291	  6,5800000000e+03	 -4,80898e-03	 -2,09528e-02
3292	  6,5820000000e+03	 -3,84238e-03	 -2,16992e-02
3293	  6,5840000000e+03	 -2,92136e-03	 -2,15053e-02
3294	  6,5860000000e+03	 -5,40701e-03	 -2,04206e-02
3295	  6,5880000000e+03	 -5,01651e-03	 -2,13786e-02
3296	  6,5900000000e+03	 -4,94122e-03	 -1,97145e-02
3297	  6,5920000000e+03	 -6,48169e-03	 -1,91903e-02
3298	  6,5940000000e+03	 -4,93606e-03	 -1,92987e-02
3299	  6,5960000000e+03	 -3,54516e-03	 -2,02081e-02
3300	  6,5980000000e+03	 -4,28762e-03	 -1,93448e-02
3301	  6,6000000000e+03	 -4,55822e-03	 -1,86417e-02
3302	  6,6020000000e+03	 -3,91978e-03	 -2,01068e-02
3303	  6,6040000000e+03	 -5,03139e-03	 -1,69553e-02
3304	  6,6060000000e+03	 -4,99975e-03	 -1,60428e-02
3305	  6,6080000000e+03	 -4,97897e-03	 -1,90476e-02
3306	  6,6100000000e+03	 -3,39587e-03	 -2,05864e-02
3307	  6,6120000000e+03	 -4,37220e-03	 -1,95737e-02
3308	  6,6140000000e+03	 -5,83362e-03	 -1,70658e-02
3309	  6,6160000000e+03	 -3,82848e-03	 -1,83700e-02
3310	  6,6180000000e+03	 -4,10287e-03	 -1,93827e-02
3311	  6,6200000000e+03	 -5,74020e-03	 -2,25176e-02
3312	  6,6220000000e+03	 -2,48206e-03	 -2,37969e-02
3313	  6,6240000000e+03	 -2,28770e-03	 -2,08269e-02
3314	  6,6260000000e+03	 -5,56469e-03	 -2,12128e-02
3315	  6,6280000000e+03	 -5,92202e-03	 -2,17651e-02
3316	  6,6300000000e+03	 -5,78130e-03	 -2,20864e-02
3317	  6,6320000000e+03	 -6,29479e-03	 -2,52314e-02
3318	  6,6340000000e+03	 -6,87193e-03	 -2,49297e-02
3319	  6,6360000000e+03	 -6,91347e-03	 -2,28379e-02
3320	  6,6380000000e+03	 -7,46572e-03	 -2,21388e-02
3321	  6,6400000000e+03	 -9,58153e-03	 -2,22167e-02
3322	  6,6420000000e+03	 -8,08480e-03	 -2,35211e-02
3323	  6,6440000000e+03	 -7,52665e-03	 -2,43324e-02
3324	  6,6460000000e+03	 -8,93845e-03	 -2,29834e-02
3325	  6,6480000000e+03	 -1,08943e-02	 -2,37555e-02
3326	  6,6500000000e+03	 -1,20240e-02	 -2,27779e-02
3327	  6,6520000000e+03	 -1,15716e-02	 -2,17161e-02
3328	  6,6540000000e+03	 -1,28769e-02	 -1,97260e-02
3329	  6,6560000000e+03	 -1,55751e-02	 -1,91826e-02
3330	  6,6580000000e+03	 -1,36745e-02	 -2,00104e-02
3331	  6,6600000000e+03	 -1,46371e-02	 -2,17957e-02
3332	  6,6620000000e+03	 -1,39301e-02	 -2,25227e-02
3333	  6,6640000000e+03	 -1,39888e-02	 -2,10949e-02
3334	  6,6660000000e+03	 -1,25487e-02	 -1,93646e-02
3335	  6,6680000000e+03	 -1,33949e-02	 -2,09122e-02
3336	  6,6700000000e+03	 -1,48896e-02	 -2,07431e-02
3337	  6,6720000000e+03	 -1,29502e-02	 -1,86991e-02
3338	  6,6740000000e+03	 -1,35913e-02	 -1,98637e-02
3339	  6,6760000000e+03	 -1,51277e-02	 -2,12122e-02
3340	  6,6780000000e+03	 -1,47745e-02	 -2,11071e-02
3341	  6,6800000000e+03	 -1,29962e-02	 -1,86104e-02
3342	  6,6820000000e+03	 -1,32621e-02	 -1,95042e-02
3343	  6,6840000000e+03	 -1,19255e-02	 -1,77212e-02
3344	  6,6860000000e+03	 -1,46904e-02	 -1,76081e-02
3345	  6,6880000000e+03	 -1,53107e-02	 -1,81050e-02
3346	  6,6900000000e+03	 -1,36363e-02	 -1,95556e-02
3347	  6,6920000000e+03	 -1,10188e-02	 -2,08065e-02
3348	  6,6940000000e+03	 -1,06013e-02	 -2,09776e-02
3349	  6,6960000000e+03	 -1,21863e-02	 -2,12846e-02
3350	  6,6980000000e+03	 -1,39924e-02	 -2,13607e-02
3351	  6,7000000000e+03	 -1,68589e-02	 -1,84391e-02
3352	  6,7020000000e+03	 -1,32250e-02	 -1,80921e-02
3353	  6,7040000000e+03	 -1,53325e-02	 -1,83412e-02
3354	  6,7060000000e+03	 -1,62141e-02	 -1,59000e-02
3355	  6,7080000000e+03	 -1,61139e-02	 -1,57291e-02
3356	  6,7100000000e+03	 -1,73635e-02	 -1,63374e-02
3357	  6,7120000000e+03	 -1,85639e-02	 -1,45215e-02
3358	  6,7140000000e+03	 -1,99465e-02	 -1,41940e-02
3359	  6,7160000000e+03	 -1,85434e-02	 -1,70740e-02
3360	  6,7180000000e+03	 -1,78635e-02	 -1,42065e-02
3361	  6,7200000000e+03	 -1,89609e-02	 -1,35946e-02
3362	  6,7220000000e+03	 -2,11397e-02	 -1,30063e-02
3363	  6,7240000000e+03	 -1,97984e-02	 -1,24947e-02
3364	  6,7260000000e+03	 -1,78236e-02	 -1,03986e-02
3365	  6,7280000000e+03	 -1,94093e-02	 -1,49919e-02
3366	  6,7300000000e+03	 -1,84831e-02	 -1,33268e-02
3367	  6,7320000000e+03	 -1,62270e-02	 -1,34502e-02
3368	  6,7340000000e+03	 -1,64626e-02	 -1,38352e-02
3369	  6,7360000000e+03	 -1,87282e-02	 -1,19341e-02
3370	  6,7380000000e+03	 -1,71423e-02	 -1,71793e-02
3371	  6,7400000000e+03	 -1,77794e-02	 -1,50825e-02
3372	  6,7420000000e+03	 -1,71399e-02	 -1,22118e-02
3373	  6,7440000000e+03	 -1,51546e-02	 -1,24188e-02
3374	  6,7460000000e+03	 -1,57343e-02	 -1,13259e-02
3375	  6,7480000000e+03	 -1,57795e-02	 -9,87111e-03
3376	  6,7500000000e+03	 -1,46497e-02	 -1,22760e-02
3377	  6,7520000000e+03	 -1,68625e-02	 -1,53222e-02
3378	  6,7540000000e+03	 -1,45967e-02	 -1,58076e-02
3379	  6,7560000000e+03	 -1,31191e-02	 -1,19712e-02
3380	  6,7580000000e+03	 -1,34132e-02	 -1,28903e-02
3381	  6,7600000000e+03	 -1,19925e-02	 -1,42141e-02
3382	  6,7620000000e+03	 -1,25945e-02	 -1,43193e-02
3383	  6,7640000000e+03	 -1,59871e-02	 -1,33436e-02
3384	  6,7660000000e+03	 -1,63493e-02	 -1,47319e-02
3385	  6,7680000000e+03	 -1,59222e-02	 -1,69523e-02
3386	  6,7700000000e+03	 -1,31203e-02	 -1,68270e-02
3387	  6,7720000000e+03	 -1,26946e-02	 -1,51710e-02
3388	  6,7740000000e+03	 -1,21955e-02	 -1,41742e-02
3389	  6,7760000000e+03	 -1,20565e-02	 -1,47205e-02
3390	  6,7780000000e+03	 -1,56517e-02	 -1,66025e-02
3391	  6,7800000000e+03	 -1,86060e-02	 -1,72603e-02
3392	  6,7820000000e+03	 -1,64010e-02	 -1,63035e-02
3393	  6,7840000000e+03	 -1,63531e-02	 -1,38112e-02
3394	  6,7860000000e+03	 -1,68473e-02	 -1,41311e-02
3395	  6,7880000000e+03	 -1,79043e-02	 -1,40780e-02
3396	  6,7900000000e+03	 -1,93322e-02	 -1,36094e-02
3397	  6,7920000000e+03	 -1,95715e-02	 -1,26492e-02
3398	  6,7940000000e+03	 -1,80312e-02	 -1,49396e-02
3399	  6,7960000000e+03	 -1,59028e-02	 -1,42730e-02
3400	  6,7980000000e+03	 -1,58976e-02	 -1,48237e-02
3401	  6,8000000000e+03	 -1,65788e-02	 -1,35661e-02
3402	  6,8020000000e+03	 -1,66192e-02	 -1,55979e-02
3403	  6,8040000000e+03	 -1,82503e-02	 -1,74143e-02
3404	  6,8060000000e+03	 -1,85592e-02	 -1,51942e-02
3405	  6,8080000000e+03	 -1,77361e-02	 -1,32741e-02
3406	  6,8100000000e+03	 -1,82295e-02	 -1,46413e-02
3407	  6,8120000000e+03	 -1,95203e-02	 -1,57338e-02
3408	  6,8140000000e+03	 -2,00676e-02	 -1,56477e-02
3409	  6,8160000000e+03	 -1,89079e-02	 -1,64566e-02
3410	  6,8180000000e+03	 -1,82218e-02	 -1,33653e-02
3411	  6,8200000000e+03	 -1,61904e-02	 -1,48254e-02
3412	  6,8220000000e+03	 -1,52820e-02	 -1,67461e-02
3413	  6,8240000000e+03	 -1,78248e-02	 -1,70434e-02
3414	  6,8260000000e+03	 -1,81537e-02	 -1,65732e-02
3415	  6,8280000000e+03	 -1,85247e-02	 -2,02388e-02
3416	  6,8300000000e+03	 -2,04415e-02	 -1,93977e-02
3417	  6,8320000000e+03	 -2,11671e-02	 -1,88801e-02
3418	  6,8340000000e+03	 -2,53112e-02	 -1,82160e-02
3419	  6,8360000000e+03	 -2,66533e-02	 -1,74368e-02
3420	  6,8380000000e+03	 -2,83295e-02	 -1,84349e-02
3421	  6,8400000000e+03	 -2,83233e-02	 -1,86618e-02
3422	  6,8420000000e+03	 -2,61641e-02	 -1,81585e-02
3423	  6,8440000000e+03	 -2,66619e-02	 -1,78915e-02
3424	  6,8460000000e+03	 -2,77671e-02	 -1,81501e-02
3425	  6,8480000000e+03	 -2,87982e-02	 -1,63228e-02
3426	  6,8500000000e+03	 -3,19004e-02	 -1,57049e-02
3427	  6,8520000000e+03	 -3,15565e-02	 -1,70087e-02
3428	  6,8540000000e+03	 -3,20707e-02	 -1,76474e-02
3429	  6,8560000000e+03	 -3,20804e-02	 -1,78211e-02
3430	  6,8580000000e+03	 -3,32952e-02	 -1,54187e-02
3431	  6,8600000000e+03	 -3,38900e-02	 -1,41526e-02
3432	  6,8620000000e+03	 -3,71623e-02	 -1,60963e-02
3433	  6,8640000000e+03	 -3,69834e-02	 -1,60714e-02
3434	  6,8660000000e+03	 -3,51081e-02	 -1,53892e-02
3435	  6,8680000000e+03	 -3,53062e-02	 -1,34859e-02
3436	  6,8700000000e+03	 -3,35302e-02	 -1,04919e-02
3437	  6,8720000000e+03	 -3,67939e-02	 -1,15401e-02
3438	  6,8740000000e+03	 -3,85642e-02	 -1,15034e-02
3439	  6,8760000000e+03	 -3,82706e-02	 -9,95711e-03
3440	  6,8780000000e+03	 -3,69685e-02	 -1,01030e-02
3441	  6,8800000000e+03	 -3,94967e-02	 -8,56458e-03
3442	  6,8820000000e+03	 -3,86032e-02	 -8,40542e-03
3443	  6,8840000000e+03	 -3,75356e-02	 -8,35090e-03
3444	  6,8860000000e+03	 -3,86269e-02	 -4,50211e-03
3445	  6,8880000000e+03	 -3,81732e-02	 -5,26364e-03
3446	  6,8900000000e+03	 -3,97382e-02	 -4,39580e-03
3447	  6,8920000000e+03	 -4,01030e-02	 -2,92203e-03
3448	  6,8940000000e+03	 -4,00844e-02	 -1,16632e-03
3449	  6,8960000000e+03	 -4,09523e-02	 -4,96031e-04
3450	  6,8980000000e+03	 -4,06169e-02	 -2,51844e-04
3451	  6,9000000000e+03	 -4,22277e-02	  2,13928e-03
3452	  6,9020000000e+03	 -4,02784e-02	  8,00274e-04
3453	  6,9040000000e+03	 -3,92209e-02	  1,39181e-03
3454	  6,9060000000e+03	 -4,02423e-02	  1,62245e-03
3455	  6,9080000000e+03	 -3,83758e-02	  8,31734e-04
3456	  6,9100000000e+03	 -3,90932e-02	  2,48982e-03
3457	  6,9120000000e+03	 -3,82448e-02	  3,69572e-03
3458	  6,9140000000e+03	 -3,78263e-02	  2,41476e-03
3459	  6,9160000000e+03	 -3,78089e-02	  6,09627e-03
3460	  6,9180000000e+03	 -3,78281e-02	  7,41233e-03
3461	  6,9200000000e+03	 -3,78741e-02	  5,75275e-03
3462	  6,9220000000e+03	 -3,86488e-02	  4,28199e-03
3463	  6,9240000000e+03	 -3,67551e-02	  4,55806e-03
3464	  6,9260000000e+03	 -3,64542e-02	  4,81067e-03
3465	  6,9280000000e+03	 -3,64927e-02	  5,91292e-03
3466	  6,9300000000e+03	 -3,61889e-02	  7,64043e-03
3467	  6,9320000000e+03	 -3,70506e-02	  7,91023e-03
3468	  6,9340000000e+03	 -3,78400e-02	  7,43663e-03
3469	  6,9360000000e+03	 -4,10325e-02	  8,80303e-03
3470	  6,9380000000e+03	 -3,97616e-02	  8,23046e-03
3471	  6,9400000000e+03	 -3,99046e-02	  1,06128e-02
3472	  6,9420000000e+03	 -4,09182e-02	  1,36352e-02
3473	  6,9440000000e+03	 -3,89222e-02	  1,42289e-02
3474	  6,9460000000e+03	 -3,85623e-02	  1,28406e-02
3475	  6,9480000000e+03	 -3,89539e-02	  1,27330e-02
3476	  6,9500000000e+03	 -3,79771e-02	  1,19196e-02
3477	  6,9520000000e+03	 -3,76822e-02	  1,45091e-02
3478	  6,9540000000e+03	 -3,53294e-02	  1,73193e-02
3479	  6,9560000000e+03	 -3,54677e-02	  1,66360e-02
3480	  6,9580000000e+03	 -3,61303e-02	  1,52088e-02
3481	  6,9600000000e+03	 -3,58112e-02	  1,36271e-02
3482	  6,9620000000e+03	 -3,77238e-02	  1,28449e-02
3483	  6,9640000000e+03	 -3,81240e-02	  1,33432e-02
3484	  6,9660000000e+03	 -3,49358e-02	  1,47991e-02
3485	  6,9680000000e+03	 -3,45919e-02	  1,41137e-02
3486	  6,9700000000e+03	 -3,60152e-02	  1,63704e-02
3487	  6,9720000000e+03	 -3,47439e-02	  1,89025e-02
3488	  6,9740000000e+03	 -3,48559e-02	  1,85471e-02
3489	  6,9760000000e+03	 -3,46861e-02	  2,06694e-02
3490	  6,9780000000e+03	 -3,55909e-02	  2,21494e-02
3491	  6,9800000000e+03	 -3,46694e-02	  2,12658e-02
3492	  6,9820000000e+03	 -3,59457e-02	  2,13108e-02
3493	  6,9840000000e+03	 -3,48885e-02	  2,11900e-02
3494	  6,9860000000e+03	 -3,56747e-02	  2,28101e-02
3495	  6,9880000000e+03	 -3,43974e-02	  2,37042e-02
3496	  6,9900000000e+03	 -3,48262e-02	  2,35685e-02
3497	  6,9920000000e+03	 -3,62772e-02	  2,52026e-02
3498	  6,9940000000e+03	 -3,44023e-02	  2,70233e-02
3499	  6,9960000000e+03	 -3,26329e-02	  2,71760e-02
3500	  6,9980000000e+03	 -3,13560e-02	  2,56404e-02
3501	  7,0000000000e+03	 -2,94570e-02	  2,76772e-02
3502	  7,0020000000e+03	 -3,04873e-02	  2,96421e-02
3503	  7,0040000000e+03	 -2,99823e-02	  2,94189e-02
3504	  7,0060000000e+03	 -3,11206e-02	  2,86365e-02
3505	  7,0080000000e+03	 -3,18821e-02	  2,99594e-02
3506	  7,0100000000e+03	 -3,06814e-02	  3,06476e-02
3507	  7,0120000000e+03	 -2,81286e-02	  3,09065e-02
3508	  7,0140000000e+03	 -2,63797e-02	  3,17200e-02
3509	  7,0160000000e+03	 -2,78319e-02	  3,42131e-02
3510	  7,0180000000e+03	 -2,88324e-02	  3,29722e-02
3511	  7,0200000000e+03	 -2,86016e-02	  3,22893e-02
3512	  7,0220000000e+03	 -2,90477e-02	  3,18957e-02
3513	  7,0240000000e+03	 -2,90764e-02	  3,16984e-02
3514	  7,0260000000e+03	 -2,63575e-02	  3,42824e-02
3515	  7,0280000000e+03	 -2,61347e-02	  3,54920e-02
3516	  7,0300000000e+03	 -2,61416e-02	  3,65914e-02
3517	  7,0320000000e+03	 -2,17285e-02	  3,46382e-02
3518	  7,0340000000e+03	 -2,29637e-02	  3,36480e-02
3519	  7,0360000000e+03	 -2,31643e-02	  3,33270e-02
3520	  7,0380000000e+03	 -2,28954e-02	  3,32395e-02
3521	  7,0400000000e+03	 -2,36895e-02	  3,45040e-02
3522	  7,0420000000e+03	 -2,37860e-02	  3,74336e-02
3523	  7,0440000000e+03	 -2,17703e-02	  3,89439e-02
3524	  7,0460000000e+03	 -1,94130e-02	  3,89135e-02
3525	  7,0480000000e+03	 -1,89228e-02	  3,74254e-02
3526	  7,0500000000e+03	 -1,87286e-02	  3,87557e-02
3527	  7,0520000000e+03	 -1,85370e-02	  3,78075e-02
3528	  7,0540000000e+03	 -1,65996e-02	  3,66436e-02
3529	  7,0560000000e+03	 -1,47364e-02	  3,89235e-02
3530	  7,0580000000e+03	 -1,45080e-02	  3,99900e-02
3531	  7,0600000000e+03	 -1,56268e-02	  3,97230e-02
3532	  7,0620000000e+03	 -1,61045e-02	  4,28948e-02
3533	  7,0640000000e+03	 -1,46983e-02	  4,26942e-02
3534	  7,0660000000e+03	 -1,16429e-02	  4,10839e-02
3535	  7,0680000000e+03	 -1,17841e-02	  4,20391e-02
3536	  7,0700000000e+03	 -1,11247e-02	  4,46712e-02
3537	  7,0720000000e+03	 -1,26907e-02	  4,28915e-02
3538	  7,0740000000e+03	 -1,15119e-02	  4,17132e-02
3539	  7,0760000000e+03	 -1,08052e-02	  4,13465e-02
3540	  7,0780000000e+03	 -1,22511e-02	  4,25123e-02
3541	  7,0800000000e+03	 -8,47544e-03	  4,64329e-02
3542	  7,0820000000e+03	 -8,09729e-03	  4,30736e-02
3543	  7,0840000000e+03	 -8,48177e-03	  4,16426e-02
3544	  7,0860000000e+03	 -7,38183e-03	  4,29497e-02
3545	  7,0880000000e+03	 -6,87975e-03	  4,47743e-02
3546	  7,0900000000e+03	 -4,91088e-03	  4,52609e-02
3547	  7,0920000000e+03	 -3,08846e-03	  4,29770e-02
3548	  7,0940000000e+03	 -2,72112e-03	  4,33414e-02
3549	  7,0960000000e+03	 -2,08529e-03	  4,40049e-02
3550	  7,0980000000e+03	 -8,51068e-04	  4,32253e-02
3551	  7,1000000000e+03	  7,25747e-04	  4,17047e-02
3552	  7,1020000000e+03	  9,94860e-04	  4,09973e-02
3553	  7,1040000000e+03	  2,46144e-04	  4,07200e-02
3554	  7,1060000000e+03	  2,02226e-03	  4,13890e-02
3555	  7,1080000000e+03	  1,09529e-03	  4,16934e-02
3556	  7,1100000000e+03	  8,78425e-04	  4,10303e-02
3557	  7,1120000000e+03	 -8,02038e-04	  4,14433e-02
3558	  7,1140000000e+03	  1,08853e-03	  4,37723e-02
3559	  7,1160000000e+03	  2,45487e-03	  4,20100e-02
3560	  7,1180000000e+03	  4,26114e-03	  4,29005e-02
3561	  7,1200000000e+03	  4,00230e-03	  4,24128e-02
3562	  7,1220000000e+03	  5,72941e-03	  4,27874e-02
3563	  7,1240000000e+03	  5,04917e-03	  4,24262e-02
3564	  7,1260000000e+03	  5,71778e-03	  4,25959e-02
3565	  7,1280000000e+03	  8,41574e-03	  4,19630e-02
3566	  7,1300000000e+03	  8,02851e-03	  4,22639e-02
3567	  7,1320000000e+03	  9,94794e-03	  4,16141e-02
3568	  7,1340000000e+03	  1,17392e-02	  4,05602e-02
3569	  7,1360000000e+03	  1,26875e-02	  3,87256e-02
3570	  7,1380000000e+03	  1,49256e-02	  4,02548e-02
3571	  7,1400000000e+03	  1,58282e-02	  3,91461e-02
3572	  7,1420000000e+03	  1,82881e-02	  3,83469e-02
3573	  7,1440000000e+03	  1,84829e-02	  3,46668e-02
3574	  7,1460000000e+03	  1,82205e-02	  3,42732e-02
3575	  7,1480000000e+03	  1,94984e-02	  3,45992e-02
3576	  7,1500000000e+03	  1,85296e-02	  3,39192e-02
3577	  7,1520000000e+03	  1,78369e-02	  3,59757e-02
3578	  7,1540000000e+03	  2,15626e-02	  3,46507e-02
3579	  7,1560000000e+03	  2,21104e-02	  3,13188e-02
3580	  7,1580000000e+03	  2,11755e-02	  3,25502e-02
3581	  7,1600000000e+03	  2,17737e-02	  3,45348e-02
3582	  7,1620000000e+03	  2,33987e-02	  3,60784e-02
3583	  7,1640000000e+03	  2,39648e-02	  3,46999e-02
3584	  7,1660000000e+03	  2,09767e-02	  2,98540e-02
3585	  7,1680000000e+03	  2,05320e-02	  2,88675e-02
3586	  7,1700000000e+03	  2,13763e-02	  2,54843e-02
3587	  7,1720000000e+03	  2,33087e-02	  2,44535e-02
3588	  7,1740000000e+03	  2,55852e-02	  2,59817e-02
3589	  7,1760000000e+03	  2,13749e-02	  2,71225e-02
3590	  7,1780000000e+03	  2,19345e-02	  2,70148e-02
3591	  7,1800000000e+03	  2,19858e-02	  2,74098e-02
3592	  7,1820000000e+03	  2,27001e-02	  2,57308e-02
3593	  7,1840000000e+03	  2,50573e-02	  2,39660e-02
3594	  7,1860000000e+03	  2,35329e-02	  2,50305e-02
3595	  7,1880000000e+03	  2,27051e-02	  2,44455e-02
3596	  7,1900000000e+03	  2,38225e-02	  2,37375e-02
3597	  7,1920000000e+03	  2,52438e-02	  2,26974e-02
3598	  7,1940000000e+03	  2,55136e-02	  2,15893e-02
3599	  7,1960000000e+03	  2,27995e-02	  2,14114e-02
3600	  7,1980000000e+03	  2,28176e-02	  1,91184e-02
3601	  7,2000000000e+03	  2,36331e-02	  1,64276e-02
3602	  7,2020000000e+03	  2,63132e-02	  1,89363e-02
3603	  7,2040000000e+03	  2,57444e-02	  1,96527e-02
3604	  7,2060000000e+03	  2,53072e-02	  1,84264e-02
3605	  7,2080000000e+03	  2,42337e-02	  1,91623e-02
3606	  7,2100000000e+03	  2,35749e-02	  1,65891e-02
3607	  7,2120000000e+03	  2,54176e-02	  1,53472e-02
3608	  7,2140000000e+03	  2,46101e-02	  1,70674e-02
3609	  7,2160000000e+03	  2,34302e-02	  1,51672e-02
3610	  7,2180000000e+03	  2,48586e-02	  1,47204e-02
3611	  7,2200000000e+03	  2,37141e-02	  1,26963e-02
3612	  7,2220000000e+03	  2,37017e-02	  1,30090e-02
3613	  7,2240000000e+03	  2,17296e-02	  1,42361e-02
3614	  7,2260000000e+03	  2,28095e-02	  1,24105e-02
3615	  7,2280000000e+03	  2,50974e-02	  1,16363e-02
3616	  7,2300000000e+03	  2,30955e-02	  1,26395e-02
3617	  7,2320000000e+03	  2,25000e-02	  1,22682e-02
3618	  7,2340000000e+03	  2,19277e-02	  1,07805e-02
3619	  7,2360000000e+03	  2,10347e-02	  9,95180e-03
3620	  7,2380000000e+03	  1,99559e-02	  9,41269e-03
3621	  7,2400000000e+03	  1,89060e-02	  1,12728e-02
3622	  7,2420000000e+03	  2,02954e-02	  1,08821e-02
3623	  7,2440000000e+03	  2,39581e-02	  1,00024e-02
3624	  7,2460000000e+03	  2,06900e-02	  9,31140e-03
3625	  7,2480000000e+03	  2,01200e-02	  6,85289e-03
3626	  7,2500000000e+03	  2,08577e-02	  6,63042e-03
3627	  7,2520000000e+03	  1,96969e-02	  8,51611e-03
3628	  7,2540000000e+03	  2,16572e-02	  8,80363e-03
3629	  7,2560000000e+03	  2,14976e-02	  7,83305e-03
3630	  7,2580000000e+03	  1,96973e-02	  8,42532e-03
3631	  7,2600000000e+03	  1,93162e-02	  6,25075e-03
3632	  7,2620000000e+03	  2,06078e-02	  6,90808e-03
3633	  7,2640000000e+03	  2,16729e-02	  7,50321e-03
3634	  7,2660000000e+03	  2,00436e-02	  6,92107e-03
3635	  7,2680000000e+03	  1,99076e-02	  6,46829e-03
3636	  7,2700000000e+03	  1,91028e-02	  5,46295e-03
3637	  7,2720000000e+03	  1,97379e-02	  5,11543e-03
3638	  7,2740000000e+03	  1,93747e-02	  8,03793e-03
3639	  7,2760000000e+03	  1,84616e-02	  8,72071e-03
3640	  7,2780000000e+03	  1,70313e-02	  8,85953e-03
3641	  7,2800000000e+03	  1,61239e-02	  1,06485e-02
3642	  7,2820000000e+03	  1,66100e-02	  9,42451e-03
3643	  7,2840000000e+03	  1,74999e-02	  6,02453e-03
3644	  7,2860000000e+03	  1,88988e-02	  5,81535e-03
3645	  7,2880000000e+03	  1,81941e-02	  7,03707e-03
3646	  7,2900000000e+03	  1,68743e-02	  5,20089e-03
3647	  7,2920000000e+03	  1,64090e-02	  7,62569e-03
3648	  7,2940000000e+03	  1,55818e-02	  6,64974e-03
3649	  7,2960000000e+03	  1,71757e-02	  6,98709e-03
3650	  7,2980000000e+03	  1,74165e-02	  6,54274e-03
3651	  7,3000000000e+03	  1,71671e-02	  5,93363e-03
3652	  7,3020000000e+03	  1,70560e-02	  4,50153e-03
3653	  7,3040000000e+03	  1,86012e-02	  6,03236e-03
3654	  7,3060000000e+03	  1,71265e-02	  6,41776e-03
3655	  7,3080000000e+03	  1,76314e-02	  8,71460e-03
3656	  7,3100000000e+03	  1,78826e-02	  8,28590e-03
3657	  7,3120000000e+03	  1,83155e-02	  6,59780e-03
3658	  7,3140000000e+03	  1,84498e-02	  7,20343e-03
3659	  7,3160000000e+03	  1,87455e-02	  6,41246e-03
3660	  7,3180000000e+03	  1,88353e-02	  6,06383e-03
3661	  7,3200000000e+03	  1,85172e-02	  8,08465e-03
3662	  7,3220000000e+03	  1,76029e-02	  6,61534e-03
3663	  7,3240000000e+03	  1,69638e-02	  5,54083e-03
3664	  7,3260000000e+03	  1,69382e-02	  7,48365e-03
3665	  7,3280000000e+03	  1,80182e-02	  8,44240e-03
3666	  7,3300000000e+03	  1,79808e-02	  6,43653e-03
3667	  7,3320000000e+03	  1,70771e-02	  5,51715e-03
3668	  7,3340000000e+03	  1,82868e-02	  6,55095e-03
3669	  7,3360000000e+03	  1,82108e-02	  7,66214e-03
3670	  7,3380000000e+03	  1,90251e-02	  7,13237e-03
3671	  7,3400000000e+03	  1,71588e-02	  7,39634e-03
3672	  7,3420000000e+03	  1,86277e-02	  4,69794e-03
3673	  7,3440000000e+03	  1,82877e-02	  5,50395e-03
3674	  7,3460000000e+03	  1,99185e-02	  4,60898e-03
3675	  7,3480000000e+03	  1,98817e-02	  3,76950e-03
3676	  7,3500000000e+03	  2,02737e-02	  6,19534e-03
3677	  7,3520000000e+03	  1,94000e-02	  3,91355e-03
3678	  7,3540000000e+03	  1,80840e-02	  4,46888e-03
3679	  7,3560000000e+03	  1,87448e-02	  4,64426e-03
3680	  7,3580000000e+03	  2,03944e-02	  4,10711e-03
3681	  7,3600000000e+03	  2,24178e-02	  2,95727e-03
3682	  7,3620000000e+03	  2,14276e-02	  4,95188e-03
3683	  7,3640000000e+03	  1,89632e-02	  4,39736e-03
3684	  7,3660000000e+03	  1,71208e-02	  2,07678e-03
3685	  7,3680000000e+03	  1,89134e-02	  9,74743e-04
3686	  7,3700000000e+03	  1,91713e-02	  1,69042e-03
3687	  7,3720000000e+03	  1,88815e-02	  2,95264e-03
3688	  7,3740000000e+03	  1,96083e-02	  1,07227e-03
3689	  7,3760000000e+03	  1,81467e-02	  1,18796e-03
3690	  7,3780000000e+03	  1,82017e-02	 -8,26373e-04
3691	  7,3800000000e+03	  1,95231e-02	  7,67068e-04
3692	  7,3820000000e+03	  1,96719e-02	  2,77163e-03
3693	  7,3840000000e+03	  2,06384e-02	  3,36804e-03
3694	  7,3860000000e+03	  2,03973e-02	  1,16091e-03
3695	  7,3880000000e+03	  1,93723e-02	  3,93881e-04
3696	  7,3900000000e+03	  2,05242e-02	 -1,81384e-05
3697	  7,3920000000e+03	  2,03119e-02	 -2,83095e-03
3698	  7,3940000000e+03	  1,84426e-02	 -2,85899e-03
3699	  7,3960000000e+03	  1,90238e-02	 -9,95920e-04
3700	  7,3980000000e+03	  1,75227e-02	 -1,11011e-04
3701	  7,4000000000e+03	  1,43961e-02	 -4,45882e-04
3702	  7,4020000000e+03	  1,48839e-02	 -3,54117e-03
3703	  7,4040000000e+03	  1,69775e-02	 -3,23584e-03
3704	  7,4060000000e+03	  1,55583e-02	 -1,52195e-03
3705	  7,4080000000e+03	  1,51688e-02	 -1,16459e-03
3706	  7,4100000000e+03	  1,69463e-02	  8,32068e-04
3707	  7,4120000000e+03	  1,96739e-02	  8,03692e-04
3708	  7,4140000000e+03	  1,98017e-02	 -2,48728e-03
3709	  7,4160000000e+03	  2,04049e-02	 -5,90311e-03
3710	  7,4180000000e+03	  1,82593e-02	 -3,85724e-03
3711	  7,4200000000e+03	  1,72431e-02	 -4,80379e-03
3712	  7,4220000000e+03	  1,83217e-02	 -5,57917e-03
3713	  7,4240000000e+03	  1,57741e-02	 -3,06259e-03
3714	  7,4260000000e+03	  1,87384e-02	 -3,68322e-03
3715	  7,4280000000e+03	  1,89484e-02	 -4,51427e-03
3716	  7,4300000000e+03	  1,77350e-02	 -3,67254e-03
3717	  7,4320000000e+03	  1,84999e-02	 -4,19159e-03
3718	  7,4340000000e+03	  2,04526e-02	 -4,76212e-03
3719	  7,4360000000e+03	  1,83501e-02	 -4,93567e-03
3720	  7,4380000000e+03	  1,67766e-02	 -4,82838e-03
3721	  7,4400000000e+03	  1,75541e-02	 -4,74636e-03
3722	  7,4420000000e+03	  1,71148e-02	 -5,09997e-03
3723	  7,4440000000e+03	  1,53061e-02	 -5,07664e-03
3724	  7,4460000000e+03	  1,60498e-02	 -7,42957e-03
3725	  7,4480000000e+03	  1,52672e-02	 -8,25228e-03
3726	  7,4500000000e+03	  1,34621e-02	 -5,71905e-03
3727	  7,4520000000e+03	  1,53688e-02	 -3,30963e-03
3728	  7,4540000000e+03	  1,84188e-02	 -2,77961e-03
3729	  7,4560000000e+03	  1,74556e-02	 -2,28372e-03
3730	  7,4580000000e+03	  1,57407e-02	 -2,55785e-03
3731	  7,4600000000e+03	  1,39852e-02	 -4,63111e-03
3732	  7,4620000000e+03	  1,27597e-02	 -3,09323e-03
3733	  7,4640000000e+03	  1,54797e-02	 -2,44604e-03
3734	  7,4660000000e+03	  1,90173e-02	 -3,42832e-03
3735	  7,4680000000e+03	  1,81796e-02	 -3,88404e-03
3736	  7,4700000000e+03	  2,04202e-02	 -4,02272e-03
3737	  7,4720000000e+03	  1,98173e-02	 -5,99598e-03
3738	  7,4740000000e+03	  1,51137e-02	 -4,59606e-03
3739	  7,4760000000e+03	  1,58016e-02	 -3,34613e-03
3740	  7,4780000000e+03	  1,72129e-02	 -4,96658e-03
3741	  7,4800000000e+03	  1,62133e-02	 -6,08611e-03
3742	  7,4820000000e+03	  1,79964e-02	 -6,73973e-03
3743	  7,4840000000e+03	  1,84680e-02	 -8,78487e-03
3744	  7,4860000000e+03	  1,70073e-02	 -7,70011e-03
3745	  7,4880000000e+03	  1,69160e-02	 -6,74189e-03
3746	  7,4900000000e+03	  1,70330e-02	 -5,88509e-03
3747	  7,4920000000e+03	  1,49998e-02	 -7,30647e-03
3748	  7,4940000000e+03	  1,31885e-02	 -7,39135e-03
3749	  7,4960000000e+03	  1,59101e-02	 -7,36611e-03
3750	  7,4980000000e+03	  1,67474e-02	 -7,17309e-03
3751	  7,5000000000e+03	  1,62698e-02	 -7,47443e-03
3752	  7,5020000000e+03	  1,80124e-02	 -6,40925e-03
3753	  7,5040000000e+03	  1,80819e-02	 -7,54321e-03
3754	  7,5060000000e+03	  1,74789e-02	 -8,49728e-03
3755	  7,5080000000e+03	  1,65344e-02	 -8,13374e-03
3756	  7,5100000000e+03	  1,61004e-02	 -7,04853e-03
3757	  7,5120000000e+03	  1,80889e-02	 -6,35495e-03
3758	  7,5140000000e+03	  1,94469e-02	 -8,26658e-03
3759	  7,5160000000e+03	  1,78565e-02	 -8,99820e-03
3760	  7,5180000000e+03	  1,62880e-02	 -5,52484e-03
3761	  7,5200000000e+03	  1,65879e-02	 -6,11626e-03
3762	  7,5220000000e+03	  1,79982e-02	 -7,29146e-03
3763	  7,5240000000e+03	  1,68212e-02	 -7,66003e-03
3764	  7,5260000000e+03	  1,62722e-02	 -8,44719e-03
3765	  7,5280000000e+03	  1,56763e-02	 -9,04636e-03
3766	  7,5300000000e+03	  1,60710e-02	 -1,09117e-02
3767	  7,5320000000e+03	  1,53358e-02	 -1,13847e-02
3768	  7,5340000000e+03	  1,37829e-02	 -1,27858e-02
3769	  7,5360000000e+03	  1,49326e-02	 -1,08873e-02
3770	  7,5380000000e+03	  1,55837e-02	 -9,05756e-03
3771	  7,5400000000e+03	  1,42382e-02	 -1,01258e-02
3772	  7,5420000000e+03	  1,43652e-02	 -9,15427e-03
3773	  7,5440000000e+03	  1,36945e-02	 -1,04222e-02
3774	  7,5460000000e+03	  1,24986e-02	 -1,05226e-02
3775	  7,5480000000e+03	  1,16081e-02	 -1,16192e-02
3776	  7,5500000000e+03	  1,43560e-02	 -1,35284e-02
3777	  7,5520000000e+03	  1,60372e-02	 -1,09706e-02
3778	  7,5540000000e+03	  1,52762e-02	 -1,25369e-02
3779	  7,5560000000e+03	  1,43227e-02	 -1,33025e-02
3780	  7,5580000000e+03	  1,47096e-02	 -1,36816e-02
3781	  7,5600000000e+03	  1,48224e-02	 -1,19815e-02
3782	  7,5620000000e+03	  1,47711e-02	 -1,14239e-02
3783	  7,5640000000e+03	  1,04212e-02	 -1,19005e-02
3784	  7,5660000000e+03	  1,03708e-02	 -1,18576e-02
3785	  7,5680000000e+03	  1,33820e-02	 -1,14024e-02
3786	  7,5700000000e+03	  1,02299e-02	 -1,20211e-02
3787	  7,5720000000e+03	  1,18763e-02	 -1,16524e-02
3788	  7,5740000000e+03	  1,29246e-02	 -1,24351e-02
3789	  7,5760000000e+03	  1,28974e-02	 -1,06468e-02
3790	  7,5780000000e+03	  1,13018e-02	 -1,02021e-02
3791	  7,5800000000e+03	  9,94887e-03	 -1,17346e-02
3792	  7,5820000000e+03	  1,29997e-02	 -1,06483e-02
3793	  7,5840000000e+03	  1,44724e-02	 -1,17551e-02
3794	  7,5860000000e+03	  1,10781e-02	 -1,43859e-02
3795	  7,5880000000e+03	  9,89295e-03	 -1,05347e-02
3796	  7,5900000000e+03	  1,09284e-02	 -9,77042e-03
3797	  7,5920000000e+03	  1,25046e-02	 -1,40156e-02
3798	  7,5940000000e+03	  1,44741e-02	 -1,68499e-02
3799	  7,5960000000e+03	  1,31836e-02	 -1,73632e-02
3800	  7,5980000000e+03	  1,19810e-02	 -1,61190e-02
3801	  7,6000000000e+03	  1,16736e-02	 -1,38185e-02
3802	  7,6020000000e+03	  1,32735e-02	 -1,54751e-02
3803	  7,6040000000e+03	  1,19928e-02	 -1,26352e-02
3804	  7,6060000000e+03	  1,07908e-02	 -1,28445e-02
3805	  7,6080000000e+03	  1,24897e-02	 -1,24643e-02
3806	  7,6100000000e+03	  1,09570e-02	 -1,66190e-02
3807	  7,6120000000e+03	  7,60628e-03	 -1,73484e-02
3808	  7,6140000000e+03	  8,08521e-03	 -1,36906e-02
3809	  7,6160000000e+03	  7,77366e-03	 -1,36102e-02
3810	  7,6180000000e+03	  9,16350e-03	 -1,57551e-02
3811	  7,6200000000e+03	  9,63023e-03	 -1,51516e-02
3812	  7,6220000000e+03	  9,70490e-03	 -1,63368e-02
3813	  7,6240000000e+03	  9,19965e-03	 -1,70185e-02
3814	  7,6260000000e+03	  1,01027e-02	 -1,67748e-02
3815	  7,6280000000e+03	  8,31524e-03	 -1,59747e-02
3816	  7,6300000000e+03	  6,04028e-03	 -1,41331e-02
3817	  7,6320000000e+03	  8,51771e-03	 -1,51700e-02
3818	  7,6340000000e+03	  8,85399e-03	 -1,65799e-02
3819	  7,6360000000e+03	  1,12571e-02	 -1,40711e-02
3820	  7,6380000000e+03	  9,38100e-03	 -1,44362e-02
3821	  7,6400000000e+03	  7,10084e-03	 -1,47167e-02
3822	  7,6420000000e+03	  8,12057e-03	 -1,96948e-02
3823	  7,6440000000e+03	  6,56980e-03	 -2,20231e-02
3824	  7,6460000000e+03	  5,87609e-03	 -1,73599e-02
3825	  7,6480000000e+03	  7,28386e-03	 -1,72598e-02
3826	  7,6500000000e+03	  7,86892e-03	 -1,88694e-02
3827	  7,6520000000e+03	  5,85546e-03	 -1,69258e-02
3828	  7,6540000000e+03	  5,41413e-03	 -1,57711e-02
3829	  7,6560000000e+03	  2,99240e-03	 -1,58666e-02
3830	  7,6580000000e+03	  3,66598e-03	 -1,70731e-02
3831	  7,6600000000e+03	  5,98016e-03	 -1,91310e-02
3832	  7,6620000000e+03	  6,02789e-03	 -1,81872e-02
3833	  7,6640000000e+03	  3,27456e-03	 -1,63056e-02
3834	  7,6660000000e+03	  4,57126e-03	 -1,78593e-02
3835	  7,6680000000e+03	  2,82536e-03	 -1,72643e-02
3836	  7,6700000000e+03	  3,64001e-03	 -1,66741e-02
3837	  7,6720000000e+03	  4,48925e-03	 -1,62267e-02
3838	  7,6740000000e+03	  2,08188e-03	 -1,73768e-02
3839	  7,6760000000e+03	  4,10912e-03	 -1,75817e-02
3840	  7,6780000000e+03	  5,68831e-03	 -1,52515e-02
3841	  7,6800000000e+03	  2,34322e-03	 -1,29374e-02
3842	  7,6820000000e+03	 -4,35907e-04	 -1,33439e-02
3843	  7,6840000000e+03	  3,06059e-03	 -1,67877e-02
3844	  7,6860000000e+03	  4,37569e-03	 -1,52799e-02
3845	  7,6880000000e+03	  2,07816e-03	 -1,41159e-02
3846	  7,6900000000e+03	  3,45732e-03	 -1,49974e-02
3847	  7,6920000000e+03	  4,73968e-03	 -1,56329e-02
3848	  7,6940000000e+03	  2,76545e-03	 -1,51219e-02
3849	  7,6960000000e+03	  3,04617e-03	 -1,58077e-02
3850	  7,6980000000e+03	  3,18747e-03	 -1,66122e-02
3851	  7,7000000000e+03	  2,20703e-03	 -1,48657e-02
3852	  7,7020000000e+03	  1,39463e-03	 -1,43479e-02
3853	  7,7040000000e+03	  2,67952e-03	 -1,27316e-02
3854	  7,7060000000e+03	  3,09412e-03	 -1,32749e-02
3855	  7,7080000000e+03	  7,77768e-04	 -1,33724e-02
3856	  7,7100000000e+03	 -3,76550e-05	 -1,19862e-02
3857	  7,7120000000e+03	  2,49340e-05	 -1,27944e-02
3858	  7,7140000000e+03	 -4,06698e-04	 -1,42895e-02
3859	  7,7160000000e+03	 -9,82590e-05	 -1,49945e-02
3860	  7,7180000000e+03	  1,56511e-03	 -1,40346e-02
3861	  7,7200000000e+03	  1,80481e-03	 -1,42368e-02
3862	  7,7220000000e+03	  8,81498e-04	 -1,45996e-02
3863	  7,7240000000e+03	  1,91912e-03	 -1,37092e-02
3864	  7,7260000000e+03	  2,04997e-03	 -1,44094e-02
3865	  7,7280000000e+03	  3,06301e-03	 -1,61114e-02
3866	  7,7300000000e+03	  1,79595e-03	 -1,51352e-02
3867	  7,7320000000e+03	 -7,91649e-05	 -1,48040e-02
3868	  7,7340000000e+03	  1,15652e-03	 -1,69551e-02
3869	  7,7360000000e+03	  1,08720e-03	 -1,65051e-02
3870	  7,7380000000e+03	  7,18542e-04	 -1,48488e-02
3871	  7,7400000000e+03	  1,25621e-03	 -1,49269e-02
3872	  7,7420000000e+03	  1,67683e-03	 -1,69071e-02
3873	  7,7440000000e+03	 -8,48562e-04	 -1,70257e-02
3874	  7,7460000000e+03	 -3,80314e-04	 -1,53795e-02
3875	  7,7480000000e+03	 -1,56772e-03	 -1,69449e-02
3876	  7,7500000000e+03	  2,89488e-03	 -1,53035e-02
3877	  7,7520000000e+03	  3,24672e-03	 -1,57526e-02
3878	  7,7540000000e+03	  1,47704e-03	 -1,45786e-02
3879	  7,7560000000e+03	  1,17324e-03	 -1,48161e-02
3880	  7,7580000000e+03	  4,75058e-04	 -1,81131e-02
3881	  7,7600000000e+03	 -9,18882e-04	 -1,43211e-02
3882	  7,7620000000e+03	 -3,69586e-05	 -1,46239e-02
3883	  7,7640000000e+03	 -5,44904e-04	 -1,73804e-02
3884	  7,7660000000e+03	  1,41980e-04	 -1,80129e-02
3885	  7,7680000000e+03	 -2,88961e-04	 -1,65971e-02
3886	  7,7700000000e+03	 -1,94601e-03	 -1,46573e-02
3887	  7,7720000000e+03	  1,13426e-03	 -1,58595e-02
3888	  7,7740000000e+03	 -2,37308e-03	 -1,85837e-02
3889	  7,7760000000e+03	 -3,89917e-03	 -1,88715e-02
3890	  7,7780000000e+03	 -4,35114e-03	 -1,71510e-02
3891	  7,7800000000e+03	 -3,85123e-03	 -1,53533e-02
3892	  7,7820000000e+03	 -2,00134e-03	 -1,61447e-02
3893	  7,7840000000e+03	 -4,18343e-03	 -1,62816e-02
3894	  7,7860000000e+03	 -3,69242e-03	 -1,71503e-02
3895	  7,7880000000e+03	 -3,38883e-03	 -1,73208e-02
3896	  7,7900000000e+03	 -4,09966e-03	 -1,54226e-02
3897	  7,7920000000e+03	 -4,26310e-03	 -1,30172e-02
3898	  7,7940000000e+03	 -5,61043e-03	 -1,19046e-02
3899	  7,7960000000e+03	 -6,04101e-03	 -1,24315e-02
3900	  7,7980000000e+03	 -3,14972e-03	 -1,39074e-02
3901	  7,8000000000e+03	 -4,62901e-03	 -1,42988e-02
3902	  7,8020000000e+03	 -6,70998e-03	 -1,58066e-02
3903	  7,8040000000e+03	 -6,21239e-03	 -1,42914e-02
3904	  7,8060000000e+03	 -5,73591e-03	 -1,60628e-02
3905	  7,8080000000e+03	 -4,49885e-03	 -1,40509e-02
3906	  7,8100000000e+03	 -6,67848e-03	 -1,35401e-02
3907	  7,8120000000e+03	 -8,44064e-03	 -1,34710e-02
3908	  7,8140000000e+03	 -6,47513e-03	 -1,25308e-02
3909	  7,8160000000e+03	 -2,90715e-03	 -1,28187e-02
3910	  7,8180000000e+03	 -2,81766e-03	 -1,40952e-02
3911	  7,8200000000e+03	 -2,42133e-03	 -1,28648e-02
3912	  7,8220000000e+03	 -1,31924e-03	 -1,30590e-02
3913	  7,8240000000e+03	 -5,65597e-04	 -1,34776e-02
3914	  7,8260000000e+03	 -4,89847e-04	 -1,62607e-02
3915	  7,8280000000e+03	 -9,40375e-04	 -1,52926e-02
3916	  7,8300000000e+03	 -2,35629e-03	 -1,49750e-02
3917	  7,8320000000e+03	 -5,06416e-03	 -1,57213e-02
3918	  7,8340000000e+03	 -5,79972e-03	 -1,50152e-02
3919	  7,8360000000e+03	 -3,56761e-03	 -1,55930e-02
3920	  7,8380000000e+03	 -3,73432e-03	 -1,69978e-02
3921	  7,8400000000e+03	 -6,06304e-03	 -1,61412e-02
3922	  7,8420000000e+03	 -4,54064e-03	 -1,34785e-02
3923	  7,8440000000e+03	 -3,43769e-03	 -1,51553e-02
3924	  7,8460000000e+03	 -3,42213e-03	 -1,29895e-02
3925	  7,8480000000e+03	 -5,59762e-03	 -1,30556e-02
3926	  7,8500000000e+03	 -4,69699e-03	 -1,30019e-02
3927	  7,8520000000e+03	 -4,88833e-03	 -1,39266e-02
3928	  7,8540000000e+03	 -6,01869e-03	 -1,64985e-02
3929	  7,8560000000e+03	 -4,61513e-03	 -1,74024e-02
3930	  7,8580000000e+03	 -4,88012e-03	 -1,52853e-02
3931	  7,8600000000e+03	 -5,11507e-03	 -1,25407e-02
3932	  7,8620000000e+03	 -7,19227e-03	 -1,41881e-02
3933	  7,8640000000e+03	 -7,16919e-03	 -1,39390e-02
3934	  7,8660000000e+03	 -4,98806e-03	 -1,48424e-02
3935	  7,8680000000e+03	 -4,93247e-03	 -1,67560e-02
3936	  7,8700000000e+03	 -5,99098e-03	 -1,38651e-02
3937	  7,8720000000e+03	 -8,86578e-03	 -1,61236e-02
3938	  7,8740000000e+03	 -7,44744e-03	 -1,89319e-02
3939	  7,8760000000e+03	 -8,53000e-03	 -1,65668e-02
3940	  7,8780000000e+03	 -7,11619e-03	 -1,48856e-02
3941	  7,8800000000e+03	 -7,65538e-03	 -1,52144e-02
3942	  7,8820000000e+03	 -8,35190e-03	 -1,44721e-02
3943	  7,8840000000e+03	 -1,00920e-02	 -1,28729e-02
3944	  7,8860000000e+03	 -1,21878e-02	 -1,32813e-02
3945	  7,8880000000e+03	 -1,01146e-02	 -1,39917e-02
3946	  7,8900000000e+03	 -5,26975e-03	 -1,63189e-02
3947	  7,8920000000e+03	 -4,96172e-03	 -1,69886e-02
3948	  7,8940000000e+03	 -6,33210e-03	 -1,66260e-02
3949	  7,8960000000e+03	 -9,09696e-03	 -1,50114e-02
3950	  7,8980000000e+03	 -1,16286e-02	 -1,38800e-02
3951	  7,9000000000e+03	 -9,33959e-03	 -1,43203e-02
3952	  7,9020000000e+03	 -1,07543e-02	 -1,43727e-02
3953	  7,9040000000e+03	 -1,14199e-02	 -1,23913e-02
3954	  7,9060000000e+03	 -1,08704e-02	 -1,49822e-02
3955	  7,9080000000e+03	 -1,25282e-02	 -1,75200e-02
3956	  7,9100000000e+03	 -1,12900e-02	 -1,72674e-02
3957	  7,9120000000e+03	 -8,70877e-03	 -1,54370e-02
3958	  7,9140000000e+03	 -1,21266e-02	 -1,73294e-02
3959	  7,9160000000e+03	 -1,24424e-02	 -1,82990e-02
3960	  7,9180000000e+03	 -1,12476e-02	 -1,66206e-02
3961	  7,9200000000e+03	 -1,19308e-02	 -1,55395e-02
3962	  7,9220000000e+03	 -1,16934e-02	 -1,48737e-02
3963	  7,9240000000e+03	 -1,23033e-02	 -1,49446e-02
3964	  7,9260000000e+03	 -1,25970e-02	 -1,48467e-02
3965	  7,9280000000e+03	 -1,41880e-02	 -1,50659e-02
3966	  7,9300000000e+03	 -1,33366e-02	 -1,68597e-02
3967	  7,9320000000e+03	 -1,31739e-02	 -1,50087e-02
3968	  7,9340000000e+03	 -1,12893e-02	 -1,41044e-02
3969	  7,9360000000e+03	 -1,34705e-02	 -1,41256e-02
3970	  7,9380000000e+03	 -1,29072e-02	 -1,28399e-02
3971	  7,9400000000e+03	 -1,20348e-02	 -1,53639e-02
3972	  7,9420000000e+03	 -1,32249e-02	 -1,36871e-02
3973	  7,9440000000e+03	 -1,42735e-02	 -1,17063e-02
3974	  7,9460000000e+03	 -1,28742e-02	 -1,13349e-02
3975	  7,9480000000e+03	 -1,26386e-02	 -1,15838e-02
3976	  7,9500000000e+03	 -1,46568e-02	 -1,33759e-02
3977	  7,9520000000e+03	 -1,40393e-02	 -1,37570e-02
3978	  7,9540000000e+03	 -1,45101e-02	 -1,36331e-02
3979	  7,9560000000e+03	 -1,62404e-02	 -1,40446e-02
3980	  7,9580000000e+03	 -1,46693e-02	 -1,59411e-02
3981	  7,9600000000e+03	 -1,66812e-02	 -1,36941e-02
3982	  7,9620000000e+03	 -1,92694e-02	 -1,43355e-02
3983	  7,9640000000e+03	 -1,62431e-02	 -1,46137e-02
3984	  7,9660000000e+03	 -1,62379e-02	 -1,38923e-02
3985	  7,9680000000e+03	 -1,71119e-02	 -1,30686e-02
3986	  7,9700000000e+03	 -1,86735e-02	 -1,23413e-02
3987	  7,9720000000e+03	 -1,98934e-02	 -1,49866e-02
3988	  7,9740000000e+03	 -1,99062e-02	 -1,52134e-02
3989	  7,9760000000e+03	 -1,97337e-02	 -1,44463e-02
3990	  7,9780000000e+03	 -2,01910e-02	 -1,51525e-02
3991	  7,9800000000e+03	 -2,07239e-02	 -1,27043e-02
3992	  7,9820000000e+03	 -2,29138e-02	 -1,13826e-02
3993	  7,9840000000e+03	 -2,14545e-02	 -1,08123e-02
3994	  7,9860000000e+03	 -2,01435e-02	 -1,18779e-02
3995	  7,9880000000e+03	 -2,14923e-02	 -1,12792e-02
3996	  7,9900000000e+03	 -2,23864e-02	 -1,04217e-02
3997	  7,9920000000e+03	 -2,30443e-02	 -9,38029e-03
3998	  7,9940000000e+03	 -2,38938e-02	 -1,00030e-02
3999	  7,9960000000e+03	 -2,63470e-02	 -8,53479e-03
4000	  7,9980000000e+03	 -2,34005e-02	 -5,60269e-03
4001	  8,0000000000e+03	 -2,30162e-02	 -7,21998e-03
4002	  8,0020000000e+03	 -2,44928e-02	 -6,24719e-03
4003	  8,0040000000e+03	 -2,20804e-02	 -7,93243e-03
4004	  8,0060000000e+03	 -2,14158e-02	 -8,84540e-03
4005	  8,0080000000e+03	 -2,42232e-02	 -7,47568e-03
4006	  8,0100000000e+03	 -2,53981e-02	 -5,99749e-03
4007	  8,0120000000e+03	 -2,39718e-02	 -5,93611e-03
4008	  8,0140000000e+03	 -2,59785e-02	 -6,20095e-03
4009	  8,0160000000e+03	 -2,47334e-02	 -6,51291e-03
4010	  8,0180000000e+03	 -2,27735e-02	 -6,91560e-03
4011	  8,0200000000e+03	 -2,27866e-02	 -5,82666e-03
4012	  8,0220000000e+03	 -2,67677e-02	 -4,76156e-03
4013	  8,0240000000e+03	 -2,53939e-02	 -3,12131e-03
4014	  8,0260000000e+03	 -2,47498e-02	 -3,88941e-03
4015	  8,0280000000e+03	 -2,77391e-02	 -6,22122e-03
4016	  8,0300000000e+03	 -2,72400e-02	 -5,15849e-03
4017	  8,0320000000e+03	 -2,74972e-02	 -3,63141e-03
4018	  8,0340000000e+03	 -2,78277e-02	 -5,10583e-03
4019	  8,0360000000e+03	 -2,66685e-02	 -1,79923e-03
4020	  8,0380000000e+03	 -2,68808e-02	 -2,25456e-03
4021	  8,0400000000e+03	 -2,92966e-02	 -1,63078e-03
4022	  8,0420000000e+03	 -3,08241e-02	 -1,03832e-04
4023	  8,0440000000e+03	 -2,89586e-02	  2,35923e-03
4024	  8,0460000000e+03	 -2,94010e-02	  3,10610e-03
4025	  8,0480000000e+03	 -3,00279e-02	  3,41286e-03
4026	  8,0500000000e+03	 -2,99417e-02	  2,72964e-03
4027	  8,0520000000e+03	 -2,86978e-02	  4,17200e-03
4028	  8,0540000000e+03	 -2,88716e-02	  4,51662e-03
4029	  8,0560000000e+03	 -3,08565e-02	  6,39566e-03
4030	  8,0580000000e+03	 -2,93640e-02	  6,09544e-03
4031	  8,0600000000e+03	 -2,87480e-02	  7,44874e-03
4032	  8,0620000000e+03	 -3,14513e-02	  1,01641e-02
4033	  8,0640000000e+03	 -3,01033e-02	  1,29848e-02
4034	  8,0660000000e+03	 -2,74253e-02	  1,20970e-02
4035	  8,0680000000e+03	 -2,67742e-02	  1,20817e-02
4036	  8,0700000000e+03	 -2,79658e-02	  1,13147e-02
4037	  8,0720000000e+03	 -2,29450e-02	  1,14391e-02
4038	  8,0740000000e+03	 -2,48564e-02	  1,36790e-02
4039	  8,0760000000e+03	 -2,53553e-02	  1,35284e-02
4040	  8,0780000000e+03	 -2,41147e-02	  1,37765e-02
4041	  8,0800000000e+03	 -2,49001e-02	  1,31607e-02
4042	  8,0820000000e+03	 -2,14813e-02	  1,53459e-02
4043	  8,0840000000e+03	 -2,31388e-02	  1,72756e-02
4044	  8,0860000000e+03	 -2,59496e-02	  1,73654e-02
4045	  8,0880000000e+03	 -2,17798e-02	  1,74567e-02
4046	  8,0900000000e+03	 -2,14435e-02	  1,43608e-02
4047	  8,0920000000e+03	 -2,30095e-02	  1,50180e-02
4048	  8,0940000000e+03	 -2,26871e-02	  1,67418e-02
4049	  8,0960000000e+03	 -2,28710e-02	  1,96120e-02
4050	  8,0980000000e+03	 -2,20254e-02	  1,88050e-02
4051	  8,1000000000e+03	 -2,15559e-02	  1,71339e-02
4052	  8,1020000000e+03	 -2,00874e-02	  1,92272e-02
4053	  8,1040000000e+03	 -2,17835e-02	  1,96831e-02
4054	  8,1060000000e+03	 -2,16003e-02	  1,86606e-02
4055	  8,1080000000e+03	 -1,80332e-02	  2,05316e-02
4056	  8,1100000000e+03	 -1,96486e-02	  2,17628e-02
4057	  8,1120000000e+03	 -1,90403e-02	  2,11273e-02
4058	  8,1140000000e+03	 -1,84603e-02	  2,47556e-02
4059	  8,1160000000e+03	 -1,30225e-02	  2,45592e-02
4060	  8,1180000000e+03	 -1,41717e-02	  2,63976e-02
4061	  8,1200000000e+03	 -1,32034e-02	  2,57242e-02
4062	  8,1220000000e+03	 -1,09048e-02	  2,41688e-02
4063	  8,1240000000e+03	 -1,33593e-02	  2,31395e-02
4064	  8,1260000000e+03	 -1,14449e-02	  2,46723e-02
4065	  8,1280000000e+03	 -8,00280e-03	  2,41688e-02
4066	  8,1300000000e+03	 -7,85662e-03	  2,38531e-02
4067	  8,1320000000e+03	 -7,68600e-03	  2,45840e-02
4068	  8,1340000000e+03	 -8,04413e-03	  2,31726e-02
4069	  8,1360000000e+03	 -8,85719e-03	  2,57773e-02
4070	  8,1380000000e+03	 -7,16821e-03	  2,33496e-02
4071	  8,1400000000e+03	 -3,89417e-03	  2,26050e-02
4072	  8,1420000000e+03	 -4,45164e-03	  2,28411e-02
4073	  8,1440000000e+03	 -4,15843e-03	  2,12159e-02
4074	  8,1460000000e+03	 -2,90408e-03	  2,21637e-02
4075	  8,1480000000e+03	 -4,77700e-03	  2,24494e-02
4076	  8,1500000000e+03	 -2,81307e-03	  2,15825e-02
4077	  8,1520000000e+03	 -1,47355e-03	  2,16777e-02
4078	  8,1540000000e+03	 -3,23641e-03	  2,38462e-02
4079	  8,1560000000e+03	 -4,88930e-03	  2,16305e-02
4080	  8,1580000000e+03	 -4,34738e-03	  2,20324e-02
4081	  8,1600000000e+03	 -4,81316e-03	  1,99913e-02
4082	  8,1620000000e+03	 -1,48385e-03	  1,99716e-02
4083	  8,1640000000e+03	 -2,30639e-03	  1,82496e-02
4084	  8,1660000000e+03	 -1,73464e-03	  1,80185e-02
4085	  8,1680000000e+03	  4,28180e-04	  1,88287e-02
4086	  8,1700000000e+03	  7,73332e-04	  2,03381e-02
4087	  8,1720000000e+03	  1,18605e-03	  1,93161e-02
4088	  8,1740000000e+03	  1,63388e-03	  2,01376e-02
4089	  8,1760000000e+03	  3,62928e-03	  1,80822e-02
4090	  8,1780000000e+03	  1,82612e-03	  1,87985e-02
4091	  8,1800000000e+03	  3,10826e-03	  1,94536e-02
4092	  8,1820000000e+03	  3,95302e-03	  2,00060e-02
4093	  8,1840000000e+03	  4,53765e-03	  1,93158e-02
4094	  8,1860000000e+03	  2,68117e-03	  2,09870e-02
4095	  8,1880000000e+03	  3,49619e-03	  2,00433e-02
4096	  8,1900000000e+03	  5,38863e-03	  1,87415e-02
4097	  8,1920000000e+03	  4,16558e-03	  1,99911e-02
4098	  8,1940000000e+03	  5,71164e-03	  1,82723e-02
4099	  8,1960000000e+03	  7,58733e-03	  1,82864e-02
4100	  8,1980000000e+03	  7,29804e-03	  1,68687e-02
4101	  8,2000000000e+03	  6,05601e-03	  1,42637e-02
4102	  8,2020000000e+03	  4,82513e-03	  1,44171e-02
4103	  8,2040000000e+03	  4,29411e-03	  1,40432e-02
4104	  8,2060000000e+03	  7,42415e-03	  1,45994e-02
4105	  8,2080000000e+03	  8,11838e-03	  1,50751e-02
4106	  8,2100000000e+03	  6,10809e-03	  1,16483e-02
4107	  8,2120000000e+03	  6,20870e-03	  1,03752e-02
4108	  8,2140000000e+03	  7,47910e-03	  1,18739e-02
4109	  8,2160000000e+03	  8,14717e-03	  1,07457e-02
4110	  8,2180000000e+03	  7,42780e-03	  9,73878e-03
4111	  8,2200000000e+03	  6,76794e-03	  1,21615e-02
4112	  8,2220000000e+03	  6,48635e-03	  1,12181e-02
4113	  8,2240000000e+03	  5,84925e-03	  9,99473e-03
4114	  8,2260000000e+03	  5,77783e-03	  1,27763e-02
4115	  8,2280000000e+03	  5,61532e-03	  1,42602e-02
4116	  8,2300000000e+03	  3,15358e-03	  1,38201e-02
4117	  8,2320000000e+03	  7,59235e-03	  1,32878e-02
4118	  8,2340000000e+03	  7,12166e-03	  1,17524e-02
4119	  8,2360000000e+03	  5,32573e-03	  1,31084e-02
4120	  8,2380000000e+03	  7,55516e-03	  1,42904e-02
4121	  8,2400000000e+03	  9,65956e-03	  1,40638e-02
4122	  8,2420000000e+03	  7,34793e-03	  1,24247e-02
4123	  8,2440000000e+03	  7,32985e-03	  1,32718e-02
4124	  8,2460000000e+03	  6,74592e-03	  1,40678e-02
4125	  8,2480000000e+03	  6,90034e-03	  1,28534e-02
4126	  8,2500000000e+03	  6,73441e-03	  1,04911e-02
4127	  8,2520000000e+03	  7,45067e-03	  9,35420e-03
4128	  8,2540000000e+03	  8,82453e-03	  1,00535e-02
4129	  8,2560000000e+03	  9,11151e-03	  1,04081e-02
4130	  8,2580000000e+03	  8,91916e-03	  1,22886e-02
4131	  8,2600000000e+03	  1,15704e-02	  9,57081e-03
4132	  8,2620000000e+03	  1,23775e-02	  1,03382e-02
4133	  8,2640000000e+03	  1,08828e-02	  1,18858e-02
4134	  8,2660000000e+03	  1,14184e-02	  1,00661e-02
4135	  8,2680000000e+03	  1,26131e-02	  8,26851e-03
4136	  8,2700000000e+03	  1,10191e-02	  9,04314e-03
4137	  8,2720000000e+03	  1,02030e-02	  9,35170e-03
4138	  8,2740000000e+03	  9,75694e-03	  7,04994e-03
4139	  8,2760000000e+03	  1,19640e-02	  5,70267e-03
4140	  8,2780000000e+03	  1,31393e-02	  5,19115e-03
4141	  8,2800000000e+03	  1,23608e-02	  3,88389e-03
4142	  8,2820000000e+03	  1,07617e-02	  1,60410e-03
4143	  8,2840000000e+03	  1,11378e-02	  1,65902e-03
4144	  8,2860000000e+03	  1,31390e-02	  2,25491e-03
4145	  8,2880000000e+03	  1,34261e-02	  3,46893e-03
4146	  8,2900000000e+03	  1,20918e-02	  5,43120e-03
4147	  8,2920000000e+03	  1,09946e-02	  2,38063e-03
4148	  8,2940000000e+03	  1,25231e-02	  1,98640e-03
4149	  8,2960000000e+03	  1,13142e-02	  2,73697e-03
4150	  8,2980000000e+03	  1,00536e-02	  1,86452e-03
4151	  8,3000000000e+03	  9,90084e-03	  2,48388e-03
4152	  8,3020000000e+03	  9,93025e-03	  6,01742e-04
4153	  8,3040000000e+03	  7,85405e-03	  2,23165e-03
4154	  8,3060000000e+03	  7,60932e-03	  4,17744e-03
4155	  8,3080000000e+03	  7,51650e-03	  3,88529e-03
4156	  8,3100000000e+03	  8,35201e-03	  2,46486e-03
4157	  8,3120000000e+03	  1,12884e-02	  3,64066e-03
4158	  8,3140000000e+03	  1,24402e-02	  2,56192e-03
4159	  8,3160000000e+03	  1,12098e-02	  2,97631e-03
4160	  8,3180000000e+03	  1,12953e-02	  2,93720e-03
4161	  8,3200000000e+03	  1,26298e-02	  2,41638e-03
4162	  8,3220000000e+03	  1,35986e-02	  4,26247e-03
4163	  8,3240000000e+03	  1,28628e-02	  5,98156e-03
4164	  8,3260000000e+03	  1,26209e-02	  9,81930e-04
4165	  8,3280000000e+03	  1,42291e-02	 -1,74577e-03
4166	  8,3300000000e+03	  1,24141e-02	 -5,77693e-04
4167	  8,3320000000e+03	  1,20276e-02	 -2,26218e-03
4168	  8,3340000000e+03	  1,39885e-02	 -3,15566e-03
4169	  8,3360000000e+03	  1,43379e-02	 -1,47224e-03
4170	  8,3380000000e+03	  1,37429e-02	 -1,60508e-03
4171	  8,3400000000e+03	  1,37767e-02	 -4,75508e-03
4172	  8,3420000000e+03	  1,54194e-02	 -3,44672e-03
4173	  8,3440000000e+03	  1,45099e-02	 -4,42850e-03
4174	  8,3460000000e+03	  1,36950e-02	 -6,59258e-03
4175	  8,3480000000e+03	  1,45408e-02	 -5,37274e-03
4176	  8,3500000000e+03	  1,54778e-02	 -6,29870e-03
4177	  8,3520000000e+03	  1,36966e-02	 -1,08702e-02
4178	  8,3540000000e+03	  1,35312e-02	 -1,24475e-02
4179	  8,3560000000e+03	  1,24810e-02	 -8,42464e-03
4180	  8,3580000000e+03	  8,94602e-03	 -9,38459e-03
4181	  8,3600000000e+03	  9,83129e-03	 -1,07445e-02
4182	  8,3620000000e+03	  9,52756e-03	 -1,29834e-02
4183	  8,3640000000e+03	  1,04999e-02	 -1,44113e-02
4184	  8,3660000000e+03	  8,70478e-03	 -1,23810e-02
4185	  8,3680000000e+03	  9,82396e-03	 -1,29144e-02
4186	  8,3700000000e+03	  1,01447e-02	 -1,17633e-02
4187	  8,3720000000e+03	  1,02711e-02	 -1,23377e-02
4188	  8,3740000000e+03	  1,00451e-02	 -1,16335e-02
4189	  8,3760000000e+03	  1,00181e-02	 -1,58523e-02
4190	  8,3780000000e+03	  9,45262e-03	 -1,51560e-02
4191	  8,3800000000e+03	  8,82868e-03	 -1,32871e-02
4192	  8,3820000000e+03	  9,79829e-03	 -1,25655e-02
4193	  8,3840000000e+03	  8,00374e-03	 -1,19575e-02
4194	  8,3860000000e+03	  6,66555e-03	 -1,17569e-02
4195	  8,3880000000e+03	  6,28531e-03	 -1,35206e-02
4196	  8,3900000000e+03	  5,72616e-03	 -1,43118e-02
4197	  8,3920000000e+03	  7,17817e-03	 -1,53121e-02
4198	  8,3940000000e+03	  6,23797e-03	 -1,75990e-02
4199	  8,3960000000e+03	  6,52561e-03	 -1,66334e-02
4200	  8,3980000000e+03	  7,71438e-03	 -1,61041e-02
4201	  8,4000000000e+03	  5,77285e-03	 -1,56097e-02
4202	  8,4020000000e+03	  6,44175e-03	 -1,77180e-02
4203	  8,4040000000e+03	  6,24189e-03	 -1,98743e-02
4204	  8,4060000000e+03	  6,80399e-03	 -2,00780e-02
4205	  8,4080000000e+03	  6,47989e-03	 -1,88671e-02
4206	  8,4100000000e+03	  5,84736e-03	 -2,01208e-02
4207	  8,4120000000e+03	  4,62014e-03	 -1,88675e-02
4208	  8,4140000000e+03	  2,13849e-03	 -1,76886e-02
4209	  8,4160000000e+03	 -1,40258e-05	 -1,91612e-02
4210	  8,4180000000e+03	 -7,00628e-04	 -1,88391e-02
4211	  8,4200000000e+03	  3,36065e-03	 -2,07692e-02
4212	  8,4220000000e+03	  1,93912e-03	 -2,53655e-02
4213	  8,4240000000e+03	 -1,58929e-03	 -2,27205e-02
4214	  8,4260000000e+03	 -4,58223e-03	 -2,27121e-02
4215	  8,4280000000e+03	 -6,82048e-03	 -2,16095e-02
4216	  8,4300000000e+03	 -6,55474e-03	 -2,28058e-02
4217	  8,4320000000e+03	 -6,96436e-03	 -2,29848e-02
4218	  8,4340000000e+03	 -7,22668e-03	 -2,03202e-02
4219	  8,4360000000e+03	 -1,05643e-02	 -2,16199e-02
4220	  8,4380000000e+03	 -1,13534e-02	 -2,34101e-02
4221	  8,4400000000e+03	 -1,10451e-02	 -2,28294e-02
4222	  8,4420000000e+03	 -9,06564e-03	 -2,10309e-02
4223	  8,4440000000e+03	 -1,18759e-02	 -1,87967e-02
4224	  8,4460000000e+03	 -1,43990e-02	 -2,05419e-02
4225	  8,4480000000e+03	 -1,50565e-02	 -2,04425e-02
4226	  8,4500000000e+03	 -1,61994e-02	 -1,97342e-02
4227	  8,4520000000e+03	 -1,32114e-02	 -2,00218e-02
4228	  8,4540000000e+03	 -1,44485e-02	 -2,12854e-02
4229	  8,4560000000e+03	 -1,54997e-02	 -2,07779e-02
4230	  8,4580000000e+03	 -1,40857e-02	 -1,87378e-02
4231	  8,4600000000e+03	 -1,45926e-02	 -1,72221e-02
4232	  8,4620000000e+03	 -1,62295e-02	 -2,00391e-02
4233	  8,4640000000e+03	 -1,60475e-02	 -2,01411e-02
4234	  8,4660000000e+03	 -1,76435e-02	 -1,84754e-02
4235	  8,4680000000e+03	 -2,01551e-02	 -1,87014e-02
4236	  8,4700000000e+03	 -2,07611e-02	 -1,93212e-02
4237	  8,4720000000e+03	 -2,13070e-02	 -2,04997e-02
4238	  8,4740000000e+03	 -2,12320e-02	 -1,89549e-02
4239	  8,4760000000e+03	 -2,43738e-02	 -1,66289e-02
4240	  8,4780000000e+03	 -2,44978e-02	 -1,32172e-02
4241	  8,4800000000e+03	 -2,32313e-02	 -1,52292e-02
4242	  8,4820000000e+03	 -2,20937e-02	 -1,46692e-02
4243	  8,4840000000e+03	 -2,27152e-02	 -1,58780e-02
4244	  8,4860000000e+03	 -2,42668e-02	 -1,71333e-02
4245	  8,4880000000e+03	 -2,41319e-02	 -1,63213e-02
4246	  8,4900000000e+03	 -2,42198e-02	 -1,62448e-02
4247	  8,4920000000e+03	 -2,55597e-02	 -1,68021e-02
4248	  8,4940000000e+03	 -2,85537e-02	 -1,71654e-02
4249	  8,4960000000e+03	 -2,88585e-02	 -1,49696e-02
4250	  8,4980000000e+03	 -2,83810e-02	 -1,43468e-02
4251	  8,5000000000e+03	 -2,96919e-02	 -1,33031e-02
4252	  8,5020000000e+03	 -2,98914e-02	 -1,26753e-02
4253	  8,5040000000e+03	 -2,85199e-02	 -1,32876e-02
4254	  8,5060000000e+03	 -2,78737e-02	 -1,36576e-02
4255	  8,5080000000e+03	 -3,00303e-02	 -1,30181e-02
4256	  8,5100000000e+03	 -3,28633e-02	 -1,24005e-02
4257	  8,5120000000e+03	 -3,58745e-02	 -1,35199e-02
4258	  8,5140000000e+03	 -3,65213e-02	 -1,20025e-02
4259	  8,5160000000e+03	 -3,55798e-02	 -1,32417e-02
4260	  8,5180000000e+03	 -3,56595e-02	 -1,31390e-02
4261	  8,5200000000e+03	 -3,58675e-02	 -7,11217e-03
4262	  8,5220000000e+03	 -3,63753e-02	 -5,30967e-03
4263	  8,5240000000e+03	 -3,80659e-02	 -6,45665e-03
4264	  8,5260000000e+03	 -3,82070e-02	 -5,82287e-03
4265	  8,5280000000e+03	 -4,15963e-02	 -6,42364e-03
4266	  8,5300000000e+03	 -3,91805e-02	 -5,07206e-03
4267	  8,5320000000e+03	 -4,04668e-02	 -3,59129e-03
4268	  8,5340000000e+03	 -3,97044e-02	 -1,76872e-03
4269	  8,5360000000e+03	 -3,98669e-02	 -9,26771e-04
4270	  8,5380000000e+03	 -3,99043e-02	 -2,87363e-04
4271	  8,5400000000e+03	 -4,03560e-02	  2,56438e-04
4272	  8,5420000000e+03	 -4,39362e-02	  1,13816e-03
4273	  8,5440000000e+03	 -4,48551e-02	  3,58490e-03
4274	  8,5460000000e+03	 -4,34059e-02	  6,11849e-03
4275	  8,5480000000e+03	 -4,40940e-02	  7,04067e-03
4276	  8,5500000000e+03	 -4,31247e-02	  7,46857e-03
4277	  8,5520000000e+03	 -4,12173e-02	  7,89256e-03
4278	  8,5540000000e+03	 -4,50359e-02	  6,99163e-03
4279	  8,5560000000e+03	 -4,23496e-02	  5,81350e-03
4280	  8,5580000000e+03	 -4,13189e-02	  6,87281e-03
4281	  8,5600000000e+03	 -4,23663e-02	  1,03259e-02
4282	  8,5620000000e+03	 -4,22981e-02	  1,01802e-02
4283	  8,5640000000e+03	 -4,38523e-02	  1,06401e-02
4284	  8,5660000000e+03	 -4,34163e-02	  1,36198e-02
4285	  8,5680000000e+03	 -4,47420e-02	  1,27407e-02
4286	  8,5700000000e+03	 -4,61656e-02	  1,59181e-02
4287	  8,5720000000e+03	 -4,48071e-02	  1,70158e-02
4288	  8,5740000000e+03	 -4,30216e-02	  1,88565e-02
4289	  8,5760000000e+03	 -4,34622e-02	  2,02375e-02
4290	  8,5780000000e+03	 -4,39976e-02	  1,92898e-02
4291	  8,5800000000e+03	 -4,35455e-02	  2,18920e-02
4292	  8,5820000000e+03	 -4,37764e-02	  2,36268e-02
4293	  8,5840000000e+03	 -4,51531e-02	  2,39936e-02
4294	  8,5860000000e+03	 -4,54032e-02	  2,50457e-02
4295	  8,5880000000e+03	 -4,46062e-02	  2,73295e-02
4296	  8,5900000000e+03	 -4,39201e-02	  2,51457e-02
4297	  8,5920000000e+03	 -4,42245e-02	  2,71098e-02
4298	  8,5940000000e+03	 -4,30188e-02	  2,93429e-02
4299	  8,5960000000e+03	 -4,23393e-02	  2,93629e-02
4300	  8,5980000000e+03	 -4,08980e-02	  3,21787e-02
4301	  8,6000000000e+03	 -4,30254e-02	  3,36622e-02
4302	  8,6020000000e+03	 -4,17959e-02	  3,68067e-02
4303	  8,6040000000e+03	 -4,05828e-02	  3,84805e-02
4304	  8,6060000000e+03	 -4,04064e-02	  3,82748e-02
4305	  8,6080000000e+03	 -3,76460e-02	  3,90259e-02
4306	  8,6100000000e+03	 -3,57233e-02	  3,93346e-02
4307	  8,6120000000e+03	 -3,73756e-02	  4,07001e-02
4308	  8,6140000000e+03	 -3,70721e-02	  4,22690e-02
4309	  8,6160000000e+03	 -3,56904e-02	  4,14512e-02
4310	  8,6180000000e+03	 -3,50712e-02	  4,26306e-02
4311	  8,6200000000e+03	 -3,42837e-02	  4,33459e-02
4312	  8,6220000000e+03	 -3,64064e-02	  4,35956e-02
4313	  8,6240000000e+03	 -3,57651e-02	  4,49182e-02
4314	  8,6260000000e+03	 -3,23720e-02	  4,69452e-02
4315	  8,6280000000e+03	 -3,03160e-02	  4,73479e-02
4316	  8,6300000000e+03	 -3,17859e-02	  4,66464e-02
4317	  8,6320000000e+03	 -3,14374e-02	  4,66385e-02
4318	  8,6340000000e+03	 -2,94498e-02	  4,90264e-02
4319	  8,6360000000e+03	 -2,78278e-02	  4,94437e-02
4320	  8,6380000000e+03	 -2,64358e-02	  4,95534e-02
4321	  8,6400000000e+03	 -2,40284e-02	  5,00721e-02
4322	  8,6420000000e+03	 -2,63162e-02	  4,92985e-02
4323	  8,6440000000e+03	 -2,54909e-02	  4,82773e-02
4324	  8,6460000000e+03	 -2,31804e-02	  5,00947e-02
4325	  8,6480000000e+03	 -2,48102e-02	  5,03886e-02
4326	  8,6500000000e+03	 -2,42546e-02	  5,32689e-02
4327	  8,6520000000e+03	 -2,33094e-02	  5,39214e-02
4328	  8,6540000000e+03	 -2,09074e-02	  5,37964e-02
4329	  8,6560000000e+03	 -1,94061e-02	  5,54525e-02
4330	  8,6580000000e+03	 -1,96795e-02	  5,82537e-02
4331	  8,6600000000e+03	 -1,86553e-02	  5,92327e-02
4332	  8,6620000000e+03	 -1,85477e-02	  5,93911e-02
4333	  8,6640000000e+03	 -1,76528e-02	  5,99311e-02
4334	  8,6660000000e+03	 -1,51990e-02	  6,13214e-02
4335	  8,6680000000e+03	 -1,53510e-02	  6,11622e-02
4336	  8,6700000000e+03	 -1,45542e-02	  6,16238e-02
4337	  8,6720000000e+03	 -1,21977e-02	  6,41849e-02
4338	  8,6740000000e+03	 -1,16289e-02	  6,45343e-02
4339	  8,6760000000e+03	 -1,17664e-02	  6,60428e-02
4340	  8,6780000000e+03	 -1,01497e-02	  6,71532e-02
4341	  8,6800000000e+03	 -7,63469e-03	  6,89335e-02
4342	  8,6820000000e+03	 -5,66556e-03	  6,86810e-02
4343	  8,6840000000e+03	 -2,20047e-03	  6,82445e-02
4344	  8,6860000000e+03	  8,61936e-05	  6,91399e-02
4345	  8,6880000000e+03	  5,64187e-04	  6,78579e-02
4346	  8,6900000000e+03	  1,98204e-03	  6,85081e-02
4347	  8,6920000000e+03	  1,67989e-03	  6,74907e-02
4348	  8,6940000000e+03	  5,35189e-03	  6,53989e-02
4349	  8,6960000000e+03	  5,45365e-03	  6,51661e-02
4350	  8,6980000000e+03	  7,41384e-03	  6,53894e-02
4351	  8,7000000000e+03	  8,80608e-03	  6,64092e-02
4352	  8,7020000000e+03	  7,78171e-03	  6,71097e-02
4353	  8,7040000000e+03	  9,54308e-03	  6,56930e-02
4354	  8,7060000000e+03	  1,44042e-02	  6,38418e-02
4355	  8,7080000000e+03	  1,73214e-02	  6,46766e-02
4356	  8,7100000000e+03	  1,82786e-02	  6,49876e-02
4357	  8,7120000000e+03	  1,67881e-02	  6,41224e-02
4358	  8,7140000000e+03	  1,53674e-02	  6,41226e-02
4359	  8,7160000000e+03	  1,58209e-02	  6,28171e-02
4360	  8,7180000000e+03	  1,78872e-02	  6,15490e-02
4361	  8,7200000000e+03	  1,93845e-02	  6,20576e-02
4362	  8,7220000000e+03	  2,07501e-02	  6,28965e-02
4363	  8,7240000000e+03	  2,18014e-02	  6,25789e-02
4364	  8,7260000000e+03	  2,04385e-02	  6,32825e-02
4365	  8,7280000000e+03	  2,33059e-02	  6,50807e-02
4366	  8,7300000000e+03	  2,70452e-02	  6,52558e-02
4367	  8,7320000000e+03	  2,49980e-02	  6,28145e-02
4368	  8,7340000000e+03	  2,63605e-02	  6,32732e-02
4369	  8,7360000000e+03	  2,99008e-02	  6,21024e-02
4370	  8,7380000000e+03	  2,96681e-02	  6,31909e-02
4371	  8,7400000000e+03	  3,20118e-02	  6,38907e-02
4372	  8,7420000000e+03	  3,60806e-02	  6,43678e-02
4373	  8,7440000000e+03	  3,75465e-02	  6,34846e-02
4374	  8,7460000000e+03	  3,52428e-02	  6,27763e-02
4375	  8,7480000000e+03	  3,72482e-02	  6,16985e-02
4376	  8,7500000000e+03	  3,93695e-02	  6,08519e-02
4377	  8,7520000000e+03	  4,13197e-02	  6,09176e-02
4378	  8,7540000000e+03	  4,30114e-02	  6,20693e-02
4379	  8,7560000000e+03	  4,27963e-02	  5,96814e-02
4380	  8,7580000000e+03	  4,47147e-02	  5,65610e-02
4381	  8,7600000000e+03	  4,43628e-02	  5,69454e-02
4382	  8,7620000000e+03	  4,54066e-02	  5,69534e-02
4383	  8,7640000000e+03	  5,01552e-02	  5,49320e-02
4384	  8,7660000000e+03	  5,09822e-02	  5,42455e-02
4385	  8,7680000000e+03	  5,05120e-02	  5,28195e-02
4386	  8,7700000000e+03	  5,14038e-02	  5,02849e-02
4387	  8,7720000000e+03	  5,22633e-02	  4,88411e-02
4388	  8,7740000000e+03	  5,39549e-02	  4,95195e-02
4389	  8,7760000000e+03	  5,18639e-02	  5,10772e-02
4390	  8,7780000000e+03	  5,22762e-02	  4,99700e-02
4391	  8,7800000000e+03	  5,27873e-02	  4,70594e-02
4392	  8,7820000000e+03	  5,39690e-02	  4,81699e-02
4393	  8,7840000000e+03	  5,57457e-02	  4,79544e-02
4394	  8,7860000000e+03	  5,79548e-02	  4,73255e-02
4395	  8,7880000000e+03	  6,05538e-02	  4,56391e-02
4396	  8,7900000000e+03	  5,97610e-02	  4,27701e-02
4397	  8,7920000000e+03	  6,06894e-02	  4,37710e-02
4398	  8,7940000000e+03	  6,03104e-02	  4,50742e-02
4399	  8,7960000000e+03	  5,91966e-02	  4,42891e-02
4400	  8,7980000000e+03	  6,21921e-02	  4,20324e-02
4401	  8,8000000000e+03	  6,29304e-02	  3,96890e-02
4402	  8,8020000000e+03	  6,32507e-02	  3,63771e-02
4403	  8,8040000000e+03	  6,44292e-02	  3,74012e-02
4404	  8,8060000000e+03	  6,53366e-02	  3,47439e-02
4405	  8,8080000000e+03	  6,58121e-02	  3,32782e-02
4406	  8,8100000000e+03	  6,56759e-02	  3,16928e-02
4407	  8,8120000000e+03	  6,95991e-02	  3,24079e-02
4408	  8,8140000000e+03	  7,16813e-02	  3,15159e-02
4409	  8,8160000000e+03	  7,12208e-02	  3,13441e-02
4410	  8,8180000000e+03	  7,04807e-02	  2,92305e-02
4411	  8,8200000000e+03	  7,05145e-02	  2,90088e-02
4412	  8,8220000000e+03	  6,83985e-02	  2,62802e-02
4413	  8,8240000000e+03	  7,17047e-02	  2,31441e-02
4414	  8,8260000000e+03	  7,13323e-02	  2,57655e-02
4415	  8,8280000000e+03	  7,15570e-02	  2,33768e-02
4416	  8,8300000000e+03	  7,38735e-02	  2,03774e-02
4417	  8,8320000000e+03	  7,48561e-02	  2,01710e-02
4418	  8,8340000000e+03	  7,35928e-02	  1,88460e-02
4419	  8,8360000000e+03	  7,34137e-02	  1,75386e-02
4420	  8,8380000000e+03	  7,52696e-02	  1,63291e-02
4421	  8,8400000000e+03	  7,21772e-02	  1,51302e-02
4422	  8,8420000000e+03	  7,12254e-02	  1,28372e-02
4423	  8,8440000000e+03	  7,34547e-02	  1,04757e-02
4424	  8,8460000000e+03	  7,40935e-02	  1,04197e-02
4425	  8,8480000000e+03	  7,28425e-02	  1,05086e-02
4426	  8,8500000000e+03	  7,52135e-02	  8,97961e-03
4427	  8,8520000000e+03	  7,55721e-02	  7,16890e-03
4428	  8,8540000000e+03	  7,31837e-02	  4,74061e-03
4429	  8,8560000000e+03	  7,24140e-02	  4,53739e-03
4430	  8,8580000000e+03	  7,21180e-02	  4,04300e-03
4431	  8,8600000000e+03	  7,03886e-02	  3,60629e-04
4432	  8,8620000000e+03	  7,07059e-02	 -5,29835e-04
4433	  8,8640000000e+03	  6,98366e-02	  1,76285e-03
4434	  8,8660000000e+03	  6,98776e-02	  2,55541e-03
4435	  8,8680000000e+03	  7,03273e-02	  2,36911e-03
4436	  8,8700000000e+03	  7,21156e-02	  3,58117e-03
4437	  8,8720000000e+03	  7,28773e-02	  2,61870e-03
4438	  8,8740000000e+03	  7,21552e-02	  8,60899e-04
4439	  8,8760000000e+03	  7,35983e-02	 -5,00821e-04
4440	  8,8780000000e+03	  7,34922e-02	 -2,25479e-03
4441	  8,8800000000e+03	  7,34222e-02	 -3,81930e-03
4442	  8,8820000000e+03	  7,34425e-02	 -4,96363e-03
4443	  8,8840000000e+03	  7,24122e-02	 -6,69492e-03
4444	  8,8860000000e+03	  7,39231e-02	 -8,67084e-03
4445	  8,8880000000e+03	  7,55720e-02	 -9,92810e-03
4446	  8,8900000000e+03	  7,47406e-02	 -1,09023e-02
4447	  8,8920000000e+03	  7,53889e-02	 -8,86338e-03
4448	  8,8940000000e+03	  7,55673e-02	 -9,77774e-03
4449	  8,8960000000e+03	  7,38366e-02	 -1,38131e-02
4450	  8,8980000000e+03	  7,66407e-02	 -1,58947e-02
4451	  8,9000000000e+03	  7,65390e-02	 -1,73533e-02
4452	  8,9020000000e+03	  7,26177e-02	 -1,61022e-02
4453	  8,9040000000e+03	  7,45384e-02	 -1,53923e-02
4454	  8,9060000000e+03	  7,47819e-02	 -1,79596e-02
4455	  8,9080000000e+03	  7,35101e-02	 -2,06013e-02
4456	  8,9100000000e+03	  7,38853e-02	 -2,20555e-02
4457	  8,9120000000e+03	  7,27706e-02	 -2,31082e-02
4458	  8,9140000000e+03	  7,11424e-02	 -2,28068e-02
4459	  8,9160000000e+03	  7,19071e-02	 -2,48159e-02
4460	  8,9180000000e+03	  7,17749e-02	 -2,69325e-02
4461	  8,9200000000e+03	  7,17823e-02	 -2,69706e-02
4462	  8,9220000000e+03	  7,18013e-02	 -2,89553e-02
4463	  8,9240000000e+03	  7,09033e-02	 -3,08426e-02
4464	  8,9260000000e+03	  7,11421e-02	 -2,97777e-02
4465	  8,9280000000e+03	  7,01676e-02	 -2,79758e-02
4466	  8,9300000000e+03	  6,91829e-02	 -3,11668e-02
4467	  8,9320000000e+03	  6,75654e-02	 -3,27419e-02
4468	  8,9340000000e+03	  6,76442e-02	 -3,23882e-02
4469	  8,9360000000e+03	  6,92622e-02	 -3,31624e-02
4470	  8,9380000000e+03	  7,03168e-02	 -3,37665e-02
4471	  8,9400000000e+03	  6,80673e-02	 -3,49633e-02
4472	  8,9420000000e+03	  6,63923e-02	 -3,52098e-02
4473	  8,9440000000e+03	  6,60199e-02	 -3,77371e-02
4474	  8,9460000000e+03	  6,85069e-02	 -3,85517e-02
4475	  8,9480000000e+03	  6,45857e-02	 -3,98230e-02
4476	  8,9500000000e+03	  6,51375e-02	 -3,98209e-02
4477	  8,9520000000e+03	  6,58477e-02	 -4,04803e-02
4478	  8,9540000000e+03	  6,40920e-02	 -4,28758e-02
4479	  8,9560000000e+03	  6,28397e-02	 -4,61267e-02
4480	  8,9580000000e+03	  6,49256e-02	 -4,66115e-02
4481	  8,9600000000e+03	  6,57796e-02	 -4,48938e-02
4482	  8,9620000000e+03	  6,59780e-02	 -4,41020e-02
4483	  8,9640000000e+03	  6,41897e-02	 -4,79586e-02
4484	  8,9660000000e+03	  6,30288e-02	 -5,15119e-02
4485	  8,9680000000e+03	  6,14298e-02	 -5,06113e-02
4486	  8,9700000000e+03	  5,86748e-02	 -5,02171e-02
4487	  8,9720000000e+03	  5,89449e-02	 -5,19106e-02
4488	  8,9740000000e+03	  5,78809e-02	 -5,33511e-02
4489	  8,9760000000e+03	  5,79215e-02	 -5,27472e-02
4490	  8,9780000000e+03	  5,72434e-02	 -5,24837e-02
4491	  8,9800000000e+03	  5,63656e-02	 -5,50764e-02
4492	  8,9820000000e+03	  5,55673e-02	 -5,70460e-02
4493	  8,9840000000e+03	  5,72638e-02	 -5,84057e-02
4494	  8,9860000000e+03	  5,58896e-02	 -5,69130e-02
4495	  8,9880000000e+03	  5,41151e-02	 -5,86120e-02
4496	  8,9900000000e+03	  5,45500e-02	 -6,04696e-02
4497	  8,9920000000e+03	  5,20735e-02	 -6,22165e-02
4498	  8,9940000000e+03	  5,04643e-02	 -6,26319e-02
4499	  8,9960000000e+03	  5,25487e-02	 -6,07251e-02
4500	  8,9980000000e+03	  5,05893e-02	 -6,16516e-02
4501	  9,0000000000e+03	  5,06424e-02	 -6,35373e-02
4502	  9,0020000000e+03	  4,97263e-02	 -6,55457e-02
4503	  9,0040000000e+03	  4,58978e-02	 -6,70171e-02
4504	  9,0060000000e+03	  4,68325e-02	 -6,83221e-02
4505	  9,0080000000e+03	  4,52570e-02	 -6,75999e-02
4506	  9,0100000000e+03	  4,41476e-02	 -6,86235e-02
4507	  9,0120000000e+03	  4,41519e-02	 -7,24084e-02
4508	  9,0140000000e+03	  4,44719e-02	 -7,15146e-02
4509	  9,0160000000e+03	  4,31582e-02	 -7,23118e-02
4510	  9,0180000000e+03	  4,21009e-02	 -7,11452e-02
4511	  9,0200000000e+03	  4,13249e-02	 -7,05136e-02
4512	  9,0220000000e+03	  3,64950e-02	 -7,17211e-02
4513	  9,0240000000e+03	  3,47296e-02	 -7,49287e-02
4514	  9,0260000000e+03	  3,53075e-02	 -7,61025e-02
4515	  9,0280000000e+03	  3,44756e-02	 -7,62775e-02
4516	  9,0300000000e+03	  3,41084e-02	 -7,64037e-02
4517	  9,0320000000e+03	  3,09076e-02	 -7,83636e-02
4518	  9,0340000000e+03	  2,93919e-02	 -7,69912e-02
4519	  9,0360000000e+03	  2,97137e-02	 -7,73880e-02
4520	  9,0380000000e+03	  3,08352e-02	 -7,79427e-02
4521	  9,0400000000e+03	  2,65371e-02	 -7,63712e-02
4522	  9,0420000000e+03	  2,47469e-02	 -7,69331e-02
4523	  9,0440000000e+03	  2,55491e-02	 -7,74234e-02
4524	  9,0460000000e+03	  2,48045e-02	 -7,78822e-02
4525	  9,0480000000e+03	  2,27445e-02	 -7,87719e-02
4526	  9,0500000000e+03	  2,21337e-02	 -7,96100e-02
4527	  9,0520000000e+03	  1,88136e-02	 -7,96507e-02
4528	  9,0540000000e+03	  1,65378e-02	 -7,70457e-02
4529	  9,0560000000e+03	  1,65106e-02	 -7,57113e-02
4530	  9,0580000000e+03	  1,68655e-02	 -7,91377e-02
4531	  9,0600000000e+03	  1,76271e-02	 -7,79965e-02
4532	  9,0620000000e+03	  1,43544e-02	 -7,44079e-02
4533	  9,0640000000e+03	  1,44106e-02	 -7,76700e-02
4534	  9,0660000000e+03	  1,34599e-02	 -7,96392e-02
4535	  9,0680000000e+03	  1,00797e-02	 -8,12093e-02
4536	  9,0700000000e+03	  7,51611e-03	 -7,89839e-02
4537	  9,0720000000e+03	  1,00525e-02	 -7,57411e-02
4538	  9,0740000000e+03	  8,63679e-03	 -7,67804e-02
4539	  9,0760000000e+03	  5,98557e-03	 -7,84116e-02
4540	  9,0780000000e+03	  6,89537e-03	 -8,09398e-02
4541	  9,0800000000e+03	  7,33274e-03	 -8,14575e-02
4542	  9,0820000000e+03	  7,00637e-03	 -8,29014e-02
4543	  9,0840000000e+03	  5,79978e-03	 -8,07972e-02
4544	  9,0860000000e+03	  3,17235e-03	 -8,18221e-02
4545	  9,0880000000e+03	  1,66982e-03	 -8,06221e-02
4546	  9,0900000000e+03	 -2,95382e-03	 -7,96472e-02
4547	  9,0920000000e+03	 -2,10276e-03	 -8,09258e-02
4548	  9,0940000000e+03	  2,68130e-04	 -8,08415e-02
4549	  9,0960000000e+03	 -1,95702e-03	 -8,17949e-02
4550	  9,0980000000e+03	 -1,36271e-03	 -8,30047e-02
4551	  9,1000000000e+03	 -4,46782e-03	 -8,27154e-02
4552	  9,1020000000e+03	 -4,22232e-03	 -8,09562e-02
4553	  9,1040000000e+03	 -3,96294e-03	 -7,93766e-02
4554	  9,1060000000e+03	 -7,09074e-03	 -7,85683e-02
4555	  9,1080000000e+03	 -1,10404e-02	 -7,95113e-02
4556	  9,1100000000e+03	 -1,08392e-02	 -7,96513e-02
4557	  9,1120000000e+03	 -1,13046e-02	 -7,77128e-02
4558	  9,1140000000e+03	 -1,04938e-02	 -7,52435e-02
4559	  9,1160000000e+03	 -9,82023e-03	 -7,61910e-02
4560	  9,1180000000e+03	 -1,40893e-02	 -7,71229e-02
4561	  9,1200000000e+03	 -1,50701e-02	 -7,76012e-02
4562	  9,1220000000e+03	 -1,55595e-02	 -7,71036e-02
4563	  9,1240000000e+03	 -1,58843e-02	 -7,76423e-02
4564	  9,1260000000e+03	 -1,75876e-02	 -7,85817e-02
4565	  9,1280000000e+03	 -1,80890e-02	 -7,79198e-02
4566	  9,1300000000e+03	 -1,94863e-02	 -7,92151e-02
4567	  9,1320000000e+03	 -2,21566e-02	 -7,87345e-02
4568	  9,1340000000e+03	 -2,28673e-02	 -7,70431e-02
4569	  9,1360000000e+03	 -2,29387e-02	 -7,47722e-02
4570	  9,1380000000e+03	 -2,44766e-02	 -7,62132e-02
4571	  9,1400000000e+03	 -2,59302e-02	 -7,62440e-02
4572	  9,1420000000e+03	 -2,76876e-02	 -7,36227e-02
4573	  9,1440000000e+03	 -2,79733e-02	 -7,36173e-02
4574	  9,1460000000e+03	 -2,87315e-02	 -7,33520e-02
4575	  9,1480000000e+03	 -2,93856e-02	 -7,11434e-02
4576	  9,1500000000e+03	 -2,73891e-02	 -7,23668e-02
4577	  9,1520000000e+03	 -2,80197e-02	 -7,38102e-02
4578	  9,1540000000e+03	 -2,99842e-02	 -7,25330e-02
4579	  9,1560000000e+03	 -3,16587e-02	 -7,21124e-02
4580	  9,1580000000e+03	 -3,26838e-02	 -7,02620e-02
4581	  9,1600000000e+03	 -3,20085e-02	 -7,19920e-02
4582	  9,1620000000e+03	 -3,18422e-02	 -7,28862e-02
4583	  9,1640000000e+03	 -3,38958e-02	 -7,19503e-02
4584	  9,1660000000e+03	 -3,54761e-02	 -7,04418e-02
4585	  9,1680000000e+03	 -3,54883e-02	 -7,01685e-02
4586	  9,1700000000e+03	 -3,49560e-02	 -6,82847e-02
4587	  9,1720000000e+03	 -3,72525e-02	 -6,82783e-02
4588	  9,1740000000e+03	 -3,76258e-02	 -6,71412e-02
4589	  9,1760000000e+03	 -3,83017e-02	 -6,69463e-02
4590	  9,1780000000e+03	 -4,06965e-02	 -6,84743e-02
4591	  9,1800000000e+03	 -4,18830e-02	 -6,81326e-02
4592	  9,1820000000e+03	 -4,10367e-02	 -6,63204e-02
4593	  9,1840000000e+03	 -4,29023e-02	 -6,42598e-02
4594	  9,1860000000e+03	 -4,39225e-02	 -6,42043e-02
4595	  9,1880000000e+03	 -4,11382e-02	 -6,33298e-02
4596	  9,1900000000e+03	 -3,97688e-02	 -6,28948e-02
4597	  9,1920000000e+03	 -4,38364e-02	 -6,41838e-02
4598	  9,1940000000e+03	 -4,46405e-02	 -6,47801e-02
4599	  9,1960000000e+03	 -4,62503e-02	 -6,24198e-02
4600	  9,1980000000e+03	 -4,75729e-02	 -6,18672e-02
4601	  9,2000000000e+03	 -4,80203e-02	 -6,23531e-02
4602	  9,2020000000e+03	 -4,71179e-02	 -6,26242e-02
4603	  9,2040000000e+03	 -4,82963e-02	 -6,05572e-02
4604	  9,2060000000e+03	 -4,77682e-02	 -5,97379e-02
4605	  9,2080000000e+03	 -4,92881e-02	 -5,72600e-02
4606	  9,2100000000e+03	 -5,19117e-02	 -5,67851e-02
4607	  9,2120000000e+03	 -5,25771e-02	 -5,71491e-02
4608	  9,2140000000e+03	 -5,20157e-02	 -5,76308e-02
4609	  9,2160000000e+03	 -5,28824e-02	 -5,98393e-02
4610	  9,2180000000e+03	 -5,52466e-02	 -5,92285e-02
4611	  9,2200000000e+03	 -5,66974e-02	 -5,74738e-02
4612	  9,2220000000e+03	 -5,67389e-02	 -5,41036e-02
4613	  9,2240000000e+03	 -5,51308e-02	 -5,41541e-02
4614	  9,2260000000e+03	 -5,63036e-02	 -5,54990e-02
4615	  9,2280000000e+03	 -5,77726e-02	 -5,48247e-02
4616	  9,2300000000e+03	 -5,97468e-02	 -5,15626e-02
4617	  9,2320000000e+03	 -5,94196e-02	 -5,08458e-02
4618	  9,2340000000e+03	 -5,85899e-02	 -4,99194e-02
4619	  9,2360000000e+03	 -5,86498e-02	 -5,05286e-02
4620	  9,2380000000e+03	 -5,95587e-02	 -4,97721e-02
4621	  9,2400000000e+03	 -6,21261e-02	 -4,52312e-02
4622	  9,2420000000e+03	 -6,35973e-02	 -4,65005e-02
4623	  9,2440000000e+03	 -6,12993e-02	 -4,97862e-02
4624	  9,2460000000e+03	 -6,20020e-02	 -4,64764e-02
4625	  9,2480000000e+03	 -6,25714e-02	 -4,50478e-02
4626	  9,2500000000e+03	 -6,15731e-02	 -4,43381e-02
4627	  9,2520000000e+03	 -6,16505e-02	 -4,36673e-02
4628	  9,2540000000e+03	 -6,17489e-02	 -4,39198e-02
4629	  9,2560000000e+03	 -5,90614e-02	 -4,29629e-02
4630	  9,2580000000e+03	 -6,09775e-02	 -4,40003e-02
4631	  9,2600000000e+03	 -5,95040e-02	 -4,14300e-02
4632	  9,2620000000e+03	 -5,88165e-02	 -3,93903e-02
4633	  9,2640000000e+03	 -6,04261e-02	 -4,03457e-02
4634	  9,2660000000e+03	 -6,21833e-02	 -4,19250e-02
4635	  9,2680000000e+03	 -6,26540e-02	 -4,19855e-02
4636	  9,2700000000e+03	 -6,30340e-02	 -4,18402e-02
4637	  9,2720000000e+03	 -6,60326e-02	 -4,36151e-02
4638	  9,2740000000e+03	 -6,60621e-02	 -4,33260e-02
4639	  9,2760000000e+03	 -6,74676e-02	 -4,39874e-02
4640	  9,2780000000e+03	 -6,75663e-02	 -4,40768e-02
4641	  9,2800000000e+03	 -6,63778e-02	 -4,07088e-02
4642	  9,2820000000e+03	 -6,80620e-02	 -4,02600e-02
4643	  9,2840000000e+03	 -6,97518e-02	 -4,17093e-02
4644	  9,2860000000e+03	 -6,86992e-02	 -4,00332e-02
4645	  9,2880000000e+03	 -7,00745e-02	 -3,67662e-02
4646	  9,2900000000e+03	 -7,15187e-02	 -3,69535e-02
4647	  9,2920000000e+03	 -7,08971e-02	 -3,65163e-02
4648	  9,2940000000e+03	 -7,12539e-02	 -3,60335e-02
4649	  9,2960000000e+03	 -7,28129e-02	 -3,17587e-02
4650	  9,2980000000e+03	 -7,24503e-02	 -3,36419e-02
4651	  9,3000000000e+03	 -7,18754e-02	 -3,54886e-02
4652	  9,3020000000e+03	 -7,33247e-02	 -3,38684e-02
4653	  9,3040000000e+03	 -7,48006e-02	 -3,34699e-02
4654	  9,3060000000e+03	 -7,43500e-02	 -3,21143e-02
4655	  9,3080000000e+03	 -7,41562e-02	 -3,10142e-02
4656	  9,3100000000e+03	 -7,59066e-02	 -3,10638e-02
4657	  9,3120000000e+03	 -7,81869e-02	 -3,11111e-02
4658	  9,3140000000e+03	 -7,75717e-02	 -3,20714e-02
4659	  9,3160000000e+03	 -7,72577e-02	 -3,09425e-02
4660	  9,3180000000e+03	 -7,77505e-02	 -3,22303e-02
4661	  9,3200000000e+03	 -7,76498e-02	 -3,26442e-02
4662	  9,3220000000e+03	 -7,90508e-02	 -3,12782e-02
4663	  9,3240000000e+03	 -8,07789e-02	 -3,02614e-02
4664	  9,3260000000e+03	 -8,35074e-02	 -3,23787e-02
4665	  9,3280000000e+03	 -8,46318e-02	 -3,01463e-02
4666	  9,3300000000e+03	 -8,38236e-02	 -2,63799e-02
4667	  9,3320000000e+03	 -8,16023e-02	 -2,73451e-02
4668	  9,3340000000e+03	 -8,57442e-02	 -2,87529e-02
4669	  9,3360000000e+03	 -9,06443e-02	 -2,77411e-02
4670	  9,3380000000e+03	 -8,93584e-02	 -2,77415e-02
4671	  9,3400000000e+03	 -8,98740e-02	 -2,49774e-02
4672	  9,3420000000e+03	 -9,06610e-02	 -2,39200e-02
4673	  9,3440000000e+03	 -9,27877e-02	 -2,37051e-02
4674	  9,3460000000e+03	 -9,30824e-02	 -2,20677e-02
4675	  9,3480000000e+03	 -9,34154e-02	 -2,01636e-02
4676	  9,3500000000e+03	 -9,61756e-02	 -1,98142e-02
4677	  9,3520000000e+03	 -9,92637e-02	 -1,88959e-02
4678	  9,3540000000e+03	 -9,91030e-02	 -1,43255e-02
4679	  9,3560000000e+03	 -1,00292e-01	 -1,34847e-02
4680	  9,3580000000e+03	 -9,96460e-02	 -1,07159e-02
4681	  9,3600000000e+03	 -9,91425e-02	 -1,01289e-02
4682	  9,3620000000e+03	 -9,89787e-02	 -1,10160e-02
4683	  9,3640000000e+03	 -1,00791e-01	 -7,63411e-03
4684	  9,3660000000e+03	 -1,01243e-01	 -4,39582e-03
4685	  9,3680000000e+03	 -1,00387e-01	 -2,24498e-03
4686	  9,3700000000e+03	 -1,01805e-01	 -2,43466e-03
4687	  9,3720000000e+03	 -1,03303e-01	 -1,21990e-03
4688	  9,3740000000e+03	 -1,02858e-01	 -3,27266e-04
4689	  9,3760000000e+03	 -1,02676e-01	 -2,48490e-04
4690	  9,3780000000e+03	 -1,02300e-01	  9,84476e-04
4691	  9,3800000000e+03	 -1,04425e-01	  3,02591e-03
4692	  9,3820000000e+03	 -1,03921e-01	  5,56258e-03
4693	  9,3840000000e+03	 -1,06115e-01	  6,69374e-03
4694	  9,3860000000e+03	 -1,04581e-01	  9,06737e-03
4695	  9,3880000000e+03	 -1,05157e-01	  1,01613e-02
4696	  9,3900000000e+03	 -1,07687e-01	  1,29039e-02
4697	  9,3920000000e+03	 -1,10342e-01	  1,34878e-02
4698	  9,3940000000e+03	 -1,08507e-01	  1,34826e-02
4699	  9,3960000000e+03	 -1,04840e-01	  1,62280e-02
4700	  9,3980000000e+03	 -1,04230e-01	  1,99646e-02
4701	  9,4000000000e+03	 -1,05212e-01	  2,12867e-02
4702	  9,4020000000e+03	 -1,05779e-01	  2,23688e-02
4703	  9,4040000000e+03	 -1,07829e-01	  2,22139e-02
4704	  9,4060000000e+03	 -1,07945e-01	  2,42940e-02
4705	  9,4080000000e+03	 -1,07245e-01	  2,64556e-02
4706	  9,4100000000e+03	 -1,06676e-01	  2,78728e-02
4707	  9,4120000000e+03	 -1,06920e-01	  2,80245e-02
4708	  9,4140000000e+03	 -1,06825e-01	  3,04247e-02
4709	  9,4160000000e+03	 -1,08488e-01	  3,40152e-02
4710	  9,4180000000e+03	 -1,07773e-01	  3,45435e-02
4711	  9,4200000000e+03	 -1,05261e-01	  3,66035e-02
4712	  9,4220000000e+03	 -1,03527e-01	  3,65356e-02
4713	  9,4240000000e+03	 -1,04047e-01	  3,81408e-02
4714	  9,4260000000e+03	 -1,04656e-01	  3,90239e-02
4715	  9,4280000000e+03	 -1,02568e-01	  4,23250e-02
4716	  9,4300000000e+03	 -1,02280e-01	  4,47929e-02
4717	  9,4320000000e+03	 -1,02624e-01	  4,33596e-02
4718	  9,4340000000e+03	 -1,02106e-01	  4,59652e-02
4719	  9,4360000000e+03	 -9,96302e-02	  4,98977e-02
4720	  9,4380000000e+03	 -9,91237e-02	  5,22541e-02
4721	  9,4400000000e+03	 -9,88477e-02	  5,23392e-02
4722	  9,4420000000e+03	 -1,00268e-01	  5,37153e-02
4723	  9,4440000000e+03	 -9,95770e-02	  5,26698e-02
4724	  9,4460000000e+03	 -9,80656e-02	  5,49468e-02
4725	  9,4480000000e+03	 -9,97079e-02	  5,48882e-02
4726	  9,4500000000e+03	 -9,68385e-02	  5,52160e-02
4727	  9,4520000000e+03	 -9,46353e-02	  6,05574e-02
4728	  9,4540000000e+03	 -9,59753e-02	  6,23555e-02
4729	  9,4560000000e+03	 -9,59962e-02	  6,22026e-02
4730	  9,4580000000e+03	 -9,57931e-02	  6,44197e-02
4731	  9,4600000000e+03	 -9,30117e-02	  6,49917e-02
4732	  9,4620000000e+03	 -9,37537e-02	  6,73724e-02
4733	  9,4640000000e+03	 -9,30823e-02	  6,83566e-02
4734	  9,4660000000e+03	 -9,33686e-02	  7,04794e-02
4735	  9,4680000000e+03	 -9,28199e-02	  7,22034e-02
4736	  9,4700000000e+03	 -9,11483e-02	  7,45717e-02
4737	  9,4720000000e+03	 -9,38404e-02	  7,72766e-02
4738	  9,4740000000e+03	 -9,23376e-02	  7,63827e-02
4739	  9,4760000000e+03	 -9,01379e-02	  7,89651e-02
4740	  9,4780000000e+03	 -8,82268e-02	  8,10434e-02
4741	  9,4800000000e+03	 -8,80962e-02	  8,21805e-02
4742	  9,4820000000e+03	 -8,90813e-02	  8,20292e-02
4743	  9,4840000000e+03	 -8,74420e-02	  8,11920e-02
4744	  9,4860000000e+03	 -8,66328e-02	  8,24559e-02
4745	  9,4880000000e+03	 -8,81441e-02	  8,57846e-02
4746	  9,4900000000e+03	 -8,72467e-02	  8,77524e-02
4747	  9,4920000000e+03	 -8,29353e-02	  8,95931e-02
4748	  9,4940000000e+03	 -8,06332e-02	  8,92499e-02
4749	  9,4960000000e+03	 -8,20928e-02	  9,32505e-02
4750	  9,4980000000e+03	 -8,29686e-02	  9,61889e-02
4751	  9,5000000000e+03	 -7,88884e-02	  9,75543e-02
4752	  9,5020000000e+03	 -7,64823e-02	  9,93207e-02
4753	  9,5040000000e+03	 -7,60018e-02	  9,87901e-02
4754	  9,5060000000e+03	 -7,38103e-02	  1,01229e-01
4755	  9,5080000000e+03	 -7,30623e-02	  1,03634e-01
4756	  9,5100000000e+03	 -6,96346e-02	  1,03484e-01
4757	  9,5120000000e+03	 -6,85642e-02	  1,06816e-01
4758	  9,5140000000e+03	 -6,82416e-02	  1,08814e-01
4759	  9,5160000000e+03	 -6,72478e-02	  1,07663e-01
4760	  9,5180000000e+03	 -6,64306e-02	  1,07805e-01
4761	  9,5200000000e+03	 -6,49659e-02	  1,09037e-01
4762	  9,5220000000e+03	 -6,21197e-02	  1,10765e-01
4763	  9,5240000000e+03	 -6,11054e-02	  1,12332e-01
4764	  9,5260000000e+03	 -5,82506e-02	  1,12798e-01
4765	  9,5280000000e+03	 -5,64844e-02	  1,13809e-01
4766	  9,5300000000e+03	 -5,48491e-02	  1,14774e-01
4767	  9,5320000000e+03	 -5,48677e-02	  1,16401e-01
4768	  9,5340000000e+03	 -5,30593e-02	  1,17788e-01
4769	  9,5360000000e+03	 -5,19175e-02	  1,19092e-01
4770	  9,5380000000e+03	 -4,97641e-02	  1,19826e-01
4771	  9,5400000000e+03	 -4,84463e-02	  1,19210e-01
4772	  9,5420000000e+03	 -4,71576e-02	  1,19692e-01
4773	  9,5440000000e+03	 -4,55026e-02	  1,20333e-01
4774	  9,5460000000e+03	 -4,40552e-02	  1,21863e-01
4775	  9,5480000000e+03	 -4,28518e-02	  1,20551e-01
4776	  9,5500000000e+03	 -4,15154e-02	  1,20942e-01
4777	  9,5520000000e+03	 -3,81683e-02	  1,24935e-01
4778	  9,5540000000e+03	 -3,95205e-02	  1,27718e-01
4779	  9,5560000000e+03	 -3,70169e-02	  1,27285e-01
4780	  9,5580000000e+03	 -3,58965e-02	  1,28585e-01
4781	  9,5600000000e+03	 -3,16184e-02	  1,32333e-01
4782	  9,5620000000e+03	 -2,97743e-02	  1,33286e-01
4783	  9,5640000000e+03	 -2,70012e-02	  1,32267e-01
4784	  9,5660000000e+03	 -2,63708e-02	  1,35041e-01
4785	  9,5680000000e+03	 -2,36368e-02	  1,35264e-01
4786	  9,5700000000e+03	 -1,92266e-02	  1,34082e-01
4787	  9,5720000000e+03	 -1,69537e-02	  1,37715e-01
4788	  9,5740000000e+03	 -1,41663e-02	  1,36986e-01
4789	  9,5760000000e+03	 -1,02635e-02	  1,36197e-01
4790	  9,5780000000e+03	 -8,42982e-03	  1,37254e-01
4791	  9,5800000000e+03	 -8,11601e-03	  1,36627e-01
4792	  9,5820000000e+03	 -6,28229e-03	  1,33757e-01
4793	  9,5840000000e+03	 -1,63120e-03	  1,32974e-01
4794	  9,5860000000e+03	 -2,21268e-03	  1,34997e-01
4795	  9,5880000000e+03	 -1,46307e-03	  1,34161e-01
4796	  9,5900000000e+03	  1,03588e-03	  1,33914e-01
4797	  9,5920000000e+03	  4,23225e-03	  1,33931e-01
4798	  9,5940000000e+03	  7,44265e-03	  1,33725e-01
4799	  9,5960000000e+03	  7,53240e-03	  1,32986e-01
4800	  9,5980000000e+03	  9,85683e-03	  1,31947e-01
4801	  9,6000000000e+03	  1,36163e-02	  1,31797e-01
4802	  9,6020000000e+03	  1,57647e-02	  1,32293e-01
4803	  9,6040000000e+03	  1,70499e-02	  1,33140e-01
4804	  9,6060000000e+03	  1,72733e-02	  1,32343e-01
4805	  9,6080000000e+03	  2,05915e-02	  1,31822e-01
4806	  9,6100000000e+03	  2,18456e-02	  1,30336e-01
4807	  9,6120000000e+03	  2,26326e-02	  1,29126e-01
4808	  9,6140000000e+03	  2,68323e-02	  1,31857e-01
4809	  9,6160000000e+03	  2,89798e-02	  1,31582e-01
4810	  9,6180000000e+03	  2,99269e-02	  1,29355e-01
4811	  9,6200000000e+03	  3,35492e-02	  1,26691e-01
4812	  9,6220000000e+03	  3,42697e-02	  1,26524e-01
4813	  9,6240000000e+03	  3,34966e-02	  1,27457e-01
4814	  9,6260000000e+03	  3,63891e-02	  1,28543e-01
4815	  9,6280000000e+03	  3,91948e-02	  1,28454e-01
4816	  9,6300000000e+03	  4,00497e-02	  1,26992e-01
4817	  9,6320000000e+03	  4,24608e-02	  1,24555e-01
4818	  9,6340000000e+03	  4,53164e-02	  1,25835e-01
4819	  9,6360000000e+03	  4,88786e-02	  1,27881e-01
4820	  9,6380000000e+03	  4,97476e-02	  1,25932e-01
4821	  9,6400000000e+03	  4,88325e-02	  1,24764e-01
4822	  9,6420000000e+03	  5,04407e-02	  1,25627e-01
4823	  9,6440000000e+03	  5,30605e-02	  1,25594e-01
4824	  9,6460000000e+03	  5,40957e-02	  1,21768e-01
4825	  9,6480000000e+03	  5,74794e-02	  1,21083e-01
4826	  9,6500000000e+03	  6,05312e-02	  1,19322e-01
4827	  9,6520000000e+03	  6,18089e-02	  1,18415e-01
4828	  9,6540000000e+03	  6,56879e-02	  1,16995e-01
4829	  9,6560000000e+03	  6,66494e-02	  1,14971e-01
4830	  9,6580000000e+03	  6,79336e-02	  1,13037e-01
4831	  9,6600000000e+03	  7,00586e-02	  1,14422e-01
4832	  9,6620000000e+03	  6,98068e-02	  1,15427e-01
4833	  9,6640000000e+03	  7,28777e-02	  1,14927e-01
4834	  9,6660000000e+03	  7,33368e-02	  1,12247e-01
4835	  9,6680000000e+03	  7,50315e-02	  1,08105e-01
4836	  9,6700000000e+03	  7,65238e-02	  1,08291e-01
4837	  9,6720000000e+03	  7,65251e-02	  1,05238e-01
4838	  9,6740000000e+03	  7,48856e-02	  1,03895e-01
4839	  9,6760000000e+03	  7,74476e-02	  1,01692e-01
4840	  9,6780000000e+03	  7,84471e-02	  1,00717e-01
4841	  9,6800000000e+03	  7,99630e-02	  1,00576e-01
4842	  9,6820000000e+03	  7,86393e-02	  9,98415e-02
4843	  9,6840000000e+03	  7,92402e-02	  1,00258e-01
4844	  9,6860000000e+03	  8,17155e-02	  9,84755e-02
4845	  9,6880000000e+03	  8,34266e-02	  9,66894e-02
4846	  9,6900000000e+03	  8,46025e-02	  9,60596e-02
4847	  9,6920000000e+03	  8,79420e-02	  9,44329e-02
4848	  9,6940000000e+03	  9,23315e-02	  9,39033e-02
4849	  9,6960000000e+03	  9,29812e-02	  9,34019e-02
4850	  9,6980000000e+03	  9,02137e-02	  8,96831e-02
4851	  9,7000000000e+03	  9,09995e-02	  8,87013e-02
4852	  9,7020000000e+03	  9,20835e-02	  8,90734e-02
4853	  9,7040000000e+03	  9,24147e-02	  8,89339e-02
4854	  9,7060000000e+03	  9,40329e-02	  8,53668e-02
4855	  9,7080000000e+03	  9,53868e-02	  8,34227e-02
4856	  9,7100000000e+03	  9,82203e-02	  8,03031e-02
4857	  9,7120000000e+03	  9,76533e-02	  7,79696e-02
4858	  9,7140000000e+03	  9,81635e-02	  7,67841e-02
4859	  9,7160000000e+03	  9,93439e-02	  7,61686e-02
4860	  9,7180000000e+03	  1,01561e-01	  7,55800e-02
4861	  9,7200000000e+03	  1,00952e-01	  7,38135e-02
4862	  9,7220000000e+03	  9,87870e-02	  7,46195e-02
4863	  9,7240000000e+03	  9,98572e-02	  7,37245e-02
4864	  9,7260000000e+03	  1,02848e-01	  7,16846e-02
4865	  9,7280000000e+03	  1,03796e-01	  7,01294e-02
4866	  9,7300000000e+03	  1,01566e-01	  7,04647e-02
4867	  9,7320000000e+03	  1,02628e-01	  6,81076e-02
4868	  9,7340000000e+03	  1,03350e-01	  6,82364e-02
4869	  9,7360000000e+03	  1,03449e-01	  6,69917e-02
4870	  9,7380000000e+03	  1,06505e-01	  6,52422e-02
4871	  9,7400000000e+03	  1,09011e-01	  6,43601e-02
4872	  9,7420000000e+03	  1,06422e-01	  6,41132e-02
4873	  9,7440000000e+03	  1,07054e-01	  6,34514e-02
4874	  9,7460000000e+03	  1,09284e-01	  5,97931e-02
4875	  9,7480000000e+03	  1,09814e-01	  5,94559e-02
4876	  9,7500000000e+03	  1,08995e-01	  5,89932e-02
4877	  9,7520000000e+03	  1,12420e-01	  5,74800e-02
4878	  9,7540000000e+03	  1,14121e-01	  5,60827e-02
4879	  9,7560000000e+03	  1,15852e-01	  5,51117e-02
4880	  9,7580000000e+03	  1,17252e-01	  5,44745e-02
4881	  9,7600000000e+03	  1,17358e-01	  5,21224e-02
4882	  9,7620000000e+03	  1,16876e-01	  4,88828e-02
4883	  9,7640000000e+03	  1,17437e-01	  4,67156e-02
4884	  9,7660000000e+03	  1,17402e-01	  4,52967e-02
4885	  9,7680000000e+03	  1,17735e-01	  4,52426e-02
4886	  9,7700000000e+03	  1,18477e-01	  4,23437e-02
4887	  9,7720000000e+03	  1,20045e-01	  3,95274e-02
4888	  9,7740000000e+03	  1,20394e-01	  4,03711e-02
4889	  9,7760000000e+03	  1,20090e-01	  4,03591e-02
4890	  9,7780000000e+03	  1,20000e-01	  3,75956e-02
4891	  9,7800000000e+03	  1,20255e-01	  3,69604e-02
4892	  9,7820000000e+03	  1,19851e-01	  3,55896e-02
4893	  9,7840000000e+03	  1,20485e-01	  3,38498e-02
4894	  9,7860000000e+03	  1,21098e-01	  3,30623e-02
4895	  9,7880000000e+03	  1,19827e-01	  3,28206e-02
4896	  9,7900000000e+03	  1,19426e-01	  2,99069e-02
4897	  9,7920000000e+03	  1,19730e-01	  2,94175e-02
4898	  9,7940000000e+03	  1,22727e-01	  2,85300e-02
4899	  9,7960000000e+03	  1,23866e-01	  2,64137e-02
4900	  9,7980000000e+03	  1,24692e-01	  2,46560e-02
4901	  9,8000000000e+03	  1,22099e-01	  2,09588e-02
4902	  9,8020000000e+03	  1,23357e-01	  2,09381e-02
4903	  9,8040000000e+03	  1,22815e-01	  2,20424e-02
4904	  9,8060000000e+03	  1,23331e-01	  1,92574e-02
4905	  9,8080000000e+03	  1,24165e-01	  1,82060e-02
4906	  9,8100000000e+03	  1,23274e-01	  1,44746e-02
4907	  9,8120000000e+03	  1,22849e-01	  1,49267e-02
4908	  9,8140000000e+03	  1,26283e-01	  1,17951e-02
4909	  9,8160000000e+03	  1,27066e-01	  1,02168e-02
4910	  9,8180000000e+03	  1,24621e-01	  9,36184e-03
4911	  9,8200000000e+03	  1,23387e-01	  8,09981e-03
4912	  9,8220000000e+03	  1,23633e-01	  8,04330e-03
4913	  9,8240000000e+03	  1,24002e-01	  7,19135e-03
4914	  9,8260000000e+03	  1,23881e-01	  4,75912e-03
4915	  9,8280000000e+03	  1,23108e-01	  4,24489e-03
4916	  9,8300000000e+03	  1,23753e-01	  2,88812e-03
4917	  9,8320000000e+03	  1,26111e-01	  2,43148e-03
4918	  9,8340000000e+03	  1,26558e-01	  4,48657e-04
4919	  9,8360000000e+03	  1,27863e-01	 -6,06183e-04
4920	  9,8380000000e+03	  1,25896e-01	 -1,83515e-03
4921	  9,8400000000e+03	  1,27014e-01	 -1,58540e-03
4922	  9,8420000000e+03	  1,30027e-01	 -2,57164e-03
4923	  9,8440000000e+03	  1,26618e-01	 -1,80944e-03
4924	  9,8460000000e+03	  1,25953e-01	 -4,47001e-03
4925	  9,8480000000e+03	  1,25720e-01	 -9,05213e-03
4926	  9,8500000000e+03	  1,26399e-01	 -1,02570e-02
4927	  9,8520000000e+03	  1,28058e-01	 -9,33244e-03
4928	  9,8540000000e+03	  1,29695e-01	 -9,58287e-03
4929	  9,8560000000e+03	  1,30564e-01	 -1,16992e-02
4930	  9,8580000000e+03	  1,28503e-01	 -1,41228e-02
4931	  9,8600000000e+03	  1,29191e-01	 -1,57613e-02
4932	  9,8620000000e+03	  1,28900e-01	 -1,79069e-02
4933	  9,8640000000e+03	  1,27241e-01	 -1,91946e-02
4934	  9,8660000000e+03	  1,28302e-01	 -2,21931e-02
4935	  9,8680000000e+03	  1,28507e-01	 -2,22793e-02
4936	  9,8700000000e+03	  1,27735e-01	 -2,53309e-02
4937	  9,8720000000e+03	  1,27413e-01	 -2,71444e-02
4938	  9,8740000000e+03	  1,28715e-01	 -2,86804e-02
4939	  9,8760000000e+03	  1,27884e-01	 -2,88326e-02
4940	  9,8780000000e+03	  1,26382e-01	 -2,97625e-02
4941	  9,8800000000e+03	  1,29748e-01	 -3,21846e-02
4942	  9,8820000000e+03	  1,29473e-01	 -3,25134e-02
4943	  9,8840000000e+03	  1,26061e-01	 -3,44281e-02
4944	  9,8860000000e+03	  1,24235e-01	 -3,66405e-02
4945	  9,8880000000e+03	  1,24703e-01	 -3,78032e-02
4946	  9,8900000000e+03	  1,26664e-01	 -3,77525e-02
4947	  9,8920000000e+03	  1,24796e-01	 -3,86364e-02
4948	  9,8940000000e+03	  1,22775e-01	 -4,00524e-02
4949	  9,8960000000e+03	  1,21051e-01	 -4,28472e-02
4950	  9,8980000000e+03	  1,22278e-01	 -4,52972e-02
4951	  9,9000000000e+03	  1,23932e-01	 -4,47478e-02
4952	  9,9020000000e+03	  1,24096e-01	 -4,56145e-02
4953	  9,9040000000e+03	  1,23752e-01	 -4,79217e-02
4954	  9,9060000000e+03	  1,21200e-01	 -4,83106e-02
4955	  9,9080000000e+03	  1,22138e-01	 -4,92150e-02
4956	  9,9100000000e+03	  1,25061e-01	 -5,07638e-02
4957	  9,9120000000e+03	  1,22030e-01	 -5,22646e-02
4958	  9,9140000000e+03	  1,23309e-01	 -5,42110e-02
4959	  9,9160000000e+03	  1,24355e-01	 -5,56961e-02
4960	  9,9180000000e+03	  1,23090e-01	 -5,54996e-02
4961	  9,9200000000e+03	  1,22505e-01	 -5,76390e-02
4962	  9,9220000000e+03	  1,23041e-01	 -5,90288e-02
4963	  9,9240000000e+03	  1,22143e-01	 -6,23545e-02
4964	  9,9260000000e+03	  1,22799e-01	 -6,50190e-02
4965	  9,9280000000e+03	  1,20069e-01	 -6,54629e-02
4966	  9,9300000000e+03	  1,19801e-01	 -6,75663e-02
4967	  9,9320000000e+03	  1,19403e-01	 -6,99328e-02
4968	  9,9340000000e+03	  1,18858e-01	 -7,30287e-02
4969	  9,9360000000e+03	  1,17463e-01	 -7,41158e-02
4970	  9,9380000000e+03	  1,17494e-01	 -7,47028e-02
4971	  9,9400000000e+03	  1,17547e-01	 -7,40603e-02
4972	  9,9420000000e+03	  1,17793e-01	 -7,53422e-02
4973	  9,9440000000e+03	  1,19588e-01	 -7,69050e-02
4974	  9,9460000000e+03	  1,18512e-01	 -7,65091e-02
4975	  9,9480000000e+03	  1,18955e-01	 -7,97518e-02
4976	  9,9500000000e+03	  1,17981e-01	 -8,05948e-02
4977	  9,9520000000e+03	  1,15988e-01	 -8,32822e-02
4978	  9,9540000000e+03	  1,15310e-01	 -8,45061e-02
4979	  9,9560000000e+03	  1,18081e-01	 -8,42196e-02
4980	  9,9580000000e+03	  1,18365e-01	 -8,69026e-02
4981	  9,9600000000e+03	  1,15130e-01	 -8,95989e-02
4982	  9,9620000000e+03	  1,15418e-01	 -9,07317e-02
4983	  9,9640000000e+03	  1,17102e-01	 -9,07064e-02
4984	  9,9660000000e+03	  1,14357e-01	 -9,31971e-02
4985	  9,9680000000e+03	  1,14466e-01	 -9,67127e-02
4986	  9,9700000000e+03	  1,15541e-01	 -9,83245e-02
4987	  9,9720000000e+03	  1,14052e-01	 -9,99093e-02
4988	  9,9740000000e+03	  1,15417e-01	 -1,01969e-01
4989	  9,9760000000e+03	  1,18456e-01	 -1,03831e-01
4990	  9,9780000000e+03	  1,14270e-01	 -1,05048e-01
4991	  9,9800000000e+03	  1,10616e-01	 -1,06857e-01
4992	  9,9820000000e+03	  1,11803e-01	 -1,12197e-01
4993	  9,9840000000e+03	  1,12347e-01	 -1,16099e-01
4994	  9,9860000000e+03	  1,08549e-01	 -1,16184e-01
4995	  9,9880000000e+03	  1,10797e-01	 -1,17631e-01
4996	  9,9900000000e+03	  1,08327e-01	 -1,20046e-01
4997	  9,9920000000e+03	  1,06171e-01	 -1,24962e-01
4998	  9,9940000000e+03	  1,06399e-01	 -1,26529e-01
4999	  9,9960000000e+03	  1,05172e-01	 -1,29463e-01
5000	  9,9980000000e+03	  1,01757e-01	 -1,34319e-01
5001	  1,0000000000e+04	  1,01917e-01	 -1,36926e-01
5002	  1,0002000000e+04	  1,01251e-01	 -1,37687e-01
5003	  1,0004000000e+04	  9,90332e-02	 -1,37906e-01
5004	  1,0006000000e+04	  9,68055e-02	 -1,38957e-01
5005	  1,0008000000e+04	  9,44794e-02	 -1,40956e-01
5006	  1,0010000000e+04	  9,22982e-02	 -1,42569e-01
5007	  1,0012000000e+04	  9,11663e-02	 -1,46810e-01
5008	  1,0014000000e+04	  8,95999e-02	 -1,51274e-01
5009	  1,0016000000e+04	  8,72285e-02	 -1,54628e-01
5010	  1,0018000000e+04	  8,22767e-02	 -1,54943e-01
5011	  1,0020000000e+04	  7,89094e-02	 -1,57375e-01
5012	  1,0022000000e+04	  7,64774e-02	 -1,60569e-01
5013	  1,0024000000e+04	  7,54017e-02	 -1,61823e-01
5014	  1,0026000000e+04	  7,12243e-02	 -1,61284e-01
5015	  1,0028000000e+04	  6,98123e-02	 -1,61156e-01
5016	  1,0030000000e+04	  6,75607e-02	 -1,62396e-01
5017	  1,0032000000e+04	  6,51495e-02	 -1,64270e-01
5018	  1,0034000000e+04	  6,36185e-02	 -1,66888e-01
5019	  1,0036000000e+04	  6,23428e-02	 -1,68503e-01
5020	  1,0038000000e+04	  5,81353e-02	 -1,67488e-01
5021	  1,0040000000e+04	  5,45863e-02	 -1,67522e-01
5022	  1,0042000000e+04	  5,31080e-02	 -1,71409e-01
5023	  1,0044000000e+04	  4,93642e-02	 -1,72299e-01
5024	  1,0046000000e+04	  4,61554e-02	 -1,72185e-01
5025	  1,0048000000e+04	  4,40363e-02	 -1,74899e-01
5026	  1,0050000000e+04	  4,19283e-02	 -1,75337e-01
5027	  1,0052000000e+04	  4,10205e-02	 -1,71857e-01
5028	  1,0054000000e+04	  3,77396e-02	 -1,73067e-01
5029	  1,0056000000e+04	  3,46692e-02	 -1,76494e-01
5030	  1,0058000000e+04	  3,13174e-02	 -1,78382e-01
5031	  1,0060000000e+04	  3,05242e-02	 -1,78925e-01
5032	  1,0062000000e+04	  2,71479e-02	 -1,78038e-01
5033	  1,0064000000e+04	  2,57994e-02	 -1,74759e-01
5034	  1,0066000000e+04	  2,37557e-02	 -1,77390e-01
5035	  1,0068000000e+04	  2,25931e-02	 -1,80027e-01
5036	  1,0070000000e+04	  2,24709e-02	 -1,81887e-01
5037	  1,0072000000e+04	  2,10553e-02	 -1,80878e-01
5038	  1,0074000000e+04	  1,68513e-02	 -1,83318e-01
5039	  1,0076000000e+04	  1,19618e-02	 -1,86137e-01
5040	  1,0078000000e+04	  1,02647e-02	 -1,88814e-01
5041	  1,0080000000e+04	  6,66309e-03	 -1,87903e-01
5042	  1,0082000000e+04	  4,65771e-03	 -1,86200e-01
5043	  1,0084000000e+04	  7,85566e-04	 -1,86990e-01
5044	  1,0086000000e+04	 -2,88722e-03	 -1,86434e-01
5045	  1,0088000000e+04	 -7,12786e-03	 -1,87450e-01
5046	  1,0090000000e+04	 -9,93080e-03	 -1,89328e-01
5047	  1,0092000000e+04	 -1,21392e-02	 -1,92215e-01
5048	  1,0094000000e+04	 -1,59126e-02	 -1,91648e-01
5049	  1,0096000000e+04	 -1,79651e-02	 -1,90652e-01
5050	  1,0098000000e+04	 -2,14566e-02	 -1,89197e-01
5051	  1,0100000000e+04	 -2,40384e-02	 -1,89274e-01
5052	  1,0102000000e+04	 -2,66013e-02	 -1,89041e-01
5053	  1,0104000000e+04	 -3,22695e-02	 -1,89332e-01
5054	  1,0106000000e+04	 -3,36364e-02	 -1,88621e-01
5055	  1,0108000000e+04	 -3,72481e-02	 -1,87729e-01
5056	  1,0110000000e+04	 -3,93352e-02	 -1,89001e-01
5057	  1,0112000000e+04	 -4,09264e-02	 -1,86537e-01
5058	  1,0114000000e+04	 -4,60295e-02	 -1,86097e-01
5059	  1,0116000000e+04	 -4,98744e-02	 -1,86311e-01
5060	  1,0118000000e+04	 -5,22494e-02	 -1,85260e-01
5061	  1,0120000000e+04	 -5,34469e-02	 -1,85739e-01
5062	  1,0122000000e+04	 -5,67753e-02	 -1,86228e-01
5063	  1,0124000000e+04	 -6,00653e-02	 -1,84114e-01
5064	  1,0126000000e+04	 -6,23259e-02	 -1,82499e-01
5065	  1,0128000000e+04	 -6,39052e-02	 -1,82084e-01
5066	  1,0130000000e+04	 -6,53005e-02	 -1,80766e-01
5067	  1,0132000000e+04	 -6,73643e-02	 -1,79514e-01
5068	  1,0134000000e+04	 -7,13945e-02	 -1,81308e-01
5069	  1,0136000000e+04	 -7,50867e-02	 -1,79387e-01
5070	  1,0138000000e+04	 -7,94825e-02	 -1,77779e-01
5071	  1,0140000000e+04	 -8,02327e-02	 -1,80960e-01
5072	  1,0142000000e+04	 -8,17726e-02	 -1,80773e-01
5073	  1,0144000000e+04	 -8,52963e-02	 -1,76024e-01
5074	  1,0146000000e+04	 -9,07298e-02	 -1,73856e-01
5075	  1,0148000000e+04	 -9,23882e-02	 -1,74138e-01
5076	  1,0150000000e+04	 -9,23833e-02	 -1,75763e-01
5077	  1,0152000000e+04	 -9,59695e-02	 -1,73433e-01
5078	  1,0154000000e+04	 -1,01346e-01	 -1,70007e-01
5079	  1,0156000000e+04	 -1,01422e-01	 -1,71412e-01
5080	  1,0158000000e+04	 -1,04604e-01	 -1,70604e-01
5081	  1,0160000000e+04	 -1,07031e-01	 -1,69075e-01
5082	  1,0162000000e+04	 -1,13501e-01	 -1,67196e-01
5083	  1,0164000000e+04	 -1,15889e-01	 -1,64500e-01
5084	  1,0166000000e+04	 -1,16910e-01	 -1,61859e-01
5085	  1,0168000000e+04	 -1,18602e-01	 -1,58979e-01
5086	  1,0170000000e+04	 -1,20208e-01	 -1,60203e-01
5087	  1,0172000000e+04	 -1,22833e-01	 -1,61956e-01
5088	  1,0174000000e+04	 -1,25370e-01	 -1,57989e-01
5089	  1,0176000000e+04	 -1,27058e-01	 -1,56007e-01
5090	  1,0178000000e+04	 -1,29451e-01	 -1,56471e-01
5091	  1,0180000000e+04	 -1,33689e-01	 -1,55160e-01
5092	  1,0182000000e+04	 -1,35264e-01	 -1,52841e-01
5093	  1,0184000000e+04	 -1,38993e-01	 -1,52353e-01
5094	  1,0186000000e+04	 -1,40750e-01	 -1,49141e-01
5095	  1,0188000000e+04	 -1,43310e-01	 -1,48603e-01
5096	  1,0190000000e+04	 -1,43277e-01	 -1,47353e-01
5097	  1,0192000000e+04	 -1,48897e-01	 -1,45450e-01
5098	  1,0194000000e+04	 -1,51239e-01	 -1,43010e-01
5099	  1,0196000000e+04	 -1,50714e-01	 -1,41351e-01
5100	  1,0198000000e+04	 -1,54098e-01	 -1,38036e-01
5101	  1,0200000000e+04	 -1,59957e-01	 -1,34079e-01
5102	  1,0202000000e+04	 -1,62483e-01	 -1,31321e-01
5103	  1,0204000000e+04	 -1,66458e-01	 -1,29407e-01
5104	  1,0206000000e+04	 -1,67399e-01	 -1,29938e-01
5105	  1,0208000000e+04	 -1,69136e-01	 -1,28079e-01
5106	  1,0210000000e+04	 -1,71968e-01	 -1,23596e-01
5107	  1,0212000000e+04	 -1,74487e-01	 -1,22925e-01
5108	  1,0214000000e+04	 -1,78343e-01	 -1,20513e-01
5109	  1,0216000000e+04	 -1,81176e-01	 -1,15630e-01
5110	  1,0218000000e+04	 -1,82524e-01	 -1,13325e-01
5111	  1,0220000000e+04	 -1,86128e-01	 -1,09234e-01
5112	  1,0222000000e+04	 -1,87876e-01	 -1,08047e-01
5113	  1,0224000000e+04	 -1,88408e-01	 -1,05503e-01
5114	  1,0226000000e+04	 -1,90799e-01	 -9,95797e-02
5115	  1,0228000000e+04	 -1,92498e-01	 -9,91139e-02
5116	  1,0230000000e+04	 -1,94337e-01	 -9,87238e-02
5117	  1,0232000000e+04	 -1,96080e-01	 -9,29361e-02
5118	  1,0234000000e+04	 -1,98242e-01	 -8,81342e-02
5119	  1,0236000000e+04	 -2,01786e-01	 -8,52011e-02
5120	  1,0238000000e+04	 -2,02882e-01	 -8,13274e-02
5121	  1,0240000000e+04	 -2,03792e-01	 -7,95253e-02
5122	  1,0242000000e+04	 -2,05575e-01	 -7,80423e-02
5123	  1,0244000000e+04	 -2,05342e-01	 -7,49812e-02
5124	  1,0246000000e+04	 -2,07222e-01	 -7,06079e-02
5125	  1,0248000000e+04	 -2,09131e-01	 -6,53196e-02
5126	  1,0250000000e+04	 -2,08783e-01	 -6,13285e-02
5127	  1,0252000000e+04	 -2,07601e-01	 -5,70903e-02
5128	  1,0254000000e+04	 -2,07347e-01	 -5,43798e-02
5129	  1,0256000000e+04	 -2,10223e-01	 -5,08562e-02
5130	  1,0258000000e+04	 -2,10836e-01	 -4,62452e-02
5131	  1,0260000000e+04	 -2,09360e-01	 -4,45316e-02
5132	  1,0262000000e+04	 -2,10611e-01	 -4,49234e-02
5133	  1,0264000000e+04	 -2,11058e-01	 -4,21922e-02
5134	  1,0266000000e+04	 -2,12996e-01	 -3,70435e-02
5135	  1,0268000000e+04	 -2,13608e-01	 -3,57802e-02
5136	  1,0270000000e+04	 -2,13505e-01	 -3,32409e-02
5137	  1,0272000000e+04	 -2,13150e-01	 -2,74184e-02
5138	  1,0274000000e+04	 -2,14002e-01	 -2,41900e-02
5139	  1,0276000000e+04	 -2,15936e-01	 -2,02979e-02
5140	  1,0278000000e+04	 -2,20650e-01	 -1,84303e-02
5141	  1,0280000000e+04	 -2,20843e-01	 -1,60913e-02
5142	  1,0282000000e+04	 -2,18798e-01	 -1,20073e-02
5143	  1,0284000000e+04	 -2,20121e-01	 -7,39476e-03
5144	  1,0286000000e+04	 -2,21444e-01	 -3,68252e-03
5145	  1,0288000000e+04	 -2,20355e-01	 -1,50929e-03
5146	  1,0290000000e+04	 -2,19407e-01	  1,77090e-03
5147	  1,0292000000e+04	 -2,20002e-01	  6,14436e-03
5148	  1,0294000000e+04	 -2,21007e-01	  1,23298e-02
5149	  1,0296000000e+04	 -2,21274e-01	  1,57674e-02
5150	  1,0298000000e+04	 -2,19799e-01	  2,10722e-02
5151	  1,0300000000e+04	 -2,20490e-01	  2,59818e-02
5152	  1,0302000000e+04	 -2,22080e-01	  2,92908e-02
5153	  1,0304000000e+04	 -2,19360e-01	  3,15864e-02
5154	  1,0306000000e+04	 -2,17812e-01	  3,38155e-02
5155	  1,0308000000e+04	 -2,17967e-01	  3,54773e-02
5156	  1,0310000000e+04	 -2,17527e-01	  4,00399e-02
5157	  1,0312000000e+04	 -2,15542e-01	  4,46593e-02
5158	  1,0314000000e+04	 -2,14052e-01	  4,89946e-02
5159	  1,0316000000e+04	 -2,12118e-01	  5,26809e-02
5160	  1,0318000000e+04	 -2,11575e-01	  5,60266e-02
5161	  1,0320000000e+04	 -2,13113e-01	  5,50744e-02
5162	  1,0322000000e+04	 -2,12042e-01	  5,73280e-02
5163	  1,0324000000e+04	 -2,09249e-01	  6,31699e-02
5164	  1,0326000000e+04	 -2,09154e-01	  6,77643e-02
5165	  1,0328000000e+04	 -2,06893e-01	  6,88145e-02
5166	  1,0330000000e+04	 -2,09019e-01	  7,16276e-02
5167	  1,0332000000e+04	 -2,07931e-01	  7,46534e-02
5168	  1,0334000000e+04	 -2,04510e-01	  7,91194e-02
5169	  1,0336000000e+04	 -2,02332e-01	  8,06449e-02
5170	  1,0338000000e+04	 -2,03705e-01	  8,38378e-02
5171	  1,0340000000e+04	 -2,02446e-01	  8,81309e-02
5172	  1,0342000000e+04	 -2,00759e-01	  9,35658e-02
5173	  1,0344000000e+04	 -2,02384e-01	  9,53020e-02
5174	  1,0346000000e+04	 -2,01636e-01	  9,68043e-02
5175	  1,0348000000e+04	 -1,98655e-01	  9,93451e-02
5176	  1,0350000000e+04	 -1,96259e-01	  1,03435e-01
5177	  1,0352000000e+04	 -1,93888e-01	  1,09376e-01
5178	  1,0354000000e+04	 -1,93383e-01	  1,16489e-01
5179	  1,0356000000e+04	 -1,92611e-01	  1,21586e-01
5180	  1,0358000000e+04	 -1,90911e-01	  1,22851e-01
5181	  1,0360000000e+04	 -1,89478e-01	  1,23348e-01
5182	  1,0362000000e+04	 -1,87660e-01	  1,26695e-01
5183	  1,0364000000e+04	 -1,85345e-01	  1,33344e-01
5184	  1,0366000000e+04	 -1,81664e-01	  1,37471e-01
5185	  1,0368000000e+04	 -1,79802e-01	  1,37835e-01
5186	  1,0370000000e+04	 -1,76829e-01	  1,38126e-01
5187	  1,0372000000e+04	 -1,73853e-01	  1,41493e-01
5188	  1,0374000000e+04	 -1,71993e-01	  1,47522e-01
5189	  1,0376000000e+04	 -1,69338e-01	  1,51046e-01
5190	  1,0378000000e+04	 -1,64322e-01	  1,53772e-01
5191	  1,0380000000e+04	 -1,61337e-01	  1,55718e-01
5192	  1,0382000000e+04	 -1,58372e-01	  1,57834e-01
5193	  1,0384000000e+04	 -1,55484e-01	  1,60433e-01
5194	  1,0386000000e+04	 -1,51443e-01	  1,63436e-01
5195	  1,0388000000e+04	 -1,48477e-01	  1,66245e-01
5196	  1,0390000000e+04	 -1,47112e-01	  1,67833e-01
5197	  1,0392000000e+04	 -1,43928e-01	  1,71406e-01
5198	  1,0394000000e+04	 -1,39874e-01	  1,72615e-01
5199	  1,0396000000e+04	 -1,37036e-01	  1,72711e-01
5200	  1,0398000000e+04	 -1,35904e-01	  1,78329e-01
5201	  1,0400000000e+04	 -1,31987e-01	  1,79703e-01
5202	  1,0402000000e+04	 -1,26045e-01	  1,79656e-01
5203	  1,0404000000e+04	 -1,24498e-01	  1,82126e-01
5204	  1,0406000000e+04	 -1,23478e-01	  1,83938e-01
5205	  1,0408000000e+04	 -1,20549e-01	  1,85996e-01
5206	  1,0410000000e+04	 -1,16293e-01	  1,86700e-01
5207	  1,0412000000e+04	 -1,14161e-01	  1,87924e-01
5208	  1,0414000000e+04	 -1,13987e-01	  1,90952e-01
5209	  1,0416000000e+04	 -1,06451e-01	  1,93123e-01
5210	  1,0418000000e+04	 -1,01573e-01	  1,94043e-01
5211	  1,0420000000e+04	 -9,82842e-02	  1,95079e-01
5212	  1,0422000000e+04	 -9,47582e-02	  1,95614e-01
5213	  1,0424000000e+04	 -9,04435e-02	  1,96357e-01
5214	  1,0426000000e+04	 -8,92328e-02	  1,97315e-01
5215	  1,0428000000e+04	 -8,81664e-02	  1,99656e-01
5216	  1,0430000000e+04	 -8,33145e-02	  2,00115e-01
5217	  1,0432000000e+04	 -8,02093e-02	  1,99317e-01
5218	  1,0434000000e+04	 -7,61465e-02	  2,01677e-01
5219	  1,0436000000e+04	 -7,34903e-02	  2,04997e-01
5220	  1,0438000000e+04	 -6,79016e-02	  2,03943e-01
5221	  1,0440000000e+04	 -6,44697e-02	  2,01509e-01
5222	  1,0442000000e+04	 -6,14936e-02	  2,03600e-01
5223	  1,0444000000e+04	 -6,03693e-02	  2,03619e-01
5224	  1,0446000000e+04	 -5,74247e-02	  2,04443e-01
5225	  1,0448000000e+04	 -5,35787e-02	  2,07640e-01
5226	  1,0450000000e+04	 -4,82685e-02	  2,09363e-01
5227	  1,0452000000e+04	 -4,58620e-02	  2,10021e-01
5228	  1,0454000000e+04	 -3,97797e-02	  2,12597e-01
5229	  1,0456000000e+04	 -3,73418e-02	  2,15402e-01
5230	  1,0458000000e+04	 -3,67487e-02	  2,14236e-01
5231	  1,0460000000e+04	 -3,14136e-02	  2,12513e-01
5232	  1,0462000000e+04	 -2,51134e-02	  2,12439e-01
5233	  1,0464000000e+04	 -2,36241e-02	  2,14414e-01
5234	  1,0466000000e+04	 -1,68442e-02	  2,14879e-01
5235	  1,0468000000e+04	 -1,32970e-02	  2,14226e-01
5236	  1,0470000000e+04	 -8,62442e-03	  2,13602e-01
5237	  1,0472000000e+04	 -4,30232e-03	  2,11794e-01
5238	  1,0474000000e+04	 -2,47381e-03	  2,13971e-01
5239	  1,0476000000e+04	  4,06528e-03	  2,16079e-01
5240	  1,0478000000e+04	  8,71114e-03	  2,14171e-01
5241	  1,0480000000e+04	  1,30493e-02	  2,10946e-01
5242	  1,0482000000e+04	  1,69521e-02	  2,08814e-01
5243	  1,0484000000e+04	  1,96244e-02	  2,05467e-01
5244	  1,0486000000e+04	  2,29829e-02	  2,04240e-01
5245	  1,0488000000e+04	  2,70516e-02	  2,05078e-01
5246	  1,0490000000e+04	  2,80959e-02	  2,02117e-01
5247	  1,0492000000e+04	  2,97356e-02	  2,00476e-01
5248	  1,0494000000e+04	  3,50090e-02	  1,97605e-01
5249	  1,0496000000e+04	  3,83572e-02	  1,97910e-01
5250	  1,0498000000e+04	  4,12163e-02	  1,97044e-01
5251	  1,0500000000e+04	  4,50798e-02	  1,95464e-01
5252	  1,0502000000e+04	  4,50946e-02	  1,92331e-01
5253	  1,0504000000e+04	  5,00367e-02	  1,88555e-01
5254	  1,0506000000e+04	  5,56483e-02	  1,87356e-01
5255	  1,0508000000e+04	  5,72519e-02	  1,87207e-01
5256	  1,0510000000e+04	  6,00662e-02	  1,87933e-01
5257	  1,0512000000e+04	  6,26033e-02	  1,85841e-01
5258	  1,0514000000e+04	  6,45141e-02	  1,83014e-01
5259	  1,0516000000e+04	  6,53236e-02	  1,80212e-01
5260	  1,0518000000e+04	  6,96644e-02	  1,76219e-01
5261	  1,0520000000e+04	  7,36650e-02	  1,76600e-01
5262	  1,0522000000e+04	  7,33015e-02	  1,75166e-01
5263	  1,0524000000e+04	  7,48063e-02	  1,72429e-01
5264	  1,0526000000e+04	  8,12225e-02	  1,73619e-01
5265	  1,0528000000e+04	  8,49016e-02	  1,68748e-01
5266	  1,0530000000e+04	  8,64182e-02	  1,67193e-01
5267	  1,0532000000e+04	  8,63410e-02	  1,63607e-01
5268	  1,0534000000e+04	  9,09896e-02	  1,63153e-01
5269	  1,0536000000e+04	  9,49632e-02	  1,61606e-01
5270	  1,0538000000e+04	  9,71966e-02	  1,55950e-01
5271	  1,0540000000e+04	  9,87606e-02	  1,52166e-01
5272	  1,0542000000e+04	  1,02045e-01	  1,50566e-01
5273	  1,0544000000e+04	  1,05306e-01	  1,48669e-01
5274	  1,0546000000e+04	  1,05038e-01	  1,44842e-01
5275	  1,0548000000e+04	  1,06636e-01	  1,43501e-01
5276	  1,0550000000e+04	  1,10080e-01	  1,41535e-01
5277	  1,0552000000e+04	  1,10615e-01	  1,37232e-01
5278	  1,0554000000e+04	  1,11823e-01	  1,32994e-01
5279	  1,0556000000e+04	  1,13212e-01	  1,26768e-01
5280	  1,0558000000e+04	  1,14491e-01	  1,26422e-01
5281	  1,0560000000e+04	  1,15599e-01	  1,24468e-01
5282	  1,0562000000e+04	  1,15036e-01	  1,21284e-01
5283	  1,0564000000e+04	  1,17122e-01	  1,19338e-01
5284	  1,0566000000e+04	  1,17215e-01	  1,14882e-01
5285	  1,0568000000e+04	  1,17146e-01	  1,13918e-01
5286	  1,0570000000e+04	  1,16908e-01	  1,09571e-01
5287	  1,0572000000e+04	  1,17509e-01	  1,06724e-01
5288	  1,0574000000e+04	  1,18505e-01	  1,05108e-01
5289	  1,0576000000e+04	  1,16859e-01	  1,00898e-01
5290	  1,0578000000e+04	  1,18933e-01	  1,01571e-01
5291	  1,0580000000e+04	  1,19845e-01	  9,89358e-02
5292	  1,0582000000e+04	  1,20883e-01	  9,62162e-02
5293	  1,0584000000e+04	  1,19247e-01	  9,13905e-02
5294	  1,0586000000e+04	  1,20771e-01	  8,93327e-02
5295	  1,0588000000e+04	  1,22366e-01	  8,78690e-02
5296	  1,0590000000e+04	  1,23039e-01	  8,65207e-02
5297	  1,0592000000e+04	  1,21475e-01	  8,53752e-02
5298	  1,0594000000e+04	  1,22913e-01	  8,46740e-02
5299	  1,0596000000e+04	  1,22461e-01	  8,03988e-02
5300	  1,0598000000e+04	  1,24556e-01	  7,93509e-02
5301	  1,0600000000e+04	  1,25322e-01	  7,80819e-02
5302	  1,0602000000e+04	  1,25079e-01	  7,45923e-02
5303	  1,0604000000e+04	  1,24974e-01	  7,17249e-02
5304	  1,0606000000e+04	  1,22743e-01	  6,91556e-02
5305	  1,0608000000e+04	  1,23794e-01	  6,77698e-02
5306	  1,0610000000e+04	  1,24598e-01	  6,52730e-02
5307	  1,0612000000e+04	  1,27538e-01	  6,32302e-02
5308	  1,0614000000e+04	  1,29451e-01	  6,35160e-02
5309	  1,0616000000e+04	  1,27937e-01	  6,25557e-02
5310	  1,0618000000e+04	  1,24468e-01	  5,77658e-02
5311	  1,0620000000e+04	  1,23329e-01	  5,41129e-02
5312	  1,0622000000e+04	  1,23037e-01	  5,23399e-02
5313	  1,0624000000e+04	  1,23947e-01	  5,00773e-02
5314	  1,0626000000e+04	  1,25383e-01	  4,74477e-02
5315	  1,0628000000e+04	  1,24346e-01	  4,45888e-02
5316	  1,0630000000e+04	  1,24302e-01	  4,39967e-02
5317	  1,0632000000e+04	  1,25077e-01	  4,10964e-02
5318	  1,0634000000e+04	  1,24760e-01	  3,82716e-02
5319	  1,0636000000e+04	  1,20721e-01	  3,55054e-02
5320	  1,0638000000e+04	  1,20069e-01	  3,35262e-02
5321	  1,0640000000e+04	  1,20300e-01	  3,24123e-02
5322	  1,0642000000e+04	  1,17805e-01	  2,92449e-02
5323	  1,0644000000e+04	  1,16490e-01	  2,72683e-02
5324	  1,0646000000e+04	  1,13507e-01	  2,62212e-02
5325	  1,0648000000e+04	  1,12035e-01	  2,46387e-02
5326	  1,0650000000e+04	  1,13917e-01	  2,38363e-02
5327	  1,0652000000e+04	  1,12838e-01	  2,37026e-02
5328	  1,0654000000e+04	  1,11130e-01	  2,05186e-02
5329	  1,0656000000e+04	  1,09065e-01	  1,65227e-02
5330	  1,0658000000e+04	  1,08042e-01	  1,66688e-02
5331	  1,0660000000e+04	  1,05785e-01	  1,68987e-02
5332	  1,0662000000e+04	  1,04200e-01	  1,37084e-02
5333	  1,0664000000e+04	  1,02650e-01	  1,44704e-02
5334	  1,0666000000e+04	  1,00505e-01	  1,28797e-02
5335	  1,0668000000e+04	  9,95660e-02	  1,07954e-02
5336	  1,0670000000e+04	  1,00443e-01	  1,19416e-02
5337	  1,0672000000e+04	  1,00548e-01	  1,20410e-02
5338	  1,0674000000e+04	  9,78513e-02	  1,23709e-02
5339	  1,0676000000e+04	  9,70101e-02	  1,27907e-02
5340	  1,0678000000e+04	  9,50869e-02	  1,09882e-02
5341	  1,0680000000e+04	  9,50678e-02	  9,74829e-03
5342	  1,0682000000e+04	  9,51329e-02	  9,87364e-03
5343	  1,0684000000e+04	  9,31176e-02	  8,02463e-03
5344	  1,0686000000e+04	  8,96620e-02	  7,96110e-03
5345	  1,0688000000e+04	  8,78309e-02	  7,34741e-03
5346	  1,0690000000e+04	  8,60115e-02	  7,84873e-03
5347	  1,0692000000e+04	  8,63568e-02	  8,67259e-03
5348	  1,0694000000e+04	  8,72346e-02	  8,60298e-03
5349	  1,0696000000e+04	  8,36057e-02	  3,85478e-03
5350	  1,0698000000e+04	  8,04173e-02	  6,96662e-03
5351	  1,0700000000e+04	  7,94899e-02	  1,04568e-02
5352	  1,0702000000e+04	  7,89745e-02	  7,99844e-03
5353	  1,0704000000e+04	  7,81235e-02	  8,37275e-03
5354	  1,0706000000e+04	  7,65137e-02	  1,17364e-02
5355	  1,0708000000e+04	  7,66728e-02	  1,13993e-02
5356	  1,0710000000e+04	  7,68007e-02	  1,08902e-02
5357	  1,0712000000e+04	  7,67530e-02	  1,38758e-02
5358	  1,0714000000e+04	  7,71422e-02	  1,61036e-02
5359	  1,0716000000e+04	  7,73910e-02	  1,79071e-02
5360	  1,0718000000e+04	  7,47618e-02	  1,89562e-02
5361	  1,0720000000e+04	  7,73111e-02	  2,01871e-02
5362	  1,0722000000e+04	  7,95638e-02	  2,23145e-02
5363	  1,0724000000e+04	  7,61421e-02	  1,98851e-02
5364	  1,0726000000e+04	  8,12181e-02	  1,99437e-02
5365	  1,0728000000e+04	  8,25252e-02	  2,29151e-02
5366	  1,0730000000e+04	  8,37791e-02	  2,23563e-02
5367	  1,0732000000e+04	  8,65154e-02	  2,23235e-02
5368	  1,0734000000e+04	  8,88026e-02	  2,10034e-02
5369	  1,0736000000e+04	  9,23531e-02	  2,35991e-02
5370	  1,0738000000e+04	  9,27935e-02	  2,33119e-02
5371	  1,0740000000e+04	  9,42117e-02	  2,07214e-02
5372	  1,0742000000e+04	  9,61897e-02	  2,00946e-02
5373	  1,0744000000e+04	  9,77415e-02	  1,93846e-02
5374	  1,0746000000e+04	  9,83452e-02	  1,61905e-02
5375	  1,0748000000e+04	  9,77505e-02	  1,84520e-02
5376	  1,0750000000e+04	  1,00802e-01	  1,53438e-02
5377	  1,0752000000e+04	  1,01211e-01	  9,75402e-03
5378	  1,0754000000e+04	  1,01791e-01	  1,05424e-02
5379	  1,0756000000e+04	  9,93750e-02	  1,00495e-02
5380	  1,0758000000e+04	  9,95544e-02	  7,95149e-03
5381	  1,0760000000e+04	  1,02651e-01	  5,78566e-03
5382	  1,0762000000e+04	  1,02916e-01	  3,71662e-03
5383	  1,0764000000e+04	  1,03731e-01	  3,18164e-04
5384	  1,0766000000e+04	  1,01688e-01	 -2,49777e-03
5385	  1,0768000000e+04	  9,95257e-02	 -2,26294e-03
5386	  1,0770000000e+04	  1,00855e-01	 -4,55582e-03
5387	  1,0772000000e+04	  1,01374e-01	 -6,32757e-03
5388	  1,0774000000e+04	  1,00051e-01	 -6,20985e-03
5389	  1,0776000000e+04	  1,03261e-01	 -6,35756e-03
5390	  1,0778000000e+04	  1,01643e-01	 -6,44530e-03
5391	  1,0780000000e+04	  9,93106e-02	 -6,92754e-03
5392	  1,0782000000e+04	  9,94612e-02	 -1,20140e-02
5393	  1,0784000000e+04	  9,81728e-02	 -1,15051e-02
5394	  1,0786000000e+04	  9,73463e-02	 -9,41245e-03
5395	  1,0788000000e+04	  9,74315e-02	 -8,78861e-03
5396	  1,0790000000e+04	  9,67178e-02	 -1,17449e-02
5397	  1,0792000000e+04	  9,71833e-02	 -1,15664e-02
5398	  1,0794000000e+04	  9,57986e-02	 -1,14787e-02
5399	  1,0796000000e+04	  9,61564e-02	 -1,31300e-02
5400	  1,0798000000e+04	  9,75373e-02	 -1,44158e-02
5401	  1,0800000000e+04	  9,73416e-02	 -1,29962e-02
5402	  1,0802000000e+04	  9,41484e-02	 -1,40644e-02
5403	  1,0804000000e+04	  9,51536e-02	 -1,40694e-02
5404	  1,0806000000e+04	  9,67782e-02	 -1,54141e-02
5405	  1,0808000000e+04	  9,51171e-02	 -1,50250e-02
5406	  1,0810000000e+04	  9,58605e-02	 -1,39338e-02
5407	  1,0812000000e+04	  9,81450e-02	 -1,35556e-02
5408	  1,0814000000e+04	  9,78749e-02	 -1,37716e-02
5409	  1,0816000000e+04	  9,79104e-02	 -1,65020e-02
5410	  1,0818000000e+04	  9,74178e-02	 -1,74629e-02
5411	  1,0820000000e+04	  9,76779e-02	 -1,92085e-02
5412	  1,0822000000e+04	  9,75579e-02	 -1,91284e-02
5413	  1,0824000000e+04	  9,64885e-02	 -2,08754e-02
5414	  1,0826000000e+04	  9,88932e-02	 -2,00948e-02
5415	  1,0828000000e+04	  1,00443e-01	 -1,93252e-02
5416	  1,0830000000e+04	  9,77642e-02	 -2,06667e-02
5417	  1,0832000000e+04	  9,88931e-02	 -2,24400e-02
5418	  1,0834000000e+04	  1,04457e-01	 -2,03073e-02
5419	  1,0836000000e+04	  1,03242e-01	 -2,34842e-02
5420	  1,0838000000e+04	  9,97956e-02	 -2,56696e-02
5421	  1,0840000000e+04	  1,00959e-01	 -2,67980e-02
5422	  1,0842000000e+04	  1,04847e-01	 -2,51414e-02
5423	  1,0844000000e+04	  1,07293e-01	 -2,71501e-02
5424	  1,0846000000e+04	  1,07219e-01	 -3,10570e-02
5425	  1,0848000000e+04	  1,06712e-01	 -3,24079e-02
5426	  1,0850000000e+04	  1,09460e-01	 -3,64353e-02
5427	  1,0852000000e+04	  1,09572e-01	 -3,69893e-02
5428	  1,0854000000e+04	  1,10679e-01	 -3,55201e-02
5429	  1,0856000000e+04	  1,10640e-01	 -3,93858e-02
5430	  1,0858000000e+04	  1,07547e-01	 -4,29802e-02
5431	  1,0860000000e+04	  1,06053e-01	 -4,38035e-02
5432	  1,0862000000e+04	  1,06922e-01	 -4,59284e-02
5433	  1,0864000000e+04	  1,08335e-01	 -5,05062e-02
5434	  1,0866000000e+04	  1,06532e-01	 -5,12839e-02
5435	  1,0868000000e+04	  1,06338e-01	 -5,29452e-02
5436	  1,0870000000e+04	  1,05633e-01	 -5,71865e-02
5437	  1,0872000000e+04	  1,02816e-01	 -5,68716e-02
5438	  1,0874000000e+04	  1,02833e-01	 -5,70634e-02
5439	  1,0876000000e+04	  1,02599e-01	 -5,97797e-02
5440	  1,0878000000e+04	  1,01462e-01	 -6,28601e-02
5441	  1,0880000000e+04	  9,83084e-02	 -6,30821e-02
5442	  1,0882000000e+04	  9,66220e-02	 -6,32135e-02
5443	  1,0884000000e+04	  9,52775e-02	 -6,25605e-02
5444	  1,0886000000e+04	  9,57730e-02	 -6,50940e-02
5445	  1,0888000000e+04	  9,72379e-02	 -6,84530e-02
5446	  1,0890000000e+04	  9,72443e-02	 -6,61846e-02
5447	  1,0892000000e+04	  9,68395e-02	 -6,62455e-02
5448	  1,0894000000e+04	  9,36072e-02	 -6,89401e-02
5449	  1,0896000000e+04	  9,09739e-02	 -7,08353e-02
5450	  1,0898000000e+04	  9,14598e-02	 -7,23070e-02
5451	  1,0900000000e+04	  9,01747e-02	 -7,08726e-02
5452	  1,0902000000e+04	  8,95366e-02	 -7,12103e-02
5453	  1,0904000000e+04	  8,98982e-02	 -7,09470e-02
5454	  1,0906000000e+04	  8,74616e-02	 -7,38316e-02
5455	  1,0908000000e+04	  8,74191e-02	 -7,58034e-02
5456	  1,0910000000e+04	  8,44013e-02	 -7,65986e-02
5457	  1,0912000000e+04	  8,37979e-02	 -7,62307e-02
5458	  1,0914000000e+04	  8,29832e-02	 -7,87479e-02
5459	  1,0916000000e+04	  8,39879e-02	 -7,75393e-02
5460	  1,0918000000e+04	  8,29075e-02	 -7,80697e-02
5461	  1,0920000000e+04	  8,21292e-02	 -8,05768e-02
5462	  1,0922000000e+04	  8,26957e-02	 -8,08235e-02
5463	  1,0924000000e+04	  8,36537e-02	 -8,04920e-02
5464	  1,0926000000e+04	  8,38773e-02	 -8,28893e-02
5465	  1,0928000000e+04	  8,13040e-02	 -8,46357e-02
5466	  1,0930000000e+04	  8,26994e-02	 -8,47599e-02
5467	  1,0932000000e+04	  8,28990e-02	 -8,55557e-02
5468	  1,0934000000e+04	  7,84965e-02	 -8,75932e-02
5469	  1,0936000000e+04	  7,87035e-02	 -8,64337e-02
5470	  1,0938000000e+04	  7,84512e-02	 -8,61629e-02
5471	  1,0940000000e+04	  8,01909e-02	 -8,83373e-02
5472	  1,0942000000e+04	  7,85484e-02	 -9,05890e-02
5473	  1,0944000000e+04	  7,90565e-02	 -9,42341e-02
5474	  1,0946000000e+04	  7,80412e-02	 -9,43527e-02
5475	  1,0948000000e+04	  7,99063e-02	 -9,51182e-02
5476	  1,0950000000e+04	  7,86855e-02	 -9,87953e-02
5477	  1,0952000000e+04	  7,57512e-02	 -1,00401e-01
5478	  1,0954000000e+04	  7,42442e-02	 -9,89418e-02
5479	  1,0956000000e+04	  7,71058e-02	 -9,99985e-02
5480	  1,0958000000e+04	  7,71713e-02	 -1,04403e-01
5481	  1,0960000000e+04	  7,59093e-02	 -1,08047e-01
5482	  1,0962000000e+04	  7,38812e-02	 -1,07200e-01
5483	  1,0964000000e+04	  7,31611e-02	 -1,08756e-01
5484	  1,0966000000e+04	  7,05930e-02	 -1,12042e-01
5485	  1,0968000000e+04	  6,87755e-02	 -1,12932e-01
5486	  1,0970000000e+04	  6,59556e-02	 -1,14905e-01
5487	  1,0972000000e+04	  6,38903e-02	 -1,17093e-01
5488	  1,0974000000e+04	  6,55360e-02	 -1,21867e-01
5489	  1,0976000000e+04	  6,23554e-02	 -1,20944e-01
5490	  1,0978000000e+04	  5,97392e-02	 -1,20567e-01
5491	  1,0980000000e+04	  5,55767e-02	 -1,26454e-01
5492	  1,0982000000e+04	  5,36269e-02	 -1,25431e-01
5493	  1,0984000000e+04	  5,28153e-02	 -1,25824e-01
5494	  1,0986000000e+04	  5,00426e-02	 -1,28274e-01
5495	  1,0988000000e+04	  4,66208e-02	 -1,27923e-01
5496	  1,0990000000e+04	  4,41352e-02	 -1,30072e-01
5497	  1,0992000000e+04	  4,40374e-02	 -1,31315e-01
5498	  1,0994000000e+04	  3,93434e-02	 -1,31672e-01
5499	  1,0996000000e+04	  3,50702e-02	 -1,31310e-01
5500	  1,0998000000e+04	  3,31191e-02	 -1,31630e-01
5501	  1,1000000000e+04	  3,09381e-02	 -1,32135e-01
5502	  1,1002000000e+04	  2,88481e-02	 -1,32450e-01
5503	  1,1004000000e+04	  2,62613e-02	 -1,30425e-01
5504	  1,1006000000e+04	  2,67183e-02	 -1,30901e-01
5505	  1,1008000000e+04	  2,47272e-02	 -1,31939e-01
5506	  1,1010000000e+04	  2,15142e-02	 -1,30359e-01
5507	  1,1012000000e+04	  2,03030e-02	 -1,29717e-01
5508	  1,1014000000e+04	  1,92835e-02	 -1,31623e-01
5509	  1,1016000000e+04	  1,78990e-02	 -1,32243e-01
5510	  1,1018000000e+04	  1,65623e-02	 -1,32808e-01
5511	  1,1020000000e+04	  1,37837e-02	 -1,30354e-01
5512	  1,1022000000e+04	  1,28135e-02	 -1,27815e-01
5513	  1,1024000000e+04	  1,18324e-02	 -1,27945e-01
5514	  1,1026000000e+04	  9,08338e-03	 -1,29140e-01
5515	  1,1028000000e+04	  8,14151e-03	 -1,29801e-01
5516	  1,1030000000e+04	  6,37811e-03	 -1,29932e-01
5517	  1,1032000000e+04	  8,50738e-03	 -1,26421e-01
5518	  1,1034000000e+04	  8,52580e-03	 -1,27852e-01
5519	  1,1036000000e+04	  3,41063e-03	 -1,30214e-01
5520	  1,1038000000e+04	  3,26010e-04	 -1,29578e-01
5521	  1,1040000000e+04	 -4,20068e-05	 -1,29678e-01
5522	  1,1042000000e+04	  1,53867e-05	 -1,30911e-01
5523	  1,1044000000e+04	 -1,30612e-03	 -1,32106e-01
5524	  1,1046000000e+04	 -2,57997e-03	 -1,31286e-01
5525	  1,1048000000e+04	 -4,04128e-03	 -1,32774e-01
5526	  1,1050000000e+04	 -7,47334e-03	 -1,32023e-01
5527	  1,1052000000e+04	 -8,99522e-03	 -1,30585e-01
5528	  1,1054000000e+04	 -9,44744e-03	 -1,32799e-01
5529	  1,1056000000e+04	 -1,06706e-02	 -1,33068e-01
5530	  1,1058000000e+04	 -1,16463e-02	 -1,33505e-01
5531	  1,1060000000e+04	 -1,56521e-02	 -1,35838e-01
5532	  1,1062000000e+04	 -1,91548e-02	 -1,36402e-01
5533	  1,1064000000e+04	 -1,96491e-02	 -1,36257e-01
5534	  1,1066000000e+04	 -2,28639e-02	 -1,36469e-01
5535	  1,1068000000e+04	 -2,57152e-02	 -1,36949e-01
5536	  1,1070000000e+04	 -2,86492e-02	 -1,36620e-01
5537	  1,1072000000e+04	 -3,18283e-02	 -1,37327e-01
5538	  1,1074000000e+04	 -3,72267e-02	 -1,36571e-01
5539	  1,1076000000e+04	 -4,04999e-02	 -1,33067e-01
5540	  1,1078000000e+04	 -4,07778e-02	 -1,32550e-01
5541	  1,1080000000e+04	 -4,36395e-02	 -1,32087e-01
5542	  1,1082000000e+04	 -4,62690e-02	 -1,26458e-01
5543	  1,1084000000e+04	 -4,99918e-02	 -1,24340e-01
5544	  1,1086000000e+04	 -5,47228e-02	 -1,25603e-01
5545	  1,1088000000e+04	 -5,75248e-02	 -1,23023e-01
5546	  1,1090000000e+04	 -6,03430e-02	 -1,22701e-01
5547	  1,1092000000e+04	 -5,89839e-02	 -1,23137e-01
5548	  1,1094000000e+04	 -5,96890e-02	 -1,22330e-01
5549	  1,1096000000e+04	 -6,29153e-02	 -1,17668e-01
5550	  1,1098000000e+04	 -6,45460e-02	 -1,09432e-01
5551	  1,1100000000e+04	 -6,41591e-02	 -1,08396e-01
5552	  1,1102000000e+04	 -6,60140e-02	 -1,06182e-01
5553	  1,1104000000e+04	 -6,81232e-02	 -1,04645e-01
5554	  1,1106000000e+04	 -6,98178e-02	 -1,04047e-01
5555	  1,1108000000e+04	 -7,19485e-02	 -1,02866e-01
5556	  1,1110000000e+04	 -6,78268e-02	 -9,86323e-02
5557	  1,1112000000e+04	 -6,93858e-02	 -9,96971e-02
5558	  1,1114000000e+04	 -7,03266e-02	 -9,59473e-02
5559	  1,1116000000e+04	 -7,03985e-02	 -9,21484e-02
5560	  1,1118000000e+04	 -7,12307e-02	 -8,73652e-02
5561	  1,1120000000e+04	 -6,95512e-02	 -8,73837e-02
5562	  1,1122000000e+04	 -7,23983e-02	 -8,83101e-02
5563	  1,1124000000e+04	 -7,13298e-02	 -8,46970e-02
5564	  1,1126000000e+04	 -7,06775e-02	 -8,25550e-02
5565	  1,1128000000e+04	 -7,20537e-02	 -8,04849e-02
5566	  1,1130000000e+04	 -7,07864e-02	 -7,77057e-02
5567	  1,1132000000e+04	 -7,26815e-02	 -7,87091e-02
5568	  1,1134000000e+04	 -7,10204e-02	 -7,77123e-02
5569	  1,1136000000e+04	 -6,97683e-02	 -7,68455e-02
5570	  1,1138000000e+04	 -7,12105e-02	 -7,56645e-02
5571	  1,1140000000e+04	 -7,02019e-02	 -7,32726e-02
5572	  1,1142000000e+04	 -6,73708e-02	 -7,23054e-02
5573	  1,1144000000e+04	 -6,78942e-02	 -7,31085e-02
5574	  1,1146000000e+04	 -6,72534e-02	 -6,96924e-02
5575	  1,1148000000e+04	 -6,54704e-02	 -6,82857e-02
5576	  1,1150000000e+04	 -6,44735e-02	 -6,89774e-02
5577	  1,1152000000e+04	 -6,28019e-02	 -6,98736e-02
5578	  1,1154000000e+04	 -6,41567e-02	 -6,88976e-02
5579	  1,1156000000e+04	 -6,19655e-02	 -6,66782e-02
5580	  1,1158000000e+04	 -6,18114e-02	 -6,48704e-02
5581	  1,1160000000e+04	 -6,28113e-02	 -6,74084e-02
5582	  1,1162000000e+04	 -6,14822e-02	 -6,96945e-02
5583	  1,1164000000e+04	 -6,11403e-02	 -7,09283e-02
5584	  1,1166000000e+04	 -6,16780e-02	 -6,94225e-02
5585	  1,1168000000e+04	 -5,98550e-02	 -6,82981e-02
5586	  1,1170000000e+04	 -5,85684e-02	 -6,62138e-02
5587	  1,1172000000e+04	 -6,03669e-02	 -6,79778e-02
5588	  1,1174000000e+04	 -6,11805e-02	 -6,92639e-02
5589	  1,1176000000e+04	 -5,98735e-02	 -6,88088e-02
5590	  1,1178000000e+04	 -5,77416e-02	 -6,76055e-02
5591	  1,1180000000e+04	 -5,80062e-02	 -6,90340e-02
5592	  1,1182000000e+04	 -5,86636e-02	 -7,01093e-02
5593	  1,1184000000e+04	 -5,93834e-02	 -7,07550e-02
5594	  1,1186000000e+04	 -6,28167e-02	 -7,29059e-02
5595	  1,1188000000e+04	 -6,36562e-02	 -7,33836e-02
5596	  1,1190000000e+04	 -6,11551e-02	 -7,29209e-02
5597	  1,1192000000e+04	 -6,18510e-02	 -7,39540e-02
5598	  1,1194000000e+04	 -6,47171e-02	 -7,50417e-02
5599	  1,1196000000e+04	 -6,38487e-02	 -7,50539e-02
5600	  1,1198000000e+04	 -6,60377e-02	 -7,46577e-02
5601	  1,1200000000e+04	 -6,70115e-02	 -7,54957e-02
5602	  1,1202000000e+04	 -6,76800e-02	 -7,52477e-02
5603	  1,1204000000e+04	 -6,68862e-02	 -7,74272e-02
5604	  1,1206000000e+04	 -6,92023e-02	 -7,78492e-02
5605	  1,1208000000e+04	 -7,02573e-02	 -7,70325e-02
5606	  1,1210000000e+04	 -7,01432e-02	 -7,35828e-02
5607	  1,1212000000e+04	 -7,06276e-02	 -7,31267e-02
5608	  1,1214000000e+04	 -7,27953e-02	 -7,43240e-02
5609	  1,1216000000e+04	 -7,41503e-02	 -7,69644e-02
5610	  1,1218000000e+04	 -7,52163e-02	 -7,69160e-02
5611	  1,1220000000e+04	 -7,64172e-02	 -7,66335e-02
5612	  1,1222000000e+04	 -7,82417e-02	 -7,48306e-02
5613	  1,1224000000e+04	 -7,89807e-02	 -7,54843e-02
5614	  1,1226000000e+04	 -7,96727e-02	 -7,54906e-02
5615	  1,1228000000e+04	 -8,10630e-02	 -7,45656e-02
5616	  1,1230000000e+04	 -8,22175e-02	 -7,40626e-02
5617	  1,1232000000e+04	 -8,33808e-02	 -7,51695e-02
5618	  1,1234000000e+04	 -8,44360e-02	 -7,64599e-02
5619	  1,1236000000e+04	 -8,46070e-02	 -7,29306e-02
5620	  1,1238000000e+04	 -8,45121e-02	 -6,97876e-02
5621	  1,1240000000e+04	 -8,69100e-02	 -7,27740e-02
5622	  1,1242000000e+04	 -9,04915e-02	 -7,61999e-02
5623	  1,1244000000e+04	 -9,05610e-02	 -7,73026e-02
5624	  1,1246000000e+04	 -9,06725e-02	 -7,59528e-02
5625	  1,1248000000e+04	 -9,18025e-02	 -7,63039e-02
5626	  1,1250000000e+04	 -9,07638e-02	 -7,39159e-02
5627	  1,1252000000e+04	 -9,23297e-02	 -7,50541e-02
5628	  1,1254000000e+04	 -9,52078e-02	 -7,55152e-02
5629	  1,1256000000e+04	 -9,58812e-02	 -7,46013e-02
5630	  1,1258000000e+04	 -9,77975e-02	 -7,58903e-02
5631	  1,1260000000e+04	 -1,01539e-01	 -7,58652e-02
5632	  1,1262000000e+04	 -1,06252e-01	 -7,53826e-02
5633	  1,1264000000e+04	 -1,06503e-01	 -7,52758e-02
5634	  1,1266000000e+04	 -1,09742e-01	 -7,21208e-02
5635	  1,1268000000e+04	 -1,12859e-01	 -7,14437e-02
5636	  1,1270000000e+04	 -1,11835e-01	 -7,41304e-02
5637	  1,1272000000e+04	 -1,13414e-01	 -7,14972e-02
5638	  1,1274000000e+04	 -1,14428e-01	 -6,97720e-02
5639	  1,1276000000e+04	 -1,15733e-01	 -6,96981e-02
5640	  1,1278000000e+04	 -1,19588e-01	 -6,86059e-02
5641	  1,1280000000e+04	 -1,22618e-01	 -6,63477e-02
5642	  1,1282000000e+04	 -1,21975e-01	 -6,23660e-02
5643	  1,1284000000e+04	 -1,23387e-01	 -6,13138e-02
5644	  1,1286000000e+04	 -1,26386e-01	 -6,13275e-02
5645	  1,1288000000e+04	 -1,30333e-01	 -5,96013e-02
5646	  1,1290000000e+04	 -1,32210e-01	 -5,83384e-02
5647	  1,1292000000e+04	 -1,35857e-01	 -6,08047e-02
5648	  1,1294000000e+04	 -1,35787e-01	 -5,98684e-02
5649	  1,1296000000e+04	 -1,37099e-01	 -5,54848e-02
5650	  1,1298000000e+04	 -1,39212e-01	 -5,18834e-02
5651	  1,1300000000e+04	 -1,40766e-01	 -4,96320e-02
5652	  1,1302000000e+04	 -1,41359e-01	 -4,83880e-02
5653	  1,1304000000e+04	 -1,42547e-01	 -4,70457e-02
5654	  1,1306000000e+04	 -1,45162e-01	 -4,47373e-02
5655	  1,1308000000e+04	 -1,45359e-01	 -4,34125e-02
5656	  1,1310000000e+04	 -1,48681e-01	 -4,02868e-02
5657	  1,1312000000e+04	 -1,51043e-01	 -3,80792e-02
5658	  1,1314000000e+04	 -1,52525e-01	 -3,83112e-02
5659	  1,1316000000e+04	 -1,54101e-01	 -3,69476e-02
5660	  1,1318000000e+04	 -1,53237e-01	 -3,58509e-02
5661	  1,1320000000e+04	 -1,55911e-01	 -3,26348e-02
5662	  1,1322000000e+04	 -1,59584e-01	 -3,00965e-02
5663	  1,1324000000e+04	 -1,60599e-01	 -2,85755e-02
5664	  1,1326000000e+04	 -1,60748e-01	 -2,45334e-02
5665	  1,1328000000e+04	 -1,62617e-01	 -2,02931e-02
5666	  1,1330000000e+04	 -1,62855e-01	 -1,90596e-02
5667	  1,1332000000e+04	 -1,62786e-01	 -1,66825e-02
5668	  1,1334000000e+04	 -1,66102e-01	 -1,41681e-02
5669	  1,1336000000e+04	 -1,68814e-01	 -1,03880e-02
5670	  1,1338000000e+04	 -1,69283e-01	 -9,34227e-03
5671	  1,1340000000e+04	 -1,70967e-01	 -6,09213e-03
5672	  1,1342000000e+04	 -1,73116e-01	 -1,75957e-03
5673	  1,1344000000e+04	 -1,73767e-01	  6,81970e-04
5674	  1,1346000000e+04	 -1,74372e-01	  1,30600e-03
5675	  1,1348000000e+04	 -1,76040e-01	  5,41690e-03
5676	  1,1350000000e+04	 -1,74804e-01	  1,14246e-02
5677	  1,1352000000e+04	 -1,75182e-01	  1,30325e-02
5678	  1,1354000000e+04	 -1,72527e-01	  1,61403e-02
5679	  1,1356000000e+04	 -1,72704e-01	  2,13445e-02
5680	  1,1358000000e+04	 -1,74400e-01	  2,54838e-02
5681	  1,1360000000e+04	 -1,71853e-01	  2,71398e-02
5682	  1,1362000000e+04	 -1,70975e-01	  3,05965e-02
5683	  1,1364000000e+04	 -1,70921e-01	  3,12491e-02
5684	  1,1366000000e+04	 -1,70040e-01	  3,52376e-02
5685	  1,1368000000e+04	 -1,67660e-01	  3,84872e-02
5686	  1,1370000000e+04	 -1,69807e-01	  4,01162e-02
5687	  1,1372000000e+04	 -1,68213e-01	  4,36004e-02
5688	  1,1374000000e+04	 -1,66292e-01	  4,72593e-02
5689	  1,1376000000e+04	 -1,67384e-01	  4,70897e-02
5690	  1,1378000000e+04	 -1,66142e-01	  4,83065e-02
5691	  1,1380000000e+04	 -1,65030e-01	  5,07447e-02
5692	  1,1382000000e+04	 -1,67972e-01	  5,23215e-02
5693	  1,1384000000e+04	 -1,68052e-01	  5,78056e-02
5694	  1,1386000000e+04	 -1,67067e-01	  5,75761e-02
5695	  1,1388000000e+04	 -1,67743e-01	  6,06879e-02
5696	  1,1390000000e+04	 -1,67017e-01	  6,31226e-02
5697	  1,1392000000e+04	 -1,64389e-01	  6,29574e-02
5698	  1,1394000000e+04	 -1,64296e-01	  6,56259e-02
5699	  1,1396000000e+04	 -1,64848e-01	  6,92990e-02
5700	  1,1398000000e+04	 -1,68595e-01	  7,41193e-02
5701	  1,1400000000e+04	 -1,68813e-01	  7,74145e-02
5702	  1,1402000000e+04	 -1,67113e-01	  8,09123e-02
5703	  1,1404000000e+04	 -1,64820e-01	  8,14046e-02
5704	  1,1406000000e+04	 -1,65305e-01	  8,33105e-02
5705	  1,1408000000e+04	 -1,63531e-01	  8,85715e-02
5706	  1,1410000000e+04	 -1,63045e-01	  9,57724e-02
5707	  1,1412000000e+04	 -1,60759e-01	  9,82540e-02
5708	  1,1414000000e+04	 -1,60023e-01	  1,00770e-01
5709	  1,1416000000e+04	 -1,58541e-01	  1,04609e-01
5710	  1,1418000000e+04	 -1,58002e-01	  1,08381e-01
5711	  1,1420000000e+04	 -1,55514e-01	  1,12205e-01
5712	  1,1422000000e+04	 -1,52592e-01	  1,12707e-01
5713	  1,1424000000e+04	 -1,49309e-01	  1,13928e-01
5714	  1,1426000000e+04	 -1,50228e-01	  1,15501e-01
5715	  1,1428000000e+04	 -1,46854e-01	  1,20190e-01
5716	  1,1430000000e+04	 -1,44552e-01	  1,24667e-01
5717	  1,1432000000e+04	 -1,44059e-01	  1,26346e-01
5718	  1,1434000000e+04	 -1,40836e-01	  1,29761e-01
5719	  1,1436000000e+04	 -1,36944e-01	  1,28715e-01
5720	  1,1438000000e+04	 -1,35270e-01	  1,30531e-01
5721	  1,1440000000e+04	 -1,34328e-01	  1,36497e-01
5722	  1,1442000000e+04	 -1,30132e-01	  1,38705e-01
5723	  1,1444000000e+04	 -1,26731e-01	  1,40425e-01
5724	  1,1446000000e+04	 -1,26710e-01	  1,40899e-01
5725	  1,1448000000e+04	 -1,25631e-01	  1,40217e-01
5726	  1,1450000000e+04	 -1,23067e-01	  1,44266e-01
5727	  1,1452000000e+04	 -1,19547e-01	  1,46156e-01
5728	  1,1454000000e+04	 -1,16286e-01	  1,50056e-01
5729	  1,1456000000e+04	 -1,15275e-01	  1,52157e-01
5730	  1,1458000000e+04	 -1,13048e-01	  1,54097e-01
5731	  1,1460000000e+04	 -1,10218e-01	  1,55210e-01
5732	  1,1462000000e+04	 -1,09132e-01	  1,57841e-01
5733	  1,1464000000e+04	 -1,06740e-01	  1,58507e-01
5734	  1,1466000000e+04	 -1,04141e-01	  1,60018e-01
5735	  1,1468000000e+04	 -1,00433e-01	  1,63957e-01
5736	  1,1470000000e+04	 -9,80125e-02	  1,64265e-01
5737	  1,1472000000e+04	 -9,76608e-02	  1,64076e-01
5738	  1,1474000000e+04	 -9,55928e-02	  1,67495e-01
5739	  1,1476000000e+04	 -8,93272e-02	  1,70518e-01
5740	  1,1478000000e+04	 -8,51733e-02	  1,72081e-01
5741	  1,1480000000e+04	 -8,26601e-02	  1,73056e-01
5742	  1,1482000000e+04	 -7,98657e-02	  1,73789e-01
5743	  1,1484000000e+04	 -7,51254e-02	  1,75761e-01
5744	  1,1486000000e+04	 -7,37456e-02	  1,78608e-01
5745	  1,1488000000e+04	 -6,90689e-02	  1,79228e-01
5746	  1,1490000000e+04	 -6,44739e-02	  1,78129e-01
5747	  1,1492000000e+04	 -6,03030e-02	  1,80667e-01
5748	  1,1494000000e+04	 -5,80259e-02	  1,80296e-01
5749	  1,1496000000e+04	 -5,49559e-02	  1,80483e-01
5750	  1,1498000000e+04	 -5,21954e-02	  1,80982e-01
5751	  1,1500000000e+04	 -4,81578e-02	  1,81591e-01
5752	  1,1502000000e+04	 -4,40739e-02	  1,82605e-01
5753	  1,1504000000e+04	 -4,09686e-02	  1,81419e-01
5754	  1,1506000000e+04	 -3,90298e-02	  1,81544e-01
5755	  1,1508000000e+04	 -3,69923e-02	  1,79731e-01
5756	  1,1510000000e+04	 -3,51527e-02	  1,80138e-01
5757	  1,1512000000e+04	 -3,36203e-02	  1,77914e-01
5758	  1,1514000000e+04	 -2,89595e-02	  1,77555e-01
5759	  1,1516000000e+04	 -2,68696e-02	  1,77410e-01
5760	  1,1518000000e+04	 -2,80199e-02	  1,77945e-01
5761	  1,1520000000e+04	 -2,53435e-02	  1,78920e-01
5762	  1,1522000000e+04	 -2,03756e-02	  1,80676e-01
5763	  1,1524000000e+04	 -1,78306e-02	  1,77844e-01
5764	  1,1526000000e+04	 -1,73476e-02	  1,77792e-01
5765	  1,1528000000e+04	 -1,70196e-02	  1,81187e-01
5766	  1,1530000000e+04	 -1,24070e-02	  1,83482e-01
5767	  1,1532000000e+04	 -9,74011e-03	  1,81471e-01
5768	  1,1534000000e+04	 -7,68248e-03	  1,80396e-01
5769	  1,1536000000e+04	 -4,40937e-03	  1,80326e-01
5770	  1,1538000000e+04	 -3,38392e-03	  1,81199e-01
5771	  1,1540000000e+04	  3,97495e-04	  1,82154e-01
5772	  1,1542000000e+04	  1,95996e-03	  1,82686e-01
5773	  1,1544000000e+04	  6,00812e-03	  1,80963e-01
5774	  1,1546000000e+04	  7,17498e-03	  1,80876e-01
5775	  1,1548000000e+04	  8,38742e-03	  1,82937e-01
5776	  1,1550000000e+04	  1,09421e-02	  1,85285e-01
5777	  1,1552000000e+04	  1,30404e-02	  1,83319e-01
5778	  1,1554000000e+04	  1,68318e-02	  1,83961e-01
5779	  1,1556000000e+04	  2,03569e-02	  1,84437e-01
5780	  1,1558000000e+04	  2,37171e-02	  1,85779e-01
5781	  1,1560000000e+04	  2,55856e-02	  1,82404e-01
5782	  1,1562000000e+04	  2,93932e-02	  1,80975e-01
5783	  1,1564000000e+04	  3,41572e-02	  1,80445e-01
5784	  1,1566000000e+04	  3,76399e-02	  1,81472e-01
5785	  1,1568000000e+04	  4,03197e-02	  1,82022e-01
5786	  1,1570000000e+04	  4,40070e-02	  1,81708e-01
5787	  1,1572000000e+04	  4,85795e-02	  1,80794e-01
5788	  1,1574000000e+04	  4,90353e-02	  1,76414e-01
5789	  1,1576000000e+04	  5,34499e-02	  1,74818e-01
5790	  1,1578000000e+04	  5,89048e-02	  1,74406e-01
5791	  1,1580000000e+04	  5,95809e-02	  1,72394e-01
5792	  1,1582000000e+04	  6,09116e-02	  1,71295e-01
5793	  1,1584000000e+04	  6,32957e-02	  1,69996e-01
5794	  1,1586000000e+04	  6,59662e-02	  1,68193e-01
5795	  1,1588000000e+04	  6,85686e-02	  1,66682e-01
5796	  1,1590000000e+04	  7,16705e-02	  1,64555e-01
5797	  1,1592000000e+04	  7,35557e-02	  1,63198e-01
5798	  1,1594000000e+04	  7,58486e-02	  1,62094e-01
5799	  1,1596000000e+04	  7,47166e-02	  1,57851e-01
5800	  1,1598000000e+04	  7,53354e-02	  1,56352e-01
5801	  1,1600000000e+04	  8,00947e-02	  1,55242e-01
5802	  1,1602000000e+04	  8,42417e-02	  1,55158e-01
5803	  1,1604000000e+04	  8,55046e-02	  1,56305e-01
5804	  1,1606000000e+04	  8,50776e-02	  1,53403e-01
5805	  1,1608000000e+04	  8,57010e-02	  1,51301e-01
5806	  1,1610000000e+04	  8,99334e-02	  1,50128e-01
5807	  1,1612000000e+04	  9,27609e-02	  1,48784e-01
5808	  1,1614000000e+04	  9,32493e-02	  1,47072e-01
5809	  1,1616000000e+04	  9,41452e-02	  1,45110e-01
5810	  1,1618000000e+04	  1,00144e-01	  1,43639e-01
5811	  1,1620000000e+04	  1,00915e-01	  1,44480e-01
5812	  1,1622000000e+04	  9,89137e-02	  1,42730e-01
5813	  1,1624000000e+04	  1,01788e-01	  1,40936e-01
5814	  1,1626000000e+04	  1,04503e-01	  1,40204e-01
5815	  1,1628000000e+04	  1,08063e-01	  1,38941e-01
5816	  1,1630000000e+04	  1,11003e-01	  1,35932e-01
5817	  1,1632000000e+04	  1,12750e-01	  1,33776e-01
5818	  1,1634000000e+04	  1,11832e-01	  1,32442e-01
5819	  1,1636000000e+04	  1,12253e-01	  1,30753e-01
5820	  1,1638000000e+04	  1,17711e-01	  1,26291e-01
5821	  1,1640000000e+04	  1,21083e-01	  1,25942e-01
5822	  1,1642000000e+04	  1,21123e-01	  1,20953e-01
5823	  1,1644000000e+04	  1,20150e-01	  1,19725e-01
5824	  1,1646000000e+04	  1,20714e-01	  1,17180e-01
5825	  1,1648000000e+04	  1,24570e-01	  1,13374e-01
5826	  1,1650000000e+04	  1,25411e-01	  1,11352e-01
5827	  1,1652000000e+04	  1,25030e-01	  1,08448e-01
5828	  1,1654000000e+04	  1,28272e-01	  1,06899e-01
5829	  1,1656000000e+04	  1,29527e-01	  1,05089e-01
5830	  1,1658000000e+04	  1,27674e-01	  1,04890e-01
5831	  1,1660000000e+04	  1,26804e-01	  1,02390e-01
5832	  1,1662000000e+04	  1,27461e-01	  1,00042e-01
5833	  1,1664000000e+04	  1,29310e-01	  9,98383e-02
5834	  1,1666000000e+04	  1,31795e-01	  9,63316e-02
5835	  1,1668000000e+04	  1,31446e-01	  9,44326e-02
5836	  1,1670000000e+04	  1,30181e-01	  9,31778e-02
5837	  1,1672000000e+04	  1,30345e-01	  9,21893e-02
5838	  1,1674000000e+04	  1,34514e-01	  9,08446e-02
5839	  1,1676000000e+04	  1,36606e-01	  8,77391e-02
5840	  1,1678000000e+04	  1,36008e-01	  8,57763e-02
5841	  1,1680000000e+04	  1,35731e-01	  8,56179e-02
5842	  1,1682000000e+04	  1,35457e-01	  8,37726e-02
5843	  1,1684000000e+04	  1,36792e-01	  8,31174e-02
5844	  1,1686000000e+04	  1,39512e-01	  7,88798e-02
5845	  1,1688000000e+04	  1,44033e-01	  7,80731e-02
5846	  1,1690000000e+04	  1,41390e-01	  7,81075e-02
5847	  1,1692000000e+04	  1,41305e-01	  7,80089e-02
5848	  1,1694000000e+04	  1,42629e-01	  7,75805e-02
5849	  1,1696000000e+04	  1,45787e-01	  7,34200e-02
5850	  1,1698000000e+04	  1,50504e-01	  7,22078e-02
5851	  1,1700000000e+04	  1,51829e-01	  6,76015e-02
5852	  1,1702000000e+04	  1,51312e-01	  6,48399e-02
5853	  1,1704000000e+04	  1,52501e-01	  6,17741e-02
5854	  1,1706000000e+04	  1,53188e-01	  5,74204e-02
5855	  1,1708000000e+04	  1,55595e-01	  5,50729e-02
5856	  1,1710000000e+04	  1,59137e-01	  5,15814e-02
5857	  1,1712000000e+04	  1,58284e-01	  4,89984e-02
5858	  1,1714000000e+04	  1,57261e-01	  4,76501e-02
5859	  1,1716000000e+04	  1,56054e-01	  4,14727e-02
5860	  1,1718000000e+04	  1,54890e-01	  3,82443e-02
5861	  1,1720000000e+04	  1,55243e-01	  3,88473e-02
5862	  1,1722000000e+04	  1,55022e-01	  3,40143e-02
5863	  1,1724000000e+04	  1,53745e-01	  3,14533e-02
5864	  1,1726000000e+04	  1,52865e-01	  2,75547e-02
5865	  1,1728000000e+04	  1,53229e-01	  2,35144e-02
5866	  1,1730000000e+04	  1,52020e-01	  2,05992e-02
5867	  1,1732000000e+04	  1,49622e-01	  1,81714e-02
5868	  1,1734000000e+04	  1,50035e-01	  1,56252e-02
5869	  1,1736000000e+04	  1,46337e-01	  1,38651e-02
5870	  1,1738000000e+04	  1,46379e-01	  1,21581e-02
5871	  1,1740000000e+04	  1,46605e-01	  1,05259e-02
5872	  1,1742000000e+04	  1,44090e-01	  1,01735e-02
5873	  1,1744000000e+04	  1,42537e-01	  8,41464e-03
5874	  1,1746000000e+04	  1,41440e-01	  5,31174e-03
5875	  1,1748000000e+04	  1,39269e-01	  2,91210e-03
5876	  1,1750000000e+04	  1,40476e-01	  4,71978e-03
5877	  1,1752000000e+04	  1,40707e-01	  4,03602e-03
5878	  1,1754000000e+04	  1,40381e-01	  4,38930e-03
5879	  1,1756000000e+04	  1,38724e-01	  2,29385e-03
5880	  1,1758000000e+04	  1,36365e-01	  6,11077e-04
5881	  1,1760000000e+04	  1,35483e-01	  9,37174e-04
5882	  1,1762000000e+04	  1,34506e-01	 -2,35454e-03
5883	  1,1764000000e+04	  1,36167e-01	 -3,31547e-03
5884	  1,1766000000e+04	  1,35349e-01	 -2,37098e-03
5885	  1,1768000000e+04	  1,34656e-01	 -2,21338e-03
5886	  1,1770000000e+04	  1,37444e-01	 -4,86494e-03
5887	  1,1772000000e+04	  1,36841e-01	 -8,05255e-03
5888	  1,1774000000e+04	  1,34500e-01	 -8,86731e-03
5889	  1,1776000000e+04	  1,34280e-01	 -9,08152e-03
5890	  1,1778000000e+04	  1,33526e-01	 -1,01809e-02
5891	  1,1780000000e+04	  1,35796e-01	 -1,40434e-02
5892	  1,1782000000e+04	  1,34420e-01	 -1,59950e-02
5893	  1,1784000000e+04	  1,34077e-01	 -1,73855e-02
5894	  1,1786000000e+04	  1,33733e-01	 -1,86552e-02
5895	  1,1788000000e+04	  1,34724e-01	 -1,93199e-02
5896	  1,1790000000e+04	  1,32319e-01	 -2,44078e-02
5897	  1,1792000000e+04	  1,29416e-01	 -2,55352e-02
5898	  1,1794000000e+04	  1,31085e-01	 -2,48785e-02
5899	  1,1796000000e+04	  1,31066e-01	 -2,61429e-02
5900	  1,1798000000e+04	  1,28885e-01	 -2,87909e-02
5901	  1,1800000000e+04	  1,31052e-01	 -3,23997e-02
5902	  1,1802000000e+04	  1,29050e-01	 -3,44526e-02
5903	  1,1804000000e+04	  1,26841e-01	 -3,56756e-02
5904	  1,1806000000e+04	  1,26611e-01	 -3,93002e-02
5905	  1,1808000000e+04	  1,27957e-01	 -3,99602e-02
5906	  1,1810000000e+04	  1,26481e-01	 -3,92482e-02
5907	  1,1812000000e+04	  1,21345e-01	 -4,20914e-02
5908	  1,1814000000e+04	  1,20119e-01	 -4,34092e-02
5909	  1,1816000000e+04	  1,18897e-01	 -4,39967e-02
5910	  1,1818000000e+04	  1,17571e-01	 -4,63327e-02
5911	  1,1820000000e+04	  1,17532e-01	 -4,56677e-02
5912	  1,1822000000e+04	  1,16221e-01	 -4,59483e-02
5913	  1,1824000000e+04	  1,14377e-01	 -4,69194e-02
5914	  1,1826000000e+04	  1,13103e-01	 -4,77373e-02
5915	  1,1828000000e+04	  1,09277e-01	 -4,97682e-02
5916	  1,1830000000e+04	  1,06847e-01	 -4,92638e-02
5917	  1,1832000000e+04	  1,08143e-01	 -4,89135e-02
5918	  1,1834000000e+04	  1,08810e-01	 -5,21860e-02
5919	  1,1836000000e+04	  1,07691e-01	 -5,09277e-02
5920	  1,1838000000e+04	  1,08240e-01	 -5,19068e-02
5921	  1,1840000000e+04	  1,04506e-01	 -5,46063e-02
5922	  1,1842000000e+04	  1,03291e-01	 -5,30289e-02
5923	  1,1844000000e+04	  1,03913e-01	 -5,24520e-02
5924	  1,1846000000e+04	  1,02588e-01	 -5,45951e-02
5925	  1,1848000000e+04	  1,00314e-01	 -5,67024e-02
5926	  1,1850000000e+04	  9,93361e-02	 -5,69038e-02
5927	  1,1852000000e+04	  9,78978e-02	 -5,59262e-02
5928	  1,1854000000e+04	  9,47195e-02	 -5,52785e-02
5929	  1,1856000000e+04	  9,42925e-02	 -5,52921e-02
5930	  1,1858000000e+04	  9,49266e-02	 -5,38310e-02
5931	  1,1860000000e+04	  9,13477e-02	 -5,63713e-02
5932	  1,1862000000e+04	  8,99588e-02	 -5,77829e-02
5933	  1,1864000000e+04	  9,14703e-02	 -5,62798e-02
5934	  1,1866000000e+04	  8,92488e-02	 -5,94435e-02
5935	  1,1868000000e+04	  8,90304e-02	 -6,28408e-02
5936	  1,1870000000e+04	  8,90570e-02	 -6,24701e-02
5937	  1,1872000000e+04	  8,69589e-02	 -6,04481e-02
5938	  1,1874000000e+04	  8,75741e-02	 -5,93272e-02
5939	  1,1876000000e+04	  8,63098e-02	 -6,17693e-02
5940	  1,1878000000e+04	  8,49945e-02	 -5,94243e-02
5941	  1,1880000000e+04	  8,25206e-02	 -5,65326e-02
5942	  1,1882000000e+04	  8,29177e-02	 -5,57602e-02
5943	  1,1884000000e+04	  8,40019e-02	 -5,74787e-02
5944	  1,1886000000e+04	  8,37394e-02	 -5,75744e-02
5945	  1,1888000000e+04	  8,30463e-02	 -5,48038e-02
5946	  1,1890000000e+04	  8,14206e-02	 -5,34487e-02
5947	  1,1892000000e+04	  8,36380e-02	 -5,27139e-02
5948	  1,1894000000e+04	  8,45166e-02	 -5,51973e-02
5949	  1,1896000000e+04	  8,17624e-02	 -5,69961e-02
5950	  1,1898000000e+04	  8,27165e-02	 -5,57222e-02
5951	  1,1900000000e+04	  8,52528e-02	 -5,77428e-02
5952	  1,1902000000e+04	  8,82925e-02	 -5,97842e-02
5953	  1,1904000000e+04	  8,76742e-02	 -5,93226e-02
5954	  1,1906000000e+04	  8,58880e-02	 -5,76561e-02
5955	  1,1908000000e+04	  8,43882e-02	 -5,94800e-02
5956	  1,1910000000e+04	  8,52690e-02	 -6,20789e-02
5957	  1,1912000000e+04	  8,58841e-02	 -6,47622e-02
5958	  1,1914000000e+04	  8,53395e-02	 -6,28791e-02
5959	  1,1916000000e+04	  8,15535e-02	 -6,29747e-02
5960	  1,1918000000e+04	  8,23573e-02	 -6,40474e-02
5961	  1,1920000000e+04	  8,19138e-02	 -6,64770e-02
5962	  1,1922000000e+04	  8,14124e-02	 -6,49922e-02
5963	  1,1924000000e+04	  8,01734e-02	 -6,46644e-02
5964	  1,1926000000e+04	  8,13627e-02	 -6,61749e-02
5965	  1,1928000000e+04	  8,21352e-02	 -6,60630e-02
5966	  1,1930000000e+04	  8,17786e-02	 -6,66926e-02
5967	  1,1932000000e+04	  8,11427e-02	 -6,85785e-02
5968	  1,1934000000e+04	  8,04541e-02	 -6,76968e-02
5969	  1,1936000000e+04	  7,94393e-02	 -6,78656e-02
5970	  1,1938000000e+04	  7,66644e-02	 -6,73417e-02
5971	  1,1940000000e+04	  7,71266e-02	 -6,67769e-02
5972	  1,1942000000e+04	  7,87641e-02	 -6,80353e-02
5973	  1,1944000000e+04	  7,90216e-02	 -6,82549e-02
5974	  1,1946000000e+04	  7,67641e-02	 -6,94117e-02
5975	  1,1948000000e+04	  7,68427e-02	 -6,91375e-02
5976	  1,1950000000e+04	  7,76443e-02	 -6,86245e-02
5977	  1,1952000000e+04	  8,17045e-02	 -6,85054e-02
5978	  1,1954000000e+04	  8,22296e-02	 -6,82644e-02
5979	  1,1956000000e+04	  8,06462e-02	 -7,07483e-02
5980	  1,1958000000e+04	  8,04523e-02	 -7,08080e-02
5981	  1,1960000000e+04	  8,20914e-02	 -7,09463e-02
5982	  1,1962000000e+04	  8,26851e-02	 -7,35239e-02
5983	  1,1964000000e+04	  8,33087e-02	 -7,44684e-02
5984	  1,1966000000e+04	  8,49560e-02	 -7,24599e-02
5985	  1,1968000000e+04	  8,33481e-02	 -7,40604e-02
5986	  1,1970000000e+04	  8,53346e-02	 -7,63334e-02
5987	  1,1972000000e+04	  8,69247e-02	 -7,89052e-02
5988	  1,1974000000e+04	  8,50441e-02	 -8,20321e-02
5989	  1,1976000000e+04	  8,44686e-02	 -8,25201e-02
5990	  1,1978000000e+04	  8,74159e-02	 -8,33862e-02
5991	  1,1980000000e+04	  8,81368e-02	 -8,53651e-02
5992	  1,1982000000e+04	  8,38660e-02	 -8,55036e-02
5993	  1,1984000000e+04	  8,21121e-02	 -8,77319e-02
5994	  1,1986000000e+04	  8,39232e-02	 -9,02023e-02
5995	  1,1988000000e+04	  8,35658e-02	 -9,14594e-02
5996	  1,1990000000e+04	  8,54207e-02	 -9,21234e-02
5997	  1,1992000000e+04	  8,61120e-02	 -9,45629e-02
5998	  1,1994000000e+04	  8,20077e-02	 -9,66104e-02
5999	  1,1996000000e+04	  8,14731e-02	 -9,63312e-02
6000	  1,1998000000e+04	  8,27074e-02	 -9,51391e-02
6001	  1,2000000000e+04	  8,24455e-02	 -9,47388e-02
6002	  1,2002000000e+04	  8,09528e-02	 -9,75822e-02
6003	  1,2004000000e+04	  8,09304e-02	 -9,86298e-02
6004	  1,2006000000e+04	  8,37181e-02	 -9,85460e-02
6005	  1,2008000000e+04	  8,42250e-02	 -9,99505e-02
6006	  1,2010000000e+04	  8,36411e-02	 -1,04112e-01
6007	  1,2012000000e+04	  8,49579e-02	 -1,04154e-01
6008	  1,2014000000e+04	  8,78343e-02	 -1,05758e-01
6009	  1,2016000000e+04	  8,93800e-02	 -1,09302e-01
6010	  1,2018000000e+04	  8,79278e-02	 -1,11983e-01
6011	  1,2020000000e+04	  8,81240e-02	 -1,14381e-01
6012	  1,2022000000e+04	  8,72394e-02	 -1,17355e-01
6013	  1,2024000000e+04	  8,64699e-02	 -1,19807e-01
6014	  1,2026000000e+04	  8,77708e-02	 -1,22086e-01
6015	  1,2028000000e+04	  8,65346e-02	 -1,28372e-01
6016	  1,2030000000e+04	  8,65883e-02	 -1,31041e-01
6017	  1,2032000000e+04	  8,50539e-02	 -1,32619e-01
6018	  1,2034000000e+04	  8,63232e-02	 -1,36767e-01
6019	  1,2036000000e+04	  8,52991e-02	 -1,39909e-01
6020	  1,2038000000e+04	  8,18394e-02	 -1,43409e-01
6021	  1,2040000000e+04	  8,13741e-02	 -1,46731e-01
6022	  1,2042000000e+04	  7,98946e-02	 -1,52070e-01
6023	  1,2044000000e+04	  7,75604e-02	 -1,55269e-01
6024	  1,2046000000e+04	  7,22808e-02	 -1,54385e-01
6025	  1,2048000000e+04	  6,93760e-02	 -1,57922e-01
6026	  1,2050000000e+04	  6,76115e-02	 -1,60701e-01
6027	  1,2052000000e+04	  6,55472e-02	 -1,63490e-01
6028	  1,2054000000e+04	  6,19540e-02	 -1,66152e-01
6029	  1,2056000000e+04	  5,73943e-02	 -1,65991e-01
6030	  1,2058000000e+04	  5,50396e-02	 -1,67181e-01
6031	  1,2060000000e+04	  5,21887e-02	 -1,71202e-01
6032	  1,2062000000e+04	  4,80504e-02	 -1,75519e-01
6033	  1,2064000000e+04	  4,34411e-02	 -1,73186e-01
6034	  1,2066000000e+04	  4,12020e-02	 -1,74672e-01
6035	  1,2068000000e+04	  3,87052e-02	 -1,76363e-01
6036	  1,2070000000e+04	  3,83780e-02	 -1,76696e-01
6037	  1,2072000000e+04	  3,46475e-02	 -1,79626e-01
6038	  1,2074000000e+04	  2,89150e-02	 -1,78294e-01
6039	  1,2076000000e+04	  2,74640e-02	 -1,79865e-01
6040	  1,2078000000e+04	  2,70405e-02	 -1,83064e-01
6041	  1,2080000000e+04	  2,62926e-02	 -1,81626e-01
6042	  1,2082000000e+04	  2,21581e-02	 -1,82857e-01
6043	  1,2084000000e+04	  1,76878e-02	 -1,82805e-01
6044	  1,2086000000e+04	  1,58341e-02	 -1,83997e-01
6045	  1,2088000000e+04	  1,28217e-02	 -1,82372e-01
6046	  1,2090000000e+04	  1,29468e-02	 -1,83211e-01
6047	  1,2092000000e+04	  8,85549e-03	 -1,87854e-01
6048	  1,2094000000e+04	  6,70265e-03	 -1,89867e-01
6049	  1,2096000000e+04	  3,29687e-03	 -1,91224e-01
6050	  1,2098000000e+04	 -3,61644e-04	 -1,91338e-01
6051	  1,2100000000e+04	 -3,23380e-03	 -1,92283e-01
6052	  1,2102000000e+04	 -3,99348e-03	 -1,94677e-01
6053	  1,2104000000e+04	 -7,38853e-03	 -1,97650e-01
6054	  1,2106000000e+04	 -9,61641e-03	 -2,00547e-01
6055	  1,2108000000e+04	 -1,51826e-02	 -1,99031e-01
6056	  1,2110000000e+04	 -2,23846e-02	 -2,00129e-01
6057	  1,2112000000e+04	 -2,45613e-02	 -1,99741e-01
6058	  1,2114000000e+04	 -2,61349e-02	 -2,00938e-01
6059	  1,2116000000e+04	 -3,15952e-02	 -2,01935e-01
6060	  1,2118000000e+04	 -3,54148e-02	 -2,03679e-01
6061	  1,2120000000e+04	 -3,91468e-02	 -2,03979e-01
6062	  1,2122000000e+04	 -4,39168e-02	 -2,04412e-01
6063	  1,2124000000e+04	 -5,04466e-02	 -2,04730e-01
6064	  1,2126000000e+04	 -5,44847e-02	 -2,06271e-01
6065	  1,2128000000e+04	 -5,79964e-02	 -2,06444e-01
6066	  1,2130000000e+04	 -6,20283e-02	 -2,05948e-01
6067	  1,2132000000e+04	 -6,42099e-02	 -2,05253e-01
6068	  1,2134000000e+04	 -7,00884e-02	 -2,03275e-01
6069	  1,2136000000e+04	 -7,57954e-02	 -2,03548e-01
6070	  1,2138000000e+04	 -7,64445e-02	 -2,02612e-01
6071	  1,2140000000e+04	 -8,12429e-02	 -2,01450e-01
6072	  1,2142000000e+04	 -8,70281e-02	 -1,99797e-01
6073	  1,2144000000e+04	 -9,06559e-02	 -1,96992e-01
6074	  1,2146000000e+04	 -9,24104e-02	 -1,95355e-01
6075	  1,2148000000e+04	 -9,69636e-02	 -1,93989e-01
6076	  1,2150000000e+04	 -1,03520e-01	 -1,91249e-01
6077	  1,2152000000e+04	 -1,07151e-01	 -1,88434e-01
6078	  1,2154000000e+04	 -1,10775e-01	 -1,88550e-01
6079	  1,2156000000e+04	 -1,13927e-01	 -1,86548e-01
6080	  1,2158000000e+04	 -1,17975e-01	 -1,85929e-01
6081	  1,2160000000e+04	 -1,20945e-01	 -1,82588e-01
6082	  1,2162000000e+04	 -1,21896e-01	 -1,82228e-01
6083	  1,2164000000e+04	 -1,25207e-01	 -1,82371e-01
6084	  1,2166000000e+04	 -1,31607e-01	 -1,78251e-01
6085	  1,2168000000e+04	 -1,34299e-01	 -1,73701e-01
6086	  1,2170000000e+04	 -1,36983e-01	 -1,72728e-01
6087	  1,2172000000e+04	 -1,43574e-01	 -1,69811e-01
6088	  1,2174000000e+04	 -1,49633e-01	 -1,66475e-01
6089	  1,2176000000e+04	 -1,51203e-01	 -1,66570e-01
6090	  1,2178000000e+04	 -1,55771e-01	 -1,61168e-01
6091	  1,2180000000e+04	 -1,58836e-01	 -1,58395e-01
6092	  1,2182000000e+04	 -1,61121e-01	 -1,54711e-01
6093	  1,2184000000e+04	 -1,62505e-01	 -1,48927e-01
6094	  1,2186000000e+04	 -1,65082e-01	 -1,46005e-01
6095	  1,2188000000e+04	 -1,69414e-01	 -1,40173e-01
6096	  1,2190000000e+04	 -1,71165e-01	 -1,34818e-01
6097	  1,2192000000e+04	 -1,72052e-01	 -1,34814e-01
6098	  1,2194000000e+04	 -1,74000e-01	 -1,32384e-01
6099	  1,2196000000e+04	 -1,76093e-01	 -1,29787e-01
6100	  1,2198000000e+04	 -1,77135e-01	 -1,24705e-01
6101	  1,2200000000e+04	 -1,76713e-01	 -1,21552e-01
6102	  1,2202000000e+04	 -1,76751e-01	 -1,16007e-01
6103	  1,2204000000e+04	 -1,79023e-01	 -1,13195e-01
6104	  1,2206000000e+04	 -1,81008e-01	 -1,10390e-01
6105	  1,2208000000e+04	 -1,85881e-01	 -1,09672e-01
6106	  1,2210000000e+04	 -1,88017e-01	 -1,08045e-01
6107	  1,2212000000e+04	 -1,86800e-01	 -1,04839e-01
6108	  1,2214000000e+04	 -1,86833e-01	 -1,02182e-01
6109	  1,2216000000e+04	 -1,90535e-01	 -9,87709e-02
6110	  1,2218000000e+04	 -1,92240e-01	 -9,64093e-02
6111	  1,2220000000e+04	 -1,94105e-01	 -9,26872e-02
6112	  1,2222000000e+04	 -1,94323e-01	 -9,25496e-02
6113	  1,2224000000e+04	 -1,95800e-01	 -8,71349e-02
6114	  1,2226000000e+04	 -1,97938e-01	 -8,24639e-02
6115	  1,2228000000e+04	 -2,01505e-01	 -7,88587e-02
6116	  1,2230000000e+04	 -2,03272e-01	 -7,68209e-02
6117	  1,2232000000e+04	 -2,02738e-01	 -7,28706e-02
6118	  1,2234000000e+04	 -2,05285e-01	 -6,95911e-02
6119	  1,2236000000e+04	 -2,06206e-01	 -6,50006e-02
6120	  1,2238000000e+04	 -2,06753e-01	 -6,20811e-02
6121	  1,2240000000e+04	 -2,08378e-01	 -5,71014e-02
6122	  1,2242000000e+04	 -2,09658e-01	 -5,33092e-02
6123	  1,2244000000e+04	 -2,12228e-01	 -4,82539e-02
6124	  1,2246000000e+04	 -2,13406e-01	 -4,11916e-02
6125	  1,2248000000e+04	 -2,12283e-01	 -3,67140e-02
6126	  1,2250000000e+04	 -2,12790e-01	 -3,14074e-02
6127	  1,2252000000e+04	 -2,12661e-01	 -2,56170e-02
6128	  1,2254000000e+04	 -2,11711e-01	 -2,31593e-02
6129	  1,2256000000e+04	 -2,13905e-01	 -1,88990e-02
6130	  1,2258000000e+04	 -2,10695e-01	 -1,42212e-02
6131	  1,2260000000e+04	 -2,09752e-01	 -1,10758e-02
6132	  1,2262000000e+04	 -2,08737e-01	 -5,23619e-03
6133	  1,2264000000e+04	 -2,07396e-01	  3,95391e-04
6134	  1,2266000000e+04	 -2,05495e-01	  2,60345e-03
6135	  1,2268000000e+04	 -2,02159e-01	  3,98021e-03
6136	  1,2270000000e+04	 -2,00367e-01	  7,32750e-03
6137	  1,2272000000e+04	 -2,01232e-01	  1,14682e-02
6138	  1,2274000000e+04	 -1,98718e-01	  1,43908e-02
6139	  1,2276000000e+04	 -1,94861e-01	  1,88866e-02
6140	  1,2278000000e+04	 -1,92143e-01	  2,08056e-02
6141	  1,2280000000e+04	 -1,91826e-01	  2,13232e-02
6142	  1,2282000000e+04	 -1,88861e-01	  2,53233e-02
6143	  1,2284000000e+04	 -1,89025e-01	  2,69917e-02
6144	  1,2286000000e+04	 -1,88947e-01	  2,95220e-02
6145	  1,2288000000e+04	 -1,87296e-01	  3,21164e-02
6146	  1,2290000000e+04	 -1,88500e-01	  3,31690e-02
6147	  1,2292000000e+04	 -1,87101e-01	  3,82748e-02
6148	  1,2294000000e+04	 -1,85665e-01	  4,12783e-02
6149	  1,2296000000e+04	 -1,84011e-01	  4,33041e-02
6150	  1,2298000000e+04	 -1,84876e-01	  4,61015e-02
6151	  1,2300000000e+04	 -1,86040e-01	  4,75588e-02
6152	  1,2302000000e+04	 -1,83207e-01	  4,85445e-02
6153	  1,2304000000e+04	 -1,80346e-01	  5,22364e-02
6154	  1,2306000000e+04	 -1,76591e-01	  5,62300e-02
6155	  1,2308000000e+04	 -1,76067e-01	  6,11118e-02
6156	  1,2310000000e+04	 -1,72198e-01	  6,41813e-02
6157	  1,2312000000e+04	 -1,69878e-01	  6,72683e-02
6158	  1,2314000000e+04	 -1,68039e-01	  6,79121e-02
6159	  1,2316000000e+04	 -1,66759e-01	  7,01578e-02
6160	  1,2318000000e+04	 -1,64488e-01	  7,07338e-02
6161	  1,2320000000e+04	 -1,62180e-01	  7,35657e-02
6162	  1,2322000000e+04	 -1,61640e-01	  7,56660e-02
6163	  1,2324000000e+04	 -1,60859e-01	  7,72293e-02
6164	  1,2326000000e+04	 -1,59601e-01	  7,90205e-02
6165	  1,2328000000e+04	 -1,58033e-01	  8,17018e-02
6166	  1,2330000000e+04	 -1,54015e-01	  8,25771e-02
6167	  1,2332000000e+04	 -1,51323e-01	  8,43614e-02
6168	  1,2334000000e+04	 -1,52335e-01	  8,44712e-02
6169	  1,2336000000e+04	 -1,50781e-01	  8,56091e-02
6170	  1,2338000000e+04	 -1,47501e-01	  8,61166e-02
6171	  1,2340000000e+04	 -1,44895e-01	  8,86928e-02
6172	  1,2342000000e+04	 -1,39657e-01	  8,98844e-02
6173	  1,2344000000e+04	 -1,40159e-01	  9,10002e-02
6174	  1,2346000000e+04	 -1,40780e-01	  9,49701e-02
6175	  1,2348000000e+04	 -1,37000e-01	  9,87035e-02
6176	  1,2350000000e+04	 -1,32559e-01	  9,93884e-02
6177	  1,2352000000e+04	 -1,32712e-01	  1,01582e-01
6178	  1,2354000000e+04	 -1,31071e-01	  1,04649e-01
6179	  1,2356000000e+04	 -1,29327e-01	  1,05911e-01
6180	  1,2358000000e+04	 -1,26953e-01	  1,06934e-01
6181	  1,2360000000e+04	 -1,24661e-01	  1,06843e-01
6182	  1,2362000000e+04	 -1,20961e-01	  1,06969e-01
6183	  1,2364000000e+04	 -1,16358e-01	  1,06767e-01
6184	  1,2366000000e+04	 -1,15204e-01	  1,07700e-01
6185	  1,2368000000e+04	 -1,13810e-01	  1,09770e-01
6186	  1,2370000000e+04	 -1,13396e-01	  1,12038e-01
6187	  1,2372000000e+04	 -1,12853e-01	  1,13085e-01
6188	  1,2374000000e+04	 -1,09380e-01	  1,11090e-01
6189	  1,2376000000e+04	 -1,07873e-01	  1,12028e-01
6190	  1,2378000000e+04	 -1,04609e-01	  1,10991e-01
6191	  1,2380000000e+04	 -1,00225e-01	  1,10033e-01
6192	  1,2382000000e+04	 -1,00650e-01	  1,12729e-01
6193	  1,2384000000e+04	 -9,96289e-02	  1,11118e-01
6194	  1,2386000000e+04	 -9,70084e-02	  1,13381e-01
6195	  1,2388000000e+04	 -9,22964e-02	  1,14583e-01
6196	  1,2390000000e+04	 -9,16985e-02	  1,12832e-01
6197	  1,2392000000e+04	 -8,90400e-02	  1,12975e-01
6198	  1,2394000000e+04	 -8,59428e-02	  1,15695e-01
6199	  1,2396000000e+04	 -8,48296e-02	  1,14039e-01
6200	  1,2398000000e+04	 -8,50025e-02	  1,13126e-01
6201	  1,2400000000e+04	 -8,38128e-02	  1,14438e-01
6202	  1,2402000000e+04	 -8,05979e-02	  1,12747e-01
6203	  1,2404000000e+04	 -7,88839e-02	  1,13868e-01
6204	  1,2406000000e+04	 -7,64598e-02	  1,11069e-01
6205	  1,2408000000e+04	 -7,71127e-02	  1,11338e-01
6206	  1,2410000000e+04	 -7,61820e-02	  1,14186e-01
6207	  1,2412000000e+04	 -7,49571e-02	  1,14062e-01
6208	  1,2414000000e+04	 -7,28481e-02	  1,14994e-01
6209	  1,2416000000e+04	 -7,28925e-02	  1,16812e-01
6210	  1,2418000000e+04	 -7,38646e-02	  1,16801e-01
6211	  1,2420000000e+04	 -7,00289e-02	  1,15282e-01
6212	  1,2422000000e+04	 -6,55909e-02	  1,15375e-01
6213	  1,2424000000e+04	 -6,72329e-02	  1,18960e-01
6214	  1,2426000000e+04	 -6,71136e-02	  1,19237e-01
6215	  1,2428000000e+04	 -6,32501e-02	  1,18325e-01
6216	  1,2430000000e+04	 -6,15917e-02	  1,18464e-01
6217	  1,2432000000e+04	 -6,05492e-02	  1,19650e-01
6218	  1,2434000000e+04	 -6,02510e-02	  1,22546e-01
6219	  1,2436000000e+04	 -5,75809e-02	  1,21272e-01
6220	  1,2438000000e+04	 -5,41151e-02	  1,19665e-01
6221	  1,2440000000e+04	 -5,37105e-02	  1,21388e-01
6222	  1,2442000000e+04	 -5,26307e-02	  1,20462e-01
6223	  1,2444000000e+04	 -5,10907e-02	  1,17103e-01
6224	  1,2446000000e+04	 -5,00285e-02	  1,17370e-01
6225	  1,2448000000e+04	 -4,98667e-02	  1,19558e-01
6226	  1,2450000000e+04	 -4,78655e-02	  1,21070e-01
6227	  1,2452000000e+04	 -4,56170e-02	  1,20165e-01
6228	  1,2454000000e+04	 -4,33680e-02	  1,20059e-01
6229	  1,2456000000e+04	 -4,20447e-02	  1,18406e-01
6230	  1,2458000000e+04	 -4,29677e-02	  1,15360e-01
6231	  1,2460000000e+04	 -4,07880e-02	  1,15754e-01
6232	  1,2462000000e+04	 -3,70671e-02	  1,14178e-01
6233	  1,2464000000e+04	 -3,70473e-02	  1,17114e-01
6234	  1,2466000000e+04	 -3,60247e-02	  1,17436e-01
6235	  1,2468000000e+04	 -3,23019e-02	  1,15608e-01
6236	  1,2470000000e+04	 -3,00198e-02	  1,15091e-01
6237	  1,2472000000e+04	 -3,05081e-02	  1,14466e-01
6238	  1,2474000000e+04	 -2,96308e-02	  1,13096e-01
6239	  1,2476000000e+04	 -2,72922e-02	  1,14034e-01
6240	  1,2478000000e+04	 -2,66235e-02	  1,10452e-01
6241	  1,2480000000e+04	 -2,77033e-02	  1,05931e-01
6242	  1,2482000000e+04	 -2,94115e-02	  1,07367e-01
6243	  1,2484000000e+04	 -2,82704e-02	  1,08831e-01
6244	  1,2486000000e+04	 -2,70593e-02	  1,06304e-01
6245	  1,2488000000e+04	 -2,90160e-02	  1,05509e-01
6246	  1,2490000000e+04	 -3,06642e-02	  1,03316e-01
6247	  1,2492000000e+04	 -3,06983e-02	  1,02048e-01
6248	  1,2494000000e+04	 -2,91021e-02	  1,02180e-01
6249	  1,2496000000e+04	 -2,71994e-02	  1,03178e-01
6250	  1,2498000000e+04	 -2,91046e-02	  1,03504e-01
6251	  1,2500000000e+04	 -2,92320e-02	  1,05285e-01
6252	  1,2502000000e+04	 -3,09497e-02	  1,07661e-01
6253	  1,2504000000e+04	 -2,95456e-02	  1,06510e-01
6254	  1,2506000000e+04	 -2,62199e-02	  1,06244e-01
6255	  1,2508000000e+04	 -2,59040e-02	  1,07770e-01
6256	  1,2510000000e+04	 -2,63349e-02	  1,11419e-01
6257	  1,2512000000e+04	 -2,58929e-02	  1,11419e-01
6258	  1,2514000000e+04	 -2,54920e-02	  1,10595e-01
6259	  1,2516000000e+04	 -2,32969e-02	  1,11499e-01
6260	  1,2518000000e+04	 -2,26658e-02	  1,11818e-01
6261	  1,2520000000e+04	 -2,23267e-02	  1,13329e-01
6262	  1,2522000000e+04	 -2,29585e-02	  1,11699e-01
6263	  1,2524000000e+04	 -2,29199e-02	  1,13255e-01
6264	  1,2526000000e+04	 -1,69524e-02	  1,14558e-01
6265	  1,2528000000e+04	 -1,82698e-02	  1,13222e-01
6266	  1,2530000000e+04	 -2,07305e-02	  1,09699e-01
6267	  1,2532000000e+04	 -1,82584e-02	  1,13339e-01
6268	  1,2534000000e+04	 -1,87692e-02	  1,14678e-01
6269	  1,2536000000e+04	 -1,97820e-02	  1,11996e-01
6270	  1,2538000000e+04	 -1,89807e-02	  1,13681e-01
6271	  1,2540000000e+04	 -1,64256e-02	  1,14995e-01
6272	  1,2542000000e+04	 -1,86236e-02	  1,14517e-01
6273	  1,2544000000e+04	 -1,84596e-02	  1,16357e-01
6274	  1,2546000000e+04	 -1,68126e-02	  1,17174e-01
6275	  1,2548000000e+04	 -1,66149e-02	  1,19897e-01
6276	  1,2550000000e+04	 -1,80779e-02	  1,20481e-01
6277	  1,2552000000e+04	 -1,69568e-02	  1,21272e-01
6278	  1,2554000000e+04	 -1,58279e-02	  1,26120e-01
6279	  1,2556000000e+04	 -1,36572e-02	  1,25598e-01
6280	  1,2558000000e+04	 -1,19360e-02	  1,22694e-01
6281	  1,2560000000e+04	 -9,80940e-03	  1,24321e-01
6282	  1,2562000000e+04	 -8,06639e-03	  1,26369e-01
6283	  1,2564000000e+04	 -6,43513e-03	  1,28783e-01
6284	  1,2566000000e+04	 -5,89254e-03	  1,27693e-01
6285	  1,2568000000e+04	 -2,75114e-03	  1,26484e-01
6286	  1,2570000000e+04	 -1,96050e-03	  1,28582e-01
6287	  1,2572000000e+04	 -2,02243e-03	  1,30667e-01
6288	  1,2574000000e+04	  1,86222e-03	  1,30384e-01
6289	  1,2576000000e+04	  4,92850e-03	  1,28135e-01
6290	  1,2578000000e+04	  5,09902e-03	  1,30245e-01
6291	  1,2580000000e+04	  7,04317e-03	  1,30911e-01
6292	  1,2582000000e+04	  6,49917e-03	  1,32458e-01
6293	  1,2584000000e+04	  7,93172e-03	  1,31114e-01
6294	  1,2586000000e+04	  1,03131e-02	  1,30021e-01
6295	  1,2588000000e+04	  1,00641e-02	  1,30386e-01
6296	  1,2590000000e+04	  1,20673e-02	  1,33112e-01
6297	  1,2592000000e+04	  1,13861e-02	  1,34725e-01
6298	  1,2594000000e+04	  1,18012e-02	  1,32713e-01
6299	  1,2596000000e+04	  1,31600e-02	  1,31722e-01
6300	  1,2598000000e+04	  1,61900e-02	  1,30270e-01
6301	  1,2600000000e+04	  1,59964e-02	  1,32035e-01
6302	  1,2602000000e+04	  1,87690e-02	  1,34032e-01
6303	  1,2604000000e+04	  1,94011e-02	  1,34466e-01
6304	  1,2606000000e+04	  1,82676e-02	  1,36218e-01
6305	  1,2608000000e+04	  2,05405e-02	  1,35936e-01
6306	  1,2610000000e+04	  2,27931e-02	  1,39606e-01
6307	  1,2612000000e+04	  2,33964e-02	  1,40599e-01
6308	  1,2614000000e+04	  2,70966e-02	  1,39094e-01
6309	  1,2616000000e+04	  3,18589e-02	  1,39634e-01
6310	  1,2618000000e+04	  2,99042e-02	  1,40084e-01
6311	  1,2620000000e+04	  3,02947e-02	  1,42386e-01
6312	  1,2622000000e+04	  3,61932e-02	  1,44169e-01
6313	  1,2624000000e+04	  3,84297e-02	  1,43853e-01
6314	  1,2626000000e+04	  4,23914e-02	  1,43202e-01
6315	  1,2628000000e+04	  4,38827e-02	  1,41419e-01
6316	  1,2630000000e+04	  4,83572e-02	  1,41370e-01
6317	  1,2632000000e+04	  5,27375e-02	  1,43759e-01
6318	  1,2634000000e+04	  5,28618e-02	  1,41268e-01
6319	  1,2636000000e+04	  5,37428e-02	  1,39671e-01
6320	  1,2638000000e+04	  5,62085e-02	  1,41384e-01
6321	  1,2640000000e+04	  5,77714e-02	  1,41160e-01
6322	  1,2642000000e+04	  6,35680e-02	  1,37615e-01
6323	  1,2644000000e+04	  6,52381e-02	  1,35865e-01
6324	  1,2646000000e+04	  6,54127e-02	  1,36999e-01
6325	  1,2648000000e+04	  6,56895e-02	  1,35920e-01
6326	  1,2650000000e+04	  6,68752e-02	  1,34776e-01
6327	  1,2652000000e+04	  6,97021e-02	  1,35871e-01
6328	  1,2654000000e+04	  7,06193e-02	  1,35813e-01
6329	  1,2656000000e+04	  7,24853e-02	  1,35141e-01
6330	  1,2658000000e+04	  7,86066e-02	  1,35218e-01
6331	  1,2660000000e+04	  8,11041e-02	  1,34786e-01
6332	  1,2662000000e+04	  8,17368e-02	  1,31064e-01
6333	  1,2664000000e+04	  8,46754e-02	  1,31176e-01
6334	  1,2666000000e+04	  8,64392e-02	  1,32512e-01
6335	  1,2668000000e+04	  8,75924e-02	  1,33871e-01
6336	  1,2670000000e+04	  9,07006e-02	  1,31939e-01
6337	  1,2672000000e+04	  9,19792e-02	  1,30453e-01
6338	  1,2674000000e+04	  9,65903e-02	  1,31018e-01
6339	  1,2676000000e+04	  1,00003e-01	  1,30317e-01
6340	  1,2678000000e+04	  1,00254e-01	  1,27604e-01
6341	  1,2680000000e+04	  1,01851e-01	  1,26462e-01
6342	  1,2682000000e+04	  1,05705e-01	  1,25367e-01
6343	  1,2684000000e+04	  1,09193e-01	  1,23571e-01
6344	  1,2686000000e+04	  1,09383e-01	  1,22125e-01
6345	  1,2688000000e+04	  1,12044e-01	  1,19063e-01
6346	  1,2690000000e+04	  1,15755e-01	  1,17095e-01
6347	  1,2692000000e+04	  1,18637e-01	  1,16968e-01
6348	  1,2694000000e+04	  1,19855e-01	  1,13769e-01
6349	  1,2696000000e+04	  1,20484e-01	  1,12713e-01
6350	  1,2698000000e+04	  1,24095e-01	  1,10525e-01
6351	  1,2700000000e+04	  1,27533e-01	  1,06857e-01
6352	  1,2702000000e+04	  1,29014e-01	  1,02537e-01
6353	  1,2704000000e+04	  1,30348e-01	  1,00168e-01
6354	  1,2706000000e+04	  1,32920e-01	  1,00855e-01
6355	  1,2708000000e+04	  1,35092e-01	  1,00385e-01
6356	  1,2710000000e+04	  1,33476e-01	  9,71111e-02
6357	  1,2712000000e+04	  1,36200e-01	  9,62030e-02
6358	  1,2714000000e+04	  1,36714e-01	  8,88337e-02
6359	  1,2716000000e+04	  1,35817e-01	  8,70612e-02
6360	  1,2718000000e+04	  1,36765e-01	  8,48295e-02
6361	  1,2720000000e+04	  1,37122e-01	  8,24715e-02
6362	  1,2722000000e+04	  1,37142e-01	  8,02361e-02
6363	  1,2724000000e+04	  1,38958e-01	  7,46285e-02
6364	  1,2726000000e+04	  1,39266e-01	  7,37053e-02
6365	  1,2728000000e+04	  1,38223e-01	  7,45574e-02
6366	  1,2730000000e+04	  1,39058e-01	  7,30559e-02
6367	  1,2732000000e+04	  1,37793e-01	  6,83295e-02
6368	  1,2734000000e+04	  1,38258e-01	  6,78431e-02
6369	  1,2736000000e+04	  1,39481e-01	  6,47686e-02
6370	  1,2738000000e+04	  1,38123e-01	  6,13685e-02
6371	  1,2740000000e+04	  1,38960e-01	  5,91813e-02
6372	  1,2742000000e+04	  1,40412e-01	  6,01985e-02
6373	  1,2744000000e+04	  1,39718e-01	  6,02834e-02
6374	  1,2746000000e+04	  1,41215e-01	  5,95754e-02
6375	  1,2748000000e+04	  1,41053e-01	  5,62801e-02
6376	  1,2750000000e+04	  1,40874e-01	  5,71040e-02
6377	  1,2752000000e+04	  1,42051e-01	  5,72093e-02
6378	  1,2754000000e+04	  1,42346e-01	  5,53819e-02
6379	  1,2756000000e+04	  1,43020e-01	  5,32426e-02
6380	  1,2758000000e+04	  1,44520e-01	  5,15494e-02
6381	  1,2760000000e+04	  1,43495e-01	  5,04659e-02
6382	  1,2762000000e+04	  1,42933e-01	  5,08017e-02
6383	  1,2764000000e+04	  1,44471e-01	  5,26074e-02
6384	  1,2766000000e+04	  1,44437e-01	  4,99850e-02
6385	  1,2768000000e+04	  1,49033e-01	  4,85492e-02
6386	  1,2770000000e+04	  1,50204e-01	  4,68013e-02
6387	  1,2772000000e+04	  1,52035e-01	  4,48412e-02
6388	  1,2774000000e+04	  1,55744e-01	  4,33924e-02
6389	  1,2776000000e+04	  1,55758e-01	  4,17564e-02
6390	  1,2778000000e+04	  1,57182e-01	  3,91468e-02
6391	  1,2780000000e+04	  1,59806e-01	  3,59609e-02
6392	  1,2782000000e+04	  1,59432e-01	  3,71759e-02
6393	  1,2784000000e+04	  1,57742e-01	  3,66642e-02
6394	  1,2786000000e+04	  1,59746e-01	  3,28607e-02
6395	  1,2788000000e+04	  1,62930e-01	  2,98957e-02
6396	  1,2790000000e+04	  1,62261e-01	  2,75703e-02
6397	  1,2792000000e+04	  1,61600e-01	  2,50297e-02
6398	  1,2794000000e+04	  1,65206e-01	  2,01604e-02
6399	  1,2796000000e+04	  1,66629e-01	  1,45240e-02
6400	  1,2798000000e+04	  1,66985e-01	  1,27240e-02
6401	  1,2800000000e+04	  1,66331e-01	  9,73671e-03
TagsBegin:	 	 	 
OverLoad:	 	False	 
AverageNumber: []	 	  2,00000e+02	 
OverLoadRatio: []	 	  1,19209e-07	 
TagsEnd:	 	 	 
TagScalesBegin:	 	 	 
TagScalesEnd:	 	 	 
