Header Size:	 78	 	 
Pulse Version:	 42	 	 
Decimal Symbol:	,	 	 
Date Format:	dd-MM-yyyy	 	 
Time Format:	HH:mm:ss:mmm	 	 
Data Type:	Complex	 	 
Slice:	False	 	 
Z-Axis type:	Linear	 	 
Z-Axis size:	1	 	 
Z-Axis unit:	 	 	 
Z-Axis first value:	  0,0000000000e+00	 	 
Z-Axis delta:	  1,0000000000e+00	 	 
X-Axis type:	Linear	 	 
X-Axis size:	6401	 	 
X-Axis unit:	Hz	 	 
X-Axis first value:	  0,0000000000e+00	 	 
X-Axis delta:	  2,0000000000e+00	 	 
	 	 	 
AmplitudeUnit:	Pa/V	 	 
Analyzer:	FFT_Spectrum_Averaging	 	 
AnalyzerName:	FFT Analyzer3	 	 
	 	 	 
	 	 	 
Bipolar:	True	 	 
CenterFrequency:	  6,4000000000e+03	 	 
	 	 	 
	 	 	 
	 	 	 
	 	 	 
	 	 	 
	 	 	 
	 	 	 
	 	 	 
Domain:	1	 	 
Function:	Frequency Response	 	 
	 	 	 
InputRange:	  1,0000000000e+01	 	 
	 	 	 
	 	 	 
MultiBufferName:	Input	 	 
NBW:	  1,5000000000e+00	 	 
	 	 	 
OverlapFailed:	False	 	 
Overrun:	False	 	 
Power:	False	 	 
	 	 	 
Ratio:	True	 	 
RecordLength:	  5,0000000000e-01	 	 
ReducedSize:	True	 	 
Ref_Signal:	Signal 1	 	 
	 	 	 
	 	 	 
RefSignalUnit:	V	 	 
	 	 	 
	 	 	 
Signal:	Signal 48	 	 
	 	 	 
SignalUnit:	Pa	 	 
	 	 	 
	 	 	 
	 	 	 
Title:	Frequency Response H1(Signal 48,Signal 1) - Input	 	 
Title1:	Working : Input : Input : FFT Analyzer3	 	 
	 	 	 
	 	 	 
	 	 	 
ZoomOn:	True	 	 
	 	 	 
TemplateName:	Working	 	 
MeasurementName:	Input	 	 
MeasurementSlice:	False	 	 
	 	 	 
	 	 	 
	 	 	 
EnvelopeOn:	False	 	 
	 	 	 
	 	 	 
	 	 	 
Z-index:	 	1	 
Date:	 	14-07-2026	 
Time:	 	16:57:38:522	 
Relative time:	 	  0,00000e+00	 
Z-axis:	 	  0,0000000000e+00	 
1	  0,0000000000e+00	  8,08745e-05	 -1,97788e-08
2	  2,0000000000e+00	  1,92351e-03	 -9,43563e-04
3	  4,0000000000e+00	  3,84466e-03	 -2,60293e-03
4	  6,0000000000e+00	  5,15197e-03	  1,78851e-03
5	  8,0000000000e+00	  2,07345e-03	  9,81369e-04
6	  1,0000000000e+01	 -3,11379e-02	  1,39577e-02
7	  1,2000000000e+01	 -1,48517e-02	  1,10365e-02
8	  1,4000000000e+01	  6,30587e-04	 -1,97178e-03
9	  1,6000000000e+01	 -6,28903e-03	  1,34157e-02
10	  1,8000000000e+01	 -9,77021e-03	 -3,28029e-04
11	  2,0000000000e+01	 -1,52796e-02	  9,23804e-04
12	  2,2000000000e+01	 -3,85125e-03	 -2,94359e-03
13	  2,4000000000e+01	  1,16848e-02	 -1,84055e-02
14	  2,6000000000e+01	  1,57261e-02	 -1,11861e-02
15	  2,8000000000e+01	  2,17075e-03	 -1,17220e-02
16	  3,0000000000e+01	 -4,59554e-03	  2,92462e-03
17	  3,2000000000e+01	 -1,88504e-03	 -1,11479e-03
18	  3,4000000000e+01	 -5,80018e-03	 -8,45020e-03
19	  3,6000000000e+01	 -2,91245e-02	 -9,68333e-03
20	  3,8000000000e+01	 -2,84027e-02	 -2,39126e-02
21	  4,0000000000e+01	 -2,20516e-02	 -3,12061e-02
22	  4,2000000000e+01	 -1,50591e-02	 -1,34624e-02
23	  4,4000000000e+01	 -3,30404e-02	 -1,29566e-02
24	  4,6000000000e+01	 -4,13403e-02	 -1,92305e-02
25	  4,8000000000e+01	 -3,65749e-02	 -1,93550e-02
26	  5,0000000000e+01	 -2,87307e-02	 -7,69813e-03
27	  5,2000000000e+01	 -4,41537e-02	 -1,03873e-02
28	  5,4000000000e+01	 -4,05564e-02	 -1,83449e-02
29	  5,6000000000e+01	 -6,11935e-02	 -7,61815e-03
30	  5,8000000000e+01	 -6,69463e-02	  4,11265e-03
31	  6,0000000000e+01	 -7,33876e-02	 -2,09418e-03
32	  6,2000000000e+01	 -8,67148e-02	 -8,23578e-03
33	  6,4000000000e+01	 -8,88308e-02	  8,69945e-03
34	  6,6000000000e+01	 -8,32283e-02	  2,74644e-02
35	  6,8000000000e+01	 -8,79966e-02	  3,08368e-02
36	  7,0000000000e+01	 -9,36480e-02	  2,91808e-02
37	  7,2000000000e+01	 -9,47835e-02	  2,37575e-02
38	  7,4000000000e+01	 -1,05260e-01	  3,11967e-02
39	  7,6000000000e+01	 -1,13802e-01	  4,77066e-02
40	  7,8000000000e+01	 -1,13221e-01	  5,09387e-02
41	  8,0000000000e+01	 -1,14996e-01	  5,90835e-02
42	  8,2000000000e+01	 -1,15173e-01	  7,14321e-02
43	  8,4000000000e+01	 -1,17309e-01	  7,74927e-02
44	  8,6000000000e+01	 -1,18589e-01	  8,61821e-02
45	  8,8000000000e+01	 -1,24307e-01	  8,84357e-02
46	  9,0000000000e+01	 -1,20997e-01	  9,63045e-02
47	  9,2000000000e+01	 -1,26883e-01	  1,11253e-01
48	  9,4000000000e+01	 -1,37502e-01	  1,21118e-01
49	  9,6000000000e+01	 -1,38870e-01	  1,33011e-01
50	  9,8000000000e+01	 -1,40682e-01	  1,52056e-01
51	  1,0000000000e+02	 -1,36016e-01	  1,64751e-01
52	  1,0200000000e+02	 -1,29662e-01	  1,68522e-01
53	  1,0400000000e+02	 -1,31249e-01	  1,76611e-01
54	  1,0600000000e+02	 -1,31172e-01	  1,91567e-01
55	  1,0800000000e+02	 -1,25493e-01	  2,08468e-01
56	  1,1000000000e+02	 -1,23630e-01	  2,23034e-01
57	  1,1200000000e+02	 -1,13783e-01	  2,34024e-01
58	  1,1400000000e+02	 -1,07289e-01	  2,47341e-01
59	  1,1600000000e+02	 -1,03926e-01	  2,60496e-01
60	  1,1800000000e+02	 -9,91258e-02	  2,72115e-01
61	  1,2000000000e+02	 -8,89918e-02	  2,85956e-01
62	  1,2200000000e+02	 -7,73140e-02	  2,96078e-01
63	  1,2400000000e+02	 -5,84367e-02	  3,01717e-01
64	  1,2600000000e+02	 -4,93264e-02	  3,18732e-01
65	  1,2800000000e+02	 -4,42896e-02	  3,32968e-01
66	  1,3000000000e+02	 -3,02210e-02	  3,46615e-01
67	  1,3200000000e+02	 -1,95861e-02	  3,57465e-01
68	  1,3400000000e+02	 -5,54517e-03	  3,64606e-01
69	  1,3600000000e+02	  1,41968e-02	  3,74308e-01
70	  1,3800000000e+02	  3,05913e-02	  3,80307e-01
71	  1,4000000000e+02	  5,16709e-02	  3,92368e-01
72	  1,4200000000e+02	  7,64125e-02	  3,99718e-01
73	  1,4400000000e+02	  9,99293e-02	  4,05484e-01
74	  1,4600000000e+02	  1,15647e-01	  4,07763e-01
75	  1,4800000000e+02	  1,35643e-01	  4,07961e-01
76	  1,5000000000e+02	  1,55203e-01	  4,07263e-01
77	  1,5200000000e+02	  1,73788e-01	  4,11381e-01
78	  1,5400000000e+02	  1,93781e-01	  4,07364e-01
79	  1,5600000000e+02	  2,10919e-01	  4,02702e-01
80	  1,5800000000e+02	  2,30025e-01	  4,01537e-01
81	  1,6000000000e+02	  2,47075e-01	  3,88343e-01
82	  1,6200000000e+02	  2,69813e-01	  3,76658e-01
83	  1,6400000000e+02	  2,91126e-01	  3,68002e-01
84	  1,6600000000e+02	  3,09336e-01	  3,62934e-01
85	  1,6800000000e+02	  3,19274e-01	  3,59664e-01
86	  1,7000000000e+02	  3,26014e-01	  3,51364e-01
87	  1,7200000000e+02	  3,44595e-01	  3,39624e-01
88	  1,7400000000e+02	  3,60603e-01	  3,28570e-01
89	  1,7600000000e+02	  3,72628e-01	  3,18056e-01
90	  1,7800000000e+02	  3,80125e-01	  3,03402e-01
91	  1,8000000000e+02	  3,90747e-01	  2,92462e-01
92	  1,8200000000e+02	  4,04643e-01	  2,83182e-01
93	  1,8400000000e+02	  4,14009e-01	  2,71152e-01
94	  1,8600000000e+02	  4,28599e-01	  2,56410e-01
95	  1,8800000000e+02	  4,38817e-01	  2,43902e-01
96	  1,9000000000e+02	  4,43138e-01	  2,30862e-01
97	  1,9200000000e+02	  4,47314e-01	  2,17411e-01
98	  1,9400000000e+02	  4,51477e-01	  2,00166e-01
99	  1,9600000000e+02	  4,59225e-01	  1,87144e-01
100	  1,9800000000e+02	  4,70488e-01	  1,77700e-01
101	  2,0000000000e+02	  4,82680e-01	  1,60671e-01
102	  2,0200000000e+02	  4,84396e-01	  1,44341e-01
103	  2,0400000000e+02	  4,81436e-01	  1,29665e-01
104	  2,0600000000e+02	  4,81971e-01	  1,14465e-01
105	  2,0800000000e+02	  4,82949e-01	  1,01171e-01
106	  2,1000000000e+02	  4,82627e-01	  8,64604e-02
107	  2,1200000000e+02	  4,85752e-01	  7,11511e-02
108	  2,1400000000e+02	  4,83658e-01	  6,21728e-02
109	  2,1600000000e+02	  4,84131e-01	  4,98286e-02
110	  2,1800000000e+02	  4,88466e-01	  4,10793e-02
111	  2,2000000000e+02	  4,89110e-01	  2,94237e-02
112	  2,2200000000e+02	  4,83827e-01	  2,10062e-02
113	  2,2400000000e+02	  4,84906e-01	  1,52962e-02
114	  2,2600000000e+02	  4,89588e-01	  3,30163e-03
115	  2,2800000000e+02	  4,84587e-01	 -1,49983e-02
116	  2,3000000000e+02	  4,83769e-01	 -2,17051e-02
117	  2,3200000000e+02	  4,82124e-01	 -2,77066e-02
118	  2,3400000000e+02	  4,84312e-01	 -4,05824e-02
119	  2,3600000000e+02	  4,87836e-01	 -5,05758e-02
120	  2,3800000000e+02	  4,83265e-01	 -5,75259e-02
121	  2,4000000000e+02	  4,77075e-01	 -7,11150e-02
122	  2,4200000000e+02	  4,81804e-01	 -8,18557e-02
123	  2,4400000000e+02	  4,76992e-01	 -9,10933e-02
124	  2,4600000000e+02	  4,72166e-01	 -1,05411e-01
125	  2,4800000000e+02	  4,70324e-01	 -1,10132e-01
126	  2,5000000000e+02	  4,66953e-01	 -1,16789e-01
127	  2,5200000000e+02	  4,59677e-01	 -1,29071e-01
128	  2,5400000000e+02	  4,58433e-01	 -1,36895e-01
129	  2,5600000000e+02	  4,53692e-01	 -1,45761e-01
130	  2,5800000000e+02	  4,52702e-01	 -1,51740e-01
131	  2,6000000000e+02	  4,53073e-01	 -1,62673e-01
132	  2,6200000000e+02	  4,49817e-01	 -1,70359e-01
133	  2,6400000000e+02	  4,45832e-01	 -1,76304e-01
134	  2,6600000000e+02	  4,37440e-01	 -1,80318e-01
135	  2,6800000000e+02	  4,33135e-01	 -1,86947e-01
136	  2,7000000000e+02	  4,31324e-01	 -1,95573e-01
137	  2,7200000000e+02	  4,30226e-01	 -2,03530e-01
138	  2,7400000000e+02	  4,27396e-01	 -2,11129e-01
139	  2,7600000000e+02	  4,23810e-01	 -2,18057e-01
140	  2,7800000000e+02	  4,16911e-01	 -2,27641e-01
141	  2,8000000000e+02	  4,15186e-01	 -2,35140e-01
142	  2,8200000000e+02	  4,10045e-01	 -2,44188e-01
143	  2,8400000000e+02	  3,99315e-01	 -2,49261e-01
144	  2,8600000000e+02	  3,89627e-01	 -2,58306e-01
145	  2,8800000000e+02	  3,83276e-01	 -2,60736e-01
146	  2,9000000000e+02	  3,78651e-01	 -2,68988e-01
147	  2,9200000000e+02	  3,72953e-01	 -2,75571e-01
148	  2,9400000000e+02	  3,66134e-01	 -2,77746e-01
149	  2,9600000000e+02	  3,58165e-01	 -2,83479e-01
150	  2,9800000000e+02	  3,54541e-01	 -2,89801e-01
151	  3,0000000000e+02	  3,49118e-01	 -2,91328e-01
152	  3,0200000000e+02	  3,42585e-01	 -2,94674e-01
153	  3,0400000000e+02	  3,33372e-01	 -2,97355e-01
154	  3,0600000000e+02	  3,27420e-01	 -3,02225e-01
155	  3,0800000000e+02	  3,25275e-01	 -3,06069e-01
156	  3,1000000000e+02	  3,16037e-01	 -3,09090e-01
157	  3,1200000000e+02	  3,07704e-01	 -3,13450e-01
158	  3,1400000000e+02	  3,06505e-01	 -3,12791e-01
159	  3,1600000000e+02	  3,02184e-01	 -3,11003e-01
160	  3,1800000000e+02	  2,90977e-01	 -3,14798e-01
161	  3,2000000000e+02	  2,89455e-01	 -3,12084e-01
162	  3,2200000000e+02	  2,94827e-01	 -3,10057e-01
163	  3,2400000000e+02	  2,92284e-01	 -3,19105e-01
164	  3,2600000000e+02	  2,94577e-01	 -3,32591e-01
165	  3,2800000000e+02	  2,87532e-01	 -3,37957e-01
166	  3,3000000000e+02	  2,83276e-01	 -3,38927e-01
167	  3,3200000000e+02	  2,76431e-01	 -3,44027e-01
168	  3,3400000000e+02	  2,70603e-01	 -3,51253e-01
169	  3,3600000000e+02	  2,66009e-01	 -3,56964e-01
170	  3,3800000000e+02	  2,58041e-01	 -3,55974e-01
171	  3,4000000000e+02	  2,55336e-01	 -3,56042e-01
172	  3,4200000000e+02	  2,51456e-01	 -3,60191e-01
173	  3,4400000000e+02	  2,45512e-01	 -3,59908e-01
174	  3,4600000000e+02	  2,35310e-01	 -3,60867e-01
175	  3,4800000000e+02	  2,33471e-01	 -3,65445e-01
176	  3,5000000000e+02	  2,29532e-01	 -3,65068e-01
177	  3,5200000000e+02	  2,22874e-01	 -3,70303e-01
178	  3,5400000000e+02	  2,18444e-01	 -3,75800e-01
179	  3,5600000000e+02	  2,14882e-01	 -3,77486e-01
180	  3,5800000000e+02	  2,09224e-01	 -3,75332e-01
181	  3,6000000000e+02	  2,04575e-01	 -3,78951e-01
182	  3,6200000000e+02	  2,02700e-01	 -3,81919e-01
183	  3,6400000000e+02	  1,98942e-01	 -3,83400e-01
184	  3,6600000000e+02	  1,88788e-01	 -3,86877e-01
185	  3,6800000000e+02	  1,83631e-01	 -3,87605e-01
186	  3,7000000000e+02	  1,82126e-01	 -3,91757e-01
187	  3,7200000000e+02	  1,74493e-01	 -3,93526e-01
188	  3,7400000000e+02	  1,69974e-01	 -3,92315e-01
189	  3,7600000000e+02	  1,66442e-01	 -3,93433e-01
190	  3,7800000000e+02	  1,60883e-01	 -3,92941e-01
191	  3,8000000000e+02	  1,58474e-01	 -3,92380e-01
192	  3,8200000000e+02	  1,52215e-01	 -3,99218e-01
193	  3,8400000000e+02	  1,44881e-01	 -3,99085e-01
194	  3,8600000000e+02	  1,40658e-01	 -4,01056e-01
195	  3,8800000000e+02	  1,38758e-01	 -4,02215e-01
196	  3,9000000000e+02	  1,33901e-01	 -4,03556e-01
197	  3,9200000000e+02	  1,27119e-01	 -4,03234e-01
198	  3,9400000000e+02	  1,27225e-01	 -4,06289e-01
199	  3,9600000000e+02	  1,24840e-01	 -4,10341e-01
200	  3,9800000000e+02	  1,18035e-01	 -4,09788e-01
201	  4,0000000000e+02	  1,15544e-01	 -4,11162e-01
202	  4,0200000000e+02	  1,08203e-01	 -4,10805e-01
203	  4,0400000000e+02	  1,05601e-01	 -4,09852e-01
204	  4,0600000000e+02	  1,01910e-01	 -4,13815e-01
205	  4,0800000000e+02	  9,89946e-02	 -4,16965e-01
206	  4,1000000000e+02	  9,22963e-02	 -4,15283e-01
207	  4,1200000000e+02	  8,59315e-02	 -4,19101e-01
208	  4,1400000000e+02	  8,07999e-02	 -4,18289e-01
209	  4,1600000000e+02	  7,72992e-02	 -4,17907e-01
210	  4,1800000000e+02	  6,99787e-02	 -4,18627e-01
211	  4,2000000000e+02	  6,46069e-02	 -4,23165e-01
212	  4,2200000000e+02	  5,74520e-02	 -4,23693e-01
213	  4,2400000000e+02	  4,97271e-02	 -4,25141e-01
214	  4,2600000000e+02	  4,70201e-02	 -4,30158e-01
215	  4,2800000000e+02	  4,15635e-02	 -4,29261e-01
216	  4,3000000000e+02	  3,86704e-02	 -4,26596e-01
217	  4,3200000000e+02	  3,38924e-02	 -4,28294e-01
218	  4,3400000000e+02	  2,85016e-02	 -4,31049e-01
219	  4,3600000000e+02	  2,14449e-02	 -4,28806e-01
220	  4,3800000000e+02	  1,50465e-02	 -4,23611e-01
221	  4,4000000000e+02	  1,14406e-02	 -4,23754e-01
222	  4,4200000000e+02	  3,07333e-03	 -4,27594e-01
223	  4,4400000000e+02	 -3,15777e-03	 -4,24909e-01
224	  4,4600000000e+02	 -6,24281e-03	 -4,28448e-01
225	  4,4800000000e+02	 -1,06644e-02	 -4,27572e-01
226	  4,5000000000e+02	 -1,45267e-02	 -4,27327e-01
227	  4,5200000000e+02	 -2,10777e-02	 -4,26453e-01
228	  4,5400000000e+02	 -2,81651e-02	 -4,23853e-01
229	  4,5600000000e+02	 -3,08153e-02	 -4,22196e-01
230	  4,5800000000e+02	 -3,67514e-02	 -4,23817e-01
231	  4,6000000000e+02	 -4,10620e-02	 -4,19347e-01
232	  4,6200000000e+02	 -4,50791e-02	 -4,20161e-01
233	  4,6400000000e+02	 -5,25753e-02	 -4,17949e-01
234	  4,6600000000e+02	 -5,84961e-02	 -4,16059e-01
235	  4,6800000000e+02	 -5,78878e-02	 -4,17783e-01
236	  4,7000000000e+02	 -6,40608e-02	 -4,17999e-01
237	  4,7200000000e+02	 -6,97905e-02	 -4,13500e-01
238	  4,7400000000e+02	 -7,32331e-02	 -4,13951e-01
239	  4,7600000000e+02	 -7,65478e-02	 -4,13814e-01
240	  4,7800000000e+02	 -8,17965e-02	 -4,11664e-01
241	  4,8000000000e+02	 -9,06225e-02	 -4,08686e-01
242	  4,8200000000e+02	 -9,56214e-02	 -4,08132e-01
243	  4,8400000000e+02	 -1,00578e-01	 -4,04687e-01
244	  4,8600000000e+02	 -1,05026e-01	 -3,98650e-01
245	  4,8800000000e+02	 -1,08465e-01	 -3,99841e-01
246	  4,9000000000e+02	 -1,14958e-01	 -3,96147e-01
247	  4,9200000000e+02	 -1,13592e-01	 -3,90345e-01
248	  4,9400000000e+02	 -1,15542e-01	 -3,86074e-01
249	  4,9600000000e+02	 -1,20173e-01	 -3,85033e-01
250	  4,9800000000e+02	 -1,17276e-01	 -3,83941e-01
251	  5,0000000000e+02	 -1,16680e-01	 -3,83550e-01
252	  5,0200000000e+02	 -1,20514e-01	 -3,82840e-01
253	  5,0400000000e+02	 -1,25241e-01	 -3,81278e-01
254	  5,0600000000e+02	 -1,27139e-01	 -3,83101e-01
255	  5,0800000000e+02	 -1,28078e-01	 -3,83811e-01
256	  5,1000000000e+02	 -1,33592e-01	 -3,86908e-01
257	  5,1200000000e+02	 -1,38944e-01	 -3,86692e-01
258	  5,1400000000e+02	 -1,41379e-01	 -3,83093e-01
259	  5,1600000000e+02	 -1,44323e-01	 -3,85097e-01
260	  5,1800000000e+02	 -1,48252e-01	 -3,87320e-01
261	  5,2000000000e+02	 -1,55462e-01	 -3,89211e-01
262	  5,2200000000e+02	 -1,62425e-01	 -3,88902e-01
263	  5,2400000000e+02	 -1,62419e-01	 -3,84160e-01
264	  5,2600000000e+02	 -1,66616e-01	 -3,82411e-01
265	  5,2800000000e+02	 -1,74069e-01	 -3,84231e-01
266	  5,3000000000e+02	 -1,80469e-01	 -3,81834e-01
267	  5,3200000000e+02	 -1,79737e-01	 -3,81301e-01
268	  5,3400000000e+02	 -1,88574e-01	 -3,80262e-01
269	  5,3600000000e+02	 -1,94406e-01	 -3,78780e-01
270	  5,3800000000e+02	 -1,97987e-01	 -3,77853e-01
271	  5,4000000000e+02	 -2,07201e-01	 -3,76240e-01
272	  5,4200000000e+02	 -2,11769e-01	 -3,75316e-01
273	  5,4400000000e+02	 -2,18552e-01	 -3,72355e-01
274	  5,4600000000e+02	 -2,29566e-01	 -3,68494e-01
275	  5,4800000000e+02	 -2,40473e-01	 -3,58140e-01
276	  5,5000000000e+02	 -2,39943e-01	 -3,52669e-01
277	  5,5200000000e+02	 -2,37178e-01	 -3,42844e-01
278	  5,5400000000e+02	 -2,40796e-01	 -3,42931e-01
279	  5,5600000000e+02	 -2,46695e-01	 -3,39650e-01
280	  5,5800000000e+02	 -2,49329e-01	 -3,33428e-01
281	  5,6000000000e+02	 -2,48690e-01	 -3,28751e-01
282	  5,6200000000e+02	 -2,51012e-01	 -3,25475e-01
283	  5,6400000000e+02	 -2,56916e-01	 -3,18411e-01
284	  5,6600000000e+02	 -2,60249e-01	 -3,16779e-01
285	  5,6800000000e+02	 -2,59274e-01	 -3,18253e-01
286	  5,7000000000e+02	 -2,61509e-01	 -3,17827e-01
287	  5,7200000000e+02	 -2,67966e-01	 -3,13533e-01
288	  5,7400000000e+02	 -2,71188e-01	 -3,07696e-01
289	  5,7600000000e+02	 -2,70150e-01	 -3,05387e-01
290	  5,7800000000e+02	 -2,71389e-01	 -3,02698e-01
291	  5,8000000000e+02	 -2,75688e-01	 -2,97356e-01
292	  5,8200000000e+02	 -2,80670e-01	 -2,99098e-01
293	  5,8400000000e+02	 -2,84370e-01	 -2,94996e-01
294	  5,8600000000e+02	 -2,85601e-01	 -2,88243e-01
295	  5,8800000000e+02	 -2,87567e-01	 -2,87253e-01
296	  5,9000000000e+02	 -2,88152e-01	 -2,80691e-01
297	  5,9200000000e+02	 -2,89490e-01	 -2,76378e-01
298	  5,9400000000e+02	 -2,98840e-01	 -2,78000e-01
299	  5,9600000000e+02	 -3,01612e-01	 -2,76214e-01
300	  5,9800000000e+02	 -3,00738e-01	 -2,73513e-01
301	  6,0000000000e+02	 -3,02579e-01	 -2,67420e-01
302	  6,0200000000e+02	 -3,02196e-01	 -2,62688e-01
303	  6,0400000000e+02	 -3,02863e-01	 -2,58951e-01
304	  6,0600000000e+02	 -3,04410e-01	 -2,54198e-01
305	  6,0800000000e+02	 -3,05284e-01	 -2,52666e-01
306	  6,1000000000e+02	 -3,06212e-01	 -2,53505e-01
307	  6,1200000000e+02	 -3,09477e-01	 -2,47518e-01
308	  6,1400000000e+02	 -3,12140e-01	 -2,41697e-01
309	  6,1600000000e+02	 -3,13088e-01	 -2,42804e-01
310	  6,1800000000e+02	 -3,20480e-01	 -2,39848e-01
311	  6,2000000000e+02	 -3,20682e-01	 -2,39067e-01
312	  6,2200000000e+02	 -3,21048e-01	 -2,35216e-01
313	  6,2400000000e+02	 -3,24306e-01	 -2,31415e-01
314	  6,2600000000e+02	 -3,30668e-01	 -2,31248e-01
315	  6,2800000000e+02	 -3,32314e-01	 -2,27211e-01
316	  6,3000000000e+02	 -3,31440e-01	 -2,21797e-01
317	  6,3200000000e+02	 -3,34079e-01	 -2,16303e-01
318	  6,3400000000e+02	 -3,40838e-01	 -2,09928e-01
319	  6,3600000000e+02	 -3,44617e-01	 -2,06568e-01
320	  6,3800000000e+02	 -3,47085e-01	 -2,03730e-01
321	  6,4000000000e+02	 -3,48614e-01	 -1,93230e-01
322	  6,4200000000e+02	 -3,47145e-01	 -1,88960e-01
323	  6,4400000000e+02	 -3,49713e-01	 -1,85186e-01
324	  6,4600000000e+02	 -3,52766e-01	 -1,79013e-01
325	  6,4800000000e+02	 -3,52885e-01	 -1,71165e-01
326	  6,5000000000e+02	 -3,54397e-01	 -1,59694e-01
327	  6,5200000000e+02	 -3,53993e-01	 -1,53035e-01
328	  6,5400000000e+02	 -3,50106e-01	 -1,49614e-01
329	  6,5600000000e+02	 -3,46879e-01	 -1,47088e-01
330	  6,5800000000e+02	 -3,41678e-01	 -1,42431e-01
331	  6,6000000000e+02	 -3,35129e-01	 -1,35819e-01
332	  6,6200000000e+02	 -3,29604e-01	 -1,36040e-01
333	  6,6400000000e+02	 -3,25721e-01	 -1,34447e-01
334	  6,6600000000e+02	 -3,18062e-01	 -1,31130e-01
335	  6,6800000000e+02	 -3,15286e-01	 -1,33904e-01
336	  6,7000000000e+02	 -3,09399e-01	 -1,37113e-01
337	  6,7200000000e+02	 -3,06834e-01	 -1,46454e-01
338	  6,7400000000e+02	 -3,08612e-01	 -1,53805e-01
339	  6,7600000000e+02	 -3,12660e-01	 -1,56194e-01
340	  6,7800000000e+02	 -3,14355e-01	 -1,61678e-01
341	  6,8000000000e+02	 -3,17422e-01	 -1,62252e-01
342	  6,8200000000e+02	 -3,28940e-01	 -1,63556e-01
343	  6,8400000000e+02	 -3,36070e-01	 -1,65361e-01
344	  6,8600000000e+02	 -3,41292e-01	 -1,62810e-01
345	  6,8800000000e+02	 -3,43527e-01	 -1,55986e-01
346	  6,9000000000e+02	 -3,51723e-01	 -1,54862e-01
347	  6,9200000000e+02	 -3,61018e-01	 -1,53554e-01
348	  6,9400000000e+02	 -3,60674e-01	 -1,51361e-01
349	  6,9600000000e+02	 -3,60184e-01	 -1,46665e-01
350	  6,9800000000e+02	 -3,65175e-01	 -1,41014e-01
351	  7,0000000000e+02	 -3,67018e-01	 -1,38230e-01
352	  7,0200000000e+02	 -3,76453e-01	 -1,36026e-01
353	  7,0400000000e+02	 -3,79419e-01	 -1,34406e-01
354	  7,0600000000e+02	 -3,79112e-01	 -1,30994e-01
355	  7,0800000000e+02	 -3,81340e-01	 -1,27349e-01
356	  7,1000000000e+02	 -3,81704e-01	 -1,22462e-01
357	  7,1200000000e+02	 -3,85643e-01	 -1,16504e-01
358	  7,1400000000e+02	 -3,90811e-01	 -1,15027e-01
359	  7,1600000000e+02	 -3,89939e-01	 -1,12413e-01
360	  7,1800000000e+02	 -3,89434e-01	 -1,10050e-01
361	  7,2000000000e+02	 -3,95472e-01	 -1,00799e-01
362	  7,2200000000e+02	 -3,94744e-01	 -9,73831e-02
363	  7,2400000000e+02	 -3,97109e-01	 -9,54171e-02
364	  7,2600000000e+02	 -4,01924e-01	 -8,99354e-02
365	  7,2800000000e+02	 -4,02823e-01	 -8,58096e-02
366	  7,3000000000e+02	 -4,06191e-01	 -8,20888e-02
367	  7,3200000000e+02	 -4,12664e-01	 -7,44803e-02
368	  7,3400000000e+02	 -4,12776e-01	 -6,98910e-02
369	  7,3600000000e+02	 -4,13337e-01	 -6,70973e-02
370	  7,3800000000e+02	 -4,13036e-01	 -6,21809e-02
371	  7,4000000000e+02	 -4,11657e-01	 -5,70596e-02
372	  7,4200000000e+02	 -4,12554e-01	 -5,41340e-02
373	  7,4400000000e+02	 -4,13299e-01	 -4,84363e-02
374	  7,4600000000e+02	 -4,15362e-01	 -4,37111e-02
375	  7,4800000000e+02	 -4,15493e-01	 -3,62157e-02
376	  7,5000000000e+02	 -4,12771e-01	 -2,88233e-02
377	  7,5200000000e+02	 -4,16620e-01	 -2,68764e-02
378	  7,5400000000e+02	 -4,20023e-01	 -2,41243e-02
379	  7,5600000000e+02	 -4,20319e-01	 -2,00136e-02
380	  7,5800000000e+02	 -4,20245e-01	 -1,63153e-02
381	  7,6000000000e+02	 -4,19519e-01	 -8,11319e-03
382	  7,6200000000e+02	 -4,20707e-01	 -4,41127e-03
383	  7,6400000000e+02	 -4,21459e-01	 -8,91080e-05
384	  7,6600000000e+02	 -4,20443e-01	  8,24866e-03
385	  7,6800000000e+02	 -4,18379e-01	  9,72786e-03
386	  7,7000000000e+02	 -4,21631e-01	  1,35624e-02
387	  7,7200000000e+02	 -4,22277e-01	  2,21748e-02
388	  7,7400000000e+02	 -4,18875e-01	  2,63133e-02
389	  7,7600000000e+02	 -4,21225e-01	  3,12911e-02
390	  7,7800000000e+02	 -4,18304e-01	  3,42071e-02
391	  7,8000000000e+02	 -4,17231e-01	  3,88366e-02
392	  7,8200000000e+02	 -4,16362e-01	  4,33172e-02
393	  7,8400000000e+02	 -4,16114e-01	  4,85904e-02
394	  7,8600000000e+02	 -4,18020e-01	  5,02738e-02
395	  7,8800000000e+02	 -4,15780e-01	  5,40833e-02
396	  7,9000000000e+02	 -4,16947e-01	  6,24364e-02
397	  7,9200000000e+02	 -4,14241e-01	  6,65019e-02
398	  7,9400000000e+02	 -4,09829e-01	  6,76476e-02
399	  7,9600000000e+02	 -4,13271e-01	  7,03969e-02
400	  7,9800000000e+02	 -4,10713e-01	  7,77152e-02
401	  8,0000000000e+02	 -4,09512e-01	  8,25511e-02
402	  8,0200000000e+02	 -4,10587e-01	  8,96145e-02
403	  8,0400000000e+02	 -4,06626e-01	  9,47765e-02
404	  8,0600000000e+02	 -4,06846e-01	  9,58517e-02
405	  8,0800000000e+02	 -4,06119e-01	  9,89919e-02
406	  8,1000000000e+02	 -4,05818e-01	  1,02269e-01
407	  8,1200000000e+02	 -4,08182e-01	  1,03777e-01
408	  8,1400000000e+02	 -4,04387e-01	  1,10842e-01
409	  8,1600000000e+02	 -4,01941e-01	  1,12301e-01
410	  8,1800000000e+02	 -4,03724e-01	  1,17163e-01
411	  8,2000000000e+02	 -4,03095e-01	  1,19632e-01
412	  8,2200000000e+02	 -4,00186e-01	  1,24169e-01
413	  8,2400000000e+02	 -3,98066e-01	  1,27616e-01
414	  8,2600000000e+02	 -3,98603e-01	  1,32625e-01
415	  8,2800000000e+02	 -3,96446e-01	  1,36980e-01
416	  8,3000000000e+02	 -3,94077e-01	  1,42664e-01
417	  8,3200000000e+02	 -3,92587e-01	  1,46526e-01
418	  8,3400000000e+02	 -3,88924e-01	  1,52849e-01
419	  8,3600000000e+02	 -3,92648e-01	  1,55560e-01
420	  8,3800000000e+02	 -3,91652e-01	  1,62418e-01
421	  8,4000000000e+02	 -3,89201e-01	  1,68953e-01
422	  8,4200000000e+02	 -3,86040e-01	  1,74852e-01
423	  8,4400000000e+02	 -3,87230e-01	  1,78068e-01
424	  8,4600000000e+02	 -3,84817e-01	  1,80466e-01
425	  8,4800000000e+02	 -3,80361e-01	  1,79767e-01
426	  8,5000000000e+02	 -3,79018e-01	  1,84632e-01
427	  8,5200000000e+02	 -3,79097e-01	  1,88601e-01
428	  8,5400000000e+02	 -3,73774e-01	  1,93513e-01
429	  8,5600000000e+02	 -3,69930e-01	  1,96440e-01
430	  8,5800000000e+02	 -3,65908e-01	  2,03091e-01
431	  8,6000000000e+02	 -3,66110e-01	  2,07939e-01
432	  8,6200000000e+02	 -3,64389e-01	  2,13356e-01
433	  8,6400000000e+02	 -3,61507e-01	  2,13229e-01
434	  8,6600000000e+02	 -3,61015e-01	  2,17509e-01
435	  8,6800000000e+02	 -3,58460e-01	  2,19802e-01
436	  8,7000000000e+02	 -3,53045e-01	  2,21908e-01
437	  8,7200000000e+02	 -3,49302e-01	  2,26131e-01
438	  8,7400000000e+02	 -3,45137e-01	  2,30896e-01
439	  8,7600000000e+02	 -3,44644e-01	  2,34879e-01
440	  8,7800000000e+02	 -3,42674e-01	  2,39545e-01
441	  8,8000000000e+02	 -3,36791e-01	  2,40235e-01
442	  8,8200000000e+02	 -3,31952e-01	  2,41269e-01
443	  8,8400000000e+02	 -3,30071e-01	  2,44002e-01
444	  8,8600000000e+02	 -3,28174e-01	  2,47936e-01
445	  8,8800000000e+02	 -3,25582e-01	  2,51497e-01
446	  8,9000000000e+02	 -3,21267e-01	  2,51910e-01
447	  8,9200000000e+02	 -3,18449e-01	  2,50847e-01
448	  8,9400000000e+02	 -3,17819e-01	  2,48993e-01
449	  8,9600000000e+02	 -3,12683e-01	  2,51299e-01
450	  8,9800000000e+02	 -3,11529e-01	  2,53003e-01
451	  9,0000000000e+02	 -3,09574e-01	  2,55978e-01
452	  9,0200000000e+02	 -3,08440e-01	  2,59118e-01
453	  9,0400000000e+02	 -3,07397e-01	  2,60339e-01
454	  9,0600000000e+02	 -3,05631e-01	  2,60861e-01
455	  9,0800000000e+02	 -3,01498e-01	  2,64121e-01
456	  9,1000000000e+02	 -3,02464e-01	  2,68347e-01
457	  9,1200000000e+02	 -3,01874e-01	  2,71912e-01
458	  9,1400000000e+02	 -3,01685e-01	  2,73616e-01
459	  9,1600000000e+02	 -3,00950e-01	  2,75274e-01
460	  9,1800000000e+02	 -3,01147e-01	  2,79442e-01
461	  9,2000000000e+02	 -2,98579e-01	  2,83629e-01
462	  9,2200000000e+02	 -2,94222e-01	  2,88449e-01
463	  9,2400000000e+02	 -2,94975e-01	  2,92230e-01
464	  9,2600000000e+02	 -2,92568e-01	  2,96602e-01
465	  9,2800000000e+02	 -2,87341e-01	  3,02076e-01
466	  9,3000000000e+02	 -2,87324e-01	  3,03158e-01
467	  9,3200000000e+02	 -2,83501e-01	  3,06112e-01
468	  9,3400000000e+02	 -2,79968e-01	  3,11557e-01
469	  9,3600000000e+02	 -2,75204e-01	  3,12299e-01
470	  9,3800000000e+02	 -2,76657e-01	  3,15809e-01
471	  9,4000000000e+02	 -2,76992e-01	  3,23904e-01
472	  9,4200000000e+02	 -2,69877e-01	  3,28405e-01
473	  9,4400000000e+02	 -2,65431e-01	  3,28417e-01
474	  9,4600000000e+02	 -2,61425e-01	  3,37621e-01
475	  9,4800000000e+02	 -2,59755e-01	  3,40988e-01
476	  9,5000000000e+02	 -2,54403e-01	  3,44729e-01
477	  9,5200000000e+02	 -2,46507e-01	  3,49031e-01
478	  9,5400000000e+02	 -2,42288e-01	  3,50645e-01
479	  9,5600000000e+02	 -2,41392e-01	  3,48905e-01
480	  9,5800000000e+02	 -2,35968e-01	  3,52844e-01
481	  9,6000000000e+02	 -2,30085e-01	  3,53504e-01
482	  9,6200000000e+02	 -2,25299e-01	  3,55498e-01
483	  9,6400000000e+02	 -2,15473e-01	  3,57026e-01
484	  9,6600000000e+02	 -2,10118e-01	  3,60840e-01
485	  9,6800000000e+02	 -2,06952e-01	  3,61111e-01
486	  9,7000000000e+02	 -2,03212e-01	  3,61322e-01
487	  9,7200000000e+02	 -2,00815e-01	  3,62710e-01
488	  9,7400000000e+02	 -1,95542e-01	  3,62071e-01
489	  9,7600000000e+02	 -1,87091e-01	  3,62062e-01
490	  9,7800000000e+02	 -1,84018e-01	  3,62276e-01
491	  9,8000000000e+02	 -1,80665e-01	  3,66021e-01
492	  9,8200000000e+02	 -1,76119e-01	  3,69512e-01
493	  9,8400000000e+02	 -1,71591e-01	  3,68731e-01
494	  9,8600000000e+02	 -1,67607e-01	  3,68014e-01
495	  9,8800000000e+02	 -1,63629e-01	  3,66940e-01
496	  9,9000000000e+02	 -1,59122e-01	  3,66703e-01
497	  9,9200000000e+02	 -1,61322e-01	  3,67385e-01
498	  9,9400000000e+02	 -1,56965e-01	  3,68645e-01
499	  9,9600000000e+02	 -1,53493e-01	  3,67399e-01
500	  9,9800000000e+02	 -1,48699e-01	  3,68706e-01
501	  1,0000000000e+03	 -1,51575e-01	  3,70415e-01
502	  1,0020000000e+03	 -1,51281e-01	  3,70369e-01
503	  1,0040000000e+03	 -1,44294e-01	  3,69796e-01
504	  1,0060000000e+03	 -1,38718e-01	  3,69602e-01
505	  1,0080000000e+03	 -1,37854e-01	  3,71260e-01
506	  1,0100000000e+03	 -1,38263e-01	  3,77865e-01
507	  1,0120000000e+03	 -1,34232e-01	  3,79318e-01
508	  1,0140000000e+03	 -1,27980e-01	  3,81107e-01
509	  1,0160000000e+03	 -1,28114e-01	  3,84863e-01
510	  1,0180000000e+03	 -1,27167e-01	  3,81721e-01
511	  1,0200000000e+03	 -1,24064e-01	  3,81838e-01
512	  1,0220000000e+03	 -1,20133e-01	  3,86356e-01
513	  1,0240000000e+03	 -1,16102e-01	  3,89476e-01
514	  1,0260000000e+03	 -1,12837e-01	  3,93558e-01
515	  1,0280000000e+03	 -1,08753e-01	  3,95173e-01
516	  1,0300000000e+03	 -1,05444e-01	  3,94421e-01
517	  1,0320000000e+03	 -1,02708e-01	  3,94695e-01
518	  1,0340000000e+03	 -9,58931e-02	  3,95880e-01
519	  1,0360000000e+03	 -8,87317e-02	  3,96810e-01
520	  1,0380000000e+03	 -8,64148e-02	  3,96588e-01
521	  1,0400000000e+03	 -8,07000e-02	  3,95584e-01
522	  1,0420000000e+03	 -7,19090e-02	  3,99254e-01
523	  1,0440000000e+03	 -6,87992e-02	  4,03742e-01
524	  1,0460000000e+03	 -6,21081e-02	  3,98992e-01
525	  1,0480000000e+03	 -6,21748e-02	  3,97759e-01
526	  1,0500000000e+03	 -5,86215e-02	  3,95072e-01
527	  1,0520000000e+03	 -4,91869e-02	  3,98088e-01
528	  1,0540000000e+03	 -4,47095e-02	  3,99275e-01
529	  1,0560000000e+03	 -4,21209e-02	  3,91934e-01
530	  1,0580000000e+03	 -3,71781e-02	  3,89577e-01
531	  1,0600000000e+03	 -3,54293e-02	  3,93347e-01
532	  1,0620000000e+03	 -2,83366e-02	  3,95635e-01
533	  1,0640000000e+03	 -2,42416e-02	  3,94044e-01
534	  1,0660000000e+03	 -2,02055e-02	  3,90955e-01
535	  1,0680000000e+03	 -2,01707e-02	  3,91232e-01
536	  1,0700000000e+03	 -1,99757e-02	  3,89509e-01
537	  1,0720000000e+03	 -1,65917e-02	  3,87750e-01
538	  1,0740000000e+03	 -1,22867e-02	  3,86495e-01
539	  1,0760000000e+03	 -9,13154e-03	  3,82956e-01
540	  1,0780000000e+03	 -4,55650e-03	  3,81822e-01
541	  1,0800000000e+03	 -2,75450e-03	  3,81936e-01
542	  1,0820000000e+03	 -4,24984e-04	  3,84228e-01
543	  1,0840000000e+03	  6,33985e-03	  3,83763e-01
544	  1,0860000000e+03	  8,62802e-03	  3,83104e-01
545	  1,0880000000e+03	  6,93869e-03	  3,81191e-01
546	  1,0900000000e+03	  9,61196e-03	  3,81282e-01
547	  1,0920000000e+03	  1,36196e-02	  3,82475e-01
548	  1,0940000000e+03	  1,75641e-02	  3,82854e-01
549	  1,0960000000e+03	  1,98776e-02	  3,80071e-01
550	  1,0980000000e+03	  2,18907e-02	  3,78031e-01
551	  1,1000000000e+03	  2,43130e-02	  3,77930e-01
552	  1,1020000000e+03	  2,54822e-02	  3,75272e-01
553	  1,1040000000e+03	  2,95184e-02	  3,77215e-01
554	  1,1060000000e+03	  3,23152e-02	  3,75561e-01
555	  1,1080000000e+03	  3,55694e-02	  3,70385e-01
556	  1,1100000000e+03	  3,68136e-02	  3,71157e-01
557	  1,1120000000e+03	  3,90505e-02	  3,72335e-01
558	  1,1140000000e+03	  4,34262e-02	  3,68747e-01
559	  1,1160000000e+03	  4,33634e-02	  3,66189e-01
560	  1,1180000000e+03	  4,96322e-02	  3,67118e-01
561	  1,1200000000e+03	  5,43811e-02	  3,66597e-01
562	  1,1220000000e+03	  4,95239e-02	  3,62285e-01
563	  1,1240000000e+03	  4,82469e-02	  3,60295e-01
564	  1,1260000000e+03	  5,07636e-02	  3,60209e-01
565	  1,1280000000e+03	  5,11211e-02	  3,59993e-01
566	  1,1300000000e+03	  5,36813e-02	  3,57467e-01
567	  1,1320000000e+03	  5,46101e-02	  3,55763e-01
568	  1,1340000000e+03	  5,54567e-02	  3,55179e-01
569	  1,1360000000e+03	  5,36889e-02	  3,51847e-01
570	  1,1380000000e+03	  5,33003e-02	  3,51738e-01
571	  1,1400000000e+03	  5,62282e-02	  3,52181e-01
572	  1,1420000000e+03	  5,59614e-02	  3,53696e-01
573	  1,1440000000e+03	  4,99885e-02	  3,53755e-01
574	  1,1460000000e+03	  4,88662e-02	  3,55441e-01
575	  1,1480000000e+03	  4,87720e-02	  3,57283e-01
576	  1,1500000000e+03	  4,40577e-02	  3,57078e-01
577	  1,1520000000e+03	  4,03626e-02	  3,58958e-01
578	  1,1540000000e+03	  4,11779e-02	  3,63557e-01
579	  1,1560000000e+03	  3,98817e-02	  3,69930e-01
580	  1,1580000000e+03	  3,47987e-02	  3,76950e-01
581	  1,1600000000e+03	  3,80244e-02	  3,86866e-01
582	  1,1620000000e+03	  4,28418e-02	  3,96466e-01
583	  1,1640000000e+03	  4,94523e-02	  4,05638e-01
584	  1,1660000000e+03	  5,11429e-02	  4,11050e-01
585	  1,1680000000e+03	  5,99318e-02	  4,19390e-01
586	  1,1700000000e+03	  7,49352e-02	  4,29136e-01
587	  1,1720000000e+03	  8,00751e-02	  4,29822e-01
588	  1,1740000000e+03	  8,56863e-02	  4,36882e-01
589	  1,1760000000e+03	  9,74959e-02	  4,39548e-01
590	  1,1780000000e+03	  1,12869e-01	  4,41649e-01
591	  1,1800000000e+03	  1,20262e-01	  4,39823e-01
592	  1,1820000000e+03	  1,26446e-01	  4,38892e-01
593	  1,1840000000e+03	  1,35635e-01	  4,43139e-01
594	  1,1860000000e+03	  1,45913e-01	  4,43520e-01
595	  1,1880000000e+03	  1,53948e-01	  4,37486e-01
596	  1,1900000000e+03	  1,63731e-01	  4,35250e-01
597	  1,1920000000e+03	  1,69896e-01	  4,35135e-01
598	  1,1940000000e+03	  1,76688e-01	  4,31723e-01
599	  1,1960000000e+03	  1,88130e-01	  4,32072e-01
600	  1,1980000000e+03	  1,96415e-01	  4,26393e-01
601	  1,2000000000e+03	  2,03225e-01	  4,19480e-01
602	  1,2020000000e+03	  2,09540e-01	  4,21065e-01
603	  1,2040000000e+03	  2,16600e-01	  4,19806e-01
604	  1,2060000000e+03	  2,21903e-01	  4,10443e-01
605	  1,2080000000e+03	  2,28095e-01	  4,07005e-01
606	  1,2100000000e+03	  2,35902e-01	  4,01773e-01
607	  1,2120000000e+03	  2,42308e-01	  3,96911e-01
608	  1,2140000000e+03	  2,46440e-01	  3,96674e-01
609	  1,2160000000e+03	  2,53180e-01	  3,93836e-01
610	  1,2180000000e+03	  2,59997e-01	  3,87759e-01
611	  1,2200000000e+03	  2,64736e-01	  3,83892e-01
612	  1,2220000000e+03	  2,66680e-01	  3,76681e-01
613	  1,2240000000e+03	  2,73503e-01	  3,71410e-01
614	  1,2260000000e+03	  2,77648e-01	  3,64638e-01
615	  1,2280000000e+03	  2,81723e-01	  3,60814e-01
616	  1,2300000000e+03	  2,85038e-01	  3,58358e-01
617	  1,2320000000e+03	  2,91183e-01	  3,54185e-01
618	  1,2340000000e+03	  2,98594e-01	  3,48509e-01
619	  1,2360000000e+03	  3,01910e-01	  3,44148e-01
620	  1,2380000000e+03	  3,02218e-01	  3,37695e-01
621	  1,2400000000e+03	  3,05661e-01	  3,32526e-01
622	  1,2420000000e+03	  3,05444e-01	  3,27110e-01
623	  1,2440000000e+03	  3,07194e-01	  3,21015e-01
624	  1,2460000000e+03	  3,08454e-01	  3,16843e-01
625	  1,2480000000e+03	  3,09408e-01	  3,11239e-01
626	  1,2500000000e+03	  3,12436e-01	  3,06603e-01
627	  1,2520000000e+03	  3,14662e-01	  3,01978e-01
628	  1,2540000000e+03	  3,16381e-01	  2,97917e-01
629	  1,2560000000e+03	  3,17611e-01	  2,94138e-01
630	  1,2580000000e+03	  3,18658e-01	  2,94749e-01
631	  1,2600000000e+03	  3,17627e-01	  2,89883e-01
632	  1,2620000000e+03	  3,17746e-01	  2,82994e-01
633	  1,2640000000e+03	  3,22386e-01	  2,77209e-01
634	  1,2660000000e+03	  3,27297e-01	  2,77855e-01
635	  1,2680000000e+03	  3,24030e-01	  2,74159e-01
636	  1,2700000000e+03	  3,23066e-01	  2,69616e-01
637	  1,2720000000e+03	  3,26210e-01	  2,69095e-01
638	  1,2740000000e+03	  3,29510e-01	  2,67801e-01
639	  1,2760000000e+03	  3,27674e-01	  2,64496e-01
640	  1,2780000000e+03	  3,28403e-01	  2,63694e-01
641	  1,2800000000e+03	  3,30188e-01	  2,60009e-01
642	  1,2820000000e+03	  3,27588e-01	  2,59450e-01
643	  1,2840000000e+03	  3,30925e-01	  2,57149e-01
644	  1,2860000000e+03	  3,42121e-01	  2,54855e-01
645	  1,2880000000e+03	  3,42961e-01	  2,53596e-01
646	  1,2900000000e+03	  3,43084e-01	  2,53591e-01
647	  1,2920000000e+03	  3,46887e-01	  2,50409e-01
648	  1,2940000000e+03	  3,47788e-01	  2,46595e-01
649	  1,2960000000e+03	  3,50115e-01	  2,47092e-01
650	  1,2980000000e+03	  3,55023e-01	  2,44127e-01
651	  1,3000000000e+03	  3,56106e-01	  2,40216e-01
652	  1,3020000000e+03	  3,57412e-01	  2,34772e-01
653	  1,3040000000e+03	  3,61956e-01	  2,35568e-01
654	  1,3060000000e+03	  3,67633e-01	  2,29455e-01
655	  1,3080000000e+03	  3,68372e-01	  2,25056e-01
656	  1,3100000000e+03	  3,70103e-01	  2,20511e-01
657	  1,3120000000e+03	  3,76597e-01	  2,18523e-01
658	  1,3140000000e+03	  3,81081e-01	  2,15982e-01
659	  1,3160000000e+03	  3,84819e-01	  2,12079e-01
660	  1,3180000000e+03	  3,89320e-01	  2,07421e-01
661	  1,3200000000e+03	  3,89555e-01	  1,99880e-01
662	  1,3220000000e+03	  3,91692e-01	  1,96157e-01
663	  1,3240000000e+03	  3,93597e-01	  1,94198e-01
664	  1,3260000000e+03	  3,92746e-01	  1,88437e-01
665	  1,3280000000e+03	  3,96341e-01	  1,81428e-01
666	  1,3300000000e+03	  4,00496e-01	  1,77572e-01
667	  1,3320000000e+03	  3,99367e-01	  1,70798e-01
668	  1,3340000000e+03	  3,96261e-01	  1,64517e-01
669	  1,3360000000e+03	  4,00828e-01	  1,61076e-01
670	  1,3380000000e+03	  4,04501e-01	  1,58774e-01
671	  1,3400000000e+03	  4,10454e-01	  1,53870e-01
672	  1,3420000000e+03	  4,10331e-01	  1,46227e-01
673	  1,3440000000e+03	  4,09468e-01	  1,39918e-01
674	  1,3460000000e+03	  4,11783e-01	  1,33218e-01
675	  1,3480000000e+03	  4,11629e-01	  1,32577e-01
676	  1,3500000000e+03	  4,10437e-01	  1,30276e-01
677	  1,3520000000e+03	  4,08689e-01	  1,25533e-01
678	  1,3540000000e+03	  4,08768e-01	  1,24438e-01
679	  1,3560000000e+03	  4,09965e-01	  1,20897e-01
680	  1,3580000000e+03	  4,10084e-01	  1,16551e-01
681	  1,3600000000e+03	  4,09275e-01	  1,09739e-01
682	  1,3620000000e+03	  4,10040e-01	  1,05061e-01
683	  1,3640000000e+03	  4,12975e-01	  1,02930e-01
684	  1,3660000000e+03	  4,08167e-01	  9,76975e-02
685	  1,3680000000e+03	  4,08465e-01	  8,94599e-02
686	  1,3700000000e+03	  4,09114e-01	  8,73907e-02
687	  1,3720000000e+03	  4,06305e-01	  8,30031e-02
688	  1,3740000000e+03	  4,07712e-01	  7,76569e-02
689	  1,3760000000e+03	  4,08192e-01	  7,67208e-02
690	  1,3780000000e+03	  4,09361e-01	  7,48679e-02
691	  1,3800000000e+03	  4,09796e-01	  7,27139e-02
692	  1,3820000000e+03	  4,10566e-01	  6,73529e-02
693	  1,3840000000e+03	  4,10818e-01	  6,21142e-02
694	  1,3860000000e+03	  4,11743e-01	  6,19589e-02
695	  1,3880000000e+03	  4,10343e-01	  5,97451e-02
696	  1,3900000000e+03	  4,11528e-01	  5,51280e-02
697	  1,3920000000e+03	  4,10121e-01	  4,76279e-02
698	  1,3940000000e+03	  4,12025e-01	  4,30470e-02
699	  1,3960000000e+03	  4,12742e-01	  4,10312e-02
700	  1,3980000000e+03	  4,11713e-01	  3,92582e-02
701	  1,4000000000e+03	  4,12172e-01	  3,29350e-02
702	  1,4020000000e+03	  4,11088e-01	  3,00429e-02
703	  1,4040000000e+03	  4,11640e-01	  2,90370e-02
704	  1,4060000000e+03	  4,10362e-01	  2,39356e-02
705	  1,4080000000e+03	  4,08677e-01	  2,13212e-02
706	  1,4100000000e+03	  4,07325e-01	  1,82696e-02
707	  1,4120000000e+03	  4,05604e-01	  1,77696e-02
708	  1,4140000000e+03	  4,05422e-01	  1,33523e-02
709	  1,4160000000e+03	  4,05909e-01	  8,44365e-03
710	  1,4180000000e+03	  4,04225e-01	  4,91374e-03
711	  1,4200000000e+03	  4,05756e-01	  3,90498e-03
712	  1,4220000000e+03	  4,10025e-01	  2,57337e-03
713	  1,4240000000e+03	  4,09646e-01	  6,58499e-04
714	  1,4260000000e+03	  4,07451e-01	 -1,64554e-03
715	  1,4280000000e+03	  4,09349e-01	 -7,87837e-03
716	  1,4300000000e+03	  4,08620e-01	 -8,70182e-03
717	  1,4320000000e+03	  4,07476e-01	 -1,61447e-02
718	  1,4340000000e+03	  4,04993e-01	 -2,28827e-02
719	  1,4360000000e+03	  4,03583e-01	 -2,17473e-02
720	  1,4380000000e+03	  4,06180e-01	 -2,37901e-02
721	  1,4400000000e+03	  4,06953e-01	 -2,54045e-02
722	  1,4420000000e+03	  4,06720e-01	 -3,22241e-02
723	  1,4440000000e+03	  4,10884e-01	 -3,77500e-02
724	  1,4460000000e+03	  4,12008e-01	 -3,81146e-02
725	  1,4480000000e+03	  4,11398e-01	 -4,02729e-02
726	  1,4500000000e+03	  4,08268e-01	 -4,60217e-02
727	  1,4520000000e+03	  4,10020e-01	 -4,74044e-02
728	  1,4540000000e+03	  4,08193e-01	 -5,25495e-02
729	  1,4560000000e+03	  4,11036e-01	 -5,76904e-02
730	  1,4580000000e+03	  4,11462e-01	 -5,88034e-02
731	  1,4600000000e+03	  4,09065e-01	 -6,17010e-02
732	  1,4620000000e+03	  4,07451e-01	 -6,72412e-02
733	  1,4640000000e+03	  4,12644e-01	 -7,12602e-02
734	  1,4660000000e+03	  4,12594e-01	 -7,41156e-02
735	  1,4680000000e+03	  4,11213e-01	 -7,89207e-02
736	  1,4700000000e+03	  4,10286e-01	 -8,11291e-02
737	  1,4720000000e+03	  4,12419e-01	 -8,45281e-02
738	  1,4740000000e+03	  4,13669e-01	 -8,84704e-02
739	  1,4760000000e+03	  4,10829e-01	 -9,49764e-02
740	  1,4780000000e+03	  4,11483e-01	 -9,78609e-02
741	  1,4800000000e+03	  4,10819e-01	 -1,04600e-01
742	  1,4820000000e+03	  4,09471e-01	 -1,09972e-01
743	  1,4840000000e+03	  4,09327e-01	 -1,12758e-01
744	  1,4860000000e+03	  4,13392e-01	 -1,16925e-01
745	  1,4880000000e+03	  4,11186e-01	 -1,24936e-01
746	  1,4900000000e+03	  4,08769e-01	 -1,29185e-01
747	  1,4920000000e+03	  4,07729e-01	 -1,31370e-01
748	  1,4940000000e+03	  4,04782e-01	 -1,38669e-01
749	  1,4960000000e+03	  4,02027e-01	 -1,46013e-01
750	  1,4980000000e+03	  3,99337e-01	 -1,52906e-01
751	  1,5000000000e+03	  3,94540e-01	 -1,56885e-01
752	  1,5020000000e+03	  3,91860e-01	 -1,60310e-01
753	  1,5040000000e+03	  3,87865e-01	 -1,60506e-01
754	  1,5060000000e+03	  3,84359e-01	 -1,66753e-01
755	  1,5080000000e+03	  3,81384e-01	 -1,75381e-01
756	  1,5100000000e+03	  3,79657e-01	 -1,71537e-01
757	  1,5120000000e+03	  3,78350e-01	 -1,70149e-01
758	  1,5140000000e+03	  3,76684e-01	 -1,75066e-01
759	  1,5160000000e+03	  3,71957e-01	 -1,78525e-01
760	  1,5180000000e+03	  3,67779e-01	 -1,81323e-01
761	  1,5200000000e+03	  3,61791e-01	 -1,85331e-01
762	  1,5220000000e+03	  3,61019e-01	 -1,86742e-01
763	  1,5240000000e+03	  3,60295e-01	 -1,86679e-01
764	  1,5260000000e+03	  3,62331e-01	 -1,92269e-01
765	  1,5280000000e+03	  3,60622e-01	 -1,95629e-01
766	  1,5300000000e+03	  3,52485e-01	 -1,98617e-01
767	  1,5320000000e+03	  3,46685e-01	 -2,00529e-01
768	  1,5340000000e+03	  3,43559e-01	 -1,98872e-01
769	  1,5360000000e+03	  3,45157e-01	 -1,96924e-01
770	  1,5380000000e+03	  3,45271e-01	 -1,97488e-01
771	  1,5400000000e+03	  3,41337e-01	 -2,00377e-01
772	  1,5420000000e+03	  3,39660e-01	 -2,06974e-01
773	  1,5440000000e+03	  3,38168e-01	 -2,05394e-01
774	  1,5460000000e+03	  3,37696e-01	 -2,07648e-01
775	  1,5480000000e+03	  3,39314e-01	 -2,13099e-01
776	  1,5500000000e+03	  3,38463e-01	 -2,17115e-01
777	  1,5520000000e+03	  3,38178e-01	 -2,15333e-01
778	  1,5540000000e+03	  3,39643e-01	 -2,16697e-01
779	  1,5560000000e+03	  3,38179e-01	 -2,20111e-01
780	  1,5580000000e+03	  3,36968e-01	 -2,23067e-01
781	  1,5600000000e+03	  3,34590e-01	 -2,24111e-01
782	  1,5620000000e+03	  3,33194e-01	 -2,26923e-01
783	  1,5640000000e+03	  3,35059e-01	 -2,29608e-01
784	  1,5660000000e+03	  3,34989e-01	 -2,30159e-01
785	  1,5680000000e+03	  3,32979e-01	 -2,35190e-01
786	  1,5700000000e+03	  3,32669e-01	 -2,36810e-01
787	  1,5720000000e+03	  3,32463e-01	 -2,41169e-01
788	  1,5740000000e+03	  3,30753e-01	 -2,45410e-01
789	  1,5760000000e+03	  3,27465e-01	 -2,52413e-01
790	  1,5780000000e+03	  3,27615e-01	 -2,56763e-01
791	  1,5800000000e+03	  3,23606e-01	 -2,57261e-01
792	  1,5820000000e+03	  3,21833e-01	 -2,59795e-01
793	  1,5840000000e+03	  3,21481e-01	 -2,63977e-01
794	  1,5860000000e+03	  3,23315e-01	 -2,67160e-01
795	  1,5880000000e+03	  3,18638e-01	 -2,72068e-01
796	  1,5900000000e+03	  3,20051e-01	 -2,75490e-01
797	  1,5920000000e+03	  3,19913e-01	 -2,79937e-01
798	  1,5940000000e+03	  3,18066e-01	 -2,86056e-01
799	  1,5960000000e+03	  3,16835e-01	 -2,93016e-01
800	  1,5980000000e+03	  3,12082e-01	 -3,01836e-01
801	  1,6000000000e+03	  3,06584e-01	 -3,00915e-01
802	  1,6020000000e+03	  3,06357e-01	 -3,01868e-01
803	  1,6040000000e+03	  3,04289e-01	 -3,04662e-01
804	  1,6060000000e+03	  2,98543e-01	 -3,10836e-01
805	  1,6080000000e+03	  2,94809e-01	 -3,14008e-01
806	  1,6100000000e+03	  2,89983e-01	 -3,21227e-01
807	  1,6120000000e+03	  2,87794e-01	 -3,24982e-01
808	  1,6140000000e+03	  2,86467e-01	 -3,29439e-01
809	  1,6160000000e+03	  2,82097e-01	 -3,35970e-01
810	  1,6180000000e+03	  2,79050e-01	 -3,36304e-01
811	  1,6200000000e+03	  2,71379e-01	 -3,36954e-01
812	  1,6220000000e+03	  2,65650e-01	 -3,40123e-01
813	  1,6240000000e+03	  2,62789e-01	 -3,43375e-01
814	  1,6260000000e+03	  2,56660e-01	 -3,45325e-01
815	  1,6280000000e+03	  2,49044e-01	 -3,47655e-01
816	  1,6300000000e+03	  2,47074e-01	 -3,52274e-01
817	  1,6320000000e+03	  2,43673e-01	 -3,50840e-01
818	  1,6340000000e+03	  2,36613e-01	 -3,49784e-01
819	  1,6360000000e+03	  2,32305e-01	 -3,52859e-01
820	  1,6380000000e+03	  2,29097e-01	 -3,53800e-01
821	  1,6400000000e+03	  2,21537e-01	 -3,56661e-01
822	  1,6420000000e+03	  2,18800e-01	 -3,57457e-01
823	  1,6440000000e+03	  2,19407e-01	 -3,55520e-01
824	  1,6460000000e+03	  2,15531e-01	 -3,53673e-01
825	  1,6480000000e+03	  2,13117e-01	 -3,52827e-01
826	  1,6500000000e+03	  2,12383e-01	 -3,52806e-01
827	  1,6520000000e+03	  2,07417e-01	 -3,55468e-01
828	  1,6540000000e+03	  2,04388e-01	 -3,55547e-01
829	  1,6560000000e+03	  2,04688e-01	 -3,54638e-01
830	  1,6580000000e+03	  1,98673e-01	 -3,55306e-01
831	  1,6600000000e+03	  1,97451e-01	 -3,54108e-01
832	  1,6620000000e+03	  1,99883e-01	 -3,55930e-01
833	  1,6640000000e+03	  1,97490e-01	 -3,56595e-01
834	  1,6660000000e+03	  1,97276e-01	 -3,61066e-01
835	  1,6680000000e+03	  1,98452e-01	 -3,62341e-01
836	  1,6700000000e+03	  1,96596e-01	 -3,67574e-01
837	  1,6720000000e+03	  1,93624e-01	 -3,70626e-01
838	  1,6740000000e+03	  1,89638e-01	 -3,72032e-01
839	  1,6760000000e+03	  1,85781e-01	 -3,73893e-01
840	  1,6780000000e+03	  1,85367e-01	 -3,75913e-01
841	  1,6800000000e+03	  1,84980e-01	 -3,80882e-01
842	  1,6820000000e+03	  1,85160e-01	 -3,84038e-01
843	  1,6840000000e+03	  1,82194e-01	 -3,86373e-01
844	  1,6860000000e+03	  1,76201e-01	 -3,87614e-01
845	  1,6880000000e+03	  1,72171e-01	 -3,89617e-01
846	  1,6900000000e+03	  1,68692e-01	 -3,93500e-01
847	  1,6920000000e+03	  1,69322e-01	 -3,97210e-01
848	  1,6940000000e+03	  1,65705e-01	 -4,01210e-01
849	  1,6960000000e+03	  1,62727e-01	 -4,01192e-01
850	  1,6980000000e+03	  1,60464e-01	 -4,04662e-01
851	  1,7000000000e+03	  1,55386e-01	 -4,09458e-01
852	  1,7020000000e+03	  1,53039e-01	 -4,13084e-01
853	  1,7040000000e+03	  1,50868e-01	 -4,15285e-01
854	  1,7060000000e+03	  1,45576e-01	 -4,17785e-01
855	  1,7080000000e+03	  1,39926e-01	 -4,20658e-01
856	  1,7100000000e+03	  1,34866e-01	 -4,22636e-01
857	  1,7120000000e+03	  1,30351e-01	 -4,29062e-01
858	  1,7140000000e+03	  1,22631e-01	 -4,35519e-01
859	  1,7160000000e+03	  1,18515e-01	 -4,38758e-01
860	  1,7180000000e+03	  1,13643e-01	 -4,37596e-01
861	  1,7200000000e+03	  1,05395e-01	 -4,38963e-01
862	  1,7220000000e+03	  1,03687e-01	 -4,42924e-01
863	  1,7240000000e+03	  9,62349e-02	 -4,47027e-01
864	  1,7260000000e+03	  8,95962e-02	 -4,49766e-01
865	  1,7280000000e+03	  8,32462e-02	 -4,47546e-01
866	  1,7300000000e+03	  7,84104e-02	 -4,51513e-01
867	  1,7320000000e+03	  7,36430e-02	 -4,49760e-01
868	  1,7340000000e+03	  6,83375e-02	 -4,51351e-01
869	  1,7360000000e+03	  6,07123e-02	 -4,50099e-01
870	  1,7380000000e+03	  5,27525e-02	 -4,46683e-01
871	  1,7400000000e+03	  4,81308e-02	 -4,48141e-01
872	  1,7420000000e+03	  4,36543e-02	 -4,50957e-01
873	  1,7440000000e+03	  3,75523e-02	 -4,50519e-01
874	  1,7460000000e+03	  3,32683e-02	 -4,48606e-01
875	  1,7480000000e+03	  2,80570e-02	 -4,47446e-01
876	  1,7500000000e+03	  2,56912e-02	 -4,47366e-01
877	  1,7520000000e+03	  2,11199e-02	 -4,43545e-01
878	  1,7540000000e+03	  1,11814e-02	 -4,44121e-01
879	  1,7560000000e+03	  7,96756e-03	 -4,45042e-01
880	  1,7580000000e+03	  6,84602e-03	 -4,42740e-01
881	  1,7600000000e+03	  3,61606e-03	 -4,41526e-01
882	  1,7620000000e+03	 -6,12376e-04	 -4,37949e-01
883	  1,7640000000e+03	 -3,62832e-03	 -4,36327e-01
884	  1,7660000000e+03	 -9,56691e-03	 -4,35771e-01
885	  1,7680000000e+03	 -1,13882e-02	 -4,32477e-01
886	  1,7700000000e+03	 -1,91943e-02	 -4,31561e-01
887	  1,7720000000e+03	 -2,05288e-02	 -4,30136e-01
888	  1,7740000000e+03	 -2,47347e-02	 -4,32161e-01
889	  1,7760000000e+03	 -2,92437e-02	 -4,33134e-01
890	  1,7780000000e+03	 -2,83511e-02	 -4,33144e-01
891	  1,7800000000e+03	 -3,26465e-02	 -4,30734e-01
892	  1,7820000000e+03	 -3,60184e-02	 -4,27217e-01
893	  1,7840000000e+03	 -3,73924e-02	 -4,27994e-01
894	  1,7860000000e+03	 -4,29324e-02	 -4,29865e-01
895	  1,7880000000e+03	 -4,61440e-02	 -4,27949e-01
896	  1,7900000000e+03	 -4,71263e-02	 -4,30729e-01
897	  1,7920000000e+03	 -4,99058e-02	 -4,28893e-01
898	  1,7940000000e+03	 -5,40533e-02	 -4,30367e-01
899	  1,7960000000e+03	 -5,90204e-02	 -4,30220e-01
900	  1,7980000000e+03	 -6,26255e-02	 -4,32891e-01
901	  1,8000000000e+03	 -6,61483e-02	 -4,33439e-01
902	  1,8020000000e+03	 -6,89498e-02	 -4,30214e-01
903	  1,8040000000e+03	 -7,20795e-02	 -4,26116e-01
904	  1,8060000000e+03	 -7,88641e-02	 -4,26479e-01
905	  1,8080000000e+03	 -7,85149e-02	 -4,29814e-01
906	  1,8100000000e+03	 -8,31705e-02	 -4,30471e-01
907	  1,8120000000e+03	 -9,06883e-02	 -4,25894e-01
908	  1,8140000000e+03	 -9,61077e-02	 -4,26994e-01
909	  1,8160000000e+03	 -1,00860e-01	 -4,28171e-01
910	  1,8180000000e+03	 -1,02955e-01	 -4,27043e-01
911	  1,8200000000e+03	 -1,04560e-01	 -4,25221e-01
912	  1,8220000000e+03	 -1,07622e-01	 -4,24974e-01
913	  1,8240000000e+03	 -1,09846e-01	 -4,24781e-01
914	  1,8260000000e+03	 -1,11730e-01	 -4,24309e-01
915	  1,8280000000e+03	 -1,13720e-01	 -4,25410e-01
916	  1,8300000000e+03	 -1,22287e-01	 -4,26535e-01
917	  1,8320000000e+03	 -1,25244e-01	 -4,22481e-01
918	  1,8340000000e+03	 -1,28506e-01	 -4,16065e-01
919	  1,8360000000e+03	 -1,35535e-01	 -4,13933e-01
920	  1,8380000000e+03	 -1,39150e-01	 -4,16848e-01
921	  1,8400000000e+03	 -1,37789e-01	 -4,16931e-01
922	  1,8420000000e+03	 -1,41141e-01	 -4,17253e-01
923	  1,8440000000e+03	 -1,45853e-01	 -4,16665e-01
924	  1,8460000000e+03	 -1,52050e-01	 -4,18498e-01
925	  1,8480000000e+03	 -1,61147e-01	 -4,16877e-01
926	  1,8500000000e+03	 -1,65409e-01	 -4,11128e-01
927	  1,8520000000e+03	 -1,68069e-01	 -4,10966e-01
928	  1,8540000000e+03	 -1,70714e-01	 -4,11075e-01
929	  1,8560000000e+03	 -1,75644e-01	 -4,09454e-01
930	  1,8580000000e+03	 -1,84264e-01	 -4,08986e-01
931	  1,8600000000e+03	 -1,84399e-01	 -4,07876e-01
932	  1,8620000000e+03	 -1,85915e-01	 -4,04612e-01
933	  1,8640000000e+03	 -1,93061e-01	 -4,06146e-01
934	  1,8660000000e+03	 -1,99005e-01	 -4,03810e-01
935	  1,8680000000e+03	 -2,04684e-01	 -3,99343e-01
936	  1,8700000000e+03	 -2,06035e-01	 -3,96809e-01
937	  1,8720000000e+03	 -2,08851e-01	 -3,95270e-01
938	  1,8740000000e+03	 -2,13444e-01	 -3,92850e-01
939	  1,8760000000e+03	 -2,20250e-01	 -3,89314e-01
940	  1,8780000000e+03	 -2,24040e-01	 -3,85842e-01
941	  1,8800000000e+03	 -2,28089e-01	 -3,87596e-01
942	  1,8820000000e+03	 -2,33662e-01	 -3,85411e-01
943	  1,8840000000e+03	 -2,34252e-01	 -3,81752e-01
944	  1,8860000000e+03	 -2,34692e-01	 -3,78618e-01
945	  1,8880000000e+03	 -2,39952e-01	 -3,75250e-01
946	  1,8900000000e+03	 -2,48623e-01	 -3,72288e-01
947	  1,8920000000e+03	 -2,50692e-01	 -3,70664e-01
948	  1,8940000000e+03	 -2,53072e-01	 -3,67185e-01
949	  1,8960000000e+03	 -2,54285e-01	 -3,64278e-01
950	  1,8980000000e+03	 -2,57226e-01	 -3,62470e-01
951	  1,9000000000e+03	 -2,60161e-01	 -3,62208e-01
952	  1,9020000000e+03	 -2,62220e-01	 -3,62697e-01
953	  1,9040000000e+03	 -2,65703e-01	 -3,62804e-01
954	  1,9060000000e+03	 -2,67879e-01	 -3,59807e-01
955	  1,9080000000e+03	 -2,72633e-01	 -3,53860e-01
956	  1,9100000000e+03	 -2,77647e-01	 -3,52503e-01
957	  1,9120000000e+03	 -2,79388e-01	 -3,48371e-01
958	  1,9140000000e+03	 -2,80826e-01	 -3,45019e-01
959	  1,9160000000e+03	 -2,84576e-01	 -3,40216e-01
960	  1,9180000000e+03	 -2,90141e-01	 -3,38191e-01
961	  1,9200000000e+03	 -2,93610e-01	 -3,35136e-01
962	  1,9220000000e+03	 -2,96103e-01	 -3,31006e-01
963	  1,9240000000e+03	 -2,96832e-01	 -3,31622e-01
964	  1,9260000000e+03	 -2,98019e-01	 -3,29504e-01
965	  1,9280000000e+03	 -2,99544e-01	 -3,26047e-01
966	  1,9300000000e+03	 -3,00903e-01	 -3,25730e-01
967	  1,9320000000e+03	 -3,03218e-01	 -3,26843e-01
968	  1,9340000000e+03	 -3,04595e-01	 -3,27957e-01
969	  1,9360000000e+03	 -3,07064e-01	 -3,25951e-01
970	  1,9380000000e+03	 -3,11204e-01	 -3,23325e-01
971	  1,9400000000e+03	 -3,14583e-01	 -3,19122e-01
972	  1,9420000000e+03	 -3,19138e-01	 -3,16855e-01
973	  1,9440000000e+03	 -3,21790e-01	 -3,18960e-01
974	  1,9460000000e+03	 -3,29206e-01	 -3,18541e-01
975	  1,9480000000e+03	 -3,34651e-01	 -3,15000e-01
976	  1,9500000000e+03	 -3,38533e-01	 -3,08802e-01
977	  1,9520000000e+03	 -3,42901e-01	 -3,02369e-01
978	  1,9540000000e+03	 -3,44642e-01	 -2,99736e-01
979	  1,9560000000e+03	 -3,48460e-01	 -2,97223e-01
980	  1,9580000000e+03	 -3,50153e-01	 -2,97773e-01
981	  1,9600000000e+03	 -3,55886e-01	 -2,99155e-01
982	  1,9620000000e+03	 -3,63145e-01	 -2,93865e-01
983	  1,9640000000e+03	 -3,65057e-01	 -2,89704e-01
984	  1,9660000000e+03	 -3,68652e-01	 -2,88733e-01
985	  1,9680000000e+03	 -3,74136e-01	 -2,87571e-01
986	  1,9700000000e+03	 -3,78783e-01	 -2,81708e-01
987	  1,9720000000e+03	 -3,80874e-01	 -2,75685e-01
988	  1,9740000000e+03	 -3,82955e-01	 -2,70283e-01
989	  1,9760000000e+03	 -3,89957e-01	 -2,68042e-01
990	  1,9780000000e+03	 -3,95478e-01	 -2,65846e-01
991	  1,9800000000e+03	 -4,02250e-01	 -2,60994e-01
992	  1,9820000000e+03	 -4,05910e-01	 -2,58501e-01
993	  1,9840000000e+03	 -4,12267e-01	 -2,54894e-01
994	  1,9860000000e+03	 -4,15462e-01	 -2,52410e-01
995	  1,9880000000e+03	 -4,17530e-01	 -2,47022e-01
996	  1,9900000000e+03	 -4,21186e-01	 -2,36202e-01
997	  1,9920000000e+03	 -4,24240e-01	 -2,31851e-01
998	  1,9940000000e+03	 -4,22589e-01	 -2,24831e-01
999	  1,9960000000e+03	 -4,28937e-01	 -2,17895e-01
1000	  1,9980000000e+03	 -4,29516e-01	 -2,14733e-01
1001	  2,0000000000e+03	 -4,29375e-01	 -2,09682e-01
1002	  2,0020000000e+03	 -4,32929e-01	 -2,02657e-01
1003	  2,0040000000e+03	 -4,35103e-01	 -1,93907e-01
1004	  2,0060000000e+03	 -4,35437e-01	 -1,91661e-01
1005	  2,0080000000e+03	 -4,37228e-01	 -1,86434e-01
1006	  2,0100000000e+03	 -4,39635e-01	 -1,77627e-01
1007	  2,0120000000e+03	 -4,38980e-01	 -1,77040e-01
1008	  2,0140000000e+03	 -4,38170e-01	 -1,70024e-01
1009	  2,0160000000e+03	 -4,43170e-01	 -1,60478e-01
1010	  2,0180000000e+03	 -4,44009e-01	 -1,59868e-01
1011	  2,0200000000e+03	 -4,44621e-01	 -1,56576e-01
1012	  2,0220000000e+03	 -4,43104e-01	 -1,48839e-01
1013	  2,0240000000e+03	 -4,41547e-01	 -1,41832e-01
1014	  2,0260000000e+03	 -4,42520e-01	 -1,37858e-01
1015	  2,0280000000e+03	 -4,41721e-01	 -1,35036e-01
1016	  2,0300000000e+03	 -4,41987e-01	 -1,30316e-01
1017	  2,0320000000e+03	 -4,40020e-01	 -1,28661e-01
1018	  2,0340000000e+03	 -4,41114e-01	 -1,25705e-01
1019	  2,0360000000e+03	 -4,39896e-01	 -1,21120e-01
1020	  2,0380000000e+03	 -4,42931e-01	 -1,17630e-01
1021	  2,0400000000e+03	 -4,45518e-01	 -1,12767e-01
1022	  2,0420000000e+03	 -4,45564e-01	 -1,10769e-01
1023	  2,0440000000e+03	 -4,46984e-01	 -1,06581e-01
1024	  2,0460000000e+03	 -4,49495e-01	 -1,04238e-01
1025	  2,0480000000e+03	 -4,48453e-01	 -1,01665e-01
1026	  2,0500000000e+03	 -4,48639e-01	 -9,95394e-02
1027	  2,0520000000e+03	 -4,51917e-01	 -9,61014e-02
1028	  2,0540000000e+03	 -4,53475e-01	 -9,27299e-02
1029	  2,0560000000e+03	 -4,51408e-01	 -8,51228e-02
1030	  2,0580000000e+03	 -4,51401e-01	 -8,25329e-02
1031	  2,0600000000e+03	 -4,52304e-01	 -8,25270e-02
1032	  2,0620000000e+03	 -4,56303e-01	 -7,84516e-02
1033	  2,0640000000e+03	 -4,56396e-01	 -7,40632e-02
1034	  2,0660000000e+03	 -4,56781e-01	 -7,11427e-02
1035	  2,0680000000e+03	 -4,56468e-01	 -6,66404e-02
1036	  2,0700000000e+03	 -4,58164e-01	 -6,12727e-02
1037	  2,0720000000e+03	 -4,61709e-01	 -6,02631e-02
1038	  2,0740000000e+03	 -4,64654e-01	 -5,82468e-02
1039	  2,0760000000e+03	 -4,62352e-01	 -5,53339e-02
1040	  2,0780000000e+03	 -4,66018e-01	 -4,73370e-02
1041	  2,0800000000e+03	 -4,68001e-01	 -4,48813e-02
1042	  2,0820000000e+03	 -4,69665e-01	 -4,18012e-02
1043	  2,0840000000e+03	 -4,71140e-01	 -3,64563e-02
1044	  2,0860000000e+03	 -4,71835e-01	 -3,36464e-02
1045	  2,0880000000e+03	 -4,69848e-01	 -2,68601e-02
1046	  2,0900000000e+03	 -4,72527e-01	 -1,87093e-02
1047	  2,0920000000e+03	 -4,75178e-01	 -1,56593e-02
1048	  2,0940000000e+03	 -4,73343e-01	 -1,08607e-02
1049	  2,0960000000e+03	 -4,77407e-01	 -8,14679e-03
1050	  2,0980000000e+03	 -4,77557e-01	 -5,04803e-03
1051	  2,1000000000e+03	 -4,74097e-01	 -6,80535e-04
1052	  2,1020000000e+03	 -4,75809e-01	  6,61160e-03
1053	  2,1040000000e+03	 -4,82268e-01	  1,36097e-02
1054	  2,1060000000e+03	 -4,86884e-01	  2,18614e-02
1055	  2,1080000000e+03	 -4,85372e-01	  2,60869e-02
1056	  2,1100000000e+03	 -4,82828e-01	  3,08262e-02
1057	  2,1120000000e+03	 -4,84756e-01	  3,58446e-02
1058	  2,1140000000e+03	 -4,82288e-01	  4,03390e-02
1059	  2,1160000000e+03	 -4,82383e-01	  4,57884e-02
1060	  2,1180000000e+03	 -4,82437e-01	  5,33819e-02
1061	  2,1200000000e+03	 -4,79730e-01	  5,67620e-02
1062	  2,1220000000e+03	 -4,82199e-01	  6,18388e-02
1063	  2,1240000000e+03	 -4,85219e-01	  6,85867e-02
1064	  2,1260000000e+03	 -4,83500e-01	  7,73105e-02
1065	  2,1280000000e+03	 -4,81109e-01	  7,98661e-02
1066	  2,1300000000e+03	 -4,81839e-01	  8,46790e-02
1067	  2,1320000000e+03	 -4,79825e-01	  9,22699e-02
1068	  2,1340000000e+03	 -4,75057e-01	  9,96531e-02
1069	  2,1360000000e+03	 -4,73571e-01	  1,00936e-01
1070	  2,1380000000e+03	 -4,72770e-01	  1,07940e-01
1071	  2,1400000000e+03	 -4,72027e-01	  1,15825e-01
1072	  2,1420000000e+03	 -4,70452e-01	  1,18963e-01
1073	  2,1440000000e+03	 -4,69501e-01	  1,21539e-01
1074	  2,1460000000e+03	 -4,70681e-01	  1,26326e-01
1075	  2,1480000000e+03	 -4,67254e-01	  1,34786e-01
1076	  2,1500000000e+03	 -4,62254e-01	  1,41160e-01
1077	  2,1520000000e+03	 -4,57096e-01	  1,43533e-01
1078	  2,1540000000e+03	 -4,56012e-01	  1,50158e-01
1079	  2,1560000000e+03	 -4,54687e-01	  1,55000e-01
1080	  2,1580000000e+03	 -4,50139e-01	  1,54327e-01
1081	  2,1600000000e+03	 -4,50741e-01	  1,55984e-01
1082	  2,1620000000e+03	 -4,49885e-01	  1,55278e-01
1083	  2,1640000000e+03	 -4,46885e-01	  1,59984e-01
1084	  2,1660000000e+03	 -4,49770e-01	  1,67245e-01
1085	  2,1680000000e+03	 -4,52887e-01	  1,71466e-01
1086	  2,1700000000e+03	 -4,53549e-01	  1,76060e-01
1087	  2,1720000000e+03	 -4,50155e-01	  1,76958e-01
1088	  2,1740000000e+03	 -4,49147e-01	  1,79343e-01
1089	  2,1760000000e+03	 -4,49206e-01	  1,88981e-01
1090	  2,1780000000e+03	 -4,44098e-01	  1,94652e-01
1091	  2,1800000000e+03	 -4,43702e-01	  1,99121e-01
1092	  2,1820000000e+03	 -4,47352e-01	  2,03993e-01
1093	  2,1840000000e+03	 -4,45847e-01	  2,10605e-01
1094	  2,1860000000e+03	 -4,42676e-01	  2,15346e-01
1095	  2,1880000000e+03	 -4,41846e-01	  2,18381e-01
1096	  2,1900000000e+03	 -4,38127e-01	  2,23100e-01
1097	  2,1920000000e+03	 -4,37027e-01	  2,31971e-01
1098	  2,1940000000e+03	 -4,37397e-01	  2,37954e-01
1099	  2,1960000000e+03	 -4,35674e-01	  2,40635e-01
1100	  2,1980000000e+03	 -4,29584e-01	  2,44815e-01
1101	  2,2000000000e+03	 -4,27344e-01	  2,52423e-01
1102	  2,2020000000e+03	 -4,26482e-01	  2,60018e-01
1103	  2,2040000000e+03	 -4,24637e-01	  2,67154e-01
1104	  2,2060000000e+03	 -4,20787e-01	  2,72770e-01
1105	  2,2080000000e+03	 -4,16831e-01	  2,76925e-01
1106	  2,2100000000e+03	 -4,15125e-01	  2,81515e-01
1107	  2,2120000000e+03	 -4,12457e-01	  2,86968e-01
1108	  2,2140000000e+03	 -4,06178e-01	  2,93124e-01
1109	  2,2160000000e+03	 -4,02838e-01	  2,95903e-01
1110	  2,2180000000e+03	 -4,03509e-01	  3,01964e-01
1111	  2,2200000000e+03	 -4,01312e-01	  3,04563e-01
1112	  2,2220000000e+03	 -3,95828e-01	  3,09938e-01
1113	  2,2240000000e+03	 -3,91854e-01	  3,13718e-01
1114	  2,2260000000e+03	 -3,88675e-01	  3,19189e-01
1115	  2,2280000000e+03	 -3,82926e-01	  3,24333e-01
1116	  2,2300000000e+03	 -3,80093e-01	  3,27604e-01
1117	  2,2320000000e+03	 -3,77159e-01	  3,34513e-01
1118	  2,2340000000e+03	 -3,71371e-01	  3,39895e-01
1119	  2,2360000000e+03	 -3,69633e-01	  3,45200e-01
1120	  2,2380000000e+03	 -3,66645e-01	  3,50362e-01
1121	  2,2400000000e+03	 -3,58283e-01	  3,59615e-01
1122	  2,2420000000e+03	 -3,52726e-01	  3,65080e-01
1123	  2,2440000000e+03	 -3,46383e-01	  3,67937e-01
1124	  2,2460000000e+03	 -3,44900e-01	  3,69444e-01
1125	  2,2480000000e+03	 -3,37218e-01	  3,71876e-01
1126	  2,2500000000e+03	 -3,33797e-01	  3,76445e-01
1127	  2,2520000000e+03	 -3,25551e-01	  3,82757e-01
1128	  2,2540000000e+03	 -3,19752e-01	  3,87776e-01
1129	  2,2560000000e+03	 -3,15024e-01	  3,91080e-01
1130	  2,2580000000e+03	 -3,10075e-01	  3,92937e-01
1131	  2,2600000000e+03	 -3,02976e-01	  3,92107e-01
1132	  2,2620000000e+03	 -2,97536e-01	  3,95227e-01
1133	  2,2640000000e+03	 -2,89774e-01	  3,99000e-01
1134	  2,2660000000e+03	 -2,86543e-01	  3,98323e-01
1135	  2,2680000000e+03	 -2,77760e-01	  4,01859e-01
1136	  2,2700000000e+03	 -2,71054e-01	  4,02660e-01
1137	  2,2720000000e+03	 -2,66302e-01	  4,04831e-01
1138	  2,2740000000e+03	 -2,60198e-01	  4,08020e-01
1139	  2,2760000000e+03	 -2,59703e-01	  4,08788e-01
1140	  2,2780000000e+03	 -2,55356e-01	  4,12142e-01
1141	  2,2800000000e+03	 -2,47384e-01	  4,13980e-01
1142	  2,2820000000e+03	 -2,42345e-01	  4,13317e-01
1143	  2,2840000000e+03	 -2,35521e-01	  4,13748e-01
1144	  2,2860000000e+03	 -2,33445e-01	  4,13497e-01
1145	  2,2880000000e+03	 -2,29128e-01	  4,12753e-01
1146	  2,2900000000e+03	 -2,27042e-01	  4,10963e-01
1147	  2,2920000000e+03	 -2,21899e-01	  4,07909e-01
1148	  2,2940000000e+03	 -2,16943e-01	  4,07980e-01
1149	  2,2960000000e+03	 -2,13354e-01	  4,10982e-01
1150	  2,2980000000e+03	 -2,11643e-01	  4,09978e-01
1151	  2,3000000000e+03	 -2,05933e-01	  4,10194e-01
1152	  2,3020000000e+03	 -2,03028e-01	  4,14569e-01
1153	  2,3040000000e+03	 -2,02020e-01	  4,15529e-01
1154	  2,3060000000e+03	 -1,98839e-01	  4,18649e-01
1155	  2,3080000000e+03	 -1,98574e-01	  4,18150e-01
1156	  2,3100000000e+03	 -1,94666e-01	  4,20340e-01
1157	  2,3120000000e+03	 -1,92825e-01	  4,21270e-01
1158	  2,3140000000e+03	 -1,88395e-01	  4,23478e-01
1159	  2,3160000000e+03	 -1,78281e-01	  4,28591e-01
1160	  2,3180000000e+03	 -1,74044e-01	  4,29962e-01
1161	  2,3200000000e+03	 -1,70980e-01	  4,33550e-01
1162	  2,3220000000e+03	 -1,65319e-01	  4,39316e-01
1163	  2,3240000000e+03	 -1,63553e-01	  4,41042e-01
1164	  2,3260000000e+03	 -1,59536e-01	  4,46200e-01
1165	  2,3280000000e+03	 -1,56854e-01	  4,46007e-01
1166	  2,3300000000e+03	 -1,52601e-01	  4,45478e-01
1167	  2,3320000000e+03	 -1,45966e-01	  4,48075e-01
1168	  2,3340000000e+03	 -1,39065e-01	  4,52292e-01
1169	  2,3360000000e+03	 -1,32105e-01	  4,52753e-01
1170	  2,3380000000e+03	 -1,26428e-01	  4,56756e-01
1171	  2,3400000000e+03	 -1,21643e-01	  4,55104e-01
1172	  2,3420000000e+03	 -1,12624e-01	  4,57420e-01
1173	  2,3440000000e+03	 -1,08293e-01	  4,55766e-01
1174	  2,3460000000e+03	 -1,04413e-01	  4,52859e-01
1175	  2,3480000000e+03	 -9,84471e-02	  4,54145e-01
1176	  2,3500000000e+03	 -9,30504e-02	  4,55527e-01
1177	  2,3520000000e+03	 -9,26805e-02	  4,57036e-01
1178	  2,3540000000e+03	 -8,36081e-02	  4,57594e-01
1179	  2,3560000000e+03	 -7,93615e-02	  4,54738e-01
1180	  2,3580000000e+03	 -7,33960e-02	  4,57094e-01
1181	  2,3600000000e+03	 -6,58849e-02	  4,58697e-01
1182	  2,3620000000e+03	 -5,84155e-02	  4,58194e-01
1183	  2,3640000000e+03	 -5,34310e-02	  4,55659e-01
1184	  2,3660000000e+03	 -5,05917e-02	  4,53991e-01
1185	  2,3680000000e+03	 -4,45868e-02	  4,54313e-01
1186	  2,3700000000e+03	 -3,98550e-02	  4,53504e-01
1187	  2,3720000000e+03	 -3,75912e-02	  4,53833e-01
1188	  2,3740000000e+03	 -3,38233e-02	  4,53773e-01
1189	  2,3760000000e+03	 -2,87286e-02	  4,51624e-01
1190	  2,3780000000e+03	 -2,12070e-02	  4,53155e-01
1191	  2,3800000000e+03	 -1,51223e-02	  4,51911e-01
1192	  2,3820000000e+03	 -1,37567e-02	  4,48679e-01
1193	  2,3840000000e+03	 -1,11150e-02	  4,45103e-01
1194	  2,3860000000e+03	 -7,08596e-03	  4,45520e-01
1195	  2,3880000000e+03	 -2,64192e-03	  4,45411e-01
1196	  2,3900000000e+03	  2,61753e-03	  4,46095e-01
1197	  2,3920000000e+03	  8,85329e-03	  4,41817e-01
1198	  2,3940000000e+03	  1,50036e-02	  4,43316e-01
1199	  2,3960000000e+03	  1,89934e-02	  4,46233e-01
1200	  2,3980000000e+03	  2,32393e-02	  4,46539e-01
1201	  2,4000000000e+03	  2,51701e-02	  4,44238e-01
1202	  2,4020000000e+03	  2,72610e-02	  4,37769e-01
1203	  2,4040000000e+03	  3,45096e-02	  4,34274e-01
1204	  2,4060000000e+03	  3,50664e-02	  4,31793e-01
1205	  2,4080000000e+03	  3,63446e-02	  4,31570e-01
1206	  2,4100000000e+03	  3,75118e-02	  4,31274e-01
1207	  2,4120000000e+03	  4,52518e-02	  4,29784e-01
1208	  2,4140000000e+03	  4,95582e-02	  4,28454e-01
1209	  2,4160000000e+03	  4,91276e-02	  4,30318e-01
1210	  2,4180000000e+03	  5,12825e-02	  4,29641e-01
1211	  2,4200000000e+03	  5,68180e-02	  4,29425e-01
1212	  2,4220000000e+03	  5,71322e-02	  4,27246e-01
1213	  2,4240000000e+03	  6,05389e-02	  4,27016e-01
1214	  2,4260000000e+03	  6,41255e-02	  4,24833e-01
1215	  2,4280000000e+03	  7,12038e-02	  4,26497e-01
1216	  2,4300000000e+03	  7,15758e-02	  4,25186e-01
1217	  2,4320000000e+03	  7,54902e-02	  4,25411e-01
1218	  2,4340000000e+03	  8,17959e-02	  4,25722e-01
1219	  2,4360000000e+03	  8,69105e-02	  4,24269e-01
1220	  2,4380000000e+03	  9,13660e-02	  4,23669e-01
1221	  2,4400000000e+03	  9,67942e-02	  4,25363e-01
1222	  2,4420000000e+03	  1,01401e-01	  4,21746e-01
1223	  2,4440000000e+03	  1,06992e-01	  4,22263e-01
1224	  2,4460000000e+03	  1,12397e-01	  4,22025e-01
1225	  2,4480000000e+03	  1,16835e-01	  4,17734e-01
1226	  2,4500000000e+03	  1,22792e-01	  4,12892e-01
1227	  2,4520000000e+03	  1,27939e-01	  4,10036e-01
1228	  2,4540000000e+03	  1,30783e-01	  4,09602e-01
1229	  2,4560000000e+03	  1,32931e-01	  4,08036e-01
1230	  2,4580000000e+03	  1,37412e-01	  4,03658e-01
1231	  2,4600000000e+03	  1,39608e-01	  4,05562e-01
1232	  2,4620000000e+03	  1,43878e-01	  4,03438e-01
1233	  2,4640000000e+03	  1,44755e-01	  3,99415e-01
1234	  2,4660000000e+03	  1,47115e-01	  3,98035e-01
1235	  2,4680000000e+03	  1,53410e-01	  3,98291e-01
1236	  2,4700000000e+03	  1,62233e-01	  3,96032e-01
1237	  2,4720000000e+03	  1,67729e-01	  3,93387e-01
1238	  2,4740000000e+03	  1,72909e-01	  3,93207e-01
1239	  2,4760000000e+03	  1,75240e-01	  3,89521e-01
1240	  2,4780000000e+03	  1,79908e-01	  3,86762e-01
1241	  2,4800000000e+03	  1,83102e-01	  3,80969e-01
1242	  2,4820000000e+03	  1,86891e-01	  3,77552e-01
1243	  2,4840000000e+03	  1,89560e-01	  3,77198e-01
1244	  2,4860000000e+03	  1,93188e-01	  3,75023e-01
1245	  2,4880000000e+03	  1,95538e-01	  3,71633e-01
1246	  2,4900000000e+03	  1,97267e-01	  3,67537e-01
1247	  2,4920000000e+03	  2,00781e-01	  3,62567e-01
1248	  2,4940000000e+03	  2,04640e-01	  3,61800e-01
1249	  2,4960000000e+03	  2,09990e-01	  3,57974e-01
1250	  2,4980000000e+03	  2,13334e-01	  3,53394e-01
1251	  2,5000000000e+03	  2,16824e-01	  3,49129e-01
1252	  2,5020000000e+03	  2,17497e-01	  3,43998e-01
1253	  2,5040000000e+03	  2,19635e-01	  3,41652e-01
1254	  2,5060000000e+03	  2,21995e-01	  3,44319e-01
1255	  2,5080000000e+03	  2,22780e-01	  3,39356e-01
1256	  2,5100000000e+03	  2,25525e-01	  3,32534e-01
1257	  2,5120000000e+03	  2,29552e-01	  3,28457e-01
1258	  2,5140000000e+03	  2,29446e-01	  3,26317e-01
1259	  2,5160000000e+03	  2,28314e-01	  3,25864e-01
1260	  2,5180000000e+03	  2,32660e-01	  3,23100e-01
1261	  2,5200000000e+03	  2,33534e-01	  3,21739e-01
1262	  2,5220000000e+03	  2,37385e-01	  3,17955e-01
1263	  2,5240000000e+03	  2,39363e-01	  3,13497e-01
1264	  2,5260000000e+03	  2,37261e-01	  3,10344e-01
1265	  2,5280000000e+03	  2,38374e-01	  3,05787e-01
1266	  2,5300000000e+03	  2,38442e-01	  3,03337e-01
1267	  2,5320000000e+03	  2,40103e-01	  3,00767e-01
1268	  2,5340000000e+03	  2,45347e-01	  2,96957e-01
1269	  2,5360000000e+03	  2,44644e-01	  2,96806e-01
1270	  2,5380000000e+03	  2,47729e-01	  2,92829e-01
1271	  2,5400000000e+03	  2,46619e-01	  2,93813e-01
1272	  2,5420000000e+03	  2,48533e-01	  2,93311e-01
1273	  2,5440000000e+03	  2,51367e-01	  2,91076e-01
1274	  2,5460000000e+03	  2,50229e-01	  2,89222e-01
1275	  2,5480000000e+03	  2,51262e-01	  2,89131e-01
1276	  2,5500000000e+03	  2,51494e-01	  2,86268e-01
1277	  2,5520000000e+03	  2,54415e-01	  2,84746e-01
1278	  2,5540000000e+03	  2,55923e-01	  2,81277e-01
1279	  2,5560000000e+03	  2,58950e-01	  2,80761e-01
1280	  2,5580000000e+03	  2,60479e-01	  2,82040e-01
1281	  2,5600000000e+03	  2,66247e-01	  2,78888e-01
1282	  2,5620000000e+03	  2,68346e-01	  2,76351e-01
1283	  2,5640000000e+03	  2,66816e-01	  2,75907e-01
1284	  2,5660000000e+03	  2,71819e-01	  2,76559e-01
1285	  2,5680000000e+03	  2,73924e-01	  2,75772e-01
1286	  2,5700000000e+03	  2,73448e-01	  2,72282e-01
1287	  2,5720000000e+03	  2,76416e-01	  2,69995e-01
1288	  2,5740000000e+03	  2,80342e-01	  2,67925e-01
1289	  2,5760000000e+03	  2,82156e-01	  2,68057e-01
1290	  2,5780000000e+03	  2,87074e-01	  2,66480e-01
1291	  2,5800000000e+03	  2,92060e-01	  2,63169e-01
1292	  2,5820000000e+03	  2,98279e-01	  2,62488e-01
1293	  2,5840000000e+03	  3,00391e-01	  2,61523e-01
1294	  2,5860000000e+03	  3,02356e-01	  2,58279e-01
1295	  2,5880000000e+03	  3,08703e-01	  2,56071e-01
1296	  2,5900000000e+03	  3,11503e-01	  2,49809e-01
1297	  2,5920000000e+03	  3,12454e-01	  2,43210e-01
1298	  2,5940000000e+03	  3,17085e-01	  2,39652e-01
1299	  2,5960000000e+03	  3,20741e-01	  2,32568e-01
1300	  2,5980000000e+03	  3,21672e-01	  2,28862e-01
1301	  2,6000000000e+03	  3,24527e-01	  2,25002e-01
1302	  2,6020000000e+03	  3,25803e-01	  2,24027e-01
1303	  2,6040000000e+03	  3,25333e-01	  2,17050e-01
1304	  2,6060000000e+03	  3,27563e-01	  2,12785e-01
1305	  2,6080000000e+03	  3,31290e-01	  2,09118e-01
1306	  2,6100000000e+03	  3,34094e-01	  2,06604e-01
1307	  2,6120000000e+03	  3,32947e-01	  2,03195e-01
1308	  2,6140000000e+03	  3,36648e-01	  1,97422e-01
1309	  2,6160000000e+03	  3,40028e-01	  1,91994e-01
1310	  2,6180000000e+03	  3,37445e-01	  1,86657e-01
1311	  2,6200000000e+03	  3,36356e-01	  1,84983e-01
1312	  2,6220000000e+03	  3,35845e-01	  1,79771e-01
1313	  2,6240000000e+03	  3,36811e-01	  1,74413e-01
1314	  2,6260000000e+03	  3,36767e-01	  1,70830e-01
1315	  2,6280000000e+03	  3,34716e-01	  1,69330e-01
1316	  2,6300000000e+03	  3,32753e-01	  1,65115e-01
1317	  2,6320000000e+03	  3,32638e-01	  1,62015e-01
1318	  2,6340000000e+03	  3,31757e-01	  1,56905e-01
1319	  2,6360000000e+03	  3,31042e-01	  1,55884e-01
1320	  2,6380000000e+03	  3,30588e-01	  1,52729e-01
1321	  2,6400000000e+03	  3,28253e-01	  1,48198e-01
1322	  2,6420000000e+03	  3,26640e-01	  1,47278e-01
1323	  2,6440000000e+03	  3,28546e-01	  1,43389e-01
1324	  2,6460000000e+03	  3,30704e-01	  1,41481e-01
1325	  2,6480000000e+03	  3,31104e-01	  1,41164e-01
1326	  2,6500000000e+03	  3,27733e-01	  1,41445e-01
1327	  2,6520000000e+03	  3,25708e-01	  1,44818e-01
1328	  2,6540000000e+03	  3,29119e-01	  1,44908e-01
1329	  2,6560000000e+03	  3,32675e-01	  1,44226e-01
1330	  2,6580000000e+03	  3,32714e-01	  1,41349e-01
1331	  2,6600000000e+03	  3,34192e-01	  1,37322e-01
1332	  2,6620000000e+03	  3,37026e-01	  1,33693e-01
1333	  2,6640000000e+03	  3,36809e-01	  1,30969e-01
1334	  2,6660000000e+03	  3,41688e-01	  1,26188e-01
1335	  2,6680000000e+03	  3,44941e-01	  1,22382e-01
1336	  2,6700000000e+03	  3,43452e-01	  1,21379e-01
1337	  2,6720000000e+03	  3,41349e-01	  1,19464e-01
1338	  2,6740000000e+03	  3,41151e-01	  1,18622e-01
1339	  2,6760000000e+03	  3,39588e-01	  1,17152e-01
1340	  2,6780000000e+03	  3,42679e-01	  1,10609e-01
1341	  2,6800000000e+03	  3,43443e-01	  1,08945e-01
1342	  2,6820000000e+03	  3,43860e-01	  1,09643e-01
1343	  2,6840000000e+03	  3,45050e-01	  1,08411e-01
1344	  2,6860000000e+03	  3,47278e-01	  1,07467e-01
1345	  2,6880000000e+03	  3,48074e-01	  9,85913e-02
1346	  2,6900000000e+03	  3,48917e-01	  9,41968e-02
1347	  2,6920000000e+03	  3,48248e-01	  9,57314e-02
1348	  2,6940000000e+03	  3,49663e-01	  9,40437e-02
1349	  2,6960000000e+03	  3,52938e-01	  9,04711e-02
1350	  2,6980000000e+03	  3,51136e-01	  8,71344e-02
1351	  2,7000000000e+03	  3,51457e-01	  8,50555e-02
1352	  2,7020000000e+03	  3,50898e-01	  8,33734e-02
1353	  2,7040000000e+03	  3,52539e-01	  8,10848e-02
1354	  2,7060000000e+03	  3,55669e-01	  7,88724e-02
1355	  2,7080000000e+03	  3,58339e-01	  7,54269e-02
1356	  2,7100000000e+03	  3,62369e-01	  7,48134e-02
1357	  2,7120000000e+03	  3,59896e-01	  6,95825e-02
1358	  2,7140000000e+03	  3,57893e-01	  6,62053e-02
1359	  2,7160000000e+03	  3,60624e-01	  6,57366e-02
1360	  2,7180000000e+03	  3,62127e-01	  6,49257e-02
1361	  2,7200000000e+03	  3,61207e-01	  6,11660e-02
1362	  2,7220000000e+03	  3,63992e-01	  5,60503e-02
1363	  2,7240000000e+03	  3,64001e-01	  5,11778e-02
1364	  2,7260000000e+03	  3,68019e-01	  4,85944e-02
1365	  2,7280000000e+03	  3,67525e-01	  4,45062e-02
1366	  2,7300000000e+03	  3,65495e-01	  4,33314e-02
1367	  2,7320000000e+03	  3,65856e-01	  3,80813e-02
1368	  2,7340000000e+03	  3,68121e-01	  3,33645e-02
1369	  2,7360000000e+03	  3,66296e-01	  3,40483e-02
1370	  2,7380000000e+03	  3,66382e-01	  3,17848e-02
1371	  2,7400000000e+03	  3,65517e-01	  2,55275e-02
1372	  2,7420000000e+03	  3,62803e-01	  2,42110e-02
1373	  2,7440000000e+03	  3,61506e-01	  1,90545e-02
1374	  2,7460000000e+03	  3,63987e-01	  1,60305e-02
1375	  2,7480000000e+03	  3,65913e-01	  1,68281e-02
1376	  2,7500000000e+03	  3,64942e-01	  1,35864e-02
1377	  2,7520000000e+03	  3,63972e-01	  9,36360e-03
1378	  2,7540000000e+03	  3,66253e-01	  7,58654e-03
1379	  2,7560000000e+03	  3,67039e-01	  5,69341e-03
1380	  2,7580000000e+03	  3,66211e-01	  3,23780e-03
1381	  2,7600000000e+03	  3,62218e-01	  1,65908e-03
1382	  2,7620000000e+03	  3,60090e-01	 -1,01791e-03
1383	  2,7640000000e+03	  3,60364e-01	 -5,86293e-03
1384	  2,7660000000e+03	  3,61623e-01	 -8,35925e-03
1385	  2,7680000000e+03	  3,64256e-01	 -7,82399e-03
1386	  2,7700000000e+03	  3,63795e-01	 -9,87349e-03
1387	  2,7720000000e+03	  3,63801e-01	 -1,13409e-02
1388	  2,7740000000e+03	  3,67118e-01	 -1,52124e-02
1389	  2,7760000000e+03	  3,66165e-01	 -1,91862e-02
1390	  2,7780000000e+03	  3,64711e-01	 -2,23263e-02
1391	  2,7800000000e+03	  3,63698e-01	 -2,30859e-02
1392	  2,7820000000e+03	  3,65684e-01	 -2,13379e-02
1393	  2,7840000000e+03	  3,68178e-01	 -2,14231e-02
1394	  2,7860000000e+03	  3,67037e-01	 -2,68803e-02
1395	  2,7880000000e+03	  3,70443e-01	 -2,93640e-02
1396	  2,7900000000e+03	  3,71414e-01	 -3,14792e-02
1397	  2,7920000000e+03	  3,69972e-01	 -3,40880e-02
1398	  2,7940000000e+03	  3,72574e-01	 -3,79113e-02
1399	  2,7960000000e+03	  3,72446e-01	 -3,87544e-02
1400	  2,7980000000e+03	  3,72815e-01	 -3,98459e-02
1401	  2,8000000000e+03	  3,76756e-01	 -3,99909e-02
1402	  2,8020000000e+03	  3,79207e-01	 -4,37710e-02
1403	  2,8040000000e+03	  3,82537e-01	 -4,98827e-02
1404	  2,8060000000e+03	  3,82003e-01	 -5,37661e-02
1405	  2,8080000000e+03	  3,81064e-01	 -5,80500e-02
1406	  2,8100000000e+03	  3,86360e-01	 -6,02728e-02
1407	  2,8120000000e+03	  3,85820e-01	 -6,70565e-02
1408	  2,8140000000e+03	  3,84874e-01	 -6,97930e-02
1409	  2,8160000000e+03	  3,86819e-01	 -7,29714e-02
1410	  2,8180000000e+03	  3,86431e-01	 -7,81081e-02
1411	  2,8200000000e+03	  3,86521e-01	 -8,30567e-02
1412	  2,8220000000e+03	  3,85194e-01	 -8,63121e-02
1413	  2,8240000000e+03	  3,86442e-01	 -8,94824e-02
1414	  2,8260000000e+03	  3,88306e-01	 -9,22100e-02
1415	  2,8280000000e+03	  3,89170e-01	 -9,53170e-02
1416	  2,8300000000e+03	  3,91284e-01	 -1,00497e-01
1417	  2,8320000000e+03	  3,95321e-01	 -1,12441e-01
1418	  2,8340000000e+03	  3,94200e-01	 -1,16395e-01
1419	  2,8360000000e+03	  3,93534e-01	 -1,16793e-01
1420	  2,8380000000e+03	  3,91019e-01	 -1,21592e-01
1421	  2,8400000000e+03	  3,88068e-01	 -1,25053e-01
1422	  2,8420000000e+03	  3,85862e-01	 -1,26657e-01
1423	  2,8440000000e+03	  3,84629e-01	 -1,33221e-01
1424	  2,8460000000e+03	  3,86449e-01	 -1,40709e-01
1425	  2,8480000000e+03	  3,84074e-01	 -1,46543e-01
1426	  2,8500000000e+03	  3,82996e-01	 -1,52281e-01
1427	  2,8520000000e+03	  3,82297e-01	 -1,58333e-01
1428	  2,8540000000e+03	  3,78680e-01	 -1,62510e-01
1429	  2,8560000000e+03	  3,73367e-01	 -1,62947e-01
1430	  2,8580000000e+03	  3,71791e-01	 -1,67400e-01
1431	  2,8600000000e+03	  3,72923e-01	 -1,72335e-01
1432	  2,8620000000e+03	  3,74025e-01	 -1,74187e-01
1433	  2,8640000000e+03	  3,70630e-01	 -1,79481e-01
1434	  2,8660000000e+03	  3,65912e-01	 -1,84262e-01
1435	  2,8680000000e+03	  3,63718e-01	 -1,88679e-01
1436	  2,8700000000e+03	  3,60560e-01	 -1,89189e-01
1437	  2,8720000000e+03	  3,63074e-01	 -1,92921e-01
1438	  2,8740000000e+03	  3,61867e-01	 -1,97278e-01
1439	  2,8760000000e+03	  3,59425e-01	 -1,97744e-01
1440	  2,8780000000e+03	  3,57082e-01	 -1,99961e-01
1441	  2,8800000000e+03	  3,58364e-01	 -2,06472e-01
1442	  2,8820000000e+03	  3,57367e-01	 -2,10094e-01
1443	  2,8840000000e+03	  3,53000e-01	 -2,11402e-01
1444	  2,8860000000e+03	  3,50450e-01	 -2,14392e-01
1445	  2,8880000000e+03	  3,50072e-01	 -2,19904e-01
1446	  2,8900000000e+03	  3,50885e-01	 -2,21874e-01
1447	  2,8920000000e+03	  3,49141e-01	 -2,25054e-01
1448	  2,8940000000e+03	  3,51038e-01	 -2,27722e-01
1449	  2,8960000000e+03	  3,54587e-01	 -2,30666e-01
1450	  2,8980000000e+03	  3,49248e-01	 -2,37189e-01
1451	  2,9000000000e+03	  3,46597e-01	 -2,42591e-01
1452	  2,9020000000e+03	  3,45350e-01	 -2,46518e-01
1453	  2,9040000000e+03	  3,44604e-01	 -2,48919e-01
1454	  2,9060000000e+03	  3,39780e-01	 -2,53001e-01
1455	  2,9080000000e+03	  3,38296e-01	 -2,60826e-01
1456	  2,9100000000e+03	  3,39180e-01	 -2,63989e-01
1457	  2,9120000000e+03	  3,38909e-01	 -2,67465e-01
1458	  2,9140000000e+03	  3,37307e-01	 -2,70874e-01
1459	  2,9160000000e+03	  3,32586e-01	 -2,77517e-01
1460	  2,9180000000e+03	  3,30708e-01	 -2,80255e-01
1461	  2,9200000000e+03	  3,31745e-01	 -2,80740e-01
1462	  2,9220000000e+03	  3,30704e-01	 -2,86819e-01
1463	  2,9240000000e+03	  3,26665e-01	 -2,93266e-01
1464	  2,9260000000e+03	  3,22971e-01	 -3,00874e-01
1465	  2,9280000000e+03	  3,19322e-01	 -3,06336e-01
1466	  2,9300000000e+03	  3,18081e-01	 -3,09441e-01
1467	  2,9320000000e+03	  3,15807e-01	 -3,13723e-01
1468	  2,9340000000e+03	  3,11792e-01	 -3,16991e-01
1469	  2,9360000000e+03	  3,03331e-01	 -3,20965e-01
1470	  2,9380000000e+03	  3,03471e-01	 -3,25437e-01
1471	  2,9400000000e+03	  3,00746e-01	 -3,27550e-01
1472	  2,9420000000e+03	  2,99325e-01	 -3,31498e-01
1473	  2,9440000000e+03	  2,93121e-01	 -3,36155e-01
1474	  2,9460000000e+03	  2,87222e-01	 -3,37733e-01
1475	  2,9480000000e+03	  2,81995e-01	 -3,44388e-01
1476	  2,9500000000e+03	  2,80021e-01	 -3,51053e-01
1477	  2,9520000000e+03	  2,77389e-01	 -3,51846e-01
1478	  2,9540000000e+03	  2,70816e-01	 -3,53932e-01
1479	  2,9560000000e+03	  2,63920e-01	 -3,57345e-01
1480	  2,9580000000e+03	  2,58761e-01	 -3,60466e-01
1481	  2,9600000000e+03	  2,54320e-01	 -3,63746e-01
1482	  2,9620000000e+03	  2,52336e-01	 -3,69031e-01
1483	  2,9640000000e+03	  2,51537e-01	 -3,68317e-01
1484	  2,9660000000e+03	  2,43942e-01	 -3,66794e-01
1485	  2,9680000000e+03	  2,41306e-01	 -3,71492e-01
1486	  2,9700000000e+03	  2,43192e-01	 -3,75765e-01
1487	  2,9720000000e+03	  2,37932e-01	 -3,76929e-01
1488	  2,9740000000e+03	  2,35259e-01	 -3,80450e-01
1489	  2,9760000000e+03	  2,27816e-01	 -3,81645e-01
1490	  2,9780000000e+03	  2,21602e-01	 -3,86023e-01
1491	  2,9800000000e+03	  2,17824e-01	 -3,87003e-01
1492	  2,9820000000e+03	  2,13841e-01	 -3,89043e-01
1493	  2,9840000000e+03	  2,07890e-01	 -3,91757e-01
1494	  2,9860000000e+03	  2,03124e-01	 -3,93707e-01
1495	  2,9880000000e+03	  2,02879e-01	 -3,96485e-01
1496	  2,9900000000e+03	  1,97932e-01	 -3,96426e-01
1497	  2,9920000000e+03	  1,93481e-01	 -3,98263e-01
1498	  2,9940000000e+03	  1,96915e-01	 -4,05395e-01
1499	  2,9960000000e+03	  1,95199e-01	 -4,09442e-01
1500	  2,9980000000e+03	  1,86284e-01	 -4,11615e-01
1501	  3,0000000000e+03	  1,74902e-01	 -4,14068e-01
1502	  3,0020000000e+03	  1,73686e-01	 -4,15129e-01
1503	  3,0040000000e+03	  1,71844e-01	 -4,17943e-01
1504	  3,0060000000e+03	  1,64096e-01	 -4,23455e-01
1505	  3,0080000000e+03	  1,58477e-01	 -4,22821e-01
1506	  3,0100000000e+03	  1,50892e-01	 -4,24926e-01
1507	  3,0120000000e+03	  1,47079e-01	 -4,26705e-01
1508	  3,0140000000e+03	  1,40880e-01	 -4,30423e-01
1509	  3,0160000000e+03	  1,39098e-01	 -4,29839e-01
1510	  3,0180000000e+03	  1,35609e-01	 -4,24932e-01
1511	  3,0200000000e+03	  1,27387e-01	 -4,24595e-01
1512	  3,0220000000e+03	  1,24967e-01	 -4,27188e-01
1513	  3,0240000000e+03	  1,20228e-01	 -4,27641e-01
1514	  3,0260000000e+03	  1,12429e-01	 -4,29178e-01
1515	  3,0280000000e+03	  1,10632e-01	 -4,30464e-01
1516	  3,0300000000e+03	  1,09033e-01	 -4,31228e-01
1517	  3,0320000000e+03	  1,03464e-01	 -4,33920e-01
1518	  3,0340000000e+03	  9,89191e-02	 -4,34410e-01
1519	  3,0360000000e+03	  9,35500e-02	 -4,35238e-01
1520	  3,0380000000e+03	  8,86642e-02	 -4,39422e-01
1521	  3,0400000000e+03	  8,47399e-02	 -4,41169e-01
1522	  3,0420000000e+03	  8,14357e-02	 -4,39622e-01
1523	  3,0440000000e+03	  7,97290e-02	 -4,38705e-01
1524	  3,0460000000e+03	  7,68258e-02	 -4,41499e-01
1525	  3,0480000000e+03	  6,92384e-02	 -4,46054e-01
1526	  3,0500000000e+03	  6,51424e-02	 -4,48642e-01
1527	  3,0520000000e+03	  6,39845e-02	 -4,50322e-01
1528	  3,0540000000e+03	  6,13016e-02	 -4,50650e-01
1529	  3,0560000000e+03	  5,48188e-02	 -4,50976e-01
1530	  3,0580000000e+03	  4,92804e-02	 -4,49675e-01
1531	  3,0600000000e+03	  4,41384e-02	 -4,51994e-01
1532	  3,0620000000e+03	  3,83828e-02	 -4,56295e-01
1533	  3,0640000000e+03	  2,73763e-02	 -4,58267e-01
1534	  3,0660000000e+03	  2,34559e-02	 -4,56553e-01
1535	  3,0680000000e+03	  2,20578e-02	 -4,54575e-01
1536	  3,0700000000e+03	  1,67608e-02	 -4,58329e-01
1537	  3,0720000000e+03	  1,18178e-02	 -4,60705e-01
1538	  3,0740000000e+03	  6,50190e-03	 -4,60336e-01
1539	  3,0760000000e+03	  1,02703e-03	 -4,60250e-01
1540	  3,0780000000e+03	 -4,99970e-03	 -4,62670e-01
1541	  3,0800000000e+03	 -1,38378e-02	 -4,65462e-01
1542	  3,0820000000e+03	 -2,04132e-02	 -4,67991e-01
1543	  3,0840000000e+03	 -2,51484e-02	 -4,64473e-01
1544	  3,0860000000e+03	 -2,97906e-02	 -4,62444e-01
1545	  3,0880000000e+03	 -3,34999e-02	 -4,62803e-01
1546	  3,0900000000e+03	 -4,20342e-02	 -4,62247e-01
1547	  3,0920000000e+03	 -4,61184e-02	 -4,61315e-01
1548	  3,0940000000e+03	 -5,23432e-02	 -4,60454e-01
1549	  3,0960000000e+03	 -6,00991e-02	 -4,59154e-01
1550	  3,0980000000e+03	 -6,59006e-02	 -4,56810e-01
1551	  3,1000000000e+03	 -7,26359e-02	 -4,58484e-01
1552	  3,1020000000e+03	 -7,84132e-02	 -4,55246e-01
1553	  3,1040000000e+03	 -8,18816e-02	 -4,52290e-01
1554	  3,1060000000e+03	 -8,91737e-02	 -4,50170e-01
1555	  3,1080000000e+03	 -9,58546e-02	 -4,50301e-01
1556	  3,1100000000e+03	 -1,00111e-01	 -4,46885e-01
1557	  3,1120000000e+03	 -1,03691e-01	 -4,44728e-01
1558	  3,1140000000e+03	 -1,08258e-01	 -4,43066e-01
1559	  3,1160000000e+03	 -1,12549e-01	 -4,43026e-01
1560	  3,1180000000e+03	 -1,13619e-01	 -4,41176e-01
1561	  3,1200000000e+03	 -1,18405e-01	 -4,37583e-01
1562	  3,1220000000e+03	 -1,26805e-01	 -4,38820e-01
1563	  3,1240000000e+03	 -1,30204e-01	 -4,38149e-01
1564	  3,1260000000e+03	 -1,39257e-01	 -4,35884e-01
1565	  3,1280000000e+03	 -1,43575e-01	 -4,32811e-01
1566	  3,1300000000e+03	 -1,46487e-01	 -4,26583e-01
1567	  3,1320000000e+03	 -1,50193e-01	 -4,28798e-01
1568	  3,1340000000e+03	 -1,56668e-01	 -4,28598e-01
1569	  3,1360000000e+03	 -1,61452e-01	 -4,26871e-01
1570	  3,1380000000e+03	 -1,69039e-01	 -4,22925e-01
1571	  3,1400000000e+03	 -1,71975e-01	 -4,20662e-01
1572	  3,1420000000e+03	 -1,76006e-01	 -4,20908e-01
1573	  3,1440000000e+03	 -1,79489e-01	 -4,19929e-01
1574	  3,1460000000e+03	 -1,85446e-01	 -4,15688e-01
1575	  3,1480000000e+03	 -1,93039e-01	 -4,14485e-01
1576	  3,1500000000e+03	 -1,96053e-01	 -4,13650e-01
1577	  3,1520000000e+03	 -1,98524e-01	 -4,07696e-01
1578	  3,1540000000e+03	 -2,03174e-01	 -4,05450e-01
1579	  3,1560000000e+03	 -2,06417e-01	 -4,05682e-01
1580	  3,1580000000e+03	 -2,11217e-01	 -4,03444e-01
1581	  3,1600000000e+03	 -2,18138e-01	 -3,97928e-01
1582	  3,1620000000e+03	 -2,23324e-01	 -3,92546e-01
1583	  3,1640000000e+03	 -2,31324e-01	 -3,91142e-01
1584	  3,1660000000e+03	 -2,33513e-01	 -3,88707e-01
1585	  3,1680000000e+03	 -2,35640e-01	 -3,81178e-01
1586	  3,1700000000e+03	 -2,39512e-01	 -3,78902e-01
1587	  3,1720000000e+03	 -2,43744e-01	 -3,75094e-01
1588	  3,1740000000e+03	 -2,46541e-01	 -3,68839e-01
1589	  3,1760000000e+03	 -2,49737e-01	 -3,71909e-01
1590	  3,1780000000e+03	 -2,54152e-01	 -3,68239e-01
1591	  3,1800000000e+03	 -2,56119e-01	 -3,64216e-01
1592	  3,1820000000e+03	 -2,61931e-01	 -3,58683e-01
1593	  3,1840000000e+03	 -2,63703e-01	 -3,54922e-01
1594	  3,1860000000e+03	 -2,65972e-01	 -3,53698e-01
1595	  3,1880000000e+03	 -2,70782e-01	 -3,50169e-01
1596	  3,1900000000e+03	 -2,75110e-01	 -3,46679e-01
1597	  3,1920000000e+03	 -2,76822e-01	 -3,42470e-01
1598	  3,1940000000e+03	 -2,81348e-01	 -3,38786e-01
1599	  3,1960000000e+03	 -2,85541e-01	 -3,32940e-01
1600	  3,1980000000e+03	 -2,86067e-01	 -3,29869e-01
1601	  3,2000000000e+03	 -2,85483e-01	 -3,25596e-01
1602	  3,2020000000e+03	 -2,90380e-01	 -3,26768e-01
1603	  3,2040000000e+03	 -2,93228e-01	 -3,27432e-01
1604	  3,2060000000e+03	 -2,94905e-01	 -3,20824e-01
1605	  3,2080000000e+03	 -2,99852e-01	 -3,14364e-01
1606	  3,2100000000e+03	 -3,06254e-01	 -3,11849e-01
1607	  3,2120000000e+03	 -3,10605e-01	 -3,10629e-01
1608	  3,2140000000e+03	 -3,15640e-01	 -3,06654e-01
1609	  3,2160000000e+03	 -3,16542e-01	 -3,00825e-01
1610	  3,2180000000e+03	 -3,18676e-01	 -2,96276e-01
1611	  3,2200000000e+03	 -3,21032e-01	 -2,96974e-01
1612	  3,2220000000e+03	 -3,26919e-01	 -2,90193e-01
1613	  3,2240000000e+03	 -3,31103e-01	 -2,84573e-01
1614	  3,2260000000e+03	 -3,34697e-01	 -2,79904e-01
1615	  3,2280000000e+03	 -3,35952e-01	 -2,71828e-01
1616	  3,2300000000e+03	 -3,39066e-01	 -2,68063e-01
1617	  3,2320000000e+03	 -3,42883e-01	 -2,65194e-01
1618	  3,2340000000e+03	 -3,43396e-01	 -2,64063e-01
1619	  3,2360000000e+03	 -3,42965e-01	 -2,56461e-01
1620	  3,2380000000e+03	 -3,49009e-01	 -2,50355e-01
1621	  3,2400000000e+03	 -3,53095e-01	 -2,43151e-01
1622	  3,2420000000e+03	 -3,54236e-01	 -2,40973e-01
1623	  3,2440000000e+03	 -3,55836e-01	 -2,38701e-01
1624	  3,2460000000e+03	 -3,58338e-01	 -2,34030e-01
1625	  3,2480000000e+03	 -3,60979e-01	 -2,29827e-01
1626	  3,2500000000e+03	 -3,59671e-01	 -2,25063e-01
1627	  3,2520000000e+03	 -3,59951e-01	 -2,20847e-01
1628	  3,2540000000e+03	 -3,62893e-01	 -2,16063e-01
1629	  3,2560000000e+03	 -3,63911e-01	 -2,10312e-01
1630	  3,2580000000e+03	 -3,63296e-01	 -2,09315e-01
1631	  3,2600000000e+03	 -3,65243e-01	 -2,05512e-01
1632	  3,2620000000e+03	 -3,67774e-01	 -1,98771e-01
1633	  3,2640000000e+03	 -3,69500e-01	 -1,93330e-01
1634	  3,2660000000e+03	 -3,72201e-01	 -1,88095e-01
1635	  3,2680000000e+03	 -3,72739e-01	 -1,83588e-01
1636	  3,2700000000e+03	 -3,73133e-01	 -1,79784e-01
1637	  3,2720000000e+03	 -3,73058e-01	 -1,73632e-01
1638	  3,2740000000e+03	 -3,74169e-01	 -1,68995e-01
1639	  3,2760000000e+03	 -3,74926e-01	 -1,64784e-01
1640	  3,2780000000e+03	 -3,72915e-01	 -1,61120e-01
1641	  3,2800000000e+03	 -3,73487e-01	 -1,56157e-01
1642	  3,2820000000e+03	 -3,75508e-01	 -1,50613e-01
1643	  3,2840000000e+03	 -3,75177e-01	 -1,44915e-01
1644	  3,2860000000e+03	 -3,78046e-01	 -1,43152e-01
1645	  3,2880000000e+03	 -3,82460e-01	 -1,40651e-01
1646	  3,2900000000e+03	 -3,80741e-01	 -1,35320e-01
1647	  3,2920000000e+03	 -3,80194e-01	 -1,31618e-01
1648	  3,2940000000e+03	 -3,80962e-01	 -1,26791e-01
1649	  3,2960000000e+03	 -3,79237e-01	 -1,22327e-01
1650	  3,2980000000e+03	 -3,78810e-01	 -1,17757e-01
1651	  3,3000000000e+03	 -3,77392e-01	 -1,13938e-01
1652	  3,3020000000e+03	 -3,75694e-01	 -1,14370e-01
1653	  3,3040000000e+03	 -3,74478e-01	 -1,09702e-01
1654	  3,3060000000e+03	 -3,74393e-01	 -1,05802e-01
1655	  3,3080000000e+03	 -3,76241e-01	 -1,03462e-01
1656	  3,3100000000e+03	 -3,75782e-01	 -1,00572e-01
1657	  3,3120000000e+03	 -3,76610e-01	 -9,37768e-02
1658	  3,3140000000e+03	 -3,78805e-01	 -9,12438e-02
1659	  3,3160000000e+03	 -3,75889e-01	 -8,60200e-02
1660	  3,3180000000e+03	 -3,76046e-01	 -8,43781e-02
1661	  3,3200000000e+03	 -3,77875e-01	 -8,05562e-02
1662	  3,3220000000e+03	 -3,79157e-01	 -7,84049e-02
1663	  3,3240000000e+03	 -3,81578e-01	 -7,55952e-02
1664	  3,3260000000e+03	 -3,80210e-01	 -7,20963e-02
1665	  3,3280000000e+03	 -3,77162e-01	 -7,09652e-02
1666	  3,3300000000e+03	 -3,77295e-01	 -6,71222e-02
1667	  3,3320000000e+03	 -3,83232e-01	 -6,22895e-02
1668	  3,3340000000e+03	 -3,86181e-01	 -5,66379e-02
1669	  3,3360000000e+03	 -3,82688e-01	 -5,40655e-02
1670	  3,3380000000e+03	 -3,83443e-01	 -5,03708e-02
1671	  3,3400000000e+03	 -3,84646e-01	 -5,16920e-02
1672	  3,3420000000e+03	 -3,81163e-01	 -4,51106e-02
1673	  3,3440000000e+03	 -3,80235e-01	 -3,50708e-02
1674	  3,3460000000e+03	 -3,80802e-01	 -3,30665e-02
1675	  3,3480000000e+03	 -3,81634e-01	 -3,25841e-02
1676	  3,3500000000e+03	 -3,82476e-01	 -2,58086e-02
1677	  3,3520000000e+03	 -3,79699e-01	 -1,96008e-02
1678	  3,3540000000e+03	 -3,79356e-01	 -1,49187e-02
1679	  3,3560000000e+03	 -3,76468e-01	 -1,34847e-02
1680	  3,3580000000e+03	 -3,79279e-01	 -1,03484e-02
1681	  3,3600000000e+03	 -3,76943e-01	 -4,57961e-03
1682	  3,3620000000e+03	 -3,72046e-01	 -4,41431e-03
1683	  3,3640000000e+03	 -3,73913e-01	  3,74776e-05
1684	  3,3660000000e+03	 -3,74661e-01	  5,37496e-03
1685	  3,3680000000e+03	 -3,71847e-01	  6,82136e-03
1686	  3,3700000000e+03	 -3,70857e-01	  1,14574e-02
1687	  3,3720000000e+03	 -3,70548e-01	  1,39715e-02
1688	  3,3740000000e+03	 -3,72546e-01	  1,60495e-02
1689	  3,3760000000e+03	 -3,72493e-01	  1,91923e-02
1690	  3,3780000000e+03	 -3,69828e-01	  2,40400e-02
1691	  3,3800000000e+03	 -3,64626e-01	  3,15784e-02
1692	  3,3820000000e+03	 -3,63129e-01	  3,54250e-02
1693	  3,3840000000e+03	 -3,61145e-01	  3,40284e-02
1694	  3,3860000000e+03	 -3,56594e-01	  3,53953e-02
1695	  3,3880000000e+03	 -3,53409e-01	  4,26723e-02
1696	  3,3900000000e+03	 -3,55319e-01	  4,25011e-02
1697	  3,3920000000e+03	 -3,57694e-01	  4,17190e-02
1698	  3,3940000000e+03	 -3,54671e-01	  4,63376e-02
1699	  3,3960000000e+03	 -3,57169e-01	  5,37935e-02
1700	  3,3980000000e+03	 -3,56480e-01	  5,30770e-02
1701	  3,4000000000e+03	 -3,54737e-01	  5,36644e-02
1702	  3,4020000000e+03	 -3,58574e-01	  5,84174e-02
1703	  3,4040000000e+03	 -3,60179e-01	  6,06208e-02
1704	  3,4060000000e+03	 -3,55650e-01	  6,27068e-02
1705	  3,4080000000e+03	 -3,52280e-01	  6,61741e-02
1706	  3,4100000000e+03	 -3,52550e-01	  7,07260e-02
1707	  3,4120000000e+03	 -3,50101e-01	  7,35445e-02
1708	  3,4140000000e+03	 -3,51532e-01	  7,82156e-02
1709	  3,4160000000e+03	 -3,49703e-01	  7,95069e-02
1710	  3,4180000000e+03	 -3,49036e-01	  7,89046e-02
1711	  3,4200000000e+03	 -3,49751e-01	  8,18443e-02
1712	  3,4220000000e+03	 -3,47261e-01	  8,51647e-02
1713	  3,4240000000e+03	 -3,45141e-01	  9,18383e-02
1714	  3,4260000000e+03	 -3,42539e-01	  9,43906e-02
1715	  3,4280000000e+03	 -3,41821e-01	  9,36221e-02
1716	  3,4300000000e+03	 -3,44854e-01	  9,23628e-02
1717	  3,4320000000e+03	 -3,46274e-01	  9,76137e-02
1718	  3,4340000000e+03	 -3,46202e-01	  1,03908e-01
1719	  3,4360000000e+03	 -3,45607e-01	  1,07168e-01
1720	  3,4380000000e+03	 -3,44802e-01	  1,10873e-01
1721	  3,4400000000e+03	 -3,45153e-01	  1,14599e-01
1722	  3,4420000000e+03	 -3,41297e-01	  1,12769e-01
1723	  3,4440000000e+03	 -3,38082e-01	  1,16630e-01
1724	  3,4460000000e+03	 -3,37251e-01	  1,18191e-01
1725	  3,4480000000e+03	 -3,38113e-01	  1,20410e-01
1726	  3,4500000000e+03	 -3,39196e-01	  1,23037e-01
1727	  3,4520000000e+03	 -3,38219e-01	  1,28619e-01
1728	  3,4540000000e+03	 -3,38974e-01	  1,34278e-01
1729	  3,4560000000e+03	 -3,37525e-01	  1,39939e-01
1730	  3,4580000000e+03	 -3,36286e-01	  1,42574e-01
1731	  3,4600000000e+03	 -3,32037e-01	  1,47628e-01
1732	  3,4620000000e+03	 -3,34021e-01	  1,50400e-01
1733	  3,4640000000e+03	 -3,34080e-01	  1,50751e-01
1734	  3,4660000000e+03	 -3,31756e-01	  1,52706e-01
1735	  3,4680000000e+03	 -3,28076e-01	  1,56337e-01
1736	  3,4700000000e+03	 -3,31077e-01	  1,62772e-01
1737	  3,4720000000e+03	 -3,30935e-01	  1,67906e-01
1738	  3,4740000000e+03	 -3,31116e-01	  1,70602e-01
1739	  3,4760000000e+03	 -3,27447e-01	  1,72539e-01
1740	  3,4780000000e+03	 -3,23383e-01	  1,77307e-01
1741	  3,4800000000e+03	 -3,21471e-01	  1,82742e-01
1742	  3,4820000000e+03	 -3,21013e-01	  1,86556e-01
1743	  3,4840000000e+03	 -3,22454e-01	  1,91385e-01
1744	  3,4860000000e+03	 -3,15607e-01	  1,94818e-01
1745	  3,4880000000e+03	 -3,10294e-01	  1,97360e-01
1746	  3,4900000000e+03	 -3,08459e-01	  2,00172e-01
1747	  3,4920000000e+03	 -3,04970e-01	  2,05854e-01
1748	  3,4940000000e+03	 -3,02974e-01	  2,06809e-01
1749	  3,4960000000e+03	 -3,01253e-01	  2,08407e-01
1750	  3,4980000000e+03	 -3,00021e-01	  2,12305e-01
1751	  3,5000000000e+03	 -2,94849e-01	  2,17957e-01
1752	  3,5020000000e+03	 -2,91162e-01	  2,19756e-01
1753	  3,5040000000e+03	 -2,92040e-01	  2,22908e-01
1754	  3,5060000000e+03	 -2,86062e-01	  2,28098e-01
1755	  3,5080000000e+03	 -2,79688e-01	  2,30045e-01
1756	  3,5100000000e+03	 -2,77834e-01	  2,30676e-01
1757	  3,5120000000e+03	 -2,76593e-01	  2,30253e-01
1758	  3,5140000000e+03	 -2,72646e-01	  2,32733e-01
1759	  3,5160000000e+03	 -2,70557e-01	  2,33002e-01
1760	  3,5180000000e+03	 -2,71132e-01	  2,34741e-01
1761	  3,5200000000e+03	 -2,67808e-01	  2,38742e-01
1762	  3,5220000000e+03	 -2,64201e-01	  2,41580e-01
1763	  3,5240000000e+03	 -2,65512e-01	  2,43987e-01
1764	  3,5260000000e+03	 -2,64266e-01	  2,47983e-01
1765	  3,5280000000e+03	 -2,59861e-01	  2,50432e-01
1766	  3,5300000000e+03	 -2,55257e-01	  2,52300e-01
1767	  3,5320000000e+03	 -2,50102e-01	  2,58498e-01
1768	  3,5340000000e+03	 -2,49737e-01	  2,60500e-01
1769	  3,5360000000e+03	 -2,49143e-01	  2,60579e-01
1770	  3,5380000000e+03	 -2,48812e-01	  2,64875e-01
1771	  3,5400000000e+03	 -2,42553e-01	  2,66904e-01
1772	  3,5420000000e+03	 -2,36557e-01	  2,68740e-01
1773	  3,5440000000e+03	 -2,34827e-01	  2,68429e-01
1774	  3,5460000000e+03	 -2,36295e-01	  2,68130e-01
1775	  3,5480000000e+03	 -2,34714e-01	  2,71288e-01
1776	  3,5500000000e+03	 -2,33647e-01	  2,77910e-01
1777	  3,5520000000e+03	 -2,34500e-01	  2,83351e-01
1778	  3,5540000000e+03	 -2,30904e-01	  2,83569e-01
1779	  3,5560000000e+03	 -2,26155e-01	  2,84122e-01
1780	  3,5580000000e+03	 -2,21522e-01	  2,86330e-01
1781	  3,5600000000e+03	 -2,17406e-01	  2,89363e-01
1782	  3,5620000000e+03	 -2,13864e-01	  2,97045e-01
1783	  3,5640000000e+03	 -2,14650e-01	  3,00760e-01
1784	  3,5660000000e+03	 -2,08545e-01	  2,97860e-01
1785	  3,5680000000e+03	 -2,03777e-01	  2,99289e-01
1786	  3,5700000000e+03	 -1,99045e-01	  3,00407e-01
1787	  3,5720000000e+03	 -1,93591e-01	  3,04917e-01
1788	  3,5740000000e+03	 -1,88892e-01	  3,05768e-01
1789	  3,5760000000e+03	 -1,84960e-01	  3,07244e-01
1790	  3,5780000000e+03	 -1,83689e-01	  3,08268e-01
1791	  3,5800000000e+03	 -1,79878e-01	  3,11573e-01
1792	  3,5820000000e+03	 -1,76834e-01	  3,17742e-01
1793	  3,5840000000e+03	 -1,73234e-01	  3,16415e-01
1794	  3,5860000000e+03	 -1,68144e-01	  3,17420e-01
1795	  3,5880000000e+03	 -1,66013e-01	  3,19827e-01
1796	  3,5900000000e+03	 -1,64142e-01	  3,19574e-01
1797	  3,5920000000e+03	 -1,57738e-01	  3,20168e-01
1798	  3,5940000000e+03	 -1,49584e-01	  3,19701e-01
1799	  3,5960000000e+03	 -1,48700e-01	  3,24294e-01
1800	  3,5980000000e+03	 -1,46874e-01	  3,27596e-01
1801	  3,6000000000e+03	 -1,37252e-01	  3,25486e-01
1802	  3,6020000000e+03	 -1,35549e-01	  3,26352e-01
1803	  3,6040000000e+03	 -1,34241e-01	  3,28828e-01
1804	  3,6060000000e+03	 -1,29327e-01	  3,29051e-01
1805	  3,6080000000e+03	 -1,24989e-01	  3,30503e-01
1806	  3,6100000000e+03	 -1,20274e-01	  3,31091e-01
1807	  3,6120000000e+03	 -1,18088e-01	  3,32053e-01
1808	  3,6140000000e+03	 -1,12584e-01	  3,31227e-01
1809	  3,6160000000e+03	 -1,10116e-01	  3,31149e-01
1810	  3,6180000000e+03	 -1,09153e-01	  3,31493e-01
1811	  3,6200000000e+03	 -1,01981e-01	  3,30220e-01
1812	  3,6220000000e+03	 -9,53200e-02	  3,29407e-01
1813	  3,6240000000e+03	 -9,69131e-02	  3,30792e-01
1814	  3,6260000000e+03	 -9,51055e-02	  3,31277e-01
1815	  3,6280000000e+03	 -9,04153e-02	  3,27360e-01
1816	  3,6300000000e+03	 -8,69676e-02	  3,28103e-01
1817	  3,6320000000e+03	 -8,65887e-02	  3,32118e-01
1818	  3,6340000000e+03	 -8,67827e-02	  3,31605e-01
1819	  3,6360000000e+03	 -7,98412e-02	  3,32093e-01
1820	  3,6380000000e+03	 -7,63606e-02	  3,34621e-01
1821	  3,6400000000e+03	 -7,55287e-02	  3,36640e-01
1822	  3,6420000000e+03	 -7,36803e-02	  3,39112e-01
1823	  3,6440000000e+03	 -6,62696e-02	  3,38065e-01
1824	  3,6460000000e+03	 -5,92324e-02	  3,38276e-01
1825	  3,6480000000e+03	 -5,80544e-02	  3,42604e-01
1826	  3,6500000000e+03	 -5,68875e-02	  3,38662e-01
1827	  3,6520000000e+03	 -5,16088e-02	  3,37935e-01
1828	  3,6540000000e+03	 -4,80709e-02	  3,40774e-01
1829	  3,6560000000e+03	 -4,55003e-02	  3,38001e-01
1830	  3,6580000000e+03	 -4,27387e-02	  3,39167e-01
1831	  3,6600000000e+03	 -4,01133e-02	  3,39792e-01
1832	  3,6620000000e+03	 -3,48690e-02	  3,38502e-01
1833	  3,6640000000e+03	 -3,20369e-02	  3,38331e-01
1834	  3,6660000000e+03	 -3,01093e-02	  3,40611e-01
1835	  3,6680000000e+03	 -2,76231e-02	  3,41361e-01
1836	  3,6700000000e+03	 -2,52299e-02	  3,41615e-01
1837	  3,6720000000e+03	 -2,27404e-02	  3,39970e-01
1838	  3,6740000000e+03	 -1,79088e-02	  3,41798e-01
1839	  3,6760000000e+03	 -1,28364e-02	  3,43787e-01
1840	  3,6780000000e+03	 -9,72294e-03	  3,43988e-01
1841	  3,6800000000e+03	 -4,19700e-03	  3,44482e-01
1842	  3,6820000000e+03	  1,25651e-03	  3,42908e-01
1843	  3,6840000000e+03	  3,71664e-03	  3,42676e-01
1844	  3,6860000000e+03	  5,59179e-03	  3,46268e-01
1845	  3,6880000000e+03	  1,42235e-02	  3,47852e-01
1846	  3,6900000000e+03	  1,86012e-02	  3,47060e-01
1847	  3,6920000000e+03	  2,25126e-02	  3,39128e-01
1848	  3,6940000000e+03	  2,55745e-02	  3,38092e-01
1849	  3,6960000000e+03	  2,96731e-02	  3,43325e-01
1850	  3,6980000000e+03	  3,42502e-02	  3,43276e-01
1851	  3,7000000000e+03	  3,46793e-02	  3,40024e-01
1852	  3,7020000000e+03	  4,00791e-02	  3,39229e-01
1853	  3,7040000000e+03	  4,39158e-02	  3,41685e-01
1854	  3,7060000000e+03	  4,79834e-02	  3,39380e-01
1855	  3,7080000000e+03	  5,37927e-02	  3,37437e-01
1856	  3,7100000000e+03	  6,04231e-02	  3,39357e-01
1857	  3,7120000000e+03	  6,44717e-02	  3,39668e-01
1858	  3,7140000000e+03	  6,59765e-02	  3,34543e-01
1859	  3,7160000000e+03	  6,78740e-02	  3,34033e-01
1860	  3,7180000000e+03	  7,21063e-02	  3,32798e-01
1861	  3,7200000000e+03	  7,99394e-02	  3,31029e-01
1862	  3,7220000000e+03	  8,25939e-02	  3,29813e-01
1863	  3,7240000000e+03	  8,79561e-02	  3,24528e-01
1864	  3,7260000000e+03	  9,03044e-02	  3,24198e-01
1865	  3,7280000000e+03	  9,55388e-02	  3,20653e-01
1866	  3,7300000000e+03	  9,87168e-02	  3,17932e-01
1867	  3,7320000000e+03	  9,79067e-02	  3,16548e-01
1868	  3,7340000000e+03	  1,02840e-01	  3,15746e-01
1869	  3,7360000000e+03	  1,10431e-01	  3,12716e-01
1870	  3,7380000000e+03	  1,14279e-01	  3,07985e-01
1871	  3,7400000000e+03	  1,14701e-01	  3,04984e-01
1872	  3,7420000000e+03	  1,20423e-01	  3,04288e-01
1873	  3,7440000000e+03	  1,23189e-01	  3,04047e-01
1874	  3,7460000000e+03	  1,25707e-01	  3,00336e-01
1875	  3,7480000000e+03	  1,27023e-01	  2,99384e-01
1876	  3,7500000000e+03	  1,27159e-01	  2,95371e-01
1877	  3,7520000000e+03	  1,33435e-01	  2,92866e-01
1878	  3,7540000000e+03	  1,38544e-01	  2,89975e-01
1879	  3,7560000000e+03	  1,40321e-01	  2,89231e-01
1880	  3,7580000000e+03	  1,42950e-01	  2,86567e-01
1881	  3,7600000000e+03	  1,43265e-01	  2,83673e-01
1882	  3,7620000000e+03	  1,43954e-01	  2,80868e-01
1883	  3,7640000000e+03	  1,42516e-01	  2,79416e-01
1884	  3,7660000000e+03	  1,46486e-01	  2,75099e-01
1885	  3,7680000000e+03	  1,49419e-01	  2,73758e-01
1886	  3,7700000000e+03	  1,52015e-01	  2,75109e-01
1887	  3,7720000000e+03	  1,58075e-01	  2,69557e-01
1888	  3,7740000000e+03	  1,60492e-01	  2,65067e-01
1889	  3,7760000000e+03	  1,59944e-01	  2,66186e-01
1890	  3,7780000000e+03	  1,60973e-01	  2,66551e-01
1891	  3,7800000000e+03	  1,63973e-01	  2,64021e-01
1892	  3,7820000000e+03	  1,65534e-01	  2,59207e-01
1893	  3,7840000000e+03	  1,68216e-01	  2,58501e-01
1894	  3,7860000000e+03	  1,68926e-01	  2,53528e-01
1895	  3,7880000000e+03	  1,70837e-01	  2,49331e-01
1896	  3,7900000000e+03	  1,74853e-01	  2,52221e-01
1897	  3,7920000000e+03	  1,73682e-01	  2,51115e-01
1898	  3,7940000000e+03	  1,77412e-01	  2,48693e-01
1899	  3,7960000000e+03	  1,80738e-01	  2,48183e-01
1900	  3,7980000000e+03	  1,83173e-01	  2,44903e-01
1901	  3,8000000000e+03	  1,87166e-01	  2,42167e-01
1902	  3,8020000000e+03	  1,89402e-01	  2,38522e-01
1903	  3,8040000000e+03	  1,91271e-01	  2,35231e-01
1904	  3,8060000000e+03	  1,96535e-01	  2,30819e-01
1905	  3,8080000000e+03	  1,96972e-01	  2,27708e-01
1906	  3,8100000000e+03	  1,97317e-01	  2,29404e-01
1907	  3,8120000000e+03	  1,99291e-01	  2,26381e-01
1908	  3,8140000000e+03	  2,01373e-01	  2,23515e-01
1909	  3,8160000000e+03	  2,04251e-01	  2,21244e-01
1910	  3,8180000000e+03	  2,04005e-01	  2,19174e-01
1911	  3,8200000000e+03	  2,07076e-01	  2,18518e-01
1912	  3,8220000000e+03	  2,08981e-01	  2,14111e-01
1913	  3,8240000000e+03	  2,09601e-01	  2,07048e-01
1914	  3,8260000000e+03	  2,11767e-01	  2,03761e-01
1915	  3,8280000000e+03	  2,08511e-01	  2,01702e-01
1916	  3,8300000000e+03	  2,09107e-01	  2,03153e-01
1917	  3,8320000000e+03	  2,11307e-01	  2,02380e-01
1918	  3,8340000000e+03	  2,11195e-01	  1,96813e-01
1919	  3,8360000000e+03	  2,14848e-01	  1,92866e-01
1920	  3,8380000000e+03	  2,17274e-01	  1,91397e-01
1921	  3,8400000000e+03	  2,18277e-01	  1,92299e-01
1922	  3,8420000000e+03	  2,18042e-01	  1,89736e-01
1923	  3,8440000000e+03	  2,17253e-01	  1,84006e-01
1924	  3,8460000000e+03	  2,15479e-01	  1,85888e-01
1925	  3,8480000000e+03	  2,14068e-01	  1,84817e-01
1926	  3,8500000000e+03	  2,20372e-01	  1,81100e-01
1927	  3,8520000000e+03	  2,23936e-01	  1,78577e-01
1928	  3,8540000000e+03	  2,25531e-01	  1,76058e-01
1929	  3,8560000000e+03	  2,24806e-01	  1,74584e-01
1930	  3,8580000000e+03	  2,28204e-01	  1,70100e-01
1931	  3,8600000000e+03	  2,32565e-01	  1,68917e-01
1932	  3,8620000000e+03	  2,32560e-01	  1,68115e-01
1933	  3,8640000000e+03	  2,32402e-01	  1,63664e-01
1934	  3,8660000000e+03	  2,31528e-01	  1,61649e-01
1935	  3,8680000000e+03	  2,34108e-01	  1,59840e-01
1936	  3,8700000000e+03	  2,35666e-01	  1,57010e-01
1937	  3,8720000000e+03	  2,32354e-01	  1,52201e-01
1938	  3,8740000000e+03	  2,38583e-01	  1,47336e-01
1939	  3,8760000000e+03	  2,42557e-01	  1,46726e-01
1940	  3,8780000000e+03	  2,40855e-01	  1,47295e-01
1941	  3,8800000000e+03	  2,43741e-01	  1,44694e-01
1942	  3,8820000000e+03	  2,46035e-01	  1,46320e-01
1943	  3,8840000000e+03	  2,45835e-01	  1,41524e-01
1944	  3,8860000000e+03	  2,44399e-01	  1,35071e-01
1945	  3,8880000000e+03	  2,45199e-01	  1,34546e-01
1946	  3,8900000000e+03	  2,43875e-01	  1,36736e-01
1947	  3,8920000000e+03	  2,48157e-01	  1,35172e-01
1948	  3,8940000000e+03	  2,51522e-01	  1,33307e-01
1949	  3,8960000000e+03	  2,53243e-01	  1,31826e-01
1950	  3,8980000000e+03	  2,56263e-01	  1,27342e-01
1951	  3,9000000000e+03	  2,56130e-01	  1,24564e-01
1952	  3,9020000000e+03	  2,53255e-01	  1,22682e-01
1953	  3,9040000000e+03	  2,53528e-01	  1,19812e-01
1954	  3,9060000000e+03	  2,58366e-01	  1,16143e-01
1955	  3,9080000000e+03	  2,59043e-01	  1,09337e-01
1956	  3,9100000000e+03	  2,61087e-01	  1,07747e-01
1957	  3,9120000000e+03	  2,60314e-01	  1,03879e-01
1958	  3,9140000000e+03	  2,63972e-01	  1,00038e-01
1959	  3,9160000000e+03	  2,61781e-01	  1,01570e-01
1960	  3,9180000000e+03	  2,64662e-01	  9,79554e-02
1961	  3,9200000000e+03	  2,72139e-01	  9,39373e-02
1962	  3,9220000000e+03	  2,72865e-01	  9,13520e-02
1963	  3,9240000000e+03	  2,69609e-01	  8,69207e-02
1964	  3,9260000000e+03	  2,71375e-01	  8,46846e-02
1965	  3,9280000000e+03	  2,75392e-01	  7,91531e-02
1966	  3,9300000000e+03	  2,75858e-01	  7,33323e-02
1967	  3,9320000000e+03	  2,74471e-01	  7,34652e-02
1968	  3,9340000000e+03	  2,72514e-01	  7,04483e-02
1969	  3,9360000000e+03	  2,74081e-01	  6,65628e-02
1970	  3,9380000000e+03	  2,72078e-01	  6,07165e-02
1971	  3,9400000000e+03	  2,72042e-01	  5,54806e-02
1972	  3,9420000000e+03	  2,74216e-01	  5,05572e-02
1973	  3,9440000000e+03	  2,73214e-01	  5,06182e-02
1974	  3,9460000000e+03	  2,74232e-01	  4,99187e-02
1975	  3,9480000000e+03	  2,73865e-01	  4,58925e-02
1976	  3,9500000000e+03	  2,74314e-01	  4,34850e-02
1977	  3,9520000000e+03	  2,75260e-01	  4,03275e-02
1978	  3,9540000000e+03	  2,78045e-01	  3,80261e-02
1979	  3,9560000000e+03	  2,76638e-01	  3,53295e-02
1980	  3,9580000000e+03	  2,72514e-01	  3,25855e-02
1981	  3,9600000000e+03	  2,76461e-01	  3,49411e-02
1982	  3,9620000000e+03	  2,84702e-01	  3,13415e-02
1983	  3,9640000000e+03	  2,81915e-01	  2,25770e-02
1984	  3,9660000000e+03	  2,74124e-01	  1,84636e-02
1985	  3,9680000000e+03	  2,75815e-01	  1,73520e-02
1986	  3,9700000000e+03	  2,77214e-01	  1,01499e-02
1987	  3,9720000000e+03	  2,76817e-01	  4,13700e-03
1988	  3,9740000000e+03	  2,77160e-01	 -5,60934e-05
1989	  3,9760000000e+03	  2,80038e-01	 -4,26959e-03
1990	  3,9780000000e+03	  2,78963e-01	 -9,48321e-03
1991	  3,9800000000e+03	  2,74814e-01	 -1,06907e-02
1992	  3,9820000000e+03	  2,74843e-01	 -1,28002e-02
1993	  3,9840000000e+03	  2,73774e-01	 -1,69267e-02
1994	  3,9860000000e+03	  2,71666e-01	 -2,31322e-02
1995	  3,9880000000e+03	  2,69960e-01	 -2,66191e-02
1996	  3,9900000000e+03	  2,68768e-01	 -2,61737e-02
1997	  3,9920000000e+03	  2,69099e-01	 -3,06817e-02
1998	  3,9940000000e+03	  2,68307e-01	 -3,26208e-02
1999	  3,9960000000e+03	  2,66133e-01	 -3,56814e-02
2000	  3,9980000000e+03	  2,60568e-01	 -4,22288e-02
2001	  4,0000000000e+03	  2,57925e-01	 -4,77604e-02
2002	  4,0020000000e+03	  2,58896e-01	 -4,73818e-02
2003	  4,0040000000e+03	  2,57208e-01	 -4,90067e-02
2004	  4,0060000000e+03	  2,53377e-01	 -5,11055e-02
2005	  4,0080000000e+03	  2,51653e-01	 -5,32341e-02
2006	  4,0100000000e+03	  2,50296e-01	 -5,82101e-02
2007	  4,0120000000e+03	  2,46218e-01	 -6,13701e-02
2008	  4,0140000000e+03	  2,46052e-01	 -6,35388e-02
2009	  4,0160000000e+03	  2,45907e-01	 -6,65424e-02
2010	  4,0180000000e+03	  2,42112e-01	 -6,52169e-02
2011	  4,0200000000e+03	  2,41471e-01	 -6,86078e-02
2012	  4,0220000000e+03	  2,37938e-01	 -7,10529e-02
2013	  4,0240000000e+03	  2,37675e-01	 -7,39513e-02
2014	  4,0260000000e+03	  2,39268e-01	 -7,34599e-02
2015	  4,0280000000e+03	  2,38502e-01	 -7,80724e-02
2016	  4,0300000000e+03	  2,35507e-01	 -8,07724e-02
2017	  4,0320000000e+03	  2,32705e-01	 -8,00007e-02
2018	  4,0340000000e+03	  2,31443e-01	 -8,25205e-02
2019	  4,0360000000e+03	  2,31126e-01	 -8,57126e-02
2020	  4,0380000000e+03	  2,31140e-01	 -8,79627e-02
2021	  4,0400000000e+03	  2,29266e-01	 -9,13478e-02
2022	  4,0420000000e+03	  2,26419e-01	 -9,28784e-02
2023	  4,0440000000e+03	  2,23486e-01	 -9,24522e-02
2024	  4,0460000000e+03	  2,22638e-01	 -9,74810e-02
2025	  4,0480000000e+03	  2,21294e-01	 -1,00367e-01
2026	  4,0500000000e+03	  2,21346e-01	 -1,01456e-01
2027	  4,0520000000e+03	  2,20218e-01	 -1,02966e-01
2028	  4,0540000000e+03	  2,17229e-01	 -1,06975e-01
2029	  4,0560000000e+03	  2,16352e-01	 -1,09751e-01
2030	  4,0580000000e+03	  2,14904e-01	 -1,11005e-01
2031	  4,0600000000e+03	  2,10100e-01	 -1,13168e-01
2032	  4,0620000000e+03	  2,05749e-01	 -1,17895e-01
2033	  4,0640000000e+03	  2,04268e-01	 -1,20350e-01
2034	  4,0660000000e+03	  2,01010e-01	 -1,21425e-01
2035	  4,0680000000e+03	  1,98564e-01	 -1,21872e-01
2036	  4,0700000000e+03	  1,94876e-01	 -1,24027e-01
2037	  4,0720000000e+03	  1,93975e-01	 -1,24234e-01
2038	  4,0740000000e+03	  1,92925e-01	 -1,28766e-01
2039	  4,0760000000e+03	  1,88837e-01	 -1,30678e-01
2040	  4,0780000000e+03	  1,89008e-01	 -1,31958e-01
2041	  4,0800000000e+03	  1,87265e-01	 -1,33222e-01
2042	  4,0820000000e+03	  1,84646e-01	 -1,30951e-01
2043	  4,0840000000e+03	  1,82532e-01	 -1,31448e-01
2044	  4,0860000000e+03	  1,79227e-01	 -1,34820e-01
2045	  4,0880000000e+03	  1,76006e-01	 -1,32728e-01
2046	  4,0900000000e+03	  1,74979e-01	 -1,35864e-01
2047	  4,0920000000e+03	  1,70348e-01	 -1,39296e-01
2048	  4,0940000000e+03	  1,66528e-01	 -1,36554e-01
2049	  4,0960000000e+03	  1,62940e-01	 -1,38835e-01
2050	  4,0980000000e+03	  1,58390e-01	 -1,40859e-01
2051	  4,1000000000e+03	  1,58730e-01	 -1,38758e-01
2052	  4,1020000000e+03	  1,61415e-01	 -1,41465e-01
2053	  4,1040000000e+03	  1,62341e-01	 -1,41432e-01
2054	  4,1060000000e+03	  1,58028e-01	 -1,40746e-01
2055	  4,1080000000e+03	  1,52923e-01	 -1,40411e-01
2056	  4,1100000000e+03	  1,50052e-01	 -1,42212e-01
2057	  4,1120000000e+03	  1,48944e-01	 -1,48323e-01
2058	  4,1140000000e+03	  1,47484e-01	 -1,47605e-01
2059	  4,1160000000e+03	  1,47477e-01	 -1,45921e-01
2060	  4,1180000000e+03	  1,46162e-01	 -1,46206e-01
2061	  4,1200000000e+03	  1,44918e-01	 -1,45881e-01
2062	  4,1220000000e+03	  1,42139e-01	 -1,49752e-01
2063	  4,1240000000e+03	  1,41153e-01	 -1,52363e-01
2064	  4,1260000000e+03	  1,38562e-01	 -1,51088e-01
2065	  4,1280000000e+03	  1,34613e-01	 -1,52486e-01
2066	  4,1300000000e+03	  1,30972e-01	 -1,57320e-01
2067	  4,1320000000e+03	  1,29006e-01	 -1,56895e-01
2068	  4,1340000000e+03	  1,24238e-01	 -1,54031e-01
2069	  4,1360000000e+03	  1,22465e-01	 -1,56473e-01
2070	  4,1380000000e+03	  1,22979e-01	 -1,55530e-01
2071	  4,1400000000e+03	  1,21912e-01	 -1,52801e-01
2072	  4,1420000000e+03	  1,18743e-01	 -1,55925e-01
2073	  4,1440000000e+03	  1,17166e-01	 -1,59658e-01
2074	  4,1460000000e+03	  1,14216e-01	 -1,59313e-01
2075	  4,1480000000e+03	  1,11381e-01	 -1,55874e-01
2076	  4,1500000000e+03	  1,08991e-01	 -1,56324e-01
2077	  4,1520000000e+03	  1,07052e-01	 -1,58446e-01
2078	  4,1540000000e+03	  1,05359e-01	 -1,58460e-01
2079	  4,1560000000e+03	  1,03463e-01	 -1,57603e-01
2080	  4,1580000000e+03	  1,01512e-01	 -1,57308e-01
2081	  4,1600000000e+03	  9,89897e-02	 -1,57155e-01
2082	  4,1620000000e+03	  9,82026e-02	 -1,58698e-01
2083	  4,1640000000e+03	  9,78912e-02	 -1,55812e-01
2084	  4,1660000000e+03	  9,32877e-02	 -1,57519e-01
2085	  4,1680000000e+03	  9,25836e-02	 -1,57606e-01
2086	  4,1700000000e+03	  9,30354e-02	 -1,56325e-01
2087	  4,1720000000e+03	  9,25240e-02	 -1,59333e-01
2088	  4,1740000000e+03	  8,95467e-02	 -1,59484e-01
2089	  4,1760000000e+03	  8,77387e-02	 -1,59392e-01
2090	  4,1780000000e+03	  8,55253e-02	 -1,60303e-01
2091	  4,1800000000e+03	  8,33488e-02	 -1,56233e-01
2092	  4,1820000000e+03	  8,30319e-02	 -1,54313e-01
2093	  4,1840000000e+03	  8,29238e-02	 -1,57095e-01
2094	  4,1860000000e+03	  8,01065e-02	 -1,58651e-01
2095	  4,1880000000e+03	  7,43439e-02	 -1,57652e-01
2096	  4,1900000000e+03	  7,22275e-02	 -1,57117e-01
2097	  4,1920000000e+03	  7,11359e-02	 -1,57890e-01
2098	  4,1940000000e+03	  7,15051e-02	 -1,60884e-01
2099	  4,1960000000e+03	  6,72850e-02	 -1,60648e-01
2100	  4,1980000000e+03	  6,40771e-02	 -1,57745e-01
2101	  4,2000000000e+03	  6,37177e-02	 -1,57209e-01
2102	  4,2020000000e+03	  6,29099e-02	 -1,58966e-01
2103	  4,2040000000e+03	  5,94785e-02	 -1,61480e-01
2104	  4,2060000000e+03	  5,89374e-02	 -1,61814e-01
2105	  4,2080000000e+03	  5,65619e-02	 -1,57702e-01
2106	  4,2100000000e+03	  5,30059e-02	 -1,55884e-01
2107	  4,2120000000e+03	  5,41939e-02	 -1,57706e-01
2108	  4,2140000000e+03	  5,42362e-02	 -1,58192e-01
2109	  4,2160000000e+03	  5,34727e-02	 -1,53176e-01
2110	  4,2180000000e+03	  5,15332e-02	 -1,52832e-01
2111	  4,2200000000e+03	  4,85893e-02	 -1,53033e-01
2112	  4,2220000000e+03	  4,35442e-02	 -1,50906e-01
2113	  4,2240000000e+03	  4,43653e-02	 -1,52606e-01
2114	  4,2260000000e+03	  4,42832e-02	 -1,54935e-01
2115	  4,2280000000e+03	  4,17953e-02	 -1,52416e-01
2116	  4,2300000000e+03	  4,07009e-02	 -1,50302e-01
2117	  4,2320000000e+03	  3,89221e-02	 -1,50788e-01
2118	  4,2340000000e+03	  3,78797e-02	 -1,50827e-01
2119	  4,2360000000e+03	  3,76101e-02	 -1,52138e-01
2120	  4,2380000000e+03	  3,63753e-02	 -1,51315e-01
2121	  4,2400000000e+03	  3,41485e-02	 -1,49020e-01
2122	  4,2420000000e+03	  3,40428e-02	 -1,52844e-01
2123	  4,2440000000e+03	  3,17048e-02	 -1,51520e-01
2124	  4,2460000000e+03	  2,81606e-02	 -1,49366e-01
2125	  4,2480000000e+03	  2,68577e-02	 -1,50637e-01
2126	  4,2500000000e+03	  2,83177e-02	 -1,52888e-01
2127	  4,2520000000e+03	  2,54370e-02	 -1,49733e-01
2128	  4,2540000000e+03	  2,51079e-02	 -1,46055e-01
2129	  4,2560000000e+03	  2,57080e-02	 -1,44483e-01
2130	  4,2580000000e+03	  2,38291e-02	 -1,44684e-01
2131	  4,2600000000e+03	  2,18700e-02	 -1,47966e-01
2132	  4,2620000000e+03	  2,23186e-02	 -1,47645e-01
2133	  4,2640000000e+03	  2,07881e-02	 -1,45728e-01
2134	  4,2660000000e+03	  1,95681e-02	 -1,45021e-01
2135	  4,2680000000e+03	  2,16382e-02	 -1,44831e-01
2136	  4,2700000000e+03	  1,73047e-02	 -1,47174e-01
2137	  4,2720000000e+03	  1,54170e-02	 -1,42537e-01
2138	  4,2740000000e+03	  1,30920e-02	 -1,42253e-01
2139	  4,2760000000e+03	  1,44328e-02	 -1,41789e-01
2140	  4,2780000000e+03	  1,53983e-02	 -1,43081e-01
2141	  4,2800000000e+03	  1,09284e-02	 -1,43337e-01
2142	  4,2820000000e+03	  1,07880e-02	 -1,43835e-01
2143	  4,2840000000e+03	  7,28105e-03	 -1,41306e-01
2144	  4,2860000000e+03	  6,07026e-03	 -1,37877e-01
2145	  4,2880000000e+03	  5,57656e-03	 -1,35995e-01
2146	  4,2900000000e+03	  7,06682e-03	 -1,35906e-01
2147	  4,2920000000e+03	  5,66361e-03	 -1,32953e-01
2148	  4,2940000000e+03	  6,27608e-03	 -1,32044e-01
2149	  4,2960000000e+03	  1,26614e-02	 -1,36223e-01
2150	  4,2980000000e+03	  1,09184e-02	 -1,35597e-01
2151	  4,3000000000e+03	  6,38973e-03	 -1,36170e-01
2152	  4,3020000000e+03	  3,74695e-03	 -1,36495e-01
2153	  4,3040000000e+03	  4,73477e-03	 -1,35140e-01
2154	  4,3060000000e+03	  5,98571e-03	 -1,33761e-01
2155	  4,3080000000e+03	  3,18340e-03	 -1,35602e-01
2156	  4,3100000000e+03	  2,16228e-03	 -1,36156e-01
2157	  4,3120000000e+03	 -6,68980e-04	 -1,37865e-01
2158	  4,3140000000e+03	 -7,06032e-04	 -1,39530e-01
2159	  4,3160000000e+03	 -1,80638e-03	 -1,38514e-01
2160	  4,3180000000e+03	 -5,41983e-03	 -1,37684e-01
2161	  4,3200000000e+03	 -5,79118e-03	 -1,40636e-01
2162	  4,3220000000e+03	 -3,05020e-03	 -1,37148e-01
2163	  4,3240000000e+03	 -4,77177e-03	 -1,37835e-01
2164	  4,3260000000e+03	 -6,29138e-03	 -1,36720e-01
2165	  4,3280000000e+03	 -1,06709e-02	 -1,38414e-01
2166	  4,3300000000e+03	 -1,36744e-02	 -1,37725e-01
2167	  4,3320000000e+03	 -1,23138e-02	 -1,38218e-01
2168	  4,3340000000e+03	 -1,00637e-02	 -1,36261e-01
2169	  4,3360000000e+03	 -1,53608e-02	 -1,31966e-01
2170	  4,3380000000e+03	 -1,80701e-02	 -1,33144e-01
2171	  4,3400000000e+03	 -1,80354e-02	 -1,30840e-01
2172	  4,3420000000e+03	 -2,04832e-02	 -1,27899e-01
2173	  4,3440000000e+03	 -2,24883e-02	 -1,29003e-01
2174	  4,3460000000e+03	 -2,16684e-02	 -1,30352e-01
2175	  4,3480000000e+03	 -2,33063e-02	 -1,34301e-01
2176	  4,3500000000e+03	 -2,32051e-02	 -1,35905e-01
2177	  4,3520000000e+03	 -2,28618e-02	 -1,34459e-01
2178	  4,3540000000e+03	 -2,64712e-02	 -1,31702e-01
2179	  4,3560000000e+03	 -2,62040e-02	 -1,32254e-01
2180	  4,3580000000e+03	 -2,51238e-02	 -1,30610e-01
2181	  4,3600000000e+03	 -2,64259e-02	 -1,27006e-01
2182	  4,3620000000e+03	 -3,06438e-02	 -1,27708e-01
2183	  4,3640000000e+03	 -3,23818e-02	 -1,26963e-01
2184	  4,3660000000e+03	 -3,10944e-02	 -1,25073e-01
2185	  4,3680000000e+03	 -3,23302e-02	 -1,24790e-01
2186	  4,3700000000e+03	 -3,08972e-02	 -1,25289e-01
2187	  4,3720000000e+03	 -2,91016e-02	 -1,24969e-01
2188	  4,3740000000e+03	 -3,39796e-02	 -1,24371e-01
2189	  4,3760000000e+03	 -3,78440e-02	 -1,23211e-01
2190	  4,3780000000e+03	 -3,97321e-02	 -1,21855e-01
2191	  4,3800000000e+03	 -3,71276e-02	 -1,22678e-01
2192	  4,3820000000e+03	 -4,01017e-02	 -1,24167e-01
2193	  4,3840000000e+03	 -4,20222e-02	 -1,23549e-01
2194	  4,3860000000e+03	 -4,05703e-02	 -1,20635e-01
2195	  4,3880000000e+03	 -4,20079e-02	 -1,20368e-01
2196	  4,3900000000e+03	 -4,18745e-02	 -1,20530e-01
2197	  4,3920000000e+03	 -4,50898e-02	 -1,19487e-01
2198	  4,3940000000e+03	 -4,85651e-02	 -1,18956e-01
2199	  4,3960000000e+03	 -4,92633e-02	 -1,20516e-01
2200	  4,3980000000e+03	 -4,92605e-02	 -1,20037e-01
2201	  4,4000000000e+03	 -4,94775e-02	 -1,21062e-01
2202	  4,4020000000e+03	 -5,00811e-02	 -1,18395e-01
2203	  4,4040000000e+03	 -5,30922e-02	 -1,17063e-01
2204	  4,4060000000e+03	 -5,59532e-02	 -1,15948e-01
2205	  4,4080000000e+03	 -5,52433e-02	 -1,13785e-01
2206	  4,4100000000e+03	 -5,50316e-02	 -1,08712e-01
2207	  4,4120000000e+03	 -5,48787e-02	 -1,10759e-01
2208	  4,4140000000e+03	 -5,71376e-02	 -1,11997e-01
2209	  4,4160000000e+03	 -6,09302e-02	 -1,09009e-01
2210	  4,4180000000e+03	 -5,89175e-02	 -1,04763e-01
2211	  4,4200000000e+03	 -5,77770e-02	 -1,04618e-01
2212	  4,4220000000e+03	 -5,93803e-02	 -1,04151e-01
2213	  4,4240000000e+03	 -5,93757e-02	 -1,02736e-01
2214	  4,4260000000e+03	 -6,20777e-02	 -1,02368e-01
2215	  4,4280000000e+03	 -6,21816e-02	 -1,01844e-01
2216	  4,4300000000e+03	 -6,35689e-02	 -9,93017e-02
2217	  4,4320000000e+03	 -6,28993e-02	 -9,78259e-02
2218	  4,4340000000e+03	 -6,47089e-02	 -9,77407e-02
2219	  4,4360000000e+03	 -6,40327e-02	 -9,49470e-02
2220	  4,4380000000e+03	 -6,11234e-02	 -9,50097e-02
2221	  4,4400000000e+03	 -6,09969e-02	 -9,61506e-02
2222	  4,4420000000e+03	 -6,20590e-02	 -9,44409e-02
2223	  4,4440000000e+03	 -6,53293e-02	 -9,24986e-02
2224	  4,4460000000e+03	 -6,58723e-02	 -9,21722e-02
2225	  4,4480000000e+03	 -6,82468e-02	 -9,27891e-02
2226	  4,4500000000e+03	 -6,68166e-02	 -9,41560e-02
2227	  4,4520000000e+03	 -6,69327e-02	 -9,03044e-02
2228	  4,4540000000e+03	 -6,77053e-02	 -8,73349e-02
2229	  4,4560000000e+03	 -6,95156e-02	 -8,73644e-02
2230	  4,4580000000e+03	 -6,82638e-02	 -8,67211e-02
2231	  4,4600000000e+03	 -7,02339e-02	 -8,58513e-02
2232	  4,4620000000e+03	 -7,36552e-02	 -8,63240e-02
2233	  4,4640000000e+03	 -7,52118e-02	 -8,20524e-02
2234	  4,4660000000e+03	 -7,56082e-02	 -8,01403e-02
2235	  4,4680000000e+03	 -7,61955e-02	 -7,97542e-02
2236	  4,4700000000e+03	 -7,58122e-02	 -7,77585e-02
2237	  4,4720000000e+03	 -7,18893e-02	 -7,48242e-02
2238	  4,4740000000e+03	 -7,26087e-02	 -7,24522e-02
2239	  4,4760000000e+03	 -7,14270e-02	 -7,21033e-02
2240	  4,4780000000e+03	 -7,33920e-02	 -7,00163e-02
2241	  4,4800000000e+03	 -7,06708e-02	 -6,76054e-02
2242	  4,4820000000e+03	 -7,15356e-02	 -6,85668e-02
2243	  4,4840000000e+03	 -7,37877e-02	 -6,74957e-02
2244	  4,4860000000e+03	 -7,23356e-02	 -6,58147e-02
2245	  4,4880000000e+03	 -6,91349e-02	 -6,45679e-02
2246	  4,4900000000e+03	 -7,19282e-02	 -6,21460e-02
2247	  4,4920000000e+03	 -7,18716e-02	 -5,99773e-02
2248	  4,4940000000e+03	 -7,13172e-02	 -6,05971e-02
2249	  4,4960000000e+03	 -6,99873e-02	 -6,08885e-02
2250	  4,4980000000e+03	 -6,82310e-02	 -6,14486e-02
2251	  4,5000000000e+03	 -6,75086e-02	 -6,02151e-02
2252	  4,5020000000e+03	 -6,73036e-02	 -6,05047e-02
2253	  4,5040000000e+03	 -7,23359e-02	 -6,05083e-02
2254	  4,5060000000e+03	 -7,06277e-02	 -5,84226e-02
2255	  4,5080000000e+03	 -6,55734e-02	 -5,43496e-02
2256	  4,5100000000e+03	 -6,60630e-02	 -5,39946e-02
2257	  4,5120000000e+03	 -6,60872e-02	 -5,58020e-02
2258	  4,5140000000e+03	 -6,78803e-02	 -5,59892e-02
2259	  4,5160000000e+03	 -6,82893e-02	 -5,53684e-02
2260	  4,5180000000e+03	 -6,64156e-02	 -5,06630e-02
2261	  4,5200000000e+03	 -6,43078e-02	 -4,89373e-02
2262	  4,5220000000e+03	 -6,23233e-02	 -5,11861e-02
2263	  4,5240000000e+03	 -6,34764e-02	 -5,45141e-02
2264	  4,5260000000e+03	 -6,03050e-02	 -5,33325e-02
2265	  4,5280000000e+03	 -6,02094e-02	 -5,03880e-02
2266	  4,5300000000e+03	 -5,99843e-02	 -4,97446e-02
2267	  4,5320000000e+03	 -6,40733e-02	 -4,82603e-02
2268	  4,5340000000e+03	 -6,31643e-02	 -4,68274e-02
2269	  4,5360000000e+03	 -5,93277e-02	 -4,76053e-02
2270	  4,5380000000e+03	 -5,70923e-02	 -4,86948e-02
2271	  4,5400000000e+03	 -5,75688e-02	 -4,91261e-02
2272	  4,5420000000e+03	 -5,72683e-02	 -4,83137e-02
2273	  4,5440000000e+03	 -5,50352e-02	 -5,15391e-02
2274	  4,5460000000e+03	 -5,23881e-02	 -5,07759e-02
2275	  4,5480000000e+03	 -5,38167e-02	 -4,80528e-02
2276	  4,5500000000e+03	 -5,38757e-02	 -5,26245e-02
2277	  4,5520000000e+03	 -5,45948e-02	 -5,40407e-02
2278	  4,5540000000e+03	 -5,50487e-02	 -5,40105e-02
2279	  4,5560000000e+03	 -5,77713e-02	 -5,60043e-02
2280	  4,5580000000e+03	 -5,85241e-02	 -5,45885e-02
2281	  4,5600000000e+03	 -5,79713e-02	 -5,38135e-02
2282	  4,5620000000e+03	 -5,84703e-02	 -5,54868e-02
2283	  4,5640000000e+03	 -6,16357e-02	 -5,59453e-02
2284	  4,5660000000e+03	 -6,21112e-02	 -5,50705e-02
2285	  4,5680000000e+03	 -6,26944e-02	 -5,57301e-02
2286	  4,5700000000e+03	 -6,41287e-02	 -5,63459e-02
2287	  4,5720000000e+03	 -6,30639e-02	 -5,76406e-02
2288	  4,5740000000e+03	 -6,30058e-02	 -5,75779e-02
2289	  4,5760000000e+03	 -6,07613e-02	 -5,70915e-02
2290	  4,5780000000e+03	 -6,38360e-02	 -5,52607e-02
2291	  4,5800000000e+03	 -6,90769e-02	 -5,19065e-02
2292	  4,5820000000e+03	 -6,50050e-02	 -5,17560e-02
2293	  4,5840000000e+03	 -6,21847e-02	 -5,45748e-02
2294	  4,5860000000e+03	 -6,61360e-02	 -5,37215e-02
2295	  4,5880000000e+03	 -6,87410e-02	 -5,03571e-02
2296	  4,5900000000e+03	 -6,73469e-02	 -4,78086e-02
2297	  4,5920000000e+03	 -6,76776e-02	 -4,94117e-02
2298	  4,5940000000e+03	 -6,52060e-02	 -5,02197e-02
2299	  4,5960000000e+03	 -6,57541e-02	 -4,91635e-02
2300	  4,5980000000e+03	 -6,84098e-02	 -4,93789e-02
2301	  4,6000000000e+03	 -6,52987e-02	 -5,15246e-02
2302	  4,6020000000e+03	 -6,34140e-02	 -4,90832e-02
2303	  4,6040000000e+03	 -6,59978e-02	 -4,61131e-02
2304	  4,6060000000e+03	 -6,66554e-02	 -4,98563e-02
2305	  4,6080000000e+03	 -6,45744e-02	 -5,23449e-02
2306	  4,6100000000e+03	 -6,56114e-02	 -4,91541e-02
2307	  4,6120000000e+03	 -6,13211e-02	 -4,69155e-02
2308	  4,6140000000e+03	 -6,31824e-02	 -4,86299e-02
2309	  4,6160000000e+03	 -6,51225e-02	 -5,02527e-02
2310	  4,6180000000e+03	 -6,44183e-02	 -5,10461e-02
2311	  4,6200000000e+03	 -6,77934e-02	 -5,19469e-02
2312	  4,6220000000e+03	 -7,01062e-02	 -4,68985e-02
2313	  4,6240000000e+03	 -6,63464e-02	 -4,46663e-02
2314	  4,6260000000e+03	 -6,67655e-02	 -4,79272e-02
2315	  4,6280000000e+03	 -6,75116e-02	 -5,17857e-02
2316	  4,6300000000e+03	 -6,76270e-02	 -4,97246e-02
2317	  4,6320000000e+03	 -7,04309e-02	 -4,88863e-02
2318	  4,6340000000e+03	 -7,00826e-02	 -4,88378e-02
2319	  4,6360000000e+03	 -7,00300e-02	 -4,97612e-02
2320	  4,6380000000e+03	 -6,68928e-02	 -4,96288e-02
2321	  4,6400000000e+03	 -7,09798e-02	 -4,92887e-02
2322	  4,6420000000e+03	 -7,22316e-02	 -4,97936e-02
2323	  4,6440000000e+03	 -7,14620e-02	 -4,91865e-02
2324	  4,6460000000e+03	 -7,43214e-02	 -4,80462e-02
2325	  4,6480000000e+03	 -7,67657e-02	 -4,75930e-02
2326	  4,6500000000e+03	 -7,67497e-02	 -4,53165e-02
2327	  4,6520000000e+03	 -7,93808e-02	 -4,44196e-02
2328	  4,6540000000e+03	 -7,91290e-02	 -4,75248e-02
2329	  4,6560000000e+03	 -7,97967e-02	 -4,89215e-02
2330	  4,6580000000e+03	 -7,81619e-02	 -4,74744e-02
2331	  4,6600000000e+03	 -7,74825e-02	 -4,52601e-02
2332	  4,6620000000e+03	 -8,01360e-02	 -4,38235e-02
2333	  4,6640000000e+03	 -8,31584e-02	 -4,55547e-02
2334	  4,6660000000e+03	 -8,59206e-02	 -4,66513e-02
2335	  4,6680000000e+03	 -8,66707e-02	 -4,40883e-02
2336	  4,6700000000e+03	 -8,73169e-02	 -4,33808e-02
2337	  4,6720000000e+03	 -8,80446e-02	 -4,17771e-02
2338	  4,6740000000e+03	 -8,79396e-02	 -4,06094e-02
2339	  4,6760000000e+03	 -8,93967e-02	 -4,14285e-02
2340	  4,6780000000e+03	 -9,20132e-02	 -4,04949e-02
2341	  4,6800000000e+03	 -9,18676e-02	 -4,07378e-02
2342	  4,6820000000e+03	 -9,14400e-02	 -3,63911e-02
2343	  4,6840000000e+03	 -9,07404e-02	 -3,46585e-02
2344	  4,6860000000e+03	 -9,08935e-02	 -3,63530e-02
2345	  4,6880000000e+03	 -9,14497e-02	 -3,63648e-02
2346	  4,6900000000e+03	 -9,30562e-02	 -3,66286e-02
2347	  4,6920000000e+03	 -9,38242e-02	 -3,52028e-02
2348	  4,6940000000e+03	 -9,78179e-02	 -3,14731e-02
2349	  4,6960000000e+03	 -9,79383e-02	 -2,75536e-02
2350	  4,6980000000e+03	 -9,59138e-02	 -2,63972e-02
2351	  4,7000000000e+03	 -9,44146e-02	 -2,56227e-02
2352	  4,7020000000e+03	 -9,47588e-02	 -2,33769e-02
2353	  4,7040000000e+03	 -9,78324e-02	 -1,98366e-02
2354	  4,7060000000e+03	 -1,00387e-01	 -1,81838e-02
2355	  4,7080000000e+03	 -9,98935e-02	 -1,87720e-02
2356	  4,7100000000e+03	 -1,00013e-01	 -1,83389e-02
2357	  4,7120000000e+03	 -9,90736e-02	 -1,73483e-02
2358	  4,7140000000e+03	 -9,92621e-02	 -1,75633e-02
2359	  4,7160000000e+03	 -9,92595e-02	 -1,87382e-02
2360	  4,7180000000e+03	 -9,81999e-02	 -1,41608e-02
2361	  4,7200000000e+03	 -9,55455e-02	 -1,57755e-02
2362	  4,7220000000e+03	 -9,57697e-02	 -1,34212e-02
2363	  4,7240000000e+03	 -9,46735e-02	 -1,37636e-02
2364	  4,7260000000e+03	 -9,61411e-02	 -1,24982e-02
2365	  4,7280000000e+03	 -9,53841e-02	 -9,06484e-03
2366	  4,7300000000e+03	 -9,72991e-02	 -6,47962e-03
2367	  4,7320000000e+03	 -9,47538e-02	 -4,92374e-03
2368	  4,7340000000e+03	 -9,52463e-02	 -1,96131e-03
2369	  4,7360000000e+03	 -9,46895e-02	 -1,32118e-04
2370	  4,7380000000e+03	 -9,54370e-02	 -8,74578e-04
2371	  4,7400000000e+03	 -9,45680e-02	 -1,75883e-03
2372	  4,7420000000e+03	 -9,19224e-02	 -2,98540e-03
2373	  4,7440000000e+03	 -9,14690e-02	 -2,18846e-03
2374	  4,7460000000e+03	 -9,22049e-02	  2,77048e-03
2375	  4,7480000000e+03	 -8,97011e-02	  3,76773e-03
2376	  4,7500000000e+03	 -9,13598e-02	  8,20956e-04
2377	  4,7520000000e+03	 -9,25968e-02	 -7,47026e-04
2378	  4,7540000000e+03	 -9,11058e-02	  1,95856e-03
2379	  4,7560000000e+03	 -8,96291e-02	  3,37097e-03
2380	  4,7580000000e+03	 -8,51349e-02	  3,62299e-03
2381	  4,7600000000e+03	 -8,71565e-02	  4,67821e-03
2382	  4,7620000000e+03	 -9,28020e-02	  6,44791e-03
2383	  4,7640000000e+03	 -9,17890e-02	  2,71417e-03
2384	  4,7660000000e+03	 -8,50073e-02	 -4,51127e-04
2385	  4,7680000000e+03	 -8,25298e-02	  3,25961e-03
2386	  4,7700000000e+03	 -8,64069e-02	  5,01349e-03
2387	  4,7720000000e+03	 -8,98255e-02	  3,43379e-03
2388	  4,7740000000e+03	 -8,91465e-02	  3,83943e-03
2389	  4,7760000000e+03	 -8,89995e-02	  4,27404e-03
2390	  4,7780000000e+03	 -8,69636e-02	  1,36952e-03
2391	  4,7800000000e+03	 -9,07762e-02	  4,43134e-03
2392	  4,7820000000e+03	 -9,36050e-02	  8,56184e-03
2393	  4,7840000000e+03	 -9,23685e-02	  1,08138e-02
2394	  4,7860000000e+03	 -9,32216e-02	  1,20186e-02
2395	  4,7880000000e+03	 -9,08438e-02	  1,47731e-02
2396	  4,7900000000e+03	 -9,00183e-02	  1,69521e-02
2397	  4,7920000000e+03	 -9,06018e-02	  1,54890e-02
2398	  4,7940000000e+03	 -9,07778e-02	  1,46479e-02
2399	  4,7960000000e+03	 -9,37535e-02	  1,71942e-02
2400	  4,7980000000e+03	 -9,29792e-02	  1,75436e-02
2401	  4,8000000000e+03	 -8,97672e-02	  2,06317e-02
2402	  4,8020000000e+03	 -9,23912e-02	  1,99620e-02
2403	  4,8040000000e+03	 -8,59135e-02	  2,24672e-02
2404	  4,8060000000e+03	 -8,79191e-02	  2,16548e-02
2405	  4,8080000000e+03	 -8,81673e-02	  2,27175e-02
2406	  4,8100000000e+03	 -8,60831e-02	  2,73692e-02
2407	  4,8120000000e+03	 -8,56780e-02	  2,86141e-02
2408	  4,8140000000e+03	 -8,52179e-02	  2,85450e-02
2409	  4,8160000000e+03	 -8,73913e-02	  2,42795e-02
2410	  4,8180000000e+03	 -8,36663e-02	  2,67653e-02
2411	  4,8200000000e+03	 -8,09098e-02	  2,83882e-02
2412	  4,8220000000e+03	 -8,28039e-02	  3,03256e-02
2413	  4,8240000000e+03	 -8,32186e-02	  3,00605e-02
2414	  4,8260000000e+03	 -8,26961e-02	  3,06885e-02
2415	  4,8280000000e+03	 -8,40216e-02	  3,06917e-02
2416	  4,8300000000e+03	 -8,36557e-02	  3,19037e-02
2417	  4,8320000000e+03	 -8,18940e-02	  3,08648e-02
2418	  4,8340000000e+03	 -8,07883e-02	  3,62004e-02
2419	  4,8360000000e+03	 -8,10353e-02	  3,74015e-02
2420	  4,8380000000e+03	 -8,40907e-02	  3,39421e-02
2421	  4,8400000000e+03	 -8,09815e-02	  3,64921e-02
2422	  4,8420000000e+03	 -7,56534e-02	  3,60470e-02
2423	  4,8440000000e+03	 -7,35034e-02	  3,53690e-02
2424	  4,8460000000e+03	 -7,74812e-02	  3,24673e-02
2425	  4,8480000000e+03	 -7,80779e-02	  3,59028e-02
2426	  4,8500000000e+03	 -7,42505e-02	  3,71004e-02
2427	  4,8520000000e+03	 -7,17334e-02	  3,78636e-02
2428	  4,8540000000e+03	 -7,04392e-02	  3,74623e-02
2429	  4,8560000000e+03	 -7,11502e-02	  3,68733e-02
2430	  4,8580000000e+03	 -7,16488e-02	  3,72758e-02
2431	  4,8600000000e+03	 -7,40714e-02	  3,53727e-02
2432	  4,8620000000e+03	 -7,22061e-02	  3,80313e-02
2433	  4,8640000000e+03	 -7,00383e-02	  3,87779e-02
2434	  4,8660000000e+03	 -6,91852e-02	  3,64863e-02
2435	  4,8680000000e+03	 -7,17371e-02	  3,86680e-02
2436	  4,8700000000e+03	 -6,89097e-02	  3,82015e-02
2437	  4,8720000000e+03	 -6,93400e-02	  3,65529e-02
2438	  4,8740000000e+03	 -7,00794e-02	  3,79102e-02
2439	  4,8760000000e+03	 -6,81525e-02	  3,78330e-02
2440	  4,8780000000e+03	 -6,83781e-02	  3,70487e-02
2441	  4,8800000000e+03	 -7,00297e-02	  3,81491e-02
2442	  4,8820000000e+03	 -6,94221e-02	  4,30376e-02
2443	  4,8840000000e+03	 -6,80659e-02	  4,38572e-02
2444	  4,8860000000e+03	 -7,15861e-02	  4,15095e-02
2445	  4,8880000000e+03	 -6,84675e-02	  4,25044e-02
2446	  4,8900000000e+03	 -6,44700e-02	  4,52090e-02
2447	  4,8920000000e+03	 -6,65731e-02	  4,43963e-02
2448	  4,8940000000e+03	 -6,87343e-02	  4,49007e-02
2449	  4,8960000000e+03	 -7,18408e-02	  4,59674e-02
2450	  4,8980000000e+03	 -6,94515e-02	  4,74936e-02
2451	  4,9000000000e+03	 -6,95815e-02	  4,98415e-02
2452	  4,9020000000e+03	 -6,87564e-02	  5,03364e-02
2453	  4,9040000000e+03	 -6,69483e-02	  4,90799e-02
2454	  4,9060000000e+03	 -6,55078e-02	  5,09400e-02
2455	  4,9080000000e+03	 -6,40603e-02	  4,89776e-02
2456	  4,9100000000e+03	 -6,39915e-02	  5,01206e-02
2457	  4,9120000000e+03	 -6,63114e-02	  5,11020e-02
2458	  4,9140000000e+03	 -6,61717e-02	  5,13462e-02
2459	  4,9160000000e+03	 -6,54012e-02	  5,24902e-02
2460	  4,9180000000e+03	 -6,47306e-02	  5,62652e-02
2461	  4,9200000000e+03	 -6,21881e-02	  6,08604e-02
2462	  4,9220000000e+03	 -6,30144e-02	  6,18603e-02
2463	  4,9240000000e+03	 -6,22505e-02	  6,08209e-02
2464	  4,9260000000e+03	 -5,85684e-02	  6,16570e-02
2465	  4,9280000000e+03	 -5,55697e-02	  6,56532e-02
2466	  4,9300000000e+03	 -5,70960e-02	  6,56224e-02
2467	  4,9320000000e+03	 -5,73862e-02	  6,82342e-02
2468	  4,9340000000e+03	 -5,46848e-02	  6,65243e-02
2469	  4,9360000000e+03	 -5,21933e-02	  6,62285e-02
2470	  4,9380000000e+03	 -5,19246e-02	  6,59149e-02
2471	  4,9400000000e+03	 -5,03612e-02	  6,63257e-02
2472	  4,9420000000e+03	 -4,44435e-02	  6,60315e-02
2473	  4,9440000000e+03	 -4,36436e-02	  6,78364e-02
2474	  4,9460000000e+03	 -4,58629e-02	  6,66216e-02
2475	  4,9480000000e+03	 -4,61827e-02	  6,59814e-02
2476	  4,9500000000e+03	 -4,37000e-02	  6,56270e-02
2477	  4,9520000000e+03	 -4,13702e-02	  6,47325e-02
2478	  4,9540000000e+03	 -4,04365e-02	  6,09779e-02
2479	  4,9560000000e+03	 -3,90038e-02	  5,99638e-02
2480	  4,9580000000e+03	 -4,00404e-02	  6,27220e-02
2481	  4,9600000000e+03	 -3,92104e-02	  6,51722e-02
2482	  4,9620000000e+03	 -4,00422e-02	  6,62116e-02
2483	  4,9640000000e+03	 -3,98235e-02	  6,45895e-02
2484	  4,9660000000e+03	 -4,00048e-02	  6,55308e-02
2485	  4,9680000000e+03	 -3,91636e-02	  6,75144e-02
2486	  4,9700000000e+03	 -3,47780e-02	  6,53208e-02
2487	  4,9720000000e+03	 -3,43667e-02	  6,77996e-02
2488	  4,9740000000e+03	 -3,65574e-02	  6,84988e-02
2489	  4,9760000000e+03	 -3,38857e-02	  6,79908e-02
2490	  4,9780000000e+03	 -3,18515e-02	  6,63494e-02
2491	  4,9800000000e+03	 -3,13143e-02	  6,84014e-02
2492	  4,9820000000e+03	 -3,01422e-02	  6,86463e-02
2493	  4,9840000000e+03	 -2,60925e-02	  7,00993e-02
2494	  4,9860000000e+03	 -2,69657e-02	  7,09512e-02
2495	  4,9880000000e+03	 -2,59902e-02	  6,93854e-02
2496	  4,9900000000e+03	 -2,84685e-02	  6,77490e-02
2497	  4,9920000000e+03	 -2,57173e-02	  6,67710e-02
2498	  4,9940000000e+03	 -2,15743e-02	  6,97896e-02
2499	  4,9960000000e+03	 -1,92166e-02	  6,90000e-02
2500	  4,9980000000e+03	 -2,18090e-02	  7,02026e-02
2501	  5,0000000000e+03	 -1,80066e-02	  6,71443e-02
2502	  5,0020000000e+03	 -1,85063e-02	  6,76101e-02
2503	  5,0040000000e+03	 -1,77461e-02	  6,88164e-02
2504	  5,0060000000e+03	 -1,47769e-02	  6,95318e-02
2505	  5,0080000000e+03	 -1,25035e-02	  6,93137e-02
2506	  5,0100000000e+03	 -1,34641e-02	  6,23799e-02
2507	  5,0120000000e+03	 -9,02145e-03	  5,89207e-02
2508	  5,0140000000e+03	 -7,71020e-03	  6,08152e-02
2509	  5,0160000000e+03	 -1,39206e-02	  6,39085e-02
2510	  5,0180000000e+03	 -1,28639e-02	  5,97510e-02
2511	  5,0200000000e+03	 -7,33643e-03	  5,62763e-02
2512	  5,0220000000e+03	 -6,53358e-03	  5,93848e-02
2513	  5,0240000000e+03	 -8,82837e-03	  5,96506e-02
2514	  5,0260000000e+03	 -1,05756e-02	  5,99036e-02
2515	  5,0280000000e+03	 -7,00519e-03	  5,67796e-02
2516	  5,0300000000e+03	 -4,84795e-03	  5,55077e-02
2517	  5,0320000000e+03	 -6,78694e-03	  5,51701e-02
2518	  5,0340000000e+03	 -5,58789e-03	  5,42877e-02
2519	  5,0360000000e+03	 -4,16193e-03	  5,32576e-02
2520	  5,0380000000e+03	 -2,10109e-03	  5,04456e-02
2521	  5,0400000000e+03	 -2,44493e-03	  5,12766e-02
2522	  5,0420000000e+03	 -5,12786e-03	  5,18774e-02
2523	  5,0440000000e+03	 -6,65611e-03	  5,20191e-02
2524	  5,0460000000e+03	 -6,82249e-03	  4,90910e-02
2525	  5,0480000000e+03	 -6,93755e-03	  4,94787e-02
2526	  5,0500000000e+03	 -4,10722e-03	  4,97609e-02
2527	  5,0520000000e+03	 -4,46772e-03	  4,73272e-02
2528	  5,0540000000e+03	 -4,85490e-03	  4,92407e-02
2529	  5,0560000000e+03	 -7,14600e-03	  4,99399e-02
2530	  5,0580000000e+03	 -3,43418e-03	  4,80637e-02
2531	  5,0600000000e+03	 -4,30038e-04	  4,87685e-02
2532	  5,0620000000e+03	 -3,10806e-03	  4,71278e-02
2533	  5,0640000000e+03	 -3,88293e-03	  4,61958e-02
2534	  5,0660000000e+03	 -3,59465e-03	  4,84618e-02
2535	  5,0680000000e+03	 -5,26677e-03	  4,83455e-02
2536	  5,0700000000e+03	 -4,61040e-03	  4,61323e-02
2537	  5,0720000000e+03	 -3,61031e-03	  4,25068e-02
2538	  5,0740000000e+03	 -2,30873e-03	  4,07948e-02
2539	  5,0760000000e+03	 -3,16264e-03	  4,37522e-02
2540	  5,0780000000e+03	 -2,92353e-03	  4,46879e-02
2541	  5,0800000000e+03	 -2,16752e-03	  4,25323e-02
2542	  5,0820000000e+03	 -4,07052e-03	  4,05231e-02
2543	  5,0840000000e+03	 -1,13515e-03	  4,13562e-02
2544	  5,0860000000e+03	 -2,60965e-03	  4,25631e-02
2545	  5,0880000000e+03	 -5,59547e-03	  4,14418e-02
2546	  5,0900000000e+03	 -4,60010e-03	  4,23418e-02
2547	  5,0920000000e+03	 -5,38307e-03	  4,00908e-02
2548	  5,0940000000e+03	 -3,69407e-03	  4,46429e-02
2549	  5,0960000000e+03	 -4,53350e-03	  4,64237e-02
2550	  5,0980000000e+03	 -1,80538e-03	  4,28745e-02
2551	  5,1000000000e+03	 -1,02916e-03	  4,45160e-02
2552	  5,1020000000e+03	  1,12812e-03	  4,11777e-02
2553	  5,1040000000e+03	 -3,58649e-04	  4,12280e-02
2554	  5,1060000000e+03	  2,87941e-04	  4,52018e-02
2555	  5,1080000000e+03	  1,89508e-03	  4,28276e-02
2556	  5,1100000000e+03	 -1,03336e-03	  4,49481e-02
2557	  5,1120000000e+03	  9,25421e-04	  4,47546e-02
2558	  5,1140000000e+03	  2,57465e-03	  4,30365e-02
2559	  5,1160000000e+03	  3,75334e-03	  4,16325e-02
2560	  5,1180000000e+03	  5,83121e-03	  3,90690e-02
2561	  5,1200000000e+03	  7,29315e-03	  3,70985e-02
2562	  5,1220000000e+03	  3,45860e-03	  4,11795e-02
2563	  5,1240000000e+03	  3,45879e-04	  4,13630e-02
2564	  5,1260000000e+03	  8,46093e-04	  3,63288e-02
2565	  5,1280000000e+03	  6,41831e-04	  3,28855e-02
2566	  5,1300000000e+03	  2,75080e-03	  3,23140e-02
2567	  5,1320000000e+03	  1,07691e-03	  3,33476e-02
2568	  5,1340000000e+03	  1,22242e-03	  3,22602e-02
2569	  5,1360000000e+03	  2,89774e-03	  3,35647e-02
2570	  5,1380000000e+03	  2,87204e-03	  3,09641e-02
2571	  5,1400000000e+03	  7,90364e-04	  3,26877e-02
2572	  5,1420000000e+03	 -1,00024e-03	  3,40195e-02
2573	  5,1440000000e+03	  2,63080e-03	  3,29435e-02
2574	  5,1460000000e+03	  2,98270e-03	  3,07140e-02
2575	  5,1480000000e+03	 -4,74835e-04	  3,11508e-02
2576	  5,1500000000e+03	  8,01089e-07	  3,34657e-02
2577	  5,1520000000e+03	 -3,88241e-03	  3,88386e-02
2578	  5,1540000000e+03	 -4,74849e-03	  3,52576e-02
2579	  5,1560000000e+03	 -4,36247e-03	  3,35719e-02
2580	  5,1580000000e+03	 -4,48206e-03	  3,25345e-02
2581	  5,1600000000e+03	 -4,57336e-03	  3,35072e-02
2582	  5,1620000000e+03	  8,87571e-04	  3,49308e-02
2583	  5,1640000000e+03	 -8,22069e-04	  3,17516e-02
2584	  5,1660000000e+03	  7,93608e-04	  3,15975e-02
2585	  5,1680000000e+03	  2,12210e-03	  2,97423e-02
2586	  5,1700000000e+03	  5,79292e-04	  3,04935e-02
2587	  5,1720000000e+03	 -1,18284e-03	  2,85054e-02
2588	  5,1740000000e+03	  2,10550e-05	  2,96553e-02
2589	  5,1760000000e+03	 -1,72284e-03	  3,10334e-02
2590	  5,1780000000e+03	 -4,14040e-03	  3,31469e-02
2591	  5,1800000000e+03	 -4,90804e-03	  3,48669e-02
2592	  5,1820000000e+03	 -7,45445e-03	  3,41021e-02
2593	  5,1840000000e+03	 -5,36938e-03	  3,65605e-02
2594	  5,1860000000e+03	 -1,68162e-03	  3,32753e-02
2595	  5,1880000000e+03	  1,66496e-03	  3,02810e-02
2596	  5,1900000000e+03	  1,10599e-03	  2,67053e-02
2597	  5,1920000000e+03	 -1,81606e-03	  2,68943e-02
2598	  5,1940000000e+03	 -3,27226e-03	  3,00069e-02
2599	  5,1960000000e+03	 -4,42852e-03	  3,22083e-02
2600	  5,1980000000e+03	 -2,73572e-03	  3,34378e-02
2601	  5,2000000000e+03	 -4,78527e-04	  3,10324e-02
2602	  5,2020000000e+03	  1,15189e-03	  3,25727e-02
2603	  5,2040000000e+03	  1,00573e-03	  3,09046e-02
2604	  5,2060000000e+03	  2,57655e-04	  3,01450e-02
2605	  5,2080000000e+03	 -7,72338e-05	  3,24023e-02
2606	  5,2100000000e+03	  5,11985e-04	  3,20683e-02
2607	  5,2120000000e+03	  1,37100e-03	  3,26430e-02
2608	  5,2140000000e+03	  1,63458e-03	  2,98117e-02
2609	  5,2160000000e+03	  2,11225e-03	  2,84816e-02
2610	  5,2180000000e+03	  3,24684e-03	  2,80825e-02
2611	  5,2200000000e+03	  2,57867e-03	  2,64495e-02
2612	  5,2220000000e+03	  3,38924e-03	  2,69676e-02
2613	  5,2240000000e+03	  3,61545e-03	  2,60598e-02
2614	  5,2260000000e+03	  3,31286e-03	  2,15651e-02
2615	  5,2280000000e+03	  4,28730e-03	  2,34707e-02
2616	  5,2300000000e+03	  5,30484e-03	  2,46394e-02
2617	  5,2320000000e+03	  5,28241e-03	  2,20268e-02
2618	  5,2340000000e+03	  2,86022e-03	  1,80332e-02
2619	  5,2360000000e+03	  6,23002e-04	  1,92776e-02
2620	  5,2380000000e+03	  2,30804e-03	  1,93018e-02
2621	  5,2400000000e+03	  3,42795e-03	  1,75521e-02
2622	  5,2420000000e+03	  3,82071e-03	  1,21091e-02
2623	  5,2440000000e+03	  1,48754e-03	  1,01349e-02
2624	  5,2460000000e+03	 -3,06297e-04	  1,20464e-02
2625	  5,2480000000e+03	 -2,45079e-03	  1,41118e-02
2626	  5,2500000000e+03	 -5,45301e-03	  1,50390e-02
2627	  5,2520000000e+03	 -4,50268e-03	  1,47992e-02
2628	  5,2540000000e+03	 -3,65074e-03	  1,46225e-02
2629	  5,2560000000e+03	 -5,14493e-03	  1,37666e-02
2630	  5,2580000000e+03	 -7,25913e-03	  1,20973e-02
2631	  5,2600000000e+03	 -6,03206e-03	  1,25344e-02
2632	  5,2620000000e+03	 -7,98954e-03	  1,13141e-02
2633	  5,2640000000e+03	 -6,93742e-03	  1,35482e-02
2634	  5,2660000000e+03	 -9,58863e-03	  1,30967e-02
2635	  5,2680000000e+03	 -1,32168e-02	  1,13600e-02
2636	  5,2700000000e+03	 -1,45496e-02	  1,24708e-02
2637	  5,2720000000e+03	 -1,71102e-02	  1,13004e-02
2638	  5,2740000000e+03	 -1,32567e-02	  7,99231e-03
2639	  5,2760000000e+03	 -1,40501e-02	  9,61810e-03
2640	  5,2780000000e+03	 -1,83471e-02	  1,02090e-02
2641	  5,2800000000e+03	 -2,14820e-02	  1,23086e-02
2642	  5,2820000000e+03	 -2,18035e-02	  1,46829e-02
2643	  5,2840000000e+03	 -2,29943e-02	  1,67107e-02
2644	  5,2860000000e+03	 -2,76920e-02	  1,76356e-02
2645	  5,2880000000e+03	 -2,85009e-02	  1,69303e-02
2646	  5,2900000000e+03	 -2,70409e-02	  1,71586e-02
2647	  5,2920000000e+03	 -2,29005e-02	  1,83950e-02
2648	  5,2940000000e+03	 -2,44875e-02	  1,89660e-02
2649	  5,2960000000e+03	 -2,75790e-02	  2,19840e-02
2650	  5,2980000000e+03	 -2,80663e-02	  2,22130e-02
2651	  5,3000000000e+03	 -2,85524e-02	  2,16729e-02
2652	  5,3020000000e+03	 -2,69905e-02	  2,02900e-02
2653	  5,3040000000e+03	 -2,84824e-02	  2,03543e-02
2654	  5,3060000000e+03	 -3,12687e-02	  2,00703e-02
2655	  5,3080000000e+03	 -3,08482e-02	  2,04820e-02
2656	  5,3100000000e+03	 -2,74285e-02	  2,00828e-02
2657	  5,3120000000e+03	 -2,76047e-02	  2,17359e-02
2658	  5,3140000000e+03	 -3,23147e-02	  2,68525e-02
2659	  5,3160000000e+03	 -3,60659e-02	  2,81553e-02
2660	  5,3180000000e+03	 -3,71120e-02	  2,74610e-02
2661	  5,3200000000e+03	 -3,53330e-02	  2,77121e-02
2662	  5,3220000000e+03	 -3,52239e-02	  2,83904e-02
2663	  5,3240000000e+03	 -3,32871e-02	  3,26157e-02
2664	  5,3260000000e+03	 -3,15606e-02	  3,24843e-02
2665	  5,3280000000e+03	 -3,19703e-02	  3,31450e-02
2666	  5,3300000000e+03	 -3,38114e-02	  2,93013e-02
2667	  5,3320000000e+03	 -3,45579e-02	  3,03365e-02
2668	  5,3340000000e+03	 -3,57707e-02	  3,43190e-02
2669	  5,3360000000e+03	 -3,87323e-02	  3,52933e-02
2670	  5,3380000000e+03	 -4,10731e-02	  3,27372e-02
2671	  5,3400000000e+03	 -3,93188e-02	  3,55441e-02
2672	  5,3420000000e+03	 -3,91904e-02	  3,77766e-02
2673	  5,3440000000e+03	 -3,83762e-02	  3,54874e-02
2674	  5,3460000000e+03	 -3,50647e-02	  3,77511e-02
2675	  5,3480000000e+03	 -3,65638e-02	  4,05191e-02
2676	  5,3500000000e+03	 -3,90755e-02	  4,44184e-02
2677	  5,3520000000e+03	 -3,90227e-02	  4,36357e-02
2678	  5,3540000000e+03	 -3,90001e-02	  4,33956e-02
2679	  5,3560000000e+03	 -4,05494e-02	  4,53362e-02
2680	  5,3580000000e+03	 -4,17218e-02	  4,50121e-02
2681	  5,3600000000e+03	 -4,22867e-02	  4,82218e-02
2682	  5,3620000000e+03	 -4,27845e-02	  4,94175e-02
2683	  5,3640000000e+03	 -4,48279e-02	  5,09812e-02
2684	  5,3660000000e+03	 -4,27298e-02	  5,24940e-02
2685	  5,3680000000e+03	 -4,13614e-02	  5,54948e-02
2686	  5,3700000000e+03	 -4,33695e-02	  5,44439e-02
2687	  5,3720000000e+03	 -4,30933e-02	  5,80146e-02
2688	  5,3740000000e+03	 -4,67926e-02	  6,20358e-02
2689	  5,3760000000e+03	 -4,53535e-02	  6,39655e-02
2690	  5,3780000000e+03	 -4,50448e-02	  6,37925e-02
2691	  5,3800000000e+03	 -4,48467e-02	  6,35761e-02
2692	  5,3820000000e+03	 -4,24446e-02	  6,97102e-02
2693	  5,3840000000e+03	 -3,68877e-02	  6,81130e-02
2694	  5,3860000000e+03	 -3,78021e-02	  6,52604e-02
2695	  5,3880000000e+03	 -4,19983e-02	  7,01936e-02
2696	  5,3900000000e+03	 -4,06237e-02	  7,35813e-02
2697	  5,3920000000e+03	 -3,63283e-02	  7,75142e-02
2698	  5,3940000000e+03	 -3,83500e-02	  8,01688e-02
2699	  5,3960000000e+03	 -3,55088e-02	  7,99434e-02
2700	  5,3980000000e+03	 -3,54080e-02	  7,80231e-02
2701	  5,4000000000e+03	 -3,60504e-02	  8,22083e-02
2702	  5,4020000000e+03	 -3,52230e-02	  8,20192e-02
2703	  5,4040000000e+03	 -3,24969e-02	  7,95200e-02
2704	  5,4060000000e+03	 -3,05942e-02	  8,32353e-02
2705	  5,4080000000e+03	 -3,03667e-02	  8,65963e-02
2706	  5,4100000000e+03	 -2,91833e-02	  8,75528e-02
2707	  5,4120000000e+03	 -3,07416e-02	  9,09821e-02
2708	  5,4140000000e+03	 -2,88654e-02	  9,09676e-02
2709	  5,4160000000e+03	 -2,55432e-02	  9,43687e-02
2710	  5,4180000000e+03	 -2,29112e-02	  9,55148e-02
2711	  5,4200000000e+03	 -2,32930e-02	  9,43044e-02
2712	  5,4220000000e+03	 -2,06526e-02	  9,49730e-02
2713	  5,4240000000e+03	 -2,01439e-02	  9,75688e-02
2714	  5,4260000000e+03	 -1,76991e-02	  9,88433e-02
2715	  5,4280000000e+03	 -1,85993e-02	  1,01628e-01
2716	  5,4300000000e+03	 -1,90346e-02	  9,68086e-02
2717	  5,4320000000e+03	 -1,60604e-02	  9,78597e-02
2718	  5,4340000000e+03	 -1,40950e-02	  1,00481e-01
2719	  5,4360000000e+03	 -1,33975e-02	  1,02137e-01
2720	  5,4380000000e+03	 -1,07992e-02	  1,05206e-01
2721	  5,4400000000e+03	 -9,82943e-03	  1,05395e-01
2722	  5,4420000000e+03	 -5,65898e-03	  1,06809e-01
2723	  5,4440000000e+03	 -7,41186e-03	  1,05510e-01
2724	  5,4460000000e+03	 -6,00879e-03	  1,05068e-01
2725	  5,4480000000e+03	 -3,05253e-03	  1,04021e-01
2726	  5,4500000000e+03	 -3,99978e-03	  1,05765e-01
2727	  5,4520000000e+03	  3,92892e-05	  1,10726e-01
2728	  5,4540000000e+03	  7,55140e-04	  1,10636e-01
2729	  5,4560000000e+03	  1,25317e-03	  1,09798e-01
2730	  5,4580000000e+03	  5,19746e-03	  1,10385e-01
2731	  5,4600000000e+03	  8,03222e-03	  1,12908e-01
2732	  5,4620000000e+03	  7,54281e-03	  1,15307e-01
2733	  5,4640000000e+03	  8,71891e-03	  1,13826e-01
2734	  5,4660000000e+03	  1,33375e-02	  1,12018e-01
2735	  5,4680000000e+03	  1,43075e-02	  1,15228e-01
2736	  5,4700000000e+03	  1,45200e-02	  1,15546e-01
2737	  5,4720000000e+03	  1,73280e-02	  1,17210e-01
2738	  5,4740000000e+03	  1,97070e-02	  1,15559e-01
2739	  5,4760000000e+03	  2,23015e-02	  1,14031e-01
2740	  5,4780000000e+03	  2,65847e-02	  1,15539e-01
2741	  5,4800000000e+03	  3,05975e-02	  1,16425e-01
2742	  5,4820000000e+03	  3,22644e-02	  1,15872e-01
2743	  5,4840000000e+03	  2,86340e-02	  1,16070e-01
2744	  5,4860000000e+03	  2,99380e-02	  1,14877e-01
2745	  5,4880000000e+03	  3,16097e-02	  1,13222e-01
2746	  5,4900000000e+03	  3,16159e-02	  1,13480e-01
2747	  5,4920000000e+03	  3,48219e-02	  1,11626e-01
2748	  5,4940000000e+03	  3,59498e-02	  1,09827e-01
2749	  5,4960000000e+03	  4,03746e-02	  1,12463e-01
2750	  5,4980000000e+03	  3,88993e-02	  1,14249e-01
2751	  5,5000000000e+03	  3,92666e-02	  1,12164e-01
2752	  5,5020000000e+03	  3,85412e-02	  1,15619e-01
2753	  5,5040000000e+03	  4,13935e-02	  1,13186e-01
2754	  5,5060000000e+03	  4,62973e-02	  1,13407e-01
2755	  5,5080000000e+03	  5,26615e-02	  1,11746e-01
2756	  5,5100000000e+03	  5,53739e-02	  1,10664e-01
2757	  5,5120000000e+03	  5,72546e-02	  1,11128e-01
2758	  5,5140000000e+03	  5,47557e-02	  1,11180e-01
2759	  5,5160000000e+03	  5,50816e-02	  1,09199e-01
2760	  5,5180000000e+03	  5,89020e-02	  1,12706e-01
2761	  5,5200000000e+03	  6,07022e-02	  1,17910e-01
2762	  5,5220000000e+03	  6,30256e-02	  1,14576e-01
2763	  5,5240000000e+03	  6,46484e-02	  1,12118e-01
2764	  5,5260000000e+03	  6,34369e-02	  1,12208e-01
2765	  5,5280000000e+03	  6,74907e-02	  1,10966e-01
2766	  5,5300000000e+03	  6,91138e-02	  1,10306e-01
2767	  5,5320000000e+03	  6,59113e-02	  1,11216e-01
2768	  5,5340000000e+03	  6,94618e-02	  1,09928e-01
2769	  5,5360000000e+03	  7,19398e-02	  1,08406e-01
2770	  5,5380000000e+03	  7,21717e-02	  1,08062e-01
2771	  5,5400000000e+03	  7,26473e-02	  1,08128e-01
2772	  5,5420000000e+03	  7,55868e-02	  1,07546e-01
2773	  5,5440000000e+03	  7,96623e-02	  1,06017e-01
2774	  5,5460000000e+03	  8,15067e-02	  1,02408e-01
2775	  5,5480000000e+03	  8,20746e-02	  1,04139e-01
2776	  5,5500000000e+03	  8,41403e-02	  1,02612e-01
2777	  5,5520000000e+03	  8,46188e-02	  9,98714e-02
2778	  5,5540000000e+03	  8,59312e-02	  1,03812e-01
2779	  5,5560000000e+03	  8,65293e-02	  1,02478e-01
2780	  5,5580000000e+03	  8,77553e-02	  9,82168e-02
2781	  5,5600000000e+03	  8,66116e-02	  9,72665e-02
2782	  5,5620000000e+03	  9,10956e-02	  9,80647e-02
2783	  5,5640000000e+03	  9,72332e-02	  9,61870e-02
2784	  5,5660000000e+03	  9,73274e-02	  9,59773e-02
2785	  5,5680000000e+03	  9,96841e-02	  9,27995e-02
2786	  5,5700000000e+03	  9,81703e-02	  9,57064e-02
2787	  5,5720000000e+03	  1,00852e-01	  9,36385e-02
2788	  5,5740000000e+03	  1,04759e-01	  9,18746e-02
2789	  5,5760000000e+03	  1,03766e-01	  9,28737e-02
2790	  5,5780000000e+03	  1,02428e-01	  9,17532e-02
2791	  5,5800000000e+03	  1,06178e-01	  8,83396e-02
2792	  5,5820000000e+03	  1,05040e-01	  8,43646e-02
2793	  5,5840000000e+03	  1,05717e-01	  8,10499e-02
2794	  5,5860000000e+03	  1,09664e-01	  8,72671e-02
2795	  5,5880000000e+03	  1,14470e-01	  8,87819e-02
2796	  5,5900000000e+03	  1,14021e-01	  8,67774e-02
2797	  5,5920000000e+03	  1,12209e-01	  8,27216e-02
2798	  5,5940000000e+03	  1,16047e-01	  8,10889e-02
2799	  5,5960000000e+03	  1,18972e-01	  7,97994e-02
2800	  5,5980000000e+03	  1,18129e-01	  7,86766e-02
2801	  5,6000000000e+03	  1,24607e-01	  7,59756e-02
2802	  5,6020000000e+03	  1,26617e-01	  7,34402e-02
2803	  5,6040000000e+03	  1,25614e-01	  7,19833e-02
2804	  5,6060000000e+03	  1,23316e-01	  7,18695e-02
2805	  5,6080000000e+03	  1,28365e-01	  7,14079e-02
2806	  5,6100000000e+03	  1,29861e-01	  7,15486e-02
2807	  5,6120000000e+03	  1,28573e-01	  6,81788e-02
2808	  5,6140000000e+03	  1,27156e-01	  6,56117e-02
2809	  5,6160000000e+03	  1,25277e-01	  6,31318e-02
2810	  5,6180000000e+03	  1,25817e-01	  6,23987e-02
2811	  5,6200000000e+03	  1,31183e-01	  5,98985e-02
2812	  5,6220000000e+03	  1,34262e-01	  6,04249e-02
2813	  5,6240000000e+03	  1,37886e-01	  5,96598e-02
2814	  5,6260000000e+03	  1,35982e-01	  5,64587e-02
2815	  5,6280000000e+03	  1,34146e-01	  5,53117e-02
2816	  5,6300000000e+03	  1,34452e-01	  5,30644e-02
2817	  5,6320000000e+03	  1,36170e-01	  5,40475e-02
2818	  5,6340000000e+03	  1,40212e-01	  5,12975e-02
2819	  5,6360000000e+03	  1,42665e-01	  5,03464e-02
2820	  5,6380000000e+03	  1,44387e-01	  4,68851e-02
2821	  5,6400000000e+03	  1,44614e-01	  4,36675e-02
2822	  5,6420000000e+03	  1,42166e-01	  4,12351e-02
2823	  5,6440000000e+03	  1,42939e-01	  3,93182e-02
2824	  5,6460000000e+03	  1,42171e-01	  3,94969e-02
2825	  5,6480000000e+03	  1,45361e-01	  3,70230e-02
2826	  5,6500000000e+03	  1,47403e-01	  3,44233e-02
2827	  5,6520000000e+03	  1,49417e-01	  3,62217e-02
2828	  5,6540000000e+03	  1,50966e-01	  3,56503e-02
2829	  5,6560000000e+03	  1,52892e-01	  3,33649e-02
2830	  5,6580000000e+03	  1,53400e-01	  3,02096e-02
2831	  5,6600000000e+03	  1,53457e-01	  2,79168e-02
2832	  5,6620000000e+03	  1,53807e-01	  2,33264e-02
2833	  5,6640000000e+03	  1,52595e-01	  1,98931e-02
2834	  5,6660000000e+03	  1,53822e-01	  2,02296e-02
2835	  5,6680000000e+03	  1,53634e-01	  1,57322e-02
2836	  5,6700000000e+03	  1,51776e-01	  1,07870e-02
2837	  5,6720000000e+03	  1,51209e-01	  9,74672e-03
2838	  5,6740000000e+03	  1,50544e-01	  7,35129e-03
2839	  5,6760000000e+03	  1,54007e-01	  6,84908e-03
2840	  5,6780000000e+03	  1,54910e-01	  4,58909e-03
2841	  5,6800000000e+03	  1,56201e-01	  2,88600e-04
2842	  5,6820000000e+03	  1,56139e-01	 -2,27988e-03
2843	  5,6840000000e+03	  1,54309e-01	 -2,78480e-03
2844	  5,6860000000e+03	  1,56193e-01	 -2,96148e-03
2845	  5,6880000000e+03	  1,54040e-01	 -2,66119e-03
2846	  5,6900000000e+03	  1,52337e-01	 -7,87907e-03
2847	  5,6920000000e+03	  1,54649e-01	 -1,48811e-02
2848	  5,6940000000e+03	  1,54617e-01	 -1,56457e-02
2849	  5,6960000000e+03	  1,52374e-01	 -1,38746e-02
2850	  5,6980000000e+03	  1,49564e-01	 -1,36714e-02
2851	  5,7000000000e+03	  1,50182e-01	 -1,63011e-02
2852	  5,7020000000e+03	  1,50420e-01	 -1,77946e-02
2853	  5,7040000000e+03	  1,51406e-01	 -1,95715e-02
2854	  5,7060000000e+03	  1,53640e-01	 -2,42714e-02
2855	  5,7080000000e+03	  1,56779e-01	 -2,51121e-02
2856	  5,7100000000e+03	  1,54995e-01	 -2,39410e-02
2857	  5,7120000000e+03	  1,52790e-01	 -2,62134e-02
2858	  5,7140000000e+03	  1,49751e-01	 -2,63680e-02
2859	  5,7160000000e+03	  1,50526e-01	 -3,20783e-02
2860	  5,7180000000e+03	  1,51548e-01	 -3,61227e-02
2861	  5,7200000000e+03	  1,51647e-01	 -4,05359e-02
2862	  5,7220000000e+03	  1,51342e-01	 -4,03068e-02
2863	  5,7240000000e+03	  1,49710e-01	 -3,96358e-02
2864	  5,7260000000e+03	  1,48807e-01	 -4,25925e-02
2865	  5,7280000000e+03	  1,49334e-01	 -4,54423e-02
2866	  5,7300000000e+03	  1,48171e-01	 -4,40134e-02
2867	  5,7320000000e+03	  1,47159e-01	 -4,62238e-02
2868	  5,7340000000e+03	  1,47101e-01	 -4,81656e-02
2869	  5,7360000000e+03	  1,44342e-01	 -4,97685e-02
2870	  5,7380000000e+03	  1,44503e-01	 -5,38590e-02
2871	  5,7400000000e+03	  1,47059e-01	 -5,73605e-02
2872	  5,7420000000e+03	  1,47172e-01	 -5,85849e-02
2873	  5,7440000000e+03	  1,40811e-01	 -6,01220e-02
2874	  5,7460000000e+03	  1,38373e-01	 -6,08592e-02
2875	  5,7480000000e+03	  1,40403e-01	 -5,97244e-02
2876	  5,7500000000e+03	  1,41481e-01	 -6,11024e-02
2877	  5,7520000000e+03	  1,39897e-01	 -6,38295e-02
2878	  5,7540000000e+03	  1,35008e-01	 -6,72295e-02
2879	  5,7560000000e+03	  1,35338e-01	 -6,92069e-02
2880	  5,7580000000e+03	  1,35906e-01	 -7,11386e-02
2881	  5,7600000000e+03	  1,34421e-01	 -6,85898e-02
2882	  5,7620000000e+03	  1,32930e-01	 -7,27282e-02
2883	  5,7640000000e+03	  1,32772e-01	 -7,37481e-02
2884	  5,7660000000e+03	  1,29698e-01	 -7,39887e-02
2885	  5,7680000000e+03	  1,26539e-01	 -7,64436e-02
2886	  5,7700000000e+03	  1,26764e-01	 -7,78721e-02
2887	  5,7720000000e+03	  1,25664e-01	 -8,00947e-02
2888	  5,7740000000e+03	  1,29419e-01	 -7,76837e-02
2889	  5,7760000000e+03	  1,27256e-01	 -7,87234e-02
2890	  5,7780000000e+03	  1,27424e-01	 -8,24251e-02
2891	  5,7800000000e+03	  1,27994e-01	 -8,40996e-02
2892	  5,7820000000e+03	  1,25332e-01	 -8,60779e-02
2893	  5,7840000000e+03	  1,23734e-01	 -8,52136e-02
2894	  5,7860000000e+03	  1,20791e-01	 -9,00743e-02
2895	  5,7880000000e+03	  1,18399e-01	 -8,87613e-02
2896	  5,7900000000e+03	  1,17453e-01	 -8,94885e-02
2897	  5,7920000000e+03	  1,14752e-01	 -9,16277e-02
2898	  5,7940000000e+03	  1,16594e-01	 -9,28326e-02
2899	  5,7960000000e+03	  1,10780e-01	 -9,42045e-02
2900	  5,7980000000e+03	  1,09908e-01	 -9,46980e-02
2901	  5,8000000000e+03	  1,13176e-01	 -9,32572e-02
2902	  5,8020000000e+03	  1,10601e-01	 -9,52373e-02
2903	  5,8040000000e+03	  1,10210e-01	 -1,00299e-01
2904	  5,8060000000e+03	  1,09337e-01	 -9,72824e-02
2905	  5,8080000000e+03	  1,06981e-01	 -9,83061e-02
2906	  5,8100000000e+03	  1,06058e-01	 -1,02937e-01
2907	  5,8120000000e+03	  1,05646e-01	 -9,98209e-02
2908	  5,8140000000e+03	  1,03565e-01	 -9,85841e-02
2909	  5,8160000000e+03	  1,02375e-01	 -1,05526e-01
2910	  5,8180000000e+03	  1,06016e-01	 -1,04110e-01
2911	  5,8200000000e+03	  1,03214e-01	 -1,04354e-01
2912	  5,8220000000e+03	  1,01032e-01	 -1,07688e-01
2913	  5,8240000000e+03	  9,98970e-02	 -1,09317e-01
2914	  5,8260000000e+03	  9,78257e-02	 -1,11990e-01
2915	  5,8280000000e+03	  9,64450e-02	 -1,09061e-01
2916	  5,8300000000e+03	  9,84908e-02	 -1,06258e-01
2917	  5,8320000000e+03	  9,86188e-02	 -1,10664e-01
2918	  5,8340000000e+03	  9,95764e-02	 -1,12705e-01
2919	  5,8360000000e+03	  9,81375e-02	 -1,12289e-01
2920	  5,8380000000e+03	  9,56487e-02	 -1,11776e-01
2921	  5,8400000000e+03	  9,30790e-02	 -1,12999e-01
2922	  5,8420000000e+03	  9,46361e-02	 -1,14512e-01
2923	  5,8440000000e+03	  9,50952e-02	 -1,17591e-01
2924	  5,8460000000e+03	  9,08576e-02	 -1,19780e-01
2925	  5,8480000000e+03	  8,79480e-02	 -1,23588e-01
2926	  5,8500000000e+03	  9,00112e-02	 -1,25150e-01
2927	  5,8520000000e+03	  8,67054e-02	 -1,24270e-01
2928	  5,8540000000e+03	  8,67520e-02	 -1,25258e-01
2929	  5,8560000000e+03	  8,87369e-02	 -1,24769e-01
2930	  5,8580000000e+03	  8,49129e-02	 -1,25329e-01
2931	  5,8600000000e+03	  8,09888e-02	 -1,30293e-01
2932	  5,8620000000e+03	  8,32167e-02	 -1,31461e-01
2933	  5,8640000000e+03	  8,49213e-02	 -1,34979e-01
2934	  5,8660000000e+03	  8,18313e-02	 -1,34331e-01
2935	  5,8680000000e+03	  7,72391e-02	 -1,34718e-01
2936	  5,8700000000e+03	  7,42839e-02	 -1,36546e-01
2937	  5,8720000000e+03	  7,26621e-02	 -1,35295e-01
2938	  5,8740000000e+03	  7,30353e-02	 -1,37101e-01
2939	  5,8760000000e+03	  7,03387e-02	 -1,37270e-01
2940	  5,8780000000e+03	  7,02865e-02	 -1,40496e-01
2941	  5,8800000000e+03	  6,79975e-02	 -1,42853e-01
2942	  5,8820000000e+03	  6,52674e-02	 -1,42539e-01
2943	  5,8840000000e+03	  6,56276e-02	 -1,40841e-01
2944	  5,8860000000e+03	  6,01064e-02	 -1,42515e-01
2945	  5,8880000000e+03	  5,85294e-02	 -1,45329e-01
2946	  5,8900000000e+03	  5,66391e-02	 -1,42653e-01
2947	  5,8920000000e+03	  5,46638e-02	 -1,42787e-01
2948	  5,8940000000e+03	  5,39210e-02	 -1,46764e-01
2949	  5,8960000000e+03	  5,34268e-02	 -1,47998e-01
2950	  5,8980000000e+03	  5,03517e-02	 -1,47196e-01
2951	  5,9000000000e+03	  4,94964e-02	 -1,47356e-01
2952	  5,9020000000e+03	  4,63847e-02	 -1,47392e-01
2953	  5,9040000000e+03	  4,44732e-02	 -1,46582e-01
2954	  5,9060000000e+03	  4,54792e-02	 -1,48464e-01
2955	  5,9080000000e+03	  4,16010e-02	 -1,48970e-01
2956	  5,9100000000e+03	  4,05025e-02	 -1,49407e-01
2957	  5,9120000000e+03	  4,37215e-02	 -1,50633e-01
2958	  5,9140000000e+03	  4,21765e-02	 -1,52209e-01
2959	  5,9160000000e+03	  3,86809e-02	 -1,54000e-01
2960	  5,9180000000e+03	  3,83764e-02	 -1,54335e-01
2961	  5,9200000000e+03	  3,53905e-02	 -1,52631e-01
2962	  5,9220000000e+03	  3,37554e-02	 -1,51799e-01
2963	  5,9240000000e+03	  3,16987e-02	 -1,56348e-01
2964	  5,9260000000e+03	  2,84573e-02	 -1,55680e-01
2965	  5,9280000000e+03	  2,75092e-02	 -1,57765e-01
2966	  5,9300000000e+03	  2,60933e-02	 -1,58121e-01
2967	  5,9320000000e+03	  2,22759e-02	 -1,58952e-01
2968	  5,9340000000e+03	  2,27548e-02	 -1,59605e-01
2969	  5,9360000000e+03	  2,08565e-02	 -1,59718e-01
2970	  5,9380000000e+03	  1,98962e-02	 -1,62409e-01
2971	  5,9400000000e+03	  1,73799e-02	 -1,58609e-01
2972	  5,9420000000e+03	  1,44596e-02	 -1,59106e-01
2973	  5,9440000000e+03	  1,11496e-02	 -1,63287e-01
2974	  5,9460000000e+03	  1,07400e-02	 -1,61406e-01
2975	  5,9480000000e+03	  8,33217e-03	 -1,57280e-01
2976	  5,9500000000e+03	  7,06703e-03	 -1,58838e-01
2977	  5,9520000000e+03	  2,12892e-03	 -1,60365e-01
2978	  5,9540000000e+03	 -1,67494e-03	 -1,61041e-01
2979	  5,9560000000e+03	 -3,39060e-03	 -1,65276e-01
2980	  5,9580000000e+03	 -1,45699e-03	 -1,64376e-01
2981	  5,9600000000e+03	 -3,01921e-03	 -1,60402e-01
2982	  5,9620000000e+03	 -7,39743e-03	 -1,56687e-01
2983	  5,9640000000e+03	 -1,15864e-02	 -1,58086e-01
2984	  5,9660000000e+03	 -1,35319e-02	 -1,59888e-01
2985	  5,9680000000e+03	 -1,27741e-02	 -1,59523e-01
2986	  5,9700000000e+03	 -1,53665e-02	 -1,55752e-01
2987	  5,9720000000e+03	 -1,80981e-02	 -1,58798e-01
2988	  5,9740000000e+03	 -1,71629e-02	 -1,58569e-01
2989	  5,9760000000e+03	 -1,83651e-02	 -1,60323e-01
2990	  5,9780000000e+03	 -2,00459e-02	 -1,61033e-01
2991	  5,9800000000e+03	 -2,33453e-02	 -1,58376e-01
2992	  5,9820000000e+03	 -2,78597e-02	 -1,57778e-01
2993	  5,9840000000e+03	 -3,27145e-02	 -1,59303e-01
2994	  5,9860000000e+03	 -3,10469e-02	 -1,57048e-01
2995	  5,9880000000e+03	 -3,53418e-02	 -1,56105e-01
2996	  5,9900000000e+03	 -3,87368e-02	 -1,56691e-01
2997	  5,9920000000e+03	 -3,92356e-02	 -1,55652e-01
2998	  5,9940000000e+03	 -3,91747e-02	 -1,54068e-01
2999	  5,9960000000e+03	 -4,15039e-02	 -1,54418e-01
3000	  5,9980000000e+03	 -4,17843e-02	 -1,55415e-01
3001	  6,0000000000e+03	 -4,58502e-02	 -1,56460e-01
3002	  6,0020000000e+03	 -4,72336e-02	 -1,58218e-01
3003	  6,0040000000e+03	 -4,54733e-02	 -1,54483e-01
3004	  6,0060000000e+03	 -5,22717e-02	 -1,54033e-01
3005	  6,0080000000e+03	 -5,57664e-02	 -1,53244e-01
3006	  6,0100000000e+03	 -5,73005e-02	 -1,54328e-01
3007	  6,0120000000e+03	 -6,11541e-02	 -1,51541e-01
3008	  6,0140000000e+03	 -5,92668e-02	 -1,52729e-01
3009	  6,0160000000e+03	 -6,19676e-02	 -1,50445e-01
3010	  6,0180000000e+03	 -6,43923e-02	 -1,44623e-01
3011	  6,0200000000e+03	 -6,86643e-02	 -1,45857e-01
3012	  6,0220000000e+03	 -7,37332e-02	 -1,49453e-01
3013	  6,0240000000e+03	 -7,35788e-02	 -1,48556e-01
3014	  6,0260000000e+03	 -7,10779e-02	 -1,45484e-01
3015	  6,0280000000e+03	 -7,16284e-02	 -1,40558e-01
3016	  6,0300000000e+03	 -7,69945e-02	 -1,42655e-01
3017	  6,0320000000e+03	 -7,82928e-02	 -1,42574e-01
3018	  6,0340000000e+03	 -7,84730e-02	 -1,40545e-01
3019	  6,0360000000e+03	 -7,72694e-02	 -1,38876e-01
3020	  6,0380000000e+03	 -7,79587e-02	 -1,37910e-01
3021	  6,0400000000e+03	 -7,99433e-02	 -1,34123e-01
3022	  6,0420000000e+03	 -8,37384e-02	 -1,33428e-01
3023	  6,0440000000e+03	 -8,59771e-02	 -1,39293e-01
3024	  6,0460000000e+03	 -8,81038e-02	 -1,36021e-01
3025	  6,0480000000e+03	 -8,95108e-02	 -1,31845e-01
3026	  6,0500000000e+03	 -9,20868e-02	 -1,32148e-01
3027	  6,0520000000e+03	 -9,35530e-02	 -1,32968e-01
3028	  6,0540000000e+03	 -9,45555e-02	 -1,30565e-01
3029	  6,0560000000e+03	 -9,75136e-02	 -1,32684e-01
3030	  6,0580000000e+03	 -9,80416e-02	 -1,27954e-01
3031	  6,0600000000e+03	 -1,03351e-01	 -1,26431e-01
3032	  6,0620000000e+03	 -1,04071e-01	 -1,24694e-01
3033	  6,0640000000e+03	 -1,02636e-01	 -1,21891e-01
3034	  6,0660000000e+03	 -1,03618e-01	 -1,18837e-01
3035	  6,0680000000e+03	 -1,08460e-01	 -1,20174e-01
3036	  6,0700000000e+03	 -1,07374e-01	 -1,18784e-01
3037	  6,0720000000e+03	 -1,10367e-01	 -1,13570e-01
3038	  6,0740000000e+03	 -1,12094e-01	 -1,12710e-01
3039	  6,0760000000e+03	 -1,11252e-01	 -1,13352e-01
3040	  6,0780000000e+03	 -1,15091e-01	 -1,09603e-01
3041	  6,0800000000e+03	 -1,17082e-01	 -1,03400e-01
3042	  6,0820000000e+03	 -1,14761e-01	 -1,05529e-01
3043	  6,0840000000e+03	 -1,17817e-01	 -1,06215e-01
3044	  6,0860000000e+03	 -1,21910e-01	 -1,01839e-01
3045	  6,0880000000e+03	 -1,25562e-01	 -9,89022e-02
3046	  6,0900000000e+03	 -1,22377e-01	 -9,60745e-02
3047	  6,0920000000e+03	 -1,19290e-01	 -9,66185e-02
3048	  6,0940000000e+03	 -1,19267e-01	 -9,56476e-02
3049	  6,0960000000e+03	 -1,22618e-01	 -9,26999e-02
3050	  6,0980000000e+03	 -1,24007e-01	 -8,92302e-02
3051	  6,1000000000e+03	 -1,23229e-01	 -8,94406e-02
3052	  6,1020000000e+03	 -1,24022e-01	 -8,40786e-02
3053	  6,1040000000e+03	 -1,27696e-01	 -7,99357e-02
3054	  6,1060000000e+03	 -1,25969e-01	 -8,15106e-02
3055	  6,1080000000e+03	 -1,26216e-01	 -8,02307e-02
3056	  6,1100000000e+03	 -1,27290e-01	 -7,58363e-02
3057	  6,1120000000e+03	 -1,26720e-01	 -7,37178e-02
3058	  6,1140000000e+03	 -1,26508e-01	 -7,26016e-02
3059	  6,1160000000e+03	 -1,28948e-01	 -7,54040e-02
3060	  6,1180000000e+03	 -1,31457e-01	 -7,83295e-02
3061	  6,1200000000e+03	 -1,30165e-01	 -7,52849e-02
3062	  6,1220000000e+03	 -1,30475e-01	 -7,23251e-02
3063	  6,1240000000e+03	 -1,30461e-01	 -7,14600e-02
3064	  6,1260000000e+03	 -1,31254e-01	 -6,50035e-02
3065	  6,1280000000e+03	 -1,31322e-01	 -6,45759e-02
3066	  6,1300000000e+03	 -1,35236e-01	 -6,50033e-02
3067	  6,1320000000e+03	 -1,36879e-01	 -6,41343e-02
3068	  6,1340000000e+03	 -1,34598e-01	 -6,16332e-02
3069	  6,1360000000e+03	 -1,35645e-01	 -6,04787e-02
3070	  6,1380000000e+03	 -1,37347e-01	 -5,49559e-02
3071	  6,1400000000e+03	 -1,37015e-01	 -5,14863e-02
3072	  6,1420000000e+03	 -1,37920e-01	 -5,13415e-02
3073	  6,1440000000e+03	 -1,36983e-01	 -4,97246e-02
3074	  6,1460000000e+03	 -1,35276e-01	 -4,74643e-02
3075	  6,1480000000e+03	 -1,37966e-01	 -4,50357e-02
3076	  6,1500000000e+03	 -1,37704e-01	 -4,47544e-02
3077	  6,1520000000e+03	 -1,39313e-01	 -4,30267e-02
3078	  6,1540000000e+03	 -1,41875e-01	 -3,93841e-02
3079	  6,1560000000e+03	 -1,40906e-01	 -3,52502e-02
3080	  6,1580000000e+03	 -1,38896e-01	 -3,51286e-02
3081	  6,1600000000e+03	 -1,39279e-01	 -3,42122e-02
3082	  6,1620000000e+03	 -1,42231e-01	 -2,97106e-02
3083	  6,1640000000e+03	 -1,40330e-01	 -3,06034e-02
3084	  6,1660000000e+03	 -1,34121e-01	 -3,26854e-02
3085	  6,1680000000e+03	 -1,35295e-01	 -2,85622e-02
3086	  6,1700000000e+03	 -1,37734e-01	 -2,34024e-02
3087	  6,1720000000e+03	 -1,37239e-01	 -2,30841e-02
3088	  6,1740000000e+03	 -1,37447e-01	 -2,09240e-02
3089	  6,1760000000e+03	 -1,39703e-01	 -1,98063e-02
3090	  6,1780000000e+03	 -1,40921e-01	 -1,72841e-02
3091	  6,1800000000e+03	 -1,41335e-01	 -2,01731e-02
3092	  6,1820000000e+03	 -1,40610e-01	 -2,04128e-02
3093	  6,1840000000e+03	 -1,41206e-01	 -1,46901e-02
3094	  6,1860000000e+03	 -1,39793e-01	 -1,09087e-02
3095	  6,1880000000e+03	 -1,37003e-01	 -9,44908e-03
3096	  6,1900000000e+03	 -1,38183e-01	 -7,05864e-03
3097	  6,1920000000e+03	 -1,36498e-01	 -7,88186e-03
3098	  6,1940000000e+03	 -1,37448e-01	 -8,46544e-03
3099	  6,1960000000e+03	 -1,37321e-01	 -1,10380e-02
3100	  6,1980000000e+03	 -1,34463e-01	 -5,73221e-03
3101	  6,2000000000e+03	 -1,36032e-01	 -3,79640e-03
3102	  6,2020000000e+03	 -1,37710e-01	 -2,29108e-03
3103	  6,2040000000e+03	 -1,39938e-01	 -6,90859e-04
3104	  6,2060000000e+03	 -1,42591e-01	  5,14614e-04
3105	  6,2080000000e+03	 -1,42202e-01	  3,62500e-03
3106	  6,2100000000e+03	 -1,34507e-01	  3,20327e-03
3107	  6,2120000000e+03	 -1,32759e-01	  8,51381e-03
3108	  6,2140000000e+03	 -1,33943e-01	  1,20076e-02
3109	  6,2160000000e+03	 -1,32693e-01	  1,17940e-02
3110	  6,2180000000e+03	 -1,32625e-01	  1,08758e-02
3111	  6,2200000000e+03	 -1,35443e-01	  1,11634e-02
3112	  6,2220000000e+03	 -1,35230e-01	  1,46671e-02
3113	  6,2240000000e+03	 -1,34504e-01	  1,58956e-02
3114	  6,2260000000e+03	 -1,32687e-01	  1,71748e-02
3115	  6,2280000000e+03	 -1,29189e-01	  1,99102e-02
3116	  6,2300000000e+03	 -1,30030e-01	  1,70210e-02
3117	  6,2320000000e+03	 -1,31233e-01	  1,55151e-02
3118	  6,2340000000e+03	 -1,31402e-01	  1,83610e-02
3119	  6,2360000000e+03	 -1,29616e-01	  2,13715e-02
3120	  6,2380000000e+03	 -1,29285e-01	  2,15739e-02
3121	  6,2400000000e+03	 -1,30125e-01	  2,59041e-02
3122	  6,2420000000e+03	 -1,26879e-01	  2,55492e-02
3123	  6,2440000000e+03	 -1,27466e-01	  2,88363e-02
3124	  6,2460000000e+03	 -1,28327e-01	  2,96889e-02
3125	  6,2480000000e+03	 -1,29391e-01	  2,96832e-02
3126	  6,2500000000e+03	 -1,29839e-01	  2,87683e-02
3127	  6,2520000000e+03	 -1,27876e-01	  3,00834e-02
3128	  6,2540000000e+03	 -1,28759e-01	  3,14825e-02
3129	  6,2560000000e+03	 -1,24937e-01	  3,61088e-02
3130	  6,2580000000e+03	 -1,25532e-01	  3,66694e-02
3131	  6,2600000000e+03	 -1,31104e-01	  4,18853e-02
3132	  6,2620000000e+03	 -1,29557e-01	  4,19656e-02
3133	  6,2640000000e+03	 -1,28120e-01	  4,13651e-02
3134	  6,2660000000e+03	 -1,25214e-01	  4,43596e-02
3135	  6,2680000000e+03	 -1,25100e-01	  4,68539e-02
3136	  6,2700000000e+03	 -1,23685e-01	  4,68521e-02
3137	  6,2720000000e+03	 -1,21628e-01	  4,53485e-02
3138	  6,2740000000e+03	 -1,18956e-01	  4,90817e-02
3139	  6,2760000000e+03	 -1,20991e-01	  4,92679e-02
3140	  6,2780000000e+03	 -1,23214e-01	  5,53752e-02
3141	  6,2800000000e+03	 -1,20525e-01	  5,77627e-02
3142	  6,2820000000e+03	 -1,20106e-01	  5,80186e-02
3143	  6,2840000000e+03	 -1,19840e-01	  5,89641e-02
3144	  6,2860000000e+03	 -1,18704e-01	  5,80549e-02
3145	  6,2880000000e+03	 -1,19011e-01	  6,21314e-02
3146	  6,2900000000e+03	 -1,18431e-01	  6,51713e-02
3147	  6,2920000000e+03	 -1,15096e-01	  6,55576e-02
3148	  6,2940000000e+03	 -1,18947e-01	  6,65214e-02
3149	  6,2960000000e+03	 -1,15542e-01	  7,06334e-02
3150	  6,2980000000e+03	 -1,11243e-01	  7,24575e-02
3151	  6,3000000000e+03	 -1,12202e-01	  7,35108e-02
3152	  6,3020000000e+03	 -1,12013e-01	  7,66111e-02
3153	  6,3040000000e+03	 -1,09918e-01	  7,61808e-02
3154	  6,3060000000e+03	 -1,08649e-01	  7,69849e-02
3155	  6,3080000000e+03	 -1,06388e-01	  7,92514e-02
3156	  6,3100000000e+03	 -1,08300e-01	  8,08602e-02
3157	  6,3120000000e+03	 -1,09226e-01	  8,06706e-02
3158	  6,3140000000e+03	 -1,03208e-01	  8,19629e-02
3159	  6,3160000000e+03	 -9,91461e-02	  8,10152e-02
3160	  6,3180000000e+03	 -9,72446e-02	  8,30961e-02
3161	  6,3200000000e+03	 -9,54745e-02	  8,52071e-02
3162	  6,3220000000e+03	 -9,45257e-02	  8,87954e-02
3163	  6,3240000000e+03	 -9,44099e-02	  8,86218e-02
3164	  6,3260000000e+03	 -9,39072e-02	  8,80785e-02
3165	  6,3280000000e+03	 -9,08774e-02	  9,07795e-02
3166	  6,3300000000e+03	 -8,83866e-02	  8,89507e-02
3167	  6,3320000000e+03	 -8,91205e-02	  8,53545e-02
3168	  6,3340000000e+03	 -9,11977e-02	  8,62563e-02
3169	  6,3360000000e+03	 -9,02783e-02	  8,92376e-02
3170	  6,3380000000e+03	 -8,89988e-02	  9,25149e-02
3171	  6,3400000000e+03	 -8,89281e-02	  9,37900e-02
3172	  6,3420000000e+03	 -8,78042e-02	  9,32276e-02
3173	  6,3440000000e+03	 -8,44363e-02	  9,54197e-02
3174	  6,3460000000e+03	 -8,28502e-02	  9,62244e-02
3175	  6,3480000000e+03	 -8,04866e-02	  9,67085e-02
3176	  6,3500000000e+03	 -8,29515e-02	  9,98464e-02
3177	  6,3520000000e+03	 -8,19767e-02	  9,99975e-02
3178	  6,3540000000e+03	 -7,73625e-02	  1,00998e-01
3179	  6,3560000000e+03	 -7,35441e-02	  1,00410e-01
3180	  6,3580000000e+03	 -6,89505e-02	  9,96441e-02
3181	  6,3600000000e+03	 -7,11360e-02	  1,05571e-01
3182	  6,3620000000e+03	 -7,14933e-02	  1,08629e-01
3183	  6,3640000000e+03	 -7,19623e-02	  1,06787e-01
3184	  6,3660000000e+03	 -6,71408e-02	  1,07026e-01
3185	  6,3680000000e+03	 -6,45235e-02	  1,06734e-01
3186	  6,3700000000e+03	 -6,64905e-02	  1,06468e-01
3187	  6,3720000000e+03	 -6,42635e-02	  1,08443e-01
3188	  6,3740000000e+03	 -6,00100e-02	  1,11511e-01
3189	  6,3760000000e+03	 -5,80059e-02	  1,14148e-01
3190	  6,3780000000e+03	 -5,65962e-02	  1,18017e-01
3191	  6,3800000000e+03	 -5,69881e-02	  1,19266e-01
3192	  6,3820000000e+03	 -5,36873e-02	  1,16396e-01
3193	  6,3840000000e+03	 -5,24757e-02	  1,14563e-01
3194	  6,3860000000e+03	 -5,10022e-02	  1,16812e-01
3195	  6,3880000000e+03	 -4,61439e-02	  1,19507e-01
3196	  6,3900000000e+03	 -4,11779e-02	  1,19050e-01
3197	  6,3920000000e+03	 -4,28560e-02	  1,15953e-01
3198	  6,3940000000e+03	 -4,33340e-02	  1,18402e-01
3199	  6,3960000000e+03	 -4,27492e-02	  1,20589e-01
3200	  6,3980000000e+03	 -3,48077e-02	  1,22748e-01
3201	  6,4000000000e+03	 -3,32754e-02	  1,20604e-01
3202	  6,4020000000e+03	 -3,68970e-02	  1,20461e-01
3203	  6,4040000000e+03	 -3,23307e-02	  1,19483e-01
3204	  6,4060000000e+03	 -2,67006e-02	  1,19848e-01
3205	  6,4080000000e+03	 -2,63376e-02	  1,20222e-01
3206	  6,4100000000e+03	 -2,73461e-02	  1,17875e-01
3207	  6,4120000000e+03	 -2,69480e-02	  1,19242e-01
3208	  6,4140000000e+03	 -2,12196e-02	  1,19004e-01
3209	  6,4160000000e+03	 -1,82045e-02	  1,18036e-01
3210	  6,4180000000e+03	 -1,80365e-02	  1,14420e-01
3211	  6,4200000000e+03	 -1,62020e-02	  1,15997e-01
3212	  6,4220000000e+03	 -1,73407e-02	  1,15292e-01
3213	  6,4240000000e+03	 -1,40055e-02	  1,13383e-01
3214	  6,4260000000e+03	 -1,06080e-02	  1,17012e-01
3215	  6,4280000000e+03	 -9,95953e-03	  1,17809e-01
3216	  6,4300000000e+03	 -5,88478e-03	  1,16930e-01
3217	  6,4320000000e+03	 -5,22001e-03	  1,16409e-01
3218	  6,4340000000e+03	 -3,78434e-03	  1,15603e-01
3219	  6,4360000000e+03	 -1,09030e-03	  1,14797e-01
3220	  6,4380000000e+03	  2,68123e-03	  1,15762e-01
3221	  6,4400000000e+03	  7,30170e-04	  1,15950e-01
3222	  6,4420000000e+03	  3,66954e-03	  1,17296e-01
3223	  6,4440000000e+03	  9,84887e-03	  1,15125e-01
3224	  6,4460000000e+03	  1,18937e-02	  1,12204e-01
3225	  6,4480000000e+03	  1,16483e-02	  1,11489e-01
3226	  6,4500000000e+03	  1,32416e-02	  1,11710e-01
3227	  6,4520000000e+03	  1,64439e-02	  1,10377e-01
3228	  6,4540000000e+03	  2,20147e-02	  1,05946e-01
3229	  6,4560000000e+03	  2,45804e-02	  1,05917e-01
3230	  6,4580000000e+03	  2,02280e-02	  1,05334e-01
3231	  6,4600000000e+03	  1,99256e-02	  1,07072e-01
3232	  6,4620000000e+03	  2,35327e-02	  1,07192e-01
3233	  6,4640000000e+03	  2,31382e-02	  1,03629e-01
3234	  6,4660000000e+03	  2,19509e-02	  1,01457e-01
3235	  6,4680000000e+03	  2,35127e-02	  9,90615e-02
3236	  6,4700000000e+03	  2,74181e-02	  1,00868e-01
3237	  6,4720000000e+03	  2,86408e-02	  1,02492e-01
3238	  6,4740000000e+03	  2,69056e-02	  9,94070e-02
3239	  6,4760000000e+03	  2,99942e-02	  9,60598e-02
3240	  6,4780000000e+03	  3,31450e-02	  9,54417e-02
3241	  6,4800000000e+03	  3,38839e-02	  9,85058e-02
3242	  6,4820000000e+03	  3,60163e-02	  1,00714e-01
3243	  6,4840000000e+03	  3,46728e-02	  9,73283e-02
3244	  6,4860000000e+03	  3,67013e-02	  9,56762e-02
3245	  6,4880000000e+03	  3,80335e-02	  9,66698e-02
3246	  6,4900000000e+03	  4,19155e-02	  9,85114e-02
3247	  6,4920000000e+03	  4,73842e-02	  9,45842e-02
3248	  6,4940000000e+03	  4,99160e-02	  9,31722e-02
3249	  6,4960000000e+03	  4,96766e-02	  9,00649e-02
3250	  6,4980000000e+03	  4,89228e-02	  8,93248e-02
3251	  6,5000000000e+03	  5,05497e-02	  8,94273e-02
3252	  6,5020000000e+03	  5,04351e-02	  8,72351e-02
3253	  6,5040000000e+03	  4,89302e-02	  8,41275e-02
3254	  6,5060000000e+03	  4,77110e-02	  8,29114e-02
3255	  6,5080000000e+03	  5,31832e-02	  7,92735e-02
3256	  6,5100000000e+03	  5,53877e-02	  7,83714e-02
3257	  6,5120000000e+03	  5,25505e-02	  8,06766e-02
3258	  6,5140000000e+03	  5,21274e-02	  8,02665e-02
3259	  6,5160000000e+03	  5,61777e-02	  8,07499e-02
3260	  6,5180000000e+03	  5,80453e-02	  7,99688e-02
3261	  6,5200000000e+03	  5,59827e-02	  7,50976e-02
3262	  6,5220000000e+03	  5,61171e-02	  7,36949e-02
3263	  6,5240000000e+03	  5,88215e-02	  7,34483e-02
3264	  6,5260000000e+03	  5,88102e-02	  7,38526e-02
3265	  6,5280000000e+03	  5,71894e-02	  7,24525e-02
3266	  6,5300000000e+03	  6,20857e-02	  6,83530e-02
3267	  6,5320000000e+03	  6,60181e-02	  6,97462e-02
3268	  6,5340000000e+03	  6,43219e-02	  6,93813e-02
3269	  6,5360000000e+03	  6,10937e-02	  6,66804e-02
3270	  6,5380000000e+03	  6,20359e-02	  6,67268e-02
3271	  6,5400000000e+03	  6,41620e-02	  6,61534e-02
3272	  6,5420000000e+03	  6,62659e-02	  6,36404e-02
3273	  6,5440000000e+03	  6,38038e-02	  6,02310e-02
3274	  6,5460000000e+03	  6,28297e-02	  5,84803e-02
3275	  6,5480000000e+03	  6,57806e-02	  5,49883e-02
3276	  6,5500000000e+03	  6,91907e-02	  5,61740e-02
3277	  6,5520000000e+03	  6,82682e-02	  5,31319e-02
3278	  6,5540000000e+03	  6,58899e-02	  5,52814e-02
3279	  6,5560000000e+03	  6,56138e-02	  5,58473e-02
3280	  6,5580000000e+03	  7,14428e-02	  5,62392e-02
3281	  6,5600000000e+03	  7,05940e-02	  5,28794e-02
3282	  6,5620000000e+03	  7,39002e-02	  4,82159e-02
3283	  6,5640000000e+03	  7,34000e-02	  4,54341e-02
3284	  6,5660000000e+03	  6,87758e-02	  4,67019e-02
3285	  6,5680000000e+03	  6,99219e-02	  4,16663e-02
3286	  6,5700000000e+03	  7,07861e-02	  3,73448e-02
3287	  6,5720000000e+03	  7,42592e-02	  3,46909e-02
3288	  6,5740000000e+03	  7,18684e-02	  3,49565e-02
3289	  6,5760000000e+03	  7,11979e-02	  3,65113e-02
3290	  6,5780000000e+03	  7,25037e-02	  3,70807e-02
3291	  6,5800000000e+03	  7,30790e-02	  3,37912e-02
3292	  6,5820000000e+03	  7,37606e-02	  3,56958e-02
3293	  6,5840000000e+03	  7,57168e-02	  3,36514e-02
3294	  6,5860000000e+03	  7,44202e-02	  2,88868e-02
3295	  6,5880000000e+03	  6,99291e-02	  2,57248e-02
3296	  6,5900000000e+03	  7,23514e-02	  2,78404e-02
3297	  6,5920000000e+03	  7,32147e-02	  2,60116e-02
3298	  6,5940000000e+03	  7,50181e-02	  2,36934e-02
3299	  6,5960000000e+03	  7,07045e-02	  2,36199e-02
3300	  6,5980000000e+03	  6,92891e-02	  1,95168e-02
3301	  6,6000000000e+03	  7,04526e-02	  1,75453e-02
3302	  6,6020000000e+03	  7,24302e-02	  1,66126e-02
3303	  6,6040000000e+03	  7,30503e-02	  1,68349e-02
3304	  6,6060000000e+03	  7,04402e-02	  1,42555e-02
3305	  6,6080000000e+03	  7,14065e-02	  1,44114e-02
3306	  6,6100000000e+03	  6,98102e-02	  1,35299e-02
3307	  6,6120000000e+03	  6,63208e-02	  1,20141e-02
3308	  6,6140000000e+03	  6,68748e-02	  8,91471e-03
3309	  6,6160000000e+03	  6,84758e-02	  1,01024e-02
3310	  6,6180000000e+03	  6,94531e-02	  8,61662e-03
3311	  6,6200000000e+03	  6,86096e-02	  5,05516e-03
3312	  6,6220000000e+03	  6,88592e-02	  5,34328e-03
3313	  6,6240000000e+03	  6,32629e-02	  4,30224e-03
3314	  6,6260000000e+03	  6,61786e-02	  3,46399e-03
3315	  6,6280000000e+03	  6,95396e-02	  9,84652e-04
3316	  6,6300000000e+03	  6,75377e-02	 -3,07403e-04
3317	  6,6320000000e+03	  6,51262e-02	 -2,51031e-03
3318	  6,6340000000e+03	  6,40937e-02	 -1,67929e-03
3319	  6,6360000000e+03	  6,01420e-02	 -4,40072e-03
3320	  6,6380000000e+03	  6,21946e-02	 -2,24704e-03
3321	  6,6400000000e+03	  6,15336e-02	 -7,91116e-05
3322	  6,6420000000e+03	  5,74580e-02	 -2,52286e-03
3323	  6,6440000000e+03	  5,81564e-02	 -6,44894e-03
3324	  6,6460000000e+03	  5,96615e-02	 -6,75880e-03
3325	  6,6480000000e+03	  5,94739e-02	 -5,86879e-03
3326	  6,6500000000e+03	  5,85929e-02	 -9,82452e-03
3327	  6,6520000000e+03	  5,56842e-02	 -1,36974e-02
3328	  6,6540000000e+03	  5,40870e-02	 -1,09613e-02
3329	  6,6560000000e+03	  5,33990e-02	 -9,88400e-03
3330	  6,6580000000e+03	  5,32190e-02	 -1,44504e-02
3331	  6,6600000000e+03	  5,26632e-02	 -1,73105e-02
3332	  6,6620000000e+03	  5,34316e-02	 -2,02368e-02
3333	  6,6640000000e+03	  5,59882e-02	 -2,01993e-02
3334	  6,6660000000e+03	  5,24177e-02	 -2,05410e-02
3335	  6,6680000000e+03	  5,07431e-02	 -2,01225e-02
3336	  6,6700000000e+03	  4,82746e-02	 -2,18294e-02
3337	  6,6720000000e+03	  4,68764e-02	 -2,32905e-02
3338	  6,6740000000e+03	  4,60781e-02	 -2,29354e-02
3339	  6,6760000000e+03	  4,80658e-02	 -2,16590e-02
3340	  6,6780000000e+03	  4,66907e-02	 -2,39959e-02
3341	  6,6800000000e+03	  4,35765e-02	 -2,60677e-02
3342	  6,6820000000e+03	  4,82079e-02	 -2,28378e-02
3343	  6,6840000000e+03	  4,75729e-02	 -2,50536e-02
3344	  6,6860000000e+03	  4,20066e-02	 -2,53202e-02
3345	  6,6880000000e+03	  4,13430e-02	 -2,27985e-02
3346	  6,6900000000e+03	  3,85044e-02	 -2,43582e-02
3347	  6,6920000000e+03	  4,01666e-02	 -2,39590e-02
3348	  6,6940000000e+03	  3,97422e-02	 -2,42440e-02
3349	  6,6960000000e+03	  4,28715e-02	 -2,60944e-02
3350	  6,6980000000e+03	  3,92232e-02	 -3,13969e-02
3351	  6,7000000000e+03	  3,69550e-02	 -3,13844e-02
3352	  6,7020000000e+03	  3,60412e-02	 -2,94445e-02
3353	  6,7040000000e+03	  3,64633e-02	 -2,70057e-02
3354	  6,7060000000e+03	  3,48323e-02	 -2,88832e-02
3355	  6,7080000000e+03	  3,44475e-02	 -2,91346e-02
3356	  6,7100000000e+03	  3,21422e-02	 -3,07406e-02
3357	  6,7120000000e+03	  3,23290e-02	 -3,09403e-02
3358	  6,7140000000e+03	  3,24682e-02	 -3,37807e-02
3359	  6,7160000000e+03	  2,79515e-02	 -3,21006e-02
3360	  6,7180000000e+03	  2,45381e-02	 -3,26812e-02
3361	  6,7200000000e+03	  2,79395e-02	 -3,28353e-02
3362	  6,7220000000e+03	  2,85133e-02	 -3,24305e-02
3363	  6,7240000000e+03	  2,70204e-02	 -3,34895e-02
3364	  6,7260000000e+03	  2,33085e-02	 -3,54429e-02
3365	  6,7280000000e+03	  2,32641e-02	 -3,36485e-02
3366	  6,7300000000e+03	  2,01608e-02	 -3,27341e-02
3367	  6,7320000000e+03	  2,05473e-02	 -3,35606e-02
3368	  6,7340000000e+03	  1,95412e-02	 -3,24496e-02
3369	  6,7360000000e+03	  2,03111e-02	 -2,90101e-02
3370	  6,7380000000e+03	  1,78081e-02	 -2,81360e-02
3371	  6,7400000000e+03	  1,53715e-02	 -3,08868e-02
3372	  6,7420000000e+03	  1,62161e-02	 -3,39859e-02
3373	  6,7440000000e+03	  1,59862e-02	 -3,41197e-02
3374	  6,7460000000e+03	  1,76703e-02	 -3,19520e-02
3375	  6,7480000000e+03	  1,64008e-02	 -2,99166e-02
3376	  6,7500000000e+03	  9,68673e-03	 -3,14534e-02
3377	  6,7520000000e+03	  7,29023e-03	 -2,80914e-02
3378	  6,7540000000e+03	  8,45781e-03	 -2,97661e-02
3379	  6,7560000000e+03	  7,12083e-03	 -3,21663e-02
3380	  6,7580000000e+03	  6,96943e-03	 -3,32038e-02
3381	  6,7600000000e+03	  5,83761e-03	 -3,02032e-02
3382	  6,7620000000e+03	  7,17359e-03	 -2,51910e-02
3383	  6,7640000000e+03	  8,90067e-03	 -2,43121e-02
3384	  6,7660000000e+03	  5,83331e-03	 -2,46929e-02
3385	  6,7680000000e+03	  4,51849e-03	 -2,64901e-02
3386	  6,7700000000e+03	  2,98480e-03	 -2,81957e-02
3387	  6,7720000000e+03	  1,70980e-03	 -2,57436e-02
3388	  6,7740000000e+03	  2,57187e-03	 -2,66456e-02
3389	  6,7760000000e+03	  2,48264e-03	 -3,12552e-02
3390	  6,7780000000e+03	  2,44539e-03	 -3,03690e-02
3391	  6,7800000000e+03	  2,78434e-03	 -2,63868e-02
3392	  6,7820000000e+03	  3,57688e-03	 -2,44859e-02
3393	  6,7840000000e+03	  3,02320e-03	 -2,36697e-02
3394	  6,7860000000e+03	  2,68955e-03	 -2,34019e-02
3395	  6,7880000000e+03	  3,25509e-03	 -2,48311e-02
3396	  6,7900000000e+03	  3,49334e-04	 -2,22519e-02
3397	  6,7920000000e+03	 -2,36132e-03	 -2,56683e-02
3398	  6,7940000000e+03	 -4,44282e-03	 -2,91280e-02
3399	  6,7960000000e+03	 -4,07323e-03	 -2,41045e-02
3400	  6,7980000000e+03	 -4,28992e-03	 -2,18303e-02
3401	  6,8000000000e+03	 -3,03882e-03	 -2,14000e-02
3402	  6,8020000000e+03	 -1,90539e-03	 -2,14498e-02
3403	  6,8040000000e+03	 -3,43083e-03	 -2,19862e-02
3404	  6,8060000000e+03	 -5,17612e-03	 -2,05252e-02
3405	  6,8080000000e+03	 -3,52260e-03	 -2,13034e-02
3406	  6,8100000000e+03	 -3,62870e-03	 -2,25168e-02
3407	  6,8120000000e+03	 -5,80673e-03	 -2,19874e-02
3408	  6,8140000000e+03	 -3,18507e-03	 -1,83089e-02
3409	  6,8160000000e+03	 -1,98494e-03	 -2,08821e-02
3410	  6,8180000000e+03	 -2,05893e-03	 -2,28149e-02
3411	  6,8200000000e+03	 -3,25187e-03	 -2,26579e-02
3412	  6,8220000000e+03	 -4,34004e-03	 -1,95112e-02
3413	  6,8240000000e+03	 -6,56926e-03	 -2,15511e-02
3414	  6,8260000000e+03	 -4,08843e-03	 -1,88894e-02
3415	  6,8280000000e+03	 -6,58982e-03	 -1,60851e-02
3416	  6,8300000000e+03	 -4,87119e-03	 -2,18381e-02
3417	  6,8320000000e+03	 -5,69386e-03	 -2,05140e-02
3418	  6,8340000000e+03	 -7,05343e-03	 -1,93531e-02
3419	  6,8360000000e+03	 -9,69098e-03	 -2,15090e-02
3420	  6,8380000000e+03	 -1,26537e-02	 -2,31916e-02
3421	  6,8400000000e+03	 -1,07858e-02	 -2,07363e-02
3422	  6,8420000000e+03	 -8,11993e-03	 -2,12825e-02
3423	  6,8440000000e+03	 -6,45332e-03	 -1,96031e-02
3424	  6,8460000000e+03	 -7,91676e-03	 -1,89251e-02
3425	  6,8480000000e+03	 -1,26354e-02	 -1,89057e-02
3426	  6,8500000000e+03	 -1,40412e-02	 -1,90491e-02
3427	  6,8520000000e+03	 -1,41562e-02	 -2,02034e-02
3428	  6,8540000000e+03	 -1,70212e-02	 -1,94890e-02
3429	  6,8560000000e+03	 -1,49429e-02	 -2,10652e-02
3430	  6,8580000000e+03	 -1,74725e-02	 -2,13210e-02
3431	  6,8600000000e+03	 -2,04940e-02	 -1,88776e-02
3432	  6,8620000000e+03	 -2,12465e-02	 -1,93907e-02
3433	  6,8640000000e+03	 -2,23222e-02	 -1,84028e-02
3434	  6,8660000000e+03	 -2,13375e-02	 -1,55396e-02
3435	  6,8680000000e+03	 -2,06705e-02	 -1,36657e-02
3436	  6,8700000000e+03	 -1,73821e-02	 -1,73697e-02
3437	  6,8720000000e+03	 -2,10874e-02	 -1,73959e-02
3438	  6,8740000000e+03	 -2,52486e-02	 -1,52431e-02
3439	  6,8760000000e+03	 -2,40160e-02	 -1,32297e-02
3440	  6,8780000000e+03	 -2,31078e-02	 -1,34672e-02
3441	  6,8800000000e+03	 -2,19919e-02	 -1,34752e-02
3442	  6,8820000000e+03	 -1,89704e-02	 -1,25565e-02
3443	  6,8840000000e+03	 -2,44760e-02	 -9,60466e-03
3444	  6,8860000000e+03	 -2,71201e-02	 -1,12247e-02
3445	  6,8880000000e+03	 -2,72554e-02	 -1,05003e-02
3446	  6,8900000000e+03	 -2,85602e-02	 -3,88262e-03
3447	  6,8920000000e+03	 -2,98666e-02	 -6,81757e-03
3448	  6,8940000000e+03	 -2,99307e-02	 -6,57496e-03
3449	  6,8960000000e+03	 -3,32703e-02	 -4,59586e-03
3450	  6,8980000000e+03	 -3,27044e-02	 -3,82565e-03
3451	  6,9000000000e+03	 -2,93776e-02	 -4,73933e-03
3452	  6,9020000000e+03	 -2,59057e-02	 -5,04424e-04
3453	  6,9040000000e+03	 -2,87387e-02	  7,89317e-05
3454	  6,9060000000e+03	 -3,21663e-02	 -1,99039e-03
3455	  6,9080000000e+03	 -2,87065e-02	 -2,26458e-03
3456	  6,9100000000e+03	 -2,98383e-02	 -1,24767e-03
3457	  6,9120000000e+03	 -2,81513e-02	  1,49553e-04
3458	  6,9140000000e+03	 -2,72096e-02	  2,02889e-03
3459	  6,9160000000e+03	 -2,80789e-02	  6,40872e-03
3460	  6,9180000000e+03	 -2,79566e-02	  6,25166e-03
3461	  6,9200000000e+03	 -2,59698e-02	  5,24705e-03
3462	  6,9220000000e+03	 -2,80095e-02	  7,76704e-03
3463	  6,9240000000e+03	 -3,04658e-02	  1,01985e-02
3464	  6,9260000000e+03	 -2,99183e-02	  1,26578e-02
3465	  6,9280000000e+03	 -2,73514e-02	  1,30784e-02
3466	  6,9300000000e+03	 -2,67273e-02	  1,57226e-02
3467	  6,9320000000e+03	 -2,81489e-02	  1,69305e-02
3468	  6,9340000000e+03	 -2,68845e-02	  1,56752e-02
3469	  6,9360000000e+03	 -2,49426e-02	  1,82262e-02
3470	  6,9380000000e+03	 -2,46518e-02	  1,82116e-02
3471	  6,9400000000e+03	 -2,65672e-02	  1,88660e-02
3472	  6,9420000000e+03	 -2,49176e-02	  2,60327e-02
3473	  6,9440000000e+03	 -2,76504e-02	  2,46916e-02
3474	  6,9460000000e+03	 -2,72066e-02	  2,29860e-02
3475	  6,9480000000e+03	 -2,43182e-02	  2,37412e-02
3476	  6,9500000000e+03	 -2,32909e-02	  2,24012e-02
3477	  6,9520000000e+03	 -2,05376e-02	  2,18725e-02
3478	  6,9540000000e+03	 -2,23579e-02	  1,98536e-02
3479	  6,9560000000e+03	 -2,51620e-02	  2,31062e-02
3480	  6,9580000000e+03	 -2,46145e-02	  2,57919e-02
3481	  6,9600000000e+03	 -2,29419e-02	  3,00251e-02
3482	  6,9620000000e+03	 -2,27547e-02	  2,82627e-02
3483	  6,9640000000e+03	 -2,00450e-02	  2,61641e-02
3484	  6,9660000000e+03	 -1,76085e-02	  2,64888e-02
3485	  6,9680000000e+03	 -1,86761e-02	  2,65830e-02
3486	  6,9700000000e+03	 -1,97974e-02	  2,89620e-02
3487	  6,9720000000e+03	 -1,73928e-02	  2,99891e-02
3488	  6,9740000000e+03	 -1,69020e-02	  3,02505e-02
3489	  6,9760000000e+03	 -1,90645e-02	  2,94243e-02
3490	  6,9780000000e+03	 -1,78404e-02	  3,24572e-02
3491	  6,9800000000e+03	 -1,66216e-02	  3,15218e-02
3492	  6,9820000000e+03	 -1,32626e-02	  3,08920e-02
3493	  6,9840000000e+03	 -1,15448e-02	  3,45871e-02
3494	  6,9860000000e+03	 -1,23441e-02	  3,50557e-02
3495	  6,9880000000e+03	 -1,29117e-02	  3,35597e-02
3496	  6,9900000000e+03	 -1,48559e-02	  3,33657e-02
3497	  6,9920000000e+03	 -1,48007e-02	  3,54608e-02
3498	  6,9940000000e+03	 -1,39670e-02	  3,63257e-02
3499	  6,9960000000e+03	 -1,09495e-02	  3,85877e-02
3500	  6,9980000000e+03	 -8,00032e-03	  3,88241e-02
3501	  7,0000000000e+03	 -9,12916e-03	  3,54258e-02
3502	  7,0020000000e+03	 -6,32160e-03	  3,83741e-02
3503	  7,0040000000e+03	 -5,94466e-03	  3,99636e-02
3504	  7,0060000000e+03	 -4,26385e-03	  3,83625e-02
3505	  7,0080000000e+03	 -5,10493e-03	  3,79011e-02
3506	  7,0100000000e+03	 -3,48766e-03	  3,78973e-02
3507	  7,0120000000e+03	 -3,23964e-03	  4,04811e-02
3508	  7,0140000000e+03	 -1,45575e-03	  4,22611e-02
3509	  7,0160000000e+03	  2,32292e-03	  3,96045e-02
3510	  7,0180000000e+03	  1,39718e-03	  3,65248e-02
3511	  7,0200000000e+03	 -1,85973e-04	  3,96472e-02
3512	  7,0220000000e+03	  2,66215e-03	  4,33380e-02
3513	  7,0240000000e+03	  4,45735e-03	  4,23677e-02
3514	  7,0260000000e+03	  8,68292e-03	  3,92186e-02
3515	  7,0280000000e+03	  7,57311e-03	  3,60483e-02
3516	  7,0300000000e+03	  6,53515e-03	  3,62667e-02
3517	  7,0320000000e+03	  1,03659e-02	  3,96395e-02
3518	  7,0340000000e+03	  1,02329e-02	  3,95546e-02
3519	  7,0360000000e+03	  1,31662e-02	  4,12190e-02
3520	  7,0380000000e+03	  1,23806e-02	  4,01390e-02
3521	  7,0400000000e+03	  1,13979e-02	  3,68857e-02
3522	  7,0420000000e+03	  1,49495e-02	  3,69785e-02
3523	  7,0440000000e+03	  1,54243e-02	  3,64122e-02
3524	  7,0460000000e+03	  1,58592e-02	  3,56516e-02
3525	  7,0480000000e+03	  1,59731e-02	  3,66895e-02
3526	  7,0500000000e+03	  1,50890e-02	  3,69431e-02
3527	  7,0520000000e+03	  1,65869e-02	  3,88653e-02
3528	  7,0540000000e+03	  1,91376e-02	  3,71694e-02
3529	  7,0560000000e+03	  2,16664e-02	  3,53272e-02
3530	  7,0580000000e+03	  2,12781e-02	  3,09219e-02
3531	  7,0600000000e+03	  2,00707e-02	  3,13138e-02
3532	  7,0620000000e+03	  2,30627e-02	  3,16129e-02
3533	  7,0640000000e+03	  2,31520e-02	  2,95682e-02
3534	  7,0660000000e+03	  2,68376e-02	  3,13335e-02
3535	  7,0680000000e+03	  2,59644e-02	  3,02352e-02
3536	  7,0700000000e+03	  2,62098e-02	  2,84538e-02
3537	  7,0720000000e+03	  2,62140e-02	  2,75133e-02
3538	  7,0740000000e+03	  2,71214e-02	  2,88049e-02
3539	  7,0760000000e+03	  2,48030e-02	  2,68273e-02
3540	  7,0780000000e+03	  2,55639e-02	  2,35915e-02
3541	  7,0800000000e+03	  2,81845e-02	  2,49035e-02
3542	  7,0820000000e+03	  2,73241e-02	  2,63520e-02
3543	  7,0840000000e+03	  2,65683e-02	  2,19537e-02
3544	  7,0860000000e+03	  3,02605e-02	  2,27334e-02
3545	  7,0880000000e+03	  3,14546e-02	  2,35379e-02
3546	  7,0900000000e+03	  3,16541e-02	  2,36854e-02
3547	  7,0920000000e+03	  3,18909e-02	  2,36054e-02
3548	  7,0940000000e+03	  3,24941e-02	  2,03358e-02
3549	  7,0960000000e+03	  2,94056e-02	  2,15885e-02
3550	  7,0980000000e+03	  2,50185e-02	  1,98119e-02
3551	  7,1000000000e+03	  2,83622e-02	  1,78136e-02
3552	  7,1020000000e+03	  2,84850e-02	  1,53205e-02
3553	  7,1040000000e+03	  3,17132e-02	  1,11821e-02
3554	  7,1060000000e+03	  3,13559e-02	  1,18135e-02
3555	  7,1080000000e+03	  3,09602e-02	  1,24009e-02
3556	  7,1100000000e+03	  3,48213e-02	  1,36274e-02
3557	  7,1120000000e+03	  3,45909e-02	  1,21259e-02
3558	  7,1140000000e+03	  3,25422e-02	  1,50785e-02
3559	  7,1160000000e+03	  3,38047e-02	  1,35476e-02
3560	  7,1180000000e+03	  3,21710e-02	  1,01262e-02
3561	  7,1200000000e+03	  2,97664e-02	  8,72400e-03
3562	  7,1220000000e+03	  2,85757e-02	  6,51623e-03
3563	  7,1240000000e+03	  3,08328e-02	  5,75972e-03
3564	  7,1260000000e+03	  3,11644e-02	  8,90071e-03
3565	  7,1280000000e+03	  2,84381e-02	  6,04223e-03
3566	  7,1300000000e+03	  2,71971e-02	  4,17193e-03
3567	  7,1320000000e+03	  2,83501e-02	  6,08712e-03
3568	  7,1340000000e+03	  2,69152e-02	  5,73767e-03
3569	  7,1360000000e+03	  2,56356e-02	  7,58621e-03
3570	  7,1380000000e+03	  2,58696e-02	  8,42830e-03
3571	  7,1400000000e+03	  2,72829e-02	  5,27806e-03
3572	  7,1420000000e+03	  2,71073e-02	  4,51465e-03
3573	  7,1440000000e+03	  2,73433e-02	  4,80637e-03
3574	  7,1460000000e+03	  2,86431e-02	  4,26191e-03
3575	  7,1480000000e+03	  2,71522e-02	  1,25526e-03
3576	  7,1500000000e+03	  3,05065e-02	 -6,29308e-04
3577	  7,1520000000e+03	  3,02867e-02	  1,43054e-03
3578	  7,1540000000e+03	  2,63148e-02	  2,23420e-03
3579	  7,1560000000e+03	  2,74580e-02	  9,23614e-05
3580	  7,1580000000e+03	  2,49734e-02	 -2,74244e-04
3581	  7,1600000000e+03	  2,29765e-02	  4,00819e-03
3582	  7,1620000000e+03	  2,60992e-02	 -5,65770e-04
3583	  7,1640000000e+03	  2,47978e-02	 -2,22139e-03
3584	  7,1660000000e+03	  2,11757e-02	 -1,43920e-03
3585	  7,1680000000e+03	  2,05570e-02	  2,96572e-04
3586	  7,1700000000e+03	  1,94848e-02	  1,20590e-03
3587	  7,1720000000e+03	  2,04233e-02	 -1,18726e-03
3588	  7,1740000000e+03	  2,06991e-02	 -4,42049e-03
3589	  7,1760000000e+03	  1,96983e-02	 -5,99983e-04
3590	  7,1780000000e+03	  1,48420e-02	 -1,57990e-03
3591	  7,1800000000e+03	  1,54401e-02	 -1,70141e-04
3592	  7,1820000000e+03	  1,64835e-02	 -1,19845e-03
3593	  7,1840000000e+03	  1,65559e-02	 -2,15016e-03
3594	  7,1860000000e+03	  1,77909e-02	 -2,07068e-03
3595	  7,1880000000e+03	  2,10541e-02	  2,70412e-04
3596	  7,1900000000e+03	  1,64808e-02	  1,71579e-03
3597	  7,1920000000e+03	  1,62255e-02	  2,45685e-03
3598	  7,1940000000e+03	  1,58175e-02	  4,44742e-03
3599	  7,1960000000e+03	  1,82573e-02	  9,89410e-04
3600	  7,1980000000e+03	  1,58472e-02	 -1,28738e-03
3601	  7,2000000000e+03	  1,27988e-02	 -5,80740e-05
3602	  7,2020000000e+03	  1,35000e-02	  1,47963e-03
3603	  7,2040000000e+03	  1,15732e-02	  2,12674e-03
3604	  7,2060000000e+03	  1,39367e-02	 -8,47424e-04
3605	  7,2080000000e+03	  1,33999e-02	  8,72729e-04
3606	  7,2100000000e+03	  1,48807e-02	  7,79969e-04
3607	  7,2120000000e+03	  1,45458e-02	  2,33170e-03
3608	  7,2140000000e+03	  1,30829e-02	  1,35667e-03
3609	  7,2160000000e+03	  1,46250e-02	  2,39201e-03
3610	  7,2180000000e+03	  1,50382e-02	  5,47168e-04
3611	  7,2200000000e+03	  1,16600e-02	  2,22182e-05
3612	  7,2220000000e+03	  9,52345e-03	  2,88061e-03
3613	  7,2240000000e+03	  9,56632e-03	  1,48817e-03
3614	  7,2260000000e+03	  1,32400e-02	  4,18758e-03
3615	  7,2280000000e+03	  1,10251e-02	  5,55613e-03
3616	  7,2300000000e+03	  1,42013e-02	  2,51632e-03
3617	  7,2320000000e+03	  1,37295e-02	  1,37018e-04
3618	  7,2340000000e+03	  9,30386e-03	  2,46798e-03
3619	  7,2360000000e+03	  1,23334e-02	  6,90288e-03
3620	  7,2380000000e+03	  1,29295e-02	  7,29710e-03
3621	  7,2400000000e+03	  9,64893e-03	  5,58398e-03
3622	  7,2420000000e+03	  1,09843e-02	  4,44393e-03
3623	  7,2440000000e+03	  1,10663e-02	  3,76855e-03
3624	  7,2460000000e+03	  1,27010e-02	  5,19560e-03
3625	  7,2480000000e+03	  1,09789e-02	  6,71465e-03
3626	  7,2500000000e+03	  1,21081e-02	  7,84260e-03
3627	  7,2520000000e+03	  1,55128e-02	  7,29104e-03
3628	  7,2540000000e+03	  1,33544e-02	  7,27396e-03
3629	  7,2560000000e+03	  1,46825e-02	  7,08993e-03
3630	  7,2580000000e+03	  1,31620e-02	  6,59036e-03
3631	  7,2600000000e+03	  1,54593e-02	  4,30300e-03
3632	  7,2620000000e+03	  1,81635e-02	  3,52085e-03
3633	  7,2640000000e+03	  1,85333e-02	  5,16794e-03
3634	  7,2660000000e+03	  2,00437e-02	  1,07551e-02
3635	  7,2680000000e+03	  2,02801e-02	  1,03076e-02
3636	  7,2700000000e+03	  1,69167e-02	  8,23780e-03
3637	  7,2720000000e+03	  1,58012e-02	  9,49540e-03
3638	  7,2740000000e+03	  1,60222e-02	  8,49587e-03
3639	  7,2760000000e+03	  1,94192e-02	  9,91360e-03
3640	  7,2780000000e+03	  2,08974e-02	  1,10521e-02
3641	  7,2800000000e+03	  2,01021e-02	  7,63681e-03
3642	  7,2820000000e+03	  1,95899e-02	  1,08408e-02
3643	  7,2840000000e+03	  1,84041e-02	  9,84036e-03
3644	  7,2860000000e+03	  2,05741e-02	  1,05603e-02
3645	  7,2880000000e+03	  2,30653e-02	  6,64901e-03
3646	  7,2900000000e+03	  2,06375e-02	  6,40363e-03
3647	  7,2920000000e+03	  1,94353e-02	  7,25529e-03
3648	  7,2940000000e+03	  2,16885e-02	  5,00242e-03
3649	  7,2960000000e+03	  2,33134e-02	  4,88467e-03
3650	  7,2980000000e+03	  2,36631e-02	  4,68594e-03
3651	  7,3000000000e+03	  2,13921e-02	  6,74229e-03
3652	  7,3020000000e+03	  2,29634e-02	  6,38320e-03
3653	  7,3040000000e+03	  2,36063e-02	  8,07036e-03
3654	  7,3060000000e+03	  2,13625e-02	  8,90195e-03
3655	  7,3080000000e+03	  2,50438e-02	  6,15557e-03
3656	  7,3100000000e+03	  2,79894e-02	  1,21987e-03
3657	  7,3120000000e+03	  2,65540e-02	  3,74480e-03
3658	  7,3140000000e+03	  2,67558e-02	  5,25574e-03
3659	  7,3160000000e+03	  2,54634e-02	  4,14087e-03
3660	  7,3180000000e+03	  2,40024e-02	  4,04473e-03
3661	  7,3200000000e+03	  2,46086e-02	  4,08617e-03
3662	  7,3220000000e+03	  2,55404e-02	  4,40135e-03
3663	  7,3240000000e+03	  2,62396e-02	  6,22846e-03
3664	  7,3260000000e+03	  2,53892e-02	  4,29392e-03
3665	  7,3280000000e+03	  2,71283e-02	  3,05774e-03
3666	  7,3300000000e+03	  2,71964e-02	  5,35891e-03
3667	  7,3320000000e+03	  2,60896e-02	  5,21797e-03
3668	  7,3340000000e+03	  2,85873e-02	  3,69944e-03
3669	  7,3360000000e+03	  2,78706e-02	  4,24077e-03
3670	  7,3380000000e+03	  2,86499e-02	  1,07770e-03
3671	  7,3400000000e+03	  2,99613e-02	  3,07719e-04
3672	  7,3420000000e+03	  3,09248e-02	  3,14100e-03
3673	  7,3440000000e+03	  3,45050e-02	  1,09756e-03
3674	  7,3460000000e+03	  3,09398e-02	  8,11247e-04
3675	  7,3480000000e+03	  2,65131e-02	  3,36056e-03
3676	  7,3500000000e+03	  2,94738e-02	  7,75479e-04
3677	  7,3520000000e+03	  3,11533e-02	  9,79231e-04
3678	  7,3540000000e+03	  2,93901e-02	  2,40607e-03
3679	  7,3560000000e+03	  3,05154e-02	  1,59882e-03
3680	  7,3580000000e+03	  3,25547e-02	  6,32191e-04
3681	  7,3600000000e+03	  3,18487e-02	  1,75367e-03
3682	  7,3620000000e+03	  3,31443e-02	  5,30700e-04
3683	  7,3640000000e+03	  3,06491e-02	  2,08187e-03
3684	  7,3660000000e+03	  2,99658e-02	  1,32273e-03
3685	  7,3680000000e+03	  3,10654e-02	 -4,99599e-04
3686	  7,3700000000e+03	  3,01333e-02	 -1,24389e-03
3687	  7,3720000000e+03	  3,14255e-02	 -1,42896e-03
3688	  7,3740000000e+03	  3,23491e-02	 -1,49532e-03
3689	  7,3760000000e+03	  3,20682e-02	 -2,19256e-03
3690	  7,3780000000e+03	  3,09304e-02	 -2,35729e-03
3691	  7,3800000000e+03	  3,15670e-02	 -3,22461e-03
3692	  7,3820000000e+03	  3,12707e-02	 -3,94332e-03
3693	  7,3840000000e+03	  3,17044e-02	 -5,98546e-03
3694	  7,3860000000e+03	  3,23526e-02	 -5,15662e-03
3695	  7,3880000000e+03	  2,99914e-02	 -4,03254e-03
3696	  7,3900000000e+03	  3,03142e-02	 -6,26015e-03
3697	  7,3920000000e+03	  3,24585e-02	 -7,77606e-03
3698	  7,3940000000e+03	  3,49972e-02	 -7,54340e-03
3699	  7,3960000000e+03	  3,55453e-02	 -4,92035e-03
3700	  7,3980000000e+03	  3,43134e-02	 -4,68029e-03
3701	  7,4000000000e+03	  3,04635e-02	 -6,04329e-03
3702	  7,4020000000e+03	  3,07851e-02	 -7,12787e-03
3703	  7,4040000000e+03	  3,33291e-02	 -8,38487e-03
3704	  7,4060000000e+03	  3,34271e-02	 -7,04363e-03
3705	  7,4080000000e+03	  3,04684e-02	 -5,16114e-03
3706	  7,4100000000e+03	  3,15093e-02	 -7,59789e-03
3707	  7,4120000000e+03	  2,94902e-02	 -8,45200e-03
3708	  7,4140000000e+03	  3,06350e-02	 -8,00613e-03
3709	  7,4160000000e+03	  3,20808e-02	 -6,48843e-03
3710	  7,4180000000e+03	  3,54393e-02	 -8,54669e-03
3711	  7,4200000000e+03	  3,55081e-02	 -1,00585e-02
3712	  7,4220000000e+03	  3,54507e-02	 -1,08429e-02
3713	  7,4240000000e+03	  3,58686e-02	 -9,67344e-03
3714	  7,4260000000e+03	  3,64181e-02	 -8,43908e-03
3715	  7,4280000000e+03	  3,65028e-02	 -1,03600e-02
3716	  7,4300000000e+03	  3,50918e-02	 -1,45119e-02
3717	  7,4320000000e+03	  3,67773e-02	 -1,45404e-02
3718	  7,4340000000e+03	  3,71284e-02	 -1,36030e-02
3719	  7,4360000000e+03	  3,60045e-02	 -1,44913e-02
3720	  7,4380000000e+03	  3,46172e-02	 -1,50898e-02
3721	  7,4400000000e+03	  3,41176e-02	 -1,75435e-02
3722	  7,4420000000e+03	  3,41903e-02	 -1,93340e-02
3723	  7,4440000000e+03	  3,62314e-02	 -1,55155e-02
3724	  7,4460000000e+03	  3,57030e-02	 -1,78772e-02
3725	  7,4480000000e+03	  3,39496e-02	 -2,08369e-02
3726	  7,4500000000e+03	  3,45682e-02	 -2,29061e-02
3727	  7,4520000000e+03	  3,74205e-02	 -2,04318e-02
3728	  7,4540000000e+03	  3,46625e-02	 -1,91874e-02
3729	  7,4560000000e+03	  3,52210e-02	 -2,00150e-02
3730	  7,4580000000e+03	  3,52932e-02	 -2,01984e-02
3731	  7,4600000000e+03	  3,50747e-02	 -2,28431e-02
3732	  7,4620000000e+03	  3,48033e-02	 -2,16254e-02
3733	  7,4640000000e+03	  3,33030e-02	 -1,90993e-02
3734	  7,4660000000e+03	  3,20437e-02	 -2,25184e-02
3735	  7,4680000000e+03	  3,11015e-02	 -2,57272e-02
3736	  7,4700000000e+03	  3,25834e-02	 -2,19005e-02
3737	  7,4720000000e+03	  3,00786e-02	 -2,53900e-02
3738	  7,4740000000e+03	  3,17367e-02	 -2,45375e-02
3739	  7,4760000000e+03	  2,96808e-02	 -2,35776e-02
3740	  7,4780000000e+03	  3,44383e-02	 -2,53019e-02
3741	  7,4800000000e+03	  3,70664e-02	 -2,15881e-02
3742	  7,4820000000e+03	  3,48104e-02	 -2,54961e-02
3743	  7,4840000000e+03	  3,32947e-02	 -2,67623e-02
3744	  7,4860000000e+03	  3,51539e-02	 -2,68521e-02
3745	  7,4880000000e+03	  3,34297e-02	 -2,80620e-02
3746	  7,4900000000e+03	  3,21069e-02	 -2,64672e-02
3747	  7,4920000000e+03	  3,39973e-02	 -2,69316e-02
3748	  7,4940000000e+03	  3,39373e-02	 -2,93545e-02
3749	  7,4960000000e+03	  3,25235e-02	 -2,90943e-02
3750	  7,4980000000e+03	  3,22631e-02	 -2,65206e-02
3751	  7,5000000000e+03	  3,16723e-02	 -2,91823e-02
3752	  7,5020000000e+03	  2,79394e-02	 -3,39434e-02
3753	  7,5040000000e+03	  2,64441e-02	 -3,54473e-02
3754	  7,5060000000e+03	  2,65814e-02	 -3,56743e-02
3755	  7,5080000000e+03	  2,94362e-02	 -3,46542e-02
3756	  7,5100000000e+03	  3,00997e-02	 -3,17733e-02
3757	  7,5120000000e+03	  2,77527e-02	 -3,32612e-02
3758	  7,5140000000e+03	  2,73659e-02	 -3,46359e-02
3759	  7,5160000000e+03	  2,94500e-02	 -3,66642e-02
3760	  7,5180000000e+03	  2,65471e-02	 -3,85406e-02
3761	  7,5200000000e+03	  2,70026e-02	 -3,69642e-02
3762	  7,5220000000e+03	  2,75990e-02	 -3,69821e-02
3763	  7,5240000000e+03	  2,64411e-02	 -3,48728e-02
3764	  7,5260000000e+03	  2,38489e-02	 -3,86793e-02
3765	  7,5280000000e+03	  2,42230e-02	 -4,06988e-02
3766	  7,5300000000e+03	  2,31474e-02	 -3,98791e-02
3767	  7,5320000000e+03	  2,31270e-02	 -4,13132e-02
3768	  7,5340000000e+03	  2,35410e-02	 -4,29636e-02
3769	  7,5360000000e+03	  2,42569e-02	 -4,25814e-02
3770	  7,5380000000e+03	  2,31912e-02	 -4,03121e-02
3771	  7,5400000000e+03	  2,07477e-02	 -3,85234e-02
3772	  7,5420000000e+03	  2,02856e-02	 -4,08937e-02
3773	  7,5440000000e+03	  2,11241e-02	 -3,89120e-02
3774	  7,5460000000e+03	  2,22176e-02	 -4,23628e-02
3775	  7,5480000000e+03	  2,10295e-02	 -4,19419e-02
3776	  7,5500000000e+03	  1,75854e-02	 -3,91538e-02
3777	  7,5520000000e+03	  1,61394e-02	 -4,03939e-02
3778	  7,5540000000e+03	  1,19212e-02	 -4,22813e-02
3779	  7,5560000000e+03	  1,44379e-02	 -4,12253e-02
3780	  7,5580000000e+03	  1,60559e-02	 -4,26162e-02
3781	  7,5600000000e+03	  1,65429e-02	 -4,19641e-02
3782	  7,5620000000e+03	  1,38991e-02	 -4,20281e-02
3783	  7,5640000000e+03	  1,66437e-02	 -4,22489e-02
3784	  7,5660000000e+03	  1,42785e-02	 -4,35681e-02
3785	  7,5680000000e+03	  1,37030e-02	 -4,89488e-02
3786	  7,5700000000e+03	  1,41397e-02	 -4,41163e-02
3787	  7,5720000000e+03	  1,21495e-02	 -4,23892e-02
3788	  7,5740000000e+03	  9,22967e-03	 -4,67085e-02
3789	  7,5760000000e+03	  1,04423e-02	 -4,78711e-02
3790	  7,5780000000e+03	  1,16345e-02	 -4,53485e-02
3791	  7,5800000000e+03	  8,01384e-03	 -4,61557e-02
3792	  7,5820000000e+03	  7,20422e-03	 -4,93247e-02
3793	  7,5840000000e+03	  7,87502e-03	 -5,02173e-02
3794	  7,5860000000e+03	  5,50892e-03	 -4,83274e-02
3795	  7,5880000000e+03	  3,72656e-03	 -4,81849e-02
3796	  7,5900000000e+03	  5,99513e-03	 -4,23488e-02
3797	  7,5920000000e+03	  6,14161e-03	 -4,33434e-02
3798	  7,5940000000e+03	  3,16515e-03	 -4,58123e-02
3799	  7,5960000000e+03	  2,35585e-03	 -4,69478e-02
3800	  7,5980000000e+03	 -1,30650e-03	 -4,64352e-02
3801	  7,6000000000e+03	 -2,78296e-03	 -4,50723e-02
3802	  7,6020000000e+03	 -3,31811e-03	 -4,56234e-02
3803	  7,6040000000e+03	 -1,57113e-03	 -4,18612e-02
3804	  7,6060000000e+03	  1,21947e-03	 -4,04254e-02
3805	  7,6080000000e+03	  1,35867e-04	 -4,40159e-02
3806	  7,6100000000e+03	 -1,69306e-03	 -4,36187e-02
3807	  7,6120000000e+03	 -3,17738e-03	 -4,43660e-02
3808	  7,6140000000e+03	 -4,74768e-03	 -4,41278e-02
3809	  7,6160000000e+03	 -3,81328e-03	 -4,47435e-02
3810	  7,6180000000e+03	 -5,90473e-03	 -4,65797e-02
3811	  7,6200000000e+03	 -4,02371e-03	 -4,18860e-02
3812	  7,6220000000e+03	 -1,38013e-03	 -4,15853e-02
3813	  7,6240000000e+03	 -3,41079e-03	 -4,29655e-02
3814	  7,6260000000e+03	 -3,63107e-03	 -4,91038e-02
3815	  7,6280000000e+03	 -3,55301e-03	 -4,66797e-02
3816	  7,6300000000e+03	 -6,67500e-03	 -4,39003e-02
3817	  7,6320000000e+03	 -6,30830e-03	 -4,48364e-02
3818	  7,6340000000e+03	 -6,53559e-03	 -4,09881e-02
3819	  7,6360000000e+03	 -9,48047e-03	 -3,92765e-02
3820	  7,6380000000e+03	 -7,65413e-03	 -4,19933e-02
3821	  7,6400000000e+03	 -3,31771e-03	 -4,53397e-02
3822	  7,6420000000e+03	 -3,53269e-03	 -4,60178e-02
3823	  7,6440000000e+03	 -8,87119e-03	 -4,06044e-02
3824	  7,6460000000e+03	 -7,88648e-03	 -3,98279e-02
3825	  7,6480000000e+03	 -1,02505e-02	 -4,49458e-02
3826	  7,6500000000e+03	 -1,34450e-02	 -4,57867e-02
3827	  7,6520000000e+03	 -1,25854e-02	 -4,00364e-02
3828	  7,6540000000e+03	 -1,02056e-02	 -3,88352e-02
3829	  7,6560000000e+03	 -7,33249e-03	 -3,97022e-02
3830	  7,6580000000e+03	 -1,38344e-02	 -4,21598e-02
3831	  7,6600000000e+03	 -1,16051e-02	 -4,65383e-02
3832	  7,6620000000e+03	 -9,24861e-03	 -4,82452e-02
3833	  7,6640000000e+03	 -1,13888e-02	 -4,74491e-02
3834	  7,6660000000e+03	 -1,35257e-02	 -4,01731e-02
3835	  7,6680000000e+03	 -1,31876e-02	 -3,69376e-02
3836	  7,6700000000e+03	 -1,18926e-02	 -3,55145e-02
3837	  7,6720000000e+03	 -1,53219e-02	 -3,63001e-02
3838	  7,6740000000e+03	 -1,38257e-02	 -3,65078e-02
3839	  7,6760000000e+03	 -1,44853e-02	 -3,77910e-02
3840	  7,6780000000e+03	 -1,43890e-02	 -3,85414e-02
3841	  7,6800000000e+03	 -1,31141e-02	 -3,68743e-02
3842	  7,6820000000e+03	 -1,38640e-02	 -3,66694e-02
3843	  7,6840000000e+03	 -1,72496e-02	 -3,54469e-02
3844	  7,6860000000e+03	 -1,75496e-02	 -3,68885e-02
3845	  7,6880000000e+03	 -1,71584e-02	 -3,49873e-02
3846	  7,6900000000e+03	 -1,45782e-02	 -3,78691e-02
3847	  7,6920000000e+03	 -1,55858e-02	 -3,95534e-02
3848	  7,6940000000e+03	 -1,73325e-02	 -4,15028e-02
3849	  7,6960000000e+03	 -1,82371e-02	 -4,00420e-02
3850	  7,6980000000e+03	 -1,81761e-02	 -3,80152e-02
3851	  7,7000000000e+03	 -1,56058e-02	 -3,48563e-02
3852	  7,7020000000e+03	 -2,29479e-02	 -3,39827e-02
3853	  7,7040000000e+03	 -2,52290e-02	 -3,38638e-02
3854	  7,7060000000e+03	 -2,47131e-02	 -3,38477e-02
3855	  7,7080000000e+03	 -2,17397e-02	 -3,49622e-02
3856	  7,7100000000e+03	 -2,16412e-02	 -3,90509e-02
3857	  7,7120000000e+03	 -2,03614e-02	 -3,91419e-02
3858	  7,7140000000e+03	 -2,04083e-02	 -4,04362e-02
3859	  7,7160000000e+03	 -2,66624e-02	 -4,00018e-02
3860	  7,7180000000e+03	 -3,07860e-02	 -3,67630e-02
3861	  7,7200000000e+03	 -2,97078e-02	 -3,79090e-02
3862	  7,7220000000e+03	 -2,42063e-02	 -3,70833e-02
3863	  7,7240000000e+03	 -2,08744e-02	 -3,47983e-02
3864	  7,7260000000e+03	 -2,57050e-02	 -3,34242e-02
3865	  7,7280000000e+03	 -2,84885e-02	 -3,12100e-02
3866	  7,7300000000e+03	 -3,00089e-02	 -3,18807e-02
3867	  7,7320000000e+03	 -2,93381e-02	 -3,51439e-02
3868	  7,7340000000e+03	 -2,58620e-02	 -3,56276e-02
3869	  7,7360000000e+03	 -2,75714e-02	 -3,39999e-02
3870	  7,7380000000e+03	 -3,23336e-02	 -3,47456e-02
3871	  7,7400000000e+03	 -3,37197e-02	 -3,70311e-02
3872	  7,7420000000e+03	 -3,11368e-02	 -3,42059e-02
3873	  7,7440000000e+03	 -3,10753e-02	 -3,35333e-02
3874	  7,7460000000e+03	 -3,13639e-02	 -3,28781e-02
3875	  7,7480000000e+03	 -3,27534e-02	 -3,25493e-02
3876	  7,7500000000e+03	 -3,18298e-02	 -3,21058e-02
3877	  7,7520000000e+03	 -3,04633e-02	 -2,94568e-02
3878	  7,7540000000e+03	 -3,38350e-02	 -2,83405e-02
3879	  7,7560000000e+03	 -3,53648e-02	 -2,82751e-02
3880	  7,7580000000e+03	 -3,34247e-02	 -2,88299e-02
3881	  7,7600000000e+03	 -3,31729e-02	 -3,02782e-02
3882	  7,7620000000e+03	 -3,46029e-02	 -2,81891e-02
3883	  7,7640000000e+03	 -3,50298e-02	 -2,41158e-02
3884	  7,7660000000e+03	 -3,26072e-02	 -2,31345e-02
3885	  7,7680000000e+03	 -3,28556e-02	 -2,33730e-02
3886	  7,7700000000e+03	 -3,61704e-02	 -2,65998e-02
3887	  7,7720000000e+03	 -3,67027e-02	 -2,33582e-02
3888	  7,7740000000e+03	 -3,30959e-02	 -2,29317e-02
3889	  7,7760000000e+03	 -3,19756e-02	 -2,25638e-02
3890	  7,7780000000e+03	 -3,45869e-02	 -2,24598e-02
3891	  7,7800000000e+03	 -3,35546e-02	 -2,05440e-02
3892	  7,7820000000e+03	 -3,81727e-02	 -2,02834e-02
3893	  7,7840000000e+03	 -4,14466e-02	 -2,12784e-02
3894	  7,7860000000e+03	 -3,91686e-02	 -2,26893e-02
3895	  7,7880000000e+03	 -3,68626e-02	 -2,25609e-02
3896	  7,7900000000e+03	 -3,56132e-02	 -2,25748e-02
3897	  7,7920000000e+03	 -3,83016e-02	 -2,02992e-02
3898	  7,7940000000e+03	 -3,90904e-02	 -2,06765e-02
3899	  7,7960000000e+03	 -4,13059e-02	 -1,79388e-02
3900	  7,7980000000e+03	 -4,08648e-02	 -1,57577e-02
3901	  7,8000000000e+03	 -3,79065e-02	 -1,58709e-02
3902	  7,8020000000e+03	 -4,12070e-02	 -1,20008e-02
3903	  7,8040000000e+03	 -4,45777e-02	 -1,17152e-02
3904	  7,8060000000e+03	 -4,44177e-02	 -1,43720e-02
3905	  7,8080000000e+03	 -4,34558e-02	 -1,16745e-02
3906	  7,8100000000e+03	 -4,09265e-02	 -1,40983e-02
3907	  7,8120000000e+03	 -4,16614e-02	 -1,25239e-02
3908	  7,8140000000e+03	 -4,33736e-02	 -1,41402e-02
3909	  7,8160000000e+03	 -4,24494e-02	 -1,41603e-02
3910	  7,8180000000e+03	 -4,49364e-02	 -1,35120e-02
3911	  7,8200000000e+03	 -4,40091e-02	 -7,85100e-03
3912	  7,8220000000e+03	 -4,29770e-02	 -6,74785e-03
3913	  7,8240000000e+03	 -4,40680e-02	 -7,89766e-03
3914	  7,8260000000e+03	 -4,34433e-02	 -7,69185e-03
3915	  7,8280000000e+03	 -4,29733e-02	 -7,80313e-03
3916	  7,8300000000e+03	 -4,27311e-02	 -6,06719e-03
3917	  7,8320000000e+03	 -4,34849e-02	 -6,27183e-03
3918	  7,8340000000e+03	 -4,30554e-02	 -4,12130e-03
3919	  7,8360000000e+03	 -4,25440e-02	 -2,11650e-03
3920	  7,8380000000e+03	 -4,17067e-02	 -3,62137e-03
3921	  7,8400000000e+03	 -4,32505e-02	 -2,90411e-03
3922	  7,8420000000e+03	 -4,16516e-02	  9,98432e-04
3923	  7,8440000000e+03	 -3,94227e-02	  1,42162e-03
3924	  7,8460000000e+03	 -3,88964e-02	  3,02296e-03
3925	  7,8480000000e+03	 -4,01750e-02	  4,76515e-03
3926	  7,8500000000e+03	 -4,24699e-02	  3,18278e-03
3927	  7,8520000000e+03	 -4,12730e-02	  1,41644e-03
3928	  7,8540000000e+03	 -4,16056e-02	  3,33890e-03
3929	  7,8560000000e+03	 -4,26647e-02	  4,50538e-03
3930	  7,8580000000e+03	 -3,94857e-02	  7,75525e-03
3931	  7,8600000000e+03	 -3,83555e-02	  6,50609e-03
3932	  7,8620000000e+03	 -3,86639e-02	  9,97574e-03
3933	  7,8640000000e+03	 -3,94347e-02	  1,12634e-02
3934	  7,8660000000e+03	 -3,89871e-02	  8,20421e-03
3935	  7,8680000000e+03	 -3,70822e-02	  5,81117e-03
3936	  7,8700000000e+03	 -3,93076e-02	  1,32997e-02
3937	  7,8720000000e+03	 -3,63741e-02	  1,27425e-02
3938	  7,8740000000e+03	 -3,24777e-02	  1,27529e-02
3939	  7,8760000000e+03	 -2,95811e-02	  1,61992e-02
3940	  7,8780000000e+03	 -2,81500e-02	  1,71560e-02
3941	  7,8800000000e+03	 -2,95641e-02	  1,51746e-02
3942	  7,8820000000e+03	 -3,23789e-02	  1,57226e-02
3943	  7,8840000000e+03	 -3,05055e-02	  1,54336e-02
3944	  7,8860000000e+03	 -2,87925e-02	  1,84442e-02
3945	  7,8880000000e+03	 -2,89957e-02	  1,72986e-02
3946	  7,8900000000e+03	 -2,90026e-02	  1,76385e-02
3947	  7,8920000000e+03	 -2,94479e-02	  1,94924e-02
3948	  7,8940000000e+03	 -2,81954e-02	  1,65655e-02
3949	  7,8960000000e+03	 -2,92037e-02	  1,81613e-02
3950	  7,8980000000e+03	 -2,40102e-02	  2,00868e-02
3951	  7,9000000000e+03	 -2,26314e-02	  1,88220e-02
3952	  7,9020000000e+03	 -2,08440e-02	  1,77615e-02
3953	  7,9040000000e+03	 -1,92806e-02	  2,00717e-02
3954	  7,9060000000e+03	 -2,10512e-02	  1,98691e-02
3955	  7,9080000000e+03	 -2,06976e-02	  2,02186e-02
3956	  7,9100000000e+03	 -1,90565e-02	  1,87685e-02
3957	  7,9120000000e+03	 -1,56396e-02	  2,04547e-02
3958	  7,9140000000e+03	 -1,43907e-02	  2,21882e-02
3959	  7,9160000000e+03	 -1,48726e-02	  2,08949e-02
3960	  7,9180000000e+03	 -1,46294e-02	  2,11951e-02
3961	  7,9200000000e+03	 -1,49864e-02	  1,78115e-02
3962	  7,9220000000e+03	 -1,70434e-02	  1,81484e-02
3963	  7,9240000000e+03	 -1,45293e-02	  1,87617e-02
3964	  7,9260000000e+03	 -1,30297e-02	  1,95024e-02
3965	  7,9280000000e+03	 -1,09809e-02	  2,09144e-02
3966	  7,9300000000e+03	 -1,20218e-02	  2,13833e-02
3967	  7,9320000000e+03	 -1,22643e-02	  1,97011e-02
3968	  7,9340000000e+03	 -8,65438e-03	  1,77913e-02
3969	  7,9360000000e+03	 -7,34502e-03	  1,75225e-02
3970	  7,9380000000e+03	 -8,26601e-03	  1,74317e-02
3971	  7,9400000000e+03	 -8,77052e-03	  2,03213e-02
3972	  7,9420000000e+03	 -7,40866e-03	  2,06734e-02
3973	  7,9440000000e+03	 -6,54221e-03	  1,97344e-02
3974	  7,9460000000e+03	 -6,77092e-03	  2,02419e-02
3975	  7,9480000000e+03	 -5,46287e-03	  1,64794e-02
3976	  7,9500000000e+03	 -4,35880e-03	  1,48564e-02
3977	  7,9520000000e+03	 -1,06295e-03	  1,49481e-02
3978	  7,9540000000e+03	 -2,05364e-03	  1,55014e-02
3979	  7,9560000000e+03	 -3,48997e-03	  1,52274e-02
3980	  7,9580000000e+03	 -5,81439e-03	  1,18034e-02
3981	  7,9600000000e+03	 -8,21123e-03	  8,64700e-03
3982	  7,9620000000e+03	 -8,00344e-03	  8,92167e-03
3983	  7,9640000000e+03	 -6,26107e-03	  1,15180e-02
3984	  7,9660000000e+03	 -4,36240e-03	  1,17546e-02
3985	  7,9680000000e+03	 -4,54765e-03	  1,28322e-02
3986	  7,9700000000e+03	 -4,47609e-03	  1,37593e-02
3987	  7,9720000000e+03	 -5,85227e-03	  1,45589e-02
3988	  7,9740000000e+03	 -3,00873e-03	  1,45524e-02
3989	  7,9760000000e+03	 -3,35466e-03	  1,21691e-02
3990	  7,9780000000e+03	 -2,91330e-03	  9,15581e-03
3991	  7,9800000000e+03	 -7,60069e-04	  9,50273e-03
3992	  7,9820000000e+03	 -3,28322e-03	  8,59391e-03
3993	  7,9840000000e+03	 -2,20783e-03	  9,77765e-03
3994	  7,9860000000e+03	 -4,97261e-04	  9,94494e-03
3995	  7,9880000000e+03	 -1,70560e-03	  9,84405e-03
3996	  7,9900000000e+03	 -1,96994e-03	  8,30992e-03
3997	  7,9920000000e+03	 -4,46508e-03	  6,69849e-03
3998	  7,9940000000e+03	 -1,51153e-03	  7,54466e-03
3999	  7,9960000000e+03	 -1,09294e-03	  6,90559e-03
4000	  7,9980000000e+03	 -1,19517e-04	  1,15150e-02
4001	  8,0000000000e+03	  5,85977e-04	  8,45404e-03
4002	  8,0020000000e+03	  1,39498e-03	  5,95036e-03
4003	  8,0040000000e+03	 -2,67212e-03	  5,66442e-03
4004	  8,0060000000e+03	 -2,73907e-03	  6,16629e-03
4005	  8,0080000000e+03	  4,26857e-04	  5,62121e-03
4006	  8,0100000000e+03	 -1,72083e-03	  4,12412e-03
4007	  8,0120000000e+03	 -2,04761e-03	  5,71979e-03
4008	  8,0140000000e+03	 -2,57329e-03	  4,67698e-03
4009	  8,0160000000e+03	 -2,87206e-03	  2,51370e-03
4010	  8,0180000000e+03	 -1,36560e-03	  4,76980e-03
4011	  8,0200000000e+03	  3,50108e-04	  2,66056e-03
4012	  8,0220000000e+03	 -2,51775e-04	  3,18675e-03
4013	  8,0240000000e+03	 -1,67347e-03	  3,63069e-03
4014	  8,0260000000e+03	 -2,84139e-03	  2,47537e-03
4015	  8,0280000000e+03	  2,61333e-04	  2,64002e-03
4016	  8,0300000000e+03	  2,77771e-03	  9,99410e-05
4017	  8,0320000000e+03	  1,37357e-03	 -2,69122e-03
4018	  8,0340000000e+03	 -1,28026e-03	 -2,20699e-03
4019	  8,0360000000e+03	 -1,18717e-03	  1,93979e-03
4020	  8,0380000000e+03	  8,40613e-04	  3,93250e-03
4021	  8,0400000000e+03	 -3,58921e-03	  1,08805e-03
4022	  8,0420000000e+03	 -2,73002e-03	  1,47057e-03
4023	  8,0440000000e+03	 -1,60473e-03	  3,26928e-04
4024	  8,0460000000e+03	 -2,22901e-03	 -4,13308e-03
4025	  8,0480000000e+03	  2,07494e-05	 -1,16946e-03
4026	  8,0500000000e+03	 -1,40669e-05	 -2,72818e-04
4027	  8,0520000000e+03	 -6,19088e-04	  1,12064e-03
4028	  8,0540000000e+03	  5,84276e-04	  7,16279e-04
4029	  8,0560000000e+03	 -2,30033e-03	  6,10429e-05
4030	  8,0580000000e+03	 -5,19481e-03	 -2,16413e-03
4031	  8,0600000000e+03	 -4,37538e-03	 -1,48816e-03
4032	  8,0620000000e+03	 -2,23329e-03	 -4,49751e-04
4033	  8,0640000000e+03	 -3,63596e-03	 -1,87158e-03
4034	  8,0660000000e+03	 -5,92651e-03	 -5,74089e-04
4035	  8,0680000000e+03	 -5,66099e-03	 -6,30255e-04
4036	  8,0700000000e+03	 -3,77481e-03	 -1,49249e-03
4037	  8,0720000000e+03	 -3,71384e-03	 -5,26933e-04
4038	  8,0740000000e+03	 -4,45940e-03	 -3,50858e-03
4039	  8,0760000000e+03	 -3,72431e-03	 -1,63244e-03
4040	  8,0780000000e+03	 -4,90588e-03	  9,88335e-04
4041	  8,0800000000e+03	 -1,05519e-03	  3,62475e-03
4042	  8,0820000000e+03	 -2,19688e-03	  3,87131e-03
4043	  8,0840000000e+03	 -3,73891e-03	  3,16642e-03
4044	  8,0860000000e+03	 -8,26651e-04	  1,42265e-03
4045	  8,0880000000e+03	  1,80108e-03	 -1,26063e-03
4046	  8,0900000000e+03	 -1,09479e-03	 -9,11028e-04
4047	  8,0920000000e+03	 -5,06198e-03	  1,64690e-03
4048	  8,0940000000e+03	 -1,95027e-03	  1,02489e-03
4049	  8,0960000000e+03	 -1,02608e-03	  1,69638e-03
4050	  8,0980000000e+03	 -5,12109e-04	  2,32533e-03
4051	  8,1000000000e+03	  5,09446e-04	 -9,01615e-04
4052	  8,1020000000e+03	 -2,36450e-03	 -5,14770e-03
4053	  8,1040000000e+03	 -2,38396e-03	 -3,09265e-03
4054	  8,1060000000e+03	 -9,49688e-04	 -3,74452e-04
4055	  8,1080000000e+03	 -2,96422e-03	 -2,70066e-03
4056	  8,1100000000e+03	 -2,35045e-03	 -4,46247e-03
4057	  8,1120000000e+03	 -1,80705e-04	 -4,70190e-03
4058	  8,1140000000e+03	 -4,89552e-04	 -3,30735e-03
4059	  8,1160000000e+03	  1,77377e-03	 -2,53053e-03
4060	  8,1180000000e+03	  3,03237e-03	 -1,69092e-03
4061	  8,1200000000e+03	  1,42916e-03	 -2,39815e-03
4062	  8,1220000000e+03	  3,23694e-03	 -5,46503e-03
4063	  8,1240000000e+03	  4,93174e-03	 -7,38679e-03
4064	  8,1260000000e+03	  3,99151e-03	 -5,47424e-03
4065	  8,1280000000e+03	  1,91049e-03	 -6,62544e-03
4066	  8,1300000000e+03	  2,27316e-03	 -5,17513e-03
4067	  8,1320000000e+03	  1,39784e-03	 -5,11800e-03
4068	  8,1340000000e+03	 -2,33609e-04	 -4,84460e-03
4069	  8,1360000000e+03	  9,54350e-04	 -5,17822e-03
4070	  8,1380000000e+03	  2,09518e-03	 -4,86600e-03
4071	  8,1400000000e+03	  1,26325e-03	 -6,70885e-03
4072	  8,1420000000e+03	  5,47643e-04	 -6,45702e-03
4073	  8,1440000000e+03	 -6,33773e-04	 -6,42032e-03
4074	  8,1460000000e+03	  1,62779e-03	 -8,50635e-03
4075	  8,1480000000e+03	  1,99359e-03	 -7,89008e-03
4076	  8,1500000000e+03	 -5,55199e-04	 -6,67241e-03
4077	  8,1520000000e+03	  3,79485e-03	 -7,63046e-03
4078	  8,1540000000e+03	  4,92747e-03	 -1,30329e-02
4079	  8,1560000000e+03	  2,47623e-03	 -1,37997e-02
4080	  8,1580000000e+03	  7,63853e-04	 -1,12600e-02
4081	  8,1600000000e+03	 -4,91229e-04	 -9,05189e-03
4082	  8,1620000000e+03	 -2,41900e-03	 -9,96106e-03
4083	  8,1640000000e+03	 -1,51309e-03	 -1,05760e-02
4084	  8,1660000000e+03	  3,90926e-04	 -1,22844e-02
4085	  8,1680000000e+03	  2,18788e-03	 -1,16095e-02
4086	  8,1700000000e+03	 -1,44510e-03	 -1,00510e-02
4087	  8,1720000000e+03	 -2,44665e-03	 -1,30059e-02
4088	  8,1740000000e+03	 -9,56863e-05	 -1,12390e-02
4089	  8,1760000000e+03	 -1,63958e-03	 -1,20704e-02
4090	  8,1780000000e+03	 -4,98372e-03	 -1,38587e-02
4091	  8,1800000000e+03	 -2,95315e-03	 -1,55482e-02
4092	  8,1820000000e+03	  2,46328e-03	 -1,54835e-02
4093	  8,1840000000e+03	 -1,68438e-05	 -1,65957e-02
4094	  8,1860000000e+03	 -4,80129e-03	 -1,76141e-02
4095	  8,1880000000e+03	 -3,74273e-03	 -1,54648e-02
4096	  8,1900000000e+03	 -3,20073e-03	 -1,62231e-02
4097	  8,1920000000e+03	 -5,27989e-03	 -1,91371e-02
4098	  8,1940000000e+03	 -6,56789e-03	 -1,90025e-02
4099	  8,1960000000e+03	 -7,73447e-03	 -1,64961e-02
4100	  8,1980000000e+03	 -7,14118e-03	 -1,86762e-02
4101	  8,2000000000e+03	 -8,18788e-03	 -1,82328e-02
4102	  8,2020000000e+03	 -6,24056e-03	 -2,28540e-02
4103	  8,2040000000e+03	 -2,72450e-03	 -2,28958e-02
4104	  8,2060000000e+03	 -8,42020e-03	 -2,13199e-02
4105	  8,2080000000e+03	 -1,09179e-02	 -2,34547e-02
4106	  8,2100000000e+03	 -9,02415e-03	 -2,42298e-02
4107	  8,2120000000e+03	 -1,15034e-02	 -2,12030e-02
4108	  8,2140000000e+03	 -1,43695e-02	 -2,20163e-02
4109	  8,2160000000e+03	 -1,69762e-02	 -2,24777e-02
4110	  8,2180000000e+03	 -1,51823e-02	 -2,09821e-02
4111	  8,2200000000e+03	 -1,37163e-02	 -2,24561e-02
4112	  8,2220000000e+03	 -1,61393e-02	 -2,57355e-02
4113	  8,2240000000e+03	 -1,66211e-02	 -2,61115e-02
4114	  8,2260000000e+03	 -1,62231e-02	 -2,52993e-02
4115	  8,2280000000e+03	 -1,86685e-02	 -2,47670e-02
4116	  8,2300000000e+03	 -1,76818e-02	 -2,76422e-02
4117	  8,2320000000e+03	 -1,55852e-02	 -3,06005e-02
4118	  8,2340000000e+03	 -1,77720e-02	 -2,56347e-02
4119	  8,2360000000e+03	 -1,61250e-02	 -2,35120e-02
4120	  8,2380000000e+03	 -1,83348e-02	 -2,37219e-02
4121	  8,2400000000e+03	 -2,31579e-02	 -2,60715e-02
4122	  8,2420000000e+03	 -2,47874e-02	 -2,54446e-02
4123	  8,2440000000e+03	 -2,27838e-02	 -2,64209e-02
4124	  8,2460000000e+03	 -2,43329e-02	 -2,35307e-02
4125	  8,2480000000e+03	 -2,78513e-02	 -2,26083e-02
4126	  8,2500000000e+03	 -2,91805e-02	 -2,24001e-02
4127	  8,2520000000e+03	 -2,95441e-02	 -2,38938e-02
4128	  8,2540000000e+03	 -3,10221e-02	 -2,45276e-02
4129	  8,2560000000e+03	 -3,11202e-02	 -2,38829e-02
4130	  8,2580000000e+03	 -3,03151e-02	 -2,16227e-02
4131	  8,2600000000e+03	 -3,31878e-02	 -2,00332e-02
4132	  8,2620000000e+03	 -3,37638e-02	 -1,66223e-02
4133	  8,2640000000e+03	 -3,35682e-02	 -1,55754e-02
4134	  8,2660000000e+03	 -3,55135e-02	 -1,70483e-02
4135	  8,2680000000e+03	 -3,38900e-02	 -1,48930e-02
4136	  8,2700000000e+03	 -3,20447e-02	 -1,45453e-02
4137	  8,2720000000e+03	 -3,35586e-02	 -1,51043e-02
4138	  8,2740000000e+03	 -3,40915e-02	 -1,26672e-02
4139	  8,2760000000e+03	 -3,74348e-02	 -1,39717e-02
4140	  8,2780000000e+03	 -3,94323e-02	 -1,79853e-02
4141	  8,2800000000e+03	 -4,19413e-02	 -1,63300e-02
4142	  8,2820000000e+03	 -4,22537e-02	 -1,53453e-02
4143	  8,2840000000e+03	 -3,81689e-02	 -1,42656e-02
4144	  8,2860000000e+03	 -4,10698e-02	 -1,14218e-02
4145	  8,2880000000e+03	 -4,44657e-02	 -1,13171e-02
4146	  8,2900000000e+03	 -4,50607e-02	 -1,13295e-02
4147	  8,2920000000e+03	 -4,17721e-02	 -1,02318e-02
4148	  8,2940000000e+03	 -4,08785e-02	 -7,36717e-03
4149	  8,2960000000e+03	 -4,35332e-02	 -5,23654e-03
4150	  8,2980000000e+03	 -4,58551e-02	 -8,91015e-03
4151	  8,3000000000e+03	 -4,66667e-02	 -8,11242e-03
4152	  8,3020000000e+03	 -4,62973e-02	 -6,12315e-03
4153	  8,3040000000e+03	 -4,50510e-02	 -3,35711e-03
4154	  8,3060000000e+03	 -4,29565e-02	 -2,39976e-03
4155	  8,3080000000e+03	 -4,47994e-02	 -1,05817e-03
4156	  8,3100000000e+03	 -4,53904e-02	 -5,99402e-04
4157	  8,3120000000e+03	 -4,71393e-02	  1,12309e-04
4158	  8,3140000000e+03	 -4,86705e-02	  5,89257e-04
4159	  8,3160000000e+03	 -4,84594e-02	 -1,32711e-03
4160	  8,3180000000e+03	 -4,70105e-02	  5,29548e-06
4161	  8,3200000000e+03	 -4,99062e-02	  2,89961e-03
4162	  8,3220000000e+03	 -4,83774e-02	  4,81603e-03
4163	  8,3240000000e+03	 -4,76067e-02	  6,39668e-03
4164	  8,3260000000e+03	 -4,82141e-02	  4,89926e-03
4165	  8,3280000000e+03	 -5,09286e-02	  5,30693e-03
4166	  8,3300000000e+03	 -4,94739e-02	  6,04417e-03
4167	  8,3320000000e+03	 -4,55949e-02	  6,92853e-03
4168	  8,3340000000e+03	 -4,38815e-02	  7,10061e-03
4169	  8,3360000000e+03	 -4,34361e-02	  8,10731e-03
4170	  8,3380000000e+03	 -4,46780e-02	  9,70767e-03
4171	  8,3400000000e+03	 -4,18064e-02	  1,31995e-02
4172	  8,3420000000e+03	 -4,45193e-02	  1,26470e-02
4173	  8,3440000000e+03	 -4,66469e-02	  1,43344e-02
4174	  8,3460000000e+03	 -4,67923e-02	  1,65447e-02
4175	  8,3480000000e+03	 -4,35675e-02	  1,33936e-02
4176	  8,3500000000e+03	 -3,88503e-02	  9,28055e-03
4177	  8,3520000000e+03	 -4,15490e-02	  1,08900e-02
4178	  8,3540000000e+03	 -4,50923e-02	  1,15840e-02
4179	  8,3560000000e+03	 -4,65629e-02	  1,26688e-02
4180	  8,3580000000e+03	 -4,77003e-02	  1,63888e-02
4181	  8,3600000000e+03	 -4,30892e-02	  1,80292e-02
4182	  8,3620000000e+03	 -4,00438e-02	  1,83749e-02
4183	  8,3640000000e+03	 -4,26243e-02	  2,03643e-02
4184	  8,3660000000e+03	 -4,10689e-02	  2,17059e-02
4185	  8,3680000000e+03	 -4,09865e-02	  2,17500e-02
4186	  8,3700000000e+03	 -4,16725e-02	  2,31283e-02
4187	  8,3720000000e+03	 -4,20061e-02	  2,47053e-02
4188	  8,3740000000e+03	 -4,12484e-02	  2,14778e-02
4189	  8,3760000000e+03	 -4,16953e-02	  2,23256e-02
4190	  8,3780000000e+03	 -3,90368e-02	  2,41177e-02
4191	  8,3800000000e+03	 -4,12693e-02	  2,93356e-02
4192	  8,3820000000e+03	 -3,98226e-02	  3,32186e-02
4193	  8,3840000000e+03	 -4,04878e-02	  2,98113e-02
4194	  8,3860000000e+03	 -4,12129e-02	  2,81002e-02
4195	  8,3880000000e+03	 -3,74653e-02	  2,83275e-02
4196	  8,3900000000e+03	 -3,71192e-02	  3,07628e-02
4197	  8,3920000000e+03	 -3,77678e-02	  2,88032e-02
4198	  8,3940000000e+03	 -3,57356e-02	  3,04002e-02
4199	  8,3960000000e+03	 -3,46790e-02	  3,09902e-02
4200	  8,3980000000e+03	 -3,49647e-02	  3,06191e-02
4201	  8,4000000000e+03	 -3,42395e-02	  3,06907e-02
4202	  8,4020000000e+03	 -3,71820e-02	  3,10430e-02
4203	  8,4040000000e+03	 -3,64086e-02	  3,30929e-02
4204	  8,4060000000e+03	 -3,42076e-02	  3,27335e-02
4205	  8,4080000000e+03	 -3,39268e-02	  3,46562e-02
4206	  8,4100000000e+03	 -3,34669e-02	  3,37490e-02
4207	  8,4120000000e+03	 -3,60011e-02	  3,36120e-02
4208	  8,4140000000e+03	 -3,41744e-02	  3,50643e-02
4209	  8,4160000000e+03	 -3,28822e-02	  3,46059e-02
4210	  8,4180000000e+03	 -2,90016e-02	  3,53390e-02
4211	  8,4200000000e+03	 -2,77612e-02	  3,56884e-02
4212	  8,4220000000e+03	 -2,98026e-02	  3,33907e-02
4213	  8,4240000000e+03	 -2,78027e-02	  3,41174e-02
4214	  8,4260000000e+03	 -2,60152e-02	  3,65090e-02
4215	  8,4280000000e+03	 -2,65710e-02	  3,71861e-02
4216	  8,4300000000e+03	 -2,67482e-02	  3,48363e-02
4217	  8,4320000000e+03	 -2,83151e-02	  3,52958e-02
4218	  8,4340000000e+03	 -2,76567e-02	  3,67218e-02
4219	  8,4360000000e+03	 -2,95789e-02	  3,32119e-02
4220	  8,4380000000e+03	 -2,67362e-02	  3,70079e-02
4221	  8,4400000000e+03	 -2,40864e-02	  3,76002e-02
4222	  8,4420000000e+03	 -2,29656e-02	  3,56971e-02
4223	  8,4440000000e+03	 -2,17815e-02	  4,07389e-02
4224	  8,4460000000e+03	 -1,89949e-02	  3,77526e-02
4225	  8,4480000000e+03	 -1,73111e-02	  3,88859e-02
4226	  8,4500000000e+03	 -1,65393e-02	  3,90360e-02
4227	  8,4520000000e+03	 -1,74938e-02	  3,87582e-02
4228	  8,4540000000e+03	 -1,94821e-02	  3,85164e-02
4229	  8,4560000000e+03	 -1,71889e-02	  3,68449e-02
4230	  8,4580000000e+03	 -1,69947e-02	  3,44262e-02
4231	  8,4600000000e+03	 -1,71573e-02	  3,59842e-02
4232	  8,4620000000e+03	 -1,50028e-02	  3,86577e-02
4233	  8,4640000000e+03	 -1,57234e-02	  3,72385e-02
4234	  8,4660000000e+03	 -1,52261e-02	  3,54313e-02
4235	  8,4680000000e+03	 -1,61686e-02	  3,56339e-02
4236	  8,4700000000e+03	 -1,81803e-02	  3,49211e-02
4237	  8,4720000000e+03	 -1,56616e-02	  3,50882e-02
4238	  8,4740000000e+03	 -1,60354e-02	  3,55138e-02
4239	  8,4760000000e+03	 -1,79764e-02	  3,60978e-02
4240	  8,4780000000e+03	 -1,79147e-02	  3,98370e-02
4241	  8,4800000000e+03	 -1,19032e-02	  4,27121e-02
4242	  8,4820000000e+03	 -1,00887e-02	  4,34575e-02
4243	  8,4840000000e+03	 -1,13254e-02	  3,85134e-02
4244	  8,4860000000e+03	 -1,40976e-02	  3,62697e-02
4245	  8,4880000000e+03	 -1,28360e-02	  3,71025e-02
4246	  8,4900000000e+03	 -7,94310e-03	  4,04834e-02
4247	  8,4920000000e+03	 -7,76490e-03	  4,14688e-02
4248	  8,4940000000e+03	 -1,08347e-02	  3,85705e-02
4249	  8,4960000000e+03	 -1,11520e-02	  3,65002e-02
4250	  8,4980000000e+03	 -1,06456e-02	  3,70496e-02
4251	  8,5000000000e+03	 -6,71092e-03	  3,76215e-02
4252	  8,5020000000e+03	 -8,30543e-03	  3,98305e-02
4253	  8,5040000000e+03	 -9,60182e-03	  4,06549e-02
4254	  8,5060000000e+03	 -9,48482e-03	  3,74193e-02
4255	  8,5080000000e+03	 -8,81154e-03	  3,68855e-02
4256	  8,5100000000e+03	 -7,74025e-03	  3,97174e-02
4257	  8,5120000000e+03	 -3,72829e-03	  3,96791e-02
4258	  8,5140000000e+03	 -3,24526e-03	  3,72175e-02
4259	  8,5160000000e+03	 -1,17736e-03	  3,62246e-02
4260	  8,5180000000e+03	 -2,37047e-03	  3,63490e-02
4261	  8,5200000000e+03	 -9,70968e-04	  3,71291e-02
4262	  8,5220000000e+03	 -2,67959e-03	  3,65289e-02
4263	  8,5240000000e+03	 -7,03426e-03	  3,47459e-02
4264	  8,5260000000e+03	 -1,71652e-03	  3,63032e-02
4265	  8,5280000000e+03	 -9,14827e-04	  3,65851e-02
4266	  8,5300000000e+03	 -2,48742e-04	  3,58048e-02
4267	  8,5320000000e+03	  1,98189e-04	  3,75607e-02
4268	  8,5340000000e+03	 -7,71167e-04	  3,36332e-02
4269	  8,5360000000e+03	  2,42612e-04	  3,18887e-02
4270	  8,5380000000e+03	  1,87735e-04	  3,17754e-02
4271	  8,5400000000e+03	  2,81458e-03	  3,29980e-02
4272	  8,5420000000e+03	  1,67089e-03	  2,91605e-02
4273	  8,5440000000e+03	 -6,72928e-04	  3,21001e-02
4274	  8,5460000000e+03	 -2,89083e-03	  3,14715e-02
4275	  8,5480000000e+03	 -3,80194e-03	  3,10035e-02
4276	  8,5500000000e+03	 -2,89999e-03	  3,21148e-02
4277	  8,5520000000e+03	 -5,91312e-04	  3,10470e-02
4278	  8,5540000000e+03	 -4,01558e-05	  3,15088e-02
4279	  8,5560000000e+03	  2,79654e-04	  3,05418e-02
4280	  8,5580000000e+03	  2,18567e-04	  2,84339e-02
4281	  8,5600000000e+03	  5,27280e-04	  2,94753e-02
4282	  8,5620000000e+03	 -3,31099e-03	  2,77176e-02
4283	  8,5640000000e+03	 -4,97641e-03	  2,86399e-02
4284	  8,5660000000e+03	 -2,56954e-03	  2,96446e-02
4285	  8,5680000000e+03	 -2,16388e-03	  3,29962e-02
4286	  8,5700000000e+03	 -3,27796e-03	  3,14597e-02
4287	  8,5720000000e+03	 -1,97598e-03	  3,07189e-02
4288	  8,5740000000e+03	 -1,33234e-03	  2,91991e-02
4289	  8,5760000000e+03	 -6,86401e-04	  2,66126e-02
4290	  8,5780000000e+03	  2,35766e-03	  2,34928e-02
4291	  8,5800000000e+03	  1,85098e-03	  2,82060e-02
4292	  8,5820000000e+03	 -1,59159e-03	  3,00553e-02
4293	  8,5840000000e+03	 -4,94352e-03	  2,44806e-02
4294	  8,5860000000e+03	 -7,40817e-04	  2,73903e-02
4295	  8,5880000000e+03	 -2,81348e-03	  3,17562e-02
4296	  8,5900000000e+03	  3,98291e-04	  3,15942e-02
4297	  8,5920000000e+03	 -6,53689e-04	  3,16843e-02
4298	  8,5940000000e+03	 -1,37231e-03	  3,09312e-02
4299	  8,5960000000e+03	  2,02548e-03	  2,94441e-02
4300	  8,5980000000e+03	  1,76368e-04	  3,28278e-02
4301	  8,6000000000e+03	  4,72561e-04	  3,15030e-02
4302	  8,6020000000e+03	  3,00303e-03	  2,99895e-02
4303	  8,6040000000e+03	  5,77045e-03	  2,86733e-02
4304	  8,6060000000e+03	  4,32222e-03	  3,38164e-02
4305	  8,6080000000e+03	  7,01466e-04	  3,42781e-02
4306	  8,6100000000e+03	  4,46776e-05	  3,47789e-02
4307	  8,6120000000e+03	  1,09663e-03	  2,98146e-02
4308	  8,6140000000e+03	  3,72669e-03	  2,94509e-02
4309	  8,6160000000e+03	  3,03255e-03	  3,21980e-02
4310	  8,6180000000e+03	  3,42113e-03	  3,00677e-02
4311	  8,6200000000e+03	  5,80289e-04	  2,86146e-02
4312	  8,6220000000e+03	 -5,50135e-04	  3,19040e-02
4313	  8,6240000000e+03	  1,44517e-03	  3,17214e-02
4314	  8,6260000000e+03	  2,86304e-03	  3,25995e-02
4315	  8,6280000000e+03	  2,75290e-03	  3,17261e-02
4316	  8,6300000000e+03	 -6,46085e-06	  2,85775e-02
4317	  8,6320000000e+03	  1,78901e-03	  2,75983e-02
4318	  8,6340000000e+03	  2,25881e-03	  2,91410e-02
4319	  8,6360000000e+03	  9,96892e-05	  3,04788e-02
4320	  8,6380000000e+03	 -2,21725e-03	  3,03437e-02
4321	  8,6400000000e+03	  2,47909e-03	  2,87857e-02
4322	  8,6420000000e+03	  6,80982e-03	  2,60167e-02
4323	  8,6440000000e+03	  5,95514e-03	  2,66789e-02
4324	  8,6460000000e+03	  7,84743e-03	  2,86659e-02
4325	  8,6480000000e+03	  7,00393e-03	  2,80636e-02
4326	  8,6500000000e+03	  4,36620e-03	  2,87332e-02
4327	  8,6520000000e+03	  2,14411e-03	  3,32991e-02
4328	  8,6540000000e+03	  3,49698e-03	  3,38642e-02
4329	  8,6560000000e+03	  1,61177e-03	  2,89778e-02
4330	  8,6580000000e+03	  4,80233e-03	  2,96236e-02
4331	  8,6600000000e+03	  4,54269e-03	  2,69477e-02
4332	  8,6620000000e+03	  1,44404e-03	  2,59548e-02
4333	  8,6640000000e+03	  8,91264e-04	  2,90893e-02
4334	  8,6660000000e+03	 -8,32502e-04	  2,74556e-02
4335	  8,6680000000e+03	 -1,44024e-03	  2,48213e-02
4336	  8,6700000000e+03	  3,32813e-03	  2,49817e-02
4337	  8,6720000000e+03	  2,89689e-03	  2,44959e-02
4338	  8,6740000000e+03	  9,40315e-04	  2,58731e-02
4339	  8,6760000000e+03	  5,12582e-04	  3,18669e-02
4340	  8,6780000000e+03	  3,32309e-04	  2,96900e-02
4341	  8,6800000000e+03	 -6,05424e-04	  2,94764e-02
4342	  8,6820000000e+03	 -6,75178e-04	  2,83301e-02
4343	  8,6840000000e+03	 -1,78710e-03	  2,45662e-02
4344	  8,6860000000e+03	 -1,43538e-03	  2,59770e-02
4345	  8,6880000000e+03	 -4,74635e-03	  3,13103e-02
4346	  8,6900000000e+03	 -3,01884e-03	  3,12303e-02
4347	  8,6920000000e+03	 -4,85055e-03	  2,66669e-02
4348	  8,6940000000e+03	 -5,17322e-03	  2,74516e-02
4349	  8,6960000000e+03	 -2,14288e-03	  3,08535e-02
4350	  8,6980000000e+03	 -2,37235e-03	  3,45361e-02
4351	  8,7000000000e+03	 -2,14270e-03	  3,55697e-02
4352	  8,7020000000e+03	 -3,47526e-03	  3,39193e-02
4353	  8,7040000000e+03	 -6,36953e-04	  3,11678e-02
4354	  8,7060000000e+03	  1,43749e-03	  3,36148e-02
4355	  8,7080000000e+03	 -5,21307e-04	  3,56266e-02
4356	  8,7100000000e+03	 -4,25547e-04	  3,59986e-02
4357	  8,7120000000e+03	  2,98961e-03	  3,79324e-02
4358	  8,7140000000e+03	  1,67650e-03	  3,73093e-02
4359	  8,7160000000e+03	  2,51854e-03	  3,65309e-02
4360	  8,7180000000e+03	  2,82801e-03	  3,74700e-02
4361	  8,7200000000e+03	  3,01995e-03	  3,64478e-02
4362	  8,7220000000e+03	  1,38849e-03	  4,03537e-02
4363	  8,7240000000e+03	 -1,15401e-03	  4,20768e-02
4364	  8,7260000000e+03	  9,06464e-05	  3,91307e-02
4365	  8,7280000000e+03	  2,23785e-03	  3,90553e-02
4366	  8,7300000000e+03	  2,76325e-03	  3,79436e-02
4367	  8,7320000000e+03	  2,06645e-03	  3,89961e-02
4368	  8,7340000000e+03	  2,86519e-03	  3,80743e-02
4369	  8,7360000000e+03	  2,72595e-03	  3,65030e-02
4370	  8,7380000000e+03	  2,46998e-03	  3,70202e-02
4371	  8,7400000000e+03	  3,55535e-03	  3,80886e-02
4372	  8,7420000000e+03	  3,64681e-03	  4,10990e-02
4373	  8,7440000000e+03	  2,54769e-03	  4,05023e-02
4374	  8,7460000000e+03	  3,07961e-03	  3,98368e-02
4375	  8,7480000000e+03	  1,73931e-03	  4,04504e-02
4376	  8,7500000000e+03	  3,51835e-03	  4,16661e-02
4377	  8,7520000000e+03	  3,30809e-03	  4,19224e-02
4378	  8,7540000000e+03	  2,04409e-03	  4,08567e-02
4379	  8,7560000000e+03	  7,33476e-04	  4,36064e-02
4380	  8,7580000000e+03	  2,50319e-03	  4,55958e-02
4381	  8,7600000000e+03	  2,33367e-03	  4,51797e-02
4382	  8,7620000000e+03	  3,83173e-03	  4,37569e-02
4383	  8,7640000000e+03	  4,88401e-03	  4,12992e-02
4384	  8,7660000000e+03	  5,06410e-03	  4,07739e-02
4385	  8,7680000000e+03	  4,68546e-03	  4,12532e-02
4386	  8,7700000000e+03	  4,29761e-03	  4,48636e-02
4387	  8,7720000000e+03	  4,48366e-03	  4,63404e-02
4388	  8,7740000000e+03	  8,46665e-03	  4,52722e-02
4389	  8,7760000000e+03	  1,01127e-02	  4,39447e-02
4390	  8,7780000000e+03	  8,11420e-03	  4,42046e-02
4391	  8,7800000000e+03	  6,86126e-03	  4,47009e-02
4392	  8,7820000000e+03	  8,98137e-03	  4,56004e-02
4393	  8,7840000000e+03	  7,64298e-03	  4,85852e-02
4394	  8,7860000000e+03	  6,10679e-03	  5,19665e-02
4395	  8,7880000000e+03	  8,33142e-03	  4,81610e-02
4396	  8,7900000000e+03	  7,31168e-03	  4,68259e-02
4397	  8,7920000000e+03	  6,13902e-03	  4,94621e-02
4398	  8,7940000000e+03	  1,45797e-02	  5,08431e-02
4399	  8,7960000000e+03	  1,66994e-02	  4,60275e-02
4400	  8,7980000000e+03	  1,19369e-02	  5,23231e-02
4401	  8,8000000000e+03	  9,96910e-03	  5,63208e-02
4402	  8,8020000000e+03	  9,92583e-03	  5,33399e-02
4403	  8,8040000000e+03	  1,31997e-02	  5,39592e-02
4404	  8,8060000000e+03	  1,24212e-02	  5,30567e-02
4405	  8,8080000000e+03	  1,24145e-02	  5,43607e-02
4406	  8,8100000000e+03	  1,11411e-02	  5,26525e-02
4407	  8,8120000000e+03	  1,36508e-02	  5,34638e-02
4408	  8,8140000000e+03	  1,54864e-02	  5,59206e-02
4409	  8,8160000000e+03	  1,70532e-02	  5,38148e-02
4410	  8,8180000000e+03	  1,97495e-02	  5,68777e-02
4411	  8,8200000000e+03	  2,21626e-02	  6,07764e-02
4412	  8,8220000000e+03	  2,07430e-02	  5,90138e-02
4413	  8,8240000000e+03	  1,96311e-02	  5,85244e-02
4414	  8,8260000000e+03	  2,38424e-02	  5,89445e-02
4415	  8,8280000000e+03	  2,47441e-02	  5,66132e-02
4416	  8,8300000000e+03	  2,89203e-02	  5,34792e-02
4417	  8,8320000000e+03	  2,87749e-02	  5,55477e-02
4418	  8,8340000000e+03	  2,96840e-02	  5,73403e-02
4419	  8,8360000000e+03	  3,10055e-02	  5,68185e-02
4420	  8,8380000000e+03	  3,33227e-02	  5,79744e-02
4421	  8,8400000000e+03	  3,23562e-02	  5,95902e-02
4422	  8,8420000000e+03	  3,45097e-02	  5,75099e-02
4423	  8,8440000000e+03	  3,42118e-02	  5,22587e-02
4424	  8,8460000000e+03	  3,02422e-02	  5,42606e-02
4425	  8,8480000000e+03	  2,91290e-02	  5,62761e-02
4426	  8,8500000000e+03	  3,30984e-02	  5,72237e-02
4427	  8,8520000000e+03	  3,59803e-02	  5,49120e-02
4428	  8,8540000000e+03	  3,68449e-02	  5,41900e-02
4429	  8,8560000000e+03	  3,69362e-02	  5,40110e-02
4430	  8,8580000000e+03	  3,81352e-02	  5,12945e-02
4431	  8,8600000000e+03	  3,92499e-02	  5,30232e-02
4432	  8,8620000000e+03	  4,07852e-02	  5,15534e-02
4433	  8,8640000000e+03	  4,02567e-02	  5,16025e-02
4434	  8,8660000000e+03	  3,74969e-02	  5,27324e-02
4435	  8,8680000000e+03	  3,83968e-02	  5,37655e-02
4436	  8,8700000000e+03	  4,06793e-02	  5,31370e-02
4437	  8,8720000000e+03	  4,12859e-02	  5,32570e-02
4438	  8,8740000000e+03	  4,18545e-02	  4,80281e-02
4439	  8,8760000000e+03	  4,66776e-02	  4,57022e-02
4440	  8,8780000000e+03	  4,74725e-02	  5,00001e-02
4441	  8,8800000000e+03	  4,67519e-02	  4,92644e-02
4442	  8,8820000000e+03	  4,80894e-02	  4,63967e-02
4443	  8,8840000000e+03	  5,13769e-02	  4,75707e-02
4444	  8,8860000000e+03	  4,93301e-02	  5,07576e-02
4445	  8,8880000000e+03	  4,88837e-02	  5,14052e-02
4446	  8,8900000000e+03	  4,95068e-02	  5,05429e-02
4447	  8,8920000000e+03	  4,88385e-02	  5,06575e-02
4448	  8,8940000000e+03	  4,99107e-02	  5,02429e-02
4449	  8,8960000000e+03	  5,17897e-02	  4,95130e-02
4450	  8,8980000000e+03	  5,61623e-02	  4,80043e-02
4451	  8,9000000000e+03	  5,97524e-02	  4,90270e-02
4452	  8,9020000000e+03	  5,48334e-02	  4,76841e-02
4453	  8,9040000000e+03	  5,13936e-02	  4,64957e-02
4454	  8,9060000000e+03	  5,69514e-02	  4,53029e-02
4455	  8,9080000000e+03	  6,03171e-02	  4,58701e-02
4456	  8,9100000000e+03	  5,94112e-02	  4,63025e-02
4457	  8,9120000000e+03	  5,96260e-02	  4,95166e-02
4458	  8,9140000000e+03	  6,11214e-02	  4,55636e-02
4459	  8,9160000000e+03	  5,82058e-02	  4,36162e-02
4460	  8,9180000000e+03	  5,85845e-02	  4,34409e-02
4461	  8,9200000000e+03	  6,05426e-02	  4,26737e-02
4462	  8,9220000000e+03	  6,36696e-02	  3,96163e-02
4463	  8,9240000000e+03	  6,37078e-02	  4,33716e-02
4464	  8,9260000000e+03	  6,62364e-02	  4,77887e-02
4465	  8,9280000000e+03	  6,58250e-02	  4,37339e-02
4466	  8,9300000000e+03	  6,68153e-02	  4,38072e-02
4467	  8,9320000000e+03	  6,78099e-02	  4,36308e-02
4468	  8,9340000000e+03	  6,68383e-02	  4,17537e-02
4469	  8,9360000000e+03	  7,24496e-02	  3,99895e-02
4470	  8,9380000000e+03	  7,04061e-02	  3,99690e-02
4471	  8,9400000000e+03	  6,64099e-02	  3,82672e-02
4472	  8,9420000000e+03	  6,91644e-02	  3,65875e-02
4473	  8,9440000000e+03	  7,06710e-02	  3,48347e-02
4474	  8,9460000000e+03	  7,21051e-02	  3,58318e-02
4475	  8,9480000000e+03	  7,21978e-02	  3,54884e-02
4476	  8,9500000000e+03	  7,16601e-02	  3,37380e-02
4477	  8,9520000000e+03	  7,28299e-02	  3,62033e-02
4478	  8,9540000000e+03	  7,16988e-02	  3,48856e-02
4479	  8,9560000000e+03	  7,06233e-02	  3,38876e-02
4480	  8,9580000000e+03	  7,10503e-02	  3,29370e-02
4481	  8,9600000000e+03	  7,69867e-02	  3,11184e-02
4482	  8,9620000000e+03	  7,92572e-02	  3,13441e-02
4483	  8,9640000000e+03	  7,88260e-02	  3,20477e-02
4484	  8,9660000000e+03	  7,58799e-02	  3,10021e-02
4485	  8,9680000000e+03	  7,48713e-02	  3,07542e-02
4486	  8,9700000000e+03	  7,67885e-02	  3,26159e-02
4487	  8,9720000000e+03	  7,80309e-02	  2,95793e-02
4488	  8,9740000000e+03	  7,77659e-02	  2,90225e-02
4489	  8,9760000000e+03	  8,13485e-02	  2,54954e-02
4490	  8,9780000000e+03	  8,43078e-02	  2,55741e-02
4491	  8,9800000000e+03	  8,47748e-02	  2,41531e-02
4492	  8,9820000000e+03	  8,52127e-02	  2,49312e-02
4493	  8,9840000000e+03	  8,39798e-02	  2,23821e-02
4494	  8,9860000000e+03	  8,21049e-02	  2,01914e-02
4495	  8,9880000000e+03	  8,75248e-02	  1,92753e-02
4496	  8,9900000000e+03	  8,73339e-02	  2,03953e-02
4497	  8,9920000000e+03	  8,45638e-02	  1,79362e-02
4498	  8,9940000000e+03	  8,39053e-02	  1,67481e-02
4499	  8,9960000000e+03	  8,39234e-02	  1,79613e-02
4500	  8,9980000000e+03	  8,46202e-02	  1,40153e-02
4501	  9,0000000000e+03	  8,65337e-02	  1,30042e-02
4502	  9,0020000000e+03	  8,85105e-02	  1,09592e-02
4503	  9,0040000000e+03	  8,78040e-02	  1,34638e-02
4504	  9,0060000000e+03	  8,97785e-02	  1,02312e-02
4505	  9,0080000000e+03	  9,05088e-02	  9,71999e-03
4506	  9,0100000000e+03	  9,06627e-02	  6,77248e-03
4507	  9,0120000000e+03	  8,77730e-02	  5,13206e-03
4508	  9,0140000000e+03	  8,71060e-02	  5,39540e-03
4509	  9,0160000000e+03	  8,59609e-02	  6,39354e-03
4510	  9,0180000000e+03	  8,94271e-02	  7,14072e-03
4511	  9,0200000000e+03	  8,97070e-02	  5,39282e-03
4512	  9,0220000000e+03	  8,85813e-02	  2,61885e-03
4513	  9,0240000000e+03	  8,85779e-02	  3,84805e-03
4514	  9,0260000000e+03	  8,65897e-02	 -9,48123e-05
4515	  9,0280000000e+03	  8,67298e-02	 -2,03582e-03
4516	  9,0300000000e+03	  8,79973e-02	  2,49829e-03
4517	  9,0320000000e+03	  8,78805e-02	  1,51001e-03
4518	  9,0340000000e+03	  9,06316e-02	 -2,05419e-03
4519	  9,0360000000e+03	  9,32134e-02	 -4,74598e-03
4520	  9,0380000000e+03	  9,57038e-02	 -4,85822e-03
4521	  9,0400000000e+03	  9,69945e-02	 -6,71403e-03
4522	  9,0420000000e+03	  9,34083e-02	 -6,80165e-03
4523	  9,0440000000e+03	  9,01719e-02	 -8,77282e-03
4524	  9,0460000000e+03	  8,69671e-02	 -1,08774e-02
4525	  9,0480000000e+03	  8,88775e-02	 -1,24358e-02
4526	  9,0500000000e+03	  9,13465e-02	 -1,20418e-02
4527	  9,0520000000e+03	  8,71649e-02	 -1,22892e-02
4528	  9,0540000000e+03	  8,63596e-02	 -1,31096e-02
4529	  9,0560000000e+03	  8,49366e-02	 -1,66497e-02
4530	  9,0580000000e+03	  8,41825e-02	 -1,72461e-02
4531	  9,0600000000e+03	  8,63505e-02	 -1,60304e-02
4532	  9,0620000000e+03	  8,78725e-02	 -1,63098e-02
4533	  9,0640000000e+03	  8,72841e-02	 -1,78956e-02
4534	  9,0660000000e+03	  8,75634e-02	 -1,69508e-02
4535	  9,0680000000e+03	  8,55095e-02	 -1,53343e-02
4536	  9,0700000000e+03	  8,66299e-02	 -1,59429e-02
4537	  9,0720000000e+03	  8,94913e-02	 -1,75869e-02
4538	  9,0740000000e+03	  9,17331e-02	 -1,75981e-02
4539	  9,0760000000e+03	  9,09016e-02	 -1,53143e-02
4540	  9,0780000000e+03	  9,17539e-02	 -1,63219e-02
4541	  9,0800000000e+03	  9,34615e-02	 -1,86087e-02
4542	  9,0820000000e+03	  9,25421e-02	 -2,34713e-02
4543	  9,0840000000e+03	  9,29043e-02	 -2,50831e-02
4544	  9,0860000000e+03	  9,09605e-02	 -3,07095e-02
4545	  9,0880000000e+03	  9,03079e-02	 -2,91557e-02
4546	  9,0900000000e+03	  9,23880e-02	 -2,48320e-02
4547	  9,0920000000e+03	  9,52154e-02	 -2,54346e-02
4548	  9,0940000000e+03	  9,74812e-02	 -2,80650e-02
4549	  9,0960000000e+03	  9,25230e-02	 -3,34958e-02
4550	  9,0980000000e+03	  9,37081e-02	 -3,50077e-02
4551	  9,1000000000e+03	  9,40569e-02	 -3,47172e-02
4552	  9,1020000000e+03	  8,98106e-02	 -3,53615e-02
4553	  9,1040000000e+03	  9,26354e-02	 -3,81120e-02
4554	  9,1060000000e+03	  9,32674e-02	 -4,04829e-02
4555	  9,1080000000e+03	  9,09047e-02	 -4,33079e-02
4556	  9,1100000000e+03	  8,84248e-02	 -4,45077e-02
4557	  9,1120000000e+03	  9,17673e-02	 -4,14481e-02
4558	  9,1140000000e+03	  8,94541e-02	 -4,55878e-02
4559	  9,1160000000e+03	  8,72008e-02	 -4,81467e-02
4560	  9,1180000000e+03	  8,75718e-02	 -4,69959e-02
4561	  9,1200000000e+03	  8,61447e-02	 -4,80446e-02
4562	  9,1220000000e+03	  8,56526e-02	 -5,10822e-02
4563	  9,1240000000e+03	  8,95059e-02	 -5,00247e-02
4564	  9,1260000000e+03	  8,60486e-02	 -4,78867e-02
4565	  9,1280000000e+03	  8,33299e-02	 -5,15184e-02
4566	  9,1300000000e+03	  8,46232e-02	 -5,19705e-02
4567	  9,1320000000e+03	  8,44006e-02	 -5,21673e-02
4568	  9,1340000000e+03	  8,16536e-02	 -5,15711e-02
4569	  9,1360000000e+03	  8,34340e-02	 -5,26501e-02
4570	  9,1380000000e+03	  8,36872e-02	 -5,18177e-02
4571	  9,1400000000e+03	  8,31375e-02	 -5,27837e-02
4572	  9,1420000000e+03	  7,91168e-02	 -5,59560e-02
4573	  9,1440000000e+03	  8,09374e-02	 -5,63269e-02
4574	  9,1460000000e+03	  8,25161e-02	 -5,67943e-02
4575	  9,1480000000e+03	  8,09408e-02	 -5,88844e-02
4576	  9,1500000000e+03	  7,69556e-02	 -6,09072e-02
4577	  9,1520000000e+03	  7,94598e-02	 -6,04827e-02
4578	  9,1540000000e+03	  8,08086e-02	 -6,13325e-02
4579	  9,1560000000e+03	  8,00058e-02	 -6,22796e-02
4580	  9,1580000000e+03	  7,90800e-02	 -6,30980e-02
4581	  9,1600000000e+03	  7,74917e-02	 -6,33707e-02
4582	  9,1620000000e+03	  7,98961e-02	 -6,54538e-02
4583	  9,1640000000e+03	  7,63669e-02	 -6,47074e-02
4584	  9,1660000000e+03	  7,49835e-02	 -6,35941e-02
4585	  9,1680000000e+03	  7,45765e-02	 -6,38905e-02
4586	  9,1700000000e+03	  7,56183e-02	 -6,75344e-02
4587	  9,1720000000e+03	  7,61297e-02	 -6,71598e-02
4588	  9,1740000000e+03	  7,49886e-02	 -6,56942e-02
4589	  9,1760000000e+03	  7,54792e-02	 -6,68074e-02
4590	  9,1780000000e+03	  7,45558e-02	 -6,90073e-02
4591	  9,1800000000e+03	  7,62983e-02	 -6,86778e-02
4592	  9,1820000000e+03	  7,10349e-02	 -6,90642e-02
4593	  9,1840000000e+03	  7,03096e-02	 -7,14404e-02
4594	  9,1860000000e+03	  7,54140e-02	 -7,25357e-02
4595	  9,1880000000e+03	  7,38595e-02	 -7,19177e-02
4596	  9,1900000000e+03	  7,39918e-02	 -6,92337e-02
4597	  9,1920000000e+03	  7,49596e-02	 -7,06885e-02
4598	  9,1940000000e+03	  7,45277e-02	 -7,28309e-02
4599	  9,1960000000e+03	  7,47627e-02	 -7,45996e-02
4600	  9,1980000000e+03	  7,32254e-02	 -7,67620e-02
4601	  9,2000000000e+03	  7,06489e-02	 -7,68398e-02
4602	  9,2020000000e+03	  7,05085e-02	 -7,65377e-02
4603	  9,2040000000e+03	  7,20942e-02	 -7,70841e-02
4604	  9,2060000000e+03	  7,16166e-02	 -8,11254e-02
4605	  9,2080000000e+03	  7,06350e-02	 -8,52095e-02
4606	  9,2100000000e+03	  7,21518e-02	 -8,48558e-02
4607	  9,2120000000e+03	  7,22727e-02	 -8,50471e-02
4608	  9,2140000000e+03	  6,93945e-02	 -8,65630e-02
4609	  9,2160000000e+03	  6,70213e-02	 -8,90509e-02
4610	  9,2180000000e+03	  7,02415e-02	 -8,75402e-02
4611	  9,2200000000e+03	  6,99743e-02	 -8,75020e-02
4612	  9,2220000000e+03	  6,48722e-02	 -9,13169e-02
4613	  9,2240000000e+03	  6,42712e-02	 -9,24088e-02
4614	  9,2260000000e+03	  6,63646e-02	 -9,45586e-02
4615	  9,2280000000e+03	  6,43281e-02	 -9,90583e-02
4616	  9,2300000000e+03	  6,53692e-02	 -9,73062e-02
4617	  9,2320000000e+03	  6,70198e-02	 -9,81192e-02
4618	  9,2340000000e+03	  6,63049e-02	 -1,02523e-01
4619	  9,2360000000e+03	  6,05821e-02	 -1,03587e-01
4620	  9,2380000000e+03	  6,09636e-02	 -1,03102e-01
4621	  9,2400000000e+03	  6,34843e-02	 -1,01405e-01
4622	  9,2420000000e+03	  6,11203e-02	 -1,03731e-01
4623	  9,2440000000e+03	  5,60171e-02	 -1,05256e-01
4624	  9,2460000000e+03	  5,17799e-02	 -1,04165e-01
4625	  9,2480000000e+03	  5,09386e-02	 -1,06425e-01
4626	  9,2500000000e+03	  5,06866e-02	 -1,09323e-01
4627	  9,2520000000e+03	  5,19885e-02	 -1,10552e-01
4628	  9,2540000000e+03	  5,33090e-02	 -1,11152e-01
4629	  9,2560000000e+03	  4,88126e-02	 -1,12656e-01
4630	  9,2580000000e+03	  4,33096e-02	 -1,11152e-01
4631	  9,2600000000e+03	  4,16532e-02	 -1,08880e-01
4632	  9,2620000000e+03	  3,99055e-02	 -1,12297e-01
4633	  9,2640000000e+03	  4,04147e-02	 -1,12148e-01
4634	  9,2660000000e+03	  4,24432e-02	 -1,10366e-01
4635	  9,2680000000e+03	  4,29945e-02	 -1,13971e-01
4636	  9,2700000000e+03	  4,08654e-02	 -1,17642e-01
4637	  9,2720000000e+03	  4,05259e-02	 -1,18286e-01
4638	  9,2740000000e+03	  3,96042e-02	 -1,17980e-01
4639	  9,2760000000e+03	  3,52005e-02	 -1,17620e-01
4640	  9,2780000000e+03	  3,50019e-02	 -1,19393e-01
4641	  9,2800000000e+03	  3,68727e-02	 -1,21913e-01
4642	  9,2820000000e+03	  3,41535e-02	 -1,20385e-01
4643	  9,2840000000e+03	  3,26568e-02	 -1,21350e-01
4644	  9,2860000000e+03	  3,33257e-02	 -1,24514e-01
4645	  9,2880000000e+03	  3,02550e-02	 -1,26177e-01
4646	  9,2900000000e+03	  2,99602e-02	 -1,22255e-01
4647	  9,2920000000e+03	  2,95974e-02	 -1,22357e-01
4648	  9,2940000000e+03	  3,01546e-02	 -1,22618e-01
4649	  9,2960000000e+03	  2,92913e-02	 -1,23189e-01
4650	  9,2980000000e+03	  2,87988e-02	 -1,24203e-01
4651	  9,3000000000e+03	  2,42066e-02	 -1,25602e-01
4652	  9,3020000000e+03	  2,10590e-02	 -1,27085e-01
4653	  9,3040000000e+03	  2,14979e-02	 -1,26873e-01
4654	  9,3060000000e+03	  1,92253e-02	 -1,27997e-01
4655	  9,3080000000e+03	  1,80263e-02	 -1,28914e-01
4656	  9,3100000000e+03	  1,95967e-02	 -1,28120e-01
4657	  9,3120000000e+03	  1,82375e-02	 -1,29857e-01
4658	  9,3140000000e+03	  1,58406e-02	 -1,29248e-01
4659	  9,3160000000e+03	  1,56288e-02	 -1,28157e-01
4660	  9,3180000000e+03	  1,29341e-02	 -1,31173e-01
4661	  9,3200000000e+03	  1,28005e-02	 -1,33888e-01
4662	  9,3220000000e+03	  8,03107e-03	 -1,31936e-01
4663	  9,3240000000e+03	  6,71229e-03	 -1,34665e-01
4664	  9,3260000000e+03	  6,02691e-03	 -1,39341e-01
4665	  9,3280000000e+03	  7,97779e-04	 -1,35973e-01
4666	  9,3300000000e+03	  8,39931e-05	 -1,33417e-01
4667	  9,3320000000e+03	  7,56302e-04	 -1,33323e-01
4668	  9,3340000000e+03	  5,20536e-04	 -1,32245e-01
4669	  9,3360000000e+03	 -1,32067e-03	 -1,35200e-01
4670	  9,3380000000e+03	 -2,82609e-03	 -1,41000e-01
4671	  9,3400000000e+03	 -6,32754e-03	 -1,40240e-01
4672	  9,3420000000e+03	 -7,44018e-03	 -1,38305e-01
4673	  9,3440000000e+03	 -9,85919e-03	 -1,38230e-01
4674	  9,3460000000e+03	 -1,57522e-02	 -1,36461e-01
4675	  9,3480000000e+03	 -1,67135e-02	 -1,35327e-01
4676	  9,3500000000e+03	 -1,39558e-02	 -1,34554e-01
4677	  9,3520000000e+03	 -1,74535e-02	 -1,37610e-01
4678	  9,3540000000e+03	 -1,95867e-02	 -1,41254e-01
4679	  9,3560000000e+03	 -2,01087e-02	 -1,40248e-01
4680	  9,3580000000e+03	 -2,30910e-02	 -1,40558e-01
4681	  9,3600000000e+03	 -2,68300e-02	 -1,42524e-01
4682	  9,3620000000e+03	 -2,37518e-02	 -1,42800e-01
4683	  9,3640000000e+03	 -2,69430e-02	 -1,43778e-01
4684	  9,3660000000e+03	 -3,18487e-02	 -1,42737e-01
4685	  9,3680000000e+03	 -3,48039e-02	 -1,40079e-01
4686	  9,3700000000e+03	 -3,36150e-02	 -1,39683e-01
4687	  9,3720000000e+03	 -3,69872e-02	 -1,40989e-01
4688	  9,3740000000e+03	 -4,10328e-02	 -1,45208e-01
4689	  9,3760000000e+03	 -4,12992e-02	 -1,41288e-01
4690	  9,3780000000e+03	 -4,29311e-02	 -1,38781e-01
4691	  9,3800000000e+03	 -4,68023e-02	 -1,40770e-01
4692	  9,3820000000e+03	 -5,17125e-02	 -1,40941e-01
4693	  9,3840000000e+03	 -5,35000e-02	 -1,40492e-01
4694	  9,3860000000e+03	 -5,45947e-02	 -1,40727e-01
4695	  9,3880000000e+03	 -5,74851e-02	 -1,38090e-01
4696	  9,3900000000e+03	 -5,74117e-02	 -1,38451e-01
4697	  9,3920000000e+03	 -5,81510e-02	 -1,36629e-01
4698	  9,3940000000e+03	 -6,17669e-02	 -1,34582e-01
4699	  9,3960000000e+03	 -6,22017e-02	 -1,35348e-01
4700	  9,3980000000e+03	 -6,41060e-02	 -1,33180e-01
4701	  9,4000000000e+03	 -6,85844e-02	 -1,31091e-01
4702	  9,4020000000e+03	 -6,73262e-02	 -1,30873e-01
4703	  9,4040000000e+03	 -6,75013e-02	 -1,32741e-01
4704	  9,4060000000e+03	 -6,78029e-02	 -1,30478e-01
4705	  9,4080000000e+03	 -7,11098e-02	 -1,29392e-01
4706	  9,4100000000e+03	 -7,32080e-02	 -1,27904e-01
4707	  9,4120000000e+03	 -7,60173e-02	 -1,26454e-01
4708	  9,4140000000e+03	 -8,06843e-02	 -1,26358e-01
4709	  9,4160000000e+03	 -8,02885e-02	 -1,23832e-01
4710	  9,4180000000e+03	 -7,81068e-02	 -1,25328e-01
4711	  9,4200000000e+03	 -8,06736e-02	 -1,24031e-01
4712	  9,4220000000e+03	 -8,39171e-02	 -1,23404e-01
4713	  9,4240000000e+03	 -8,39465e-02	 -1,21469e-01
4714	  9,4260000000e+03	 -8,51580e-02	 -1,21143e-01
4715	  9,4280000000e+03	 -9,03566e-02	 -1,21284e-01
4716	  9,4300000000e+03	 -9,03119e-02	 -1,22825e-01
4717	  9,4320000000e+03	 -8,97934e-02	 -1,24292e-01
4718	  9,4340000000e+03	 -9,17278e-02	 -1,20390e-01
4719	  9,4360000000e+03	 -8,98474e-02	 -1,18941e-01
4720	  9,4380000000e+03	 -9,12899e-02	 -1,19368e-01
4721	  9,4400000000e+03	 -9,52701e-02	 -1,18081e-01
4722	  9,4420000000e+03	 -1,01464e-01	 -1,18895e-01
4723	  9,4440000000e+03	 -1,05041e-01	 -1,13194e-01
4724	  9,4460000000e+03	 -1,05422e-01	 -1,11232e-01
4725	  9,4480000000e+03	 -1,03530e-01	 -1,13643e-01
4726	  9,4500000000e+03	 -1,05486e-01	 -1,12133e-01
4727	  9,4520000000e+03	 -1,10266e-01	 -1,11516e-01
4728	  9,4540000000e+03	 -1,10272e-01	 -1,09666e-01
4729	  9,4560000000e+03	 -1,10779e-01	 -1,08247e-01
4730	  9,4580000000e+03	 -1,15193e-01	 -1,06205e-01
4731	  9,4600000000e+03	 -1,18084e-01	 -1,04816e-01
4732	  9,4620000000e+03	 -1,17185e-01	 -1,00588e-01
4733	  9,4640000000e+03	 -1,19138e-01	 -9,75473e-02
4734	  9,4660000000e+03	 -1,21214e-01	 -9,77147e-02
4735	  9,4680000000e+03	 -1,20184e-01	 -9,96414e-02
4736	  9,4700000000e+03	 -1,24252e-01	 -9,54098e-02
4737	  9,4720000000e+03	 -1,24909e-01	 -9,25832e-02
4738	  9,4740000000e+03	 -1,25325e-01	 -8,86833e-02
4739	  9,4760000000e+03	 -1,26098e-01	 -8,97974e-02
4740	  9,4780000000e+03	 -1,27148e-01	 -8,88247e-02
4741	  9,4800000000e+03	 -1,28833e-01	 -8,64741e-02
4742	  9,4820000000e+03	 -1,32009e-01	 -8,40872e-02
4743	  9,4840000000e+03	 -1,32003e-01	 -7,99916e-02
4744	  9,4860000000e+03	 -1,28421e-01	 -7,95960e-02
4745	  9,4880000000e+03	 -1,31289e-01	 -7,98445e-02
4746	  9,4900000000e+03	 -1,34655e-01	 -7,88456e-02
4747	  9,4920000000e+03	 -1,34196e-01	 -7,61598e-02
4748	  9,4940000000e+03	 -1,35171e-01	 -7,32289e-02
4749	  9,4960000000e+03	 -1,34435e-01	 -6,95024e-02
4750	  9,4980000000e+03	 -1,36220e-01	 -7,08393e-02
4751	  9,5000000000e+03	 -1,40411e-01	 -7,02954e-02
4752	  9,5020000000e+03	 -1,43001e-01	 -6,61987e-02
4753	  9,5040000000e+03	 -1,41914e-01	 -6,32768e-02
4754	  9,5060000000e+03	 -1,40968e-01	 -6,44409e-02
4755	  9,5080000000e+03	 -1,43161e-01	 -6,26278e-02
4756	  9,5100000000e+03	 -1,43666e-01	 -5,78656e-02
4757	  9,5120000000e+03	 -1,45985e-01	 -5,43004e-02
4758	  9,5140000000e+03	 -1,44305e-01	 -5,25327e-02
4759	  9,5160000000e+03	 -1,42483e-01	 -4,85942e-02
4760	  9,5180000000e+03	 -1,47745e-01	 -4,68551e-02
4761	  9,5200000000e+03	 -1,50010e-01	 -4,67585e-02
4762	  9,5220000000e+03	 -1,48866e-01	 -4,16665e-02
4763	  9,5240000000e+03	 -1,47229e-01	 -3,77543e-02
4764	  9,5260000000e+03	 -1,46678e-01	 -3,37829e-02
4765	  9,5280000000e+03	 -1,47109e-01	 -3,38364e-02
4766	  9,5300000000e+03	 -1,47577e-01	 -3,21792e-02
4767	  9,5320000000e+03	 -1,49334e-01	 -2,96974e-02
4768	  9,5340000000e+03	 -1,48546e-01	 -2,58241e-02
4769	  9,5360000000e+03	 -1,46399e-01	 -2,39613e-02
4770	  9,5380000000e+03	 -1,45433e-01	 -2,31974e-02
4771	  9,5400000000e+03	 -1,43137e-01	 -2,12244e-02
4772	  9,5420000000e+03	 -1,44535e-01	 -2,01747e-02
4773	  9,5440000000e+03	 -1,47325e-01	 -2,01399e-02
4774	  9,5460000000e+03	 -1,43739e-01	 -2,05881e-02
4775	  9,5480000000e+03	 -1,44805e-01	 -1,91597e-02
4776	  9,5500000000e+03	 -1,47934e-01	 -1,48798e-02
4777	  9,5520000000e+03	 -1,43662e-01	 -1,54210e-02
4778	  9,5540000000e+03	 -1,41698e-01	 -1,39241e-02
4779	  9,5560000000e+03	 -1,43456e-01	 -9,70812e-03
4780	  9,5580000000e+03	 -1,44617e-01	 -4,35237e-03
4781	  9,5600000000e+03	 -1,42442e-01	 -2,44177e-03
4782	  9,5620000000e+03	 -1,43556e-01	 -7,10766e-03
4783	  9,5640000000e+03	 -1,44323e-01	 -5,60543e-03
4784	  9,5660000000e+03	 -1,43327e-01	 -2,51668e-03
4785	  9,5680000000e+03	 -1,43162e-01	  6,23002e-04
4786	  9,5700000000e+03	 -1,45328e-01	  3,28594e-03
4787	  9,5720000000e+03	 -1,42234e-01	  5,13261e-03
4788	  9,5740000000e+03	 -1,39220e-01	  7,08221e-03
4789	  9,5760000000e+03	 -1,41911e-01	  8,28276e-03
4790	  9,5780000000e+03	 -1,42114e-01	  1,17021e-02
4791	  9,5800000000e+03	 -1,39351e-01	  1,36601e-02
4792	  9,5820000000e+03	 -1,37365e-01	  1,31472e-02
4793	  9,5840000000e+03	 -1,38558e-01	  1,07093e-02
4794	  9,5860000000e+03	 -1,38148e-01	  1,16941e-02
4795	  9,5880000000e+03	 -1,35281e-01	  1,72470e-02
4796	  9,5900000000e+03	 -1,34266e-01	  1,67287e-02
4797	  9,5920000000e+03	 -1,30131e-01	  1,93490e-02
4798	  9,5940000000e+03	 -1,29299e-01	  2,21280e-02
4799	  9,5960000000e+03	 -1,31029e-01	  2,23827e-02
4800	  9,5980000000e+03	 -1,31672e-01	  2,62866e-02
4801	  9,6000000000e+03	 -1,29302e-01	  2,63306e-02
4802	  9,6020000000e+03	 -1,29519e-01	  2,95429e-02
4803	  9,6040000000e+03	 -1,27758e-01	  3,09724e-02
4804	  9,6060000000e+03	 -1,29422e-01	  3,08835e-02
4805	  9,6080000000e+03	 -1,29263e-01	  2,99176e-02
4806	  9,6100000000e+03	 -1,26565e-01	  2,97002e-02
4807	  9,6120000000e+03	 -1,24722e-01	  3,32711e-02
4808	  9,6140000000e+03	 -1,22025e-01	  3,55855e-02
4809	  9,6160000000e+03	 -1,21340e-01	  3,66024e-02
4810	  9,6180000000e+03	 -1,22455e-01	  3,74108e-02
4811	  9,6200000000e+03	 -1,20988e-01	  3,89164e-02
4812	  9,6220000000e+03	 -1,17088e-01	  3,76558e-02
4813	  9,6240000000e+03	 -1,19391e-01	  3,95184e-02
4814	  9,6260000000e+03	 -1,22617e-01	  4,08829e-02
4815	  9,6280000000e+03	 -1,25932e-01	  4,06562e-02
4816	  9,6300000000e+03	 -1,20774e-01	  4,08800e-02
4817	  9,6320000000e+03	 -1,19779e-01	  4,29124e-02
4818	  9,6340000000e+03	 -1,19138e-01	  4,25851e-02
4819	  9,6360000000e+03	 -1,17807e-01	  4,23193e-02
4820	  9,6380000000e+03	 -1,19518e-01	  4,41745e-02
4821	  9,6400000000e+03	 -1,18333e-01	  4,69718e-02
4822	  9,6420000000e+03	 -1,16545e-01	  4,58373e-02
4823	  9,6440000000e+03	 -1,15008e-01	  4,61393e-02
4824	  9,6460000000e+03	 -1,10758e-01	  4,59512e-02
4825	  9,6480000000e+03	 -1,12307e-01	  5,27645e-02
4826	  9,6500000000e+03	 -1,13606e-01	  5,34945e-02
4827	  9,6520000000e+03	 -1,10187e-01	  5,22860e-02
4828	  9,6540000000e+03	 -1,10209e-01	  5,51707e-02
4829	  9,6560000000e+03	 -1,11865e-01	  5,47656e-02
4830	  9,6580000000e+03	 -1,08672e-01	  5,40747e-02
4831	  9,6600000000e+03	 -1,06016e-01	  5,46284e-02
4832	  9,6620000000e+03	 -1,07654e-01	  5,48035e-02
4833	  9,6640000000e+03	 -1,06327e-01	  5,86856e-02
4834	  9,6660000000e+03	 -1,07468e-01	  6,02346e-02
4835	  9,6680000000e+03	 -1,03805e-01	  6,04688e-02
4836	  9,6700000000e+03	 -1,01369e-01	  5,73179e-02
4837	  9,6720000000e+03	 -1,00568e-01	  5,66193e-02
4838	  9,6740000000e+03	 -9,70133e-02	  6,13140e-02
4839	  9,6760000000e+03	 -9,53212e-02	  6,39483e-02
4840	  9,6780000000e+03	 -9,42201e-02	  6,31828e-02
4841	  9,6800000000e+03	 -9,72660e-02	  6,21209e-02
4842	  9,6820000000e+03	 -9,84173e-02	  6,00746e-02
4843	  9,6840000000e+03	 -9,55659e-02	  6,04583e-02
4844	  9,6860000000e+03	 -9,55077e-02	  6,30115e-02
4845	  9,6880000000e+03	 -9,58206e-02	  6,24167e-02
4846	  9,6900000000e+03	 -9,56459e-02	  6,37989e-02
4847	  9,6920000000e+03	 -9,52825e-02	  6,41583e-02
4848	  9,6940000000e+03	 -9,34136e-02	  6,43009e-02
4849	  9,6960000000e+03	 -9,28115e-02	  6,47458e-02
4850	  9,6980000000e+03	 -9,24399e-02	  6,61676e-02
4851	  9,7000000000e+03	 -9,00870e-02	  6,50815e-02
4852	  9,7020000000e+03	 -9,14062e-02	  6,41243e-02
4853	  9,7040000000e+03	 -8,88503e-02	  6,66831e-02
4854	  9,7060000000e+03	 -8,69592e-02	  6,70473e-02
4855	  9,7080000000e+03	 -8,70890e-02	  6,39578e-02
4856	  9,7100000000e+03	 -8,88385e-02	  6,67459e-02
4857	  9,7120000000e+03	 -9,04845e-02	  7,09873e-02
4858	  9,7140000000e+03	 -9,06068e-02	  6,93691e-02
4859	  9,7160000000e+03	 -9,00106e-02	  6,74563e-02
4860	  9,7180000000e+03	 -8,57819e-02	  6,52945e-02
4861	  9,7200000000e+03	 -8,42111e-02	  6,66875e-02
4862	  9,7220000000e+03	 -8,48926e-02	  6,87830e-02
4863	  9,7240000000e+03	 -8,53678e-02	  6,89925e-02
4864	  9,7260000000e+03	 -8,79774e-02	  6,98202e-02
4865	  9,7280000000e+03	 -9,12604e-02	  6,82094e-02
4866	  9,7300000000e+03	 -8,77544e-02	  6,67391e-02
4867	  9,7320000000e+03	 -8,42236e-02	  7,22370e-02
4868	  9,7340000000e+03	 -8,57982e-02	  7,29376e-02
4869	  9,7360000000e+03	 -8,58732e-02	  7,12682e-02
4870	  9,7380000000e+03	 -8,69751e-02	  7,13695e-02
4871	  9,7400000000e+03	 -8,54102e-02	  6,99891e-02
4872	  9,7420000000e+03	 -8,44425e-02	  7,15023e-02
4873	  9,7440000000e+03	 -8,50340e-02	  7,34793e-02
4874	  9,7460000000e+03	 -8,82670e-02	  7,27799e-02
4875	  9,7480000000e+03	 -8,76891e-02	  7,79639e-02
4876	  9,7500000000e+03	 -8,65587e-02	  8,06140e-02
4877	  9,7520000000e+03	 -8,57289e-02	  7,90956e-02
4878	  9,7540000000e+03	 -8,30125e-02	  7,99449e-02
4879	  9,7560000000e+03	 -8,69191e-02	  7,82504e-02
4880	  9,7580000000e+03	 -8,66676e-02	  7,90193e-02
4881	  9,7600000000e+03	 -8,34849e-02	  8,33061e-02
4882	  9,7620000000e+03	 -8,50504e-02	  8,43762e-02
4883	  9,7640000000e+03	 -8,31037e-02	  8,22804e-02
4884	  9,7660000000e+03	 -7,96305e-02	  8,43198e-02
4885	  9,7680000000e+03	 -8,08857e-02	  8,74833e-02
4886	  9,7700000000e+03	 -8,48272e-02	  8,66666e-02
4887	  9,7720000000e+03	 -8,02873e-02	  9,04504e-02
4888	  9,7740000000e+03	 -7,98049e-02	  9,21934e-02
4889	  9,7760000000e+03	 -7,85646e-02	  9,24514e-02
4890	  9,7780000000e+03	 -7,62499e-02	  9,37742e-02
4891	  9,7800000000e+03	 -7,72607e-02	  9,18926e-02
4892	  9,7820000000e+03	 -7,50946e-02	  9,26324e-02
4893	  9,7840000000e+03	 -7,23644e-02	  9,34493e-02
4894	  9,7860000000e+03	 -7,21427e-02	  9,79979e-02
4895	  9,7880000000e+03	 -7,17866e-02	  9,87342e-02
4896	  9,7900000000e+03	 -7,03766e-02	  9,49458e-02
4897	  9,7920000000e+03	 -6,84588e-02	  9,52330e-02
4898	  9,7940000000e+03	 -6,57316e-02	  9,88914e-02
4899	  9,7960000000e+03	 -6,94192e-02	  1,01546e-01
4900	  9,7980000000e+03	 -7,22946e-02	  1,01874e-01
4901	  9,8000000000e+03	 -6,61838e-02	  1,00454e-01
4902	  9,8020000000e+03	 -6,66781e-02	  9,97192e-02
4903	  9,8040000000e+03	 -6,69716e-02	  1,01146e-01
4904	  9,8060000000e+03	 -6,54061e-02	  1,03120e-01
4905	  9,8080000000e+03	 -6,56839e-02	  9,98368e-02
4906	  9,8100000000e+03	 -6,58119e-02	  1,00605e-01
4907	  9,8120000000e+03	 -6,37692e-02	  1,06950e-01
4908	  9,8140000000e+03	 -6,15096e-02	  1,06129e-01
4909	  9,8160000000e+03	 -6,28602e-02	  1,04536e-01
4910	  9,8180000000e+03	 -6,24830e-02	  1,04544e-01
4911	  9,8200000000e+03	 -6,31088e-02	  1,08688e-01
4912	  9,8220000000e+03	 -6,17269e-02	  1,07055e-01
4913	  9,8240000000e+03	 -6,10932e-02	  1,04189e-01
4914	  9,8260000000e+03	 -6,26989e-02	  1,07908e-01
4915	  9,8280000000e+03	 -5,88178e-02	  1,10722e-01
4916	  9,8300000000e+03	 -5,48398e-02	  1,11065e-01
4917	  9,8320000000e+03	 -5,59688e-02	  1,10330e-01
4918	  9,8340000000e+03	 -5,73653e-02	  1,07430e-01
4919	  9,8360000000e+03	 -5,69822e-02	  1,07620e-01
4920	  9,8380000000e+03	 -5,84258e-02	  1,17561e-01
4921	  9,8400000000e+03	 -5,51556e-02	  1,15816e-01
4922	  9,8420000000e+03	 -5,34234e-02	  1,12564e-01
4923	  9,8440000000e+03	 -5,26616e-02	  1,14966e-01
4924	  9,8460000000e+03	 -5,27275e-02	  1,20272e-01
4925	  9,8480000000e+03	 -5,35838e-02	  1,19032e-01
4926	  9,8500000000e+03	 -5,40710e-02	  1,19468e-01
4927	  9,8520000000e+03	 -5,31008e-02	  1,23247e-01
4928	  9,8540000000e+03	 -5,04180e-02	  1,22588e-01
4929	  9,8560000000e+03	 -4,87195e-02	  1,21034e-01
4930	  9,8580000000e+03	 -4,51490e-02	  1,22514e-01
4931	  9,8600000000e+03	 -4,38633e-02	  1,23432e-01
4932	  9,8620000000e+03	 -4,57838e-02	  1,26855e-01
4933	  9,8640000000e+03	 -4,26487e-02	  1,25484e-01
4934	  9,8660000000e+03	 -3,79396e-02	  1,25373e-01
4935	  9,8680000000e+03	 -3,60655e-02	  1,29962e-01
4936	  9,8700000000e+03	 -3,75681e-02	  1,28301e-01
4937	  9,8720000000e+03	 -3,21984e-02	  1,30699e-01
4938	  9,8740000000e+03	 -3,27829e-02	  1,36736e-01
4939	  9,8760000000e+03	 -3,63071e-02	  1,37518e-01
4940	  9,8780000000e+03	 -3,42167e-02	  1,36895e-01
4941	  9,8800000000e+03	 -3,20892e-02	  1,37341e-01
4942	  9,8820000000e+03	 -3,07799e-02	  1,38042e-01
4943	  9,8840000000e+03	 -2,76516e-02	  1,38959e-01
4944	  9,8860000000e+03	 -2,54868e-02	  1,39767e-01
4945	  9,8880000000e+03	 -2,38043e-02	  1,43473e-01
4946	  9,8900000000e+03	 -2,21761e-02	  1,43311e-01
4947	  9,8920000000e+03	 -2,00681e-02	  1,40614e-01
4948	  9,8940000000e+03	 -1,65643e-02	  1,41870e-01
4949	  9,8960000000e+03	 -1,37541e-02	  1,42716e-01
4950	  9,8980000000e+03	 -1,45774e-02	  1,43231e-01
4951	  9,9000000000e+03	 -1,23771e-02	  1,42785e-01
4952	  9,9020000000e+03	 -7,34980e-03	  1,43485e-01
4953	  9,9040000000e+03	 -4,54470e-03	  1,44838e-01
4954	  9,9060000000e+03	 -2,00051e-03	  1,41551e-01
4955	  9,9080000000e+03	 -1,87536e-03	  1,41622e-01
4956	  9,9100000000e+03	  3,34564e-04	  1,42883e-01
4957	  9,9120000000e+03	  2,62534e-03	  1,41964e-01
4958	  9,9140000000e+03	  4,45944e-03	  1,43754e-01
4959	  9,9160000000e+03	  7,56184e-03	  1,43693e-01
4960	  9,9180000000e+03	  1,05516e-02	  1,44169e-01
4961	  9,9200000000e+03	  9,36050e-03	  1,45500e-01
4962	  9,9220000000e+03	  1,09076e-02	  1,45479e-01
4963	  9,9240000000e+03	  1,15533e-02	  1,43252e-01
4964	  9,9260000000e+03	  1,32153e-02	  1,40195e-01
4965	  9,9280000000e+03	  1,63072e-02	  1,41247e-01
4966	  9,9300000000e+03	  1,73095e-02	  1,42075e-01
4967	  9,9320000000e+03	  2,15753e-02	  1,43235e-01
4968	  9,9340000000e+03	  2,15029e-02	  1,42720e-01
4969	  9,9360000000e+03	  2,47628e-02	  1,44200e-01
4970	  9,9380000000e+03	  2,62287e-02	  1,44484e-01
4971	  9,9400000000e+03	  2,59567e-02	  1,43448e-01
4972	  9,9420000000e+03	  2,74269e-02	  1,41376e-01
4973	  9,9440000000e+03	  3,07231e-02	  1,41188e-01
4974	  9,9460000000e+03	  3,17587e-02	  1,42637e-01
4975	  9,9480000000e+03	  3,16961e-02	  1,41282e-01
4976	  9,9500000000e+03	  3,62991e-02	  1,40878e-01
4977	  9,9520000000e+03	  3,81683e-02	  1,38738e-01
4978	  9,9540000000e+03	  4,08353e-02	  1,38801e-01
4979	  9,9560000000e+03	  4,47323e-02	  1,40622e-01
4980	  9,9580000000e+03	  4,46485e-02	  1,39543e-01
4981	  9,9600000000e+03	  4,68405e-02	  1,39737e-01
4982	  9,9620000000e+03	  5,16367e-02	  1,36805e-01
4983	  9,9640000000e+03	  5,05659e-02	  1,36659e-01
4984	  9,9660000000e+03	  5,01701e-02	  1,39245e-01
4985	  9,9680000000e+03	  5,42351e-02	  1,37529e-01
4986	  9,9700000000e+03	  5,49931e-02	  1,34719e-01
4987	  9,9720000000e+03	  5,58090e-02	  1,32693e-01
4988	  9,9740000000e+03	  5,91357e-02	  1,31307e-01
4989	  9,9760000000e+03	  6,47795e-02	  1,31704e-01
4990	  9,9780000000e+03	  6,71087e-02	  1,33755e-01
4991	  9,9800000000e+03	  6,76276e-02	  1,32195e-01
4992	  9,9820000000e+03	  6,69172e-02	  1,30360e-01
4993	  9,9840000000e+03	  6,87799e-02	  1,30554e-01
4994	  9,9860000000e+03	  7,65503e-02	  1,27695e-01
4995	  9,9880000000e+03	  7,37435e-02	  1,21991e-01
4996	  9,9900000000e+03	  7,21530e-02	  1,21429e-01
4997	  9,9920000000e+03	  7,60067e-02	  1,20174e-01
4998	  9,9940000000e+03	  7,82032e-02	  1,19163e-01
4999	  9,9960000000e+03	  7,93039e-02	  1,20421e-01
5000	  9,9980000000e+03	  7,77439e-02	  1,21497e-01
5001	  1,0000000000e+04	  7,73246e-02	  1,21886e-01
5002	  1,0002000000e+04	  8,26462e-02	  1,20660e-01
5003	  1,0004000000e+04	  8,53261e-02	  1,16666e-01
5004	  1,0006000000e+04	  8,76637e-02	  1,15311e-01
5005	  1,0008000000e+04	  8,98458e-02	  1,12043e-01
5006	  1,0010000000e+04	  9,32901e-02	  1,09446e-01
5007	  1,0012000000e+04	  9,23522e-02	  1,14096e-01
5008	  1,0014000000e+04	  9,54029e-02	  1,11466e-01
5009	  1,0016000000e+04	  1,00794e-01	  1,11961e-01
5010	  1,0018000000e+04	  1,02673e-01	  1,11698e-01
5011	  1,0020000000e+04	  1,02738e-01	  1,07414e-01
5012	  1,0022000000e+04	  9,93553e-02	  1,05397e-01
5013	  1,0024000000e+04	  1,05326e-01	  1,03634e-01
5014	  1,0026000000e+04	  1,05347e-01	  1,00367e-01
5015	  1,0028000000e+04	  1,07276e-01	  9,69309e-02
5016	  1,0030000000e+04	  1,06870e-01	  9,34148e-02
5017	  1,0032000000e+04	  1,09533e-01	  9,35540e-02
5018	  1,0034000000e+04	  1,12234e-01	  9,24427e-02
5019	  1,0036000000e+04	  1,13926e-01	  8,92437e-02
5020	  1,0038000000e+04	  1,14697e-01	  8,45104e-02
5021	  1,0040000000e+04	  1,11612e-01	  8,39294e-02
5022	  1,0042000000e+04	  1,11690e-01	  8,25007e-02
5023	  1,0044000000e+04	  1,17043e-01	  7,95674e-02
5024	  1,0046000000e+04	  1,16314e-01	  7,61539e-02
5025	  1,0048000000e+04	  1,16746e-01	  7,31604e-02
5026	  1,0050000000e+04	  1,16718e-01	  7,06956e-02
5027	  1,0052000000e+04	  1,18590e-01	  6,71977e-02
5028	  1,0054000000e+04	  1,18993e-01	  6,58903e-02
5029	  1,0056000000e+04	  1,19735e-01	  6,68725e-02
5030	  1,0058000000e+04	  1,17419e-01	  6,43177e-02
5031	  1,0060000000e+04	  1,18322e-01	  6,20823e-02
5032	  1,0062000000e+04	  1,16221e-01	  6,27320e-02
5033	  1,0064000000e+04	  1,15309e-01	  6,06054e-02
5034	  1,0066000000e+04	  1,16449e-01	  5,50760e-02
5035	  1,0068000000e+04	  1,16854e-01	  5,28050e-02
5036	  1,0070000000e+04	  1,17071e-01	  5,26003e-02
5037	  1,0072000000e+04	  1,18819e-01	  4,91957e-02
5038	  1,0074000000e+04	  1,19638e-01	  4,99241e-02
5039	  1,0076000000e+04	  1,18557e-01	  5,03474e-02
5040	  1,0078000000e+04	  1,19771e-01	  4,69896e-02
5041	  1,0080000000e+04	  1,18677e-01	  4,55396e-02
5042	  1,0082000000e+04	  1,16641e-01	  4,53178e-02
5043	  1,0084000000e+04	  1,14978e-01	  4,10899e-02
5044	  1,0086000000e+04	  1,16569e-01	  4,13770e-02
5045	  1,0088000000e+04	  1,16187e-01	  4,11345e-02
5046	  1,0090000000e+04	  1,15687e-01	  3,88059e-02
5047	  1,0092000000e+04	  1,16469e-01	  3,41957e-02
5048	  1,0094000000e+04	  1,19061e-01	  3,25030e-02
5049	  1,0096000000e+04	  1,18701e-01	  2,95137e-02
5050	  1,0098000000e+04	  1,20411e-01	  2,88331e-02
5051	  1,0100000000e+04	  1,22447e-01	  2,74041e-02
5052	  1,0102000000e+04	  1,20561e-01	  2,38677e-02
5053	  1,0104000000e+04	  1,18700e-01	  2,33664e-02
5054	  1,0106000000e+04	  1,14979e-01	  2,05003e-02
5055	  1,0108000000e+04	  1,14130e-01	  1,87070e-02
5056	  1,0110000000e+04	  1,15128e-01	  1,69209e-02
5057	  1,0112000000e+04	  1,12453e-01	  1,52385e-02
5058	  1,0114000000e+04	  1,09219e-01	  1,48255e-02
5059	  1,0116000000e+04	  1,13011e-01	  1,01107e-02
5060	  1,0118000000e+04	  1,13752e-01	  7,36244e-03
5061	  1,0120000000e+04	  1,14109e-01	  9,70461e-03
5062	  1,0122000000e+04	  1,11971e-01	  9,26285e-03
5063	  1,0124000000e+04	  1,12633e-01	  4,02013e-03
5064	  1,0126000000e+04	  1,12468e-01	  1,01723e-03
5065	  1,0128000000e+04	  1,09257e-01	  1,61834e-03
5066	  1,0130000000e+04	  1,05828e-01	  1,94267e-03
5067	  1,0132000000e+04	  1,08209e-01	 -1,20912e-04
5068	  1,0134000000e+04	  1,06155e-01	 -5,05115e-03
5069	  1,0136000000e+04	  1,04336e-01	 -8,37510e-03
5070	  1,0138000000e+04	  1,04309e-01	 -5,01634e-03
5071	  1,0140000000e+04	  1,03779e-01	 -5,69910e-03
5072	  1,0142000000e+04	  1,00517e-01	 -6,26215e-03
5073	  1,0144000000e+04	  9,87489e-02	 -1,08913e-02
5074	  1,0146000000e+04	  9,75570e-02	 -1,18470e-02
5075	  1,0148000000e+04	  9,59364e-02	 -1,71252e-02
5076	  1,0150000000e+04	  9,71010e-02	 -1,76541e-02
5077	  1,0152000000e+04	  9,84434e-02	 -1,47972e-02
5078	  1,0154000000e+04	  9,73065e-02	 -1,62136e-02
5079	  1,0156000000e+04	  9,40052e-02	 -1,94307e-02
5080	  1,0158000000e+04	  8,99064e-02	 -2,05569e-02
5081	  1,0160000000e+04	  9,23341e-02	 -2,07825e-02
5082	  1,0162000000e+04	  8,90494e-02	 -1,96408e-02
5083	  1,0164000000e+04	  8,57980e-02	 -2,12822e-02
5084	  1,0166000000e+04	  8,60733e-02	 -2,27349e-02
5085	  1,0168000000e+04	  8,57250e-02	 -2,40058e-02
5086	  1,0170000000e+04	  8,25833e-02	 -2,67102e-02
5087	  1,0172000000e+04	  8,16569e-02	 -2,74404e-02
5088	  1,0174000000e+04	  7,79952e-02	 -2,72869e-02
5089	  1,0176000000e+04	  7,55533e-02	 -2,75821e-02
5090	  1,0178000000e+04	  7,16757e-02	 -2,63875e-02
5091	  1,0180000000e+04	  7,43367e-02	 -2,64096e-02
5092	  1,0182000000e+04	  7,24203e-02	 -2,78009e-02
5093	  1,0184000000e+04	  7,09597e-02	 -2,83356e-02
5094	  1,0186000000e+04	  6,81763e-02	 -2,81652e-02
5095	  1,0188000000e+04	  7,06580e-02	 -2,45685e-02
5096	  1,0190000000e+04	  6,87013e-02	 -2,72659e-02
5097	  1,0192000000e+04	  6,60472e-02	 -3,21535e-02
5098	  1,0194000000e+04	  6,34110e-02	 -2,84410e-02
5099	  1,0196000000e+04	  6,17687e-02	 -2,52950e-02
5100	  1,0198000000e+04	  6,44332e-02	 -2,88795e-02
5101	  1,0200000000e+04	  6,37425e-02	 -2,99465e-02
5102	  1,0202000000e+04	  6,22014e-02	 -2,53707e-02
5103	  1,0204000000e+04	  5,92729e-02	 -2,54201e-02
5104	  1,0206000000e+04	  5,55794e-02	 -3,01354e-02
5105	  1,0208000000e+04	  5,51980e-02	 -3,12609e-02
5106	  1,0210000000e+04	  5,73284e-02	 -3,03842e-02
5107	  1,0212000000e+04	  5,36759e-02	 -2,86892e-02
5108	  1,0214000000e+04	  5,08822e-02	 -2,54865e-02
5109	  1,0216000000e+04	  5,02923e-02	 -2,77264e-02
5110	  1,0218000000e+04	  4,94293e-02	 -2,71280e-02
5111	  1,0220000000e+04	  5,03523e-02	 -2,95588e-02
5112	  1,0222000000e+04	  4,76921e-02	 -2,66116e-02
5113	  1,0224000000e+04	  4,64378e-02	 -2,70564e-02
5114	  1,0226000000e+04	  4,71256e-02	 -2,47684e-02
5115	  1,0228000000e+04	  4,75089e-02	 -2,64477e-02
5116	  1,0230000000e+04	  4,74693e-02	 -2,81735e-02
5117	  1,0232000000e+04	  4,25022e-02	 -2,74638e-02
5118	  1,0234000000e+04	  3,98746e-02	 -2,59872e-02
5119	  1,0236000000e+04	  3,74806e-02	 -2,83544e-02
5120	  1,0238000000e+04	  3,47096e-02	 -2,72307e-02
5121	  1,0240000000e+04	  3,34520e-02	 -2,76769e-02
5122	  1,0242000000e+04	  3,16478e-02	 -2,42654e-02
5123	  1,0244000000e+04	  3,44552e-02	 -2,29666e-02
5124	  1,0246000000e+04	  3,44316e-02	 -2,26990e-02
5125	  1,0248000000e+04	  2,99023e-02	 -1,92887e-02
5126	  1,0250000000e+04	  2,79912e-02	 -1,92831e-02
5127	  1,0252000000e+04	  2,77426e-02	 -1,77814e-02
5128	  1,0254000000e+04	  2,79372e-02	 -1,61363e-02
5129	  1,0256000000e+04	  2,61324e-02	 -1,57066e-02
5130	  1,0258000000e+04	  2,35506e-02	 -1,48363e-02
5131	  1,0260000000e+04	  2,58583e-02	 -1,05166e-02
5132	  1,0262000000e+04	  2,94534e-02	 -6,86877e-03
5133	  1,0264000000e+04	  2,84234e-02	 -7,48765e-03
5134	  1,0266000000e+04	  2,86146e-02	 -3,40069e-03
5135	  1,0268000000e+04	  2,99275e-02	 -2,69396e-03
5136	  1,0270000000e+04	  2,87446e-02	 -2,20736e-03
5137	  1,0272000000e+04	  2,81879e-02	 -3,52824e-03
5138	  1,0274000000e+04	  3,05253e-02	 -3,09342e-03
5139	  1,0276000000e+04	  3,18617e-02	 -9,19997e-04
5140	  1,0278000000e+04	  2,91385e-02	 -3,18623e-03
5141	  1,0280000000e+04	  3,08127e-02	 -2,04728e-03
5142	  1,0282000000e+04	  2,90994e-02	  3,44783e-03
5143	  1,0284000000e+04	  2,70702e-02	  5,22180e-03
5144	  1,0286000000e+04	  2,74832e-02	  2,27153e-03
5145	  1,0288000000e+04	  2,99998e-02	  3,50941e-03
5146	  1,0290000000e+04	  3,11845e-02	  1,95788e-03
5147	  1,0292000000e+04	  2,98606e-02	  1,60573e-04
5148	  1,0294000000e+04	  2,96862e-02	  1,80972e-03
5149	  1,0296000000e+04	  3,05446e-02	  7,71251e-03
5150	  1,0298000000e+04	  3,43244e-02	  5,99689e-03
5151	  1,0300000000e+04	  3,42999e-02	  4,67339e-03
5152	  1,0302000000e+04	  3,48961e-02	  7,14908e-03
5153	  1,0304000000e+04	  3,66546e-02	  7,66484e-03
5154	  1,0306000000e+04	  3,46077e-02	  6,94528e-03
5155	  1,0308000000e+04	  3,46582e-02	  8,71136e-03
5156	  1,0310000000e+04	  3,56601e-02	  9,06575e-03
5157	  1,0312000000e+04	  3,51283e-02	  1,05476e-02
5158	  1,0314000000e+04	  3,74966e-02	  8,20983e-03
5159	  1,0316000000e+04	  3,38749e-02	  8,90654e-03
5160	  1,0318000000e+04	  3,36567e-02	  1,28023e-02
5161	  1,0320000000e+04	  3,43530e-02	  1,13720e-02
5162	  1,0322000000e+04	  3,81844e-02	  1,08381e-02
5163	  1,0324000000e+04	  3,82609e-02	  1,23957e-02
5164	  1,0326000000e+04	  3,48685e-02	  1,31447e-02
5165	  1,0328000000e+04	  3,65556e-02	  1,38034e-02
5166	  1,0330000000e+04	  3,66516e-02	  1,57347e-02
5167	  1,0332000000e+04	  3,78117e-02	  1,51219e-02
5168	  1,0334000000e+04	  3,76270e-02	  1,33728e-02
5169	  1,0336000000e+04	  3,55768e-02	  1,47018e-02
5170	  1,0338000000e+04	  3,81706e-02	  2,06170e-02
5171	  1,0340000000e+04	  3,71373e-02	  2,36889e-02
5172	  1,0342000000e+04	  3,78677e-02	  2,39780e-02
5173	  1,0344000000e+04	  4,28203e-02	  2,39499e-02
5174	  1,0346000000e+04	  4,27561e-02	  2,14754e-02
5175	  1,0348000000e+04	  4,55060e-02	  2,30488e-02
5176	  1,0350000000e+04	  4,83679e-02	  2,69307e-02
5177	  1,0352000000e+04	  5,02750e-02	  2,82732e-02
5178	  1,0354000000e+04	  5,07157e-02	  2,53178e-02
5179	  1,0356000000e+04	  5,06106e-02	  2,70424e-02
5180	  1,0358000000e+04	  5,40689e-02	  2,95301e-02
5181	  1,0360000000e+04	  5,38538e-02	  3,13487e-02
5182	  1,0362000000e+04	  5,42762e-02	  3,19964e-02
5183	  1,0364000000e+04	  5,69965e-02	  3,13177e-02
5184	  1,0366000000e+04	  6,16425e-02	  3,30541e-02
5185	  1,0368000000e+04	  6,01399e-02	  2,94089e-02
5186	  1,0370000000e+04	  6,19350e-02	  2,98716e-02
5187	  1,0372000000e+04	  6,41284e-02	  2,90292e-02
5188	  1,0374000000e+04	  6,61030e-02	  2,69402e-02
5189	  1,0376000000e+04	  6,92718e-02	  2,58668e-02
5190	  1,0378000000e+04	  7,03637e-02	  2,81913e-02
5191	  1,0380000000e+04	  7,25728e-02	  2,61782e-02
5192	  1,0382000000e+04	  7,43436e-02	  2,90336e-02
5193	  1,0384000000e+04	  7,56117e-02	  2,94599e-02
5194	  1,0386000000e+04	  7,55294e-02	  2,71375e-02
5195	  1,0388000000e+04	  7,76943e-02	  2,48444e-02
5196	  1,0390000000e+04	  7,55404e-02	  2,54494e-02
5197	  1,0392000000e+04	  7,79822e-02	  2,54337e-02
5198	  1,0394000000e+04	  8,04380e-02	  2,54644e-02
5199	  1,0396000000e+04	  8,02918e-02	  2,23491e-02
5200	  1,0398000000e+04	  8,39508e-02	  1,79911e-02
5201	  1,0400000000e+04	  8,81260e-02	  1,87166e-02
5202	  1,0402000000e+04	  8,94775e-02	  2,08684e-02
5203	  1,0404000000e+04	  8,86550e-02	  2,27337e-02
5204	  1,0406000000e+04	  8,98252e-02	  2,21506e-02
5205	  1,0408000000e+04	  9,29711e-02	  1,81048e-02
5206	  1,0410000000e+04	  9,49251e-02	  1,73164e-02
5207	  1,0412000000e+04	  9,67403e-02	  1,68632e-02
5208	  1,0414000000e+04	  9,68301e-02	  1,30445e-02
5209	  1,0416000000e+04	  9,92597e-02	  1,16505e-02
5210	  1,0418000000e+04	  9,89551e-02	  1,10071e-02
5211	  1,0420000000e+04	  9,95505e-02	  7,42333e-03
5212	  1,0422000000e+04	  1,00161e-01	  7,90233e-03
5213	  1,0424000000e+04	  1,00592e-01	  2,51919e-03
5214	  1,0426000000e+04	  1,02892e-01	  4,07446e-03
5215	  1,0428000000e+04	  1,05584e-01	  6,67588e-03
5216	  1,0430000000e+04	  1,07562e-01	 -1,05653e-03
5217	  1,0432000000e+04	  1,07657e-01	 -7,10114e-03
5218	  1,0434000000e+04	  1,08413e-01	 -4,73620e-03
5219	  1,0436000000e+04	  1,10019e-01	 -7,25097e-03
5220	  1,0438000000e+04	  1,10839e-01	 -1,05368e-02
5221	  1,0440000000e+04	  1,12310e-01	 -8,03282e-03
5222	  1,0442000000e+04	  1,11211e-01	 -6,17643e-03
5223	  1,0444000000e+04	  1,11232e-01	 -1,25660e-02
5224	  1,0446000000e+04	  1,12300e-01	 -1,83613e-02
5225	  1,0448000000e+04	  1,12196e-01	 -1,63092e-02
5226	  1,0450000000e+04	  1,10421e-01	 -1,96351e-02
5227	  1,0452000000e+04	  1,12376e-01	 -2,00926e-02
5228	  1,0454000000e+04	  1,12311e-01	 -2,00579e-02
5229	  1,0456000000e+04	  1,10671e-01	 -2,30161e-02
5230	  1,0458000000e+04	  1,10633e-01	 -2,38447e-02
5231	  1,0460000000e+04	  1,12172e-01	 -2,42070e-02
5232	  1,0462000000e+04	  1,15432e-01	 -2,61272e-02
5233	  1,0464000000e+04	  1,14846e-01	 -3,06175e-02
5234	  1,0466000000e+04	  1,10274e-01	 -3,29862e-02
5235	  1,0468000000e+04	  1,10837e-01	 -3,59877e-02
5236	  1,0470000000e+04	  1,14787e-01	 -3,65906e-02
5237	  1,0472000000e+04	  1,14164e-01	 -3,38772e-02
5238	  1,0474000000e+04	  1,10158e-01	 -3,52751e-02
5239	  1,0476000000e+04	  1,12662e-01	 -3,80214e-02
5240	  1,0478000000e+04	  1,13719e-01	 -4,04455e-02
5241	  1,0480000000e+04	  1,11612e-01	 -4,14896e-02
5242	  1,0482000000e+04	  1,13062e-01	 -4,52970e-02
5243	  1,0484000000e+04	  1,11508e-01	 -4,96596e-02
5244	  1,0486000000e+04	  1,13660e-01	 -4,76900e-02
5245	  1,0488000000e+04	  1,16715e-01	 -4,84095e-02
5246	  1,0490000000e+04	  1,16249e-01	 -5,38729e-02
5247	  1,0492000000e+04	  1,12892e-01	 -5,52938e-02
5248	  1,0494000000e+04	  1,14399e-01	 -5,33517e-02
5249	  1,0496000000e+04	  1,13467e-01	 -5,70773e-02
5250	  1,0498000000e+04	  1,15148e-01	 -5,97649e-02
5251	  1,0500000000e+04	  1,14312e-01	 -5,97191e-02
5252	  1,0502000000e+04	  1,10992e-01	 -6,16036e-02
5253	  1,0504000000e+04	  1,11284e-01	 -6,14579e-02
5254	  1,0506000000e+04	  1,13819e-01	 -6,23552e-02
5255	  1,0508000000e+04	  1,11920e-01	 -6,65861e-02
5256	  1,0510000000e+04	  1,11893e-01	 -6,90431e-02
5257	  1,0512000000e+04	  1,08738e-01	 -7,05374e-02
5258	  1,0514000000e+04	  1,09173e-01	 -7,21918e-02
5259	  1,0516000000e+04	  1,09135e-01	 -7,33952e-02
5260	  1,0518000000e+04	  1,04901e-01	 -7,66739e-02
5261	  1,0520000000e+04	  1,04844e-01	 -7,65176e-02
5262	  1,0522000000e+04	  1,07392e-01	 -7,66257e-02
5263	  1,0524000000e+04	  1,03927e-01	 -7,82102e-02
5264	  1,0526000000e+04	  1,04268e-01	 -8,18893e-02
5265	  1,0528000000e+04	  1,02518e-01	 -8,36754e-02
5266	  1,0530000000e+04	  1,00709e-01	 -8,34098e-02
5267	  1,0532000000e+04	  1,02223e-01	 -8,27404e-02
5268	  1,0534000000e+04	  1,00148e-01	 -8,51107e-02
5269	  1,0536000000e+04	  9,98085e-02	 -9,01405e-02
5270	  1,0538000000e+04	  9,92230e-02	 -9,16212e-02
5271	  1,0540000000e+04	  9,93393e-02	 -9,29825e-02
5272	  1,0542000000e+04	  9,90858e-02	 -9,32422e-02
5273	  1,0544000000e+04	  9,68435e-02	 -9,37568e-02
5274	  1,0546000000e+04	  9,68483e-02	 -9,76861e-02
5275	  1,0548000000e+04	  9,67666e-02	 -9,73984e-02
5276	  1,0550000000e+04	  9,65832e-02	 -9,78832e-02
5277	  1,0552000000e+04	  9,69453e-02	 -9,97700e-02
5278	  1,0554000000e+04	  9,58295e-02	 -1,04802e-01
5279	  1,0556000000e+04	  9,43277e-02	 -1,07849e-01
5280	  1,0558000000e+04	  9,30766e-02	 -1,10835e-01
5281	  1,0560000000e+04	  9,11043e-02	 -1,10925e-01
5282	  1,0562000000e+04	  8,69856e-02	 -1,09874e-01
5283	  1,0564000000e+04	  8,70410e-02	 -1,09170e-01
5284	  1,0566000000e+04	  8,65944e-02	 -1,10113e-01
5285	  1,0568000000e+04	  8,18070e-02	 -1,12079e-01
5286	  1,0570000000e+04	  7,85533e-02	 -1,13069e-01
5287	  1,0572000000e+04	  7,80916e-02	 -1,19439e-01
5288	  1,0574000000e+04	  7,80978e-02	 -1,21464e-01
5289	  1,0576000000e+04	  7,74016e-02	 -1,21776e-01
5290	  1,0578000000e+04	  7,56966e-02	 -1,22613e-01
5291	  1,0580000000e+04	  7,47039e-02	 -1,20404e-01
5292	  1,0582000000e+04	  7,21699e-02	 -1,20128e-01
5293	  1,0584000000e+04	  7,17536e-02	 -1,21676e-01
5294	  1,0586000000e+04	  6,89039e-02	 -1,23741e-01
5295	  1,0588000000e+04	  6,61805e-02	 -1,21141e-01
5296	  1,0590000000e+04	  6,71031e-02	 -1,21350e-01
5297	  1,0592000000e+04	  6,65102e-02	 -1,23969e-01
5298	  1,0594000000e+04	  6,06520e-02	 -1,25367e-01
5299	  1,0596000000e+04	  6,23361e-02	 -1,24845e-01
5300	  1,0598000000e+04	  6,12158e-02	 -1,25804e-01
5301	  1,0600000000e+04	  5,67024e-02	 -1,27462e-01
5302	  1,0602000000e+04	  5,42451e-02	 -1,28240e-01
5303	  1,0604000000e+04	  5,43866e-02	 -1,28169e-01
5304	  1,0606000000e+04	  5,63070e-02	 -1,30215e-01
5305	  1,0608000000e+04	  5,40035e-02	 -1,30583e-01
5306	  1,0610000000e+04	  5,35330e-02	 -1,31697e-01
5307	  1,0612000000e+04	  5,34028e-02	 -1,33443e-01
5308	  1,0614000000e+04	  4,73947e-02	 -1,33702e-01
5309	  1,0616000000e+04	  4,26407e-02	 -1,29990e-01
5310	  1,0618000000e+04	  4,53578e-02	 -1,31713e-01
5311	  1,0620000000e+04	  4,68529e-02	 -1,37240e-01
5312	  1,0622000000e+04	  4,37062e-02	 -1,39833e-01
5313	  1,0624000000e+04	  4,12062e-02	 -1,37636e-01
5314	  1,0626000000e+04	  4,18322e-02	 -1,37055e-01
5315	  1,0628000000e+04	  3,74650e-02	 -1,39232e-01
5316	  1,0630000000e+04	  3,51842e-02	 -1,38533e-01
5317	  1,0632000000e+04	  3,59262e-02	 -1,39152e-01
5318	  1,0634000000e+04	  3,17850e-02	 -1,39374e-01
5319	  1,0636000000e+04	  3,27133e-02	 -1,37087e-01
5320	  1,0638000000e+04	  3,11130e-02	 -1,37795e-01
5321	  1,0640000000e+04	  2,86730e-02	 -1,42825e-01
5322	  1,0642000000e+04	  2,45609e-02	 -1,43294e-01
5323	  1,0644000000e+04	  2,07196e-02	 -1,40909e-01
5324	  1,0646000000e+04	  1,99857e-02	 -1,39532e-01
5325	  1,0648000000e+04	  1,86131e-02	 -1,38560e-01
5326	  1,0650000000e+04	  2,01602e-02	 -1,35583e-01
5327	  1,0652000000e+04	  2,02319e-02	 -1,33674e-01
5328	  1,0654000000e+04	  1,77552e-02	 -1,38168e-01
5329	  1,0656000000e+04	  1,25453e-02	 -1,37119e-01
5330	  1,0658000000e+04	  8,89917e-03	 -1,33078e-01
5331	  1,0660000000e+04	  5,89780e-03	 -1,35752e-01
5332	  1,0662000000e+04	  8,59493e-03	 -1,33401e-01
5333	  1,0664000000e+04	  1,06868e-02	 -1,32111e-01
5334	  1,0666000000e+04	  5,35939e-03	 -1,31280e-01
5335	  1,0668000000e+04	  5,13132e-03	 -1,31316e-01
5336	  1,0670000000e+04	  5,03836e-03	 -1,29172e-01
5337	  1,0672000000e+04	  2,89321e-03	 -1,27981e-01
5338	  1,0674000000e+04	  1,59676e-03	 -1,29272e-01
5339	  1,0676000000e+04	  4,03585e-03	 -1,24196e-01
5340	  1,0678000000e+04	  2,05858e-03	 -1,21481e-01
5341	  1,0680000000e+04	  3,80155e-04	 -1,19968e-01
5342	  1,0682000000e+04	  1,01450e-03	 -1,18181e-01
5343	  1,0684000000e+04	  1,41869e-03	 -1,17339e-01
5344	  1,0686000000e+04	  1,06270e-03	 -1,16134e-01
5345	  1,0688000000e+04	  4,37717e-03	 -1,13579e-01
5346	  1,0690000000e+04	  7,11565e-03	 -1,14671e-01
5347	  1,0692000000e+04	  8,94989e-03	 -1,11538e-01
5348	  1,0694000000e+04	  9,70332e-03	 -1,06763e-01
5349	  1,0696000000e+04	  1,22495e-02	 -1,07855e-01
5350	  1,0698000000e+04	  1,81175e-02	 -1,09216e-01
5351	  1,0700000000e+04	  2,30018e-02	 -1,09864e-01
5352	  1,0702000000e+04	  2,37858e-02	 -1,11947e-01
5353	  1,0704000000e+04	  2,38312e-02	 -1,09528e-01
5354	  1,0706000000e+04	  2,99105e-02	 -1,10270e-01
5355	  1,0708000000e+04	  3,48155e-02	 -1,16679e-01
5356	  1,0710000000e+04	  3,43549e-02	 -1,19882e-01
5357	  1,0712000000e+04	  3,72959e-02	 -1,21397e-01
5358	  1,0714000000e+04	  3,91380e-02	 -1,27311e-01
5359	  1,0716000000e+04	  4,33008e-02	 -1,34184e-01
5360	  1,0718000000e+04	  4,56295e-02	 -1,37880e-01
5361	  1,0720000000e+04	  5,05207e-02	 -1,44919e-01
5362	  1,0722000000e+04	  5,32835e-02	 -1,51026e-01
5363	  1,0724000000e+04	  5,13981e-02	 -1,55278e-01
5364	  1,0726000000e+04	  4,46880e-02	 -1,60381e-01
5365	  1,0728000000e+04	  4,43633e-02	 -1,68416e-01
5366	  1,0730000000e+04	  4,68076e-02	 -1,79176e-01
5367	  1,0732000000e+04	  4,53241e-02	 -1,84599e-01
5368	  1,0734000000e+04	  3,93744e-02	 -1,90104e-01
5369	  1,0736000000e+04	  3,44630e-02	 -1,96315e-01
5370	  1,0738000000e+04	  2,81666e-02	 -2,01060e-01
5371	  1,0740000000e+04	  2,20004e-02	 -2,08059e-01
5372	  1,0742000000e+04	  1,52763e-02	 -2,14186e-01
5373	  1,0744000000e+04	  1,14719e-02	 -2,17827e-01
5374	  1,0746000000e+04	  7,36731e-03	 -2,22618e-01
5375	  1,0748000000e+04	  4,28901e-03	 -2,25212e-01
5376	  1,0750000000e+04	 -8,73299e-04	 -2,25793e-01
5377	  1,0752000000e+04	 -1,17086e-02	 -2,29966e-01
5378	  1,0754000000e+04	 -2,12564e-02	 -2,38698e-01
5379	  1,0756000000e+04	 -2,71581e-02	 -2,43340e-01
5380	  1,0758000000e+04	 -3,52111e-02	 -2,43414e-01
5381	  1,0760000000e+04	 -4,03366e-02	 -2,41419e-01
5382	  1,0762000000e+04	 -4,76510e-02	 -2,42063e-01
5383	  1,0764000000e+04	 -5,69960e-02	 -2,46607e-01
5384	  1,0766000000e+04	 -6,16916e-02	 -2,45646e-01
5385	  1,0768000000e+04	 -6,94516e-02	 -2,43433e-01
5386	  1,0770000000e+04	 -7,62440e-02	 -2,44259e-01
5387	  1,0772000000e+04	 -8,48834e-02	 -2,43077e-01
5388	  1,0774000000e+04	 -9,25934e-02	 -2,41719e-01
5389	  1,0776000000e+04	 -1,01569e-01	 -2,40971e-01
5390	  1,0778000000e+04	 -1,06697e-01	 -2,35467e-01
5391	  1,0780000000e+04	 -1,13263e-01	 -2,34299e-01
5392	  1,0782000000e+04	 -1,21090e-01	 -2,33530e-01
5393	  1,0784000000e+04	 -1,22119e-01	 -2,29726e-01
5394	  1,0786000000e+04	 -1,27181e-01	 -2,26972e-01
5395	  1,0788000000e+04	 -1,34657e-01	 -2,23516e-01
5396	  1,0790000000e+04	 -1,43187e-01	 -2,23440e-01
5397	  1,0792000000e+04	 -1,48055e-01	 -2,21858e-01
5398	  1,0794000000e+04	 -1,53514e-01	 -2,14671e-01
5399	  1,0796000000e+04	 -1,55971e-01	 -2,12901e-01
5400	  1,0798000000e+04	 -1,61344e-01	 -2,10678e-01
5401	  1,0800000000e+04	 -1,66534e-01	 -2,02838e-01
5402	  1,0802000000e+04	 -1,69101e-01	 -1,99530e-01
5403	  1,0804000000e+04	 -1,72164e-01	 -1,97757e-01
5404	  1,0806000000e+04	 -1,76927e-01	 -1,94759e-01
5405	  1,0808000000e+04	 -1,82354e-01	 -1,89595e-01
5406	  1,0810000000e+04	 -1,84119e-01	 -1,86923e-01
5407	  1,0812000000e+04	 -1,88261e-01	 -1,83605e-01
5408	  1,0814000000e+04	 -1,93904e-01	 -1,79740e-01
5409	  1,0816000000e+04	 -1,97895e-01	 -1,73496e-01
5410	  1,0818000000e+04	 -2,04940e-01	 -1,69675e-01
5411	  1,0820000000e+04	 -2,06416e-01	 -1,64639e-01
5412	  1,0822000000e+04	 -2,09785e-01	 -1,60644e-01
5413	  1,0824000000e+04	 -2,12584e-01	 -1,59850e-01
5414	  1,0826000000e+04	 -2,15769e-01	 -1,55877e-01
5415	  1,0828000000e+04	 -2,20050e-01	 -1,48945e-01
5416	  1,0830000000e+04	 -2,19796e-01	 -1,42795e-01
5417	  1,0832000000e+04	 -2,24539e-01	 -1,39533e-01
5418	  1,0834000000e+04	 -2,28244e-01	 -1,31745e-01
5419	  1,0836000000e+04	 -2,30440e-01	 -1,28154e-01
5420	  1,0838000000e+04	 -2,31368e-01	 -1,23979e-01
5421	  1,0840000000e+04	 -2,35926e-01	 -1,17910e-01
5422	  1,0842000000e+04	 -2,37353e-01	 -1,12270e-01
5423	  1,0844000000e+04	 -2,37394e-01	 -1,07859e-01
5424	  1,0846000000e+04	 -2,39781e-01	 -1,03885e-01
5425	  1,0848000000e+04	 -2,38667e-01	 -9,95722e-02
5426	  1,0850000000e+04	 -2,40559e-01	 -9,28023e-02
5427	  1,0852000000e+04	 -2,40908e-01	 -8,57267e-02
5428	  1,0854000000e+04	 -2,39348e-01	 -8,26542e-02
5429	  1,0856000000e+04	 -2,37283e-01	 -7,85595e-02
5430	  1,0858000000e+04	 -2,41310e-01	 -7,17539e-02
5431	  1,0860000000e+04	 -2,44315e-01	 -6,75144e-02
5432	  1,0862000000e+04	 -2,45280e-01	 -6,23872e-02
5433	  1,0864000000e+04	 -2,46311e-01	 -5,75255e-02
5434	  1,0866000000e+04	 -2,47106e-01	 -5,80266e-02
5435	  1,0868000000e+04	 -2,45635e-01	 -5,51927e-02
5436	  1,0870000000e+04	 -2,43729e-01	 -4,68695e-02
5437	  1,0872000000e+04	 -2,46113e-01	 -4,12578e-02
5438	  1,0874000000e+04	 -2,46705e-01	 -3,86162e-02
5439	  1,0876000000e+04	 -2,45544e-01	 -3,25969e-02
5440	  1,0878000000e+04	 -2,46344e-01	 -2,92391e-02
5441	  1,0880000000e+04	 -2,47824e-01	 -2,13185e-02
5442	  1,0882000000e+04	 -2,46754e-01	 -1,64722e-02
5443	  1,0884000000e+04	 -2,47152e-01	 -1,28841e-02
5444	  1,0886000000e+04	 -2,46120e-01	 -9,73842e-03
5445	  1,0888000000e+04	 -2,45392e-01	 -5,32908e-03
5446	  1,0890000000e+04	 -2,47588e-01	  1,49211e-03
5447	  1,0892000000e+04	 -2,45626e-01	  6,65190e-03
5448	  1,0894000000e+04	 -2,45099e-01	  7,47914e-03
5449	  1,0896000000e+04	 -2,46522e-01	  1,05333e-02
5450	  1,0898000000e+04	 -2,42183e-01	  1,76627e-02
5451	  1,0900000000e+04	 -2,42485e-01	  2,66593e-02
5452	  1,0902000000e+04	 -2,39750e-01	  3,13712e-02
5453	  1,0904000000e+04	 -2,35858e-01	  3,22094e-02
5454	  1,0906000000e+04	 -2,37826e-01	  3,76677e-02
5455	  1,0908000000e+04	 -2,37311e-01	  4,23910e-02
5456	  1,0910000000e+04	 -2,38046e-01	  4,92659e-02
5457	  1,0912000000e+04	 -2,32756e-01	  5,14018e-02
5458	  1,0914000000e+04	 -2,27508e-01	  5,68121e-02
5459	  1,0916000000e+04	 -2,27957e-01	  6,28410e-02
5460	  1,0918000000e+04	 -2,28042e-01	  6,51864e-02
5461	  1,0920000000e+04	 -2,25931e-01	  6,94585e-02
5462	  1,0922000000e+04	 -2,23560e-01	  7,47475e-02
5463	  1,0924000000e+04	 -2,20919e-01	  7,85924e-02
5464	  1,0926000000e+04	 -2,18080e-01	  8,22712e-02
5465	  1,0928000000e+04	 -2,14722e-01	  8,63263e-02
5466	  1,0930000000e+04	 -2,09512e-01	  8,80481e-02
5467	  1,0932000000e+04	 -2,11160e-01	  9,19443e-02
5468	  1,0934000000e+04	 -2,06928e-01	  9,81466e-02
5469	  1,0936000000e+04	 -2,02560e-01	  1,02984e-01
5470	  1,0938000000e+04	 -2,01456e-01	  1,02604e-01
5471	  1,0940000000e+04	 -2,00064e-01	  1,08990e-01
5472	  1,0942000000e+04	 -1,99360e-01	  1,10965e-01
5473	  1,0944000000e+04	 -1,90659e-01	  1,11663e-01
5474	  1,0946000000e+04	 -1,87175e-01	  1,15044e-01
5475	  1,0948000000e+04	 -1,86426e-01	  1,21508e-01
5476	  1,0950000000e+04	 -1,80823e-01	  1,23700e-01
5477	  1,0952000000e+04	 -1,76913e-01	  1,23428e-01
5478	  1,0954000000e+04	 -1,74982e-01	  1,26472e-01
5479	  1,0956000000e+04	 -1,73674e-01	  1,27309e-01
5480	  1,0958000000e+04	 -1,68966e-01	  1,33816e-01
5481	  1,0960000000e+04	 -1,67245e-01	  1,39025e-01
5482	  1,0962000000e+04	 -1,61441e-01	  1,41319e-01
5483	  1,0964000000e+04	 -1,56273e-01	  1,43250e-01
5484	  1,0966000000e+04	 -1,52653e-01	  1,43417e-01
5485	  1,0968000000e+04	 -1,49438e-01	  1,45443e-01
5486	  1,0970000000e+04	 -1,44661e-01	  1,45918e-01
5487	  1,0972000000e+04	 -1,36341e-01	  1,52181e-01
5488	  1,0974000000e+04	 -1,30525e-01	  1,56563e-01
5489	  1,0976000000e+04	 -1,30059e-01	  1,55394e-01
5490	  1,0978000000e+04	 -1,26329e-01	  1,55752e-01
5491	  1,0980000000e+04	 -1,21388e-01	  1,56139e-01
5492	  1,0982000000e+04	 -1,14664e-01	  1,53532e-01
5493	  1,0984000000e+04	 -1,10228e-01	  1,54444e-01
5494	  1,0986000000e+04	 -1,02628e-01	  1,55345e-01
5495	  1,0988000000e+04	 -9,95533e-02	  1,56206e-01
5496	  1,0990000000e+04	 -9,89067e-02	  1,56560e-01
5497	  1,0992000000e+04	 -9,33752e-02	  1,54286e-01
5498	  1,0994000000e+04	 -8,75663e-02	  1,57185e-01
5499	  1,0996000000e+04	 -8,54023e-02	  1,56973e-01
5500	  1,0998000000e+04	 -8,28741e-02	  1,57292e-01
5501	  1,1000000000e+04	 -7,83011e-02	  1,56980e-01
5502	  1,1002000000e+04	 -7,42870e-02	  1,55614e-01
5503	  1,1004000000e+04	 -6,93406e-02	  1,54793e-01
5504	  1,1006000000e+04	 -6,48848e-02	  1,55800e-01
5505	  1,1008000000e+04	 -6,67345e-02	  1,53174e-01
5506	  1,1010000000e+04	 -6,65921e-02	  1,50478e-01
5507	  1,1012000000e+04	 -6,34101e-02	  1,52184e-01
5508	  1,1014000000e+04	 -5,83387e-02	  1,50425e-01
5509	  1,1016000000e+04	 -5,27058e-02	  1,51134e-01
5510	  1,1018000000e+04	 -4,87673e-02	  1,52222e-01
5511	  1,1020000000e+04	 -4,56552e-02	  1,56594e-01
5512	  1,1022000000e+04	 -4,23364e-02	  1,58385e-01
5513	  1,1024000000e+04	 -4,04376e-02	  1,55000e-01
5514	  1,1026000000e+04	 -3,60505e-02	  1,51917e-01
5515	  1,1028000000e+04	 -3,09183e-02	  1,51892e-01
5516	  1,1030000000e+04	 -2,61627e-02	  1,49318e-01
5517	  1,1032000000e+04	 -2,30898e-02	  1,47625e-01
5518	  1,1034000000e+04	 -1,84707e-02	  1,49812e-01
5519	  1,1036000000e+04	 -1,61618e-02	  1,49297e-01
5520	  1,1038000000e+04	 -1,46373e-02	  1,43614e-01
5521	  1,1040000000e+04	 -1,12833e-02	  1,40179e-01
5522	  1,1042000000e+04	 -6,70865e-03	  1,40265e-01
5523	  1,1044000000e+04	 -2,09365e-03	  1,38166e-01
5524	  1,1046000000e+04	  1,64719e-03	  1,40409e-01
5525	  1,1048000000e+04	  6,73751e-03	  1,36995e-01
5526	  1,1050000000e+04	  7,16198e-03	  1,31543e-01
5527	  1,1052000000e+04	  7,87667e-03	  1,30602e-01
5528	  1,1054000000e+04	  1,27468e-02	  1,25696e-01
5529	  1,1056000000e+04	  1,47120e-02	  1,23654e-01
5530	  1,1058000000e+04	  1,56257e-02	  1,18506e-01
5531	  1,1060000000e+04	  1,86341e-02	  1,16634e-01
5532	  1,1062000000e+04	  1,95152e-02	  1,17219e-01
5533	  1,1064000000e+04	  1,77858e-02	  1,12706e-01
5534	  1,1066000000e+04	  1,89737e-02	  1,09696e-01
5535	  1,1068000000e+04	  2,06589e-02	  1,09017e-01
5536	  1,1070000000e+04	  2,20790e-02	  1,06673e-01
5537	  1,1072000000e+04	  2,60696e-02	  1,01937e-01
5538	  1,1074000000e+04	  2,95936e-02	  9,65351e-02
5539	  1,1076000000e+04	  2,89489e-02	  9,98170e-02
5540	  1,1078000000e+04	  2,83799e-02	  9,84377e-02
5541	  1,1080000000e+04	  2,79402e-02	  9,32412e-02
5542	  1,1082000000e+04	  2,60752e-02	  9,10796e-02
5543	  1,1084000000e+04	  2,73624e-02	  8,74536e-02
5544	  1,1086000000e+04	  2,99581e-02	  8,66991e-02
5545	  1,1088000000e+04	  2,97862e-02	  8,82813e-02
5546	  1,1090000000e+04	  2,76626e-02	  8,60631e-02
5547	  1,1092000000e+04	  3,16502e-02	  8,22063e-02
5548	  1,1094000000e+04	  3,59290e-02	  8,05627e-02
5549	  1,1096000000e+04	  3,61895e-02	  8,14097e-02
5550	  1,1098000000e+04	  3,78263e-02	  7,96989e-02
5551	  1,1100000000e+04	  3,78907e-02	  7,43712e-02
5552	  1,1102000000e+04	  3,57118e-02	  6,92305e-02
5553	  1,1104000000e+04	  3,85383e-02	  6,79904e-02
5554	  1,1106000000e+04	  4,23711e-02	  6,73695e-02
5555	  1,1108000000e+04	  4,18372e-02	  6,19606e-02
5556	  1,1110000000e+04	  4,20946e-02	  6,08630e-02
5557	  1,1112000000e+04	  4,00209e-02	  6,03899e-02
5558	  1,1114000000e+04	  4,27249e-02	  5,70971e-02
5559	  1,1116000000e+04	  4,42818e-02	  5,32626e-02
5560	  1,1118000000e+04	  4,65574e-02	  4,96480e-02
5561	  1,1120000000e+04	  4,48038e-02	  4,47714e-02
5562	  1,1122000000e+04	  4,52216e-02	  4,65582e-02
5563	  1,1124000000e+04	  4,64165e-02	  4,59309e-02
5564	  1,1126000000e+04	  4,73382e-02	  4,05756e-02
5565	  1,1128000000e+04	  4,67475e-02	  3,79742e-02
5566	  1,1130000000e+04	  4,19295e-02	  3,51944e-02
5567	  1,1132000000e+04	  4,18361e-02	  3,31343e-02
5568	  1,1134000000e+04	  4,25075e-02	  2,97679e-02
5569	  1,1136000000e+04	  4,30942e-02	  2,61379e-02
5570	  1,1138000000e+04	  3,91093e-02	  2,27628e-02
5571	  1,1140000000e+04	  3,47778e-02	  1,97255e-02
5572	  1,1142000000e+04	  3,55270e-02	  1,96939e-02
5573	  1,1144000000e+04	  3,42936e-02	  2,00175e-02
5574	  1,1146000000e+04	  3,50525e-02	  1,81141e-02
5575	  1,1148000000e+04	  3,43605e-02	  1,18100e-02
5576	  1,1150000000e+04	  3,23924e-02	  9,99003e-03
5577	  1,1152000000e+04	  3,01855e-02	  9,34043e-03
5578	  1,1154000000e+04	  2,62157e-02	  6,99931e-03
5579	  1,1156000000e+04	  2,72745e-02	  3,56774e-03
5580	  1,1158000000e+04	  2,61884e-02	  5,79958e-03
5581	  1,1160000000e+04	  2,30310e-02	  2,19448e-03
5582	  1,1162000000e+04	  2,16450e-02	  2,61453e-03
5583	  1,1164000000e+04	  1,86117e-02	  1,94956e-03
5584	  1,1166000000e+04	  2,02845e-02	  5,49780e-04
5585	  1,1168000000e+04	  1,82890e-02	 -1,31510e-03
5586	  1,1170000000e+04	  1,72156e-02	 -2,63923e-03
5587	  1,1172000000e+04	  1,38740e-02	 -2,74370e-03
5588	  1,1174000000e+04	  1,04628e-02	 -1,63075e-03
5589	  1,1176000000e+04	  9,70629e-03	 -3,29202e-03
5590	  1,1178000000e+04	  9,55079e-03	 -6,11615e-03
5591	  1,1180000000e+04	  5,81338e-03	 -4,06693e-03
5592	  1,1182000000e+04	  3,10113e-03	 -3,34851e-03
5593	  1,1184000000e+04	  1,21774e-03	 -8,12577e-03
5594	  1,1186000000e+04	 -1,65738e-03	 -9,85496e-03
5595	  1,1188000000e+04	  2,91286e-04	 -6,44382e-03
5596	  1,1190000000e+04	 -1,52114e-03	 -7,19154e-03
5597	  1,1192000000e+04	 -3,49643e-03	 -8,71680e-03
5598	  1,1194000000e+04	 -3,76870e-03	 -9,28996e-03
5599	  1,1196000000e+04	 -4,75430e-03	 -1,13042e-02
5600	  1,1198000000e+04	 -5,66940e-03	 -9,12068e-03
5601	  1,1200000000e+04	 -4,04485e-03	 -7,92837e-03
5602	  1,1202000000e+04	 -7,05077e-03	 -1,03739e-02
5603	  1,1204000000e+04	 -1,08302e-02	 -1,36885e-02
5604	  1,1206000000e+04	 -1,03737e-02	 -1,13885e-02
5605	  1,1208000000e+04	 -1,43311e-02	 -1,29799e-02
5606	  1,1210000000e+04	 -1,78101e-02	 -1,21824e-02
5607	  1,1212000000e+04	 -2,15576e-02	 -1,16667e-02
5608	  1,1214000000e+04	 -2,31544e-02	 -1,18421e-02
5609	  1,1216000000e+04	 -2,36887e-02	 -1,36799e-02
5610	  1,1218000000e+04	 -2,55393e-02	 -1,28551e-02
5611	  1,1220000000e+04	 -2,52908e-02	 -1,23876e-02
5612	  1,1222000000e+04	 -2,94409e-02	 -9,76964e-03
5613	  1,1224000000e+04	 -3,09721e-02	 -1,15676e-02
5614	  1,1226000000e+04	 -3,23444e-02	 -1,10585e-02
5615	  1,1228000000e+04	 -3,24233e-02	 -1,12037e-02
5616	  1,1230000000e+04	 -3,37601e-02	 -7,77530e-03
5617	  1,1232000000e+04	 -3,66465e-02	 -8,73791e-03
5618	  1,1234000000e+04	 -4,00289e-02	 -9,04386e-03
5619	  1,1236000000e+04	 -3,94361e-02	 -7,86984e-03
5620	  1,1238000000e+04	 -3,98611e-02	 -5,84023e-03
5621	  1,1240000000e+04	 -3,78815e-02	 -5,23084e-03
5622	  1,1242000000e+04	 -3,64662e-02	 -2,55816e-03
5623	  1,1244000000e+04	 -3,90971e-02	 -3,53303e-03
5624	  1,1246000000e+04	 -4,21866e-02	 -1,60383e-03
5625	  1,1248000000e+04	 -4,22300e-02	 -1,85740e-03
5626	  1,1250000000e+04	 -4,38582e-02	 -1,21958e-03
5627	  1,1252000000e+04	 -4,36968e-02	  1,94336e-03
5628	  1,1254000000e+04	 -4,53396e-02	  4,37651e-03
5629	  1,1256000000e+04	 -4,81606e-02	  3,36370e-03
5630	  1,1258000000e+04	 -4,87569e-02	  1,23419e-04
5631	  1,1260000000e+04	 -4,55686e-02	  2,43684e-03
5632	  1,1262000000e+04	 -4,68867e-02	  5,32839e-03
5633	  1,1264000000e+04	 -4,80738e-02	  5,07294e-03
5634	  1,1266000000e+04	 -4,81971e-02	  4,34301e-03
5635	  1,1268000000e+04	 -4,87720e-02	  4,89775e-03
5636	  1,1270000000e+04	 -4,82164e-02	  4,81827e-03
5637	  1,1272000000e+04	 -5,09433e-02	  8,23284e-03
5638	  1,1274000000e+04	 -5,15789e-02	  8,81536e-03
5639	  1,1276000000e+04	 -5,01188e-02	  1,02336e-02
5640	  1,1278000000e+04	 -5,44988e-02	  6,77094e-03
5641	  1,1280000000e+04	 -5,73394e-02	  6,09163e-03
5642	  1,1282000000e+04	 -5,63226e-02	  6,26609e-03
5643	  1,1284000000e+04	 -5,82582e-02	  7,84642e-03
5644	  1,1286000000e+04	 -5,87064e-02	  4,38801e-03
5645	  1,1288000000e+04	 -6,00163e-02	  6,06825e-03
5646	  1,1290000000e+04	 -6,12712e-02	  7,81286e-03
5647	  1,1292000000e+04	 -6,28245e-02	  8,15434e-03
5648	  1,1294000000e+04	 -6,26149e-02	  7,65649e-03
5649	  1,1296000000e+04	 -6,51685e-02	  9,95534e-03
5650	  1,1298000000e+04	 -6,76908e-02	  1,58930e-02
5651	  1,1300000000e+04	 -7,19418e-02	  1,60622e-02
5652	  1,1302000000e+04	 -7,08397e-02	  1,41308e-02
5653	  1,1304000000e+04	 -7,25411e-02	  1,99651e-02
5654	  1,1306000000e+04	 -7,68473e-02	  2,08640e-02
5655	  1,1308000000e+04	 -7,52107e-02	  1,99725e-02
5656	  1,1310000000e+04	 -7,51620e-02	  2,35771e-02
5657	  1,1312000000e+04	 -7,69012e-02	  2,47668e-02
5658	  1,1314000000e+04	 -7,77995e-02	  2,73327e-02
5659	  1,1316000000e+04	 -8,13787e-02	  3,11046e-02
5660	  1,1318000000e+04	 -7,95900e-02	  3,46006e-02
5661	  1,1320000000e+04	 -8,01380e-02	  3,37667e-02
5662	  1,1322000000e+04	 -8,20231e-02	  3,45784e-02
5663	  1,1324000000e+04	 -8,12382e-02	  3,80351e-02
5664	  1,1326000000e+04	 -8,58751e-02	  4,10912e-02
5665	  1,1328000000e+04	 -8,70361e-02	  4,63243e-02
5666	  1,1330000000e+04	 -8,28596e-02	  4,76215e-02
5667	  1,1332000000e+04	 -8,31616e-02	  4,82378e-02
5668	  1,1334000000e+04	 -8,42474e-02	  5,09477e-02
5669	  1,1336000000e+04	 -8,01575e-02	  5,27543e-02
5670	  1,1338000000e+04	 -8,09818e-02	  5,27988e-02
5671	  1,1340000000e+04	 -8,40966e-02	  5,80128e-02
5672	  1,1342000000e+04	 -8,36571e-02	  6,41237e-02
5673	  1,1344000000e+04	 -8,18473e-02	  6,17715e-02
5674	  1,1346000000e+04	 -8,17584e-02	  5,92510e-02
5675	  1,1348000000e+04	 -7,85754e-02	  6,41446e-02
5676	  1,1350000000e+04	 -7,73944e-02	  6,67435e-02
5677	  1,1352000000e+04	 -8,13221e-02	  6,38451e-02
5678	  1,1354000000e+04	 -7,68031e-02	  7,13227e-02
5679	  1,1356000000e+04	 -7,53581e-02	  6,98020e-02
5680	  1,1358000000e+04	 -7,60072e-02	  6,96934e-02
5681	  1,1360000000e+04	 -7,47366e-02	  7,29034e-02
5682	  1,1362000000e+04	 -7,76222e-02	  7,81601e-02
5683	  1,1364000000e+04	 -7,96466e-02	  7,95644e-02
5684	  1,1366000000e+04	 -7,89175e-02	  7,80413e-02
5685	  1,1368000000e+04	 -8,04043e-02	  7,85466e-02
5686	  1,1370000000e+04	 -7,69570e-02	  7,91531e-02
5687	  1,1372000000e+04	 -7,26145e-02	  8,18874e-02
5688	  1,1374000000e+04	 -7,52345e-02	  8,23080e-02
5689	  1,1376000000e+04	 -7,50075e-02	  8,73139e-02
5690	  1,1378000000e+04	 -7,19535e-02	  9,37846e-02
5691	  1,1380000000e+04	 -6,82613e-02	  9,64985e-02
5692	  1,1382000000e+04	 -6,91079e-02	  9,87439e-02
5693	  1,1384000000e+04	 -6,97097e-02	  9,91665e-02
5694	  1,1386000000e+04	 -6,92588e-02	  9,99072e-02
5695	  1,1388000000e+04	 -6,74506e-02	  1,02837e-01
5696	  1,1390000000e+04	 -6,46926e-02	  1,00153e-01
5697	  1,1392000000e+04	 -6,62632e-02	  9,98043e-02
5698	  1,1394000000e+04	 -6,50744e-02	  1,04121e-01
5699	  1,1396000000e+04	 -6,04951e-02	  1,06563e-01
5700	  1,1398000000e+04	 -5,60655e-02	  1,07322e-01
5701	  1,1400000000e+04	 -5,84576e-02	  1,07995e-01
5702	  1,1402000000e+04	 -5,22095e-02	  1,08753e-01
5703	  1,1404000000e+04	 -4,95552e-02	  1,11526e-01
5704	  1,1406000000e+04	 -4,90738e-02	  1,07157e-01
5705	  1,1408000000e+04	 -4,69391e-02	  1,09529e-01
5706	  1,1410000000e+04	 -4,79895e-02	  1,13603e-01
5707	  1,1412000000e+04	 -4,72012e-02	  1,10786e-01
5708	  1,1414000000e+04	 -4,42618e-02	  1,10908e-01
5709	  1,1416000000e+04	 -4,38902e-02	  1,12745e-01
5710	  1,1418000000e+04	 -4,59884e-02	  1,13818e-01
5711	  1,1420000000e+04	 -4,58500e-02	  1,14756e-01
5712	  1,1422000000e+04	 -4,28731e-02	  1,13025e-01
5713	  1,1424000000e+04	 -4,52531e-02	  1,13005e-01
5714	  1,1426000000e+04	 -4,29825e-02	  1,11706e-01
5715	  1,1428000000e+04	 -4,10961e-02	  1,14566e-01
5716	  1,1430000000e+04	 -4,18564e-02	  1,17563e-01
5717	  1,1432000000e+04	 -3,75218e-02	  1,16085e-01
5718	  1,1434000000e+04	 -3,68058e-02	  1,19891e-01
5719	  1,1436000000e+04	 -3,79889e-02	  1,17846e-01
5720	  1,1438000000e+04	 -3,99431e-02	  1,19423e-01
5721	  1,1440000000e+04	 -3,74012e-02	  1,20731e-01
5722	  1,1442000000e+04	 -3,65305e-02	  1,21507e-01
5723	  1,1444000000e+04	 -3,57236e-02	  1,23436e-01
5724	  1,1446000000e+04	 -3,29261e-02	  1,27217e-01
5725	  1,1448000000e+04	 -3,19155e-02	  1,29950e-01
5726	  1,1450000000e+04	 -3,20905e-02	  1,28458e-01
5727	  1,1452000000e+04	 -2,94014e-02	  1,29302e-01
5728	  1,1454000000e+04	 -2,78446e-02	  1,31312e-01
5729	  1,1456000000e+04	 -2,63897e-02	  1,34301e-01
5730	  1,1458000000e+04	 -2,50770e-02	  1,34724e-01
5731	  1,1460000000e+04	 -2,18303e-02	  1,35122e-01
5732	  1,1462000000e+04	 -1,98001e-02	  1,37644e-01
5733	  1,1464000000e+04	 -1,76352e-02	  1,43931e-01
5734	  1,1466000000e+04	 -1,52162e-02	  1,45177e-01
5735	  1,1468000000e+04	 -1,29876e-02	  1,41109e-01
5736	  1,1470000000e+04	 -1,14837e-02	  1,40732e-01
5737	  1,1472000000e+04	 -7,89356e-03	  1,40958e-01
5738	  1,1474000000e+04	 -7,58548e-03	  1,41996e-01
5739	  1,1476000000e+04	 -9,62627e-03	  1,42281e-01
5740	  1,1478000000e+04	 -6,20984e-03	  1,45400e-01
5741	  1,1480000000e+04	 -2,93590e-03	  1,43085e-01
5742	  1,1482000000e+04	  3,67353e-05	  1,41324e-01
5743	  1,1484000000e+04	  3,75255e-03	  1,43040e-01
5744	  1,1486000000e+04	  6,47480e-03	  1,44533e-01
5745	  1,1488000000e+04	  9,44470e-03	  1,41457e-01
5746	  1,1490000000e+04	  9,12948e-03	  1,41495e-01
5747	  1,1492000000e+04	  1,02140e-02	  1,40214e-01
5748	  1,1494000000e+04	  1,11231e-02	  1,38135e-01
5749	  1,1496000000e+04	  1,35459e-02	  1,40920e-01
5750	  1,1498000000e+04	  1,43000e-02	  1,42578e-01
5751	  1,1500000000e+04	  1,85274e-02	  1,39579e-01
5752	  1,1502000000e+04	  1,80920e-02	  1,36027e-01
5753	  1,1504000000e+04	  2,09415e-02	  1,36760e-01
5754	  1,1506000000e+04	  2,06527e-02	  1,36355e-01
5755	  1,1508000000e+04	  2,39272e-02	  1,36652e-01
5756	  1,1510000000e+04	  2,54248e-02	  1,37880e-01
5757	  1,1512000000e+04	  2,82446e-02	  1,35626e-01
5758	  1,1514000000e+04	  2,78121e-02	  1,36682e-01
5759	  1,1516000000e+04	  2,51615e-02	  1,38743e-01
5760	  1,1518000000e+04	  2,51974e-02	  1,37984e-01
5761	  1,1520000000e+04	  3,01119e-02	  1,35459e-01
5762	  1,1522000000e+04	  3,09679e-02	  1,32831e-01
5763	  1,1524000000e+04	  3,13160e-02	  1,34656e-01
5764	  1,1526000000e+04	  3,18722e-02	  1,35892e-01
5765	  1,1528000000e+04	  3,28912e-02	  1,36537e-01
5766	  1,1530000000e+04	  3,01729e-02	  1,33834e-01
5767	  1,1532000000e+04	  3,35947e-02	  1,34486e-01
5768	  1,1534000000e+04	  3,56194e-02	  1,39410e-01
5769	  1,1536000000e+04	  3,72510e-02	  1,37937e-01
5770	  1,1538000000e+04	  3,98875e-02	  1,35315e-01
5771	  1,1540000000e+04	  3,97082e-02	  1,38223e-01
5772	  1,1542000000e+04	  3,93575e-02	  1,38420e-01
5773	  1,1544000000e+04	  3,99755e-02	  1,39280e-01
5774	  1,1546000000e+04	  3,74632e-02	  1,39590e-01
5775	  1,1548000000e+04	  4,08880e-02	  1,40123e-01
5776	  1,1550000000e+04	  4,43348e-02	  1,39469e-01
5777	  1,1552000000e+04	  4,71141e-02	  1,39720e-01
5778	  1,1554000000e+04	  4,75366e-02	  1,39425e-01
5779	  1,1556000000e+04	  4,91713e-02	  1,38969e-01
5780	  1,1558000000e+04	  4,87991e-02	  1,41734e-01
5781	  1,1560000000e+04	  4,98904e-02	  1,45444e-01
5782	  1,1562000000e+04	  5,22693e-02	  1,43041e-01
5783	  1,1564000000e+04	  5,34850e-02	  1,40747e-01
5784	  1,1566000000e+04	  5,35841e-02	  1,41611e-01
5785	  1,1568000000e+04	  5,69932e-02	  1,43440e-01
5786	  1,1570000000e+04	  5,75187e-02	  1,44312e-01
5787	  1,1572000000e+04	  5,65857e-02	  1,46009e-01
5788	  1,1574000000e+04	  6,15325e-02	  1,45741e-01
5789	  1,1576000000e+04	  6,43148e-02	  1,43803e-01
5790	  1,1578000000e+04	  6,81201e-02	  1,45672e-01
5791	  1,1580000000e+04	  6,81672e-02	  1,46541e-01
5792	  1,1582000000e+04	  7,12540e-02	  1,44545e-01
5793	  1,1584000000e+04	  7,56923e-02	  1,45422e-01
5794	  1,1586000000e+04	  7,53975e-02	  1,50147e-01
5795	  1,1588000000e+04	  7,79043e-02	  1,49732e-01
5796	  1,1590000000e+04	  8,40810e-02	  1,47203e-01
5797	  1,1592000000e+04	  8,49412e-02	  1,44588e-01
5798	  1,1594000000e+04	  8,67492e-02	  1,44207e-01
5799	  1,1596000000e+04	  8,85169e-02	  1,42420e-01
5800	  1,1598000000e+04	  8,95302e-02	  1,45605e-01
5801	  1,1600000000e+04	  9,06936e-02	  1,43566e-01
5802	  1,1602000000e+04	  9,31197e-02	  1,43222e-01
5803	  1,1604000000e+04	  9,48280e-02	  1,42735e-01
5804	  1,1606000000e+04	  9,63726e-02	  1,40157e-01
5805	  1,1608000000e+04	  9,94031e-02	  1,38419e-01
5806	  1,1610000000e+04	  1,01360e-01	  1,39399e-01
5807	  1,1612000000e+04	  1,04071e-01	  1,41255e-01
5808	  1,1614000000e+04	  1,05934e-01	  1,39954e-01
5809	  1,1616000000e+04	  1,04787e-01	  1,39945e-01
5810	  1,1618000000e+04	  1,08314e-01	  1,41220e-01
5811	  1,1620000000e+04	  1,14045e-01	  1,35485e-01
5812	  1,1622000000e+04	  1,13312e-01	  1,34784e-01
5813	  1,1624000000e+04	  1,14827e-01	  1,33788e-01
5814	  1,1626000000e+04	  1,19417e-01	  1,36163e-01
5815	  1,1628000000e+04	  1,22211e-01	  1,33672e-01
5816	  1,1630000000e+04	  1,24303e-01	  1,30353e-01
5817	  1,1632000000e+04	  1,23350e-01	  1,30033e-01
5818	  1,1634000000e+04	  1,22549e-01	  1,28901e-01
5819	  1,1636000000e+04	  1,23652e-01	  1,28521e-01
5820	  1,1638000000e+04	  1,26096e-01	  1,26421e-01
5821	  1,1640000000e+04	  1,26246e-01	  1,25585e-01
5822	  1,1642000000e+04	  1,30838e-01	  1,23191e-01
5823	  1,1644000000e+04	  1,29772e-01	  1,22406e-01
5824	  1,1646000000e+04	  1,27956e-01	  1,20900e-01
5825	  1,1648000000e+04	  1,32506e-01	  1,20778e-01
5826	  1,1650000000e+04	  1,38165e-01	  1,22034e-01
5827	  1,1652000000e+04	  1,39500e-01	  1,19511e-01
5828	  1,1654000000e+04	  1,38992e-01	  1,20635e-01
5829	  1,1656000000e+04	  1,40464e-01	  1,22260e-01
5830	  1,1658000000e+04	  1,44168e-01	  1,21404e-01
5831	  1,1660000000e+04	  1,49262e-01	  1,19563e-01
5832	  1,1662000000e+04	  1,50120e-01	  1,18635e-01
5833	  1,1664000000e+04	  1,52337e-01	  1,14502e-01
5834	  1,1666000000e+04	  1,55350e-01	  1,12609e-01
5835	  1,1668000000e+04	  1,58181e-01	  1,12074e-01
5836	  1,1670000000e+04	  1,61727e-01	  1,07526e-01
5837	  1,1672000000e+04	  1,62802e-01	  1,06620e-01
5838	  1,1674000000e+04	  1,62206e-01	  1,04099e-01
5839	  1,1676000000e+04	  1,63403e-01	  1,02888e-01
5840	  1,1678000000e+04	  1,65155e-01	  1,00292e-01
5841	  1,1680000000e+04	  1,71305e-01	  9,80268e-02
5842	  1,1682000000e+04	  1,71095e-01	  9,84718e-02
5843	  1,1684000000e+04	  1,71775e-01	  9,65360e-02
5844	  1,1686000000e+04	  1,76386e-01	  9,06271e-02
5845	  1,1688000000e+04	  1,76911e-01	  8,65248e-02
5846	  1,1690000000e+04	  1,73457e-01	  8,69473e-02
5847	  1,1692000000e+04	  1,75087e-01	  8,33571e-02
5848	  1,1694000000e+04	  1,76192e-01	  7,84213e-02
5849	  1,1696000000e+04	  1,81092e-01	  7,81725e-02
5850	  1,1698000000e+04	  1,81724e-01	  7,73760e-02
5851	  1,1700000000e+04	  1,82666e-01	  7,24567e-02
5852	  1,1702000000e+04	  1,83082e-01	  7,02632e-02
5853	  1,1704000000e+04	  1,82884e-01	  7,10006e-02
5854	  1,1706000000e+04	  1,83913e-01	  6,82823e-02
5855	  1,1708000000e+04	  1,85737e-01	  6,73030e-02
5856	  1,1710000000e+04	  1,87320e-01	  6,24655e-02
5857	  1,1712000000e+04	  1,86608e-01	  6,23506e-02
5858	  1,1714000000e+04	  1,85572e-01	  6,00961e-02
5859	  1,1716000000e+04	  1,88518e-01	  5,95986e-02
5860	  1,1718000000e+04	  1,90592e-01	  5,76135e-02
5861	  1,1720000000e+04	  1,92267e-01	  5,70201e-02
5862	  1,1722000000e+04	  1,95052e-01	  5,48945e-02
5863	  1,1724000000e+04	  1,98687e-01	  5,28869e-02
5864	  1,1726000000e+04	  1,99843e-01	  4,90990e-02
5865	  1,1728000000e+04	  1,95366e-01	  4,67774e-02
5866	  1,1730000000e+04	  1,94558e-01	  4,25494e-02
5867	  1,1732000000e+04	  1,96033e-01	  4,03542e-02
5868	  1,1734000000e+04	  1,96868e-01	  3,78983e-02
5869	  1,1736000000e+04	  1,99132e-01	  3,50505e-02
5870	  1,1738000000e+04	  2,03557e-01	  3,46297e-02
5871	  1,1740000000e+04	  2,00429e-01	  2,95773e-02
5872	  1,1742000000e+04	  2,01626e-01	  2,78125e-02
5873	  1,1744000000e+04	  2,00323e-01	  2,75289e-02
5874	  1,1746000000e+04	  2,00776e-01	  2,14750e-02
5875	  1,1748000000e+04	  2,04107e-01	  2,06885e-02
5876	  1,1750000000e+04	  2,05246e-01	  1,97798e-02
5877	  1,1752000000e+04	  2,08017e-01	  1,40979e-02
5878	  1,1754000000e+04	  2,04715e-01	  9,37588e-03
5879	  1,1756000000e+04	  2,03707e-01	  8,60504e-03
5880	  1,1758000000e+04	  2,02556e-01	  7,09779e-03
5881	  1,1760000000e+04	  2,01539e-01	  4,88293e-03
5882	  1,1762000000e+04	  2,02190e-01	  1,91565e-03
5883	  1,1764000000e+04	  2,02061e-01	 -1,19098e-03
5884	  1,1766000000e+04	  1,98784e-01	 -4,33789e-03
5885	  1,1768000000e+04	  1,97869e-01	 -1,12413e-02
5886	  1,1770000000e+04	  1,99459e-01	 -1,22876e-02
5887	  1,1772000000e+04	  1,98031e-01	 -9,33828e-03
5888	  1,1774000000e+04	  1,95744e-01	 -8,49713e-03
5889	  1,1776000000e+04	  1,97050e-01	 -1,28533e-02
5890	  1,1778000000e+04	  1,96606e-01	 -1,62759e-02
5891	  1,1780000000e+04	  1,96189e-01	 -1,69473e-02
5892	  1,1782000000e+04	  1,99109e-01	 -1,82264e-02
5893	  1,1784000000e+04	  1,98043e-01	 -1,84711e-02
5894	  1,1786000000e+04	  1,97170e-01	 -1,81143e-02
5895	  1,1788000000e+04	  1,95462e-01	 -1,93796e-02
5896	  1,1790000000e+04	  1,95024e-01	 -2,17642e-02
5897	  1,1792000000e+04	  1,96022e-01	 -2,50177e-02
5898	  1,1794000000e+04	  1,96974e-01	 -2,70990e-02
5899	  1,1796000000e+04	  1,96329e-01	 -2,73026e-02
5900	  1,1798000000e+04	  1,93875e-01	 -2,88989e-02
5901	  1,1800000000e+04	  1,93535e-01	 -2,87444e-02
5902	  1,1802000000e+04	  1,94090e-01	 -2,96916e-02
5903	  1,1804000000e+04	  1,92206e-01	 -3,44939e-02
5904	  1,1806000000e+04	  1,92083e-01	 -3,65996e-02
5905	  1,1808000000e+04	  1,92147e-01	 -4,04122e-02
5906	  1,1810000000e+04	  1,96371e-01	 -4,10911e-02
5907	  1,1812000000e+04	  1,96900e-01	 -3,98190e-02
5908	  1,1814000000e+04	  1,93464e-01	 -3,95953e-02
5909	  1,1816000000e+04	  1,91128e-01	 -4,32430e-02
5910	  1,1818000000e+04	  1,91731e-01	 -4,57376e-02
5911	  1,1820000000e+04	  1,93573e-01	 -4,67626e-02
5912	  1,1822000000e+04	  1,92381e-01	 -4,58713e-02
5913	  1,1824000000e+04	  1,91758e-01	 -4,65889e-02
5914	  1,1826000000e+04	  1,89155e-01	 -4,92760e-02
5915	  1,1828000000e+04	  1,90076e-01	 -5,36656e-02
5916	  1,1830000000e+04	  1,89128e-01	 -5,34533e-02
5917	  1,1832000000e+04	  1,88927e-01	 -5,29763e-02
5918	  1,1834000000e+04	  1,92888e-01	 -5,46853e-02
5919	  1,1836000000e+04	  1,92804e-01	 -5,39260e-02
5920	  1,1838000000e+04	  1,91054e-01	 -5,52494e-02
5921	  1,1840000000e+04	  1,91250e-01	 -5,76793e-02
5922	  1,1842000000e+04	  1,94363e-01	 -5,89979e-02
5923	  1,1844000000e+04	  1,93963e-01	 -5,76710e-02
5924	  1,1846000000e+04	  1,91885e-01	 -6,13497e-02
5925	  1,1848000000e+04	  1,94356e-01	 -6,15570e-02
5926	  1,1850000000e+04	  1,93884e-01	 -6,51431e-02
5927	  1,1852000000e+04	  1,96545e-01	 -6,83254e-02
5928	  1,1854000000e+04	  1,99030e-01	 -7,13285e-02
5929	  1,1856000000e+04	  1,97276e-01	 -7,24194e-02
5930	  1,1858000000e+04	  1,96238e-01	 -7,36783e-02
5931	  1,1860000000e+04	  1,98717e-01	 -7,79966e-02
5932	  1,1862000000e+04	  1,99167e-01	 -8,35259e-02
5933	  1,1864000000e+04	  1,98583e-01	 -8,63768e-02
5934	  1,1866000000e+04	  2,00207e-01	 -8,40493e-02
5935	  1,1868000000e+04	  2,02843e-01	 -8,72048e-02
5936	  1,1870000000e+04	  2,01317e-01	 -9,11454e-02
5937	  1,1872000000e+04	  2,03155e-01	 -9,21276e-02
5938	  1,1874000000e+04	  1,99393e-01	 -9,75831e-02
5939	  1,1876000000e+04	  1,99320e-01	 -1,02742e-01
5940	  1,1878000000e+04	  2,02130e-01	 -1,05470e-01
5941	  1,1880000000e+04	  1,99155e-01	 -1,10143e-01
5942	  1,1882000000e+04	  1,97746e-01	 -1,10018e-01
5943	  1,1884000000e+04	  1,94797e-01	 -1,11363e-01
5944	  1,1886000000e+04	  1,93209e-01	 -1,13925e-01
5945	  1,1888000000e+04	  1,94257e-01	 -1,21531e-01
5946	  1,1890000000e+04	  1,90541e-01	 -1,24624e-01
5947	  1,1892000000e+04	  1,85391e-01	 -1,24148e-01
5948	  1,1894000000e+04	  1,83011e-01	 -1,23775e-01
5949	  1,1896000000e+04	  1,83854e-01	 -1,26958e-01
5950	  1,1898000000e+04	  1,83227e-01	 -1,30827e-01
5951	  1,1900000000e+04	  1,78901e-01	 -1,32451e-01
5952	  1,1902000000e+04	  1,75579e-01	 -1,29560e-01
5953	  1,1904000000e+04	  1,75649e-01	 -1,30427e-01
5954	  1,1906000000e+04	  1,74620e-01	 -1,31389e-01
5955	  1,1908000000e+04	  1,75299e-01	 -1,32773e-01
5956	  1,1910000000e+04	  1,72532e-01	 -1,34918e-01
5957	  1,1912000000e+04	  1,73405e-01	 -1,39777e-01
5958	  1,1914000000e+04	  1,73500e-01	 -1,43961e-01
5959	  1,1916000000e+04	  1,71683e-01	 -1,44878e-01
5960	  1,1918000000e+04	  1,70559e-01	 -1,42534e-01
5961	  1,1920000000e+04	  1,66350e-01	 -1,41421e-01
5962	  1,1922000000e+04	  1,65816e-01	 -1,45256e-01
5963	  1,1924000000e+04	  1,70995e-01	 -1,48527e-01
5964	  1,1926000000e+04	  1,71290e-01	 -1,48803e-01
5965	  1,1928000000e+04	  1,70870e-01	 -1,49436e-01
5966	  1,1930000000e+04	  1,72606e-01	 -1,50502e-01
5967	  1,1932000000e+04	  1,73599e-01	 -1,53277e-01
5968	  1,1934000000e+04	  1,73510e-01	 -1,56667e-01
5969	  1,1936000000e+04	  1,75439e-01	 -1,58570e-01
5970	  1,1938000000e+04	  1,75750e-01	 -1,63160e-01
5971	  1,1940000000e+04	  1,71083e-01	 -1,66595e-01
5972	  1,1942000000e+04	  1,70655e-01	 -1,68444e-01
5973	  1,1944000000e+04	  1,71028e-01	 -1,70766e-01
5974	  1,1946000000e+04	  1,71016e-01	 -1,75180e-01
5975	  1,1948000000e+04	  1,69862e-01	 -1,78787e-01
5976	  1,1950000000e+04	  1,69491e-01	 -1,79404e-01
5977	  1,1952000000e+04	  1,69841e-01	 -1,81381e-01
5978	  1,1954000000e+04	  1,68308e-01	 -1,87823e-01
5979	  1,1956000000e+04	  1,66926e-01	 -1,91836e-01
5980	  1,1958000000e+04	  1,62572e-01	 -1,93112e-01
5981	  1,1960000000e+04	  1,60053e-01	 -1,92295e-01
5982	  1,1962000000e+04	  1,61827e-01	 -1,96992e-01
5983	  1,1964000000e+04	  1,59707e-01	 -2,03803e-01
5984	  1,1966000000e+04	  1,57301e-01	 -2,06707e-01
5985	  1,1968000000e+04	  1,52808e-01	 -2,09648e-01
5986	  1,1970000000e+04	  1,48981e-01	 -2,12956e-01
5987	  1,1972000000e+04	  1,50761e-01	 -2,12116e-01
5988	  1,1974000000e+04	  1,48454e-01	 -2,13714e-01
5989	  1,1976000000e+04	  1,44261e-01	 -2,17626e-01
5990	  1,1978000000e+04	  1,39334e-01	 -2,20826e-01
5991	  1,1980000000e+04	  1,36815e-01	 -2,23735e-01
5992	  1,1982000000e+04	  1,33622e-01	 -2,27913e-01
5993	  1,1984000000e+04	  1,33869e-01	 -2,29756e-01
5994	  1,1986000000e+04	  1,32643e-01	 -2,34645e-01
5995	  1,1988000000e+04	  1,30112e-01	 -2,34112e-01
5996	  1,1990000000e+04	  1,28943e-01	 -2,34359e-01
5997	  1,1992000000e+04	  1,26242e-01	 -2,35162e-01
5998	  1,1994000000e+04	  1,21447e-01	 -2,35438e-01
5999	  1,1996000000e+04	  1,15875e-01	 -2,41251e-01
6000	  1,1998000000e+04	  1,15471e-01	 -2,46634e-01
6001	  1,2000000000e+04	  1,14290e-01	 -2,51834e-01
6002	  1,2002000000e+04	  1,12320e-01	 -2,50426e-01
6003	  1,2004000000e+04	  1,08217e-01	 -2,50269e-01
6004	  1,2006000000e+04	  1,03229e-01	 -2,51463e-01
6005	  1,2008000000e+04	  1,00349e-01	 -2,54417e-01
6006	  1,2010000000e+04	  9,90614e-02	 -2,56898e-01
6007	  1,2012000000e+04	  9,79477e-02	 -2,55581e-01
6008	  1,2014000000e+04	  9,37093e-02	 -2,57722e-01
6009	  1,2016000000e+04	  9,10114e-02	 -2,62355e-01
6010	  1,2018000000e+04	  8,69331e-02	 -2,60375e-01
6011	  1,2020000000e+04	  8,54564e-02	 -2,61260e-01
6012	  1,2022000000e+04	  7,98301e-02	 -2,62855e-01
6013	  1,2024000000e+04	  7,42367e-02	 -2,68355e-01
6014	  1,2026000000e+04	  7,46794e-02	 -2,71353e-01
6015	  1,2028000000e+04	  7,35720e-02	 -2,67300e-01
6016	  1,2030000000e+04	  6,86584e-02	 -2,68426e-01
6017	  1,2032000000e+04	  6,86571e-02	 -2,70456e-01
6018	  1,2034000000e+04	  6,65736e-02	 -2,70723e-01
6019	  1,2036000000e+04	  6,34770e-02	 -2,73957e-01
6020	  1,2038000000e+04	  5,83728e-02	 -2,74437e-01
6021	  1,2040000000e+04	  5,29692e-02	 -2,77402e-01
6022	  1,2042000000e+04	  5,33936e-02	 -2,76162e-01
6023	  1,2044000000e+04	  4,80415e-02	 -2,76468e-01
6024	  1,2046000000e+04	  4,32463e-02	 -2,78557e-01
6025	  1,2048000000e+04	  4,16358e-02	 -2,79607e-01
6026	  1,2050000000e+04	  3,88555e-02	 -2,81542e-01
6027	  1,2052000000e+04	  3,73866e-02	 -2,79110e-01
6028	  1,2054000000e+04	  3,14594e-02	 -2,80263e-01
6029	  1,2056000000e+04	  3,03835e-02	 -2,84112e-01
6030	  1,2058000000e+04	  3,08082e-02	 -2,86288e-01
6031	  1,2060000000e+04	  3,00882e-02	 -2,83565e-01
6032	  1,2062000000e+04	  2,66675e-02	 -2,84552e-01
6033	  1,2064000000e+04	  2,43514e-02	 -2,88448e-01
6034	  1,2066000000e+04	  1,94285e-02	 -2,88487e-01
6035	  1,2068000000e+04	  1,12441e-02	 -2,90054e-01
6036	  1,2070000000e+04	  7,92071e-03	 -2,93519e-01
6037	  1,2072000000e+04	  6,17242e-03	 -2,98020e-01
6038	  1,2074000000e+04	  2,96801e-03	 -2,96375e-01
6039	  1,2076000000e+04	  2,39345e-03	 -2,98907e-01
6040	  1,2078000000e+04	  2,42482e-03	 -3,02770e-01
6041	  1,2080000000e+04	 -1,81804e-03	 -3,01340e-01
6042	  1,2082000000e+04	 -9,40135e-03	 -3,01933e-01
6043	  1,2084000000e+04	 -1,68261e-02	 -3,02802e-01
6044	  1,2086000000e+04	 -1,72787e-02	 -3,05808e-01
6045	  1,2088000000e+04	 -2,22259e-02	 -3,10850e-01
6046	  1,2090000000e+04	 -2,87658e-02	 -3,09912e-01
6047	  1,2092000000e+04	 -3,07985e-02	 -3,12841e-01
6048	  1,2094000000e+04	 -3,22684e-02	 -3,12033e-01
6049	  1,2096000000e+04	 -3,49238e-02	 -3,13934e-01
6050	  1,2098000000e+04	 -4,10668e-02	 -3,17612e-01
6051	  1,2100000000e+04	 -4,42890e-02	 -3,15363e-01
6052	  1,2102000000e+04	 -5,26814e-02	 -3,17437e-01
6053	  1,2104000000e+04	 -5,94037e-02	 -3,17525e-01
6054	  1,2106000000e+04	 -6,73436e-02	 -3,15273e-01
6055	  1,2108000000e+04	 -6,86920e-02	 -3,15061e-01
6056	  1,2110000000e+04	 -7,01444e-02	 -3,19395e-01
6057	  1,2112000000e+04	 -7,53019e-02	 -3,15443e-01
6058	  1,2114000000e+04	 -8,31956e-02	 -3,11867e-01
6059	  1,2116000000e+04	 -8,49494e-02	 -3,15559e-01
6060	  1,2118000000e+04	 -9,31040e-02	 -3,16699e-01
6061	  1,2120000000e+04	 -1,00355e-01	 -3,14639e-01
6062	  1,2122000000e+04	 -1,04326e-01	 -3,16303e-01
6063	  1,2124000000e+04	 -1,10172e-01	 -3,15716e-01
6064	  1,2126000000e+04	 -1,14039e-01	 -3,15138e-01
6065	  1,2128000000e+04	 -1,18700e-01	 -3,13691e-01
6066	  1,2130000000e+04	 -1,22375e-01	 -3,13239e-01
6067	  1,2132000000e+04	 -1,26816e-01	 -3,11390e-01
6068	  1,2134000000e+04	 -1,32520e-01	 -3,03707e-01
6069	  1,2136000000e+04	 -1,37248e-01	 -3,03305e-01
6070	  1,2138000000e+04	 -1,44774e-01	 -2,99968e-01
6071	  1,2140000000e+04	 -1,49922e-01	 -3,00616e-01
6072	  1,2142000000e+04	 -1,51106e-01	 -2,99469e-01
6073	  1,2144000000e+04	 -1,56489e-01	 -2,97216e-01
6074	  1,2146000000e+04	 -1,58396e-01	 -2,94162e-01
6075	  1,2148000000e+04	 -1,61359e-01	 -2,91680e-01
6076	  1,2150000000e+04	 -1,67160e-01	 -2,90861e-01
6077	  1,2152000000e+04	 -1,72185e-01	 -2,88643e-01
6078	  1,2154000000e+04	 -1,77461e-01	 -2,86980e-01
6079	  1,2156000000e+04	 -1,85282e-01	 -2,82035e-01
6080	  1,2158000000e+04	 -1,88576e-01	 -2,80767e-01
6081	  1,2160000000e+04	 -1,90728e-01	 -2,74687e-01
6082	  1,2162000000e+04	 -1,94012e-01	 -2,70598e-01
6083	  1,2164000000e+04	 -1,96094e-01	 -2,69634e-01
6084	  1,2166000000e+04	 -2,00947e-01	 -2,67450e-01
6085	  1,2168000000e+04	 -2,03336e-01	 -2,65231e-01
6086	  1,2170000000e+04	 -2,04802e-01	 -2,64393e-01
6087	  1,2172000000e+04	 -2,08436e-01	 -2,63896e-01
6088	  1,2174000000e+04	 -2,13937e-01	 -2,58259e-01
6089	  1,2176000000e+04	 -2,16049e-01	 -2,56264e-01
6090	  1,2178000000e+04	 -2,19154e-01	 -2,54270e-01
6091	  1,2180000000e+04	 -2,23443e-01	 -2,52058e-01
6092	  1,2182000000e+04	 -2,25938e-01	 -2,46451e-01
6093	  1,2184000000e+04	 -2,28636e-01	 -2,48912e-01
6094	  1,2186000000e+04	 -2,33135e-01	 -2,49106e-01
6095	  1,2188000000e+04	 -2,41362e-01	 -2,44869e-01
6096	  1,2190000000e+04	 -2,43898e-01	 -2,40834e-01
6097	  1,2192000000e+04	 -2,45526e-01	 -2,36622e-01
6098	  1,2194000000e+04	 -2,52782e-01	 -2,34106e-01
6099	  1,2196000000e+04	 -2,53669e-01	 -2,31110e-01
6100	  1,2198000000e+04	 -2,57113e-01	 -2,27784e-01
6101	  1,2200000000e+04	 -2,63804e-01	 -2,25265e-01
6102	  1,2202000000e+04	 -2,67963e-01	 -2,20900e-01
6103	  1,2204000000e+04	 -2,69502e-01	 -2,19452e-01
6104	  1,2206000000e+04	 -2,69904e-01	 -2,15986e-01
6105	  1,2208000000e+04	 -2,72246e-01	 -2,11963e-01
6106	  1,2210000000e+04	 -2,78549e-01	 -2,05701e-01
6107	  1,2212000000e+04	 -2,83276e-01	 -2,03027e-01
6108	  1,2214000000e+04	 -2,88298e-01	 -1,99557e-01
6109	  1,2216000000e+04	 -2,92225e-01	 -1,96433e-01
6110	  1,2218000000e+04	 -2,94161e-01	 -1,96048e-01
6111	  1,2220000000e+04	 -2,93891e-01	 -1,93410e-01
6112	  1,2222000000e+04	 -2,96327e-01	 -1,84239e-01
6113	  1,2224000000e+04	 -3,04585e-01	 -1,76968e-01
6114	  1,2226000000e+04	 -3,12298e-01	 -1,72284e-01
6115	  1,2228000000e+04	 -3,13949e-01	 -1,67718e-01
6116	  1,2230000000e+04	 -3,12182e-01	 -1,64799e-01
6117	  1,2232000000e+04	 -3,14831e-01	 -1,62783e-01
6118	  1,2234000000e+04	 -3,16650e-01	 -1,56670e-01
6119	  1,2236000000e+04	 -3,19269e-01	 -1,51565e-01
6120	  1,2238000000e+04	 -3,22875e-01	 -1,47368e-01
6121	  1,2240000000e+04	 -3,27028e-01	 -1,42647e-01
6122	  1,2242000000e+04	 -3,31645e-01	 -1,35890e-01
6123	  1,2244000000e+04	 -3,31506e-01	 -1,27976e-01
6124	  1,2246000000e+04	 -3,34174e-01	 -1,23448e-01
6125	  1,2248000000e+04	 -3,37465e-01	 -1,19067e-01
6126	  1,2250000000e+04	 -3,38438e-01	 -1,14397e-01
6127	  1,2252000000e+04	 -3,41698e-01	 -1,04673e-01
6128	  1,2254000000e+04	 -3,44815e-01	 -9,82761e-02
6129	  1,2256000000e+04	 -3,44965e-01	 -9,38824e-02
6130	  1,2258000000e+04	 -3,47004e-01	 -8,81727e-02
6131	  1,2260000000e+04	 -3,46062e-01	 -8,31043e-02
6132	  1,2262000000e+04	 -3,45922e-01	 -7,79207e-02
6133	  1,2264000000e+04	 -3,45391e-01	 -7,39693e-02
6134	  1,2266000000e+04	 -3,46484e-01	 -6,84524e-02
6135	  1,2268000000e+04	 -3,44771e-01	 -5,95862e-02
6136	  1,2270000000e+04	 -3,43610e-01	 -5,39253e-02
6137	  1,2272000000e+04	 -3,45036e-01	 -4,67566e-02
6138	  1,2274000000e+04	 -3,47480e-01	 -4,13296e-02
6139	  1,2276000000e+04	 -3,48781e-01	 -3,55387e-02
6140	  1,2278000000e+04	 -3,45731e-01	 -3,07099e-02
6141	  1,2280000000e+04	 -3,44710e-01	 -2,74981e-02
6142	  1,2282000000e+04	 -3,45262e-01	 -2,43292e-02
6143	  1,2284000000e+04	 -3,45012e-01	 -1,93532e-02
6144	  1,2286000000e+04	 -3,43732e-01	 -1,34303e-02
6145	  1,2288000000e+04	 -3,45107e-01	 -7,74490e-03
6146	  1,2290000000e+04	 -3,44733e-01	 -5,69086e-03
6147	  1,2292000000e+04	 -3,42875e-01	 -4,95202e-04
6148	  1,2294000000e+04	 -3,40853e-01	  5,12986e-03
6149	  1,2296000000e+04	 -3,37094e-01	  1,22970e-02
6150	  1,2298000000e+04	 -3,38806e-01	  1,62008e-02
6151	  1,2300000000e+04	 -3,37146e-01	  2,00702e-02
6152	  1,2302000000e+04	 -3,36540e-01	  2,25352e-02
6153	  1,2304000000e+04	 -3,34746e-01	  2,75941e-02
6154	  1,2306000000e+04	 -3,34125e-01	  3,49364e-02
6155	  1,2308000000e+04	 -3,33846e-01	  4,12882e-02
6156	  1,2310000000e+04	 -3,33913e-01	  4,18137e-02
6157	  1,2312000000e+04	 -3,29413e-01	  4,88355e-02
6158	  1,2314000000e+04	 -3,29612e-01	  5,75868e-02
6159	  1,2316000000e+04	 -3,29271e-01	  6,03988e-02
6160	  1,2318000000e+04	 -3,26539e-01	  6,65522e-02
6161	  1,2320000000e+04	 -3,26592e-01	  7,00030e-02
6162	  1,2322000000e+04	 -3,21857e-01	  7,16920e-02
6163	  1,2324000000e+04	 -3,21236e-01	  7,82119e-02
6164	  1,2326000000e+04	 -3,18816e-01	  8,27189e-02
6165	  1,2328000000e+04	 -3,14754e-01	  8,84135e-02
6166	  1,2330000000e+04	 -3,17746e-01	  9,34281e-02
6167	  1,2332000000e+04	 -3,16466e-01	  9,45396e-02
6168	  1,2334000000e+04	 -3,10832e-01	  9,87932e-02
6169	  1,2336000000e+04	 -3,06200e-01	  1,01729e-01
6170	  1,2338000000e+04	 -3,05670e-01	  1,04714e-01
6171	  1,2340000000e+04	 -3,01488e-01	  1,07957e-01
6172	  1,2342000000e+04	 -2,96169e-01	  1,10708e-01
6173	  1,2344000000e+04	 -2,94878e-01	  1,14334e-01
6174	  1,2346000000e+04	 -2,94180e-01	  1,16354e-01
6175	  1,2348000000e+04	 -2,92569e-01	  1,23592e-01
6176	  1,2350000000e+04	 -2,89412e-01	  1,27851e-01
6177	  1,2352000000e+04	 -2,85375e-01	  1,32344e-01
6178	  1,2354000000e+04	 -2,84260e-01	  1,33402e-01
6179	  1,2356000000e+04	 -2,78136e-01	  1,32172e-01
6180	  1,2358000000e+04	 -2,74473e-01	  1,37512e-01
6181	  1,2360000000e+04	 -2,71725e-01	  1,44578e-01
6182	  1,2362000000e+04	 -2,70881e-01	  1,48764e-01
6183	  1,2364000000e+04	 -2,68933e-01	  1,51274e-01
6184	  1,2366000000e+04	 -2,66358e-01	  1,56595e-01
6185	  1,2368000000e+04	 -2,64212e-01	  1,62135e-01
6186	  1,2370000000e+04	 -2,58698e-01	  1,63824e-01
6187	  1,2372000000e+04	 -2,54432e-01	  1,67970e-01
6188	  1,2374000000e+04	 -2,51848e-01	  1,73512e-01
6189	  1,2376000000e+04	 -2,47098e-01	  1,77435e-01
6190	  1,2378000000e+04	 -2,43238e-01	  1,81141e-01
6191	  1,2380000000e+04	 -2,41962e-01	  1,82557e-01
6192	  1,2382000000e+04	 -2,37505e-01	  1,82738e-01
6193	  1,2384000000e+04	 -2,30512e-01	  1,84645e-01
6194	  1,2386000000e+04	 -2,26924e-01	  1,87417e-01
6195	  1,2388000000e+04	 -2,25646e-01	  1,91770e-01
6196	  1,2390000000e+04	 -2,23466e-01	  1,95605e-01
6197	  1,2392000000e+04	 -2,20350e-01	  1,95818e-01
6198	  1,2394000000e+04	 -2,14484e-01	  1,95288e-01
6199	  1,2396000000e+04	 -2,09337e-01	  1,95760e-01
6200	  1,2398000000e+04	 -2,05376e-01	  1,99861e-01
6201	  1,2400000000e+04	 -2,03711e-01	  2,01087e-01
6202	  1,2402000000e+04	 -2,00322e-01	  2,03922e-01
6203	  1,2404000000e+04	 -1,91910e-01	  2,06948e-01
6204	  1,2406000000e+04	 -1,86871e-01	  2,11044e-01
6205	  1,2408000000e+04	 -1,85258e-01	  2,11397e-01
6206	  1,2410000000e+04	 -1,81021e-01	  2,10426e-01
6207	  1,2412000000e+04	 -1,77779e-01	  2,12492e-01
6208	  1,2414000000e+04	 -1,73270e-01	  2,12423e-01
6209	  1,2416000000e+04	 -1,67845e-01	  2,09296e-01
6210	  1,2418000000e+04	 -1,62271e-01	  2,09053e-01
6211	  1,2420000000e+04	 -1,59266e-01	  2,16375e-01
6212	  1,2422000000e+04	 -1,52635e-01	  2,22496e-01
6213	  1,2424000000e+04	 -1,49123e-01	  2,17551e-01
6214	  1,2426000000e+04	 -1,45363e-01	  2,15457e-01
6215	  1,2428000000e+04	 -1,44216e-01	  2,14051e-01
6216	  1,2430000000e+04	 -1,40026e-01	  2,13628e-01
6217	  1,2432000000e+04	 -1,35956e-01	  2,15000e-01
6218	  1,2434000000e+04	 -1,32743e-01	  2,14744e-01
6219	  1,2436000000e+04	 -1,26027e-01	  2,13165e-01
6220	  1,2438000000e+04	 -1,26375e-01	  2,12375e-01
6221	  1,2440000000e+04	 -1,23242e-01	  2,13731e-01
6222	  1,2442000000e+04	 -1,16633e-01	  2,13457e-01
6223	  1,2444000000e+04	 -1,15119e-01	  2,13630e-01
6224	  1,2446000000e+04	 -1,08769e-01	  2,11473e-01
6225	  1,2448000000e+04	 -1,01866e-01	  2,10635e-01
6226	  1,2450000000e+04	 -1,05633e-01	  2,12080e-01
6227	  1,2452000000e+04	 -1,02256e-01	  2,12797e-01
6228	  1,2454000000e+04	 -9,65553e-02	  2,09230e-01
6229	  1,2456000000e+04	 -9,42969e-02	  2,05247e-01
6230	  1,2458000000e+04	 -9,67252e-02	  2,06342e-01
6231	  1,2460000000e+04	 -9,46761e-02	  2,03361e-01
6232	  1,2462000000e+04	 -9,02194e-02	  2,00421e-01
6233	  1,2464000000e+04	 -8,22052e-02	  2,02086e-01
6234	  1,2466000000e+04	 -8,24712e-02	  2,04712e-01
6235	  1,2468000000e+04	 -8,45924e-02	  2,03379e-01
6236	  1,2470000000e+04	 -8,28342e-02	  2,01704e-01
6237	  1,2472000000e+04	 -7,80741e-02	  2,00679e-01
6238	  1,2474000000e+04	 -7,77480e-02	  1,98680e-01
6239	  1,2476000000e+04	 -7,61330e-02	  1,95811e-01
6240	  1,2478000000e+04	 -7,23744e-02	  1,99020e-01
6241	  1,2480000000e+04	 -7,28789e-02	  2,00165e-01
6242	  1,2482000000e+04	 -6,97216e-02	  2,01119e-01
6243	  1,2484000000e+04	 -6,68312e-02	  2,02409e-01
6244	  1,2486000000e+04	 -6,55520e-02	  2,00151e-01
6245	  1,2488000000e+04	 -6,47569e-02	  2,00840e-01
6246	  1,2490000000e+04	 -6,45610e-02	  1,95186e-01
6247	  1,2492000000e+04	 -6,21902e-02	  1,92785e-01
6248	  1,2494000000e+04	 -5,71668e-02	  1,95518e-01
6249	  1,2496000000e+04	 -5,26743e-02	  1,97491e-01
6250	  1,2498000000e+04	 -5,16465e-02	  1,94585e-01
6251	  1,2500000000e+04	 -4,67857e-02	  1,95560e-01
6252	  1,2502000000e+04	 -4,45083e-02	  1,92615e-01
6253	  1,2504000000e+04	 -4,28712e-02	  1,91027e-01
6254	  1,2506000000e+04	 -4,12427e-02	  1,89085e-01
6255	  1,2508000000e+04	 -3,78998e-02	  1,90524e-01
6256	  1,2510000000e+04	 -3,45175e-02	  1,87094e-01
6257	  1,2512000000e+04	 -3,39732e-02	  1,83004e-01
6258	  1,2514000000e+04	 -3,29276e-02	  1,84878e-01
6259	  1,2516000000e+04	 -2,89778e-02	  1,84760e-01
6260	  1,2518000000e+04	 -2,52031e-02	  1,80851e-01
6261	  1,2520000000e+04	 -2,18188e-02	  1,78816e-01
6262	  1,2522000000e+04	 -2,35083e-02	  1,75481e-01
6263	  1,2524000000e+04	 -2,38118e-02	  1,72876e-01
6264	  1,2526000000e+04	 -2,29483e-02	  1,72737e-01
6265	  1,2528000000e+04	 -2,07761e-02	  1,69563e-01
6266	  1,2530000000e+04	 -1,70951e-02	  1,68241e-01
6267	  1,2532000000e+04	 -1,48203e-02	  1,64955e-01
6268	  1,2534000000e+04	 -1,38752e-02	  1,64209e-01
6269	  1,2536000000e+04	 -2,10357e-02	  1,65541e-01
6270	  1,2538000000e+04	 -2,19722e-02	  1,61291e-01
6271	  1,2540000000e+04	 -2,07278e-02	  1,58990e-01
6272	  1,2542000000e+04	 -1,80456e-02	  1,60401e-01
6273	  1,2544000000e+04	 -1,88822e-02	  1,57940e-01
6274	  1,2546000000e+04	 -1,93948e-02	  1,55298e-01
6275	  1,2548000000e+04	 -1,44346e-02	  1,55440e-01
6276	  1,2550000000e+04	 -1,27676e-02	  1,51098e-01
6277	  1,2552000000e+04	 -1,19768e-02	  1,49321e-01
6278	  1,2554000000e+04	 -1,40986e-02	  1,52505e-01
6279	  1,2556000000e+04	 -1,54757e-02	  1,53937e-01
6280	  1,2558000000e+04	 -1,51086e-02	  1,51490e-01
6281	  1,2560000000e+04	 -1,21871e-02	  1,48282e-01
6282	  1,2562000000e+04	 -1,27821e-02	  1,47646e-01
6283	  1,2564000000e+04	 -1,52448e-02	  1,45782e-01
6284	  1,2566000000e+04	 -1,77668e-02	  1,44917e-01
6285	  1,2568000000e+04	 -1,62955e-02	  1,44131e-01
6286	  1,2570000000e+04	 -1,23636e-02	  1,44658e-01
6287	  1,2572000000e+04	 -1,04654e-02	  1,45527e-01
6288	  1,2574000000e+04	 -1,31875e-02	  1,43037e-01
6289	  1,2576000000e+04	 -1,37497e-02	  1,38346e-01
6290	  1,2578000000e+04	 -1,15473e-02	  1,37184e-01
6291	  1,2580000000e+04	 -1,09847e-02	  1,37773e-01
6292	  1,2582000000e+04	 -1,29580e-02	  1,36335e-01
6293	  1,2584000000e+04	 -1,75321e-02	  1,35551e-01
6294	  1,2586000000e+04	 -1,89722e-02	  1,42118e-01
6295	  1,2588000000e+04	 -1,85045e-02	  1,43288e-01
6296	  1,2590000000e+04	 -1,88742e-02	  1,39706e-01
6297	  1,2592000000e+04	 -2,02266e-02	  1,37064e-01
6298	  1,2594000000e+04	 -2,34824e-02	  1,39302e-01
6299	  1,2596000000e+04	 -2,55463e-02	  1,41077e-01
6300	  1,2598000000e+04	 -2,00414e-02	  1,41678e-01
6301	  1,2600000000e+04	 -1,87631e-02	  1,45818e-01
6302	  1,2602000000e+04	 -2,30280e-02	  1,44800e-01
6303	  1,2604000000e+04	 -2,43599e-02	  1,45220e-01
6304	  1,2606000000e+04	 -2,24264e-02	  1,48332e-01
6305	  1,2608000000e+04	 -1,93039e-02	  1,48999e-01
6306	  1,2610000000e+04	 -2,10896e-02	  1,48571e-01
6307	  1,2612000000e+04	 -1,99204e-02	  1,49270e-01
6308	  1,2614000000e+04	 -1,81065e-02	  1,52206e-01
6309	  1,2616000000e+04	 -1,50441e-02	  1,50053e-01
6310	  1,2618000000e+04	 -1,69739e-02	  1,50920e-01
6311	  1,2620000000e+04	 -1,56816e-02	  1,50805e-01
6312	  1,2622000000e+04	 -1,47794e-02	  1,52476e-01
6313	  1,2624000000e+04	 -1,34926e-02	  1,51440e-01
6314	  1,2626000000e+04	 -1,17564e-02	  1,51244e-01
6315	  1,2628000000e+04	 -1,24996e-02	  1,57070e-01
6316	  1,2630000000e+04	 -1,16103e-02	  1,55534e-01
6317	  1,2632000000e+04	 -8,30618e-03	  1,54211e-01
6318	  1,2634000000e+04	 -9,10846e-03	  1,56636e-01
6319	  1,2636000000e+04	 -8,33403e-03	  1,53411e-01
6320	  1,2638000000e+04	 -1,02612e-02	  1,53885e-01
6321	  1,2640000000e+04	 -9,29027e-03	  1,57192e-01
6322	  1,2642000000e+04	 -7,50516e-03	  1,55537e-01
6323	  1,2644000000e+04	 -1,05996e-02	  1,57160e-01
6324	  1,2646000000e+04	 -5,07484e-03	  1,56804e-01
6325	  1,2648000000e+04	 -3,81339e-03	  1,56475e-01
6326	  1,2650000000e+04	 -5,09795e-03	  1,58587e-01
6327	  1,2652000000e+04	 -4,31382e-03	  1,59154e-01
6328	  1,2654000000e+04	 -5,94370e-03	  1,59516e-01
6329	  1,2656000000e+04	 -6,44157e-03	  1,59115e-01
6330	  1,2658000000e+04	 -3,56393e-03	  1,60762e-01
6331	  1,2660000000e+04	 -2,06668e-03	  1,62227e-01
6332	  1,2662000000e+04	 -9,66507e-04	  1,60743e-01
6333	  1,2664000000e+04	  5,62025e-04	  1,63160e-01
6334	  1,2666000000e+04	  2,41782e-03	  1,63389e-01
6335	  1,2668000000e+04	  4,21932e-03	  1,66512e-01
6336	  1,2670000000e+04	  5,73523e-03	  1,66526e-01
6337	  1,2672000000e+04	  4,63292e-03	  1,66493e-01
6338	  1,2674000000e+04	  4,83498e-03	  1,63397e-01
6339	  1,2676000000e+04	  9,13747e-03	  1,67201e-01
6340	  1,2678000000e+04	  1,06880e-02	  1,69962e-01
6341	  1,2680000000e+04	  1,02912e-02	  1,65159e-01
6342	  1,2682000000e+04	  1,12111e-02	  1,63894e-01
6343	  1,2684000000e+04	  1,54795e-02	  1,66651e-01
6344	  1,2686000000e+04	  1,72544e-02	  1,69139e-01
6345	  1,2688000000e+04	  1,89429e-02	  1,69237e-01
6346	  1,2690000000e+04	  2,11557e-02	  1,69352e-01
6347	  1,2692000000e+04	  2,27386e-02	  1,71914e-01
6348	  1,2694000000e+04	  2,33149e-02	  1,69219e-01
6349	  1,2696000000e+04	  2,27207e-02	  1,63323e-01
6350	  1,2698000000e+04	  2,51295e-02	  1,65071e-01
6351	  1,2700000000e+04	  2,70306e-02	  1,68401e-01
6352	  1,2702000000e+04	  2,76796e-02	  1,68335e-01
6353	  1,2704000000e+04	  2,82224e-02	  1,64772e-01
6354	  1,2706000000e+04	  2,95323e-02	  1,65567e-01
6355	  1,2708000000e+04	  2,92032e-02	  1,66990e-01
6356	  1,2710000000e+04	  3,12923e-02	  1,69674e-01
6357	  1,2712000000e+04	  3,30143e-02	  1,70230e-01
6358	  1,2714000000e+04	  3,30482e-02	  1,69975e-01
6359	  1,2716000000e+04	  3,22803e-02	  1,71196e-01
6360	  1,2718000000e+04	  3,42452e-02	  1,74732e-01
6361	  1,2720000000e+04	  3,56889e-02	  1,74314e-01
6362	  1,2722000000e+04	  4,07950e-02	  1,70693e-01
6363	  1,2724000000e+04	  4,25029e-02	  1,73194e-01
6364	  1,2726000000e+04	  4,31080e-02	  1,76583e-01
6365	  1,2728000000e+04	  4,49830e-02	  1,73507e-01
6366	  1,2730000000e+04	  5,08596e-02	  1,70390e-01
6367	  1,2732000000e+04	  5,42673e-02	  1,71460e-01
6368	  1,2734000000e+04	  5,36055e-02	  1,73226e-01
6369	  1,2736000000e+04	  5,51627e-02	  1,75558e-01
6370	  1,2738000000e+04	  5,54088e-02	  1,73847e-01
6371	  1,2740000000e+04	  5,78724e-02	  1,71503e-01
6372	  1,2742000000e+04	  6,04387e-02	  1,69915e-01
6373	  1,2744000000e+04	  6,25947e-02	  1,67782e-01
6374	  1,2746000000e+04	  6,17897e-02	  1,67302e-01
6375	  1,2748000000e+04	  6,07894e-02	  1,66604e-01
6376	  1,2750000000e+04	  6,12526e-02	  1,66102e-01
6377	  1,2752000000e+04	  6,30157e-02	  1,63752e-01
6378	  1,2754000000e+04	  6,45143e-02	  1,62195e-01
6379	  1,2756000000e+04	  6,84377e-02	  1,63112e-01
6380	  1,2758000000e+04	  6,95889e-02	  1,61949e-01
6381	  1,2760000000e+04	  6,82029e-02	  1,60299e-01
6382	  1,2762000000e+04	  6,77035e-02	  1,61171e-01
6383	  1,2764000000e+04	  7,00725e-02	  1,63030e-01
6384	  1,2766000000e+04	  7,04978e-02	  1,59990e-01
6385	  1,2768000000e+04	  7,45216e-02	  1,62017e-01
6386	  1,2770000000e+04	  7,11554e-02	  1,61469e-01
6387	  1,2772000000e+04	  6,86832e-02	  1,64926e-01
6388	  1,2774000000e+04	  6,93055e-02	  1,64419e-01
6389	  1,2776000000e+04	  7,21081e-02	  1,65456e-01
6390	  1,2778000000e+04	  7,56792e-02	  1,67560e-01
6391	  1,2780000000e+04	  7,94349e-02	  1,67621e-01
6392	  1,2782000000e+04	  7,92477e-02	  1,65867e-01
6393	  1,2784000000e+04	  7,78004e-02	  1,62093e-01
6394	  1,2786000000e+04	  7,96649e-02	  1,62222e-01
6395	  1,2788000000e+04	  8,48331e-02	  1,66811e-01
6396	  1,2790000000e+04	  8,92703e-02	  1,69424e-01
6397	  1,2792000000e+04	  8,94499e-02	  1,70001e-01
6398	  1,2794000000e+04	  9,12037e-02	  1,69295e-01
6399	  1,2796000000e+04	  8,96734e-02	  1,70394e-01
6400	  1,2798000000e+04	  9,50744e-02	  1,65477e-01
6401	  1,2800000000e+04	  9,63317e-02	  1,61163e-01
TagsBegin:	 	 	 
OverLoad:	 	False	 
AverageNumber: []	 	  2,00000e+02	 
OverLoadRatio: []	 	  1,19209e-07	 
TagsEnd:	 	 	 
TagScalesBegin:	 	 	 
TagScalesEnd:	 	 	 
