Header Size:	 78	 
Pulse Version:	 42	 
Decimal Symbol:	,	 
Date Format:	dd-MM-yyyy	 
Time Format:	HH:mm:ss:mmm	 
Data Type:	Real	 
Slice:	False	 
Z-Axis type:	Linear	 
Z-Axis size:	1	 
Z-Axis unit:	 	 
Z-Axis first value:	  0,0000000000e+00	 
Z-Axis delta:	  1,0000000000e+00	 
X-Axis type:	Linear	 
X-Axis size:	6401	 
X-Axis unit:	Hz	 
X-Axis first value:	  0,0000000000e+00	 
X-Axis delta:	  2,0000000000e+00	 
	 	 
AmplitudeUnit:	Pa	 
Analyzer:	FFT_Spectrum_Averaging	 
AnalyzerName:	FFT Analyzer1	 
	 	 
	 	 
Bipolar:	False	 
CenterFrequency:	  6,4000000000e+03	 
	 	 
	 	 
	 	 
	 	 
dBReference:	  4,0000000000e-10	 
	 	 
	 	 
	 	 
Domain:	1	 
Function:	Autospectrum	 
	 	 
InputRange:	  8,6131795538e+02	 
	 	 
	 	 
MultiBufferName:	Input	 
NBW:	  1,5000000000e+00	 
	 	 
OverlapFailed:	False	 
Overrun:	False	 
Power:	True	 
PowerUnit:	Pa²	 
	 	 
RecordLength:	  5,0000000000e-01	 
ReducedSize:	True	 
	 	 
	 	 
	 	 
	 	 
	 	 
SamplingRatio:	  1,2800000000e+00	 
Signal:	Signal 5	 
	 	 
SignalUnit:	Pa	 
	 	 
	 	 
	 	 
Title:	Autospectrum(Signal 5) - Input	 
Title1:	Working : Input : Input : FFT Analyzer1	 
	 	 
	 	 
Weight:	0	 
ZoomOn:	True	 
	 	 
TemplateName:	Working	 
MeasurementName:	Input	 
MeasurementSlice:	False	 
	 	 
DeltaFrequency:	  2,0000000000e+00	 
	 	 
EnvelopeOn:	False	 
	 	 
	 	 
	 	 
Z-index:	 	1
Date:	 	14-07-2026
Time:	 	16:57:38:522
Relative time:	 	  0,00000e+00
Z-axis:	 	  0,0000000000e+00
1	  0,0000000000e+00	  3,05890e-10
2	  2,0000000000e+00	  1,73292e-09
3	  4,0000000000e+00	  2,43373e-09
4	  6,0000000000e+00	  3,47172e-09
5	  8,0000000000e+00	  1,70184e-08
6	  1,0000000000e+01	  1,14621e-07
7	  1,2000000000e+01	  1,11623e-07
8	  1,4000000000e+01	  6,83179e-08
9	  1,6000000000e+01	  4,43051e-08
10	  1,8000000000e+01	  3,10654e-08
11	  2,0000000000e+01	  5,28576e-08
12	  2,2000000000e+01	  7,06572e-08
13	  2,4000000000e+01	  2,79931e-08
14	  2,6000000000e+01	  2,28395e-08
15	  2,8000000000e+01	  2,34169e-08
16	  3,0000000000e+01	  2,46216e-08
17	  3,2000000000e+01	  2,39831e-08
18	  3,4000000000e+01	  2,33352e-08
19	  3,6000000000e+01	  1,98994e-08
20	  3,8000000000e+01	  1,89405e-08
21	  4,0000000000e+01	  2,12858e-08
22	  4,2000000000e+01	  2,87095e-08
23	  4,4000000000e+01	  2,96371e-08
24	  4,6000000000e+01	  1,95617e-08
25	  4,8000000000e+01	  3,43986e-08
26	  5,0000000000e+01	  8,59251e-08
27	  5,2000000000e+01	  3,36221e-08
28	  5,4000000000e+01	  1,66520e-08
29	  5,6000000000e+01	  1,64337e-08
30	  5,8000000000e+01	  1,81039e-08
31	  6,0000000000e+01	  1,66548e-08
32	  6,2000000000e+01	  1,73789e-08
33	  6,4000000000e+01	  1,85763e-08
34	  6,6000000000e+01	  2,18375e-08
35	  6,8000000000e+01	  2,11070e-08
36	  7,0000000000e+01	  2,09520e-08
37	  7,2000000000e+01	  2,28418e-08
38	  7,4000000000e+01	  2,66196e-08
39	  7,6000000000e+01	  2,48426e-08
40	  7,8000000000e+01	  2,54747e-08
41	  8,0000000000e+01	  2,53997e-08
42	  8,2000000000e+01	  2,78883e-08
43	  8,4000000000e+01	  3,12890e-08
44	  8,6000000000e+01	  3,65662e-08
45	  8,8000000000e+01	  3,70901e-08
46	  9,0000000000e+01	  3,69296e-08
47	  9,2000000000e+01	  3,69867e-08
48	  9,4000000000e+01	  3,95719e-08
49	  9,6000000000e+01	  4,09968e-08
50	  9,8000000000e+01	  4,67916e-08
51	  1,0000000000e+02	  4,63531e-08
52	  1,0200000000e+02	  4,69504e-08
53	  1,0400000000e+02	  5,95145e-08
54	  1,0600000000e+02	  7,09067e-08
55	  1,0800000000e+02	  7,96913e-08
56	  1,1000000000e+02	  7,73204e-08
57	  1,1200000000e+02	  6,74356e-08
58	  1,1400000000e+02	  6,32705e-08
59	  1,1600000000e+02	  7,45924e-08
60	  1,1800000000e+02	  8,85689e-08
61	  1,2000000000e+02	  9,93235e-08
62	  1,2200000000e+02	  8,64410e-08
63	  1,2400000000e+02	  9,61144e-08
64	  1,2600000000e+02	  1,11736e-07
65	  1,2800000000e+02	  1,33662e-07
66	  1,3000000000e+02	  1,28440e-07
67	  1,3200000000e+02	  1,26691e-07
68	  1,3400000000e+02	  1,42632e-07
69	  1,3600000000e+02	  1,34224e-07
70	  1,3800000000e+02	  1,41693e-07
71	  1,4000000000e+02	  1,62859e-07
72	  1,4200000000e+02	  1,77371e-07
73	  1,4400000000e+02	  1,91953e-07
74	  1,4600000000e+02	  1,68213e-07
75	  1,4800000000e+02	  1,83907e-07
76	  1,5000000000e+02	  2,12191e-07
77	  1,5200000000e+02	  1,97989e-07
78	  1,5400000000e+02	  2,02583e-07
79	  1,5600000000e+02	  2,12079e-07
80	  1,5800000000e+02	  2,01235e-07
81	  1,6000000000e+02	  2,14146e-07
82	  1,6200000000e+02	  1,96143e-07
83	  1,6400000000e+02	  1,97375e-07
84	  1,6600000000e+02	  2,18595e-07
85	  1,6800000000e+02	  2,28883e-07
86	  1,7000000000e+02	  2,16065e-07
87	  1,7200000000e+02	  1,95359e-07
88	  1,7400000000e+02	  2,17164e-07
89	  1,7600000000e+02	  2,26979e-07
90	  1,7800000000e+02	  2,25975e-07
91	  1,8000000000e+02	  2,18193e-07
92	  1,8200000000e+02	  2,21447e-07
93	  1,8400000000e+02	  2,31448e-07
94	  1,8600000000e+02	  2,27165e-07
95	  1,8800000000e+02	  2,39832e-07
96	  1,9000000000e+02	  2,55274e-07
97	  1,9200000000e+02	  2,58815e-07
98	  1,9400000000e+02	  2,25579e-07
99	  1,9600000000e+02	  2,46081e-07
100	  1,9800000000e+02	  2,41688e-07
101	  2,0000000000e+02	  2,45307e-07
102	  2,0200000000e+02	  2,34516e-07
103	  2,0400000000e+02	  2,33343e-07
104	  2,0600000000e+02	  2,35158e-07
105	  2,0800000000e+02	  2,23360e-07
106	  2,1000000000e+02	  2,30391e-07
107	  2,1200000000e+02	  2,25404e-07
108	  2,1400000000e+02	  2,04111e-07
109	  2,1600000000e+02	  2,04531e-07
110	  2,1800000000e+02	  2,11366e-07
111	  2,2000000000e+02	  2,21762e-07
112	  2,2200000000e+02	  2,20226e-07
113	  2,2400000000e+02	  2,09537e-07
114	  2,2600000000e+02	  2,02673e-07
115	  2,2800000000e+02	  2,15401e-07
116	  2,3000000000e+02	  2,44681e-07
117	  2,3200000000e+02	  2,34778e-07
118	  2,3400000000e+02	  2,01724e-07
119	  2,3600000000e+02	  1,95006e-07
120	  2,3800000000e+02	  2,15791e-07
121	  2,4000000000e+02	  2,15902e-07
122	  2,4200000000e+02	  2,23498e-07
123	  2,4400000000e+02	  2,00310e-07
124	  2,4600000000e+02	  1,95656e-07
125	  2,4800000000e+02	  1,91801e-07
126	  2,5000000000e+02	  1,99995e-07
127	  2,5200000000e+02	  2,21432e-07
128	  2,5400000000e+02	  2,02527e-07
129	  2,5600000000e+02	  2,33458e-07
130	  2,5800000000e+02	  2,35121e-07
131	  2,6000000000e+02	  2,08431e-07
132	  2,6200000000e+02	  2,08229e-07
133	  2,6400000000e+02	  2,01486e-07
134	  2,6600000000e+02	  1,97548e-07
135	  2,6800000000e+02	  1,96783e-07
136	  2,7000000000e+02	  1,85279e-07
137	  2,7200000000e+02	  1,99216e-07
138	  2,7400000000e+02	  2,16338e-07
139	  2,7600000000e+02	  1,99607e-07
140	  2,7800000000e+02	  1,90099e-07
141	  2,8000000000e+02	  1,78486e-07
142	  2,8200000000e+02	  1,94665e-07
143	  2,8400000000e+02	  2,00621e-07
144	  2,8600000000e+02	  2,01106e-07
145	  2,8800000000e+02	  2,14670e-07
146	  2,9000000000e+02	  2,10423e-07
147	  2,9200000000e+02	  2,13112e-07
148	  2,9400000000e+02	  1,85222e-07
149	  2,9600000000e+02	  1,66734e-07
150	  2,9800000000e+02	  1,65091e-07
151	  3,0000000000e+02	  1,65110e-07
152	  3,0200000000e+02	  1,85964e-07
153	  3,0400000000e+02	  1,95410e-07
154	  3,0600000000e+02	  1,96338e-07
155	  3,0800000000e+02	  2,14585e-07
156	  3,1000000000e+02	  2,04089e-07
157	  3,1200000000e+02	  1,84929e-07
158	  3,1400000000e+02	  1,84007e-07
159	  3,1600000000e+02	  1,95744e-07
160	  3,1800000000e+02	  1,89472e-07
161	  3,2000000000e+02	  1,91053e-07
162	  3,2200000000e+02	  1,85485e-07
163	  3,2400000000e+02	  1,66532e-07
164	  3,2600000000e+02	  1,54640e-07
165	  3,2800000000e+02	  1,48865e-07
166	  3,3000000000e+02	  1,44801e-07
167	  3,3200000000e+02	  1,41740e-07
168	  3,3400000000e+02	  1,39484e-07
169	  3,3600000000e+02	  1,40115e-07
170	  3,3800000000e+02	  1,68968e-07
171	  3,4000000000e+02	  1,84454e-07
172	  3,4200000000e+02	  1,84467e-07
173	  3,4400000000e+02	  1,63544e-07
174	  3,4600000000e+02	  1,73999e-07
175	  3,4800000000e+02	  1,69723e-07
176	  3,5000000000e+02	  1,52631e-07
177	  3,5200000000e+02	  1,47588e-07
178	  3,5400000000e+02	  1,62547e-07
179	  3,5600000000e+02	  1,50286e-07
180	  3,5800000000e+02	  1,60961e-07
181	  3,6000000000e+02	  1,70428e-07
182	  3,6200000000e+02	  1,68935e-07
183	  3,6400000000e+02	  1,55830e-07
184	  3,6600000000e+02	  1,56814e-07
185	  3,6800000000e+02	  1,42993e-07
186	  3,7000000000e+02	  1,46444e-07
187	  3,7200000000e+02	  1,51563e-07
188	  3,7400000000e+02	  1,43357e-07
189	  3,7600000000e+02	  1,34690e-07
190	  3,7800000000e+02	  1,51299e-07
191	  3,8000000000e+02	  1,41558e-07
192	  3,8200000000e+02	  1,71136e-07
193	  3,8400000000e+02	  1,74084e-07
194	  3,8600000000e+02	  1,63681e-07
195	  3,8800000000e+02	  1,52827e-07
196	  3,9000000000e+02	  1,60871e-07
197	  3,9200000000e+02	  1,71334e-07
198	  3,9400000000e+02	  1,68237e-07
199	  3,9600000000e+02	  1,51386e-07
200	  3,9800000000e+02	  1,60086e-07
201	  4,0000000000e+02	  1,40192e-07
202	  4,0200000000e+02	  1,49481e-07
203	  4,0400000000e+02	  1,51010e-07
204	  4,0600000000e+02	  1,34483e-07
205	  4,0800000000e+02	  1,50292e-07
206	  4,1000000000e+02	  1,61308e-07
207	  4,1200000000e+02	  1,45120e-07
208	  4,1400000000e+02	  1,46774e-07
209	  4,1600000000e+02	  1,51911e-07
210	  4,1800000000e+02	  1,38450e-07
211	  4,2000000000e+02	  1,52352e-07
212	  4,2200000000e+02	  1,41093e-07
213	  4,2400000000e+02	  1,41193e-07
214	  4,2600000000e+02	  1,53778e-07
215	  4,2800000000e+02	  1,78568e-07
216	  4,3000000000e+02	  1,72455e-07
217	  4,3200000000e+02	  1,52832e-07
218	  4,3400000000e+02	  1,66696e-07
219	  4,3600000000e+02	  1,57150e-07
220	  4,3800000000e+02	  1,78905e-07
221	  4,4000000000e+02	  1,64525e-07
222	  4,4200000000e+02	  1,50160e-07
223	  4,4400000000e+02	  1,53597e-07
224	  4,4600000000e+02	  1,42441e-07
225	  4,4800000000e+02	  1,50910e-07
226	  4,5000000000e+02	  1,61632e-07
227	  4,5200000000e+02	  1,57830e-07
228	  4,5400000000e+02	  1,42703e-07
229	  4,5600000000e+02	  1,43847e-07
230	  4,5800000000e+02	  1,68504e-07
231	  4,6000000000e+02	  1,56009e-07
232	  4,6200000000e+02	  1,49951e-07
233	  4,6400000000e+02	  1,58427e-07
234	  4,6600000000e+02	  1,42906e-07
235	  4,6800000000e+02	  1,59070e-07
236	  4,7000000000e+02	  1,37473e-07
237	  4,7200000000e+02	  1,18321e-07
238	  4,7400000000e+02	  1,13788e-07
239	  4,7600000000e+02	  1,12697e-07
240	  4,7800000000e+02	  1,27058e-07
241	  4,8000000000e+02	  1,55621e-07
242	  4,8200000000e+02	  1,55167e-07
243	  4,8400000000e+02	  1,30755e-07
244	  4,8600000000e+02	  1,30024e-07
245	  4,8800000000e+02	  1,32096e-07
246	  4,9000000000e+02	  1,26636e-07
247	  4,9200000000e+02	  1,29733e-07
248	  4,9400000000e+02	  1,36233e-07
249	  4,9600000000e+02	  1,54953e-07
250	  4,9800000000e+02	  1,38622e-07
251	  5,0000000000e+02	  1,27070e-07
252	  5,0200000000e+02	  1,25887e-07
253	  5,0400000000e+02	  1,17268e-07
254	  5,0600000000e+02	  1,25204e-07
255	  5,0800000000e+02	  1,18461e-07
256	  5,1000000000e+02	  1,30975e-07
257	  5,1200000000e+02	  1,38560e-07
258	  5,1400000000e+02	  1,33649e-07
259	  5,1600000000e+02	  1,55841e-07
260	  5,1800000000e+02	  1,43453e-07
261	  5,2000000000e+02	  1,40288e-07
262	  5,2200000000e+02	  1,46077e-07
263	  5,2400000000e+02	  1,32205e-07
264	  5,2600000000e+02	  1,42499e-07
265	  5,2800000000e+02	  1,41270e-07
266	  5,3000000000e+02	  1,34552e-07
267	  5,3200000000e+02	  1,43240e-07
268	  5,3400000000e+02	  1,47931e-07
269	  5,3600000000e+02	  1,61108e-07
270	  5,3800000000e+02	  1,52302e-07
271	  5,4000000000e+02	  1,38445e-07
272	  5,4200000000e+02	  1,27395e-07
273	  5,4400000000e+02	  1,45319e-07
274	  5,4600000000e+02	  1,58760e-07
275	  5,4800000000e+02	  1,60568e-07
276	  5,5000000000e+02	  1,54593e-07
277	  5,5200000000e+02	  1,17335e-07
278	  5,5400000000e+02	  1,22423e-07
279	  5,5600000000e+02	  1,26387e-07
280	  5,5800000000e+02	  1,23944e-07
281	  5,6000000000e+02	  1,19837e-07
282	  5,6200000000e+02	  1,24176e-07
283	  5,6400000000e+02	  1,24548e-07
284	  5,6600000000e+02	  1,43733e-07
285	  5,6800000000e+02	  1,24480e-07
286	  5,7000000000e+02	  1,24461e-07
287	  5,7200000000e+02	  1,25432e-07
288	  5,7400000000e+02	  1,40213e-07
289	  5,7600000000e+02	  1,40325e-07
290	  5,7800000000e+02	  1,25944e-07
291	  5,8000000000e+02	  1,31813e-07
292	  5,8200000000e+02	  1,36457e-07
293	  5,8400000000e+02	  1,22203e-07
294	  5,8600000000e+02	  1,25894e-07
295	  5,8800000000e+02	  1,35878e-07
296	  5,9000000000e+02	  1,15821e-07
297	  5,9200000000e+02	  1,16071e-07
298	  5,9400000000e+02	  1,28411e-07
299	  5,9600000000e+02	  1,41626e-07
300	  5,9800000000e+02	  1,42810e-07
301	  6,0000000000e+02	  1,21852e-07
302	  6,0200000000e+02	  1,33901e-07
303	  6,0400000000e+02	  1,29435e-07
304	  6,0600000000e+02	  1,32077e-07
305	  6,0800000000e+02	  1,45238e-07
306	  6,1000000000e+02	  1,32396e-07
307	  6,1200000000e+02	  1,29739e-07
308	  6,1400000000e+02	  1,50085e-07
309	  6,1600000000e+02	  1,44491e-07
310	  6,1800000000e+02	  1,37536e-07
311	  6,2000000000e+02	  1,50589e-07
312	  6,2200000000e+02	  1,27374e-07
313	  6,2400000000e+02	  1,20258e-07
314	  6,2600000000e+02	  1,22772e-07
315	  6,2800000000e+02	  1,33027e-07
316	  6,3000000000e+02	  1,43561e-07
317	  6,3200000000e+02	  1,23139e-07
318	  6,3400000000e+02	  1,19675e-07
319	  6,3600000000e+02	  1,29877e-07
320	  6,3800000000e+02	  1,38479e-07
321	  6,4000000000e+02	  1,35536e-07
322	  6,4200000000e+02	  1,39908e-07
323	  6,4400000000e+02	  1,33776e-07
324	  6,4600000000e+02	  1,14505e-07
325	  6,4800000000e+02	  1,06952e-07
326	  6,5000000000e+02	  1,21639e-07
327	  6,5200000000e+02	  1,17732e-07
328	  6,5400000000e+02	  9,37049e-08
329	  6,5600000000e+02	  9,80618e-08
330	  6,5800000000e+02	  9,63966e-08
331	  6,6000000000e+02	  8,80373e-08
332	  6,6200000000e+02	  9,62368e-08
333	  6,6400000000e+02	  9,56278e-08
334	  6,6600000000e+02	  8,61457e-08
335	  6,6800000000e+02	  8,75026e-08
336	  6,7000000000e+02	  9,03375e-08
337	  6,7200000000e+02	  9,32366e-08
338	  6,7400000000e+02	  9,44247e-08
339	  6,7600000000e+02	  9,36337e-08
340	  6,7800000000e+02	  1,01570e-07
341	  6,8000000000e+02	  1,03908e-07
342	  6,8200000000e+02	  1,19291e-07
343	  6,8400000000e+02	  1,37130e-07
344	  6,8600000000e+02	  1,30424e-07
345	  6,8800000000e+02	  1,14232e-07
346	  6,9000000000e+02	  1,03847e-07
347	  6,9200000000e+02	  1,10506e-07
348	  6,9400000000e+02	  1,30186e-07
349	  6,9600000000e+02	  1,37091e-07
350	  6,9800000000e+02	  1,23856e-07
351	  7,0000000000e+02	  1,37755e-07
352	  7,0200000000e+02	  1,46896e-07
353	  7,0400000000e+02	  1,45541e-07
354	  7,0600000000e+02	  1,65621e-07
355	  7,0800000000e+02	  1,50079e-07
356	  7,1000000000e+02	  1,38205e-07
357	  7,1200000000e+02	  1,51424e-07
358	  7,1400000000e+02	  1,48847e-07
359	  7,1600000000e+02	  1,44540e-07
360	  7,1800000000e+02	  1,50090e-07
361	  7,2000000000e+02	  1,34027e-07
362	  7,2200000000e+02	  1,30283e-07
363	  7,2400000000e+02	  1,40427e-07
364	  7,2600000000e+02	  1,44997e-07
365	  7,2800000000e+02	  1,40947e-07
366	  7,3000000000e+02	  1,50092e-07
367	  7,3200000000e+02	  1,38515e-07
368	  7,3400000000e+02	  1,55666e-07
369	  7,3600000000e+02	  1,55852e-07
370	  7,3800000000e+02	  1,62465e-07
371	  7,4000000000e+02	  1,58006e-07
372	  7,4200000000e+02	  1,62167e-07
373	  7,4400000000e+02	  1,63105e-07
374	  7,4600000000e+02	  1,52875e-07
375	  7,4800000000e+02	  1,49709e-07
376	  7,5000000000e+02	  1,55613e-07
377	  7,5200000000e+02	  1,45406e-07
378	  7,5400000000e+02	  1,63175e-07
379	  7,5600000000e+02	  1,47156e-07
380	  7,5800000000e+02	  1,47889e-07
381	  7,6000000000e+02	  1,42366e-07
382	  7,6200000000e+02	  1,54535e-07
383	  7,6400000000e+02	  1,28127e-07
384	  7,6600000000e+02	  1,32166e-07
385	  7,6800000000e+02	  1,61859e-07
386	  7,7000000000e+02	  1,57675e-07
387	  7,7200000000e+02	  1,67132e-07
388	  7,7400000000e+02	  1,66423e-07
389	  7,7600000000e+02	  1,73820e-07
390	  7,7800000000e+02	  1,67944e-07
391	  7,8000000000e+02	  1,56729e-07
392	  7,8200000000e+02	  1,52942e-07
393	  7,8400000000e+02	  1,76314e-07
394	  7,8600000000e+02	  1,54577e-07
395	  7,8800000000e+02	  1,35835e-07
396	  7,9000000000e+02	  1,45643e-07
397	  7,9200000000e+02	  1,46053e-07
398	  7,9400000000e+02	  1,45874e-07
399	  7,9600000000e+02	  1,64653e-07
400	  7,9800000000e+02	  1,70437e-07
401	  8,0000000000e+02	  1,72215e-07
402	  8,0200000000e+02	  1,55532e-07
403	  8,0400000000e+02	  1,38457e-07
404	  8,0600000000e+02	  1,56452e-07
405	  8,0800000000e+02	  1,51747e-07
406	  8,1000000000e+02	  1,47610e-07
407	  8,1200000000e+02	  1,36788e-07
408	  8,1400000000e+02	  1,41403e-07
409	  8,1600000000e+02	  1,54177e-07
410	  8,1800000000e+02	  1,54085e-07
411	  8,2000000000e+02	  1,47854e-07
412	  8,2200000000e+02	  1,31817e-07
413	  8,2400000000e+02	  1,28264e-07
414	  8,2600000000e+02	  1,38620e-07
415	  8,2800000000e+02	  1,28773e-07
416	  8,3000000000e+02	  1,23487e-07
417	  8,3200000000e+02	  1,21669e-07
418	  8,3400000000e+02	  1,26841e-07
419	  8,3600000000e+02	  1,44941e-07
420	  8,3800000000e+02	  1,56449e-07
421	  8,4000000000e+02	  1,34381e-07
422	  8,4200000000e+02	  1,23454e-07
423	  8,4400000000e+02	  1,40172e-07
424	  8,4600000000e+02	  1,37203e-07
425	  8,4800000000e+02	  1,35421e-07
426	  8,5000000000e+02	  1,36827e-07
427	  8,5200000000e+02	  1,36511e-07
428	  8,5400000000e+02	  1,51623e-07
429	  8,5600000000e+02	  1,38699e-07
430	  8,5800000000e+02	  1,38122e-07
431	  8,6000000000e+02	  1,45234e-07
432	  8,6200000000e+02	  1,36671e-07
433	  8,6400000000e+02	  1,33584e-07
434	  8,6600000000e+02	  1,33056e-07
435	  8,6800000000e+02	  1,47430e-07
436	  8,7000000000e+02	  1,51922e-07
437	  8,7200000000e+02	  1,46235e-07
438	  8,7400000000e+02	  1,42537e-07
439	  8,7600000000e+02	  1,47463e-07
440	  8,7800000000e+02	  1,40230e-07
441	  8,8000000000e+02	  1,49646e-07
442	  8,8200000000e+02	  1,56787e-07
443	  8,8400000000e+02	  1,65127e-07
444	  8,8600000000e+02	  1,76048e-07
445	  8,8800000000e+02	  1,69354e-07
446	  8,9000000000e+02	  1,66838e-07
447	  8,9200000000e+02	  1,42191e-07
448	  8,9400000000e+02	  1,33827e-07
449	  8,9600000000e+02	  1,46960e-07
450	  8,9800000000e+02	  1,80375e-07
451	  9,0000000000e+02	  1,86623e-07
452	  9,0200000000e+02	  1,56859e-07
453	  9,0400000000e+02	  1,42969e-07
454	  9,0600000000e+02	  1,50423e-07
455	  9,0800000000e+02	  1,82874e-07
456	  9,1000000000e+02	  1,82699e-07
457	  9,1200000000e+02	  1,62063e-07
458	  9,1400000000e+02	  1,67390e-07
459	  9,1600000000e+02	  1,66181e-07
460	  9,1800000000e+02	  1,37622e-07
461	  9,2000000000e+02	  1,50270e-07
462	  9,2200000000e+02	  1,77516e-07
463	  9,2400000000e+02	  1,55133e-07
464	  9,2600000000e+02	  1,31084e-07
465	  9,2800000000e+02	  1,18073e-07
466	  9,3000000000e+02	  1,38811e-07
467	  9,3200000000e+02	  1,47785e-07
468	  9,3400000000e+02	  1,51193e-07
469	  9,3600000000e+02	  1,41648e-07
470	  9,3800000000e+02	  1,17630e-07
471	  9,4000000000e+02	  1,08901e-07
472	  9,4200000000e+02	  1,25328e-07
473	  9,4400000000e+02	  1,07371e-07
474	  9,4600000000e+02	  1,14491e-07
475	  9,4800000000e+02	  1,37813e-07
476	  9,5000000000e+02	  1,32451e-07
477	  9,5200000000e+02	  1,34762e-07
478	  9,5400000000e+02	  1,49707e-07
479	  9,5600000000e+02	  1,63347e-07
480	  9,5800000000e+02	  1,68427e-07
481	  9,6000000000e+02	  1,34925e-07
482	  9,6200000000e+02	  1,30277e-07
483	  9,6400000000e+02	  1,28943e-07
484	  9,6600000000e+02	  1,42170e-07
485	  9,6800000000e+02	  1,39409e-07
486	  9,7000000000e+02	  1,18514e-07
487	  9,7200000000e+02	  1,24519e-07
488	  9,7400000000e+02	  1,38388e-07
489	  9,7600000000e+02	  1,45524e-07
490	  9,7800000000e+02	  1,48715e-07
491	  9,8000000000e+02	  1,49732e-07
492	  9,8200000000e+02	  1,53146e-07
493	  9,8400000000e+02	  1,62842e-07
494	  9,8600000000e+02	  1,51846e-07
495	  9,8800000000e+02	  1,27667e-07
496	  9,9000000000e+02	  1,52201e-07
497	  9,9200000000e+02	  1,54588e-07
498	  9,9400000000e+02	  1,61068e-07
499	  9,9600000000e+02	  1,60918e-07
500	  9,9800000000e+02	  1,52709e-07
501	  1,0000000000e+03	  1,37708e-07
502	  1,0020000000e+03	  1,49171e-07
503	  1,0040000000e+03	  1,54128e-07
504	  1,0060000000e+03	  1,62914e-07
505	  1,0080000000e+03	  1,64139e-07
506	  1,0100000000e+03	  1,64569e-07
507	  1,0120000000e+03	  1,48411e-07
508	  1,0140000000e+03	  1,34376e-07
509	  1,0160000000e+03	  1,42381e-07
510	  1,0180000000e+03	  1,46110e-07
511	  1,0200000000e+03	  1,70870e-07
512	  1,0220000000e+03	  1,76064e-07
513	  1,0240000000e+03	  1,63819e-07
514	  1,0260000000e+03	  1,57317e-07
515	  1,0280000000e+03	  1,40854e-07
516	  1,0300000000e+03	  1,45741e-07
517	  1,0320000000e+03	  1,52008e-07
518	  1,0340000000e+03	  1,37844e-07
519	  1,0360000000e+03	  1,45049e-07
520	  1,0380000000e+03	  1,51837e-07
521	  1,0400000000e+03	  1,57746e-07
522	  1,0420000000e+03	  1,42040e-07
523	  1,0440000000e+03	  1,23049e-07
524	  1,0460000000e+03	  1,38235e-07
525	  1,0480000000e+03	  1,45924e-07
526	  1,0500000000e+03	  1,46114e-07
527	  1,0520000000e+03	  1,50933e-07
528	  1,0540000000e+03	  1,43550e-07
529	  1,0560000000e+03	  1,34368e-07
530	  1,0580000000e+03	  1,35935e-07
531	  1,0600000000e+03	  1,29052e-07
532	  1,0620000000e+03	  1,37217e-07
533	  1,0640000000e+03	  1,52046e-07
534	  1,0660000000e+03	  1,41147e-07
535	  1,0680000000e+03	  1,31273e-07
536	  1,0700000000e+03	  1,41592e-07
537	  1,0720000000e+03	  1,40266e-07
538	  1,0740000000e+03	  1,34659e-07
539	  1,0760000000e+03	  1,35219e-07
540	  1,0780000000e+03	  1,24663e-07
541	  1,0800000000e+03	  1,22854e-07
542	  1,0820000000e+03	  1,32147e-07
543	  1,0840000000e+03	  1,28024e-07
544	  1,0860000000e+03	  1,29448e-07
545	  1,0880000000e+03	  1,30203e-07
546	  1,0900000000e+03	  1,27303e-07
547	  1,0920000000e+03	  1,43251e-07
548	  1,0940000000e+03	  1,19524e-07
549	  1,0960000000e+03	  1,11544e-07
550	  1,0980000000e+03	  1,15382e-07
551	  1,1000000000e+03	  1,15924e-07
552	  1,1020000000e+03	  9,15930e-08
553	  1,1040000000e+03	  9,38815e-08
554	  1,1060000000e+03	  1,12444e-07
555	  1,1080000000e+03	  1,19736e-07
556	  1,1100000000e+03	  1,07858e-07
557	  1,1120000000e+03	  1,07626e-07
558	  1,1140000000e+03	  1,13046e-07
559	  1,1160000000e+03	  1,07867e-07
560	  1,1180000000e+03	  9,93144e-08
561	  1,1200000000e+03	  1,06327e-07
562	  1,1220000000e+03	  1,08479e-07
563	  1,1240000000e+03	  1,05521e-07
564	  1,1260000000e+03	  9,02878e-08
565	  1,1280000000e+03	  1,01581e-07
566	  1,1300000000e+03	  1,10970e-07
567	  1,1320000000e+03	  1,02433e-07
568	  1,1340000000e+03	  1,06182e-07
569	  1,1360000000e+03	  1,09442e-07
570	  1,1380000000e+03	  1,15748e-07
571	  1,1400000000e+03	  1,25417e-07
572	  1,1420000000e+03	  1,30495e-07
573	  1,1440000000e+03	  1,22120e-07
574	  1,1460000000e+03	  1,38915e-07
575	  1,1480000000e+03	  1,59946e-07
576	  1,1500000000e+03	  1,46615e-07
577	  1,1520000000e+03	  1,47139e-07
578	  1,1540000000e+03	  1,51323e-07
579	  1,1560000000e+03	  1,56100e-07
580	  1,1580000000e+03	  1,57194e-07
581	  1,1600000000e+03	  1,79668e-07
582	  1,1620000000e+03	  1,87462e-07
583	  1,1640000000e+03	  1,89358e-07
584	  1,1660000000e+03	  1,93311e-07
585	  1,1680000000e+03	  1,73696e-07
586	  1,1700000000e+03	  2,15363e-07
587	  1,1720000000e+03	  2,57131e-07
588	  1,1740000000e+03	  2,38529e-07
589	  1,1760000000e+03	  2,43672e-07
590	  1,1780000000e+03	  2,42191e-07
591	  1,1800000000e+03	  2,22869e-07
592	  1,1820000000e+03	  2,10935e-07
593	  1,1840000000e+03	  1,95007e-07
594	  1,1860000000e+03	  1,98355e-07
595	  1,1880000000e+03	  2,14249e-07
596	  1,1900000000e+03	  2,18154e-07
597	  1,1920000000e+03	  2,13380e-07
598	  1,1940000000e+03	  1,97751e-07
599	  1,1960000000e+03	  2,41625e-07
600	  1,1980000000e+03	  2,46103e-07
601	  1,2000000000e+03	  2,14548e-07
602	  1,2020000000e+03	  1,97274e-07
603	  1,2040000000e+03	  2,12122e-07
604	  1,2060000000e+03	  1,96611e-07
605	  1,2080000000e+03	  1,87072e-07
606	  1,2100000000e+03	  1,98648e-07
607	  1,2120000000e+03	  2,13186e-07
608	  1,2140000000e+03	  2,24434e-07
609	  1,2160000000e+03	  2,01239e-07
610	  1,2180000000e+03	  1,94740e-07
611	  1,2200000000e+03	  2,08558e-07
612	  1,2220000000e+03	  1,97856e-07
613	  1,2240000000e+03	  1,75987e-07
614	  1,2260000000e+03	  1,64545e-07
615	  1,2280000000e+03	  1,76915e-07
616	  1,2300000000e+03	  1,91997e-07
617	  1,2320000000e+03	  1,81958e-07
618	  1,2340000000e+03	  1,73607e-07
619	  1,2360000000e+03	  1,79519e-07
620	  1,2380000000e+03	  1,69995e-07
621	  1,2400000000e+03	  1,91439e-07
622	  1,2420000000e+03	  1,88972e-07
623	  1,2440000000e+03	  1,78310e-07
624	  1,2460000000e+03	  1,83264e-07
625	  1,2480000000e+03	  1,86822e-07
626	  1,2500000000e+03	  1,96206e-07
627	  1,2520000000e+03	  1,73373e-07
628	  1,2540000000e+03	  1,54945e-07
629	  1,2560000000e+03	  1,56091e-07
630	  1,2580000000e+03	  1,65502e-07
631	  1,2600000000e+03	  1,62311e-07
632	  1,2620000000e+03	  1,56339e-07
633	  1,2640000000e+03	  1,73410e-07
634	  1,2660000000e+03	  1,91467e-07
635	  1,2680000000e+03	  1,79078e-07
636	  1,2700000000e+03	  1,80113e-07
637	  1,2720000000e+03	  1,94518e-07
638	  1,2740000000e+03	  1,82372e-07
639	  1,2760000000e+03	  1,80465e-07
640	  1,2780000000e+03	  1,97276e-07
641	  1,2800000000e+03	  1,74844e-07
642	  1,2820000000e+03	  1,88478e-07
643	  1,2840000000e+03	  1,88819e-07
644	  1,2860000000e+03	  1,93813e-07
645	  1,2880000000e+03	  1,83060e-07
646	  1,2900000000e+03	  1,84674e-07
647	  1,2920000000e+03	  1,87138e-07
648	  1,2940000000e+03	  2,11957e-07
649	  1,2960000000e+03	  2,18344e-07
650	  1,2980000000e+03	  1,97560e-07
651	  1,3000000000e+03	  1,97523e-07
652	  1,3020000000e+03	  1,77648e-07
653	  1,3040000000e+03	  1,57320e-07
654	  1,3060000000e+03	  1,72906e-07
655	  1,3080000000e+03	  2,05000e-07
656	  1,3100000000e+03	  1,99029e-07
657	  1,3120000000e+03	  1,94311e-07
658	  1,3140000000e+03	  1,74066e-07
659	  1,3160000000e+03	  1,80581e-07
660	  1,3180000000e+03	  1,58861e-07
661	  1,3200000000e+03	  1,63624e-07
662	  1,3220000000e+03	  2,00283e-07
663	  1,3240000000e+03	  1,83355e-07
664	  1,3260000000e+03	  1,79123e-07
665	  1,3280000000e+03	  1,69862e-07
666	  1,3300000000e+03	  1,65772e-07
667	  1,3320000000e+03	  1,44677e-07
668	  1,3340000000e+03	  1,68540e-07
669	  1,3360000000e+03	  1,87415e-07
670	  1,3380000000e+03	  1,81467e-07
671	  1,3400000000e+03	  1,89332e-07
672	  1,3420000000e+03	  1,92542e-07
673	  1,3440000000e+03	  1,76091e-07
674	  1,3460000000e+03	  1,46411e-07
675	  1,3480000000e+03	  1,53881e-07
676	  1,3500000000e+03	  1,74193e-07
677	  1,3520000000e+03	  1,73308e-07
678	  1,3540000000e+03	  1,69661e-07
679	  1,3560000000e+03	  1,85081e-07
680	  1,3580000000e+03	  1,83642e-07
681	  1,3600000000e+03	  2,04269e-07
682	  1,3620000000e+03	  1,65993e-07
683	  1,3640000000e+03	  1,53659e-07
684	  1,3660000000e+03	  1,73048e-07
685	  1,3680000000e+03	  1,88756e-07
686	  1,3700000000e+03	  1,94508e-07
687	  1,3720000000e+03	  1,86923e-07
688	  1,3740000000e+03	  1,73055e-07
689	  1,3760000000e+03	  1,89369e-07
690	  1,3780000000e+03	  1,88482e-07
691	  1,3800000000e+03	  1,88213e-07
692	  1,3820000000e+03	  1,85231e-07
693	  1,3840000000e+03	  1,63847e-07
694	  1,3860000000e+03	  1,40744e-07
695	  1,3880000000e+03	  1,46892e-07
696	  1,3900000000e+03	  1,44544e-07
697	  1,3920000000e+03	  1,55398e-07
698	  1,3940000000e+03	  1,46143e-07
699	  1,3960000000e+03	  1,48855e-07
700	  1,3980000000e+03	  1,47468e-07
701	  1,4000000000e+03	  1,51310e-07
702	  1,4020000000e+03	  1,47419e-07
703	  1,4040000000e+03	  1,60453e-07
704	  1,4060000000e+03	  1,57715e-07
705	  1,4080000000e+03	  1,46226e-07
706	  1,4100000000e+03	  1,57547e-07
707	  1,4120000000e+03	  1,47522e-07
708	  1,4140000000e+03	  1,33792e-07
709	  1,4160000000e+03	  1,61170e-07
710	  1,4180000000e+03	  1,39140e-07
711	  1,4200000000e+03	  1,44027e-07
712	  1,4220000000e+03	  1,99620e-07
713	  1,4240000000e+03	  1,93937e-07
714	  1,4260000000e+03	  1,71472e-07
715	  1,4280000000e+03	  1,88302e-07
716	  1,4300000000e+03	  1,99250e-07
717	  1,4320000000e+03	  1,94945e-07
718	  1,4340000000e+03	  1,84227e-07
719	  1,4360000000e+03	  1,94481e-07
720	  1,4380000000e+03	  2,18909e-07
721	  1,4400000000e+03	  1,83917e-07
722	  1,4420000000e+03	  1,82638e-07
723	  1,4440000000e+03	  1,95607e-07
724	  1,4460000000e+03	  2,10017e-07
725	  1,4480000000e+03	  1,98582e-07
726	  1,4500000000e+03	  1,63430e-07
727	  1,4520000000e+03	  1,88624e-07
728	  1,4540000000e+03	  2,05322e-07
729	  1,4560000000e+03	  1,92116e-07
730	  1,4580000000e+03	  1,90853e-07
731	  1,4600000000e+03	  1,82486e-07
732	  1,4620000000e+03	  2,05227e-07
733	  1,4640000000e+03	  1,98357e-07
734	  1,4660000000e+03	  1,80330e-07
735	  1,4680000000e+03	  1,90357e-07
736	  1,4700000000e+03	  1,72369e-07
737	  1,4720000000e+03	  1,73017e-07
738	  1,4740000000e+03	  1,94096e-07
739	  1,4760000000e+03	  1,95594e-07
740	  1,4780000000e+03	  1,77087e-07
741	  1,4800000000e+03	  1,80312e-07
742	  1,4820000000e+03	  1,77151e-07
743	  1,4840000000e+03	  1,85487e-07
744	  1,4860000000e+03	  1,65701e-07
745	  1,4880000000e+03	  1,82049e-07
746	  1,4900000000e+03	  1,93764e-07
747	  1,4920000000e+03	  1,61758e-07
748	  1,4940000000e+03	  1,77321e-07
749	  1,4960000000e+03	  1,78302e-07
750	  1,4980000000e+03	  1,54235e-07
751	  1,5000000000e+03	  1,39920e-07
752	  1,5020000000e+03	  1,38833e-07
753	  1,5040000000e+03	  1,41466e-07
754	  1,5060000000e+03	  1,45285e-07
755	  1,5080000000e+03	  1,39660e-07
756	  1,5100000000e+03	  1,55436e-07
757	  1,5120000000e+03	  1,49073e-07
758	  1,5140000000e+03	  1,30892e-07
759	  1,5160000000e+03	  1,61667e-07
760	  1,5180000000e+03	  1,58523e-07
761	  1,5200000000e+03	  1,36605e-07
762	  1,5220000000e+03	  1,39284e-07
763	  1,5240000000e+03	  1,67516e-07
764	  1,5260000000e+03	  1,52433e-07
765	  1,5280000000e+03	  1,36653e-07
766	  1,5300000000e+03	  1,45012e-07
767	  1,5320000000e+03	  1,56566e-07
768	  1,5340000000e+03	  1,60639e-07
769	  1,5360000000e+03	  1,41651e-07
770	  1,5380000000e+03	  1,49795e-07
771	  1,5400000000e+03	  1,53712e-07
772	  1,5420000000e+03	  1,60443e-07
773	  1,5440000000e+03	  1,49273e-07
774	  1,5460000000e+03	  1,69965e-07
775	  1,5480000000e+03	  1,77307e-07
776	  1,5500000000e+03	  1,62892e-07
777	  1,5520000000e+03	  1,69515e-07
778	  1,5540000000e+03	  1,71966e-07
779	  1,5560000000e+03	  1,72797e-07
780	  1,5580000000e+03	  1,74206e-07
781	  1,5600000000e+03	  1,97460e-07
782	  1,5620000000e+03	  2,05606e-07
783	  1,5640000000e+03	  1,85256e-07
784	  1,5660000000e+03	  1,87772e-07
785	  1,5680000000e+03	  1,85315e-07
786	  1,5700000000e+03	  1,91092e-07
787	  1,5720000000e+03	  1,83968e-07
788	  1,5740000000e+03	  1,84352e-07
789	  1,5760000000e+03	  1,83494e-07
790	  1,5780000000e+03	  1,66405e-07
791	  1,5800000000e+03	  1,72528e-07
792	  1,5820000000e+03	  1,81045e-07
793	  1,5840000000e+03	  1,81461e-07
794	  1,5860000000e+03	  1,73559e-07
795	  1,5880000000e+03	  1,45567e-07
796	  1,5900000000e+03	  1,51128e-07
797	  1,5920000000e+03	  1,48649e-07
798	  1,5940000000e+03	  1,69414e-07
799	  1,5960000000e+03	  1,69552e-07
800	  1,5980000000e+03	  1,89091e-07
801	  1,6000000000e+03	  1,85681e-07
802	  1,6020000000e+03	  2,14590e-07
803	  1,6040000000e+03	  2,15276e-07
804	  1,6060000000e+03	  1,88760e-07
805	  1,6080000000e+03	  1,58950e-07
806	  1,6100000000e+03	  1,41314e-07
807	  1,6120000000e+03	  1,64887e-07
808	  1,6140000000e+03	  1,71377e-07
809	  1,6160000000e+03	  1,82767e-07
810	  1,6180000000e+03	  1,94876e-07
811	  1,6200000000e+03	  2,10812e-07
812	  1,6220000000e+03	  2,04626e-07
813	  1,6240000000e+03	  1,69434e-07
814	  1,6260000000e+03	  1,70698e-07
815	  1,6280000000e+03	  1,90791e-07
816	  1,6300000000e+03	  1,92579e-07
817	  1,6320000000e+03	  1,84857e-07
818	  1,6340000000e+03	  1,66638e-07
819	  1,6360000000e+03	  1,92688e-07
820	  1,6380000000e+03	  1,77851e-07
821	  1,6400000000e+03	  1,62912e-07
822	  1,6420000000e+03	  1,69029e-07
823	  1,6440000000e+03	  1,83572e-07
824	  1,6460000000e+03	  1,97946e-07
825	  1,6480000000e+03	  1,84268e-07
826	  1,6500000000e+03	  1,73465e-07
827	  1,6520000000e+03	  1,73929e-07
828	  1,6540000000e+03	  1,63535e-07
829	  1,6560000000e+03	  1,54528e-07
830	  1,6580000000e+03	  1,60372e-07
831	  1,6600000000e+03	  1,85634e-07
832	  1,6620000000e+03	  1,84884e-07
833	  1,6640000000e+03	  1,65148e-07
834	  1,6660000000e+03	  1,56402e-07
835	  1,6680000000e+03	  1,80866e-07
836	  1,6700000000e+03	  1,59718e-07
837	  1,6720000000e+03	  1,56701e-07
838	  1,6740000000e+03	  1,75836e-07
839	  1,6760000000e+03	  1,77839e-07
840	  1,6780000000e+03	  1,72046e-07
841	  1,6800000000e+03	  1,68127e-07
842	  1,6820000000e+03	  1,68924e-07
843	  1,6840000000e+03	  1,64870e-07
844	  1,6860000000e+03	  1,76299e-07
845	  1,6880000000e+03	  1,74517e-07
846	  1,6900000000e+03	  1,79488e-07
847	  1,6920000000e+03	  1,72226e-07
848	  1,6940000000e+03	  1,72875e-07
849	  1,6960000000e+03	  2,00024e-07
850	  1,6980000000e+03	  1,90510e-07
851	  1,7000000000e+03	  1,62940e-07
852	  1,7020000000e+03	  1,72097e-07
853	  1,7040000000e+03	  1,51385e-07
854	  1,7060000000e+03	  1,50624e-07
855	  1,7080000000e+03	  1,75071e-07
856	  1,7100000000e+03	  1,71095e-07
857	  1,7120000000e+03	  1,93216e-07
858	  1,7140000000e+03	  2,06571e-07
859	  1,7160000000e+03	  2,06071e-07
860	  1,7180000000e+03	  2,03034e-07
861	  1,7200000000e+03	  1,95304e-07
862	  1,7220000000e+03	  1,83777e-07
863	  1,7240000000e+03	  1,78456e-07
864	  1,7260000000e+03	  1,98866e-07
865	  1,7280000000e+03	  2,06802e-07
866	  1,7300000000e+03	  2,08298e-07
867	  1,7320000000e+03	  2,01726e-07
868	  1,7340000000e+03	  1,89470e-07
869	  1,7360000000e+03	  1,66534e-07
870	  1,7380000000e+03	  1,71440e-07
871	  1,7400000000e+03	  1,86646e-07
872	  1,7420000000e+03	  1,99602e-07
873	  1,7440000000e+03	  2,04048e-07
874	  1,7460000000e+03	  1,87695e-07
875	  1,7480000000e+03	  1,65568e-07
876	  1,7500000000e+03	  1,70337e-07
877	  1,7520000000e+03	  1,90912e-07
878	  1,7540000000e+03	  1,89167e-07
879	  1,7560000000e+03	  1,77427e-07
880	  1,7580000000e+03	  1,86153e-07
881	  1,7600000000e+03	  1,70237e-07
882	  1,7620000000e+03	  1,76164e-07
883	  1,7640000000e+03	  1,69785e-07
884	  1,7660000000e+03	  1,63770e-07
885	  1,7680000000e+03	  1,67061e-07
886	  1,7700000000e+03	  1,55069e-07
887	  1,7720000000e+03	  1,64590e-07
888	  1,7740000000e+03	  1,90873e-07
889	  1,7760000000e+03	  1,99436e-07
890	  1,7780000000e+03	  1,79426e-07
891	  1,7800000000e+03	  1,59627e-07
892	  1,7820000000e+03	  1,60211e-07
893	  1,7840000000e+03	  1,73261e-07
894	  1,7860000000e+03	  1,68369e-07
895	  1,7880000000e+03	  1,53303e-07
896	  1,7900000000e+03	  1,63417e-07
897	  1,7920000000e+03	  1,95508e-07
898	  1,7940000000e+03	  2,06469e-07
899	  1,7960000000e+03	  1,96497e-07
900	  1,7980000000e+03	  1,85142e-07
901	  1,8000000000e+03	  1,83966e-07
902	  1,8020000000e+03	  2,03999e-07
903	  1,8040000000e+03	  1,82155e-07
904	  1,8060000000e+03	  1,77620e-07
905	  1,8080000000e+03	  1,67796e-07
906	  1,8100000000e+03	  1,76577e-07
907	  1,8120000000e+03	  2,02205e-07
908	  1,8140000000e+03	  1,98252e-07
909	  1,8160000000e+03	  1,94921e-07
910	  1,8180000000e+03	  1,95078e-07
911	  1,8200000000e+03	  1,94075e-07
912	  1,8220000000e+03	  2,35017e-07
913	  1,8240000000e+03	  1,94999e-07
914	  1,8260000000e+03	  1,88759e-07
915	  1,8280000000e+03	  2,17939e-07
916	  1,8300000000e+03	  1,92002e-07
917	  1,8320000000e+03	  1,97694e-07
918	  1,8340000000e+03	  1,94409e-07
919	  1,8360000000e+03	  1,92950e-07
920	  1,8380000000e+03	  1,88919e-07
921	  1,8400000000e+03	  1,81789e-07
922	  1,8420000000e+03	  1,99586e-07
923	  1,8440000000e+03	  2,05470e-07
924	  1,8460000000e+03	  1,75944e-07
925	  1,8480000000e+03	  1,90498e-07
926	  1,8500000000e+03	  1,97532e-07
927	  1,8520000000e+03	  1,90196e-07
928	  1,8540000000e+03	  1,82437e-07
929	  1,8560000000e+03	  1,84947e-07
930	  1,8580000000e+03	  1,71297e-07
931	  1,8600000000e+03	  1,95943e-07
932	  1,8620000000e+03	  1,92985e-07
933	  1,8640000000e+03	  1,91342e-07
934	  1,8660000000e+03	  1,91671e-07
935	  1,8680000000e+03	  2,08090e-07
936	  1,8700000000e+03	  2,12316e-07
937	  1,8720000000e+03	  1,97739e-07
938	  1,8740000000e+03	  1,84693e-07
939	  1,8760000000e+03	  2,00262e-07
940	  1,8780000000e+03	  2,16244e-07
941	  1,8800000000e+03	  1,97619e-07
942	  1,8820000000e+03	  1,98174e-07
943	  1,8840000000e+03	  2,24691e-07
944	  1,8860000000e+03	  2,14384e-07
945	  1,8880000000e+03	  1,97840e-07
946	  1,8900000000e+03	  1,76505e-07
947	  1,8920000000e+03	  2,05119e-07
948	  1,8940000000e+03	  2,04421e-07
949	  1,8960000000e+03	  1,86027e-07
950	  1,8980000000e+03	  1,83150e-07
951	  1,9000000000e+03	  2,17645e-07
952	  1,9020000000e+03	  2,20413e-07
953	  1,9040000000e+03	  2,40218e-07
954	  1,9060000000e+03	  2,08581e-07
955	  1,9080000000e+03	  1,84190e-07
956	  1,9100000000e+03	  2,01105e-07
957	  1,9120000000e+03	  2,04569e-07
958	  1,9140000000e+03	  2,20975e-07
959	  1,9160000000e+03	  2,16020e-07
960	  1,9180000000e+03	  2,16115e-07
961	  1,9200000000e+03	  1,95910e-07
962	  1,9220000000e+03	  1,99382e-07
963	  1,9240000000e+03	  2,15347e-07
964	  1,9260000000e+03	  1,96469e-07
965	  1,9280000000e+03	  1,86093e-07
966	  1,9300000000e+03	  1,87507e-07
967	  1,9320000000e+03	  1,90233e-07
968	  1,9340000000e+03	  2,01791e-07
969	  1,9360000000e+03	  2,09353e-07
970	  1,9380000000e+03	  2,05400e-07
971	  1,9400000000e+03	  1,67534e-07
972	  1,9420000000e+03	  1,99815e-07
973	  1,9440000000e+03	  1,95338e-07
974	  1,9460000000e+03	  1,96647e-07
975	  1,9480000000e+03	  2,05142e-07
976	  1,9500000000e+03	  1,95653e-07
977	  1,9520000000e+03	  2,23539e-07
978	  1,9540000000e+03	  2,13244e-07
979	  1,9560000000e+03	  1,78631e-07
980	  1,9580000000e+03	  1,71903e-07
981	  1,9600000000e+03	  1,90838e-07
982	  1,9620000000e+03	  2,30266e-07
983	  1,9640000000e+03	  2,05083e-07
984	  1,9660000000e+03	  1,83450e-07
985	  1,9680000000e+03	  2,00581e-07
986	  1,9700000000e+03	  1,81845e-07
987	  1,9720000000e+03	  1,80686e-07
988	  1,9740000000e+03	  2,05117e-07
989	  1,9760000000e+03	  1,83026e-07
990	  1,9780000000e+03	  1,70625e-07
991	  1,9800000000e+03	  1,76987e-07
992	  1,9820000000e+03	  1,92731e-07
993	  1,9840000000e+03	  1,87587e-07
994	  1,9860000000e+03	  1,89252e-07
995	  1,9880000000e+03	  1,70407e-07
996	  1,9900000000e+03	  1,69026e-07
997	  1,9920000000e+03	  1,86784e-07
998	  1,9940000000e+03	  1,65860e-07
999	  1,9960000000e+03	  1,76759e-07
1000	  1,9980000000e+03	  1,82884e-07
1001	  2,0000000000e+03	  1,80616e-07
1002	  2,0020000000e+03	  1,81019e-07
1003	  2,0040000000e+03	  1,81461e-07
1004	  2,0060000000e+03	  1,99407e-07
1005	  2,0080000000e+03	  2,23125e-07
1006	  2,0100000000e+03	  2,13566e-07
1007	  2,0120000000e+03	  2,06242e-07
1008	  2,0140000000e+03	  2,02218e-07
1009	  2,0160000000e+03	  2,46516e-07
1010	  2,0180000000e+03	  2,13897e-07
1011	  2,0200000000e+03	  1,92441e-07
1012	  2,0220000000e+03	  2,06373e-07
1013	  2,0240000000e+03	  2,18761e-07
1014	  2,0260000000e+03	  2,32911e-07
1015	  2,0280000000e+03	  2,36390e-07
1016	  2,0300000000e+03	  2,29193e-07
1017	  2,0320000000e+03	  2,29328e-07
1018	  2,0340000000e+03	  2,40559e-07
1019	  2,0360000000e+03	  2,53779e-07
1020	  2,0380000000e+03	  2,42822e-07
1021	  2,0400000000e+03	  2,44750e-07
1022	  2,0420000000e+03	  2,53852e-07
1023	  2,0440000000e+03	  2,28048e-07
1024	  2,0460000000e+03	  2,31058e-07
1025	  2,0480000000e+03	  2,34323e-07
1026	  2,0500000000e+03	  2,50486e-07
1027	  2,0520000000e+03	  2,31010e-07
1028	  2,0540000000e+03	  2,02076e-07
1029	  2,0560000000e+03	  1,95145e-07
1030	  2,0580000000e+03	  2,14735e-07
1031	  2,0600000000e+03	  2,56646e-07
1032	  2,0620000000e+03	  2,70181e-07
1033	  2,0640000000e+03	  2,60871e-07
1034	  2,0660000000e+03	  2,55308e-07
1035	  2,0680000000e+03	  2,27016e-07
1036	  2,0700000000e+03	  2,37623e-07
1037	  2,0720000000e+03	  2,23613e-07
1038	  2,0740000000e+03	  2,00715e-07
1039	  2,0760000000e+03	  2,33153e-07
1040	  2,0780000000e+03	  2,41128e-07
1041	  2,0800000000e+03	  2,51934e-07
1042	  2,0820000000e+03	  2,53623e-07
1043	  2,0840000000e+03	  2,87594e-07
1044	  2,0860000000e+03	  2,37587e-07
1045	  2,0880000000e+03	  2,16010e-07
1046	  2,0900000000e+03	  2,01619e-07
1047	  2,0920000000e+03	  2,09138e-07
1048	  2,0940000000e+03	  2,07211e-07
1049	  2,0960000000e+03	  2,12816e-07
1050	  2,0980000000e+03	  2,17629e-07
1051	  2,1000000000e+03	  2,50127e-07
1052	  2,1020000000e+03	  2,39748e-07
1053	  2,1040000000e+03	  2,20666e-07
1054	  2,1060000000e+03	  2,18915e-07
1055	  2,1080000000e+03	  2,15394e-07
1056	  2,1100000000e+03	  2,14598e-07
1057	  2,1120000000e+03	  2,40586e-07
1058	  2,1140000000e+03	  2,81586e-07
1059	  2,1160000000e+03	  2,79454e-07
1060	  2,1180000000e+03	  2,71926e-07
1061	  2,1200000000e+03	  3,02595e-07
1062	  2,1220000000e+03	  3,00514e-07
1063	  2,1240000000e+03	  2,73307e-07
1064	  2,1260000000e+03	  2,76343e-07
1065	  2,1280000000e+03	  2,76746e-07
1066	  2,1300000000e+03	  2,44049e-07
1067	  2,1320000000e+03	  2,34604e-07
1068	  2,1340000000e+03	  2,50537e-07
1069	  2,1360000000e+03	  2,34785e-07
1070	  2,1380000000e+03	  2,20580e-07
1071	  2,1400000000e+03	  2,39417e-07
1072	  2,1420000000e+03	  2,43898e-07
1073	  2,1440000000e+03	  2,35799e-07
1074	  2,1460000000e+03	  2,41899e-07
1075	  2,1480000000e+03	  2,68196e-07
1076	  2,1500000000e+03	  2,58609e-07
1077	  2,1520000000e+03	  2,18019e-07
1078	  2,1540000000e+03	  2,57347e-07
1079	  2,1560000000e+03	  2,55414e-07
1080	  2,1580000000e+03	  2,68596e-07
1081	  2,1600000000e+03	  2,67218e-07
1082	  2,1620000000e+03	  2,62900e-07
1083	  2,1640000000e+03	  2,50856e-07
1084	  2,1660000000e+03	  2,57435e-07
1085	  2,1680000000e+03	  2,46423e-07
1086	  2,1700000000e+03	  1,94637e-07
1087	  2,1720000000e+03	  2,19251e-07
1088	  2,1740000000e+03	  2,12959e-07
1089	  2,1760000000e+03	  2,03221e-07
1090	  2,1780000000e+03	  2,01099e-07
1091	  2,1800000000e+03	  2,53541e-07
1092	  2,1820000000e+03	  2,76711e-07
1093	  2,1840000000e+03	  2,27468e-07
1094	  2,1860000000e+03	  2,39653e-07
1095	  2,1880000000e+03	  2,63551e-07
1096	  2,1900000000e+03	  2,33102e-07
1097	  2,1920000000e+03	  2,43849e-07
1098	  2,1940000000e+03	  2,51477e-07
1099	  2,1960000000e+03	  2,54905e-07
1100	  2,1980000000e+03	  2,68715e-07
1101	  2,2000000000e+03	  2,35450e-07
1102	  2,2020000000e+03	  2,57830e-07
1103	  2,2040000000e+03	  2,89307e-07
1104	  2,2060000000e+03	  2,67657e-07
1105	  2,2080000000e+03	  2,69223e-07
1106	  2,2100000000e+03	  2,64873e-07
1107	  2,2120000000e+03	  2,25317e-07
1108	  2,2140000000e+03	  2,37584e-07
1109	  2,2160000000e+03	  2,69636e-07
1110	  2,2180000000e+03	  2,77165e-07
1111	  2,2200000000e+03	  2,52131e-07
1112	  2,2220000000e+03	  2,07052e-07
1113	  2,2240000000e+03	  2,06716e-07
1114	  2,2260000000e+03	  2,35831e-07
1115	  2,2280000000e+03	  2,35765e-07
1116	  2,2300000000e+03	  2,32830e-07
1117	  2,2320000000e+03	  2,25153e-07
1118	  2,2340000000e+03	  2,23307e-07
1119	  2,2360000000e+03	  2,53395e-07
1120	  2,2380000000e+03	  2,67467e-07
1121	  2,2400000000e+03	  2,56776e-07
1122	  2,2420000000e+03	  2,06961e-07
1123	  2,2440000000e+03	  2,47705e-07
1124	  2,2460000000e+03	  2,49013e-07
1125	  2,2480000000e+03	  2,06361e-07
1126	  2,2500000000e+03	  1,84210e-07
1127	  2,2520000000e+03	  2,06004e-07
1128	  2,2540000000e+03	  1,97573e-07
1129	  2,2560000000e+03	  2,01739e-07
1130	  2,2580000000e+03	  2,09345e-07
1131	  2,2600000000e+03	  2,19452e-07
1132	  2,2620000000e+03	  2,05157e-07
1133	  2,2640000000e+03	  2,24043e-07
1134	  2,2660000000e+03	  2,24245e-07
1135	  2,2680000000e+03	  2,28124e-07
1136	  2,2700000000e+03	  2,39514e-07
1137	  2,2720000000e+03	  2,12720e-07
1138	  2,2740000000e+03	  1,79158e-07
1139	  2,2760000000e+03	  1,96098e-07
1140	  2,2780000000e+03	  2,29105e-07
1141	  2,2800000000e+03	  2,08366e-07
1142	  2,2820000000e+03	  1,83244e-07
1143	  2,2840000000e+03	  1,91833e-07
1144	  2,2860000000e+03	  2,13590e-07
1145	  2,2880000000e+03	  2,09639e-07
1146	  2,2900000000e+03	  1,82085e-07
1147	  2,2920000000e+03	  1,65379e-07
1148	  2,2940000000e+03	  1,67985e-07
1149	  2,2960000000e+03	  1,80450e-07
1150	  2,2980000000e+03	  2,00998e-07
1151	  2,3000000000e+03	  1,86841e-07
1152	  2,3020000000e+03	  1,80251e-07
1153	  2,3040000000e+03	  2,07649e-07
1154	  2,3060000000e+03	  1,85945e-07
1155	  2,3080000000e+03	  1,80798e-07
1156	  2,3100000000e+03	  1,73449e-07
1157	  2,3120000000e+03	  1,83497e-07
1158	  2,3140000000e+03	  1,67641e-07
1159	  2,3160000000e+03	  1,58846e-07
1160	  2,3180000000e+03	  1,54094e-07
1161	  2,3200000000e+03	  1,57852e-07
1162	  2,3220000000e+03	  1,52838e-07
1163	  2,3240000000e+03	  1,52736e-07
1164	  2,3260000000e+03	  1,63861e-07
1165	  2,3280000000e+03	  1,86341e-07
1166	  2,3300000000e+03	  1,62282e-07
1167	  2,3320000000e+03	  1,49373e-07
1168	  2,3340000000e+03	  1,58939e-07
1169	  2,3360000000e+03	  1,71757e-07
1170	  2,3380000000e+03	  1,79552e-07
1171	  2,3400000000e+03	  1,80930e-07
1172	  2,3420000000e+03	  1,56800e-07
1173	  2,3440000000e+03	  1,42567e-07
1174	  2,3460000000e+03	  1,58143e-07
1175	  2,3480000000e+03	  1,55698e-07
1176	  2,3500000000e+03	  1,45570e-07
1177	  2,3520000000e+03	  1,57950e-07
1178	  2,3540000000e+03	  1,44047e-07
1179	  2,3560000000e+03	  1,46307e-07
1180	  2,3580000000e+03	  1,43943e-07
1181	  2,3600000000e+03	  1,34350e-07
1182	  2,3620000000e+03	  1,30050e-07
1183	  2,3640000000e+03	  1,37778e-07
1184	  2,3660000000e+03	  1,29275e-07
1185	  2,3680000000e+03	  1,30708e-07
1186	  2,3700000000e+03	  1,37715e-07
1187	  2,3720000000e+03	  1,49379e-07
1188	  2,3740000000e+03	  1,51521e-07
1189	  2,3760000000e+03	  1,43881e-07
1190	  2,3780000000e+03	  1,50080e-07
1191	  2,3800000000e+03	  1,42657e-07
1192	  2,3820000000e+03	  1,42701e-07
1193	  2,3840000000e+03	  1,49298e-07
1194	  2,3860000000e+03	  1,36837e-07
1195	  2,3880000000e+03	  1,26949e-07
1196	  2,3900000000e+03	  1,32009e-07
1197	  2,3920000000e+03	  1,34955e-07
1198	  2,3940000000e+03	  1,31418e-07
1199	  2,3960000000e+03	  1,23744e-07
1200	  2,3980000000e+03	  1,11046e-07
1201	  2,4000000000e+03	  1,23546e-07
1202	  2,4020000000e+03	  1,24718e-07
1203	  2,4040000000e+03	  1,29502e-07
1204	  2,4060000000e+03	  1,15168e-07
1205	  2,4080000000e+03	  1,19510e-07
1206	  2,4100000000e+03	  1,15704e-07
1207	  2,4120000000e+03	  1,02446e-07
1208	  2,4140000000e+03	  1,14481e-07
1209	  2,4160000000e+03	  1,21942e-07
1210	  2,4180000000e+03	  1,19967e-07
1211	  2,4200000000e+03	  1,13156e-07
1212	  2,4220000000e+03	  1,05513e-07
1213	  2,4240000000e+03	  1,00933e-07
1214	  2,4260000000e+03	  1,13954e-07
1215	  2,4280000000e+03	  1,04865e-07
1216	  2,4300000000e+03	  9,76819e-08
1217	  2,4320000000e+03	  1,01063e-07
1218	  2,4340000000e+03	  1,03817e-07
1219	  2,4360000000e+03	  1,12071e-07
1220	  2,4380000000e+03	  1,16380e-07
1221	  2,4400000000e+03	  1,05147e-07
1222	  2,4420000000e+03	  9,95459e-08
1223	  2,4440000000e+03	  1,10177e-07
1224	  2,4460000000e+03	  1,09942e-07
1225	  2,4480000000e+03	  1,10648e-07
1226	  2,4500000000e+03	  1,11570e-07
1227	  2,4520000000e+03	  1,06449e-07
1228	  2,4540000000e+03	  1,23227e-07
1229	  2,4560000000e+03	  1,25502e-07
1230	  2,4580000000e+03	  1,00848e-07
1231	  2,4600000000e+03	  1,10122e-07
1232	  2,4620000000e+03	  1,18642e-07
1233	  2,4640000000e+03	  1,20014e-07
1234	  2,4660000000e+03	  1,03299e-07
1235	  2,4680000000e+03	  9,29072e-08
1236	  2,4700000000e+03	  9,67313e-08
1237	  2,4720000000e+03	  1,13443e-07
1238	  2,4740000000e+03	  1,19620e-07
1239	  2,4760000000e+03	  1,26290e-07
1240	  2,4780000000e+03	  1,37538e-07
1241	  2,4800000000e+03	  1,19878e-07
1242	  2,4820000000e+03	  1,04493e-07
1243	  2,4840000000e+03	  1,09708e-07
1244	  2,4860000000e+03	  1,18282e-07
1245	  2,4880000000e+03	  1,10538e-07
1246	  2,4900000000e+03	  1,14789e-07
1247	  2,4920000000e+03	  1,14136e-07
1248	  2,4940000000e+03	  1,07070e-07
1249	  2,4960000000e+03	  1,10526e-07
1250	  2,4980000000e+03	  1,14646e-07
1251	  2,5000000000e+03	  1,09634e-07
1252	  2,5020000000e+03	  1,03745e-07
1253	  2,5040000000e+03	  1,16603e-07
1254	  2,5060000000e+03	  1,13507e-07
1255	  2,5080000000e+03	  1,13919e-07
1256	  2,5100000000e+03	  1,14357e-07
1257	  2,5120000000e+03	  1,07271e-07
1258	  2,5140000000e+03	  1,05601e-07
1259	  2,5160000000e+03	  1,14433e-07
1260	  2,5180000000e+03	  1,24928e-07
1261	  2,5200000000e+03	  1,25381e-07
1262	  2,5220000000e+03	  1,07393e-07
1263	  2,5240000000e+03	  1,15222e-07
1264	  2,5260000000e+03	  1,40166e-07
1265	  2,5280000000e+03	  1,36366e-07
1266	  2,5300000000e+03	  1,35656e-07
1267	  2,5320000000e+03	  1,12719e-07
1268	  2,5340000000e+03	  1,16440e-07
1269	  2,5360000000e+03	  1,22594e-07
1270	  2,5380000000e+03	  1,06777e-07
1271	  2,5400000000e+03	  1,22873e-07
1272	  2,5420000000e+03	  1,26433e-07
1273	  2,5440000000e+03	  1,33530e-07
1274	  2,5460000000e+03	  1,30199e-07
1275	  2,5480000000e+03	  1,24716e-07
1276	  2,5500000000e+03	  1,33724e-07
1277	  2,5520000000e+03	  1,29712e-07
1278	  2,5540000000e+03	  1,32724e-07
1279	  2,5560000000e+03	  1,36436e-07
1280	  2,5580000000e+03	  1,48813e-07
1281	  2,5600000000e+03	  1,51901e-07
1282	  2,5620000000e+03	  1,72737e-07
1283	  2,5640000000e+03	  1,57270e-07
1284	  2,5660000000e+03	  1,50337e-07
1285	  2,5680000000e+03	  1,83948e-07
1286	  2,5700000000e+03	  1,64334e-07
1287	  2,5720000000e+03	  1,59312e-07
1288	  2,5740000000e+03	  1,64708e-07
1289	  2,5760000000e+03	  1,89091e-07
1290	  2,5780000000e+03	  1,70147e-07
1291	  2,5800000000e+03	  1,56228e-07
1292	  2,5820000000e+03	  1,63692e-07
1293	  2,5840000000e+03	  1,75967e-07
1294	  2,5860000000e+03	  1,74882e-07
1295	  2,5880000000e+03	  1,91430e-07
1296	  2,5900000000e+03	  1,83690e-07
1297	  2,5920000000e+03	  1,55703e-07
1298	  2,5940000000e+03	  1,64198e-07
1299	  2,5960000000e+03	  1,78256e-07
1300	  2,5980000000e+03	  1,75172e-07
1301	  2,6000000000e+03	  1,86509e-07
1302	  2,6020000000e+03	  1,56610e-07
1303	  2,6040000000e+03	  1,57264e-07
1304	  2,6060000000e+03	  1,61422e-07
1305	  2,6080000000e+03	  1,58772e-07
1306	  2,6100000000e+03	  1,79869e-07
1307	  2,6120000000e+03	  1,65316e-07
1308	  2,6140000000e+03	  1,59372e-07
1309	  2,6160000000e+03	  1,50509e-07
1310	  2,6180000000e+03	  1,62118e-07
1311	  2,6200000000e+03	  1,49058e-07
1312	  2,6220000000e+03	  1,43045e-07
1313	  2,6240000000e+03	  1,40847e-07
1314	  2,6260000000e+03	  1,39937e-07
1315	  2,6280000000e+03	  1,73915e-07
1316	  2,6300000000e+03	  1,87167e-07
1317	  2,6320000000e+03	  1,66291e-07
1318	  2,6340000000e+03	  1,54837e-07
1319	  2,6360000000e+03	  1,69573e-07
1320	  2,6380000000e+03	  2,00539e-07
1321	  2,6400000000e+03	  1,55802e-07
1322	  2,6420000000e+03	  1,56039e-07
1323	  2,6440000000e+03	  1,73404e-07
1324	  2,6460000000e+03	  1,88478e-07
1325	  2,6480000000e+03	  1,72101e-07
1326	  2,6500000000e+03	  1,61745e-07
1327	  2,6520000000e+03	  1,63552e-07
1328	  2,6540000000e+03	  1,89677e-07
1329	  2,6560000000e+03	  1,78268e-07
1330	  2,6580000000e+03	  1,77730e-07
1331	  2,6600000000e+03	  1,82294e-07
1332	  2,6620000000e+03	  1,67896e-07
1333	  2,6640000000e+03	  1,54765e-07
1334	  2,6660000000e+03	  1,48912e-07
1335	  2,6680000000e+03	  1,50262e-07
1336	  2,6700000000e+03	  1,36263e-07
1337	  2,6720000000e+03	  1,60205e-07
1338	  2,6740000000e+03	  1,61150e-07
1339	  2,6760000000e+03	  1,49937e-07
1340	  2,6780000000e+03	  1,57383e-07
1341	  2,6800000000e+03	  1,40657e-07
1342	  2,6820000000e+03	  1,59335e-07
1343	  2,6840000000e+03	  1,77482e-07
1344	  2,6860000000e+03	  1,77748e-07
1345	  2,6880000000e+03	  1,51177e-07
1346	  2,6900000000e+03	  1,46089e-07
1347	  2,6920000000e+03	  1,47324e-07
1348	  2,6940000000e+03	  1,53690e-07
1349	  2,6960000000e+03	  1,55324e-07
1350	  2,6980000000e+03	  1,48915e-07
1351	  2,7000000000e+03	  1,60099e-07
1352	  2,7020000000e+03	  1,65130e-07
1353	  2,7040000000e+03	  1,64509e-07
1354	  2,7060000000e+03	  1,57465e-07
1355	  2,7080000000e+03	  1,67298e-07
1356	  2,7100000000e+03	  1,53910e-07
1357	  2,7120000000e+03	  1,44607e-07
1358	  2,7140000000e+03	  1,45451e-07
1359	  2,7160000000e+03	  1,54881e-07
1360	  2,7180000000e+03	  1,54415e-07
1361	  2,7200000000e+03	  1,44807e-07
1362	  2,7220000000e+03	  1,32521e-07
1363	  2,7240000000e+03	  1,47904e-07
1364	  2,7260000000e+03	  1,73185e-07
1365	  2,7280000000e+03	  1,77373e-07
1366	  2,7300000000e+03	  1,93649e-07
1367	  2,7320000000e+03	  1,82824e-07
1368	  2,7340000000e+03	  1,57516e-07
1369	  2,7360000000e+03	  1,71715e-07
1370	  2,7380000000e+03	  1,68642e-07
1371	  2,7400000000e+03	  1,70054e-07
1372	  2,7420000000e+03	  1,82883e-07
1373	  2,7440000000e+03	  1,66216e-07
1374	  2,7460000000e+03	  1,56273e-07
1375	  2,7480000000e+03	  1,72376e-07
1376	  2,7500000000e+03	  1,72011e-07
1377	  2,7520000000e+03	  1,75837e-07
1378	  2,7540000000e+03	  1,74441e-07
1379	  2,7560000000e+03	  1,96035e-07
1380	  2,7580000000e+03	  1,88542e-07
1381	  2,7600000000e+03	  1,70259e-07
1382	  2,7620000000e+03	  1,46217e-07
1383	  2,7640000000e+03	  1,69385e-07
1384	  2,7660000000e+03	  1,73012e-07
1385	  2,7680000000e+03	  1,81394e-07
1386	  2,7700000000e+03	  1,54543e-07
1387	  2,7720000000e+03	  1,41564e-07
1388	  2,7740000000e+03	  1,44842e-07
1389	  2,7760000000e+03	  1,71625e-07
1390	  2,7780000000e+03	  1,76082e-07
1391	  2,7800000000e+03	  1,61144e-07
1392	  2,7820000000e+03	  1,70116e-07
1393	  2,7840000000e+03	  1,52059e-07
1394	  2,7860000000e+03	  1,57170e-07
1395	  2,7880000000e+03	  1,67091e-07
1396	  2,7900000000e+03	  1,54893e-07
1397	  2,7920000000e+03	  1,44926e-07
1398	  2,7940000000e+03	  1,54187e-07
1399	  2,7960000000e+03	  1,56219e-07
1400	  2,7980000000e+03	  1,77635e-07
1401	  2,8000000000e+03	  1,83478e-07
1402	  2,8020000000e+03	  1,80469e-07
1403	  2,8040000000e+03	  1,97514e-07
1404	  2,8060000000e+03	  1,95931e-07
1405	  2,8080000000e+03	  1,97432e-07
1406	  2,8100000000e+03	  2,06139e-07
1407	  2,8120000000e+03	  1,87301e-07
1408	  2,8140000000e+03	  1,64425e-07
1409	  2,8160000000e+03	  1,82312e-07
1410	  2,8180000000e+03	  1,94462e-07
1411	  2,8200000000e+03	  2,15009e-07
1412	  2,8220000000e+03	  1,92217e-07
1413	  2,8240000000e+03	  2,00142e-07
1414	  2,8260000000e+03	  1,98754e-07
1415	  2,8280000000e+03	  2,02528e-07
1416	  2,8300000000e+03	  2,00843e-07
1417	  2,8320000000e+03	  1,72540e-07
1418	  2,8340000000e+03	  1,74235e-07
1419	  2,8360000000e+03	  1,80757e-07
1420	  2,8380000000e+03	  1,70864e-07
1421	  2,8400000000e+03	  1,86191e-07
1422	  2,8420000000e+03	  2,06774e-07
1423	  2,8440000000e+03	  2,36460e-07
1424	  2,8460000000e+03	  2,23667e-07
1425	  2,8480000000e+03	  1,89041e-07
1426	  2,8500000000e+03	  1,88375e-07
1427	  2,8520000000e+03	  2,04799e-07
1428	  2,8540000000e+03	  2,04474e-07
1429	  2,8560000000e+03	  1,90389e-07
1430	  2,8580000000e+03	  1,75465e-07
1431	  2,8600000000e+03	  1,81013e-07
1432	  2,8620000000e+03	  1,91759e-07
1433	  2,8640000000e+03	  1,86776e-07
1434	  2,8660000000e+03	  2,03629e-07
1435	  2,8680000000e+03	  2,00158e-07
1436	  2,8700000000e+03	  1,96002e-07
1437	  2,8720000000e+03	  2,14612e-07
1438	  2,8740000000e+03	  1,97209e-07
1439	  2,8760000000e+03	  2,19644e-07
1440	  2,8780000000e+03	  2,00610e-07
1441	  2,8800000000e+03	  1,77785e-07
1442	  2,8820000000e+03	  1,73600e-07
1443	  2,8840000000e+03	  1,92943e-07
1444	  2,8860000000e+03	  2,03404e-07
1445	  2,8880000000e+03	  2,07004e-07
1446	  2,8900000000e+03	  1,94189e-07
1447	  2,8920000000e+03	  1,75753e-07
1448	  2,8940000000e+03	  1,95599e-07
1449	  2,8960000000e+03	  2,02499e-07
1450	  2,8980000000e+03	  1,90678e-07
1451	  2,9000000000e+03	  2,01028e-07
1452	  2,9020000000e+03	  1,90032e-07
1453	  2,9040000000e+03	  1,81460e-07
1454	  2,9060000000e+03	  1,77173e-07
1455	  2,9080000000e+03	  1,67787e-07
1456	  2,9100000000e+03	  1,70458e-07
1457	  2,9120000000e+03	  1,69806e-07
1458	  2,9140000000e+03	  1,46898e-07
1459	  2,9160000000e+03	  1,78513e-07
1460	  2,9180000000e+03	  2,11327e-07
1461	  2,9200000000e+03	  1,97681e-07
1462	  2,9220000000e+03	  1,85775e-07
1463	  2,9240000000e+03	  1,70198e-07
1464	  2,9260000000e+03	  1,87350e-07
1465	  2,9280000000e+03	  1,80051e-07
1466	  2,9300000000e+03	  1,80621e-07
1467	  2,9320000000e+03	  1,83570e-07
1468	  2,9340000000e+03	  1,71137e-07
1469	  2,9360000000e+03	  1,83813e-07
1470	  2,9380000000e+03	  1,84097e-07
1471	  2,9400000000e+03	  1,70700e-07
1472	  2,9420000000e+03	  1,64034e-07
1473	  2,9440000000e+03	  1,64014e-07
1474	  2,9460000000e+03	  1,74742e-07
1475	  2,9480000000e+03	  1,63196e-07
1476	  2,9500000000e+03	  1,68055e-07
1477	  2,9520000000e+03	  1,68498e-07
1478	  2,9540000000e+03	  1,74736e-07
1479	  2,9560000000e+03	  1,84562e-07
1480	  2,9580000000e+03	  1,75841e-07
1481	  2,9600000000e+03	  1,89516e-07
1482	  2,9620000000e+03	  1,93525e-07
1483	  2,9640000000e+03	  1,84934e-07
1484	  2,9660000000e+03	  1,91773e-07
1485	  2,9680000000e+03	  1,85560e-07
1486	  2,9700000000e+03	  1,97807e-07
1487	  2,9720000000e+03	  1,92770e-07
1488	  2,9740000000e+03	  1,85663e-07
1489	  2,9760000000e+03	  1,81674e-07
1490	  2,9780000000e+03	  1,48174e-07
1491	  2,9800000000e+03	  1,62896e-07
1492	  2,9820000000e+03	  1,78552e-07
1493	  2,9840000000e+03	  1,75091e-07
1494	  2,9860000000e+03	  1,92192e-07
1495	  2,9880000000e+03	  1,96946e-07
1496	  2,9900000000e+03	  1,87299e-07
1497	  2,9920000000e+03	  1,76616e-07
1498	  2,9940000000e+03	  1,78407e-07
1499	  2,9960000000e+03	  1,80955e-07
1500	  2,9980000000e+03	  1,79803e-07
1501	  3,0000000000e+03	  1,87424e-07
1502	  3,0020000000e+03	  1,94733e-07
1503	  3,0040000000e+03	  1,97391e-07
1504	  3,0060000000e+03	  1,98258e-07
1505	  3,0080000000e+03	  1,82518e-07
1506	  3,0100000000e+03	  1,88594e-07
1507	  3,0120000000e+03	  2,09986e-07
1508	  3,0140000000e+03	  2,07148e-07
1509	  3,0160000000e+03	  2,00661e-07
1510	  3,0180000000e+03	  2,29025e-07
1511	  3,0200000000e+03	  2,03679e-07
1512	  3,0220000000e+03	  2,21651e-07
1513	  3,0240000000e+03	  1,86688e-07
1514	  3,0260000000e+03	  1,74349e-07
1515	  3,0280000000e+03	  2,07059e-07
1516	  3,0300000000e+03	  2,05549e-07
1517	  3,0320000000e+03	  2,07705e-07
1518	  3,0340000000e+03	  1,97641e-07
1519	  3,0360000000e+03	  1,95505e-07
1520	  3,0380000000e+03	  2,01331e-07
1521	  3,0400000000e+03	  1,94414e-07
1522	  3,0420000000e+03	  1,97014e-07
1523	  3,0440000000e+03	  2,07868e-07
1524	  3,0460000000e+03	  2,24527e-07
1525	  3,0480000000e+03	  2,20861e-07
1526	  3,0500000000e+03	  2,23847e-07
1527	  3,0520000000e+03	  2,15587e-07
1528	  3,0540000000e+03	  1,63018e-07
1529	  3,0560000000e+03	  1,63563e-07
1530	  3,0580000000e+03	  1,80512e-07
1531	  3,0600000000e+03	  1,71486e-07
1532	  3,0620000000e+03	  1,94171e-07
1533	  3,0640000000e+03	  1,91850e-07
1534	  3,0660000000e+03	  2,42479e-07
1535	  3,0680000000e+03	  2,33686e-07
1536	  3,0700000000e+03	  2,13334e-07
1537	  3,0720000000e+03	  2,18921e-07
1538	  3,0740000000e+03	  2,04320e-07
1539	  3,0760000000e+03	  1,86138e-07
1540	  3,0780000000e+03	  1,73341e-07
1541	  3,0800000000e+03	  1,80586e-07
1542	  3,0820000000e+03	  1,66774e-07
1543	  3,0840000000e+03	  1,62971e-07
1544	  3,0860000000e+03	  1,91214e-07
1545	  3,0880000000e+03	  1,89388e-07
1546	  3,0900000000e+03	  2,22846e-07
1547	  3,0920000000e+03	  2,23590e-07
1548	  3,0940000000e+03	  2,38267e-07
1549	  3,0960000000e+03	  2,17736e-07
1550	  3,0980000000e+03	  1,82750e-07
1551	  3,1000000000e+03	  1,81181e-07
1552	  3,1020000000e+03	  1,89400e-07
1553	  3,1040000000e+03	  1,99243e-07
1554	  3,1060000000e+03	  2,15715e-07
1555	  3,1080000000e+03	  2,05475e-07
1556	  3,1100000000e+03	  1,81581e-07
1557	  3,1120000000e+03	  1,84132e-07
1558	  3,1140000000e+03	  1,90033e-07
1559	  3,1160000000e+03	  2,00059e-07
1560	  3,1180000000e+03	  2,13416e-07
1561	  3,1200000000e+03	  2,13802e-07
1562	  3,1220000000e+03	  2,30174e-07
1563	  3,1240000000e+03	  2,02727e-07
1564	  3,1260000000e+03	  1,87847e-07
1565	  3,1280000000e+03	  1,87700e-07
1566	  3,1300000000e+03	  2,17297e-07
1567	  3,1320000000e+03	  2,11791e-07
1568	  3,1340000000e+03	  1,99719e-07
1569	  3,1360000000e+03	  2,09704e-07
1570	  3,1380000000e+03	  1,97278e-07
1571	  3,1400000000e+03	  1,93493e-07
1572	  3,1420000000e+03	  1,98174e-07
1573	  3,1440000000e+03	  2,10761e-07
1574	  3,1460000000e+03	  2,18416e-07
1575	  3,1480000000e+03	  1,94281e-07
1576	  3,1500000000e+03	  1,95634e-07
1577	  3,1520000000e+03	  2,09208e-07
1578	  3,1540000000e+03	  2,05311e-07
1579	  3,1560000000e+03	  2,00929e-07
1580	  3,1580000000e+03	  1,83904e-07
1581	  3,1600000000e+03	  2,01978e-07
1582	  3,1620000000e+03	  2,01818e-07
1583	  3,1640000000e+03	  1,68091e-07
1584	  3,1660000000e+03	  1,87019e-07
1585	  3,1680000000e+03	  2,00355e-07
1586	  3,1700000000e+03	  2,19306e-07
1587	  3,1720000000e+03	  1,68258e-07
1588	  3,1740000000e+03	  1,59619e-07
1589	  3,1760000000e+03	  1,73055e-07
1590	  3,1780000000e+03	  1,80636e-07
1591	  3,1800000000e+03	  1,93484e-07
1592	  3,1820000000e+03	  2,13401e-07
1593	  3,1840000000e+03	  2,12616e-07
1594	  3,1860000000e+03	  1,85246e-07
1595	  3,1880000000e+03	  1,86227e-07
1596	  3,1900000000e+03	  2,07753e-07
1597	  3,1920000000e+03	  1,86169e-07
1598	  3,1940000000e+03	  1,76454e-07
1599	  3,1960000000e+03	  2,03124e-07
1600	  3,1980000000e+03	  1,95508e-07
1601	  3,2000000000e+03	  1,83598e-07
1602	  3,2020000000e+03	  1,68466e-07
1603	  3,2040000000e+03	  1,66251e-07
1604	  3,2060000000e+03	  1,71125e-07
1605	  3,2080000000e+03	  1,63205e-07
1606	  3,2100000000e+03	  1,68157e-07
1607	  3,2120000000e+03	  1,72125e-07
1608	  3,2140000000e+03	  1,79128e-07
1609	  3,2160000000e+03	  1,82600e-07
1610	  3,2180000000e+03	  1,95014e-07
1611	  3,2200000000e+03	  1,94428e-07
1612	  3,2220000000e+03	  1,76970e-07
1613	  3,2240000000e+03	  1,79394e-07
1614	  3,2260000000e+03	  1,64149e-07
1615	  3,2280000000e+03	  1,73032e-07
1616	  3,2300000000e+03	  1,73503e-07
1617	  3,2320000000e+03	  1,57090e-07
1618	  3,2340000000e+03	  1,48639e-07
1619	  3,2360000000e+03	  1,45773e-07
1620	  3,2380000000e+03	  1,50846e-07
1621	  3,2400000000e+03	  1,64592e-07
1622	  3,2420000000e+03	  1,86281e-07
1623	  3,2440000000e+03	  1,82376e-07
1624	  3,2460000000e+03	  1,55338e-07
1625	  3,2480000000e+03	  1,68454e-07
1626	  3,2500000000e+03	  1,64953e-07
1627	  3,2520000000e+03	  1,58619e-07
1628	  3,2540000000e+03	  1,76352e-07
1629	  3,2560000000e+03	  1,62468e-07
1630	  3,2580000000e+03	  1,62692e-07
1631	  3,2600000000e+03	  1,62340e-07
1632	  3,2620000000e+03	  1,59928e-07
1633	  3,2640000000e+03	  1,69150e-07
1634	  3,2660000000e+03	  1,69877e-07
1635	  3,2680000000e+03	  1,84806e-07
1636	  3,2700000000e+03	  1,77870e-07
1637	  3,2720000000e+03	  1,85151e-07
1638	  3,2740000000e+03	  1,82367e-07
1639	  3,2760000000e+03	  1,57760e-07
1640	  3,2780000000e+03	  1,76084e-07
1641	  3,2800000000e+03	  1,72540e-07
1642	  3,2820000000e+03	  1,48025e-07
1643	  3,2840000000e+03	  1,62968e-07
1644	  3,2860000000e+03	  1,35990e-07
1645	  3,2880000000e+03	  1,41861e-07
1646	  3,2900000000e+03	  1,51924e-07
1647	  3,2920000000e+03	  1,61920e-07
1648	  3,2940000000e+03	  1,76314e-07
1649	  3,2960000000e+03	  1,67173e-07
1650	  3,2980000000e+03	  1,35892e-07
1651	  3,3000000000e+03	  1,58681e-07
1652	  3,3020000000e+03	  1,48841e-07
1653	  3,3040000000e+03	  1,29287e-07
1654	  3,3060000000e+03	  1,44450e-07
1655	  3,3080000000e+03	  1,38084e-07
1656	  3,3100000000e+03	  1,47593e-07
1657	  3,3120000000e+03	  1,65492e-07
1658	  3,3140000000e+03	  1,37387e-07
1659	  3,3160000000e+03	  1,03843e-07
1660	  3,3180000000e+03	  1,43686e-07
1661	  3,3200000000e+03	  1,45495e-07
1662	  3,3220000000e+03	  1,37869e-07
1663	  3,3240000000e+03	  1,44591e-07
1664	  3,3260000000e+03	  1,40334e-07
1665	  3,3280000000e+03	  1,36191e-07
1666	  3,3300000000e+03	  1,34896e-07
1667	  3,3320000000e+03	  1,51943e-07
1668	  3,3340000000e+03	  1,69741e-07
1669	  3,3360000000e+03	  1,48614e-07
1670	  3,3380000000e+03	  1,42822e-07
1671	  3,3400000000e+03	  1,24192e-07
1672	  3,3420000000e+03	  1,28445e-07
1673	  3,3440000000e+03	  1,21830e-07
1674	  3,3460000000e+03	  1,32937e-07
1675	  3,3480000000e+03	  1,34453e-07
1676	  3,3500000000e+03	  1,28602e-07
1677	  3,3520000000e+03	  1,20566e-07
1678	  3,3540000000e+03	  1,13693e-07
1679	  3,3560000000e+03	  1,28574e-07
1680	  3,3580000000e+03	  1,16209e-07
1681	  3,3600000000e+03	  1,17045e-07
1682	  3,3620000000e+03	  1,24591e-07
1683	  3,3640000000e+03	  1,22845e-07
1684	  3,3660000000e+03	  1,20495e-07
1685	  3,3680000000e+03	  1,17711e-07
1686	  3,3700000000e+03	  1,27227e-07
1687	  3,3720000000e+03	  1,19963e-07
1688	  3,3740000000e+03	  1,13443e-07
1689	  3,3760000000e+03	  1,29091e-07
1690	  3,3780000000e+03	  1,18182e-07
1691	  3,3800000000e+03	  1,23495e-07
1692	  3,3820000000e+03	  1,14041e-07
1693	  3,3840000000e+03	  1,06380e-07
1694	  3,3860000000e+03	  1,02806e-07
1695	  3,3880000000e+03	  9,71897e-08
1696	  3,3900000000e+03	  1,13723e-07
1697	  3,3920000000e+03	  1,09150e-07
1698	  3,3940000000e+03	  9,65245e-08
1699	  3,3960000000e+03	  1,08232e-07
1700	  3,3980000000e+03	  1,14189e-07
1701	  3,4000000000e+03	  1,12442e-07
1702	  3,4020000000e+03	  1,19943e-07
1703	  3,4040000000e+03	  1,18136e-07
1704	  3,4060000000e+03	  1,21083e-07
1705	  3,4080000000e+03	  1,16513e-07
1706	  3,4100000000e+03	  1,13232e-07
1707	  3,4120000000e+03	  1,01249e-07
1708	  3,4140000000e+03	  9,88139e-08
1709	  3,4160000000e+03	  1,15320e-07
1710	  3,4180000000e+03	  1,17549e-07
1711	  3,4200000000e+03	  9,66405e-08
1712	  3,4220000000e+03	  1,06414e-07
1713	  3,4240000000e+03	  1,05388e-07
1714	  3,4260000000e+03	  9,45268e-08
1715	  3,4280000000e+03	  9,35891e-08
1716	  3,4300000000e+03	  9,88342e-08
1717	  3,4320000000e+03	  1,19897e-07
1718	  3,4340000000e+03	  1,13671e-07
1719	  3,4360000000e+03	  1,01305e-07
1720	  3,4380000000e+03	  8,53207e-08
1721	  3,4400000000e+03	  9,50555e-08
1722	  3,4420000000e+03	  1,09855e-07
1723	  3,4440000000e+03	  9,23243e-08
1724	  3,4460000000e+03	  1,17829e-07
1725	  3,4480000000e+03	  1,22566e-07
1726	  3,4500000000e+03	  1,09747e-07
1727	  3,4520000000e+03	  9,92680e-08
1728	  3,4540000000e+03	  9,68506e-08
1729	  3,4560000000e+03	  1,00555e-07
1730	  3,4580000000e+03	  1,04282e-07
1731	  3,4600000000e+03	  9,67899e-08
1732	  3,4620000000e+03	  9,87752e-08
1733	  3,4640000000e+03	  9,29700e-08
1734	  3,4660000000e+03	  8,99982e-08
1735	  3,4680000000e+03	  8,86706e-08
1736	  3,4700000000e+03	  8,77260e-08
1737	  3,4720000000e+03	  1,01391e-07
1738	  3,4740000000e+03	  1,00756e-07
1739	  3,4760000000e+03	  1,05816e-07
1740	  3,4780000000e+03	  1,00846e-07
1741	  3,4800000000e+03	  1,02641e-07
1742	  3,4820000000e+03	  8,79369e-08
1743	  3,4840000000e+03	  8,37213e-08
1744	  3,4860000000e+03	  1,12659e-07
1745	  3,4880000000e+03	  1,04377e-07
1746	  3,4900000000e+03	  9,51039e-08
1747	  3,4920000000e+03	  8,68560e-08
1748	  3,4940000000e+03	  9,95521e-08
1749	  3,4960000000e+03	  1,02672e-07
1750	  3,4980000000e+03	  1,03825e-07
1751	  3,5000000000e+03	  9,96144e-08
1752	  3,5020000000e+03	  1,02072e-07
1753	  3,5040000000e+03	  9,51641e-08
1754	  3,5060000000e+03	  9,56315e-08
1755	  3,5080000000e+03	  1,09641e-07
1756	  3,5100000000e+03	  9,26306e-08
1757	  3,5120000000e+03	  1,01872e-07
1758	  3,5140000000e+03	  1,06396e-07
1759	  3,5160000000e+03	  8,59869e-08
1760	  3,5180000000e+03	  8,39442e-08
1761	  3,5200000000e+03	  9,70554e-08
1762	  3,5220000000e+03	  1,05233e-07
1763	  3,5240000000e+03	  9,29564e-08
1764	  3,5260000000e+03	  1,05620e-07
1765	  3,5280000000e+03	  1,11042e-07
1766	  3,5300000000e+03	  1,04518e-07
1767	  3,5320000000e+03	  9,86836e-08
1768	  3,5340000000e+03	  9,67827e-08
1769	  3,5360000000e+03	  1,00261e-07
1770	  3,5380000000e+03	  9,32850e-08
1771	  3,5400000000e+03	  8,91687e-08
1772	  3,5420000000e+03	  7,98000e-08
1773	  3,5440000000e+03	  8,11637e-08
1774	  3,5460000000e+03	  8,96099e-08
1775	  3,5480000000e+03	  8,55121e-08
1776	  3,5500000000e+03	  8,92379e-08
1777	  3,5520000000e+03	  9,18071e-08
1778	  3,5540000000e+03	  8,87753e-08
1779	  3,5560000000e+03	  8,73433e-08
1780	  3,5580000000e+03	  9,77984e-08
1781	  3,5600000000e+03	  9,58191e-08
1782	  3,5620000000e+03	  1,11942e-07
1783	  3,5640000000e+03	  1,10698e-07
1784	  3,5660000000e+03	  8,58742e-08
1785	  3,5680000000e+03	  9,29422e-08
1786	  3,5700000000e+03	  1,07268e-07
1787	  3,5720000000e+03	  1,05657e-07
1788	  3,5740000000e+03	  1,01271e-07
1789	  3,5760000000e+03	  9,92725e-08
1790	  3,5780000000e+03	  1,06789e-07
1791	  3,5800000000e+03	  9,64788e-08
1792	  3,5820000000e+03	  9,82159e-08
1793	  3,5840000000e+03	  9,97887e-08
1794	  3,5860000000e+03	  1,03157e-07
1795	  3,5880000000e+03	  1,14537e-07
1796	  3,5900000000e+03	  9,80849e-08
1797	  3,5920000000e+03	  9,39030e-08
1798	  3,5940000000e+03	  1,06422e-07
1799	  3,5960000000e+03	  1,10685e-07
1800	  3,5980000000e+03	  9,67552e-08
1801	  3,6000000000e+03	  1,00887e-07
1802	  3,6020000000e+03	  9,95427e-08
1803	  3,6040000000e+03	  9,99696e-08
1804	  3,6060000000e+03	  9,65184e-08
1805	  3,6080000000e+03	  9,24163e-08
1806	  3,6100000000e+03	  9,34672e-08
1807	  3,6120000000e+03	  9,59426e-08
1808	  3,6140000000e+03	  8,45824e-08
1809	  3,6160000000e+03	  9,69184e-08
1810	  3,6180000000e+03	  9,92007e-08
1811	  3,6200000000e+03	  9,32150e-08
1812	  3,6220000000e+03	  7,45251e-08
1813	  3,6240000000e+03	  7,57141e-08
1814	  3,6260000000e+03	  8,82404e-08
1815	  3,6280000000e+03	  8,68282e-08
1816	  3,6300000000e+03	  9,01379e-08
1817	  3,6320000000e+03	  8,60539e-08
1818	  3,6340000000e+03	  9,46599e-08
1819	  3,6360000000e+03	  9,02554e-08
1820	  3,6380000000e+03	  9,23293e-08
1821	  3,6400000000e+03	  9,94303e-08
1822	  3,6420000000e+03	  8,91518e-08
1823	  3,6440000000e+03	  8,73194e-08
1824	  3,6460000000e+03	  8,56563e-08
1825	  3,6480000000e+03	  9,56726e-08
1826	  3,6500000000e+03	  8,86252e-08
1827	  3,6520000000e+03	  8,36880e-08
1828	  3,6540000000e+03	  8,59874e-08
1829	  3,6560000000e+03	  9,05274e-08
1830	  3,6580000000e+03	  1,00564e-07
1831	  3,6600000000e+03	  1,14336e-07
1832	  3,6620000000e+03	  1,03606e-07
1833	  3,6640000000e+03	  1,00638e-07
1834	  3,6660000000e+03	  9,72831e-08
1835	  3,6680000000e+03	  8,91514e-08
1836	  3,6700000000e+03	  9,52785e-08
1837	  3,6720000000e+03	  9,67404e-08
1838	  3,6740000000e+03	  8,40874e-08
1839	  3,6760000000e+03	  8,66498e-08
1840	  3,6780000000e+03	  8,41768e-08
1841	  3,6800000000e+03	  8,85881e-08
1842	  3,6820000000e+03	  9,68988e-08
1843	  3,6840000000e+03	  9,26313e-08
1844	  3,6860000000e+03	  9,94785e-08
1845	  3,6880000000e+03	  9,41907e-08
1846	  3,6900000000e+03	  7,91253e-08
1847	  3,6920000000e+03	  7,41841e-08
1848	  3,6940000000e+03	  7,32599e-08
1849	  3,6960000000e+03	  7,81521e-08
1850	  3,6980000000e+03	  9,00691e-08
1851	  3,7000000000e+03	  9,18862e-08
1852	  3,7020000000e+03	  7,73192e-08
1853	  3,7040000000e+03	  7,95846e-08
1854	  3,7060000000e+03	  8,43238e-08
1855	  3,7080000000e+03	  8,28171e-08
1856	  3,7100000000e+03	  9,02105e-08
1857	  3,7120000000e+03	  9,03361e-08
1858	  3,7140000000e+03	  8,99534e-08
1859	  3,7160000000e+03	  8,49498e-08
1860	  3,7180000000e+03	  7,45651e-08
1861	  3,7200000000e+03	  7,33875e-08
1862	  3,7220000000e+03	  7,91320e-08
1863	  3,7240000000e+03	  8,25135e-08
1864	  3,7260000000e+03	  8,13030e-08
1865	  3,7280000000e+03	  7,54641e-08
1866	  3,7300000000e+03	  8,14837e-08
1867	  3,7320000000e+03	  7,94536e-08
1868	  3,7340000000e+03	  8,71464e-08
1869	  3,7360000000e+03	  7,78260e-08
1870	  3,7380000000e+03	  7,84220e-08
1871	  3,7400000000e+03	  8,60570e-08
1872	  3,7420000000e+03	  8,40576e-08
1873	  3,7440000000e+03	  8,03246e-08
1874	  3,7460000000e+03	  8,03434e-08
1875	  3,7480000000e+03	  7,75321e-08
1876	  3,7500000000e+03	  7,35488e-08
1877	  3,7520000000e+03	  6,23027e-08
1878	  3,7540000000e+03	  7,26752e-08
1879	  3,7560000000e+03	  7,39932e-08
1880	  3,7580000000e+03	  7,80506e-08
1881	  3,7600000000e+03	  6,80247e-08
1882	  3,7620000000e+03	  5,59406e-08
1883	  3,7640000000e+03	  6,07626e-08
1884	  3,7660000000e+03	  7,27465e-08
1885	  3,7680000000e+03	  6,67418e-08
1886	  3,7700000000e+03	  6,42223e-08
1887	  3,7720000000e+03	  6,25272e-08
1888	  3,7740000000e+03	  6,86951e-08
1889	  3,7760000000e+03	  6,69292e-08
1890	  3,7780000000e+03	  6,67392e-08
1891	  3,7800000000e+03	  6,92392e-08
1892	  3,7820000000e+03	  6,34351e-08
1893	  3,7840000000e+03	  6,27163e-08
1894	  3,7860000000e+03	  6,12426e-08
1895	  3,7880000000e+03	  5,72575e-08
1896	  3,7900000000e+03	  6,35900e-08
1897	  3,7920000000e+03	  5,55165e-08
1898	  3,7940000000e+03	  5,32772e-08
1899	  3,7960000000e+03	  6,16459e-08
1900	  3,7980000000e+03	  6,64173e-08
1901	  3,8000000000e+03	  7,01338e-08
1902	  3,8020000000e+03	  7,33513e-08
1903	  3,8040000000e+03	  6,20443e-08
1904	  3,8060000000e+03	  6,29641e-08
1905	  3,8080000000e+03	  6,38714e-08
1906	  3,8100000000e+03	  5,77754e-08
1907	  3,8120000000e+03	  5,51322e-08
1908	  3,8140000000e+03	  5,26458e-08
1909	  3,8160000000e+03	  5,28623e-08
1910	  3,8180000000e+03	  5,51532e-08
1911	  3,8200000000e+03	  6,09902e-08
1912	  3,8220000000e+03	  6,27256e-08
1913	  3,8240000000e+03	  5,97098e-08
1914	  3,8260000000e+03	  5,80519e-08
1915	  3,8280000000e+03	  6,29388e-08
1916	  3,8300000000e+03	  5,89001e-08
1917	  3,8320000000e+03	  5,53251e-08
1918	  3,8340000000e+03	  5,10240e-08
1919	  3,8360000000e+03	  5,07662e-08
1920	  3,8380000000e+03	  5,09187e-08
1921	  3,8400000000e+03	  5,56265e-08
1922	  3,8420000000e+03	  5,31589e-08
1923	  3,8440000000e+03	  4,98382e-08
1924	  3,8460000000e+03	  4,98622e-08
1925	  3,8480000000e+03	  4,85654e-08
1926	  3,8500000000e+03	  4,57127e-08
1927	  3,8520000000e+03	  4,75382e-08
1928	  3,8540000000e+03	  4,92819e-08
1929	  3,8560000000e+03	  5,21649e-08
1930	  3,8580000000e+03	  4,33146e-08
1931	  3,8600000000e+03	  4,05541e-08
1932	  3,8620000000e+03	  4,23364e-08
1933	  3,8640000000e+03	  4,23983e-08
1934	  3,8660000000e+03	  5,14204e-08
1935	  3,8680000000e+03	  4,74061e-08
1936	  3,8700000000e+03	  4,39491e-08
1937	  3,8720000000e+03	  4,15547e-08
1938	  3,8740000000e+03	  4,83870e-08
1939	  3,8760000000e+03	  4,41608e-08
1940	  3,8780000000e+03	  3,88155e-08
1941	  3,8800000000e+03	  4,76967e-08
1942	  3,8820000000e+03	  5,06396e-08
1943	  3,8840000000e+03	  4,29195e-08
1944	  3,8860000000e+03	  4,41187e-08
1945	  3,8880000000e+03	  4,41692e-08
1946	  3,8900000000e+03	  4,51191e-08
1947	  3,8920000000e+03	  4,00836e-08
1948	  3,8940000000e+03	  3,87432e-08
1949	  3,8960000000e+03	  3,91443e-08
1950	  3,8980000000e+03	  3,58651e-08
1951	  3,9000000000e+03	  3,35715e-08
1952	  3,9020000000e+03	  3,18648e-08
1953	  3,9040000000e+03	  3,41216e-08
1954	  3,9060000000e+03	  3,67290e-08
1955	  3,9080000000e+03	  3,56089e-08
1956	  3,9100000000e+03	  3,45895e-08
1957	  3,9120000000e+03	  3,58821e-08
1958	  3,9140000000e+03	  3,21356e-08
1959	  3,9160000000e+03	  2,95626e-08
1960	  3,9180000000e+03	  3,07343e-08
1961	  3,9200000000e+03	  3,56939e-08
1962	  3,9220000000e+03	  3,50893e-08
1963	  3,9240000000e+03	  3,46828e-08
1964	  3,9260000000e+03	  3,72745e-08
1965	  3,9280000000e+03	  3,70854e-08
1966	  3,9300000000e+03	  3,18620e-08
1967	  3,9320000000e+03	  3,08756e-08
1968	  3,9340000000e+03	  3,31879e-08
1969	  3,9360000000e+03	  3,78687e-08
1970	  3,9380000000e+03	  3,34453e-08
1971	  3,9400000000e+03	  3,23862e-08
1972	  3,9420000000e+03	  3,30487e-08
1973	  3,9440000000e+03	  3,32966e-08
1974	  3,9460000000e+03	  3,76194e-08
1975	  3,9480000000e+03	  3,80901e-08
1976	  3,9500000000e+03	  3,96328e-08
1977	  3,9520000000e+03	  3,95769e-08
1978	  3,9540000000e+03	  4,04161e-08
1979	  3,9560000000e+03	  3,90253e-08
1980	  3,9580000000e+03	  3,81199e-08
1981	  3,9600000000e+03	  3,84440e-08
1982	  3,9620000000e+03	  3,98962e-08
1983	  3,9640000000e+03	  4,08942e-08
1984	  3,9660000000e+03	  4,22519e-08
1985	  3,9680000000e+03	  4,09418e-08
1986	  3,9700000000e+03	  3,48755e-08
1987	  3,9720000000e+03	  3,18360e-08
1988	  3,9740000000e+03	  3,80593e-08
1989	  3,9760000000e+03	  3,42534e-08
1990	  3,9780000000e+03	  3,03698e-08
1991	  3,9800000000e+03	  4,08820e-08
1992	  3,9820000000e+03	  4,40018e-08
1993	  3,9840000000e+03	  4,19900e-08
1994	  3,9860000000e+03	  3,84535e-08
1995	  3,9880000000e+03	  3,76119e-08
1996	  3,9900000000e+03	  3,43435e-08
1997	  3,9920000000e+03	  3,13843e-08
1998	  3,9940000000e+03	  3,03375e-08
1999	  3,9960000000e+03	  3,15681e-08
2000	  3,9980000000e+03	  3,36340e-08
2001	  4,0000000000e+03	  3,45999e-08
2002	  4,0020000000e+03	  3,35463e-08
2003	  4,0040000000e+03	  3,17842e-08
2004	  4,0060000000e+03	  2,89579e-08
2005	  4,0080000000e+03	  2,71137e-08
2006	  4,0100000000e+03	  2,65199e-08
2007	  4,0120000000e+03	  3,14260e-08
2008	  4,0140000000e+03	  3,24003e-08
2009	  4,0160000000e+03	  2,93435e-08
2010	  4,0180000000e+03	  3,13421e-08
2011	  4,0200000000e+03	  3,09568e-08
2012	  4,0220000000e+03	  3,24587e-08
2013	  4,0240000000e+03	  3,00127e-08
2014	  4,0260000000e+03	  3,32424e-08
2015	  4,0280000000e+03	  3,25793e-08
2016	  4,0300000000e+03	  3,07098e-08
2017	  4,0320000000e+03	  3,63286e-08
2018	  4,0340000000e+03	  3,67262e-08
2019	  4,0360000000e+03	  3,24284e-08
2020	  4,0380000000e+03	  3,26477e-08
2021	  4,0400000000e+03	  3,27182e-08
2022	  4,0420000000e+03	  3,43295e-08
2023	  4,0440000000e+03	  2,78167e-08
2024	  4,0460000000e+03	  3,19209e-08
2025	  4,0480000000e+03	  3,27412e-08
2026	  4,0500000000e+03	  3,00734e-08
2027	  4,0520000000e+03	  2,78770e-08
2028	  4,0540000000e+03	  3,45945e-08
2029	  4,0560000000e+03	  3,51010e-08
2030	  4,0580000000e+03	  3,42433e-08
2031	  4,0600000000e+03	  3,63590e-08
2032	  4,0620000000e+03	  3,53589e-08
2033	  4,0640000000e+03	  4,08603e-08
2034	  4,0660000000e+03	  3,91772e-08
2035	  4,0680000000e+03	  3,33086e-08
2036	  4,0700000000e+03	  3,75483e-08
2037	  4,0720000000e+03	  4,06319e-08
2038	  4,0740000000e+03	  3,57862e-08
2039	  4,0760000000e+03	  3,55463e-08
2040	  4,0780000000e+03	  3,51401e-08
2041	  4,0800000000e+03	  3,73734e-08
2042	  4,0820000000e+03	  4,16536e-08
2043	  4,0840000000e+03	  4,19078e-08
2044	  4,0860000000e+03	  3,72453e-08
2045	  4,0880000000e+03	  3,63356e-08
2046	  4,0900000000e+03	  3,83375e-08
2047	  4,0920000000e+03	  3,61183e-08
2048	  4,0940000000e+03	  3,91679e-08
2049	  4,0960000000e+03	  3,80905e-08
2050	  4,0980000000e+03	  3,70639e-08
2051	  4,1000000000e+03	  3,61289e-08
2052	  4,1020000000e+03	  3,49124e-08
2053	  4,1040000000e+03	  3,50434e-08
2054	  4,1060000000e+03	  3,48552e-08
2055	  4,1080000000e+03	  4,29731e-08
2056	  4,1100000000e+03	  3,67887e-08
2057	  4,1120000000e+03	  3,41271e-08
2058	  4,1140000000e+03	  3,56762e-08
2059	  4,1160000000e+03	  3,52616e-08
2060	  4,1180000000e+03	  3,37832e-08
2061	  4,1200000000e+03	  3,83227e-08
2062	  4,1220000000e+03	  3,68817e-08
2063	  4,1240000000e+03	  3,36204e-08
2064	  4,1260000000e+03	  3,11992e-08
2065	  4,1280000000e+03	  2,82171e-08
2066	  4,1300000000e+03	  3,12195e-08
2067	  4,1320000000e+03	  3,48310e-08
2068	  4,1340000000e+03	  3,29872e-08
2069	  4,1360000000e+03	  3,17343e-08
2070	  4,1380000000e+03	  2,88984e-08
2071	  4,1400000000e+03	  3,14258e-08
2072	  4,1420000000e+03	  3,61233e-08
2073	  4,1440000000e+03	  3,20882e-08
2074	  4,1460000000e+03	  3,35304e-08
2075	  4,1480000000e+03	  3,05909e-08
2076	  4,1500000000e+03	  3,10178e-08
2077	  4,1520000000e+03	  3,00318e-08
2078	  4,1540000000e+03	  2,75471e-08
2079	  4,1560000000e+03	  2,59233e-08
2080	  4,1580000000e+03	  2,84418e-08
2081	  4,1600000000e+03	  2,61898e-08
2082	  4,1620000000e+03	  2,35505e-08
2083	  4,1640000000e+03	  2,20991e-08
2084	  4,1660000000e+03	  2,79281e-08
2085	  4,1680000000e+03	  2,92561e-08
2086	  4,1700000000e+03	  2,54307e-08
2087	  4,1720000000e+03	  2,27686e-08
2088	  4,1740000000e+03	  2,21753e-08
2089	  4,1760000000e+03	  2,39392e-08
2090	  4,1780000000e+03	  2,54254e-08
2091	  4,1800000000e+03	  2,15594e-08
2092	  4,1820000000e+03	  2,36968e-08
2093	  4,1840000000e+03	  2,48210e-08
2094	  4,1860000000e+03	  2,21839e-08
2095	  4,1880000000e+03	  2,23551e-08
2096	  4,1900000000e+03	  2,76023e-08
2097	  4,1920000000e+03	  2,52649e-08
2098	  4,1940000000e+03	  2,53341e-08
2099	  4,1960000000e+03	  2,40431e-08
2100	  4,1980000000e+03	  2,30496e-08
2101	  4,2000000000e+03	  2,41979e-08
2102	  4,2020000000e+03	  2,49583e-08
2103	  4,2040000000e+03	  2,61642e-08
2104	  4,2060000000e+03	  2,45444e-08
2105	  4,2080000000e+03	  2,35359e-08
2106	  4,2100000000e+03	  2,34482e-08
2107	  4,2120000000e+03	  2,53913e-08
2108	  4,2140000000e+03	  2,57587e-08
2109	  4,2160000000e+03	  2,54963e-08
2110	  4,2180000000e+03	  2,59672e-08
2111	  4,2200000000e+03	  2,47495e-08
2112	  4,2220000000e+03	  2,44178e-08
2113	  4,2240000000e+03	  2,23445e-08
2114	  4,2260000000e+03	  2,42531e-08
2115	  4,2280000000e+03	  2,39546e-08
2116	  4,2300000000e+03	  2,22523e-08
2117	  4,2320000000e+03	  2,07519e-08
2118	  4,2340000000e+03	  2,10799e-08
2119	  4,2360000000e+03	  2,31779e-08
2120	  4,2380000000e+03	  2,10635e-08
2121	  4,2400000000e+03	  1,90975e-08
2122	  4,2420000000e+03	  1,81952e-08
2123	  4,2440000000e+03	  1,79470e-08
2124	  4,2460000000e+03	  1,95798e-08
2125	  4,2480000000e+03	  2,03423e-08
2126	  4,2500000000e+03	  2,04622e-08
2127	  4,2520000000e+03	  1,91844e-08
2128	  4,2540000000e+03	  1,76257e-08
2129	  4,2560000000e+03	  1,94067e-08
2130	  4,2580000000e+03	  1,86105e-08
2131	  4,2600000000e+03	  1,77486e-08
2132	  4,2620000000e+03	  1,69431e-08
2133	  4,2640000000e+03	  1,54295e-08
2134	  4,2660000000e+03	  1,56921e-08
2135	  4,2680000000e+03	  1,56405e-08
2136	  4,2700000000e+03	  1,62367e-08
2137	  4,2720000000e+03	  1,62311e-08
2138	  4,2740000000e+03	  1,50295e-08
2139	  4,2760000000e+03	  1,76993e-08
2140	  4,2780000000e+03	  1,69234e-08
2141	  4,2800000000e+03	  1,56810e-08
2142	  4,2820000000e+03	  1,65911e-08
2143	  4,2840000000e+03	  1,38459e-08
2144	  4,2860000000e+03	  1,24496e-08
2145	  4,2880000000e+03	  1,29418e-08
2146	  4,2900000000e+03	  1,14853e-08
2147	  4,2920000000e+03	  1,14651e-08
2148	  4,2940000000e+03	  1,18781e-08
2149	  4,2960000000e+03	  1,20896e-08
2150	  4,2980000000e+03	  1,10479e-08
2151	  4,3000000000e+03	  1,04886e-08
2152	  4,3020000000e+03	  9,80955e-09
2153	  4,3040000000e+03	  8,81435e-09
2154	  4,3060000000e+03	  9,36835e-09
2155	  4,3080000000e+03	  9,61777e-09
2156	  4,3100000000e+03	  9,83917e-09
2157	  4,3120000000e+03	  8,40451e-09
2158	  4,3140000000e+03	  7,95914e-09
2159	  4,3160000000e+03	  8,44435e-09
2160	  4,3180000000e+03	  8,54348e-09
2161	  4,3200000000e+03	  8,25970e-09
2162	  4,3220000000e+03	  7,80511e-09
2163	  4,3240000000e+03	  8,34425e-09
2164	  4,3260000000e+03	  8,05544e-09
2165	  4,3280000000e+03	  7,57232e-09
2166	  4,3300000000e+03	  7,38129e-09
2167	  4,3320000000e+03	  7,42486e-09
2168	  4,3340000000e+03	  8,57758e-09
2169	  4,3360000000e+03	  8,46726e-09
2170	  4,3380000000e+03	  8,46662e-09
2171	  4,3400000000e+03	  9,33531e-09
2172	  4,3420000000e+03	  8,87887e-09
2173	  4,3440000000e+03	  9,00249e-09
2174	  4,3460000000e+03	  8,98975e-09
2175	  4,3480000000e+03	  8,08992e-09
2176	  4,3500000000e+03	  8,30097e-09
2177	  4,3520000000e+03	  8,29006e-09
2178	  4,3540000000e+03	  8,17829e-09
2179	  4,3560000000e+03	  9,28252e-09
2180	  4,3580000000e+03	  9,59313e-09
2181	  4,3600000000e+03	  9,00880e-09
2182	  4,3620000000e+03	  1,04884e-08
2183	  4,3640000000e+03	  1,01191e-08
2184	  4,3660000000e+03	  8,55336e-09
2185	  4,3680000000e+03	  8,02875e-09
2186	  4,3700000000e+03	  8,37612e-09
2187	  4,3720000000e+03	  9,31411e-09
2188	  4,3740000000e+03	  8,50483e-09
2189	  4,3760000000e+03	  8,26146e-09
2190	  4,3780000000e+03	  8,51685e-09
2191	  4,3800000000e+03	  8,24579e-09
2192	  4,3820000000e+03	  8,31219e-09
2193	  4,3840000000e+03	  7,92532e-09
2194	  4,3860000000e+03	  7,37483e-09
2195	  4,3880000000e+03	  8,46795e-09
2196	  4,3900000000e+03	  9,07691e-09
2197	  4,3920000000e+03	  9,06902e-09
2198	  4,3940000000e+03	  8,58813e-09
2199	  4,3960000000e+03	  8,91291e-09
2200	  4,3980000000e+03	  8,83835e-09
2201	  4,4000000000e+03	  9,42842e-09
2202	  4,4020000000e+03	  9,79591e-09
2203	  4,4040000000e+03	  9,44795e-09
2204	  4,4060000000e+03	  1,10051e-08
2205	  4,4080000000e+03	  1,13594e-08
2206	  4,4100000000e+03	  1,09635e-08
2207	  4,4120000000e+03	  1,11689e-08
2208	  4,4140000000e+03	  1,21458e-08
2209	  4,4160000000e+03	  1,31863e-08
2210	  4,4180000000e+03	  1,30010e-08
2211	  4,4200000000e+03	  1,33828e-08
2212	  4,4220000000e+03	  1,32615e-08
2213	  4,4240000000e+03	  1,41062e-08
2214	  4,4260000000e+03	  1,67408e-08
2215	  4,4280000000e+03	  1,46307e-08
2216	  4,4300000000e+03	  1,38538e-08
2217	  4,4320000000e+03	  1,42706e-08
2218	  4,4340000000e+03	  1,36562e-08
2219	  4,4360000000e+03	  1,41900e-08
2220	  4,4380000000e+03	  1,51723e-08
2221	  4,4400000000e+03	  1,62871e-08
2222	  4,4420000000e+03	  1,44742e-08
2223	  4,4440000000e+03	  1,31019e-08
2224	  4,4460000000e+03	  1,40037e-08
2225	  4,4480000000e+03	  1,32461e-08
2226	  4,4500000000e+03	  1,31521e-08
2227	  4,4520000000e+03	  1,44901e-08
2228	  4,4540000000e+03	  1,53505e-08
2229	  4,4560000000e+03	  1,66131e-08
2230	  4,4580000000e+03	  1,77190e-08
2231	  4,4600000000e+03	  1,51678e-08
2232	  4,4620000000e+03	  1,50743e-08
2233	  4,4640000000e+03	  1,66721e-08
2234	  4,4660000000e+03	  1,66334e-08
2235	  4,4680000000e+03	  1,47690e-08
2236	  4,4700000000e+03	  1,50093e-08
2237	  4,4720000000e+03	  1,66997e-08
2238	  4,4740000000e+03	  1,91640e-08
2239	  4,4760000000e+03	  2,02417e-08
2240	  4,4780000000e+03	  1,99308e-08
2241	  4,4800000000e+03	  2,31583e-08
2242	  4,4820000000e+03	  2,44153e-08
2243	  4,4840000000e+03	  1,85472e-08
2244	  4,4860000000e+03	  1,80152e-08
2245	  4,4880000000e+03	  1,66111e-08
2246	  4,4900000000e+03	  1,79452e-08
2247	  4,4920000000e+03	  2,16375e-08
2248	  4,4940000000e+03	  2,19007e-08
2249	  4,4960000000e+03	  2,05796e-08
2250	  4,4980000000e+03	  2,08167e-08
2251	  4,5000000000e+03	  2,12925e-08
2252	  4,5020000000e+03	  2,23558e-08
2253	  4,5040000000e+03	  2,30170e-08
2254	  4,5060000000e+03	  2,09684e-08
2255	  4,5080000000e+03	  2,27656e-08
2256	  4,5100000000e+03	  2,48623e-08
2257	  4,5120000000e+03	  2,44782e-08
2258	  4,5140000000e+03	  2,60940e-08
2259	  4,5160000000e+03	  2,31072e-08
2260	  4,5180000000e+03	  2,11436e-08
2261	  4,5200000000e+03	  2,07901e-08
2262	  4,5220000000e+03	  2,21146e-08
2263	  4,5240000000e+03	  2,46351e-08
2264	  4,5260000000e+03	  2,44735e-08
2265	  4,5280000000e+03	  2,34906e-08
2266	  4,5300000000e+03	  2,47886e-08
2267	  4,5320000000e+03	  2,45781e-08
2268	  4,5340000000e+03	  2,37262e-08
2269	  4,5360000000e+03	  2,49069e-08
2270	  4,5380000000e+03	  2,41065e-08
2271	  4,5400000000e+03	  2,34481e-08
2272	  4,5420000000e+03	  2,05774e-08
2273	  4,5440000000e+03	  1,87234e-08
2274	  4,5460000000e+03	  2,14395e-08
2275	  4,5480000000e+03	  2,32280e-08
2276	  4,5500000000e+03	  2,30568e-08
2277	  4,5520000000e+03	  2,07031e-08
2278	  4,5540000000e+03	  2,17248e-08
2279	  4,5560000000e+03	  2,57706e-08
2280	  4,5580000000e+03	  2,38141e-08
2281	  4,5600000000e+03	  2,40462e-08
2282	  4,5620000000e+03	  2,68478e-08
2283	  4,5640000000e+03	  2,38335e-08
2284	  4,5660000000e+03	  2,14301e-08
2285	  4,5680000000e+03	  1,86904e-08
2286	  4,5700000000e+03	  1,96920e-08
2287	  4,5720000000e+03	  2,03841e-08
2288	  4,5740000000e+03	  2,19051e-08
2289	  4,5760000000e+03	  2,42090e-08
2290	  4,5780000000e+03	  2,10549e-08
2291	  4,5800000000e+03	  2,03505e-08
2292	  4,5820000000e+03	  2,13141e-08
2293	  4,5840000000e+03	  2,30307e-08
2294	  4,5860000000e+03	  2,20578e-08
2295	  4,5880000000e+03	  2,40770e-08
2296	  4,5900000000e+03	  3,09517e-08
2297	  4,5920000000e+03	  2,85757e-08
2298	  4,5940000000e+03	  2,62998e-08
2299	  4,5960000000e+03	  2,21999e-08
2300	  4,5980000000e+03	  2,38324e-08
2301	  4,6000000000e+03	  2,32726e-08
2302	  4,6020000000e+03	  2,45747e-08
2303	  4,6040000000e+03	  2,70830e-08
2304	  4,6060000000e+03	  2,42210e-08
2305	  4,6080000000e+03	  2,38055e-08
2306	  4,6100000000e+03	  2,30664e-08
2307	  4,6120000000e+03	  2,32068e-08
2308	  4,6140000000e+03	  2,43912e-08
2309	  4,6160000000e+03	  2,33812e-08
2310	  4,6180000000e+03	  2,24802e-08
2311	  4,6200000000e+03	  2,05100e-08
2312	  4,6220000000e+03	  2,07466e-08
2313	  4,6240000000e+03	  1,89776e-08
2314	  4,6260000000e+03	  1,78931e-08
2315	  4,6280000000e+03	  2,01743e-08
2316	  4,6300000000e+03	  2,07106e-08
2317	  4,6320000000e+03	  2,32317e-08
2318	  4,6340000000e+03	  2,46127e-08
2319	  4,6360000000e+03	  2,35272e-08
2320	  4,6380000000e+03	  2,24625e-08
2321	  4,6400000000e+03	  2,17907e-08
2322	  4,6420000000e+03	  2,11196e-08
2323	  4,6440000000e+03	  2,20075e-08
2324	  4,6460000000e+03	  2,42056e-08
2325	  4,6480000000e+03	  2,27652e-08
2326	  4,6500000000e+03	  2,36635e-08
2327	  4,6520000000e+03	  2,50234e-08
2328	  4,6540000000e+03	  2,61274e-08
2329	  4,6560000000e+03	  2,26381e-08
2330	  4,6580000000e+03	  2,16059e-08
2331	  4,6600000000e+03	  2,09214e-08
2332	  4,6620000000e+03	  2,51149e-08
2333	  4,6640000000e+03	  2,44551e-08
2334	  4,6660000000e+03	  2,43899e-08
2335	  4,6680000000e+03	  2,38681e-08
2336	  4,6700000000e+03	  2,51398e-08
2337	  4,6720000000e+03	  2,51630e-08
2338	  4,6740000000e+03	  2,51680e-08
2339	  4,6760000000e+03	  2,46305e-08
2340	  4,6780000000e+03	  2,29345e-08
2341	  4,6800000000e+03	  2,40253e-08
2342	  4,6820000000e+03	  2,28085e-08
2343	  4,6840000000e+03	  2,08192e-08
2344	  4,6860000000e+03	  2,28494e-08
2345	  4,6880000000e+03	  2,62226e-08
2346	  4,6900000000e+03	  2,44845e-08
2347	  4,6920000000e+03	  2,52609e-08
2348	  4,6940000000e+03	  2,22988e-08
2349	  4,6960000000e+03	  1,74707e-08
2350	  4,6980000000e+03	  2,00515e-08
2351	  4,7000000000e+03	  2,41047e-08
2352	  4,7020000000e+03	  2,42727e-08
2353	  4,7040000000e+03	  2,26749e-08
2354	  4,7060000000e+03	  2,47562e-08
2355	  4,7080000000e+03	  2,48660e-08
2356	  4,7100000000e+03	  2,51833e-08
2357	  4,7120000000e+03	  2,47450e-08
2358	  4,7140000000e+03	  2,12613e-08
2359	  4,7160000000e+03	  2,27127e-08
2360	  4,7180000000e+03	  2,00527e-08
2361	  4,7200000000e+03	  1,95621e-08
2362	  4,7220000000e+03	  2,29059e-08
2363	  4,7240000000e+03	  2,47718e-08
2364	  4,7260000000e+03	  2,39152e-08
2365	  4,7280000000e+03	  2,25459e-08
2366	  4,7300000000e+03	  2,38428e-08
2367	  4,7320000000e+03	  2,74666e-08
2368	  4,7340000000e+03	  2,92699e-08
2369	  4,7360000000e+03	  2,83634e-08
2370	  4,7380000000e+03	  2,70549e-08
2371	  4,7400000000e+03	  2,51530e-08
2372	  4,7420000000e+03	  2,59200e-08
2373	  4,7440000000e+03	  2,19697e-08
2374	  4,7460000000e+03	  2,25973e-08
2375	  4,7480000000e+03	  2,26897e-08
2376	  4,7500000000e+03	  2,45188e-08
2377	  4,7520000000e+03	  2,79184e-08
2378	  4,7540000000e+03	  2,77757e-08
2379	  4,7560000000e+03	  2,73966e-08
2380	  4,7580000000e+03	  2,74058e-08
2381	  4,7600000000e+03	  2,49643e-08
2382	  4,7620000000e+03	  2,36449e-08
2383	  4,7640000000e+03	  2,28518e-08
2384	  4,7660000000e+03	  2,30081e-08
2385	  4,7680000000e+03	  2,35980e-08
2386	  4,7700000000e+03	  2,41910e-08
2387	  4,7720000000e+03	  2,66771e-08
2388	  4,7740000000e+03	  2,76373e-08
2389	  4,7760000000e+03	  2,75947e-08
2390	  4,7780000000e+03	  2,72573e-08
2391	  4,7800000000e+03	  2,40466e-08
2392	  4,7820000000e+03	  2,71356e-08
2393	  4,7840000000e+03	  2,79090e-08
2394	  4,7860000000e+03	  3,06221e-08
2395	  4,7880000000e+03	  2,97543e-08
2396	  4,7900000000e+03	  3,03377e-08
2397	  4,7920000000e+03	  2,90562e-08
2398	  4,7940000000e+03	  2,78292e-08
2399	  4,7960000000e+03	  2,88279e-08
2400	  4,7980000000e+03	  2,67496e-08
2401	  4,8000000000e+03	  3,17668e-08
2402	  4,8020000000e+03	  2,94532e-08
2403	  4,8040000000e+03	  2,94722e-08
2404	  4,8060000000e+03	  3,15017e-08
2405	  4,8080000000e+03	  3,35934e-08
2406	  4,8100000000e+03	  2,81617e-08
2407	  4,8120000000e+03	  2,82928e-08
2408	  4,8140000000e+03	  2,86643e-08
2409	  4,8160000000e+03	  3,05553e-08
2410	  4,8180000000e+03	  3,02827e-08
2411	  4,8200000000e+03	  2,73041e-08
2412	  4,8220000000e+03	  2,69924e-08
2413	  4,8240000000e+03	  2,68681e-08
2414	  4,8260000000e+03	  2,36647e-08
2415	  4,8280000000e+03	  2,59051e-08
2416	  4,8300000000e+03	  2,96980e-08
2417	  4,8320000000e+03	  3,29573e-08
2418	  4,8340000000e+03	  2,91762e-08
2419	  4,8360000000e+03	  3,14406e-08
2420	  4,8380000000e+03	  3,08655e-08
2421	  4,8400000000e+03	  2,52564e-08
2422	  4,8420000000e+03	  2,70018e-08
2423	  4,8440000000e+03	  2,77692e-08
2424	  4,8460000000e+03	  2,50721e-08
2425	  4,8480000000e+03	  2,63199e-08
2426	  4,8500000000e+03	  2,97333e-08
2427	  4,8520000000e+03	  3,02302e-08
2428	  4,8540000000e+03	  3,03990e-08
2429	  4,8560000000e+03	  3,14924e-08
2430	  4,8580000000e+03	  3,11377e-08
2431	  4,8600000000e+03	  3,04931e-08
2432	  4,8620000000e+03	  3,53957e-08
2433	  4,8640000000e+03	  3,87915e-08
2434	  4,8660000000e+03	  3,26064e-08
2435	  4,8680000000e+03	  3,16285e-08
2436	  4,8700000000e+03	  2,98553e-08
2437	  4,8720000000e+03	  3,03135e-08
2438	  4,8740000000e+03	  3,16696e-08
2439	  4,8760000000e+03	  3,20890e-08
2440	  4,8780000000e+03	  2,93390e-08
2441	  4,8800000000e+03	  3,11975e-08
2442	  4,8820000000e+03	  2,76898e-08
2443	  4,8840000000e+03	  2,82506e-08
2444	  4,8860000000e+03	  3,03871e-08
2445	  4,8880000000e+03	  2,97110e-08
2446	  4,8900000000e+03	  3,25876e-08
2447	  4,8920000000e+03	  2,82330e-08
2448	  4,8940000000e+03	  2,65094e-08
2449	  4,8960000000e+03	  2,77713e-08
2450	  4,8980000000e+03	  3,18864e-08
2451	  4,9000000000e+03	  3,32590e-08
2452	  4,9020000000e+03	  3,55870e-08
2453	  4,9040000000e+03	  3,65708e-08
2454	  4,9060000000e+03	  3,25799e-08
2455	  4,9080000000e+03	  3,41747e-08
2456	  4,9100000000e+03	  3,75044e-08
2457	  4,9120000000e+03	  3,32075e-08
2458	  4,9140000000e+03	  2,91523e-08
2459	  4,9160000000e+03	  3,08337e-08
2460	  4,9180000000e+03	  3,06492e-08
2461	  4,9200000000e+03	  2,87625e-08
2462	  4,9220000000e+03	  2,64783e-08
2463	  4,9240000000e+03	  3,26289e-08
2464	  4,9260000000e+03	  3,20415e-08
2465	  4,9280000000e+03	  2,81933e-08
2466	  4,9300000000e+03	  3,24371e-08
2467	  4,9320000000e+03	  3,48924e-08
2468	  4,9340000000e+03	  3,14196e-08
2469	  4,9360000000e+03	  2,96309e-08
2470	  4,9380000000e+03	  2,68249e-08
2471	  4,9400000000e+03	  2,71774e-08
2472	  4,9420000000e+03	  2,67275e-08
2473	  4,9440000000e+03	  2,29126e-08
2474	  4,9460000000e+03	  2,33816e-08
2475	  4,9480000000e+03	  2,55592e-08
2476	  4,9500000000e+03	  3,04657e-08
2477	  4,9520000000e+03	  2,70977e-08
2478	  4,9540000000e+03	  2,68692e-08
2479	  4,9560000000e+03	  3,01842e-08
2480	  4,9580000000e+03	  2,64404e-08
2481	  4,9600000000e+03	  2,53747e-08
2482	  4,9620000000e+03	  2,81855e-08
2483	  4,9640000000e+03	  2,83760e-08
2484	  4,9660000000e+03	  2,84432e-08
2485	  4,9680000000e+03	  2,86437e-08
2486	  4,9700000000e+03	  2,97543e-08
2487	  4,9720000000e+03	  2,86663e-08
2488	  4,9740000000e+03	  3,07106e-08
2489	  4,9760000000e+03	  3,05595e-08
2490	  4,9780000000e+03	  2,62756e-08
2491	  4,9800000000e+03	  2,23254e-08
2492	  4,9820000000e+03	  2,50445e-08
2493	  4,9840000000e+03	  2,56554e-08
2494	  4,9860000000e+03	  2,62411e-08
2495	  4,9880000000e+03	  2,76265e-08
2496	  4,9900000000e+03	  2,50382e-08
2497	  4,9920000000e+03	  2,25611e-08
2498	  4,9940000000e+03	  2,38857e-08
2499	  4,9960000000e+03	  2,51082e-08
2500	  4,9980000000e+03	  2,49538e-08
2501	  5,0000000000e+03	  2,10985e-08
2502	  5,0020000000e+03	  1,99028e-08
2503	  5,0040000000e+03	  2,18080e-08
2504	  5,0060000000e+03	  2,39566e-08
2505	  5,0080000000e+03	  2,21699e-08
2506	  5,0100000000e+03	  1,97374e-08
2507	  5,0120000000e+03	  2,11416e-08
2508	  5,0140000000e+03	  2,04635e-08
2509	  5,0160000000e+03	  1,73138e-08
2510	  5,0180000000e+03	  1,73332e-08
2511	  5,0200000000e+03	  1,80751e-08
2512	  5,0220000000e+03	  1,98620e-08
2513	  5,0240000000e+03	  1,99969e-08
2514	  5,0260000000e+03	  1,96238e-08
2515	  5,0280000000e+03	  2,03170e-08
2516	  5,0300000000e+03	  2,06808e-08
2517	  5,0320000000e+03	  2,05275e-08
2518	  5,0340000000e+03	  2,07970e-08
2519	  5,0360000000e+03	  1,97000e-08
2520	  5,0380000000e+03	  1,99343e-08
2521	  5,0400000000e+03	  2,23787e-08
2522	  5,0420000000e+03	  1,99578e-08
2523	  5,0440000000e+03	  1,76249e-08
2524	  5,0460000000e+03	  1,98406e-08
2525	  5,0480000000e+03	  2,01407e-08
2526	  5,0500000000e+03	  2,23496e-08
2527	  5,0520000000e+03	  2,46113e-08
2528	  5,0540000000e+03	  2,20715e-08
2529	  5,0560000000e+03	  2,21641e-08
2530	  5,0580000000e+03	  2,16987e-08
2531	  5,0600000000e+03	  2,32063e-08
2532	  5,0620000000e+03	  2,15349e-08
2533	  5,0640000000e+03	  2,20677e-08
2534	  5,0660000000e+03	  2,33456e-08
2535	  5,0680000000e+03	  2,08548e-08
2536	  5,0700000000e+03	  2,14384e-08
2537	  5,0720000000e+03	  2,13414e-08
2538	  5,0740000000e+03	  2,10016e-08
2539	  5,0760000000e+03	  2,11799e-08
2540	  5,0780000000e+03	  2,34627e-08
2541	  5,0800000000e+03	  2,22309e-08
2542	  5,0820000000e+03	  1,99806e-08
2543	  5,0840000000e+03	  2,00366e-08
2544	  5,0860000000e+03	  2,10870e-08
2545	  5,0880000000e+03	  2,33607e-08
2546	  5,0900000000e+03	  2,68257e-08
2547	  5,0920000000e+03	  2,27776e-08
2548	  5,0940000000e+03	  2,06326e-08
2549	  5,0960000000e+03	  1,99949e-08
2550	  5,0980000000e+03	  2,02559e-08
2551	  5,1000000000e+03	  2,14183e-08
2552	  5,1020000000e+03	  2,12051e-08
2553	  5,1040000000e+03	  2,18422e-08
2554	  5,1060000000e+03	  2,31679e-08
2555	  5,1080000000e+03	  2,29851e-08
2556	  5,1100000000e+03	  2,22792e-08
2557	  5,1120000000e+03	  2,32650e-08
2558	  5,1140000000e+03	  2,20189e-08
2559	  5,1160000000e+03	  2,18451e-08
2560	  5,1180000000e+03	  1,97054e-08
2561	  5,1200000000e+03	  1,91015e-08
2562	  5,1220000000e+03	  2,12817e-08
2563	  5,1240000000e+03	  2,08066e-08
2564	  5,1260000000e+03	  2,10570e-08
2565	  5,1280000000e+03	  2,20205e-08
2566	  5,1300000000e+03	  2,06187e-08
2567	  5,1320000000e+03	  1,71108e-08
2568	  5,1340000000e+03	  1,92474e-08
2569	  5,1360000000e+03	  2,57710e-08
2570	  5,1380000000e+03	  2,78882e-08
2571	  5,1400000000e+03	  2,24030e-08
2572	  5,1420000000e+03	  2,29556e-08
2573	  5,1440000000e+03	  2,35059e-08
2574	  5,1460000000e+03	  2,18947e-08
2575	  5,1480000000e+03	  2,19179e-08
2576	  5,1500000000e+03	  2,19478e-08
2577	  5,1520000000e+03	  1,97290e-08
2578	  5,1540000000e+03	  2,02293e-08
2579	  5,1560000000e+03	  2,30612e-08
2580	  5,1580000000e+03	  2,03290e-08
2581	  5,1600000000e+03	  1,92590e-08
2582	  5,1620000000e+03	  1,91048e-08
2583	  5,1640000000e+03	  2,07753e-08
2584	  5,1660000000e+03	  2,16968e-08
2585	  5,1680000000e+03	  2,24556e-08
2586	  5,1700000000e+03	  2,28213e-08
2587	  5,1720000000e+03	  1,94614e-08
2588	  5,1740000000e+03	  2,05632e-08
2589	  5,1760000000e+03	  2,30112e-08
2590	  5,1780000000e+03	  2,08205e-08
2591	  5,1800000000e+03	  1,97996e-08
2592	  5,1820000000e+03	  1,81567e-08
2593	  5,1840000000e+03	  1,83422e-08
2594	  5,1860000000e+03	  1,83915e-08
2595	  5,1880000000e+03	  1,94528e-08
2596	  5,1900000000e+03	  2,14621e-08
2597	  5,1920000000e+03	  1,83619e-08
2598	  5,1940000000e+03	  1,99435e-08
2599	  5,1960000000e+03	  2,02290e-08
2600	  5,1980000000e+03	  2,00432e-08
2601	  5,2000000000e+03	  1,87588e-08
2602	  5,2020000000e+03	  1,76394e-08
2603	  5,2040000000e+03	  1,66508e-08
2604	  5,2060000000e+03	  1,69794e-08
2605	  5,2080000000e+03	  1,98117e-08
2606	  5,2100000000e+03	  1,97506e-08
2607	  5,2120000000e+03	  1,99449e-08
2608	  5,2140000000e+03	  2,09868e-08
2609	  5,2160000000e+03	  1,86415e-08
2610	  5,2180000000e+03	  1,94508e-08
2611	  5,2200000000e+03	  2,14956e-08
2612	  5,2220000000e+03	  1,96270e-08
2613	  5,2240000000e+03	  2,24659e-08
2614	  5,2260000000e+03	  2,10538e-08
2615	  5,2280000000e+03	  2,05237e-08
2616	  5,2300000000e+03	  1,84154e-08
2617	  5,2320000000e+03	  1,81297e-08
2618	  5,2340000000e+03	  1,87105e-08
2619	  5,2360000000e+03	  1,87710e-08
2620	  5,2380000000e+03	  2,19546e-08
2621	  5,2400000000e+03	  1,80683e-08
2622	  5,2420000000e+03	  1,67416e-08
2623	  5,2440000000e+03	  1,86912e-08
2624	  5,2460000000e+03	  2,17553e-08
2625	  5,2480000000e+03	  1,95147e-08
2626	  5,2500000000e+03	  1,80792e-08
2627	  5,2520000000e+03	  1,79115e-08
2628	  5,2540000000e+03	  1,50694e-08
2629	  5,2560000000e+03	  1,58097e-08
2630	  5,2580000000e+03	  1,69054e-08
2631	  5,2600000000e+03	  1,89090e-08
2632	  5,2620000000e+03	  1,84272e-08
2633	  5,2640000000e+03	  1,71824e-08
2634	  5,2660000000e+03	  1,68325e-08
2635	  5,2680000000e+03	  1,73111e-08
2636	  5,2700000000e+03	  1,82205e-08
2637	  5,2720000000e+03	  1,78130e-08
2638	  5,2740000000e+03	  1,92607e-08
2639	  5,2760000000e+03	  1,96634e-08
2640	  5,2780000000e+03	  2,11738e-08
2641	  5,2800000000e+03	  2,06134e-08
2642	  5,2820000000e+03	  1,84343e-08
2643	  5,2840000000e+03	  1,79813e-08
2644	  5,2860000000e+03	  1,75871e-08
2645	  5,2880000000e+03	  1,81507e-08
2646	  5,2900000000e+03	  1,72511e-08
2647	  5,2920000000e+03	  1,82063e-08
2648	  5,2940000000e+03	  1,73534e-08
2649	  5,2960000000e+03	  1,71869e-08
2650	  5,2980000000e+03	  1,95704e-08
2651	  5,3000000000e+03	  1,84039e-08
2652	  5,3020000000e+03	  1,71914e-08
2653	  5,3040000000e+03	  1,86580e-08
2654	  5,3060000000e+03	  1,91196e-08
2655	  5,3080000000e+03	  2,00236e-08
2656	  5,3100000000e+03	  2,03912e-08
2657	  5,3120000000e+03	  1,84497e-08
2658	  5,3140000000e+03	  1,99691e-08
2659	  5,3160000000e+03	  1,96720e-08
2660	  5,3180000000e+03	  1,90246e-08
2661	  5,3200000000e+03	  1,96496e-08
2662	  5,3220000000e+03	  1,84222e-08
2663	  5,3240000000e+03	  1,87032e-08
2664	  5,3260000000e+03	  1,63497e-08
2665	  5,3280000000e+03	  1,90080e-08
2666	  5,3300000000e+03	  2,10139e-08
2667	  5,3320000000e+03	  1,98434e-08
2668	  5,3340000000e+03	  1,82361e-08
2669	  5,3360000000e+03	  1,92719e-08
2670	  5,3380000000e+03	  1,97020e-08
2671	  5,3400000000e+03	  1,73848e-08
2672	  5,3420000000e+03	  1,86211e-08
2673	  5,3440000000e+03	  1,92621e-08
2674	  5,3460000000e+03	  2,03356e-08
2675	  5,3480000000e+03	  2,38729e-08
2676	  5,3500000000e+03	  2,64720e-08
2677	  5,3520000000e+03	  2,31907e-08
2678	  5,3540000000e+03	  2,65610e-08
2679	  5,3560000000e+03	  2,81471e-08
2680	  5,3580000000e+03	  2,49027e-08
2681	  5,3600000000e+03	  2,34878e-08
2682	  5,3620000000e+03	  2,06894e-08
2683	  5,3640000000e+03	  2,22049e-08
2684	  5,3660000000e+03	  2,43163e-08
2685	  5,3680000000e+03	  2,52991e-08
2686	  5,3700000000e+03	  2,55906e-08
2687	  5,3720000000e+03	  2,50098e-08
2688	  5,3740000000e+03	  2,42610e-08
2689	  5,3760000000e+03	  2,59423e-08
2690	  5,3780000000e+03	  2,78627e-08
2691	  5,3800000000e+03	  2,79188e-08
2692	  5,3820000000e+03	  2,22607e-08
2693	  5,3840000000e+03	  1,87797e-08
2694	  5,3860000000e+03	  2,26343e-08
2695	  5,3880000000e+03	  2,41674e-08
2696	  5,3900000000e+03	  2,38883e-08
2697	  5,3920000000e+03	  2,05629e-08
2698	  5,3940000000e+03	  2,05122e-08
2699	  5,3960000000e+03	  2,28742e-08
2700	  5,3980000000e+03	  2,15678e-08
2701	  5,4000000000e+03	  2,47345e-08
2702	  5,4020000000e+03	  2,53243e-08
2703	  5,4040000000e+03	  2,33315e-08
2704	  5,4060000000e+03	  1,89482e-08
2705	  5,4080000000e+03	  1,83670e-08
2706	  5,4100000000e+03	  2,44551e-08
2707	  5,4120000000e+03	  2,51003e-08
2708	  5,4140000000e+03	  2,02819e-08
2709	  5,4160000000e+03	  2,07854e-08
2710	  5,4180000000e+03	  2,19899e-08
2711	  5,4200000000e+03	  2,31233e-08
2712	  5,4220000000e+03	  2,44880e-08
2713	  5,4240000000e+03	  2,26346e-08
2714	  5,4260000000e+03	  2,40867e-08
2715	  5,4280000000e+03	  2,34075e-08
2716	  5,4300000000e+03	  2,05726e-08
2717	  5,4320000000e+03	  1,88395e-08
2718	  5,4340000000e+03	  1,94342e-08
2719	  5,4360000000e+03	  2,04035e-08
2720	  5,4380000000e+03	  2,36154e-08
2721	  5,4400000000e+03	  2,18953e-08
2722	  5,4420000000e+03	  2,26209e-08
2723	  5,4440000000e+03	  2,23669e-08
2724	  5,4460000000e+03	  2,31689e-08
2725	  5,4480000000e+03	  2,46016e-08
2726	  5,4500000000e+03	  2,40289e-08
2727	  5,4520000000e+03	  2,37347e-08
2728	  5,4540000000e+03	  2,46556e-08
2729	  5,4560000000e+03	  2,23837e-08
2730	  5,4580000000e+03	  2,50700e-08
2731	  5,4600000000e+03	  2,16778e-08
2732	  5,4620000000e+03	  2,20690e-08
2733	  5,4640000000e+03	  2,29846e-08
2734	  5,4660000000e+03	  2,11893e-08
2735	  5,4680000000e+03	  2,08883e-08
2736	  5,4700000000e+03	  1,99008e-08
2737	  5,4720000000e+03	  1,92221e-08
2738	  5,4740000000e+03	  2,07570e-08
2739	  5,4760000000e+03	  2,33022e-08
2740	  5,4780000000e+03	  2,50494e-08
2741	  5,4800000000e+03	  2,23187e-08
2742	  5,4820000000e+03	  1,98977e-08
2743	  5,4840000000e+03	  1,80949e-08
2744	  5,4860000000e+03	  1,99413e-08
2745	  5,4880000000e+03	  2,26349e-08
2746	  5,4900000000e+03	  2,29335e-08
2747	  5,4920000000e+03	  1,98364e-08
2748	  5,4940000000e+03	  2,08674e-08
2749	  5,4960000000e+03	  2,06624e-08
2750	  5,4980000000e+03	  2,40873e-08
2751	  5,5000000000e+03	  2,31366e-08
2752	  5,5020000000e+03	  2,09644e-08
2753	  5,5040000000e+03	  2,05725e-08
2754	  5,5060000000e+03	  2,12507e-08
2755	  5,5080000000e+03	  1,94176e-08
2756	  5,5100000000e+03	  1,95904e-08
2757	  5,5120000000e+03	  2,07860e-08
2758	  5,5140000000e+03	  1,91716e-08
2759	  5,5160000000e+03	  2,02634e-08
2760	  5,5180000000e+03	  1,99296e-08
2761	  5,5200000000e+03	  1,95048e-08
2762	  5,5220000000e+03	  2,08379e-08
2763	  5,5240000000e+03	  2,40044e-08
2764	  5,5260000000e+03	  2,25041e-08
2765	  5,5280000000e+03	  2,08896e-08
2766	  5,5300000000e+03	  1,97232e-08
2767	  5,5320000000e+03	  1,86143e-08
2768	  5,5340000000e+03	  1,93441e-08
2769	  5,5360000000e+03	  2,07052e-08
2770	  5,5380000000e+03	  1,91683e-08
2771	  5,5400000000e+03	  1,92874e-08
2772	  5,5420000000e+03	  2,08086e-08
2773	  5,5440000000e+03	  1,91937e-08
2774	  5,5460000000e+03	  2,04349e-08
2775	  5,5480000000e+03	  2,01315e-08
2776	  5,5500000000e+03	  2,01612e-08
2777	  5,5520000000e+03	  2,00118e-08
2778	  5,5540000000e+03	  2,16858e-08
2779	  5,5560000000e+03	  2,26472e-08
2780	  5,5580000000e+03	  2,11720e-08
2781	  5,5600000000e+03	  1,83357e-08
2782	  5,5620000000e+03	  1,62045e-08
2783	  5,5640000000e+03	  1,93256e-08
2784	  5,5660000000e+03	  2,05699e-08
2785	  5,5680000000e+03	  2,07549e-08
2786	  5,5700000000e+03	  2,12313e-08
2787	  5,5720000000e+03	  2,23813e-08
2788	  5,5740000000e+03	  1,94211e-08
2789	  5,5760000000e+03	  2,21830e-08
2790	  5,5780000000e+03	  2,27972e-08
2791	  5,5800000000e+03	  2,25727e-08
2792	  5,5820000000e+03	  2,36966e-08
2793	  5,5840000000e+03	  1,83615e-08
2794	  5,5860000000e+03	  1,85805e-08
2795	  5,5880000000e+03	  1,99025e-08
2796	  5,5900000000e+03	  1,99183e-08
2797	  5,5920000000e+03	  1,99869e-08
2798	  5,5940000000e+03	  1,90568e-08
2799	  5,5960000000e+03	  2,12182e-08
2800	  5,5980000000e+03	  2,40509e-08
2801	  5,6000000000e+03	  2,17609e-08
2802	  5,6020000000e+03	  1,87515e-08
2803	  5,6040000000e+03	  1,78586e-08
2804	  5,6060000000e+03	  2,06972e-08
2805	  5,6080000000e+03	  2,18063e-08
2806	  5,6100000000e+03	  2,16156e-08
2807	  5,6120000000e+03	  2,25526e-08
2808	  5,6140000000e+03	  2,03800e-08
2809	  5,6160000000e+03	  1,96392e-08
2810	  5,6180000000e+03	  1,94976e-08
2811	  5,6200000000e+03	  2,16736e-08
2812	  5,6220000000e+03	  1,99494e-08
2813	  5,6240000000e+03	  1,83536e-08
2814	  5,6260000000e+03	  1,94157e-08
2815	  5,6280000000e+03	  2,15604e-08
2816	  5,6300000000e+03	  2,15845e-08
2817	  5,6320000000e+03	  1,85300e-08
2818	  5,6340000000e+03	  1,61417e-08
2819	  5,6360000000e+03	  1,78995e-08
2820	  5,6380000000e+03	  1,89191e-08
2821	  5,6400000000e+03	  1,83074e-08
2822	  5,6420000000e+03	  2,00368e-08
2823	  5,6440000000e+03	  2,01985e-08
2824	  5,6460000000e+03	  2,25274e-08
2825	  5,6480000000e+03	  2,16870e-08
2826	  5,6500000000e+03	  2,00438e-08
2827	  5,6520000000e+03	  1,96505e-08
2828	  5,6540000000e+03	  2,05518e-08
2829	  5,6560000000e+03	  2,10079e-08
2830	  5,6580000000e+03	  2,01933e-08
2831	  5,6600000000e+03	  2,04591e-08
2832	  5,6620000000e+03	  2,09329e-08
2833	  5,6640000000e+03	  2,05687e-08
2834	  5,6660000000e+03	  2,28585e-08
2835	  5,6680000000e+03	  2,20285e-08
2836	  5,6700000000e+03	  2,01513e-08
2837	  5,6720000000e+03	  2,21327e-08
2838	  5,6740000000e+03	  2,50709e-08
2839	  5,6760000000e+03	  2,20435e-08
2840	  5,6780000000e+03	  2,08877e-08
2841	  5,6800000000e+03	  2,14726e-08
2842	  5,6820000000e+03	  2,15398e-08
2843	  5,6840000000e+03	  2,09738e-08
2844	  5,6860000000e+03	  1,88362e-08
2845	  5,6880000000e+03	  1,80552e-08
2846	  5,6900000000e+03	  1,89274e-08
2847	  5,6920000000e+03	  1,64105e-08
2848	  5,6940000000e+03	  1,83647e-08
2849	  5,6960000000e+03	  1,88944e-08
2850	  5,6980000000e+03	  2,05582e-08
2851	  5,7000000000e+03	  1,91831e-08
2852	  5,7020000000e+03	  1,75015e-08
2853	  5,7040000000e+03	  1,81187e-08
2854	  5,7060000000e+03	  1,91875e-08
2855	  5,7080000000e+03	  1,82096e-08
2856	  5,7100000000e+03	  1,78995e-08
2857	  5,7120000000e+03	  2,03576e-08
2858	  5,7140000000e+03	  1,91716e-08
2859	  5,7160000000e+03	  1,91641e-08
2860	  5,7180000000e+03	  1,83571e-08
2861	  5,7200000000e+03	  2,02886e-08
2862	  5,7220000000e+03	  1,90451e-08
2863	  5,7240000000e+03	  1,92295e-08
2864	  5,7260000000e+03	  2,07752e-08
2865	  5,7280000000e+03	  1,88933e-08
2866	  5,7300000000e+03	  1,84976e-08
2867	  5,7320000000e+03	  1,84253e-08
2868	  5,7340000000e+03	  1,69102e-08
2869	  5,7360000000e+03	  1,79161e-08
2870	  5,7380000000e+03	  1,75088e-08
2871	  5,7400000000e+03	  1,70169e-08
2872	  5,7420000000e+03	  1,81883e-08
2873	  5,7440000000e+03	  1,97504e-08
2874	  5,7460000000e+03	  1,73228e-08
2875	  5,7480000000e+03	  1,82802e-08
2876	  5,7500000000e+03	  1,86682e-08
2877	  5,7520000000e+03	  1,89746e-08
2878	  5,7540000000e+03	  1,74441e-08
2879	  5,7560000000e+03	  1,40338e-08
2880	  5,7580000000e+03	  1,53828e-08
2881	  5,7600000000e+03	  1,72193e-08
2882	  5,7620000000e+03	  1,80143e-08
2883	  5,7640000000e+03	  1,83569e-08
2884	  5,7660000000e+03	  1,86807e-08
2885	  5,7680000000e+03	  1,67725e-08
2886	  5,7700000000e+03	  1,61193e-08
2887	  5,7720000000e+03	  1,50154e-08
2888	  5,7740000000e+03	  1,40617e-08
2889	  5,7760000000e+03	  1,69519e-08
2890	  5,7780000000e+03	  1,82628e-08
2891	  5,7800000000e+03	  1,58937e-08
2892	  5,7820000000e+03	  1,43531e-08
2893	  5,7840000000e+03	  1,43824e-08
2894	  5,7860000000e+03	  1,56861e-08
2895	  5,7880000000e+03	  1,52257e-08
2896	  5,7900000000e+03	  1,37729e-08
2897	  5,7920000000e+03	  1,39037e-08
2898	  5,7940000000e+03	  1,54096e-08
2899	  5,7960000000e+03	  1,62070e-08
2900	  5,7980000000e+03	  1,50382e-08
2901	  5,8000000000e+03	  1,46956e-08
2902	  5,8020000000e+03	  1,77530e-08
2903	  5,8040000000e+03	  1,58773e-08
2904	  5,8060000000e+03	  1,55022e-08
2905	  5,8080000000e+03	  1,66605e-08
2906	  5,8100000000e+03	  1,90157e-08
2907	  5,8120000000e+03	  1,90328e-08
2908	  5,8140000000e+03	  1,62118e-08
2909	  5,8160000000e+03	  1,55884e-08
2910	  5,8180000000e+03	  1,50893e-08
2911	  5,8200000000e+03	  1,39496e-08
2912	  5,8220000000e+03	  1,52711e-08
2913	  5,8240000000e+03	  1,84399e-08
2914	  5,8260000000e+03	  1,76564e-08
2915	  5,8280000000e+03	  1,87481e-08
2916	  5,8300000000e+03	  1,77248e-08
2917	  5,8320000000e+03	  1,68534e-08
2918	  5,8340000000e+03	  1,70195e-08
2919	  5,8360000000e+03	  1,70231e-08
2920	  5,8380000000e+03	  1,54158e-08
2921	  5,8400000000e+03	  1,78314e-08
2922	  5,8420000000e+03	  1,57620e-08
2923	  5,8440000000e+03	  1,73845e-08
2924	  5,8460000000e+03	  1,89103e-08
2925	  5,8480000000e+03	  1,73993e-08
2926	  5,8500000000e+03	  1,73156e-08
2927	  5,8520000000e+03	  1,84514e-08
2928	  5,8540000000e+03	  1,99325e-08
2929	  5,8560000000e+03	  1,74231e-08
2930	  5,8580000000e+03	  1,80600e-08
2931	  5,8600000000e+03	  1,87107e-08
2932	  5,8620000000e+03	  1,73610e-08
2933	  5,8640000000e+03	  1,74646e-08
2934	  5,8660000000e+03	  1,69412e-08
2935	  5,8680000000e+03	  1,80370e-08
2936	  5,8700000000e+03	  1,91225e-08
2937	  5,8720000000e+03	  1,91784e-08
2938	  5,8740000000e+03	  1,87049e-08
2939	  5,8760000000e+03	  1,84302e-08
2940	  5,8780000000e+03	  1,83062e-08
2941	  5,8800000000e+03	  1,74921e-08
2942	  5,8820000000e+03	  1,55999e-08
2943	  5,8840000000e+03	  1,65817e-08
2944	  5,8860000000e+03	  1,86549e-08
2945	  5,8880000000e+03	  1,61352e-08
2946	  5,8900000000e+03	  1,60352e-08
2947	  5,8920000000e+03	  1,73429e-08
2948	  5,8940000000e+03	  1,83883e-08
2949	  5,8960000000e+03	  1,62492e-08
2950	  5,8980000000e+03	  1,70056e-08
2951	  5,9000000000e+03	  1,73533e-08
2952	  5,9020000000e+03	  1,71406e-08
2953	  5,9040000000e+03	  1,45225e-08
2954	  5,9060000000e+03	  1,44267e-08
2955	  5,9080000000e+03	  1,63880e-08
2956	  5,9100000000e+03	  1,46920e-08
2957	  5,9120000000e+03	  1,40909e-08
2958	  5,9140000000e+03	  1,40997e-08
2959	  5,9160000000e+03	  1,53177e-08
2960	  5,9180000000e+03	  1,68450e-08
2961	  5,9200000000e+03	  1,69063e-08
2962	  5,9220000000e+03	  1,56542e-08
2963	  5,9240000000e+03	  1,40537e-08
2964	  5,9260000000e+03	  1,41639e-08
2965	  5,9280000000e+03	  1,52055e-08
2966	  5,9300000000e+03	  1,45085e-08
2967	  5,9320000000e+03	  1,73627e-08
2968	  5,9340000000e+03	  2,05020e-08
2969	  5,9360000000e+03	  1,86641e-08
2970	  5,9380000000e+03	  1,53882e-08
2971	  5,9400000000e+03	  1,52487e-08
2972	  5,9420000000e+03	  1,44619e-08
2973	  5,9440000000e+03	  1,40587e-08
2974	  5,9460000000e+03	  1,39251e-08
2975	  5,9480000000e+03	  1,58260e-08
2976	  5,9500000000e+03	  1,78173e-08
2977	  5,9520000000e+03	  1,76133e-08
2978	  5,9540000000e+03	  1,67079e-08
2979	  5,9560000000e+03	  1,53978e-08
2980	  5,9580000000e+03	  1,28549e-08
2981	  5,9600000000e+03	  1,32663e-08
2982	  5,9620000000e+03	  1,31937e-08
2983	  5,9640000000e+03	  1,37438e-08
2984	  5,9660000000e+03	  1,23360e-08
2985	  5,9680000000e+03	  1,24457e-08
2986	  5,9700000000e+03	  1,33564e-08
2987	  5,9720000000e+03	  1,47146e-08
2988	  5,9740000000e+03	  1,43291e-08
2989	  5,9760000000e+03	  1,32964e-08
2990	  5,9780000000e+03	  1,31769e-08
2991	  5,9800000000e+03	  1,50902e-08
2992	  5,9820000000e+03	  1,41689e-08
2993	  5,9840000000e+03	  1,37025e-08
2994	  5,9860000000e+03	  1,61664e-08
2995	  5,9880000000e+03	  1,41491e-08
2996	  5,9900000000e+03	  1,22635e-08
2997	  5,9920000000e+03	  1,19538e-08
2998	  5,9940000000e+03	  1,24227e-08
2999	  5,9960000000e+03	  1,13189e-08
3000	  5,9980000000e+03	  1,20794e-08
3001	  6,0000000000e+03	  1,20449e-08
3002	  6,0020000000e+03	  1,21143e-08
3003	  6,0040000000e+03	  1,25795e-08
3004	  6,0060000000e+03	  1,29083e-08
3005	  6,0080000000e+03	  1,22563e-08
3006	  6,0100000000e+03	  1,13168e-08
3007	  6,0120000000e+03	  1,08432e-08
3008	  6,0140000000e+03	  1,02918e-08
3009	  6,0160000000e+03	  1,16691e-08
3010	  6,0180000000e+03	  1,45699e-08
3011	  6,0200000000e+03	  1,28818e-08
3012	  6,0220000000e+03	  1,03618e-08
3013	  6,0240000000e+03	  1,11070e-08
3014	  6,0260000000e+03	  1,17328e-08
3015	  6,0280000000e+03	  1,15428e-08
3016	  6,0300000000e+03	  9,04265e-09
3017	  6,0320000000e+03	  9,31142e-09
3018	  6,0340000000e+03	  9,83793e-09
3019	  6,0360000000e+03	  1,04314e-08
3020	  6,0380000000e+03	  9,87354e-09
3021	  6,0400000000e+03	  9,17766e-09
3022	  6,0420000000e+03	  9,73499e-09
3023	  6,0440000000e+03	  1,10838e-08
3024	  6,0460000000e+03	  1,06096e-08
3025	  6,0480000000e+03	  9,59491e-09
3026	  6,0500000000e+03	  9,17575e-09
3027	  6,0520000000e+03	  9,09802e-09
3028	  6,0540000000e+03	  8,19801e-09
3029	  6,0560000000e+03	  8,60600e-09
3030	  6,0580000000e+03	  8,81433e-09
3031	  6,0600000000e+03	  9,14969e-09
3032	  6,0620000000e+03	  9,86451e-09
3033	  6,0640000000e+03	  8,92364e-09
3034	  6,0660000000e+03	  9,61164e-09
3035	  6,0680000000e+03	  9,75909e-09
3036	  6,0700000000e+03	  8,19791e-09
3037	  6,0720000000e+03	  8,13545e-09
3038	  6,0740000000e+03	  9,56003e-09
3039	  6,0760000000e+03	  9,05117e-09
3040	  6,0780000000e+03	  7,73086e-09
3041	  6,0800000000e+03	  7,83294e-09
3042	  6,0820000000e+03	  7,98154e-09
3043	  6,0840000000e+03	  9,21511e-09
3044	  6,0860000000e+03	  9,48862e-09
3045	  6,0880000000e+03	  9,71888e-09
3046	  6,0900000000e+03	  9,57090e-09
3047	  6,0920000000e+03	  9,06912e-09
3048	  6,0940000000e+03	  7,70521e-09
3049	  6,0960000000e+03	  7,45873e-09
3050	  6,0980000000e+03	  8,77291e-09
3051	  6,1000000000e+03	  8,91840e-09
3052	  6,1020000000e+03	  8,60864e-09
3053	  6,1040000000e+03	  7,66538e-09
3054	  6,1060000000e+03	  7,99514e-09
3055	  6,1080000000e+03	  9,05236e-09
3056	  6,1100000000e+03	  9,42630e-09
3057	  6,1120000000e+03	  9,78431e-09
3058	  6,1140000000e+03	  1,01414e-08
3059	  6,1160000000e+03	  1,10973e-08
3060	  6,1180000000e+03	  9,49904e-09
3061	  6,1200000000e+03	  8,26334e-09
3062	  6,1220000000e+03	  8,39234e-09
3063	  6,1240000000e+03	  8,26371e-09
3064	  6,1260000000e+03	  8,14728e-09
3065	  6,1280000000e+03	  8,18566e-09
3066	  6,1300000000e+03	  8,52772e-09
3067	  6,1320000000e+03	  9,12596e-09
3068	  6,1340000000e+03	  7,50475e-09
3069	  6,1360000000e+03	  7,71191e-09
3070	  6,1380000000e+03	  7,75512e-09
3071	  6,1400000000e+03	  8,77053e-09
3072	  6,1420000000e+03	  9,48886e-09
3073	  6,1440000000e+03	  8,49575e-09
3074	  6,1460000000e+03	  8,24922e-09
3075	  6,1480000000e+03	  8,42335e-09
3076	  6,1500000000e+03	  8,78136e-09
3077	  6,1520000000e+03	  9,14477e-09
3078	  6,1540000000e+03	  8,36426e-09
3079	  6,1560000000e+03	  7,11189e-09
3080	  6,1580000000e+03	  7,28132e-09
3081	  6,1600000000e+03	  7,06304e-09
3082	  6,1620000000e+03	  7,06461e-09
3083	  6,1640000000e+03	  6,34338e-09
3084	  6,1660000000e+03	  5,47890e-09
3085	  6,1680000000e+03	  6,02237e-09
3086	  6,1700000000e+03	  6,98719e-09
3087	  6,1720000000e+03	  6,83762e-09
3088	  6,1740000000e+03	  6,38344e-09
3089	  6,1760000000e+03	  6,83158e-09
3090	  6,1780000000e+03	  7,38120e-09
3091	  6,1800000000e+03	  8,41596e-09
3092	  6,1820000000e+03	  7,74408e-09
3093	  6,1840000000e+03	  7,23442e-09
3094	  6,1860000000e+03	  7,50458e-09
3095	  6,1880000000e+03	  6,27225e-09
3096	  6,1900000000e+03	  6,51316e-09
3097	  6,1920000000e+03	  8,09571e-09
3098	  6,1940000000e+03	  7,31457e-09
3099	  6,1960000000e+03	  6,19644e-09
3100	  6,1980000000e+03	  5,69954e-09
3101	  6,2000000000e+03	  5,84944e-09
3102	  6,2020000000e+03	  6,09144e-09
3103	  6,2040000000e+03	  6,68203e-09
3104	  6,2060000000e+03	  5,90398e-09
3105	  6,2080000000e+03	  5,50326e-09
3106	  6,2100000000e+03	  5,96984e-09
3107	  6,2120000000e+03	  6,55206e-09
3108	  6,2140000000e+03	  6,74126e-09
3109	  6,2160000000e+03	  5,88644e-09
3110	  6,2180000000e+03	  5,69359e-09
3111	  6,2200000000e+03	  5,83559e-09
3112	  6,2220000000e+03	  6,27161e-09
3113	  6,2240000000e+03	  6,45601e-09
3114	  6,2260000000e+03	  5,95189e-09
3115	  6,2280000000e+03	  6,30855e-09
3116	  6,2300000000e+03	  6,48204e-09
3117	  6,2320000000e+03	  5,80259e-09
3118	  6,2340000000e+03	  5,42469e-09
3119	  6,2360000000e+03	  5,57300e-09
3120	  6,2380000000e+03	  5,57641e-09
3121	  6,2400000000e+03	  5,91030e-09
3122	  6,2420000000e+03	  6,14196e-09
3123	  6,2440000000e+03	  5,18234e-09
3124	  6,2460000000e+03	  5,44472e-09
3125	  6,2480000000e+03	  5,60366e-09
3126	  6,2500000000e+03	  5,27287e-09
3127	  6,2520000000e+03	  6,07551e-09
3128	  6,2540000000e+03	  5,56190e-09
3129	  6,2560000000e+03	  5,58787e-09
3130	  6,2580000000e+03	  5,62985e-09
3131	  6,2600000000e+03	  4,91227e-09
3132	  6,2620000000e+03	  5,11075e-09
3133	  6,2640000000e+03	  5,66782e-09
3134	  6,2660000000e+03	  6,02198e-09
3135	  6,2680000000e+03	  5,96377e-09
3136	  6,2700000000e+03	  6,31366e-09
3137	  6,2720000000e+03	  5,97510e-09
3138	  6,2740000000e+03	  5,55459e-09
3139	  6,2760000000e+03	  5,08485e-09
3140	  6,2780000000e+03	  4,72945e-09
3141	  6,2800000000e+03	  5,01717e-09
3142	  6,2820000000e+03	  5,20330e-09
3143	  6,2840000000e+03	  4,69497e-09
3144	  6,2860000000e+03	  4,17899e-09
3145	  6,2880000000e+03	  4,75155e-09
3146	  6,2900000000e+03	  5,16311e-09
3147	  6,2920000000e+03	  5,16535e-09
3148	  6,2940000000e+03	  5,44150e-09
3149	  6,2960000000e+03	  4,97653e-09
3150	  6,2980000000e+03	  5,26954e-09
3151	  6,3000000000e+03	  5,31328e-09
3152	  6,3020000000e+03	  4,88377e-09
3153	  6,3040000000e+03	  4,82482e-09
3154	  6,3060000000e+03	  4,73766e-09
3155	  6,3080000000e+03	  4,42184e-09
3156	  6,3100000000e+03	  4,28440e-09
3157	  6,3120000000e+03	  3,92217e-09
3158	  6,3140000000e+03	  3,48311e-09
3159	  6,3160000000e+03	  3,45872e-09
3160	  6,3180000000e+03	  3,73776e-09
3161	  6,3200000000e+03	  3,49508e-09
3162	  6,3220000000e+03	  2,97886e-09
3163	  6,3240000000e+03	  2,81396e-09
3164	  6,3260000000e+03	  3,30825e-09
3165	  6,3280000000e+03	  3,01535e-09
3166	  6,3300000000e+03	  2,51253e-09
3167	  6,3320000000e+03	  2,59651e-09
3168	  6,3340000000e+03	  2,65059e-09
3169	  6,3360000000e+03	  2,60644e-09
3170	  6,3380000000e+03	  2,50599e-09
3171	  6,3400000000e+03	  2,26023e-09
3172	  6,3420000000e+03	  2,34780e-09
3173	  6,3440000000e+03	  2,51886e-09
3174	  6,3460000000e+03	  2,50269e-09
3175	  6,3480000000e+03	  2,43310e-09
3176	  6,3500000000e+03	  2,65670e-09
3177	  6,3520000000e+03	  2,48272e-09
3178	  6,3540000000e+03	  2,30173e-09
3179	  6,3560000000e+03	  2,21913e-09
3180	  6,3580000000e+03	  2,31610e-09
3181	  6,3600000000e+03	  2,17628e-09
3182	  6,3620000000e+03	  2,16819e-09
3183	  6,3640000000e+03	  2,38594e-09
3184	  6,3660000000e+03	  2,29711e-09
3185	  6,3680000000e+03	  2,21628e-09
3186	  6,3700000000e+03	  2,35690e-09
3187	  6,3720000000e+03	  1,95216e-09
3188	  6,3740000000e+03	  1,98775e-09
3189	  6,3760000000e+03	  1,95216e-09
3190	  6,3780000000e+03	  1,89353e-09
3191	  6,3800000000e+03	  1,79096e-09
3192	  6,3820000000e+03	  1,47637e-09
3193	  6,3840000000e+03	  1,53455e-09
3194	  6,3860000000e+03	  2,03440e-09
3195	  6,3880000000e+03	  1,94950e-09
3196	  6,3900000000e+03	  1,75662e-09
3197	  6,3920000000e+03	  1,91999e-09
3198	  6,3940000000e+03	  1,69075e-09
3199	  6,3960000000e+03	  1,63808e-09
3200	  6,3980000000e+03	  1,99125e-09
3201	  6,4000000000e+03	  1,89654e-09
3202	  6,4020000000e+03	  1,73220e-09
3203	  6,4040000000e+03	  1,77883e-09
3204	  6,4060000000e+03	  1,74715e-09
3205	  6,4080000000e+03	  1,75180e-09
3206	  6,4100000000e+03	  1,70616e-09
3207	  6,4120000000e+03	  1,63278e-09
3208	  6,4140000000e+03	  1,72118e-09
3209	  6,4160000000e+03	  1,74242e-09
3210	  6,4180000000e+03	  1,72174e-09
3211	  6,4200000000e+03	  1,66159e-09
3212	  6,4220000000e+03	  1,70561e-09
3213	  6,4240000000e+03	  1,82047e-09
3214	  6,4260000000e+03	  1,76335e-09
3215	  6,4280000000e+03	  1,76658e-09
3216	  6,4300000000e+03	  1,57361e-09
3217	  6,4320000000e+03	  1,50574e-09
3218	  6,4340000000e+03	  1,59601e-09
3219	  6,4360000000e+03	  1,43346e-09
3220	  6,4380000000e+03	  1,37312e-09
3221	  6,4400000000e+03	  1,47897e-09
3222	  6,4420000000e+03	  1,32660e-09
3223	  6,4440000000e+03	  1,43307e-09
3224	  6,4460000000e+03	  1,45521e-09
3225	  6,4480000000e+03	  1,41353e-09
3226	  6,4500000000e+03	  1,37959e-09
3227	  6,4520000000e+03	  1,38220e-09
3228	  6,4540000000e+03	  1,62577e-09
3229	  6,4560000000e+03	  1,65868e-09
3230	  6,4580000000e+03	  1,47904e-09
3231	  6,4600000000e+03	  1,51154e-09
3232	  6,4620000000e+03	  1,70353e-09
3233	  6,4640000000e+03	  1,75613e-09
3234	  6,4660000000e+03	  1,61897e-09
3235	  6,4680000000e+03	  1,88206e-09
3236	  6,4700000000e+03	  1,90270e-09
3237	  6,4720000000e+03	  1,83601e-09
3238	  6,4740000000e+03	  1,74365e-09
3239	  6,4760000000e+03	  1,79567e-09
3240	  6,4780000000e+03	  1,72714e-09
3241	  6,4800000000e+03	  1,85869e-09
3242	  6,4820000000e+03	  1,66106e-09
3243	  6,4840000000e+03	  1,66401e-09
3244	  6,4860000000e+03	  1,74549e-09
3245	  6,4880000000e+03	  1,77987e-09
3246	  6,4900000000e+03	  1,72362e-09
3247	  6,4920000000e+03	  1,73816e-09
3248	  6,4940000000e+03	  1,94735e-09
3249	  6,4960000000e+03	  2,09920e-09
3250	  6,4980000000e+03	  1,77269e-09
3251	  6,5000000000e+03	  1,84721e-09
3252	  6,5020000000e+03	  2,06640e-09
3253	  6,5040000000e+03	  2,13408e-09
3254	  6,5060000000e+03	  2,26381e-09
3255	  6,5080000000e+03	  1,92724e-09
3256	  6,5100000000e+03	  1,86028e-09
3257	  6,5120000000e+03	  2,07719e-09
3258	  6,5140000000e+03	  2,20984e-09
3259	  6,5160000000e+03	  2,11451e-09
3260	  6,5180000000e+03	  1,99093e-09
3261	  6,5200000000e+03	  2,25210e-09
3262	  6,5220000000e+03	  2,49573e-09
3263	  6,5240000000e+03	  2,35321e-09
3264	  6,5260000000e+03	  2,23934e-09
3265	  6,5280000000e+03	  2,08934e-09
3266	  6,5300000000e+03	  2,24718e-09
3267	  6,5320000000e+03	  2,51540e-09
3268	  6,5340000000e+03	  2,35016e-09
3269	  6,5360000000e+03	  2,39400e-09
3270	  6,5380000000e+03	  2,72133e-09
3271	  6,5400000000e+03	  2,93071e-09
3272	  6,5420000000e+03	  3,02592e-09
3273	  6,5440000000e+03	  3,10906e-09
3274	  6,5460000000e+03	  2,97267e-09
3275	  6,5480000000e+03	  2,65547e-09
3276	  6,5500000000e+03	  2,68656e-09
3277	  6,5520000000e+03	  2,75097e-09
3278	  6,5540000000e+03	  2,73478e-09
3279	  6,5560000000e+03	  2,75169e-09
3280	  6,5580000000e+03	  2,62123e-09
3281	  6,5600000000e+03	  2,45723e-09
3282	  6,5620000000e+03	  2,85831e-09
3283	  6,5640000000e+03	  3,15862e-09
3284	  6,5660000000e+03	  3,01487e-09
3285	  6,5680000000e+03	  2,74954e-09
3286	  6,5700000000e+03	  3,03690e-09
3287	  6,5720000000e+03	  2,99641e-09
3288	  6,5740000000e+03	  2,73031e-09
3289	  6,5760000000e+03	  2,94952e-09
3290	  6,5780000000e+03	  2,83881e-09
3291	  6,5800000000e+03	  2,70235e-09
3292	  6,5820000000e+03	  2,90259e-09
3293	  6,5840000000e+03	  2,78393e-09
3294	  6,5860000000e+03	  2,78814e-09
3295	  6,5880000000e+03	  3,13439e-09
3296	  6,5900000000e+03	  3,09092e-09
3297	  6,5920000000e+03	  2,51250e-09
3298	  6,5940000000e+03	  2,54081e-09
3299	  6,5960000000e+03	  2,76189e-09
3300	  6,5980000000e+03	  2,90222e-09
3301	  6,6000000000e+03	  2,68956e-09
3302	  6,6020000000e+03	  2,78254e-09
3303	  6,6040000000e+03	  2,93497e-09
3304	  6,6060000000e+03	  2,78809e-09
3305	  6,6080000000e+03	  2,67403e-09
3306	  6,6100000000e+03	  2,74778e-09
3307	  6,6120000000e+03	  3,07210e-09
3308	  6,6140000000e+03	  2,71261e-09
3309	  6,6160000000e+03	  2,41933e-09
3310	  6,6180000000e+03	  2,60654e-09
3311	  6,6200000000e+03	  2,79371e-09
3312	  6,6220000000e+03	  2,79726e-09
3313	  6,6240000000e+03	  2,75578e-09
3314	  6,6260000000e+03	  2,48174e-09
3315	  6,6280000000e+03	  2,33932e-09
3316	  6,6300000000e+03	  2,73194e-09
3317	  6,6320000000e+03	  2,90941e-09
3318	  6,6340000000e+03	  2,80211e-09
3319	  6,6360000000e+03	  2,36543e-09
3320	  6,6380000000e+03	  2,62755e-09
3321	  6,6400000000e+03	  2,45530e-09
3322	  6,6420000000e+03	  2,30654e-09
3323	  6,6440000000e+03	  2,55436e-09
3324	  6,6460000000e+03	  2,90421e-09
3325	  6,6480000000e+03	  2,57710e-09
3326	  6,6500000000e+03	  2,67011e-09
3327	  6,6520000000e+03	  2,86816e-09
3328	  6,6540000000e+03	  2,83320e-09
3329	  6,6560000000e+03	  2,42579e-09
3330	  6,6580000000e+03	  2,32980e-09
3331	  6,6600000000e+03	  2,81630e-09
3332	  6,6620000000e+03	  2,75272e-09
3333	  6,6640000000e+03	  2,93150e-09
3334	  6,6660000000e+03	  3,06622e-09
3335	  6,6680000000e+03	  2,72431e-09
3336	  6,6700000000e+03	  2,47215e-09
3337	  6,6720000000e+03	  2,50209e-09
3338	  6,6740000000e+03	  2,54354e-09
3339	  6,6760000000e+03	  2,83433e-09
3340	  6,6780000000e+03	  3,07804e-09
3341	  6,6800000000e+03	  3,08126e-09
3342	  6,6820000000e+03	  3,01891e-09
3343	  6,6840000000e+03	  3,30064e-09
3344	  6,6860000000e+03	  3,24860e-09
3345	  6,6880000000e+03	  2,78824e-09
3346	  6,6900000000e+03	  3,10848e-09
3347	  6,6920000000e+03	  2,79535e-09
3348	  6,6940000000e+03	  2,89842e-09
3349	  6,6960000000e+03	  3,32843e-09
3350	  6,6980000000e+03	  3,31735e-09
3351	  6,7000000000e+03	  3,22661e-09
3352	  6,7020000000e+03	  3,34677e-09
3353	  6,7040000000e+03	  3,54964e-09
3354	  6,7060000000e+03	  4,10843e-09
3355	  6,7080000000e+03	  4,10470e-09
3356	  6,7100000000e+03	  3,77257e-09
3357	  6,7120000000e+03	  4,14065e-09
3358	  6,7140000000e+03	  4,08781e-09
3359	  6,7160000000e+03	  3,70203e-09
3360	  6,7180000000e+03	  4,13995e-09
3361	  6,7200000000e+03	  4,35718e-09
3362	  6,7220000000e+03	  4,73934e-09
3363	  6,7240000000e+03	  4,58013e-09
3364	  6,7260000000e+03	  4,23878e-09
3365	  6,7280000000e+03	  4,45259e-09
3366	  6,7300000000e+03	  5,16033e-09
3367	  6,7320000000e+03	  5,80672e-09
3368	  6,7340000000e+03	  5,77669e-09
3369	  6,7360000000e+03	  5,06830e-09
3370	  6,7380000000e+03	  4,96749e-09
3371	  6,7400000000e+03	  5,69898e-09
3372	  6,7420000000e+03	  5,60794e-09
3373	  6,7440000000e+03	  5,18541e-09
3374	  6,7460000000e+03	  4,71738e-09
3375	  6,7480000000e+03	  4,66058e-09
3376	  6,7500000000e+03	  5,50831e-09
3377	  6,7520000000e+03	  5,66904e-09
3378	  6,7540000000e+03	  5,91293e-09
3379	  6,7560000000e+03	  6,26921e-09
3380	  6,7580000000e+03	  6,46374e-09
3381	  6,7600000000e+03	  7,22062e-09
3382	  6,7620000000e+03	  7,57577e-09
3383	  6,7640000000e+03	  6,61891e-09
3384	  6,7660000000e+03	  6,40966e-09
3385	  6,7680000000e+03	  7,98791e-09
3386	  6,7700000000e+03	  7,14389e-09
3387	  6,7720000000e+03	  6,74158e-09
3388	  6,7740000000e+03	  6,92011e-09
3389	  6,7760000000e+03	  7,75982e-09
3390	  6,7780000000e+03	  8,82994e-09
3391	  6,7800000000e+03	  9,23050e-09
3392	  6,7820000000e+03	  9,01284e-09
3393	  6,7840000000e+03	  7,51640e-09
3394	  6,7860000000e+03	  7,17098e-09
3395	  6,7880000000e+03	  7,04117e-09
3396	  6,7900000000e+03	  7,63453e-09
3397	  6,7920000000e+03	  7,00637e-09
3398	  6,7940000000e+03	  7,62893e-09
3399	  6,7960000000e+03	  8,70113e-09
3400	  6,7980000000e+03	  9,49600e-09
3401	  6,8000000000e+03	  9,80482e-09
3402	  6,8020000000e+03	  9,64242e-09
3403	  6,8040000000e+03	  8,32821e-09
3404	  6,8060000000e+03	  8,94733e-09
3405	  6,8080000000e+03	  9,80917e-09
3406	  6,8100000000e+03	  8,61429e-09
3407	  6,8120000000e+03	  8,12538e-09
3408	  6,8140000000e+03	  9,06118e-09
3409	  6,8160000000e+03	  9,66490e-09
3410	  6,8180000000e+03	  8,74631e-09
3411	  6,8200000000e+03	  9,01578e-09
3412	  6,8220000000e+03	  9,70014e-09
3413	  6,8240000000e+03	  9,11685e-09
3414	  6,8260000000e+03	  1,02139e-08
3415	  6,8280000000e+03	  9,59175e-09
3416	  6,8300000000e+03	  9,48555e-09
3417	  6,8320000000e+03	  9,68315e-09
3418	  6,8340000000e+03	  1,09705e-08
3419	  6,8360000000e+03	  1,05541e-08
3420	  6,8380000000e+03	  9,91754e-09
3421	  6,8400000000e+03	  9,16812e-09
3422	  6,8420000000e+03	  9,67655e-09
3423	  6,8440000000e+03	  1,01288e-08
3424	  6,8460000000e+03	  1,03103e-08
3425	  6,8480000000e+03	  1,03655e-08
3426	  6,8500000000e+03	  1,03310e-08
3427	  6,8520000000e+03	  9,87388e-09
3428	  6,8540000000e+03	  1,15624e-08
3429	  6,8560000000e+03	  1,11740e-08
3430	  6,8580000000e+03	  1,08310e-08
3431	  6,8600000000e+03	  9,50490e-09
3432	  6,8620000000e+03	  9,92206e-09
3433	  6,8640000000e+03	  1,04383e-08
3434	  6,8660000000e+03	  9,75753e-09
3435	  6,8680000000e+03	  9,11548e-09
3436	  6,8700000000e+03	  8,58339e-09
3437	  6,8720000000e+03	  9,97993e-09
3438	  6,8740000000e+03	  1,09072e-08
3439	  6,8760000000e+03	  1,08752e-08
3440	  6,8780000000e+03	  1,04177e-08
3441	  6,8800000000e+03	  8,74387e-09
3442	  6,8820000000e+03	  8,17401e-09
3443	  6,8840000000e+03	  8,90545e-09
3444	  6,8860000000e+03	  8,92346e-09
3445	  6,8880000000e+03	  9,02084e-09
3446	  6,8900000000e+03	  8,23560e-09
3447	  6,8920000000e+03	  7,49174e-09
3448	  6,8940000000e+03	  8,29395e-09
3449	  6,8960000000e+03	  8,13955e-09
3450	  6,8980000000e+03	  8,08348e-09
3451	  6,9000000000e+03	  8,07021e-09
3452	  6,9020000000e+03	  7,23126e-09
3453	  6,9040000000e+03	  7,75646e-09
3454	  6,9060000000e+03	  8,21301e-09
3455	  6,9080000000e+03	  8,07802e-09
3456	  6,9100000000e+03	  7,53805e-09
3457	  6,9120000000e+03	  7,38906e-09
3458	  6,9140000000e+03	  7,17362e-09
3459	  6,9160000000e+03	  6,78303e-09
3460	  6,9180000000e+03	  8,17956e-09
3461	  6,9200000000e+03	  8,57047e-09
3462	  6,9220000000e+03	  7,95364e-09
3463	  6,9240000000e+03	  8,66667e-09
3464	  6,9260000000e+03	  8,03596e-09
3465	  6,9280000000e+03	  7,42221e-09
3466	  6,9300000000e+03	  7,53523e-09
3467	  6,9320000000e+03	  7,10933e-09
3468	  6,9340000000e+03	  6,72139e-09
3469	  6,9360000000e+03	  6,89217e-09
3470	  6,9380000000e+03	  7,25074e-09
3471	  6,9400000000e+03	  6,64460e-09
3472	  6,9420000000e+03	  5,79669e-09
3473	  6,9440000000e+03	  6,15477e-09
3474	  6,9460000000e+03	  6,55826e-09
3475	  6,9480000000e+03	  6,49106e-09
3476	  6,9500000000e+03	  6,42792e-09
3477	  6,9520000000e+03	  6,03147e-09
3478	  6,9540000000e+03	  5,12667e-09
3479	  6,9560000000e+03	  5,14391e-09
3480	  6,9580000000e+03	  5,31799e-09
3481	  6,9600000000e+03	  5,59699e-09
3482	  6,9620000000e+03	  5,84559e-09
3483	  6,9640000000e+03	  5,83027e-09
3484	  6,9660000000e+03	  5,40591e-09
3485	  6,9680000000e+03	  5,03114e-09
3486	  6,9700000000e+03	  4,87510e-09
3487	  6,9720000000e+03	  4,88570e-09
3488	  6,9740000000e+03	  5,23625e-09
3489	  6,9760000000e+03	  4,75156e-09
3490	  6,9780000000e+03	  5,03574e-09
3491	  6,9800000000e+03	  5,00431e-09
3492	  6,9820000000e+03	  4,10372e-09
3493	  6,9840000000e+03	  4,17265e-09
3494	  6,9860000000e+03	  4,43750e-09
3495	  6,9880000000e+03	  4,22714e-09
3496	  6,9900000000e+03	  4,06742e-09
3497	  6,9920000000e+03	  4,01038e-09
3498	  6,9940000000e+03	  4,11636e-09
3499	  6,9960000000e+03	  3,87388e-09
3500	  6,9980000000e+03	  4,26898e-09
3501	  7,0000000000e+03	  3,68109e-09
3502	  7,0020000000e+03	  3,78532e-09
3503	  7,0040000000e+03	  4,51499e-09
3504	  7,0060000000e+03	  3,85879e-09
3505	  7,0080000000e+03	  3,64364e-09
3506	  7,0100000000e+03	  3,48962e-09
3507	  7,0120000000e+03	  3,18323e-09
3508	  7,0140000000e+03	  3,57679e-09
3509	  7,0160000000e+03	  3,37608e-09
3510	  7,0180000000e+03	  3,22889e-09
3511	  7,0200000000e+03	  3,59605e-09
3512	  7,0220000000e+03	  2,72798e-09
3513	  7,0240000000e+03	  2,56338e-09
3514	  7,0260000000e+03	  2,91587e-09
3515	  7,0280000000e+03	  2,75368e-09
3516	  7,0300000000e+03	  2,91573e-09
3517	  7,0320000000e+03	  2,80045e-09
3518	  7,0340000000e+03	  2,83858e-09
3519	  7,0360000000e+03	  2,71004e-09
3520	  7,0380000000e+03	  2,72886e-09
3521	  7,0400000000e+03	  2,43657e-09
3522	  7,0420000000e+03	  2,69232e-09
3523	  7,0440000000e+03	  2,81551e-09
3524	  7,0460000000e+03	  2,80722e-09
3525	  7,0480000000e+03	  2,58178e-09
3526	  7,0500000000e+03	  2,44630e-09
3527	  7,0520000000e+03	  2,62819e-09
3528	  7,0540000000e+03	  2,34134e-09
3529	  7,0560000000e+03	  2,14964e-09
3530	  7,0580000000e+03	  2,28791e-09
3531	  7,0600000000e+03	  2,23567e-09
3532	  7,0620000000e+03	  2,07210e-09
3533	  7,0640000000e+03	  2,15170e-09
3534	  7,0660000000e+03	  2,23385e-09
3535	  7,0680000000e+03	  2,27716e-09
3536	  7,0700000000e+03	  2,15520e-09
3537	  7,0720000000e+03	  2,10600e-09
3538	  7,0740000000e+03	  2,15075e-09
3539	  7,0760000000e+03	  2,38596e-09
3540	  7,0780000000e+03	  2,32210e-09
3541	  7,0800000000e+03	  2,20940e-09
3542	  7,0820000000e+03	  1,95075e-09
3543	  7,0840000000e+03	  1,91992e-09
3544	  7,0860000000e+03	  1,83949e-09
3545	  7,0880000000e+03	  2,07472e-09
3546	  7,0900000000e+03	  2,11883e-09
3547	  7,0920000000e+03	  2,41426e-09
3548	  7,0940000000e+03	  2,01506e-09
3549	  7,0960000000e+03	  1,96143e-09
3550	  7,0980000000e+03	  2,01027e-09
3551	  7,1000000000e+03	  2,15002e-09
3552	  7,1020000000e+03	  1,98408e-09
3553	  7,1040000000e+03	  1,93600e-09
3554	  7,1060000000e+03	  2,25439e-09
3555	  7,1080000000e+03	  2,29967e-09
3556	  7,1100000000e+03	  2,24296e-09
3557	  7,1120000000e+03	  2,32223e-09
3558	  7,1140000000e+03	  2,20511e-09
3559	  7,1160000000e+03	  1,99480e-09
3560	  7,1180000000e+03	  2,20376e-09
3561	  7,1200000000e+03	  2,20297e-09
3562	  7,1220000000e+03	  2,22045e-09
3563	  7,1240000000e+03	  2,38562e-09
3564	  7,1260000000e+03	  2,24455e-09
3565	  7,1280000000e+03	  2,19732e-09
3566	  7,1300000000e+03	  2,15422e-09
3567	  7,1320000000e+03	  2,17058e-09
3568	  7,1340000000e+03	  2,34499e-09
3569	  7,1360000000e+03	  2,30889e-09
3570	  7,1380000000e+03	  2,47277e-09
3571	  7,1400000000e+03	  2,33011e-09
3572	  7,1420000000e+03	  1,96777e-09
3573	  7,1440000000e+03	  2,35342e-09
3574	  7,1460000000e+03	  2,53872e-09
3575	  7,1480000000e+03	  2,04401e-09
3576	  7,1500000000e+03	  1,94357e-09
3577	  7,1520000000e+03	  1,89401e-09
3578	  7,1540000000e+03	  1,88587e-09
3579	  7,1560000000e+03	  2,01265e-09
3580	  7,1580000000e+03	  1,92230e-09
3581	  7,1600000000e+03	  2,03970e-09
3582	  7,1620000000e+03	  2,33890e-09
3583	  7,1640000000e+03	  2,03836e-09
3584	  7,1660000000e+03	  2,09976e-09
3585	  7,1680000000e+03	  2,16623e-09
3586	  7,1700000000e+03	  2,28705e-09
3587	  7,1720000000e+03	  2,06505e-09
3588	  7,1740000000e+03	  1,97800e-09
3589	  7,1760000000e+03	  1,80194e-09
3590	  7,1780000000e+03	  1,56248e-09
3591	  7,1800000000e+03	  1,79108e-09
3592	  7,1820000000e+03	  1,93441e-09
3593	  7,1840000000e+03	  1,86481e-09
3594	  7,1860000000e+03	  1,83926e-09
3595	  7,1880000000e+03	  1,92296e-09
3596	  7,1900000000e+03	  2,04848e-09
3597	  7,1920000000e+03	  2,39916e-09
3598	  7,1940000000e+03	  2,20643e-09
3599	  7,1960000000e+03	  2,14044e-09
3600	  7,1980000000e+03	  2,13189e-09
3601	  7,2000000000e+03	  1,97795e-09
3602	  7,2020000000e+03	  2,00503e-09
3603	  7,2040000000e+03	  2,07644e-09
3604	  7,2060000000e+03	  1,82467e-09
3605	  7,2080000000e+03	  1,90987e-09
3606	  7,2100000000e+03	  2,09161e-09
3607	  7,2120000000e+03	  1,87339e-09
3608	  7,2140000000e+03	  1,80935e-09
3609	  7,2160000000e+03	  2,09219e-09
3610	  7,2180000000e+03	  2,03455e-09
3611	  7,2200000000e+03	  1,89923e-09
3612	  7,2220000000e+03	  1,91863e-09
3613	  7,2240000000e+03	  1,89127e-09
3614	  7,2260000000e+03	  2,03451e-09
3615	  7,2280000000e+03	  2,35042e-09
3616	  7,2300000000e+03	  2,57539e-09
3617	  7,2320000000e+03	  2,22808e-09
3618	  7,2340000000e+03	  1,70305e-09
3619	  7,2360000000e+03	  1,68441e-09
3620	  7,2380000000e+03	  1,95701e-09
3621	  7,2400000000e+03	  2,03942e-09
3622	  7,2420000000e+03	  2,20730e-09
3623	  7,2440000000e+03	  2,49934e-09
3624	  7,2460000000e+03	  2,30208e-09
3625	  7,2480000000e+03	  1,94090e-09
3626	  7,2500000000e+03	  1,63748e-09
3627	  7,2520000000e+03	  1,72543e-09
3628	  7,2540000000e+03	  2,20687e-09
3629	  7,2560000000e+03	  2,61166e-09
3630	  7,2580000000e+03	  2,03761e-09
3631	  7,2600000000e+03	  1,91341e-09
3632	  7,2620000000e+03	  1,89482e-09
3633	  7,2640000000e+03	  1,87451e-09
3634	  7,2660000000e+03	  1,80226e-09
3635	  7,2680000000e+03	  1,85889e-09
3636	  7,2700000000e+03	  1,99390e-09
3637	  7,2720000000e+03	  1,81694e-09
3638	  7,2740000000e+03	  1,59562e-09
3639	  7,2760000000e+03	  1,65363e-09
3640	  7,2780000000e+03	  1,78085e-09
3641	  7,2800000000e+03	  1,72092e-09
3642	  7,2820000000e+03	  1,84766e-09
3643	  7,2840000000e+03	  1,99651e-09
3644	  7,2860000000e+03	  1,68391e-09
3645	  7,2880000000e+03	  1,67335e-09
3646	  7,2900000000e+03	  1,91899e-09
3647	  7,2920000000e+03	  2,02337e-09
3648	  7,2940000000e+03	  1,94093e-09
3649	  7,2960000000e+03	  2,07437e-09
3650	  7,2980000000e+03	  1,92042e-09
3651	  7,3000000000e+03	  1,67170e-09
3652	  7,3020000000e+03	  1,55594e-09
3653	  7,3040000000e+03	  1,41028e-09
3654	  7,3060000000e+03	  1,46997e-09
3655	  7,3080000000e+03	  1,56276e-09
3656	  7,3100000000e+03	  1,68914e-09
3657	  7,3120000000e+03	  1,45198e-09
3658	  7,3140000000e+03	  1,57903e-09
3659	  7,3160000000e+03	  1,75211e-09
3660	  7,3180000000e+03	  1,80973e-09
3661	  7,3200000000e+03	  1,72107e-09
3662	  7,3220000000e+03	  1,91260e-09
3663	  7,3240000000e+03	  1,85526e-09
3664	  7,3260000000e+03	  1,68676e-09
3665	  7,3280000000e+03	  1,55836e-09
3666	  7,3300000000e+03	  1,72365e-09
3667	  7,3320000000e+03	  1,71597e-09
3668	  7,3340000000e+03	  1,55846e-09
3669	  7,3360000000e+03	  1,67641e-09
3670	  7,3380000000e+03	  1,48833e-09
3671	  7,3400000000e+03	  1,47172e-09
3672	  7,3420000000e+03	  1,64222e-09
3673	  7,3440000000e+03	  1,63796e-09
3674	  7,3460000000e+03	  1,66773e-09
3675	  7,3480000000e+03	  1,86408e-09
3676	  7,3500000000e+03	  1,83184e-09
3677	  7,3520000000e+03	  1,70879e-09
3678	  7,3540000000e+03	  1,66084e-09
3679	  7,3560000000e+03	  1,63791e-09
3680	  7,3580000000e+03	  1,49776e-09
3681	  7,3600000000e+03	  1,50499e-09
3682	  7,3620000000e+03	  1,55846e-09
3683	  7,3640000000e+03	  1,69217e-09
3684	  7,3660000000e+03	  1,82818e-09
3685	  7,3680000000e+03	  1,48795e-09
3686	  7,3700000000e+03	  1,60227e-09
3687	  7,3720000000e+03	  1,65473e-09
3688	  7,3740000000e+03	  1,46574e-09
3689	  7,3760000000e+03	  1,46044e-09
3690	  7,3780000000e+03	  1,47136e-09
3691	  7,3800000000e+03	  1,42888e-09
3692	  7,3820000000e+03	  1,42864e-09
3693	  7,3840000000e+03	  1,48535e-09
3694	  7,3860000000e+03	  1,55276e-09
3695	  7,3880000000e+03	  1,68699e-09
3696	  7,3900000000e+03	  1,69276e-09
3697	  7,3920000000e+03	  1,60016e-09
3698	  7,3940000000e+03	  1,37191e-09
3699	  7,3960000000e+03	  1,52137e-09
3700	  7,3980000000e+03	  1,66311e-09
3701	  7,4000000000e+03	  1,62707e-09
3702	  7,4020000000e+03	  1,70937e-09
3703	  7,4040000000e+03	  1,51771e-09
3704	  7,4060000000e+03	  1,48531e-09
3705	  7,4080000000e+03	  1,68642e-09
3706	  7,4100000000e+03	  1,84811e-09
3707	  7,4120000000e+03	  1,85003e-09
3708	  7,4140000000e+03	  1,53154e-09
3709	  7,4160000000e+03	  1,35061e-09
3710	  7,4180000000e+03	  1,61427e-09
3711	  7,4200000000e+03	  1,48460e-09
3712	  7,4220000000e+03	  1,48543e-09
3713	  7,4240000000e+03	  1,56585e-09
3714	  7,4260000000e+03	  1,59286e-09
3715	  7,4280000000e+03	  1,44973e-09
3716	  7,4300000000e+03	  1,46137e-09
3717	  7,4320000000e+03	  1,39839e-09
3718	  7,4340000000e+03	  1,49532e-09
3719	  7,4360000000e+03	  1,48447e-09
3720	  7,4380000000e+03	  1,67187e-09
3721	  7,4400000000e+03	  1,65139e-09
3722	  7,4420000000e+03	  1,38573e-09
3723	  7,4440000000e+03	  1,28661e-09
3724	  7,4460000000e+03	  1,38894e-09
3725	  7,4480000000e+03	  1,65081e-09
3726	  7,4500000000e+03	  1,65067e-09
3727	  7,4520000000e+03	  1,48748e-09
3728	  7,4540000000e+03	  1,56537e-09
3729	  7,4560000000e+03	  1,71992e-09
3730	  7,4580000000e+03	  1,57498e-09
3731	  7,4600000000e+03	  1,45931e-09
3732	  7,4620000000e+03	  1,46306e-09
3733	  7,4640000000e+03	  1,27459e-09
3734	  7,4660000000e+03	  1,37942e-09
3735	  7,4680000000e+03	  1,51591e-09
3736	  7,4700000000e+03	  1,57061e-09
3737	  7,4720000000e+03	  1,55873e-09
3738	  7,4740000000e+03	  1,51795e-09
3739	  7,4760000000e+03	  1,50138e-09
3740	  7,4780000000e+03	  1,59426e-09
3741	  7,4800000000e+03	  1,65379e-09
3742	  7,4820000000e+03	  1,73992e-09
3743	  7,4840000000e+03	  1,84074e-09
3744	  7,4860000000e+03	  1,62846e-09
3745	  7,4880000000e+03	  1,76473e-09
3746	  7,4900000000e+03	  1,64233e-09
3747	  7,4920000000e+03	  1,70586e-09
3748	  7,4940000000e+03	  1,80604e-09
3749	  7,4960000000e+03	  1,59914e-09
3750	  7,4980000000e+03	  1,41804e-09
3751	  7,5000000000e+03	  1,45010e-09
3752	  7,5020000000e+03	  1,77658e-09
3753	  7,5040000000e+03	  1,69382e-09
3754	  7,5060000000e+03	  1,73727e-09
3755	  7,5080000000e+03	  1,61956e-09
3756	  7,5100000000e+03	  1,40111e-09
3757	  7,5120000000e+03	  1,53104e-09
3758	  7,5140000000e+03	  1,70904e-09
3759	  7,5160000000e+03	  1,68051e-09
3760	  7,5180000000e+03	  1,57970e-09
3761	  7,5200000000e+03	  1,45597e-09
3762	  7,5220000000e+03	  1,46628e-09
3763	  7,5240000000e+03	  1,59980e-09
3764	  7,5260000000e+03	  1,52602e-09
3765	  7,5280000000e+03	  1,54114e-09
3766	  7,5300000000e+03	  1,58626e-09
3767	  7,5320000000e+03	  1,66644e-09
3768	  7,5340000000e+03	  1,63728e-09
3769	  7,5360000000e+03	  1,58895e-09
3770	  7,5380000000e+03	  1,53462e-09
3771	  7,5400000000e+03	  1,70597e-09
3772	  7,5420000000e+03	  1,64917e-09
3773	  7,5440000000e+03	  1,67581e-09
3774	  7,5460000000e+03	  1,67364e-09
3775	  7,5480000000e+03	  1,87868e-09
3776	  7,5500000000e+03	  1,92640e-09
3777	  7,5520000000e+03	  1,79143e-09
3778	  7,5540000000e+03	  1,91888e-09
3779	  7,5560000000e+03	  1,71619e-09
3780	  7,5580000000e+03	  1,58257e-09
3781	  7,5600000000e+03	  1,85997e-09
3782	  7,5620000000e+03	  1,87847e-09
3783	  7,5640000000e+03	  1,86432e-09
3784	  7,5660000000e+03	  1,82322e-09
3785	  7,5680000000e+03	  1,87053e-09
3786	  7,5700000000e+03	  1,91777e-09
3787	  7,5720000000e+03	  1,85146e-09
3788	  7,5740000000e+03	  1,71415e-09
3789	  7,5760000000e+03	  1,68909e-09
3790	  7,5780000000e+03	  1,64901e-09
3791	  7,5800000000e+03	  1,83517e-09
3792	  7,5820000000e+03	  1,80885e-09
3793	  7,5840000000e+03	  1,90449e-09
3794	  7,5860000000e+03	  1,72063e-09
3795	  7,5880000000e+03	  1,46498e-09
3796	  7,5900000000e+03	  1,76576e-09
3797	  7,5920000000e+03	  1,72738e-09
3798	  7,5940000000e+03	  1,72926e-09
3799	  7,5960000000e+03	  1,80410e-09
3800	  7,5980000000e+03	  1,58833e-09
3801	  7,6000000000e+03	  1,68118e-09
3802	  7,6020000000e+03	  1,97317e-09
3803	  7,6040000000e+03	  2,07594e-09
3804	  7,6060000000e+03	  2,05607e-09
3805	  7,6080000000e+03	  1,69051e-09
3806	  7,6100000000e+03	  1,69019e-09
3807	  7,6120000000e+03	  1,66747e-09
3808	  7,6140000000e+03	  1,63809e-09
3809	  7,6160000000e+03	  1,65578e-09
3810	  7,6180000000e+03	  1,67325e-09
3811	  7,6200000000e+03	  1,72548e-09
3812	  7,6220000000e+03	  1,86837e-09
3813	  7,6240000000e+03	  1,80790e-09
3814	  7,6260000000e+03	  1,64822e-09
3815	  7,6280000000e+03	  1,46880e-09
3816	  7,6300000000e+03	  1,89155e-09
3817	  7,6320000000e+03	  2,20084e-09
3818	  7,6340000000e+03	  2,23828e-09
3819	  7,6360000000e+03	  1,82625e-09
3820	  7,6380000000e+03	  1,42322e-09
3821	  7,6400000000e+03	  1,52088e-09
3822	  7,6420000000e+03	  1,64143e-09
3823	  7,6440000000e+03	  1,65443e-09
3824	  7,6460000000e+03	  1,69927e-09
3825	  7,6480000000e+03	  1,80912e-09
3826	  7,6500000000e+03	  1,77755e-09
3827	  7,6520000000e+03	  1,85719e-09
3828	  7,6540000000e+03	  1,74840e-09
3829	  7,6560000000e+03	  1,62169e-09
3830	  7,6580000000e+03	  1,63296e-09
3831	  7,6600000000e+03	  1,86823e-09
3832	  7,6620000000e+03	  1,83158e-09
3833	  7,6640000000e+03	  1,84647e-09
3834	  7,6660000000e+03	  1,55288e-09
3835	  7,6680000000e+03	  1,86467e-09
3836	  7,6700000000e+03	  2,05174e-09
3837	  7,6720000000e+03	  1,71976e-09
3838	  7,6740000000e+03	  1,81484e-09
3839	  7,6760000000e+03	  1,95053e-09
3840	  7,6780000000e+03	  1,86529e-09
3841	  7,6800000000e+03	  1,86709e-09
3842	  7,6820000000e+03	  1,74051e-09
3843	  7,6840000000e+03	  1,60271e-09
3844	  7,6860000000e+03	  1,71421e-09
3845	  7,6880000000e+03	  1,65044e-09
3846	  7,6900000000e+03	  1,68078e-09
3847	  7,6920000000e+03	  1,56026e-09
3848	  7,6940000000e+03	  1,58948e-09
3849	  7,6960000000e+03	  1,70666e-09
3850	  7,6980000000e+03	  1,79425e-09
3851	  7,7000000000e+03	  1,67944e-09
3852	  7,7020000000e+03	  1,41051e-09
3853	  7,7040000000e+03	  1,49211e-09
3854	  7,7060000000e+03	  1,64661e-09
3855	  7,7080000000e+03	  1,89086e-09
3856	  7,7100000000e+03	  1,85785e-09
3857	  7,7120000000e+03	  1,77080e-09
3858	  7,7140000000e+03	  1,65641e-09
3859	  7,7160000000e+03	  1,61960e-09
3860	  7,7180000000e+03	  1,80416e-09
3861	  7,7200000000e+03	  1,64480e-09
3862	  7,7220000000e+03	  1,67562e-09
3863	  7,7240000000e+03	  1,55246e-09
3864	  7,7260000000e+03	  1,62795e-09
3865	  7,7280000000e+03	  1,84842e-09
3866	  7,7300000000e+03	  1,86860e-09
3867	  7,7320000000e+03	  1,72093e-09
3868	  7,7340000000e+03	  1,48354e-09
3869	  7,7360000000e+03	  1,43798e-09
3870	  7,7380000000e+03	  1,52556e-09
3871	  7,7400000000e+03	  1,72267e-09
3872	  7,7420000000e+03	  2,02230e-09
3873	  7,7440000000e+03	  2,14354e-09
3874	  7,7460000000e+03	  1,86160e-09
3875	  7,7480000000e+03	  1,92978e-09
3876	  7,7500000000e+03	  1,72136e-09
3877	  7,7520000000e+03	  1,71253e-09
3878	  7,7540000000e+03	  1,60842e-09
3879	  7,7560000000e+03	  1,61434e-09
3880	  7,7580000000e+03	  1,87077e-09
3881	  7,7600000000e+03	  1,99816e-09
3882	  7,7620000000e+03	  1,99483e-09
3883	  7,7640000000e+03	  1,77217e-09
3884	  7,7660000000e+03	  1,74865e-09
3885	  7,7680000000e+03	  1,90923e-09
3886	  7,7700000000e+03	  1,87199e-09
3887	  7,7720000000e+03	  1,76736e-09
3888	  7,7740000000e+03	  1,89990e-09
3889	  7,7760000000e+03	  1,83828e-09
3890	  7,7780000000e+03	  1,91749e-09
3891	  7,7800000000e+03	  2,11759e-09
3892	  7,7820000000e+03	  1,84385e-09
3893	  7,7840000000e+03	  1,68897e-09
3894	  7,7860000000e+03	  1,81130e-09
3895	  7,7880000000e+03	  1,70717e-09
3896	  7,7900000000e+03	  1,71529e-09
3897	  7,7920000000e+03	  1,77480e-09
3898	  7,7940000000e+03	  1,73511e-09
3899	  7,7960000000e+03	  1,98083e-09
3900	  7,7980000000e+03	  1,80480e-09
3901	  7,8000000000e+03	  1,70003e-09
3902	  7,8020000000e+03	  1,95961e-09
3903	  7,8040000000e+03	  1,95876e-09
3904	  7,8060000000e+03	  1,83210e-09
3905	  7,8080000000e+03	  1,79278e-09
3906	  7,8100000000e+03	  1,68609e-09
3907	  7,8120000000e+03	  1,81254e-09
3908	  7,8140000000e+03	  2,25922e-09
3909	  7,8160000000e+03	  1,93728e-09
3910	  7,8180000000e+03	  1,51123e-09
3911	  7,8200000000e+03	  1,44365e-09
3912	  7,8220000000e+03	  1,45149e-09
3913	  7,8240000000e+03	  1,67711e-09
3914	  7,8260000000e+03	  1,63022e-09
3915	  7,8280000000e+03	  1,54606e-09
3916	  7,8300000000e+03	  1,31144e-09
3917	  7,8320000000e+03	  1,39656e-09
3918	  7,8340000000e+03	  1,80233e-09
3919	  7,8360000000e+03	  1,75215e-09
3920	  7,8380000000e+03	  1,54326e-09
3921	  7,8400000000e+03	  1,46758e-09
3922	  7,8420000000e+03	  1,70951e-09
3923	  7,8440000000e+03	  1,66585e-09
3924	  7,8460000000e+03	  1,85735e-09
3925	  7,8480000000e+03	  1,84477e-09
3926	  7,8500000000e+03	  1,64796e-09
3927	  7,8520000000e+03	  1,63121e-09
3928	  7,8540000000e+03	  1,56954e-09
3929	  7,8560000000e+03	  1,81623e-09
3930	  7,8580000000e+03	  1,91626e-09
3931	  7,8600000000e+03	  1,67932e-09
3932	  7,8620000000e+03	  1,48846e-09
3933	  7,8640000000e+03	  1,46606e-09
3934	  7,8660000000e+03	  1,58148e-09
3935	  7,8680000000e+03	  1,81521e-09
3936	  7,8700000000e+03	  1,60091e-09
3937	  7,8720000000e+03	  1,59812e-09
3938	  7,8740000000e+03	  1,59059e-09
3939	  7,8760000000e+03	  1,69392e-09
3940	  7,8780000000e+03	  1,72869e-09
3941	  7,8800000000e+03	  1,64013e-09
3942	  7,8820000000e+03	  1,59538e-09
3943	  7,8840000000e+03	  1,49906e-09
3944	  7,8860000000e+03	  1,54896e-09
3945	  7,8880000000e+03	  1,58964e-09
3946	  7,8900000000e+03	  1,49402e-09
3947	  7,8920000000e+03	  1,58310e-09
3948	  7,8940000000e+03	  1,75561e-09
3949	  7,8960000000e+03	  1,55121e-09
3950	  7,8980000000e+03	  1,49643e-09
3951	  7,9000000000e+03	  1,60116e-09
3952	  7,9020000000e+03	  1,56438e-09
3953	  7,9040000000e+03	  1,57857e-09
3954	  7,9060000000e+03	  1,72310e-09
3955	  7,9080000000e+03	  1,72744e-09
3956	  7,9100000000e+03	  1,56228e-09
3957	  7,9120000000e+03	  1,67765e-09
3958	  7,9140000000e+03	  1,74863e-09
3959	  7,9160000000e+03	  1,63604e-09
3960	  7,9180000000e+03	  1,65858e-09
3961	  7,9200000000e+03	  1,61412e-09
3962	  7,9220000000e+03	  1,52737e-09
3963	  7,9240000000e+03	  1,55272e-09
3964	  7,9260000000e+03	  1,55232e-09
3965	  7,9280000000e+03	  1,59455e-09
3966	  7,9300000000e+03	  1,55882e-09
3967	  7,9320000000e+03	  1,54881e-09
3968	  7,9340000000e+03	  1,43745e-09
3969	  7,9360000000e+03	  1,64274e-09
3970	  7,9380000000e+03	  1,64358e-09
3971	  7,9400000000e+03	  1,53639e-09
3972	  7,9420000000e+03	  1,61099e-09
3973	  7,9440000000e+03	  1,78779e-09
3974	  7,9460000000e+03	  1,80813e-09
3975	  7,9480000000e+03	  1,87583e-09
3976	  7,9500000000e+03	  2,00806e-09
3977	  7,9520000000e+03	  1,98794e-09
3978	  7,9540000000e+03	  1,86898e-09
3979	  7,9560000000e+03	  1,61794e-09
3980	  7,9580000000e+03	  1,65930e-09
3981	  7,9600000000e+03	  1,63456e-09
3982	  7,9620000000e+03	  1,67917e-09
3983	  7,9640000000e+03	  1,63502e-09
3984	  7,9660000000e+03	  1,66889e-09
3985	  7,9680000000e+03	  1,67126e-09
3986	  7,9700000000e+03	  1,74331e-09
3987	  7,9720000000e+03	  1,86330e-09
3988	  7,9740000000e+03	  1,68345e-09
3989	  7,9760000000e+03	  1,81491e-09
3990	  7,9780000000e+03	  1,99596e-09
3991	  7,9800000000e+03	  2,02909e-09
3992	  7,9820000000e+03	  1,54748e-09
3993	  7,9840000000e+03	  1,64459e-09
3994	  7,9860000000e+03	  1,81716e-09
3995	  7,9880000000e+03	  1,74860e-09
3996	  7,9900000000e+03	  1,64214e-09
3997	  7,9920000000e+03	  1,80906e-09
3998	  7,9940000000e+03	  1,87147e-09
3999	  7,9960000000e+03	  1,74269e-09
4000	  7,9980000000e+03	  1,78282e-09
4001	  8,0000000000e+03	  1,65424e-09
4002	  8,0020000000e+03	  1,79664e-09
4003	  8,0040000000e+03	  1,92470e-09
4004	  8,0060000000e+03	  1,85159e-09
4005	  8,0080000000e+03	  1,91843e-09
4006	  8,0100000000e+03	  1,82789e-09
4007	  8,0120000000e+03	  1,76579e-09
4008	  8,0140000000e+03	  1,91012e-09
4009	  8,0160000000e+03	  1,79659e-09
4010	  8,0180000000e+03	  1,75858e-09
4011	  8,0200000000e+03	  1,85446e-09
4012	  8,0220000000e+03	  1,90964e-09
4013	  8,0240000000e+03	  2,06648e-09
4014	  8,0260000000e+03	  2,03173e-09
4015	  8,0280000000e+03	  1,76203e-09
4016	  8,0300000000e+03	  1,92724e-09
4017	  8,0320000000e+03	  2,18856e-09
4018	  8,0340000000e+03	  2,11020e-09
4019	  8,0360000000e+03	  1,99859e-09
4020	  8,0380000000e+03	  2,01517e-09
4021	  8,0400000000e+03	  2,05713e-09
4022	  8,0420000000e+03	  1,95741e-09
4023	  8,0440000000e+03	  1,99605e-09
4024	  8,0460000000e+03	  1,70017e-09
4025	  8,0480000000e+03	  1,79570e-09
4026	  8,0500000000e+03	  1,96615e-09
4027	  8,0520000000e+03	  2,20266e-09
4028	  8,0540000000e+03	  2,15329e-09
4029	  8,0560000000e+03	  2,27328e-09
4030	  8,0580000000e+03	  2,45126e-09
4031	  8,0600000000e+03	  2,43498e-09
4032	  8,0620000000e+03	  2,50731e-09
4033	  8,0640000000e+03	  2,52436e-09
4034	  8,0660000000e+03	  2,45505e-09
4035	  8,0680000000e+03	  2,40457e-09
4036	  8,0700000000e+03	  2,58529e-09
4037	  8,0720000000e+03	  2,89820e-09
4038	  8,0740000000e+03	  2,25190e-09
4039	  8,0760000000e+03	  1,96529e-09
4040	  8,0780000000e+03	  2,17859e-09
4041	  8,0800000000e+03	  2,37629e-09
4042	  8,0820000000e+03	  2,27060e-09
4043	  8,0840000000e+03	  2,34146e-09
4044	  8,0860000000e+03	  2,59646e-09
4045	  8,0880000000e+03	  2,61613e-09
4046	  8,0900000000e+03	  2,52275e-09
4047	  8,0920000000e+03	  2,98798e-09
4048	  8,0940000000e+03	  2,59268e-09
4049	  8,0960000000e+03	  2,38740e-09
4050	  8,0980000000e+03	  2,73745e-09
4051	  8,1000000000e+03	  2,66862e-09
4052	  8,1020000000e+03	  2,39495e-09
4053	  8,1040000000e+03	  2,25687e-09
4054	  8,1060000000e+03	  1,97409e-09
4055	  8,1080000000e+03	  2,00194e-09
4056	  8,1100000000e+03	  2,41093e-09
4057	  8,1120000000e+03	  2,32720e-09
4058	  8,1140000000e+03	  2,30511e-09
4059	  8,1160000000e+03	  2,27821e-09
4060	  8,1180000000e+03	  2,35659e-09
4061	  8,1200000000e+03	  2,72708e-09
4062	  8,1220000000e+03	  2,72112e-09
4063	  8,1240000000e+03	  2,51594e-09
4064	  8,1260000000e+03	  2,37788e-09
4065	  8,1280000000e+03	  2,75748e-09
4066	  8,1300000000e+03	  2,84666e-09
4067	  8,1320000000e+03	  2,55529e-09
4068	  8,1340000000e+03	  2,43112e-09
4069	  8,1360000000e+03	  2,83184e-09
4070	  8,1380000000e+03	  2,66852e-09
4071	  8,1400000000e+03	  2,59711e-09
4072	  8,1420000000e+03	  2,83226e-09
4073	  8,1440000000e+03	  3,04558e-09
4074	  8,1460000000e+03	  3,29756e-09
4075	  8,1480000000e+03	  2,89860e-09
4076	  8,1500000000e+03	  2,58761e-09
4077	  8,1520000000e+03	  2,68664e-09
4078	  8,1540000000e+03	  2,82871e-09
4079	  8,1560000000e+03	  2,79397e-09
4080	  8,1580000000e+03	  3,52876e-09
4081	  8,1600000000e+03	  3,38573e-09
4082	  8,1620000000e+03	  3,06706e-09
4083	  8,1640000000e+03	  2,95819e-09
4084	  8,1660000000e+03	  3,03253e-09
4085	  8,1680000000e+03	  2,74169e-09
4086	  8,1700000000e+03	  3,20104e-09
4087	  8,1720000000e+03	  3,27682e-09
4088	  8,1740000000e+03	  2,67305e-09
4089	  8,1760000000e+03	  2,78085e-09
4090	  8,1780000000e+03	  3,07531e-09
4091	  8,1800000000e+03	  2,81439e-09
4092	  8,1820000000e+03	  2,80423e-09
4093	  8,1840000000e+03	  2,94488e-09
4094	  8,1860000000e+03	  3,25461e-09
4095	  8,1880000000e+03	  3,08957e-09
4096	  8,1900000000e+03	  3,25442e-09
4097	  8,1920000000e+03	  3,17905e-09
4098	  8,1940000000e+03	  3,23875e-09
4099	  8,1960000000e+03	  3,01587e-09
4100	  8,1980000000e+03	  3,17827e-09
4101	  8,2000000000e+03	  3,57391e-09
4102	  8,2020000000e+03	  3,34028e-09
4103	  8,2040000000e+03	  3,41067e-09
4104	  8,2060000000e+03	  3,27972e-09
4105	  8,2080000000e+03	  3,17348e-09
4106	  8,2100000000e+03	  3,01607e-09
4107	  8,2120000000e+03	  3,43028e-09
4108	  8,2140000000e+03	  3,62645e-09
4109	  8,2160000000e+03	  3,88113e-09
4110	  8,2180000000e+03	  3,62427e-09
4111	  8,2200000000e+03	  3,56562e-09
4112	  8,2220000000e+03	  3,63852e-09
4113	  8,2240000000e+03	  3,65604e-09
4114	  8,2260000000e+03	  3,98431e-09
4115	  8,2280000000e+03	  4,02823e-09
4116	  8,2300000000e+03	  3,69866e-09
4117	  8,2320000000e+03	  3,69858e-09
4118	  8,2340000000e+03	  3,95537e-09
4119	  8,2360000000e+03	  3,85813e-09
4120	  8,2380000000e+03	  3,02296e-09
4121	  8,2400000000e+03	  3,58924e-09
4122	  8,2420000000e+03	  3,84267e-09
4123	  8,2440000000e+03	  3,69262e-09
4124	  8,2460000000e+03	  3,71302e-09
4125	  8,2480000000e+03	  4,23545e-09
4126	  8,2500000000e+03	  4,19874e-09
4127	  8,2520000000e+03	  4,59138e-09
4128	  8,2540000000e+03	  4,27568e-09
4129	  8,2560000000e+03	  4,23862e-09
4130	  8,2580000000e+03	  4,24628e-09
4131	  8,2600000000e+03	  4,47160e-09
4132	  8,2620000000e+03	  4,19916e-09
4133	  8,2640000000e+03	  4,22145e-09
4134	  8,2660000000e+03	  4,20594e-09
4135	  8,2680000000e+03	  4,10535e-09
4136	  8,2700000000e+03	  4,04500e-09
4137	  8,2720000000e+03	  3,84331e-09
4138	  8,2740000000e+03	  4,31735e-09
4139	  8,2760000000e+03	  4,64372e-09
4140	  8,2780000000e+03	  3,93357e-09
4141	  8,2800000000e+03	  4,18505e-09
4142	  8,2820000000e+03	  4,65617e-09
4143	  8,2840000000e+03	  4,59590e-09
4144	  8,2860000000e+03	  4,28231e-09
4145	  8,2880000000e+03	  4,22382e-09
4146	  8,2900000000e+03	  4,09150e-09
4147	  8,2920000000e+03	  3,80525e-09
4148	  8,2940000000e+03	  4,77756e-09
4149	  8,2960000000e+03	  4,76553e-09
4150	  8,2980000000e+03	  4,30267e-09
4151	  8,3000000000e+03	  4,10755e-09
4152	  8,3020000000e+03	  4,75331e-09
4153	  8,3040000000e+03	  4,67668e-09
4154	  8,3060000000e+03	  4,73498e-09
4155	  8,3080000000e+03	  4,47536e-09
4156	  8,3100000000e+03	  4,56633e-09
4157	  8,3120000000e+03	  4,60114e-09
4158	  8,3140000000e+03	  4,20354e-09
4159	  8,3160000000e+03	  4,53809e-09
4160	  8,3180000000e+03	  4,82089e-09
4161	  8,3200000000e+03	  4,97769e-09
4162	  8,3220000000e+03	  4,17888e-09
4163	  8,3240000000e+03	  4,51963e-09
4164	  8,3260000000e+03	  4,54410e-09
4165	  8,3280000000e+03	  4,49389e-09
4166	  8,3300000000e+03	  4,96818e-09
4167	  8,3320000000e+03	  6,67529e-09
4168	  8,3340000000e+03	  5,43540e-09
4169	  8,3360000000e+03	  5,16617e-09
4170	  8,3380000000e+03	  5,17907e-09
4171	  8,3400000000e+03	  5,35754e-09
4172	  8,3420000000e+03	  5,56180e-09
4173	  8,3440000000e+03	  5,04831e-09
4174	  8,3460000000e+03	  4,84874e-09
4175	  8,3480000000e+03	  5,13404e-09
4176	  8,3500000000e+03	  5,34659e-09
4177	  8,3520000000e+03	  5,04136e-09
4178	  8,3540000000e+03	  5,43189e-09
4179	  8,3560000000e+03	  5,60596e-09
4180	  8,3580000000e+03	  5,55179e-09
4181	  8,3600000000e+03	  5,43521e-09
4182	  8,3620000000e+03	  5,33951e-09
4183	  8,3640000000e+03	  5,45184e-09
4184	  8,3660000000e+03	  5,67815e-09
4185	  8,3680000000e+03	  6,37917e-09
4186	  8,3700000000e+03	  6,55166e-09
4187	  8,3720000000e+03	  6,44476e-09
4188	  8,3740000000e+03	  6,53013e-09
4189	  8,3760000000e+03	  5,98532e-09
4190	  8,3780000000e+03	  5,28112e-09
4191	  8,3800000000e+03	  5,07473e-09
4192	  8,3820000000e+03	  4,95112e-09
4193	  8,3840000000e+03	  5,70994e-09
4194	  8,3860000000e+03	  6,47914e-09
4195	  8,3880000000e+03	  6,10377e-09
4196	  8,3900000000e+03	  5,27094e-09
4197	  8,3920000000e+03	  4,67187e-09
4198	  8,3940000000e+03	  4,89992e-09
4199	  8,3960000000e+03	  5,16418e-09
4200	  8,3980000000e+03	  5,49418e-09
4201	  8,4000000000e+03	  5,45201e-09
4202	  8,4020000000e+03	  5,30576e-09
4203	  8,4040000000e+03	  5,91752e-09
4204	  8,4060000000e+03	  5,28060e-09
4205	  8,4080000000e+03	  4,73828e-09
4206	  8,4100000000e+03	  5,36585e-09
4207	  8,4120000000e+03	  6,37878e-09
4208	  8,4140000000e+03	  6,67699e-09
4209	  8,4160000000e+03	  6,34889e-09
4210	  8,4180000000e+03	  6,59460e-09
4211	  8,4200000000e+03	  6,00032e-09
4212	  8,4220000000e+03	  6,02582e-09
4213	  8,4240000000e+03	  6,90683e-09
4214	  8,4260000000e+03	  5,67403e-09
4215	  8,4280000000e+03	  6,68558e-09
4216	  8,4300000000e+03	  6,70769e-09
4217	  8,4320000000e+03	  6,98496e-09
4218	  8,4340000000e+03	  7,01946e-09
4219	  8,4360000000e+03	  6,36154e-09
4220	  8,4380000000e+03	  5,95459e-09
4221	  8,4400000000e+03	  6,07387e-09
4222	  8,4420000000e+03	  6,53531e-09
4223	  8,4440000000e+03	  6,29271e-09
4224	  8,4460000000e+03	  6,74107e-09
4225	  8,4480000000e+03	  6,78671e-09
4226	  8,4500000000e+03	  6,55902e-09
4227	  8,4520000000e+03	  7,11984e-09
4228	  8,4540000000e+03	  8,04563e-09
4229	  8,4560000000e+03	  8,06180e-09
4230	  8,4580000000e+03	  7,11794e-09
4231	  8,4600000000e+03	  7,07604e-09
4232	  8,4620000000e+03	  7,54305e-09
4233	  8,4640000000e+03	  7,68880e-09
4234	  8,4660000000e+03	  7,30198e-09
4235	  8,4680000000e+03	  6,41295e-09
4236	  8,4700000000e+03	  7,01847e-09
4237	  8,4720000000e+03	  7,48509e-09
4238	  8,4740000000e+03	  7,69758e-09
4239	  8,4760000000e+03	  7,12268e-09
4240	  8,4780000000e+03	  6,46880e-09
4241	  8,4800000000e+03	  5,87294e-09
4242	  8,4820000000e+03	  6,33067e-09
4243	  8,4840000000e+03	  7,20127e-09
4244	  8,4860000000e+03	  7,43254e-09
4245	  8,4880000000e+03	  7,40891e-09
4246	  8,4900000000e+03	  8,27857e-09
4247	  8,4920000000e+03	  8,24911e-09
4248	  8,4940000000e+03	  8,52600e-09
4249	  8,4960000000e+03	  9,12938e-09
4250	  8,4980000000e+03	  7,89563e-09
4251	  8,5000000000e+03	  8,42606e-09
4252	  8,5020000000e+03	  1,00578e-08
4253	  8,5040000000e+03	  9,89538e-09
4254	  8,5060000000e+03	  9,10548e-09
4255	  8,5080000000e+03	  8,30427e-09
4256	  8,5100000000e+03	  8,52529e-09
4257	  8,5120000000e+03	  9,14080e-09
4258	  8,5140000000e+03	  9,56159e-09
4259	  8,5160000000e+03	  9,07231e-09
4260	  8,5180000000e+03	  8,83688e-09
4261	  8,5200000000e+03	  9,00909e-09
4262	  8,5220000000e+03	  9,40308e-09
4263	  8,5240000000e+03	  1,00011e-08
4264	  8,5260000000e+03	  1,05349e-08
4265	  8,5280000000e+03	  9,32824e-09
4266	  8,5300000000e+03	  9,07606e-09
4267	  8,5320000000e+03	  1,03789e-08
4268	  8,5340000000e+03	  1,05622e-08
4269	  8,5360000000e+03	  1,05752e-08
4270	  8,5380000000e+03	  9,69284e-09
4271	  8,5400000000e+03	  1,00228e-08
4272	  8,5420000000e+03	  1,06814e-08
4273	  8,5440000000e+03	  1,08767e-08
4274	  8,5460000000e+03	  9,66730e-09
4275	  8,5480000000e+03	  9,66260e-09
4276	  8,5500000000e+03	  9,52735e-09
4277	  8,5520000000e+03	  9,39808e-09
4278	  8,5540000000e+03	  1,02316e-08
4279	  8,5560000000e+03	  1,01373e-08
4280	  8,5580000000e+03	  9,13898e-09
4281	  8,5600000000e+03	  1,04718e-08
4282	  8,5620000000e+03	  1,10913e-08
4283	  8,5640000000e+03	  1,14570e-08
4284	  8,5660000000e+03	  1,17108e-08
4285	  8,5680000000e+03	  1,10933e-08
4286	  8,5700000000e+03	  1,06751e-08
4287	  8,5720000000e+03	  1,16474e-08
4288	  8,5740000000e+03	  1,03193e-08
4289	  8,5760000000e+03	  1,13151e-08
4290	  8,5780000000e+03	  1,19369e-08
4291	  8,5800000000e+03	  1,09536e-08
4292	  8,5820000000e+03	  1,08338e-08
4293	  8,5840000000e+03	  1,07591e-08
4294	  8,5860000000e+03	  1,29767e-08
4295	  8,5880000000e+03	  1,13165e-08
4296	  8,5900000000e+03	  1,02084e-08
4297	  8,5920000000e+03	  1,15539e-08
4298	  8,5940000000e+03	  1,22541e-08
4299	  8,5960000000e+03	  1,25679e-08
4300	  8,5980000000e+03	  1,35806e-08
4301	  8,6000000000e+03	  1,43155e-08
4302	  8,6020000000e+03	  1,20820e-08
4303	  8,6040000000e+03	  1,24519e-08
4304	  8,6060000000e+03	  1,33357e-08
4305	  8,6080000000e+03	  1,36031e-08
4306	  8,6100000000e+03	  1,30252e-08
4307	  8,6120000000e+03	  1,19576e-08
4308	  8,6140000000e+03	  1,22317e-08
4309	  8,6160000000e+03	  1,15152e-08
4310	  8,6180000000e+03	  1,27673e-08
4311	  8,6200000000e+03	  1,30210e-08
4312	  8,6220000000e+03	  1,24452e-08
4313	  8,6240000000e+03	  1,22811e-08
4314	  8,6260000000e+03	  1,32104e-08
4315	  8,6280000000e+03	  1,26594e-08
4316	  8,6300000000e+03	  1,28430e-08
4317	  8,6320000000e+03	  1,28141e-08
4318	  8,6340000000e+03	  1,32424e-08
4319	  8,6360000000e+03	  1,31523e-08
4320	  8,6380000000e+03	  1,39856e-08
4321	  8,6400000000e+03	  1,47788e-08
4322	  8,6420000000e+03	  1,27880e-08
4323	  8,6440000000e+03	  1,23943e-08
4324	  8,6460000000e+03	  1,44170e-08
4325	  8,6480000000e+03	  1,52830e-08
4326	  8,6500000000e+03	  1,30729e-08
4327	  8,6520000000e+03	  1,17813e-08
4328	  8,6540000000e+03	  1,21134e-08
4329	  8,6560000000e+03	  1,21386e-08
4330	  8,6580000000e+03	  1,17871e-08
4331	  8,6600000000e+03	  1,21531e-08
4332	  8,6620000000e+03	  1,32934e-08
4333	  8,6640000000e+03	  1,34490e-08
4334	  8,6660000000e+03	  1,32359e-08
4335	  8,6680000000e+03	  1,35404e-08
4336	  8,6700000000e+03	  1,35662e-08
4337	  8,6720000000e+03	  1,44586e-08
4338	  8,6740000000e+03	  1,13096e-08
4339	  8,6760000000e+03	  1,12655e-08
4340	  8,6780000000e+03	  1,19786e-08
4341	  8,6800000000e+03	  1,10639e-08
4342	  8,6820000000e+03	  1,17434e-08
4343	  8,6840000000e+03	  1,22511e-08
4344	  8,6860000000e+03	  1,05595e-08
4345	  8,6880000000e+03	  1,21763e-08
4346	  8,6900000000e+03	  1,44812e-08
4347	  8,6920000000e+03	  1,31257e-08
4348	  8,6940000000e+03	  1,21740e-08
4349	  8,6960000000e+03	  1,37681e-08
4350	  8,6980000000e+03	  1,41884e-08
4351	  8,7000000000e+03	  1,17132e-08
4352	  8,7020000000e+03	  1,13819e-08
4353	  8,7040000000e+03	  1,41051e-08
4354	  8,7060000000e+03	  1,41351e-08
4355	  8,7080000000e+03	  1,12508e-08
4356	  8,7100000000e+03	  1,17138e-08
4357	  8,7120000000e+03	  1,17797e-08
4358	  8,7140000000e+03	  1,09798e-08
4359	  8,7160000000e+03	  1,13968e-08
4360	  8,7180000000e+03	  1,16448e-08
4361	  8,7200000000e+03	  1,14063e-08
4362	  8,7220000000e+03	  1,23556e-08
4363	  8,7240000000e+03	  1,29706e-08
4364	  8,7260000000e+03	  1,29474e-08
4365	  8,7280000000e+03	  1,11201e-08
4366	  8,7300000000e+03	  1,20291e-08
4367	  8,7320000000e+03	  1,23484e-08
4368	  8,7340000000e+03	  1,22454e-08
4369	  8,7360000000e+03	  1,28337e-08
4370	  8,7380000000e+03	  1,34728e-08
4371	  8,7400000000e+03	  1,44350e-08
4372	  8,7420000000e+03	  1,43982e-08
4373	  8,7440000000e+03	  1,40555e-08
4374	  8,7460000000e+03	  1,15245e-08
4375	  8,7480000000e+03	  1,16583e-08
4376	  8,7500000000e+03	  1,28687e-08
4377	  8,7520000000e+03	  1,22770e-08
4378	  8,7540000000e+03	  1,21264e-08
4379	  8,7560000000e+03	  1,32072e-08
4380	  8,7580000000e+03	  1,15467e-08
4381	  8,7600000000e+03	  1,08629e-08
4382	  8,7620000000e+03	  9,98369e-09
4383	  8,7640000000e+03	  1,07831e-08
4384	  8,7660000000e+03	  1,25146e-08
4385	  8,7680000000e+03	  1,48106e-08
4386	  8,7700000000e+03	  1,35462e-08
4387	  8,7720000000e+03	  1,11118e-08
4388	  8,7740000000e+03	  1,00423e-08
4389	  8,7760000000e+03	  9,88664e-09
4390	  8,7780000000e+03	  1,20224e-08
4391	  8,7800000000e+03	  1,28721e-08
4392	  8,7820000000e+03	  1,20546e-08
4393	  8,7840000000e+03	  1,20355e-08
4394	  8,7860000000e+03	  1,14692e-08
4395	  8,7880000000e+03	  1,31082e-08
4396	  8,7900000000e+03	  1,42470e-08
4397	  8,7920000000e+03	  1,26855e-08
4398	  8,7940000000e+03	  1,21781e-08
4399	  8,7960000000e+03	  1,15222e-08
4400	  8,7980000000e+03	  1,18773e-08
4401	  8,8000000000e+03	  1,31703e-08
4402	  8,8020000000e+03	  1,28407e-08
4403	  8,8040000000e+03	  1,28725e-08
4404	  8,8060000000e+03	  1,32290e-08
4405	  8,8080000000e+03	  1,23864e-08
4406	  8,8100000000e+03	  1,35613e-08
4407	  8,8120000000e+03	  1,34566e-08
4408	  8,8140000000e+03	  1,32949e-08
4409	  8,8160000000e+03	  1,18593e-08
4410	  8,8180000000e+03	  1,21537e-08
4411	  8,8200000000e+03	  1,15942e-08
4412	  8,8220000000e+03	  1,20121e-08
4413	  8,8240000000e+03	  1,24038e-08
4414	  8,8260000000e+03	  1,17362e-08
4415	  8,8280000000e+03	  1,10728e-08
4416	  8,8300000000e+03	  1,23641e-08
4417	  8,8320000000e+03	  1,24946e-08
4418	  8,8340000000e+03	  1,17351e-08
4419	  8,8360000000e+03	  1,17625e-08
4420	  8,8380000000e+03	  1,20815e-08
4421	  8,8400000000e+03	  1,10126e-08
4422	  8,8420000000e+03	  1,13003e-08
4423	  8,8440000000e+03	  1,15937e-08
4424	  8,8460000000e+03	  1,16082e-08
4425	  8,8480000000e+03	  1,12564e-08
4426	  8,8500000000e+03	  1,02625e-08
4427	  8,8520000000e+03	  1,11902e-08
4428	  8,8540000000e+03	  1,06061e-08
4429	  8,8560000000e+03	  1,05304e-08
4430	  8,8580000000e+03	  1,18282e-08
4431	  8,8600000000e+03	  1,03624e-08
4432	  8,8620000000e+03	  1,11575e-08
4433	  8,8640000000e+03	  1,00639e-08
4434	  8,8660000000e+03	  1,04452e-08
4435	  8,8680000000e+03	  1,02935e-08
4436	  8,8700000000e+03	  1,07781e-08
4437	  8,8720000000e+03	  1,21642e-08
4438	  8,8740000000e+03	  1,13562e-08
4439	  8,8760000000e+03	  1,03663e-08
4440	  8,8780000000e+03	  1,01187e-08
4441	  8,8800000000e+03	  1,15324e-08
4442	  8,8820000000e+03	  1,13676e-08
4443	  8,8840000000e+03	  1,22741e-08
4444	  8,8860000000e+03	  1,45043e-08
4445	  8,8880000000e+03	  1,49655e-08
4446	  8,8900000000e+03	  1,37878e-08
4447	  8,8920000000e+03	  1,32278e-08
4448	  8,8940000000e+03	  1,33761e-08
4449	  8,8960000000e+03	  1,47980e-08
4450	  8,8980000000e+03	  1,35990e-08
4451	  8,9000000000e+03	  1,20448e-08
4452	  8,9020000000e+03	  1,28477e-08
4453	  8,9040000000e+03	  1,40333e-08
4454	  8,9060000000e+03	  1,38641e-08
4455	  8,9080000000e+03	  1,50665e-08
4456	  8,9100000000e+03	  1,51164e-08
4457	  8,9120000000e+03	  1,62688e-08
4458	  8,9140000000e+03	  1,61170e-08
4459	  8,9160000000e+03	  1,38318e-08
4460	  8,9180000000e+03	  1,57405e-08
4461	  8,9200000000e+03	  1,43449e-08
4462	  8,9220000000e+03	  1,57216e-08
4463	  8,9240000000e+03	  1,56148e-08
4464	  8,9260000000e+03	  1,57141e-08
4465	  8,9280000000e+03	  1,67318e-08
4466	  8,9300000000e+03	  1,82760e-08
4467	  8,9320000000e+03	  1,77041e-08
4468	  8,9340000000e+03	  1,53714e-08
4469	  8,9360000000e+03	  1,57065e-08
4470	  8,9380000000e+03	  1,76669e-08
4471	  8,9400000000e+03	  1,65077e-08
4472	  8,9420000000e+03	  1,69320e-08
4473	  8,9440000000e+03	  1,73624e-08
4474	  8,9460000000e+03	  1,62056e-08
4475	  8,9480000000e+03	  1,67578e-08
4476	  8,9500000000e+03	  1,75056e-08
4477	  8,9520000000e+03	  1,99955e-08
4478	  8,9540000000e+03	  1,89501e-08
4479	  8,9560000000e+03	  1,72383e-08
4480	  8,9580000000e+03	  1,70012e-08
4481	  8,9600000000e+03	  1,70051e-08
4482	  8,9620000000e+03	  1,70422e-08
4483	  8,9640000000e+03	  1,72210e-08
4484	  8,9660000000e+03	  1,84069e-08
4485	  8,9680000000e+03	  1,86887e-08
4486	  8,9700000000e+03	  1,76702e-08
4487	  8,9720000000e+03	  1,89143e-08
4488	  8,9740000000e+03	  1,97536e-08
4489	  8,9760000000e+03	  1,90174e-08
4490	  8,9780000000e+03	  1,97278e-08
4491	  8,9800000000e+03	  1,90490e-08
4492	  8,9820000000e+03	  1,68185e-08
4493	  8,9840000000e+03	  1,65886e-08
4494	  8,9860000000e+03	  1,64879e-08
4495	  8,9880000000e+03	  1,69602e-08
4496	  8,9900000000e+03	  1,56852e-08
4497	  8,9920000000e+03	  1,51214e-08
4498	  8,9940000000e+03	  1,63949e-08
4499	  8,9960000000e+03	  1,30943e-08
4500	  8,9980000000e+03	  1,46825e-08
4501	  9,0000000000e+03	  1,90167e-08
4502	  9,0020000000e+03	  1,71567e-08
4503	  9,0040000000e+03	  1,70776e-08
4504	  9,0060000000e+03	  1,69768e-08
4505	  9,0080000000e+03	  1,75348e-08
4506	  9,0100000000e+03	  1,77702e-08
4507	  9,0120000000e+03	  1,75977e-08
4508	  9,0140000000e+03	  1,68041e-08
4509	  9,0160000000e+03	  1,74230e-08
4510	  9,0180000000e+03	  1,98134e-08
4511	  9,0200000000e+03	  1,91616e-08
4512	  9,0220000000e+03	  1,76698e-08
4513	  9,0240000000e+03	  2,12332e-08
4514	  9,0260000000e+03	  2,02976e-08
4515	  9,0280000000e+03	  1,80769e-08
4516	  9,0300000000e+03	  1,60258e-08
4517	  9,0320000000e+03	  1,63877e-08
4518	  9,0340000000e+03	  1,71036e-08
4519	  9,0360000000e+03	  1,75487e-08
4520	  9,0380000000e+03	  1,66254e-08
4521	  9,0400000000e+03	  1,62784e-08
4522	  9,0420000000e+03	  1,85183e-08
4523	  9,0440000000e+03	  1,76592e-08
4524	  9,0460000000e+03	  1,65976e-08
4525	  9,0480000000e+03	  1,62908e-08
4526	  9,0500000000e+03	  1,80651e-08
4527	  9,0520000000e+03	  1,95292e-08
4528	  9,0540000000e+03	  1,98489e-08
4529	  9,0560000000e+03	  1,61488e-08
4530	  9,0580000000e+03	  1,52691e-08
4531	  9,0600000000e+03	  1,55506e-08
4532	  9,0620000000e+03	  1,54271e-08
4533	  9,0640000000e+03	  1,47186e-08
4534	  9,0660000000e+03	  1,50118e-08
4535	  9,0680000000e+03	  1,56361e-08
4536	  9,0700000000e+03	  1,73871e-08
4537	  9,0720000000e+03	  1,67939e-08
4538	  9,0740000000e+03	  1,56514e-08
4539	  9,0760000000e+03	  1,31501e-08
4540	  9,0780000000e+03	  1,24264e-08
4541	  9,0800000000e+03	  1,33148e-08
4542	  9,0820000000e+03	  1,50891e-08
4543	  9,0840000000e+03	  1,42210e-08
4544	  9,0860000000e+03	  1,17757e-08
4545	  9,0880000000e+03	  1,21753e-08
4546	  9,0900000000e+03	  1,38088e-08
4547	  9,0920000000e+03	  1,46644e-08
4548	  9,0940000000e+03	  1,44963e-08
4549	  9,0960000000e+03	  1,44001e-08
4550	  9,0980000000e+03	  1,41707e-08
4551	  9,1000000000e+03	  1,44643e-08
4552	  9,1020000000e+03	  1,40654e-08
4553	  9,1040000000e+03	  1,44771e-08
4554	  9,1060000000e+03	  1,35886e-08
4555	  9,1080000000e+03	  1,36411e-08
4556	  9,1100000000e+03	  1,24230e-08
4557	  9,1120000000e+03	  1,18895e-08
4558	  9,1140000000e+03	  1,31676e-08
4559	  9,1160000000e+03	  1,27441e-08
4560	  9,1180000000e+03	  1,15743e-08
4561	  9,1200000000e+03	  1,20867e-08
4562	  9,1220000000e+03	  1,26682e-08
4563	  9,1240000000e+03	  1,14712e-08
4564	  9,1260000000e+03	  1,17474e-08
4565	  9,1280000000e+03	  1,05883e-08
4566	  9,1300000000e+03	  1,15022e-08
4567	  9,1320000000e+03	  1,10155e-08
4568	  9,1340000000e+03	  1,02394e-08
4569	  9,1360000000e+03	  1,02597e-08
4570	  9,1380000000e+03	  1,09775e-08
4571	  9,1400000000e+03	  9,84548e-09
4572	  9,1420000000e+03	  8,36758e-09
4573	  9,1440000000e+03	  8,33974e-09
4574	  9,1460000000e+03	  8,87524e-09
4575	  9,1480000000e+03	  8,53056e-09
4576	  9,1500000000e+03	  8,66935e-09
4577	  9,1520000000e+03	  9,14924e-09
4578	  9,1540000000e+03	  8,07537e-09
4579	  9,1560000000e+03	  8,46819e-09
4580	  9,1580000000e+03	  9,04850e-09
4581	  9,1600000000e+03	  8,73157e-09
4582	  9,1620000000e+03	  9,55926e-09
4583	  9,1640000000e+03	  8,46368e-09
4584	  9,1660000000e+03	  6,92501e-09
4585	  9,1680000000e+03	  8,23013e-09
4586	  9,1700000000e+03	  8,15105e-09
4587	  9,1720000000e+03	  7,67657e-09
4588	  9,1740000000e+03	  7,97213e-09
4589	  9,1760000000e+03	  7,54691e-09
4590	  9,1780000000e+03	  8,34519e-09
4591	  9,1800000000e+03	  8,69413e-09
4592	  9,1820000000e+03	  7,59578e-09
4593	  9,1840000000e+03	  8,08826e-09
4594	  9,1860000000e+03	  8,34294e-09
4595	  9,1880000000e+03	  7,52913e-09
4596	  9,1900000000e+03	  6,84153e-09
4597	  9,1920000000e+03	  7,28303e-09
4598	  9,1940000000e+03	  7,40163e-09
4599	  9,1960000000e+03	  7,48441e-09
4600	  9,1980000000e+03	  7,69624e-09
4601	  9,2000000000e+03	  6,78369e-09
4602	  9,2020000000e+03	  6,99802e-09
4603	  9,2040000000e+03	  6,82620e-09
4604	  9,2060000000e+03	  6,08081e-09
4605	  9,2080000000e+03	  6,73160e-09
4606	  9,2100000000e+03	  6,93025e-09
4607	  9,2120000000e+03	  6,83433e-09
4608	  9,2140000000e+03	  7,09376e-09
4609	  9,2160000000e+03	  7,18635e-09
4610	  9,2180000000e+03	  7,79398e-09
4611	  9,2200000000e+03	  7,01245e-09
4612	  9,2220000000e+03	  6,31639e-09
4613	  9,2240000000e+03	  7,25977e-09
4614	  9,2260000000e+03	  6,64623e-09
4615	  9,2280000000e+03	  6,53539e-09
4616	  9,2300000000e+03	  6,44142e-09
4617	  9,2320000000e+03	  6,00026e-09
4618	  9,2340000000e+03	  6,27111e-09
4619	  9,2360000000e+03	  6,71622e-09
4620	  9,2380000000e+03	  6,19432e-09
4621	  9,2400000000e+03	  5,34920e-09
4622	  9,2420000000e+03	  4,82798e-09
4623	  9,2440000000e+03	  5,66600e-09
4624	  9,2460000000e+03	  6,18952e-09
4625	  9,2480000000e+03	  5,67358e-09
4626	  9,2500000000e+03	  4,84311e-09
4627	  9,2520000000e+03	  4,76154e-09
4628	  9,2540000000e+03	  4,96191e-09
4629	  9,2560000000e+03	  5,27604e-09
4630	  9,2580000000e+03	  5,02412e-09
4631	  9,2600000000e+03	  4,95443e-09
4632	  9,2620000000e+03	  4,71124e-09
4633	  9,2640000000e+03	  5,46038e-09
4634	  9,2660000000e+03	  5,77664e-09
4635	  9,2680000000e+03	  5,03474e-09
4636	  9,2700000000e+03	  4,79908e-09
4637	  9,2720000000e+03	  4,70828e-09
4638	  9,2740000000e+03	  4,47792e-09
4639	  9,2760000000e+03	  4,93415e-09
4640	  9,2780000000e+03	  4,33731e-09
4641	  9,2800000000e+03	  4,32111e-09
4642	  9,2820000000e+03	  4,71758e-09
4643	  9,2840000000e+03	  5,21816e-09
4644	  9,2860000000e+03	  4,96195e-09
4645	  9,2880000000e+03	  4,57742e-09
4646	  9,2900000000e+03	  4,68976e-09
4647	  9,2920000000e+03	  5,15061e-09
4648	  9,2940000000e+03	  4,59334e-09
4649	  9,2960000000e+03	  4,29748e-09
4650	  9,2980000000e+03	  4,13094e-09
4651	  9,3000000000e+03	  4,63257e-09
4652	  9,3020000000e+03	  5,17553e-09
4653	  9,3040000000e+03	  5,39919e-09
4654	  9,3060000000e+03	  5,13637e-09
4655	  9,3080000000e+03	  5,49816e-09
4656	  9,3100000000e+03	  4,79495e-09
4657	  9,3120000000e+03	  4,42345e-09
4658	  9,3140000000e+03	  4,12617e-09
4659	  9,3160000000e+03	  4,64045e-09
4660	  9,3180000000e+03	  4,40056e-09
4661	  9,3200000000e+03	  4,01417e-09
4662	  9,3220000000e+03	  3,97147e-09
4663	  9,3240000000e+03	  4,03623e-09
4664	  9,3260000000e+03	  4,39739e-09
4665	  9,3280000000e+03	  4,88907e-09
4666	  9,3300000000e+03	  4,97150e-09
4667	  9,3320000000e+03	  3,87636e-09
4668	  9,3340000000e+03	  4,08747e-09
4669	  9,3360000000e+03	  4,91197e-09
4670	  9,3380000000e+03	  4,55779e-09
4671	  9,3400000000e+03	  4,79021e-09
4672	  9,3420000000e+03	  4,90400e-09
4673	  9,3440000000e+03	  4,72254e-09
4674	  9,3460000000e+03	  5,25620e-09
4675	  9,3480000000e+03	  5,31053e-09
4676	  9,3500000000e+03	  4,94255e-09
4677	  9,3520000000e+03	  4,82453e-09
4678	  9,3540000000e+03	  5,02221e-09
4679	  9,3560000000e+03	  4,71685e-09
4680	  9,3580000000e+03	  5,04438e-09
4681	  9,3600000000e+03	  5,41922e-09
4682	  9,3620000000e+03	  5,38556e-09
4683	  9,3640000000e+03	  5,62792e-09
4684	  9,3660000000e+03	  5,17679e-09
4685	  9,3680000000e+03	  5,07726e-09
4686	  9,3700000000e+03	  5,22498e-09
4687	  9,3720000000e+03	  4,82208e-09
4688	  9,3740000000e+03	  4,16519e-09
4689	  9,3760000000e+03	  4,62617e-09
4690	  9,3780000000e+03	  5,34499e-09
4691	  9,3800000000e+03	  5,17951e-09
4692	  9,3820000000e+03	  4,92716e-09
4693	  9,3840000000e+03	  5,00066e-09
4694	  9,3860000000e+03	  4,93061e-09
4695	  9,3880000000e+03	  5,65070e-09
4696	  9,3900000000e+03	  5,53141e-09
4697	  9,3920000000e+03	  6,93908e-09
4698	  9,3940000000e+03	  6,23432e-09
4699	  9,3960000000e+03	  5,07739e-09
4700	  9,3980000000e+03	  4,79466e-09
4701	  9,4000000000e+03	  5,11161e-09
4702	  9,4020000000e+03	  6,04955e-09
4703	  9,4040000000e+03	  6,17554e-09
4704	  9,4060000000e+03	  5,48879e-09
4705	  9,4080000000e+03	  5,45762e-09
4706	  9,4100000000e+03	  5,62733e-09
4707	  9,4120000000e+03	  6,48781e-09
4708	  9,4140000000e+03	  6,37850e-09
4709	  9,4160000000e+03	  6,33010e-09
4710	  9,4180000000e+03	  6,43427e-09
4711	  9,4200000000e+03	  5,81586e-09
4712	  9,4220000000e+03	  6,24515e-09
4713	  9,4240000000e+03	  6,73000e-09
4714	  9,4260000000e+03	  7,58850e-09
4715	  9,4280000000e+03	  7,06349e-09
4716	  9,4300000000e+03	  6,48129e-09
4717	  9,4320000000e+03	  6,79826e-09
4718	  9,4340000000e+03	  6,93852e-09
4719	  9,4360000000e+03	  7,66631e-09
4720	  9,4380000000e+03	  7,37366e-09
4721	  9,4400000000e+03	  7,39128e-09
4722	  9,4420000000e+03	  7,33696e-09
4723	  9,4440000000e+03	  7,86366e-09
4724	  9,4460000000e+03	  9,09773e-09
4725	  9,4480000000e+03	  9,26604e-09
4726	  9,4500000000e+03	  8,70116e-09
4727	  9,4520000000e+03	  8,24062e-09
4728	  9,4540000000e+03	  9,05709e-09
4729	  9,4560000000e+03	  9,28470e-09
4730	  9,4580000000e+03	  9,06771e-09
4731	  9,4600000000e+03	  8,22801e-09
4732	  9,4620000000e+03	  7,70148e-09
4733	  9,4640000000e+03	  8,22384e-09
4734	  9,4660000000e+03	  8,81866e-09
4735	  9,4680000000e+03	  9,30097e-09
4736	  9,4700000000e+03	  7,51655e-09
4737	  9,4720000000e+03	  8,56079e-09
4738	  9,4740000000e+03	  9,61787e-09
4739	  9,4760000000e+03	  9,77635e-09
4740	  9,4780000000e+03	  1,07735e-08
4741	  9,4800000000e+03	  9,54534e-09
4742	  9,4820000000e+03	  8,89357e-09
4743	  9,4840000000e+03	  8,67736e-09
4744	  9,4860000000e+03	  8,51635e-09
4745	  9,4880000000e+03	  9,44615e-09
4746	  9,4900000000e+03	  9,85149e-09
4747	  9,4920000000e+03	  1,03416e-08
4748	  9,4940000000e+03	  9,92571e-09
4749	  9,4960000000e+03	  9,87958e-09
4750	  9,4980000000e+03	  9,75867e-09
4751	  9,5000000000e+03	  1,09641e-08
4752	  9,5020000000e+03	  1,09460e-08
4753	  9,5040000000e+03	  1,12796e-08
4754	  9,5060000000e+03	  1,08062e-08
4755	  9,5080000000e+03	  8,97779e-09
4756	  9,5100000000e+03	  9,51220e-09
4757	  9,5120000000e+03	  1,07900e-08
4758	  9,5140000000e+03	  1,05007e-08
4759	  9,5160000000e+03	  9,88788e-09
4760	  9,5180000000e+03	  1,13987e-08
4761	  9,5200000000e+03	  1,30306e-08
4762	  9,5220000000e+03	  1,28786e-08
4763	  9,5240000000e+03	  1,21209e-08
4764	  9,5260000000e+03	  1,17611e-08
4765	  9,5280000000e+03	  1,27807e-08
4766	  9,5300000000e+03	  1,34911e-08
4767	  9,5320000000e+03	  1,52820e-08
4768	  9,5340000000e+03	  1,55886e-08
4769	  9,5360000000e+03	  1,33288e-08
4770	  9,5380000000e+03	  1,28198e-08
4771	  9,5400000000e+03	  1,53855e-08
4772	  9,5420000000e+03	  1,48800e-08
4773	  9,5440000000e+03	  1,24160e-08
4774	  9,5460000000e+03	  1,22788e-08
4775	  9,5480000000e+03	  1,25506e-08
4776	  9,5500000000e+03	  1,22854e-08
4777	  9,5520000000e+03	  1,28123e-08
4778	  9,5540000000e+03	  1,18487e-08
4779	  9,5560000000e+03	  1,22288e-08
4780	  9,5580000000e+03	  1,59776e-08
4781	  9,5600000000e+03	  1,49482e-08
4782	  9,5620000000e+03	  1,25412e-08
4783	  9,5640000000e+03	  1,22224e-08
4784	  9,5660000000e+03	  1,42838e-08
4785	  9,5680000000e+03	  1,47490e-08
4786	  9,5700000000e+03	  1,44567e-08
4787	  9,5720000000e+03	  1,44360e-08
4788	  9,5740000000e+03	  1,43604e-08
4789	  9,5760000000e+03	  1,46951e-08
4790	  9,5780000000e+03	  1,56503e-08
4791	  9,5800000000e+03	  1,48481e-08
4792	  9,5820000000e+03	  1,38423e-08
4793	  9,5840000000e+03	  1,22149e-08
4794	  9,5860000000e+03	  1,30517e-08
4795	  9,5880000000e+03	  1,52785e-08
4796	  9,5900000000e+03	  1,71471e-08
4797	  9,5920000000e+03	  1,61297e-08
4798	  9,5940000000e+03	  1,71157e-08
4799	  9,5960000000e+03	  1,54269e-08
4800	  9,5980000000e+03	  1,35246e-08
4801	  9,6000000000e+03	  1,39666e-08
4802	  9,6020000000e+03	  1,40688e-08
4803	  9,6040000000e+03	  1,59715e-08
4804	  9,6060000000e+03	  1,63114e-08
4805	  9,6080000000e+03	  1,44593e-08
4806	  9,6100000000e+03	  1,42438e-08
4807	  9,6120000000e+03	  1,54327e-08
4808	  9,6140000000e+03	  1,85936e-08
4809	  9,6160000000e+03	  1,68785e-08
4810	  9,6180000000e+03	  1,55361e-08
4811	  9,6200000000e+03	  1,57203e-08
4812	  9,6220000000e+03	  1,79609e-08
4813	  9,6240000000e+03	  1,95051e-08
4814	  9,6260000000e+03	  1,97365e-08
4815	  9,6280000000e+03	  1,56403e-08
4816	  9,6300000000e+03	  1,38210e-08
4817	  9,6320000000e+03	  1,80348e-08
4818	  9,6340000000e+03	  1,99799e-08
4819	  9,6360000000e+03	  1,83542e-08
4820	  9,6380000000e+03	  1,67510e-08
4821	  9,6400000000e+03	  1,72942e-08
4822	  9,6420000000e+03	  1,92543e-08
4823	  9,6440000000e+03	  1,91209e-08
4824	  9,6460000000e+03	  1,66074e-08
4825	  9,6480000000e+03	  1,71776e-08
4826	  9,6500000000e+03	  1,83951e-08
4827	  9,6520000000e+03	  1,65966e-08
4828	  9,6540000000e+03	  1,71730e-08
4829	  9,6560000000e+03	  1,89975e-08
4830	  9,6580000000e+03	  1,70457e-08
4831	  9,6600000000e+03	  1,63160e-08
4832	  9,6620000000e+03	  1,71156e-08
4833	  9,6640000000e+03	  1,63851e-08
4834	  9,6660000000e+03	  1,70413e-08
4835	  9,6680000000e+03	  1,78347e-08
4836	  9,6700000000e+03	  1,94674e-08
4837	  9,6720000000e+03	  1,62711e-08
4838	  9,6740000000e+03	  1,69201e-08
4839	  9,6760000000e+03	  1,69597e-08
4840	  9,6780000000e+03	  1,56391e-08
4841	  9,6800000000e+03	  1,71507e-08
4842	  9,6820000000e+03	  1,77334e-08
4843	  9,6840000000e+03	  1,76438e-08
4844	  9,6860000000e+03	  1,75111e-08
4845	  9,6880000000e+03	  1,69271e-08
4846	  9,6900000000e+03	  1,70949e-08
4847	  9,6920000000e+03	  1,81796e-08
4848	  9,6940000000e+03	  1,48408e-08
4849	  9,6960000000e+03	  1,40056e-08
4850	  9,6980000000e+03	  1,34597e-08
4851	  9,7000000000e+03	  1,64159e-08
4852	  9,7020000000e+03	  1,96627e-08
4853	  9,7040000000e+03	  1,86995e-08
4854	  9,7060000000e+03	  1,74684e-08
4855	  9,7080000000e+03	  1,55354e-08
4856	  9,7100000000e+03	  1,52760e-08
4857	  9,7120000000e+03	  1,53738e-08
4858	  9,7140000000e+03	  1,60719e-08
4859	  9,7160000000e+03	  1,73378e-08
4860	  9,7180000000e+03	  1,58828e-08
4861	  9,7200000000e+03	  1,70388e-08
4862	  9,7220000000e+03	  1,79018e-08
4863	  9,7240000000e+03	  1,89746e-08
4864	  9,7260000000e+03	  1,82364e-08
4865	  9,7280000000e+03	  1,73501e-08
4866	  9,7300000000e+03	  1,73849e-08
4867	  9,7320000000e+03	  1,58979e-08
4868	  9,7340000000e+03	  1,62592e-08
4869	  9,7360000000e+03	  1,80553e-08
4870	  9,7380000000e+03	  1,69316e-08
4871	  9,7400000000e+03	  1,72970e-08
4872	  9,7420000000e+03	  1,68606e-08
4873	  9,7440000000e+03	  1,61964e-08
4874	  9,7460000000e+03	  1,58490e-08
4875	  9,7480000000e+03	  1,94761e-08
4876	  9,7500000000e+03	  1,81765e-08
4877	  9,7520000000e+03	  1,56867e-08
4878	  9,7540000000e+03	  1,53917e-08
4879	  9,7560000000e+03	  1,72867e-08
4880	  9,7580000000e+03	  2,07369e-08
4881	  9,7600000000e+03	  2,21688e-08
4882	  9,7620000000e+03	  1,90308e-08
4883	  9,7640000000e+03	  1,85578e-08
4884	  9,7660000000e+03	  1,80298e-08
4885	  9,7680000000e+03	  1,57212e-08
4886	  9,7700000000e+03	  1,56767e-08
4887	  9,7720000000e+03	  1,64675e-08
4888	  9,7740000000e+03	  1,74021e-08
4889	  9,7760000000e+03	  1,69832e-08
4890	  9,7780000000e+03	  1,60654e-08
4891	  9,7800000000e+03	  1,68497e-08
4892	  9,7820000000e+03	  1,59163e-08
4893	  9,7840000000e+03	  1,72751e-08
4894	  9,7860000000e+03	  1,63848e-08
4895	  9,7880000000e+03	  1,62521e-08
4896	  9,7900000000e+03	  1,51267e-08
4897	  9,7920000000e+03	  1,46132e-08
4898	  9,7940000000e+03	  1,67046e-08
4899	  9,7960000000e+03	  1,73848e-08
4900	  9,7980000000e+03	  1,58950e-08
4901	  9,8000000000e+03	  1,58823e-08
4902	  9,8020000000e+03	  1,57776e-08
4903	  9,8040000000e+03	  1,47211e-08
4904	  9,8060000000e+03	  1,43079e-08
4905	  9,8080000000e+03	  1,52176e-08
4906	  9,8100000000e+03	  1,49696e-08
4907	  9,8120000000e+03	  1,28960e-08
4908	  9,8140000000e+03	  1,28448e-08
4909	  9,8160000000e+03	  1,32487e-08
4910	  9,8180000000e+03	  1,32657e-08
4911	  9,8200000000e+03	  1,36491e-08
4912	  9,8220000000e+03	  1,36333e-08
4913	  9,8240000000e+03	  1,36102e-08
4914	  9,8260000000e+03	  1,45795e-08
4915	  9,8280000000e+03	  1,29497e-08
4916	  9,8300000000e+03	  1,25445e-08
4917	  9,8320000000e+03	  1,36336e-08
4918	  9,8340000000e+03	  1,41394e-08
4919	  9,8360000000e+03	  1,51549e-08
4920	  9,8380000000e+03	  1,50830e-08
4921	  9,8400000000e+03	  1,67150e-08
4922	  9,8420000000e+03	  1,59216e-08
4923	  9,8440000000e+03	  1,34302e-08
4924	  9,8460000000e+03	  1,19587e-08
4925	  9,8480000000e+03	  1,40209e-08
4926	  9,8500000000e+03	  1,39957e-08
4927	  9,8520000000e+03	  1,46383e-08
4928	  9,8540000000e+03	  1,58468e-08
4929	  9,8560000000e+03	  1,46085e-08
4930	  9,8580000000e+03	  1,45986e-08
4931	  9,8600000000e+03	  1,70890e-08
4932	  9,8620000000e+03	  1,64295e-08
4933	  9,8640000000e+03	  1,45801e-08
4934	  9,8660000000e+03	  1,25061e-08
4935	  9,8680000000e+03	  1,50352e-08
4936	  9,8700000000e+03	  1,46980e-08
4937	  9,8720000000e+03	  1,31683e-08
4938	  9,8740000000e+03	  1,46248e-08
4939	  9,8760000000e+03	  1,49130e-08
4940	  9,8780000000e+03	  1,19492e-08
4941	  9,8800000000e+03	  1,06261e-08
4942	  9,8820000000e+03	  1,45240e-08
4943	  9,8840000000e+03	  1,58614e-08
4944	  9,8860000000e+03	  1,37485e-08
4945	  9,8880000000e+03	  1,55504e-08
4946	  9,8900000000e+03	  1,75331e-08
4947	  9,8920000000e+03	  1,49964e-08
4948	  9,8940000000e+03	  1,47159e-08
4949	  9,8960000000e+03	  1,54539e-08
4950	  9,8980000000e+03	  1,76071e-08
4951	  9,9000000000e+03	  1,67286e-08
4952	  9,9020000000e+03	  1,74801e-08
4953	  9,9040000000e+03	  1,93222e-08
4954	  9,9060000000e+03	  1,74072e-08
4955	  9,9080000000e+03	  1,59649e-08
4956	  9,9100000000e+03	  1,94626e-08
4957	  9,9120000000e+03	  2,08304e-08
4958	  9,9140000000e+03	  1,94167e-08
4959	  9,9160000000e+03	  1,69891e-08
4960	  9,9180000000e+03	  1,54081e-08
4961	  9,9200000000e+03	  1,47302e-08
4962	  9,9220000000e+03	  1,93531e-08
4963	  9,9240000000e+03	  2,05677e-08
4964	  9,9260000000e+03	  1,92549e-08
4965	  9,9280000000e+03	  2,00533e-08
4966	  9,9300000000e+03	  2,12950e-08
4967	  9,9320000000e+03	  2,10153e-08
4968	  9,9340000000e+03	  2,29562e-08
4969	  9,9360000000e+03	  2,09932e-08
4970	  9,9380000000e+03	  2,23164e-08
4971	  9,9400000000e+03	  2,14543e-08
4972	  9,9420000000e+03	  2,07899e-08
4973	  9,9440000000e+03	  1,88800e-08
4974	  9,9460000000e+03	  1,83688e-08
4975	  9,9480000000e+03	  1,94882e-08
4976	  9,9500000000e+03	  2,04946e-08
4977	  9,9520000000e+03	  2,09741e-08
4978	  9,9540000000e+03	  2,18126e-08
4979	  9,9560000000e+03	  2,52979e-08
4980	  9,9580000000e+03	  2,33976e-08
4981	  9,9600000000e+03	  2,12141e-08
4982	  9,9620000000e+03	  2,40027e-08
4983	  9,9640000000e+03	  2,97010e-08
4984	  9,9660000000e+03	  2,74758e-08
4985	  9,9680000000e+03	  2,86893e-08
4986	  9,9700000000e+03	  2,87832e-08
4987	  9,9720000000e+03	  2,64363e-08
4988	  9,9740000000e+03	  2,73180e-08
4989	  9,9760000000e+03	  2,61784e-08
4990	  9,9780000000e+03	  2,77228e-08
4991	  9,9800000000e+03	  2,67150e-08
4992	  9,9820000000e+03	  2,54036e-08
4993	  9,9840000000e+03	  2,45245e-08
4994	  9,9860000000e+03	  2,76008e-08
4995	  9,9880000000e+03	  2,52320e-08
4996	  9,9900000000e+03	  2,47931e-08
4997	  9,9920000000e+03	  2,53245e-08
4998	  9,9940000000e+03	  2,62408e-08
4999	  9,9960000000e+03	  2,99462e-08
5000	  9,9980000000e+03	  3,04808e-08
5001	  1,0000000000e+04	  3,06295e-08
5002	  1,0002000000e+04	  3,36580e-08
5003	  1,0004000000e+04	  3,30360e-08
5004	  1,0006000000e+04	  3,47513e-08
5005	  1,0008000000e+04	  3,12454e-08
5006	  1,0010000000e+04	  3,39212e-08
5007	  1,0012000000e+04	  3,42803e-08
5008	  1,0014000000e+04	  3,30941e-08
5009	  1,0016000000e+04	  3,54814e-08
5010	  1,0018000000e+04	  3,83631e-08
5011	  1,0020000000e+04	  3,66491e-08
5012	  1,0022000000e+04	  3,69028e-08
5013	  1,0024000000e+04	  3,64056e-08
5014	  1,0026000000e+04	  3,62405e-08
5015	  1,0028000000e+04	  4,60044e-08
5016	  1,0030000000e+04	  4,36217e-08
5017	  1,0032000000e+04	  4,37740e-08
5018	  1,0034000000e+04	  4,38795e-08
5019	  1,0036000000e+04	  4,46243e-08
5020	  1,0038000000e+04	  3,89444e-08
5021	  1,0040000000e+04	  4,13480e-08
5022	  1,0042000000e+04	  4,24794e-08
5023	  1,0044000000e+04	  3,90152e-08
5024	  1,0046000000e+04	  4,37431e-08
5025	  1,0048000000e+04	  4,74744e-08
5026	  1,0050000000e+04	  4,05042e-08
5027	  1,0052000000e+04	  4,42656e-08
5028	  1,0054000000e+04	  4,44042e-08
5029	  1,0056000000e+04	  4,39392e-08
5030	  1,0058000000e+04	  4,27227e-08
5031	  1,0060000000e+04	  4,04118e-08
5032	  1,0062000000e+04	  4,02942e-08
5033	  1,0064000000e+04	  5,06847e-08
5034	  1,0066000000e+04	  4,80484e-08
5035	  1,0068000000e+04	  4,52743e-08
5036	  1,0070000000e+04	  4,37508e-08
5037	  1,0072000000e+04	  4,53690e-08
5038	  1,0074000000e+04	  4,71060e-08
5039	  1,0076000000e+04	  4,20664e-08
5040	  1,0078000000e+04	  4,53656e-08
5041	  1,0080000000e+04	  5,27991e-08
5042	  1,0082000000e+04	  5,30809e-08
5043	  1,0084000000e+04	  4,89665e-08
5044	  1,0086000000e+04	  4,74943e-08
5045	  1,0088000000e+04	  4,97984e-08
5046	  1,0090000000e+04	  5,50570e-08
5047	  1,0092000000e+04	  4,66999e-08
5048	  1,0094000000e+04	  5,10951e-08
5049	  1,0096000000e+04	  5,39577e-08
5050	  1,0098000000e+04	  5,52738e-08
5051	  1,0100000000e+04	  5,61179e-08
5052	  1,0102000000e+04	  5,69554e-08
5053	  1,0104000000e+04	  5,97487e-08
5054	  1,0106000000e+04	  5,39095e-08
5055	  1,0108000000e+04	  5,60269e-08
5056	  1,0110000000e+04	  7,14142e-08
5057	  1,0112000000e+04	  6,72289e-08
5058	  1,0114000000e+04	  6,42530e-08
5059	  1,0116000000e+04	  6,67886e-08
5060	  1,0118000000e+04	  5,61962e-08
5061	  1,0120000000e+04	  5,10645e-08
5062	  1,0122000000e+04	  5,40853e-08
5063	  1,0124000000e+04	  5,23455e-08
5064	  1,0126000000e+04	  5,88326e-08
5065	  1,0128000000e+04	  6,16011e-08
5066	  1,0130000000e+04	  5,14988e-08
5067	  1,0132000000e+04	  4,75594e-08
5068	  1,0134000000e+04	  4,94583e-08
5069	  1,0136000000e+04	  5,20851e-08
5070	  1,0138000000e+04	  5,43606e-08
5071	  1,0140000000e+04	  6,25617e-08
5072	  1,0142000000e+04	  5,94870e-08
5073	  1,0144000000e+04	  6,02467e-08
5074	  1,0146000000e+04	  5,96710e-08
5075	  1,0148000000e+04	  6,45816e-08
5076	  1,0150000000e+04	  6,24169e-08
5077	  1,0152000000e+04	  5,53780e-08
5078	  1,0154000000e+04	  5,73105e-08
5079	  1,0156000000e+04	  6,23621e-08
5080	  1,0158000000e+04	  5,77131e-08
5081	  1,0160000000e+04	  5,48162e-08
5082	  1,0162000000e+04	  6,35963e-08
5083	  1,0164000000e+04	  7,12288e-08
5084	  1,0166000000e+04	  7,04414e-08
5085	  1,0168000000e+04	  6,78820e-08
5086	  1,0170000000e+04	  7,37175e-08
5087	  1,0172000000e+04	  7,72931e-08
5088	  1,0174000000e+04	  8,23521e-08
5089	  1,0176000000e+04	  7,84206e-08
5090	  1,0178000000e+04	  7,24447e-08
5091	  1,0180000000e+04	  6,88392e-08
5092	  1,0182000000e+04	  6,56820e-08
5093	  1,0184000000e+04	  6,63556e-08
5094	  1,0186000000e+04	  6,66627e-08
5095	  1,0188000000e+04	  7,53779e-08
5096	  1,0190000000e+04	  6,98184e-08
5097	  1,0192000000e+04	  6,95848e-08
5098	  1,0194000000e+04	  6,46189e-08
5099	  1,0196000000e+04	  6,01420e-08
5100	  1,0198000000e+04	  6,26409e-08
5101	  1,0200000000e+04	  7,18549e-08
5102	  1,0202000000e+04	  7,73441e-08
5103	  1,0204000000e+04	  7,48430e-08
5104	  1,0206000000e+04	  6,83454e-08
5105	  1,0208000000e+04	  6,48730e-08
5106	  1,0210000000e+04	  7,36989e-08
5107	  1,0212000000e+04	  8,03926e-08
5108	  1,0214000000e+04	  7,75473e-08
5109	  1,0216000000e+04	  7,85164e-08
5110	  1,0218000000e+04	  7,99727e-08
5111	  1,0220000000e+04	  7,37069e-08
5112	  1,0222000000e+04	  7,53252e-08
5113	  1,0224000000e+04	  7,48195e-08
5114	  1,0226000000e+04	  6,95567e-08
5115	  1,0228000000e+04	  7,08042e-08
5116	  1,0230000000e+04	  7,67422e-08
5117	  1,0232000000e+04	  7,99983e-08
5118	  1,0234000000e+04	  7,62546e-08
5119	  1,0236000000e+04	  7,06901e-08
5120	  1,0238000000e+04	  6,33799e-08
5121	  1,0240000000e+04	  7,54184e-08
5122	  1,0242000000e+04	  7,96492e-08
5123	  1,0244000000e+04	  6,94093e-08
5124	  1,0246000000e+04	  7,37964e-08
5125	  1,0248000000e+04	  7,47749e-08
5126	  1,0250000000e+04	  7,29325e-08
5127	  1,0252000000e+04	  6,26217e-08
5128	  1,0254000000e+04	  6,86613e-08
5129	  1,0256000000e+04	  6,85061e-08
5130	  1,0258000000e+04	  6,98054e-08
5131	  1,0260000000e+04	  8,24827e-08
5132	  1,0262000000e+04	  7,49681e-08
5133	  1,0264000000e+04	  7,31986e-08
5134	  1,0266000000e+04	  7,93774e-08
5135	  1,0268000000e+04	  7,17183e-08
5136	  1,0270000000e+04	  7,13130e-08
5137	  1,0272000000e+04	  7,96877e-08
5138	  1,0274000000e+04	  7,77333e-08
5139	  1,0276000000e+04	  7,26072e-08
5140	  1,0278000000e+04	  7,12910e-08
5141	  1,0280000000e+04	  6,42258e-08
5142	  1,0282000000e+04	  6,51398e-08
5143	  1,0284000000e+04	  6,28710e-08
5144	  1,0286000000e+04	  7,42154e-08
5145	  1,0288000000e+04	  7,95069e-08
5146	  1,0290000000e+04	  7,85489e-08
5147	  1,0292000000e+04	  6,89879e-08
5148	  1,0294000000e+04	  7,01284e-08
5149	  1,0296000000e+04	  6,35697e-08
5150	  1,0298000000e+04	  6,73119e-08
5151	  1,0300000000e+04	  7,70038e-08
5152	  1,0302000000e+04	  7,42520e-08
5153	  1,0304000000e+04	  7,30435e-08
5154	  1,0306000000e+04	  7,43599e-08
5155	  1,0308000000e+04	  7,78440e-08
5156	  1,0310000000e+04	  7,20855e-08
5157	  1,0312000000e+04	  6,03968e-08
5158	  1,0314000000e+04	  5,47329e-08
5159	  1,0316000000e+04	  6,16254e-08
5160	  1,0318000000e+04	  6,16141e-08
5161	  1,0320000000e+04	  6,88228e-08
5162	  1,0322000000e+04	  6,71979e-08
5163	  1,0324000000e+04	  6,23891e-08
5164	  1,0326000000e+04	  6,59816e-08
5165	  1,0328000000e+04	  6,98224e-08
5166	  1,0330000000e+04	  7,57048e-08
5167	  1,0332000000e+04	  7,67574e-08
5168	  1,0334000000e+04	  7,13533e-08
5169	  1,0336000000e+04	  6,58215e-08
5170	  1,0338000000e+04	  6,71798e-08
5171	  1,0340000000e+04	  6,45778e-08
5172	  1,0342000000e+04	  6,38266e-08
5173	  1,0344000000e+04	  7,33783e-08
5174	  1,0346000000e+04	  7,28442e-08
5175	  1,0348000000e+04	  6,27730e-08
5176	  1,0350000000e+04	  6,09858e-08
5177	  1,0352000000e+04	  6,94707e-08
5178	  1,0354000000e+04	  7,04806e-08
5179	  1,0356000000e+04	  7,89283e-08
5180	  1,0358000000e+04	  7,36487e-08
5181	  1,0360000000e+04	  6,91112e-08
5182	  1,0362000000e+04	  6,37801e-08
5183	  1,0364000000e+04	  6,03632e-08
5184	  1,0366000000e+04	  6,72126e-08
5185	  1,0368000000e+04	  6,32887e-08
5186	  1,0370000000e+04	  5,79551e-08
5187	  1,0372000000e+04	  6,51314e-08
5188	  1,0374000000e+04	  6,42954e-08
5189	  1,0376000000e+04	  6,08317e-08
5190	  1,0378000000e+04	  5,91926e-08
5191	  1,0380000000e+04	  5,13049e-08
5192	  1,0382000000e+04	  6,04639e-08
5193	  1,0384000000e+04	  5,84165e-08
5194	  1,0386000000e+04	  5,56010e-08
5195	  1,0388000000e+04	  5,80486e-08
5196	  1,0390000000e+04	  5,12071e-08
5197	  1,0392000000e+04	  5,29332e-08
5198	  1,0394000000e+04	  5,87642e-08
5199	  1,0396000000e+04	  5,39557e-08
5200	  1,0398000000e+04	  5,13145e-08
5201	  1,0400000000e+04	  5,67542e-08
5202	  1,0402000000e+04	  6,17500e-08
5203	  1,0404000000e+04	  5,64278e-08
5204	  1,0406000000e+04	  5,13202e-08
5205	  1,0408000000e+04	  5,51859e-08
5206	  1,0410000000e+04	  6,03563e-08
5207	  1,0412000000e+04	  5,79009e-08
5208	  1,0414000000e+04	  5,11813e-08
5209	  1,0416000000e+04	  5,51701e-08
5210	  1,0418000000e+04	  5,32772e-08
5211	  1,0420000000e+04	  5,52840e-08
5212	  1,0422000000e+04	  6,28499e-08
5213	  1,0424000000e+04	  5,12235e-08
5214	  1,0426000000e+04	  5,08106e-08
5215	  1,0428000000e+04	  4,59074e-08
5216	  1,0430000000e+04	  5,13272e-08
5217	  1,0432000000e+04	  5,02747e-08
5218	  1,0434000000e+04	  5,12227e-08
5219	  1,0436000000e+04	  4,79119e-08
5220	  1,0438000000e+04	  5,23894e-08
5221	  1,0440000000e+04	  5,21876e-08
5222	  1,0442000000e+04	  5,17714e-08
5223	  1,0444000000e+04	  4,62656e-08
5224	  1,0446000000e+04	  5,09297e-08
5225	  1,0448000000e+04	  4,74460e-08
5226	  1,0450000000e+04	  4,74498e-08
5227	  1,0452000000e+04	  4,75444e-08
5228	  1,0454000000e+04	  4,07218e-08
5229	  1,0456000000e+04	  3,75077e-08
5230	  1,0458000000e+04	  4,23233e-08
5231	  1,0460000000e+04	  4,46626e-08
5232	  1,0462000000e+04	  4,07637e-08
5233	  1,0464000000e+04	  4,83034e-08
5234	  1,0466000000e+04	  4,83252e-08
5235	  1,0468000000e+04	  5,16774e-08
5236	  1,0470000000e+04	  4,80628e-08
5237	  1,0472000000e+04	  4,95798e-08
5238	  1,0474000000e+04	  4,57419e-08
5239	  1,0476000000e+04	  4,62855e-08
5240	  1,0478000000e+04	  4,69966e-08
5241	  1,0480000000e+04	  4,53518e-08
5242	  1,0482000000e+04	  4,71510e-08
5243	  1,0484000000e+04	  4,56176e-08
5244	  1,0486000000e+04	  4,16755e-08
5245	  1,0488000000e+04	  4,00628e-08
5246	  1,0490000000e+04	  4,22041e-08
5247	  1,0492000000e+04	  4,31694e-08
5248	  1,0494000000e+04	  4,57551e-08
5249	  1,0496000000e+04	  4,55498e-08
5250	  1,0498000000e+04	  4,61274e-08
5251	  1,0500000000e+04	  4,37747e-08
5252	  1,0502000000e+04	  3,91331e-08
5253	  1,0504000000e+04	  3,72558e-08
5254	  1,0506000000e+04	  3,89289e-08
5255	  1,0508000000e+04	  3,86278e-08
5256	  1,0510000000e+04	  3,51881e-08
5257	  1,0512000000e+04	  4,00820e-08
5258	  1,0514000000e+04	  3,91168e-08
5259	  1,0516000000e+04	  3,82455e-08
5260	  1,0518000000e+04	  3,77480e-08
5261	  1,0520000000e+04	  3,61761e-08
5262	  1,0522000000e+04	  4,24943e-08
5263	  1,0524000000e+04	  3,65679e-08
5264	  1,0526000000e+04	  3,63033e-08
5265	  1,0528000000e+04	  4,24593e-08
5266	  1,0530000000e+04	  3,80939e-08
5267	  1,0532000000e+04	  4,08261e-08
5268	  1,0534000000e+04	  4,05964e-08
5269	  1,0536000000e+04	  3,37735e-08
5270	  1,0538000000e+04	  2,82571e-08
5271	  1,0540000000e+04	  3,18872e-08
5272	  1,0542000000e+04	  3,18101e-08
5273	  1,0544000000e+04	  3,09589e-08
5274	  1,0546000000e+04	  3,35197e-08
5275	  1,0548000000e+04	  3,45214e-08
5276	  1,0550000000e+04	  3,50430e-08
5277	  1,0552000000e+04	  3,11660e-08
5278	  1,0554000000e+04	  3,53528e-08
5279	  1,0556000000e+04	  3,24873e-08
5280	  1,0558000000e+04	  3,21160e-08
5281	  1,0560000000e+04	  3,55554e-08
5282	  1,0562000000e+04	  3,34654e-08
5283	  1,0564000000e+04	  2,97327e-08
5284	  1,0566000000e+04	  3,29231e-08
5285	  1,0568000000e+04	  3,23203e-08
5286	  1,0570000000e+04	  2,82720e-08
5287	  1,0572000000e+04	  2,72734e-08
5288	  1,0574000000e+04	  2,77002e-08
5289	  1,0576000000e+04	  3,02029e-08
5290	  1,0578000000e+04	  3,14422e-08
5291	  1,0580000000e+04	  2,81368e-08
5292	  1,0582000000e+04	  2,66192e-08
5293	  1,0584000000e+04	  2,43004e-08
5294	  1,0586000000e+04	  2,54609e-08
5295	  1,0588000000e+04	  3,03797e-08
5296	  1,0590000000e+04	  2,84658e-08
5297	  1,0592000000e+04	  2,92051e-08
5298	  1,0594000000e+04	  2,91593e-08
5299	  1,0596000000e+04	  3,16388e-08
5300	  1,0598000000e+04	  2,82661e-08
5301	  1,0600000000e+04	  2,73181e-08
5302	  1,0602000000e+04	  2,73899e-08
5303	  1,0604000000e+04	  2,59042e-08
5304	  1,0606000000e+04	  2,33929e-08
5305	  1,0608000000e+04	  2,39165e-08
5306	  1,0610000000e+04	  2,71233e-08
5307	  1,0612000000e+04	  2,53446e-08
5308	  1,0614000000e+04	  2,12713e-08
5309	  1,0616000000e+04	  2,14466e-08
5310	  1,0618000000e+04	  1,98103e-08
5311	  1,0620000000e+04	  2,12562e-08
5312	  1,0622000000e+04	  2,06376e-08
5313	  1,0624000000e+04	  2,08946e-08
5314	  1,0626000000e+04	  2,17730e-08
5315	  1,0628000000e+04	  2,21622e-08
5316	  1,0630000000e+04	  2,20196e-08
5317	  1,0632000000e+04	  1,97545e-08
5318	  1,0634000000e+04	  1,71584e-08
5319	  1,0636000000e+04	  1,76402e-08
5320	  1,0638000000e+04	  1,57106e-08
5321	  1,0640000000e+04	  1,48703e-08
5322	  1,0642000000e+04	  1,62498e-08
5323	  1,0644000000e+04	  1,87534e-08
5324	  1,0646000000e+04	  1,77971e-08
5325	  1,0648000000e+04	  1,57116e-08
5326	  1,0650000000e+04	  1,39510e-08
5327	  1,0652000000e+04	  1,21360e-08
5328	  1,0654000000e+04	  1,20248e-08
5329	  1,0656000000e+04	  1,23392e-08
5330	  1,0658000000e+04	  1,49794e-08
5331	  1,0660000000e+04	  1,52061e-08
5332	  1,0662000000e+04	  1,38540e-08
5333	  1,0664000000e+04	  1,33675e-08
5334	  1,0666000000e+04	  1,18132e-08
5335	  1,0668000000e+04	  9,84459e-09
5336	  1,0670000000e+04	  1,07406e-08
5337	  1,0672000000e+04	  1,11106e-08
5338	  1,0674000000e+04	  9,00504e-09
5339	  1,0676000000e+04	  8,31584e-09
5340	  1,0678000000e+04	  9,06555e-09
5341	  1,0680000000e+04	  8,91159e-09
5342	  1,0682000000e+04	  8,15025e-09
5343	  1,0684000000e+04	  8,23082e-09
5344	  1,0686000000e+04	  7,57334e-09
5345	  1,0688000000e+04	  6,04161e-09
5346	  1,0690000000e+04	  5,13196e-09
5347	  1,0692000000e+04	  5,99104e-09
5348	  1,0694000000e+04	  5,98407e-09
5349	  1,0696000000e+04	  5,22648e-09
5350	  1,0698000000e+04	  4,56391e-09
5351	  1,0700000000e+04	  4,71310e-09
5352	  1,0702000000e+04	  5,13369e-09
5353	  1,0704000000e+04	  4,83940e-09
5354	  1,0706000000e+04	  4,26935e-09
5355	  1,0708000000e+04	  4,50522e-09
5356	  1,0710000000e+04	  4,31006e-09
5357	  1,0712000000e+04	  3,94920e-09
5358	  1,0714000000e+04	  4,48547e-09
5359	  1,0716000000e+04	  5,39766e-09
5360	  1,0718000000e+04	  6,05567e-09
5361	  1,0720000000e+04	  4,89798e-09
5362	  1,0722000000e+04	  5,19347e-09
5363	  1,0724000000e+04	  5,58979e-09
5364	  1,0726000000e+04	  5,33123e-09
5365	  1,0728000000e+04	  5,91171e-09
5366	  1,0730000000e+04	  6,61702e-09
5367	  1,0732000000e+04	  6,88214e-09
5368	  1,0734000000e+04	  7,33960e-09
5369	  1,0736000000e+04	  7,69853e-09
5370	  1,0738000000e+04	  7,78380e-09
5371	  1,0740000000e+04	  7,70867e-09
5372	  1,0742000000e+04	  8,95228e-09
5373	  1,0744000000e+04	  9,04706e-09
5374	  1,0746000000e+04	  8,67881e-09
5375	  1,0748000000e+04	  8,79306e-09
5376	  1,0750000000e+04	  1,02767e-08
5377	  1,0752000000e+04	  1,06181e-08
5378	  1,0754000000e+04	  9,43194e-09
5379	  1,0756000000e+04	  9,88956e-09
5380	  1,0758000000e+04	  1,13050e-08
5381	  1,0760000000e+04	  1,25589e-08
5382	  1,0762000000e+04	  1,28108e-08
5383	  1,0764000000e+04	  1,37941e-08
5384	  1,0766000000e+04	  1,38174e-08
5385	  1,0768000000e+04	  1,23664e-08
5386	  1,0770000000e+04	  1,10831e-08
5387	  1,0772000000e+04	  1,35384e-08
5388	  1,0774000000e+04	  1,52218e-08
5389	  1,0776000000e+04	  1,34176e-08
5390	  1,0778000000e+04	  1,36211e-08
5391	  1,0780000000e+04	  1,09996e-08
5392	  1,0782000000e+04	  9,75486e-09
5393	  1,0784000000e+04	  1,06055e-08
5394	  1,0786000000e+04	  1,26587e-08
5395	  1,0788000000e+04	  1,28561e-08
5396	  1,0790000000e+04	  1,23545e-08
5397	  1,0792000000e+04	  1,09156e-08
5398	  1,0794000000e+04	  1,15401e-08
5399	  1,0796000000e+04	  1,23630e-08
5400	  1,0798000000e+04	  1,29065e-08
5401	  1,0800000000e+04	  1,24516e-08
5402	  1,0802000000e+04	  1,37935e-08
5403	  1,0804000000e+04	  1,25257e-08
5404	  1,0806000000e+04	  1,07812e-08
5405	  1,0808000000e+04	  1,12774e-08
5406	  1,0810000000e+04	  1,16148e-08
5407	  1,0812000000e+04	  1,14195e-08
5408	  1,0814000000e+04	  1,14390e-08
5409	  1,0816000000e+04	  9,80582e-09
5410	  1,0818000000e+04	  1,02042e-08
5411	  1,0820000000e+04	  1,03629e-08
5412	  1,0822000000e+04	  1,14493e-08
5413	  1,0824000000e+04	  1,09726e-08
5414	  1,0826000000e+04	  1,02807e-08
5415	  1,0828000000e+04	  9,76915e-09
5416	  1,0830000000e+04	  1,02804e-08
5417	  1,0832000000e+04	  1,10363e-08
5418	  1,0834000000e+04	  1,04840e-08
5419	  1,0836000000e+04	  1,11687e-08
5420	  1,0838000000e+04	  1,18754e-08
5421	  1,0840000000e+04	  1,17780e-08
5422	  1,0842000000e+04	  1,16473e-08
5423	  1,0844000000e+04	  1,10028e-08
5424	  1,0846000000e+04	  1,29814e-08
5425	  1,0848000000e+04	  1,40712e-08
5426	  1,0850000000e+04	  1,37133e-08
5427	  1,0852000000e+04	  1,46392e-08
5428	  1,0854000000e+04	  1,57652e-08
5429	  1,0856000000e+04	  1,58227e-08
5430	  1,0858000000e+04	  1,57503e-08
5431	  1,0860000000e+04	  1,65138e-08
5432	  1,0862000000e+04	  1,55376e-08
5433	  1,0864000000e+04	  1,41257e-08
5434	  1,0866000000e+04	  1,58623e-08
5435	  1,0868000000e+04	  1,53933e-08
5436	  1,0870000000e+04	  1,46295e-08
5437	  1,0872000000e+04	  1,53893e-08
5438	  1,0874000000e+04	  1,70835e-08
5439	  1,0876000000e+04	  1,80408e-08
5440	  1,0878000000e+04	  1,76011e-08
5441	  1,0880000000e+04	  1,62646e-08
5442	  1,0882000000e+04	  1,71126e-08
5443	  1,0884000000e+04	  1,74953e-08
5444	  1,0886000000e+04	  1,71680e-08
5445	  1,0888000000e+04	  1,70719e-08
5446	  1,0890000000e+04	  1,51548e-08
5447	  1,0892000000e+04	  1,52170e-08
5448	  1,0894000000e+04	  1,45875e-08
5449	  1,0896000000e+04	  1,44822e-08
5450	  1,0898000000e+04	  1,58644e-08
5451	  1,0900000000e+04	  1,78415e-08
5452	  1,0902000000e+04	  1,65275e-08
5453	  1,0904000000e+04	  1,49314e-08
5454	  1,0906000000e+04	  1,75701e-08
5455	  1,0908000000e+04	  1,86400e-08
5456	  1,0910000000e+04	  2,07391e-08
5457	  1,0912000000e+04	  2,04308e-08
5458	  1,0914000000e+04	  1,93686e-08
5459	  1,0916000000e+04	  2,03351e-08
5460	  1,0918000000e+04	  2,25183e-08
5461	  1,0920000000e+04	  1,94397e-08
5462	  1,0922000000e+04	  1,80060e-08
5463	  1,0924000000e+04	  2,06555e-08
5464	  1,0926000000e+04	  2,02815e-08
5465	  1,0928000000e+04	  1,83828e-08
5466	  1,0930000000e+04	  1,98556e-08
5467	  1,0932000000e+04	  2,30180e-08
5468	  1,0934000000e+04	  2,53518e-08
5469	  1,0936000000e+04	  2,41628e-08
5470	  1,0938000000e+04	  2,12937e-08
5471	  1,0940000000e+04	  2,38395e-08
5472	  1,0942000000e+04	  2,37586e-08
5473	  1,0944000000e+04	  2,03847e-08
5474	  1,0946000000e+04	  2,00526e-08
5475	  1,0948000000e+04	  2,49782e-08
5476	  1,0950000000e+04	  2,53949e-08
5477	  1,0952000000e+04	  2,52673e-08
5478	  1,0954000000e+04	  2,82355e-08
5479	  1,0956000000e+04	  2,71838e-08
5480	  1,0958000000e+04	  2,23990e-08
5481	  1,0960000000e+04	  2,24072e-08
5482	  1,0962000000e+04	  2,44938e-08
5483	  1,0964000000e+04	  2,67951e-08
5484	  1,0966000000e+04	  2,57460e-08
5485	  1,0968000000e+04	  2,64471e-08
5486	  1,0970000000e+04	  2,45693e-08
5487	  1,0972000000e+04	  2,20717e-08
5488	  1,0974000000e+04	  2,47610e-08
5489	  1,0976000000e+04	  3,17167e-08
5490	  1,0978000000e+04	  3,44425e-08
5491	  1,0980000000e+04	  2,83985e-08
5492	  1,0982000000e+04	  2,86097e-08
5493	  1,0984000000e+04	  2,70099e-08
5494	  1,0986000000e+04	  2,62170e-08
5495	  1,0988000000e+04	  3,16486e-08
5496	  1,0990000000e+04	  3,60041e-08
5497	  1,0992000000e+04	  3,38675e-08
5498	  1,0994000000e+04	  2,89785e-08
5499	  1,0996000000e+04	  2,92652e-08
5500	  1,0998000000e+04	  2,76971e-08
5501	  1,1000000000e+04	  3,37297e-08
5502	  1,1002000000e+04	  3,73367e-08
5503	  1,1004000000e+04	  3,68620e-08
5504	  1,1006000000e+04	  3,79869e-08
5505	  1,1008000000e+04	  3,63500e-08
5506	  1,1010000000e+04	  3,54861e-08
5507	  1,1012000000e+04	  3,18702e-08
5508	  1,1014000000e+04	  3,58995e-08
5509	  1,1016000000e+04	  3,42407e-08
5510	  1,1018000000e+04	  3,30790e-08
5511	  1,1020000000e+04	  3,65066e-08
5512	  1,1022000000e+04	  3,49085e-08
5513	  1,1024000000e+04	  3,38791e-08
5514	  1,1026000000e+04	  4,03356e-08
5515	  1,1028000000e+04	  3,72398e-08
5516	  1,1030000000e+04	  3,78072e-08
5517	  1,1032000000e+04	  3,89927e-08
5518	  1,1034000000e+04	  3,50450e-08
5519	  1,1036000000e+04	  3,53151e-08
5520	  1,1038000000e+04	  4,54427e-08
5521	  1,1040000000e+04	  4,45600e-08
5522	  1,1042000000e+04	  3,57525e-08
5523	  1,1044000000e+04	  3,19614e-08
5524	  1,1046000000e+04	  3,69802e-08
5525	  1,1048000000e+04	  4,44196e-08
5526	  1,1050000000e+04	  4,64126e-08
5527	  1,1052000000e+04	  4,47049e-08
5528	  1,1054000000e+04	  4,45186e-08
5529	  1,1056000000e+04	  4,02054e-08
5530	  1,1058000000e+04	  3,89039e-08
5531	  1,1060000000e+04	  4,41098e-08
5532	  1,1062000000e+04	  4,31164e-08
5533	  1,1064000000e+04	  4,39399e-08
5534	  1,1066000000e+04	  4,50961e-08
5535	  1,1068000000e+04	  4,70484e-08
5536	  1,1070000000e+04	  4,20413e-08
5537	  1,1072000000e+04	  3,81993e-08
5538	  1,1074000000e+04	  3,87821e-08
5539	  1,1076000000e+04	  4,15013e-08
5540	  1,1078000000e+04	  3,93723e-08
5541	  1,1080000000e+04	  3,83100e-08
5542	  1,1082000000e+04	  3,84143e-08
5543	  1,1084000000e+04	  3,99597e-08
5544	  1,1086000000e+04	  4,18275e-08
5545	  1,1088000000e+04	  3,76256e-08
5546	  1,1090000000e+04	  4,24645e-08
5547	  1,1092000000e+04	  3,78991e-08
5548	  1,1094000000e+04	  2,90508e-08
5549	  1,1096000000e+04	  2,72824e-08
5550	  1,1098000000e+04	  3,29692e-08
5551	  1,1100000000e+04	  3,51366e-08
5552	  1,1102000000e+04	  3,56952e-08
5553	  1,1104000000e+04	  3,25200e-08
5554	  1,1106000000e+04	  3,18997e-08
5555	  1,1108000000e+04	  3,11716e-08
5556	  1,1110000000e+04	  3,23754e-08
5557	  1,1112000000e+04	  3,21622e-08
5558	  1,1114000000e+04	  3,19152e-08
5559	  1,1116000000e+04	  2,99523e-08
5560	  1,1118000000e+04	  3,02935e-08
5561	  1,1120000000e+04	  2,94620e-08
5562	  1,1122000000e+04	  2,52251e-08
5563	  1,1124000000e+04	  2,57216e-08
5564	  1,1126000000e+04	  2,89850e-08
5565	  1,1128000000e+04	  3,09198e-08
5566	  1,1130000000e+04	  3,09292e-08
5567	  1,1132000000e+04	  2,98316e-08
5568	  1,1134000000e+04	  2,84548e-08
5569	  1,1136000000e+04	  2,67207e-08
5570	  1,1138000000e+04	  2,67027e-08
5571	  1,1140000000e+04	  2,91936e-08
5572	  1,1142000000e+04	  2,69308e-08
5573	  1,1144000000e+04	  2,19724e-08
5574	  1,1146000000e+04	  2,40163e-08
5575	  1,1148000000e+04	  2,43087e-08
5576	  1,1150000000e+04	  2,10747e-08
5577	  1,1152000000e+04	  2,52894e-08
5578	  1,1154000000e+04	  2,71096e-08
5579	  1,1156000000e+04	  2,59313e-08
5580	  1,1158000000e+04	  2,72518e-08
5581	  1,1160000000e+04	  2,96848e-08
5582	  1,1162000000e+04	  2,63564e-08
5583	  1,1164000000e+04	  2,55341e-08
5584	  1,1166000000e+04	  2,96149e-08
5585	  1,1168000000e+04	  2,65627e-08
5586	  1,1170000000e+04	  3,20969e-08
5587	  1,1172000000e+04	  3,23580e-08
5588	  1,1174000000e+04	  3,22485e-08
5589	  1,1176000000e+04	  3,17121e-08
5590	  1,1178000000e+04	  2,78901e-08
5591	  1,1180000000e+04	  2,92494e-08
5592	  1,1182000000e+04	  3,41481e-08
5593	  1,1184000000e+04	  3,57644e-08
5594	  1,1186000000e+04	  3,78727e-08
5595	  1,1188000000e+04	  4,11473e-08
5596	  1,1190000000e+04	  3,65348e-08
5597	  1,1192000000e+04	  3,71054e-08
5598	  1,1194000000e+04	  3,08863e-08
5599	  1,1196000000e+04	  3,49857e-08
5600	  1,1198000000e+04	  4,49456e-08
5601	  1,1200000000e+04	  4,21650e-08
5602	  1,1202000000e+04	  3,68612e-08
5603	  1,1204000000e+04	  3,26270e-08
5604	  1,1206000000e+04	  3,17098e-08
5605	  1,1208000000e+04	  3,11635e-08
5606	  1,1210000000e+04	  3,43365e-08
5607	  1,1212000000e+04	  3,83675e-08
5608	  1,1214000000e+04	  4,01479e-08
5609	  1,1216000000e+04	  3,97564e-08
5610	  1,1218000000e+04	  3,97361e-08
5611	  1,1220000000e+04	  3,82586e-08
5612	  1,1222000000e+04	  4,22636e-08
5613	  1,1224000000e+04	  3,58534e-08
5614	  1,1226000000e+04	  3,88097e-08
5615	  1,1228000000e+04	  4,09345e-08
5616	  1,1230000000e+04	  4,05850e-08
5617	  1,1232000000e+04	  4,61817e-08
5618	  1,1234000000e+04	  4,50494e-08
5619	  1,1236000000e+04	  4,30737e-08
5620	  1,1238000000e+04	  3,73499e-08
5621	  1,1240000000e+04	  3,82018e-08
5622	  1,1242000000e+04	  4,07570e-08
5623	  1,1244000000e+04	  4,25057e-08
5624	  1,1246000000e+04	  4,52388e-08
5625	  1,1248000000e+04	  3,96510e-08
5626	  1,1250000000e+04	  3,75153e-08
5627	  1,1252000000e+04	  4,28005e-08
5628	  1,1254000000e+04	  4,50376e-08
5629	  1,1256000000e+04	  4,30089e-08
5630	  1,1258000000e+04	  4,32894e-08
5631	  1,1260000000e+04	  4,50486e-08
5632	  1,1262000000e+04	  4,84759e-08
5633	  1,1264000000e+04	  5,04352e-08
5634	  1,1266000000e+04	  4,90457e-08
5635	  1,1268000000e+04	  4,17578e-08
5636	  1,1270000000e+04	  4,08869e-08
5637	  1,1272000000e+04	  4,42640e-08
5638	  1,1274000000e+04	  5,38021e-08
5639	  1,1276000000e+04	  4,52353e-08
5640	  1,1278000000e+04	  4,38017e-08
5641	  1,1280000000e+04	  4,45536e-08
5642	  1,1282000000e+04	  4,19743e-08
5643	  1,1284000000e+04	  4,80240e-08
5644	  1,1286000000e+04	  5,12187e-08
5645	  1,1288000000e+04	  4,62062e-08
5646	  1,1290000000e+04	  4,13629e-08
5647	  1,1292000000e+04	  4,46777e-08
5648	  1,1294000000e+04	  4,44540e-08
5649	  1,1296000000e+04	  4,42966e-08
5650	  1,1298000000e+04	  4,52342e-08
5651	  1,1300000000e+04	  4,73964e-08
5652	  1,1302000000e+04	  4,57821e-08
5653	  1,1304000000e+04	  3,62669e-08
5654	  1,1306000000e+04	  4,22421e-08
5655	  1,1308000000e+04	  4,79430e-08
5656	  1,1310000000e+04	  5,04242e-08
5657	  1,1312000000e+04	  4,44371e-08
5658	  1,1314000000e+04	  4,09482e-08
5659	  1,1316000000e+04	  4,59329e-08
5660	  1,1318000000e+04	  4,46597e-08
5661	  1,1320000000e+04	  4,36073e-08
5662	  1,1322000000e+04	  3,84818e-08
5663	  1,1324000000e+04	  4,60407e-08
5664	  1,1326000000e+04	  4,88996e-08
5665	  1,1328000000e+04	  5,27356e-08
5666	  1,1330000000e+04	  5,71796e-08
5667	  1,1332000000e+04	  5,81352e-08
5668	  1,1334000000e+04	  5,85685e-08
5669	  1,1336000000e+04	  5,23026e-08
5670	  1,1338000000e+04	  5,90650e-08
5671	  1,1340000000e+04	  5,58933e-08
5672	  1,1342000000e+04	  5,03755e-08
5673	  1,1344000000e+04	  5,65225e-08
5674	  1,1346000000e+04	  5,35307e-08
5675	  1,1348000000e+04	  4,55383e-08
5676	  1,1350000000e+04	  4,30492e-08
5677	  1,1352000000e+04	  4,19490e-08
5678	  1,1354000000e+04	  4,96253e-08
5679	  1,1356000000e+04	  5,25795e-08
5680	  1,1358000000e+04	  4,86490e-08
5681	  1,1360000000e+04	  3,75120e-08
5682	  1,1362000000e+04	  4,52953e-08
5683	  1,1364000000e+04	  4,38456e-08
5684	  1,1366000000e+04	  4,68606e-08
5685	  1,1368000000e+04	  4,51168e-08
5686	  1,1370000000e+04	  3,91325e-08
5687	  1,1372000000e+04	  4,11204e-08
5688	  1,1374000000e+04	  4,11411e-08
5689	  1,1376000000e+04	  4,03781e-08
5690	  1,1378000000e+04	  4,54535e-08
5691	  1,1380000000e+04	  4,04305e-08
5692	  1,1382000000e+04	  3,46512e-08
5693	  1,1384000000e+04	  3,76058e-08
5694	  1,1386000000e+04	  3,98762e-08
5695	  1,1388000000e+04	  3,98701e-08
5696	  1,1390000000e+04	  4,08185e-08
5697	  1,1392000000e+04	  3,86123e-08
5698	  1,1394000000e+04	  4,26052e-08
5699	  1,1396000000e+04	  4,07181e-08
5700	  1,1398000000e+04	  3,70235e-08
5701	  1,1400000000e+04	  3,80480e-08
5702	  1,1402000000e+04	  3,76104e-08
5703	  1,1404000000e+04	  3,67661e-08
5704	  1,1406000000e+04	  3,48063e-08
5705	  1,1408000000e+04	  3,83430e-08
5706	  1,1410000000e+04	  4,11172e-08
5707	  1,1412000000e+04	  4,51530e-08
5708	  1,1414000000e+04	  4,28775e-08
5709	  1,1416000000e+04	  4,18787e-08
5710	  1,1418000000e+04	  4,32329e-08
5711	  1,1420000000e+04	  4,46482e-08
5712	  1,1422000000e+04	  4,10621e-08
5713	  1,1424000000e+04	  4,05275e-08
5714	  1,1426000000e+04	  3,84611e-08
5715	  1,1428000000e+04	  3,78464e-08
5716	  1,1430000000e+04	  3,43909e-08
5717	  1,1432000000e+04	  3,29854e-08
5718	  1,1434000000e+04	  3,70873e-08
5719	  1,1436000000e+04	  3,76976e-08
5720	  1,1438000000e+04	  3,89946e-08
5721	  1,1440000000e+04	  4,19823e-08
5722	  1,1442000000e+04	  4,01331e-08
5723	  1,1444000000e+04	  3,93517e-08
5724	  1,1446000000e+04	  4,16842e-08
5725	  1,1448000000e+04	  4,02312e-08
5726	  1,1450000000e+04	  4,00161e-08
5727	  1,1452000000e+04	  3,79323e-08
5728	  1,1454000000e+04	  3,68178e-08
5729	  1,1456000000e+04	  4,11261e-08
5730	  1,1458000000e+04	  4,42261e-08
5731	  1,1460000000e+04	  4,64808e-08
5732	  1,1462000000e+04	  4,71139e-08
5733	  1,1464000000e+04	  4,58639e-08
5734	  1,1466000000e+04	  4,43897e-08
5735	  1,1468000000e+04	  4,49165e-08
5736	  1,1470000000e+04	  4,82089e-08
5737	  1,1472000000e+04	  4,54090e-08
5738	  1,1474000000e+04	  4,29147e-08
5739	  1,1476000000e+04	  3,97473e-08
5740	  1,1478000000e+04	  4,06640e-08
5741	  1,1480000000e+04	  4,47005e-08
5742	  1,1482000000e+04	  4,12520e-08
5743	  1,1484000000e+04	  3,97744e-08
5744	  1,1486000000e+04	  4,63047e-08
5745	  1,1488000000e+04	  4,15894e-08
5746	  1,1490000000e+04	  3,58756e-08
5747	  1,1492000000e+04	  3,73281e-08
5748	  1,1494000000e+04	  3,53167e-08
5749	  1,1496000000e+04	  3,66835e-08
5750	  1,1498000000e+04	  3,67274e-08
5751	  1,1500000000e+04	  2,89189e-08
5752	  1,1502000000e+04	  3,28178e-08
5753	  1,1504000000e+04	  3,46813e-08
5754	  1,1506000000e+04	  3,72023e-08
5755	  1,1508000000e+04	  3,21301e-08
5756	  1,1510000000e+04	  2,75194e-08
5757	  1,1512000000e+04	  3,02099e-08
5758	  1,1514000000e+04	  3,35382e-08
5759	  1,1516000000e+04	  3,68328e-08
5760	  1,1518000000e+04	  3,69053e-08
5761	  1,1520000000e+04	  3,23841e-08
5762	  1,1522000000e+04	  2,94175e-08
5763	  1,1524000000e+04	  3,27306e-08
5764	  1,1526000000e+04	  3,59720e-08
5765	  1,1528000000e+04	  3,46426e-08
5766	  1,1530000000e+04	  3,51266e-08
5767	  1,1532000000e+04	  3,97997e-08
5768	  1,1534000000e+04	  3,54596e-08
5769	  1,1536000000e+04	  3,66333e-08
5770	  1,1538000000e+04	  3,25675e-08
5771	  1,1540000000e+04	  3,78994e-08
5772	  1,1542000000e+04	  3,75380e-08
5773	  1,1544000000e+04	  3,86550e-08
5774	  1,1546000000e+04	  3,48805e-08
5775	  1,1548000000e+04	  3,11049e-08
5776	  1,1550000000e+04	  3,27206e-08
5777	  1,1552000000e+04	  3,48451e-08
5778	  1,1554000000e+04	  3,78809e-08
5779	  1,1556000000e+04	  3,60983e-08
5780	  1,1558000000e+04	  2,95394e-08
5781	  1,1560000000e+04	  3,02330e-08
5782	  1,1562000000e+04	  2,97364e-08
5783	  1,1564000000e+04	  2,94415e-08
5784	  1,1566000000e+04	  3,19645e-08
5785	  1,1568000000e+04	  3,40928e-08
5786	  1,1570000000e+04	  3,74021e-08
5787	  1,1572000000e+04	  4,01830e-08
5788	  1,1574000000e+04	  3,59056e-08
5789	  1,1576000000e+04	  3,00821e-08
5790	  1,1578000000e+04	  3,27361e-08
5791	  1,1580000000e+04	  3,51336e-08
5792	  1,1582000000e+04	  3,51847e-08
5793	  1,1584000000e+04	  3,03793e-08
5794	  1,1586000000e+04	  3,23238e-08
5795	  1,1588000000e+04	  3,80372e-08
5796	  1,1590000000e+04	  3,50015e-08
5797	  1,1592000000e+04	  3,20927e-08
5798	  1,1594000000e+04	  3,61134e-08
5799	  1,1596000000e+04	  3,46800e-08
5800	  1,1598000000e+04	  3,07633e-08
5801	  1,1600000000e+04	  3,87689e-08
5802	  1,1602000000e+04	  4,06485e-08
5803	  1,1604000000e+04	  3,75933e-08
5804	  1,1606000000e+04	  4,32016e-08
5805	  1,1608000000e+04	  3,92078e-08
5806	  1,1610000000e+04	  3,14893e-08
5807	  1,1612000000e+04	  3,49798e-08
5808	  1,1614000000e+04	  4,10758e-08
5809	  1,1616000000e+04	  4,06906e-08
5810	  1,1618000000e+04	  3,85268e-08
5811	  1,1620000000e+04	  4,01239e-08
5812	  1,1622000000e+04	  3,29218e-08
5813	  1,1624000000e+04	  3,40216e-08
5814	  1,1626000000e+04	  3,85500e-08
5815	  1,1628000000e+04	  3,60008e-08
5816	  1,1630000000e+04	  3,75097e-08
5817	  1,1632000000e+04	  3,70911e-08
5818	  1,1634000000e+04	  3,76805e-08
5819	  1,1636000000e+04	  3,57646e-08
5820	  1,1638000000e+04	  3,43057e-08
5821	  1,1640000000e+04	  3,94521e-08
5822	  1,1642000000e+04	  3,89427e-08
5823	  1,1644000000e+04	  3,91221e-08
5824	  1,1646000000e+04	  4,30595e-08
5825	  1,1648000000e+04	  4,04313e-08
5826	  1,1650000000e+04	  3,65511e-08
5827	  1,1652000000e+04	  3,45043e-08
5828	  1,1654000000e+04	  3,15572e-08
5829	  1,1656000000e+04	  3,31372e-08
5830	  1,1658000000e+04	  3,47175e-08
5831	  1,1660000000e+04	  3,09887e-08
5832	  1,1662000000e+04	  3,08787e-08
5833	  1,1664000000e+04	  3,28814e-08
5834	  1,1666000000e+04	  3,47714e-08
5835	  1,1668000000e+04	  3,27128e-08
5836	  1,1670000000e+04	  3,06170e-08
5837	  1,1672000000e+04	  3,20652e-08
5838	  1,1674000000e+04	  3,17592e-08
5839	  1,1676000000e+04	  2,96647e-08
5840	  1,1678000000e+04	  3,06362e-08
5841	  1,1680000000e+04	  2,95030e-08
5842	  1,1682000000e+04	  3,22473e-08
5843	  1,1684000000e+04	  3,40423e-08
5844	  1,1686000000e+04	  3,35610e-08
5845	  1,1688000000e+04	  3,20063e-08
5846	  1,1690000000e+04	  3,31784e-08
5847	  1,1692000000e+04	  3,08002e-08
5848	  1,1694000000e+04	  2,99909e-08
5849	  1,1696000000e+04	  3,28041e-08
5850	  1,1698000000e+04	  3,43213e-08
5851	  1,1700000000e+04	  3,82259e-08
5852	  1,1702000000e+04	  3,91750e-08
5853	  1,1704000000e+04	  3,76499e-08
5854	  1,1706000000e+04	  3,85621e-08
5855	  1,1708000000e+04	  3,59854e-08
5856	  1,1710000000e+04	  3,59022e-08
5857	  1,1712000000e+04	  4,08504e-08
5858	  1,1714000000e+04	  4,84437e-08
5859	  1,1716000000e+04	  4,43538e-08
5860	  1,1718000000e+04	  3,85036e-08
5861	  1,1720000000e+04	  4,17216e-08
5862	  1,1722000000e+04	  3,97082e-08
5863	  1,1724000000e+04	  3,52856e-08
5864	  1,1726000000e+04	  4,15858e-08
5865	  1,1728000000e+04	  4,79333e-08
5866	  1,1730000000e+04	  4,42718e-08
5867	  1,1732000000e+04	  3,92363e-08
5868	  1,1734000000e+04	  3,71120e-08
5869	  1,1736000000e+04	  3,32087e-08
5870	  1,1738000000e+04	  3,12268e-08
5871	  1,1740000000e+04	  3,96809e-08
5872	  1,1742000000e+04	  3,99924e-08
5873	  1,1744000000e+04	  3,85252e-08
5874	  1,1746000000e+04	  3,52117e-08
5875	  1,1748000000e+04	  3,51241e-08
5876	  1,1750000000e+04	  3,29185e-08
5877	  1,1752000000e+04	  3,68361e-08
5878	  1,1754000000e+04	  4,10876e-08
5879	  1,1756000000e+04	  3,55934e-08
5880	  1,1758000000e+04	  2,82339e-08
5881	  1,1760000000e+04	  3,11286e-08
5882	  1,1762000000e+04	  4,11586e-08
5883	  1,1764000000e+04	  4,34525e-08
5884	  1,1766000000e+04	  3,80618e-08
5885	  1,1768000000e+04	  2,88935e-08
5886	  1,1770000000e+04	  3,10710e-08
5887	  1,1772000000e+04	  3,23481e-08
5888	  1,1774000000e+04	  3,36850e-08
5889	  1,1776000000e+04	  3,93206e-08
5890	  1,1778000000e+04	  3,87276e-08
5891	  1,1780000000e+04	  3,17965e-08
5892	  1,1782000000e+04	  2,64921e-08
5893	  1,1784000000e+04	  2,94465e-08
5894	  1,1786000000e+04	  3,13298e-08
5895	  1,1788000000e+04	  3,17490e-08
5896	  1,1790000000e+04	  3,49523e-08
5897	  1,1792000000e+04	  3,27412e-08
5898	  1,1794000000e+04	  3,21573e-08
5899	  1,1796000000e+04	  3,19270e-08
5900	  1,1798000000e+04	  2,77626e-08
5901	  1,1800000000e+04	  2,91004e-08
5902	  1,1802000000e+04	  2,93686e-08
5903	  1,1804000000e+04	  3,04017e-08
5904	  1,1806000000e+04	  3,19421e-08
5905	  1,1808000000e+04	  2,95708e-08
5906	  1,1810000000e+04	  2,94276e-08
5907	  1,1812000000e+04	  3,02644e-08
5908	  1,1814000000e+04	  3,23125e-08
5909	  1,1816000000e+04	  3,41288e-08
5910	  1,1818000000e+04	  3,49645e-08
5911	  1,1820000000e+04	  2,92101e-08
5912	  1,1822000000e+04	  2,52745e-08
5913	  1,1824000000e+04	  2,21470e-08
5914	  1,1826000000e+04	  2,51077e-08
5915	  1,1828000000e+04	  2,60437e-08
5916	  1,1830000000e+04	  2,91522e-08
5917	  1,1832000000e+04	  2,69211e-08
5918	  1,1834000000e+04	  2,32471e-08
5919	  1,1836000000e+04	  2,60216e-08
5920	  1,1838000000e+04	  2,54437e-08
5921	  1,1840000000e+04	  2,29377e-08
5922	  1,1842000000e+04	  2,55008e-08
5923	  1,1844000000e+04	  2,69829e-08
5924	  1,1846000000e+04	  2,38583e-08
5925	  1,1848000000e+04	  2,41712e-08
5926	  1,1850000000e+04	  2,74922e-08
5927	  1,1852000000e+04	  2,73125e-08
5928	  1,1854000000e+04	  2,85311e-08
5929	  1,1856000000e+04	  3,29673e-08
5930	  1,1858000000e+04	  2,94637e-08
5931	  1,1860000000e+04	  2,59766e-08
5932	  1,1862000000e+04	  2,50936e-08
5933	  1,1864000000e+04	  2,53404e-08
5934	  1,1866000000e+04	  2,23287e-08
5935	  1,1868000000e+04	  2,50288e-08
5936	  1,1870000000e+04	  2,49942e-08
5937	  1,1872000000e+04	  2,22094e-08
5938	  1,1874000000e+04	  2,27986e-08
5939	  1,1876000000e+04	  2,20196e-08
5940	  1,1878000000e+04	  2,18892e-08
5941	  1,1880000000e+04	  2,17771e-08
5942	  1,1882000000e+04	  2,35880e-08
5943	  1,1884000000e+04	  2,27215e-08
5944	  1,1886000000e+04	  2,27259e-08
5945	  1,1888000000e+04	  2,34547e-08
5946	  1,1890000000e+04	  2,28981e-08
5947	  1,1892000000e+04	  2,30705e-08
5948	  1,1894000000e+04	  2,29521e-08
5949	  1,1896000000e+04	  2,28006e-08
5950	  1,1898000000e+04	  2,25091e-08
5951	  1,1900000000e+04	  2,15877e-08
5952	  1,1902000000e+04	  2,18855e-08
5953	  1,1904000000e+04	  2,13550e-08
5954	  1,1906000000e+04	  1,98993e-08
5955	  1,1908000000e+04	  1,96767e-08
5956	  1,1910000000e+04	  1,85259e-08
5957	  1,1912000000e+04	  2,08411e-08
5958	  1,1914000000e+04	  2,31835e-08
5959	  1,1916000000e+04	  2,26267e-08
5960	  1,1918000000e+04	  2,22889e-08
5961	  1,1920000000e+04	  2,23037e-08
5962	  1,1922000000e+04	  2,14817e-08
5963	  1,1924000000e+04	  2,03272e-08
5964	  1,1926000000e+04	  1,85477e-08
5965	  1,1928000000e+04	  2,00437e-08
5966	  1,1930000000e+04	  2,07597e-08
5967	  1,1932000000e+04	  2,18575e-08
5968	  1,1934000000e+04	  2,38779e-08
5969	  1,1936000000e+04	  2,10089e-08
5970	  1,1938000000e+04	  2,00678e-08
5971	  1,1940000000e+04	  2,00753e-08
5972	  1,1942000000e+04	  1,74810e-08
5973	  1,1944000000e+04	  1,63905e-08
5974	  1,1946000000e+04	  1,42331e-08
5975	  1,1948000000e+04	  1,35080e-08
5976	  1,1950000000e+04	  1,42194e-08
5977	  1,1952000000e+04	  1,56889e-08
5978	  1,1954000000e+04	  1,69863e-08
5979	  1,1956000000e+04	  1,43529e-08
5980	  1,1958000000e+04	  1,44001e-08
5981	  1,1960000000e+04	  1,59768e-08
5982	  1,1962000000e+04	  1,47136e-08
5983	  1,1964000000e+04	  1,55111e-08
5984	  1,1966000000e+04	  1,51662e-08
5985	  1,1968000000e+04	  1,44406e-08
5986	  1,1970000000e+04	  1,44932e-08
5987	  1,1972000000e+04	  1,43656e-08
5988	  1,1974000000e+04	  1,59639e-08
5989	  1,1976000000e+04	  1,37381e-08
5990	  1,1978000000e+04	  1,34340e-08
5991	  1,1980000000e+04	  1,19112e-08
5992	  1,1982000000e+04	  1,27870e-08
5993	  1,1984000000e+04	  1,32171e-08
5994	  1,1986000000e+04	  1,34644e-08
5995	  1,1988000000e+04	  1,42485e-08
5996	  1,1990000000e+04	  1,35528e-08
5997	  1,1992000000e+04	  1,34621e-08
5998	  1,1994000000e+04	  1,32956e-08
5999	  1,1996000000e+04	  1,49747e-08
6000	  1,1998000000e+04	  1,54228e-08
6001	  1,2000000000e+04	  1,47980e-08
6002	  1,2002000000e+04	  1,57163e-08
6003	  1,2004000000e+04	  1,39652e-08
6004	  1,2006000000e+04	  1,40619e-08
6005	  1,2008000000e+04	  1,30077e-08
6006	  1,2010000000e+04	  1,43396e-08
6007	  1,2012000000e+04	  1,34725e-08
6008	  1,2014000000e+04	  1,41193e-08
6009	  1,2016000000e+04	  1,55371e-08
6010	  1,2018000000e+04	  1,33841e-08
6011	  1,2020000000e+04	  1,22887e-08
6012	  1,2022000000e+04	  1,10662e-08
6013	  1,2024000000e+04	  1,39739e-08
6014	  1,2026000000e+04	  1,53274e-08
6015	  1,2028000000e+04	  1,38078e-08
6016	  1,2030000000e+04	  1,44812e-08
6017	  1,2032000000e+04	  1,24600e-08
6018	  1,2034000000e+04	  1,33484e-08
6019	  1,2036000000e+04	  1,58408e-08
6020	  1,2038000000e+04	  1,71564e-08
6021	  1,2040000000e+04	  1,56002e-08
6022	  1,2042000000e+04	  1,48443e-08
6023	  1,2044000000e+04	  1,56975e-08
6024	  1,2046000000e+04	  1,68593e-08
6025	  1,2048000000e+04	  1,73214e-08
6026	  1,2050000000e+04	  1,53112e-08
6027	  1,2052000000e+04	  1,55536e-08
6028	  1,2054000000e+04	  1,60822e-08
6029	  1,2056000000e+04	  1,70859e-08
6030	  1,2058000000e+04	  1,73318e-08
6031	  1,2060000000e+04	  1,49349e-08
6032	  1,2062000000e+04	  1,40557e-08
6033	  1,2064000000e+04	  1,56406e-08
6034	  1,2066000000e+04	  1,43185e-08
6035	  1,2068000000e+04	  1,45270e-08
6036	  1,2070000000e+04	  1,56017e-08
6037	  1,2072000000e+04	  1,44119e-08
6038	  1,2074000000e+04	  1,47114e-08
6039	  1,2076000000e+04	  1,21979e-08
6040	  1,2078000000e+04	  1,22411e-08
6041	  1,2080000000e+04	  1,41676e-08
6042	  1,2082000000e+04	  1,42671e-08
6043	  1,2084000000e+04	  1,32306e-08
6044	  1,2086000000e+04	  1,41088e-08
6045	  1,2088000000e+04	  1,22178e-08
6046	  1,2090000000e+04	  1,31265e-08
6047	  1,2092000000e+04	  1,35062e-08
6048	  1,2094000000e+04	  1,15082e-08
6049	  1,2096000000e+04	  1,10255e-08
6050	  1,2098000000e+04	  1,11278e-08
6051	  1,2100000000e+04	  1,06755e-08
6052	  1,2102000000e+04	  1,05656e-08
6053	  1,2104000000e+04	  1,05624e-08
6054	  1,2106000000e+04	  1,05085e-08
6055	  1,2108000000e+04	  1,16916e-08
6056	  1,2110000000e+04	  1,04164e-08
6057	  1,2112000000e+04	  9,40221e-09
6058	  1,2114000000e+04	  9,11105e-09
6059	  1,2116000000e+04	  9,43705e-09
6060	  1,2118000000e+04	  9,53179e-09
6061	  1,2120000000e+04	  9,27254e-09
6062	  1,2122000000e+04	  9,63578e-09
6063	  1,2124000000e+04	  1,12298e-08
6064	  1,2126000000e+04	  9,81757e-09
6065	  1,2128000000e+04	  9,39471e-09
6066	  1,2130000000e+04	  1,06263e-08
6067	  1,2132000000e+04	  1,00522e-08
6068	  1,2134000000e+04	  9,09745e-09
6069	  1,2136000000e+04	  9,09858e-09
6070	  1,2138000000e+04	  8,53800e-09
6071	  1,2140000000e+04	  8,23942e-09
6072	  1,2142000000e+04	  8,46833e-09
6073	  1,2144000000e+04	  8,74365e-09
6074	  1,2146000000e+04	  8,18967e-09
6075	  1,2148000000e+04	  7,31991e-09
6076	  1,2150000000e+04	  7,59055e-09
6077	  1,2152000000e+04	  8,33015e-09
6078	  1,2154000000e+04	  8,25241e-09
6079	  1,2156000000e+04	  8,59465e-09
6080	  1,2158000000e+04	  8,27875e-09
6081	  1,2160000000e+04	  7,51164e-09
6082	  1,2162000000e+04	  9,16631e-09
6083	  1,2164000000e+04	  9,49605e-09
6084	  1,2166000000e+04	  1,07613e-08
6085	  1,2168000000e+04	  1,04027e-08
6086	  1,2170000000e+04	  1,02565e-08
6087	  1,2172000000e+04	  8,80504e-09
6088	  1,2174000000e+04	  8,09607e-09
6089	  1,2176000000e+04	  8,62154e-09
6090	  1,2178000000e+04	  1,01451e-08
6091	  1,2180000000e+04	  1,14681e-08
6092	  1,2182000000e+04	  9,02285e-09
6093	  1,2184000000e+04	  8,60557e-09
6094	  1,2186000000e+04	  1,04020e-08
6095	  1,2188000000e+04	  1,10310e-08
6096	  1,2190000000e+04	  9,79105e-09
6097	  1,2192000000e+04	  1,04296e-08
6098	  1,2194000000e+04	  1,07712e-08
6099	  1,2196000000e+04	  1,09396e-08
6100	  1,2198000000e+04	  1,02639e-08
6101	  1,2200000000e+04	  1,01497e-08
6102	  1,2202000000e+04	  1,10219e-08
6103	  1,2204000000e+04	  1,17968e-08
6104	  1,2206000000e+04	  1,02068e-08
6105	  1,2208000000e+04	  9,13230e-09
6106	  1,2210000000e+04	  9,86825e-09
6107	  1,2212000000e+04	  1,17319e-08
6108	  1,2214000000e+04	  1,15021e-08
6109	  1,2216000000e+04	  1,03374e-08
6110	  1,2218000000e+04	  1,08063e-08
6111	  1,2220000000e+04	  1,15586e-08
6112	  1,2222000000e+04	  9,43746e-09
6113	  1,2224000000e+04	  8,56108e-09
6114	  1,2226000000e+04	  9,08111e-09
6115	  1,2228000000e+04	  1,10455e-08
6116	  1,2230000000e+04	  1,07787e-08
6117	  1,2232000000e+04	  1,08864e-08
6118	  1,2234000000e+04	  1,07427e-08
6119	  1,2236000000e+04	  1,03097e-08
6120	  1,2238000000e+04	  1,04274e-08
6121	  1,2240000000e+04	  1,13485e-08
6122	  1,2242000000e+04	  1,23930e-08
6123	  1,2244000000e+04	  1,15848e-08
6124	  1,2246000000e+04	  1,14878e-08
6125	  1,2248000000e+04	  1,16573e-08
6126	  1,2250000000e+04	  1,17319e-08
6127	  1,2252000000e+04	  1,22013e-08
6128	  1,2254000000e+04	  1,30427e-08
6129	  1,2256000000e+04	  1,30553e-08
6130	  1,2258000000e+04	  1,21512e-08
6131	  1,2260000000e+04	  1,24901e-08
6132	  1,2262000000e+04	  1,39620e-08
6133	  1,2264000000e+04	  1,52402e-08
6134	  1,2266000000e+04	  1,82587e-08
6135	  1,2268000000e+04	  1,98936e-08
6136	  1,2270000000e+04	  1,86063e-08
6137	  1,2272000000e+04	  1,93548e-08
6138	  1,2274000000e+04	  2,03964e-08
6139	  1,2276000000e+04	  2,25567e-08
6140	  1,2278000000e+04	  2,36793e-08
6141	  1,2280000000e+04	  2,26847e-08
6142	  1,2282000000e+04	  2,24365e-08
6143	  1,2284000000e+04	  2,55301e-08
6144	  1,2286000000e+04	  2,81836e-08
6145	  1,2288000000e+04	  3,19906e-08
6146	  1,2290000000e+04	  2,84805e-08
6147	  1,2292000000e+04	  2,45304e-08
6148	  1,2294000000e+04	  2,59059e-08
6149	  1,2296000000e+04	  2,55521e-08
6150	  1,2298000000e+04	  2,53521e-08
6151	  1,2300000000e+04	  2,77159e-08
6152	  1,2302000000e+04	  2,76110e-08
6153	  1,2304000000e+04	  2,71909e-08
6154	  1,2306000000e+04	  3,22898e-08
6155	  1,2308000000e+04	  2,72183e-08
6156	  1,2310000000e+04	  2,60965e-08
6157	  1,2312000000e+04	  2,82500e-08
6158	  1,2314000000e+04	  2,91664e-08
6159	  1,2316000000e+04	  3,03969e-08
6160	  1,2318000000e+04	  3,20630e-08
6161	  1,2320000000e+04	  2,92460e-08
6162	  1,2322000000e+04	  3,25646e-08
6163	  1,2324000000e+04	  3,69883e-08
6164	  1,2326000000e+04	  3,57635e-08
6165	  1,2328000000e+04	  3,10432e-08
6166	  1,2330000000e+04	  3,33917e-08
6167	  1,2332000000e+04	  3,34967e-08
6168	  1,2334000000e+04	  3,81296e-08
6169	  1,2336000000e+04	  3,76290e-08
6170	  1,2338000000e+04	  3,80239e-08
6171	  1,2340000000e+04	  3,68319e-08
6172	  1,2342000000e+04	  3,68851e-08
6173	  1,2344000000e+04	  3,53202e-08
6174	  1,2346000000e+04	  3,03243e-08
6175	  1,2348000000e+04	  3,28007e-08
6176	  1,2350000000e+04	  3,74382e-08
6177	  1,2352000000e+04	  3,84714e-08
6178	  1,2354000000e+04	  3,71693e-08
6179	  1,2356000000e+04	  3,88192e-08
6180	  1,2358000000e+04	  4,17915e-08
6181	  1,2360000000e+04	  3,73030e-08
6182	  1,2362000000e+04	  3,48262e-08
6183	  1,2364000000e+04	  3,65058e-08
6184	  1,2366000000e+04	  3,63180e-08
6185	  1,2368000000e+04	  3,74995e-08
6186	  1,2370000000e+04	  3,65523e-08
6187	  1,2372000000e+04	  3,58378e-08
6188	  1,2374000000e+04	  3,63232e-08
6189	  1,2376000000e+04	  3,71176e-08
6190	  1,2378000000e+04	  3,97016e-08
6191	  1,2380000000e+04	  3,34415e-08
6192	  1,2382000000e+04	  3,49932e-08
6193	  1,2384000000e+04	  3,70612e-08
6194	  1,2386000000e+04	  3,63097e-08
6195	  1,2388000000e+04	  3,44855e-08
6196	  1,2390000000e+04	  4,14672e-08
6197	  1,2392000000e+04	  4,21452e-08
6198	  1,2394000000e+04	  3,92037e-08
6199	  1,2396000000e+04	  3,82149e-08
6200	  1,2398000000e+04	  4,30651e-08
6201	  1,2400000000e+04	  4,53696e-08
6202	  1,2402000000e+04	  4,64787e-08
6203	  1,2404000000e+04	  4,62080e-08
6204	  1,2406000000e+04	  4,83814e-08
6205	  1,2408000000e+04	  5,86252e-08
6206	  1,2410000000e+04	  5,73535e-08
6207	  1,2412000000e+04	  5,16370e-08
6208	  1,2414000000e+04	  5,13355e-08
6209	  1,2416000000e+04	  5,11271e-08
6210	  1,2418000000e+04	  5,20659e-08
6211	  1,2420000000e+04	  5,31230e-08
6212	  1,2422000000e+04	  4,84589e-08
6213	  1,2424000000e+04	  5,11636e-08
6214	  1,2426000000e+04	  5,36420e-08
6215	  1,2428000000e+04	  5,21698e-08
6216	  1,2430000000e+04	  5,49306e-08
6217	  1,2432000000e+04	  5,95662e-08
6218	  1,2434000000e+04	  5,25835e-08
6219	  1,2436000000e+04	  5,10918e-08
6220	  1,2438000000e+04	  5,34949e-08
6221	  1,2440000000e+04	  5,67914e-08
6222	  1,2442000000e+04	  5,44617e-08
6223	  1,2444000000e+04	  6,73737e-08
6224	  1,2446000000e+04	  7,28997e-08
6225	  1,2448000000e+04	  6,53105e-08
6226	  1,2450000000e+04	  6,07327e-08
6227	  1,2452000000e+04	  6,19636e-08
6228	  1,2454000000e+04	  6,23880e-08
6229	  1,2456000000e+04	  7,48072e-08
6230	  1,2458000000e+04	  6,61166e-08
6231	  1,2460000000e+04	  6,51576e-08
6232	  1,2462000000e+04	  5,77023e-08
6233	  1,2464000000e+04	  5,54635e-08
6234	  1,2466000000e+04	  5,84622e-08
6235	  1,2468000000e+04	  7,18670e-08
6236	  1,2470000000e+04	  7,12230e-08
6237	  1,2472000000e+04	  6,30351e-08
6238	  1,2474000000e+04	  6,09270e-08
6239	  1,2476000000e+04	  6,02249e-08
6240	  1,2478000000e+04	  6,76584e-08
6241	  1,2480000000e+04	  6,71843e-08
6242	  1,2482000000e+04	  6,85792e-08
6243	  1,2484000000e+04	  6,64179e-08
6244	  1,2486000000e+04	  7,33368e-08
6245	  1,2488000000e+04	  6,51114e-08
6246	  1,2490000000e+04	  5,75640e-08
6247	  1,2492000000e+04	  6,02762e-08
6248	  1,2494000000e+04	  5,92590e-08
6249	  1,2496000000e+04	  6,43487e-08
6250	  1,2498000000e+04	  6,13452e-08
6251	  1,2500000000e+04	  7,00056e-08
6252	  1,2502000000e+04	  7,94027e-08
6253	  1,2504000000e+04	  7,34885e-08
6254	  1,2506000000e+04	  7,09404e-08
6255	  1,2508000000e+04	  6,64386e-08
6256	  1,2510000000e+04	  7,38659e-08
6257	  1,2512000000e+04	  6,91638e-08
6258	  1,2514000000e+04	  6,98425e-08
6259	  1,2516000000e+04	  8,92258e-08
6260	  1,2518000000e+04	  7,45998e-08
6261	  1,2520000000e+04	  7,17217e-08
6262	  1,2522000000e+04	  7,30553e-08
6263	  1,2524000000e+04	  7,15204e-08
6264	  1,2526000000e+04	  7,13104e-08
6265	  1,2528000000e+04	  7,65547e-08
6266	  1,2530000000e+04	  8,76916e-08
6267	  1,2532000000e+04	  8,89856e-08
6268	  1,2534000000e+04	  8,43755e-08
6269	  1,2536000000e+04	  8,05633e-08
6270	  1,2538000000e+04	  7,88414e-08
6271	  1,2540000000e+04	  8,72215e-08
6272	  1,2542000000e+04	  8,32032e-08
6273	  1,2544000000e+04	  9,18316e-08
6274	  1,2546000000e+04	  1,01488e-07
6275	  1,2548000000e+04	  8,39591e-08
6276	  1,2550000000e+04	  7,87961e-08
6277	  1,2552000000e+04	  9,14707e-08
6278	  1,2554000000e+04	  9,93027e-08
6279	  1,2556000000e+04	  9,46754e-08
6280	  1,2558000000e+04	  1,02874e-07
6281	  1,2560000000e+04	  1,04343e-07
6282	  1,2562000000e+04	  1,02995e-07
6283	  1,2564000000e+04	  1,01541e-07
6284	  1,2566000000e+04	  1,08950e-07
6285	  1,2568000000e+04	  1,10148e-07
6286	  1,2570000000e+04	  1,10087e-07
6287	  1,2572000000e+04	  1,20898e-07
6288	  1,2574000000e+04	  1,15443e-07
6289	  1,2576000000e+04	  1,08103e-07
6290	  1,2578000000e+04	  9,55100e-08
6291	  1,2580000000e+04	  1,01414e-07
6292	  1,2582000000e+04	  1,09546e-07
6293	  1,2584000000e+04	  1,08281e-07
6294	  1,2586000000e+04	  1,04471e-07
6295	  1,2588000000e+04	  1,15000e-07
6296	  1,2590000000e+04	  1,15625e-07
6297	  1,2592000000e+04	  1,08527e-07
6298	  1,2594000000e+04	  1,14425e-07
6299	  1,2596000000e+04	  1,16203e-07
6300	  1,2598000000e+04	  1,09433e-07
6301	  1,2600000000e+04	  9,57084e-08
6302	  1,2602000000e+04	  9,44903e-08
6303	  1,2604000000e+04	  1,04710e-07
6304	  1,2606000000e+04	  1,12353e-07
6305	  1,2608000000e+04	  1,07539e-07
6306	  1,2610000000e+04	  1,01421e-07
6307	  1,2612000000e+04	  1,09041e-07
6308	  1,2614000000e+04	  1,11181e-07
6309	  1,2616000000e+04	  1,09432e-07
6310	  1,2618000000e+04	  1,10694e-07
6311	  1,2620000000e+04	  1,04399e-07
6312	  1,2622000000e+04	  1,03170e-07
6313	  1,2624000000e+04	  1,13878e-07
6314	  1,2626000000e+04	  1,06850e-07
6315	  1,2628000000e+04	  1,16255e-07
6316	  1,2630000000e+04	  1,15367e-07
6317	  1,2632000000e+04	  1,11102e-07
6318	  1,2634000000e+04	  1,09871e-07
6319	  1,2636000000e+04	  1,01705e-07
6320	  1,2638000000e+04	  1,04499e-07
6321	  1,2640000000e+04	  1,14492e-07
6322	  1,2642000000e+04	  1,11712e-07
6323	  1,2644000000e+04	  1,10727e-07
6324	  1,2646000000e+04	  1,05764e-07
6325	  1,2648000000e+04	  9,93291e-08
6326	  1,2650000000e+04	  1,06660e-07
6327	  1,2652000000e+04	  1,04528e-07
6328	  1,2654000000e+04	  1,06264e-07
6329	  1,2656000000e+04	  1,04560e-07
6330	  1,2658000000e+04	  9,94268e-08
6331	  1,2660000000e+04	  1,09110e-07
6332	  1,2662000000e+04	  1,05898e-07
6333	  1,2664000000e+04	  1,11143e-07
6334	  1,2666000000e+04	  1,17893e-07
6335	  1,2668000000e+04	  1,01260e-07
6336	  1,2670000000e+04	  1,06963e-07
6337	  1,2672000000e+04	  1,20955e-07
6338	  1,2674000000e+04	  1,24797e-07
6339	  1,2676000000e+04	  1,18392e-07
6340	  1,2678000000e+04	  1,08722e-07
6341	  1,2680000000e+04	  1,13659e-07
6342	  1,2682000000e+04	  1,10077e-07
6343	  1,2684000000e+04	  1,12595e-07
6344	  1,2686000000e+04	  1,08457e-07
6345	  1,2688000000e+04	  1,10827e-07
6346	  1,2690000000e+04	  1,10073e-07
6347	  1,2692000000e+04	  1,07216e-07
6348	  1,2694000000e+04	  1,12743e-07
6349	  1,2696000000e+04	  1,25416e-07
6350	  1,2698000000e+04	  1,37015e-07
6351	  1,2700000000e+04	  1,26122e-07
6352	  1,2702000000e+04	  1,22541e-07
6353	  1,2704000000e+04	  1,13663e-07
6354	  1,2706000000e+04	  1,11409e-07
6355	  1,2708000000e+04	  1,18142e-07
6356	  1,2710000000e+04	  1,25472e-07
6357	  1,2712000000e+04	  1,33718e-07
6358	  1,2714000000e+04	  1,34303e-07
6359	  1,2716000000e+04	  1,20387e-07
6360	  1,2718000000e+04	  1,14647e-07
6361	  1,2720000000e+04	  1,28670e-07
6362	  1,2722000000e+04	  1,05221e-07
6363	  1,2724000000e+04	  1,15738e-07
6364	  1,2726000000e+04	  1,33526e-07
6365	  1,2728000000e+04	  1,29896e-07
6366	  1,2730000000e+04	  1,24986e-07
6367	  1,2732000000e+04	  1,21269e-07
6368	  1,2734000000e+04	  1,20390e-07
6369	  1,2736000000e+04	  1,18703e-07
6370	  1,2738000000e+04	  1,34035e-07
6371	  1,2740000000e+04	  1,31356e-07
6372	  1,2742000000e+04	  1,24174e-07
6373	  1,2744000000e+04	  1,20077e-07
6374	  1,2746000000e+04	  1,25670e-07
6375	  1,2748000000e+04	  1,11203e-07
6376	  1,2750000000e+04	  1,22311e-07
6377	  1,2752000000e+04	  1,26139e-07
6378	  1,2754000000e+04	  1,16528e-07
6379	  1,2756000000e+04	  1,09935e-07
6380	  1,2758000000e+04	  1,10081e-07
6381	  1,2760000000e+04	  1,26416e-07
6382	  1,2762000000e+04	  1,26106e-07
6383	  1,2764000000e+04	  1,12900e-07
6384	  1,2766000000e+04	  1,07061e-07
6385	  1,2768000000e+04	  1,03894e-07
6386	  1,2770000000e+04	  9,73225e-08
6387	  1,2772000000e+04	  1,00760e-07
6388	  1,2774000000e+04	  1,10916e-07
6389	  1,2776000000e+04	  1,17320e-07
6390	  1,2778000000e+04	  1,17052e-07
6391	  1,2780000000e+04	  9,63352e-08
6392	  1,2782000000e+04	  9,92723e-08
6393	  1,2784000000e+04	  9,87016e-08
6394	  1,2786000000e+04	  9,71483e-08
6395	  1,2788000000e+04	  1,07072e-07
6396	  1,2790000000e+04	  1,04889e-07
6397	  1,2792000000e+04	  1,10878e-07
6398	  1,2794000000e+04	  1,08513e-07
6399	  1,2796000000e+04	  1,15713e-07
6400	  1,2798000000e+04	  1,10142e-07
6401	  1,2800000000e+04	  1,07666e-07
TagsBegin:	 	 
OverLoad:	 	False
AverageNumber: []	 	  2,00000e+02
OverLoadRatio: []	 	  1,19209e-07
TagsEnd:	 	 
TagScalesBegin:	 	 
TagScalesEnd:	 	 
